timestamp,rtt
1787195938.0072942,25.84410800045589
1787195938.0074904,22.373546999006066
1787195938.0076435,28.051092001987854
1787195938.0080168,17.39018299849704
1787195938.0438879,5.133988001034595
1787195938.0681033,4.495121000218205
1787195938.0683365,45.18170099981944
1787195938.0718858,44.335798997053644
1787195938.09523,3.954340998461703
1787195938.1178617,4.604238001775229
1787195938.1349936,5.461478998768143
1787195938.1799338,49.098874998890096
1787195938.1971924,3.6306980000517797
1787195938.2335947,3.6546150004141964
1787195938.3086793,3.6738349990628194
1787195938.3108375,3.609304996643914
1787195938.3579304,3.0822350017842837
1787195938.3746727,2.817999997205334
1787195938.4280713,45.653684999706456
1787195938.5045283,3.157608996843919
1787195938.6181364,3.3921990034286864
1787195938.735565,3.480388997559203
1787195938.861329,2.8599390025192406
1787195938.8648884,2.842160000000149
1787195938.9109006,2.7075079997302964
1787195938.9178314,3.8361900005838834
1787195938.943942,45.56354400119744
1787195938.9478595,45.609812001202954
1787195938.9824507,4.450241001904942
1787195938.983884,47.03254000196466
1787195939.0226026,3.3036590029951185
1787195939.0677724,3.378985002200352
1787195939.1142123,3.5005360005015973
1787195939.173271,3.1891220023680944
1787195939.1878686,45.60288300126558
1787195939.2117014,4.130135999730555
1787195939.2238507,48.592363000352634
1787195939.2559683,43.96974900009809
1787195939.2725952,5.05247300316114
1787195939.2958255,47.040307999850484
1787195939.3255017,4.117466000025161
1787195939.3516827,2.9705989982176106
1787195939.3803732,4.11357700068038
1787195939.3809524,3.7739969993708655
1787195939.3877616,47.030789999553235
1787195939.389491,4.103568000573432
1787195939.4079168,44.69236300064949
1787195939.4238615,5.380042999604484
1787195939.4473298,3.317646998766577
1787195939.5745456,2.7387980007915758
1787195939.5964026,3.1580360009684227
1787195939.6312199,3.1537079994450323
1787195939.6324556,2.8088590006518643
1787195939.6366,3.4986640021088533
1787195939.7004073,3.9828349981689826
1787195939.723027,4.491576997679658
1787195939.7247937,3.791212999203708
1787195939.7746534,3.472438002063427
1787195939.8002331,4.9955610011238605
1787195939.8006344,47.434402997168945
1787195939.806514,5.516891000297619
1787195939.87227,46.95009699935326
1787195939.8997712,3.313438999612117
1787195939.9359221,45.5743109996547
1787195939.9919703,50.075912000465905
1787195940.0086577,3.4961919991474133
1787195940.016537,6.015083999955095
1787195940.040524,2.8096060013922397
1787195940.071824,46.23671999797807
1787195940.0878763,3.0194809987733606
1787195940.088038,46.595046998845646
1787195940.0881505,43.80965599921183
1787195940.115844,43.75729299863451
1787195940.1196437,3.528380999341607
1787195940.1327555,3.5510550005710684
1787195940.1609886,4.627791000530124
1787195940.1718597,49.16072199921473
1787195940.1958475,45.77428600168787
1787195940.2115805,3.6094600000069477
1787195940.2416337,3.3382080000592396
1787195940.2551203,3.4677730000112206
1787195940.2694576,2.865655998903094
1787195940.272362,2.715575999900466
1787195940.291814,45.444524999766145
1787195940.3154917,3.628088998084422
1787195940.3156915,43.12859799756552
1787195940.3326557,4.510560000198893
1787195940.3519387,49.122754997370066
1787195940.42738,4.061286999785807
1787195940.4277446,43.41483900134335
1787195940.464655,3.2225319991994184
1787195940.5260303,4.936807999911252
1787195940.5308661,4.391226000734605
1787195940.5465984,5.623390003165696
1787195940.5760398,3.394965999177657
1787195940.5877917,45.39459700026782
1787195940.5898306,4.4080279985792
1787195940.5907235,4.519549001997802
1787195940.5998662,46.845148001011694
1787195940.6597712,44.99055400083307
1787195940.685714,4.402194997965125
1787195940.7239692,44.88948800280923
1787195940.7359846,3.33960599891725
1787195940.7483768,2.9559499998867977
1787195940.7878015,47.096050999243744
1787195940.793727,3.778201000386616
1787195940.7948835,4.138413001783192
1787195940.8637393,4.266681000444805
1787195940.8653166,4.093157000170322
1787195940.9148076,2.815970001392998
1787195940.9366238,3.7973340004100464
1787195940.943816,46.39369000142324
1787195940.9886718,3.6066430002392735
1787195941.0159192,46.88675299985334
1787195941.031845,3.313676003017463
1787195941.0508015,3.6247959978936706
1787195941.0620198,3.5016299989365507
1787195941.075887,48.1187969999155
1787195941.087523,2.889561001211405
1787195941.129429,2.8261289990041405
1787195941.156384,4.170162999798777
1787195941.1583843,4.058149999764282
1787195941.1639519,50.1513849994808
1787195941.2119675,47.02152599929832
1787195941.2197578,45.44010400059051
1787195941.2217329,3.202635998604819
1787195941.2698727,3.5804860017378815
1787195941.2773514,3.5941409987572115
1787195941.310045,3.8510539998242166
1787195941.3261623,2.9686220004805364
1787195941.3359356,46.309708999615395
1787195941.351878,46.34034400078235
1787195941.387757,43.72697700091521
1787195941.3879597,47.859992999292444
1787195941.3897285,3.5588059981819242
1787195941.4276972,49.10194900003262
1787195941.4640007,44.50903999895672
1787195941.4679706,49.92503099856549
1787195941.4694083,3.6937380027666222
1787195941.5345016,2.7668270013236906
1787195941.5414703,2.5552170009177644
1787195941.5519822,46.638350999273825
1787195941.5958266,44.806134999817004
1787195941.6106217,2.8687529993476346
1787195941.6628056,2.7768639993155375
1787195941.6760623,45.453570997779025
1787195941.7160325,45.34891500225058
1787195941.7856545,3.1538420007564127
1787195941.7877755,47.38561399790342
1787195941.8046682,2.9568429999926593
1787195941.852116,45.08750600143685
1787195941.8529186,5.396474000008311
1787195941.8611813,5.1035440010309685
1787195941.8682806,44.35592200024985
1787195941.9128056,3.0251510033849627
1787195941.9225032,3.025833000720013
1787195941.9647708,3.652528001111932
1787195941.9677932,45.08190900014597
1787195941.9958582,2.7733800015994348
1787195942.0398433,50.349680001090746
1787195942.0674767,5.409992998465896
1787195942.088383,44.85909799768706
1787195942.1927972,4.852740999922389
1787195942.227585,5.914793000556529
1787195942.262101,5.893240999284899
1787195942.2686517,49.410191997594666
1787195942.3256667,3.743665998626966
1787195942.3262641,3.31692299732822
1787195942.332043,3.179797000484541
1787195942.3670697,3.6960259967599995
1787195942.4018905,6.190259999129921
1787195942.420398,3.286940001999028
1787195942.427869,3.0009430010977667
1787195942.44162,2.7631409975583665
1787195942.4520817,49.02989499896648
1787195942.4763818,5.4564809979638085
1787195942.5131786,3.5235600007581525
1787195942.5237699,46.01253500004532
1787195942.5314915,3.263426999183139
1787195942.5909357,4.874627000390319
1787195942.6242304,3.948378998757107
1787195942.6559157,44.33670900107245
1787195942.6870236,4.038332001073286
1787195942.6919296,44.9640829974669
1787195942.6939888,3.9297250004892703
1787195942.7429833,3.459709001617739
1787195942.7499986,3.2175239975913428
1787195942.7785354,3.6930120004399214
1787195942.8042371,45.350574000622146
1787195942.8481112,3.092318002018146
1787195942.8608437,2.718349001952447
1787195942.8719044,46.82162500103004
1787195942.9240382,47.529265997582115
1787195943.0226967,6.56541699936497
1787195943.0484107,5.1591039991762955
1787195943.0590777,3.3723000015015714
1787195943.0837595,3.933886000595521
1787195943.1163764,4.526892000285443
1787195943.149223,4.034443998534698
1787195943.1637878,45.168381999246776
1787195943.1754456,2.7954659999522846
1787195943.2123344,4.852164998737862
1787195943.2242665,44.26129400235368
1787195943.235784,4.027647999464534
1787195943.3045077,5.735720998927718
1787195943.3501573,3.3200280013261363
1787195943.3557413,50.78341099942918
1787195943.3606775,3.198514001269359
1787195943.3779628,3.4056260010402184
1787195943.4044666,48.020513997471426
1787195943.472432,3.876733000652166
1787195943.4794734,3.272655998443952
1787195943.4838047,51.18052200123202
1787195943.5204277,3.1395580008393154
1787195943.5320835,46.313868999277474
1787195943.5398076,47.31765799806453
1787195943.6373665,6.509595001261914
1787195943.6822538,5.0088290008716285
1787195943.693747,5.134707000252092
1787195943.7107055,4.811484999663662
1787195943.7117748,4.069962000357918
1787195943.7220516,3.3099939973908477
1787195943.7401943,45.48090399839566
1787195943.8096275,2.9287030010891613
1787195943.9614005,8.645953999803169
1787195943.9620953,6.849215998954605
1787195943.977182,3.9256739983102307
1787195943.9810297,3.6487319994193967
1787195944.0163143,4.922170999634545
1787195944.0173645,4.635786997823743
1787195944.0432417,3.2151279992831405
1787195944.0714462,3.501920000417158
1787195944.0837317,50.43163300069864
1787195944.1128101,3.034613997442648
1787195944.1141763,2.7463549995445646
1787195944.1458359,5.221194001933327
1787195944.1734316,6.81884399818955
1787195944.1936755,3.9361989984172396
1787195944.217327,3.4630150003067683
1787195944.2391233,5.621594002150232
1787195944.252287,51.79585600126302
1787195944.260362,45.53851300079259
1787195944.2678847,6.307984000159195
1787195944.2801518,45.115968998288736
1787195944.3064084,3.1000859999039676
1787195944.309505,3.645857999799773
1787195944.392094,4.038324001157889
1787195944.4317281,5.963694999081781
1787195944.4461336,4.378481000458123
1787195944.475227,5.244505999144167
1787195944.4797385,4.158615000051213
1787195944.4838927,50.0742549993447
1787195944.4978714,3.176022000843659
1787195944.551887,6.076516001485288
1787195944.5575004,4.804396001418354
1787195944.7104566,5.615082998701837
1787195944.7230976,5.823003000841709
1787195944.7302608,5.15313300275011
1787195944.7843554,5.548884000745602
1787195944.815834,50.960781998583116
1787195944.8600261,4.579025000566617
1787195944.8649805,3.294266000011703
1787195944.8841786,46.25209699952393
1787195944.9238024,48.04657700151438
1787195944.9403625,3.399848999833921
1787195944.9678853,44.06035200008773
1787195944.9786282,3.7239299999782816
1787195945.0358338,45.13843400127371
1787195945.0585306,3.443956000410253
1787195945.059543,3.474470002402086
1787195945.0600986,3.1376070000987966
1787195945.1093416,3.1702480009698775
1787195945.1317112,44.30661800142843
1787195945.3139353,6.209662999026477
1787195945.3172343,6.064011999114882
1787195945.4578254,6.307789997663349
1787195945.4848387,5.20605099882232
1787195945.4960396,4.375390999484807
1787195945.5241296,49.65362300208653
1787195945.5381777,4.495211000175914
1787195945.5570867,3.6803490002057515
1787195945.5929186,3.6496510001597926
1787195945.5986443,3.14959900060785
1787195945.708087,7.42806699781795
1787195945.7274508,4.374498999823118
1787195945.7734978,4.244317999109626
1787195945.8558073,3.2491089987161104
1787195945.8997943,6.250318001548294
1787195945.9045172,4.696846001024824
1787195945.9834893,3.0237450009735767
1787195946.047448,6.336407997878268
1787195946.0703607,3.6993479989178013
1787195946.1349087,4.256013002304826
1787195946.1637316,3.92546900184243
1787195946.2258139,3.534944000421092
1787195946.2400758,44.47309300303459
1787195946.2529287,3.702934001921676
1787195946.279769,46.205967002606485
1787195946.2917376,46.0197309985233
1787195946.3148134,5.809813999803737
1787195946.350702,5.593009998847265
1787195946.3694954,4.181559001153801
1787195946.3797462,46.20481399979326
1787195946.458456,6.218294998689089
1787195946.507102,3.114868999546161
1787195946.5094578,3.6339469988888595
1787195946.5362473,47.05211200052872
1787195946.555495,5.029631000070367
1787195946.592032,3.2185300005949102
1787195946.5997903,46.38819300089381
1787195946.6241708,44.45477400076925
1787195946.6429293,4.833408002014039
1787195946.6584172,3.6196960027155
1787195946.6957273,45.886051000707084
1787195946.7838,4.115872001420939
1787195946.8212752,6.451493998611113
1787195946.8709967,3.713625999807846
1787195946.9339538,5.068905997177353
1787195946.9809756,4.365216998849064
1787195946.9841874,4.793789001269033
1787195947.0010533,3.0836619989713654
1787195947.110911,3.830554000160191
1787195947.1243317,3.449076997640077
1787195947.1389096,2.71979600074701
1787195947.1532695,2.9028529970673844
1787195947.2055948,3.8284030015347525
1787195947.219751,51.40819699954591
1787195947.2822115,6.002326001180336
1787195947.328767,3.120888999546878
1787195947.3517988,5.634644003293943
1787195947.3802814,5.815761000121711
1787195947.4110193,4.144023998378543
1787195947.4162676,5.228140998951858
1787195947.4644117,3.5894930006179493
1787195947.4840798,49.82926700176904
1787195947.5155802,6.288866999966558
1787195947.5238998,49.87480800264166
1787195947.5317435,45.63072999735596
1787195947.616599,4.41860099817859
1787195947.6305656,4.813976000150433
1787195947.705711,3.350434999447316
1787195947.7081263,3.710041997692315
1787195947.7191515,4.1722399982973
1787195947.7598853,47.39660199993523
1787195947.784483,5.517376997886458
1787195947.7923808,3.3764529980544467
1787195947.8613052,3.2238639978459105
1787195947.8628094,2.7532980020623654
1787195947.8636668,44.96904500047094
1787195947.8968089,5.638395999994827
1787195947.9159598,4.2440960023668595
1787195947.9344215,2.819659999659052
1787195948.007683,4.198485003144015
1787195948.0871737,7.1005940008035395
1787195948.0895333,7.72533800045494
1787195948.0906467,5.994634000671795
1787195948.1399634,45.39882300014142
1787195948.1552155,5.739509000704857
1787195948.1615858,52.47428199800197
1787195948.1798553,5.857028998434544
1787195948.2120035,52.1446279999509
1787195948.2288048,51.501517998985946
1787195948.2479823,51.405615002295235
1787195948.2487812,5.778845999884652
1787195948.2990956,2.88376599928597
1787195948.3879263,5.9705050007323734
1787195948.4425669,6.007397998473607
1787195948.4482312,46.853645999362925
1787195948.4584875,4.262531001586467
1787195948.4727728,3.2832739998411853
1787195948.5004303,47.35244299808983
1787195948.5758371,2.9988460009917617
1787195948.6182668,4.871758999797748
1787195948.6257205,4.9289130001852755
1787195948.6263354,3.9822880025894847
1787195948.6877694,50.29698799990001
1787195948.7254076,6.468245999712963
1787195948.7482915,5.832337999891024
1787195948.7759593,47.983535998355364
1787195948.8033073,4.651294999348465
1787195948.8585238,6.349997998768231
1787195948.859947,46.3533770016511
1787195948.8797753,46.146087002853164
1787195948.9105258,4.609455998433987
1787195948.9242215,43.58778099776828
1787195948.9438589,6.297608997556381
1787195948.9615133,5.823620002047392
1787195948.9877186,46.125108001433546
1787195949.0159335,3.5518549993867055
1787195949.0160973,43.72105899892631
1787195949.0788221,3.0366860009962693
1787195949.0820172,2.948244000435807
1787195949.2182925,4.553956001473125
1787195949.2310786,2.9079070009174757
1787195949.2415304,3.3646720003162045
1787195949.2650156,5.043974000727758
1787195949.2800899,4.142988997045904
1787195949.2878313,44.54736100160517
1787195949.3061786,3.1116850004764274
1787195949.3189313,2.7078540006186813
1787195949.3244803,2.7957810016232543
1787195949.3442938,46.340326000063214
1787195949.360023,45.11196300154552
1787195949.3889556,3.5322840012668166
1787195949.3954542,3.1803100027900655
1787195949.395671,47.7818120016309
1787195949.4000204,45.72282300068764
1787195949.4323182,2.960359001008328
1787195949.4396784,42.780882999068126
1787195949.4779034,4.562476999126375
1787195949.4919207,45.666252000955865
1787195949.4997702,3.029231000255095
1787195949.4999883,46.9514030010032
1787195949.5184884,2.8636540009756573
1787195949.566591,6.435978000808973
1787195949.5928347,3.9852020017860923
1787195949.5971112,3.6669290020654444
1787195949.6973727,4.461464999621967
1787195949.7072988,4.473122000490548
1787195949.7442088,43.991717997414526
1787195949.7899778,3.389850000530714
1787195949.8016474,4.02165799823706
1787195949.9063613,4.883288998826174
1787195949.942073,4.965632000676123
1787195949.9642005,47.32289199819206
1787195950.0078032,47.796625996852526
1787195950.0103772,4.389364999951795
1787195950.0323286,3.378525001608068
1787195950.0626385,3.664389001642121
1787195950.0762784,44.99966300136293
1787195950.1099641,5.037825998442713
1787195950.1518927,48.28711600202951
1787195950.168378,4.957124998327345
1787195950.1725662,3.6363219987833872
1787195950.20863,3.4796380023180973
1787195950.2201066,45.81497099934495
1787195950.243836,43.057923001470044
1787195950.2960184,5.197774000407662
1787195950.3009717,2.802964001602959
1787195950.3241186,3.8559399981750175
1787195950.4334333,2.948614001070382
1787195950.4989922,5.536434997338802
1787195950.5039964,45.92339300143067
1787195950.5207024,5.873911002709065
1787195950.5762532,47.01126299914904
1787195950.5837595,3.9187709990073927
1787195950.6357827,47.12261600070633
1787195950.6619635,3.1040520007081795
1787195950.6849022,5.132845002663089
1787195950.6858265,4.643306001526071
1787195950.7290723,4.939390997606097
1787195950.7463944,3.9850860011938494
1787195950.7945676,5.527924000489293
1787195950.7966785,5.806457000289811
1787195950.7981043,3.1474050010729115
1787195950.8139842,3.2837260005180724
1787195950.8437207,43.697100001736544
1787195950.8757296,51.19073999958346
1787195950.8844926,2.9608750010083895
1787195950.9017167,3.4337340002821293
1787195950.9078062,2.7151270005560946
1787195950.9116743,44.40748799970606
1787195950.967913,3.0042640028113965
1787195951.0016823,3.909688999556238
1787195951.0765834,3.693562997796107
1787195951.1117764,3.5622229988803156
1787195951.125743,3.1192210008157417
1787195951.31366,3.365649001352722
1787195951.3401124,6.636674999754177
1787195951.342603,6.726750001689652
1787195951.3765965,2.961550999316387
1787195951.388945,3.322742999444017
1787195951.396184,47.22473999936483
1787195951.4921162,2.815361000102712
1787195951.4993122,2.6087770020239986
1787195951.506414,2.6767320014187135
1787195951.5490313,5.869463002454722
1787195951.5872843,2.8634569971472956
1787195951.5905502,2.4243970001407433
1787195951.5964346,2.4124629999278113
1787195951.6290674,6.3921080000000075
1787195951.6692233,5.622042001050431
1787195951.7067294,3.0096480004431214
1787195951.708246,49.11388799882843
1787195951.7281735,46.21756000051391
1787195951.784244,3.4414700021443423
1787195951.814104,3.8577580016863067
1787195951.8332427,3.8655019998259377
1787195951.8357587,4.316735998145305
1787195951.915856,4.007481998996809
1787195951.9162655,3.0185680006979965
1787195951.9861555,3.925012999388855
1787195951.9954865,3.7630639999406412
1787195951.9957,46.52432500006398
1787195952.037547,4.062330997840036
1787195952.0790458,6.147732001409167
1787195952.1060054,3.1329990015365183
1787195952.1202085,2.876141999877291
1787195952.1311283,3.197265999915544
1787195952.170865,4.163139998127008
1787195952.1898937,4.882903001998784
1787195952.1992097,4.116221000003861
1787195952.2637773,4.589696000039112
1787195952.267953,45.74826400130405
1787195952.280567,4.14206700224895
1787195952.3179545,3.1014259984658565
1787195952.3400593,47.977681999327615
1787195952.3651083,6.406394997611642
1787195952.3916862,5.982968999887817
1787195952.4210129,4.619258997990983
1787195952.4323232,3.1169870017038193
1787195952.4436255,2.667790002305992
1787195952.455968,45.61087299953215
1787195952.463323,3.6184989985486027
1787195952.4750507,3.716431001521414
1787195952.491901,44.44823400262976
1787195952.5059438,3.5486999986460432
1787195952.5316896,50.324471998465015
1787195952.5336468,3.007456001796527
1787195952.5413556,2.9084390007483307
1787195952.5597968,46.8636690020503
1787195952.604264,6.2425639989669435
1787195952.6243706,3.494098000373924
1787195952.6772733,4.640331000700826
1787195952.7441618,2.663745002791984
1787195952.7995906,5.869342003279598
1787195952.839965,2.7353430014045443
1787195952.869525,5.419311997684417
1787195952.8835928,3.9986119991226587
1787195952.9245038,4.798836998816114
1787195953.0238209,5.37601399992127
1787195953.067324,6.155579001642764
1787195953.0722892,47.591708000254584
1787195953.0940447,5.692693001037696
1787195953.160821,3.4099059994332492
1787195953.2125976,3.4079430006386247
1787195953.2157547,44.88836999735213
1787195953.2194657,3.20298500082572
1787195953.2336473,4.023687997687375
1787195953.2652082,2.6858059973164927
1787195953.4142559,6.742089000908891
1787195953.4167852,4.898349001450697
1787195953.4386897,3.6746270016010385
1787195953.4573636,3.694406997965416
1787195953.4855235,3.8983260019449517
1787195953.4919353,46.222698998462874
1787195953.5436285,6.593948000954697
1787195953.5619838,3.6013799981446937
1787195953.5831575,2.4871179994079284
1787195953.624592,46.94601599840098
1787195953.655437,6.19142799769179
1787195953.735499,3.575963000912452
1787195953.7439685,4.525322998233605
1787195953.7646892,3.1751349997648504
1787195953.7661374,3.4753200015984476
1787195953.8005638,46.4608699985547
1787195953.8396144,5.7371800030523445
1787195953.872429,49.30486900047981
1787195953.8750088,3.9057260000845417
1787195954.0231254,5.59651000003214
1787195954.0660508,6.725485000060871
1787195954.0772984,5.1658519987540785
1787195954.0779202,4.354030999820679
1787195954.090091,3.098658002272714
1787195954.1206298,45.01778599660611
1787195954.1653361,6.370672999764793
1787195954.2175903,3.970961999584688
1787195954.24263,2.667143999133259
1787195954.261997,3.342915999382967
1787195954.3061779,2.970441997604212
1787195954.3196185,3.752846001589205
1787195954.3230393,3.1411589989147615
1787195954.3307183,2.7971519994025584
1787195954.4060633,2.9675500009034295
1787195954.4232233,3.418677999434294
1787195954.4472413,4.251706999639282
1787195954.47797,5.636042002151953
1787195954.5154345,2.9614790000778157
1787195954.543445,6.0366229990904685
1787195954.552089,4.021363998617744
1787195954.5918517,47.82764599804068
1787195954.6129134,2.925214997958392
1787195954.643762,45.1241669979936
1787195954.688274,47.87010500149336
1787195954.695476,4.915388999506831
1787195954.7833157,5.999938999593724
1787195954.8775928,4.78633899911074
1787195954.8908741,5.1950560009572655
1787195954.9043734,3.1505689985351637
1787195954.9379497,49.00508200080367
1787195954.941542,5.174628000531811
1787195954.9605947,46.69054099940695
1787195954.9607959,45.97631699652993
1787195955.0036502,4.217433997837361
1787195955.027805,3.0420889997913036
1787195955.0279646,45.780052001646254
1787195955.0397315,46.13375400003861
1787195955.051728,45.200210999610135
1787195955.0664067,3.0955450019973796
1787195955.125237,3.148681000311626
1787195955.1875563,4.405120998853818
1787195955.2100263,4.91442500060657
1787195955.307828,5.730255001253681
1787195955.330559,3.3007679994625505
1787195955.3710732,4.708317999757128
1787195955.381151,2.8805700021621305
1787195955.4291525,5.216294997808291
1787195955.429702,4.310925996833248
1787195955.4918036,5.941997998888837
1787195955.5360444,3.964095998526318
1787195955.600333,6.42306499867118
1787195955.6611402,4.763877997902455
1787195955.6898987,5.717226998967817
1787195955.7399044,45.24607399798697
1787195955.743682,47.73993699927814
1787195955.7965786,43.80541199861909
1787195955.8485744,3.3878649992402643
1787195955.8825016,5.084035998152103
1787195955.8884726,3.4586309993756004
1787195955.9404905,45.37740100204246
1787195955.9522574,3.5225259998696856
1787195955.9906743,5.366859000787372
1787195955.998845,4.319288000260713
1787195956.0681143,4.292540001188172
1787195956.131662,3.1276900008379016
1787195956.1452239,3.6787419994652737
1787195956.2069304,6.1352679986157455
1787195956.218254,3.9433720012311824
1787195956.2241147,45.69522600286291
1787195956.2598188,47.10159500245936
1787195956.2825928,4.24838999970234
1787195956.2997766,50.504708000516985
1787195956.3203468,46.22517400275683
1787195956.37973,46.96237099778955
1787195956.4111743,3.4731230007309932
1787195956.4568927,4.530022000835743
1787195956.4919777,47.76667800251744
1787195956.5119233,3.6991109991504345
1787195956.5644853,6.81932599763968
1787195956.5669143,7.606131999637
1787195956.5759044,46.083373003057204
1787195956.7093108,4.6484329977829475
1787195956.7109008,3.464435998466797
1787195956.7180321,3.3782530008465983
1787195956.7765722,4.905216999759432
1787195956.7781522,3.7174809986026958
1787195956.7839947,51.6726669993659
1787195956.7877698,45.552628002042184
1787195956.8193276,4.163656998571241
1787195956.8378458,7.000003999564797
1787195956.8562906,4.015501999674598
1787195956.880116,4.412001999298809
1787195956.893759,3.7550489978457335
1787195956.8960416,45.11349799940945
1787195956.9100084,2.9784269972878974
1787195956.968204,46.88512500069919
1787195956.986231,3.2398680014011916
1787195956.9917727,51.54037299871561
1787195957.022312,3.228028999728849
1787195957.0652974,5.8686219999799505
1787195957.1779523,5.942150000919355
1787195957.2207887,8.21727699803887
1787195957.2213063,5.8045629994012415
1787195957.221772,4.0295069993590005
1787195957.2230787,5.638325001200428
1787195957.2627566,4.807421999430517
1787195957.2766438,47.91093999665463
1787195957.3125732,3.033500001038192
1787195957.3643746,5.32539999767323
1787195957.3804033,46.135175001836615
1787195957.4111457,2.9640379980264697
1787195957.432081,46.469384997180896
1787195957.4774241,6.43281299926457
1787195957.5384862,4.001518002041848
1787195957.5522065,46.64592200060724
1787195957.6039705,45.28995199871133
1787195957.614775,3.208293997886358
1787195957.6552215,5.533086001378251
1787195957.6784723,5.6228050016216
1787195957.686192,5.531929000426317
1787195957.742149,3.039357001398457
1787195957.7885253,46.10699299882981
1787195957.8627086,3.995860999566503
1787195957.868257,46.199812000850216
1787195957.9023535,8.336135000718059
1787195957.9222534,3.9866000006441027
1787195957.9603906,2.9756429976259824
1787195957.9638693,2.5181199998769443
1787195957.9736671,3.3427109992771875
1787195958.0570211,4.072640000231331
1787195958.112085,5.050842999480665
1787195958.1428874,5.562940998061094
1787195958.1529756,5.366265999327879
1787195958.1749,4.404108000017004
1787195958.2187681,5.726539002353093
1787195958.3859346,5.407235999882687
1787195958.4289217,4.696414998761611
1787195958.471036,3.7484809981833678
1787195958.4800935,45.60470500291558
1787195958.4849215,3.8555979990633205
1787195958.5712254,3.628164002293488
1787195958.6272655,3.4082599995599594
1787195958.6335833,3.2001389990909956
1787195958.647869,43.67221999928006
1787195958.7878323,3.820115001872182
1787195958.800754,3.0759639994357713
1787195958.828201,3.8539160013897344
1787195958.8341,2.712298999540508
1787195958.8518763,45.071581000229344
1787195958.9707804,3.729359999852022
1787195959.0267403,5.2537439987645485
1787195959.0352497,4.522037001152057
1787195959.079728,43.73919100180501
1787195959.0824957,4.042418997414643
1787195959.0856643,5.471303000376793
1787195959.0883026,4.4865279996884055
1787195959.136801,3.2332340015273076
1787195959.1409714,2.916816996730631
1787195959.1439373,45.5673830001615
1787195959.159742,46.20826300015324
1787195959.177578,3.723384001204977
1787195959.1959062,43.41575700163958
1787195959.2438009,46.28145199967548
1787195959.266117,3.9028310020512436
1787195959.2668567,3.632862000813475
1787195959.31614,5.533468000066932
1787195959.324045,50.75209699862171
1787195959.3242486,49.703125998348696
1787195959.3566196,3.5367579985177144
1787195959.4117842,4.5222599983389955
1787195959.4525495,3.6204050011292566
1787195959.5196278,4.066667002916802
1787195959.5197744,46.66434699902311
1787195959.5405788,3.5554710011638235
1787195959.6144688,4.683017999923322
1787195959.6166508,4.369819998828461
1787195959.6490319,2.969742999994196
1787195959.6557758,2.973749000375392
1787195959.671871,44.694917000015266
1787195959.689305,3.7698350024584215
1787195959.750474,3.081235001445748
1787195959.7677321,46.5990150005382
1787195959.7698166,3.5725420020753518
1787195959.8198557,46.9907670012617
1787195959.8344624,3.494103999400977
1787195959.868122,3.6594669982150663
1787195959.8999078,49.753018996852916
1787195959.9130092,3.4927130000141915
1787195959.9317927,49.12135300037335
1787195959.9591026,3.2546750007895753
1787195960.0023499,3.6760490002052393
1787195960.0290196,4.052706000948092
1787195960.0299878,4.017573002784047
1787195960.0747526,4.148920001171064
1787195960.1046228,3.889747000357602
1787195960.1899016,3.5779009995167144
1787195960.1931474,3.044660999876214
1787195960.1948214,2.893023996875854
1787195960.2194958,3.7901729992881883
1787195960.24862,3.4000109990302008
1787195960.278388,3.4984400008397643
1787195960.2788222,4.185578000033274
1787195960.2799413,45.87131600055727
1787195960.2891777,3.028417999303201
1787195960.3109708,47.55201399893849
1787195960.314396,5.614508001599461
1787195960.3308127,3.0174929997883737
1787195960.3437376,45.3244669988635
1787195960.3556757,47.934202000760706
1787195960.3920164,44.815172001108294
1787195960.394293,5.8039480027218815
1787195960.421172,3.7232100003166124
1787195960.435749,46.9520080005168
1787195960.4396904,44.71538900179439
1787195960.4717517,46.68106899771374
1787195960.500116,44.46066799937398
1787195960.545898,3.6095750001550186
1787195960.6166472,44.068865001463564
1787195960.6287725,5.871768000361044
1787195960.6453366,3.8816410014987923
1787195960.6620579,4.492632000619778
1787195960.6791391,4.918496000755113
1787195960.7205038,48.12122600196744
1787195960.7815602,3.1120679996092804
1787195960.7921054,43.395564000093145
1787195960.8517332,3.1386820010084193
1787195960.8845403,3.8861790017108433
1787195960.89354,3.9472550015489105
1787195960.947692,3.39733399960096
1787195960.9637833,47.76304199913284
1787195960.970495,2.788316000078339
1787195960.9949005,3.7307899983716197
1787195961.0400631,5.744345999119105
1787195961.0812418,3.8743879995308816
1787195961.0983872,4.976062999048736
1787195961.1052747,3.8970729983702768
1787195961.148003,44.07280899977195
1787195961.175789,45.50460599784856
1787195961.2031903,5.602673998509999
1787195961.2137733,4.822643997613341
1787195961.2520416,5.289252003422007
1787195961.2559273,44.526593999762554
1787195961.2677026,47.04178199972375
1787195961.2928143,2.823294998961501
1787195961.3040724,46.825080000417074
1787195961.3499491,3.7418430001707748
1787195961.3517258,3.0934560018067714
1787195961.3717947,45.19723200064618
1787195961.387775,45.69924200040987
1787195961.4440904,43.7495790029061
1787195961.4453924,5.7697919983183965
1787195961.5320828,3.291824999905657
1787195961.5960793,6.244995001907228
1787195961.641365,5.800756000098772
1787195961.676197,3.768722999666352
1787195961.6844037,3.51629199940362
1787195961.8042018,4.781455998454476
1787195961.8156376,4.4604089998756535
1787195961.8505118,5.543334002140909
1787195961.9127877,3.2162210009119008
1787195961.9660494,5.86070599820232
1787195961.9910946,3.4024519991362467
1787195962.0022314,2.7997580000374
1787195962.0352364,3.768418999243295
1787195962.0761557,4.455098998732865
1787195962.0919235,5.679101999703562
1787195962.1749825,5.841794998559635
1787195962.2033112,3.5486529995978344
1787195962.2288566,4.181940999842482
1787195962.2384524,3.3910550009750295
1787195962.2760231,45.01031399922795
1787195962.2963855,3.0356440001924057
1787195962.3067882,2.888416998757748
1787195962.3357515,3.6643769999500364
1787195962.4077086,46.435011998255504
1787195962.4096634,3.715712002303917
1787195962.4394996,3.136520001135068
1787195962.4591265,4.894802998023806
1787195962.4806702,5.7996819996333215
1787195962.488675,44.047051000234205
1787195962.524694,3.0726709992450196
1787195962.528838,5.618629998934921
1787195962.5438886,3.0177759981597774
1787195962.555928,43.644377001328394
1787195962.5738077,3.5645930001919623
1787195962.6056354,4.376573000627104
1787195962.6218274,3.0603949999203905
1787195962.635732,49.889067999174586
1787195962.6850076,5.378249999921536
1787195962.746923,2.9882979979447555
1787195962.8034468,5.994844999804627
1787195962.8439577,3.646689001470804
1787195962.8707895,5.899960000533611
1787195962.8940284,6.692816998111084
1787195962.895531,3.460741998424055
1787195962.9199586,44.958023998333374
1787195962.957504,2.9175490017223638
1787195962.9771743,4.935007997119101
1787195962.983982,48.298132001946215
1787195962.991829,4.103143997781444
1787195962.9934013,4.085835000296356
1787195963.015983,45.205526002973784
1787195963.0422893,3.7093180035299156
1787195963.0500262,3.1186129999696277
1787195963.0517542,50.66175799947814
1787195963.0576808,2.9916139974375255
1787195963.0717378,44.90878400247311
1787195963.1078851,44.91443499864545
1787195963.1217616,4.541409998637391
1787195963.1339154,3.20829499833053
1787195963.1801515,3.0762950009375345
1787195963.1949215,3.6417600022105034
1787195963.23574,43.47176699957345
1787195963.2826056,4.922494001220912
1787195963.2991896,5.350374998670304
1787195963.3386347,3.0119260009087157
1787195963.3476822,45.067072998790536
1787195963.3831258,3.557779000402661
1787195963.3930748,3.1503070022154134
1787195963.4057677,3.953348998038564
1787195963.40777,43.485441001394065
1787195963.409207,3.2295429991791025
1787195963.4517817,48.86855799850309
1787195963.462466,2.992961002746597
1787195963.4798508,47.16720299984445
1787195963.524105,45.64221599866869
1787195963.5536232,4.989209002815187
1787195963.5696454,3.173622000758769
1787195963.6118207,5.4316890018526465
1787195963.6777842,2.757787999144057
1787195963.6828318,3.2635600000503473
1787195963.7016516,4.87807199897361
1787195963.7476437,7.552612998551922
1787195963.7494748,5.4781680009909905
1787195963.7544897,4.205442000966286
1787195963.7963161,44.367023001541384
1787195963.8207705,5.277931999444263
1787195963.8836954,46.53699100163067
1787195963.9049706,2.88020700099878
1787195963.984209,46.37707600340946
1787195964.04409,6.0286939988145605
1787195964.0829573,3.7957970016577747
1787195964.0849285,3.1589919999532867
1787195964.096114,47.83781399964937
1787195964.1731887,4.714970000350149
1787195964.190894,3.938890000426909
1787195964.2209878,2.915031000156887
1787195964.247235,4.029100000479957
1787195964.2547884,3.7878399998589884
1787195964.2581267,3.0940229989937507
1787195964.2660306,3.934776999813039
1787195964.2799335,46.841479001159314
1787195964.3053963,3.9994670005398802
1787195964.3241422,51.62309699881007
1787195964.3319921,49.48310399777256
1787195964.3673024,3.2438670023111627
1787195964.4099705,2.8229300005477853
1787195964.4224374,2.448240000376245
1787195964.4290056,2.4547069988329895
1787195964.4393787,3.1495010007347446
1787195964.4524076,4.2761729964695405
1787195964.460355,45.77516000063042
1787195964.5134287,2.96462999904179
1787195964.5276065,2.746422000200255
1787195964.5360456,43.574515999353025
1787195964.5508566,4.502144001889974
1787195964.6464913,5.3140210002311505
1787195964.6771572,6.397962999471929
1787195964.732306,44.269031001022086
1787195964.7336712,6.407195000065258
1787195964.777879,6.01814500259934
1787195964.8312721,4.024022000521654
1787195964.832933,3.2484499970450997
1787195964.8403187,46.15245500099263
1787195964.8961902,45.21912700147368
1787195964.914391,3.5445370012894273
1787195964.930934,3.6534940009005368
1787195964.9372265,3.919326998584438
1787195964.9645789,47.542620999593055
1787195965.0003164,4.465412999707041
1787195965.009674,3.9755969992256723
1787195965.0611176,3.2475020016136114
1787195965.107815,4.392713999550324
1787195965.1090388,4.226574001222616
1787195965.114584,3.1816929986234754
1787195965.123015,2.676912998140324
1787195965.176449,45.05991900077788
1787195965.1833396,5.244855001365067
1787195965.185189,5.198024999117479
1787195965.2399445,45.97099300008267
1787195965.3496144,7.103817002644064
1787195965.3513994,5.83041299978504
1787195965.3707561,6.13992699800292
1787195965.4229357,5.012236997572472
1787195965.442499,2.746755999396555
1787195965.498817,6.626848000450991
1787195965.5008998,6.948340997041669
1787195965.5151386,4.300770000554621
1787195965.5518768,2.9118439997546375
1787195965.5644708,44.650203999481164
1787195965.6085694,5.9531549995881505
1787195965.8055615,4.946195000229636
1787195965.8156314,3.165927999361884
1787195965.87695,48.319632001948776
1787195965.880816,4.972252998413751
1787195965.9320116,45.894773000327405
1787195965.9551132,3.8517599969054572
1787195966.0218632,5.8678560017142445
1787195966.0347257,6.27722599892877
1787195966.0366993,4.0719869975873735
1787195966.0780823,3.1045030009408947
1787195966.1015046,3.855348997603869
1787195966.1046088,2.880971002014121
1787195966.1324823,43.76186200170196
1787195966.1672137,3.8937220015213825
1787195966.2041526,45.85442299867282
1787195966.2419243,6.346495996695012
1787195966.2480125,4.17477900191443
1787195966.2522311,3.9723199988657143
1787195966.3124,47.29248699732125
1787195966.3163745,44.26427600265015
1787195966.363592,4.924045999359805
1787195966.3653448,3.842653000901919
1787195966.3919795,44.82546100189211
1787195966.4040115,3.508667999994941
1787195966.404842,3.4452100007911213
1787195966.447954,3.2915070005401503
1787195966.4635448,3.6285230016801506
1787195966.472234,44.68559100132552
1787195966.474708,3.5947579999628942
1787195966.479885,47.67224500028533
1787195966.5040386,46.694533000845695
1787195966.5202057,47.57199099913123
1787195966.5444963,5.945971999608446
1787195966.5553193,6.123339000623673
1787195966.560221,44.46078299952205
1787195966.6684756,4.352597003162373
1787195966.696707,4.053655997267924
1787195966.6986394,3.7579769996227697
1787195966.7247295,43.98751700136927
1787195966.7515798,6.018195999786258
1787195966.7871003,3.0759180008317344
1787195966.7981327,3.1386709997605067
1787195966.840833,3.5381739980948623
1787195966.84204,3.1331010031863116
1787195966.8628478,4.764511999383103
1787195966.8798516,46.720413000002736
1787195966.913034,3.2321660000889096
1787195966.9241142,46.0493310019956
1787195967.041043,4.198300001007738
1787195967.0526016,3.080815000430448
1787195967.0823605,4.0304269969055895
1787195967.099923,46.275279000838054
1787195967.1303203,3.1397540005855262
1787195967.1642983,47.43988900008844
1787195967.1956565,2.999057000124594
1787195967.2119458,45.2964920004888
1787195967.248688,47.262912998121465
1787195967.3232331,3.017702001670841
1787195967.3283334,45.534130000305595
1787195967.3931215,3.793002000747947
1787195967.4986022,3.6572760000126436
1787195967.4995458,2.9319280001800507
1787195967.5642993,5.949716000031913
1787195967.5953264,3.4352459988440387
1787195967.608761,3.9526639993709978
1787195967.6144161,3.038288003153866
1787195967.6635375,4.900812000414589
1787195967.7201657,3.1820639997022226
1787195967.7478,3.7584340025205165
1787195967.8003588,47.83775099713239
1787195967.8450444,4.980599002010422
1787195967.9735055,2.846997998858569
1787195967.987304,3.1839379989833105
1787195968.0549624,3.5779379977611825
1787195968.0600724,44.70859499997459
1787195968.1293287,5.913372999202693
1787195968.154734,4.459038002096349
1787195968.1881557,5.772368000179995
1787195968.2519436,47.60222700133454
1787195968.258621,3.8406370003940538
1787195968.2957072,6.061039999622153
1787195968.3568606,3.3994129989878275
1787195968.3636982,3.944830001273658
1787195968.4158847,6.06614400021499
1787195968.4641438,3.4549649972177576
1787195968.474828,3.234520998375956
1787195968.5233092,3.143579997413326
1787195968.5524385,2.6898590003838763
1787195968.6108153,5.823679999593878
1787195968.6765585,46.22590900180512
1787195968.698385,5.6893700020737015
1787195968.7728999,3.4412479981256183
1787195968.8120239,7.237797999550821
1787195968.8559685,48.90692299886723
1787195968.8760679,3.556878997187596
1787195968.93992,6.155737999506528
1787195968.9577742,4.228791000059573
1787195969.025709,5.4457229998661205
1787195969.0613868,4.499964001297485
1787195969.0823483,3.4258650011906866
1787195969.0842633,48.05330200179014
1787195969.1124864,6.184214998938842
1787195969.1362474,3.6668600005214103
1787195969.1447182,3.3466390013927594
1787195969.1561902,46.44996299975901
1787195969.1798935,43.09552400081884
1787195969.2162268,46.84021099819802
1787195969.2235706,4.171066000708379
1787195969.2279575,46.860765000019455
1787195969.2869565,3.6926319990016054
1787195969.287898,3.5171269992133602
1787195969.3077664,3.102890997979557
1787195969.348582,44.90995800006203
1787195969.396193,2.98800899690832
1787195969.4351602,5.530357000679942
1787195969.4440129,5.4806879998068325
1787195969.4845688,4.96192300124676
1787195969.485809,4.801366998435697
1787195969.487856,47.85430899937637
1787195969.5233297,5.180619002203457
1787195969.5256746,4.961786999047035
1787195969.527927,4.572846999508329
1787195969.5392058,3.4634279982128646
1787195969.6237323,3.581913999369135
1787195969.6721148,5.787238998891553
1787195969.7086284,3.502765997836832
1787195969.7324624,44.84053900159779
1787195969.7503119,3.8472069973067846
1787195969.8027844,3.696111001772806
1787195969.810595,2.9360859989537857
1787195969.8280103,44.45735000263085
1787195969.890881,4.4445099993026815
1787195969.9130194,3.434094000112964
1787195969.9165304,3.247437998652458
1787195969.9396758,3.0662659992231056
1787195969.9480655,44.06974200173863
1787195969.983134,4.708854001364671
1787195969.999949,47.73827899771277
1787195970.0081415,3.4732690000964794
1787195970.0518882,45.76725700098905
1787195970.0762255,4.326408001361415
1787195970.1060674,3.1708470014564227
1787195970.1296537,3.0866560009599198
1787195970.2472942,4.698398999607889
1787195970.2590892,3.5739970007853117
1787195970.2759612,2.946365999378031
1787195970.3001246,6.006683997838991
1787195970.3005571,48.625627998262644
1787195970.311871,3.727805000380613
1787195970.3244078,3.141024000797188
1787195970.340884,2.5666900000942405
1787195970.3647926,3.917031001037685
1787195970.3760717,44.803190998209175
1787195970.3966742,47.36782100007986
1787195970.4119809,45.33834400353953
1787195970.4400923,3.024871002708096
1787195970.447879,45.38837899963255
1787195970.5022986,3.4504739996918943
1787195970.5027642,2.9823509976267815
1787195970.5429404,3.950753998651635
1787195970.5936735,3.427037998335436
1787195970.607958,46.31475299902377
1787195970.647951,44.43017900121049
1787195970.6943805,7.093615997291636
1787195970.6974916,5.832713999552652
1787195970.6987,4.299013999116141
1787195970.7081635,44.74925600152346
1787195970.7211037,4.083547999471193
1787195970.7229447,4.656681998312706
1787195970.7638462,48.92008600290865
1787195970.800388,46.05933399943751
1787195970.8255649,4.070784001669381
1787195970.8598607,47.27929100045003
1787195970.937324,4.150804001255892
1787195970.9842985,45.30404500110308
1787195971.0233727,6.08018099956098
1787195971.033048,5.067547001090134
1787195971.130892,6.653442000242649
1787195971.145392,3.649097001471091
1787195971.1803148,47.5669219995325
1787195971.1876323,4.6459500008495525
1787195971.1959503,46.227285001805285
1787195971.1976755,3.8696009978593793
1787195971.1993957,2.9816610003763344
1787195971.240413,4.420351000590017
1787195971.265885,3.087136999965878
1787195971.2758303,50.71663900162093
1787195971.3364453,46.73475399977178
1787195971.3404536,6.438569002057193
1787195971.461199,4.0620699983264785
1787195971.4860003,4.554486000415636
1787195971.4897742,3.466150999884121
1787195971.5010624,4.5049840009596664
1787195971.510089,3.9268949985853396
1787195971.5460024,8.075323999946704
1787195971.5480945,3.809406000073068
1787195971.6296463,6.48376100070891
1787195971.6586025,6.363117001455976
1787195971.659709,5.252760001894785
1787195971.7355766,6.040471998858266
1787195971.8016186,3.2546930015087128
1787195971.8133004,3.464508001343347
1787195971.8636763,4.593441000906751
1787195971.8719194,46.40422099691932
1787195971.874837,3.8389680012187455
1787195971.9222398,5.963792002148693
1787195971.9731917,9.24089700129116
1787195972.0259597,4.230155002005631
1787195972.0660496,6.3022700014698785
1787195972.1303728,4.154134003329091
1787195972.1858692,3.6774840009456966
1787195972.2123997,47.348144002171466
1787195972.2834494,5.295841001498047
1787195972.309967,3.1991239993658382
1787195972.388126,6.316152001090813
1787195972.4047656,2.9569589969469234
1787195972.4668853,7.692121998843504
1787195972.4682539,6.774035002308665
1787195972.4806046,46.56437599987839
1787195972.505149,3.2050179979705717
1787195972.6002731,3.549207998730708
1787195972.652219,44.507595001050504
1787195972.670162,3.886503000103403
1787195972.7109704,3.0037350006750785
1787195972.7593102,5.130221998115303
1787195972.777918,6.843862000096124
1787195972.8199718,49.456066997663584
1787195972.8280952,46.79372999817133
1787195972.844548,3.9128940006776247
1787195972.9072626,5.326843001967063
1787195972.9085717,4.829323002923047
1787195972.923886,46.854121999786
1787195972.95054,3.5692329984158278
1787195972.9691908,3.2532619989069644
1787195973.020145,3.5323960000823718
1787195973.020472,46.194110000215005
1787195973.0478957,43.89529399850289
1787195973.0631623,2.893832999689039
1787195973.099805,5.218703001446556
1787195973.1204057,4.158598996582441
1787195973.131857,51.61528700045892
1787195973.1398141,49.19317999883788
1787195973.163783,45.37239899946144
1787195973.1978126,4.568437001580605
1787195973.2043135,47.559644997818395
1787195973.2279112,46.165411000401946
1787195973.2580068,3.559414002666017
1787195973.2720094,46.50346400012495
1787195973.3005245,4.065943001478445
1787195973.3007288,47.49762199935503
1787195973.3187964,5.548608001845423
1787195973.377467,3.9176319987745956
1787195973.3802588,44.37435499858111
1787195973.4399345,4.014387999632163
1787195973.4504404,3.733186000317801
1787195973.4789171,2.976804997160798
1787195973.5317261,4.576885999995284
1787195973.5624213,3.2355349976569414
1787195973.567639,2.6712380022217985
1787195973.6047928,5.053926997788949
1787195973.6598408,51.040538997767726
1787195973.6852686,4.272212001524167
1787195973.7538846,3.3203510029125027
1787195973.812725,6.720274999679532
1787195973.901375,6.095766999351326
1787195973.9161932,5.820985999889672
1787195973.9679203,47.74923600052716
1787195973.9758914,2.682786998775555
1787195973.9760387,45.69324600015534
1787195974.028754,44.757510997442296
1787195974.2007368,5.291244997351896
1787195974.2383592,6.152368998300517
1787195974.2973306,6.25840299835545
1787195974.3373623,6.612140001379885
1787195974.367449,5.508492002263665
1787195974.3719535,46.51069700048538
1787195974.4050932,4.5035340008325875
1787195974.4364796,5.961894999927608
1787195974.4616659,6.4645179991202895
1787195974.5125852,3.448813000431983
1787195974.5283062,47.09845300021698
1787195974.5422652,5.039318999479292
1787195974.5726473,4.7139009984675795
1787195974.5999098,45.21051600022474
1787195974.616274,45.35247400053777
1787195974.6760473,47.040981000463944
1787195974.699905,47.950904998288024
1787195974.7675896,3.387459000805393
1787195974.7798324,45.49999399750959
1787195974.8183758,3.6375950003275648
1787195974.844626,47.03126499953214
1787195974.857648,5.6290539978363086
1787195974.8837235,5.608127001323737
1787195974.923281,2.601369000331033
1787195974.944554,46.03180400226847
1787195974.9852252,4.283704998670146
1787195975.004154,49.47469299804652
1787195975.0146694,3.012000997841824
1787195975.070696,5.108337001729524
1787195975.0881236,44.76617500040447
1787195975.136334,47.62775800190866
1787195975.285603,5.779686001915252
1787195975.3284478,6.46883200170123
1787195975.3300204,5.298277003021212
1787195975.3720477,5.971445996692637
1787195975.3857722,6.15853499766672
1787195975.3967254,5.7594219979364425
1787195975.4224918,3.1151920011325274
1787195975.4400682,46.50283699811553
1787195975.4920928,44.501336000394076
1787195975.5387914,2.9255359986564144
1787195975.5896049,4.6708919981028885
1787195975.6447604,4.889841002295725
1787195975.675844,5.998256998282159
1787195975.7199948,4.398116001539165
1787195975.7293534,3.511232000164455
1787195975.7770061,6.409598998288857
1787195975.835858,45.36784399897442
1787195975.9174287,6.365131001075497
1787195975.9309752,4.134539001825033
1787195976.0027063,4.71536599798128
1787195976.0162008,5.154066999239149
1787195976.0359735,3.1764679988555145
1787195976.0614893,3.274097998655634
1787195976.0682433,48.66502400182071
1787195976.1393955,3.234055999200791
1787195976.2176087,6.174335998366587
1787195976.2555776,3.240156001993455
1787195976.2678478,3.096177002589684
1787195976.2720363,2.9943040026410017
1787195976.3027282,4.286940999008948
1787195976.3287296,45.49116300040623
1787195976.3321564,47.330231998785166
1787195976.3421135,3.8879690000612754
1787195976.355847,46.85381700255675
1787195976.3739715,3.232221999496687
1787195976.4044268,46.3734500008286
1787195976.4084318,44.45765699711046
1787195976.4498198,3.6293429984652903
1787195976.4558733,44.85647200272069
1787195976.4598405,47.18998099997407
1787195976.543225,6.07376400148496
1787195976.5877776,5.128147997311316
1787195976.5898397,3.845017999992706
1787195976.6574051,3.6937769982614554
1787195976.7042484,46.82563599999412
1787195976.71089,3.358318001119187
1787195976.7661273,3.6375680028868373
1787195976.852772,4.242857001372613
1787195976.854611,3.6593420009012334
1787195976.904432,47.490739001659676
1787195976.9391372,10.703400999773294
1787195976.9417953,13.836669000738766
1787195976.9565709,6.275551000726409
1787195976.9601543,46.9437489991833
1787195977.0105624,3.158485000312794
1787195977.0279276,3.9523380000900943
1787195977.0562139,45.21151500011911
1787195977.0672548,6.124951996753225
1787195977.121972,3.4047010012727696
1787195977.1577234,5.718037999031367
1787195977.1756234,5.0253400004294235
1787195977.2166028,4.970566002157284
1787195977.260631,5.02631599738379
1787195977.2612603,3.7038739974377677
1787195977.2818286,3.594535999582149
1787195977.3083081,2.9788310021103825
1787195977.354938,6.113675000960939
1787195977.3608341,44.40639899985399
1787195977.371214,6.987802000367083
1787195977.3728187,6.131377002020599
1787195977.393994,3.2285020024573896
1787195977.4143384,2.722360997722717
1787195977.4662843,5.5071480019250885
1787195977.4723496,47.48693799774628
1787195977.4834344,5.284632999973837
1787195977.4899251,3.8393239992728923
1787195977.5032985,3.2509429984202143
1787195977.5636845,5.010287997720297
1787195977.5997527,3.7106989984749816
1787195977.635932,43.801108997286065
1787195977.638659,2.9120689978299197
1787195977.6506288,2.8815320001740474
1787195977.6663952,3.791249997448176
1787195977.6848447,4.54753099984373
1787195977.7159643,45.28646999824559
1787195977.7171214,3.0483209993690252
1787195977.74483,3.0404540011659265
1787195977.7452395,2.564310998423025
1787195977.7811656,6.441952002205653
1787195977.7831838,4.137441999773728
1787195977.8244877,3.3229599976039026
1787195977.880769,4.037368002173025
1787195977.915138,3.1424199987668544
1787195977.9639404,47.41302499678568
1787195978.019231,3.006009999808157
1787195978.0516562,4.784949000168126
1787195978.0603478,3.5004180026589893
1787195978.067188,3.309678999357857
1787195978.0845973,47.76759399828734
1787195978.1183376,4.354134998720838
1787195978.1266618,5.41137000254821
1787195978.1348171,5.14755499898456
1787195978.1400943,47.01070500232163
1787195978.1721675,48.1249439981184
1787195978.222197,4.736349001177587
1787195978.2373924,6.60341999900993
1787195978.2816842,3.2982869997795206
1787195978.2832954,2.781114002573304
1787195978.3041234,44.22693200103822
1787195978.3267624,6.389074002072448
1787195978.3601682,3.106210002442822
1787195978.3840427,48.011667997343466
1787195978.4246707,5.863533999217907
1787195978.4249,46.54142299841624
1787195978.4320402,3.7882910000917036
1787195978.4322708,47.88266400282737
1787195978.479726,3.7594660025206394
1787195978.5004141,44.877485001052264
1787195978.5066805,4.268643002433237
1787195978.5079873,43.96386599910329
1787195978.543321,3.2161999988602474
1787195978.54843,3.058932001295034
1787195978.5559342,45.089287999871885
1787195978.602858,2.9793249996146187
1787195978.6317759,6.378657999448478
1787195978.6484215,3.8725220001651905
1787195978.6758895,47.384886998770526
1787195978.7518222,48.063489000924164
1787195978.8281002,5.239640002400847
1787195978.8330362,3.409449000173481
1787195978.8671935,3.8323820008372422
1787195978.8821924,3.282362002209993
1787195978.9538183,3.3680769993225113
1787195978.9739854,3.388451001228532
1787195978.984445,3.171063002810115
1787195979.0559578,4.620463998435298
1787195979.0638437,4.180429001280572
1787195979.0659037,3.7015150010120124
1787195979.110149,4.8897529995883815
1787195979.1199088,4.68426199950045
1787195979.1284456,47.085374000744196
1787195979.1838381,48.95446100272238
1787195979.220838,4.003213998657884
1787195979.2273595,4.563244998280425
1787195979.2557695,6.30305300001055
1787195979.3215375,5.638182999973651
1787195979.3381233,5.163355999684427
1787195979.359354,5.575579001742881
1787195979.3687506,2.9923719994258136
1787195979.496017,3.8977920012257528
1787195979.4965966,3.0226900016714353
1787195979.5743947,3.794413001742214
1787195979.6512425,4.243497998686507
1787195979.7319956,5.2680740009236615
1787195979.8204718,6.790472998545738
1787195979.8211036,5.236230997979874
1787195979.8874347,5.416274998424342
1787195979.889037,5.6613859997014515
1787195979.892083,47.45193499911693
1787195979.9209392,3.234061001421651
1787195979.963923,5.72532499791123
1787195979.984125,46.39700999905472
1787195980.010265,3.786682998907054
1787195980.056152,44.785369998862734
1787195980.0566761,4.019031999632716
1787195980.1063235,4.480982002860401
1787195980.1186318,6.909625000844244
1787195980.1210587,7.07752000016626
1787195980.1219826,6.078253001760459
1787195980.175729,6.659590002527693
1787195980.238204,2.980373999889707
1787195980.2489057,3.7106160016264766
1787195980.2629278,2.8976159992453177
1787195980.2998617,46.67387899826281
1787195980.3218145,2.7300009969621897
1787195980.3268042,2.9989280010340735
1787195980.39245,3.8658089979435317
1787195980.4519908,6.23751000239281
1787195980.4542513,4.054700999404304
1787195980.468585,44.72739799894043
1787195980.5280504,3.021058000740595
1787195980.5702713,5.346923997421982
1787195980.6449337,4.299821001040982
1787195980.684388,4.747024999232963
1787195980.7106898,6.074147000617813
1787195980.7163086,4.545358999166638
1787195980.7411067,3.4994599991478026
1787195980.7561572,4.613588997017359
1787195980.7683783,51.63046900270274
1787195980.8047574,44.498430001112865
1787195980.8385396,4.798468999069883
1787195980.8997426,4.9345900006301235
1787195980.9213595,4.378116998850601
1787195980.9263828,4.681954997067805
1787195980.9523227,47.31688299943926
1787195980.9986343,3.990514000179246
1787195981.0011582,4.025495996756945
1787195981.0238752,44.329708001896506
1787195981.033764,2.948011999251321
1787195981.057892,2.7675550009007566
1787195981.07116,3.3407379996788222
1787195981.0885377,46.90910999852349
1787195981.1485245,3.208021000318695
1787195981.2321715,6.572967999090906
1787195981.3059626,5.851583999174181
1787195981.333664,4.4254800013732165
1787195981.355893,47.265342000173405
1787195981.3692522,3.070554997975705
1787195981.4168625,5.720130000554491
1787195981.4481895,3.6656269985542167
1787195981.470898,2.9443799976434093
1787195981.5057085,4.265245999704348
1787195981.5164907,45.28470299919718
1787195981.560735,3.6640270009229425
1787195981.5759606,48.225981001451146
1787195981.6424487,6.2468640026054345
1787195981.6889179,3.1500719996984117
1787195981.69447,2.743744000326842
1787195981.712416,45.5605690003722
1787195981.7678795,45.90728000039235
1787195981.8100817,5.232046001765411
1787195981.865539,4.868601998168742
1787195981.868027,46.439664998615626
1787195981.922522,5.583005997323198
1787195981.9310074,4.676053002185654
1787195981.9526849,47.25638899981277
1787195981.9583972,4.982751001080032
1787195981.9937775,2.809056000842247
1787195982.0030413,3.4427659993525594
1787195982.0247684,3.1718629979877733
1787195982.0851252,2.87896099689533
1787195982.1484756,46.94201700112899
1787195982.1495051,5.930578998231795
1787195982.1760492,5.106784999952652
1787195982.2320437,6.365487999573816
1787195982.2582605,5.2657080013887025
1787195982.3013625,4.901741998764919
1787195982.3403306,48.01107899766066
1787195982.3500383,5.21713000125601
1787195982.394016,2.7657739992719144
1787195982.4090345,3.3210990004590712
1787195982.4095678,2.9789110012643505
1787195982.41999,44.03204200207256
1787195982.477074,4.679083001974504
1787195982.4882073,50.556210000650026
1787195982.5446973,4.886165999778314
1787195982.5734994,5.802783998660743
1787195982.6058939,3.3081910005421378
1787195982.6170323,2.658489000168629
1787195982.6477082,5.130861001816811
1787195982.6480236,46.44728800121811
1787195982.6926093,5.183134002436418
1787195982.6949246,4.506632998527493
1787195982.7079132,3.155637998133898
1787195982.7482178,45.916626000689575
1787195982.7979832,4.375667998829158
1787195982.8060758,3.7967909993312787
1787195982.8227956,3.1949669973982964
1787195982.8242276,3.2102710028993897
1787195982.898553,4.9026039996533655
1787195982.9000385,4.700158999185078
1787195982.9141388,3.1580870017933194
1787195982.952024,3.4195340012956876
1787195982.9599116,45.47132799780229
1787195982.97664,4.256321000866592
1787195983.0459385,3.5738870028581005
1787195983.05417,3.1880909991741646
1787195983.123252,3.009960000781575
1787195983.1696343,6.4158999994106125
1787195983.1885612,6.202079999638954
1787195983.240375,3.3091939985752106
1787195983.3123484,46.78164899814874
1787195983.3455107,5.2575000008801
1787195983.3679345,3.75167899983353
1787195983.3978093,6.90931300050579
1787195983.399415,6.040751999535132
1787195983.4041812,47.01569199824007
1787195983.4449902,2.9858090019843075
1787195983.463264,2.61657400187687
1787195983.4712946,2.4210810006479733
1787195983.4964843,45.83047299820464
1787195983.5073483,4.327816997829359
1787195983.5463738,3.099163997831056
1787195983.555876,45.13080900142086
1787195983.610952,6.120878999354318
1787195983.659341,2.7238250004302245
1787195983.754679,3.6668940010713413
1787195983.8245943,46.36146099801408
1787195983.8375914,6.711612000799505
1787195983.8881857,3.71758799883537
1787195983.9137156,5.619202001980739
1787195983.9654398,2.7152039983775467
1787195983.9720101,48.926077000942314
1787195984.0257819,5.632126998534659
1787195984.026346,4.243666000547819
1787195984.046082,4.6571960010624025
1787195984.0759811,2.99697899754392
1787195984.0932627,3.2290509989252314
1787195984.09383,2.884413999709068
1787195984.1012692,3.2709490005800035
1787195984.1070585,2.5425920030102134
1787195984.1079311,46.82380500162253
1787195984.1560457,45.17886800022097
1787195984.1600318,45.83775299761328
1787195984.160214,46.395520999794826
1787195984.1887481,3.7743730026704725
1787195984.1902864,3.1744680018164217
1787195984.2127526,3.408993998164078
1787195984.2364519,3.847271000267938
1787195984.2563233,47.7518150000833
1787195984.291875,45.88884600161691
1787195984.3122373,44.80337600034545
1787195984.3414667,5.2035980006621685
1787195984.3743322,3.240127000026405
1787195984.3911233,2.7035390012315474
1787195984.4371831,5.240686998149613
1787195984.477894,2.8467550000641495
1787195984.5507267,5.954371998086572
1787195984.581595,2.7153160008310806
1787195984.5817337,3.985973999078851
1787195984.6325417,45.3541069982748
1787195984.6393528,3.9497750003647525
1787195984.6878216,3.2716410023567732
1787195984.6918445,45.93518300316646
1787195984.7316897,5.068597001809394
1787195984.7723002,46.95908999929088
1787195984.8163576,5.79703800030984
1787195984.8177452,4.634807002730668
1787195984.824044,3.4938179996970575
1787195984.8724349,47.10702399825095
1787195984.8965957,3.4815769977285527
1787195984.924029,46.16119000274921
1787195984.926332,3.15315799889504
1787195984.9363515,3.1156079967331607
1787195985.0036569,3.9567060011904687
1787195985.004512,3.5029640021093655
1787195985.005761,3.362665000167908
1787195985.0199623,2.7709860005415976
1787195985.0330727,2.90515600136132
1787195985.070856,5.841083999257535
1787195985.1447434,3.0557819991372526
1787195985.1681173,3.356872999574989
1787195985.2180135,3.9176760001282673
1787195985.2189014,3.931726998416707
1787195985.244437,45.12834299748647
1787195985.2910185,8.642095999675803
1787195985.2933412,5.336551999789663
1787195985.3975847,6.967802000872325
1787195985.432373,4.340821000369033
1787195985.4403298,4.893766999884974
1787195985.4417045,4.807192999578547
1787195985.4484668,43.97699999753968
1787195985.5017207,4.75464799819747
1787195985.5198326,46.92514599810238
1787195985.5813572,5.515243999980157
1787195985.5894623,6.091971998102963
1787195985.5910904,3.76650799807976
1787195985.5971746,3.541467998729786
1787195985.604107,51.18165699968813
1787195985.6125274,3.345582001202274
1787195985.6318932,46.434152998699574
1787195985.6596537,3.760783998586703
1787195985.668214,43.428729000879684
1787195985.6882255,43.544709998968756
1787195985.6963646,44.1259600011108
1787195985.704061,44.022168000083184
1787195985.7640626,3.9438620005967095
1787195985.764931,3.7269860004016664
1787195985.780653,3.1761470017954707
1787195985.812014,45.21905000001425
1787195985.8723164,43.527904999791645
1787195985.9175472,5.95449999673292
1787195985.9386964,2.6918650000880007
1787195985.997055,4.562423997413134
1787195986.0105314,4.156364000664325
1787195986.097246,7.2465920020476915
1787195986.0981185,5.835783002112294
1787195986.121242,6.807224002841394
1787195986.1471066,3.9090949976525735
1787195986.164466,47.290395999880275
1787195986.1887016,44.40653100027703
1787195986.2393851,4.35744300193619
1787195986.2564826,3.112497997790342
1787195986.2846153,2.7980980012216605
1787195986.3348978,4.534487001365051
1787195986.4098155,6.811965999077074
1787195986.479163,5.613372999505373
1787195986.512888,7.628379000379937
1787195986.5147505,6.578979999176227
1787195986.5181344,3.1301300004997756
1787195986.5787756,2.9122979976818897
1787195986.6403391,44.07748000085121
1787195986.6431587,7.249199999932898
1787195986.6502104,4.130819001147756
1787195986.708191,7.838977999199415
1787195986.711313,5.709482000384014
1787195986.7139208,4.78899199879379
1787195986.7270892,4.422914000315359
1787195986.7759242,45.94763599743601
1787195986.7838635,43.97879899988766
1787195986.8077974,3.088589997787494
1787195986.855911,7.175463000749005
1787195986.856562,8.327366998855723
1787195986.8817139,2.7439200021035504
1787195986.97651,4.81513900012942
1787195986.9893453,5.146964998857584
1787195986.9901125,4.506771998421755
1787195987.0647514,5.5575609985680785
1787195987.0792534,3.390396999748191
1787195987.1323895,43.91011499683373
1787195987.1741753,5.357164001907222
1787195987.202912,2.935229000286199
1787195987.2163517,45.90740999992704
1787195987.2280924,47.45408199960366
1787195987.2574317,3.901707001205068
1787195987.2639706,46.64203100037412
1787195987.2999313,45.12522200093372
1787195987.3164327,2.4522579988115467
1787195987.3483212,45.68666300110635
1787195987.4322689,5.827836001117248
1787195987.4800084,6.316694998531602
1787195987.4828582,4.785305001860252
1787195987.4958804,3.519658999721287
1787195987.4971616,3.1155799988482613
1787195987.5742118,6.273823997617001
1787195987.6186519,2.90709800174227
1787195987.6239977,46.14096600198536
1787195987.675395,6.020462002197746
1787195987.7277327,3.547292999428464
1787195987.7371027,4.064254000695655
1787195987.7442634,43.39073599840049
1787195987.7880826,5.282649999571731
1787195987.7931077,4.62402500124881
1787195987.7999659,48.39869900024496
1787195987.874451,5.965610998828197
1787195987.9119737,3.993747002823511
1787195987.9344363,2.6369299994257744
1787195987.9798884,3.9829410015954636
1787195988.0803897,6.652908999967622
1787195988.0829275,6.32806399880792
1787195988.0852306,3.797114000917645
1787195988.0985792,4.4993049996264745
1787195988.2266684,3.9469050025218166
1787195988.2552145,2.8071689994249027
1787195988.3126602,49.76394299956155
1787195988.3179471,12.08652200148208
1787195988.322509,13.733128002058947
1787195988.3233533,19.25417199890944
1787195988.3245373,7.230876002722653
1787195988.3408136,5.940660001215292
1787195988.3777092,5.858046999492217
1787195988.408202,6.363587999658193
1787195988.4390645,4.1171610027959105
1787195988.4625492,3.10551700022188
1787195988.46378,53.41922899970086
1787195988.5162277,44.9835110011918
1787195988.5243886,3.5650350000651088
1787195988.5809739,4.783847998623969
1787195988.5845628,3.236999000364449
1787195988.6042309,4.125375999137759
1787195988.6438622,49.88305699953344
1787195988.6599522,45.97341499902541
1787195988.6941457,4.381910999654792
1787195988.739588,4.298935000406345
1787195988.7612987,3.0639409997093026
1787195988.8373673,2.8541130013763905
1787195988.8679132,5.225894998147851
1787195988.9071743,6.07202700120979
1787195988.9170125,4.9898380020749755
1787195989.009374,5.567039999732515
1787195989.0177522,3.339034999953583
1787195989.0216486,3.506426000967622
1787195989.0500922,3.0883099971106276
1787195989.0720682,46.21799099913915
1787195989.1303163,7.119032001355663
1787195989.1327333,7.067252998240292
1787195989.146844,3.903952001564903
1787195989.1671617,2.722249999351334
1787195989.254587,4.584350001096027
1787195989.262218,3.885926998918876
1787195989.3115096,3.787770001508761
1787195989.3120914,3.2146260018635076
1787195989.3839073,44.46700900007272
1787195989.4029114,3.378380999492947
1787195989.4564304,5.470526000863174
1787195989.4669752,3.8129259992274456
1787195989.513557,3.388171000551665
1787195989.5281696,5.007626001315657
1787195989.5503728,6.04488300086814
1787195989.573822,4.108350000024075
1787195989.5977168,2.7908890006074216
1787195989.604151,47.42153799816151
1787195989.6117857,3.360919999977341
1787195989.6164336,51.0160489975533
1787195989.664367,5.993265000142856
1787195989.6665173,4.0528239987907
1787195989.7057655,2.754542001639493
1787195989.716005,46.813343000394525
1787195989.725969,3.226476001145784
1787195989.7320461,45.50736500095809
1787195989.7760413,48.29394400076126
1787195989.8084674,3.3846020014607348
1787195989.8282113,48.596366999845486
1787195989.880092,45.8610370005772
1787195989.9088213,3.5696880004252307
1787195989.9604113,44.53603400179418
1787195989.9741378,5.821331000333885
1787195990.0833375,4.144874998019077
1787195990.0839949,3.7425509981403593
1787195990.1089642,4.678154000430368
1787195990.1991653,3.4419120020174887
1787195990.2345154,4.407442000228912
1787195990.2485242,43.738142998336116
1787195990.3249545,3.760556999623077
1787195990.3357244,3.6773780011571944
1787195990.3923936,45.13744200085057
1787195990.431095,2.811234000546392
1787195990.437525,2.639552996697603
1787195990.500062,46.17629600033979
1787195990.5272837,3.0452080027316697
1787195990.5726898,44.925461003003875
1787195990.5948236,6.658684000285575
1787195990.6391165,2.8690860017377418
1787195990.6682994,5.4258160016615875
1787195990.700987,8.243031999882078
1787195990.7034073,4.820620997634251
1787195990.7195282,3.676066997286398
1787195990.7485273,46.82974300158094
1787195990.7770762,44.91222299839137
1787195990.8190482,3.6702579964185134
1787195990.887253,3.848753000056604
1787195990.9260452,3.132521000225097
1787195990.9469893,4.00877100037178
1787195990.9727783,45.504256999265635
1787195990.9795673,5.804857002658537
1787195990.985404,5.263115999696311
1787195990.9933462,3.039475002879044
1787195990.9963403,2.7123180007038172
1787195991.0279908,46.02012199757155
1787195991.0573363,3.522505001456011
1787195991.0583625,3.3212879970960785
1787195991.059854,48.84085899902857
1787195991.078275,3.1711219999124296
1787195991.0905342,3.6532849990180694
1787195991.1780596,3.302722001535585
1787195991.228546,5.995160001475597
1787195991.2301254,5.144677001226228
1787195991.309918,5.949965998297557
1787195991.3125043,48.8897969989921
1787195991.3348858,4.434656999364961
1787195991.3599775,46.87509499854059
1787195991.392745,3.6217140004737303
1787195991.4225605,3.344106000440661
1787195991.4688907,3.2292020005115774
1787195991.4928694,44.833283998741535
1787195991.5884945,5.373687999963295
1787195991.5903592,4.146621002291795
1787195991.5943146,3.1937040002958383
1787195991.6482966,46.8750510008249
1787195991.6625884,3.0224200017983094
1787195991.6730046,2.717520997975953
1787195991.7341378,5.973497998638777
1787195991.7666554,3.560519999155076
1787195991.77551,3.302455999801168
1787195991.7923954,46.61778100125957
1787195991.8106847,5.269130997476168
1787195991.8142703,3.408382002817234
1787195991.8342803,4.085171000042465
1787195991.8805456,3.783167001529364
1787195991.8821247,2.9943649969936814
1787195991.8909762,2.6697309986047912
1787195991.946133,6.323538000287954
1787195992.0059536,4.963949999364559
1787195992.0126307,4.171060001681326
1787195992.039382,6.1097999969206285
1787195992.1002805,3.323811000882415
1787195992.1217318,4.038720002426999
1787195992.1388268,5.1895280012104195
1787195992.1867616,2.5993250019382685
1787195992.2070973,5.49811099699582
1787195992.2255816,6.141737001598813
1787195992.2323108,4.985835999832489
1787195992.233315,4.11597199854441
1787195992.2748759,4.199341998173622
1787195992.3167088,3.363703999639256
1787195992.3230772,3.7989359989296645
1787195992.3838782,47.19313999885344
1787195992.4465432,8.433301998593379
1787195992.4504218,8.927554001274984
1787195992.451368,7.843000999855576
1787195992.5059917,3.860157998133218
1787195992.5067656,3.4456649991625454
1787195992.633038,5.83980800001882
1787195992.693851,3.7876079986745026
1787195992.7073064,4.5853200026613194
1787195992.7457352,5.79127899982268
1787195992.795192,3.8407629981520586
1787195992.8049464,2.9561020019173156
1787195992.8719165,48.52841200045077
1787195992.908178,2.891202999308007
1787195992.9115145,2.6242950007144827
1787195992.9129539,2.687004998733755
1787195992.9558477,4.328513001382817
1787195993.056047,4.700314999354305
1787195993.096857,4.6287939985631965
1787195993.099044,4.808325000340119
1787195993.1030312,3.6367540014907718
1787195993.121705,3.2183200019062497
1787195993.1385674,3.236884000216378
1787195993.141701,2.931536000687629
1787195993.172303,47.45823799748905
1787195993.1725335,45.979940998222446
1787195993.1933184,5.999863999022637
1787195993.196093,45.43514400211279
1787195993.2145286,3.750761999981478
1787195993.3573418,7.141647998651024
1787195993.3595648,7.009021999692777
1787195993.3599699,4.782129999512108
1787195993.4199595,47.09145400192938
1787195993.4242127,3.0122139978630003
1787195993.46343,3.5971449979115278
1787195993.4751863,3.6854870013485197
1787195993.5211864,3.0450620033661835
1787195993.5243392,2.890310999646317
1787195993.5653212,5.019567000999814
1787195993.6104765,3.568912998161977
1787195993.6156902,4.019239997433033
1787195993.6519234,50.795423001545714
1787195993.684853,4.794189000676852
1787195993.7086155,48.47647199858329
1787195993.7261543,4.107173997908831
1787195993.7624712,3.414712999074254
1787195993.7645502,3.111899997747969
1787195993.7670722,2.370260001043789
1787195993.7842805,45.49404799763579
1787195993.8112957,3.2049790024757385
1787195993.8615813,3.0945220023568254
1787195993.8685522,2.9353739992075134
1787195993.879922,46.75148999740486
1787195993.9055262,3.232302999094827
1787195993.9204595,45.099547001882456
1787195993.9277034,4.759940999065293
1787195993.957963,3.0150630009302404
1787195993.9726863,2.6488960029382724
1787195993.9817574,3.1224749982357025
1787195993.9922729,44.54626100050518
1787195994.0043242,44.16298200158053
1787195994.0558784,3.135792001558002
1787195994.062937,3.001196000695927
1787195994.1203094,43.462672001624014
1787195994.1255586,3.91460000173538
1787195994.1843002,52.01279800166958
1787195994.2010078,4.3602420009847265
1787195994.2367492,3.309978001198033
1787195994.2426991,3.0888359979144298
1787195994.2438676,45.438728000590345
1787195994.249708,2.9538669987232424
1787195994.3007083,46.4297139988048
1787195994.3047733,45.84160100057488
1787195994.3089352,6.282233000092674
1787195994.3384583,4.478803999518277
1787195994.3790357,46.48828499921365
1787195994.3814242,3.2221789988398086
1787195994.4045541,3.732069002580829
1787195994.4387178,3.8701659977959935
1787195994.4511378,46.38643400176079
1787195994.4791183,47.46806799812475
1787195994.4807248,3.853218000585912
1787195994.5212064,3.2146720004675444
1787195994.5303624,4.559037999570137
1787195994.5712755,3.090426998824114
1787195994.6166263,5.7546470015950035
1787195994.6773348,3.151777000311995
1787195994.7273095,6.074478002119577
1787195994.7316303,46.22302500138176
1787195994.7874298,2.6225490000797436
1787195994.837795,5.8118470005865674
1787195994.8480108,45.902931997261476
1787195994.9629135,6.498667000414571
1787195994.9962065,4.002677000244148
1787195994.9970164,3.720257001987193
1787195995.04216,6.276693999097915
1787195995.2010896,4.6602490001532715
1787195995.2021472,4.14498200188973
1787195995.2492344,6.066843001462985
1787195995.2496278,4.206016001262469
1787195995.2521226,4.186705999018159
1787195995.2588408,3.318016002594959
1787195995.3381054,3.8021380023565143
1787195995.3959446,4.463408000447089
1787195995.418036,3.5699990003195126
1787195995.42026,3.745679001440294
1787195995.4475632,46.361538999917684
1787195995.4925592,6.208617000083905
1787195995.5030167,49.24029399990104
1787195995.5135634,3.443047000473598
1787195995.5323598,3.5126090006087907
1787195995.6070259,47.16540599838481
1787195995.63802,3.312789001938654
1787195995.7021575,3.720215998328058
1787195995.714865,43.55735700301011
1787195995.7586799,5.969710000499617
1787195995.7939954,5.724480000935728
1787195995.8213122,2.9792189998261165
1787195995.827438,2.6699070003814995
1787195995.8427272,3.3548770006746054
1787195995.8632662,3.4427550017426256
1787195995.8690004,2.6963380005327053
1787195995.9004965,3.832727001281455
1787195995.914918,49.51727700245101
1787195995.9255543,3.1919110006128903
1787195995.9286082,2.813060000335099
1787195995.9469635,44.55151799993473
1787195995.9654636,2.77950400050031
1787195995.9882424,3.675255000416655
1787195995.995193,43.77366400149185
1787195996.004888,3.3388090014341287
1787195996.0468915,46.516286998667056
1787195996.0532339,3.1335259991465136
1787195996.074999,46.814966000965796
1787195996.0983987,3.756672998861177
1787195996.113624,3.8467840022349264
1787195996.1330147,3.074793999985559
1787195996.176705,4.6959399987827055
1787195996.1824706,3.153748002659995
1787195996.1868284,3.1661339999118354
1787195996.1870615,44.76514199996018
1787195996.275138,3.9476429992646445
1787195996.3789346,5.98463600181276
1787195996.4476311,53.44347400023253
1787195996.5021374,4.786924997461028
1787195996.5662873,5.350289000489283
1787195996.5866914,5.744108002545545
1787195996.6217551,6.178171999636106
1787195996.658935,46.006069002032746
1787195996.7069278,6.138175001979107
1787195996.718377,5.049603998486418
1787195996.7650425,2.799375000904547
1787195996.7669055,47.30819500036887
1787195996.7832625,4.398821998620406
1787195996.787902,3.367247001733631
1787195996.790752,2.6498480001464486
1787195996.8370986,5.220198003371479
1787195996.8449528,4.301891000068281
1787195996.866925,50.809006999770645
1787195996.8826618,2.7900189998035785
1787195996.9412858,3.7858930008951575
1787195996.9470017,47.64479300138191
1787195996.9595773,3.0403730015677866
1787195997.0453777,4.553353999654064
1787195997.0930629,3.945898999518249
1787195997.0947807,3.045850000489736
1787195997.1245458,5.194444998778636
1787195997.1522355,5.913600998610491
1787195997.1595092,5.009152999264188
1787195997.1958156,3.1116099999053404
1787195997.1999123,3.1744810003146995
1787195997.2034369,47.21149900069577
1787195997.2682893,3.6322609994385857
1787195997.271085,48.09642400141456
1787195997.288658,2.9466080013662577
1787195997.3308532,3.9552570015075617
1787195997.373523,4.105332998733502
1787195997.3841205,3.810017999057891
1787195997.4310322,4.084378000698052
1787195997.4327116,4.623726999852806
1787195997.478912,44.80024900112767
1787195997.5071576,45.880845998908626
1787195997.5421133,6.333325000014156
1787195997.5628686,5.293916001392063
1787195997.5911417,47.99587699744734
1787195997.6089675,3.2844770030351356
1787195997.626362,3.80242200117209
1787195997.6409318,4.637422000087099
1787195997.6565673,3.9014710018818732
1787195997.6631668,50.038027999107726
1787195997.7066796,3.08612599837943
1787195997.7098851,2.9501700009859633
1787195997.8318262,6.35322299785912
1787195997.8699412,4.338586000812938
1787195997.9044485,5.54496100085089
1787195997.964688,4.627402999176411
1787195998.032178,5.879632000869606
1787195998.0611324,5.555422998440918
1787195998.0916739,49.24977799964836
1787195998.1051855,4.361376999440836
1787195998.1074355,4.739397001685575
1787195998.1434913,47.849626000243006
1787195998.1981964,6.090326001867652
1787195998.2590318,52.453511001658626
1787195998.2609231,3.2431559993710835
1787195998.3109558,46.27297699698829
1787195998.329786,2.7367619986762293
1787195998.3615153,5.940995000855764
1787195998.4100952,6.588686999748461
1787195998.4534087,5.529538000700995
1787195998.4544733,4.403612001624424
1787195998.5075057,48.51731899907463
1787195998.5252318,4.025336002086988
1787195998.565483,4.805118001968367
1787195998.588365,5.4541499994229525
1787195998.628664,3.0145710006763693
1787195998.6393256,47.217557999829296
1787195998.6549103,4.758658000355354
1787195998.6573267,4.72380200153566
1787195998.6590655,3.253584000049159
1787195998.7006476,3.644906002591597
1787195998.715056,47.84988200117368
1787195998.7573671,2.7333489997545257
1787195998.7676768,2.8427510005712975
1787195998.7779298,3.293661000498105
1787195998.79691,4.443996000190964
1787195998.8081207,4.734886999358423
1787195998.8313549,3.03429099949426
1787195998.8366272,2.9682349995709956
1787195998.8679893,3.0319819998112507
1787195998.8709662,46.211619999667164
1787195998.8793337,2.854853999451734
1787195998.9301412,3.0198999993444886
1787195998.930884,44.31474299781257
1787195998.9462233,3.374756997800432
1787195998.979076,47.982721000153106
1787195998.979777,3.343648000736721
1787195998.999087,48.61873499976355
1787195999.0335047,3.5039329995925073
1787195999.0414467,3.1501900011789985
1787195999.0449395,3.2420089992228895
1787195999.0709465,46.54633499740157
1787195999.095432,46.51316899980884
1787195999.2013202,4.264742001396371
1787195999.2061496,3.0572249997931067
1787195999.2582636,3.608998998970492
1787195999.2618198,2.863484998670174
1787195999.2733028,3.7521880003623664
1787195999.3143914,7.307209001737647
1787195999.3153546,5.678278001141734
1787195999.3417292,5.040838997956598
1787195999.3598619,3.00546300059068
1787195999.3759103,3.0815289974270854
1787195999.459714,2.958920998935355
1787195999.535584,49.12070899808896
1787195999.5457184,6.558209999639075
1787195999.563161,4.273138001735788
1787195999.6077487,43.635312002152205
1787195999.6463094,4.700497000158066
1787195999.6555371,4.19382999825757
1787195999.6830223,43.84234100143658
1787195999.7541637,3.9269640001293737
1787195999.7605076,3.0003939973539673
1787195999.8260996,5.899896998016629
1787195999.9040046,4.965037001966266
1787195999.9355948,6.211436000739923
1787195999.9861867,3.9214839998749085
1787196000.0013278,3.0350300003192388
1787196000.0496798,3.097893000813201
1787196000.0790646,48.573039999610046
1787196000.1149304,3.7763950022053905
1787196000.1152208,44.359142000757856
1787196000.1168053,3.28906900176662
1787196000.3655162,3.8129679996927734
1787196000.3896873,3.119892000540858
1787196000.3934104,3.3217320014955476
1787196000.405458,3.32133700067061
1787196000.4317508,4.966050997609273
1787196000.4595685,46.333857000718126
1787196000.4673295,6.0083319986006245
1787196000.5233912,3.7589489984384272
1787196000.5697825,3.090877999056829
1787196000.6254148,5.30464999974356
1787196000.6795335,48.6931099985668
1787196000.6932957,6.114874999184394
1787196000.7430205,4.625052999472246
1787196000.7472806,45.459305998519994
1787196000.8018475,4.307551000238163
1787196000.8026283,3.7920610011497047
1787196000.8797195,45.74230800062651
1787196000.893916,6.130273999588098
1787196000.9610574,3.993200996774249
1787196000.9673104,49.09451200001058
1787196001.001854,3.5127419978380203
1787196001.012243,4.166288999840617
1787196001.0657892,5.863785001565702
1787196001.109225,5.826762000651797
1787196001.145288,3.960731999541167
1787196001.1526837,3.225712000130443
1787196001.186364,5.636542002321221
1787196001.226688,4.843479000555817
1787196001.2329578,4.139383003348485
1787196001.29502,3.6080149984627496
1787196001.3231082,3.8179289986146614
1787196001.3388674,2.779205002298113
1787196001.3717766,47.66970600030618
1787196001.400881,6.226893001439748
1787196001.4110494,6.1198219991638325
1787196001.4430778,3.1858830006967764
1787196001.5127068,5.9769059989776
1787196001.521129,5.3686610008298885
1787196001.5677948,48.75442299817223
1787196001.6234329,46.310735000588465
1787196001.6789658,6.328135001240298
1787196001.679946,4.945122000208357
1787196001.680698,6.1254659995029215
1787196001.7122972,5.441663997771684
1787196001.779483,3.713963997142855
1787196001.8047183,3.919065999070881
1787196001.8212624,3.8958219993219245
1787196001.8737936,3.465461002633674
1787196001.9074872,4.124302002310287
1787196001.9727886,4.388696997921215
1787196001.9980881,3.314203000627458
1787196002.037701,4.037119997519767
1787196002.0592055,2.7785089987446554
1787196002.0922923,6.070476996683283
1787196002.144196,5.496071000379743
1787196002.1709304,52.06227699818555
1787196002.204973,5.589300999417901
1787196002.2334816,6.411925001884811
1787196002.2542152,5.923534998146351
1787196002.275236,2.989804001117591
1787196002.298319,3.175681002176134
1787196002.3314123,46.507915998518
1787196002.3552513,4.337827002018457
1787196002.397627,3.1774020026205108
1787196002.5055625,5.649251001159428
1787196002.5254192,5.53808100085007
1787196002.5767865,4.500999999436317
1787196002.6135583,4.565262999676634
1787196002.6588588,6.013268000970129
1787196002.7469442,7.690146998356795
1787196002.7488928,7.388679001451237
1787196002.8057792,2.981374000228243
1787196002.8136804,3.5725669986277353
1787196002.819341,45.56457599755959
1787196002.877977,4.233138999552466
1787196002.8948343,47.23291800110019
1787196002.942822,4.635368000890594
1787196002.9531226,4.381196002213983
1787196003.0071537,3.311045998998452
1787196003.0239458,2.729258001636481
1787196003.103652,3.9067170000635087
1787196003.132769,4.67831199784996
1787196003.1365504,3.432033998251427
1787196003.1965408,4.507732002821285
1787196003.2014735,4.349741000623908
1787196003.2479277,46.26394399747369
1787196003.271276,43.34104900044622
1787196003.2731085,5.93188000129885
1787196003.326244,2.9948840019642375
1787196003.3294976,3.018859999428969
1787196003.3513439,45.67880399918067
1787196003.3587298,4.355404002126306
1787196003.3703063,3.489105001790449
1787196003.4029152,4.511168001045007
1787196003.4046857,4.090597998583689
1787196003.4189656,43.473688998346915
1787196003.442859,45.78333099925658
1787196003.4439716,2.741464999417076
1787196003.4761028,4.342830001405673
1787196003.4916708,4.221893999783788
1787196003.5109696,44.98133600282017
1787196003.5192153,3.0123539982014336
1787196003.5468445,3.088297999056522
1787196003.5795887,46.90320000008796
1787196003.6687956,4.35087300138548
1787196003.6809409,6.229318998521194
1787196003.68313,4.309019997890573
1787196003.7085068,6.558961998962332
1787196003.7313886,4.010980002931319
1787196003.7448866,2.8187210009491537
1787196003.75202,48.170390000450425
1787196003.7538738,3.00321100075962
1787196003.7676122,44.15735099973972
1787196003.7779195,3.4178389978478663
1787196003.8040817,46.933852001529885
1787196003.8064837,4.9165599994012155
1787196003.8309758,45.7810329971835
1787196003.8493211,3.548208002030151
1787196003.885344,3.107846001512371
1787196003.946938,46.63116700248793
1787196004.0540416,2.8203760011820123
1787196004.1293359,2.703178997762734
1787196004.2301497,4.968780998751754
1787196004.2980468,5.931825999141438
1787196004.3503594,4.045372999826213
1787196004.4168613,5.895014997804537
1787196004.442654,4.707583000708837
1787196004.4580545,3.2357100026274566
1787196004.4915547,47.97952100125258
1787196004.5687282,3.054690001590643
1787196004.571536,2.6115099972230382
1787196004.6153045,6.06245600283728
1787196004.6462648,4.494548000366194
1787196004.6487055,5.062102001829771
1787196004.6793132,3.3287939986621495
1787196004.755279,4.2145909974351525
1787196004.782392,3.3539920004841406
1787196004.832959,6.034488000295823
1787196004.8617587,4.7001349994388875
1787196004.8828206,3.043139000510564
1787196004.8953853,48.075770999275846
1787196004.9227629,5.854948001797311
1787196004.9599612,5.0499360004323535
1787196004.9649673,4.6374820012715645
1787196004.967044,44.256567998672836
1787196004.9689674,5.556703999900492
1787196005.0278945,4.646805999072967
1787196005.048423,4.133684000407811
1787196005.0589666,3.748653001821367
1787196005.0744712,2.9504269987228326
1787196005.082858,47.89590099971974
1787196005.091313,3.0105210025794804
1787196005.1029706,45.400304999930086
1787196005.1216877,3.9531940019514877
1787196005.232686,3.638090998720145
1787196005.2358136,3.8379680008802097
1787196005.254173,3.524148996802978
1787196005.2809012,3.6615239987440873
1787196005.2960818,3.648653997515794
1787196005.3030403,44.74481099896366
1787196005.3247733,3.391338999790605
1787196005.333975,3.1758279983478133
1787196005.355687,46.1651969999366
1787196005.3792403,3.917648999049561
1787196005.4248366,3.1532380016869865
1787196005.5078309,4.573204998450819
1787196005.5242136,5.042357999627711
1787196005.529527,3.6066169996047392
1787196005.5873237,44.61108200121089
1787196005.6011221,3.2028870009526145
1787196005.6090431,3.0128580001473892
1787196005.620698,3.052830001252005
1787196005.62133,2.914405002229614
1787196005.6312256,2.8440330024750438
1787196005.6676483,46.304379000503104
1787196005.6922338,5.358056001568912
1787196005.7180767,3.0099560026428662
1787196005.7368782,3.128242999082431
1787196005.7624261,3.0107159982435405
1787196005.79272,45.10872900209506
1787196005.7958071,4.735053000331391
1787196005.845722,3.801817001658492
1787196005.8575928,2.989762000652263
1787196005.8711338,45.324378999794135
1787196005.8906426,7.331536999117816
1787196005.9349527,49.13930800103117
1787196006.0054967,3.3813039990491234
1787196006.094496,2.759914998023305
1787196006.1147954,3.0203189999156166
1787196006.1499994,5.604731999483192
1787196006.1517584,3.817024997260887
1787196006.1832874,5.234238000412006
1787196006.211236,47.24298300061491
1787196006.241806,3.6043100008100737
1787196006.2772176,3.4004829976765905
1787196006.307841,44.089153001550585
1787196006.3838968,44.598770000447985
1787196006.4257824,6.246196000574855
1787196006.4281766,5.758545001299353
1787196006.4709888,5.279308003082406
1787196006.4806364,5.011487999581732
1787196006.537046,3.556182000465924
1787196006.5537963,3.072889998293249
1787196006.6306381,6.505891000415431
1787196006.6330295,4.695591000199784
1787196006.6349971,52.345387997775106
1787196006.6819897,4.174555000645341
1787196006.7461474,3.797841000050539
1787196006.7577202,2.8717759996652603
1787196006.7989058,4.7015429991006386
1787196006.8033664,46.125445998768555
1787196006.8188202,5.910921001486713
1787196006.9116144,5.278092998196371
1787196006.9122453,4.359599999588681
1787196006.9285557,5.048615999839967
1787196006.936694,4.65276199975051
1787196006.9833715,44.74241199932294
1787196006.9954376,44.1305829990597
1787196007.0586314,3.7056560031487606
1787196007.1516273,3.6503769988485146
1787196007.2086275,5.643775999487843
1787196007.211104,4.5163830000092275
1787196007.2232924,45.594529998197686
1787196007.2590756,45.81029899782152
1787196007.2803524,3.9375759988615755
1787196007.3192794,4.268494001735235
1787196007.3630617,46.6624069995305
1787196007.4017062,4.589009000483202
1787196007.4519978,6.522318002680549
1787196007.4547114,5.445318001875421
1787196007.5239565,6.687030003377004
1787196007.5290632,4.638899001292884
1787196007.5638895,5.809860998851946
1787196007.566083,4.259973997250199
1787196007.5916233,3.74942700000247
1787196007.6357884,45.29393600023468
1787196007.6440525,10.477552001248114
1787196007.645946,8.24989000102505
1787196007.6468513,9.705738000775455
1787196007.6870308,45.97863199887797
1787196007.710503,3.9460719999624416
1787196007.7113833,3.9046700003382284
1787196007.7473288,3.3200249999936204
1787196007.7719557,5.233498999587027
1787196007.7938478,3.8973189984972123
1787196007.7942338,3.2393099972978234
1787196007.8859835,4.299737000110326
1787196007.9193377,3.001960998517461
1787196007.9313192,45.155297997553134
1787196007.9776363,3.5512469985405914
1787196008.0100555,2.6827179972315207
1787196008.0343122,3.7653340004908387
1787196008.035095,46.69948300215765
1787196008.1340466,2.7536499983398244
1787196008.1906664,6.044114001269918
1787196008.1940386,6.036132999724941
1787196008.2298179,3.9887509992695414
1787196008.2455006,4.4959469996683765
1787196008.2910058,52.02124399875174
1787196008.3150282,3.1596020016877446
1787196008.3278656,2.734130001044832
1787196008.3472755,45.28622099678614
1787196008.4029984,48.60290099895792
1787196008.5377674,5.816894998133648
1787196008.56029,5.84436899953289
1787196008.5814698,6.021451998094562
1787196008.5996826,6.278331999055808
1787196008.6549683,5.177528000785969
1787196008.6926668,7.521482999436557
1787196008.6944122,7.075909001287073
1787196008.7016385,4.198885999358026
1787196008.7292671,3.9084470008674543
1787196008.7549257,44.30582399800187
1787196008.771389,44.99962000045343
1787196008.819143,44.41827800110332
1787196008.8287973,3.74500399993849
1787196008.8940363,48.81373600073857
1787196008.896007,6.419591998565011
1787196008.8972785,4.890318999969168
1787196008.985047,4.816131000552559
1787196008.9912941,3.8468629973067436
1787196009.027966,3.9411549987562466
1787196009.0472229,3.0351179993886035
1787196009.0663218,3.340980998473242
1787196009.1037025,46.117516001686454
1787196009.1229453,6.672174000414088
1787196009.1525984,3.192492000380298
1787196009.1915176,3.4485130017856136
1787196009.2028122,4.138447002333123
1787196009.2034202,3.2501729983778205
1787196009.2193518,45.421359998726984
1787196009.2407408,3.5850290005328134
1787196009.2549942,44.12003899778938
1787196009.2802973,2.6676979978219606
1787196009.318171,6.211506999534322
1787196009.3198361,3.6842009976680856
1787196009.3299358,4.3397289991844445
1787196009.3915555,46.54530300103943
1787196009.4180524,5.61283699789783
1787196009.4387918,4.24579000173253
1787196009.4736414,3.777758000069298
1787196009.5443518,3.5334750027686823
1787196009.5471604,48.26953500014497
1787196009.566993,2.7351239987183362
1787196009.591805,4.104642001038883
1787196009.5937593,3.2883429994399194
1787196009.6316853,48.09667700101272
1787196009.6628573,48.22076799973729
1787196009.6868649,2.8053489986632485
1787196009.733546,5.3052160001243465
1787196009.739477,4.541046000667848
1787196009.7708998,50.921471000037855
1787196009.779972,2.9851740000594873
1787196009.7909842,44.36598000029335
1787196009.8477583,47.45797500072513
1787196009.859394,4.3907469989790116
1787196009.898101,3.0536379999830388
1787196009.91117,44.39016999822343
1787196009.9663079,3.959657002269523
1787196009.9926848,2.97382899952936
1787196010.006062,2.959637000458315
1787196010.0159929,3.292774003057275
1787196010.0634825,44.47295299905818
1787196010.0682843,4.770314997585956
1787196010.0768268,3.8708430001861416
1787196010.1388135,6.263167000724934
1787196010.1857529,5.171480999706546
1787196010.2038321,2.8836170022259466
1787196010.2296631,3.809177000221098
1787196010.2552936,43.59975899933488
1787196010.2716806,4.503027997998288
1787196010.3066652,3.3677909996185917
1787196010.3508093,4.908844999590656
1787196010.3661141,3.4118429975933395
1787196010.3728054,3.402632999495836
1787196010.4238865,4.8312850012735
1787196010.4248023,4.285014001652598
1787196010.4485936,4.224442000122508
1787196010.5031474,3.47835999855306
1787196010.5652616,3.2944339982350357
1787196010.6218572,5.841445999976713
1787196010.6884782,4.108810000616359
1787196010.807221,4.0316400009032805
1787196010.8444712,6.325737002043752
1787196010.84521,4.759467999974731
1787196010.876263,4.288693999114912
1787196010.9149258,49.30279099789914
1787196010.9472604,45.275930999196135
1787196010.9818,2.8919440010213293
1787196011.0872445,6.007922002027044
1787196011.218274,7.424569001159398
1787196011.219642,6.488484999863431
1787196011.2616596,6.097009998484282
1787196011.3057358,6.3354410012834705
1787196011.3275402,4.355348999524722
1787196011.328307,3.958296998462174
1787196011.5165176,6.143515998701332
1787196011.5313761,5.03691799895023
1787196011.5445118,4.6032840000407305
1787196011.5499976,3.9766329973645043
1787196011.5677679,48.61295299997437
1787196011.5873682,4.365649001556449
1787196011.5886223,3.961356997024268
1787196011.6390862,2.9596160020446405
1787196011.6588778,47.70798299796297
1787196011.6992586,45.100976996764075
1787196011.7204244,5.812041003082413
1787196011.746934,50.63831000006758
1787196011.7483451,3.1529780026176013
1787196011.7589564,46.09032599910279
1787196011.775322,47.47448800117127
1787196011.8741593,3.5828500003844965
1787196011.941143,6.083262000174727
1787196011.9679031,5.860335000761552
1787196012.0273576,6.2646389997098595
1787196012.0385973,5.790130002424121
1787196012.0484145,3.1824510006117634
1787196012.0748122,3.78610400002799
1787196012.0761447,2.8734810002788436
1787196012.0829914,44.372518997988664
1787196012.127385,46.35860700000194
1787196012.1295798,5.737698000302771
1787196012.205319,4.415405997860944
1787196012.2530348,3.924517997802468
1787196012.2617865,2.994041999045294
1787196012.2628822,46.58962900066399
1787196012.3542035,4.93647300027078
1787196012.3621037,4.244026000378653
1787196012.4074051,48.183798000536626
1787196012.4170125,4.61658600033843
1787196012.4270172,3.88927400126704
1787196012.4352899,45.942763001221465
1787196012.4589865,48.810774002049584
1787196012.4789255,47.49996700047632
1787196012.479073,45.004641000559786
1787196012.49811,3.3321400005661417
1787196012.511064,44.64548900068621
1787196012.6320808,5.146845000126632
1787196012.656617,4.507675999775529
1787196012.685931,3.1487870001001284
1787196012.7036448,46.92103200068232
1787196012.78028,3.6516059990390204
1787196012.7923555,2.8911789995618165
1787196012.81939,4.097734999959357
1787196012.847864,46.70199199972558
1787196012.9320674,6.314718000794528
1787196012.9974906,3.7841029989067465
1787196013.0506985,3.3311939987470396
1787196013.0848033,3.843763999611838
1787196013.1076243,2.9198459997132886
1787196013.1590354,47.14748499827692
1787196013.2042663,3.6939659985364415
1787196013.2444122,4.873676996794529
1787196013.247442,43.03855899706832
1787196013.2997074,4.1026760009117424
1787196013.326865,2.9863109994039405
1787196013.3473883,47.421071998542175
1787196013.3566277,3.1248640007106587
1787196013.3797479,44.688743000733666
1787196013.395042,44.59200800192775
1787196013.4332147,2.646747998369392
1787196013.4515545,46.235290999902645
1787196013.4967382,6.04850899981102
1787196013.5001597,4.80097300169291
1787196013.5410903,3.205160999641521
1787196013.5634,44.093470998632256
1787196013.588741,5.980469999485649
1787196013.5992682,47.61673499888275
1787196013.6068363,4.7023420011100825
1787196013.6196306,2.97454500105232
1787196013.6294303,3.146737999486504
1787196013.6469383,43.48196200226084
1787196013.7033656,43.589221000729594
1787196013.732575,3.1151189978118055
1787196013.762027,4.16795499768341
1787196013.7835152,44.203162997291656
1787196013.8291023,4.1845000014291145
1787196013.8389478,45.64574100004393
1787196013.8577592,3.6048850015504286
1787196013.8913753,45.352478002314456
1787196013.951047,3.1150469985732343
1787196013.9644358,4.28386899875477
1787196013.9846895,2.6737189982668497
1787196014.0229795,48.23780200240435
1787196014.0367644,3.4056180011248216
1787196014.078653,5.4793150011391845
1787196014.1155572,4.506334000325296
1787196014.1419406,2.7157799995620735
1787196014.146836,50.123453002015594
1787196014.23168,3.66081000174745
1787196014.291383,43.54545499882079
1787196014.4045506,5.547636999835959
1787196014.5063834,5.666861998179229
1787196014.6116693,6.080249000660842
1787196014.6830382,5.754038000304718
1787196014.7443912,6.6838929997175
1787196014.7790349,3.959473000577418
1787196014.859469,4.402238999318797
1787196014.87805,4.425803999765776
1787196014.9228797,6.149544999061618
1787196014.9353461,6.432051999581745
1787196015.0401626,6.103224000980845
1787196015.0474448,4.714521997811971
1787196015.071631,3.1775819988979492
1787196015.0870197,46.382734002690995
1787196015.1118736,5.902425000385847
1787196015.130831,6.437418000132311
1787196015.1314034,46.735452000575606
1787196015.1749148,3.649446000054013
1787196015.1829545,45.77036100090481
1787196015.2111027,4.71707000178867
1787196015.239696,3.64326600174536
1787196015.2943194,3.058086000237381
1787196015.3213549,5.839427998580504
1787196015.363436,47.32612099905964
1787196015.4003568,48.021450002124766
1787196015.4027085,3.5664889983308967
1787196015.406305,2.7890329984074924
1787196015.4191883,4.519684996921569
1787196015.4201674,3.7161170002946164
1787196015.4712577,45.62382699805312
1787196015.516145,4.255831001501065
1787196015.5711417,46.63624800014077
1787196015.5883336,2.809224999509752
1787196015.6216466,5.60851000045659
1787196015.6511173,6.231913997908123
1787196015.696771,3.548251999745844
1787196015.7194724,3.0583260013372637
1787196015.7230344,3.0277840014605317
1787196015.7783186,7.587865999084897
1787196015.7809994,5.969560999801615
1787196015.8177862,2.664506002474809
1787196015.8553576,5.387589000747539
1787196015.883789,6.570708999788621
1787196015.9756196,5.960137001238763
1787196016.053553,5.570358000113629
1787196016.0701363,6.093424999562558
1787196016.1201,3.3943420021387283
1787196016.1353257,3.48304100043606
1787196016.1354942,47.908584001561394
1787196016.17177,6.020124998030951
1787196016.2483575,2.7612359990598634
1787196016.3180645,4.409453998960089
1787196016.3187568,3.3468029978394043
1787196016.3790286,45.345029000600334
1787196016.4220133,3.507443001581123
1787196016.4604783,3.1409559996973258
1787196016.5059037,4.080042999703437
1787196016.5224025,3.718502997799078
1787196016.5389895,50.18011299762293
1787196016.5508347,2.9350120021263137
1787196016.558979,49.48262799734948
1787196016.58481,3.4026079993054736
1787196016.5966268,3.9435560029232875
1787196016.6367595,3.6565980008163024
1787196016.6386547,3.8152980014274362
1787196016.6585991,3.323124001326505
1787196016.6710794,45.42996700183721
1787196016.702042,3.8110650020826142
1787196016.7349792,43.32096099824412
1787196016.7632413,46.59904399886727
1787196016.7827973,3.2115040012286045
1787196016.8100517,2.9906540003139526
1787196016.8843083,7.928966002509696
1787196016.885032,5.315366001013899
1787196016.8872228,5.6662679999135435
1787196016.9277284,6.560850997630041
1787196016.968658,4.207943999062991
1787196016.98113,4.325681002228521
1787196016.9905372,3.648993999377126
1787196017.0069954,3.195162000338314
1787196017.0430415,48.915154999122024
1787196017.0548565,45.76837100103148
1787196017.0808423,2.9497350005840417
1787196017.1058915,4.558675002044765
1787196017.1338887,4.070652998052537
1787196017.1519103,3.002957997523481
1787196017.1989481,3.5113090016238857
1787196017.256441,4.536664000625024
1787196017.29536,3.062241001316579
1787196017.3029718,3.567435000149999
1787196017.3421335,4.364861000794917
1787196017.3662953,2.899082999647362
1787196017.3748848,45.96915100046317
1787196017.3996217,44.27094299899181
1787196017.4100764,3.46356899899547
1787196017.4228165,3.3311040024273098
1787196017.4564779,4.005915998277487
1787196017.475072,44.280906000494724
1787196017.4807112,3.218357000150718
1787196017.4869215,44.65227699984098
1787196017.507183,44.33046499980264
1787196017.5589511,44.764148002286674
1787196017.6147532,3.946740998799214
1787196017.6157153,3.626264999184059
1787196017.7147894,5.881880002561957
1787196017.7214365,5.711712001357228
1787196017.7998073,49.67063199728727
1787196017.8462746,6.028206000337377
1787196017.9727228,3.25285000144504
1787196017.996887,3.3419959981983993
1787196018.0186465,3.5707930001080967
1787196018.0551686,45.41600399898016
1787196018.0699496,3.7400629989861045
1787196018.0991719,2.963142000226071
1787196018.099338,48.33769700053381
1787196018.1275234,45.810401999915484
1787196018.1462238,5.039174000557978
1787196018.2380936,6.484631998318946
1787196018.3136685,8.584503000747645
1787196018.3175766,7.84539799860795
1787196018.3293452,3.2908200009842403
1787196018.3657253,3.5622159994090907
1787196018.3662493,2.920015998824965
1787196018.398826,4.598523002641741
1787196018.4380674,6.788328999391524
1787196018.4393177,6.087275000027148
1787196018.4773195,4.848862998187542
1787196018.5266006,3.158376999635948
1787196018.5310497,44.065148998925
1787196018.5751317,4.909774001134792
1787196018.6099858,2.935089996753959
1787196018.623073,44.91472900190274
1787196018.6343517,4.533423998509534
1787196018.7012424,3.363469000760233
1787196018.7109127,3.2380890006606933
1787196018.759267,44.99687499992433
1787196018.8237839,4.005206999863731
1787196018.8458066,3.3091590012190863
1787196018.853552,3.6086699983570725
1787196018.8956988,4.232598999806214
1787196018.910939,44.74599600143847
1787196018.9202287,3.3127479982795194
1787196019.045885,3.063806001591729
1787196019.1151726,44.490814998425776
1787196019.1587071,5.238137000560528
1787196019.2140734,4.070208997291047
1787196019.2349782,44.27986500013503
1787196019.2608352,6.820022001193138
1787196019.2857382,5.4584639983659144
1787196019.3015938,4.336277001129929
1787196019.3444896,2.960630001325626
1787196019.3519063,2.9945000023872126
1787196019.36011,3.415560000576079
1787196019.413021,3.1498930002271663
1787196019.423041,45.172228001320036
1787196019.4281838,3.0469479970633984
1787196019.4468174,3.081090999330627
1787196019.479378,47.057155999937095
1787196019.5495017,3.1742249993840232
1787196019.596911,4.597364997607656
1787196019.6974943,6.169259999296628
1787196019.7095914,5.933002998062875
1787196019.7241964,5.541269001696492
1787196019.878259,6.400232003215933
1787196019.881119,6.251896000321722
1787196019.9037206,3.7095950028742664
1787196019.9111528,3.6677349999081343
1787196019.9316719,45.3544280026108
1787196019.943051,44.646040001680376
1787196019.9572413,3.5026699988520704
1787196020.0082219,3.06651599748875
1787196020.0513093,4.170811000221875
1787196020.0599167,45.1613900004304
1787196020.0626683,4.521044000284746
1787196020.1017253,4.301585999201052
1787196020.1119635,4.180870000709547
1787196020.149391,4.075282002304448
1787196020.1511133,44.66641500039259
1787196020.173767,3.9459520012314897
1787196020.1869817,45.82954400029848
1787196020.2151926,47.704254000564106
1787196020.2207663,3.536847998475423
1787196020.2318196,49.91303699716809
1787196020.2337122,3.2291309980791993
1787196020.237037,2.9306430005817674
1787196020.2430449,46.4720589989156
1787196020.2749643,50.089868000213755
1787196020.3274648,47.58324599970365
1787196020.3872235,6.4308840010198765
1787196020.39539,52.40412499915692
1787196020.4279923,6.071042000257876
1787196020.4290931,4.70185399899492
1787196020.4389277,4.025558999273926
1787196020.4751647,49.36066899972502
1787196020.5006843,3.950631999032339
1787196020.575797,5.610599000647198
1787196020.625668,4.990989000361878
1787196020.626659,4.740178999782074
1787196020.6304657,3.78279699725681
1787196020.7074254,47.25435000000289
1787196020.726797,6.998218002991052
1787196020.7502584,5.964441003015963
1787196020.7587857,3.745504996913951
1787196020.7697303,2.991393001138931
1787196020.7789695,47.25252000207547
1787196020.8032286,51.13451099896338
1787196020.823431,46.688288002769696
1787196020.8393457,48.580760001641465
1787196020.8467615,4.709793000074569
1787196020.879218,46.16598100255942
1787196020.9110057,43.14460100067663
1787196020.9645832,4.291486002330203
1787196021.0495808,4.589662999933353
1787196021.101634,3.468705999694066
1787196021.1276307,4.496363999351161
1787196021.1399035,3.550304998498177
1787196021.1433938,2.803996001603082
1787196021.1469388,44.9976100026106
1787196021.1779635,4.075484001077712
1787196021.1950366,44.96102000121027
1787196021.2071872,45.34602900093887
1787196021.238677,4.26044699997874
1787196021.246973,46.28366799806827
1787196021.2780595,3.9173679979285225
1787196021.3551471,46.24368599979789
1787196021.3819478,4.001969999080757
1787196021.395273,4.063776999828406
1787196021.4358797,46.775745002378244
1787196021.4380581,3.59125900286017
1787196021.4734979,3.0738099994778167
1787196021.4952915,5.239185000391444
1787196021.5111036,48.02526999992551
1787196021.5833225,3.8394659968616907
1787196021.6544256,4.312618002586532
1787196021.7110934,46.40484099945752
1787196021.7245362,4.745948001072975
1787196021.7373328,3.539360001013847
1787196021.7873626,46.17579399928218
1787196021.7876275,45.07220500090625
1787196021.8182561,3.5531959983927663
1787196021.8371348,4.407100001117215
1787196021.9033558,4.6452620008494705
1787196021.9092526,4.150503002165351
1787196021.964581,4.049887000292074
1787196022.0216153,5.130514997290447
1787196022.0236459,3.9992349993553944
1787196022.1011193,3.6170080020383466
1787196022.107262,52.42039799850318
1787196022.1414971,3.1980050007405225
1787196022.1572678,2.6383780023024883
1787196022.180566,3.9620499992452096
1787196022.1953952,45.16227100248216
1787196022.2263596,6.103315001382725
1787196022.271453,3.155892001814209
1787196022.3309116,45.26527399866609
1787196022.436643,4.602807999617653
1787196022.437207,4.228534002322704
1787196022.5013216,47.28803699981654
1787196022.5052257,5.872410998563282
1787196022.5505626,4.283784997824114
1787196022.608869,5.062380998424487
1787196022.6210847,5.849940000189235
1787196022.6662574,4.510540002229391
1787196022.6938791,3.443577999860281
1787196022.6960328,4.143336998822633
1787196022.759369,3.903316999640083
1787196022.760107,3.3719489983923268
1787196022.803756,4.28962299702107
1787196022.8406084,5.712792000849731
1787196022.8432333,46.92265199992107
1787196022.9189708,3.908960999979172
1787196023.0339718,6.095794000430033
1787196023.1218424,6.141338002635166
1787196023.1374874,6.430410998291336
1787196023.1394885,5.69437900048797
1787196023.1598818,5.074521999631543
1787196023.1834216,3.191154002706753
1787196023.219492,44.39378000097349
1787196023.2501106,5.543082999793114
1787196023.2518775,3.6023440006829333
1787196023.2565403,3.859543998260051
1787196023.290977,48.830540999915684
1787196023.3005834,3.245234998757951
1787196023.326925,47.44249400027911
1787196023.35955,45.982120998814935
1787196023.3929253,3.077459998166887
1787196023.4063997,2.886612001020694
1787196023.4221401,2.9831120009475853
1787196023.4712434,43.653124001139076
1787196023.473464,6.545662999997148
1787196023.5167747,2.714657002798049
1787196023.5566242,5.507491998287151
1787196023.5581207,5.37057499968796
1787196023.5827305,5.01913100015372
1787196023.5912426,46.404504999372875
1787196023.6251562,3.7174190001678653
1787196023.626078,3.403434999199817
1787196023.6960268,3.291937999165384
1787196023.7619066,5.78191800013883
1787196023.7824023,5.621276999590918
1787196023.7995443,3.8536490028491244
1787196023.8533623,5.079729999124538
1787196023.8595314,3.558513999450952
1787196023.8818135,5.599181997240521
1787196023.883463,48.46885099686915
1787196023.9297812,3.507023000565823
1787196023.9590418,4.963249997672392
1787196024.0166736,3.014206999068847
1787196024.057056,4.775329998665256
1787196024.0837994,47.92432799877133
1787196024.103549,4.864974001975497
1787196024.108909,4.019398998934776
1787196024.1304505,3.033656998013612
1787196024.1308239,45.36903999905917
1787196024.1338553,2.8952850007044617
1787196024.2127934,5.1205519994255155
1787196024.2401648,3.3021060007740743
1787196024.2574046,2.672989998245612
1787196024.2924912,3.249277000577422
1787196024.318785,47.14320399943972
1787196024.3670826,2.992804002133198
1787196024.371166,2.8156169973954093
1787196024.3865938,45.406936998915626
1787196024.4026341,4.714059003163129
1787196024.4226906,45.287401000678074
1787196024.462742,44.887952997669345
1787196024.530553,3.3264180019614287
1787196024.5612214,3.833691000181716
1787196024.5832767,46.345006998308236
1787196024.6292155,4.193245000351453
1787196024.6368897,4.401450998557266
1787196024.6987548,45.0437579966092
1787196024.6996732,5.092760999104939
1787196024.717201,5.4505939988303
1787196024.7579188,3.3857560010801535
1787196024.7626252,44.70497299917042
1787196024.7784789,46.304602998134214
1787196024.8230026,46.295037001982564
1787196024.826835,46.830043000227306
1787196024.9517128,3.6777999994228594
1787196024.970635,4.912005999358371
1787196024.9770503,4.910776002361672
1787196025.0029879,3.2720179988245945
1787196025.0110002,47.3649640007352
1787196025.0187738,45.62813799930154
1787196025.0232565,4.182806998869637
1787196025.04046,5.661374998453539
1787196025.1117475,4.96027199915261
1787196025.1291695,6.048248000297463
1787196025.1305418,5.257656001049327
1787196025.1826208,46.01104399989708
1787196025.267464,3.510500999254873
1787196025.2767808,3.3974180005316157
1787196025.3931737,3.6114409995207097
1787196025.4630346,5.473746998177376
1787196025.5058827,5.921824002143694
1787196025.571123,4.68735400136211
1787196025.581008,3.004969999892637
1787196025.5824468,49.05841100116959
1787196025.6422858,3.6512539991235826
1787196025.6823368,3.3216560004802886
1787196025.686395,3.0372889996215235
1787196025.697184,3.0208889984351117
1787196025.7304006,4.468645998713328
1787196025.8664582,6.68420800138847
1787196025.8680727,6.250618000194663
1787196025.8857656,2.898524999181973
1787196025.923262,46.418612997513264
1787196025.9710884,47.28126099871588
1787196026.038059,3.691772999445675
1787196026.098573,49.095669000962516
1787196026.1036046,2.7828849997604266
1787196026.1075397,2.7012579994334374
1787196026.1853855,5.945737000729423
1787196026.2088006,2.809449000778841
1787196026.3058074,4.651061000913614
1787196026.3153803,3.092857001320226
1787196026.3414602,3.8786329969298095
1787196026.414548,47.840120998444036
1787196026.4739354,6.773848999728216
1787196026.4769034,5.303671001456678
1787196026.5010211,5.857357999047963
1787196026.5305417,48.04366999815102
1787196026.6583035,6.388951998815173
1787196026.681267,5.952613002591534
1787196026.764815,49.25767999884556
1787196026.7689223,6.250178998016054
1787196026.7777698,5.5777349989512
1787196026.8215358,4.797005000000354
1787196026.8466334,44.729373999871314
1787196026.8956702,3.288158000941621
1787196026.9182305,3.23523900078726
1787196026.922083,3.1384809990413487
1787196026.9616232,3.8601439991907682
1787196026.9667122,45.141238002543105
1787196027.036864,4.531122998741921
1787196027.0385928,3.5737459984375164
1787196027.1073399,43.907728999329265
1787196027.1114895,45.23214800065034
1787196027.1313283,8.434198000031756
1787196027.1333213,7.409028003166895
1787196027.1744926,45.90006800208357
1787196027.1870697,44.79017699850374
1787196027.2665243,46.49940200033598
1787196027.287078,3.765695000765845
1787196027.3429325,45.913886999187525
1787196027.3433821,47.66392100282246
1787196027.3527865,4.515779000939801
1787196027.41704,3.438165000261506
1787196027.4961007,5.755616999522317
1787196027.5394793,6.046069000149146
1787196027.546762,4.535539999778848
1787196027.5471082,47.09339699911652
1787196027.6070385,44.10619700138341
1787196027.621262,6.1723910002911
1787196027.7534103,7.172364999860292
1787196027.7550085,6.749029002094176
1787196027.7764413,5.3990740016161
1787196027.7774372,4.882823999651009
1787196027.8182292,6.23249999989639
1787196027.8207037,4.322507000324549
1787196027.8223815,3.1822999990254175
1787196027.8324373,2.9401030005828943
1787196027.8376694,3.155479000270134
1787196027.8613856,4.607835999195231
1787196027.8865254,43.742704001488164
1787196027.8904746,45.94516900033341
1787196027.9768288,2.7727119995688554
1787196028.035261,6.094246000429848
1787196028.080809,2.9732739967585076
1787196028.1266274,7.601297998917289
1787196028.127735,6.432534999476047
1787196028.1535218,4.415931001858553
1787196028.186942,5.980830999760656
1787196028.1872175,49.59433899784926
1787196028.200772,4.481967996980529
1787196028.2131417,5.292602996632922
1787196028.2307892,51.29336900063208
1787196028.2662392,5.083161999209551
1787196028.2945793,3.107775999524165
1787196028.3075647,3.0625360013800673
1787196028.3339996,4.760294999869075
1787196028.3629842,44.66231200058246
1787196028.426877,3.553364000254078
1787196028.5987554,5.990159999782918
1787196028.610753,6.264580002607545
1787196028.6297681,5.974569001409691
1787196028.6509488,48.63323099925765
1787196028.665389,5.7150300017383415
1787196028.6868458,49.181488997419365
1787196028.6906874,46.459302997391205
1787196028.7852926,5.90474499767879
1787196028.7967954,3.94152399894665
1787196028.8044024,4.566474999592174
1787196028.8698587,6.028436000633519
1787196028.8844209,5.2881280025758315
1787196028.9265826,49.685372003295925
1787196028.9346132,46.825279998301994
1787196028.950661,3.0616129988629837
1787196028.9708729,4.267827000148827
1787196028.9751778,3.7450910022016615
1787196029.0029285,45.919604002847336
1787196029.0615766,4.3098739988636225
1787196029.0628593,4.2114610005228315
1787196029.0632179,3.4440159979567397
1787196029.1080556,6.728398999257479
1787196029.1187077,50.85612199764
1787196029.1356153,3.2615710006211884
1787196029.233912,2.8218480001669377
1787196029.2940636,6.269345998589415
1787196029.3291242,3.603154000302311
1787196029.3500712,3.162954999424983
1787196029.5172257,4.542810002021724
1787196029.6240265,7.423923001624644
1787196029.6252415,6.448001000535442
1787196029.6275482,5.5653730014455505
1787196029.6948032,44.56640900025377
1787196029.7423668,4.024362999189179
1787196029.7560537,3.5109250020468608
1787196029.80878,4.265152998414123
1787196029.8272684,5.799753998871893
1787196029.8804462,3.5921420021622907
1787196029.9327717,3.733823003130965
1787196029.9938715,4.734745998575818
1787196029.9993207,3.2202459988184273
1787196030.040379,6.131206002464751
1787196030.049475,3.899963001458673
1787196030.10188,5.380992999562295
1787196030.1070986,3.7269419990479946
1787196030.107281,47.48222499983967
1787196030.1189647,44.41528600000311
1787196030.1448746,6.2140350019035395
1787196030.1939516,3.0252340002334677
1787196030.2518694,4.6390099996642675
1787196030.3564265,5.5763199998182245
1787196030.3641226,2.8909880020364653
1787196030.36731,2.6987279998138547
1787196030.41503,43.6928369999805
1787196030.4156935,5.812586001411546
1787196030.4185405,43.32409199923859
1787196030.4794629,3.001344000949757
1787196030.4944944,47.91340600058902
1787196030.4972293,3.5883839991583955
1787196030.5535345,5.87545000234968
1787196030.5556905,3.9412240003002807
1787196030.5691543,2.979315002448857
1787196030.5745163,47.255894998670556
1787196030.6312983,45.16227700150921
1787196030.6837907,4.25072299913154
1787196030.6846752,4.041431999212364
1787196030.7040179,2.891836000344483
1787196030.734687,5.47757599997567
1787196030.7352695,3.9220200014824513
1787196030.7458143,3.308295999886468
1787196030.810657,47.19708700213232
1787196030.8416011,3.000736000103643
1787196030.8479683,3.223258001526119
1787196030.8931212,3.4466580000298563
1787196030.9125836,2.618187998450594
1787196030.9509633,45.355763999396004
1787196030.9518123,5.811168000946054
1787196030.9627028,3.3688680014165584
1787196030.97075,2.94709100126056
1787196030.9854825,3.506039000058081
1787196031.01061,46.517722999851685
1787196031.0364454,2.992917001392925
1787196031.0619535,4.602625998813892
1787196031.082192,3.8438899973698426
1787196031.1162286,2.412510999420192
1787196031.1377847,4.607389000739204
1787196031.1554632,44.92192199904821
1787196031.1939683,6.083147000026656
1787196031.1980634,4.080541999428533
1787196031.2048955,3.0750709993299097
1787196031.214912,3.1499300021096133
1787196031.2346585,46.28022900215001
1787196031.2754176,47.17343499942217
1787196031.319599,2.977219999593217
1787196031.334474,3.0717970003024675
1787196031.428358,4.757080998388119
1787196031.487432,3.3868229984364007
1787196031.5146503,3.4185110016551334
1787196031.5469558,5.518999001651537
1787196031.5482922,4.907149999780813
1787196031.5836465,6.1342709996097255
1787196031.6015081,5.611765001958702
1787196031.636805,2.6287580003554467
1787196031.6467445,3.025722999154823
1787196031.70236,5.193820001295535
1787196031.7751353,45.51024200191023
1787196031.7804966,4.906304999167332
1787196031.8173149,4.40060900291428
1787196031.8504772,3.8589910000155214
1787196031.8870711,6.103317999077262
1787196031.9249983,4.195584002445685
1787196031.9727721,5.663631000061287
1787196031.977641,4.512603998591658
1787196031.9840584,45.254879998537945
1787196031.9869325,4.151134999119677
1787196032.034532,50.11110700070276
1787196032.0589302,2.7308079988870304
1787196032.107034,43.88548600036302
1787196032.1084208,5.708808999770554
1787196032.1692555,2.893940996727906
1787196032.1869586,44.56586100059212
1787196032.2230656,43.85355900012655
1787196032.2455974,3.0199110005924013
1787196032.2825983,5.941797000559745
1787196032.3307455,45.9413520002272
1787196032.3437722,4.719073000160279
1787196032.3873885,48.08106900236453
1787196032.469969,3.3406619986635633
1787196032.4717455,3.845511000690749
1787196032.472067,3.307996001240099
1787196032.4982047,3.152641002088785
1787196032.5627484,3.0598640005337074
1787196032.5697348,2.9210419997980352
1787196032.6048565,3.6588379989552777
1787196032.6722152,4.750556003273232
1787196032.7337434,3.993715999968117
1787196032.7948542,5.821648999699391
1787196032.7977612,5.2246060004108585
1787196032.8665786,48.93153800003347
1787196032.8992403,6.091936000302667
1787196032.9853485,2.8829049988416955
1787196033.0270364,5.811392002215143
1787196033.0626867,5.761215001257369
1787196033.0979478,3.2452570012537763
1787196033.1056228,4.237064000335522
1787196033.1077704,4.882708999502938
1787196033.1805568,3.946779997932026
1787196033.181321,3.6991859997215215
1787196033.264862,6.488098999398062
1787196033.317543,5.409451001469279
1787196033.3762035,3.979644003266003
1787196033.39471,47.34814499897766
1787196033.4348755,6.488936000096146
1787196033.4405596,5.17215099898749
1787196033.51588,3.088667002884904
1787196033.563124,5.436119001387851
1787196033.6060214,2.9561549999925774
1787196033.6190174,3.9921309980854858
1787196033.622675,48.383928999101045
1787196033.652892,6.711273999826517
1787196033.6533613,5.313917998137185
1787196033.6607935,3.104564999375725
1787196033.6867,48.21970100238104
1787196033.6985035,46.87122099858243
1787196033.7216284,3.0126329984341282
1787196033.7513685,46.166413001628825
1787196033.754259,4.714126996987034
1787196033.8502345,4.4329960001050495
1787196033.8975759,5.148587999428855
1787196033.9244988,5.483953002112685
1787196033.995487,3.9651759980188217
1787196034.01852,3.800327998760622
1787196034.0337183,3.465350000624312
1787196034.103941,5.6232979986816645
1787196034.1529446,4.920822000713088
1787196034.157051,3.83033400066779
1787196034.2225523,44.5779939982458
1787196034.227776,2.6588410000840668
1787196034.2656872,5.081366001832066
1787196034.2873902,46.50873599894112
1787196034.3056848,6.369770002493169
1787196034.3599813,3.263221999077359
1787196034.3708646,47.220106000168016
1787196034.4006565,3.621459996793419
1787196034.4162014,4.121881000173744
1787196034.4170742,3.8439259988081176
1787196034.4713604,47.27892799928668
1787196034.4717574,46.016632000828395
1787196034.512153,4.9670079970383085
1787196034.5427177,3.1410400006279815
1787196034.5634415,3.472709999186918
1787196034.638496,45.57322699838551
1787196034.6884758,5.399344001489226
1787196034.6908746,4.255220999766607
1787196034.8015218,3.707631996803684
1787196034.8304107,4.519103000347968
1787196034.8386927,4.441888002475025
1787196034.8551965,2.851661996828625
1787196034.8589175,45.13299200334586
1787196034.8789344,48.20116100017913
1787196034.9028747,4.851615001825849
1787196034.9069397,44.36254499887582
1787196034.9129572,4.12530500034336
1787196034.9268079,44.76488000000245
1787196034.951018,2.8045449980709236
1787196034.9691215,3.230365000490565
1787196034.970464,45.86783299964736
1787196035.0066988,44.03786499824491
1787196035.0573614,3.4004799999820534
1787196035.128608,6.649105998803861
1787196035.1291535,4.893056000582874
1787196035.1944697,3.4055209980579093
1787196035.2125041,3.412163001485169
1787196035.246502,46.61244599992642
1787196035.2545643,2.9087619986967184
1787196035.2769697,3.710189001139952
1787196035.300746,5.0170680005976465
1787196035.32873,5.7490040017000865
1787196035.3468862,3.9127470008679666
1787196035.3574517,4.315072997997049
1787196035.3757098,3.5200970014557242
1787196035.3865762,49.69986799915205
1787196035.39244,3.3001689989760052
1787196035.4148734,44.87478200098849
1787196035.4375,6.519159000163199
1787196035.4401352,5.011656001443043
1787196035.4467392,50.19083099978161
1787196035.5426145,3.5369949982850812
1787196035.570864,2.784935997624416
1787196035.6033974,6.59423600154696
1787196035.6240718,5.4037889967730734
1787196035.6473298,48.296195000148145
1787196035.6824694,45.29584999909275
1787196035.694716,2.8408340003807098
1787196035.7382,5.340463001630269
1787196035.7515013,47.3876560026838
1787196035.7919264,3.0695040004502516
1787196035.8190525,45.58250500122085
1787196035.8203359,3.91276300069876
1787196035.8610325,46.48494200228015
1787196035.8649037,6.887912000820506
1787196035.870962,48.08039300041855
1787196035.9343357,3.135496001050342
1787196035.9889119,3.5060219997831155
1787196036.0150006,46.6089670007932
1787196036.0363536,5.487456000992097
1787196036.0829432,45.125535001716344
1787196036.1149943,3.550794001057511
1787196036.2015245,3.190101000654977
1787196036.2218435,5.17143999968539
1787196036.2657394,6.041915999958292
1787196036.2826037,7.866501000535209
1787196036.2839093,6.179891999636311
1787196036.3392391,46.45806099870242
1787196036.3936203,3.832284000964137
1787196036.4388444,3.5187619978387374
1787196036.4436262,3.5367439995752648
1787196036.4672532,5.534846997761633
1787196036.500284,4.479573999560671
1787196036.5012548,6.0190859985596035
1787196036.5290375,2.802767998218769
1787196036.5546732,43.89983500004746
1787196036.5824463,3.286327999376226
1787196036.5943859,3.6722230033774395
1787196036.614368,3.026548001798801
1787196036.6145546,43.04913200030569
1787196036.7146778,3.6771140003111213
1787196036.7793632,45.06660399783868
1787196036.8056455,6.306790000962792
1787196036.8218744,3.7980569977662526
1787196036.8620489,5.802707997645484
1787196036.9348807,2.729178999288706
1787196036.9609146,5.908402999921236
1787196036.9779656,4.524069001490716
1787196037.0067508,45.81378600050812
1787196037.0557847,3.65985999815166
1787196037.071085,45.418076999339974
1787196037.1019914,5.938514997978928
1787196037.1121733,6.351223000820028
1787196037.138222,4.794099997525336
1787196037.1789713,44.77452599894605
1787196037.1938715,4.335239998908946
1787196037.202463,3.322060001664795
1787196037.2586238,3.179654999257764
1787196037.2706687,43.46307000014349
1787196037.277601,3.7491839975700714
1787196037.3250616,6.522111998492619
1787196037.325944,5.430260000139242
1787196037.3345942,44.10372599886614
1787196037.3796275,2.977370000735391
1787196037.4410794,3.839364999294048
1787196037.4424934,48.98764300014591
1787196037.5190423,46.7486990019097
1787196037.576468,3.450035997957457
1787196037.5858173,3.160508000291884
1787196037.6233094,3.103540999290999
1787196037.665124,3.380662001291057
1787196037.6742306,3.589357998862397
1787196037.6900284,5.125530002260348
1787196037.7428892,5.353535998438019
1787196037.7833083,3.4034000018436927
1787196037.8286796,6.07583899909514
1787196037.8389297,46.65363199819694
1787196037.8725877,2.8302459977567196
1787196037.8908458,45.13111699998262
1787196037.8921967,4.292909001378575
1787196037.9404068,6.317444000160322
1787196037.9629004,3.506832999846665
1787196037.9843361,2.7446089989098255
1787196038.0020905,3.705531999003142
1787196038.0289598,3.9540450015920214
1787196038.0590413,46.242983000411186
1787196038.0752857,3.2164910007850267
1787196038.0953321,2.6935160021821503
1787196038.1353087,4.371558999991976
1787196038.1854436,5.674434996763011
1787196038.2284238,4.3216860030952375
1787196038.2386866,45.31871400104137
1787196038.2605667,5.651580999256112
1787196038.2785423,48.26274600054603
1787196038.3034468,2.8471379991970025
1787196038.3597426,6.440100001782412
1787196038.3723059,6.718898999679368
1787196038.4233224,49.60673399909865
1787196038.5013871,3.2139999966602772
1787196038.5031402,3.218926998670213
1787196038.59457,3.3100330001616385
1787196038.681199,4.860208999161841
1787196038.7044594,5.311575998348417
1787196038.8254707,5.9912050019192975
1787196038.8357074,5.038146999140736
1787196038.8858595,6.36498899984872
1787196038.9120665,3.6232700003893115
1787196038.9844763,7.1354539977619424
1787196039.0106044,3.949873000237858
1787196039.046728,6.304359001660487
1787196039.0488763,4.7917989977577236
1787196039.0520306,2.8393130014592316
1787196039.1024861,44.87315900041722
1787196039.1104732,45.72822699992685
1787196039.126445,44.577180000487715
1787196039.141786,3.0501859982905444
1787196039.1634812,43.91260799820884
1787196039.224781,3.4246489994984586
1787196039.2265232,2.9175560011935886
1787196039.308356,4.843041999265552
1787196039.315446,4.048070000862936
1787196039.3214731,4.296695999073563
1787196039.323277,4.029309999168618
1787196039.3505492,4.905679998046253
1787196039.362721,46.886239000741625
1787196039.40625,4.188217000773875
1787196039.443468,3.1531210006505717
1787196039.481093,4.050155999721028
1787196039.4855092,2.6878360004047863
1787196039.6747518,4.279729000700172
1787196039.6752725,3.6464910008362494
1787196039.678525,2.9660569998668507
1787196039.682922,3.0068699998082593
1787196039.7298183,3.4499290013627615
1787196039.7760665,4.660126000089804
1787196039.8251407,5.939300997852115
1787196039.8257668,4.963972998666577
1787196039.8749492,47.347699000965804
1787196039.978247,4.765022000356112
1787196040.0306642,3.9899219991639256
1787196040.032931,3.929216996766627
1787196040.0588148,45.86167299930821
1787196040.067987,4.00322200221126
1787196040.0819,6.25508699886268
1787196040.1025803,47.541031999571715
1787196040.12277,45.61193200061098
1787196040.1272926,47.13193499992485
1787196040.12988,4.475945999729447
1787196040.15851,46.13961100039887
1787196040.1715026,3.017294999153819
1787196040.2400386,4.046942998684244
1787196040.24346,3.4056880031130277
1787196040.3064454,5.407020998973167
1787196040.3795707,48.55565600155387
1787196040.42718,6.177220999234123
1787196040.4413068,4.897017999610398
1787196040.4735844,3.0947849991207477
1787196040.478857,45.93305600064923
1787196040.4906614,4.7445529999095015
1787196040.5351915,43.88144000040484
1787196040.5664628,46.13206599969999
1787196040.6223369,3.8972029979049694
1787196040.6508245,4.081726001459174
1787196040.6599863,4.380111000500619
1787196040.7114568,46.60353100189241
1787196040.7307758,46.975720000773435
1787196040.734043,5.477617996803019
1787196040.7767074,3.007676001288928
1787196040.8387277,6.098441997892223
1787196040.892564,3.690130000904901
1787196040.952568,5.835806998220505
1787196040.9634693,3.812043996731518
1787196041.0134397,3.4959860022354405
1787196041.0323076,5.636808000417659
1787196041.055354,5.280164998112014
1787196041.0643191,4.21006699980353
1787196041.0905623,47.90841599970008
1787196041.174525,4.226917000778485
1787196041.2045197,3.507803998218151
1787196041.2265952,3.0226730013964698
1787196041.255303,45.43553700204939
1787196041.2680676,6.238682999537559
1787196041.3663363,6.5094290002889466
1787196041.3865805,3.9962459995876998
1787196041.4659467,3.3443920001445804
1787196041.526742,4.215946999465814
1787196041.5625713,4.840418001549551
1787196041.589224,4.913600998406764
1787196041.613937,2.8525140005513094
1787196041.669577,7.019328000751557
1787196041.6704657,5.447037001431454
1787196041.6791673,46.870627000316745
1787196041.730526,45.845772001484875
1787196041.7468088,43.5445629991591
1787196041.7988584,45.95863799841027
1787196041.801373,5.983732000458986
1787196041.838513,3.168925002682954
1787196041.8553474,46.74074099966674
1787196041.9334316,2.98877300156164
1787196041.9385085,51.796509000269
1787196041.941681,2.952694001578493
1787196042.0044155,4.646931996830972
1787196042.051175,3.5490419977577403
1787196042.0790389,3.1606060001649894
1787196042.1226027,3.823012000793824
1787196042.14256,2.6703530020313337
1787196042.1990771,6.134889998065773
1787196042.2165003,4.742979999718955
1787196042.2953703,44.24749099780456
1787196042.3018134,5.89442500131554
1787196042.3402984,3.9674190011282917
1787196042.343993,3.677884000353515
1787196042.3443704,5.677335000655148
1787196042.3589597,48.184671002672985
1787196042.4257724,5.598599997028941
1787196042.4441905,3.6271579992899206
1787196042.4459953,3.1473339986405335
1787196042.4778144,3.0543409993697423
1787196042.4905117,4.034412999317283
1787196042.4935036,5.712619000405539
1787196042.496527,2.7277509980194736
1787196042.5191112,4.134216000238666
1787196042.53456,45.791101998474915
1787196042.5424862,45.777939001709456
1787196042.5527606,3.0991049970907625
1787196042.577514,3.6413819980225526
1787196042.5823262,3.45578699852922
1787196042.5970006,3.2058359975053463
1787196042.6030521,45.542972002294846
1787196042.6226273,49.8513090024062
1787196042.6505282,46.19280100087053
1787196042.7274358,4.90024899772834
1787196042.7801564,5.52116200196906
1787196042.7859368,4.139901000598911
1787196042.8151014,6.013211001118179
1787196042.840575,7.182413999544224
1787196042.8458805,4.834103001485346
1787196042.8662772,2.9927040013717487
1787196042.9245064,5.822994997288333
1787196042.963531,3.8995299983071163
1787196042.965222,3.397745000256691
1787196042.9944544,3.870024000207195
1787196043.0149488,45.50199300138047
1787196043.039572,5.483347998961108
1787196043.0579534,3.993579997768393
1787196043.123957,4.651990999263944
1787196043.1458356,5.770151998149231
1787196043.1821785,2.7445250016171485
1787196043.185275,2.6066440004797187
1787196043.2334635,5.594021000433713
1787196043.2521152,4.097579003428109
1787196043.274394,3.013333000126295
1787196043.277529,2.9180609999457374
1787196043.2951329,45.60555900025065
1787196043.300853,3.4658709992072545
1787196043.3212845,3.287711999291787
1787196043.3584962,46.62420099703013
1787196043.3607483,3.686665000714129
1787196043.4254084,3.130533998046303
1787196043.5157764,4.523227999015944
1787196043.609948,4.043629000079818
1787196043.6356611,3.1918980021146126
1787196043.7002242,3.0694380002387334
1787196043.7414222,4.8141039987967815
1787196043.7428308,4.087241002707742
1787196043.7510395,46.02376099865069
1787196043.809026,2.88166199970874
1787196043.85903,5.838191998918774
1787196043.9247396,5.555517000175314
1787196043.9867766,3.9391430000250693
1787196044.0088482,3.780008999456186
1787196044.049094,4.9062649995903485
1787196044.067375,47.95080000258167
1787196044.0907805,48.668336999980966
1787196044.1235049,3.4626160013431218
1787196044.1252205,2.740623000136111
1787196044.2694564,6.950363997020759
1787196044.272236,5.325938000169117
1787196044.3084302,3.5823210018861573
1787196044.3731377,6.424991999665508
1787196044.4508758,47.26609500357881
1787196044.4868898,5.998330998409074
1787196044.5433242,46.6846009985602
1787196044.5504658,5.698419001419097
1787196044.5801945,5.1162829986424185
1787196044.5894396,4.921183000988094
1787196044.5989385,4.193400000076508
1787196044.5993223,46.57244400004856
1787196044.6025784,45.7812839995313
1787196044.6042712,4.469766998226987
1787196044.6505983,45.85613299786928
1787196044.654589,47.46040899772197
1787196044.6825376,49.69668299963814
1787196044.7026105,4.76546500067343
1787196044.7041626,4.737336999824038
1787196044.707765,5.131300000357442
1787196044.7317622,3.1540090021735523
1787196044.7585938,46.93738000059966
1787196044.796833,3.3147159992950037
1787196044.8250647,3.2031520022428595
1787196044.8690758,3.2422050026070792
1787196044.8840468,4.896572998404736
1787196044.8896182,3.888858002028428
1787196044.9126065,5.495089000760345
1787196044.9257662,3.7020029994891956
1787196044.9305196,46.23634400195442
1787196045.0146706,4.4543000003614
1787196045.043721,2.6174039994657505
1787196045.0973644,6.160845998238074
1787196045.1509924,3.1894999992800876
1787196045.1726315,4.942740000842605
1787196045.3146968,4.145476003031945
1787196045.367218,4.991910998796811
1787196045.4436321,5.260206999082584
1787196045.4453437,4.66179399882094
1787196045.4476166,3.655537002487108
1787196045.4534566,2.928747999249026
1787196045.4996777,6.517200999951456
1787196045.515282,46.955575002357364
1787196045.5194573,46.501486001943704
1787196045.5707119,3.120740999293048
1787196045.59853,47.760835997905815
1787196045.6039689,2.8844249973190017
1787196045.618619,43.85944399837172
1787196045.6545136,45.69658699983847
1787196045.7107196,43.68473599970457
1787196045.7284486,3.6557599996740464
1787196045.756633,3.060488001210615
1787196045.7824547,43.816932000481756
1787196045.7906146,45.387145000859164
1787196045.8231568,45.85923400009051
1787196045.8396945,45.78044500158285
1787196045.8406327,47.61462900205515
1787196045.842869,3.7890940002398565
1787196045.8865802,43.30458300319151
1787196045.9658,4.278360000171233
1787196046.0383508,7.6678949990309775
1787196046.0398338,6.967482000618475
1787196046.1078618,48.689310999179725
1787196046.1098783,3.2963179983198643
1787196046.154821,5.750397001975216
1787196046.1859605,3.0671919994347263
1787196046.194568,2.9754070019407663
1787196046.2262523,3.6666890009655617
1787196046.233404,2.6480209999135695
1787196046.2351036,44.324067999696126
1787196046.2650166,6.023513997206464
1787196046.2658365,4.570482000417542
1787196046.2705486,42.99457800152595
1787196046.2810469,4.309138999815332
1787196046.349476,2.7592490005190484
1787196046.3550954,47.3211110002012
1787196046.3980415,2.904152002884075
1787196046.4190266,2.686169998924015
1787196046.424241,2.6536600016697776
1787196046.441829,3.5557869996409863
1787196046.4652,3.1544990015390795
1787196046.4739149,3.7394420032796916
1787196046.4788964,46.683960001246305
1787196046.507978,3.111547001026338
1787196046.5302608,3.758724000363145
1787196046.5795317,7.828288002201589
1787196046.5819662,5.7046610018005595
1787196046.5895846,4.3592860019998625
1787196046.5915346,4.824269999517128
1787196046.6162872,2.767769998172298
1787196046.6647692,6.145503997686319
1787196046.699786,4.1507950008963235
1787196046.726947,4.1716919986356515
1787196046.72735,3.573368001525523
1787196046.7708013,49.385734000679804
1787196046.7947676,3.573601999960374
1787196046.8066118,45.02800599948387
1787196046.8149042,3.0392789994948544
1787196046.8671284,4.3606200015346985
1787196046.9208922,3.136749997793231
1787196046.92771,3.17366100352956
1787196046.9711595,45.659634000912774
1787196046.9938607,6.37398300023051
1787196046.9969857,5.8116530017287005
1787196047.0523345,3.647995003120741
1787196047.0985506,6.154292001156136
1787196047.104327,5.186656999285333
1787196047.1527436,7.3938929999712855
1787196047.1551762,5.02969500303152
1787196047.1625195,3.457236001850106
1787196047.174906,50.02968400003738
1787196047.201137,5.812989998958074
1787196047.210609,44.81844299880322
1787196047.2309732,52.04110900012893
1787196047.2312074,48.577654000837356
1787196047.2383554,3.861526998662157
1787196047.2722888,3.0022400023881346
1787196047.289334,2.754386998276459
1787196047.3027747,43.790427000203636
1787196047.3122053,4.989524000848178
1787196047.338527,48.17795099734212
1787196047.3503118,3.0078489980951417
1787196047.4319072,3.8202959985937923
1787196047.5134246,6.036250000761356
1787196047.5190237,3.584441998100374
1787196047.5291152,3.650434999144636
1787196047.577379,5.9964680003758986
1787196047.584127,47.31838600127958
1787196047.5872693,5.395662999944761
1787196047.5994556,48.50326499945368
1787196047.6290133,4.935421002301155
1787196047.6604567,3.0351659988809843
1787196047.7108989,46.07022500204039
1787196047.8002722,3.965702999266796
1787196047.8360343,3.966567001043586
1787196047.8718946,6.5174789997399785
1787196047.8723326,47.047280000697356
1787196047.9008358,4.47798000095645
1787196047.9388,47.34756700054277
1787196047.9584565,5.300490000081481
1787196047.9877279,2.7469580018077977
1787196048.0423927,4.675913001847221
1787196048.05482,49.76325100142276
1787196048.055382,3.4355269999650773
1787196048.0659213,3.5406399983912706
1787196048.1070542,48.30800099807675
1787196048.1662397,6.243450003239559
1787196048.1697721,6.314685000688769
1787196048.1828184,5.611594999209046
1787196048.2491124,5.423431997769512
1787196048.3223152,5.635325000184821
1787196048.3348942,6.513216001621913
1787196048.3702123,3.863015997922048
1787196048.3780897,2.975884999614209
1787196048.3784409,48.605937998217996
1787196048.4124086,3.5343070012459066
1787196048.4825535,45.91512000115472
1787196048.4899406,2.6960600007441826
1787196048.509968,3.944760002923431
1787196048.5568275,6.1855150015617255
1787196048.6271777,5.935790999501478
1787196048.6375527,5.284265000227606
1787196048.654059,5.90335200104164
1787196048.7070675,46.73827800070285
1787196048.7378325,4.313696997996885
1787196048.790376,3.044018998480169
1787196048.8307097,7.25927299936302
1787196048.8329003,4.237355999066494
1787196048.8785236,5.96965400109184
1787196048.9269536,47.131670002272585
1787196048.9472086,6.016445000568638
1787196048.9993079,5.040144998929463
1787196049.0010686,4.863422000198625
1787196049.005302,4.208345999359153
1787196049.041049,3.6734390014316887
1787196049.0457435,2.781068000331288
1787196049.0652988,5.481551001139451
1787196049.1071246,3.2696179987397045
1787196049.1150498,3.0691190004290547
1787196049.1185625,47.89455799982534
1787196049.1442304,3.139076001389185
1787196049.1942253,3.08592600049451
1787196049.2845154,6.42531699850224
1787196049.3261607,6.865844999992987
1787196049.3277807,6.2576570016972255
1787196049.3828244,6.045041001925711
1787196049.4380462,3.6406649996933993
1787196049.442946,46.41444699882413
1787196049.474005,3.977438998845173
1787196049.5026658,45.6310890003806
1787196049.5151577,2.7524180004547816
1787196049.5374603,2.8895739997096825
1787196049.5506651,45.95246499957284
1787196049.5561192,3.4926719999930356
1787196049.6033542,47.215991999109974
1787196049.6065354,5.192030999751296
1787196049.616203,3.2710430023144
1787196049.6303465,2.996102997713024
1787196049.6505487,2.57486299960874
1787196049.6755106,3.3729509996192064
1787196049.6805778,2.8580859980138484
1787196049.690799,44.60411100080819
1787196049.7150264,45.88164799861261
1787196049.7228556,3.152891997160623
1787196049.7470534,4.713256999821169
1787196049.7627363,49.162395000166725
1787196049.7707067,47.2848259996681
1787196049.8609188,4.137662999710301
1787196049.8649564,3.7799320016347338
1787196049.9224195,4.416763000335777
1787196049.9231367,3.73790899902815
1787196049.9454865,2.87648499943316
1787196049.987074,4.599494001013227
1787196050.000002,3.431914999964647
1787196050.0972874,4.439307002030546
1787196050.1619394,3.1155370015767403
1787196050.199569,3.705945000547217
1787196050.2095568,3.644681997684529
1787196050.2107363,43.58358100216719
1787196050.2585523,45.41810500086285
1787196050.2666273,3.180559997417731
1787196050.2706182,44.15742900164332
1787196050.324855,4.534016999969026
1787196050.410697,5.039052000938682
1787196050.4502099,3.737219001777703
1787196050.4869857,48.377588002040284
1787196050.5192392,47.61582499850192
1787196050.5295293,5.561045003560139
1787196050.5705416,48.878831999900285
1787196050.5785024,46.37490100139985
1787196050.5810297,2.5124659987341147
1787196050.6676354,3.0114119981590193
1787196050.6752324,2.6592300018819515
1787196050.7150064,5.390981001255568
1787196050.7722783,3.0863490028423257
1787196050.7927222,3.5406040005909745
1787196050.8343122,5.997064003167907
1787196050.843206,44.845659998827614
1787196050.8669996,2.946215998235857
1787196050.8785532,43.81923300024937
1787196050.9936283,5.344650999177247
1787196050.995429,4.149017000599997
1787196051.008319,3.565410999726737
1787196051.0438771,5.193241002416471
1787196051.0471377,4.766359998029657
1787196051.0895066,3.257239997765282
1787196051.1454306,3.900273997714976
1787196051.1664298,4.868584001087584
1787196051.1767173,3.2540280008106492
1787196051.2266593,6.358522998198168
1787196051.2384658,6.073198997910367
1787196051.2667074,4.156814000452869
1787196051.2679749,3.96805699710967
1787196051.2904553,46.88941899803467
1787196051.302579,47.6455719981459
1787196051.307271,2.781879000394838
1787196051.3511925,6.294635000813287
1787196051.3588324,46.7809430010675
1787196051.3726685,3.917534999345662
1787196051.3951912,2.916097997513134
1787196051.402583,46.689637998497346
1787196051.43244,2.9370110023592133
1787196051.528008,6.237058001715923
1787196051.5340536,4.847739997785538
1787196051.5867622,4.922821000945987
1787196051.6173549,4.778326998348348
1787196051.618816,4.154591999395052
1787196051.6661983,6.005134000588441
1787196051.7050712,3.0001529994478915
1787196051.7849858,3.890201998729026
1787196051.8448932,3.4679970012803096
1787196051.8533218,4.152404999331338
1787196051.872363,3.485749999526888
1787196051.9127908,5.134592000104021
1787196051.9181676,4.878613999608206
1787196051.950661,44.735153001965955
1787196051.970685,47.84369100161712
1787196051.9728003,3.7620920011249837
1787196052.0649476,3.210188999219099
1787196052.104512,3.434390000620624
1787196052.1279297,3.4414740002830513
1787196052.1790857,3.139347001706483
1787196052.2129283,4.178141000011237
1787196052.2362657,3.555606999725569
1787196052.2425497,46.82005400172784
1787196052.2666745,46.176389001630014
1787196052.3324273,3.367901997989975
1787196052.3755646,4.119962999538984
1787196052.4658074,3.7169969982642215
1787196052.4673734,3.1368899981316645
1787196052.5168862,6.462956000177655
1787196052.522902,43.84557399680489
1787196052.5305448,46.34143499788479
1787196052.5312471,3.6980039985792246
1787196052.5790026,44.44556000089506
1787196052.5922675,7.307865998882335
1787196052.6090076,5.203109001740813
1787196052.6323688,3.178991002641851
1787196052.6427202,53.077962998941075
1787196052.658931,3.1369190000987146
1787196052.664335,3.1832860004215036
1787196052.6787317,43.38580799958436
1787196052.740787,4.325935002270853
1787196052.7562985,3.9554649993078783
1787196052.8027074,49.315256997942924
1787196052.874879,48.44475099889678
1787196052.9308302,49.09453000072972
1787196052.9660025,3.767155001696665
1787196053.0470407,3.5403119982220232
1787196053.049521,4.02085200039437
1787196053.051473,3.7460800012922846
1787196053.234028,7.223650998639641
1787196053.239055,7.330877000640612
1787196053.2871652,45.98233400247409
1787196053.3132436,7.736048999504419
1787196053.3163044,5.656676999933552
1787196053.3430603,47.27819400068256
1787196053.4332926,6.742868998117046
1787196053.4348035,5.986181000480428
1787196053.457551,3.966729000239866
1787196053.4907284,47.63277700112667
1787196053.5151846,6.034384998201858
1787196053.5587697,5.877648996829521
1787196053.5596678,4.484051001782063
1787196053.5950994,49.760252000851324
1787196053.6532354,6.096035001974087
1787196053.6638415,47.97148199941148
1787196053.677069,3.602516997489147
1787196053.6790962,3.5686009978235234
1787196053.7105753,48.098739000124624
1787196053.7283585,3.999284999736119
1787196053.730517,3.4589669994602446
1787196053.7468822,45.94754000208923
1787196053.7785268,46.29247699995176
1787196053.8118815,48.4706509996613
1787196053.8150659,4.718689000583254
1787196053.8157222,3.60820099740522
1787196053.870595,45.255095003085444
1787196053.8766701,3.327589001855813
1787196053.9182243,4.337240003223997
1787196053.982759,47.84283499975572
1787196054.03074,3.8496130000567064
1787196054.0798664,3.935005999665009
1787196054.2040496,5.248312998446636
1787196054.2731106,3.2824930021888576
1787196054.3027236,3.2076120005513076
1787196054.330068,3.477861999272136
1787196054.3587866,4.858035001234384
1787196054.3899064,5.363325002690544
1787196054.4283884,3.2429200000478886
1787196054.4435732,4.241331000230275
1787196054.4974265,3.48987299730652
1787196054.5177305,53.82147999989684
1787196054.5986245,4.935443997965194
1787196054.5993552,4.171303997281939
1787196054.6323292,6.107167999289231
1787196054.6481795,3.998477001005085
1787196054.6500134,3.4142350014008116
1787196054.6692774,4.178598999715177
1787196054.709907,46.1658569984138
1787196054.7100372,47.66858599759871
1787196054.7251534,3.5264979997009505
1787196054.7267122,3.096402000664966
1787196054.7498362,51.70554399956018
1787196054.757708,45.04684499988798
1787196054.783236,46.244126999226864
1787196054.82579,44.249669001146685
1787196054.843078,3.2543560009798966
1787196054.8697815,2.8305849991738796
1787196054.9068234,6.0210279989405535
1787196054.9110243,5.023102003178792
1787196054.934128,3.4430339983373415
1787196054.9352937,3.202523002983071
1787196054.9578917,45.29136400014977
1787196054.9817057,3.510378999635577
1787196055.013761,46.05850100051612
1787196055.0457175,46.5202009982022
1787196055.1057026,6.141644997114781
1787196055.1179738,4.117835997021757
1787196055.1322362,3.156655999191571
1787196055.1820574,44.89270400154055
1787196055.199137,3.4872550022555515
1787196055.2168548,3.3698900006129406
1787196055.2489824,4.2762370030686725
1787196055.2745273,47.76748799849884
1787196055.2988186,5.118475000926992
1787196055.3234072,4.055976001836825
1787196055.3537743,47.28673799763783
1787196055.3599374,2.8471700024965685
1787196055.361226,2.425562997814268
1787196055.3801506,3.724101999978302
1787196055.406584,44.80881999916164
1787196055.4270267,6.055743000615621
1787196055.4621835,4.326398000557674
1787196055.4706414,3.9670110018050764
1787196055.5047708,4.044854998937808
1787196055.5279338,4.123179998714477
1787196055.577664,2.894927998568164
1787196055.5995336,4.014441998151597
1787196055.7630835,6.304820999503136
1787196055.7689075,5.328454997652443
1787196055.8470576,5.06228199810721
1787196055.849592,5.14989300063462
1787196055.858152,4.206650999549311
1787196055.9371505,6.00909299828345
1787196055.9952648,50.166295000963146
1787196055.9976394,3.549589997419389
1787196056.055914,3.9372290011669975
1787196056.05798,47.27409100087243
1787196056.0660408,3.508669000439113
1787196056.1381347,47.790551998332376
1787196056.208558,4.568413998640608
1787196056.248913,6.161358000099426
1787196056.328398,6.238122001377633
1787196056.3771496,3.4211409983981866
1787196056.478799,3.420478999032639
1787196056.5016932,5.689657999027986
1787196056.5299883,3.357030996994581
1787196056.545471,4.292376001103548
1787196056.5766232,3.3120770021923818
1787196056.5909305,4.0024359987000935
1787196056.5920026,4.016145001514815
1787196056.597738,45.92656699969666
1787196056.6028154,2.837426000041887
1787196056.6108797,2.4588929991296027
1787196056.634185,45.15338900091592
1787196056.6420593,3.699215998494765
1787196056.6462479,43.22876699734479
1787196056.6500661,43.66211899832706
1787196056.735077,2.9837990005034953
1787196056.7627532,4.109869998501381
1787196056.882468,3.348517999256728
1787196056.9052253,4.517195000516949
1787196056.948029,5.679137997503858
1787196056.9594557,49.04181199890445
1787196056.9644399,6.734915001288755
1787196056.990846,4.092010000022128
1787196056.9939096,4.302479999751085
1787196057.0094109,4.422338999575004
1787196057.0216343,3.473436998319812
1787196057.2109766,6.18083200242836
1787196057.2292876,6.133808001322905
1787196057.255263,6.304031998297432
1787196057.2884433,6.070045001251856
1787196057.309698,3.851954999845475
1787196057.3378675,3.0044970008020755
1787196057.3395162,3.05763700089301
1787196057.3704588,45.188197000243235
1787196057.4362388,4.428517000633292
1787196057.444239,4.280467001080979
1787196057.4845786,3.151590000925353
1787196057.4895113,3.267879998020362
1787196057.583003,6.236699999135453
1787196057.598664,6.037398998159915
1787196057.6364288,3.30978100100765
1787196057.6488855,4.226410001137992
1787196057.7063513,7.355377998464974
1787196057.7082083,7.026831000985112
1787196057.7177424,3.5179469996364787
1787196057.767683,3.2116940019477624
1787196057.769939,47.25478200271027
1787196057.771851,3.743360000953544
1787196057.772675,3.5033209969697054
1787196057.7749205,4.123674996662885
1787196057.7901082,44.13921200102777
1787196057.8181138,44.904796002811054
1787196057.866165,3.737256000022171
1787196057.867887,3.0931370019970927
1787196057.9479563,5.945081997197121
1787196057.948668,5.5380759986292105
1787196057.9490838,4.815795000467915
1787196057.9810898,3.006722999998601
1787196058.002422,46.703593001439
1787196058.0076663,4.8730880007497035
1787196058.0221555,4.095863998372806
1787196058.0697985,46.999733000120614
1787196058.074075,3.208165002433816
1787196058.0742946,47.06885299674468
1787196058.107218,4.374292999273166
1787196058.1507397,3.5748070004046895
1787196058.1604185,5.1411790009296965
1787196058.2240856,4.991350000636885
1787196058.2264545,4.17671100149164
1787196058.2779293,46.26019600254949
1787196058.294222,4.433407000760781
1787196058.350167,44.559945999935735
1787196058.3748941,6.554698000400094
1787196058.4250264,5.415750998508884
1787196058.467756,6.6676610003924
1787196058.4781451,46.22274999928777
1787196058.4913855,3.833269998722244
1787196058.538139,43.93063799943775
1787196058.5911195,2.824500999849988
1787196058.610159,44.37673400025233
1787196058.6666608,4.501659997913521
1787196058.6809976,3.412237001612084
1787196058.681503,2.7765129998442717
1787196058.73753,6.798872000217671
1787196058.738912,5.593368001427734
1787196058.7658715,4.696316998888506
1787196058.8008175,2.5962459985748865
1787196058.8388033,46.643127003335394
1787196058.8741605,3.2975300018733833
1787196058.8897774,46.656487000291236
1787196058.938671,3.95982199916034
1787196059.0029242,3.5415269994700793
1787196059.0047727,3.3851490006782115
1787196059.0650198,4.149618998781079
1787196059.0935626,4.023679000965785
1787196059.1391056,48.30835000029765
1787196059.175208,4.908711998723447
1787196059.1894286,3.038105998712126
1787196059.189706,50.57051000039792
1787196059.2383928,44.88892299923464
1787196059.246615,46.554776999983005
1787196059.2945971,3.251480000471929
1787196059.3417122,4.761042997415643
1787196059.3498516,3.8221169997996185
1787196059.358299,45.00814899802208
1787196059.3722537,4.963008999766316
1787196059.3737712,4.77245000001858
1787196059.3897455,45.25386999739567
1787196059.4080515,2.949498000816675
1787196059.4816072,4.021328000817448
1787196059.5124981,4.393298997456441
1787196059.5376124,5.545859999983804
1787196059.5386095,4.558911998174153
1787196059.6202586,2.682171998458216
1787196059.6677961,5.933399999776157
1787196059.7151403,3.391925998585066
1787196059.7221828,3.5520400015229825
1787196059.7981393,6.336563998047495
1787196059.8020523,53.40267100109486
1787196059.804218,4.343073000200093
1787196059.8484206,5.175469003006583
1787196059.9069803,4.450156000530114
1787196059.909403,4.704989998572273
1787196059.9259894,47.27786900184583
1787196060.0677838,2.8025629981129896
1787196060.0963051,4.488799000682775
1787196060.146066,4.268035998393316
1787196060.1776927,6.793233002099441
1787196060.1980612,4.060379000293324
1787196060.205007,3.089164001721656
1787196060.2252426,3.9266759995371103
1787196060.245912,46.628793999843765
1787196060.3032482,3.392684000573354
1787196060.355925,2.981253001053119
1787196060.3973975,3.5163479988113977
1787196060.3979669,3.258074000768829
1787196060.4100754,3.3463200015830807
1787196060.4219491,3.453082998021273
1787196060.458226,46.22104100053548
1787196060.6183326,5.175141999643529
1787196060.6283696,4.3541169980017
1787196060.6822186,46.790016000159085
1787196060.7446616,5.331325002771337
1787196060.75743,3.04826099818456
1787196060.7819276,4.4485030011856
1787196060.8077083,5.845846997544868
1787196060.9252613,4.831207003007876
1787196060.9269843,4.746630002046004
1787196060.928509,4.549511999357492
1787196060.9303157,3.3131480013253167
1787196060.9795113,2.72175200007041
1787196060.9859943,47.0463510027912
1787196061.0183437,2.914911001425935
1787196061.0779233,2.700407996599097
1787196061.0817502,45.28855299940915
1787196061.0921426,3.777865997108165
1787196061.092926,3.3218890021089464
1787196061.126079,3.2698460017854813
1787196061.1523578,4.96169400139479
1787196061.1538472,47.58427499837126
1787196061.1619248,47.71070200149552
1787196061.2225752,4.013003999716602
1787196061.231573,4.283636000764091
1787196061.2391694,3.4781889989972115
1787196061.2667863,2.9008259989495855
1787196061.2764301,2.986824001709465
1787196061.293797,50.486662999901455
1787196061.3014495,2.7506029982760083
1787196061.3016741,47.20053100027144
1787196061.3849368,2.900661998864962
1787196061.4002206,3.078228997765109
1787196061.4006214,2.5695900003483985
1787196061.4756742,3.9400119967467617
1787196061.4781063,52.02450299839256
1787196061.4963834,2.755615998466965
1787196061.5386457,5.566463998547988
1787196061.5451107,4.850297998927999
1787196061.6099577,46.594655999797396
1787196061.6221082,49.203700000362005
1787196061.6873262,4.168138999375515
1787196061.7698572,5.996706000587437
1787196061.7806828,4.017241000838112
1787196061.796957,4.448457002581563
1787196061.809054,4.335759997047717
1787196061.831947,51.05619499954628
1787196061.832144,49.54523699780111
1787196061.8338473,3.799288999289274
1787196061.9143448,3.4624830004759133
1787196061.9479218,4.373386000224855
1787196061.9495838,3.282409998064395
1787196061.9564183,2.711371002078522
1787196061.986248,4.108024000743171
1787196061.9903772,3.7546980020124465
1787196062.0385077,3.677855998830637
1787196062.0739524,5.963782998151146
1787196062.0940456,47.4524629971711
1787196062.1422164,47.501774002739694
1787196062.1715417,4.27602999843657
1787196062.1756907,3.264073999162065
1787196062.221573,2.962507998745423
1787196062.229794,45.30316300224513
1787196062.2352922,3.597507999074878
1787196062.280407,4.264186001819326
1787196062.2807875,6.738374999258667
1787196062.2978282,45.728655997663736
1787196062.3098063,46.537162001186516
1787196062.3544266,44.59816599774058
1787196062.467133,3.1494690010731574
1787196062.5149062,4.973380000592442
1787196062.52161,3.117608997854404
1787196062.5378284,4.86822899983963
1787196062.6367788,3.0273299998953007
1787196062.657685,3.9339169998129364
1787196062.7198105,5.714222003007308
1787196062.7348156,3.0436929991992656
1787196062.7420833,2.9561999981524423
1787196062.817524,7.266708998940885
1787196062.859039,4.993167000066023
1787196062.8740287,5.26491500204429
1787196062.9267285,5.634724002447911
1787196062.986121,3.129355998680694
1787196063.0104897,3.988151001976803
1787196063.0342145,45.129248002922395
1787196063.04293,4.3694739979400765
1787196063.0439363,5.533970997930737
1787196063.0740256,43.731688001571456
1787196063.0873752,5.199205999815604
1787196063.0900235,44.06818099960219
1787196063.1217146,6.2616260001959745
1787196063.1658008,3.1569109996780753
1787196063.19536,3.585009999369504
1787196063.2103434,3.041010000742972
1787196063.2324977,3.5676099978445563
1787196063.2577744,43.08927899910486
1787196063.3812578,4.748199000459863
1787196063.4028826,6.141451998701086
1787196063.4456687,4.581354998663301
1787196063.45504,4.4060429972887505
1787196063.550068,8.02430699695833
1787196063.559069,8.37716900059604
1787196063.5788784,4.04443599836668
1787196063.592031,5.90027500220458
1787196063.5977976,5.260427002212964
1787196063.605429,4.246289001457626
1787196063.6462011,48.01401399890892
1787196063.6731288,3.073906002100557
1787196063.6778035,46.203767000406515
1787196063.701802,46.84528000143473
1787196063.757976,5.710878001991659
1787196063.766474,4.904227000224637
1787196063.7708247,3.956227003072854
1787196063.8272178,46.33100199862383
1787196063.8291261,3.639114001998678
1787196063.8662624,4.796598997927504
1787196063.9102476,47.64299599992228
1787196063.9166663,3.5944449991802685
1787196063.9413037,5.544777999602957
1787196064.000284,4.179824001766974
1787196064.0345418,3.2743740011937916
1787196064.05028,2.8089609986636788
1787196064.053737,47.48016099983943
1787196064.0698712,2.9687679998460226
1787196064.075797,3.028033002919983
1787196064.158412,47.01414599912823
1787196064.177715,5.08900599743356
1787196064.1827111,3.3314520005660597
1787196064.2048588,2.744469999015564
1787196064.2181523,47.73143400234403
1787196064.2346063,47.518044000753434
1787196064.2546957,6.221373001608299
1787196064.2549534,46.77940800320357
1787196064.3178654,47.179410998069216
1787196064.3657603,5.462662997160805
1787196064.4302392,6.32628899984411
1787196064.4950323,4.256216001522262
1787196064.507296,3.886505000991747
1787196064.5090053,4.056948997458676
1787196064.5741763,47.35330400217208
1787196064.5770805,4.203396998491371
1787196064.5863366,47.11496900199563
1787196064.677863,4.416053998284042
1787196064.6825054,3.8227559998631477
1787196064.694981,3.697611999086803
1787196064.805478,5.328940002073068
1787196064.806171,4.5963770025991835
1787196064.827876,3.833687002043007
1787196064.8633854,5.867643001693068
1787196064.8754587,6.783075001294492
1787196064.929498,3.392365000763675
1787196064.9490201,2.9966809997858945
1787196064.9656155,3.335784000228159
1787196065.0058331,4.137928001000546
1787196065.0060632,51.0495449998416
1787196065.029823,47.24636299943086
1787196065.0778987,4.218243000650546
1787196065.0959444,3.7357420005719177
1787196065.1210215,3.006388000358129
1787196065.145973,44.89424799976405
1787196065.153288,3.026857000804739
1787196065.186701,3.363593998074066
1787196065.2660563,45.07506799927796
1787196065.3169184,5.9204799981671385
1787196065.3661394,6.254276002437109
1787196065.372399,5.708075001166435
1787196065.4208522,4.588412997691194
1787196065.432128,4.179360999842174
1787196065.4829276,6.000755998684326
1787196065.5089483,7.210963001853088
1787196065.5103388,6.4397280002594925
1787196065.5662596,46.830782001052285
1787196065.5857966,4.129195000132313
1787196065.6091812,6.121055997937219
1787196065.6565232,2.7566089993342757
1787196065.6743627,45.2172219993372
1787196065.6840098,4.9612040020292625
1787196065.689231,3.1287530000554398
1787196065.7718227,2.8407760000845883
1787196065.8540692,4.360472001280868
1787196065.866935,4.949482998199528
1787196065.9635422,3.9805499982321635
1787196065.9645329,3.599421001126757
1787196066.0007603,6.873387999803526
1787196066.0190942,3.920241997548146
1787196066.0328953,3.052719999686815
1787196066.0417776,45.63463399972534
1787196066.048849,3.0431100021814927
1787196066.0577958,45.370431998890126
1787196066.102181,45.69412699856912
1787196066.138728,47.12045400083298
1787196066.1473007,6.436567000491777
1787196066.1800916,3.0780979977862444
1787196066.243656,5.821956001454964
1787196066.2523994,4.258082997694146
1787196066.2802234,2.7391790026740637
1787196066.3193622,5.90376699983608
1787196066.3554583,5.97037899933639
1787196066.4119625,4.181393000180833
1787196066.4718032,4.335510999226244
1787196066.4860363,3.8736789974791463
1787196066.5421557,47.29670699816779
1787196066.574613,3.5558980016503483
1787196066.5898206,3.0734359970665537
1787196066.6276083,3.241182999772718
1787196066.712712,5.7232639992435
1787196066.7136433,4.586440998537
1787196066.7481863,4.116795000300044
1787196066.7677066,5.602191999059869
1787196066.7857544,47.85726699992665
1787196066.806135,2.748970000538975
1787196066.826106,44.70459100048174
1787196066.83238,4.785640001500724
1787196066.8342116,43.49989399997867
1787196066.8505726,44.24607300097705
1787196066.8843577,4.079346999787958
1787196066.8967078,3.555684001185
1787196066.9420865,47.15798100005486
1787196067.0484633,3.583486999559682
1787196067.0784178,3.93312700180104
1787196067.0923138,3.213479998521507
1787196067.1021416,3.213895997760119
1787196067.1325293,5.8863129997916985
1787196067.1871004,4.971640999428928
1787196067.2058399,47.209804000885924
1787196067.234767,3.206236997357337
1787196067.242746,3.409345001273323
1787196067.247605,2.8928510000696406
1787196067.2665772,43.66890299934312
1787196067.2908385,5.007761999877403
1787196067.3177466,48.56953399939812
1787196067.3836546,6.322805002128007
1787196067.396287,5.141020999872126
1787196067.421104,2.6849019996006973
1787196067.4476888,6.3983979998738505
1787196067.4677346,5.692513997928472
1787196067.5125637,3.4234140002809
1787196067.5408893,4.162079996604007
1787196067.546032,48.97026199978427
1787196067.5531027,3.5711069976969156
1787196067.6224332,4.484004999540048
1787196067.633646,3.7089430006744806
1787196067.663917,2.97706399942399
1787196067.6780775,47.106677000556374
1787196067.6916316,5.243236999376677
1787196067.7036848,4.841213001782307
1787196067.7346158,3.0678250004712027
1787196067.745833,49.88793099983013
1787196067.7540147,47.66947800089838
1787196067.769556,4.487268000957556
1787196067.8175938,3.839181998046115
1787196067.8303142,4.372310999315232
1787196067.906573,6.264806997933192
1787196067.9139593,4.384550997201586
1787196067.9446988,4.2958049998560455
1787196067.9488478,3.8757280017307494
1787196067.992592,5.046666999987792
1787196067.993857,4.67977300286293
1787196068.0114777,47.686951998912264
1787196068.053698,43.785818001197185
1787196068.0551527,2.6631969994923566
1787196068.0646365,3.0501800029014703
1787196068.1380236,3.07070100097917
1787196068.14188,2.8526349997264333
1787196068.349863,5.7548400000086986
1787196068.3592582,5.505646000528941
1787196068.3719845,5.299694003042532
1787196068.4270322,8.471189001284074
1787196068.4300907,6.474624999100342
1787196068.459185,5.196190999413375
1787196068.4925141,4.598448998876847
1787196068.529482,5.708436998247635
1787196068.5483322,6.424089999200078
1787196068.6249409,6.002623998938361
1787196068.6615849,6.159144999401178
1787196068.6851356,4.106671000045026
1787196068.6928666,4.561551002552733
1787196068.7180705,47.10002900174004
1787196068.7399735,5.2932809994672425
1787196068.7941034,43.928666000283556
1787196068.8139334,5.313074001605855
1787196068.8621037,4.447571998753119
1787196068.8664248,3.781068000535015
1787196068.890166,47.55546899832552
1787196068.9144845,47.18904300170834
1787196068.9496562,6.601278997550253
1787196068.9520917,5.6441509987053
1787196068.9553351,4.746663002151763
1787196068.9658325,47.71611700198264
1787196069.0278065,3.196194000338437
1787196069.055049,6.3681550018372945
1787196069.080061,4.39613799971994
1787196069.1018956,3.952699997171294
1787196069.126529,3.7122639987501316
1787196069.1421402,46.509226001944626
1787196069.1778271,44.94559299928369
1787196069.2220764,4.312814999138936
1787196069.2370493,4.290828001103364
1787196069.2613292,6.050845997378929
1787196069.2663357,5.957379002211383
1787196069.2783194,4.579371998261195
1787196069.3182096,47.688197999377735
1787196069.323027,4.793179999978747
1787196069.3788638,4.892278000625083
1787196069.3859525,49.98953999893274
1787196069.3911574,3.940455000702059
1787196069.4372675,3.7952789971313905
1787196069.4461148,43.94613099793787
1787196069.4641867,6.143480000901036
1787196069.5238056,2.793202002067119
1787196069.5645378,5.8958420013368595
1787196069.5706773,46.57560600026045
1787196069.6221132,46.262538999144454
1787196069.6822386,6.127515000116546
1787196069.689614,4.58294799682335
1787196069.7166007,4.11339600032079
1787196069.7385895,45.38594199766521
1787196069.796322,6.530988997837994
1787196069.8705237,45.303967999643646
1787196069.8817086,6.335705002129544
1787196069.937956,3.34864300020854
1787196069.9543617,43.797349997475976
1787196069.9985805,6.5797069983091205
1787196070.0193205,3.2470389996888116
1787196070.084549,3.0349299995577894
1787196070.086001,3.3520469987706747
1787196070.1246982,3.028382998309098
1787196070.151302,3.614591001678491
1787196070.153671,3.855758001009235
1787196070.1818824,45.563429997855565
1787196070.198221,45.905674996902235
1787196070.3379154,5.325901998730842
1787196070.3444598,5.103431998577435
1787196070.4328,4.601469998306129
1787196070.4784663,44.847541001217905
1787196070.5140252,6.031537999660941
1787196070.5417614,49.11872400043649
1787196070.5507255,3.4497050000936724
1787196070.58615,3.584359001251869
1787196070.6102228,44.93185100000119
1787196070.6537561,48.474473998794565
1787196070.6576889,2.796971999487141
1787196070.731631,4.9072559995693155
1787196070.7501476,3.5519330012903083
1787196070.7941716,45.26174700004049
1787196070.9320014,5.882269997528056
1787196070.983367,5.427305997727672
1787196070.9838252,3.8581879998673685
1787196071.0023794,46.15249299968127
1787196071.102966,4.41609599874937
1787196071.10453,3.441361001023324
1787196071.157627,4.100098001799779
1787196071.185789,5.903888999455376
1787196071.197645,3.998070998932235
1787196071.2357044,7.170320997829549
1787196071.2376819,3.924775002815295
1787196071.2455628,3.7315139998099767
1787196071.2499454,43.861680998816155
1787196071.305622,3.546997999364976
1787196071.3062599,4.350182000052882
1787196071.3552551,4.338837999966927
1787196071.397794,4.280655997717986
1787196071.4290514,5.045072000939399
1787196071.4739501,2.9930590026197024
1787196071.5402346,6.5714650008885656
1787196071.5416634,5.419427001470467
1787196071.588181,3.107132997683948
1787196071.6473007,5.61455500064767
1787196071.6660914,48.524220001127105
1787196071.7370527,6.653098997048801
1787196071.7379658,5.322809000062989
1787196071.7683878,4.17322299836087
1787196071.8018093,51.28602500190027
1787196071.8057323,46.208233001379995
1787196071.8156137,3.331780000735307
1787196071.8790393,4.804999000043608
1787196071.8812618,4.433100002643187
1787196071.9740646,5.746370999986539
1787196071.9793973,3.985745999671053
1787196071.9939735,2.6656810005079024
1787196072.0198812,3.186465000908356
1787196072.0237103,2.838001000782242
1787196072.074199,6.090756996854907
1787196072.08204,7.1939000008569565
1787196072.1119723,3.2293510012095794
1787196072.1447089,3.460846000962192
1787196072.18545,6.4944069999910425
1787196072.191017,3.941478000342613
1787196072.2174246,2.7004900002793875
1787196072.2361944,3.648259000328835
1787196072.2381725,46.088196999335196
1787196072.2461805,44.32170799918822
1787196072.2888825,6.385713000781834
1787196072.2981882,4.0556649983045645
1787196072.33181,3.0417820016737096
1787196072.4033103,4.097510998690268
1787196072.5063205,3.6654809991887305
1787196072.5640795,4.570642002363456
1787196072.5648496,3.84176599982311
1787196072.570749,3.0777390020375606
1787196072.613506,3.017746999830706
1787196072.6337833,46.07026500161737
1787196072.6689653,5.776285001047654
1787196072.6988058,5.27191400033189
1787196072.7177496,45.618910997291096
1787196072.7275896,3.8221249997150153
1787196072.7447038,4.813650000869529
1787196072.7449925,4.23846600097022
1787196072.770407,45.57075799675658
1787196072.7867165,48.01841300286469
1787196072.8029475,6.478671999502694
1787196072.8420517,3.6386399988259654
1787196072.8485863,3.5675140024977736
1787196072.8659055,46.8446769991715
1787196072.9338741,45.535672001278726
1787196072.9680595,2.86912299998221
1787196073.0130558,6.408418998034904
1787196073.0411878,2.8138210000179242
1787196073.1144326,3.8062200001149904
1787196073.1234004,4.709561002528062
1787196073.1712284,4.186002002825262
1787196073.198317,44.21037499923841
1787196073.2436347,4.005619000963634
1787196073.2627645,3.0180020003172103
1787196073.302251,43.90611000053468
1787196073.33012,46.44410300170421
1787196073.3778064,45.11434099913458
1787196073.4123135,4.946490997099318
1787196073.413477,3.7145530004636385
1787196073.4324214,3.858964999380987
1787196073.4379547,44.7312479991524
1787196073.4633892,3.5554839996621013
1787196073.463818,3.0327040003612638
1787196073.5323315,6.313586000032956
1787196073.5379837,44.45049499918241
1787196073.539943,5.361450999771478
1787196073.5420105,45.96348099948955
1787196073.5881238,2.6448499993421137
1787196073.5985327,49.02847099947394
1787196073.6215155,3.5097539985144977
1787196073.6430423,3.6131510023551527
1787196073.6537557,47.05796200141776
1787196073.6980283,43.125283998961095
1787196073.7494977,6.164422997244401
1787196073.7689333,3.0022969986021053
1787196073.811378,6.250239999644691
1787196073.8578887,45.248654001625255
1787196073.9360454,3.9490970011684112
1787196073.9902477,4.705235001893016
1787196074.0212088,3.024802001164062
1787196074.0405622,3.8837660031276755
1787196074.0462537,46.394605000386946
1787196074.0650768,4.819088000658667
1787196074.0804377,3.051791001780657
1787196074.0971828,2.6486710012250114
1787196074.122191,46.222675999160856
1787196074.198125,45.46384700006456
1787196074.3349364,6.454202000895748
1787196074.3564587,6.027326999173965
1787196074.4012272,4.552872000203934
1787196074.406452,3.4469499987608287
1787196074.4223938,44.29693400015822
1787196074.4436696,5.637764999846695
1787196074.497726,46.30447199815535
1787196074.501922,2.956806001748191
1787196074.5127864,2.7078090024588164
1787196074.5428295,4.550829999061534
1787196074.562496,48.61801099832519
1787196074.6436446,4.414831000758568
1787196074.6729965,5.8475419973547105
1787196074.6985939,3.224951000447618
1787196074.750379,43.46650899969973
1787196074.7941606,6.107223001890816
1787196074.8400607,5.471314998430898
1787196074.9647696,3.776839999773074
1787196074.9969244,4.17472600020119
1787196075.0139432,3.35915899995598
1787196075.017826,47.01300700253341
1787196075.0335963,3.1008170008135494
1787196075.0588543,4.272743997717043
1787196075.0744028,44.6120830019936
1787196075.0782082,5.2739860002475325
1787196075.1023073,4.716889998235274
1787196075.1059625,52.76620500080753
1787196075.1297631,45.46336500061443
1787196075.1418095,45.540176000940846
1787196075.1483266,3.392976999748498
1787196075.177881,43.24360499958857
1787196075.1840556,3.345594999700552
1787196075.2008152,3.505115000734804
1787196075.2179356,45.18057400127873
1787196075.241804,47.32492900075158
1787196075.3139675,3.22315800076467
1787196075.3506796,4.897676000837237
1787196075.3805914,5.955175998678897
1787196075.3936303,6.048731996997958
1787196075.4237223,2.875638001569314
1787196075.4383743,4.408061999129131
1787196075.4822187,47.056608000275446
1787196075.496659,4.590066000673687
1787196075.5360136,3.3670699995127507
1787196075.5376623,3.18731600054889
1787196075.582424,4.635519999283133
1787196075.6095355,5.761461001384305
1787196075.6429217,2.68495099953725
1787196075.6704226,45.26268399786204
1787196075.7148113,6.029087999195326
1787196075.7776434,6.437998999899719
1787196075.780615,6.633574997977121
1787196075.802257,5.558492001000559
1787196075.8110013,5.360061997635057
1787196075.8242884,5.777854999905685
1787196075.893659,5.650266997690778
1787196075.934428,5.371627001295565
1787196075.9405992,3.4115269991161767
1787196075.948372,3.9408580014423933
1787196075.9981718,4.924308999761706
1787196076.0068266,5.150802997377468
1787196076.0087533,3.4442149990354665
1787196076.0304747,4.14980499772355
1787196076.0577192,43.496590998984175
1787196076.109163,4.202800999337342
1787196076.109972,3.8375180010916665
1787196076.1360407,3.8881969994690735
1787196076.169611,3.1925869989208877
1787196076.186848,3.557400999852689
1787196076.2807188,4.146495000895811
1787196076.3502448,47.769386001164094
1787196076.422688,47.175208001135616
1787196076.4337227,6.04876700163004
1787196076.4433875,6.112621002102969
1787196076.5540361,6.577042000571964
1787196076.5886383,5.9412560003693216
1787196076.6528728,5.90181100051268
1787196076.6561291,6.610746000660583
1787196076.695011,3.3713820012053475
1787196076.7424836,8.441721001872793
1787196076.7440205,6.176811999466736
1787196076.7469282,7.205195001006359
1787196076.789773,44.47400299977744
1787196076.8199737,4.118053999263793
1787196076.8547168,5.163530000572791
1787196076.8897696,48.49788600040483
1787196076.909179,3.7033049993624445
1787196076.9154468,3.1078550018719397
1787196076.9325151,4.046977999678347
1787196076.9828148,3.4080950026691426
1787196076.999233,3.0889539993950166
1787196077.0386467,46.41024999727961
1787196077.0507164,3.168512997945072
1787196077.078433,4.328371000156039
1787196077.0878086,3.7527239983319305
1787196077.106463,3.845923001790652
1787196077.113775,3.6314630015112925
1787196077.1219256,46.15258299963898
1787196077.1459403,45.027762000245275
1787196077.1817791,45.132587001717184
1787196077.1929817,3.1340589994215406
1787196077.2055478,3.3509420027257875
1787196077.2092462,3.353832998982398
1787196077.2098248,46.01713900046889
1787196077.2497444,3.0283689993666485
1787196077.266561,4.222889998345636
1787196077.2681985,3.2943170008365996
1787196077.2698376,44.53565799849457
1787196077.2819228,45.32705800011172
1787196077.3358965,2.782478000881383
1787196077.3431127,2.508068002498476
1787196077.3831365,6.840125999588054
1787196077.385187,4.5211080032458995
1787196077.3896978,43.32023700044374
1787196077.4838858,6.831955000961898
1787196077.4849727,5.526226999791106
1787196077.523026,2.8075980007997714
1787196077.5510952,5.3950840010656975
1787196077.6075468,3.794295000261627
1787196077.6698637,4.205036999337608
1787196077.7051444,3.8828540018585045
1787196077.7234337,3.246917000069516
1787196077.7420301,46.708226000191644
1787196077.7438982,5.339202998584369
1787196077.762609,5.726571998820873
1787196077.786306,4.700104000221472
1787196077.7976985,4.405764000694035
1787196077.8471317,3.176869999151677
1787196077.8698397,51.53541099934955
1787196077.9443412,3.749911000340944
1787196078.0115843,3.961350997997215
1787196078.0588603,4.137137999350671
1787196078.0902994,5.502287000126671
1787196078.109866,46.30304500096827
1787196078.1104884,5.143546000908827
1787196078.1118414,4.543997998553095
1787196078.1700852,45.315986000787234
1787196078.2490587,5.006417999538826
1787196078.2556105,6.287924999924144
1787196078.2631009,7.052689001284307
1787196078.266076,6.599820000701584
1787196078.286007,8.09922200278379
1787196078.3301384,46.60548299943912
1787196078.3558843,4.668212997785304
1787196078.3887663,5.48640800116118
1787196078.442441,5.719634002161911
1787196078.5095012,5.710053999791853
1787196078.5457609,2.567207000538474
1787196078.590548,5.791794999822741
1787196078.6182325,46.731282000109786
1787196078.6476119,4.103177998331375
1787196078.6617272,45.612399000674486
1787196078.6673827,2.8969800005143043
1787196078.6986525,4.306640999857336
1787196078.749877,45.63998799858382
1787196078.7740762,2.87238700184389
1787196078.7952328,3.4278979983355384
1787196078.8236282,6.603071997233201
1787196078.893597,5.109221001475817
1787196078.945249,6.18250099796569
1787196078.9519923,4.6665819972986355
1787196078.9718986,3.7101220004842617
1787196079.0000334,6.122129001596477
1787196079.0015528,5.780611998488894
1787196079.0340889,46.922400000767084
1787196079.062121,3.636714998719981
1787196079.072003,2.989685999637004
1787196079.0777242,51.602544997876976
1787196079.1423411,43.45079399718088
1787196079.1938515,46.575144999223994
1787196079.2418976,46.144964999257354
1787196079.2489402,3.3367979995091446
1787196079.277048,2.6125160002266057
1787196079.2910705,3.0685550009366125
1787196079.3059056,44.37302699807333
1787196079.3075907,4.466652000701288
1787196079.333325,5.465344998810906
1787196079.3582847,46.99457500100834
1787196079.4018288,46.474219001538586
1787196079.409689,47.38350200204877
1787196079.4251559,3.4305299996049143
1787196079.450658,45.50174500036519
1787196079.4817262,48.019918001955375
1787196079.5475838,4.091450002306374
1787196079.578231,4.623739998351084
1787196079.619865,5.917610997130396
1787196079.7007885,3.859880998788867
1787196079.719638,4.750817999592982
1787196079.7736862,4.972076003468828
1787196079.7760582,4.629913000826491
1787196079.8075254,3.5032439991482534
1787196079.8220832,44.98090400011279
1787196079.8421884,43.59268799817073
1787196079.870787,46.658014001877746
1787196079.9165106,2.8818040009355173
1787196079.9177926,46.03311900064
1787196080.033456,3.878752002492547
1787196080.082554,46.14055999991251
1787196080.1297812,5.857508000190137
1787196080.1308744,5.076287001429591
1787196080.1617022,6.686450000415789
1787196080.1883466,3.7593460001517087
1787196080.201637,4.475672001717612
1787196080.2238693,4.375869000796229
1787196080.337736,3.4310949995415285
1787196080.4167776,3.3596430002944544
1787196080.4467192,3.8104929990367964
1787196080.4736035,3.9315590001933742
1787196080.4778533,46.14564000075916
1787196080.4892635,3.433551002672175
1787196080.5216253,4.0315250007552095
1787196080.5361948,4.353966996859526
1787196080.5825148,3.538495999237057
1787196080.6279328,3.444309000769863
1787196080.6297426,45.96279499673983
1787196080.6494427,2.914533000875963
1787196080.70688,6.409719997463981
1787196080.7249823,4.8379640029452275
1787196080.7852204,4.0056710022327024
1787196080.8541565,3.6491970022325404
1787196080.868793,3.073797000979539
1787196080.9789176,7.064670000545448
1787196080.981575,5.314699999871664
1787196081.0308316,5.0585230019351
1787196081.0515766,4.199434999463847
1787196081.0679755,3.596716000174638
1787196081.142099,49.35597800067626
1787196081.1625543,2.9699080005229916
1787196081.18759,3.78739699954167
1787196081.1993282,3.6012699965795036
1787196081.2158544,4.100449001271045
1787196081.218266,44.35229700175114
1787196081.2306178,48.35827100032475
1787196081.2341301,45.69326499768067
1787196081.2857842,49.661301000014646
1787196081.2860188,43.980084999930114
1787196081.2938988,50.544371999421855
1787196081.3294249,3.2728639998822473
1787196081.3419368,45.31017599947518
1787196081.3879282,2.7442319988040254
1787196081.4107432,3.8892359989404213
1787196081.4446008,6.153851998533355
1787196081.448475,3.8478129972645547
1787196081.482056,4.153096000663936
1787196081.492425,3.4606150002218783
1787196081.4941385,47.04116499851807
1787196081.5266278,5.304619000526145
1787196081.5318472,3.627778001828119
1787196081.565816,46.83987300086301
1787196081.5836756,3.2309440030076075
1787196081.6202688,3.5724830013350584
1787196081.6538866,45.815622001100564
1787196081.6698146,3.100185000221245
1787196081.6715488,3.3085870018112473
1787196081.7060657,3.745109999726992
1787196081.734637,44.669576000160305
1787196081.761074,6.094635999033926
1787196081.7871678,2.9845600001863204
1787196081.7944694,3.026291000423953
1787196082.0204384,4.440289998456137
1787196082.0621114,5.615289002889767
1787196082.0883887,4.403758997796103
1787196082.1990082,3.4570259995234665
1787196082.262825,6.030325999745401
1787196082.2644408,4.954678999638418
1787196082.2816758,4.4606700030271895
1787196082.3158317,4.5135960026527755
1787196082.3181005,3.9495529999840073
1787196082.3461547,45.53813100210391
1787196082.3662002,5.523765001271386
1787196082.368067,3.590262000216171
1787196082.3699872,3.602619002776919
1787196082.415167,3.514742998959264
1787196082.4320028,3.5859330018865876
1787196082.455867,3.3426280024286825
1787196082.477875,45.618668002134655
1787196082.493558,3.5632960025395732
1787196082.5444427,5.57915700119338
1787196082.5591028,3.4617880010046065
1787196082.6153939,3.944988999137422
1787196082.6384656,3.2862359985301737
1787196082.6652527,3.373048999492312
1787196082.6882474,4.315467998821987
1787196082.6980083,45.86145900248084
1787196082.7174616,3.660158999991836
1787196082.7661252,44.15403399980278
1787196082.7704546,2.8517850005300716
1787196082.8338833,49.03316600029939
1787196082.8897505,7.327503000851721
1787196082.8905609,5.976319000183139
1787196082.8912203,7.2918559999379795
1787196082.90561,3.6767609999515116
1787196082.9420238,47.084476998861646
1787196082.9575253,3.4044509993691463
1787196083.0217896,44.39044299942907
1787196083.0459518,2.9448200002661906
1787196083.0548675,3.215371998521732
1787196083.0862496,45.08714399707969
1787196083.1542935,3.5242949998064432
1787196083.2287385,2.9839800008630846
1787196083.2450075,3.187508998962585
1787196083.3457427,4.207085999951232
1787196083.386154,3.061783998418832
1787196083.4499185,44.493542998679914
1787196083.4704192,2.936913999292301
1787196083.4914804,5.08264599920949
1787196083.5562253,3.3796279967646115
1787196083.5786362,4.914716999337543
1787196083.6127112,4.94147800054634
1787196083.63904,4.220751001412282
1787196083.6574707,2.913002001150744
1787196083.6577063,47.06962999989628
1787196083.7432191,5.650981998769566
1787196083.7441823,5.300015000102576
1787196083.867855,3.447593997407239
1787196083.9224527,43.974957003229065
1787196083.9850054,4.773089996888302
1787196084.0124836,4.307213999709347
1787196084.042322,46.962599000835326
1787196084.0586221,3.525185999023961
1787196084.0732405,3.4889009984908625
1787196084.0816355,3.037315000256058
1787196084.099739,4.426600000442704
1787196084.1063159,45.499400002881885
1787196084.106607,44.593735998205375
1787196084.1618598,46.49756800063187
1787196084.1784363,3.5828489999403246
1787196084.2390423,3.7183160020504147
1787196084.2419755,43.86886900101672
1787196084.3301847,49.53826499695424
1787196084.3450136,3.1098209983611014
1787196084.3727574,3.638043999671936
1787196084.4314148,6.2298630000441335
1787196084.4448233,5.599451000307454
1787196084.4717686,3.3926870019058697
1787196084.5182416,6.035649003024446
1787196084.5625234,44.260771999688586
1787196084.6388757,45.10508199746255
1787196084.7104795,3.8251229998422787
1787196084.7395935,5.009217999031534
1787196084.8028896,5.044376997830113
1787196084.8049808,3.8673409981129225
1787196084.8392143,6.154490998596884
1787196084.8904026,4.283669997676043
1787196084.930812,4.652876999898581
1787196084.9627204,5.9946099972876254
1787196084.9795365,5.612888999166898
1787196085.0385368,4.251262998877792
1787196085.0424654,46.93772700193222
1787196085.0771286,5.915553996601375
1787196085.1262784,47.10098000214202
1787196085.1404524,4.950194001139607
1787196085.1464012,44.17522400035523
1787196085.2539804,3.706486000737641
1787196085.2638338,3.395727002498461
1787196085.3695376,3.9232739982253406
1787196085.37818,3.8512030005222186
1787196085.411372,3.6373039984027855
1787196085.442512,47.547238998959074
1787196085.4858162,3.7607989979733247
1787196085.5219822,45.57588700117776
1787196085.564127,5.348129998310469
1787196085.60247,6.003264999890234
1787196085.6485646,4.030235999380238
1787196085.6584,43.9212570017844
1787196085.666396,4.980998997780262
1787196085.7104373,46.011645998078166
1787196085.7179527,4.535478001344018
1787196085.7197454,3.822472001047572
1787196085.7703853,47.566228997311555
1787196085.7912345,5.516974000784103
1787196085.8509638,2.7338199979567435
1787196085.8569365,2.4647630016261246
1787196085.9124362,6.166677998407977
1787196085.9713824,3.890771000442328
1787196085.9780762,44.667590998869855
1787196086.0223374,46.35486800179933
1787196086.0354385,3.263536000304157
1787196086.066086,3.8979939999990165
1787196086.116192,6.037254999682773
1787196086.131908,5.457277002278715
1787196086.1341643,4.162684002949391
1787196086.1948712,3.0924140010029078
1787196086.2161376,5.428207001386909
1787196086.224309,5.173276000277838
1787196086.2611756,3.0009479996806476
1787196086.2778533,2.6290019995940384
1787196086.290395,44.705107997287996
1787196086.2996056,4.02090900024632
1787196086.3163087,4.482405998714967
1787196086.3514228,3.5917049972340465
1787196086.3904998,43.98724900238449
1787196086.4156647,7.548931000201264
1787196086.4169483,4.8513199981243815
1787196086.4540195,48.05388600289007
1787196086.474107,47.799726999073755
1787196086.4742656,46.37686699788901
1787196086.5180986,4.9203710004803725
1787196086.532916,3.769861999899149
1787196086.5500808,5.0789130000339355
1787196086.554298,3.7801760008733254
1787196086.5901866,3.989911001553992
1787196086.6465623,6.361578998621553
1787196086.6621716,4.281474997696932
1787196086.7007382,3.2260410007438622
1787196086.710473,53.71267100053956
1787196086.734958,47.865240998362424
1787196086.7716208,3.765972000110196
1787196086.773209,3.568028001609491
1787196086.7867286,3.127899999526562
1787196086.8429828,43.70215900053154
1787196086.8606298,6.384525000612484
1787196086.8899674,3.0391260006581433
1787196086.902063,46.09126099967398
1787196086.9552486,5.992567999783205
1787196086.9758017,3.441569999267813
1787196087.005446,2.770789000351215
1787196087.017334,3.265547999035334
1787196087.018259,47.131192000961164
1787196087.0293047,3.1333799997810274
1787196087.0518944,3.976480998971965
1787196087.0700617,5.126304000441451
1787196087.071792,4.788879003172042
1787196087.0743756,43.89821400036453
1787196087.129554,3.766924000956351
1787196087.1427224,3.4844369984057266
1787196087.1554673,3.3496969990665093
1787196087.1823761,3.5062370006926358
1787196087.2224865,44.51129099834361
1787196087.229015,3.596176000428386
1787196087.2762842,4.154515998379793
1787196087.282482,45.20729399882839
1787196087.2940688,46.40266700153006
1787196087.347334,6.368218000716297
1787196087.381271,3.0349699991347734
1787196087.4060802,43.86939499818254
1787196087.454727,44.29023799821152
1787196087.4662921,5.393203002313385
1787196087.5877166,3.488050999294501
1787196087.6022937,3.4151890031353105
1787196087.6426136,44.72038500171038
1787196087.6529615,5.510385999514256
1787196087.8410463,7.254436997754965
1787196087.8439314,5.714934999559773
1787196087.8593132,6.038200001057703
1787196087.8871877,5.161295001016697
1787196087.917998,46.40548500174191
1787196087.9412098,3.41524999748799
1787196087.9609392,2.6111229999514762
1787196087.9748275,3.1712839991087094
1787196088.003947,48.289938997186255
1787196088.0042286,47.44682900127373
1787196088.0061722,3.7258399970596656
1787196088.0260353,44.241725001484156
1787196088.0584066,46.922682002332294
1787196088.1186485,4.4620139997277874
1787196088.1326282,3.181629999744473
1787196088.1729183,3.968402001191862
1787196088.2009938,4.617917998984922
1787196088.2080505,6.688630001008278
1787196088.2262552,45.69646100208047
1787196088.2345994,5.655331999150803
1787196088.2368712,5.594936999841593
1787196088.2501602,47.10494900064077
1787196088.2680647,48.93712600096478
1787196088.2716665,5.609210002148757
1787196088.2901108,4.71207900045556
1787196088.3091185,2.933450999989873
1787196088.3239138,2.825720002874732
1787196088.3620303,44.18612800145638
1787196088.3640523,3.6530459983623587
1787196088.4969234,5.692254002497066
1787196088.5179522,6.113138999353396
1787196088.527966,5.643768003210425
1787196088.5425265,3.6308630005805753
1787196088.5662742,47.237528997357
1787196088.5755897,3.773438998905476
1787196088.5943635,47.3660520001431
1787196088.6783357,45.914644997537835
1787196088.6964884,6.067930000426713
1787196088.7100077,5.6283250014530495
1787196088.7398496,4.798472000402398
1787196088.77809,4.701881000073627
1787196088.7988775,4.210286999295931
1787196088.8186464,5.613105000520591
1787196088.8268526,46.3078510001651
1787196088.8718512,3.000593998876866
1787196088.952186,3.807840999797918
1787196088.9811566,5.368864000047324
1787196088.9998534,5.740428998251446
1787196089.0400681,3.17450500006089
1787196089.1239483,6.130446003226098
1787196089.1539094,6.463456000346923
1787196089.1634066,4.038704002596205
1787196089.1982954,3.987729000073159
1787196089.202501,45.756352999887895
1787196089.2088594,4.846789997827727
1787196089.2185647,45.52126800263068
1787196089.3566616,4.371937997348141
1787196089.406539,5.581834997428814
1787196089.4540448,3.9795550001144875
1787196089.4546976,3.545696999935899
1787196089.5007384,3.157461000228068
1787196089.510483,2.7678870028466918
1787196089.5314379,4.295503000321332
1787196089.5742102,45.934595000289846
1787196089.586177,50.2365499996813
1787196089.6142716,3.7699950007663574
1787196089.6262562,45.64939700139803
1787196089.638195,46.59099899799912
1787196089.6471157,3.7266670005919877
1787196089.6592221,4.34047599992482
1787196089.692003,3.2732079998822883
1787196089.695842,3.1238779993145727
1787196089.7927847,3.432341000007
1787196089.8035383,3.121465997537598
1787196089.8748062,47.42895800154656
1787196089.9049366,4.670211998018203
1787196089.9292705,2.9357540006458294
1787196089.9623165,44.94798400264699
1787196089.994125,45.75862499768846
1787196090.000935,3.0553270007658284
1787196090.0063562,2.983848000440048
1787196090.0391536,2.822668000590056
1787196090.0558243,3.294991998700425
1787196090.0582607,45.141965001676
1787196090.066335,44.668020000244724
1787196090.104574,4.141774999879999
1787196090.1452637,2.7373920020181686
1787196090.1525817,3.0731299993931316
1787196090.1634536,3.512488001433667
1787196090.1761503,3.5094929990009405
1787196090.1941066,43.68597000211594
1787196090.2622976,46.99259900007746
1787196090.274973,3.8362710001820233
1787196090.2767527,3.8666549990011845
1787196090.3143415,3.9866579973022453
1787196090.330061,44.06668099909439
1787196090.33124,3.0916319992684294
1787196090.354249,45.01584700119565
1787196090.4003215,5.412870003056014
1787196090.401076,4.789677001099335
1787196090.4022372,46.701847000804264
1787196090.4524875,3.448198000114644
1787196090.5579705,4.394379000586923
1787196090.6272073,3.3458389989391435
1787196090.636885,3.3608880003157537
1787196090.6624315,6.213666998519329
1787196090.7318625,4.057388003275264
1787196090.7361603,4.042581997055095
1787196090.747798,2.726820999669144
1787196090.80329,6.268105000344804
1787196090.810384,5.251930000667926
1787196090.8106823,47.23128299883683
1787196090.866111,2.693408001505304
1787196090.886344,46.399953000218375
1787196090.9275832,6.373289001203375
1787196090.9381688,47.771408997505205
1787196090.9433541,3.713621001224965
1787196090.9853737,3.1005000018922146
1787196091.030442,44.83393999908003
1787196091.0527992,3.1312350001826417
1787196091.0848048,4.991131001588656
1787196091.0866497,3.3697779981594067
1787196091.1008239,5.635777000861708
1787196091.1025407,43.68417700243299
1787196091.1426253,3.842609999992419
1787196091.1462612,49.299383001198294
1787196091.2051263,3.5273039975436404
1787196091.2186334,45.927289000246674
1787196091.2876794,4.995161998522235
1787196091.321114,5.781812000350328
1787196091.370034,45.86508799911826
1787196091.3975635,5.365551998693263
1787196091.4113503,3.3013009997375775
1787196091.455808,5.638736998662353
1787196091.4574242,4.788284000824206
1787196091.5743554,3.8872320001246408
1787196091.6044374,4.736590002721641
1787196091.6238055,5.72923299841932
1787196091.6611426,6.031493001501076
1787196091.8014448,5.984432002151152
1787196091.9087796,6.294047001574654
1787196091.9458723,6.053290999261662
1787196091.960265,6.815697001002263
1787196091.9614635,5.479668998304987
1787196091.9621468,47.99786600051448
1787196092.0731597,6.510733001050539
1787196092.081248,3.7843290010641795
1787196092.1268141,43.90209800112643
1787196092.1500623,5.776825000793906
1787196092.179896,6.578623000677908
1787196092.1973443,2.805662999890046
1787196092.2128873,2.602849999675527
1787196092.247078,45.244704000651836
1787196092.2489023,3.3856459995149635
1787196092.2830844,6.405500000255415
1787196092.2948549,4.001101002359064
1787196092.3210022,2.8890510002383962
1787196092.3271008,2.57269199937582
1787196092.3398058,2.869794003345305
1787196092.3941991,44.91663800217793
1787196092.3996463,3.092023001954658
1787196092.4324365,3.100903999438742
1787196092.4590063,3.1083239991858136
1787196092.5084558,3.374423999048304
1787196092.517446,2.656821998243686
1787196092.5201783,2.4085660006676335
1787196092.5669944,6.086809997214004
1787196092.665164,5.614098001387902
1787196092.6929867,5.403174000093713
1787196092.7093222,3.617608999775257
1787196092.7297966,3.4022309991996735
1787196092.7302158,47.98833300083061
1787196092.7321508,3.9087000004656147
1787196092.738326,44.8619039998448
1787196092.7879229,6.084269996790681
1787196092.8024611,5.334588000550866
1787196092.8466356,3.256141000747448
1787196092.862456,51.675364000402624
1787196092.8989751,46.704214000783395
1787196092.9204726,2.9868179990444332
1787196092.9861333,44.22525699919788
1787196092.9866948,4.372169001726434
1787196093.0048046,3.5141070002282504
1787196093.045442,2.575213002273813
1787196093.0705688,45.504967998567736
1787196093.1120963,5.009206000977429
1787196093.1252575,3.5067499993601814
1787196093.2155294,6.549416000780184
1787196093.2301235,3.5368229982850607
1787196093.2558935,4.727413001091918
1787196093.2842357,4.622472002665745
1787196093.2945564,44.506592999823624
1787196093.2982914,46.21566000059829
1787196093.3180144,4.762087999552023
1787196093.3340063,44.594977000087965
1787196093.3431463,3.04920599955949
1787196093.3512168,2.8424070005712565
1787196093.3850121,3.186358997481875
1787196093.398946,3.686015999846859
1787196093.4497042,3.1520639968221076
1787196093.5026827,4.463239998585777
1787196093.5697541,5.4213570001593325
1787196093.5745296,44.53376899982686
1787196093.638287,45.95950300063123
1787196093.6426134,4.3028219988627825
1787196093.6644597,4.728007999801775
1787196093.6766613,4.16824200146948
1787196093.7184596,47.61456599953817
1787196093.8197503,2.8980780007259455
1787196093.8477044,3.033801000128733
1787196093.8655717,2.9605449999507982
1787196093.8842316,4.999985998438206
1787196093.894426,47.79398599930573
1787196093.9412947,6.094595999456942
1787196093.962591,3.160167998430552
1787196093.9926546,3.2540280008106492
1787196093.9941783,2.8247629998077173
1787196094.0286176,3.4955370028910693
1787196094.0699866,3.0588310000894126
1787196094.098513,46.09400200206437
1787196094.210256,5.580291999649489
1787196094.2297194,4.967330001818482
1787196094.2314103,3.977402997406898
1787196094.353955,4.227820001688087
1787196094.402215,45.298250999621814
1787196094.4156003,4.950049002218293
1787196094.436797,4.235353000694886
1787196094.4851348,5.664064003212843
1787196094.4909182,4.339053000876447
1787196094.5143597,47.866725999483606
1787196094.5742993,51.0380069972598
1787196094.5895145,3.9824440027587116
1787196094.6295671,3.7397820015030447
1787196094.650237,46.43892300009611
1787196094.6835423,4.486481000640197
1787196094.6902668,43.91142299937201
1787196094.7141063,46.516602000338025
1787196094.7197719,3.502678999211639
1787196094.7951527,3.7031140018370934
1787196094.8410926,3.718494997883681
1787196094.8524382,3.0410559993470088
1787196094.930201,48.739023000962334
1787196094.9663992,6.23762399845873
1787196094.9911988,4.2981650003639515
1787196095.0011654,6.649188002484152
1787196095.0422304,49.602690000028815
1787196095.0672956,4.844315997615922
1787196095.1317623,3.0810969983576797
1787196095.1547496,3.281263998360373
1787196095.1852565,3.1533900000795256
1787196095.1898367,4.360283001005882
1787196095.2185736,3.0095469992375
1787196095.2889836,8.137556997098727
1787196095.2896788,6.751906999852508
1787196095.291051,4.128091000893619
1787196095.2953029,3.9745909998600837
1787196095.3023365,3.4757399989757687
1787196095.3592308,4.820651000045473
1787196095.3613515,4.163920999417314
1787196095.370035,2.7274880012555514
1787196095.4102628,47.195336999720894
1787196095.419452,5.495184002938913
1787196095.4511974,2.979543998662848
1787196095.4551442,3.5267960010969546
1787196095.4610317,2.699927001231117
1787196095.5261095,4.408234002767131
1787196095.5317762,3.8441699980467092
1787196095.5833883,5.338764000043739
1787196095.6174335,3.296316001069499
1787196095.662225,44.773581001209095
1787196095.6657798,2.834419999999227
1787196095.6942484,45.87410100066336
1787196095.7568762,2.860769000108121
1787196095.8092222,3.676594998978544
1787196095.8542233,44.06958199979272
1787196095.9141355,43.7862340004358
1787196095.9413033,2.677482996659819
1787196095.995701,4.2019240027002525
1787196096.000955,3.119941000477411
1787196096.036582,3.337076002935646
1787196096.0397727,2.8920500008098315
1787196096.0661676,46.25009799929103
1787196096.0700936,45.64639800082659
1787196096.1302338,5.077562000224134
1787196096.1380181,47.029325000039535
1787196096.1565685,3.2775720028439537
1787196096.1946003,43.814702999952715
1787196096.2647035,3.1423699983861297
1787196096.343858,7.018279000476468
1787196096.49093,6.053364999388577
1787196096.5369942,2.5991770016844384
1787196096.5806751,4.374629999801982
1787196096.5899773,3.60776699744747
1787196096.6004117,4.755584999657003
1787196096.639575,6.064563000109047
1787196096.6469266,48.09251199912978
1787196096.697459,4.565687002468621
1787196096.6997364,5.397025997808669
1787196096.7015848,3.8434740017692093
1787196096.7105465,45.41545000029146
1787196096.8050427,2.796602999296738
1787196096.902908,3.8822009992145468
1787196096.9380946,5.869404001714429
1787196096.9429371,3.9317099981417414
1787196096.9682178,4.25615299900528
1787196096.9704618,46.35926099945209
1787196097.0569108,5.942494000919396
1787196097.0627077,4.773778000526363
1787196097.0971937,3.261328998632962
1787196097.1270163,6.171651999466121
1787196097.1386387,3.0695579989696853
1787196097.142734,46.622677000414114
1787196097.1547308,4.129764001845615
1787196097.2115161,4.307071001676377
1787196097.2302332,4.244235999067314
1787196097.2781205,5.074155000329483
1787196097.288566,5.759464998845942
1787196097.2897427,5.031654000049457
1787196097.3327143,4.01102300020284
1787196097.3433352,53.53662500056089
1787196097.3584006,48.95031799969729
1787196097.3899167,4.410633999214042
1787196097.5463135,5.790093000541674
1787196097.5983472,47.06003699902794
1787196097.6001344,4.960712001775391
1787196097.6241436,4.544775001704693
1787196097.6493428,3.48567500259378
1787196097.6622498,45.15748500125483
1787196097.7345011,4.2556860025797505
1787196097.7569506,6.455163998907665
1787196097.7835038,3.319135998026468
1787196097.785334,3.348902999277925
1787196097.8246849,4.287823001504876
1787196097.8527422,3.2809309996082447
1787196097.8709652,2.813035000144737
1787196097.9599943,4.853415997786215
1787196097.966211,4.69252599941683
1787196098.0262935,2.983474001666764
1787196098.0809038,3.7255349998304155
1787196098.0860093,42.96078499828582
1787196098.100654,2.8693940002995078
1787196098.1159894,3.796550001425203
1787196098.2069354,5.636992998915957
1787196098.4103982,6.662961997790262
1787196098.432944,4.470741998375161
1787196098.438911,5.031204000260914
1787196098.4971347,3.9259799996216316
1787196098.5145392,45.87533900121343
1787196098.518157,7.008123997366056
1787196098.5491142,3.867769999487791
1787196098.5663393,54.09221299851197
1787196098.5926442,5.623992001346778
1787196098.6112487,6.264821000513621
1787196098.6227052,4.764416000398342
1787196098.6620984,6.873553000332322
1787196098.678512,4.61740199898486
1787196098.7015548,4.757000999234151
1787196098.70617,51.184369000111474
1787196098.738107,47.37013300109538
1787196098.7460506,43.4148250024009
1787196098.7688909,2.966346000903286
1787196098.8220325,43.798376002087025
1787196098.823013,3.0259669983934145
1787196098.8500967,46.13943900039885
1787196098.8712735,4.827360997296637
1787196098.8743434,44.139566001831554
1787196098.8981164,45.99142799997935
1787196098.9421854,26.446339001267916
1787196099.0915844,6.67740900098579
1787196099.116481,7.359012000961229
1787196099.1192443,5.196109999815235
1787196099.1235774,3.9130600016505923
1787196099.1510258,4.636647001461824
1787196099.1742332,45.19542200068827
1787196099.2316096,5.711539997719228
1787196099.2895813,3.668547000415856
1787196099.3250792,3.259336997871287
1787196099.333899,3.783576001296751
1787196099.3862994,44.144118000986055
1787196099.3928142,3.391567002836382
1787196099.451848,5.422501002612989
1787196099.46635,45.84851300023729
1787196099.4758487,5.431583998870337
1787196099.5141149,8.676278997882036
1787196099.5179024,8.86297699980787
1787196099.5351887,3.1636790008633398
1787196099.5402527,4.64167900281609
1787196099.5582316,60.128009998152265
1787196099.5625255,6.558722998306621
1787196099.5703206,49.07117000038852
1787196099.5823004,45.79313700014609
1787196099.6138163,5.738537001889199
1787196099.66231,47.87609900085954
1787196099.6643925,5.132321999553824
1787196099.6733484,5.823184001201298
1787196099.710232,45.81324500031769
1787196099.738352,4.931989999022335
1787196099.7741368,47.299137000663904
1787196099.8183422,47.31350899965037
1787196099.846375,46.94996800026274
1787196099.8970554,5.504311000549933
1787196099.9410388,3.7525240004470106
1787196099.9596984,3.4286549998796545
1787196099.97169,3.4282250016985927
1787196100.0871077,3.2686890008335467
1787196100.1232119,3.419594999286346
1787196100.1618295,2.9622190013469663
1787196100.186411,43.43390500071109
1787196100.2099648,4.9979649993474595
1787196100.2435417,3.915551998943556
1787196100.2632318,3.681671998492675
1787196100.2672124,3.6949839995941147
1787196100.2740831,47.51649099853239
1787196100.2835383,3.104221999819856
1787196100.3101294,44.22651600179961
1787196100.3181536,43.6085670007742
1787196100.3742113,46.304604002216365
1787196100.4400449,3.0599389974668156
1787196100.500954,3.5648880002554506
1787196100.516957,4.248212000675267
1787196100.5713916,3.5232560003350955
1787196100.594702,3.749700998014305
1787196100.621099,4.93503700272413
1787196100.6822875,5.004475999157876
1787196100.724218,6.166093997308053
1787196100.7592254,6.670802998996805
1787196100.7756016,5.071826002676971
1787196100.8334363,6.678071997157531
1787196100.909321,6.035736998455832
1787196100.9781635,5.070960000011837
1787196101.0310566,3.3569330007594544
1787196101.0687592,5.632748998323223
1787196101.0715284,5.314568003086606
1787196101.0814006,8.476621002046159
1787196101.0847132,5.830439997225767
1787196101.0863574,44.35975000160397
1787196101.1304846,3.148340001644101
1787196101.1877882,3.2052010028564837
1787196101.190221,44.10898799687857
1787196101.234439,4.016580001916736
1787196101.2529874,5.39643499723752
1787196101.2825365,5.298369997035479
1787196101.3022614,48.27745500006131
1787196101.3100953,49.4736959990405
1787196101.3741028,45.813843000360066
1787196101.4638448,5.026588998589432
1787196101.4644783,4.39737799752038
1787196101.478296,4.565561001072638
1787196101.5741038,5.386905999330338
1787196101.6422853,46.516497000993695
1787196101.666139,3.260024997871369
1787196101.7673278,4.09091299661668
1787196101.804305,5.734082998969825
1787196101.841892,3.9468369977839757
1787196101.8848298,2.924821001215605
1787196101.9281092,2.7278269990347326
1787196101.9443324,5.125175001012394
1787196101.9502833,46.03167700042832
1787196102.007576,3.707968000526307
1787196102.0087693,3.6093509988859296
1787196102.1340404,7.802850999723887
1787196102.1458418,6.7590699982247315
1787196102.1531165,5.0605779979377985
1787196102.21102,3.0855229997541755
1787196102.234965,5.364841999835335
1787196102.2356777,4.522253999311943
1787196102.2942023,45.74366399901919
1787196102.2944026,48.61922899726778
1787196102.3465931,7.785669000440976
1787196102.3477569,6.886054001370212
1787196102.387963,4.950517999532167
1787196102.3921638,3.981680998549564
1787196102.4264514,46.68390100050601
1787196102.4306965,3.8501429989992175
1787196102.4314349,3.358213001774857
1787196102.4399188,3.083375999267446
1787196102.4419866,45.26550900118309
1787196102.4460132,5.302289999235654
1787196102.5175176,3.6548110001604073
1787196102.5338664,3.998405998572707
1787196102.5597765,4.807819001143798
1787196102.578405,47.49756700039143
1787196102.5834327,3.6565860027621966
1787196102.6112044,6.11388100151089
1787196102.634101,46.68050300097093
1787196102.643604,4.261147001670906
1787196102.7132075,3.211100000044098
1787196102.790488,6.126652002421906
1787196102.8089166,3.463564000412589
1787196102.87801,6.083494001359213
1787196102.9069717,4.924631997710094
1787196102.9083703,4.626543002814287
1787196102.9704154,45.3001400019275
1787196103.1265326,4.62007900205208
1787196103.148326,4.792250998434611
1787196103.2220447,4.980096000508638
1787196103.224444,4.825418000109494
1787196103.28029,4.5103609991201665
1787196103.316064,5.8600800002750475
1787196103.3284628,3.4732610001810826
1787196103.4097676,4.545911000604974
1787196103.428393,3.343980999488849
1787196103.4364262,2.9581580020021647
1787196103.4641228,3.33651000255486
1787196103.4701936,46.29217200272251
1787196103.4860666,44.73391599822207
1787196103.52494,4.558593002002453
1787196103.5302649,4.192616997897858
1787196103.5380743,47.726755001349375
1787196103.588448,7.1011739964887965
1787196103.5983489,47.443516999919666
1787196103.5986056,46.49136300213286
1787196103.6183965,3.2893200004764367
1787196103.6522985,3.225133998057572
1787196103.6671476,3.047834998142207
1787196103.678084,44.98817800049437
1787196103.686116,3.3254329973715357
1787196103.6943731,3.747587998077506
1787196103.7345288,44.70597399995313
1787196103.7620618,48.87886700089439
1787196103.8385327,6.718545999319758
1787196103.8419752,5.903323002712568
1787196103.8985002,46.093894001387525
1787196103.9250684,6.261795999307651
1787196103.9529994,3.8972309994278476
1787196103.9640713,6.571621997863986
1787196103.9753308,3.1567539990646765
1787196104.006336,47.862679999525426
1787196104.034586,5.995605002681259
1787196104.035602,4.801988001418067
1787196104.0513759,3.6826409996137954
1787196104.0811641,3.165418002026854
1787196104.0957048,2.9934779995528515
1787196104.125217,3.3494930030428804
1787196104.1304457,47.27277500205673
1787196104.173967,3.450288000749424
1787196104.2208314,2.9956619982840493
1787196104.2428398,44.99155400117161
1787196104.2942119,45.42989299807232
1787196104.3145025,44.95165399930556
1787196104.3585217,48.192968002695125
1787196104.444085,6.060284002160188
1787196104.5009677,4.013388999737799
1787196104.5371313,5.841788999532582
1787196104.570385,4.633172000467312
1787196104.651053,45.061682001687586
1787196104.7241995,6.070620001992211
1787196104.7635915,6.20032199731213
1787196104.765365,4.6516980000888
1787196104.809714,3.311088999907952
1787196104.82033,3.778639998927247
1787196104.845381,3.883605000737589
1787196104.8781233,45.002220998867415
1787196104.8808842,4.682151000451995
1787196104.9101243,46.218524999858346
1787196104.9303803,45.1802179995866
1787196104.9349005,4.059720002260292
1787196104.9394994,3.465767000307096
1787196104.945045,3.5780180005531292
1787196104.9460945,46.69278499932261
1787196104.9635327,3.4483620001992676
1787196104.9821243,49.966009999479866
1787196105.0183303,44.11889800030622
1787196105.0306664,3.0239019979489967
1787196105.0621266,44.7655690004467
1787196105.1341894,46.442227001534775
1787196105.167222,3.887219001626363
1787196105.1800022,3.285312999651069
1787196105.2175214,2.7769420012191404
1787196105.2493386,3.7907000005361624
1787196105.260059,3.5675219987751916
1787196105.271221,3.756444999453379
1787196105.276676,3.535251998982858
1787196105.3341427,44.792394000978675
1787196105.390399,43.79631099800463
1787196105.4461193,4.366746001323918
1787196105.4563973,3.4682000004977454
1787196105.48362,4.810911003005458
1787196105.500142,5.357445999834454
1787196105.5540698,3.717043000506237
1787196105.6008441,3.135496001050342
1787196105.622722,2.8872090006188955
1787196105.6398497,3.8035219986340962
1787196105.6756327,6.42472099934821
1787196105.7146592,47.21823900035815
1787196105.7302482,51.64098900058889
1787196105.7335293,3.254653998737922
1787196105.736696,2.880669999285601
1787196105.8482044,3.0877730023348704
1787196105.899783,3.9345250006590504
1787196105.935791,3.813979001279222
1787196105.9990108,9.560553000483196
1787196106.0010757,7.041643999400549
1787196106.0019124,9.158148001006339
1787196106.0037622,3.917731999536045
1787196106.0434825,3.9060300005075987
1787196106.1106157,5.866973999218317
1787196106.1144023,45.72790800011717
1787196106.1580987,46.9665040000109
1787196106.1921859,5.602469998848392
1787196106.2353642,8.356385998922633
1787196106.2365744,7.007192001765361
1787196106.3108542,45.27595200124779
1787196106.3562539,4.018127001472749
1787196106.4018679,4.785361001268029
1787196106.4400687,6.503037999209482
1787196106.4431841,5.0155030003224965
1787196106.5063162,46.372274999157526
1787196106.5232136,47.4924039990583
1787196106.5273228,6.196450001880294
1787196106.5832555,6.9008310019853525
1787196106.5914905,4.669265003030887
1787196106.6627092,44.68543500115629
1787196106.765868,4.531118996965233
1787196106.7744768,3.256258998590056
1787196106.8371177,5.962604001979344
1787196106.8493433,5.922492997342488
1787196106.8875613,3.3250470005441457
1787196106.8913438,2.9706729983445257
1787196106.9105349,47.08146900156862
1787196106.9427762,46.65804300020682
1787196106.966601,45.81099600181915
1787196106.9668767,47.52128700056346
1787196106.9850068,3.859116000967333
1787196107.0519178,44.82655500032706
1787196107.0552497,4.948477999278111
1787196107.112529,2.8347900006338023
1787196107.172295,6.297045998508111
1787196107.2038035,5.153727001015795
1787196107.2049341,3.2008809976105113
1787196107.2193007,4.218726000544848
1787196107.2467017,49.889245001395466
1787196107.3001595,3.1256399997801054
1787196107.3060603,51.7715469977702
1787196107.3204787,3.072841001994675
1787196107.3408904,3.6979319993406534
1787196107.3980181,46.181915000488516
1787196107.6048458,7.4491839986876585
1787196107.6077468,4.788300000654999
1787196107.6146371,4.380410999146989
1787196107.6443386,6.1976360011613
1787196107.6506276,4.19633999990765
1787196107.6625347,47.345543000119505
1787196107.696756,4.278397998859873
1787196107.7012606,4.183533001196338
1787196107.7136862,4.144342998188222
1787196107.7381039,49.347115000273334
1787196107.7463744,2.973178001411725
1787196107.782444,45.395056000415934
1787196107.801772,4.126732997974614
1787196107.814193,44.288014996709535
1787196107.8226917,2.833626997016836
1787196107.8610115,2.9487950014299713
1787196107.866386,48.11806900033844
1787196107.8825033,46.34583900042344
1787196107.8861682,42.88650599846733
1787196107.9217448,3.0428540012508165
1787196107.9383304,45.35460199986119
1787196107.9540758,48.21684700073092
1787196108.010162,44.62040599901229
1787196108.0567389,4.424713999469532
1787196108.0903053,3.3125859990832396
1787196108.186635,5.89373800175963
1787196108.2422469,47.76546100038104
1787196108.2539039,4.455809001228772
1787196108.299788,6.833072999143042
1787196108.3011305,5.140684002981288
1787196108.319609,4.738727999210823
1787196108.3663015,45.920462001959095
1787196108.3805985,6.385457003489137
1787196108.44596,7.6314380021358375
1787196108.4960728,4.424546998052392
1787196108.500855,3.9498619989899453
1787196108.5424123,5.6317999988095835
1787196108.5426106,44.48493000018061
1787196108.6053762,6.523133997689001
1787196108.614076,7.59238999671652
1787196108.6203666,5.641548999847146
1787196108.6583047,5.297337000229163
1787196108.7213259,7.214883997221477
1787196108.7242925,4.889785999694141
1787196108.7618046,4.39859499965678
1787196108.7863333,49.854932996822754
1787196108.804393,5.428925000160234
1787196108.8404722,6.186626000271644
1787196108.8426957,51.48222400021041
1787196108.8546913,9.11512099992251
1787196108.8586383,6.889225001941668
1787196108.8822513,6.810220002080314
1787196108.8982859,54.98238600193872
1787196108.9178739,7.721215999481501
1787196108.9195483,6.966633998672478
1787196108.9659007,7.692636998399394
1787196108.9663527,46.39936999956262
1787196109.0201683,6.186022001202218
1787196109.0215096,5.987182998069329
1787196109.0904534,3.5143210006935988
1787196109.130777,5.052623000665335
1787196109.1558208,7.096410998201463
1787196109.166475,49.3754210001498
1787196109.1685696,5.601883996860124
1787196109.2060425,5.046721998951398
1787196109.244562,2.9495820017473307
1787196109.250119,51.22155100252712
1787196109.2996094,4.5116209985280875
1787196109.3294518,4.789197999343742
1787196109.3464882,45.09349900035886
1787196109.4418187,7.717888998740818
1787196109.4454498,6.885198999952991
1787196109.5205457,4.9028329995053355
1787196109.5295382,5.440031000034651
1787196109.5614247,6.224117998499423
1787196109.594319,47.10648100081016
1787196109.605831,2.9114640019543003
1787196109.6221735,48.18885200074874
1787196109.6820915,43.496628997672815
1787196109.7066946,2.945570999145275
1787196109.7243905,3.4123719997296575
1787196109.7600672,4.562248999718577
1787196109.7863238,49.000022998370696
1787196109.802571,3.3920919995580334
1787196109.811566,3.637852001702413
1787196109.8311598,2.8961780008103233
1787196109.927252,3.0619639983342495
1787196109.9466445,3.0259560007834807
1787196109.9718773,4.583287998684682
1787196109.9822972,45.52188900197507
1787196109.987916,3.7413229983940255
1787196109.99436,3.6604380002245307
1787196110.0261173,45.63198600226315
1787196110.0803325,5.434904000139795
1787196110.1760495,3.9449769974453375
1787196110.2239542,4.489592000027187
1787196110.2264378,3.8473530003102496
1787196110.3396761,3.030182000657078
1787196110.3588412,4.366643999674125
1787196110.4117432,5.9539930007304065
1787196110.5840614,4.223752999678254
1787196110.5976965,4.646818000765052
1787196110.6626003,4.440224001882598
1787196110.6661155,47.703494998131646
1787196110.7182536,3.678738998132758
1787196110.7219043,3.632750998804113
1787196110.7861483,44.174878999911016
1787196110.8221724,4.351855001004878
1787196110.8242319,3.7420839980768505
1787196110.8309355,4.79894499949296
1787196110.8716764,2.7463689984870143
1787196111.0081909,4.172311000729678
1787196111.0540109,3.430922999541508
1787196111.0703316,47.09270100283902
1787196111.0919223,3.564261998690199
1787196111.1023057,46.359620999282924
1787196111.1344104,4.817059998458717
1787196111.1463223,4.374269999971148
1787196111.150368,45.65377600010834
1787196111.1933527,3.013549001479987
1787196111.1980307,45.47116999674472
1787196111.2224011,44.02531899904716
1787196111.2375848,6.002275000355439
1787196111.2503943,44.015654999384424
1787196111.3060815,44.847006000054535
1787196111.3412576,5.229324000538327
1787196111.3861206,4.695158997492399
1787196111.3934262,2.8249360002519097
1787196111.4386806,43.53976000129478
1787196111.4495313,4.9661269986245316
1787196111.4510465,4.384992000268539
1787196111.4903877,49.448986999777844
1787196111.5126066,3.5577269991335925
1787196111.5670753,3.1082579989742953
1787196111.5790014,3.145063001284143
1787196111.6617951,3.963208000641316
1787196111.731082,4.460175001440803
1787196111.849436,5.909990999498405
1787196111.9167905,6.2446609990729485
1787196111.9265664,5.271139998512808
1787196111.9587104,6.210711002495373
1787196111.985365,3.5433080010989215
1787196111.9942477,2.8190060002089012
1787196112.0019639,45.56035599671304
1787196112.0451438,3.0419760005315766
1787196112.046317,46.38373399939155
1787196112.0525663,3.100301997619681
1787196112.171753,3.927649999241112
1787196112.1820529,3.45518099857145
1787196112.1997416,3.341817002365133
1787196112.2190552,3.870593001920497
1787196112.246536,44.76763300044695
1787196112.2816145,3.5721040003409144
1787196112.310464,2.7551630009838846
1787196112.318378,2.78805400012061
1787196112.3339984,4.70919199869968
1787196112.3403182,3.705875999003183
1787196112.3503475,50.052766000590054
1787196112.354441,3.118106000329135
1787196112.3744333,46.48466899743653
1787196112.3823645,44.34823200062965
1787196112.421343,3.1357309999293648
1787196112.4380994,45.74652299925219
1787196112.4472353,2.9967579976073466
1787196112.496758,3.8961339996603783
1787196112.5300543,2.3371450006379746
1787196112.5425622,3.484540000499692
1787196112.5668244,43.844954001542646
1787196112.586156,5.987478998576989
1787196112.6084204,3.3667230018181726
1787196112.675433,4.242831000738079
1787196112.67783,4.701125002611661
1787196112.7069097,3.354667998792138
1787196112.7850347,3.3189489986398257
1787196112.82546,2.795527001580922
1787196112.8841605,5.340081999747781
1787196113.0077713,4.620870000508148
1787196113.0098264,4.257237000274472
1787196113.0377648,3.0819790008536074
1787196113.1072488,9.861644000920933
1787196113.1107097,8.356640999409137
1787196113.196217,4.6015339976293035
1787196113.1983368,3.978732998803025
1787196113.2015462,2.853514000889845
1787196113.2582483,9.565786000166554
1787196113.259507,7.303043999854708
1787196113.2950675,4.097434000868816
1787196113.3068953,81.83570500114001
1787196113.3089395,3.021140000782907
1787196113.3687685,4.222331001074053
1787196113.3825183,51.237732001027325
1787196113.3884242,3.5691590019268915
1787196113.4479473,2.8922430028615054
1787196113.4550369,2.451058000588091
1787196113.4611435,2.6239219987473916
1787196113.461977,44.396232999133645
1787196113.4943738,46.20355999941239
1787196113.5146856,44.94898499979172
1787196113.5491552,4.001522000180557
1787196113.5620363,52.79426400011289
1787196113.5900538,46.92464099935023
1787196113.6029286,3.638045000116108
1787196113.6737046,2.935156000603456
1787196113.6782298,2.4801729996397626
1787196113.6958556,3.5487389977788553
1787196113.7284746,3.546113999618683
1787196113.742476,46.38346899810131
1787196113.7543528,3.6025699992023874
1787196113.7953305,4.682767001213506
1787196113.8423162,45.849321999412496
1787196113.903582,4.452206001587911
1787196113.9581351,45.124967000447214
1787196113.958783,4.7064279970072675
1787196113.9598708,4.237214998283889
1787196114.0133564,2.7004940020560753
1787196114.021775,3.512906998366816
1787196114.0321953,3.7714400023105554
1787196114.052042,4.094857999007218
1787196114.074053,43.188757001189515
1787196114.0980256,45.72360400197795
1787196114.1061502,43.84587999811629
1787196114.134232,44.71644200020819
1787196114.2126708,3.681091999169439
1787196114.2182722,47.51619200033019
1787196114.2552855,4.168768999079475
1787196114.2572374,3.720180000527762
1787196114.2740247,44.00434600029257
1787196114.2821221,47.24347400042461
1787196114.287634,2.705473998503294
1787196114.322313,3.490479000902269
1787196114.3344233,3.6581280000973493
1787196114.3554583,44.47703899859334
1787196114.3636324,50.16394300037064
1787196114.4461436,4.3650090010487475
1787196114.4662051,5.4234150011325255
1787196114.4946697,3.3663120011624414
1787196114.507637,3.755900001124246
1787196114.5828815,5.7065349974436685
1787196114.5852485,4.5491740020224825
1787196114.6965783,3.6986400009482168
1787196114.697157,3.125038001599023
1787196114.7501576,3.224758998840116
1787196114.8083334,3.1436429999303073
1787196114.855704,3.319859999464825
1787196114.86551,3.2024690008256584
1787196114.964791,4.43184599862434
1787196115.030284,4.238205998262856
1787196115.0558736,4.350446000898955
1787196115.084682,4.277177999028936
1787196115.1268055,3.0528869974659756
1787196115.1345315,3.3526980005262885
1787196115.183971,3.7020430027041584
1787196115.207359,45.21851599929505
1787196115.2189264,3.8703819991496857
1787196115.231256,3.4941910016641486
1787196115.2414234,3.369310001289705
1787196115.266408,3.701609002746409
1787196115.2670705,46.669983999890974
1787196115.3101668,3.9818490004108753
1787196115.3913114,47.05281499991543
1787196115.5677288,3.6490509992290754
1787196115.587149,3.699898999911966
1787196115.5900223,4.947620000166353
1787196115.6326368,5.386154000007082
1787196115.6374867,3.4434869994584005
1787196115.645414,3.3819579984992743
1787196115.6939187,2.939621001132764
1787196115.7560449,3.896404999977676
1787196115.7579756,3.3822279983724
1787196115.7590644,46.29615700105205
1787196115.8967035,7.802972999343183
1787196115.8980975,7.336566999583738
1787196115.9432185,46.48815299879061
1787196115.9471998,3.6966700026823673
1787196116.0087342,7.706175001658266
1787196116.0112233,7.681954000872793
1787196116.0731757,3.0597119985031895
1787196116.0957482,3.362559000379406
1787196116.1480522,3.788199999689823
1787196116.1710827,3.588127998227719
1787196116.2390256,5.877596999198431
1787196116.24806,4.175174999545561
1787196116.2671552,3.178465998644242
1787196116.3191135,6.914893998327898
1787196116.3214452,4.618366998329293
1787196116.3585746,3.1181009981082752
1787196116.4441655,4.785957000422059
1787196116.4626627,3.999279000709066
1787196116.5395718,6.177991999720689
1787196116.5682588,3.168211002048338
1787196116.5966375,4.91256399982376
1787196116.616456,5.2047040007892065
1787196116.6393697,6.6434540021873545
1787196116.6422193,4.73524799963343
1787196116.6840248,2.9516419999708887
1787196116.6865823,2.5432860020373482
1787196116.7744386,3.986241998063633
1787196116.832127,3.60125899896957
1787196116.8417404,4.530686001089634
1787196116.9042804,4.207561996736331
1787196116.9052632,3.915706001862418
1787196116.9287431,4.059106999193318
1787196116.9515924,45.10307400050806
1787196116.9674237,44.005735999235185
1787196117.0104506,3.0863319989293814
1787196117.0651555,4.059906001202762
1787196117.0911462,2.7911470024264418
1787196117.1575992,4.499095000937814
1787196117.184,3.974163999373559
1787196117.1901271,4.357075998996152
1787196117.2104669,3.0991700004960876
1787196117.223256,45.42386799948872
1787196117.2433436,47.50355099895387
1787196117.2621317,3.6575060003087856
1787196117.2798297,4.2194650013698265
1787196117.3345034,3.2988929997372907
1787196117.3669477,4.377481000119587
1787196117.3919315,4.33404500290635
1787196117.4130602,6.377368001267314
1787196117.4384544,3.8266450028459076
1787196117.458623,4.615819998434745
1787196117.47534,4.926308996800799
1787196117.4857843,3.003177000209689
1787196117.4945374,3.840664998278953
1787196117.5446,2.8848559995822143
1787196117.554986,3.333726002892945
1787196117.6158276,2.761061001365306
1787196117.6917362,46.41079100110801
1787196117.7060113,3.701753001223551
1787196117.7128325,3.2589760012342595
1787196117.80327,6.443112000852125
1787196117.882572,4.189692001091316
1787196117.901064,3.368617999512935
1787196117.9037442,4.312089000450214
1787196117.9072533,5.045047000749037
1787196117.9113946,3.7234109986457042
1787196117.9657176,4.19050500204321
1787196117.9714415,48.374068002885906
