Simulation duration set to: 180
Attack duration set to: 0
Normal traffic RPS per client set to: 32.0
Normal traffic number of clients set to: 8
Normal traffic work units set to: 10
[Orchestrator] Initializing simulation environment...
[Sniffer] Realtime tcpdump started on any
[Sniffer] Label set to: benign
[Autoscaler] Initialized.
Attempting to build Docker image: edos_target_app:latest...
Image edos_target_app:latest already exists. Skipping build.
Docker network 'edos_network' already exists.
[Orchestrator] Cleaning up any pre-existing simulation instances...
Cleaning up all simulation instances...
No simulation instances found to clean up.
[Orchestrator] Starting initial 1 instance(s)...
Attempting to start container target_instance_1 mapping container:80 to host:8080...
Container e911b913dd (target_instance_1) started. Accessible on host port 8080.
[Autoscaler] Initial number of instances set to: 1
[Orchestrator] 1 initial instance(s) running.
[Orchestrator] Metrics will be logged to: simulation_metrics.csv
[Orchestrator] Attack summary will be logged to: attack_summary_log.csv
[Orchestrator] Normal traffic summary will be logged to: normal_traffic_summary_log.csv
[Orchestrator] Starting simulation main loop for 180 seconds.
[Orchestrator] Monitoring interval: 5s. Cooldown: 20s.
[Orchestrator] CPU Thresholds: Scale Up > 60.0%, Scale Down < 25.0%
[Orchestrator] No traffic injection scheduled (ATTACK_DURATION_SECONDS is 0 or less).
[Sniffer] Label set to: benign

--- Iteration 1 | Time: 0.0s / 180s ---
[Orchestrator]RTT = 0.0
[Orchestrator] Metrics: 1 active instance(s), Avg CPU: 0.00%, Avg App MEM: 0.00 MB
[Autoscaler] Condition for SCALE_DOWN met (Avg CPU: 0.00%), but already at MIN_INSTANCES (1). No action.
[DEBUG Orchestrator] Iteration Start. Instances Before Injector Logic: 1, Prev Injector Logic Instances: 1, Attack Started Flag: False, Normal Traffic Started Flag: False
[DEBUG Orchestrator] URLs derived for injector (if active): ['http://localhost:8080']
[Orchestrator] Starting/Restarting Normal Traffic. Target URLs for this call: ['http://localhost:8080']
[Normal_Injector] Starting HTTP flood with 8 attackers, ~256.0 RPS total, across 1 targets: http://localhost:8080
  [Normal_Injector Worker 124403212523200] Started. Target: http://localhost:8080?work=10&sleep=0.0, RPS: 32.00, Mean interval: 0.0312s (Poisson)
  [Normal_Injector Worker 124402989528768] Started. Target: http://localhost:8080?work=10&sleep=0.0, RPS: 32.00, Mean interval: 0.0312s (Poisson)
  [Normal_Injector Worker 124402981136064] Started. Target: http://localhost:8080?work=10&sleep=0.0, RPS: 32.00, Mean interval: 0.0312s (Poisson)
  [Normal_Injector Worker 124402972743360] Started. Target: http://localhost:8080?work=10&sleep=0.0, RPS: 32.00, Mean interval: 0.0312s (Poisson)
  [Normal_Injector Worker 124402964350656] Started. Target: http://localhost:8080?work=10&sleep=0.0, RPS: 32.00, Mean interval: 0.0312s (Poisson)
  [Normal_Injector Worker 124402947565248] Started. Target: http://localhost:8080?work=10&sleep=0.0, RPS: 32.00, Mean interval: 0.0312s (Poisson)
  [Normal_Injector Worker 124402939172544] Started. Target: http://localhost:8080?work=10&sleep=0.0, RPS: 32.00, Mean interval: 0.0312s (Poisson)
  [Normal_Injector Worker 124402377156288] Started. Target: http://localhost:8080?work=10&sleep=0.0, RPS: 32.00, Mean interval: 0.0312s (Poisson)
[Normal_Injector] All 8 attacker threads launched.
[DEBUG Orchestrator] End of Iteration. previous_num_instances_for_injector_logic updated to: 1
[DEGUG Orchestrator Loop Duration] Loop Duration = 59288.809472172
[Sniffer] Label set to: benign

--- Iteration 2 | Time: 5.0s / 180s ---
[Orchestrator]RTT = 31.48455603804773
[Orchestrator] Metrics: 1 active instance(s), Avg CPU: 56.51%, Avg App MEM: 38.07 MB
[Autoscaler] Decision: NO_ACTION. Avg CPU: 56.51% is within thresholds (25.0% - 60.0%).
[DEBUG Orchestrator] Iteration Start. Instances Before Injector Logic: 1, Prev Injector Logic Instances: 1, Attack Started Flag: False, Normal Traffic Started Flag: True
[DEBUG Orchestrator] URLs derived for injector (if active): ['http://localhost:8080']
[Orchestrator] Starting/Restarting Normal Traffic. Target URLs for this call: ['http://localhost:8080']
[Normal_Injector] Normal traffic already in progress. Call stop_http_traffic() first.
[DEBUG Orchestrator] End of Iteration. previous_num_instances_for_injector_logic updated to: 1
[DEGUG Orchestrator Loop Duration] Loop Duration = 59293.809472172
[Sniffer] Label set to: benign

--- Iteration 3 | Time: 10.0s / 180s ---
[Orchestrator]RTT = 28.558352798126514
[Orchestrator] Metrics: 1 active instance(s), Avg CPU: 46.22%, Avg App MEM: 38.63 MB
[Autoscaler] Decision: NO_ACTION. Avg CPU: 46.22% is within thresholds (25.0% - 60.0%).
[DEBUG Orchestrator] Iteration Start. Instances Before Injector Logic: 1, Prev Injector Logic Instances: 1, Attack Started Flag: False, Normal Traffic Started Flag: True
[DEBUG Orchestrator] URLs derived for injector (if active): ['http://localhost:8080']
[Orchestrator] Starting/Restarting Normal Traffic. Target URLs for this call: ['http://localhost:8080']
[Normal_Injector] Normal traffic already in progress. Call stop_http_traffic() first.
[DEBUG Orchestrator] End of Iteration. previous_num_instances_for_injector_logic updated to: 1
[DEGUG Orchestrator Loop Duration] Loop Duration = 59298.809472172
[Sniffer] Label set to: benign

--- Iteration 4 | Time: 15.0s / 180s ---
[Orchestrator]RTT = 30.88128342021241
[Orchestrator] Metrics: 1 active instance(s), Avg CPU: 50.14%, Avg App MEM: 38.77 MB
[Autoscaler] Decision: NO_ACTION. Avg CPU: 50.14% is within thresholds (25.0% - 60.0%).
[DEBUG Orchestrator] Iteration Start. Instances Before Injector Logic: 1, Prev Injector Logic Instances: 1, Attack Started Flag: False, Normal Traffic Started Flag: True
[DEBUG Orchestrator] URLs derived for injector (if active): ['http://localhost:8080']
[Orchestrator] Starting/Restarting Normal Traffic. Target URLs for this call: ['http://localhost:8080']
[Normal_Injector] Normal traffic already in progress. Call stop_http_traffic() first.
[DEBUG Orchestrator] End of Iteration. previous_num_instances_for_injector_logic updated to: 1
[DEGUG Orchestrator Loop Duration] Loop Duration = 59303.809472172
[Sniffer] Label set to: benign

--- Iteration 5 | Time: 20.0s / 180s ---
[Orchestrator]RTT = 29.538466251518155
[Orchestrator] Metrics: 1 active instance(s), Avg CPU: 49.25%, Avg App MEM: 38.97 MB
[Autoscaler] Decision: NO_ACTION. Avg CPU: 49.25% is within thresholds (25.0% - 60.0%).
[DEBUG Orchestrator] Iteration Start. Instances Before Injector Logic: 1, Prev Injector Logic Instances: 1, Attack Started Flag: False, Normal Traffic Started Flag: True
[DEBUG Orchestrator] URLs derived for injector (if active): ['http://localhost:8080']
[Orchestrator] Starting/Restarting Normal Traffic. Target URLs for this call: ['http://localhost:8080']
[Normal_Injector] Normal traffic already in progress. Call stop_http_traffic() first.
[DEBUG Orchestrator] End of Iteration. previous_num_instances_for_injector_logic updated to: 1
[DEGUG Orchestrator Loop Duration] Loop Duration = 59308.809472172
[Sniffer] Label set to: benign

--- Iteration 6 | Time: 25.0s / 180s ---
[Orchestrator]RTT = 29.553308701303624
[Orchestrator] Metrics: 1 active instance(s), Avg CPU: 47.79%, Avg App MEM: 39.00 MB
[Autoscaler] Decision: NO_ACTION. Avg CPU: 47.79% is within thresholds (25.0% - 60.0%).
[DEBUG Orchestrator] Iteration Start. Instances Before Injector Logic: 1, Prev Injector Logic Instances: 1, Attack Started Flag: False, Normal Traffic Started Flag: True
[DEBUG Orchestrator] URLs derived for injector (if active): ['http://localhost:8080']
[Orchestrator] Starting/Restarting Normal Traffic. Target URLs for this call: ['http://localhost:8080']
[Normal_Injector] Normal traffic already in progress. Call stop_http_traffic() first.
[DEBUG Orchestrator] End of Iteration. previous_num_instances_for_injector_logic updated to: 1
[DEGUG Orchestrator Loop Duration] Loop Duration = 59313.809472172
[Sniffer] Label set to: benign

--- Iteration 7 | Time: 30.0s / 180s ---
[Orchestrator]RTT = 30.627986677211847
[Orchestrator] Metrics: 1 active instance(s), Avg CPU: 52.27%, Avg App MEM: 39.16 MB
[Autoscaler] Decision: NO_ACTION. Avg CPU: 52.27% is within thresholds (25.0% - 60.0%).
[DEBUG Orchestrator] Iteration Start. Instances Before Injector Logic: 1, Prev Injector Logic Instances: 1, Attack Started Flag: False, Normal Traffic Started Flag: True
[DEBUG Orchestrator] URLs derived for injector (if active): ['http://localhost:8080']
[Orchestrator] Starting/Restarting Normal Traffic. Target URLs for this call: ['http://localhost:8080']
[Normal_Injector] Normal traffic already in progress. Call stop_http_traffic() first.
[DEBUG Orchestrator] End of Iteration. previous_num_instances_for_injector_logic updated to: 1
[DEGUG Orchestrator Loop Duration] Loop Duration = 59318.809472172
[Sniffer] Label set to: benign

--- Iteration 8 | Time: 35.0s / 180s ---
[Orchestrator]RTT = 30.13379044482459
[Orchestrator] Metrics: 1 active instance(s), Avg CPU: 52.95%, Avg App MEM: 39.31 MB
[Autoscaler] Decision: NO_ACTION. Avg CPU: 52.95% is within thresholds (25.0% - 60.0%).
[DEBUG Orchestrator] Iteration Start. Instances Before Injector Logic: 1, Prev Injector Logic Instances: 1, Attack Started Flag: False, Normal Traffic Started Flag: True
[DEBUG Orchestrator] URLs derived for injector (if active): ['http://localhost:8080']
[Orchestrator] Starting/Restarting Normal Traffic. Target URLs for this call: ['http://localhost:8080']
[Normal_Injector] Normal traffic already in progress. Call stop_http_traffic() first.
[DEBUG Orchestrator] End of Iteration. previous_num_instances_for_injector_logic updated to: 1
[DEGUG Orchestrator Loop Duration] Loop Duration = 59323.809472172
[Sniffer] Label set to: benign

--- Iteration 9 | Time: 40.0s / 180s ---
[Orchestrator]RTT = 29.83815252690749
[Orchestrator] Metrics: 1 active instance(s), Avg CPU: 43.61%, Avg App MEM: 39.11 MB
[Autoscaler] Decision: NO_ACTION. Avg CPU: 43.61% is within thresholds (25.0% - 60.0%).
[DEBUG Orchestrator] Iteration Start. Instances Before Injector Logic: 1, Prev Injector Logic Instances: 1, Attack Started Flag: False, Normal Traffic Started Flag: True
[DEBUG Orchestrator] URLs derived for injector (if active): ['http://localhost:8080']
[Orchestrator] Starting/Restarting Normal Traffic. Target URLs for this call: ['http://localhost:8080']
[Normal_Injector] Normal traffic already in progress. Call stop_http_traffic() first.
[DEBUG Orchestrator] End of Iteration. previous_num_instances_for_injector_logic updated to: 1
[DEGUG Orchestrator Loop Duration] Loop Duration = 59328.809472172
[Sniffer] Label set to: benign

--- Iteration 10 | Time: 45.0s / 180s ---
[Orchestrator]RTT = 30.05245514681028
[Orchestrator] Metrics: 1 active instance(s), Avg CPU: 51.36%, Avg App MEM: 38.93 MB
[Autoscaler] Decision: NO_ACTION. Avg CPU: 51.36% is within thresholds (25.0% - 60.0%).
[DEBUG Orchestrator] Iteration Start. Instances Before Injector Logic: 1, Prev Injector Logic Instances: 1, Attack Started Flag: False, Normal Traffic Started Flag: True
[DEBUG Orchestrator] URLs derived for injector (if active): ['http://localhost:8080']
[Orchestrator] Starting/Restarting Normal Traffic. Target URLs for this call: ['http://localhost:8080']
[Normal_Injector] Normal traffic already in progress. Call stop_http_traffic() first.
[DEBUG Orchestrator] End of Iteration. previous_num_instances_for_injector_logic updated to: 1
[DEGUG Orchestrator Loop Duration] Loop Duration = 59333.809472172
[Sniffer] Label set to: benign

--- Iteration 11 | Time: 50.0s / 180s ---
[Orchestrator]RTT = 29.70520817127832
[Orchestrator] Metrics: 1 active instance(s), Avg CPU: 45.33%, Avg App MEM: 39.42 MB
[Autoscaler] Decision: NO_ACTION. Avg CPU: 45.33% is within thresholds (25.0% - 60.0%).
[DEBUG Orchestrator] Iteration Start. Instances Before Injector Logic: 1, Prev Injector Logic Instances: 1, Attack Started Flag: False, Normal Traffic Started Flag: True
[DEBUG Orchestrator] URLs derived for injector (if active): ['http://localhost:8080']
[Orchestrator] Starting/Restarting Normal Traffic. Target URLs for this call: ['http://localhost:8080']
[Normal_Injector] Normal traffic already in progress. Call stop_http_traffic() first.
[DEBUG Orchestrator] End of Iteration. previous_num_instances_for_injector_logic updated to: 1
[DEGUG Orchestrator Loop Duration] Loop Duration = 59338.809472172
[Sniffer] Label set to: benign

--- Iteration 12 | Time: 55.0s / 180s ---
[Orchestrator]RTT = 29.491728713325156
[Orchestrator] Metrics: 1 active instance(s), Avg CPU: 47.47%, Avg App MEM: 39.13 MB
[Autoscaler] Decision: NO_ACTION. Avg CPU: 47.47% is within thresholds (25.0% - 60.0%).
[DEBUG Orchestrator] Iteration Start. Instances Before Injector Logic: 1, Prev Injector Logic Instances: 1, Attack Started Flag: False, Normal Traffic Started Flag: True
[DEBUG Orchestrator] URLs derived for injector (if active): ['http://localhost:8080']
[Orchestrator] Starting/Restarting Normal Traffic. Target URLs for this call: ['http://localhost:8080']
[Normal_Injector] Normal traffic already in progress. Call stop_http_traffic() first.
[DEBUG Orchestrator] End of Iteration. previous_num_instances_for_injector_logic updated to: 1
[DEGUG Orchestrator Loop Duration] Loop Duration = 59343.809472172
[Sniffer] Label set to: benign

--- Iteration 13 | Time: 60.0s / 180s ---
[Orchestrator]RTT = 29.638232034995156
[Orchestrator] Metrics: 1 active instance(s), Avg CPU: 47.19%, Avg App MEM: 39.53 MB
[Autoscaler] Decision: NO_ACTION. Avg CPU: 47.19% is within thresholds (25.0% - 60.0%).
[DEBUG Orchestrator] Iteration Start. Instances Before Injector Logic: 1, Prev Injector Logic Instances: 1, Attack Started Flag: False, Normal Traffic Started Flag: True
[DEBUG Orchestrator] URLs derived for injector (if active): ['http://localhost:8080']
[Orchestrator] Starting/Restarting Normal Traffic. Target URLs for this call: ['http://localhost:8080']
[Normal_Injector] Normal traffic already in progress. Call stop_http_traffic() first.
[DEBUG Orchestrator] End of Iteration. previous_num_instances_for_injector_logic updated to: 1
[DEGUG Orchestrator Loop Duration] Loop Duration = 59348.809472172
[Sniffer] Label set to: benign

--- Iteration 14 | Time: 65.0s / 180s ---
[Orchestrator]RTT = 28.963317051127905
[Orchestrator] Metrics: 1 active instance(s), Avg CPU: 47.01%, Avg App MEM: 39.57 MB
[Autoscaler] Decision: NO_ACTION. Avg CPU: 47.01% is within thresholds (25.0% - 60.0%).
[DEBUG Orchestrator] Iteration Start. Instances Before Injector Logic: 1, Prev Injector Logic Instances: 1, Attack Started Flag: False, Normal Traffic Started Flag: True
[DEBUG Orchestrator] URLs derived for injector (if active): ['http://localhost:8080']
[Orchestrator] Starting/Restarting Normal Traffic. Target URLs for this call: ['http://localhost:8080']
[Normal_Injector] Normal traffic already in progress. Call stop_http_traffic() first.
[DEBUG Orchestrator] End of Iteration. previous_num_instances_for_injector_logic updated to: 1
[DEGUG Orchestrator Loop Duration] Loop Duration = 59353.809472172
[Sniffer] Label set to: benign

--- Iteration 15 | Time: 70.0s / 180s ---
[Orchestrator]RTT = 28.91808146977339
[Orchestrator] Metrics: 1 active instance(s), Avg CPU: 42.73%, Avg App MEM: 39.72 MB
[Autoscaler] Decision: NO_ACTION. Avg CPU: 42.73% is within thresholds (25.0% - 60.0%).
[DEBUG Orchestrator] Iteration Start. Instances Before Injector Logic: 1, Prev Injector Logic Instances: 1, Attack Started Flag: False, Normal Traffic Started Flag: True
[DEBUG Orchestrator] URLs derived for injector (if active): ['http://localhost:8080']
[Orchestrator] Starting/Restarting Normal Traffic. Target URLs for this call: ['http://localhost:8080']
[Normal_Injector] Normal traffic already in progress. Call stop_http_traffic() first.
[DEBUG Orchestrator] End of Iteration. previous_num_instances_for_injector_logic updated to: 1
[DEGUG Orchestrator Loop Duration] Loop Duration = 59358.809472172
[Sniffer] Label set to: benign

--- Iteration 16 | Time: 75.0s / 180s ---
[Orchestrator]RTT = 30.36889238358911
[Orchestrator] Metrics: 1 active instance(s), Avg CPU: 50.06%, Avg App MEM: 39.60 MB
[Autoscaler] Decision: NO_ACTION. Avg CPU: 50.06% is within thresholds (25.0% - 60.0%).
[DEBUG Orchestrator] Iteration Start. Instances Before Injector Logic: 1, Prev Injector Logic Instances: 1, Attack Started Flag: False, Normal Traffic Started Flag: True
[DEBUG Orchestrator] URLs derived for injector (if active): ['http://localhost:8080']
[Orchestrator] Starting/Restarting Normal Traffic. Target URLs for this call: ['http://localhost:8080']
[Normal_Injector] Normal traffic already in progress. Call stop_http_traffic() first.
[DEBUG Orchestrator] End of Iteration. previous_num_instances_for_injector_logic updated to: 1
[DEGUG Orchestrator Loop Duration] Loop Duration = 59363.809472172
[Sniffer] Label set to: benign

--- Iteration 17 | Time: 80.0s / 180s ---
[Orchestrator]RTT = 31.797939487765156
[Orchestrator] Metrics: 1 active instance(s), Avg CPU: 65.91%, Avg App MEM: 39.73 MB
[Autoscaler] Decision: SCALE_UP. Avg CPU: 65.91% > 60.0%. Current instances: 1, Max: 4
[Orchestrator] Action: Scaling UP from 1 instance(s). Attempting to start instance 2.
Attempting to start container target_instance_2 mapping container:80 to host:8081...
Container 836a8721c0 (target_instance_2) started. Accessible on host port 8081.
[Orchestrator] Successfully started target_instance_2. Now 2 instance(s).
[Autoscaler] Scale action recorded. New instance count: 2. Cooldown timer reset.
[DEBUG Orchestrator] Iteration Start. Instances Before Injector Logic: 2, Prev Injector Logic Instances: 1, Attack Started Flag: False, Normal Traffic Started Flag: True
[DEBUG Orchestrator] URLs derived for injector (if active): ['http://localhost:8080', 'http://localhost:8081']
[Orchestrator] Starting/Restarting Normal Traffic. Target URLs for this call: ['http://localhost:8080', 'http://localhost:8081']
[Normal_Injector] Normal traffic already in progress. Call stop_http_traffic() first.
[DEBUG Orchestrator] End of Iteration. previous_num_instances_for_injector_logic updated to: 2
[DEGUG Orchestrator Loop Duration] Loop Duration = 59368.809472172
[Sniffer] Label set to: benign

--- Iteration 18 | Time: 85.0s / 180s ---
[Orchestrator]RTT = 31.014129523616827
[Orchestrator] Metrics: 2 active instance(s), Avg CPU: 55.97%, Avg App MEM: 39.52 MB
[Autoscaler]In cooldown: 14.99796384399815
[DEBUG Orchestrator] Iteration Start. Instances Before Injector Logic: 2, Prev Injector Logic Instances: 2, Attack Started Flag: False, Normal Traffic Started Flag: True
[DEBUG Orchestrator] URLs derived for injector (if active): ['http://localhost:8080', 'http://localhost:8081']
[Orchestrator] Starting/Restarting Normal Traffic. Target URLs for this call: ['http://localhost:8080', 'http://localhost:8081']
[Normal_Injector] Normal traffic already in progress. Call stop_http_traffic() first.
[DEBUG Orchestrator] End of Iteration. previous_num_instances_for_injector_logic updated to: 2
[DEGUG Orchestrator Loop Duration] Loop Duration = 59373.809472172
[Sniffer] Label set to: benign

--- Iteration 19 | Time: 90.0s / 180s ---
[Orchestrator]RTT = 30.380817439655647
[Orchestrator] Metrics: 2 active instance(s), Avg CPU: 20.13%, Avg App MEM: 27.25 MB
[Autoscaler]In cooldown: 9.997824571997626
[DEBUG Orchestrator] Iteration Start. Instances Before Injector Logic: 2, Prev Injector Logic Instances: 2, Attack Started Flag: False, Normal Traffic Started Flag: True
[DEBUG Orchestrator] URLs derived for injector (if active): ['http://localhost:8080', 'http://localhost:8081']
[Orchestrator] Starting/Restarting Normal Traffic. Target URLs for this call: ['http://localhost:8080', 'http://localhost:8081']
[Normal_Injector] Normal traffic already in progress. Call stop_http_traffic() first.
[DEBUG Orchestrator] End of Iteration. previous_num_instances_for_injector_logic updated to: 2
[DEGUG Orchestrator Loop Duration] Loop Duration = 59378.809472172
[Sniffer] Label set to: benign

--- Iteration 20 | Time: 95.0s / 180s ---
[Orchestrator]RTT = 30.818414637825015
[Orchestrator] Metrics: 2 active instance(s), Avg CPU: 28.12%, Avg App MEM: 27.64 MB
[Autoscaler]In cooldown: 5.00047288499627
[DEBUG Orchestrator] Iteration Start. Instances Before Injector Logic: 2, Prev Injector Logic Instances: 2, Attack Started Flag: False, Normal Traffic Started Flag: True
[DEBUG Orchestrator] URLs derived for injector (if active): ['http://localhost:8080', 'http://localhost:8081']
[Orchestrator] Starting/Restarting Normal Traffic. Target URLs for this call: ['http://localhost:8080', 'http://localhost:8081']
[Normal_Injector] Normal traffic already in progress. Call stop_http_traffic() first.
[DEBUG Orchestrator] End of Iteration. previous_num_instances_for_injector_logic updated to: 2
[DEGUG Orchestrator Loop Duration] Loop Duration = 59383.809472172
[Sniffer] Label set to: benign

--- Iteration 21 | Time: 100.0s / 180s ---
[Orchestrator]RTT = 29.713377116017465
[Orchestrator] Metrics: 2 active instance(s), Avg CPU: 15.80%, Avg App MEM: 23.42 MB
[Autoscaler] Decision: SCALE_DOWN. Avg CPU: 15.80% < 25.0%. Current instances: 2, Min: 1
[Orchestrator] Action: Scaling DOWN from 2 instance(s). Stopping target_instance_2.
Attempting to stop and remove container target_instance_2...
Container target_instance_2 stopped and removed.
[Orchestrator] Successfully stopped target_instance_2. Now 1 instance(s).
[Autoscaler] Scale action recorded. New instance count: 1. Cooldown timer reset.
[DEBUG Orchestrator] Iteration Start. Instances Before Injector Logic: 1, Prev Injector Logic Instances: 2, Attack Started Flag: False, Normal Traffic Started Flag: True
[DEBUG Orchestrator] URLs derived for injector (if active): ['http://localhost:8080']
[Orchestrator] Starting/Restarting Normal Traffic. Target URLs for this call: ['http://localhost:8080']
[Normal_Injector] Normal traffic already in progress. Call stop_http_traffic() first.
[DEBUG Orchestrator] End of Iteration. previous_num_instances_for_injector_logic updated to: 1
[DEGUG Orchestrator Loop Duration] Loop Duration = 59388.809472172
[Orchestrator] Warning: Loop iteration took longer than MONITOR_INTERVAL_SECONDS (5s). Not sleeping.
[Sniffer] Label set to: benign

--- Iteration 22 | Time: 105.6s / 180s ---
[Orchestrator]RTT = 29.667049410194064
[Orchestrator] Metrics: 1 active instance(s), Avg CPU: 46.34%, Avg App MEM: 39.59 MB
[Autoscaler]In cooldown: 14.390884591004578
[DEBUG Orchestrator] Iteration Start. Instances Before Injector Logic: 1, Prev Injector Logic Instances: 1, Attack Started Flag: False, Normal Traffic Started Flag: True
[DEBUG Orchestrator] URLs derived for injector (if active): ['http://localhost:8080']
[Orchestrator] Starting/Restarting Normal Traffic. Target URLs for this call: ['http://localhost:8080']
[Normal_Injector] Normal traffic already in progress. Call stop_http_traffic() first.
[DEBUG Orchestrator] End of Iteration. previous_num_instances_for_injector_logic updated to: 1
[DEGUG Orchestrator Loop Duration] Loop Duration = 59393.809472172
[Sniffer] Label set to: benign

--- Iteration 23 | Time: 110.0s / 180s ---
[Orchestrator]RTT = 30.26568166388372
[Orchestrator] Metrics: 1 active instance(s), Avg CPU: 52.71%, Avg App MEM: 39.34 MB
[Autoscaler]In cooldown: 9.999615569002344
[DEBUG Orchestrator] Iteration Start. Instances Before Injector Logic: 1, Prev Injector Logic Instances: 1, Attack Started Flag: False, Normal Traffic Started Flag: True
[DEBUG Orchestrator] URLs derived for injector (if active): ['http://localhost:8080']
[Orchestrator] Starting/Restarting Normal Traffic. Target URLs for this call: ['http://localhost:8080']
[Normal_Injector] Normal traffic already in progress. Call stop_http_traffic() first.
[DEBUG Orchestrator] End of Iteration. previous_num_instances_for_injector_logic updated to: 1
[DEGUG Orchestrator Loop Duration] Loop Duration = 59398.809472172
[Sniffer] Label set to: benign

--- Iteration 24 | Time: 115.0s / 180s ---
[Orchestrator]RTT = 29.101005356963984
[Orchestrator] Metrics: 1 active instance(s), Avg CPU: 44.70%, Avg App MEM: 39.58 MB
[Autoscaler]In cooldown: 4.999905370998022
[DEBUG Orchestrator] Iteration Start. Instances Before Injector Logic: 1, Prev Injector Logic Instances: 1, Attack Started Flag: False, Normal Traffic Started Flag: True
[DEBUG Orchestrator] URLs derived for injector (if active): ['http://localhost:8080']
[Orchestrator] Starting/Restarting Normal Traffic. Target URLs for this call: ['http://localhost:8080']
[Normal_Injector] Normal traffic already in progress. Call stop_http_traffic() first.
[DEBUG Orchestrator] End of Iteration. previous_num_instances_for_injector_logic updated to: 1
[DEGUG Orchestrator Loop Duration] Loop Duration = 59403.809472172
[Sniffer] Label set to: benign

--- Iteration 25 | Time: 120.0s / 180s ---
[Orchestrator]RTT = 30.307208530003315
[Orchestrator] Metrics: 1 active instance(s), Avg CPU: 44.97%, Avg App MEM: 39.84 MB
[Autoscaler] Decision: NO_ACTION. Avg CPU: 44.97% is within thresholds (25.0% - 60.0%).
[DEBUG Orchestrator] Iteration Start. Instances Before Injector Logic: 1, Prev Injector Logic Instances: 1, Attack Started Flag: False, Normal Traffic Started Flag: True
[DEBUG Orchestrator] URLs derived for injector (if active): ['http://localhost:8080']
[Orchestrator] Starting/Restarting Normal Traffic. Target URLs for this call: ['http://localhost:8080']
[Normal_Injector] Normal traffic already in progress. Call stop_http_traffic() first.
[DEBUG Orchestrator] End of Iteration. previous_num_instances_for_injector_logic updated to: 1
[DEGUG Orchestrator Loop Duration] Loop Duration = 59408.809472172
[Sniffer] Label set to: benign

--- Iteration 26 | Time: 125.0s / 180s ---
[Orchestrator]RTT = 29.825283324571018
[Orchestrator] Metrics: 1 active instance(s), Avg CPU: 47.62%, Avg App MEM: 39.58 MB
[Autoscaler] Decision: NO_ACTION. Avg CPU: 47.62% is within thresholds (25.0% - 60.0%).
[DEBUG Orchestrator] Iteration Start. Instances Before Injector Logic: 1, Prev Injector Logic Instances: 1, Attack Started Flag: False, Normal Traffic Started Flag: True
[DEBUG Orchestrator] URLs derived for injector (if active): ['http://localhost:8080']
[Orchestrator] Starting/Restarting Normal Traffic. Target URLs for this call: ['http://localhost:8080']
[Normal_Injector] Normal traffic already in progress. Call stop_http_traffic() first.
[DEBUG Orchestrator] End of Iteration. previous_num_instances_for_injector_logic updated to: 1
[DEGUG Orchestrator Loop Duration] Loop Duration = 59413.809472172
[Sniffer] Label set to: benign

--- Iteration 27 | Time: 130.0s / 180s ---
[Orchestrator]RTT = 29.756503590599042
[Orchestrator] Metrics: 1 active instance(s), Avg CPU: 46.33%, Avg App MEM: 39.47 MB
[Autoscaler] Decision: NO_ACTION. Avg CPU: 46.33% is within thresholds (25.0% - 60.0%).
[DEBUG Orchestrator] Iteration Start. Instances Before Injector Logic: 1, Prev Injector Logic Instances: 1, Attack Started Flag: False, Normal Traffic Started Flag: True
[DEBUG Orchestrator] URLs derived for injector (if active): ['http://localhost:8080']
[Orchestrator] Starting/Restarting Normal Traffic. Target URLs for this call: ['http://localhost:8080']
[Normal_Injector] Normal traffic already in progress. Call stop_http_traffic() first.
[DEBUG Orchestrator] End of Iteration. previous_num_instances_for_injector_logic updated to: 1
[DEGUG Orchestrator Loop Duration] Loop Duration = 59418.809472172
[Sniffer] Label set to: benign

--- Iteration 28 | Time: 135.0s / 180s ---
[Orchestrator]RTT = 29.87303915119364
[Orchestrator] Metrics: 1 active instance(s), Avg CPU: 50.20%, Avg App MEM: 39.33 MB
[Autoscaler] Decision: NO_ACTION. Avg CPU: 50.20% is within thresholds (25.0% - 60.0%).
[DEBUG Orchestrator] Iteration Start. Instances Before Injector Logic: 1, Prev Injector Logic Instances: 1, Attack Started Flag: False, Normal Traffic Started Flag: True
[DEBUG Orchestrator] URLs derived for injector (if active): ['http://localhost:8080']
[Orchestrator] Starting/Restarting Normal Traffic. Target URLs for this call: ['http://localhost:8080']
[Normal_Injector] Normal traffic already in progress. Call stop_http_traffic() first.
[DEBUG Orchestrator] End of Iteration. previous_num_instances_for_injector_logic updated to: 1
[DEGUG Orchestrator Loop Duration] Loop Duration = 59423.809472172
[Sniffer] Label set to: benign

--- Iteration 29 | Time: 140.0s / 180s ---
[Orchestrator]RTT = 28.594388792002004
[Orchestrator] Metrics: 1 active instance(s), Avg CPU: 45.88%, Avg App MEM: 39.59 MB
[Autoscaler] Decision: NO_ACTION. Avg CPU: 45.88% is within thresholds (25.0% - 60.0%).
[DEBUG Orchestrator] Iteration Start. Instances Before Injector Logic: 1, Prev Injector Logic Instances: 1, Attack Started Flag: False, Normal Traffic Started Flag: True
[DEBUG Orchestrator] URLs derived for injector (if active): ['http://localhost:8080']
[Orchestrator] Starting/Restarting Normal Traffic. Target URLs for this call: ['http://localhost:8080']
[Normal_Injector] Normal traffic already in progress. Call stop_http_traffic() first.
[DEBUG Orchestrator] End of Iteration. previous_num_instances_for_injector_logic updated to: 1
[DEGUG Orchestrator Loop Duration] Loop Duration = 59428.809472172
[Sniffer] Label set to: benign

--- Iteration 30 | Time: 145.0s / 180s ---
[Orchestrator]RTT = 29.32681275821594
[Orchestrator] Metrics: 1 active instance(s), Avg CPU: 46.67%, Avg App MEM: 39.59 MB
[Autoscaler] Decision: NO_ACTION. Avg CPU: 46.67% is within thresholds (25.0% - 60.0%).
[DEBUG Orchestrator] Iteration Start. Instances Before Injector Logic: 1, Prev Injector Logic Instances: 1, Attack Started Flag: False, Normal Traffic Started Flag: True
[DEBUG Orchestrator] URLs derived for injector (if active): ['http://localhost:8080']
[Orchestrator] Starting/Restarting Normal Traffic. Target URLs for this call: ['http://localhost:8080']
[Normal_Injector] Normal traffic already in progress. Call stop_http_traffic() first.
[DEBUG Orchestrator] End of Iteration. previous_num_instances_for_injector_logic updated to: 1
[DEGUG Orchestrator Loop Duration] Loop Duration = 59433.809472172
[Sniffer] Label set to: benign

--- Iteration 31 | Time: 150.0s / 180s ---
[Orchestrator]RTT = 28.915431407877954
[Orchestrator] Metrics: 1 active instance(s), Avg CPU: 42.71%, Avg App MEM: 39.67 MB
[Autoscaler] Decision: NO_ACTION. Avg CPU: 42.71% is within thresholds (25.0% - 60.0%).
[DEBUG Orchestrator] Iteration Start. Instances Before Injector Logic: 1, Prev Injector Logic Instances: 1, Attack Started Flag: False, Normal Traffic Started Flag: True
[DEBUG Orchestrator] URLs derived for injector (if active): ['http://localhost:8080']
[Orchestrator] Starting/Restarting Normal Traffic. Target URLs for this call: ['http://localhost:8080']
[Normal_Injector] Normal traffic already in progress. Call stop_http_traffic() first.
[DEBUG Orchestrator] End of Iteration. previous_num_instances_for_injector_logic updated to: 1
[DEGUG Orchestrator Loop Duration] Loop Duration = 59438.809472172
[Sniffer] Label set to: benign

--- Iteration 32 | Time: 155.0s / 180s ---
[Orchestrator]RTT = 30.75895988878354
[Orchestrator] Metrics: 1 active instance(s), Avg CPU: 55.81%, Avg App MEM: 39.60 MB
[Autoscaler] Decision: NO_ACTION. Avg CPU: 55.81% is within thresholds (25.0% - 60.0%).
[DEBUG Orchestrator] Iteration Start. Instances Before Injector Logic: 1, Prev Injector Logic Instances: 1, Attack Started Flag: False, Normal Traffic Started Flag: True
[DEBUG Orchestrator] URLs derived for injector (if active): ['http://localhost:8080']
[Orchestrator] Starting/Restarting Normal Traffic. Target URLs for this call: ['http://localhost:8080']
[Normal_Injector] Normal traffic already in progress. Call stop_http_traffic() first.
[DEBUG Orchestrator] End of Iteration. previous_num_instances_for_injector_logic updated to: 1
[DEGUG Orchestrator Loop Duration] Loop Duration = 59443.809472172
[Sniffer] Label set to: benign

--- Iteration 33 | Time: 160.0s / 180s ---
[Orchestrator]RTT = 29.54875848015337
[Orchestrator] Metrics: 1 active instance(s), Avg CPU: 58.35%, Avg App MEM: 39.60 MB
[Autoscaler] Decision: NO_ACTION. Avg CPU: 58.35% is within thresholds (25.0% - 60.0%).
[DEBUG Orchestrator] Iteration Start. Instances Before Injector Logic: 1, Prev Injector Logic Instances: 1, Attack Started Flag: False, Normal Traffic Started Flag: True
[DEBUG Orchestrator] URLs derived for injector (if active): ['http://localhost:8080']
[Orchestrator] Starting/Restarting Normal Traffic. Target URLs for this call: ['http://localhost:8080']
[Normal_Injector] Normal traffic already in progress. Call stop_http_traffic() first.
[DEBUG Orchestrator] End of Iteration. previous_num_instances_for_injector_logic updated to: 1
[DEGUG Orchestrator Loop Duration] Loop Duration = 59448.809472172
[Sniffer] Label set to: benign

--- Iteration 34 | Time: 165.0s / 180s ---
[Orchestrator]RTT = 31.75824901173373
[Orchestrator] Metrics: 1 active instance(s), Avg CPU: 52.85%, Avg App MEM: 39.71 MB
[Autoscaler] Decision: NO_ACTION. Avg CPU: 52.85% is within thresholds (25.0% - 60.0%).
[DEBUG Orchestrator] Iteration Start. Instances Before Injector Logic: 1, Prev Injector Logic Instances: 1, Attack Started Flag: False, Normal Traffic Started Flag: True
[DEBUG Orchestrator] URLs derived for injector (if active): ['http://localhost:8080']
[Orchestrator] Starting/Restarting Normal Traffic. Target URLs for this call: ['http://localhost:8080']
[Normal_Injector] Normal traffic already in progress. Call stop_http_traffic() first.
[DEBUG Orchestrator] End of Iteration. previous_num_instances_for_injector_logic updated to: 1
[DEGUG Orchestrator Loop Duration] Loop Duration = 59453.809472172
[Sniffer] Label set to: benign

--- Iteration 35 | Time: 170.0s / 180s ---
[Orchestrator]RTT = 31.16611668229457
[Orchestrator] Metrics: 1 active instance(s), Avg CPU: 62.19%, Avg App MEM: 39.61 MB
[Autoscaler] Decision: SCALE_UP. Avg CPU: 62.19% > 60.0%. Current instances: 1, Max: 4
[Orchestrator] Action: Scaling UP from 1 instance(s). Attempting to start instance 3.
Attempting to start container target_instance_3 mapping container:80 to host:8082...
Container a67e6a7741 (target_instance_3) started. Accessible on host port 8082.
[Orchestrator] Successfully started target_instance_3. Now 2 instance(s).
[Autoscaler] Scale action recorded. New instance count: 2. Cooldown timer reset.
[DEBUG Orchestrator] Iteration Start. Instances Before Injector Logic: 2, Prev Injector Logic Instances: 1, Attack Started Flag: False, Normal Traffic Started Flag: True
[DEBUG Orchestrator] URLs derived for injector (if active): ['http://localhost:8080', 'http://localhost:8082']
[Orchestrator] Starting/Restarting Normal Traffic. Target URLs for this call: ['http://localhost:8080', 'http://localhost:8082']
[Normal_Injector] Normal traffic already in progress. Call stop_http_traffic() first.
[DEBUG Orchestrator] End of Iteration. previous_num_instances_for_injector_logic updated to: 2
[DEGUG Orchestrator Loop Duration] Loop Duration = 59458.809472172
[Sniffer] Label set to: benign

--- Iteration 36 | Time: 175.0s / 180s ---
[Orchestrator]RTT = 35.44946953345603
[Orchestrator] Metrics: 2 active instance(s), Avg CPU: 68.50%, Avg App MEM: 39.93 MB
[Autoscaler]In cooldown: 14.994542571999773
[DEBUG Orchestrator] Iteration Start. Instances Before Injector Logic: 2, Prev Injector Logic Instances: 2, Attack Started Flag: False, Normal Traffic Started Flag: True
[DEBUG Orchestrator] URLs derived for injector (if active): ['http://localhost:8080', 'http://localhost:8082']
[Orchestrator] Starting/Restarting Normal Traffic. Target URLs for this call: ['http://localhost:8080', 'http://localhost:8082']
[Normal_Injector] Normal traffic already in progress. Call stop_http_traffic() first.
[DEBUG Orchestrator] End of Iteration. previous_num_instances_for_injector_logic updated to: 2
[DEGUG Orchestrator Loop Duration] Loop Duration = 59463.809472172

[Orchestrator] Simulation duration reached.
[Orchestrator] Saving RTT log...
[Sniffer] Realtime tcpdump stopped.
[Orchestrator] Stopping normal traffic...
[Normal_Injector] Signaling workers to stop...
  [Normal_Injector Worker 124402939172544] Stopped. Total requests: 5540, Errors: 1
  [Normal_Injector Worker 124402981136064] Stopped. Total requests: 5633, Errors: 7
  [Normal_Injector Worker 124402947565248] Stopped. Total requests: 5563, Errors: 6
  [Normal_Injector Worker 124402377156288] Stopped. Total requests: 5582, Errors: 5
  [Normal_Injector Worker 124402972743360] Stopped. Total requests: 5612, Errors: 6
  [Normal_Injector Worker 124402964350656] Stopped. Total requests: 5635, Errors: 3
  [Normal_Injector Worker 124402989528768] Stopped. Total requests: 5646, Errors: 5
  [Normal_Injector Worker 124403212523200] Stopped. Total requests: 5613, Errors: 4
[Normal_Injector] Stop signal sent (non-blocking).
[Orchestrator] Cleaning up all simulation instances...
Cleaning up all simulation instances...
Stopping and removing container: target_instance_3 (a67e6a7741)...
  Container target_instance_3 removed.
Stopping and removing container: target_instance_1 (e911b913dd)...
  Container target_instance_1 removed.
Simulation instance cleanup complete.
[Stats_Collector] Stopping stats collector thread...
[Orchestrator] Simulation Complete. Total Fictional Cost: $0.0012
[Orchestrator] Metrics logged in: simulation_metrics.csv
Simulation duration set to: 180
Attack duration set to: 0
Normal traffic RPS per client set to: 32.0
Normal traffic number of clients set to: 8
Normal traffic work units set to: 10
[Orchestrator] Initializing simulation environment...
[Sniffer] Realtime tcpdump started on any
[Sniffer] Label set to: benign
[Autoscaler] Initialized.
Attempting to build Docker image: edos_target_app:latest...
Image edos_target_app:latest already exists. Skipping build.
Docker network 'edos_network' already exists.
[Orchestrator] Cleaning up any pre-existing simulation instances...
Cleaning up all simulation instances...
No simulation instances found to clean up.
[Orchestrator] Starting initial 1 instance(s)...
Attempting to start container target_instance_1 mapping container:80 to host:8080...
Container 46b3732194 (target_instance_1) started. Accessible on host port 8080.
[Autoscaler] Initial number of instances set to: 1
[Orchestrator] 1 initial instance(s) running.
[Orchestrator] Metrics will be logged to: simulation_metrics.csv
[Orchestrator] Attack summary will be logged to: attack_summary_log.csv
[Orchestrator] Normal traffic summary will be logged to: normal_traffic_summary_log.csv
[Orchestrator] Starting simulation main loop for 180 seconds.
[Orchestrator] Monitoring interval: 5s. Cooldown: 20s.
[Orchestrator] CPU Thresholds: Scale Up > 60.0%, Scale Down < 25.0%
[Orchestrator] No traffic injection scheduled (ATTACK_DURATION_SECONDS is 0 or less).
[Sniffer] Label set to: benign

--- Iteration 1 | Time: 0.0s / 180s ---
[Orchestrator]RTT = 0.0
[Orchestrator] Metrics: 1 active instance(s), Avg CPU: 0.00%, Avg App MEM: 0.00 MB
[Autoscaler] Condition for SCALE_DOWN met (Avg CPU: 0.00%), but already at MIN_INSTANCES (1). No action.
[DEBUG Orchestrator] Iteration Start. Instances Before Injector Logic: 1, Prev Injector Logic Instances: 1, Attack Started Flag: False, Normal Traffic Started Flag: False
[DEBUG Orchestrator] URLs derived for injector (if active): ['http://localhost:8080']
[Orchestrator] Starting/Restarting Normal Traffic. Target URLs for this call: ['http://localhost:8080']
[Normal_Injector] Starting HTTP flood with 8 attackers, ~256.0 RPS total, across 1 targets: http://localhost:8080
  [Normal_Injector Worker 140527801161408] Started. Target: http://localhost:8080?work=10&sleep=0.0, RPS: 32.00, Mean interval: 0.0312s (Poisson)
  [Normal_Injector Worker 140527784376000] Started. Target: http://localhost:8080?work=10&sleep=0.0, RPS: 32.00, Mean interval: 0.0312s (Poisson)
  [Normal_Injector Worker 140527437608640] Started. Target: http://localhost:8080?work=10&sleep=0.0, RPS: 32.00, Mean interval: 0.0312s (Poisson)
  [Normal_Injector Worker 140527420823232] Started. Target: http://localhost:8080?work=10&sleep=0.0, RPS: 32.00, Mean interval: 0.0312s (Poisson)
  [Normal_Injector Worker 140527404037824] Started. Target: http://localhost:8080?work=10&sleep=0.0, RPS: 32.00, Mean interval: 0.0312s (Poisson)
  [Normal_Injector Worker 140527395645120] Started. Target: http://localhost:8080?work=10&sleep=0.0, RPS: 32.00, Mean interval: 0.0312s (Poisson)
  [Normal_Injector Worker 140526900737728] Started. Target: http://localhost:8080?work=10&sleep=0.0, RPS: 32.00, Mean interval: 0.0312s (Poisson)
  [Normal_Injector Worker 140526892345024] Started. Target: http://localhost:8080?work=10&sleep=0.0, RPS: 32.00, Mean interval: 0.0312s (Poisson)
[Normal_Injector] All 8 attacker threads launched.
[DEBUG Orchestrator] End of Iteration. previous_num_instances_for_injector_logic updated to: 1
[DEGUG Orchestrator Loop Duration] Loop Duration = 59476.62174806
[Sniffer] Label set to: benign

--- Iteration 2 | Time: 5.0s / 180s ---
[Orchestrator]RTT = 66.90858685405622
[Orchestrator] Metrics: 1 active instance(s), Avg CPU: 45.44%, Avg App MEM: 24.06 MB
[Autoscaler] Decision: NO_ACTION. Avg CPU: 45.44% is within thresholds (25.0% - 60.0%).
[DEBUG Orchestrator] Iteration Start. Instances Before Injector Logic: 1, Prev Injector Logic Instances: 1, Attack Started Flag: False, Normal Traffic Started Flag: True
[DEBUG Orchestrator] URLs derived for injector (if active): ['http://localhost:8080']
[Orchestrator] Starting/Restarting Normal Traffic. Target URLs for this call: ['http://localhost:8080']
[Normal_Injector] Normal traffic already in progress. Call stop_http_traffic() first.
[DEBUG Orchestrator] End of Iteration. previous_num_instances_for_injector_logic updated to: 1
[DEGUG Orchestrator Loop Duration] Loop Duration = 59481.62174806
[Sniffer] Label set to: benign

--- Iteration 3 | Time: 10.0s / 180s ---
[Orchestrator]RTT = 28.234520645645542
[Orchestrator] Metrics: 1 active instance(s), Avg CPU: 31.16%, Avg App MEM: 24.36 MB
[Autoscaler] Decision: NO_ACTION. Avg CPU: 31.16% is within thresholds (25.0% - 60.0%).
[DEBUG Orchestrator] Iteration Start. Instances Before Injector Logic: 1, Prev Injector Logic Instances: 1, Attack Started Flag: False, Normal Traffic Started Flag: True
[DEBUG Orchestrator] URLs derived for injector (if active): ['http://localhost:8080']
[Orchestrator] Starting/Restarting Normal Traffic. Target URLs for this call: ['http://localhost:8080']
[Normal_Injector] Normal traffic already in progress. Call stop_http_traffic() first.
[DEBUG Orchestrator] End of Iteration. previous_num_instances_for_injector_logic updated to: 1
[DEGUG Orchestrator Loop Duration] Loop Duration = 59486.62174806
[Sniffer] Label set to: benign

--- Iteration 4 | Time: 15.0s / 180s ---
[Orchestrator]RTT = 25.17771003364605
[Orchestrator] Metrics: 1 active instance(s), Avg CPU: 32.51%, Avg App MEM: 24.66 MB
[Autoscaler] Decision: NO_ACTION. Avg CPU: 32.51% is within thresholds (25.0% - 60.0%).
[DEBUG Orchestrator] Iteration Start. Instances Before Injector Logic: 1, Prev Injector Logic Instances: 1, Attack Started Flag: False, Normal Traffic Started Flag: True
[DEBUG Orchestrator] URLs derived for injector (if active): ['http://localhost:8080']
[Orchestrator] Starting/Restarting Normal Traffic. Target URLs for this call: ['http://localhost:8080']
[Normal_Injector] Normal traffic already in progress. Call stop_http_traffic() first.
[DEBUG Orchestrator] End of Iteration. previous_num_instances_for_injector_logic updated to: 1
[DEGUG Orchestrator Loop Duration] Loop Duration = 59491.62174806
[Sniffer] Label set to: benign

--- Iteration 5 | Time: 20.0s / 180s ---
[Orchestrator]RTT = 24.0458907729667
[Orchestrator] Metrics: 1 active instance(s), Avg CPU: 28.61%, Avg App MEM: 24.60 MB
[Autoscaler] Decision: NO_ACTION. Avg CPU: 28.61% is within thresholds (25.0% - 60.0%).
[DEBUG Orchestrator] Iteration Start. Instances Before Injector Logic: 1, Prev Injector Logic Instances: 1, Attack Started Flag: False, Normal Traffic Started Flag: True
[DEBUG Orchestrator] URLs derived for injector (if active): ['http://localhost:8080']
[Orchestrator] Starting/Restarting Normal Traffic. Target URLs for this call: ['http://localhost:8080']
[Normal_Injector] Normal traffic already in progress. Call stop_http_traffic() first.
[DEBUG Orchestrator] End of Iteration. previous_num_instances_for_injector_logic updated to: 1
[DEGUG Orchestrator Loop Duration] Loop Duration = 59496.62174806
[Sniffer] Label set to: benign

--- Iteration 6 | Time: 25.0s / 180s ---
[Orchestrator]RTT = 23.821278614745896
[Orchestrator] Metrics: 1 active instance(s), Avg CPU: 21.25%, Avg App MEM: 24.63 MB
[Autoscaler] Condition for SCALE_DOWN met (Avg CPU: 21.25%), but already at MIN_INSTANCES (1). No action.
[DEBUG Orchestrator] Iteration Start. Instances Before Injector Logic: 1, Prev Injector Logic Instances: 1, Attack Started Flag: False, Normal Traffic Started Flag: True
[DEBUG Orchestrator] URLs derived for injector (if active): ['http://localhost:8080']
[Orchestrator] Starting/Restarting Normal Traffic. Target URLs for this call: ['http://localhost:8080']
[Normal_Injector] Normal traffic already in progress. Call stop_http_traffic() first.
[DEBUG Orchestrator] End of Iteration. previous_num_instances_for_injector_logic updated to: 1
[DEGUG Orchestrator Loop Duration] Loop Duration = 59501.62174806
[Sniffer] Label set to: benign

--- Iteration 7 | Time: 30.0s / 180s ---
[Orchestrator]RTT = 24.563667562604138
[Orchestrator] Metrics: 1 active instance(s), Avg CPU: 21.67%, Avg App MEM: 24.76 MB
[Autoscaler] Condition for SCALE_DOWN met (Avg CPU: 21.67%), but already at MIN_INSTANCES (1). No action.
[DEBUG Orchestrator] Iteration Start. Instances Before Injector Logic: 1, Prev Injector Logic Instances: 1, Attack Started Flag: False, Normal Traffic Started Flag: True
[DEBUG Orchestrator] URLs derived for injector (if active): ['http://localhost:8080']
[Orchestrator] Starting/Restarting Normal Traffic. Target URLs for this call: ['http://localhost:8080']
[Normal_Injector] Normal traffic already in progress. Call stop_http_traffic() first.
[DEBUG Orchestrator] End of Iteration. previous_num_instances_for_injector_logic updated to: 1
[DEGUG Orchestrator Loop Duration] Loop Duration = 59506.62174806
[Sniffer] Label set to: benign

--- Iteration 8 | Time: 35.0s / 180s ---
[Orchestrator]RTT = 24.64693085202893
[Orchestrator] Metrics: 1 active instance(s), Avg CPU: 27.12%, Avg App MEM: 24.42 MB
[Autoscaler] Decision: NO_ACTION. Avg CPU: 27.12% is within thresholds (25.0% - 60.0%).
[DEBUG Orchestrator] Iteration Start. Instances Before Injector Logic: 1, Prev Injector Logic Instances: 1, Attack Started Flag: False, Normal Traffic Started Flag: True
[DEBUG Orchestrator] URLs derived for injector (if active): ['http://localhost:8080']
[Orchestrator] Starting/Restarting Normal Traffic. Target URLs for this call: ['http://localhost:8080']
[Normal_Injector] Normal traffic already in progress. Call stop_http_traffic() first.
[DEBUG Orchestrator] End of Iteration. previous_num_instances_for_injector_logic updated to: 1
[DEGUG Orchestrator Loop Duration] Loop Duration = 59511.62174806
[Sniffer] Label set to: benign

--- Iteration 9 | Time: 40.0s / 180s ---
[Orchestrator]RTT = 26.39292365284299
[Orchestrator] Metrics: 1 active instance(s), Avg CPU: 19.97%, Avg App MEM: 24.53 MB
[Autoscaler] Condition for SCALE_DOWN met (Avg CPU: 19.97%), but already at MIN_INSTANCES (1). No action.
[DEBUG Orchestrator] Iteration Start. Instances Before Injector Logic: 1, Prev Injector Logic Instances: 1, Attack Started Flag: False, Normal Traffic Started Flag: True
[DEBUG Orchestrator] URLs derived for injector (if active): ['http://localhost:8080']
[Orchestrator] Starting/Restarting Normal Traffic. Target URLs for this call: ['http://localhost:8080']
[Normal_Injector] Normal traffic already in progress. Call stop_http_traffic() first.
[DEBUG Orchestrator] End of Iteration. previous_num_instances_for_injector_logic updated to: 1
[DEGUG Orchestrator Loop Duration] Loop Duration = 59516.62174806
[Sniffer] Label set to: benign

--- Iteration 10 | Time: 45.0s / 180s ---
[Orchestrator]RTT = 26.52066560468638
[Orchestrator] Metrics: 1 active instance(s), Avg CPU: 24.55%, Avg App MEM: 24.39 MB
[Autoscaler] Condition for SCALE_DOWN met (Avg CPU: 24.55%), but already at MIN_INSTANCES (1). No action.
[DEBUG Orchestrator] Iteration Start. Instances Before Injector Logic: 1, Prev Injector Logic Instances: 1, Attack Started Flag: False, Normal Traffic Started Flag: True
[DEBUG Orchestrator] URLs derived for injector (if active): ['http://localhost:8080']
[Orchestrator] Starting/Restarting Normal Traffic. Target URLs for this call: ['http://localhost:8080']
[Normal_Injector] Normal traffic already in progress. Call stop_http_traffic() first.
[DEBUG Orchestrator] End of Iteration. previous_num_instances_for_injector_logic updated to: 1
[DEGUG Orchestrator Loop Duration] Loop Duration = 59521.62174806
[Sniffer] Label set to: benign

--- Iteration 11 | Time: 50.0s / 180s ---
[Orchestrator]RTT = 26.97096724782475
[Orchestrator] Metrics: 1 active instance(s), Avg CPU: 30.74%, Avg App MEM: 24.64 MB
[Autoscaler] Decision: NO_ACTION. Avg CPU: 30.74% is within thresholds (25.0% - 60.0%).
[DEBUG Orchestrator] Iteration Start. Instances Before Injector Logic: 1, Prev Injector Logic Instances: 1, Attack Started Flag: False, Normal Traffic Started Flag: True
[DEBUG Orchestrator] URLs derived for injector (if active): ['http://localhost:8080']
[Orchestrator] Starting/Restarting Normal Traffic. Target URLs for this call: ['http://localhost:8080']
[Normal_Injector] Normal traffic already in progress. Call stop_http_traffic() first.
[DEBUG Orchestrator] End of Iteration. previous_num_instances_for_injector_logic updated to: 1
[DEGUG Orchestrator Loop Duration] Loop Duration = 59526.62174806
[Sniffer] Label set to: benign

--- Iteration 12 | Time: 55.0s / 180s ---
[Orchestrator]RTT = 24.587748467835436
[Orchestrator] Metrics: 1 active instance(s), Avg CPU: 24.22%, Avg App MEM: 24.78 MB
[Autoscaler] Condition for SCALE_DOWN met (Avg CPU: 24.22%), but already at MIN_INSTANCES (1). No action.
[DEBUG Orchestrator] Iteration Start. Instances Before Injector Logic: 1, Prev Injector Logic Instances: 1, Attack Started Flag: False, Normal Traffic Started Flag: True
[DEBUG Orchestrator] URLs derived for injector (if active): ['http://localhost:8080']
[Orchestrator] Starting/Restarting Normal Traffic. Target URLs for this call: ['http://localhost:8080']
[Normal_Injector] Normal traffic already in progress. Call stop_http_traffic() first.
[DEBUG Orchestrator] End of Iteration. previous_num_instances_for_injector_logic updated to: 1
[DEGUG Orchestrator Loop Duration] Loop Duration = 59531.62174806
[Sniffer] Label set to: benign

--- Iteration 13 | Time: 60.0s / 180s ---
[Orchestrator]RTT = 23.463533505937413
[Orchestrator] Metrics: 1 active instance(s), Avg CPU: 17.72%, Avg App MEM: 24.54 MB
[Autoscaler] Condition for SCALE_DOWN met (Avg CPU: 17.72%), but already at MIN_INSTANCES (1). No action.
[DEBUG Orchestrator] Iteration Start. Instances Before Injector Logic: 1, Prev Injector Logic Instances: 1, Attack Started Flag: False, Normal Traffic Started Flag: True
[DEBUG Orchestrator] URLs derived for injector (if active): ['http://localhost:8080']
[Orchestrator] Starting/Restarting Normal Traffic. Target URLs for this call: ['http://localhost:8080']
[Normal_Injector] Normal traffic already in progress. Call stop_http_traffic() first.
[DEBUG Orchestrator] End of Iteration. previous_num_instances_for_injector_logic updated to: 1
[DEGUG Orchestrator Loop Duration] Loop Duration = 59536.62174806
[Sniffer] Label set to: benign

--- Iteration 14 | Time: 65.0s / 180s ---
[Orchestrator]RTT = 24.82242020843876
[Orchestrator] Metrics: 1 active instance(s), Avg CPU: 19.72%, Avg App MEM: 24.53 MB
[Autoscaler] Condition for SCALE_DOWN met (Avg CPU: 19.72%), but already at MIN_INSTANCES (1). No action.
[DEBUG Orchestrator] Iteration Start. Instances Before Injector Logic: 1, Prev Injector Logic Instances: 1, Attack Started Flag: False, Normal Traffic Started Flag: True
[DEBUG Orchestrator] URLs derived for injector (if active): ['http://localhost:8080']
[Orchestrator] Starting/Restarting Normal Traffic. Target URLs for this call: ['http://localhost:8080']
[Normal_Injector] Normal traffic already in progress. Call stop_http_traffic() first.
[DEBUG Orchestrator] End of Iteration. previous_num_instances_for_injector_logic updated to: 1
[DEGUG Orchestrator Loop Duration] Loop Duration = 59541.62174806
[Sniffer] Label set to: benign

--- Iteration 15 | Time: 70.0s / 180s ---
[Orchestrator]RTT = 25.987007048550606
[Orchestrator] Metrics: 1 active instance(s), Avg CPU: 18.63%, Avg App MEM: 24.65 MB
[Autoscaler] Condition for SCALE_DOWN met (Avg CPU: 18.63%), but already at MIN_INSTANCES (1). No action.
[DEBUG Orchestrator] Iteration Start. Instances Before Injector Logic: 1, Prev Injector Logic Instances: 1, Attack Started Flag: False, Normal Traffic Started Flag: True
[DEBUG Orchestrator] URLs derived for injector (if active): ['http://localhost:8080']
[Orchestrator] Starting/Restarting Normal Traffic. Target URLs for this call: ['http://localhost:8080']
[Normal_Injector] Normal traffic already in progress. Call stop_http_traffic() first.
[DEBUG Orchestrator] End of Iteration. previous_num_instances_for_injector_logic updated to: 1
[DEGUG Orchestrator Loop Duration] Loop Duration = 59546.62174806
[Sniffer] Label set to: benign

--- Iteration 16 | Time: 75.0s / 180s ---
[Orchestrator]RTT = 20.97251680559296
[Orchestrator] Metrics: 1 active instance(s), Avg CPU: 15.90%, Avg App MEM: 24.66 MB
[Autoscaler] Condition for SCALE_DOWN met (Avg CPU: 15.90%), but already at MIN_INSTANCES (1). No action.
[DEBUG Orchestrator] Iteration Start. Instances Before Injector Logic: 1, Prev Injector Logic Instances: 1, Attack Started Flag: False, Normal Traffic Started Flag: True
[DEBUG Orchestrator] URLs derived for injector (if active): ['http://localhost:8080']
[Orchestrator] Starting/Restarting Normal Traffic. Target URLs for this call: ['http://localhost:8080']
[Normal_Injector] Normal traffic already in progress. Call stop_http_traffic() first.
[DEBUG Orchestrator] End of Iteration. previous_num_instances_for_injector_logic updated to: 1
[DEGUG Orchestrator Loop Duration] Loop Duration = 59551.62174806
[Sniffer] Label set to: benign

--- Iteration 17 | Time: 80.0s / 180s ---
[Orchestrator]RTT = 20.479632447712078
[Orchestrator] Metrics: 1 active instance(s), Avg CPU: 10.82%, Avg App MEM: 25.03 MB
[Autoscaler] Condition for SCALE_DOWN met (Avg CPU: 10.82%), but already at MIN_INSTANCES (1). No action.
[DEBUG Orchestrator] Iteration Start. Instances Before Injector Logic: 1, Prev Injector Logic Instances: 1, Attack Started Flag: False, Normal Traffic Started Flag: True
[DEBUG Orchestrator] URLs derived for injector (if active): ['http://localhost:8080']
[Orchestrator] Starting/Restarting Normal Traffic. Target URLs for this call: ['http://localhost:8080']
[Normal_Injector] Normal traffic already in progress. Call stop_http_traffic() first.
[DEBUG Orchestrator] End of Iteration. previous_num_instances_for_injector_logic updated to: 1
[DEGUG Orchestrator Loop Duration] Loop Duration = 59556.62174806
[Sniffer] Label set to: benign

--- Iteration 18 | Time: 85.0s / 180s ---
[Orchestrator]RTT = 25.780408234254537
[Orchestrator] Metrics: 1 active instance(s), Avg CPU: 19.32%, Avg App MEM: 24.43 MB
[Autoscaler] Condition for SCALE_DOWN met (Avg CPU: 19.32%), but already at MIN_INSTANCES (1). No action.
[DEBUG Orchestrator] Iteration Start. Instances Before Injector Logic: 1, Prev Injector Logic Instances: 1, Attack Started Flag: False, Normal Traffic Started Flag: True
[DEBUG Orchestrator] URLs derived for injector (if active): ['http://localhost:8080']
[Orchestrator] Starting/Restarting Normal Traffic. Target URLs for this call: ['http://localhost:8080']
[Normal_Injector] Normal traffic already in progress. Call stop_http_traffic() first.
[DEBUG Orchestrator] End of Iteration. previous_num_instances_for_injector_logic updated to: 1
[DEGUG Orchestrator Loop Duration] Loop Duration = 59561.62174806
[Sniffer] Label set to: benign

--- Iteration 19 | Time: 90.0s / 180s ---
[Orchestrator]RTT = 23.130846443768075
[Orchestrator] Metrics: 1 active instance(s), Avg CPU: 20.14%, Avg App MEM: 24.55 MB
[Autoscaler] Condition for SCALE_DOWN met (Avg CPU: 20.14%), but already at MIN_INSTANCES (1). No action.
[DEBUG Orchestrator] Iteration Start. Instances Before Injector Logic: 1, Prev Injector Logic Instances: 1, Attack Started Flag: False, Normal Traffic Started Flag: True
[DEBUG Orchestrator] URLs derived for injector (if active): ['http://localhost:8080']
[Orchestrator] Starting/Restarting Normal Traffic. Target URLs for this call: ['http://localhost:8080']
[Normal_Injector] Normal traffic already in progress. Call stop_http_traffic() first.
[DEBUG Orchestrator] End of Iteration. previous_num_instances_for_injector_logic updated to: 1
[DEGUG Orchestrator Loop Duration] Loop Duration = 59566.62174806
[Sniffer] Label set to: benign

--- Iteration 20 | Time: 95.0s / 180s ---
[Orchestrator]RTT = 26.64418649402243
[Orchestrator] Metrics: 1 active instance(s), Avg CPU: 25.15%, Avg App MEM: 24.66 MB
[Autoscaler] Decision: NO_ACTION. Avg CPU: 25.15% is within thresholds (25.0% - 60.0%).
[DEBUG Orchestrator] Iteration Start. Instances Before Injector Logic: 1, Prev Injector Logic Instances: 1, Attack Started Flag: False, Normal Traffic Started Flag: True
[DEBUG Orchestrator] URLs derived for injector (if active): ['http://localhost:8080']
[Orchestrator] Starting/Restarting Normal Traffic. Target URLs for this call: ['http://localhost:8080']
[Normal_Injector] Normal traffic already in progress. Call stop_http_traffic() first.
[DEBUG Orchestrator] End of Iteration. previous_num_instances_for_injector_logic updated to: 1
[DEGUG Orchestrator Loop Duration] Loop Duration = 59571.62174806
[Sniffer] Label set to: benign

--- Iteration 21 | Time: 100.0s / 180s ---
[Orchestrator]RTT = 19.80947764932949
[Orchestrator] Metrics: 1 active instance(s), Avg CPU: 11.45%, Avg App MEM: 24.75 MB
[Autoscaler] Condition for SCALE_DOWN met (Avg CPU: 11.45%), but already at MIN_INSTANCES (1). No action.
[DEBUG Orchestrator] Iteration Start. Instances Before Injector Logic: 1, Prev Injector Logic Instances: 1, Attack Started Flag: False, Normal Traffic Started Flag: True
[DEBUG Orchestrator] URLs derived for injector (if active): ['http://localhost:8080']
[Orchestrator] Starting/Restarting Normal Traffic. Target URLs for this call: ['http://localhost:8080']
[Normal_Injector] Normal traffic already in progress. Call stop_http_traffic() first.
[DEBUG Orchestrator] End of Iteration. previous_num_instances_for_injector_logic updated to: 1
[DEGUG Orchestrator Loop Duration] Loop Duration = 59576.62174806
[Sniffer] Label set to: benign

--- Iteration 22 | Time: 105.0s / 180s ---
[Orchestrator]RTT = 26.33000993840258
[Orchestrator] Metrics: 1 active instance(s), Avg CPU: 17.51%, Avg App MEM: 24.55 MB
[Autoscaler] Condition for SCALE_DOWN met (Avg CPU: 17.51%), but already at MIN_INSTANCES (1). No action.
[DEBUG Orchestrator] Iteration Start. Instances Before Injector Logic: 1, Prev Injector Logic Instances: 1, Attack Started Flag: False, Normal Traffic Started Flag: True
[DEBUG Orchestrator] URLs derived for injector (if active): ['http://localhost:8080']
[Orchestrator] Starting/Restarting Normal Traffic. Target URLs for this call: ['http://localhost:8080']
[Normal_Injector] Normal traffic already in progress. Call stop_http_traffic() first.
[DEBUG Orchestrator] End of Iteration. previous_num_instances_for_injector_logic updated to: 1
[DEGUG Orchestrator Loop Duration] Loop Duration = 59581.62174806
[Sniffer] Label set to: benign

--- Iteration 23 | Time: 110.0s / 180s ---
[Orchestrator]RTT = 26.975669211424247
[Orchestrator] Metrics: 1 active instance(s), Avg CPU: 19.61%, Avg App MEM: 24.54 MB
[Autoscaler] Condition for SCALE_DOWN met (Avg CPU: 19.61%), but already at MIN_INSTANCES (1). No action.
[DEBUG Orchestrator] Iteration Start. Instances Before Injector Logic: 1, Prev Injector Logic Instances: 1, Attack Started Flag: False, Normal Traffic Started Flag: True
[DEBUG Orchestrator] URLs derived for injector (if active): ['http://localhost:8080']
[Orchestrator] Starting/Restarting Normal Traffic. Target URLs for this call: ['http://localhost:8080']
[Normal_Injector] Normal traffic already in progress. Call stop_http_traffic() first.
[DEBUG Orchestrator] End of Iteration. previous_num_instances_for_injector_logic updated to: 1
[DEGUG Orchestrator Loop Duration] Loop Duration = 59586.62174806
[Sniffer] Label set to: benign

--- Iteration 24 | Time: 115.0s / 180s ---
[Orchestrator]RTT = 24.621848478269847
[Orchestrator] Metrics: 1 active instance(s), Avg CPU: 18.80%, Avg App MEM: 24.55 MB
[Autoscaler] Condition for SCALE_DOWN met (Avg CPU: 18.80%), but already at MIN_INSTANCES (1). No action.
[DEBUG Orchestrator] Iteration Start. Instances Before Injector Logic: 1, Prev Injector Logic Instances: 1, Attack Started Flag: False, Normal Traffic Started Flag: True
[DEBUG Orchestrator] URLs derived for injector (if active): ['http://localhost:8080']
[Orchestrator] Starting/Restarting Normal Traffic. Target URLs for this call: ['http://localhost:8080']
[Normal_Injector] Normal traffic already in progress. Call stop_http_traffic() first.
[DEBUG Orchestrator] End of Iteration. previous_num_instances_for_injector_logic updated to: 1
[DEGUG Orchestrator Loop Duration] Loop Duration = 59591.62174806
[Sniffer] Label set to: benign

--- Iteration 25 | Time: 120.0s / 180s ---
[Orchestrator]RTT = 21.507793244189795
[Orchestrator] Metrics: 1 active instance(s), Avg CPU: 13.96%, Avg App MEM: 24.59 MB
[Autoscaler] Condition for SCALE_DOWN met (Avg CPU: 13.96%), but already at MIN_INSTANCES (1). No action.
[DEBUG Orchestrator] Iteration Start. Instances Before Injector Logic: 1, Prev Injector Logic Instances: 1, Attack Started Flag: False, Normal Traffic Started Flag: True
[DEBUG Orchestrator] URLs derived for injector (if active): ['http://localhost:8080']
[Orchestrator] Starting/Restarting Normal Traffic. Target URLs for this call: ['http://localhost:8080']
[Normal_Injector] Normal traffic already in progress. Call stop_http_traffic() first.
[DEBUG Orchestrator] End of Iteration. previous_num_instances_for_injector_logic updated to: 1
[DEGUG Orchestrator Loop Duration] Loop Duration = 59596.62174806
[Sniffer] Label set to: benign

--- Iteration 26 | Time: 125.0s / 180s ---
[Orchestrator]RTT = 24.7504832501129
[Orchestrator] Metrics: 1 active instance(s), Avg CPU: 14.30%, Avg App MEM: 24.67 MB
[Autoscaler] Condition for SCALE_DOWN met (Avg CPU: 14.30%), but already at MIN_INSTANCES (1). No action.
[DEBUG Orchestrator] Iteration Start. Instances Before Injector Logic: 1, Prev Injector Logic Instances: 1, Attack Started Flag: False, Normal Traffic Started Flag: True
[DEBUG Orchestrator] URLs derived for injector (if active): ['http://localhost:8080']
[Orchestrator] Starting/Restarting Normal Traffic. Target URLs for this call: ['http://localhost:8080']
[Normal_Injector] Normal traffic already in progress. Call stop_http_traffic() first.
[DEBUG Orchestrator] End of Iteration. previous_num_instances_for_injector_logic updated to: 1
[DEGUG Orchestrator Loop Duration] Loop Duration = 59601.62174806
[Sniffer] Label set to: benign

--- Iteration 27 | Time: 130.0s / 180s ---
[Orchestrator]RTT = 23.194061139348634
[Orchestrator] Metrics: 1 active instance(s), Avg CPU: 13.93%, Avg App MEM: 24.79 MB
[Autoscaler] Condition for SCALE_DOWN met (Avg CPU: 13.93%), but already at MIN_INSTANCES (1). No action.
[DEBUG Orchestrator] Iteration Start. Instances Before Injector Logic: 1, Prev Injector Logic Instances: 1, Attack Started Flag: False, Normal Traffic Started Flag: True
[DEBUG Orchestrator] URLs derived for injector (if active): ['http://localhost:8080']
[Orchestrator] Starting/Restarting Normal Traffic. Target URLs for this call: ['http://localhost:8080']
[Normal_Injector] Normal traffic already in progress. Call stop_http_traffic() first.
[DEBUG Orchestrator] End of Iteration. previous_num_instances_for_injector_logic updated to: 1
[DEGUG Orchestrator Loop Duration] Loop Duration = 59606.62174806
[Sniffer] Label set to: benign

--- Iteration 28 | Time: 135.0s / 180s ---
[Orchestrator]RTT = 29.377454727895667
[Orchestrator] Metrics: 1 active instance(s), Avg CPU: 20.30%, Avg App MEM: 24.56 MB
[Autoscaler] Condition for SCALE_DOWN met (Avg CPU: 20.30%), but already at MIN_INSTANCES (1). No action.
[DEBUG Orchestrator] Iteration Start. Instances Before Injector Logic: 1, Prev Injector Logic Instances: 1, Attack Started Flag: False, Normal Traffic Started Flag: True
[DEBUG Orchestrator] URLs derived for injector (if active): ['http://localhost:8080']
[Orchestrator] Starting/Restarting Normal Traffic. Target URLs for this call: ['http://localhost:8080']
[Normal_Injector] Normal traffic already in progress. Call stop_http_traffic() first.
[DEBUG Orchestrator] End of Iteration. previous_num_instances_for_injector_logic updated to: 1
[DEGUG Orchestrator Loop Duration] Loop Duration = 59611.62174806
[Sniffer] Label set to: benign

--- Iteration 29 | Time: 140.0s / 180s ---
[Orchestrator]RTT = 26.753903026496207
[Orchestrator] Metrics: 1 active instance(s), Avg CPU: 16.75%, Avg App MEM: 24.55 MB
[Autoscaler] Condition for SCALE_DOWN met (Avg CPU: 16.75%), but already at MIN_INSTANCES (1). No action.
[DEBUG Orchestrator] Iteration Start. Instances Before Injector Logic: 1, Prev Injector Logic Instances: 1, Attack Started Flag: False, Normal Traffic Started Flag: True
[DEBUG Orchestrator] URLs derived for injector (if active): ['http://localhost:8080']
[Orchestrator] Starting/Restarting Normal Traffic. Target URLs for this call: ['http://localhost:8080']
[Normal_Injector] Normal traffic already in progress. Call stop_http_traffic() first.
[DEBUG Orchestrator] End of Iteration. previous_num_instances_for_injector_logic updated to: 1
[DEGUG Orchestrator Loop Duration] Loop Duration = 59616.62174806
[Sniffer] Label set to: benign

--- Iteration 30 | Time: 145.0s / 180s ---
[Orchestrator]RTT = 25.183239583445054
[Orchestrator] Metrics: 1 active instance(s), Avg CPU: 20.52%, Avg App MEM: 24.80 MB
[Autoscaler] Condition for SCALE_DOWN met (Avg CPU: 20.52%), but already at MIN_INSTANCES (1). No action.
[DEBUG Orchestrator] Iteration Start. Instances Before Injector Logic: 1, Prev Injector Logic Instances: 1, Attack Started Flag: False, Normal Traffic Started Flag: True
[DEBUG Orchestrator] URLs derived for injector (if active): ['http://localhost:8080']
[Orchestrator] Starting/Restarting Normal Traffic. Target URLs for this call: ['http://localhost:8080']
[Normal_Injector] Normal traffic already in progress. Call stop_http_traffic() first.
[DEBUG Orchestrator] End of Iteration. previous_num_instances_for_injector_logic updated to: 1
[DEGUG Orchestrator Loop Duration] Loop Duration = 59621.62174806
[Sniffer] Label set to: benign

--- Iteration 31 | Time: 150.0s / 180s ---
[Orchestrator]RTT = 28.06896579478385
[Orchestrator] Metrics: 1 active instance(s), Avg CPU: 15.47%, Avg App MEM: 24.52 MB
[Autoscaler] Condition for SCALE_DOWN met (Avg CPU: 15.47%), but already at MIN_INSTANCES (1). No action.
[DEBUG Orchestrator] Iteration Start. Instances Before Injector Logic: 1, Prev Injector Logic Instances: 1, Attack Started Flag: False, Normal Traffic Started Flag: True
[DEBUG Orchestrator] URLs derived for injector (if active): ['http://localhost:8080']
[Orchestrator] Starting/Restarting Normal Traffic. Target URLs for this call: ['http://localhost:8080']
[Normal_Injector] Normal traffic already in progress. Call stop_http_traffic() first.
[DEBUG Orchestrator] End of Iteration. previous_num_instances_for_injector_logic updated to: 1
[DEGUG Orchestrator Loop Duration] Loop Duration = 59626.62174806
[Sniffer] Label set to: benign

--- Iteration 32 | Time: 155.0s / 180s ---
[Orchestrator]RTT = 34.272457345400824
[Orchestrator] Metrics: 1 active instance(s), Avg CPU: 22.21%, Avg App MEM: 24.43 MB
[Autoscaler] Condition for SCALE_DOWN met (Avg CPU: 22.21%), but already at MIN_INSTANCES (1). No action.
[DEBUG Orchestrator] Iteration Start. Instances Before Injector Logic: 1, Prev Injector Logic Instances: 1, Attack Started Flag: False, Normal Traffic Started Flag: True
[DEBUG Orchestrator] URLs derived for injector (if active): ['http://localhost:8080']
[Orchestrator] Starting/Restarting Normal Traffic. Target URLs for this call: ['http://localhost:8080']
[Normal_Injector] Normal traffic already in progress. Call stop_http_traffic() first.
[DEBUG Orchestrator] End of Iteration. previous_num_instances_for_injector_logic updated to: 1
[DEGUG Orchestrator Loop Duration] Loop Duration = 59631.62174806
[Sniffer] Label set to: benign

--- Iteration 33 | Time: 160.0s / 180s ---
[Orchestrator]RTT = 29.95726722055506
[Orchestrator] Metrics: 1 active instance(s), Avg CPU: 25.12%, Avg App MEM: 24.69 MB
[Autoscaler] Decision: NO_ACTION. Avg CPU: 25.12% is within thresholds (25.0% - 60.0%).
[DEBUG Orchestrator] Iteration Start. Instances Before Injector Logic: 1, Prev Injector Logic Instances: 1, Attack Started Flag: False, Normal Traffic Started Flag: True
[DEBUG Orchestrator] URLs derived for injector (if active): ['http://localhost:8080']
[Orchestrator] Starting/Restarting Normal Traffic. Target URLs for this call: ['http://localhost:8080']
[Normal_Injector] Normal traffic already in progress. Call stop_http_traffic() first.
[DEBUG Orchestrator] End of Iteration. previous_num_instances_for_injector_logic updated to: 1
[DEGUG Orchestrator Loop Duration] Loop Duration = 59636.62174806
[Sniffer] Label set to: benign

--- Iteration 34 | Time: 165.0s / 180s ---
[Orchestrator]RTT = 33.53165328726322
[Orchestrator] Metrics: 1 active instance(s), Avg CPU: 21.23%, Avg App MEM: 24.68 MB
[Autoscaler] Condition for SCALE_DOWN met (Avg CPU: 21.23%), but already at MIN_INSTANCES (1). No action.
[DEBUG Orchestrator] Iteration Start. Instances Before Injector Logic: 1, Prev Injector Logic Instances: 1, Attack Started Flag: False, Normal Traffic Started Flag: True
[DEBUG Orchestrator] URLs derived for injector (if active): ['http://localhost:8080']
[Orchestrator] Starting/Restarting Normal Traffic. Target URLs for this call: ['http://localhost:8080']
[Normal_Injector] Normal traffic already in progress. Call stop_http_traffic() first.
[DEBUG Orchestrator] End of Iteration. previous_num_instances_for_injector_logic updated to: 1
[DEGUG Orchestrator Loop Duration] Loop Duration = 59641.62174806
[Sniffer] Label set to: benign

--- Iteration 35 | Time: 170.0s / 180s ---
[Orchestrator]RTT = 27.31147273666791
[Orchestrator] Metrics: 1 active instance(s), Avg CPU: 16.14%, Avg App MEM: 24.83 MB
[Autoscaler] Condition for SCALE_DOWN met (Avg CPU: 16.14%), but already at MIN_INSTANCES (1). No action.
[DEBUG Orchestrator] Iteration Start. Instances Before Injector Logic: 1, Prev Injector Logic Instances: 1, Attack Started Flag: False, Normal Traffic Started Flag: True
[DEBUG Orchestrator] URLs derived for injector (if active): ['http://localhost:8080']
[Orchestrator] Starting/Restarting Normal Traffic. Target URLs for this call: ['http://localhost:8080']
[Normal_Injector] Normal traffic already in progress. Call stop_http_traffic() first.
[DEBUG Orchestrator] End of Iteration. previous_num_instances_for_injector_logic updated to: 1
[DEGUG Orchestrator Loop Duration] Loop Duration = 59646.62174806
[Sniffer] Label set to: benign

--- Iteration 36 | Time: 175.0s / 180s ---
[Orchestrator]RTT = 28.424217683328436
[Orchestrator] Metrics: 1 active instance(s), Avg CPU: 20.15%, Avg App MEM: 24.68 MB
[Autoscaler] Condition for SCALE_DOWN met (Avg CPU: 20.15%), but already at MIN_INSTANCES (1). No action.
[DEBUG Orchestrator] Iteration Start. Instances Before Injector Logic: 1, Prev Injector Logic Instances: 1, Attack Started Flag: False, Normal Traffic Started Flag: True
[DEBUG Orchestrator] URLs derived for injector (if active): ['http://localhost:8080']
[Orchestrator] Starting/Restarting Normal Traffic. Target URLs for this call: ['http://localhost:8080']
[Normal_Injector] Normal traffic already in progress. Call stop_http_traffic() first.
[DEBUG Orchestrator] End of Iteration. previous_num_instances_for_injector_logic updated to: 1
[DEGUG Orchestrator Loop Duration] Loop Duration = 59651.62174806

[Orchestrator] Simulation duration reached.
[Orchestrator] Saving RTT log...
[Sniffer] Realtime tcpdump stopped.
[Orchestrator] Stopping normal traffic...
[Normal_Injector] Signaling workers to stop...
[Normal_Injector] Stop signal sent (non-blocking).
[Orchestrator] Cleaning up all simulation instances...
Cleaning up all simulation instances...
Stopping and removing container: target_instance_1 (46b3732194)...
  Container target_instance_1 removed.
Simulation instance cleanup complete.
[Stats_Collector] Stopping stats collector thread...
[Orchestrator] Simulation Complete. Total Fictional Cost: $0.0010
[Orchestrator] Metrics logged in: simulation_metrics.csv
  [Normal_Injector Worker 140527784376000] Stopped. Total requests: 2582, Errors: 2509
  [Normal_Injector Worker 140526892345024] Stopped. Total requests: 2237, Errors: 2811
  [Normal_Injector Worker 140527420823232] Stopped. Total requests: 2639, Errors: 2394
  [Normal_Injector Worker 140527404037824] Stopped. Total requests: 1726, Errors: 3270
  [Normal_Injector Worker 140526900737728] Stopped. Total requests: 1714, Errors: 3482
  [Normal_Injector Worker 140527801161408] Stopped. Total requests: 1490, Errors: 3597
  [Normal_Injector Worker 140527395645120] Stopped. Total requests: 2314, Errors: 2895
  [Normal_Injector Worker 140527437608640] Stopped. Total requests: 2254, Errors: 2961
Simulation duration set to: 180
Attack duration set to: 0
Normal traffic RPS per client set to: 32.0
Normal traffic number of clients set to: 8
Normal traffic work units set to: 10
[Orchestrator] Initializing simulation environment...
[Sniffer] Realtime tcpdump started on any
[Sniffer] Label set to: benign
[Autoscaler] Initialized.
Attempting to build Docker image: edos_target_app:latest...
Image edos_target_app:latest already exists. Skipping build.
Docker network 'edos_network' already exists.
[Orchestrator] Cleaning up any pre-existing simulation instances...
Cleaning up all simulation instances...
No simulation instances found to clean up.
[Orchestrator] Starting initial 1 instance(s)...
Attempting to start container target_instance_1 mapping container:80 to host:8080...
Container 3357afd9dd (target_instance_1) started. Accessible on host port 8080.
[Autoscaler] Initial number of instances set to: 1
[Orchestrator] 1 initial instance(s) running.
[Orchestrator] Metrics will be logged to: simulation_metrics.csv
[Orchestrator] Attack summary will be logged to: attack_summary_log.csv
[Orchestrator] Normal traffic summary will be logged to: normal_traffic_summary_log.csv
[Orchestrator] Starting simulation main loop for 180 seconds.
[Orchestrator] Monitoring interval: 5s. Cooldown: 20s.
[Orchestrator] CPU Thresholds: Scale Up > 60.0%, Scale Down < 25.0%
[Orchestrator] No traffic injection scheduled (ATTACK_DURATION_SECONDS is 0 or less).
[Sniffer] Label set to: benign

--- Iteration 1 | Time: 0.0s / 180s ---
[Orchestrator]RTT = 0.0
[Orchestrator] Metrics: 1 active instance(s), Avg CPU: 0.00%, Avg App MEM: 0.00 MB
[Autoscaler] Condition for SCALE_DOWN met (Avg CPU: 0.00%), but already at MIN_INSTANCES (1). No action.
[DEBUG Orchestrator] Iteration Start. Instances Before Injector Logic: 1, Prev Injector Logic Instances: 1, Attack Started Flag: False, Normal Traffic Started Flag: False
[DEBUG Orchestrator] URLs derived for injector (if active): ['http://localhost:8080']
[Orchestrator] Starting/Restarting Normal Traffic. Target URLs for this call: ['http://localhost:8080']
[Normal_Injector] Starting HTTP flood with 8 attackers, ~256.0 RPS total, across 1 targets: http://localhost:8080
  [Normal_Injector Worker 126333434717888] Started. Target: http://localhost:8080?work=10&sleep=0.0, RPS: 32.00, Mean interval: 0.0312s (Poisson)
  [Normal_Injector Worker 126333417932480] Started. Target: http://localhost:8080?work=10&sleep=0.0, RPS: 32.00, Mean interval: 0.0312s (Poisson)
  [Normal_Injector Worker 126333401147072] Started. Target: http://localhost:8080?work=10&sleep=0.0, RPS: 32.00, Mean interval: 0.0312s (Poisson)
  [Normal_Injector Worker 126332906239680] Started. Target: http://localhost:8080?work=10&sleep=0.0, RPS: 32.00, Mean interval: 0.0312s (Poisson)
  [Normal_Injector Worker 126332889454272] Started. Target: http://localhost:8080?work=10&sleep=0.0, RPS: 32.00, Mean interval: 0.0312s (Poisson)
  [Normal_Injector Worker 126332872668864] Started. Target: http://localhost:8080?work=10&sleep=0.0, RPS: 32.00, Mean interval: 0.0312s (Poisson)
  [Normal_Injector Worker 126332864276160] Started. Target: http://localhost:8080?work=10&sleep=0.0, RPS: 32.00, Mean interval: 0.0312s (Poisson)
  [Normal_Injector Worker 126332855883456] Started. Target: http://localhost:8080?work=10&sleep=0.0, RPS: 32.00, Mean interval: 0.0312s (Poisson)
[Normal_Injector] All 8 attacker threads launched.
[DEBUG Orchestrator] End of Iteration. previous_num_instances_for_injector_logic updated to: 1
[DEGUG Orchestrator Loop Duration] Loop Duration = 59687.016632061
[Sniffer] Label set to: benign

--- Iteration 2 | Time: 5.0s / 180s ---
[Orchestrator]RTT = 34.97377474055798
[Orchestrator] Metrics: 1 active instance(s), Avg CPU: 70.33%, Avg App MEM: 25.25 MB
[Autoscaler] Decision: SCALE_UP. Avg CPU: 70.33% > 60.0%. Current instances: 1, Max: 4
[Orchestrator] Action: Scaling UP from 1 instance(s). Attempting to start instance 2.
Attempting to start container target_instance_2 mapping container:80 to host:8081...
Container f4c410e2a2 (target_instance_2) started. Accessible on host port 8081.
[Orchestrator] Successfully started target_instance_2. Now 2 instance(s).
[Autoscaler] Scale action recorded. New instance count: 2. Cooldown timer reset.
[DEBUG Orchestrator] Iteration Start. Instances Before Injector Logic: 2, Prev Injector Logic Instances: 1, Attack Started Flag: False, Normal Traffic Started Flag: True
[DEBUG Orchestrator] URLs derived for injector (if active): ['http://localhost:8080', 'http://localhost:8081']
[Orchestrator] Starting/Restarting Normal Traffic. Target URLs for this call: ['http://localhost:8080', 'http://localhost:8081']
[Normal_Injector] Normal traffic already in progress. Call stop_http_traffic() first.
[DEBUG Orchestrator] End of Iteration. previous_num_instances_for_injector_logic updated to: 2
[DEGUG Orchestrator Loop Duration] Loop Duration = 59692.016632061
[Sniffer] Label set to: benign

--- Iteration 3 | Time: 10.0s / 180s ---
[Orchestrator]RTT = 35.146747682732865
[Orchestrator] Metrics: 2 active instance(s), Avg CPU: 74.01%, Avg App MEM: 25.58 MB
[Autoscaler]In cooldown: 15.001244280996616
[DEBUG Orchestrator] Iteration Start. Instances Before Injector Logic: 2, Prev Injector Logic Instances: 2, Attack Started Flag: False, Normal Traffic Started Flag: True
[DEBUG Orchestrator] URLs derived for injector (if active): ['http://localhost:8080', 'http://localhost:8081']
[Orchestrator] Starting/Restarting Normal Traffic. Target URLs for this call: ['http://localhost:8080', 'http://localhost:8081']
[Normal_Injector] Normal traffic already in progress. Call stop_http_traffic() first.
[DEBUG Orchestrator] End of Iteration. previous_num_instances_for_injector_logic updated to: 2
[DEGUG Orchestrator Loop Duration] Loop Duration = 59697.016632061
[Sniffer] Label set to: benign

--- Iteration 4 | Time: 15.0s / 180s ---
[Orchestrator]RTT = 31.46244538733941
[Orchestrator] Metrics: 2 active instance(s), Avg CPU: 33.01%, Avg App MEM: 20.24 MB
[Autoscaler]In cooldown: 10.000323674998072
[DEBUG Orchestrator] Iteration Start. Instances Before Injector Logic: 2, Prev Injector Logic Instances: 2, Attack Started Flag: False, Normal Traffic Started Flag: True
[DEBUG Orchestrator] URLs derived for injector (if active): ['http://localhost:8080', 'http://localhost:8081']
[Orchestrator] Starting/Restarting Normal Traffic. Target URLs for this call: ['http://localhost:8080', 'http://localhost:8081']
[Normal_Injector] Normal traffic already in progress. Call stop_http_traffic() first.
[DEBUG Orchestrator] End of Iteration. previous_num_instances_for_injector_logic updated to: 2
[DEGUG Orchestrator Loop Duration] Loop Duration = 59702.016632061
[Sniffer] Label set to: benign

--- Iteration 5 | Time: 20.0s / 180s ---
[Orchestrator]RTT = 29.71346162035858
[Orchestrator] Metrics: 2 active instance(s), Avg CPU: 15.68%, Avg App MEM: 18.57 MB
[Autoscaler]In cooldown: 5.000115262999316
[DEBUG Orchestrator] Iteration Start. Instances Before Injector Logic: 2, Prev Injector Logic Instances: 2, Attack Started Flag: False, Normal Traffic Started Flag: True
[DEBUG Orchestrator] URLs derived for injector (if active): ['http://localhost:8080', 'http://localhost:8081']
[Orchestrator] Starting/Restarting Normal Traffic. Target URLs for this call: ['http://localhost:8080', 'http://localhost:8081']
[Normal_Injector] Normal traffic already in progress. Call stop_http_traffic() first.
[DEBUG Orchestrator] End of Iteration. previous_num_instances_for_injector_logic updated to: 2
[DEGUG Orchestrator Loop Duration] Loop Duration = 59707.016632061
[Sniffer] Label set to: benign

--- Iteration 6 | Time: 25.0s / 180s ---
[Orchestrator]RTT = 29.91193770470669
[Orchestrator] Metrics: 2 active instance(s), Avg CPU: 33.66%, Avg App MEM: 20.49 MB
[Autoscaler] Decision: NO_ACTION. Avg CPU: 33.66% is within thresholds (25.0% - 60.0%).
[DEBUG Orchestrator] Iteration Start. Instances Before Injector Logic: 2, Prev Injector Logic Instances: 2, Attack Started Flag: False, Normal Traffic Started Flag: True
[DEBUG Orchestrator] URLs derived for injector (if active): ['http://localhost:8080', 'http://localhost:8081']
[Orchestrator] Starting/Restarting Normal Traffic. Target URLs for this call: ['http://localhost:8080', 'http://localhost:8081']
[Normal_Injector] Normal traffic already in progress. Call stop_http_traffic() first.
[DEBUG Orchestrator] End of Iteration. previous_num_instances_for_injector_logic updated to: 2
[DEGUG Orchestrator Loop Duration] Loop Duration = 59712.016632061
[Sniffer] Label set to: benign

--- Iteration 7 | Time: 30.0s / 180s ---
[Orchestrator]RTT = 29.07887756656998
[Orchestrator] Metrics: 2 active instance(s), Avg CPU: 33.32%, Avg App MEM: 22.19 MB
[Autoscaler] Decision: NO_ACTION. Avg CPU: 33.32% is within thresholds (25.0% - 60.0%).
[DEBUG Orchestrator] Iteration Start. Instances Before Injector Logic: 2, Prev Injector Logic Instances: 2, Attack Started Flag: False, Normal Traffic Started Flag: True
[DEBUG Orchestrator] URLs derived for injector (if active): ['http://localhost:8080', 'http://localhost:8081']
[Orchestrator] Starting/Restarting Normal Traffic. Target URLs for this call: ['http://localhost:8080', 'http://localhost:8081']
[Normal_Injector] Normal traffic already in progress. Call stop_http_traffic() first.
[DEBUG Orchestrator] End of Iteration. previous_num_instances_for_injector_logic updated to: 2
[DEGUG Orchestrator Loop Duration] Loop Duration = 59717.016632061
[Sniffer] Label set to: benign

--- Iteration 8 | Time: 35.0s / 180s ---
[Orchestrator]RTT = 30.248518858128264
[Orchestrator] Metrics: 2 active instance(s), Avg CPU: 24.64%, Avg App MEM: 20.29 MB
[Autoscaler] Decision: SCALE_DOWN. Avg CPU: 24.64% < 25.0%. Current instances: 2, Min: 1
[Orchestrator] Action: Scaling DOWN from 2 instance(s). Stopping target_instance_2.
Attempting to stop and remove container target_instance_2...
Container target_instance_2 stopped and removed.
[Orchestrator] Successfully stopped target_instance_2. Now 1 instance(s).
[Autoscaler] Scale action recorded. New instance count: 1. Cooldown timer reset.
[DEBUG Orchestrator] Iteration Start. Instances Before Injector Logic: 1, Prev Injector Logic Instances: 2, Attack Started Flag: False, Normal Traffic Started Flag: True
[DEBUG Orchestrator] URLs derived for injector (if active): ['http://localhost:8080']
[Orchestrator] Starting/Restarting Normal Traffic. Target URLs for this call: ['http://localhost:8080']
[Normal_Injector] Normal traffic already in progress. Call stop_http_traffic() first.
[DEBUG Orchestrator] End of Iteration. previous_num_instances_for_injector_logic updated to: 1
[DEGUG Orchestrator Loop Duration] Loop Duration = 59722.016632061
[Orchestrator] Warning: Loop iteration took longer than MONITOR_INTERVAL_SECONDS (5s). Not sleeping.
[Sniffer] Label set to: benign

--- Iteration 9 | Time: 40.6s / 180s ---
[Orchestrator]RTT = 30.468780603635775
[Orchestrator] Metrics: 1 active instance(s), Avg CPU: 46.73%, Avg App MEM: 26.13 MB
[Autoscaler]In cooldown: 14.406900541005598
[DEBUG Orchestrator] Iteration Start. Instances Before Injector Logic: 1, Prev Injector Logic Instances: 1, Attack Started Flag: False, Normal Traffic Started Flag: True
[DEBUG Orchestrator] URLs derived for injector (if active): ['http://localhost:8080']
[Orchestrator] Starting/Restarting Normal Traffic. Target URLs for this call: ['http://localhost:8080']
[Normal_Injector] Normal traffic already in progress. Call stop_http_traffic() first.
[DEBUG Orchestrator] End of Iteration. previous_num_instances_for_injector_logic updated to: 1
[DEGUG Orchestrator Loop Duration] Loop Duration = 59727.016632061
[Sniffer] Label set to: benign

--- Iteration 10 | Time: 45.0s / 180s ---
[Orchestrator]RTT = 31.21523703259259
[Orchestrator] Metrics: 1 active instance(s), Avg CPU: 57.90%, Avg App MEM: 26.14 MB
[Autoscaler]In cooldown: 9.999608310004987
[DEBUG Orchestrator] Iteration Start. Instances Before Injector Logic: 1, Prev Injector Logic Instances: 1, Attack Started Flag: False, Normal Traffic Started Flag: True
[DEBUG Orchestrator] URLs derived for injector (if active): ['http://localhost:8080']
[Orchestrator] Starting/Restarting Normal Traffic. Target URLs for this call: ['http://localhost:8080']
[Normal_Injector] Normal traffic already in progress. Call stop_http_traffic() first.
[DEBUG Orchestrator] End of Iteration. previous_num_instances_for_injector_logic updated to: 1
[DEGUG Orchestrator Loop Duration] Loop Duration = 59732.016632061
[Sniffer] Label set to: benign

--- Iteration 11 | Time: 50.0s / 180s ---
[Orchestrator]RTT = 28.89273197560801
[Orchestrator] Metrics: 1 active instance(s), Avg CPU: 45.08%, Avg App MEM: 26.15 MB
[Autoscaler]In cooldown: 4.999975752005412
[DEBUG Orchestrator] Iteration Start. Instances Before Injector Logic: 1, Prev Injector Logic Instances: 1, Attack Started Flag: False, Normal Traffic Started Flag: True
[DEBUG Orchestrator] URLs derived for injector (if active): ['http://localhost:8080']
[Orchestrator] Starting/Restarting Normal Traffic. Target URLs for this call: ['http://localhost:8080']
[Normal_Injector] Normal traffic already in progress. Call stop_http_traffic() first.
[DEBUG Orchestrator] End of Iteration. previous_num_instances_for_injector_logic updated to: 1
[DEGUG Orchestrator Loop Duration] Loop Duration = 59737.016632061
[Sniffer] Label set to: benign

--- Iteration 12 | Time: 55.0s / 180s ---
[Orchestrator]RTT = 29.532948510039027
[Orchestrator] Metrics: 1 active instance(s), Avg CPU: 47.27%, Avg App MEM: 26.14 MB
[Autoscaler] Decision: NO_ACTION. Avg CPU: 47.27% is within thresholds (25.0% - 60.0%).
[DEBUG Orchestrator] Iteration Start. Instances Before Injector Logic: 1, Prev Injector Logic Instances: 1, Attack Started Flag: False, Normal Traffic Started Flag: True
[DEBUG Orchestrator] URLs derived for injector (if active): ['http://localhost:8080']
[Orchestrator] Starting/Restarting Normal Traffic. Target URLs for this call: ['http://localhost:8080']
[Normal_Injector] Normal traffic already in progress. Call stop_http_traffic() first.
[DEBUG Orchestrator] End of Iteration. previous_num_instances_for_injector_logic updated to: 1
[DEGUG Orchestrator Loop Duration] Loop Duration = 59742.016632061
[Sniffer] Label set to: benign

--- Iteration 13 | Time: 60.0s / 180s ---
[Orchestrator]RTT = 29.71269186046099
[Orchestrator] Metrics: 1 active instance(s), Avg CPU: 51.50%, Avg App MEM: 26.31 MB
[Autoscaler] Decision: NO_ACTION. Avg CPU: 51.50% is within thresholds (25.0% - 60.0%).
[DEBUG Orchestrator] Iteration Start. Instances Before Injector Logic: 1, Prev Injector Logic Instances: 1, Attack Started Flag: False, Normal Traffic Started Flag: True
[DEBUG Orchestrator] URLs derived for injector (if active): ['http://localhost:8080']
[Orchestrator] Starting/Restarting Normal Traffic. Target URLs for this call: ['http://localhost:8080']
[Normal_Injector] Normal traffic already in progress. Call stop_http_traffic() first.
[DEBUG Orchestrator] End of Iteration. previous_num_instances_for_injector_logic updated to: 1
[DEGUG Orchestrator Loop Duration] Loop Duration = 59747.016632061
[Sniffer] Label set to: benign

--- Iteration 14 | Time: 65.0s / 180s ---
[Orchestrator]RTT = 29.00473920733743
[Orchestrator] Metrics: 1 active instance(s), Avg CPU: 48.12%, Avg App MEM: 26.28 MB
[Autoscaler] Decision: NO_ACTION. Avg CPU: 48.12% is within thresholds (25.0% - 60.0%).
[DEBUG Orchestrator] Iteration Start. Instances Before Injector Logic: 1, Prev Injector Logic Instances: 1, Attack Started Flag: False, Normal Traffic Started Flag: True
[DEBUG Orchestrator] URLs derived for injector (if active): ['http://localhost:8080']
[Orchestrator] Starting/Restarting Normal Traffic. Target URLs for this call: ['http://localhost:8080']
[Normal_Injector] Normal traffic already in progress. Call stop_http_traffic() first.
[DEBUG Orchestrator] End of Iteration. previous_num_instances_for_injector_logic updated to: 1
[DEGUG Orchestrator Loop Duration] Loop Duration = 59752.016632061
[Sniffer] Label set to: benign

--- Iteration 15 | Time: 70.0s / 180s ---
[Orchestrator]RTT = 29.27667137439805
[Orchestrator] Metrics: 1 active instance(s), Avg CPU: 47.03%, Avg App MEM: 26.15 MB
[Autoscaler] Decision: NO_ACTION. Avg CPU: 47.03% is within thresholds (25.0% - 60.0%).
[DEBUG Orchestrator] Iteration Start. Instances Before Injector Logic: 1, Prev Injector Logic Instances: 1, Attack Started Flag: False, Normal Traffic Started Flag: True
[DEBUG Orchestrator] URLs derived for injector (if active): ['http://localhost:8080']
[Orchestrator] Starting/Restarting Normal Traffic. Target URLs for this call: ['http://localhost:8080']
[Normal_Injector] Normal traffic already in progress. Call stop_http_traffic() first.
[DEBUG Orchestrator] End of Iteration. previous_num_instances_for_injector_logic updated to: 1
[DEGUG Orchestrator Loop Duration] Loop Duration = 59757.016632061
[Sniffer] Label set to: benign

--- Iteration 16 | Time: 75.0s / 180s ---
[Orchestrator]RTT = 31.530617227871712
[Orchestrator] Metrics: 1 active instance(s), Avg CPU: 58.29%, Avg App MEM: 26.53 MB
[Autoscaler] Decision: NO_ACTION. Avg CPU: 58.29% is within thresholds (25.0% - 60.0%).
[DEBUG Orchestrator] Iteration Start. Instances Before Injector Logic: 1, Prev Injector Logic Instances: 1, Attack Started Flag: False, Normal Traffic Started Flag: True
[DEBUG Orchestrator] URLs derived for injector (if active): ['http://localhost:8080']
[Orchestrator] Starting/Restarting Normal Traffic. Target URLs for this call: ['http://localhost:8080']
[Normal_Injector] Normal traffic already in progress. Call stop_http_traffic() first.
[DEBUG Orchestrator] End of Iteration. previous_num_instances_for_injector_logic updated to: 1
[DEGUG Orchestrator Loop Duration] Loop Duration = 59762.016632061
[Sniffer] Label set to: benign

--- Iteration 17 | Time: 80.0s / 180s ---
[Orchestrator]RTT = 29.970526342135184
[Orchestrator] Metrics: 1 active instance(s), Avg CPU: 47.45%, Avg App MEM: 26.56 MB
[Autoscaler] Decision: NO_ACTION. Avg CPU: 47.45% is within thresholds (25.0% - 60.0%).
[DEBUG Orchestrator] Iteration Start. Instances Before Injector Logic: 1, Prev Injector Logic Instances: 1, Attack Started Flag: False, Normal Traffic Started Flag: True
[DEBUG Orchestrator] URLs derived for injector (if active): ['http://localhost:8080']
[Orchestrator] Starting/Restarting Normal Traffic. Target URLs for this call: ['http://localhost:8080']
[Normal_Injector] Normal traffic already in progress. Call stop_http_traffic() first.
[DEBUG Orchestrator] End of Iteration. previous_num_instances_for_injector_logic updated to: 1
[DEGUG Orchestrator Loop Duration] Loop Duration = 59767.016632061
[Sniffer] Label set to: benign

--- Iteration 18 | Time: 85.0s / 180s ---
[Orchestrator]RTT = 30.076772071607188
[Orchestrator] Metrics: 1 active instance(s), Avg CPU: 51.39%, Avg App MEM: 26.03 MB
[Autoscaler] Decision: NO_ACTION. Avg CPU: 51.39% is within thresholds (25.0% - 60.0%).
[DEBUG Orchestrator] Iteration Start. Instances Before Injector Logic: 1, Prev Injector Logic Instances: 1, Attack Started Flag: False, Normal Traffic Started Flag: True
[DEBUG Orchestrator] URLs derived for injector (if active): ['http://localhost:8080']
[Orchestrator] Starting/Restarting Normal Traffic. Target URLs for this call: ['http://localhost:8080']
[Normal_Injector] Normal traffic already in progress. Call stop_http_traffic() first.
[DEBUG Orchestrator] End of Iteration. previous_num_instances_for_injector_logic updated to: 1
[DEGUG Orchestrator Loop Duration] Loop Duration = 59772.016632061
[Sniffer] Label set to: benign

--- Iteration 19 | Time: 90.0s / 180s ---
[Orchestrator]RTT = 30.14506585381902
[Orchestrator] Metrics: 1 active instance(s), Avg CPU: 51.99%, Avg App MEM: 25.90 MB
[Autoscaler] Decision: NO_ACTION. Avg CPU: 51.99% is within thresholds (25.0% - 60.0%).
[DEBUG Orchestrator] Iteration Start. Instances Before Injector Logic: 1, Prev Injector Logic Instances: 1, Attack Started Flag: False, Normal Traffic Started Flag: True
[DEBUG Orchestrator] URLs derived for injector (if active): ['http://localhost:8080']
[Orchestrator] Starting/Restarting Normal Traffic. Target URLs for this call: ['http://localhost:8080']
[Normal_Injector] Normal traffic already in progress. Call stop_http_traffic() first.
[DEBUG Orchestrator] End of Iteration. previous_num_instances_for_injector_logic updated to: 1
[DEGUG Orchestrator Loop Duration] Loop Duration = 59777.016632061
[Sniffer] Label set to: benign

--- Iteration 20 | Time: 95.0s / 180s ---
[Orchestrator]RTT = 29.30413819199372
[Orchestrator] Metrics: 1 active instance(s), Avg CPU: 53.41%, Avg App MEM: 26.27 MB
[Autoscaler] Decision: NO_ACTION. Avg CPU: 53.41% is within thresholds (25.0% - 60.0%).
[DEBUG Orchestrator] Iteration Start. Instances Before Injector Logic: 1, Prev Injector Logic Instances: 1, Attack Started Flag: False, Normal Traffic Started Flag: True
[DEBUG Orchestrator] URLs derived for injector (if active): ['http://localhost:8080']
[Orchestrator] Starting/Restarting Normal Traffic. Target URLs for this call: ['http://localhost:8080']
[Normal_Injector] Normal traffic already in progress. Call stop_http_traffic() first.
[DEBUG Orchestrator] End of Iteration. previous_num_instances_for_injector_logic updated to: 1
[DEGUG Orchestrator Loop Duration] Loop Duration = 59782.016632061
[Sniffer] Label set to: benign

--- Iteration 21 | Time: 100.0s / 180s ---
[Orchestrator]RTT = 29.75024311990745
[Orchestrator] Metrics: 1 active instance(s), Avg CPU: 52.54%, Avg App MEM: 26.16 MB
[Autoscaler] Decision: NO_ACTION. Avg CPU: 52.54% is within thresholds (25.0% - 60.0%).
[DEBUG Orchestrator] Iteration Start. Instances Before Injector Logic: 1, Prev Injector Logic Instances: 1, Attack Started Flag: False, Normal Traffic Started Flag: True
[DEBUG Orchestrator] URLs derived for injector (if active): ['http://localhost:8080']
[Orchestrator] Starting/Restarting Normal Traffic. Target URLs for this call: ['http://localhost:8080']
[Normal_Injector] Normal traffic already in progress. Call stop_http_traffic() first.
[DEBUG Orchestrator] End of Iteration. previous_num_instances_for_injector_logic updated to: 1
[DEGUG Orchestrator Loop Duration] Loop Duration = 59787.016632061
[Sniffer] Label set to: benign

--- Iteration 22 | Time: 105.0s / 180s ---
[Orchestrator]RTT = 30.26870132052448
[Orchestrator] Metrics: 1 active instance(s), Avg CPU: 49.13%, Avg App MEM: 26.28 MB
[Autoscaler] Decision: NO_ACTION. Avg CPU: 49.13% is within thresholds (25.0% - 60.0%).
[DEBUG Orchestrator] Iteration Start. Instances Before Injector Logic: 1, Prev Injector Logic Instances: 1, Attack Started Flag: False, Normal Traffic Started Flag: True
[DEBUG Orchestrator] URLs derived for injector (if active): ['http://localhost:8080']
[Orchestrator] Starting/Restarting Normal Traffic. Target URLs for this call: ['http://localhost:8080']
[Normal_Injector] Normal traffic already in progress. Call stop_http_traffic() first.
[DEBUG Orchestrator] End of Iteration. previous_num_instances_for_injector_logic updated to: 1
[DEGUG Orchestrator Loop Duration] Loop Duration = 59792.016632061
[Sniffer] Label set to: benign

--- Iteration 23 | Time: 110.0s / 180s ---
[Orchestrator]RTT = 29.174522157730333
[Orchestrator] Metrics: 1 active instance(s), Avg CPU: 46.62%, Avg App MEM: 26.07 MB
[Autoscaler] Decision: NO_ACTION. Avg CPU: 46.62% is within thresholds (25.0% - 60.0%).
[DEBUG Orchestrator] Iteration Start. Instances Before Injector Logic: 1, Prev Injector Logic Instances: 1, Attack Started Flag: False, Normal Traffic Started Flag: True
[DEBUG Orchestrator] URLs derived for injector (if active): ['http://localhost:8080']
[Orchestrator] Starting/Restarting Normal Traffic. Target URLs for this call: ['http://localhost:8080']
[Normal_Injector] Normal traffic already in progress. Call stop_http_traffic() first.
[DEBUG Orchestrator] End of Iteration. previous_num_instances_for_injector_logic updated to: 1
[DEGUG Orchestrator Loop Duration] Loop Duration = 59797.016632061
[Sniffer] Label set to: benign

--- Iteration 24 | Time: 115.0s / 180s ---
[Orchestrator]RTT = 31.174205605652457
[Orchestrator] Metrics: 1 active instance(s), Avg CPU: 54.15%, Avg App MEM: 26.15 MB
[Autoscaler] Decision: NO_ACTION. Avg CPU: 54.15% is within thresholds (25.0% - 60.0%).
[DEBUG Orchestrator] Iteration Start. Instances Before Injector Logic: 1, Prev Injector Logic Instances: 1, Attack Started Flag: False, Normal Traffic Started Flag: True
[DEBUG Orchestrator] URLs derived for injector (if active): ['http://localhost:8080']
[Orchestrator] Starting/Restarting Normal Traffic. Target URLs for this call: ['http://localhost:8080']
[Normal_Injector] Normal traffic already in progress. Call stop_http_traffic() first.
[DEBUG Orchestrator] End of Iteration. previous_num_instances_for_injector_logic updated to: 1
[DEGUG Orchestrator Loop Duration] Loop Duration = 59802.016632061
[Sniffer] Label set to: benign

--- Iteration 25 | Time: 120.0s / 180s ---
[Orchestrator]RTT = 29.54820177760029
[Orchestrator] Metrics: 1 active instance(s), Avg CPU: 44.51%, Avg App MEM: 26.03 MB
[Autoscaler] Decision: NO_ACTION. Avg CPU: 44.51% is within thresholds (25.0% - 60.0%).
[DEBUG Orchestrator] Iteration Start. Instances Before Injector Logic: 1, Prev Injector Logic Instances: 1, Attack Started Flag: False, Normal Traffic Started Flag: True
[DEBUG Orchestrator] URLs derived for injector (if active): ['http://localhost:8080']
[Orchestrator] Starting/Restarting Normal Traffic. Target URLs for this call: ['http://localhost:8080']
[Normal_Injector] Normal traffic already in progress. Call stop_http_traffic() first.
[DEBUG Orchestrator] End of Iteration. previous_num_instances_for_injector_logic updated to: 1
[DEGUG Orchestrator Loop Duration] Loop Duration = 59807.016632061
[Sniffer] Label set to: benign

--- Iteration 26 | Time: 125.0s / 180s ---
[Orchestrator]RTT = 30.324986356587306
[Orchestrator] Metrics: 1 active instance(s), Avg CPU: 53.00%, Avg App MEM: 26.06 MB
[Autoscaler] Decision: NO_ACTION. Avg CPU: 53.00% is within thresholds (25.0% - 60.0%).
[DEBUG Orchestrator] Iteration Start. Instances Before Injector Logic: 1, Prev Injector Logic Instances: 1, Attack Started Flag: False, Normal Traffic Started Flag: True
[DEBUG Orchestrator] URLs derived for injector (if active): ['http://localhost:8080']
[Orchestrator] Starting/Restarting Normal Traffic. Target URLs for this call: ['http://localhost:8080']
[Normal_Injector] Normal traffic already in progress. Call stop_http_traffic() first.
[DEBUG Orchestrator] End of Iteration. previous_num_instances_for_injector_logic updated to: 1
[DEGUG Orchestrator Loop Duration] Loop Duration = 59812.016632061
[Sniffer] Label set to: benign

--- Iteration 27 | Time: 130.0s / 180s ---
[Orchestrator]RTT = 30.34897246730094
[Orchestrator] Metrics: 1 active instance(s), Avg CPU: 49.20%, Avg App MEM: 26.22 MB
[Autoscaler] Decision: NO_ACTION. Avg CPU: 49.20% is within thresholds (25.0% - 60.0%).
[DEBUG Orchestrator] Iteration Start. Instances Before Injector Logic: 1, Prev Injector Logic Instances: 1, Attack Started Flag: False, Normal Traffic Started Flag: True
[DEBUG Orchestrator] URLs derived for injector (if active): ['http://localhost:8080']
[Orchestrator] Starting/Restarting Normal Traffic. Target URLs for this call: ['http://localhost:8080']
[Normal_Injector] Normal traffic already in progress. Call stop_http_traffic() first.
[DEBUG Orchestrator] End of Iteration. previous_num_instances_for_injector_logic updated to: 1
[DEGUG Orchestrator Loop Duration] Loop Duration = 59817.016632061
[Sniffer] Label set to: benign

--- Iteration 28 | Time: 135.0s / 180s ---
[Orchestrator]RTT = 30.832573592649876
[Orchestrator] Metrics: 1 active instance(s), Avg CPU: 52.63%, Avg App MEM: 26.35 MB
[Autoscaler] Decision: NO_ACTION. Avg CPU: 52.63% is within thresholds (25.0% - 60.0%).
[DEBUG Orchestrator] Iteration Start. Instances Before Injector Logic: 1, Prev Injector Logic Instances: 1, Attack Started Flag: False, Normal Traffic Started Flag: True
[DEBUG Orchestrator] URLs derived for injector (if active): ['http://localhost:8080']
[Orchestrator] Starting/Restarting Normal Traffic. Target URLs for this call: ['http://localhost:8080']
[Normal_Injector] Normal traffic already in progress. Call stop_http_traffic() first.
[DEBUG Orchestrator] End of Iteration. previous_num_instances_for_injector_logic updated to: 1
[DEGUG Orchestrator Loop Duration] Loop Duration = 59822.016632061
[Sniffer] Label set to: benign

--- Iteration 29 | Time: 140.0s / 180s ---
[Orchestrator]RTT = 29.172658604679565
[Orchestrator] Metrics: 1 active instance(s), Avg CPU: 46.62%, Avg App MEM: 26.46 MB
[Autoscaler] Decision: NO_ACTION. Avg CPU: 46.62% is within thresholds (25.0% - 60.0%).
[DEBUG Orchestrator] Iteration Start. Instances Before Injector Logic: 1, Prev Injector Logic Instances: 1, Attack Started Flag: False, Normal Traffic Started Flag: True
[DEBUG Orchestrator] URLs derived for injector (if active): ['http://localhost:8080']
[Orchestrator] Starting/Restarting Normal Traffic. Target URLs for this call: ['http://localhost:8080']
[Normal_Injector] Normal traffic already in progress. Call stop_http_traffic() first.
[DEBUG Orchestrator] End of Iteration. previous_num_instances_for_injector_logic updated to: 1
[DEGUG Orchestrator Loop Duration] Loop Duration = 59827.016632061
[Sniffer] Label set to: benign

--- Iteration 30 | Time: 145.0s / 180s ---
[Orchestrator]RTT = 30.332306270483983
[Orchestrator] Metrics: 1 active instance(s), Avg CPU: 53.42%, Avg App MEM: 26.25 MB
[Autoscaler] Decision: NO_ACTION. Avg CPU: 53.42% is within thresholds (25.0% - 60.0%).
[DEBUG Orchestrator] Iteration Start. Instances Before Injector Logic: 1, Prev Injector Logic Instances: 1, Attack Started Flag: False, Normal Traffic Started Flag: True
[DEBUG Orchestrator] URLs derived for injector (if active): ['http://localhost:8080']
[Orchestrator] Starting/Restarting Normal Traffic. Target URLs for this call: ['http://localhost:8080']
[Normal_Injector] Normal traffic already in progress. Call stop_http_traffic() first.
[DEBUG Orchestrator] End of Iteration. previous_num_instances_for_injector_logic updated to: 1
[DEGUG Orchestrator Loop Duration] Loop Duration = 59832.016632061
[Sniffer] Label set to: benign

--- Iteration 31 | Time: 150.0s / 180s ---
[Orchestrator]RTT = 29.306961598405366
[Orchestrator] Metrics: 1 active instance(s), Avg CPU: 46.38%, Avg App MEM: 26.53 MB
[Autoscaler] Decision: NO_ACTION. Avg CPU: 46.38% is within thresholds (25.0% - 60.0%).
[DEBUG Orchestrator] Iteration Start. Instances Before Injector Logic: 1, Prev Injector Logic Instances: 1, Attack Started Flag: False, Normal Traffic Started Flag: True
[DEBUG Orchestrator] URLs derived for injector (if active): ['http://localhost:8080']
[Orchestrator] Starting/Restarting Normal Traffic. Target URLs for this call: ['http://localhost:8080']
[Normal_Injector] Normal traffic already in progress. Call stop_http_traffic() first.
[DEBUG Orchestrator] End of Iteration. previous_num_instances_for_injector_logic updated to: 1
[DEGUG Orchestrator Loop Duration] Loop Duration = 59837.016632061
[Sniffer] Label set to: benign

--- Iteration 32 | Time: 155.0s / 180s ---
[Orchestrator]RTT = 30.529948493042287
[Orchestrator] Metrics: 1 active instance(s), Avg CPU: 48.89%, Avg App MEM: 26.16 MB
[Autoscaler] Decision: NO_ACTION. Avg CPU: 48.89% is within thresholds (25.0% - 60.0%).
[DEBUG Orchestrator] Iteration Start. Instances Before Injector Logic: 1, Prev Injector Logic Instances: 1, Attack Started Flag: False, Normal Traffic Started Flag: True
[DEBUG Orchestrator] URLs derived for injector (if active): ['http://localhost:8080']
[Orchestrator] Starting/Restarting Normal Traffic. Target URLs for this call: ['http://localhost:8080']
[Normal_Injector] Normal traffic already in progress. Call stop_http_traffic() first.
[DEBUG Orchestrator] End of Iteration. previous_num_instances_for_injector_logic updated to: 1
[DEGUG Orchestrator Loop Duration] Loop Duration = 59842.016632061
[Sniffer] Label set to: benign

--- Iteration 33 | Time: 160.0s / 180s ---
[Orchestrator]RTT = 29.33045157694666
[Orchestrator] Metrics: 1 active instance(s), Avg CPU: 45.34%, Avg App MEM: 26.29 MB
[Autoscaler] Decision: NO_ACTION. Avg CPU: 45.34% is within thresholds (25.0% - 60.0%).
[DEBUG Orchestrator] Iteration Start. Instances Before Injector Logic: 1, Prev Injector Logic Instances: 1, Attack Started Flag: False, Normal Traffic Started Flag: True
[DEBUG Orchestrator] URLs derived for injector (if active): ['http://localhost:8080']
[Orchestrator] Starting/Restarting Normal Traffic. Target URLs for this call: ['http://localhost:8080']
[Normal_Injector] Normal traffic already in progress. Call stop_http_traffic() first.
[DEBUG Orchestrator] End of Iteration. previous_num_instances_for_injector_logic updated to: 1
[DEGUG Orchestrator Loop Duration] Loop Duration = 59847.016632061
[Sniffer] Label set to: benign

--- Iteration 34 | Time: 165.0s / 180s ---
[Orchestrator]RTT = 30.292244566914714
[Orchestrator] Metrics: 1 active instance(s), Avg CPU: 51.70%, Avg App MEM: 26.16 MB
[Autoscaler] Decision: NO_ACTION. Avg CPU: 51.70% is within thresholds (25.0% - 60.0%).
[DEBUG Orchestrator] Iteration Start. Instances Before Injector Logic: 1, Prev Injector Logic Instances: 1, Attack Started Flag: False, Normal Traffic Started Flag: True
[DEBUG Orchestrator] URLs derived for injector (if active): ['http://localhost:8080']
[Orchestrator] Starting/Restarting Normal Traffic. Target URLs for this call: ['http://localhost:8080']
[Normal_Injector] Normal traffic already in progress. Call stop_http_traffic() first.
[DEBUG Orchestrator] End of Iteration. previous_num_instances_for_injector_logic updated to: 1
[DEGUG Orchestrator Loop Duration] Loop Duration = 59852.016632061
[Sniffer] Label set to: benign

--- Iteration 35 | Time: 170.0s / 180s ---
[Orchestrator]RTT = 30.18556943239068
[Orchestrator] Metrics: 1 active instance(s), Avg CPU: 49.34%, Avg App MEM: 26.17 MB
[Autoscaler] Decision: NO_ACTION. Avg CPU: 49.34% is within thresholds (25.0% - 60.0%).
[DEBUG Orchestrator] Iteration Start. Instances Before Injector Logic: 1, Prev Injector Logic Instances: 1, Attack Started Flag: False, Normal Traffic Started Flag: True
[DEBUG Orchestrator] URLs derived for injector (if active): ['http://localhost:8080']
[Orchestrator] Starting/Restarting Normal Traffic. Target URLs for this call: ['http://localhost:8080']
[Normal_Injector] Normal traffic already in progress. Call stop_http_traffic() first.
[DEBUG Orchestrator] End of Iteration. previous_num_instances_for_injector_logic updated to: 1
[DEGUG Orchestrator Loop Duration] Loop Duration = 59857.016632061
[Sniffer] Label set to: benign

--- Iteration 36 | Time: 175.0s / 180s ---
[Orchestrator]RTT = 30.585682557124734
[Orchestrator] Metrics: 1 active instance(s), Avg CPU: 50.32%, Avg App MEM: 26.43 MB
[Autoscaler] Decision: NO_ACTION. Avg CPU: 50.32% is within thresholds (25.0% - 60.0%).
[DEBUG Orchestrator] Iteration Start. Instances Before Injector Logic: 1, Prev Injector Logic Instances: 1, Attack Started Flag: False, Normal Traffic Started Flag: True
[DEBUG Orchestrator] URLs derived for injector (if active): ['http://localhost:8080']
[Orchestrator] Starting/Restarting Normal Traffic. Target URLs for this call: ['http://localhost:8080']
[Normal_Injector] Normal traffic already in progress. Call stop_http_traffic() first.
[DEBUG Orchestrator] End of Iteration. previous_num_instances_for_injector_logic updated to: 1
[DEGUG Orchestrator Loop Duration] Loop Duration = 59862.016632061

[Orchestrator] Simulation duration reached.
[Orchestrator] Saving RTT log...
[Sniffer] Realtime tcpdump stopped.
[Orchestrator] Stopping normal traffic...
[Normal_Injector] Signaling workers to stop...
  [Normal_Injector Worker 126333417932480] Stopped. Total requests: 5629, Errors: 0
  [Normal_Injector Worker 126333434717888] Stopped. Total requests: 5660, Errors: 0
  [Normal_Injector Worker 126332872668864] Stopped. Total requests: 5479, Errors: 0
  [Normal_Injector Worker 126333401147072] Stopped. Total requests: 5590, Errors: 0
  [Normal_Injector Worker 126332889454272] Stopped. Total requests: 5528, Errors: 0
  [Normal_Injector Worker 126332855883456] Stopped. Total requests: 5657, Errors: 0
  [Normal_Injector Worker 126332906239680] Stopped. Total requests: 5656, Errors: 0
[Normal_Injector] Stop signal sent (non-blocking).
[Orchestrator] Cleaning up all simulation instances...
Cleaning up all simulation instances...
  [Normal_Injector Worker 126332864276160] Stopped. Total requests: 5638, Errors: 0
Stopping and removing container: target_instance_1 (3357afd9dd)...
  Container target_instance_1 removed.
Simulation instance cleanup complete.
[Stats_Collector] Stopping stats collector thread...
[Orchestrator] Simulation Complete. Total Fictional Cost: $0.0012
[Orchestrator] Metrics logged in: simulation_metrics.csv
Simulation duration set to: 180
Attack duration set to: 0
Normal traffic RPS per client set to: 32.0
Normal traffic number of clients set to: 8
Normal traffic work units set to: 10
[Orchestrator] Initializing simulation environment...
[Sniffer] Realtime tcpdump started on any
[Sniffer] Label set to: benign
[Autoscaler] Initialized.
Attempting to build Docker image: edos_target_app:latest...
Image edos_target_app:latest already exists. Skipping build.
Docker network 'edos_network' already exists.
[Orchestrator] Cleaning up any pre-existing simulation instances...
Cleaning up all simulation instances...
No simulation instances found to clean up.
[Orchestrator] Starting initial 1 instance(s)...
Attempting to start container target_instance_1 mapping container:80 to host:8080...
Container 33f96a8676 (target_instance_1) started. Accessible on host port 8080.
[Autoscaler] Initial number of instances set to: 1
[Orchestrator] 1 initial instance(s) running.
[Orchestrator] Metrics will be logged to: simulation_metrics.csv
[Orchestrator] Attack summary will be logged to: attack_summary_log.csv
[Orchestrator] Normal traffic summary will be logged to: normal_traffic_summary_log.csv
[Orchestrator] Starting simulation main loop for 180 seconds.
[Orchestrator] Monitoring interval: 5s. Cooldown: 20s.
[Orchestrator] CPU Thresholds: Scale Up > 60.0%, Scale Down < 25.0%
[Orchestrator] No traffic injection scheduled (ATTACK_DURATION_SECONDS is 0 or less).
[Sniffer] Label set to: benign

--- Iteration 1 | Time: 0.0s / 180s ---
[Orchestrator]RTT = 0.0
[Orchestrator] Metrics: 1 active instance(s), Avg CPU: 0.00%, Avg App MEM: 0.00 MB
[Autoscaler] Condition for SCALE_DOWN met (Avg CPU: 0.00%), but already at MIN_INSTANCES (1). No action.
[DEBUG Orchestrator] Iteration Start. Instances Before Injector Logic: 1, Prev Injector Logic Instances: 1, Attack Started Flag: False, Normal Traffic Started Flag: False
[DEBUG Orchestrator] URLs derived for injector (if active): ['http://localhost:8080']
[Orchestrator] Starting/Restarting Normal Traffic. Target URLs for this call: ['http://localhost:8080']
[Normal_Injector] Starting HTTP flood with 8 attackers, ~256.0 RPS total, across 1 targets: http://localhost:8080
  [Normal_Injector Worker 137412671850176] Started. Target: http://localhost:8080?work=10&sleep=0.0, RPS: 32.00, Mean interval: 0.0312s (Poisson)
  [Normal_Injector Worker 137412445468352] Started. Target: http://localhost:8080?work=10&sleep=0.0, RPS: 32.00, Mean interval: 0.0312s (Poisson)
  [Normal_Injector Worker 137412437075648] Started. Target: http://localhost:8080?work=10&sleep=0.0, RPS: 32.00, Mean interval: 0.0312s (Poisson)
  [Normal_Injector Worker 137412411897536] Started. Target: http://localhost:8080?work=10&sleep=0.0, RPS: 32.00, Mean interval: 0.0312s (Poisson)
  [Normal_Injector Worker 137412403504832] Started. Target: http://localhost:8080?work=10&sleep=0.0, RPS: 32.00, Mean interval: 0.0312s (Poisson)
  [Normal_Injector Worker 137412395112128] Started. Target: http://localhost:8080?work=10&sleep=0.0, RPS: 32.00, Mean interval: 0.0312s (Poisson)
  [Normal_Injector Worker 137411833095872] Started. Target: http://localhost:8080?work=10&sleep=0.0, RPS: 32.00, Mean interval: 0.0312s (Poisson)
  [Normal_Injector Worker 137411816310464] Started. Target: http://localhost:8080?work=10&sleep=0.0, RPS: 32.00, Mean interval: 0.0312s (Poisson)
[Normal_Injector] All 8 attacker threads launched.
[DEBUG Orchestrator] End of Iteration. previous_num_instances_for_injector_logic updated to: 1
[DEGUG Orchestrator Loop Duration] Loop Duration = 59872.014159686
[Sniffer] Label set to: benign

--- Iteration 2 | Time: 5.0s / 180s ---
[Orchestrator]RTT = 33.564515330538626
[Orchestrator] Metrics: 1 active instance(s), Avg CPU: 68.84%, Avg App MEM: 25.71 MB
[Autoscaler] Decision: SCALE_UP. Avg CPU: 68.84% > 60.0%. Current instances: 1, Max: 4
[Orchestrator] Action: Scaling UP from 1 instance(s). Attempting to start instance 2.
Attempting to start container target_instance_2 mapping container:80 to host:8081...
Container 1025010046 (target_instance_2) started. Accessible on host port 8081.
[Orchestrator] Successfully started target_instance_2. Now 2 instance(s).
[Autoscaler] Scale action recorded. New instance count: 2. Cooldown timer reset.
[DEBUG Orchestrator] Iteration Start. Instances Before Injector Logic: 2, Prev Injector Logic Instances: 1, Attack Started Flag: False, Normal Traffic Started Flag: True
[DEBUG Orchestrator] URLs derived for injector (if active): ['http://localhost:8080', 'http://localhost:8081']
[Orchestrator] Starting/Restarting Normal Traffic. Target URLs for this call: ['http://localhost:8080', 'http://localhost:8081']
[Normal_Injector] Normal traffic already in progress. Call stop_http_traffic() first.
[DEBUG Orchestrator] End of Iteration. previous_num_instances_for_injector_logic updated to: 2
[DEGUG Orchestrator Loop Duration] Loop Duration = 59877.014159686
[Sniffer] Label set to: benign

--- Iteration 3 | Time: 10.0s / 180s ---
[Orchestrator]RTT = 36.08555051434618
[Orchestrator] Metrics: 2 active instance(s), Avg CPU: 78.91%, Avg App MEM: 25.85 MB
[Autoscaler]In cooldown: 15.001956635998795
[DEBUG Orchestrator] Iteration Start. Instances Before Injector Logic: 2, Prev Injector Logic Instances: 2, Attack Started Flag: False, Normal Traffic Started Flag: True
[DEBUG Orchestrator] URLs derived for injector (if active): ['http://localhost:8080', 'http://localhost:8081']
[Orchestrator] Starting/Restarting Normal Traffic. Target URLs for this call: ['http://localhost:8080', 'http://localhost:8081']
[Normal_Injector] Normal traffic already in progress. Call stop_http_traffic() first.
[DEBUG Orchestrator] End of Iteration. previous_num_instances_for_injector_logic updated to: 2
[DEGUG Orchestrator Loop Duration] Loop Duration = 59882.014159686
[Sniffer] Label set to: benign

--- Iteration 4 | Time: 15.0s / 180s ---
[Orchestrator]RTT = 32.593349385435566
[Orchestrator] Metrics: 2 active instance(s), Avg CPU: 26.57%, Avg App MEM: 20.73 MB
[Autoscaler]In cooldown: 10.002453727000102
[DEBUG Orchestrator] Iteration Start. Instances Before Injector Logic: 2, Prev Injector Logic Instances: 2, Attack Started Flag: False, Normal Traffic Started Flag: True
[DEBUG Orchestrator] URLs derived for injector (if active): ['http://localhost:8080', 'http://localhost:8081']
[Orchestrator] Starting/Restarting Normal Traffic. Target URLs for this call: ['http://localhost:8080', 'http://localhost:8081']
[Normal_Injector] Normal traffic already in progress. Call stop_http_traffic() first.
[DEBUG Orchestrator] End of Iteration. previous_num_instances_for_injector_logic updated to: 2
[DEGUG Orchestrator Loop Duration] Loop Duration = 59887.014159686
[Sniffer] Label set to: benign

--- Iteration 5 | Time: 20.0s / 180s ---
[Orchestrator]RTT = 30.768831372321426
[Orchestrator] Metrics: 2 active instance(s), Avg CPU: 17.46%, Avg App MEM: 18.79 MB
[Autoscaler]In cooldown: 5.002010825999605
[DEBUG Orchestrator] Iteration Start. Instances Before Injector Logic: 2, Prev Injector Logic Instances: 2, Attack Started Flag: False, Normal Traffic Started Flag: True
[DEBUG Orchestrator] URLs derived for injector (if active): ['http://localhost:8080', 'http://localhost:8081']
[Orchestrator] Starting/Restarting Normal Traffic. Target URLs for this call: ['http://localhost:8080', 'http://localhost:8081']
[Normal_Injector] Normal traffic already in progress. Call stop_http_traffic() first.
[DEBUG Orchestrator] End of Iteration. previous_num_instances_for_injector_logic updated to: 2
[DEGUG Orchestrator Loop Duration] Loop Duration = 59892.014159686
[Sniffer] Label set to: benign

--- Iteration 6 | Time: 25.0s / 180s ---
[Orchestrator]RTT = 34.85171804192059
[Orchestrator] Metrics: 2 active instance(s), Avg CPU: 40.96%, Avg App MEM: 20.74 MB
[Autoscaler] Decision: NO_ACTION. Avg CPU: 40.96% is within thresholds (25.0% - 60.0%).
[DEBUG Orchestrator] Iteration Start. Instances Before Injector Logic: 2, Prev Injector Logic Instances: 2, Attack Started Flag: False, Normal Traffic Started Flag: True
[DEBUG Orchestrator] URLs derived for injector (if active): ['http://localhost:8080', 'http://localhost:8081']
[Orchestrator] Starting/Restarting Normal Traffic. Target URLs for this call: ['http://localhost:8080', 'http://localhost:8081']
[Normal_Injector] Normal traffic already in progress. Call stop_http_traffic() first.
[DEBUG Orchestrator] End of Iteration. previous_num_instances_for_injector_logic updated to: 2
[DEGUG Orchestrator Loop Duration] Loop Duration = 59897.014159686
[Sniffer] Label set to: benign

--- Iteration 7 | Time: 30.0s / 180s ---
[Orchestrator]RTT = 30.30758682510525
[Orchestrator] Metrics: 2 active instance(s), Avg CPU: 25.96%, Avg App MEM: 20.92 MB
[Autoscaler] Decision: NO_ACTION. Avg CPU: 25.96% is within thresholds (25.0% - 60.0%).
[DEBUG Orchestrator] Iteration Start. Instances Before Injector Logic: 2, Prev Injector Logic Instances: 2, Attack Started Flag: False, Normal Traffic Started Flag: True
[DEBUG Orchestrator] URLs derived for injector (if active): ['http://localhost:8080', 'http://localhost:8081']
[Orchestrator] Starting/Restarting Normal Traffic. Target URLs for this call: ['http://localhost:8080', 'http://localhost:8081']
[Normal_Injector] Normal traffic already in progress. Call stop_http_traffic() first.
[DEBUG Orchestrator] End of Iteration. previous_num_instances_for_injector_logic updated to: 2
[DEGUG Orchestrator Loop Duration] Loop Duration = 59902.014159686
[Sniffer] Label set to: benign

--- Iteration 8 | Time: 35.0s / 180s ---
[Orchestrator]RTT = 30.35230699267007
[Orchestrator] Metrics: 2 active instance(s), Avg CPU: 37.15%, Avg App MEM: 22.71 MB
[Autoscaler] Decision: NO_ACTION. Avg CPU: 37.15% is within thresholds (25.0% - 60.0%).
[DEBUG Orchestrator] Iteration Start. Instances Before Injector Logic: 2, Prev Injector Logic Instances: 2, Attack Started Flag: False, Normal Traffic Started Flag: True
[DEBUG Orchestrator] URLs derived for injector (if active): ['http://localhost:8080', 'http://localhost:8081']
[Orchestrator] Starting/Restarting Normal Traffic. Target URLs for this call: ['http://localhost:8080', 'http://localhost:8081']
[Normal_Injector] Normal traffic already in progress. Call stop_http_traffic() first.
[DEBUG Orchestrator] End of Iteration. previous_num_instances_for_injector_logic updated to: 2
[DEGUG Orchestrator Loop Duration] Loop Duration = 59907.014159686
[Sniffer] Label set to: benign

--- Iteration 9 | Time: 40.0s / 180s ---
[Orchestrator]RTT = 29.956332399345207
[Orchestrator] Metrics: 2 active instance(s), Avg CPU: 24.70%, Avg App MEM: 20.98 MB
[Autoscaler] Decision: SCALE_DOWN. Avg CPU: 24.70% < 25.0%. Current instances: 2, Min: 1
[Orchestrator] Action: Scaling DOWN from 2 instance(s). Stopping target_instance_2.
Attempting to stop and remove container target_instance_2...
Container target_instance_2 stopped and removed.
[Orchestrator] Successfully stopped target_instance_2. Now 1 instance(s).
[Autoscaler] Scale action recorded. New instance count: 1. Cooldown timer reset.
[DEBUG Orchestrator] Iteration Start. Instances Before Injector Logic: 1, Prev Injector Logic Instances: 2, Attack Started Flag: False, Normal Traffic Started Flag: True
[DEBUG Orchestrator] URLs derived for injector (if active): ['http://localhost:8080']
[Orchestrator] Starting/Restarting Normal Traffic. Target URLs for this call: ['http://localhost:8080']
[Normal_Injector] Normal traffic already in progress. Call stop_http_traffic() first.
[DEBUG Orchestrator] End of Iteration. previous_num_instances_for_injector_logic updated to: 1
[DEGUG Orchestrator Loop Duration] Loop Duration = 59912.014159686
[Orchestrator] Warning: Loop iteration took longer than MONITOR_INTERVAL_SECONDS (5s). Not sleeping.
[Sniffer] Label set to: benign

--- Iteration 10 | Time: 45.7s / 180s ---
[Orchestrator]RTT = 30.712074399893204
[Orchestrator] Metrics: 1 active instance(s), Avg CPU: 47.85%, Avg App MEM: 26.84 MB
[Autoscaler]In cooldown: 14.297709307997138
[DEBUG Orchestrator] Iteration Start. Instances Before Injector Logic: 1, Prev Injector Logic Instances: 1, Attack Started Flag: False, Normal Traffic Started Flag: True
[DEBUG Orchestrator] URLs derived for injector (if active): ['http://localhost:8080']
[Orchestrator] Starting/Restarting Normal Traffic. Target URLs for this call: ['http://localhost:8080']
[Normal_Injector] Normal traffic already in progress. Call stop_http_traffic() first.
[DEBUG Orchestrator] End of Iteration. previous_num_instances_for_injector_logic updated to: 1
[DEGUG Orchestrator Loop Duration] Loop Duration = 59917.014159686
[Sniffer] Label set to: benign

--- Iteration 11 | Time: 50.0s / 180s ---
[Orchestrator]RTT = 31.049397095039115
[Orchestrator] Metrics: 1 active instance(s), Avg CPU: 57.85%, Avg App MEM: 27.21 MB
[Autoscaler]In cooldown: 9.999981580003805
[DEBUG Orchestrator] Iteration Start. Instances Before Injector Logic: 1, Prev Injector Logic Instances: 1, Attack Started Flag: False, Normal Traffic Started Flag: True
[DEBUG Orchestrator] URLs derived for injector (if active): ['http://localhost:8080']
[Orchestrator] Starting/Restarting Normal Traffic. Target URLs for this call: ['http://localhost:8080']
[Normal_Injector] Normal traffic already in progress. Call stop_http_traffic() first.
[DEBUG Orchestrator] End of Iteration. previous_num_instances_for_injector_logic updated to: 1
[DEGUG Orchestrator Loop Duration] Loop Duration = 59922.014159686
[Sniffer] Label set to: benign

--- Iteration 12 | Time: 55.0s / 180s ---
[Orchestrator]RTT = 30.509261956060186
[Orchestrator] Metrics: 1 active instance(s), Avg CPU: 51.21%, Avg App MEM: 27.25 MB
[Autoscaler]In cooldown: 4.998954249000235
[DEBUG Orchestrator] Iteration Start. Instances Before Injector Logic: 1, Prev Injector Logic Instances: 1, Attack Started Flag: False, Normal Traffic Started Flag: True
[DEBUG Orchestrator] URLs derived for injector (if active): ['http://localhost:8080']
[Orchestrator] Starting/Restarting Normal Traffic. Target URLs for this call: ['http://localhost:8080']
[Normal_Injector] Normal traffic already in progress. Call stop_http_traffic() first.
[DEBUG Orchestrator] End of Iteration. previous_num_instances_for_injector_logic updated to: 1
[DEGUG Orchestrator Loop Duration] Loop Duration = 59927.014159686
[Sniffer] Label set to: benign

--- Iteration 13 | Time: 60.0s / 180s ---
[Orchestrator]RTT = 30.397001214768025
[Orchestrator] Metrics: 1 active instance(s), Avg CPU: 45.93%, Avg App MEM: 26.99 MB
[Autoscaler] Decision: NO_ACTION. Avg CPU: 45.93% is within thresholds (25.0% - 60.0%).
[DEBUG Orchestrator] Iteration Start. Instances Before Injector Logic: 1, Prev Injector Logic Instances: 1, Attack Started Flag: False, Normal Traffic Started Flag: True
[DEBUG Orchestrator] URLs derived for injector (if active): ['http://localhost:8080']
[Orchestrator] Starting/Restarting Normal Traffic. Target URLs for this call: ['http://localhost:8080']
[Normal_Injector] Normal traffic already in progress. Call stop_http_traffic() first.
[DEBUG Orchestrator] End of Iteration. previous_num_instances_for_injector_logic updated to: 1
[DEGUG Orchestrator Loop Duration] Loop Duration = 59932.014159686
[Sniffer] Label set to: benign

--- Iteration 14 | Time: 65.0s / 180s ---
[Orchestrator]RTT = 30.785826403103364
[Orchestrator] Metrics: 1 active instance(s), Avg CPU: 52.56%, Avg App MEM: 27.12 MB
[Autoscaler] Decision: NO_ACTION. Avg CPU: 52.56% is within thresholds (25.0% - 60.0%).
[DEBUG Orchestrator] Iteration Start. Instances Before Injector Logic: 1, Prev Injector Logic Instances: 1, Attack Started Flag: False, Normal Traffic Started Flag: True
[DEBUG Orchestrator] URLs derived for injector (if active): ['http://localhost:8080']
[Orchestrator] Starting/Restarting Normal Traffic. Target URLs for this call: ['http://localhost:8080']
[Normal_Injector] Normal traffic already in progress. Call stop_http_traffic() first.
[DEBUG Orchestrator] End of Iteration. previous_num_instances_for_injector_logic updated to: 1
[DEGUG Orchestrator Loop Duration] Loop Duration = 59937.014159686
[Sniffer] Label set to: benign

--- Iteration 15 | Time: 70.0s / 180s ---
[Orchestrator]RTT = 30.49635279461726
[Orchestrator] Metrics: 1 active instance(s), Avg CPU: 52.48%, Avg App MEM: 27.13 MB
[Autoscaler] Decision: NO_ACTION. Avg CPU: 52.48% is within thresholds (25.0% - 60.0%).
[DEBUG Orchestrator] Iteration Start. Instances Before Injector Logic: 1, Prev Injector Logic Instances: 1, Attack Started Flag: False, Normal Traffic Started Flag: True
[DEBUG Orchestrator] URLs derived for injector (if active): ['http://localhost:8080']
[Orchestrator] Starting/Restarting Normal Traffic. Target URLs for this call: ['http://localhost:8080']
[Normal_Injector] Normal traffic already in progress. Call stop_http_traffic() first.
[DEBUG Orchestrator] End of Iteration. previous_num_instances_for_injector_logic updated to: 1
[DEGUG Orchestrator Loop Duration] Loop Duration = 59942.014159686
[Sniffer] Label set to: benign

--- Iteration 16 | Time: 75.0s / 180s ---
[Orchestrator]RTT = 30.487863429210442
[Orchestrator] Metrics: 1 active instance(s), Avg CPU: 53.76%, Avg App MEM: 27.13 MB
[Autoscaler] Decision: NO_ACTION. Avg CPU: 53.76% is within thresholds (25.0% - 60.0%).
[DEBUG Orchestrator] Iteration Start. Instances Before Injector Logic: 1, Prev Injector Logic Instances: 1, Attack Started Flag: False, Normal Traffic Started Flag: True
[DEBUG Orchestrator] URLs derived for injector (if active): ['http://localhost:8080']
[Orchestrator] Starting/Restarting Normal Traffic. Target URLs for this call: ['http://localhost:8080']
[Normal_Injector] Normal traffic already in progress. Call stop_http_traffic() first.
[DEBUG Orchestrator] End of Iteration. previous_num_instances_for_injector_logic updated to: 1
[DEGUG Orchestrator Loop Duration] Loop Duration = 59947.014159686
[Sniffer] Label set to: benign

--- Iteration 17 | Time: 80.0s / 180s ---
[Orchestrator]RTT = 29.620236784812356
[Orchestrator] Metrics: 1 active instance(s), Avg CPU: 50.85%, Avg App MEM: 27.01 MB
[Autoscaler] Decision: NO_ACTION. Avg CPU: 50.85% is within thresholds (25.0% - 60.0%).
[DEBUG Orchestrator] Iteration Start. Instances Before Injector Logic: 1, Prev Injector Logic Instances: 1, Attack Started Flag: False, Normal Traffic Started Flag: True
[DEBUG Orchestrator] URLs derived for injector (if active): ['http://localhost:8080']
[Orchestrator] Starting/Restarting Normal Traffic. Target URLs for this call: ['http://localhost:8080']
[Normal_Injector] Normal traffic already in progress. Call stop_http_traffic() first.
[DEBUG Orchestrator] End of Iteration. previous_num_instances_for_injector_logic updated to: 1
[DEGUG Orchestrator Loop Duration] Loop Duration = 59952.014159686
[Sniffer] Label set to: benign

--- Iteration 18 | Time: 85.0s / 180s ---
[Orchestrator]RTT = 30.06777646121028
[Orchestrator] Metrics: 1 active instance(s), Avg CPU: 50.48%, Avg App MEM: 27.01 MB
[Autoscaler] Decision: NO_ACTION. Avg CPU: 50.48% is within thresholds (25.0% - 60.0%).
[DEBUG Orchestrator] Iteration Start. Instances Before Injector Logic: 1, Prev Injector Logic Instances: 1, Attack Started Flag: False, Normal Traffic Started Flag: True
[DEBUG Orchestrator] URLs derived for injector (if active): ['http://localhost:8080']
[Orchestrator] Starting/Restarting Normal Traffic. Target URLs for this call: ['http://localhost:8080']
[Normal_Injector] Normal traffic already in progress. Call stop_http_traffic() first.
[DEBUG Orchestrator] End of Iteration. previous_num_instances_for_injector_logic updated to: 1
[DEGUG Orchestrator Loop Duration] Loop Duration = 59957.014159686
[Sniffer] Label set to: benign

--- Iteration 19 | Time: 90.0s / 180s ---
[Orchestrator]RTT = 29.21832055341968
[Orchestrator] Metrics: 1 active instance(s), Avg CPU: 44.86%, Avg App MEM: 26.88 MB
[Autoscaler] Decision: NO_ACTION. Avg CPU: 44.86% is within thresholds (25.0% - 60.0%).
[DEBUG Orchestrator] Iteration Start. Instances Before Injector Logic: 1, Prev Injector Logic Instances: 1, Attack Started Flag: False, Normal Traffic Started Flag: True
[DEBUG Orchestrator] URLs derived for injector (if active): ['http://localhost:8080']
[Orchestrator] Starting/Restarting Normal Traffic. Target URLs for this call: ['http://localhost:8080']
[Normal_Injector] Normal traffic already in progress. Call stop_http_traffic() first.
[DEBUG Orchestrator] End of Iteration. previous_num_instances_for_injector_logic updated to: 1
[DEGUG Orchestrator Loop Duration] Loop Duration = 59962.014159686
[Sniffer] Label set to: benign

--- Iteration 20 | Time: 95.0s / 180s ---
[Orchestrator]RTT = 30.340835843369035
[Orchestrator] Metrics: 1 active instance(s), Avg CPU: 56.52%, Avg App MEM: 27.39 MB
[Autoscaler] Decision: NO_ACTION. Avg CPU: 56.52% is within thresholds (25.0% - 60.0%).
[DEBUG Orchestrator] Iteration Start. Instances Before Injector Logic: 1, Prev Injector Logic Instances: 1, Attack Started Flag: False, Normal Traffic Started Flag: True
[DEBUG Orchestrator] URLs derived for injector (if active): ['http://localhost:8080']
[Orchestrator] Starting/Restarting Normal Traffic. Target URLs for this call: ['http://localhost:8080']
[Normal_Injector] Normal traffic already in progress. Call stop_http_traffic() first.
[DEBUG Orchestrator] End of Iteration. previous_num_instances_for_injector_logic updated to: 1
[DEGUG Orchestrator Loop Duration] Loop Duration = 59967.014159686
[Sniffer] Label set to: benign

--- Iteration 21 | Time: 100.0s / 180s ---
[Orchestrator]RTT = 31.94099301207312
[Orchestrator] Metrics: 1 active instance(s), Avg CPU: 64.98%, Avg App MEM: 27.14 MB
[Autoscaler] Decision: SCALE_UP. Avg CPU: 64.98% > 60.0%. Current instances: 1, Max: 4
[Orchestrator] Action: Scaling UP from 1 instance(s). Attempting to start instance 3.
Attempting to start container target_instance_3 mapping container:80 to host:8082...
Container 85abee6512 (target_instance_3) started. Accessible on host port 8082.
[Orchestrator] Successfully started target_instance_3. Now 2 instance(s).
[Autoscaler] Scale action recorded. New instance count: 2. Cooldown timer reset.
[DEBUG Orchestrator] Iteration Start. Instances Before Injector Logic: 2, Prev Injector Logic Instances: 1, Attack Started Flag: False, Normal Traffic Started Flag: True
[DEBUG Orchestrator] URLs derived for injector (if active): ['http://localhost:8080', 'http://localhost:8082']
[Orchestrator] Starting/Restarting Normal Traffic. Target URLs for this call: ['http://localhost:8080', 'http://localhost:8082']
[Normal_Injector] Normal traffic already in progress. Call stop_http_traffic() first.
[DEBUG Orchestrator] End of Iteration. previous_num_instances_for_injector_logic updated to: 2
[DEGUG Orchestrator Loop Duration] Loop Duration = 59972.014159686
[Sniffer] Label set to: benign

--- Iteration 22 | Time: 105.0s / 180s ---
[Orchestrator]RTT = 33.237226819706216
[Orchestrator] Metrics: 2 active instance(s), Avg CPU: 60.46%, Avg App MEM: 27.40 MB
[Autoscaler]In cooldown: 14.998531765995722
[DEBUG Orchestrator] Iteration Start. Instances Before Injector Logic: 2, Prev Injector Logic Instances: 2, Attack Started Flag: False, Normal Traffic Started Flag: True
[DEBUG Orchestrator] URLs derived for injector (if active): ['http://localhost:8080', 'http://localhost:8082']
[Orchestrator] Starting/Restarting Normal Traffic. Target URLs for this call: ['http://localhost:8080', 'http://localhost:8082']
[Normal_Injector] Normal traffic already in progress. Call stop_http_traffic() first.
[DEBUG Orchestrator] End of Iteration. previous_num_instances_for_injector_logic updated to: 2
[DEGUG Orchestrator Loop Duration] Loop Duration = 59977.014159686
[Sniffer] Label set to: benign

--- Iteration 23 | Time: 110.0s / 180s ---
[Orchestrator]RTT = 29.845304780753338
[Orchestrator] Metrics: 2 active instance(s), Avg CPU: 32.16%, Avg App MEM: 23.15 MB
[Autoscaler]In cooldown: 10.000816401996417
[DEBUG Orchestrator] Iteration Start. Instances Before Injector Logic: 2, Prev Injector Logic Instances: 2, Attack Started Flag: False, Normal Traffic Started Flag: True
[DEBUG Orchestrator] URLs derived for injector (if active): ['http://localhost:8080', 'http://localhost:8082']
[Orchestrator] Starting/Restarting Normal Traffic. Target URLs for this call: ['http://localhost:8080', 'http://localhost:8082']
[Normal_Injector] Normal traffic already in progress. Call stop_http_traffic() first.
[DEBUG Orchestrator] End of Iteration. previous_num_instances_for_injector_logic updated to: 2
[DEGUG Orchestrator Loop Duration] Loop Duration = 59982.014159686
[Sniffer] Label set to: benign

--- Iteration 24 | Time: 115.0s / 180s ---
[Orchestrator]RTT = 31.468047020066194
[Orchestrator] Metrics: 2 active instance(s), Avg CPU: 25.70%, Avg App MEM: 21.02 MB
[Autoscaler]In cooldown: 4.998648048000177
[DEBUG Orchestrator] Iteration Start. Instances Before Injector Logic: 2, Prev Injector Logic Instances: 2, Attack Started Flag: False, Normal Traffic Started Flag: True
[DEBUG Orchestrator] URLs derived for injector (if active): ['http://localhost:8080', 'http://localhost:8082']
[Orchestrator] Starting/Restarting Normal Traffic. Target URLs for this call: ['http://localhost:8080', 'http://localhost:8082']
[Normal_Injector] Normal traffic already in progress. Call stop_http_traffic() first.
[DEBUG Orchestrator] End of Iteration. previous_num_instances_for_injector_logic updated to: 2
[DEGUG Orchestrator Loop Duration] Loop Duration = 59987.014159686
[Sniffer] Label set to: benign

--- Iteration 25 | Time: 120.0s / 180s ---
[Orchestrator]RTT = 31.840463089003457
[Orchestrator] Metrics: 2 active instance(s), Avg CPU: 27.99%, Avg App MEM: 21.14 MB
[Autoscaler] Decision: NO_ACTION. Avg CPU: 27.99% is within thresholds (25.0% - 60.0%).
[DEBUG Orchestrator] Iteration Start. Instances Before Injector Logic: 2, Prev Injector Logic Instances: 2, Attack Started Flag: False, Normal Traffic Started Flag: True
[DEBUG Orchestrator] URLs derived for injector (if active): ['http://localhost:8080', 'http://localhost:8082']
[Orchestrator] Starting/Restarting Normal Traffic. Target URLs for this call: ['http://localhost:8080', 'http://localhost:8082']
[Normal_Injector] Normal traffic already in progress. Call stop_http_traffic() first.
[DEBUG Orchestrator] End of Iteration. previous_num_instances_for_injector_logic updated to: 2
[DEGUG Orchestrator Loop Duration] Loop Duration = 59992.014159686
[Sniffer] Label set to: benign

--- Iteration 26 | Time: 125.0s / 180s ---
[Orchestrator]RTT = 29.422901807988406
[Orchestrator] Metrics: 2 active instance(s), Avg CPU: 29.36%, Avg App MEM: 21.26 MB
[Autoscaler] Decision: NO_ACTION. Avg CPU: 29.36% is within thresholds (25.0% - 60.0%).
[DEBUG Orchestrator] Iteration Start. Instances Before Injector Logic: 2, Prev Injector Logic Instances: 2, Attack Started Flag: False, Normal Traffic Started Flag: True
[DEBUG Orchestrator] URLs derived for injector (if active): ['http://localhost:8080', 'http://localhost:8082']
[Orchestrator] Starting/Restarting Normal Traffic. Target URLs for this call: ['http://localhost:8080', 'http://localhost:8082']
[Normal_Injector] Normal traffic already in progress. Call stop_http_traffic() first.
[DEBUG Orchestrator] End of Iteration. previous_num_instances_for_injector_logic updated to: 2
[DEGUG Orchestrator Loop Duration] Loop Duration = 59997.014159686
[Sniffer] Label set to: benign

--- Iteration 27 | Time: 130.0s / 180s ---
[Orchestrator]RTT = 29.73798772007576
[Orchestrator] Metrics: 2 active instance(s), Avg CPU: 16.14%, Avg App MEM: 19.07 MB
[Autoscaler] Decision: SCALE_DOWN. Avg CPU: 16.14% < 25.0%. Current instances: 2, Min: 1
[Orchestrator] Action: Scaling DOWN from 2 instance(s). Stopping target_instance_3.
Attempting to stop and remove container target_instance_3...
Container target_instance_3 stopped and removed.
[Orchestrator] Successfully stopped target_instance_3. Now 1 instance(s).
[Autoscaler] Scale action recorded. New instance count: 1. Cooldown timer reset.
[DEBUG Orchestrator] Iteration Start. Instances Before Injector Logic: 1, Prev Injector Logic Instances: 2, Attack Started Flag: False, Normal Traffic Started Flag: True
[DEBUG Orchestrator] URLs derived for injector (if active): ['http://localhost:8080']
[Orchestrator] Starting/Restarting Normal Traffic. Target URLs for this call: ['http://localhost:8080']
[Normal_Injector] Normal traffic already in progress. Call stop_http_traffic() first.
[DEBUG Orchestrator] End of Iteration. previous_num_instances_for_injector_logic updated to: 1
[DEGUG Orchestrator Loop Duration] Loop Duration = 60002.014159686
[Orchestrator] Warning: Loop iteration took longer than MONITOR_INTERVAL_SECONDS (5s). Not sleeping.
[Sniffer] Label set to: benign

--- Iteration 28 | Time: 135.8s / 180s ---
[Orchestrator]RTT = 31.734399359856777
[Orchestrator] Metrics: 1 active instance(s), Avg CPU: 59.18%, Avg App MEM: 27.65 MB
[Autoscaler]In cooldown: 14.201117646000057
[DEBUG Orchestrator] Iteration Start. Instances Before Injector Logic: 1, Prev Injector Logic Instances: 1, Attack Started Flag: False, Normal Traffic Started Flag: True
[DEBUG Orchestrator] URLs derived for injector (if active): ['http://localhost:8080']
[Orchestrator] Starting/Restarting Normal Traffic. Target URLs for this call: ['http://localhost:8080']
[Normal_Injector] Normal traffic already in progress. Call stop_http_traffic() first.
[DEBUG Orchestrator] End of Iteration. previous_num_instances_for_injector_logic updated to: 1
[DEGUG Orchestrator Loop Duration] Loop Duration = 60007.014159686
[Sniffer] Label set to: benign

--- Iteration 29 | Time: 140.0s / 180s ---
[Orchestrator]RTT = 31.457078370233106
[Orchestrator] Metrics: 1 active instance(s), Avg CPU: 64.69%, Avg App MEM: 27.28 MB
[Autoscaler]In cooldown: 10.0007675750021
[DEBUG Orchestrator] Iteration Start. Instances Before Injector Logic: 1, Prev Injector Logic Instances: 1, Attack Started Flag: False, Normal Traffic Started Flag: True
[DEBUG Orchestrator] URLs derived for injector (if active): ['http://localhost:8080']
[Orchestrator] Starting/Restarting Normal Traffic. Target URLs for this call: ['http://localhost:8080']
[Normal_Injector] Normal traffic already in progress. Call stop_http_traffic() first.
[DEBUG Orchestrator] End of Iteration. previous_num_instances_for_injector_logic updated to: 1
[DEGUG Orchestrator Loop Duration] Loop Duration = 60012.014159686
[Sniffer] Label set to: benign

--- Iteration 30 | Time: 145.0s / 180s ---
[Orchestrator]RTT = 28.98736793701438
[Orchestrator] Metrics: 1 active instance(s), Avg CPU: 57.57%, Avg App MEM: 27.04 MB
[Autoscaler]In cooldown: 5.0008090620031
[DEBUG Orchestrator] Iteration Start. Instances Before Injector Logic: 1, Prev Injector Logic Instances: 1, Attack Started Flag: False, Normal Traffic Started Flag: True
[DEBUG Orchestrator] URLs derived for injector (if active): ['http://localhost:8080']
[Orchestrator] Starting/Restarting Normal Traffic. Target URLs for this call: ['http://localhost:8080']
[Normal_Injector] Normal traffic already in progress. Call stop_http_traffic() first.
[DEBUG Orchestrator] End of Iteration. previous_num_instances_for_injector_logic updated to: 1
[DEGUG Orchestrator Loop Duration] Loop Duration = 60017.014159686
[Sniffer] Label set to: benign

--- Iteration 31 | Time: 150.0s / 180s ---
[Orchestrator]RTT = 30.043862352013342
[Orchestrator] Metrics: 1 active instance(s), Avg CPU: 52.54%, Avg App MEM: 27.31 MB
[Autoscaler] Decision: NO_ACTION. Avg CPU: 52.54% is within thresholds (25.0% - 60.0%).
[DEBUG Orchestrator] Iteration Start. Instances Before Injector Logic: 1, Prev Injector Logic Instances: 1, Attack Started Flag: False, Normal Traffic Started Flag: True
[DEBUG Orchestrator] URLs derived for injector (if active): ['http://localhost:8080']
[Orchestrator] Starting/Restarting Normal Traffic. Target URLs for this call: ['http://localhost:8080']
[Normal_Injector] Normal traffic already in progress. Call stop_http_traffic() first.
[DEBUG Orchestrator] End of Iteration. previous_num_instances_for_injector_logic updated to: 1
[DEGUG Orchestrator Loop Duration] Loop Duration = 60022.014159686
[Sniffer] Label set to: benign

--- Iteration 32 | Time: 155.0s / 180s ---
[Orchestrator]RTT = 30.12743410494784
[Orchestrator] Metrics: 1 active instance(s), Avg CPU: 56.10%, Avg App MEM: 27.10 MB
[Autoscaler] Decision: NO_ACTION. Avg CPU: 56.10% is within thresholds (25.0% - 60.0%).
[DEBUG Orchestrator] Iteration Start. Instances Before Injector Logic: 1, Prev Injector Logic Instances: 1, Attack Started Flag: False, Normal Traffic Started Flag: True
[DEBUG Orchestrator] URLs derived for injector (if active): ['http://localhost:8080']
[Orchestrator] Starting/Restarting Normal Traffic. Target URLs for this call: ['http://localhost:8080']
[Normal_Injector] Normal traffic already in progress. Call stop_http_traffic() first.
[DEBUG Orchestrator] End of Iteration. previous_num_instances_for_injector_logic updated to: 1
[DEGUG Orchestrator Loop Duration] Loop Duration = 60027.014159686
[Sniffer] Label set to: benign

--- Iteration 33 | Time: 160.0s / 180s ---
[Orchestrator]RTT = 30.590464070411155
[Orchestrator] Metrics: 1 active instance(s), Avg CPU: 49.51%, Avg App MEM: 27.14 MB
[Autoscaler] Decision: NO_ACTION. Avg CPU: 49.51% is within thresholds (25.0% - 60.0%).
[DEBUG Orchestrator] Iteration Start. Instances Before Injector Logic: 1, Prev Injector Logic Instances: 1, Attack Started Flag: False, Normal Traffic Started Flag: True
[DEBUG Orchestrator] URLs derived for injector (if active): ['http://localhost:8080']
[Orchestrator] Starting/Restarting Normal Traffic. Target URLs for this call: ['http://localhost:8080']
[Normal_Injector] Normal traffic already in progress. Call stop_http_traffic() first.
[DEBUG Orchestrator] End of Iteration. previous_num_instances_for_injector_logic updated to: 1
[DEGUG Orchestrator Loop Duration] Loop Duration = 60032.014159686
[Sniffer] Label set to: benign

--- Iteration 34 | Time: 165.0s / 180s ---
[Orchestrator]RTT = 30.63201880137141
[Orchestrator] Metrics: 1 active instance(s), Avg CPU: 56.93%, Avg App MEM: 27.36 MB
[Autoscaler] Decision: NO_ACTION. Avg CPU: 56.93% is within thresholds (25.0% - 60.0%).
[DEBUG Orchestrator] Iteration Start. Instances Before Injector Logic: 1, Prev Injector Logic Instances: 1, Attack Started Flag: False, Normal Traffic Started Flag: True
[DEBUG Orchestrator] URLs derived for injector (if active): ['http://localhost:8080']
[Orchestrator] Starting/Restarting Normal Traffic. Target URLs for this call: ['http://localhost:8080']
[Normal_Injector] Normal traffic already in progress. Call stop_http_traffic() first.
[DEBUG Orchestrator] End of Iteration. previous_num_instances_for_injector_logic updated to: 1
[DEGUG Orchestrator Loop Duration] Loop Duration = 60037.014159686
[Sniffer] Label set to: benign

--- Iteration 35 | Time: 170.0s / 180s ---
[Orchestrator]RTT = 30.326473443223275
[Orchestrator] Metrics: 1 active instance(s), Avg CPU: 47.26%, Avg App MEM: 27.23 MB
[Autoscaler] Decision: NO_ACTION. Avg CPU: 47.26% is within thresholds (25.0% - 60.0%).
[DEBUG Orchestrator] Iteration Start. Instances Before Injector Logic: 1, Prev Injector Logic Instances: 1, Attack Started Flag: False, Normal Traffic Started Flag: True
[DEBUG Orchestrator] URLs derived for injector (if active): ['http://localhost:8080']
[Orchestrator] Starting/Restarting Normal Traffic. Target URLs for this call: ['http://localhost:8080']
[Normal_Injector] Normal traffic already in progress. Call stop_http_traffic() first.
[DEBUG Orchestrator] End of Iteration. previous_num_instances_for_injector_logic updated to: 1
[DEGUG Orchestrator Loop Duration] Loop Duration = 60042.014159686
[Sniffer] Label set to: benign

--- Iteration 36 | Time: 175.0s / 180s ---
[Orchestrator]RTT = 29.5742682526201
[Orchestrator] Metrics: 1 active instance(s), Avg CPU: 59.77%, Avg App MEM: 27.22 MB
[Autoscaler] Decision: NO_ACTION. Avg CPU: 59.77% is within thresholds (25.0% - 60.0%).
[DEBUG Orchestrator] Iteration Start. Instances Before Injector Logic: 1, Prev Injector Logic Instances: 1, Attack Started Flag: False, Normal Traffic Started Flag: True
[DEBUG Orchestrator] URLs derived for injector (if active): ['http://localhost:8080']
[Orchestrator] Starting/Restarting Normal Traffic. Target URLs for this call: ['http://localhost:8080']
[Normal_Injector] Normal traffic already in progress. Call stop_http_traffic() first.
[DEBUG Orchestrator] End of Iteration. previous_num_instances_for_injector_logic updated to: 1
[DEGUG Orchestrator Loop Duration] Loop Duration = 60047.014159686

[Orchestrator] Simulation duration reached.
[Orchestrator] Saving RTT log...
[Sniffer] Realtime tcpdump stopped.
[Orchestrator] Stopping normal traffic...
[Normal_Injector] Signaling workers to stop...
  [Normal_Injector Worker 137412395112128] Stopped. Total requests: 5724, Errors: 0
  [Normal_Injector Worker 137412671850176] Stopped. Total requests: 5497, Errors: 0
  [Normal_Injector Worker 137412437075648] Stopped. Total requests: 5563, Errors: 0
  [Normal_Injector Worker 137411816310464] Stopped. Total requests: 5564, Errors: 0
  [Normal_Injector Worker 137411833095872] Stopped. Total requests: 5460, Errors: 0
  [Normal_Injector Worker 137412445468352] Stopped. Total requests: 5646, Errors: 0
  [Normal_Injector Worker 137412403504832] Stopped. Total requests: 5710, Errors: 0
  [Normal_Injector Worker 137412411897536] Stopped. Total requests: 5615, Errors: 0
[Normal_Injector] Stop signal sent (non-blocking).
[Orchestrator] Cleaning up all simulation instances...
Cleaning up all simulation instances...
Stopping and removing container: target_instance_1 (33f96a8676)...
  Container target_instance_1 removed.
Simulation instance cleanup complete.
[Stats_Collector] Stopping stats collector thread...
[Orchestrator] Simulation Complete. Total Fictional Cost: $0.0014
[Orchestrator] Metrics logged in: simulation_metrics.csv
Simulation duration set to: 180
Attack duration set to: 0
Normal traffic RPS per client set to: 32.0
Normal traffic number of clients set to: 8
Normal traffic work units set to: 10
[Orchestrator] Initializing simulation environment...
[Sniffer] Realtime tcpdump started on any
[Sniffer] Label set to: benign
[Autoscaler] Initialized.
Attempting to build Docker image: edos_target_app:latest...
Image edos_target_app:latest already exists. Skipping build.
Docker network 'edos_network' already exists.
[Orchestrator] Cleaning up any pre-existing simulation instances...
Cleaning up all simulation instances...
No simulation instances found to clean up.
[Orchestrator] Starting initial 1 instance(s)...
Attempting to start container target_instance_1 mapping container:80 to host:8080...
Container 2c263e426f (target_instance_1) started. Accessible on host port 8080.
[Autoscaler] Initial number of instances set to: 1
[Orchestrator] 1 initial instance(s) running.
[Orchestrator] Metrics will be logged to: simulation_metrics.csv
[Orchestrator] Attack summary will be logged to: attack_summary_log.csv
[Orchestrator] Normal traffic summary will be logged to: normal_traffic_summary_log.csv
[Orchestrator] Starting simulation main loop for 180 seconds.
[Orchestrator] Monitoring interval: 5s. Cooldown: 20s.
[Orchestrator] CPU Thresholds: Scale Up > 60.0%, Scale Down < 25.0%
[Orchestrator] No traffic injection scheduled (ATTACK_DURATION_SECONDS is 0 or less).
[Sniffer] Label set to: benign

--- Iteration 1 | Time: 0.0s / 180s ---
[Orchestrator]RTT = 0.0
[Orchestrator] Metrics: 1 active instance(s), Avg CPU: 0.00%, Avg App MEM: 0.00 MB
[Autoscaler] Condition for SCALE_DOWN met (Avg CPU: 0.00%), but already at MIN_INSTANCES (1). No action.
[DEBUG Orchestrator] Iteration Start. Instances Before Injector Logic: 1, Prev Injector Logic Instances: 1, Attack Started Flag: False, Normal Traffic Started Flag: False
[DEBUG Orchestrator] URLs derived for injector (if active): ['http://localhost:8080']
[Orchestrator] Starting/Restarting Normal Traffic. Target URLs for this call: ['http://localhost:8080']
[Normal_Injector] Starting HTTP flood with 8 attackers, ~256.0 RPS total, across 1 targets: http://localhost:8080
  [Normal_Injector Worker 124552405206720] Started. Target: http://localhost:8080?work=10&sleep=0.0, RPS: 32.00, Mean interval: 0.0312s (Poisson)
  [Normal_Injector Worker 124552388421312] Started. Target: http://localhost:8080?work=10&sleep=0.0, RPS: 32.00, Mean interval: 0.0312s (Poisson)
  [Normal_Injector Worker 124552038315712] Started. Target: http://localhost:8080?work=10&sleep=0.0, RPS: 32.00, Mean interval: 0.0312s (Poisson)
  [Normal_Injector Worker 124552029923008] Started. Target: http://localhost:8080?work=10&sleep=0.0, RPS: 32.00, Mean interval: 0.0312s (Poisson)
  [Normal_Injector Worker 124552013137600] Started. Target: http://localhost:8080?work=10&sleep=0.0, RPS: 32.00, Mean interval: 0.0312s (Poisson)
  [Normal_Injector Worker 124552004744896] Started. Target: http://localhost:8080?work=10&sleep=0.0, RPS: 32.00, Mean interval: 0.0312s (Poisson)
  [Normal_Injector Worker 124551996352192] Started. Target: http://localhost:8080?work=10&sleep=0.0, RPS: 32.00, Mean interval: 0.0312s (Poisson)
  [Normal_Injector Worker 124551501444800] Started. Target: http://localhost:8080?work=10&sleep=0.0, RPS: 32.00, Mean interval: 0.0312s (Poisson)
[Normal_Injector] All 8 attacker threads launched.
[DEBUG Orchestrator] End of Iteration. previous_num_instances_for_injector_logic updated to: 1
[DEGUG Orchestrator Loop Duration] Loop Duration = 60057.993333156
[Sniffer] Label set to: benign

--- Iteration 2 | Time: 5.0s / 180s ---
[Orchestrator]RTT = 60.8098717816611
[Orchestrator] Metrics: 1 active instance(s), Avg CPU: 61.30%, Avg App MEM: 23.74 MB
[Autoscaler] Decision: SCALE_UP. Avg CPU: 61.30% > 60.0%. Current instances: 1, Max: 4
[Orchestrator] Action: Scaling UP from 1 instance(s). Attempting to start instance 2.
Attempting to start container target_instance_2 mapping container:80 to host:8081...
Container bd5d1e2939 (target_instance_2) started. Accessible on host port 8081.
[Orchestrator] Successfully started target_instance_2. Now 2 instance(s).
[Autoscaler] Scale action recorded. New instance count: 2. Cooldown timer reset.
[DEBUG Orchestrator] Iteration Start. Instances Before Injector Logic: 2, Prev Injector Logic Instances: 1, Attack Started Flag: False, Normal Traffic Started Flag: True
[DEBUG Orchestrator] URLs derived for injector (if active): ['http://localhost:8080', 'http://localhost:8081']
[Orchestrator] Starting/Restarting Normal Traffic. Target URLs for this call: ['http://localhost:8080', 'http://localhost:8081']
[Normal_Injector] Normal traffic already in progress. Call stop_http_traffic() first.
[DEBUG Orchestrator] End of Iteration. previous_num_instances_for_injector_logic updated to: 2
[DEGUG Orchestrator Loop Duration] Loop Duration = 60062.993333156
[Sniffer] Label set to: benign

--- Iteration 3 | Time: 10.0s / 180s ---
[Orchestrator]RTT = 32.84989899375735
[Orchestrator] Metrics: 2 active instance(s), Avg CPU: 62.38%, Avg App MEM: 24.51 MB
[Autoscaler]In cooldown: 14.995866190001834
[DEBUG Orchestrator] Iteration Start. Instances Before Injector Logic: 2, Prev Injector Logic Instances: 2, Attack Started Flag: False, Normal Traffic Started Flag: True
[DEBUG Orchestrator] URLs derived for injector (if active): ['http://localhost:8080', 'http://localhost:8081']
[Orchestrator] Starting/Restarting Normal Traffic. Target URLs for this call: ['http://localhost:8080', 'http://localhost:8081']
[Normal_Injector] Normal traffic already in progress. Call stop_http_traffic() first.
[DEBUG Orchestrator] End of Iteration. previous_num_instances_for_injector_logic updated to: 2
[DEGUG Orchestrator Loop Duration] Loop Duration = 60067.993333156
[Sniffer] Label set to: benign

--- Iteration 4 | Time: 15.0s / 180s ---
[Orchestrator]RTT = 26.847665148664415
[Orchestrator] Metrics: 2 active instance(s), Avg CPU: 10.93%, Avg App MEM: 19.69 MB
[Autoscaler]In cooldown: 10.001348772006168
[DEBUG Orchestrator] Iteration Start. Instances Before Injector Logic: 2, Prev Injector Logic Instances: 2, Attack Started Flag: False, Normal Traffic Started Flag: True
[DEBUG Orchestrator] URLs derived for injector (if active): ['http://localhost:8080', 'http://localhost:8081']
[Orchestrator] Starting/Restarting Normal Traffic. Target URLs for this call: ['http://localhost:8080', 'http://localhost:8081']
[Normal_Injector] Normal traffic already in progress. Call stop_http_traffic() first.
[DEBUG Orchestrator] End of Iteration. previous_num_instances_for_injector_logic updated to: 2
[DEGUG Orchestrator Loop Duration] Loop Duration = 60072.993333156
[Sniffer] Label set to: benign

--- Iteration 5 | Time: 20.0s / 180s ---
[Orchestrator]RTT = 22.463100740864782
[Orchestrator] Metrics: 2 active instance(s), Avg CPU: 4.00%, Avg App MEM: 18.12 MB
[Autoscaler]In cooldown: 5.001274847003515
[DEBUG Orchestrator] Iteration Start. Instances Before Injector Logic: 2, Prev Injector Logic Instances: 2, Attack Started Flag: False, Normal Traffic Started Flag: True
[DEBUG Orchestrator] URLs derived for injector (if active): ['http://localhost:8080', 'http://localhost:8081']
[Orchestrator] Starting/Restarting Normal Traffic. Target URLs for this call: ['http://localhost:8080', 'http://localhost:8081']
[Normal_Injector] Normal traffic already in progress. Call stop_http_traffic() first.
[DEBUG Orchestrator] End of Iteration. previous_num_instances_for_injector_logic updated to: 2
[DEGUG Orchestrator Loop Duration] Loop Duration = 60077.993333156
[Sniffer] Label set to: benign

--- Iteration 6 | Time: 25.0s / 180s ---
[Orchestrator]RTT = 24.813354366091616
[Orchestrator] Metrics: 2 active instance(s), Avg CPU: 12.87%, Avg App MEM: 19.96 MB
[Autoscaler] Decision: SCALE_DOWN. Avg CPU: 12.87% < 25.0%. Current instances: 2, Min: 1
[Orchestrator] Action: Scaling DOWN from 2 instance(s). Stopping target_instance_2.
Attempting to stop and remove container target_instance_2...
Container target_instance_2 stopped and removed.
[Orchestrator] Successfully stopped target_instance_2. Now 1 instance(s).
[Autoscaler] Scale action recorded. New instance count: 1. Cooldown timer reset.
[DEBUG Orchestrator] Iteration Start. Instances Before Injector Logic: 1, Prev Injector Logic Instances: 2, Attack Started Flag: False, Normal Traffic Started Flag: True
[DEBUG Orchestrator] URLs derived for injector (if active): ['http://localhost:8080']
[Orchestrator] Starting/Restarting Normal Traffic. Target URLs for this call: ['http://localhost:8080']
[Normal_Injector] Normal traffic already in progress. Call stop_http_traffic() first.
[DEBUG Orchestrator] End of Iteration. previous_num_instances_for_injector_logic updated to: 1
[DEGUG Orchestrator Loop Duration] Loop Duration = 60082.993333156
[Orchestrator] Warning: Loop iteration took longer than MONITOR_INTERVAL_SECONDS (5s). Not sleeping.
[Sniffer] Label set to: benign

--- Iteration 7 | Time: 30.7s / 180s ---
[Orchestrator]RTT = 24.697738813958814
[Orchestrator] Metrics: 1 active instance(s), Avg CPU: 20.88%, Avg App MEM: 24.75 MB
[Autoscaler]In cooldown: 14.266423840002972
[DEBUG Orchestrator] Iteration Start. Instances Before Injector Logic: 1, Prev Injector Logic Instances: 1, Attack Started Flag: False, Normal Traffic Started Flag: True
[DEBUG Orchestrator] URLs derived for injector (if active): ['http://localhost:8080']
[Orchestrator] Starting/Restarting Normal Traffic. Target URLs for this call: ['http://localhost:8080']
[Normal_Injector] Normal traffic already in progress. Call stop_http_traffic() first.
[DEBUG Orchestrator] End of Iteration. previous_num_instances_for_injector_logic updated to: 1
[DEGUG Orchestrator Loop Duration] Loop Duration = 60087.993333156
[Sniffer] Label set to: benign

--- Iteration 8 | Time: 35.0s / 180s ---
[Orchestrator]RTT = 28.40505341054825
[Orchestrator] Metrics: 1 active instance(s), Avg CPU: 25.76%, Avg App MEM: 24.62 MB
[Autoscaler]In cooldown: 10.000411386004998
[DEBUG Orchestrator] Iteration Start. Instances Before Injector Logic: 1, Prev Injector Logic Instances: 1, Attack Started Flag: False, Normal Traffic Started Flag: True
[DEBUG Orchestrator] URLs derived for injector (if active): ['http://localhost:8080']
[Orchestrator] Starting/Restarting Normal Traffic. Target URLs for this call: ['http://localhost:8080']
[Normal_Injector] Normal traffic already in progress. Call stop_http_traffic() first.
[DEBUG Orchestrator] End of Iteration. previous_num_instances_for_injector_logic updated to: 1
[DEGUG Orchestrator Loop Duration] Loop Duration = 60092.993333156
[Sniffer] Label set to: benign

--- Iteration 9 | Time: 40.0s / 180s ---
[Orchestrator]RTT = 21.227978855078714
[Orchestrator] Metrics: 1 active instance(s), Avg CPU: 17.02%, Avg App MEM: 24.55 MB
[Autoscaler]In cooldown: 4.9990110590006225
[DEBUG Orchestrator] Iteration Start. Instances Before Injector Logic: 1, Prev Injector Logic Instances: 1, Attack Started Flag: False, Normal Traffic Started Flag: True
[DEBUG Orchestrator] URLs derived for injector (if active): ['http://localhost:8080']
[Orchestrator] Starting/Restarting Normal Traffic. Target URLs for this call: ['http://localhost:8080']
[Normal_Injector] Normal traffic already in progress. Call stop_http_traffic() first.
[DEBUG Orchestrator] End of Iteration. previous_num_instances_for_injector_logic updated to: 1
[DEGUG Orchestrator Loop Duration] Loop Duration = 60097.993333156
[Sniffer] Label set to: benign

--- Iteration 10 | Time: 45.0s / 180s ---
[Orchestrator]RTT = 21.071105347190805
[Orchestrator] Metrics: 1 active instance(s), Avg CPU: 16.39%, Avg App MEM: 24.75 MB
[Autoscaler] Condition for SCALE_DOWN met (Avg CPU: 16.39%), but already at MIN_INSTANCES (1). No action.
[DEBUG Orchestrator] Iteration Start. Instances Before Injector Logic: 1, Prev Injector Logic Instances: 1, Attack Started Flag: False, Normal Traffic Started Flag: True
[DEBUG Orchestrator] URLs derived for injector (if active): ['http://localhost:8080']
[Orchestrator] Starting/Restarting Normal Traffic. Target URLs for this call: ['http://localhost:8080']
[Normal_Injector] Normal traffic already in progress. Call stop_http_traffic() first.
[DEBUG Orchestrator] End of Iteration. previous_num_instances_for_injector_logic updated to: 1
[DEGUG Orchestrator Loop Duration] Loop Duration = 60102.993333156
[Sniffer] Label set to: benign

--- Iteration 11 | Time: 50.0s / 180s ---
[Orchestrator]RTT = 19.779461103916518
[Orchestrator] Metrics: 1 active instance(s), Avg CPU: 13.44%, Avg App MEM: 25.08 MB
[Autoscaler] Condition for SCALE_DOWN met (Avg CPU: 13.44%), but already at MIN_INSTANCES (1). No action.
[DEBUG Orchestrator] Iteration Start. Instances Before Injector Logic: 1, Prev Injector Logic Instances: 1, Attack Started Flag: False, Normal Traffic Started Flag: True
[DEBUG Orchestrator] URLs derived for injector (if active): ['http://localhost:8080']
[Orchestrator] Starting/Restarting Normal Traffic. Target URLs for this call: ['http://localhost:8080']
[Normal_Injector] Normal traffic already in progress. Call stop_http_traffic() first.
[DEBUG Orchestrator] End of Iteration. previous_num_instances_for_injector_logic updated to: 1
[DEGUG Orchestrator Loop Duration] Loop Duration = 60107.993333156
[Sniffer] Label set to: benign

--- Iteration 12 | Time: 55.0s / 180s ---
[Orchestrator]RTT = 24.455828588453702
[Orchestrator] Metrics: 1 active instance(s), Avg CPU: 16.46%, Avg App MEM: 24.66 MB
[Autoscaler] Condition for SCALE_DOWN met (Avg CPU: 16.46%), but already at MIN_INSTANCES (1). No action.
[DEBUG Orchestrator] Iteration Start. Instances Before Injector Logic: 1, Prev Injector Logic Instances: 1, Attack Started Flag: False, Normal Traffic Started Flag: True
[DEBUG Orchestrator] URLs derived for injector (if active): ['http://localhost:8080']
[Orchestrator] Starting/Restarting Normal Traffic. Target URLs for this call: ['http://localhost:8080']
[Normal_Injector] Normal traffic already in progress. Call stop_http_traffic() first.
[DEBUG Orchestrator] End of Iteration. previous_num_instances_for_injector_logic updated to: 1
[DEGUG Orchestrator Loop Duration] Loop Duration = 60112.993333156
[Sniffer] Label set to: benign

--- Iteration 13 | Time: 60.0s / 180s ---
[Orchestrator]RTT = 21.78195767186425
[Orchestrator] Metrics: 1 active instance(s), Avg CPU: 17.99%, Avg App MEM: 24.84 MB
[Autoscaler] Condition for SCALE_DOWN met (Avg CPU: 17.99%), but already at MIN_INSTANCES (1). No action.
[DEBUG Orchestrator] Iteration Start. Instances Before Injector Logic: 1, Prev Injector Logic Instances: 1, Attack Started Flag: False, Normal Traffic Started Flag: True
[DEBUG Orchestrator] URLs derived for injector (if active): ['http://localhost:8080']
[Orchestrator] Starting/Restarting Normal Traffic. Target URLs for this call: ['http://localhost:8080']
[Normal_Injector] Normal traffic already in progress. Call stop_http_traffic() first.
[DEBUG Orchestrator] End of Iteration. previous_num_instances_for_injector_logic updated to: 1
[DEGUG Orchestrator Loop Duration] Loop Duration = 60117.993333156
[Sniffer] Label set to: benign

--- Iteration 14 | Time: 65.0s / 180s ---
[Orchestrator]RTT = 27.951091580320163
[Orchestrator] Metrics: 1 active instance(s), Avg CPU: 26.30%, Avg App MEM: 25.05 MB
[Autoscaler] Decision: NO_ACTION. Avg CPU: 26.30% is within thresholds (25.0% - 60.0%).
[DEBUG Orchestrator] Iteration Start. Instances Before Injector Logic: 1, Prev Injector Logic Instances: 1, Attack Started Flag: False, Normal Traffic Started Flag: True
[DEBUG Orchestrator] URLs derived for injector (if active): ['http://localhost:8080']
[Orchestrator] Starting/Restarting Normal Traffic. Target URLs for this call: ['http://localhost:8080']
[Normal_Injector] Normal traffic already in progress. Call stop_http_traffic() first.
[DEBUG Orchestrator] End of Iteration. previous_num_instances_for_injector_logic updated to: 1
[DEGUG Orchestrator Loop Duration] Loop Duration = 60122.993333156
[Sniffer] Label set to: benign

--- Iteration 15 | Time: 70.0s / 180s ---
[Orchestrator]RTT = 27.403477994379614
[Orchestrator] Metrics: 1 active instance(s), Avg CPU: 27.31%, Avg App MEM: 25.08 MB
[Autoscaler] Decision: NO_ACTION. Avg CPU: 27.31% is within thresholds (25.0% - 60.0%).
[DEBUG Orchestrator] Iteration Start. Instances Before Injector Logic: 1, Prev Injector Logic Instances: 1, Attack Started Flag: False, Normal Traffic Started Flag: True
[DEBUG Orchestrator] URLs derived for injector (if active): ['http://localhost:8080']
[Orchestrator] Starting/Restarting Normal Traffic. Target URLs for this call: ['http://localhost:8080']
[Normal_Injector] Normal traffic already in progress. Call stop_http_traffic() first.
[DEBUG Orchestrator] End of Iteration. previous_num_instances_for_injector_logic updated to: 1
[DEGUG Orchestrator Loop Duration] Loop Duration = 60127.993333156
[Sniffer] Label set to: benign

--- Iteration 16 | Time: 75.0s / 180s ---
[Orchestrator]RTT = 26.09288080266356
[Orchestrator] Metrics: 1 active instance(s), Avg CPU: 23.38%, Avg App MEM: 24.67 MB
[Autoscaler] Condition for SCALE_DOWN met (Avg CPU: 23.38%), but already at MIN_INSTANCES (1). No action.
[DEBUG Orchestrator] Iteration Start. Instances Before Injector Logic: 1, Prev Injector Logic Instances: 1, Attack Started Flag: False, Normal Traffic Started Flag: True
[DEBUG Orchestrator] URLs derived for injector (if active): ['http://localhost:8080']
[Orchestrator] Starting/Restarting Normal Traffic. Target URLs for this call: ['http://localhost:8080']
[Normal_Injector] Normal traffic already in progress. Call stop_http_traffic() first.
[DEBUG Orchestrator] End of Iteration. previous_num_instances_for_injector_logic updated to: 1
[DEGUG Orchestrator Loop Duration] Loop Duration = 60132.993333156
[Sniffer] Label set to: benign

--- Iteration 17 | Time: 80.0s / 180s ---
[Orchestrator]RTT = 22.230094016000745
[Orchestrator] Metrics: 1 active instance(s), Avg CPU: 14.35%, Avg App MEM: 24.80 MB
[Autoscaler] Condition for SCALE_DOWN met (Avg CPU: 14.35%), but already at MIN_INSTANCES (1). No action.
[DEBUG Orchestrator] Iteration Start. Instances Before Injector Logic: 1, Prev Injector Logic Instances: 1, Attack Started Flag: False, Normal Traffic Started Flag: True
[DEBUG Orchestrator] URLs derived for injector (if active): ['http://localhost:8080']
[Orchestrator] Starting/Restarting Normal Traffic. Target URLs for this call: ['http://localhost:8080']
[Normal_Injector] Normal traffic already in progress. Call stop_http_traffic() first.
[DEBUG Orchestrator] End of Iteration. previous_num_instances_for_injector_logic updated to: 1
[DEGUG Orchestrator Loop Duration] Loop Duration = 60137.993333156
[Sniffer] Label set to: benign

--- Iteration 18 | Time: 85.0s / 180s ---
[Orchestrator]RTT = 25.302762333497714
[Orchestrator] Metrics: 1 active instance(s), Avg CPU: 19.42%, Avg App MEM: 25.06 MB
[Autoscaler] Condition for SCALE_DOWN met (Avg CPU: 19.42%), but already at MIN_INSTANCES (1). No action.
[DEBUG Orchestrator] Iteration Start. Instances Before Injector Logic: 1, Prev Injector Logic Instances: 1, Attack Started Flag: False, Normal Traffic Started Flag: True
[DEBUG Orchestrator] URLs derived for injector (if active): ['http://localhost:8080']
[Orchestrator] Starting/Restarting Normal Traffic. Target URLs for this call: ['http://localhost:8080']
[Normal_Injector] Normal traffic already in progress. Call stop_http_traffic() first.
[DEBUG Orchestrator] End of Iteration. previous_num_instances_for_injector_logic updated to: 1
[DEGUG Orchestrator Loop Duration] Loop Duration = 60142.993333156
[Sniffer] Label set to: benign

--- Iteration 19 | Time: 90.0s / 180s ---
[Orchestrator]RTT = 24.97576655443834
[Orchestrator] Metrics: 1 active instance(s), Avg CPU: 16.99%, Avg App MEM: 24.77 MB
[Autoscaler] Condition for SCALE_DOWN met (Avg CPU: 16.99%), but already at MIN_INSTANCES (1). No action.
[DEBUG Orchestrator] Iteration Start. Instances Before Injector Logic: 1, Prev Injector Logic Instances: 1, Attack Started Flag: False, Normal Traffic Started Flag: True
[DEBUG Orchestrator] URLs derived for injector (if active): ['http://localhost:8080']
[Orchestrator] Starting/Restarting Normal Traffic. Target URLs for this call: ['http://localhost:8080']
[Normal_Injector] Normal traffic already in progress. Call stop_http_traffic() first.
[DEBUG Orchestrator] End of Iteration. previous_num_instances_for_injector_logic updated to: 1
[DEGUG Orchestrator Loop Duration] Loop Duration = 60147.993333156
[Sniffer] Label set to: benign

--- Iteration 20 | Time: 95.0s / 180s ---
[Orchestrator]RTT = 21.786556488555757
[Orchestrator] Metrics: 1 active instance(s), Avg CPU: 13.17%, Avg App MEM: 24.96 MB
[Autoscaler] Condition for SCALE_DOWN met (Avg CPU: 13.17%), but already at MIN_INSTANCES (1). No action.
[DEBUG Orchestrator] Iteration Start. Instances Before Injector Logic: 1, Prev Injector Logic Instances: 1, Attack Started Flag: False, Normal Traffic Started Flag: True
[DEBUG Orchestrator] URLs derived for injector (if active): ['http://localhost:8080']
[Orchestrator] Starting/Restarting Normal Traffic. Target URLs for this call: ['http://localhost:8080']
[Normal_Injector] Normal traffic already in progress. Call stop_http_traffic() first.
[DEBUG Orchestrator] End of Iteration. previous_num_instances_for_injector_logic updated to: 1
[DEGUG Orchestrator Loop Duration] Loop Duration = 60152.993333156
[Sniffer] Label set to: benign

--- Iteration 21 | Time: 100.0s / 180s ---
[Orchestrator]RTT = 26.715865462746276
[Orchestrator] Metrics: 1 active instance(s), Avg CPU: 20.30%, Avg App MEM: 25.12 MB
[Autoscaler] Condition for SCALE_DOWN met (Avg CPU: 20.30%), but already at MIN_INSTANCES (1). No action.
[DEBUG Orchestrator] Iteration Start. Instances Before Injector Logic: 1, Prev Injector Logic Instances: 1, Attack Started Flag: False, Normal Traffic Started Flag: True
[DEBUG Orchestrator] URLs derived for injector (if active): ['http://localhost:8080']
[Orchestrator] Starting/Restarting Normal Traffic. Target URLs for this call: ['http://localhost:8080']
[Normal_Injector] Normal traffic already in progress. Call stop_http_traffic() first.
[DEBUG Orchestrator] End of Iteration. previous_num_instances_for_injector_logic updated to: 1
[DEGUG Orchestrator Loop Duration] Loop Duration = 60157.993333156
[Sniffer] Label set to: benign

--- Iteration 22 | Time: 105.0s / 180s ---
[Orchestrator]RTT = 23.059321282679385
[Orchestrator] Metrics: 1 active instance(s), Avg CPU: 17.45%, Avg App MEM: 24.68 MB
[Autoscaler] Condition for SCALE_DOWN met (Avg CPU: 17.45%), but already at MIN_INSTANCES (1). No action.
[DEBUG Orchestrator] Iteration Start. Instances Before Injector Logic: 1, Prev Injector Logic Instances: 1, Attack Started Flag: False, Normal Traffic Started Flag: True
[DEBUG Orchestrator] URLs derived for injector (if active): ['http://localhost:8080']
[Orchestrator] Starting/Restarting Normal Traffic. Target URLs for this call: ['http://localhost:8080']
[Normal_Injector] Normal traffic already in progress. Call stop_http_traffic() first.
[DEBUG Orchestrator] End of Iteration. previous_num_instances_for_injector_logic updated to: 1
[DEGUG Orchestrator Loop Duration] Loop Duration = 60162.993333156
[Sniffer] Label set to: benign

--- Iteration 23 | Time: 110.0s / 180s ---
[Orchestrator]RTT = 25.38875631023044
[Orchestrator] Metrics: 1 active instance(s), Avg CPU: 18.06%, Avg App MEM: 25.37 MB
[Autoscaler] Condition for SCALE_DOWN met (Avg CPU: 18.06%), but already at MIN_INSTANCES (1). No action.
[DEBUG Orchestrator] Iteration Start. Instances Before Injector Logic: 1, Prev Injector Logic Instances: 1, Attack Started Flag: False, Normal Traffic Started Flag: True
[DEBUG Orchestrator] URLs derived for injector (if active): ['http://localhost:8080']
[Orchestrator] Starting/Restarting Normal Traffic. Target URLs for this call: ['http://localhost:8080']
[Normal_Injector] Normal traffic already in progress. Call stop_http_traffic() first.
[DEBUG Orchestrator] End of Iteration. previous_num_instances_for_injector_logic updated to: 1
[DEGUG Orchestrator Loop Duration] Loop Duration = 60167.993333156
[Sniffer] Label set to: benign

--- Iteration 24 | Time: 115.0s / 180s ---
[Orchestrator]RTT = 24.69712443800947
[Orchestrator] Metrics: 1 active instance(s), Avg CPU: 19.44%, Avg App MEM: 24.70 MB
[Autoscaler] Condition for SCALE_DOWN met (Avg CPU: 19.44%), but already at MIN_INSTANCES (1). No action.
[DEBUG Orchestrator] Iteration Start. Instances Before Injector Logic: 1, Prev Injector Logic Instances: 1, Attack Started Flag: False, Normal Traffic Started Flag: True
[DEBUG Orchestrator] URLs derived for injector (if active): ['http://localhost:8080']
[Orchestrator] Starting/Restarting Normal Traffic. Target URLs for this call: ['http://localhost:8080']
[Normal_Injector] Normal traffic already in progress. Call stop_http_traffic() first.
[DEBUG Orchestrator] End of Iteration. previous_num_instances_for_injector_logic updated to: 1
[DEGUG Orchestrator Loop Duration] Loop Duration = 60172.993333156
[Sniffer] Label set to: benign

--- Iteration 25 | Time: 120.0s / 180s ---
[Orchestrator]RTT = 26.756893383297665
[Orchestrator] Metrics: 1 active instance(s), Avg CPU: 19.43%, Avg App MEM: 24.64 MB
[Autoscaler] Condition for SCALE_DOWN met (Avg CPU: 19.43%), but already at MIN_INSTANCES (1). No action.
[DEBUG Orchestrator] Iteration Start. Instances Before Injector Logic: 1, Prev Injector Logic Instances: 1, Attack Started Flag: False, Normal Traffic Started Flag: True
[DEBUG Orchestrator] URLs derived for injector (if active): ['http://localhost:8080']
[Orchestrator] Starting/Restarting Normal Traffic. Target URLs for this call: ['http://localhost:8080']
[Normal_Injector] Normal traffic already in progress. Call stop_http_traffic() first.
[DEBUG Orchestrator] End of Iteration. previous_num_instances_for_injector_logic updated to: 1
[DEGUG Orchestrator Loop Duration] Loop Duration = 60177.993333156
[Sniffer] Label set to: benign

--- Iteration 26 | Time: 125.1s / 180s ---
[Orchestrator]RTT = 27.402534474725222
[Orchestrator] Metrics: 1 active instance(s), Avg CPU: 18.46%, Avg App MEM: 24.89 MB
[Autoscaler] Condition for SCALE_DOWN met (Avg CPU: 18.46%), but already at MIN_INSTANCES (1). No action.
[DEBUG Orchestrator] Iteration Start. Instances Before Injector Logic: 1, Prev Injector Logic Instances: 1, Attack Started Flag: False, Normal Traffic Started Flag: True
[DEBUG Orchestrator] URLs derived for injector (if active): ['http://localhost:8080']
[Orchestrator] Starting/Restarting Normal Traffic. Target URLs for this call: ['http://localhost:8080']
[Normal_Injector] Normal traffic already in progress. Call stop_http_traffic() first.
[DEBUG Orchestrator] End of Iteration. previous_num_instances_for_injector_logic updated to: 1
[DEGUG Orchestrator Loop Duration] Loop Duration = 60182.993333156
[Sniffer] Label set to: benign

--- Iteration 27 | Time: 130.0s / 180s ---
[Orchestrator]RTT = 26.224706836485637
[Orchestrator] Metrics: 1 active instance(s), Avg CPU: 16.79%, Avg App MEM: 24.62 MB
[Autoscaler] Condition for SCALE_DOWN met (Avg CPU: 16.79%), but already at MIN_INSTANCES (1). No action.
[DEBUG Orchestrator] Iteration Start. Instances Before Injector Logic: 1, Prev Injector Logic Instances: 1, Attack Started Flag: False, Normal Traffic Started Flag: True
[DEBUG Orchestrator] URLs derived for injector (if active): ['http://localhost:8080']
[Orchestrator] Starting/Restarting Normal Traffic. Target URLs for this call: ['http://localhost:8080']
[Normal_Injector] Normal traffic already in progress. Call stop_http_traffic() first.
[DEBUG Orchestrator] End of Iteration. previous_num_instances_for_injector_logic updated to: 1
[DEGUG Orchestrator Loop Duration] Loop Duration = 60187.993333156
[Sniffer] Label set to: benign

--- Iteration 28 | Time: 135.0s / 180s ---
[Orchestrator]RTT = 26.44570822099687
[Orchestrator] Metrics: 1 active instance(s), Avg CPU: 17.58%, Avg App MEM: 24.54 MB
[Autoscaler] Condition for SCALE_DOWN met (Avg CPU: 17.58%), but already at MIN_INSTANCES (1). No action.
[DEBUG Orchestrator] Iteration Start. Instances Before Injector Logic: 1, Prev Injector Logic Instances: 1, Attack Started Flag: False, Normal Traffic Started Flag: True
[DEBUG Orchestrator] URLs derived for injector (if active): ['http://localhost:8080']
[Orchestrator] Starting/Restarting Normal Traffic. Target URLs for this call: ['http://localhost:8080']
[Normal_Injector] Normal traffic already in progress. Call stop_http_traffic() first.
[DEBUG Orchestrator] End of Iteration. previous_num_instances_for_injector_logic updated to: 1
[DEGUG Orchestrator Loop Duration] Loop Duration = 60192.993333156
[Sniffer] Label set to: benign

--- Iteration 29 | Time: 140.0s / 180s ---
[Orchestrator]RTT = 25.671026688941332
[Orchestrator] Metrics: 1 active instance(s), Avg CPU: 17.28%, Avg App MEM: 24.67 MB
[Autoscaler] Condition for SCALE_DOWN met (Avg CPU: 17.28%), but already at MIN_INSTANCES (1). No action.
[DEBUG Orchestrator] Iteration Start. Instances Before Injector Logic: 1, Prev Injector Logic Instances: 1, Attack Started Flag: False, Normal Traffic Started Flag: True
[DEBUG Orchestrator] URLs derived for injector (if active): ['http://localhost:8080']
[Orchestrator] Starting/Restarting Normal Traffic. Target URLs for this call: ['http://localhost:8080']
[Normal_Injector] Normal traffic already in progress. Call stop_http_traffic() first.
[DEBUG Orchestrator] End of Iteration. previous_num_instances_for_injector_logic updated to: 1
[DEGUG Orchestrator Loop Duration] Loop Duration = 60197.993333156
[Sniffer] Label set to: benign

--- Iteration 30 | Time: 145.0s / 180s ---
[Orchestrator]RTT = 28.944294622471023
[Orchestrator] Metrics: 1 active instance(s), Avg CPU: 14.25%, Avg App MEM: 24.92 MB
[Autoscaler] Condition for SCALE_DOWN met (Avg CPU: 14.25%), but already at MIN_INSTANCES (1). No action.
[DEBUG Orchestrator] Iteration Start. Instances Before Injector Logic: 1, Prev Injector Logic Instances: 1, Attack Started Flag: False, Normal Traffic Started Flag: True
[DEBUG Orchestrator] URLs derived for injector (if active): ['http://localhost:8080']
[Orchestrator] Starting/Restarting Normal Traffic. Target URLs for this call: ['http://localhost:8080']
[Normal_Injector] Normal traffic already in progress. Call stop_http_traffic() first.
[DEBUG Orchestrator] End of Iteration. previous_num_instances_for_injector_logic updated to: 1
[DEGUG Orchestrator Loop Duration] Loop Duration = 60202.993333156
[Sniffer] Label set to: benign

--- Iteration 31 | Time: 150.0s / 180s ---
[Orchestrator]RTT = 28.279255220765148
[Orchestrator] Metrics: 1 active instance(s), Avg CPU: 18.82%, Avg App MEM: 24.55 MB
[Autoscaler] Condition for SCALE_DOWN met (Avg CPU: 18.82%), but already at MIN_INSTANCES (1). No action.
[DEBUG Orchestrator] Iteration Start. Instances Before Injector Logic: 1, Prev Injector Logic Instances: 1, Attack Started Flag: False, Normal Traffic Started Flag: True
[DEBUG Orchestrator] URLs derived for injector (if active): ['http://localhost:8080']
[Orchestrator] Starting/Restarting Normal Traffic. Target URLs for this call: ['http://localhost:8080']
[Normal_Injector] Normal traffic already in progress. Call stop_http_traffic() first.
[DEBUG Orchestrator] End of Iteration. previous_num_instances_for_injector_logic updated to: 1
[DEGUG Orchestrator Loop Duration] Loop Duration = 60207.993333156
[Sniffer] Label set to: benign

--- Iteration 32 | Time: 155.0s / 180s ---
[Orchestrator]RTT = 29.251655311388046
[Orchestrator] Metrics: 1 active instance(s), Avg CPU: 20.02%, Avg App MEM: 24.78 MB
[Autoscaler] Condition for SCALE_DOWN met (Avg CPU: 20.02%), but already at MIN_INSTANCES (1). No action.
[DEBUG Orchestrator] Iteration Start. Instances Before Injector Logic: 1, Prev Injector Logic Instances: 1, Attack Started Flag: False, Normal Traffic Started Flag: True
[DEBUG Orchestrator] URLs derived for injector (if active): ['http://localhost:8080']
[Orchestrator] Starting/Restarting Normal Traffic. Target URLs for this call: ['http://localhost:8080']
[Normal_Injector] Normal traffic already in progress. Call stop_http_traffic() first.
[DEBUG Orchestrator] End of Iteration. previous_num_instances_for_injector_logic updated to: 1
[DEGUG Orchestrator Loop Duration] Loop Duration = 60212.993333156
[Sniffer] Label set to: benign

--- Iteration 33 | Time: 160.0s / 180s ---
[Orchestrator]RTT = 31.03218422031892
[Orchestrator] Metrics: 1 active instance(s), Avg CPU: 20.53%, Avg App MEM: 24.55 MB
[Autoscaler] Condition for SCALE_DOWN met (Avg CPU: 20.53%), but already at MIN_INSTANCES (1). No action.
[DEBUG Orchestrator] Iteration Start. Instances Before Injector Logic: 1, Prev Injector Logic Instances: 1, Attack Started Flag: False, Normal Traffic Started Flag: True
[DEBUG Orchestrator] URLs derived for injector (if active): ['http://localhost:8080']
[Orchestrator] Starting/Restarting Normal Traffic. Target URLs for this call: ['http://localhost:8080']
[Normal_Injector] Normal traffic already in progress. Call stop_http_traffic() first.
[DEBUG Orchestrator] End of Iteration. previous_num_instances_for_injector_logic updated to: 1
[DEGUG Orchestrator Loop Duration] Loop Duration = 60217.993333156
[Sniffer] Label set to: benign

--- Iteration 34 | Time: 165.0s / 180s ---
[Orchestrator]RTT = 32.417220946091916
[Orchestrator] Metrics: 1 active instance(s), Avg CPU: 20.08%, Avg App MEM: 24.92 MB
[Autoscaler] Condition for SCALE_DOWN met (Avg CPU: 20.08%), but already at MIN_INSTANCES (1). No action.
[DEBUG Orchestrator] Iteration Start. Instances Before Injector Logic: 1, Prev Injector Logic Instances: 1, Attack Started Flag: False, Normal Traffic Started Flag: True
[DEBUG Orchestrator] URLs derived for injector (if active): ['http://localhost:8080']
[Orchestrator] Starting/Restarting Normal Traffic. Target URLs for this call: ['http://localhost:8080']
[Normal_Injector] Normal traffic already in progress. Call stop_http_traffic() first.
[DEBUG Orchestrator] End of Iteration. previous_num_instances_for_injector_logic updated to: 1
[DEGUG Orchestrator Loop Duration] Loop Duration = 60222.993333156
[Sniffer] Label set to: benign

--- Iteration 35 | Time: 170.0s / 180s ---
[Orchestrator]RTT = 29.772652819703815
[Orchestrator] Metrics: 1 active instance(s), Avg CPU: 16.30%, Avg App MEM: 24.78 MB
[Autoscaler] Condition for SCALE_DOWN met (Avg CPU: 16.30%), but already at MIN_INSTANCES (1). No action.
[DEBUG Orchestrator] Iteration Start. Instances Before Injector Logic: 1, Prev Injector Logic Instances: 1, Attack Started Flag: False, Normal Traffic Started Flag: True
[DEBUG Orchestrator] URLs derived for injector (if active): ['http://localhost:8080']
[Orchestrator] Starting/Restarting Normal Traffic. Target URLs for this call: ['http://localhost:8080']
[Normal_Injector] Normal traffic already in progress. Call stop_http_traffic() first.
[DEBUG Orchestrator] End of Iteration. previous_num_instances_for_injector_logic updated to: 1
[DEGUG Orchestrator Loop Duration] Loop Duration = 60227.993333156
[Sniffer] Label set to: benign

--- Iteration 36 | Time: 175.0s / 180s ---
[Orchestrator]RTT = 42.644416061134784
[Orchestrator] Metrics: 1 active instance(s), Avg CPU: 21.54%, Avg App MEM: 24.79 MB
[Autoscaler] Condition for SCALE_DOWN met (Avg CPU: 21.54%), but already at MIN_INSTANCES (1). No action.
[DEBUG Orchestrator] Iteration Start. Instances Before Injector Logic: 1, Prev Injector Logic Instances: 1, Attack Started Flag: False, Normal Traffic Started Flag: True
[DEBUG Orchestrator] URLs derived for injector (if active): ['http://localhost:8080']
[Orchestrator] Starting/Restarting Normal Traffic. Target URLs for this call: ['http://localhost:8080']
[Normal_Injector] Normal traffic already in progress. Call stop_http_traffic() first.
[DEBUG Orchestrator] End of Iteration. previous_num_instances_for_injector_logic updated to: 1
[DEGUG Orchestrator Loop Duration] Loop Duration = 60232.993333156

[Orchestrator] Simulation duration reached.
[Orchestrator] Saving RTT log...
[Sniffer] Realtime tcpdump stopped.
[Orchestrator] Stopping normal traffic...
[Normal_Injector] Signaling workers to stop...
[Normal_Injector] Stop signal sent (non-blocking).
[Orchestrator] Cleaning up all simulation instances...
Cleaning up all simulation instances...
Stopping and removing container: target_instance_1 (2c263e426f)...
  Container target_instance_1 removed.
Simulation instance cleanup complete.
[Stats_Collector] Stopping stats collector thread...
[Orchestrator] Simulation Complete. Total Fictional Cost: $0.0011
[Orchestrator] Metrics logged in: simulation_metrics.csv
  [Normal_Injector Worker 124552038315712] Stopped. Total requests: 2695, Errors: 2234
  [Normal_Injector Worker 124551996352192] Stopped. Total requests: 1271, Errors: 3838
  [Normal_Injector Worker 124552004744896] Stopped. Total requests: 2485, Errors: 2610
  [Normal_Injector Worker 124552029923008] Stopped. Total requests: 1463, Errors: 3623
  [Normal_Injector Worker 124552388421312] Stopped. Total requests: 2519, Errors: 2585
  [Normal_Injector Worker 124552405206720] Stopped. Total requests: 1901, Errors: 3044
  [Normal_Injector Worker 124551501444800] Stopped. Total requests: 1273, Errors: 3731
  [Normal_Injector Worker 124552013137600] Stopped. Total requests: 2509, Errors: 2641
Simulation duration set to: 180
Attack duration set to: 0
Normal traffic RPS per client set to: 64.0
Normal traffic number of clients set to: 8
Normal traffic work units set to: 10
[Orchestrator] Initializing simulation environment...
[Sniffer] Realtime tcpdump started on any
[Sniffer] Label set to: benign
[Autoscaler] Initialized.
Attempting to build Docker image: edos_target_app:latest...
Image edos_target_app:latest already exists. Skipping build.
Docker network 'edos_network' already exists.
[Orchestrator] Cleaning up any pre-existing simulation instances...
Cleaning up all simulation instances...
No simulation instances found to clean up.
[Orchestrator] Starting initial 1 instance(s)...
Attempting to start container target_instance_1 mapping container:80 to host:8080...
Container f4ff6f9b93 (target_instance_1) started. Accessible on host port 8080.
[Autoscaler] Initial number of instances set to: 1
[Orchestrator] 1 initial instance(s) running.
[Orchestrator] Metrics will be logged to: simulation_metrics.csv
[Orchestrator] Attack summary will be logged to: attack_summary_log.csv
[Orchestrator] Normal traffic summary will be logged to: normal_traffic_summary_log.csv
[Orchestrator] Starting simulation main loop for 180 seconds.
[Orchestrator] Monitoring interval: 5s. Cooldown: 20s.
[Orchestrator] CPU Thresholds: Scale Up > 60.0%, Scale Down < 25.0%
[Orchestrator] No traffic injection scheduled (ATTACK_DURATION_SECONDS is 0 or less).
[Sniffer] Label set to: benign

--- Iteration 1 | Time: 0.0s / 180s ---
[Orchestrator]RTT = 0.0
[Orchestrator] Metrics: 1 active instance(s), Avg CPU: 0.00%, Avg App MEM: 0.00 MB
[Autoscaler] Condition for SCALE_DOWN met (Avg CPU: 0.00%), but already at MIN_INSTANCES (1). No action.
[DEBUG Orchestrator] Iteration Start. Instances Before Injector Logic: 1, Prev Injector Logic Instances: 1, Attack Started Flag: False, Normal Traffic Started Flag: False
[DEBUG Orchestrator] URLs derived for injector (if active): ['http://localhost:8080']
[Orchestrator] Starting/Restarting Normal Traffic. Target URLs for this call: ['http://localhost:8080']
[Normal_Injector] Starting HTTP flood with 8 attackers, ~512.0 RPS total, across 1 targets: http://localhost:8080
  [Normal_Injector Worker 134080183760576] Started. Target: http://localhost:8080?work=10&sleep=0.0, RPS: 64.00, Mean interval: 0.0156s (Poisson)
  [Normal_Injector Worker 134080166975168] Started. Target: http://localhost:8080?work=10&sleep=0.0, RPS: 64.00, Mean interval: 0.0156s (Poisson)
  [Normal_Injector Worker 134079810889408] Started. Target: http://localhost:8080?work=10&sleep=0.0, RPS: 64.00, Mean interval: 0.0156s (Poisson)
  [Normal_Injector Worker 134079802496704] Started. Target: http://localhost:8080?work=10&sleep=0.0, RPS: 64.00, Mean interval: 0.0156s (Poisson)
  [Normal_Injector Worker 134079785711296] Started. Target: http://localhost:8080?work=10&sleep=0.0, RPS: 64.00, Mean interval: 0.0156s (Poisson)
  [Normal_Injector Worker 134079768925888] Started. Target: http://localhost:8080?work=10&sleep=0.0, RPS: 64.00, Mean interval: 0.0156s (Poisson)
  [Normal_Injector Worker 134079274018496] Started. Target: http://localhost:8080?work=10&sleep=0.0, RPS: 64.00, Mean interval: 0.0156s (Poisson)
  [Normal_Injector Worker 134079257233088] Started. Target: http://localhost:8080?work=10&sleep=0.0, RPS: 64.00, Mean interval: 0.0156s (Poisson)
[Normal_Injector] All 8 attacker threads launched.
[DEBUG Orchestrator] End of Iteration. previous_num_instances_for_injector_logic updated to: 1
[DEGUG Orchestrator Loop Duration] Loop Duration = 60267.3306376
[Sniffer] Label set to: benign

--- Iteration 2 | Time: 5.0s / 180s ---
[Orchestrator]RTT = 47.71426242851681
[Orchestrator] Metrics: 1 active instance(s), Avg CPU: 109.12%, Avg App MEM: 25.58 MB
[Autoscaler] Decision: SCALE_UP. Avg CPU: 109.12% > 60.0%. Current instances: 1, Max: 4
[Orchestrator] Action: Scaling UP from 1 instance(s). Attempting to start instance 2.
Attempting to start container target_instance_2 mapping container:80 to host:8081...
Container a48be98241 (target_instance_2) started. Accessible on host port 8081.
[Orchestrator] Successfully started target_instance_2. Now 2 instance(s).
[Autoscaler] Scale action recorded. New instance count: 2. Cooldown timer reset.
[DEBUG Orchestrator] Iteration Start. Instances Before Injector Logic: 2, Prev Injector Logic Instances: 1, Attack Started Flag: False, Normal Traffic Started Flag: True
[DEBUG Orchestrator] URLs derived for injector (if active): ['http://localhost:8080', 'http://localhost:8081']
[Orchestrator] Starting/Restarting Normal Traffic. Target URLs for this call: ['http://localhost:8080', 'http://localhost:8081']
[Normal_Injector] Normal traffic already in progress. Call stop_http_traffic() first.
[DEBUG Orchestrator] End of Iteration. previous_num_instances_for_injector_logic updated to: 2
[DEGUG Orchestrator Loop Duration] Loop Duration = 60272.3306376
[Sniffer] Label set to: benign

--- Iteration 3 | Time: 10.0s / 180s ---
[Orchestrator]RTT = 46.18961620554756
[Orchestrator] Metrics: 2 active instance(s), Avg CPU: 104.02%, Avg App MEM: 25.87 MB
[Autoscaler]In cooldown: 15.003334747998451
[DEBUG Orchestrator] Iteration Start. Instances Before Injector Logic: 2, Prev Injector Logic Instances: 2, Attack Started Flag: False, Normal Traffic Started Flag: True
[DEBUG Orchestrator] URLs derived for injector (if active): ['http://localhost:8080', 'http://localhost:8081']
[Orchestrator] Starting/Restarting Normal Traffic. Target URLs for this call: ['http://localhost:8080', 'http://localhost:8081']
[Normal_Injector] Normal traffic already in progress. Call stop_http_traffic() first.
[DEBUG Orchestrator] End of Iteration. previous_num_instances_for_injector_logic updated to: 2
[DEGUG Orchestrator Loop Duration] Loop Duration = 60277.3306376
[Sniffer] Label set to: benign

--- Iteration 4 | Time: 15.0s / 180s ---
[Orchestrator]RTT = 42.96965352002687
[Orchestrator] Metrics: 2 active instance(s), Avg CPU: 51.50%, Avg App MEM: 20.82 MB
[Autoscaler]In cooldown: 10.00398368199967
[DEBUG Orchestrator] Iteration Start. Instances Before Injector Logic: 2, Prev Injector Logic Instances: 2, Attack Started Flag: False, Normal Traffic Started Flag: True
[DEBUG Orchestrator] URLs derived for injector (if active): ['http://localhost:8080', 'http://localhost:8081']
[Orchestrator] Starting/Restarting Normal Traffic. Target URLs for this call: ['http://localhost:8080', 'http://localhost:8081']
[Normal_Injector] Normal traffic already in progress. Call stop_http_traffic() first.
[DEBUG Orchestrator] End of Iteration. previous_num_instances_for_injector_logic updated to: 2
[DEGUG Orchestrator Loop Duration] Loop Duration = 60282.3306376
[Sniffer] Label set to: benign

--- Iteration 5 | Time: 20.0s / 180s ---
[Orchestrator]RTT = 41.00929725846848
[Orchestrator] Metrics: 2 active instance(s), Avg CPU: 31.01%, Avg App MEM: 18.77 MB
[Autoscaler]In cooldown: 5.002655299998878
[DEBUG Orchestrator] Iteration Start. Instances Before Injector Logic: 2, Prev Injector Logic Instances: 2, Attack Started Flag: False, Normal Traffic Started Flag: True
[DEBUG Orchestrator] URLs derived for injector (if active): ['http://localhost:8080', 'http://localhost:8081']
[Orchestrator] Starting/Restarting Normal Traffic. Target URLs for this call: ['http://localhost:8080', 'http://localhost:8081']
[Normal_Injector] Normal traffic already in progress. Call stop_http_traffic() first.
[DEBUG Orchestrator] End of Iteration. previous_num_instances_for_injector_logic updated to: 2
[DEGUG Orchestrator Loop Duration] Loop Duration = 60287.3306376
[Sniffer] Label set to: benign

--- Iteration 6 | Time: 25.0s / 180s ---
[Orchestrator]RTT = 43.16327850730768
[Orchestrator] Metrics: 2 active instance(s), Avg CPU: 46.65%, Avg App MEM: 20.84 MB
[Autoscaler] Decision: NO_ACTION. Avg CPU: 46.65% is within thresholds (25.0% - 60.0%).
[DEBUG Orchestrator] Iteration Start. Instances Before Injector Logic: 2, Prev Injector Logic Instances: 2, Attack Started Flag: False, Normal Traffic Started Flag: True
[DEBUG Orchestrator] URLs derived for injector (if active): ['http://localhost:8080', 'http://localhost:8081']
[Orchestrator] Starting/Restarting Normal Traffic. Target URLs for this call: ['http://localhost:8080', 'http://localhost:8081']
[Normal_Injector] Normal traffic already in progress. Call stop_http_traffic() first.
[DEBUG Orchestrator] End of Iteration. previous_num_instances_for_injector_logic updated to: 2
[DEGUG Orchestrator Loop Duration] Loop Duration = 60292.3306376
[Sniffer] Label set to: benign

--- Iteration 7 | Time: 30.0s / 180s ---
[Orchestrator]RTT = 40.26496518165416
[Orchestrator] Metrics: 2 active instance(s), Avg CPU: 46.42%, Avg App MEM: 20.81 MB
[Autoscaler] Decision: NO_ACTION. Avg CPU: 46.42% is within thresholds (25.0% - 60.0%).
[DEBUG Orchestrator] Iteration Start. Instances Before Injector Logic: 2, Prev Injector Logic Instances: 2, Attack Started Flag: False, Normal Traffic Started Flag: True
[DEBUG Orchestrator] URLs derived for injector (if active): ['http://localhost:8080', 'http://localhost:8081']
[Orchestrator] Starting/Restarting Normal Traffic. Target URLs for this call: ['http://localhost:8080', 'http://localhost:8081']
[Normal_Injector] Normal traffic already in progress. Call stop_http_traffic() first.
[DEBUG Orchestrator] End of Iteration. previous_num_instances_for_injector_logic updated to: 2
[DEGUG Orchestrator Loop Duration] Loop Duration = 60297.3306376
[Sniffer] Label set to: benign

--- Iteration 8 | Time: 35.0s / 180s ---
[Orchestrator]RTT = 42.037644327715746
[Orchestrator] Metrics: 2 active instance(s), Avg CPU: 45.98%, Avg App MEM: 21.13 MB
[Autoscaler] Decision: NO_ACTION. Avg CPU: 45.98% is within thresholds (25.0% - 60.0%).
[DEBUG Orchestrator] Iteration Start. Instances Before Injector Logic: 2, Prev Injector Logic Instances: 2, Attack Started Flag: False, Normal Traffic Started Flag: True
[DEBUG Orchestrator] URLs derived for injector (if active): ['http://localhost:8080', 'http://localhost:8081']
[Orchestrator] Starting/Restarting Normal Traffic. Target URLs for this call: ['http://localhost:8080', 'http://localhost:8081']
[Normal_Injector] Normal traffic already in progress. Call stop_http_traffic() first.
[DEBUG Orchestrator] End of Iteration. previous_num_instances_for_injector_logic updated to: 2
[DEGUG Orchestrator Loop Duration] Loop Duration = 60302.3306376
[Sniffer] Label set to: benign

--- Iteration 9 | Time: 40.0s / 180s ---
[Orchestrator]RTT = 40.82115298731109
[Orchestrator] Metrics: 2 active instance(s), Avg CPU: 61.01%, Avg App MEM: 22.98 MB
[Autoscaler] Decision: SCALE_UP. Avg CPU: 61.01% > 60.0%. Current instances: 2, Max: 4
[Orchestrator] Action: Scaling UP from 2 instance(s). Attempting to start instance 3.
Attempting to start container target_instance_3 mapping container:80 to host:8082...
Container f89afba912 (target_instance_3) started. Accessible on host port 8082.
[Orchestrator] Successfully started target_instance_3. Now 3 instance(s).
[Autoscaler] Scale action recorded. New instance count: 3. Cooldown timer reset.
[DEBUG Orchestrator] Iteration Start. Instances Before Injector Logic: 3, Prev Injector Logic Instances: 2, Attack Started Flag: False, Normal Traffic Started Flag: True
[DEBUG Orchestrator] URLs derived for injector (if active): ['http://localhost:8080', 'http://localhost:8081', 'http://localhost:8082']
[Orchestrator] Starting/Restarting Normal Traffic. Target URLs for this call: ['http://localhost:8080', 'http://localhost:8081', 'http://localhost:8082']
[Normal_Injector] Normal traffic already in progress. Call stop_http_traffic() first.
[DEBUG Orchestrator] End of Iteration. previous_num_instances_for_injector_logic updated to: 3
[DEGUG Orchestrator Loop Duration] Loop Duration = 60307.3306376
[Sniffer] Label set to: benign

--- Iteration 10 | Time: 45.0s / 180s ---
[Orchestrator]RTT = 45.60809260868068
[Orchestrator] Metrics: 3 active instance(s), Avg CPU: 48.14%, Avg App MEM: 21.05 MB
[Autoscaler]In cooldown: 15.010189699998591
[DEBUG Orchestrator] Iteration Start. Instances Before Injector Logic: 3, Prev Injector Logic Instances: 3, Attack Started Flag: False, Normal Traffic Started Flag: True
[DEBUG Orchestrator] URLs derived for injector (if active): ['http://localhost:8080', 'http://localhost:8081', 'http://localhost:8082']
[Orchestrator] Starting/Restarting Normal Traffic. Target URLs for this call: ['http://localhost:8080', 'http://localhost:8081', 'http://localhost:8082']
[Normal_Injector] Normal traffic already in progress. Call stop_http_traffic() first.
[DEBUG Orchestrator] End of Iteration. previous_num_instances_for_injector_logic updated to: 3
[DEGUG Orchestrator Loop Duration] Loop Duration = 60312.3306376
[Sniffer] Label set to: benign

--- Iteration 11 | Time: 50.0s / 180s ---
[Orchestrator]RTT = 39.763979924385076
[Orchestrator] Metrics: 3 active instance(s), Avg CPU: 32.09%, Avg App MEM: 19.06 MB
[Autoscaler]In cooldown: 10.009628368999984
[DEBUG Orchestrator] Iteration Start. Instances Before Injector Logic: 3, Prev Injector Logic Instances: 3, Attack Started Flag: False, Normal Traffic Started Flag: True
[DEBUG Orchestrator] URLs derived for injector (if active): ['http://localhost:8080', 'http://localhost:8081', 'http://localhost:8082']
[Orchestrator] Starting/Restarting Normal Traffic. Target URLs for this call: ['http://localhost:8080', 'http://localhost:8081', 'http://localhost:8082']
[Normal_Injector] Normal traffic already in progress. Call stop_http_traffic() first.
[DEBUG Orchestrator] End of Iteration. previous_num_instances_for_injector_logic updated to: 3
[DEGUG Orchestrator Loop Duration] Loop Duration = 60317.3306376
[Sniffer] Label set to: benign

--- Iteration 12 | Time: 55.0s / 180s ---
[Orchestrator]RTT = 44.041095894008656
[Orchestrator] Metrics: 3 active instance(s), Avg CPU: 32.18%, Avg App MEM: 19.07 MB
[Autoscaler]In cooldown: 5.003676163003547
[DEBUG Orchestrator] Iteration Start. Instances Before Injector Logic: 3, Prev Injector Logic Instances: 3, Attack Started Flag: False, Normal Traffic Started Flag: True
[DEBUG Orchestrator] URLs derived for injector (if active): ['http://localhost:8080', 'http://localhost:8081', 'http://localhost:8082']
[Orchestrator] Starting/Restarting Normal Traffic. Target URLs for this call: ['http://localhost:8080', 'http://localhost:8081', 'http://localhost:8082']
[Normal_Injector] Normal traffic already in progress. Call stop_http_traffic() first.
[DEBUG Orchestrator] End of Iteration. previous_num_instances_for_injector_logic updated to: 3
[DEGUG Orchestrator Loop Duration] Loop Duration = 60322.3306376
[Sniffer] Label set to: benign

--- Iteration 13 | Time: 60.0s / 180s ---
[Orchestrator]RTT = 39.86194247845969
[Orchestrator] Metrics: 3 active instance(s), Avg CPU: 29.42%, Avg App MEM: 19.09 MB
[Autoscaler] Decision: NO_ACTION. Avg CPU: 29.42% is within thresholds (25.0% - 60.0%).
[DEBUG Orchestrator] Iteration Start. Instances Before Injector Logic: 3, Prev Injector Logic Instances: 3, Attack Started Flag: False, Normal Traffic Started Flag: True
[DEBUG Orchestrator] URLs derived for injector (if active): ['http://localhost:8080', 'http://localhost:8081', 'http://localhost:8082']
[Orchestrator] Starting/Restarting Normal Traffic. Target URLs for this call: ['http://localhost:8080', 'http://localhost:8081', 'http://localhost:8082']
[Normal_Injector] Normal traffic already in progress. Call stop_http_traffic() first.
[DEBUG Orchestrator] End of Iteration. previous_num_instances_for_injector_logic updated to: 3
[DEGUG Orchestrator Loop Duration] Loop Duration = 60327.3306376
[Sniffer] Label set to: benign

--- Iteration 14 | Time: 65.0s / 180s ---
[Orchestrator]RTT = 42.28572012802287
[Orchestrator] Metrics: 3 active instance(s), Avg CPU: 33.81%, Avg App MEM: 19.01 MB
[Autoscaler] Decision: NO_ACTION. Avg CPU: 33.81% is within thresholds (25.0% - 60.0%).
[DEBUG Orchestrator] Iteration Start. Instances Before Injector Logic: 3, Prev Injector Logic Instances: 3, Attack Started Flag: False, Normal Traffic Started Flag: True
[DEBUG Orchestrator] URLs derived for injector (if active): ['http://localhost:8080', 'http://localhost:8081', 'http://localhost:8082']
[Orchestrator] Starting/Restarting Normal Traffic. Target URLs for this call: ['http://localhost:8080', 'http://localhost:8081', 'http://localhost:8082']
[Normal_Injector] Normal traffic already in progress. Call stop_http_traffic() first.
[DEBUG Orchestrator] End of Iteration. previous_num_instances_for_injector_logic updated to: 3
[DEGUG Orchestrator Loop Duration] Loop Duration = 60332.3306376
[Sniffer] Label set to: benign

--- Iteration 15 | Time: 70.0s / 180s ---
[Orchestrator]RTT = 40.855694624214955
[Orchestrator] Metrics: 3 active instance(s), Avg CPU: 29.13%, Avg App MEM: 19.10 MB
[Autoscaler] Decision: NO_ACTION. Avg CPU: 29.13% is within thresholds (25.0% - 60.0%).
[DEBUG Orchestrator] Iteration Start. Instances Before Injector Logic: 3, Prev Injector Logic Instances: 3, Attack Started Flag: False, Normal Traffic Started Flag: True
[DEBUG Orchestrator] URLs derived for injector (if active): ['http://localhost:8080', 'http://localhost:8081', 'http://localhost:8082']
[Orchestrator] Starting/Restarting Normal Traffic. Target URLs for this call: ['http://localhost:8080', 'http://localhost:8081', 'http://localhost:8082']
[Normal_Injector] Normal traffic already in progress. Call stop_http_traffic() first.
[DEBUG Orchestrator] End of Iteration. previous_num_instances_for_injector_logic updated to: 3
[DEGUG Orchestrator Loop Duration] Loop Duration = 60337.3306376
[Sniffer] Label set to: benign

--- Iteration 16 | Time: 75.0s / 180s ---
[Orchestrator]RTT = 41.58058298069381
[Orchestrator] Metrics: 3 active instance(s), Avg CPU: 29.13%, Avg App MEM: 19.10 MB
[Autoscaler] Decision: NO_ACTION. Avg CPU: 29.13% is within thresholds (25.0% - 60.0%).
[DEBUG Orchestrator] Iteration Start. Instances Before Injector Logic: 3, Prev Injector Logic Instances: 3, Attack Started Flag: False, Normal Traffic Started Flag: True
[DEBUG Orchestrator] URLs derived for injector (if active): ['http://localhost:8080', 'http://localhost:8081', 'http://localhost:8082']
[Orchestrator] Starting/Restarting Normal Traffic. Target URLs for this call: ['http://localhost:8080', 'http://localhost:8081', 'http://localhost:8082']
[Normal_Injector] Normal traffic already in progress. Call stop_http_traffic() first.
[DEBUG Orchestrator] End of Iteration. previous_num_instances_for_injector_logic updated to: 3
[DEGUG Orchestrator Loop Duration] Loop Duration = 60342.3306376
[Sniffer] Label set to: benign

--- Iteration 17 | Time: 80.0s / 180s ---
[Orchestrator]RTT = 39.176163205674435
[Orchestrator] Metrics: 3 active instance(s), Avg CPU: 31.34%, Avg App MEM: 19.28 MB
[Autoscaler] Decision: NO_ACTION. Avg CPU: 31.34% is within thresholds (25.0% - 60.0%).
[DEBUG Orchestrator] Iteration Start. Instances Before Injector Logic: 3, Prev Injector Logic Instances: 3, Attack Started Flag: False, Normal Traffic Started Flag: True
[DEBUG Orchestrator] URLs derived for injector (if active): ['http://localhost:8080', 'http://localhost:8081', 'http://localhost:8082']
[Orchestrator] Starting/Restarting Normal Traffic. Target URLs for this call: ['http://localhost:8080', 'http://localhost:8081', 'http://localhost:8082']
[Normal_Injector] Normal traffic already in progress. Call stop_http_traffic() first.
[DEBUG Orchestrator] End of Iteration. previous_num_instances_for_injector_logic updated to: 3
[DEGUG Orchestrator Loop Duration] Loop Duration = 60347.3306376
[Sniffer] Label set to: benign

--- Iteration 18 | Time: 85.0s / 180s ---
[Orchestrator]RTT = 42.05062203643189
[Orchestrator] Metrics: 3 active instance(s), Avg CPU: 32.82%, Avg App MEM: 19.28 MB
[Autoscaler] Decision: NO_ACTION. Avg CPU: 32.82% is within thresholds (25.0% - 60.0%).
[DEBUG Orchestrator] Iteration Start. Instances Before Injector Logic: 3, Prev Injector Logic Instances: 3, Attack Started Flag: False, Normal Traffic Started Flag: True
[DEBUG Orchestrator] URLs derived for injector (if active): ['http://localhost:8080', 'http://localhost:8081', 'http://localhost:8082']
[Orchestrator] Starting/Restarting Normal Traffic. Target URLs for this call: ['http://localhost:8080', 'http://localhost:8081', 'http://localhost:8082']
[Normal_Injector] Normal traffic already in progress. Call stop_http_traffic() first.
[DEBUG Orchestrator] End of Iteration. previous_num_instances_for_injector_logic updated to: 3
[DEGUG Orchestrator Loop Duration] Loop Duration = 60352.3306376
[Sniffer] Label set to: benign

--- Iteration 19 | Time: 90.0s / 180s ---
[Orchestrator]RTT = 39.571376264740266
[Orchestrator] Metrics: 3 active instance(s), Avg CPU: 31.34%, Avg App MEM: 19.21 MB
[Autoscaler] Decision: NO_ACTION. Avg CPU: 31.34% is within thresholds (25.0% - 60.0%).
[DEBUG Orchestrator] Iteration Start. Instances Before Injector Logic: 3, Prev Injector Logic Instances: 3, Attack Started Flag: False, Normal Traffic Started Flag: True
[DEBUG Orchestrator] URLs derived for injector (if active): ['http://localhost:8080', 'http://localhost:8081', 'http://localhost:8082']
[Orchestrator] Starting/Restarting Normal Traffic. Target URLs for this call: ['http://localhost:8080', 'http://localhost:8081', 'http://localhost:8082']
[Normal_Injector] Normal traffic already in progress. Call stop_http_traffic() first.
[DEBUG Orchestrator] End of Iteration. previous_num_instances_for_injector_logic updated to: 3
[DEGUG Orchestrator Loop Duration] Loop Duration = 60357.3306376
[Sniffer] Label set to: benign

--- Iteration 20 | Time: 95.0s / 180s ---
[Orchestrator]RTT = 41.43879871378386
[Orchestrator] Metrics: 3 active instance(s), Avg CPU: 31.34%, Avg App MEM: 19.21 MB
[Autoscaler] Decision: NO_ACTION. Avg CPU: 31.34% is within thresholds (25.0% - 60.0%).
[DEBUG Orchestrator] Iteration Start. Instances Before Injector Logic: 3, Prev Injector Logic Instances: 3, Attack Started Flag: False, Normal Traffic Started Flag: True
[DEBUG Orchestrator] URLs derived for injector (if active): ['http://localhost:8080', 'http://localhost:8081', 'http://localhost:8082']
[Orchestrator] Starting/Restarting Normal Traffic. Target URLs for this call: ['http://localhost:8080', 'http://localhost:8081', 'http://localhost:8082']
[Normal_Injector] Normal traffic already in progress. Call stop_http_traffic() first.
[DEBUG Orchestrator] End of Iteration. previous_num_instances_for_injector_logic updated to: 3
[DEGUG Orchestrator Loop Duration] Loop Duration = 60362.3306376
[Sniffer] Label set to: benign

--- Iteration 21 | Time: 100.0s / 180s ---
[Orchestrator]RTT = 40.518748447568335
[Orchestrator] Metrics: 3 active instance(s), Avg CPU: 29.57%, Avg App MEM: 19.21 MB
[Autoscaler] Decision: NO_ACTION. Avg CPU: 29.57% is within thresholds (25.0% - 60.0%).
[DEBUG Orchestrator] Iteration Start. Instances Before Injector Logic: 3, Prev Injector Logic Instances: 3, Attack Started Flag: False, Normal Traffic Started Flag: True
[DEBUG Orchestrator] URLs derived for injector (if active): ['http://localhost:8080', 'http://localhost:8081', 'http://localhost:8082']
[Orchestrator] Starting/Restarting Normal Traffic. Target URLs for this call: ['http://localhost:8080', 'http://localhost:8081', 'http://localhost:8082']
[Normal_Injector] Normal traffic already in progress. Call stop_http_traffic() first.
[DEBUG Orchestrator] End of Iteration. previous_num_instances_for_injector_logic updated to: 3
[DEGUG Orchestrator Loop Duration] Loop Duration = 60367.3306376
[Sniffer] Label set to: benign

--- Iteration 22 | Time: 105.0s / 180s ---
[Orchestrator]RTT = 42.78416981478904
[Orchestrator] Metrics: 3 active instance(s), Avg CPU: 34.24%, Avg App MEM: 19.21 MB
[Autoscaler] Decision: NO_ACTION. Avg CPU: 34.24% is within thresholds (25.0% - 60.0%).
[DEBUG Orchestrator] Iteration Start. Instances Before Injector Logic: 3, Prev Injector Logic Instances: 3, Attack Started Flag: False, Normal Traffic Started Flag: True
[DEBUG Orchestrator] URLs derived for injector (if active): ['http://localhost:8080', 'http://localhost:8081', 'http://localhost:8082']
[Orchestrator] Starting/Restarting Normal Traffic. Target URLs for this call: ['http://localhost:8080', 'http://localhost:8081', 'http://localhost:8082']
[Normal_Injector] Normal traffic already in progress. Call stop_http_traffic() first.
[DEBUG Orchestrator] End of Iteration. previous_num_instances_for_injector_logic updated to: 3
[DEGUG Orchestrator Loop Duration] Loop Duration = 60372.3306376
[Sniffer] Label set to: benign

--- Iteration 23 | Time: 110.0s / 180s ---
[Orchestrator]RTT = 39.93344697322949
[Orchestrator] Metrics: 3 active instance(s), Avg CPU: 31.88%, Avg App MEM: 19.13 MB
[Autoscaler] Decision: NO_ACTION. Avg CPU: 31.88% is within thresholds (25.0% - 60.0%).
[DEBUG Orchestrator] Iteration Start. Instances Before Injector Logic: 3, Prev Injector Logic Instances: 3, Attack Started Flag: False, Normal Traffic Started Flag: True
[DEBUG Orchestrator] URLs derived for injector (if active): ['http://localhost:8080', 'http://localhost:8081', 'http://localhost:8082']
[Orchestrator] Starting/Restarting Normal Traffic. Target URLs for this call: ['http://localhost:8080', 'http://localhost:8081', 'http://localhost:8082']
[Normal_Injector] Normal traffic already in progress. Call stop_http_traffic() first.
[DEBUG Orchestrator] End of Iteration. previous_num_instances_for_injector_logic updated to: 3
[DEGUG Orchestrator Loop Duration] Loop Duration = 60377.3306376
[Sniffer] Label set to: benign

--- Iteration 24 | Time: 115.0s / 180s ---
[Orchestrator]RTT = 40.96944132421899
[Orchestrator] Metrics: 3 active instance(s), Avg CPU: 29.28%, Avg App MEM: 19.14 MB
[Autoscaler] Decision: NO_ACTION. Avg CPU: 29.28% is within thresholds (25.0% - 60.0%).
[DEBUG Orchestrator] Iteration Start. Instances Before Injector Logic: 3, Prev Injector Logic Instances: 3, Attack Started Flag: False, Normal Traffic Started Flag: True
[DEBUG Orchestrator] URLs derived for injector (if active): ['http://localhost:8080', 'http://localhost:8081', 'http://localhost:8082']
[Orchestrator] Starting/Restarting Normal Traffic. Target URLs for this call: ['http://localhost:8080', 'http://localhost:8081', 'http://localhost:8082']
[Normal_Injector] Normal traffic already in progress. Call stop_http_traffic() first.
[DEBUG Orchestrator] End of Iteration. previous_num_instances_for_injector_logic updated to: 3
[DEGUG Orchestrator Loop Duration] Loop Duration = 60382.3306376
[Sniffer] Label set to: benign

--- Iteration 25 | Time: 120.0s / 180s ---
[Orchestrator]RTT = 40.482788283402066
[Orchestrator] Metrics: 3 active instance(s), Avg CPU: 29.28%, Avg App MEM: 19.14 MB
[Autoscaler] Decision: NO_ACTION. Avg CPU: 29.28% is within thresholds (25.0% - 60.0%).
[DEBUG Orchestrator] Iteration Start. Instances Before Injector Logic: 3, Prev Injector Logic Instances: 3, Attack Started Flag: False, Normal Traffic Started Flag: True
[DEBUG Orchestrator] URLs derived for injector (if active): ['http://localhost:8080', 'http://localhost:8081', 'http://localhost:8082']
[Orchestrator] Starting/Restarting Normal Traffic. Target URLs for this call: ['http://localhost:8080', 'http://localhost:8081', 'http://localhost:8082']
[Normal_Injector] Normal traffic already in progress. Call stop_http_traffic() first.
[DEBUG Orchestrator] End of Iteration. previous_num_instances_for_injector_logic updated to: 3
[DEGUG Orchestrator Loop Duration] Loop Duration = 60387.3306376
[Sniffer] Label set to: benign

--- Iteration 26 | Time: 125.0s / 180s ---
[Orchestrator]RTT = 41.55233444543076
[Orchestrator] Metrics: 3 active instance(s), Avg CPU: 29.87%, Avg App MEM: 19.06 MB
[Autoscaler] Decision: NO_ACTION. Avg CPU: 29.87% is within thresholds (25.0% - 60.0%).
[DEBUG Orchestrator] Iteration Start. Instances Before Injector Logic: 3, Prev Injector Logic Instances: 3, Attack Started Flag: False, Normal Traffic Started Flag: True
[DEBUG Orchestrator] URLs derived for injector (if active): ['http://localhost:8080', 'http://localhost:8081', 'http://localhost:8082']
[Orchestrator] Starting/Restarting Normal Traffic. Target URLs for this call: ['http://localhost:8080', 'http://localhost:8081', 'http://localhost:8082']
[Normal_Injector] Normal traffic already in progress. Call stop_http_traffic() first.
[DEBUG Orchestrator] End of Iteration. previous_num_instances_for_injector_logic updated to: 3
[DEGUG Orchestrator Loop Duration] Loop Duration = 60392.3306376
[Sniffer] Label set to: benign

--- Iteration 27 | Time: 130.0s / 180s ---
[Orchestrator]RTT = 40.781061618290316
[Orchestrator] Metrics: 3 active instance(s), Avg CPU: 31.08%, Avg App MEM: 19.23 MB
[Autoscaler] Decision: NO_ACTION. Avg CPU: 31.08% is within thresholds (25.0% - 60.0%).
[DEBUG Orchestrator] Iteration Start. Instances Before Injector Logic: 3, Prev Injector Logic Instances: 3, Attack Started Flag: False, Normal Traffic Started Flag: True
[DEBUG Orchestrator] URLs derived for injector (if active): ['http://localhost:8080', 'http://localhost:8081', 'http://localhost:8082']
[Orchestrator] Starting/Restarting Normal Traffic. Target URLs for this call: ['http://localhost:8080', 'http://localhost:8081', 'http://localhost:8082']
[Normal_Injector] Normal traffic already in progress. Call stop_http_traffic() first.
[DEBUG Orchestrator] End of Iteration. previous_num_instances_for_injector_logic updated to: 3
[DEGUG Orchestrator Loop Duration] Loop Duration = 60397.3306376
[Sniffer] Label set to: benign

--- Iteration 28 | Time: 135.0s / 180s ---
[Orchestrator]RTT = 41.345223406474894
[Orchestrator] Metrics: 3 active instance(s), Avg CPU: 33.20%, Avg App MEM: 19.24 MB
[Autoscaler] Decision: NO_ACTION. Avg CPU: 33.20% is within thresholds (25.0% - 60.0%).
[DEBUG Orchestrator] Iteration Start. Instances Before Injector Logic: 3, Prev Injector Logic Instances: 3, Attack Started Flag: False, Normal Traffic Started Flag: True
[DEBUG Orchestrator] URLs derived for injector (if active): ['http://localhost:8080', 'http://localhost:8081', 'http://localhost:8082']
[Orchestrator] Starting/Restarting Normal Traffic. Target URLs for this call: ['http://localhost:8080', 'http://localhost:8081', 'http://localhost:8082']
[Normal_Injector] Normal traffic already in progress. Call stop_http_traffic() first.
[DEBUG Orchestrator] End of Iteration. previous_num_instances_for_injector_logic updated to: 3
[DEGUG Orchestrator Loop Duration] Loop Duration = 60402.3306376
[Sniffer] Label set to: benign

--- Iteration 29 | Time: 140.0s / 180s ---
[Orchestrator]RTT = 39.931203615650105
[Orchestrator] Metrics: 3 active instance(s), Avg CPU: 28.74%, Avg App MEM: 19.39 MB
[Autoscaler] Decision: NO_ACTION. Avg CPU: 28.74% is within thresholds (25.0% - 60.0%).
[DEBUG Orchestrator] Iteration Start. Instances Before Injector Logic: 3, Prev Injector Logic Instances: 3, Attack Started Flag: False, Normal Traffic Started Flag: True
[DEBUG Orchestrator] URLs derived for injector (if active): ['http://localhost:8080', 'http://localhost:8081', 'http://localhost:8082']
[Orchestrator] Starting/Restarting Normal Traffic. Target URLs for this call: ['http://localhost:8080', 'http://localhost:8081', 'http://localhost:8082']
[Normal_Injector] Normal traffic already in progress. Call stop_http_traffic() first.
[DEBUG Orchestrator] End of Iteration. previous_num_instances_for_injector_logic updated to: 3
[DEGUG Orchestrator Loop Duration] Loop Duration = 60407.3306376
[Sniffer] Label set to: benign

--- Iteration 30 | Time: 145.0s / 180s ---
[Orchestrator]RTT = 41.94760825450785
[Orchestrator] Metrics: 3 active instance(s), Avg CPU: 28.74%, Avg App MEM: 19.39 MB
[Autoscaler] Decision: NO_ACTION. Avg CPU: 28.74% is within thresholds (25.0% - 60.0%).
[DEBUG Orchestrator] Iteration Start. Instances Before Injector Logic: 3, Prev Injector Logic Instances: 3, Attack Started Flag: False, Normal Traffic Started Flag: True
[DEBUG Orchestrator] URLs derived for injector (if active): ['http://localhost:8080', 'http://localhost:8081', 'http://localhost:8082']
[Orchestrator] Starting/Restarting Normal Traffic. Target URLs for this call: ['http://localhost:8080', 'http://localhost:8081', 'http://localhost:8082']
[Normal_Injector] Normal traffic already in progress. Call stop_http_traffic() first.
[DEBUG Orchestrator] End of Iteration. previous_num_instances_for_injector_logic updated to: 3
[DEGUG Orchestrator Loop Duration] Loop Duration = 60412.3306376
[Sniffer] Label set to: benign

--- Iteration 31 | Time: 150.0s / 180s ---
[Orchestrator]RTT = 40.281018306676934
[Orchestrator] Metrics: 3 active instance(s), Avg CPU: 32.83%, Avg App MEM: 19.23 MB
[Autoscaler] Decision: NO_ACTION. Avg CPU: 32.83% is within thresholds (25.0% - 60.0%).
[DEBUG Orchestrator] Iteration Start. Instances Before Injector Logic: 3, Prev Injector Logic Instances: 3, Attack Started Flag: False, Normal Traffic Started Flag: True
[DEBUG Orchestrator] URLs derived for injector (if active): ['http://localhost:8080', 'http://localhost:8081', 'http://localhost:8082']
[Orchestrator] Starting/Restarting Normal Traffic. Target URLs for this call: ['http://localhost:8080', 'http://localhost:8081', 'http://localhost:8082']
[Normal_Injector] Normal traffic already in progress. Call stop_http_traffic() first.
[DEBUG Orchestrator] End of Iteration. previous_num_instances_for_injector_logic updated to: 3
[DEGUG Orchestrator Loop Duration] Loop Duration = 60417.3306376
[Sniffer] Label set to: benign

--- Iteration 32 | Time: 155.0s / 180s ---
[Orchestrator]RTT = 41.110180550920184
[Orchestrator] Metrics: 3 active instance(s), Avg CPU: 32.29%, Avg App MEM: 19.23 MB
[Autoscaler] Decision: NO_ACTION. Avg CPU: 32.29% is within thresholds (25.0% - 60.0%).
[DEBUG Orchestrator] Iteration Start. Instances Before Injector Logic: 3, Prev Injector Logic Instances: 3, Attack Started Flag: False, Normal Traffic Started Flag: True
[DEBUG Orchestrator] URLs derived for injector (if active): ['http://localhost:8080', 'http://localhost:8081', 'http://localhost:8082']
[Orchestrator] Starting/Restarting Normal Traffic. Target URLs for this call: ['http://localhost:8080', 'http://localhost:8081', 'http://localhost:8082']
[Normal_Injector] Normal traffic already in progress. Call stop_http_traffic() first.
[DEBUG Orchestrator] End of Iteration. previous_num_instances_for_injector_logic updated to: 3
[DEGUG Orchestrator Loop Duration] Loop Duration = 60422.3306376
[Sniffer] Label set to: benign

--- Iteration 33 | Time: 160.0s / 180s ---
[Orchestrator]RTT = 40.00518524171068
[Orchestrator] Metrics: 3 active instance(s), Avg CPU: 29.91%, Avg App MEM: 19.15 MB
[Autoscaler] Decision: NO_ACTION. Avg CPU: 29.91% is within thresholds (25.0% - 60.0%).
[DEBUG Orchestrator] Iteration Start. Instances Before Injector Logic: 3, Prev Injector Logic Instances: 3, Attack Started Flag: False, Normal Traffic Started Flag: True
[DEBUG Orchestrator] URLs derived for injector (if active): ['http://localhost:8080', 'http://localhost:8081', 'http://localhost:8082']
[Orchestrator] Starting/Restarting Normal Traffic. Target URLs for this call: ['http://localhost:8080', 'http://localhost:8081', 'http://localhost:8082']
[Normal_Injector] Normal traffic already in progress. Call stop_http_traffic() first.
[DEBUG Orchestrator] End of Iteration. previous_num_instances_for_injector_logic updated to: 3
[DEGUG Orchestrator Loop Duration] Loop Duration = 60427.3306376
[Sniffer] Label set to: benign

--- Iteration 34 | Time: 165.0s / 180s ---
[Orchestrator]RTT = 42.062328347402676
[Orchestrator] Metrics: 3 active instance(s), Avg CPU: 29.92%, Avg App MEM: 19.15 MB
[Autoscaler] Decision: NO_ACTION. Avg CPU: 29.92% is within thresholds (25.0% - 60.0%).
[DEBUG Orchestrator] Iteration Start. Instances Before Injector Logic: 3, Prev Injector Logic Instances: 3, Attack Started Flag: False, Normal Traffic Started Flag: True
[DEBUG Orchestrator] URLs derived for injector (if active): ['http://localhost:8080', 'http://localhost:8081', 'http://localhost:8082']
[Orchestrator] Starting/Restarting Normal Traffic. Target URLs for this call: ['http://localhost:8080', 'http://localhost:8081', 'http://localhost:8082']
[Normal_Injector] Normal traffic already in progress. Call stop_http_traffic() first.
[DEBUG Orchestrator] End of Iteration. previous_num_instances_for_injector_logic updated to: 3
[DEGUG Orchestrator Loop Duration] Loop Duration = 60432.3306376
[Sniffer] Label set to: benign

--- Iteration 35 | Time: 170.0s / 180s ---
[Orchestrator]RTT = 40.02208029443474
[Orchestrator] Metrics: 3 active instance(s), Avg CPU: 31.97%, Avg App MEM: 19.16 MB
[Autoscaler] Decision: NO_ACTION. Avg CPU: 31.97% is within thresholds (25.0% - 60.0%).
[DEBUG Orchestrator] Iteration Start. Instances Before Injector Logic: 3, Prev Injector Logic Instances: 3, Attack Started Flag: False, Normal Traffic Started Flag: True
[DEBUG Orchestrator] URLs derived for injector (if active): ['http://localhost:8080', 'http://localhost:8081', 'http://localhost:8082']
[Orchestrator] Starting/Restarting Normal Traffic. Target URLs for this call: ['http://localhost:8080', 'http://localhost:8081', 'http://localhost:8082']
[Normal_Injector] Normal traffic already in progress. Call stop_http_traffic() first.
[DEBUG Orchestrator] End of Iteration. previous_num_instances_for_injector_logic updated to: 3
[DEGUG Orchestrator Loop Duration] Loop Duration = 60437.3306376
[Sniffer] Label set to: benign

--- Iteration 36 | Time: 175.0s / 180s ---
[Orchestrator]RTT = 41.088136943144775
[Orchestrator] Metrics: 3 active instance(s), Avg CPU: 31.09%, Avg App MEM: 19.24 MB
[Autoscaler] Decision: NO_ACTION. Avg CPU: 31.09% is within thresholds (25.0% - 60.0%).
[DEBUG Orchestrator] Iteration Start. Instances Before Injector Logic: 3, Prev Injector Logic Instances: 3, Attack Started Flag: False, Normal Traffic Started Flag: True
[DEBUG Orchestrator] URLs derived for injector (if active): ['http://localhost:8080', 'http://localhost:8081', 'http://localhost:8082']
[Orchestrator] Starting/Restarting Normal Traffic. Target URLs for this call: ['http://localhost:8080', 'http://localhost:8081', 'http://localhost:8082']
[Normal_Injector] Normal traffic already in progress. Call stop_http_traffic() first.
[DEBUG Orchestrator] End of Iteration. previous_num_instances_for_injector_logic updated to: 3
[DEGUG Orchestrator Loop Duration] Loop Duration = 60442.3306376

[Orchestrator] Simulation duration reached.
[Orchestrator] Saving RTT log...
[Sniffer] Realtime tcpdump stopped.
[Orchestrator] Stopping normal traffic...
[Normal_Injector] Signaling workers to stop...
  [Normal_Injector Worker 134080166975168] Stopped. Total requests: 9256, Errors: 0
  [Normal_Injector Worker 134079274018496] Stopped. Total requests: 9376, Errors: 0
  [Normal_Injector Worker 134079802496704] Stopped. Total requests: 9341, Errors: 0
  [Normal_Injector Worker 134079810889408] Stopped. Total requests: 9263, Errors: 0
  [Normal_Injector Worker 134079785711296] Stopped. Total requests: 9359, Errors: 0
  [Normal_Injector Worker 134080183760576] Stopped. Total requests: 9348, Errors: 0
  [Normal_Injector Worker 134079257233088] Stopped. Total requests: 9406, Errors: 0
  [Normal_Injector Worker 134079768925888] Stopped. Total requests: 9242, Errors: 0
[Normal_Injector] Stop signal sent (non-blocking).
[Orchestrator] Cleaning up all simulation instances...
Cleaning up all simulation instances...
Stopping and removing container: target_instance_3 (f89afba912)...
  Container target_instance_3 removed.
Stopping and removing container: target_instance_2 (a48be98241)...
  Container target_instance_2 removed.
Stopping and removing container: target_instance_1 (f4ff6f9b93)...
  Container target_instance_1 removed.
Simulation instance cleanup complete.
[Stats_Collector] Stopping stats collector thread...
[Orchestrator] Simulation Complete. Total Fictional Cost: $0.0027
[Orchestrator] Metrics logged in: simulation_metrics.csv
Simulation duration set to: 180
Attack duration set to: 0
Normal traffic RPS per client set to: 64.0
Normal traffic number of clients set to: 8
Normal traffic work units set to: 10
[Orchestrator] Initializing simulation environment...
[Sniffer] Realtime tcpdump started on any
[Sniffer] Label set to: benign
[Autoscaler] Initialized.
Attempting to build Docker image: edos_target_app:latest...
Image edos_target_app:latest already exists. Skipping build.
Docker network 'edos_network' already exists.
[Orchestrator] Cleaning up any pre-existing simulation instances...
Cleaning up all simulation instances...
No simulation instances found to clean up.
[Orchestrator] Starting initial 1 instance(s)...
Attempting to start container target_instance_1 mapping container:80 to host:8080...
Container a9f60a2569 (target_instance_1) started. Accessible on host port 8080.
[Autoscaler] Initial number of instances set to: 1
[Orchestrator] 1 initial instance(s) running.
[Orchestrator] Metrics will be logged to: simulation_metrics.csv
[Orchestrator] Attack summary will be logged to: attack_summary_log.csv
[Orchestrator] Normal traffic summary will be logged to: normal_traffic_summary_log.csv
[Orchestrator] Starting simulation main loop for 180 seconds.
[Orchestrator] Monitoring interval: 5s. Cooldown: 20s.
[Orchestrator] CPU Thresholds: Scale Up > 60.0%, Scale Down < 25.0%
[Orchestrator] No traffic injection scheduled (ATTACK_DURATION_SECONDS is 0 or less).
[Sniffer] Label set to: benign

--- Iteration 1 | Time: 0.0s / 180s ---
[Orchestrator]RTT = 0.0
[Orchestrator] Metrics: 1 active instance(s), Avg CPU: 0.00%, Avg App MEM: 0.00 MB
[Autoscaler] Condition for SCALE_DOWN met (Avg CPU: 0.00%), but already at MIN_INSTANCES (1). No action.
[DEBUG Orchestrator] Iteration Start. Instances Before Injector Logic: 1, Prev Injector Logic Instances: 1, Attack Started Flag: False, Normal Traffic Started Flag: False
[DEBUG Orchestrator] URLs derived for injector (if active): ['http://localhost:8080']
[Orchestrator] Starting/Restarting Normal Traffic. Target URLs for this call: ['http://localhost:8080']
[Normal_Injector] Starting HTTP flood with 8 attackers, ~512.0 RPS total, across 1 targets: http://localhost:8080
  [Normal_Injector Worker 124459581421248] Started. Target: http://localhost:8080?work=10&sleep=0.0, RPS: 64.00, Mean interval: 0.0156s (Poisson)
  [Normal_Injector Worker 124459360974528] Started. Target: http://localhost:8080?work=10&sleep=0.0, RPS: 64.00, Mean interval: 0.0156s (Poisson)
  [Normal_Injector Worker 124459352581824] Started. Target: http://localhost:8080?work=10&sleep=0.0, RPS: 64.00, Mean interval: 0.0156s (Poisson)
  [Normal_Injector Worker 124459344189120] Started. Target: http://localhost:8080?work=10&sleep=0.0, RPS: 64.00, Mean interval: 0.0156s (Poisson)
  [Normal_Injector Worker 124459327403712] Started. Target: http://localhost:8080?work=10&sleep=0.0, RPS: 64.00, Mean interval: 0.0156s (Poisson)
  [Normal_Injector Worker 124459310618304] Started. Target: http://localhost:8080?work=10&sleep=0.0, RPS: 64.00, Mean interval: 0.0156s (Poisson)
  [Normal_Injector Worker 124458748602048] Started. Target: http://localhost:8080?work=10&sleep=0.0, RPS: 64.00, Mean interval: 0.0156s (Poisson)
  [Normal_Injector Worker 124458740209344] Started. Target: http://localhost:8080?work=10&sleep=0.0, RPS: 64.00, Mean interval: 0.0156s (Poisson)
[Normal_Injector] All 8 attacker threads launched.
[DEBUG Orchestrator] End of Iteration. previous_num_instances_for_injector_logic updated to: 1
[DEGUG Orchestrator Loop Duration] Loop Duration = 60458.451844517
[Sniffer] Label set to: benign

--- Iteration 2 | Time: 5.0s / 180s ---
[Orchestrator]RTT = 42.40665099848801
[Orchestrator] Metrics: 1 active instance(s), Avg CPU: 99.50%, Avg App MEM: 25.75 MB
[Autoscaler] Decision: SCALE_UP. Avg CPU: 99.50% > 60.0%. Current instances: 1, Max: 4
[Orchestrator] Action: Scaling UP from 1 instance(s). Attempting to start instance 2.
Attempting to start container target_instance_2 mapping container:80 to host:8081...
Container 2fc6a5e7b4 (target_instance_2) started. Accessible on host port 8081.
[Orchestrator] Successfully started target_instance_2. Now 2 instance(s).
[Autoscaler] Scale action recorded. New instance count: 2. Cooldown timer reset.
[DEBUG Orchestrator] Iteration Start. Instances Before Injector Logic: 2, Prev Injector Logic Instances: 1, Attack Started Flag: False, Normal Traffic Started Flag: True
[DEBUG Orchestrator] URLs derived for injector (if active): ['http://localhost:8080', 'http://localhost:8081']
[Orchestrator] Starting/Restarting Normal Traffic. Target URLs for this call: ['http://localhost:8080', 'http://localhost:8081']
[Normal_Injector] Normal traffic already in progress. Call stop_http_traffic() first.
[DEBUG Orchestrator] End of Iteration. previous_num_instances_for_injector_logic updated to: 2
[DEGUG Orchestrator Loop Duration] Loop Duration = 60463.451844517
[Sniffer] Label set to: benign

--- Iteration 3 | Time: 10.0s / 180s ---
[Orchestrator]RTT = 52.87846066357491
[Orchestrator] Metrics: 2 active instance(s), Avg CPU: 104.02%, Avg App MEM: 26.08 MB
[Autoscaler]In cooldown: 15.011198906002392
[DEBUG Orchestrator] Iteration Start. Instances Before Injector Logic: 2, Prev Injector Logic Instances: 2, Attack Started Flag: False, Normal Traffic Started Flag: True
[DEBUG Orchestrator] URLs derived for injector (if active): ['http://localhost:8080', 'http://localhost:8081']
[Orchestrator] Starting/Restarting Normal Traffic. Target URLs for this call: ['http://localhost:8080', 'http://localhost:8081']
[Normal_Injector] Normal traffic already in progress. Call stop_http_traffic() first.
[DEBUG Orchestrator] End of Iteration. previous_num_instances_for_injector_logic updated to: 2
[DEGUG Orchestrator Loop Duration] Loop Duration = 60468.451844517
[Sniffer] Label set to: benign

--- Iteration 4 | Time: 15.0s / 180s ---
[Orchestrator]RTT = 47.95121748369857
[Orchestrator] Metrics: 2 active instance(s), Avg CPU: 51.08%, Avg App MEM: 20.72 MB
[Autoscaler]In cooldown: 10.008851575003064
[DEBUG Orchestrator] Iteration Start. Instances Before Injector Logic: 2, Prev Injector Logic Instances: 2, Attack Started Flag: False, Normal Traffic Started Flag: True
[DEBUG Orchestrator] URLs derived for injector (if active): ['http://localhost:8080', 'http://localhost:8081']
[Orchestrator] Starting/Restarting Normal Traffic. Target URLs for this call: ['http://localhost:8080', 'http://localhost:8081']
[Normal_Injector] Normal traffic already in progress. Call stop_http_traffic() first.
[DEBUG Orchestrator] End of Iteration. previous_num_instances_for_injector_logic updated to: 2
[DEGUG Orchestrator Loop Duration] Loop Duration = 60473.451844517
[Sniffer] Label set to: benign

--- Iteration 5 | Time: 20.0s / 180s ---
[Orchestrator]RTT = 46.88851849376002
[Orchestrator] Metrics: 2 active instance(s), Avg CPU: 52.62%, Avg App MEM: 20.76 MB
[Autoscaler]In cooldown: 5.005774204997579
[DEBUG Orchestrator] Iteration Start. Instances Before Injector Logic: 2, Prev Injector Logic Instances: 2, Attack Started Flag: False, Normal Traffic Started Flag: True
[DEBUG Orchestrator] URLs derived for injector (if active): ['http://localhost:8080', 'http://localhost:8081']
[Orchestrator] Starting/Restarting Normal Traffic. Target URLs for this call: ['http://localhost:8080', 'http://localhost:8081']
[Normal_Injector] Normal traffic already in progress. Call stop_http_traffic() first.
[DEBUG Orchestrator] End of Iteration. previous_num_instances_for_injector_logic updated to: 2
[DEGUG Orchestrator Loop Duration] Loop Duration = 60478.451844517
[Sniffer] Label set to: benign

--- Iteration 6 | Time: 25.0s / 180s ---
[Orchestrator]RTT = 48.31045630780612
[Orchestrator] Metrics: 2 active instance(s), Avg CPU: 54.51%, Avg App MEM: 20.80 MB
[Autoscaler] Decision: NO_ACTION. Avg CPU: 54.51% is within thresholds (25.0% - 60.0%).
[DEBUG Orchestrator] Iteration Start. Instances Before Injector Logic: 2, Prev Injector Logic Instances: 2, Attack Started Flag: False, Normal Traffic Started Flag: True
[DEBUG Orchestrator] URLs derived for injector (if active): ['http://localhost:8080', 'http://localhost:8081']
[Orchestrator] Starting/Restarting Normal Traffic. Target URLs for this call: ['http://localhost:8080', 'http://localhost:8081']
[Normal_Injector] Normal traffic already in progress. Call stop_http_traffic() first.
[DEBUG Orchestrator] End of Iteration. previous_num_instances_for_injector_logic updated to: 2
[DEGUG Orchestrator Loop Duration] Loop Duration = 60483.451844517
[Sniffer] Label set to: benign

--- Iteration 7 | Time: 30.0s / 180s ---
[Orchestrator]RTT = 46.39700510003467
[Orchestrator] Metrics: 2 active instance(s), Avg CPU: 33.74%, Avg App MEM: 18.85 MB
[Autoscaler] Decision: NO_ACTION. Avg CPU: 33.74% is within thresholds (25.0% - 60.0%).
[DEBUG Orchestrator] Iteration Start. Instances Before Injector Logic: 2, Prev Injector Logic Instances: 2, Attack Started Flag: False, Normal Traffic Started Flag: True
[DEBUG Orchestrator] URLs derived for injector (if active): ['http://localhost:8080', 'http://localhost:8081']
[Orchestrator] Starting/Restarting Normal Traffic. Target URLs for this call: ['http://localhost:8080', 'http://localhost:8081']
[Normal_Injector] Normal traffic already in progress. Call stop_http_traffic() first.
[DEBUG Orchestrator] End of Iteration. previous_num_instances_for_injector_logic updated to: 2
[DEGUG Orchestrator Loop Duration] Loop Duration = 60488.451844517
[Sniffer] Label set to: benign

--- Iteration 8 | Time: 35.0s / 180s ---
[Orchestrator]RTT = 44.04578246335818
[Orchestrator] Metrics: 2 active instance(s), Avg CPU: 45.21%, Avg App MEM: 20.94 MB
[Autoscaler] Decision: NO_ACTION. Avg CPU: 45.21% is within thresholds (25.0% - 60.0%).
[DEBUG Orchestrator] Iteration Start. Instances Before Injector Logic: 2, Prev Injector Logic Instances: 2, Attack Started Flag: False, Normal Traffic Started Flag: True
[DEBUG Orchestrator] URLs derived for injector (if active): ['http://localhost:8080', 'http://localhost:8081']
[Orchestrator] Starting/Restarting Normal Traffic. Target URLs for this call: ['http://localhost:8080', 'http://localhost:8081']
[Normal_Injector] Normal traffic already in progress. Call stop_http_traffic() first.
[DEBUG Orchestrator] End of Iteration. previous_num_instances_for_injector_logic updated to: 2
[DEGUG Orchestrator Loop Duration] Loop Duration = 60493.451844517
[Sniffer] Label set to: benign

--- Iteration 9 | Time: 40.0s / 180s ---
[Orchestrator]RTT = 40.461136243536096
[Orchestrator] Metrics: 2 active instance(s), Avg CPU: 58.98%, Avg App MEM: 22.67 MB
[Autoscaler] Decision: NO_ACTION. Avg CPU: 58.98% is within thresholds (25.0% - 60.0%).
[DEBUG Orchestrator] Iteration Start. Instances Before Injector Logic: 2, Prev Injector Logic Instances: 2, Attack Started Flag: False, Normal Traffic Started Flag: True
[DEBUG Orchestrator] URLs derived for injector (if active): ['http://localhost:8080', 'http://localhost:8081']
[Orchestrator] Starting/Restarting Normal Traffic. Target URLs for this call: ['http://localhost:8080', 'http://localhost:8081']
[Normal_Injector] Normal traffic already in progress. Call stop_http_traffic() first.
[DEBUG Orchestrator] End of Iteration. previous_num_instances_for_injector_logic updated to: 2
[DEGUG Orchestrator Loop Duration] Loop Duration = 60498.451844517
[Sniffer] Label set to: benign

--- Iteration 10 | Time: 45.0s / 180s ---
[Orchestrator]RTT = 40.59831612232566
[Orchestrator] Metrics: 2 active instance(s), Avg CPU: 43.00%, Avg App MEM: 20.78 MB
[Autoscaler] Decision: NO_ACTION. Avg CPU: 43.00% is within thresholds (25.0% - 60.0%).
[DEBUG Orchestrator] Iteration Start. Instances Before Injector Logic: 2, Prev Injector Logic Instances: 2, Attack Started Flag: False, Normal Traffic Started Flag: True
[DEBUG Orchestrator] URLs derived for injector (if active): ['http://localhost:8080', 'http://localhost:8081']
[Orchestrator] Starting/Restarting Normal Traffic. Target URLs for this call: ['http://localhost:8080', 'http://localhost:8081']
[Normal_Injector] Normal traffic already in progress. Call stop_http_traffic() first.
[DEBUG Orchestrator] End of Iteration. previous_num_instances_for_injector_logic updated to: 2
[DEGUG Orchestrator Loop Duration] Loop Duration = 60503.451844517
[Sniffer] Label set to: benign

--- Iteration 11 | Time: 50.0s / 180s ---
[Orchestrator]RTT = 40.34603975790075
[Orchestrator] Metrics: 2 active instance(s), Avg CPU: 42.23%, Avg App MEM: 20.67 MB
[Autoscaler] Decision: NO_ACTION. Avg CPU: 42.23% is within thresholds (25.0% - 60.0%).
[DEBUG Orchestrator] Iteration Start. Instances Before Injector Logic: 2, Prev Injector Logic Instances: 2, Attack Started Flag: False, Normal Traffic Started Flag: True
[DEBUG Orchestrator] URLs derived for injector (if active): ['http://localhost:8080', 'http://localhost:8081']
[Orchestrator] Starting/Restarting Normal Traffic. Target URLs for this call: ['http://localhost:8080', 'http://localhost:8081']
[Normal_Injector] Normal traffic already in progress. Call stop_http_traffic() first.
[DEBUG Orchestrator] End of Iteration. previous_num_instances_for_injector_logic updated to: 2
[DEGUG Orchestrator Loop Duration] Loop Duration = 60508.451844517
[Sniffer] Label set to: benign

--- Iteration 12 | Time: 55.0s / 180s ---
[Orchestrator]RTT = 40.6725802628257
[Orchestrator] Metrics: 2 active instance(s), Avg CPU: 39.88%, Avg App MEM: 20.68 MB
[Autoscaler] Decision: NO_ACTION. Avg CPU: 39.88% is within thresholds (25.0% - 60.0%).
[DEBUG Orchestrator] Iteration Start. Instances Before Injector Logic: 2, Prev Injector Logic Instances: 2, Attack Started Flag: False, Normal Traffic Started Flag: True
[DEBUG Orchestrator] URLs derived for injector (if active): ['http://localhost:8080', 'http://localhost:8081']
[Orchestrator] Starting/Restarting Normal Traffic. Target URLs for this call: ['http://localhost:8080', 'http://localhost:8081']
[Normal_Injector] Normal traffic already in progress. Call stop_http_traffic() first.
[DEBUG Orchestrator] End of Iteration. previous_num_instances_for_injector_logic updated to: 2
[DEGUG Orchestrator Loop Duration] Loop Duration = 60513.451844517
[Sniffer] Label set to: benign

--- Iteration 13 | Time: 60.0s / 180s ---
[Orchestrator]RTT = 40.43134000172628
[Orchestrator] Metrics: 2 active instance(s), Avg CPU: 26.21%, Avg App MEM: 18.85 MB
[Autoscaler] Decision: NO_ACTION. Avg CPU: 26.21% is within thresholds (25.0% - 60.0%).
[DEBUG Orchestrator] Iteration Start. Instances Before Injector Logic: 2, Prev Injector Logic Instances: 2, Attack Started Flag: False, Normal Traffic Started Flag: True
[DEBUG Orchestrator] URLs derived for injector (if active): ['http://localhost:8080', 'http://localhost:8081']
[Orchestrator] Starting/Restarting Normal Traffic. Target URLs for this call: ['http://localhost:8080', 'http://localhost:8081']
[Normal_Injector] Normal traffic already in progress. Call stop_http_traffic() first.
[DEBUG Orchestrator] End of Iteration. previous_num_instances_for_injector_logic updated to: 2
[DEGUG Orchestrator Loop Duration] Loop Duration = 60518.451844517
[Sniffer] Label set to: benign

--- Iteration 14 | Time: 65.0s / 180s ---
[Orchestrator]RTT = 39.46438532676935
[Orchestrator] Metrics: 2 active instance(s), Avg CPU: 39.19%, Avg App MEM: 20.67 MB
[Autoscaler] Decision: NO_ACTION. Avg CPU: 39.19% is within thresholds (25.0% - 60.0%).
[DEBUG Orchestrator] Iteration Start. Instances Before Injector Logic: 2, Prev Injector Logic Instances: 2, Attack Started Flag: False, Normal Traffic Started Flag: True
[DEBUG Orchestrator] URLs derived for injector (if active): ['http://localhost:8080', 'http://localhost:8081']
[Orchestrator] Starting/Restarting Normal Traffic. Target URLs for this call: ['http://localhost:8080', 'http://localhost:8081']
[Normal_Injector] Normal traffic already in progress. Call stop_http_traffic() first.
[DEBUG Orchestrator] End of Iteration. previous_num_instances_for_injector_logic updated to: 2
[DEGUG Orchestrator Loop Duration] Loop Duration = 60523.451844517
[Sniffer] Label set to: benign

--- Iteration 15 | Time: 70.0s / 180s ---
[Orchestrator]RTT = 39.4883082270795
[Orchestrator] Metrics: 2 active instance(s), Avg CPU: 37.88%, Avg App MEM: 20.80 MB
[Autoscaler] Decision: NO_ACTION. Avg CPU: 37.88% is within thresholds (25.0% - 60.0%).
[DEBUG Orchestrator] Iteration Start. Instances Before Injector Logic: 2, Prev Injector Logic Instances: 2, Attack Started Flag: False, Normal Traffic Started Flag: True
[DEBUG Orchestrator] URLs derived for injector (if active): ['http://localhost:8080', 'http://localhost:8081']
[Orchestrator] Starting/Restarting Normal Traffic. Target URLs for this call: ['http://localhost:8080', 'http://localhost:8081']
[Normal_Injector] Normal traffic already in progress. Call stop_http_traffic() first.
[DEBUG Orchestrator] End of Iteration. previous_num_instances_for_injector_logic updated to: 2
[DEGUG Orchestrator Loop Duration] Loop Duration = 60528.451844517
[Sniffer] Label set to: benign

--- Iteration 16 | Time: 75.0s / 180s ---
[Orchestrator]RTT = 39.248842713496025
[Orchestrator] Metrics: 2 active instance(s), Avg CPU: 35.22%, Avg App MEM: 20.67 MB
[Autoscaler] Decision: NO_ACTION. Avg CPU: 35.22% is within thresholds (25.0% - 60.0%).
[DEBUG Orchestrator] Iteration Start. Instances Before Injector Logic: 2, Prev Injector Logic Instances: 2, Attack Started Flag: False, Normal Traffic Started Flag: True
[DEBUG Orchestrator] URLs derived for injector (if active): ['http://localhost:8080', 'http://localhost:8081']
[Orchestrator] Starting/Restarting Normal Traffic. Target URLs for this call: ['http://localhost:8080', 'http://localhost:8081']
[Normal_Injector] Normal traffic already in progress. Call stop_http_traffic() first.
[DEBUG Orchestrator] End of Iteration. previous_num_instances_for_injector_logic updated to: 2
[DEGUG Orchestrator Loop Duration] Loop Duration = 60533.451844517
[Sniffer] Label set to: benign

--- Iteration 17 | Time: 80.0s / 180s ---
[Orchestrator]RTT = 39.94459801203971
[Orchestrator] Metrics: 2 active instance(s), Avg CPU: 44.79%, Avg App MEM: 22.74 MB
[Autoscaler] Decision: NO_ACTION. Avg CPU: 44.79% is within thresholds (25.0% - 60.0%).
[DEBUG Orchestrator] Iteration Start. Instances Before Injector Logic: 2, Prev Injector Logic Instances: 2, Attack Started Flag: False, Normal Traffic Started Flag: True
[DEBUG Orchestrator] URLs derived for injector (if active): ['http://localhost:8080', 'http://localhost:8081']
[Orchestrator] Starting/Restarting Normal Traffic. Target URLs for this call: ['http://localhost:8080', 'http://localhost:8081']
[Normal_Injector] Normal traffic already in progress. Call stop_http_traffic() first.
[DEBUG Orchestrator] End of Iteration. previous_num_instances_for_injector_logic updated to: 2
[DEGUG Orchestrator Loop Duration] Loop Duration = 60538.451844517
[Sniffer] Label set to: benign

--- Iteration 18 | Time: 85.0s / 180s ---
[Orchestrator]RTT = 39.54734919304193
[Orchestrator] Metrics: 2 active instance(s), Avg CPU: 33.36%, Avg App MEM: 20.92 MB
[Autoscaler] Decision: NO_ACTION. Avg CPU: 33.36% is within thresholds (25.0% - 60.0%).
[DEBUG Orchestrator] Iteration Start. Instances Before Injector Logic: 2, Prev Injector Logic Instances: 2, Attack Started Flag: False, Normal Traffic Started Flag: True
[DEBUG Orchestrator] URLs derived for injector (if active): ['http://localhost:8080', 'http://localhost:8081']
[Orchestrator] Starting/Restarting Normal Traffic. Target URLs for this call: ['http://localhost:8080', 'http://localhost:8081']
[Normal_Injector] Normal traffic already in progress. Call stop_http_traffic() first.
[DEBUG Orchestrator] End of Iteration. previous_num_instances_for_injector_logic updated to: 2
[DEGUG Orchestrator Loop Duration] Loop Duration = 60543.451844517
[Sniffer] Label set to: benign

--- Iteration 19 | Time: 90.0s / 180s ---
[Orchestrator]RTT = 39.80615704882446
[Orchestrator] Metrics: 2 active instance(s), Avg CPU: 29.83%, Avg App MEM: 20.79 MB
[Autoscaler] Decision: NO_ACTION. Avg CPU: 29.83% is within thresholds (25.0% - 60.0%).
[DEBUG Orchestrator] Iteration Start. Instances Before Injector Logic: 2, Prev Injector Logic Instances: 2, Attack Started Flag: False, Normal Traffic Started Flag: True
[DEBUG Orchestrator] URLs derived for injector (if active): ['http://localhost:8080', 'http://localhost:8081']
[Orchestrator] Starting/Restarting Normal Traffic. Target URLs for this call: ['http://localhost:8080', 'http://localhost:8081']
[Normal_Injector] Normal traffic already in progress. Call stop_http_traffic() first.
[DEBUG Orchestrator] End of Iteration. previous_num_instances_for_injector_logic updated to: 2
[DEGUG Orchestrator Loop Duration] Loop Duration = 60548.451844517
[Sniffer] Label set to: benign

--- Iteration 20 | Time: 95.0s / 180s ---
[Orchestrator]RTT = 39.64734236000324
[Orchestrator] Metrics: 2 active instance(s), Avg CPU: 31.07%, Avg App MEM: 20.79 MB
[Autoscaler] Decision: NO_ACTION. Avg CPU: 31.07% is within thresholds (25.0% - 60.0%).
[DEBUG Orchestrator] Iteration Start. Instances Before Injector Logic: 2, Prev Injector Logic Instances: 2, Attack Started Flag: False, Normal Traffic Started Flag: True
[DEBUG Orchestrator] URLs derived for injector (if active): ['http://localhost:8080', 'http://localhost:8081']
[Orchestrator] Starting/Restarting Normal Traffic. Target URLs for this call: ['http://localhost:8080', 'http://localhost:8081']
[Normal_Injector] Normal traffic already in progress. Call stop_http_traffic() first.
[DEBUG Orchestrator] End of Iteration. previous_num_instances_for_injector_logic updated to: 2
[DEGUG Orchestrator Loop Duration] Loop Duration = 60553.451844517
[Sniffer] Label set to: benign

--- Iteration 21 | Time: 100.0s / 180s ---
[Orchestrator]RTT = 39.50449466289598
[Orchestrator] Metrics: 2 active instance(s), Avg CPU: 20.13%, Avg App MEM: 19.02 MB
[Autoscaler] Decision: SCALE_DOWN. Avg CPU: 20.13% < 25.0%. Current instances: 2, Min: 1
[Orchestrator] Action: Scaling DOWN from 2 instance(s). Stopping target_instance_2.
Attempting to stop and remove container target_instance_2...
Container target_instance_2 stopped and removed.
[Orchestrator] Successfully stopped target_instance_2. Now 1 instance(s).
[Autoscaler] Scale action recorded. New instance count: 1. Cooldown timer reset.
[DEBUG Orchestrator] Iteration Start. Instances Before Injector Logic: 1, Prev Injector Logic Instances: 2, Attack Started Flag: False, Normal Traffic Started Flag: True
[DEBUG Orchestrator] URLs derived for injector (if active): ['http://localhost:8080']
[Orchestrator] Starting/Restarting Normal Traffic. Target URLs for this call: ['http://localhost:8080']
[Normal_Injector] Normal traffic already in progress. Call stop_http_traffic() first.
[DEBUG Orchestrator] End of Iteration. previous_num_instances_for_injector_logic updated to: 1
[DEGUG Orchestrator Loop Duration] Loop Duration = 60558.451844517
[Orchestrator] Warning: Loop iteration took longer than MONITOR_INTERVAL_SECONDS (5s). Not sleeping.
[Sniffer] Label set to: benign

--- Iteration 22 | Time: 105.9s / 180s ---
[Orchestrator]RTT = 39.48080198220177
[Orchestrator] Metrics: 1 active instance(s), Avg CPU: 55.33%, Avg App MEM: 26.75 MB
[Autoscaler]In cooldown: 13.991599811000924
[DEBUG Orchestrator] Iteration Start. Instances Before Injector Logic: 1, Prev Injector Logic Instances: 1, Attack Started Flag: False, Normal Traffic Started Flag: True
[DEBUG Orchestrator] URLs derived for injector (if active): ['http://localhost:8080']
[Orchestrator] Starting/Restarting Normal Traffic. Target URLs for this call: ['http://localhost:8080']
[Normal_Injector] Normal traffic already in progress. Call stop_http_traffic() first.
[DEBUG Orchestrator] End of Iteration. previous_num_instances_for_injector_logic updated to: 1
[DEGUG Orchestrator Loop Duration] Loop Duration = 60563.451844517
[Sniffer] Label set to: benign

--- Iteration 23 | Time: 110.1s / 180s ---
[Orchestrator]RTT = 38.8070768153113
[Orchestrator] Metrics: 1 active instance(s), Avg CPU: 53.17%, Avg App MEM: 26.99 MB
[Autoscaler]In cooldown: 9.860378648998449
[DEBUG Orchestrator] Iteration Start. Instances Before Injector Logic: 1, Prev Injector Logic Instances: 1, Attack Started Flag: False, Normal Traffic Started Flag: True
[DEBUG Orchestrator] URLs derived for injector (if active): ['http://localhost:8080']
[Orchestrator] Starting/Restarting Normal Traffic. Target URLs for this call: ['http://localhost:8080']
[Normal_Injector] Normal traffic already in progress. Call stop_http_traffic() first.
[DEBUG Orchestrator] End of Iteration. previous_num_instances_for_injector_logic updated to: 1
[DEGUG Orchestrator Loop Duration] Loop Duration = 60568.451844517
[Sniffer] Label set to: benign

--- Iteration 24 | Time: 115.0s / 180s ---
[Orchestrator]RTT = 39.07605346375858
[Orchestrator] Metrics: 1 active instance(s), Avg CPU: 50.26%, Avg App MEM: 26.75 MB
[Autoscaler]In cooldown: 4.924165094998898
[DEBUG Orchestrator] Iteration Start. Instances Before Injector Logic: 1, Prev Injector Logic Instances: 1, Attack Started Flag: False, Normal Traffic Started Flag: True
[DEBUG Orchestrator] URLs derived for injector (if active): ['http://localhost:8080']
[Orchestrator] Starting/Restarting Normal Traffic. Target URLs for this call: ['http://localhost:8080']
[Normal_Injector] Normal traffic already in progress. Call stop_http_traffic() first.
[DEBUG Orchestrator] End of Iteration. previous_num_instances_for_injector_logic updated to: 1
[DEGUG Orchestrator Loop Duration] Loop Duration = 60573.451844517
[Sniffer] Label set to: benign

--- Iteration 25 | Time: 120.0s / 180s ---
[Orchestrator]RTT = 39.187653202777035
[Orchestrator] Metrics: 1 active instance(s), Avg CPU: 50.07%, Avg App MEM: 26.87 MB
[Autoscaler] Decision: NO_ACTION. Avg CPU: 50.07% is within thresholds (25.0% - 60.0%).
[DEBUG Orchestrator] Iteration Start. Instances Before Injector Logic: 1, Prev Injector Logic Instances: 1, Attack Started Flag: False, Normal Traffic Started Flag: True
[DEBUG Orchestrator] URLs derived for injector (if active): ['http://localhost:8080']
[Orchestrator] Starting/Restarting Normal Traffic. Target URLs for this call: ['http://localhost:8080']
[Normal_Injector] Normal traffic already in progress. Call stop_http_traffic() first.
[DEBUG Orchestrator] End of Iteration. previous_num_instances_for_injector_logic updated to: 1
[DEGUG Orchestrator Loop Duration] Loop Duration = 60578.451844517
[Sniffer] Label set to: benign

--- Iteration 26 | Time: 125.0s / 180s ---
[Orchestrator]RTT = 38.62938004056247
[Orchestrator] Metrics: 1 active instance(s), Avg CPU: 43.30%, Avg App MEM: 26.88 MB
[Autoscaler] Decision: NO_ACTION. Avg CPU: 43.30% is within thresholds (25.0% - 60.0%).
[DEBUG Orchestrator] Iteration Start. Instances Before Injector Logic: 1, Prev Injector Logic Instances: 1, Attack Started Flag: False, Normal Traffic Started Flag: True
[DEBUG Orchestrator] URLs derived for injector (if active): ['http://localhost:8080']
[Orchestrator] Starting/Restarting Normal Traffic. Target URLs for this call: ['http://localhost:8080']
[Normal_Injector] Normal traffic already in progress. Call stop_http_traffic() first.
[DEBUG Orchestrator] End of Iteration. previous_num_instances_for_injector_logic updated to: 1
[DEGUG Orchestrator Loop Duration] Loop Duration = 60583.451844517
[Sniffer] Label set to: benign

--- Iteration 27 | Time: 130.0s / 180s ---
[Orchestrator]RTT = 38.765226646951994
[Orchestrator] Metrics: 1 active instance(s), Avg CPU: 43.65%, Avg App MEM: 26.79 MB
[Autoscaler] Decision: NO_ACTION. Avg CPU: 43.65% is within thresholds (25.0% - 60.0%).
[DEBUG Orchestrator] Iteration Start. Instances Before Injector Logic: 1, Prev Injector Logic Instances: 1, Attack Started Flag: False, Normal Traffic Started Flag: True
[DEBUG Orchestrator] URLs derived for injector (if active): ['http://localhost:8080']
[Orchestrator] Starting/Restarting Normal Traffic. Target URLs for this call: ['http://localhost:8080']
[Normal_Injector] Normal traffic already in progress. Call stop_http_traffic() first.
[DEBUG Orchestrator] End of Iteration. previous_num_instances_for_injector_logic updated to: 1
[DEGUG Orchestrator Loop Duration] Loop Duration = 60588.451844517
[Sniffer] Label set to: benign

--- Iteration 28 | Time: 135.0s / 180s ---
[Orchestrator]RTT = 40.148934550482025
[Orchestrator] Metrics: 1 active instance(s), Avg CPU: 39.34%, Avg App MEM: 26.75 MB
[Autoscaler] Decision: NO_ACTION. Avg CPU: 39.34% is within thresholds (25.0% - 60.0%).
[DEBUG Orchestrator] Iteration Start. Instances Before Injector Logic: 1, Prev Injector Logic Instances: 1, Attack Started Flag: False, Normal Traffic Started Flag: True
[DEBUG Orchestrator] URLs derived for injector (if active): ['http://localhost:8080']
[Orchestrator] Starting/Restarting Normal Traffic. Target URLs for this call: ['http://localhost:8080']
[Normal_Injector] Normal traffic already in progress. Call stop_http_traffic() first.
[DEBUG Orchestrator] End of Iteration. previous_num_instances_for_injector_logic updated to: 1
[DEGUG Orchestrator Loop Duration] Loop Duration = 60593.451844517
[Sniffer] Label set to: benign

--- Iteration 29 | Time: 140.0s / 180s ---
[Orchestrator]RTT = 38.1679666491691
[Orchestrator] Metrics: 1 active instance(s), Avg CPU: 39.63%, Avg App MEM: 26.63 MB
[Autoscaler] Decision: NO_ACTION. Avg CPU: 39.63% is within thresholds (25.0% - 60.0%).
[DEBUG Orchestrator] Iteration Start. Instances Before Injector Logic: 1, Prev Injector Logic Instances: 1, Attack Started Flag: False, Normal Traffic Started Flag: True
[DEBUG Orchestrator] URLs derived for injector (if active): ['http://localhost:8080']
[Orchestrator] Starting/Restarting Normal Traffic. Target URLs for this call: ['http://localhost:8080']
[Normal_Injector] Normal traffic already in progress. Call stop_http_traffic() first.
[DEBUG Orchestrator] End of Iteration. previous_num_instances_for_injector_logic updated to: 1
[DEGUG Orchestrator Loop Duration] Loop Duration = 60598.451844517
[Sniffer] Label set to: benign

--- Iteration 30 | Time: 145.0s / 180s ---
[Orchestrator]RTT = 38.27609925782288
[Orchestrator] Metrics: 1 active instance(s), Avg CPU: 37.14%, Avg App MEM: 26.74 MB
[Autoscaler] Decision: NO_ACTION. Avg CPU: 37.14% is within thresholds (25.0% - 60.0%).
[DEBUG Orchestrator] Iteration Start. Instances Before Injector Logic: 1, Prev Injector Logic Instances: 1, Attack Started Flag: False, Normal Traffic Started Flag: True
[DEBUG Orchestrator] URLs derived for injector (if active): ['http://localhost:8080']
[Orchestrator] Starting/Restarting Normal Traffic. Target URLs for this call: ['http://localhost:8080']
[Normal_Injector] Normal traffic already in progress. Call stop_http_traffic() first.
[DEBUG Orchestrator] End of Iteration. previous_num_instances_for_injector_logic updated to: 1
[DEGUG Orchestrator Loop Duration] Loop Duration = 60603.451844517
[Sniffer] Label set to: benign

--- Iteration 31 | Time: 150.0s / 180s ---
[Orchestrator]RTT = 39.385852723640696
[Orchestrator] Metrics: 1 active instance(s), Avg CPU: 32.43%, Avg App MEM: 26.62 MB
[Autoscaler] Decision: NO_ACTION. Avg CPU: 32.43% is within thresholds (25.0% - 60.0%).
[DEBUG Orchestrator] Iteration Start. Instances Before Injector Logic: 1, Prev Injector Logic Instances: 1, Attack Started Flag: False, Normal Traffic Started Flag: True
[DEBUG Orchestrator] URLs derived for injector (if active): ['http://localhost:8080']
[Orchestrator] Starting/Restarting Normal Traffic. Target URLs for this call: ['http://localhost:8080']
[Normal_Injector] Normal traffic already in progress. Call stop_http_traffic() first.
[DEBUG Orchestrator] End of Iteration. previous_num_instances_for_injector_logic updated to: 1
[DEGUG Orchestrator Loop Duration] Loop Duration = 60608.451844517
[Sniffer] Label set to: benign

--- Iteration 32 | Time: 155.0s / 180s ---
[Orchestrator]RTT = 39.22754146686618
[Orchestrator] Metrics: 1 active instance(s), Avg CPU: 32.24%, Avg App MEM: 26.74 MB
[Autoscaler] Decision: NO_ACTION. Avg CPU: 32.24% is within thresholds (25.0% - 60.0%).
[DEBUG Orchestrator] Iteration Start. Instances Before Injector Logic: 1, Prev Injector Logic Instances: 1, Attack Started Flag: False, Normal Traffic Started Flag: True
[DEBUG Orchestrator] URLs derived for injector (if active): ['http://localhost:8080']
[Orchestrator] Starting/Restarting Normal Traffic. Target URLs for this call: ['http://localhost:8080']
[Normal_Injector] Normal traffic already in progress. Call stop_http_traffic() first.
[DEBUG Orchestrator] End of Iteration. previous_num_instances_for_injector_logic updated to: 1
[DEGUG Orchestrator Loop Duration] Loop Duration = 60613.451844517
[Sniffer] Label set to: benign

--- Iteration 33 | Time: 160.0s / 180s ---
[Orchestrator]RTT = 38.242875138268815
[Orchestrator] Metrics: 1 active instance(s), Avg CPU: 32.17%, Avg App MEM: 26.70 MB
[Autoscaler] Decision: NO_ACTION. Avg CPU: 32.17% is within thresholds (25.0% - 60.0%).
[DEBUG Orchestrator] Iteration Start. Instances Before Injector Logic: 1, Prev Injector Logic Instances: 1, Attack Started Flag: False, Normal Traffic Started Flag: True
[DEBUG Orchestrator] URLs derived for injector (if active): ['http://localhost:8080']
[Orchestrator] Starting/Restarting Normal Traffic. Target URLs for this call: ['http://localhost:8080']
[Normal_Injector] Normal traffic already in progress. Call stop_http_traffic() first.
[DEBUG Orchestrator] End of Iteration. previous_num_instances_for_injector_logic updated to: 1
[DEGUG Orchestrator Loop Duration] Loop Duration = 60618.451844517
[Sniffer] Label set to: benign

--- Iteration 34 | Time: 165.0s / 180s ---
[Orchestrator]RTT = 41.78149267493894
[Orchestrator] Metrics: 1 active instance(s), Avg CPU: 25.38%, Avg App MEM: 26.37 MB
[Autoscaler] Decision: NO_ACTION. Avg CPU: 25.38% is within thresholds (25.0% - 60.0%).
[DEBUG Orchestrator] Iteration Start. Instances Before Injector Logic: 1, Prev Injector Logic Instances: 1, Attack Started Flag: False, Normal Traffic Started Flag: True
[DEBUG Orchestrator] URLs derived for injector (if active): ['http://localhost:8080']
[Orchestrator] Starting/Restarting Normal Traffic. Target URLs for this call: ['http://localhost:8080']
[Normal_Injector] Normal traffic already in progress. Call stop_http_traffic() first.
[DEBUG Orchestrator] End of Iteration. previous_num_instances_for_injector_logic updated to: 1
[DEGUG Orchestrator Loop Duration] Loop Duration = 60623.451844517
[Sniffer] Label set to: benign

--- Iteration 35 | Time: 170.0s / 180s ---
[Orchestrator]RTT = 40.55734015047589
[Orchestrator] Metrics: 1 active instance(s), Avg CPU: 23.92%, Avg App MEM: 26.99 MB
[Autoscaler] Condition for SCALE_DOWN met (Avg CPU: 23.92%), but already at MIN_INSTANCES (1). No action.
[DEBUG Orchestrator] Iteration Start. Instances Before Injector Logic: 1, Prev Injector Logic Instances: 1, Attack Started Flag: False, Normal Traffic Started Flag: True
[DEBUG Orchestrator] URLs derived for injector (if active): ['http://localhost:8080']
[Orchestrator] Starting/Restarting Normal Traffic. Target URLs for this call: ['http://localhost:8080']
[Normal_Injector] Normal traffic already in progress. Call stop_http_traffic() first.
[DEBUG Orchestrator] End of Iteration. previous_num_instances_for_injector_logic updated to: 1
[DEGUG Orchestrator Loop Duration] Loop Duration = 60628.451844517
[Sniffer] Label set to: benign

--- Iteration 36 | Time: 175.0s / 180s ---
[Orchestrator]RTT = 44.65542574474557
[Orchestrator] Metrics: 1 active instance(s), Avg CPU: 24.03%, Avg App MEM: 26.73 MB
[Autoscaler] Condition for SCALE_DOWN met (Avg CPU: 24.03%), but already at MIN_INSTANCES (1). No action.
[DEBUG Orchestrator] Iteration Start. Instances Before Injector Logic: 1, Prev Injector Logic Instances: 1, Attack Started Flag: False, Normal Traffic Started Flag: True
[DEBUG Orchestrator] URLs derived for injector (if active): ['http://localhost:8080']
[Orchestrator] Starting/Restarting Normal Traffic. Target URLs for this call: ['http://localhost:8080']
[Normal_Injector] Normal traffic already in progress. Call stop_http_traffic() first.
[DEBUG Orchestrator] End of Iteration. previous_num_instances_for_injector_logic updated to: 1
[DEGUG Orchestrator Loop Duration] Loop Duration = 60633.451844517

[Orchestrator] Simulation duration reached.
[Orchestrator] Saving RTT log...
[Sniffer] Realtime tcpdump stopped.
[Orchestrator] Stopping normal traffic...
[Normal_Injector] Signaling workers to stop...
[Normal_Injector] Stop signal sent (non-blocking).
[Orchestrator] Cleaning up all simulation instances...
Cleaning up all simulation instances...
Stopping and removing container: target_instance_1 (a9f60a2569)...
  Container target_instance_1 removed.
Simulation instance cleanup complete.
[Stats_Collector] Stopping stats collector thread...
[Orchestrator] Simulation Complete. Total Fictional Cost: $0.0015
[Orchestrator] Metrics logged in: simulation_metrics.csv
  [Normal_Injector Worker 124458748602048] Stopped. Total requests: 6296, Errors: 1664
  [Normal_Injector Worker 124459352581824] Stopped. Total requests: 6400, Errors: 1735
  [Normal_Injector Worker 124458740209344] Stopped. Total requests: 6428, Errors: 1668
  [Normal_Injector Worker 124459581421248] Stopped. Total requests: 6443, Errors: 1711
  [Normal_Injector Worker 124459327403712] Stopped. Total requests: 6338, Errors: 1665
  [Normal_Injector Worker 124459344189120] Stopped. Total requests: 6345, Errors: 1694
  [Normal_Injector Worker 124459360974528] Stopped. Total requests: 6337, Errors: 1691
  [Normal_Injector Worker 124459310618304] Stopped. Total requests: 6393, Errors: 1605
Simulation duration set to: 180
Attack duration set to: 0
Normal traffic RPS per client set to: 64.0
Normal traffic number of clients set to: 8
Normal traffic work units set to: 10
[Orchestrator] Initializing simulation environment...
[Sniffer] Realtime tcpdump started on any
[Sniffer] Label set to: benign
[Autoscaler] Initialized.
Attempting to build Docker image: edos_target_app:latest...
Image edos_target_app:latest already exists. Skipping build.
Docker network 'edos_network' already exists.
[Orchestrator] Cleaning up any pre-existing simulation instances...
Cleaning up all simulation instances...
No simulation instances found to clean up.
[Orchestrator] Starting initial 1 instance(s)...
Attempting to start container target_instance_1 mapping container:80 to host:8080...
Container 64255a5a01 (target_instance_1) started. Accessible on host port 8080.
[Autoscaler] Initial number of instances set to: 1
[Orchestrator] 1 initial instance(s) running.
[Orchestrator] Metrics will be logged to: simulation_metrics.csv
[Orchestrator] Attack summary will be logged to: attack_summary_log.csv
[Orchestrator] Normal traffic summary will be logged to: normal_traffic_summary_log.csv
[Orchestrator] Starting simulation main loop for 180 seconds.
[Orchestrator] Monitoring interval: 5s. Cooldown: 20s.
[Orchestrator] CPU Thresholds: Scale Up > 60.0%, Scale Down < 25.0%
[Orchestrator] No traffic injection scheduled (ATTACK_DURATION_SECONDS is 0 or less).
[Sniffer] Label set to: benign

--- Iteration 1 | Time: 0.0s / 180s ---
[Orchestrator]RTT = 0.0
[Orchestrator] Metrics: 1 active instance(s), Avg CPU: 0.00%, Avg App MEM: 0.00 MB
[Autoscaler] Condition for SCALE_DOWN met (Avg CPU: 0.00%), but already at MIN_INSTANCES (1). No action.
[DEBUG Orchestrator] Iteration Start. Instances Before Injector Logic: 1, Prev Injector Logic Instances: 1, Attack Started Flag: False, Normal Traffic Started Flag: False
[DEBUG Orchestrator] URLs derived for injector (if active): ['http://localhost:8080']
[Orchestrator] Starting/Restarting Normal Traffic. Target URLs for this call: ['http://localhost:8080']
[Normal_Injector] Starting HTTP flood with 8 attackers, ~512.0 RPS total, across 1 targets: http://localhost:8080
  [Normal_Injector Worker 130057931474624] Started. Target: http://localhost:8080?work=10&sleep=0.0, RPS: 64.00, Mean interval: 0.0156s (Poisson)
  [Normal_Injector Worker 130057708234432] Started. Target: http://localhost:8080?work=10&sleep=0.0, RPS: 64.00, Mean interval: 0.0156s (Poisson)
  [Normal_Injector Worker 130057699841728] Started. Target: http://localhost:8080?work=10&sleep=0.0, RPS: 64.00, Mean interval: 0.0156s (Poisson)
  [Normal_Injector Worker 130057683056320] Started. Target: http://localhost:8080?work=10&sleep=0.0, RPS: 64.00, Mean interval: 0.0156s (Poisson)
  [Normal_Injector Worker 130057666270912] Started. Target: http://localhost:8080?work=10&sleep=0.0, RPS: 64.00, Mean interval: 0.0156s (Poisson)
  [Normal_Injector Worker 130057171363520] Started. Target: http://localhost:8080?work=10&sleep=0.0, RPS: 64.00, Mean interval: 0.0156s (Poisson)
  [Normal_Injector Worker 130057162970816] Started. Target: http://localhost:8080?work=10&sleep=0.0, RPS: 64.00, Mean interval: 0.0156s (Poisson)
  [Normal_Injector Worker 130057154578112] Started. Target: http://localhost:8080?work=10&sleep=0.0, RPS: 64.00, Mean interval: 0.0156s (Poisson)
[Normal_Injector] All 8 attacker threads launched.
[DEBUG Orchestrator] End of Iteration. previous_num_instances_for_injector_logic updated to: 1
[DEGUG Orchestrator Loop Duration] Loop Duration = 60664.705481205
[Sniffer] Label set to: benign

--- Iteration 2 | Time: 5.0s / 180s ---
[Orchestrator]RTT = 47.28918673913596
[Orchestrator] Metrics: 1 active instance(s), Avg CPU: 108.23%, Avg App MEM: 25.90 MB
[Autoscaler] Decision: SCALE_UP. Avg CPU: 108.23% > 60.0%. Current instances: 1, Max: 4
[Orchestrator] Action: Scaling UP from 1 instance(s). Attempting to start instance 2.
Attempting to start container target_instance_2 mapping container:80 to host:8081...
Container 0a754980f1 (target_instance_2) started. Accessible on host port 8081.
[Orchestrator] Successfully started target_instance_2. Now 2 instance(s).
[Autoscaler] Scale action recorded. New instance count: 2. Cooldown timer reset.
[DEBUG Orchestrator] Iteration Start. Instances Before Injector Logic: 2, Prev Injector Logic Instances: 1, Attack Started Flag: False, Normal Traffic Started Flag: True
[DEBUG Orchestrator] URLs derived for injector (if active): ['http://localhost:8080', 'http://localhost:8081']
[Orchestrator] Starting/Restarting Normal Traffic. Target URLs for this call: ['http://localhost:8080', 'http://localhost:8081']
[Normal_Injector] Normal traffic already in progress. Call stop_http_traffic() first.
[DEBUG Orchestrator] End of Iteration. previous_num_instances_for_injector_logic updated to: 2
[DEGUG Orchestrator Loop Duration] Loop Duration = 60669.705481205
[Sniffer] Label set to: benign

--- Iteration 3 | Time: 10.0s / 180s ---
[Orchestrator]RTT = 46.52850778554355
[Orchestrator] Metrics: 2 active instance(s), Avg CPU: 98.00%, Avg App MEM: 26.22 MB
[Autoscaler]In cooldown: 14.994246779002424
[DEBUG Orchestrator] Iteration Start. Instances Before Injector Logic: 2, Prev Injector Logic Instances: 2, Attack Started Flag: False, Normal Traffic Started Flag: True
[DEBUG Orchestrator] URLs derived for injector (if active): ['http://localhost:8080', 'http://localhost:8081']
[Orchestrator] Starting/Restarting Normal Traffic. Target URLs for this call: ['http://localhost:8080', 'http://localhost:8081']
[Normal_Injector] Normal traffic already in progress. Call stop_http_traffic() first.
[DEBUG Orchestrator] End of Iteration. previous_num_instances_for_injector_logic updated to: 2
[DEGUG Orchestrator Loop Duration] Loop Duration = 60674.705481205
[Sniffer] Label set to: benign

--- Iteration 4 | Time: 15.0s / 180s ---
[Orchestrator]RTT = 43.62905445530479
[Orchestrator] Metrics: 2 active instance(s), Avg CPU: 48.54%, Avg App MEM: 20.92 MB
[Autoscaler]In cooldown: 9.996711610001512
[DEBUG Orchestrator] Iteration Start. Instances Before Injector Logic: 2, Prev Injector Logic Instances: 2, Attack Started Flag: False, Normal Traffic Started Flag: True
[DEBUG Orchestrator] URLs derived for injector (if active): ['http://localhost:8080', 'http://localhost:8081']
[Orchestrator] Starting/Restarting Normal Traffic. Target URLs for this call: ['http://localhost:8080', 'http://localhost:8081']
[Normal_Injector] Normal traffic already in progress. Call stop_http_traffic() first.
[DEBUG Orchestrator] End of Iteration. previous_num_instances_for_injector_logic updated to: 2
[DEGUG Orchestrator Loop Duration] Loop Duration = 60679.705481205
[Sniffer] Label set to: benign

--- Iteration 5 | Time: 20.0s / 180s ---
[Orchestrator]RTT = 40.29618752701369
[Orchestrator] Metrics: 2 active instance(s), Avg CPU: 28.59%, Avg App MEM: 19.12 MB
[Autoscaler]In cooldown: 4.999636675005604
[DEBUG Orchestrator] Iteration Start. Instances Before Injector Logic: 2, Prev Injector Logic Instances: 2, Attack Started Flag: False, Normal Traffic Started Flag: True
[DEBUG Orchestrator] URLs derived for injector (if active): ['http://localhost:8080', 'http://localhost:8081']
[Orchestrator] Starting/Restarting Normal Traffic. Target URLs for this call: ['http://localhost:8080', 'http://localhost:8081']
[Normal_Injector] Normal traffic already in progress. Call stop_http_traffic() first.
[DEBUG Orchestrator] End of Iteration. previous_num_instances_for_injector_logic updated to: 2
[DEGUG Orchestrator Loop Duration] Loop Duration = 60684.705481205
[Sniffer] Label set to: benign

--- Iteration 6 | Time: 25.0s / 180s ---
[Orchestrator]RTT = 43.4822991156544
[Orchestrator] Metrics: 2 active instance(s), Avg CPU: 49.30%, Avg App MEM: 20.82 MB
[Autoscaler] Decision: NO_ACTION. Avg CPU: 49.30% is within thresholds (25.0% - 60.0%).
[DEBUG Orchestrator] Iteration Start. Instances Before Injector Logic: 2, Prev Injector Logic Instances: 2, Attack Started Flag: False, Normal Traffic Started Flag: True
[DEBUG Orchestrator] URLs derived for injector (if active): ['http://localhost:8080', 'http://localhost:8081']
[Orchestrator] Starting/Restarting Normal Traffic. Target URLs for this call: ['http://localhost:8080', 'http://localhost:8081']
[Normal_Injector] Normal traffic already in progress. Call stop_http_traffic() first.
[DEBUG Orchestrator] End of Iteration. previous_num_instances_for_injector_logic updated to: 2
[DEGUG Orchestrator Loop Duration] Loop Duration = 60689.705481205
[Sniffer] Label set to: benign

--- Iteration 7 | Time: 30.0s / 180s ---
[Orchestrator]RTT = 40.16586691682673
[Orchestrator] Metrics: 2 active instance(s), Avg CPU: 45.73%, Avg App MEM: 20.98 MB
[Autoscaler] Decision: NO_ACTION. Avg CPU: 45.73% is within thresholds (25.0% - 60.0%).
[DEBUG Orchestrator] Iteration Start. Instances Before Injector Logic: 2, Prev Injector Logic Instances: 2, Attack Started Flag: False, Normal Traffic Started Flag: True
[DEBUG Orchestrator] URLs derived for injector (if active): ['http://localhost:8080', 'http://localhost:8081']
[Orchestrator] Starting/Restarting Normal Traffic. Target URLs for this call: ['http://localhost:8080', 'http://localhost:8081']
[Normal_Injector] Normal traffic already in progress. Call stop_http_traffic() first.
[DEBUG Orchestrator] End of Iteration. previous_num_instances_for_injector_logic updated to: 2
[DEGUG Orchestrator Loop Duration] Loop Duration = 60694.705481205
[Sniffer] Label set to: benign

--- Iteration 8 | Time: 35.0s / 180s ---
[Orchestrator]RTT = 43.82230972096866
[Orchestrator] Metrics: 2 active instance(s), Avg CPU: 43.06%, Avg App MEM: 21.14 MB
[Autoscaler] Decision: NO_ACTION. Avg CPU: 43.06% is within thresholds (25.0% - 60.0%).
[DEBUG Orchestrator] Iteration Start. Instances Before Injector Logic: 2, Prev Injector Logic Instances: 2, Attack Started Flag: False, Normal Traffic Started Flag: True
[DEBUG Orchestrator] URLs derived for injector (if active): ['http://localhost:8080', 'http://localhost:8081']
[Orchestrator] Starting/Restarting Normal Traffic. Target URLs for this call: ['http://localhost:8080', 'http://localhost:8081']
[Normal_Injector] Normal traffic already in progress. Call stop_http_traffic() first.
[DEBUG Orchestrator] End of Iteration. previous_num_instances_for_injector_logic updated to: 2
[DEGUG Orchestrator Loop Duration] Loop Duration = 60699.705481205
[Sniffer] Label set to: benign

--- Iteration 9 | Time: 40.0s / 180s ---
[Orchestrator]RTT = 41.24314445612408
[Orchestrator] Metrics: 2 active instance(s), Avg CPU: 61.26%, Avg App MEM: 23.23 MB
[Autoscaler] Decision: SCALE_UP. Avg CPU: 61.26% > 60.0%. Current instances: 2, Max: 4
[Orchestrator] Action: Scaling UP from 2 instance(s). Attempting to start instance 3.
Attempting to start container target_instance_3 mapping container:80 to host:8082...
Container 79fc2d4581 (target_instance_3) started. Accessible on host port 8082.
[Orchestrator] Successfully started target_instance_3. Now 3 instance(s).
[Autoscaler] Scale action recorded. New instance count: 3. Cooldown timer reset.
[DEBUG Orchestrator] Iteration Start. Instances Before Injector Logic: 3, Prev Injector Logic Instances: 2, Attack Started Flag: False, Normal Traffic Started Flag: True
[DEBUG Orchestrator] URLs derived for injector (if active): ['http://localhost:8080', 'http://localhost:8081', 'http://localhost:8082']
[Orchestrator] Starting/Restarting Normal Traffic. Target URLs for this call: ['http://localhost:8080', 'http://localhost:8081', 'http://localhost:8082']
[Normal_Injector] Normal traffic already in progress. Call stop_http_traffic() first.
[DEBUG Orchestrator] End of Iteration. previous_num_instances_for_injector_logic updated to: 3
[DEGUG Orchestrator Loop Duration] Loop Duration = 60704.705481205
[Sniffer] Label set to: benign

--- Iteration 10 | Time: 45.0s / 180s ---
[Orchestrator]RTT = 44.42453343007614
[Orchestrator] Metrics: 3 active instance(s), Avg CPU: 42.90%, Avg App MEM: 21.28 MB
[Autoscaler]In cooldown: 14.994680594005331
[DEBUG Orchestrator] Iteration Start. Instances Before Injector Logic: 3, Prev Injector Logic Instances: 3, Attack Started Flag: False, Normal Traffic Started Flag: True
[DEBUG Orchestrator] URLs derived for injector (if active): ['http://localhost:8080', 'http://localhost:8081', 'http://localhost:8082']
[Orchestrator] Starting/Restarting Normal Traffic. Target URLs for this call: ['http://localhost:8080', 'http://localhost:8081', 'http://localhost:8082']
[Normal_Injector] Normal traffic already in progress. Call stop_http_traffic() first.
[DEBUG Orchestrator] End of Iteration. previous_num_instances_for_injector_logic updated to: 3
[DEGUG Orchestrator Loop Duration] Loop Duration = 60709.705481205
[Sniffer] Label set to: benign

--- Iteration 11 | Time: 50.0s / 180s ---
[Orchestrator]RTT = 39.0338995597881
[Orchestrator] Metrics: 3 active instance(s), Avg CPU: 28.58%, Avg App MEM: 19.17 MB
[Autoscaler]In cooldown: 10.000084628001787
[DEBUG Orchestrator] Iteration Start. Instances Before Injector Logic: 3, Prev Injector Logic Instances: 3, Attack Started Flag: False, Normal Traffic Started Flag: True
[DEBUG Orchestrator] URLs derived for injector (if active): ['http://localhost:8080', 'http://localhost:8081', 'http://localhost:8082']
[Orchestrator] Starting/Restarting Normal Traffic. Target URLs for this call: ['http://localhost:8080', 'http://localhost:8081', 'http://localhost:8082']
[Normal_Injector] Normal traffic already in progress. Call stop_http_traffic() first.
[DEBUG Orchestrator] End of Iteration. previous_num_instances_for_injector_logic updated to: 3
[DEGUG Orchestrator Loop Duration] Loop Duration = 60714.705481205
[Sniffer] Label set to: benign

--- Iteration 12 | Time: 55.0s / 180s ---
[Orchestrator]RTT = 40.44636973377874
[Orchestrator] Metrics: 3 active instance(s), Avg CPU: 30.40%, Avg App MEM: 19.09 MB
[Autoscaler]In cooldown: 4.999462610001501
[DEBUG Orchestrator] Iteration Start. Instances Before Injector Logic: 3, Prev Injector Logic Instances: 3, Attack Started Flag: False, Normal Traffic Started Flag: True
[DEBUG Orchestrator] URLs derived for injector (if active): ['http://localhost:8080', 'http://localhost:8081', 'http://localhost:8082']
[Orchestrator] Starting/Restarting Normal Traffic. Target URLs for this call: ['http://localhost:8080', 'http://localhost:8081', 'http://localhost:8082']
[Normal_Injector] Normal traffic already in progress. Call stop_http_traffic() first.
[DEBUG Orchestrator] End of Iteration. previous_num_instances_for_injector_logic updated to: 3
[DEGUG Orchestrator Loop Duration] Loop Duration = 60719.705481205
[Sniffer] Label set to: benign

--- Iteration 13 | Time: 60.0s / 180s ---
[Orchestrator]RTT = 41.41467435126324
[Orchestrator] Metrics: 3 active instance(s), Avg CPU: 30.48%, Avg App MEM: 19.12 MB
[Autoscaler] Decision: NO_ACTION. Avg CPU: 30.48% is within thresholds (25.0% - 60.0%).
[DEBUG Orchestrator] Iteration Start. Instances Before Injector Logic: 3, Prev Injector Logic Instances: 3, Attack Started Flag: False, Normal Traffic Started Flag: True
[DEBUG Orchestrator] URLs derived for injector (if active): ['http://localhost:8080', 'http://localhost:8081', 'http://localhost:8082']
[Orchestrator] Starting/Restarting Normal Traffic. Target URLs for this call: ['http://localhost:8080', 'http://localhost:8081', 'http://localhost:8082']
[Normal_Injector] Normal traffic already in progress. Call stop_http_traffic() first.
[DEBUG Orchestrator] End of Iteration. previous_num_instances_for_injector_logic updated to: 3
[DEGUG Orchestrator Loop Duration] Loop Duration = 60724.705481205
[Sniffer] Label set to: benign

--- Iteration 14 | Time: 65.0s / 180s ---
[Orchestrator]RTT = 42.06568490357036
[Orchestrator] Metrics: 3 active instance(s), Avg CPU: 32.82%, Avg App MEM: 19.12 MB
[Autoscaler] Decision: NO_ACTION. Avg CPU: 32.82% is within thresholds (25.0% - 60.0%).
[DEBUG Orchestrator] Iteration Start. Instances Before Injector Logic: 3, Prev Injector Logic Instances: 3, Attack Started Flag: False, Normal Traffic Started Flag: True
[DEBUG Orchestrator] URLs derived for injector (if active): ['http://localhost:8080', 'http://localhost:8081', 'http://localhost:8082']
[Orchestrator] Starting/Restarting Normal Traffic. Target URLs for this call: ['http://localhost:8080', 'http://localhost:8081', 'http://localhost:8082']
[Normal_Injector] Normal traffic already in progress. Call stop_http_traffic() first.
[DEBUG Orchestrator] End of Iteration. previous_num_instances_for_injector_logic updated to: 3
[DEGUG Orchestrator Loop Duration] Loop Duration = 60729.705481205
[Sniffer] Label set to: benign

--- Iteration 15 | Time: 70.0s / 180s ---
[Orchestrator]RTT = 40.16644020503233
[Orchestrator] Metrics: 3 active instance(s), Avg CPU: 31.63%, Avg App MEM: 19.13 MB
[Autoscaler] Decision: NO_ACTION. Avg CPU: 31.63% is within thresholds (25.0% - 60.0%).
[DEBUG Orchestrator] Iteration Start. Instances Before Injector Logic: 3, Prev Injector Logic Instances: 3, Attack Started Flag: False, Normal Traffic Started Flag: True
[DEBUG Orchestrator] URLs derived for injector (if active): ['http://localhost:8080', 'http://localhost:8081', 'http://localhost:8082']
[Orchestrator] Starting/Restarting Normal Traffic. Target URLs for this call: ['http://localhost:8080', 'http://localhost:8081', 'http://localhost:8082']
[Normal_Injector] Normal traffic already in progress. Call stop_http_traffic() first.
[DEBUG Orchestrator] End of Iteration. previous_num_instances_for_injector_logic updated to: 3
[DEGUG Orchestrator Loop Duration] Loop Duration = 60734.705481205
[Sniffer] Label set to: benign

--- Iteration 16 | Time: 75.0s / 180s ---
[Orchestrator]RTT = 40.736159372810214
[Orchestrator] Metrics: 3 active instance(s), Avg CPU: 31.63%, Avg App MEM: 19.13 MB
[Autoscaler] Decision: NO_ACTION. Avg CPU: 31.63% is within thresholds (25.0% - 60.0%).
[DEBUG Orchestrator] Iteration Start. Instances Before Injector Logic: 3, Prev Injector Logic Instances: 3, Attack Started Flag: False, Normal Traffic Started Flag: True
[DEBUG Orchestrator] URLs derived for injector (if active): ['http://localhost:8080', 'http://localhost:8081', 'http://localhost:8082']
[Orchestrator] Starting/Restarting Normal Traffic. Target URLs for this call: ['http://localhost:8080', 'http://localhost:8081', 'http://localhost:8082']
[Normal_Injector] Normal traffic already in progress. Call stop_http_traffic() first.
[DEBUG Orchestrator] End of Iteration. previous_num_instances_for_injector_logic updated to: 3
[DEGUG Orchestrator Loop Duration] Loop Duration = 60739.705481205
[Sniffer] Label set to: benign

--- Iteration 17 | Time: 80.0s / 180s ---
[Orchestrator]RTT = 40.11037002657084
[Orchestrator] Metrics: 3 active instance(s), Avg CPU: 31.86%, Avg App MEM: 19.08 MB
[Autoscaler] Decision: NO_ACTION. Avg CPU: 31.86% is within thresholds (25.0% - 60.0%).
[DEBUG Orchestrator] Iteration Start. Instances Before Injector Logic: 3, Prev Injector Logic Instances: 3, Attack Started Flag: False, Normal Traffic Started Flag: True
[DEBUG Orchestrator] URLs derived for injector (if active): ['http://localhost:8080', 'http://localhost:8081', 'http://localhost:8082']
[Orchestrator] Starting/Restarting Normal Traffic. Target URLs for this call: ['http://localhost:8080', 'http://localhost:8081', 'http://localhost:8082']
[Normal_Injector] Normal traffic already in progress. Call stop_http_traffic() first.
[DEBUG Orchestrator] End of Iteration. previous_num_instances_for_injector_logic updated to: 3
[DEGUG Orchestrator Loop Duration] Loop Duration = 60744.705481205
[Sniffer] Label set to: benign

--- Iteration 18 | Time: 85.0s / 180s ---
[Orchestrator]RTT = 41.743370021813824
[Orchestrator] Metrics: 3 active instance(s), Avg CPU: 31.69%, Avg App MEM: 19.24 MB
[Autoscaler] Decision: NO_ACTION. Avg CPU: 31.69% is within thresholds (25.0% - 60.0%).
[DEBUG Orchestrator] Iteration Start. Instances Before Injector Logic: 3, Prev Injector Logic Instances: 3, Attack Started Flag: False, Normal Traffic Started Flag: True
[DEBUG Orchestrator] URLs derived for injector (if active): ['http://localhost:8080', 'http://localhost:8081', 'http://localhost:8082']
[Orchestrator] Starting/Restarting Normal Traffic. Target URLs for this call: ['http://localhost:8080', 'http://localhost:8081', 'http://localhost:8082']
[Normal_Injector] Normal traffic already in progress. Call stop_http_traffic() first.
[DEBUG Orchestrator] End of Iteration. previous_num_instances_for_injector_logic updated to: 3
[DEGUG Orchestrator Loop Duration] Loop Duration = 60749.705481205
[Sniffer] Label set to: benign

--- Iteration 19 | Time: 90.0s / 180s ---
[Orchestrator]RTT = 39.699492580851135
[Orchestrator] Metrics: 3 active instance(s), Avg CPU: 29.74%, Avg App MEM: 19.17 MB
[Autoscaler] Decision: NO_ACTION. Avg CPU: 29.74% is within thresholds (25.0% - 60.0%).
[DEBUG Orchestrator] Iteration Start. Instances Before Injector Logic: 3, Prev Injector Logic Instances: 3, Attack Started Flag: False, Normal Traffic Started Flag: True
[DEBUG Orchestrator] URLs derived for injector (if active): ['http://localhost:8080', 'http://localhost:8081', 'http://localhost:8082']
[Orchestrator] Starting/Restarting Normal Traffic. Target URLs for this call: ['http://localhost:8080', 'http://localhost:8081', 'http://localhost:8082']
[Normal_Injector] Normal traffic already in progress. Call stop_http_traffic() first.
[DEBUG Orchestrator] End of Iteration. previous_num_instances_for_injector_logic updated to: 3
[DEGUG Orchestrator Loop Duration] Loop Duration = 60754.705481205
[Sniffer] Label set to: benign

--- Iteration 20 | Time: 95.0s / 180s ---
[Orchestrator]RTT = 43.73475053646589
[Orchestrator] Metrics: 3 active instance(s), Avg CPU: 33.97%, Avg App MEM: 19.07 MB
[Autoscaler] Decision: NO_ACTION. Avg CPU: 33.97% is within thresholds (25.0% - 60.0%).
[DEBUG Orchestrator] Iteration Start. Instances Before Injector Logic: 3, Prev Injector Logic Instances: 3, Attack Started Flag: False, Normal Traffic Started Flag: True
[DEBUG Orchestrator] URLs derived for injector (if active): ['http://localhost:8080', 'http://localhost:8081', 'http://localhost:8082']
[Orchestrator] Starting/Restarting Normal Traffic. Target URLs for this call: ['http://localhost:8080', 'http://localhost:8081', 'http://localhost:8082']
[Normal_Injector] Normal traffic already in progress. Call stop_http_traffic() first.
[DEBUG Orchestrator] End of Iteration. previous_num_instances_for_injector_logic updated to: 3
[DEGUG Orchestrator Loop Duration] Loop Duration = 60759.705481205
[Sniffer] Label set to: benign

--- Iteration 21 | Time: 100.0s / 180s ---
[Orchestrator]RTT = 41.722791245873246
[Orchestrator] Metrics: 3 active instance(s), Avg CPU: 33.97%, Avg App MEM: 19.07 MB
[Autoscaler] Decision: NO_ACTION. Avg CPU: 33.97% is within thresholds (25.0% - 60.0%).
[DEBUG Orchestrator] Iteration Start. Instances Before Injector Logic: 3, Prev Injector Logic Instances: 3, Attack Started Flag: False, Normal Traffic Started Flag: True
[DEBUG Orchestrator] URLs derived for injector (if active): ['http://localhost:8080', 'http://localhost:8081', 'http://localhost:8082']
[Orchestrator] Starting/Restarting Normal Traffic. Target URLs for this call: ['http://localhost:8080', 'http://localhost:8081', 'http://localhost:8082']
[Normal_Injector] Normal traffic already in progress. Call stop_http_traffic() first.
[DEBUG Orchestrator] End of Iteration. previous_num_instances_for_injector_logic updated to: 3
[DEGUG Orchestrator Loop Duration] Loop Duration = 60764.705481205
[Sniffer] Label set to: benign

--- Iteration 22 | Time: 105.0s / 180s ---
[Orchestrator]RTT = 41.77251592455901
[Orchestrator] Metrics: 3 active instance(s), Avg CPU: 31.37%, Avg App MEM: 19.32 MB
[Autoscaler] Decision: NO_ACTION. Avg CPU: 31.37% is within thresholds (25.0% - 60.0%).
[DEBUG Orchestrator] Iteration Start. Instances Before Injector Logic: 3, Prev Injector Logic Instances: 3, Attack Started Flag: False, Normal Traffic Started Flag: True
[DEBUG Orchestrator] URLs derived for injector (if active): ['http://localhost:8080', 'http://localhost:8081', 'http://localhost:8082']
[Orchestrator] Starting/Restarting Normal Traffic. Target URLs for this call: ['http://localhost:8080', 'http://localhost:8081', 'http://localhost:8082']
[Normal_Injector] Normal traffic already in progress. Call stop_http_traffic() first.
[DEBUG Orchestrator] End of Iteration. previous_num_instances_for_injector_logic updated to: 3
[DEGUG Orchestrator Loop Duration] Loop Duration = 60769.705481205
[Sniffer] Label set to: benign

--- Iteration 23 | Time: 110.0s / 180s ---
[Orchestrator]RTT = 40.012613138243495
[Orchestrator] Metrics: 3 active instance(s), Avg CPU: 32.03%, Avg App MEM: 19.17 MB
[Autoscaler] Decision: NO_ACTION. Avg CPU: 32.03% is within thresholds (25.0% - 60.0%).
[DEBUG Orchestrator] Iteration Start. Instances Before Injector Logic: 3, Prev Injector Logic Instances: 3, Attack Started Flag: False, Normal Traffic Started Flag: True
[DEBUG Orchestrator] URLs derived for injector (if active): ['http://localhost:8080', 'http://localhost:8081', 'http://localhost:8082']
[Orchestrator] Starting/Restarting Normal Traffic. Target URLs for this call: ['http://localhost:8080', 'http://localhost:8081', 'http://localhost:8082']
[Normal_Injector] Normal traffic already in progress. Call stop_http_traffic() first.
[DEBUG Orchestrator] End of Iteration. previous_num_instances_for_injector_logic updated to: 3
[DEGUG Orchestrator Loop Duration] Loop Duration = 60774.705481205
[Sniffer] Label set to: benign

--- Iteration 24 | Time: 115.0s / 180s ---
[Orchestrator]RTT = 41.772728109429934
[Orchestrator] Metrics: 3 active instance(s), Avg CPU: 29.81%, Avg App MEM: 19.17 MB
[Autoscaler] Decision: NO_ACTION. Avg CPU: 29.81% is within thresholds (25.0% - 60.0%).
[DEBUG Orchestrator] Iteration Start. Instances Before Injector Logic: 3, Prev Injector Logic Instances: 3, Attack Started Flag: False, Normal Traffic Started Flag: True
[DEBUG Orchestrator] URLs derived for injector (if active): ['http://localhost:8080', 'http://localhost:8081', 'http://localhost:8082']
[Orchestrator] Starting/Restarting Normal Traffic. Target URLs for this call: ['http://localhost:8080', 'http://localhost:8081', 'http://localhost:8082']
[Normal_Injector] Normal traffic already in progress. Call stop_http_traffic() first.
[DEBUG Orchestrator] End of Iteration. previous_num_instances_for_injector_logic updated to: 3
[DEGUG Orchestrator Loop Duration] Loop Duration = 60779.705481205
[Sniffer] Label set to: benign

--- Iteration 25 | Time: 120.0s / 180s ---
[Orchestrator]RTT = 39.70604796646993
[Orchestrator] Metrics: 3 active instance(s), Avg CPU: 29.81%, Avg App MEM: 19.17 MB
[Autoscaler] Decision: NO_ACTION. Avg CPU: 29.81% is within thresholds (25.0% - 60.0%).
[DEBUG Orchestrator] Iteration Start. Instances Before Injector Logic: 3, Prev Injector Logic Instances: 3, Attack Started Flag: False, Normal Traffic Started Flag: True
[DEBUG Orchestrator] URLs derived for injector (if active): ['http://localhost:8080', 'http://localhost:8081', 'http://localhost:8082']
[Orchestrator] Starting/Restarting Normal Traffic. Target URLs for this call: ['http://localhost:8080', 'http://localhost:8081', 'http://localhost:8082']
[Normal_Injector] Normal traffic already in progress. Call stop_http_traffic() first.
[DEBUG Orchestrator] End of Iteration. previous_num_instances_for_injector_logic updated to: 3
[DEGUG Orchestrator Loop Duration] Loop Duration = 60784.705481205
[Sniffer] Label set to: benign

--- Iteration 26 | Time: 125.0s / 180s ---
[Orchestrator]RTT = 41.498212026219186
[Orchestrator] Metrics: 3 active instance(s), Avg CPU: 30.20%, Avg App MEM: 19.25 MB
[Autoscaler] Decision: NO_ACTION. Avg CPU: 30.20% is within thresholds (25.0% - 60.0%).
[DEBUG Orchestrator] Iteration Start. Instances Before Injector Logic: 3, Prev Injector Logic Instances: 3, Attack Started Flag: False, Normal Traffic Started Flag: True
[DEBUG Orchestrator] URLs derived for injector (if active): ['http://localhost:8080', 'http://localhost:8081', 'http://localhost:8082']
[Orchestrator] Starting/Restarting Normal Traffic. Target URLs for this call: ['http://localhost:8080', 'http://localhost:8081', 'http://localhost:8082']
[Normal_Injector] Normal traffic already in progress. Call stop_http_traffic() first.
[DEBUG Orchestrator] End of Iteration. previous_num_instances_for_injector_logic updated to: 3
[DEGUG Orchestrator Loop Duration] Loop Duration = 60789.705481205
[Sniffer] Label set to: benign

--- Iteration 27 | Time: 130.0s / 180s ---
[Orchestrator]RTT = 39.932656739290024
[Orchestrator] Metrics: 3 active instance(s), Avg CPU: 29.87%, Avg App MEM: 19.16 MB
[Autoscaler] Decision: NO_ACTION. Avg CPU: 29.87% is within thresholds (25.0% - 60.0%).
[DEBUG Orchestrator] Iteration Start. Instances Before Injector Logic: 3, Prev Injector Logic Instances: 3, Attack Started Flag: False, Normal Traffic Started Flag: True
[DEBUG Orchestrator] URLs derived for injector (if active): ['http://localhost:8080', 'http://localhost:8081', 'http://localhost:8082']
[Orchestrator] Starting/Restarting Normal Traffic. Target URLs for this call: ['http://localhost:8080', 'http://localhost:8081', 'http://localhost:8082']
[Normal_Injector] Normal traffic already in progress. Call stop_http_traffic() first.
[DEBUG Orchestrator] End of Iteration. previous_num_instances_for_injector_logic updated to: 3
[DEGUG Orchestrator Loop Duration] Loop Duration = 60794.705481205
[Sniffer] Label set to: benign

--- Iteration 28 | Time: 135.0s / 180s ---
[Orchestrator]RTT = 41.40172812671809
[Orchestrator] Metrics: 3 active instance(s), Avg CPU: 34.53%, Avg App MEM: 19.25 MB
[Autoscaler] Decision: NO_ACTION. Avg CPU: 34.53% is within thresholds (25.0% - 60.0%).
[DEBUG Orchestrator] Iteration Start. Instances Before Injector Logic: 3, Prev Injector Logic Instances: 3, Attack Started Flag: False, Normal Traffic Started Flag: True
[DEBUG Orchestrator] URLs derived for injector (if active): ['http://localhost:8080', 'http://localhost:8081', 'http://localhost:8082']
[Orchestrator] Starting/Restarting Normal Traffic. Target URLs for this call: ['http://localhost:8080', 'http://localhost:8081', 'http://localhost:8082']
[Normal_Injector] Normal traffic already in progress. Call stop_http_traffic() first.
[DEBUG Orchestrator] End of Iteration. previous_num_instances_for_injector_logic updated to: 3
[DEGUG Orchestrator Loop Duration] Loop Duration = 60799.705481205
[Sniffer] Label set to: benign

--- Iteration 29 | Time: 140.0s / 180s ---
[Orchestrator]RTT = 40.42437052125816
[Orchestrator] Metrics: 3 active instance(s), Avg CPU: 30.60%, Avg App MEM: 19.50 MB
[Autoscaler] Decision: NO_ACTION. Avg CPU: 30.60% is within thresholds (25.0% - 60.0%).
[DEBUG Orchestrator] Iteration Start. Instances Before Injector Logic: 3, Prev Injector Logic Instances: 3, Attack Started Flag: False, Normal Traffic Started Flag: True
[DEBUG Orchestrator] URLs derived for injector (if active): ['http://localhost:8080', 'http://localhost:8081', 'http://localhost:8082']
[Orchestrator] Starting/Restarting Normal Traffic. Target URLs for this call: ['http://localhost:8080', 'http://localhost:8081', 'http://localhost:8082']
[Normal_Injector] Normal traffic already in progress. Call stop_http_traffic() first.
[DEBUG Orchestrator] End of Iteration. previous_num_instances_for_injector_logic updated to: 3
[DEGUG Orchestrator Loop Duration] Loop Duration = 60804.705481205
[Sniffer] Label set to: benign

--- Iteration 30 | Time: 145.0s / 180s ---
[Orchestrator]RTT = 42.48291955927124
[Orchestrator] Metrics: 3 active instance(s), Avg CPU: 30.60%, Avg App MEM: 19.50 MB
[Autoscaler] Decision: NO_ACTION. Avg CPU: 30.60% is within thresholds (25.0% - 60.0%).
[DEBUG Orchestrator] Iteration Start. Instances Before Injector Logic: 3, Prev Injector Logic Instances: 3, Attack Started Flag: False, Normal Traffic Started Flag: True
[DEBUG Orchestrator] URLs derived for injector (if active): ['http://localhost:8080', 'http://localhost:8081', 'http://localhost:8082']
[Orchestrator] Starting/Restarting Normal Traffic. Target URLs for this call: ['http://localhost:8080', 'http://localhost:8081', 'http://localhost:8082']
[Normal_Injector] Normal traffic already in progress. Call stop_http_traffic() first.
[DEBUG Orchestrator] End of Iteration. previous_num_instances_for_injector_logic updated to: 3
[DEGUG Orchestrator Loop Duration] Loop Duration = 60809.705481205
[Sniffer] Label set to: benign

--- Iteration 31 | Time: 150.0s / 180s ---
[Orchestrator]RTT = 40.184134979305476
[Orchestrator] Metrics: 3 active instance(s), Avg CPU: 29.50%, Avg App MEM: 19.33 MB
[Autoscaler] Decision: NO_ACTION. Avg CPU: 29.50% is within thresholds (25.0% - 60.0%).
[DEBUG Orchestrator] Iteration Start. Instances Before Injector Logic: 3, Prev Injector Logic Instances: 3, Attack Started Flag: False, Normal Traffic Started Flag: True
[DEBUG Orchestrator] URLs derived for injector (if active): ['http://localhost:8080', 'http://localhost:8081', 'http://localhost:8082']
[Orchestrator] Starting/Restarting Normal Traffic. Target URLs for this call: ['http://localhost:8080', 'http://localhost:8081', 'http://localhost:8082']
[Normal_Injector] Normal traffic already in progress. Call stop_http_traffic() first.
[DEBUG Orchestrator] End of Iteration. previous_num_instances_for_injector_logic updated to: 3
[DEGUG Orchestrator Loop Duration] Loop Duration = 60814.705481205
[Sniffer] Label set to: benign

--- Iteration 32 | Time: 155.0s / 180s ---
[Orchestrator]RTT = 41.5181269577341
[Orchestrator] Metrics: 3 active instance(s), Avg CPU: 30.45%, Avg App MEM: 19.17 MB
[Autoscaler] Decision: NO_ACTION. Avg CPU: 30.45% is within thresholds (25.0% - 60.0%).
[DEBUG Orchestrator] Iteration Start. Instances Before Injector Logic: 3, Prev Injector Logic Instances: 3, Attack Started Flag: False, Normal Traffic Started Flag: True
[DEBUG Orchestrator] URLs derived for injector (if active): ['http://localhost:8080', 'http://localhost:8081', 'http://localhost:8082']
[Orchestrator] Starting/Restarting Normal Traffic. Target URLs for this call: ['http://localhost:8080', 'http://localhost:8081', 'http://localhost:8082']
[Normal_Injector] Normal traffic already in progress. Call stop_http_traffic() first.
[DEBUG Orchestrator] End of Iteration. previous_num_instances_for_injector_logic updated to: 3
[DEGUG Orchestrator Loop Duration] Loop Duration = 60819.705481205
[Sniffer] Label set to: benign

--- Iteration 33 | Time: 160.0s / 180s ---
[Orchestrator]RTT = 42.022347460025976
[Orchestrator] Metrics: 3 active instance(s), Avg CPU: 33.29%, Avg App MEM: 19.17 MB
[Autoscaler] Decision: NO_ACTION. Avg CPU: 33.29% is within thresholds (25.0% - 60.0%).
[DEBUG Orchestrator] Iteration Start. Instances Before Injector Logic: 3, Prev Injector Logic Instances: 3, Attack Started Flag: False, Normal Traffic Started Flag: True
[DEBUG Orchestrator] URLs derived for injector (if active): ['http://localhost:8080', 'http://localhost:8081', 'http://localhost:8082']
[Orchestrator] Starting/Restarting Normal Traffic. Target URLs for this call: ['http://localhost:8080', 'http://localhost:8081', 'http://localhost:8082']
[Normal_Injector] Normal traffic already in progress. Call stop_http_traffic() first.
[DEBUG Orchestrator] End of Iteration. previous_num_instances_for_injector_logic updated to: 3
[DEGUG Orchestrator Loop Duration] Loop Duration = 60824.705481205
[Sniffer] Label set to: benign

--- Iteration 34 | Time: 165.0s / 180s ---
[Orchestrator]RTT = 42.36299214946679
[Orchestrator] Metrics: 3 active instance(s), Avg CPU: 33.29%, Avg App MEM: 19.17 MB
[Autoscaler] Decision: NO_ACTION. Avg CPU: 33.29% is within thresholds (25.0% - 60.0%).
[DEBUG Orchestrator] Iteration Start. Instances Before Injector Logic: 3, Prev Injector Logic Instances: 3, Attack Started Flag: False, Normal Traffic Started Flag: True
[DEBUG Orchestrator] URLs derived for injector (if active): ['http://localhost:8080', 'http://localhost:8081', 'http://localhost:8082']
[Orchestrator] Starting/Restarting Normal Traffic. Target URLs for this call: ['http://localhost:8080', 'http://localhost:8081', 'http://localhost:8082']
[Normal_Injector] Normal traffic already in progress. Call stop_http_traffic() first.
[DEBUG Orchestrator] End of Iteration. previous_num_instances_for_injector_logic updated to: 3
[DEGUG Orchestrator Loop Duration] Loop Duration = 60829.705481205
[Sniffer] Label set to: benign

--- Iteration 35 | Time: 170.0s / 180s ---
[Orchestrator]RTT = 39.38881930660944
[Orchestrator] Metrics: 3 active instance(s), Avg CPU: 30.38%, Avg App MEM: 19.17 MB
[Autoscaler] Decision: NO_ACTION. Avg CPU: 30.38% is within thresholds (25.0% - 60.0%).
[DEBUG Orchestrator] Iteration Start. Instances Before Injector Logic: 3, Prev Injector Logic Instances: 3, Attack Started Flag: False, Normal Traffic Started Flag: True
[DEBUG Orchestrator] URLs derived for injector (if active): ['http://localhost:8080', 'http://localhost:8081', 'http://localhost:8082']
[Orchestrator] Starting/Restarting Normal Traffic. Target URLs for this call: ['http://localhost:8080', 'http://localhost:8081', 'http://localhost:8082']
[Normal_Injector] Normal traffic already in progress. Call stop_http_traffic() first.
[DEBUG Orchestrator] End of Iteration. previous_num_instances_for_injector_logic updated to: 3
[DEGUG Orchestrator Loop Duration] Loop Duration = 60834.705481205
[Sniffer] Label set to: benign

--- Iteration 36 | Time: 175.0s / 180s ---
[Orchestrator]RTT = 41.24995957864015
[Orchestrator] Metrics: 3 active instance(s), Avg CPU: 28.61%, Avg App MEM: 19.16 MB
[Autoscaler] Decision: NO_ACTION. Avg CPU: 28.61% is within thresholds (25.0% - 60.0%).
[DEBUG Orchestrator] Iteration Start. Instances Before Injector Logic: 3, Prev Injector Logic Instances: 3, Attack Started Flag: False, Normal Traffic Started Flag: True
[DEBUG Orchestrator] URLs derived for injector (if active): ['http://localhost:8080', 'http://localhost:8081', 'http://localhost:8082']
[Orchestrator] Starting/Restarting Normal Traffic. Target URLs for this call: ['http://localhost:8080', 'http://localhost:8081', 'http://localhost:8082']
[Normal_Injector] Normal traffic already in progress. Call stop_http_traffic() first.
[DEBUG Orchestrator] End of Iteration. previous_num_instances_for_injector_logic updated to: 3
[DEGUG Orchestrator Loop Duration] Loop Duration = 60839.705481205

[Orchestrator] Simulation duration reached.
[Orchestrator] Saving RTT log...
[Sniffer] Realtime tcpdump stopped.
[Orchestrator] Stopping normal traffic...
[Normal_Injector] Signaling workers to stop...
  [Normal_Injector Worker 130057683056320] Stopped. Total requests: 9426, Errors: 0
  [Normal_Injector Worker 130057666270912] Stopped. Total requests: 9429, Errors: 0
  [Normal_Injector Worker 130057171363520] Stopped. Total requests: 9307, Errors: 0
  [Normal_Injector Worker 130057162970816] Stopped. Total requests: 9513, Errors: 0
  [Normal_Injector Worker 130057699841728] Stopped. Total requests: 9250, Errors: 0
  [Normal_Injector Worker 130057708234432] Stopped. Total requests: 9348, Errors: 0
  [Normal_Injector Worker 130057154578112] Stopped. Total requests: 9352, Errors: 0
  [Normal_Injector Worker 130057931474624] Stopped. Total requests: 9359, Errors: 0
[Normal_Injector] Stop signal sent (non-blocking).
[Orchestrator] Cleaning up all simulation instances...
Cleaning up all simulation instances...
Stopping and removing container: target_instance_3 (79fc2d4581)...
  Container target_instance_3 removed.
Stopping and removing container: target_instance_2 (0a754980f1)...
  Container target_instance_2 removed.
Stopping and removing container: target_instance_1 (64255a5a01)...
  Container target_instance_1 removed.
Simulation instance cleanup complete.
[Stats_Collector] Stopping stats collector thread...
[Orchestrator] Simulation Complete. Total Fictional Cost: $0.0027
[Orchestrator] Metrics logged in: simulation_metrics.csv
Simulation duration set to: 180
Attack duration set to: 0
Normal traffic RPS per client set to: 64.0
Normal traffic number of clients set to: 8
Normal traffic work units set to: 10
[Orchestrator] Initializing simulation environment...
[Sniffer] Realtime tcpdump started on any
[Sniffer] Label set to: benign
[Autoscaler] Initialized.
Attempting to build Docker image: edos_target_app:latest...
Image edos_target_app:latest already exists. Skipping build.
Docker network 'edos_network' already exists.
[Orchestrator] Cleaning up any pre-existing simulation instances...
Cleaning up all simulation instances...
No simulation instances found to clean up.
[Orchestrator] Starting initial 1 instance(s)...
Attempting to start container target_instance_1 mapping container:80 to host:8080...
Container f818708695 (target_instance_1) started. Accessible on host port 8080.
[Autoscaler] Initial number of instances set to: 1
[Orchestrator] 1 initial instance(s) running.
[Orchestrator] Metrics will be logged to: simulation_metrics.csv
[Orchestrator] Attack summary will be logged to: attack_summary_log.csv
[Orchestrator] Normal traffic summary will be logged to: normal_traffic_summary_log.csv
[Orchestrator] Starting simulation main loop for 180 seconds.
[Orchestrator] Monitoring interval: 5s. Cooldown: 20s.
[Orchestrator] CPU Thresholds: Scale Up > 60.0%, Scale Down < 25.0%
[Orchestrator] No traffic injection scheduled (ATTACK_DURATION_SECONDS is 0 or less).
[Sniffer] Label set to: benign

--- Iteration 1 | Time: 0.0s / 180s ---
[Orchestrator]RTT = 0.0
[Orchestrator] Metrics: 1 active instance(s), Avg CPU: 0.00%, Avg App MEM: 0.00 MB
[Autoscaler] Condition for SCALE_DOWN met (Avg CPU: 0.00%), but already at MIN_INSTANCES (1). No action.
[DEBUG Orchestrator] Iteration Start. Instances Before Injector Logic: 1, Prev Injector Logic Instances: 1, Attack Started Flag: False, Normal Traffic Started Flag: False
[DEBUG Orchestrator] URLs derived for injector (if active): ['http://localhost:8080']
[Orchestrator] Starting/Restarting Normal Traffic. Target URLs for this call: ['http://localhost:8080']
[Normal_Injector] Starting HTTP flood with 8 attackers, ~512.0 RPS total, across 1 targets: http://localhost:8080
  [Normal_Injector Worker 139716061279936] Started. Target: http://localhost:8080?work=10&sleep=0.0, RPS: 64.00, Mean interval: 0.0156s (Poisson)
  [Normal_Injector Worker 139716044494528] Started. Target: http://localhost:8080?work=10&sleep=0.0, RPS: 64.00, Mean interval: 0.0156s (Poisson)
  [Normal_Injector Worker 139716036101824] Started. Target: http://localhost:8080?work=10&sleep=0.0, RPS: 64.00, Mean interval: 0.0156s (Poisson)
  [Normal_Injector Worker 139715688789696] Started. Target: http://localhost:8080?work=10&sleep=0.0, RPS: 64.00, Mean interval: 0.0156s (Poisson)
  [Normal_Injector Worker 139715663611584] Started. Target: http://localhost:8080?work=10&sleep=0.0, RPS: 64.00, Mean interval: 0.0156s (Poisson)
  [Normal_Injector Worker 139715655218880] Started. Target: http://localhost:8080?work=10&sleep=0.0, RPS: 64.00, Mean interval: 0.0156s (Poisson)
  [Normal_Injector Worker 139715646826176] Started. Target: http://localhost:8080?work=10&sleep=0.0, RPS: 64.00, Mean interval: 0.0156s (Poisson)
  [Normal_Injector Worker 139715068024512] Started. Target: http://localhost:8080?work=10&sleep=0.0, RPS: 64.00, Mean interval: 0.0156s (Poisson)
[Normal_Injector] All 8 attacker threads launched.
[DEBUG Orchestrator] End of Iteration. previous_num_instances_for_injector_logic updated to: 1
[DEGUG Orchestrator Loop Duration] Loop Duration = 60856.288541989
[Sniffer] Label set to: benign

--- Iteration 2 | Time: 5.0s / 180s ---
[Orchestrator]RTT = 41.968296818292416
[Orchestrator] Metrics: 1 active instance(s), Avg CPU: 99.21%, Avg App MEM: 26.23 MB
[Autoscaler] Decision: SCALE_UP. Avg CPU: 99.21% > 60.0%. Current instances: 1, Max: 4
[Orchestrator] Action: Scaling UP from 1 instance(s). Attempting to start instance 2.
Attempting to start container target_instance_2 mapping container:80 to host:8081...
Container 851e66566c (target_instance_2) started. Accessible on host port 8081.
[Orchestrator] Successfully started target_instance_2. Now 2 instance(s).
[Autoscaler] Scale action recorded. New instance count: 2. Cooldown timer reset.
[DEBUG Orchestrator] Iteration Start. Instances Before Injector Logic: 2, Prev Injector Logic Instances: 1, Attack Started Flag: False, Normal Traffic Started Flag: True
[DEBUG Orchestrator] URLs derived for injector (if active): ['http://localhost:8080', 'http://localhost:8081']
[Orchestrator] Starting/Restarting Normal Traffic. Target URLs for this call: ['http://localhost:8080', 'http://localhost:8081']
[Normal_Injector] Normal traffic already in progress. Call stop_http_traffic() first.
[DEBUG Orchestrator] End of Iteration. previous_num_instances_for_injector_logic updated to: 2
[DEGUG Orchestrator Loop Duration] Loop Duration = 60861.288541989
[Sniffer] Label set to: benign

--- Iteration 3 | Time: 10.0s / 180s ---
[Orchestrator]RTT = 50.94347916721798
[Orchestrator] Metrics: 2 active instance(s), Avg CPU: 98.85%, Avg App MEM: 26.43 MB
[Autoscaler]In cooldown: 15.000117110001156
[DEBUG Orchestrator] Iteration Start. Instances Before Injector Logic: 2, Prev Injector Logic Instances: 2, Attack Started Flag: False, Normal Traffic Started Flag: True
[DEBUG Orchestrator] URLs derived for injector (if active): ['http://localhost:8080', 'http://localhost:8081']
[Orchestrator] Starting/Restarting Normal Traffic. Target URLs for this call: ['http://localhost:8080', 'http://localhost:8081']
[Normal_Injector] Normal traffic already in progress. Call stop_http_traffic() first.
[DEBUG Orchestrator] End of Iteration. previous_num_instances_for_injector_logic updated to: 2
[DEGUG Orchestrator Loop Duration] Loop Duration = 60866.288541989
[Sniffer] Label set to: benign

--- Iteration 4 | Time: 15.0s / 180s ---
[Orchestrator]RTT = 43.75688507216405
[Orchestrator] Metrics: 2 active instance(s), Avg CPU: 51.88%, Avg App MEM: 21.12 MB
[Autoscaler]In cooldown: 9.995022119997884
[DEBUG Orchestrator] Iteration Start. Instances Before Injector Logic: 2, Prev Injector Logic Instances: 2, Attack Started Flag: False, Normal Traffic Started Flag: True
[DEBUG Orchestrator] URLs derived for injector (if active): ['http://localhost:8080', 'http://localhost:8081']
[Orchestrator] Starting/Restarting Normal Traffic. Target URLs for this call: ['http://localhost:8080', 'http://localhost:8081']
[Normal_Injector] Normal traffic already in progress. Call stop_http_traffic() first.
[DEBUG Orchestrator] End of Iteration. previous_num_instances_for_injector_logic updated to: 2
[DEGUG Orchestrator Loop Duration] Loop Duration = 60871.288541989
[Sniffer] Label set to: benign

--- Iteration 5 | Time: 20.0s / 180s ---
[Orchestrator]RTT = 40.00714141062935
[Orchestrator] Metrics: 2 active instance(s), Avg CPU: 29.94%, Avg App MEM: 18.99 MB
[Autoscaler]In cooldown: 5.001261523000721
[DEBUG Orchestrator] Iteration Start. Instances Before Injector Logic: 2, Prev Injector Logic Instances: 2, Attack Started Flag: False, Normal Traffic Started Flag: True
[DEBUG Orchestrator] URLs derived for injector (if active): ['http://localhost:8080', 'http://localhost:8081']
[Orchestrator] Starting/Restarting Normal Traffic. Target URLs for this call: ['http://localhost:8080', 'http://localhost:8081']
[Normal_Injector] Normal traffic already in progress. Call stop_http_traffic() first.
[DEBUG Orchestrator] End of Iteration. previous_num_instances_for_injector_logic updated to: 2
[DEGUG Orchestrator Loop Duration] Loop Duration = 60876.288541989
[Sniffer] Label set to: benign

--- Iteration 6 | Time: 25.0s / 180s ---
[Orchestrator]RTT = 45.43119686210318
[Orchestrator] Metrics: 2 active instance(s), Avg CPU: 51.95%, Avg App MEM: 20.78 MB
[Autoscaler] Decision: NO_ACTION. Avg CPU: 51.95% is within thresholds (25.0% - 60.0%).
[DEBUG Orchestrator] Iteration Start. Instances Before Injector Logic: 2, Prev Injector Logic Instances: 2, Attack Started Flag: False, Normal Traffic Started Flag: True
[DEBUG Orchestrator] URLs derived for injector (if active): ['http://localhost:8080', 'http://localhost:8081']
[Orchestrator] Starting/Restarting Normal Traffic. Target URLs for this call: ['http://localhost:8080', 'http://localhost:8081']
[Normal_Injector] Normal traffic already in progress. Call stop_http_traffic() first.
[DEBUG Orchestrator] End of Iteration. previous_num_instances_for_injector_logic updated to: 2
[DEGUG Orchestrator Loop Duration] Loop Duration = 60881.288541989
[Sniffer] Label set to: benign

--- Iteration 7 | Time: 30.0s / 180s ---
[Orchestrator]RTT = 44.91963602835983
[Orchestrator] Metrics: 2 active instance(s), Avg CPU: 48.99%, Avg App MEM: 20.91 MB
[Autoscaler] Decision: NO_ACTION. Avg CPU: 48.99% is within thresholds (25.0% - 60.0%).
[DEBUG Orchestrator] Iteration Start. Instances Before Injector Logic: 2, Prev Injector Logic Instances: 2, Attack Started Flag: False, Normal Traffic Started Flag: True
[DEBUG Orchestrator] URLs derived for injector (if active): ['http://localhost:8080', 'http://localhost:8081']
[Orchestrator] Starting/Restarting Normal Traffic. Target URLs for this call: ['http://localhost:8080', 'http://localhost:8081']
[Normal_Injector] Normal traffic already in progress. Call stop_http_traffic() first.
[DEBUG Orchestrator] End of Iteration. previous_num_instances_for_injector_logic updated to: 2
[DEGUG Orchestrator Loop Duration] Loop Duration = 60886.288541989
[Sniffer] Label set to: benign

--- Iteration 8 | Time: 35.0s / 180s ---
[Orchestrator]RTT = 43.95340714067237
[Orchestrator] Metrics: 2 active instance(s), Avg CPU: 62.51%, Avg App MEM: 23.15 MB
[Autoscaler] Decision: SCALE_UP. Avg CPU: 62.51% > 60.0%. Current instances: 2, Max: 4
[Orchestrator] Action: Scaling UP from 2 instance(s). Attempting to start instance 3.
Attempting to start container target_instance_3 mapping container:80 to host:8082...
Container b75df001c9 (target_instance_3) started. Accessible on host port 8082.
[Orchestrator] Successfully started target_instance_3. Now 3 instance(s).
[Autoscaler] Scale action recorded. New instance count: 3. Cooldown timer reset.
[DEBUG Orchestrator] Iteration Start. Instances Before Injector Logic: 3, Prev Injector Logic Instances: 2, Attack Started Flag: False, Normal Traffic Started Flag: True
[DEBUG Orchestrator] URLs derived for injector (if active): ['http://localhost:8080', 'http://localhost:8081', 'http://localhost:8082']
[Orchestrator] Starting/Restarting Normal Traffic. Target URLs for this call: ['http://localhost:8080', 'http://localhost:8081', 'http://localhost:8082']
[Normal_Injector] Normal traffic already in progress. Call stop_http_traffic() first.
[DEBUG Orchestrator] End of Iteration. previous_num_instances_for_injector_logic updated to: 3
[DEGUG Orchestrator Loop Duration] Loop Duration = 60891.288541989
[Sniffer] Label set to: benign

--- Iteration 9 | Time: 40.0s / 180s ---
[Orchestrator]RTT = 47.539908115028005
[Orchestrator] Metrics: 3 active instance(s), Avg CPU: 47.35%, Avg App MEM: 21.21 MB
[Autoscaler]In cooldown: 15.009201171000313
[DEBUG Orchestrator] Iteration Start. Instances Before Injector Logic: 3, Prev Injector Logic Instances: 3, Attack Started Flag: False, Normal Traffic Started Flag: True
[DEBUG Orchestrator] URLs derived for injector (if active): ['http://localhost:8080', 'http://localhost:8081', 'http://localhost:8082']
[Orchestrator] Starting/Restarting Normal Traffic. Target URLs for this call: ['http://localhost:8080', 'http://localhost:8081', 'http://localhost:8082']
[Normal_Injector] Normal traffic already in progress. Call stop_http_traffic() first.
[DEBUG Orchestrator] End of Iteration. previous_num_instances_for_injector_logic updated to: 3
[DEGUG Orchestrator Loop Duration] Loop Duration = 60896.288541989
[Sniffer] Label set to: benign

--- Iteration 10 | Time: 45.0s / 180s ---
[Orchestrator]RTT = 46.45889692584526
[Orchestrator] Metrics: 3 active instance(s), Avg CPU: 31.91%, Avg App MEM: 19.23 MB
[Autoscaler]In cooldown: 9.979751923994627
[DEBUG Orchestrator] Iteration Start. Instances Before Injector Logic: 3, Prev Injector Logic Instances: 3, Attack Started Flag: False, Normal Traffic Started Flag: True
[DEBUG Orchestrator] URLs derived for injector (if active): ['http://localhost:8080', 'http://localhost:8081', 'http://localhost:8082']
[Orchestrator] Starting/Restarting Normal Traffic. Target URLs for this call: ['http://localhost:8080', 'http://localhost:8081', 'http://localhost:8082']
[Normal_Injector] Normal traffic already in progress. Call stop_http_traffic() first.
[DEBUG Orchestrator] End of Iteration. previous_num_instances_for_injector_logic updated to: 3
[DEGUG Orchestrator Loop Duration] Loop Duration = 60901.288541989
[Sniffer] Label set to: benign

--- Iteration 11 | Time: 50.0s / 180s ---
[Orchestrator]RTT = 42.142547826783286
[Orchestrator] Metrics: 3 active instance(s), Avg CPU: 31.91%, Avg App MEM: 19.23 MB
[Autoscaler]In cooldown: 5.006377896999766
[DEBUG Orchestrator] Iteration Start. Instances Before Injector Logic: 3, Prev Injector Logic Instances: 3, Attack Started Flag: False, Normal Traffic Started Flag: True
[DEBUG Orchestrator] URLs derived for injector (if active): ['http://localhost:8080', 'http://localhost:8081', 'http://localhost:8082']
[Orchestrator] Starting/Restarting Normal Traffic. Target URLs for this call: ['http://localhost:8080', 'http://localhost:8081', 'http://localhost:8082']
[Normal_Injector] Normal traffic already in progress. Call stop_http_traffic() first.
[DEBUG Orchestrator] End of Iteration. previous_num_instances_for_injector_logic updated to: 3
[DEGUG Orchestrator Loop Duration] Loop Duration = 60906.288541989
[Sniffer] Label set to: benign

--- Iteration 12 | Time: 55.0s / 180s ---
[Orchestrator]RTT = 44.06796969134274
[Orchestrator] Metrics: 3 active instance(s), Avg CPU: 30.01%, Avg App MEM: 18.98 MB
[Autoscaler] Decision: NO_ACTION. Avg CPU: 30.01% is within thresholds (25.0% - 60.0%).
[DEBUG Orchestrator] Iteration Start. Instances Before Injector Logic: 3, Prev Injector Logic Instances: 3, Attack Started Flag: False, Normal Traffic Started Flag: True
[DEBUG Orchestrator] URLs derived for injector (if active): ['http://localhost:8080', 'http://localhost:8081', 'http://localhost:8082']
[Orchestrator] Starting/Restarting Normal Traffic. Target URLs for this call: ['http://localhost:8080', 'http://localhost:8081', 'http://localhost:8082']
[Normal_Injector] Normal traffic already in progress. Call stop_http_traffic() first.
[DEBUG Orchestrator] End of Iteration. previous_num_instances_for_injector_logic updated to: 3
[DEGUG Orchestrator Loop Duration] Loop Duration = 60911.288541989
[Sniffer] Label set to: benign

--- Iteration 13 | Time: 60.0s / 180s ---
[Orchestrator]RTT = 44.30569268141247
[Orchestrator] Metrics: 3 active instance(s), Avg CPU: 32.82%, Avg App MEM: 19.07 MB
[Autoscaler] Decision: NO_ACTION. Avg CPU: 32.82% is within thresholds (25.0% - 60.0%).
[DEBUG Orchestrator] Iteration Start. Instances Before Injector Logic: 3, Prev Injector Logic Instances: 3, Attack Started Flag: False, Normal Traffic Started Flag: True
[DEBUG Orchestrator] URLs derived for injector (if active): ['http://localhost:8080', 'http://localhost:8081', 'http://localhost:8082']
[Orchestrator] Starting/Restarting Normal Traffic. Target URLs for this call: ['http://localhost:8080', 'http://localhost:8081', 'http://localhost:8082']
[Normal_Injector] Normal traffic already in progress. Call stop_http_traffic() first.
[DEBUG Orchestrator] End of Iteration. previous_num_instances_for_injector_logic updated to: 3
[DEGUG Orchestrator Loop Duration] Loop Duration = 60916.288541989
[Sniffer] Label set to: benign

--- Iteration 14 | Time: 65.0s / 180s ---
[Orchestrator]RTT = 44.542923102925606
[Orchestrator] Metrics: 3 active instance(s), Avg CPU: 31.54%, Avg App MEM: 19.16 MB
[Autoscaler] Decision: NO_ACTION. Avg CPU: 31.54% is within thresholds (25.0% - 60.0%).
[DEBUG Orchestrator] Iteration Start. Instances Before Injector Logic: 3, Prev Injector Logic Instances: 3, Attack Started Flag: False, Normal Traffic Started Flag: True
[DEBUG Orchestrator] URLs derived for injector (if active): ['http://localhost:8080', 'http://localhost:8081', 'http://localhost:8082']
[Orchestrator] Starting/Restarting Normal Traffic. Target URLs for this call: ['http://localhost:8080', 'http://localhost:8081', 'http://localhost:8082']
[Normal_Injector] Normal traffic already in progress. Call stop_http_traffic() first.
[DEBUG Orchestrator] End of Iteration. previous_num_instances_for_injector_logic updated to: 3
[DEGUG Orchestrator Loop Duration] Loop Duration = 60921.288541989
[Sniffer] Label set to: benign

--- Iteration 15 | Time: 70.0s / 180s ---
[Orchestrator]RTT = 40.13785971125505
[Orchestrator] Metrics: 3 active instance(s), Avg CPU: 31.74%, Avg App MEM: 19.11 MB
[Autoscaler] Decision: NO_ACTION. Avg CPU: 31.74% is within thresholds (25.0% - 60.0%).
[DEBUG Orchestrator] Iteration Start. Instances Before Injector Logic: 3, Prev Injector Logic Instances: 3, Attack Started Flag: False, Normal Traffic Started Flag: True
[DEBUG Orchestrator] URLs derived for injector (if active): ['http://localhost:8080', 'http://localhost:8081', 'http://localhost:8082']
[Orchestrator] Starting/Restarting Normal Traffic. Target URLs for this call: ['http://localhost:8080', 'http://localhost:8081', 'http://localhost:8082']
[Normal_Injector] Normal traffic already in progress. Call stop_http_traffic() first.
[DEBUG Orchestrator] End of Iteration. previous_num_instances_for_injector_logic updated to: 3
[DEGUG Orchestrator Loop Duration] Loop Duration = 60926.288541989
[Sniffer] Label set to: benign

--- Iteration 16 | Time: 75.0s / 180s ---
[Orchestrator]RTT = 44.88622765326416
[Orchestrator] Metrics: 3 active instance(s), Avg CPU: 31.74%, Avg App MEM: 19.11 MB
[Autoscaler] Decision: NO_ACTION. Avg CPU: 31.74% is within thresholds (25.0% - 60.0%).
[DEBUG Orchestrator] Iteration Start. Instances Before Injector Logic: 3, Prev Injector Logic Instances: 3, Attack Started Flag: False, Normal Traffic Started Flag: True
[DEBUG Orchestrator] URLs derived for injector (if active): ['http://localhost:8080', 'http://localhost:8081', 'http://localhost:8082']
[Orchestrator] Starting/Restarting Normal Traffic. Target URLs for this call: ['http://localhost:8080', 'http://localhost:8081', 'http://localhost:8082']
[Normal_Injector] Normal traffic already in progress. Call stop_http_traffic() first.
[DEBUG Orchestrator] End of Iteration. previous_num_instances_for_injector_logic updated to: 3
[DEGUG Orchestrator Loop Duration] Loop Duration = 60931.288541989
[Sniffer] Label set to: benign

--- Iteration 17 | Time: 80.0s / 180s ---
[Orchestrator]RTT = 43.16912026200694
[Orchestrator] Metrics: 3 active instance(s), Avg CPU: 33.70%, Avg App MEM: 19.48 MB
[Autoscaler] Decision: NO_ACTION. Avg CPU: 33.70% is within thresholds (25.0% - 60.0%).
[DEBUG Orchestrator] Iteration Start. Instances Before Injector Logic: 3, Prev Injector Logic Instances: 3, Attack Started Flag: False, Normal Traffic Started Flag: True
[DEBUG Orchestrator] URLs derived for injector (if active): ['http://localhost:8080', 'http://localhost:8081', 'http://localhost:8082']
[Orchestrator] Starting/Restarting Normal Traffic. Target URLs for this call: ['http://localhost:8080', 'http://localhost:8081', 'http://localhost:8082']
[Normal_Injector] Normal traffic already in progress. Call stop_http_traffic() first.
[DEBUG Orchestrator] End of Iteration. previous_num_instances_for_injector_logic updated to: 3
[DEGUG Orchestrator Loop Duration] Loop Duration = 60936.288541989
[Sniffer] Label set to: benign

--- Iteration 18 | Time: 85.0s / 180s ---
[Orchestrator]RTT = 42.55976294574592
[Orchestrator] Metrics: 3 active instance(s), Avg CPU: 31.93%, Avg App MEM: 19.15 MB
[Autoscaler] Decision: NO_ACTION. Avg CPU: 31.93% is within thresholds (25.0% - 60.0%).
[DEBUG Orchestrator] Iteration Start. Instances Before Injector Logic: 3, Prev Injector Logic Instances: 3, Attack Started Flag: False, Normal Traffic Started Flag: True
[DEBUG Orchestrator] URLs derived for injector (if active): ['http://localhost:8080', 'http://localhost:8081', 'http://localhost:8082']
[Orchestrator] Starting/Restarting Normal Traffic. Target URLs for this call: ['http://localhost:8080', 'http://localhost:8081', 'http://localhost:8082']
[Normal_Injector] Normal traffic already in progress. Call stop_http_traffic() first.
[DEBUG Orchestrator] End of Iteration. previous_num_instances_for_injector_logic updated to: 3
[DEGUG Orchestrator Loop Duration] Loop Duration = 60941.288541989
[Sniffer] Label set to: benign

--- Iteration 19 | Time: 90.0s / 180s ---
[Orchestrator]RTT = 45.18326509796018
[Orchestrator] Metrics: 3 active instance(s), Avg CPU: 34.29%, Avg App MEM: 19.40 MB
[Autoscaler] Decision: NO_ACTION. Avg CPU: 34.29% is within thresholds (25.0% - 60.0%).
[DEBUG Orchestrator] Iteration Start. Instances Before Injector Logic: 3, Prev Injector Logic Instances: 3, Attack Started Flag: False, Normal Traffic Started Flag: True
[DEBUG Orchestrator] URLs derived for injector (if active): ['http://localhost:8080', 'http://localhost:8081', 'http://localhost:8082']
[Orchestrator] Starting/Restarting Normal Traffic. Target URLs for this call: ['http://localhost:8080', 'http://localhost:8081', 'http://localhost:8082']
[Normal_Injector] Normal traffic already in progress. Call stop_http_traffic() first.
[DEBUG Orchestrator] End of Iteration. previous_num_instances_for_injector_logic updated to: 3
[DEGUG Orchestrator Loop Duration] Loop Duration = 60946.288541989
[Sniffer] Label set to: benign

--- Iteration 20 | Time: 95.0s / 180s ---
[Orchestrator]RTT = 48.135873078050224
[Orchestrator] Metrics: 3 active instance(s), Avg CPU: 34.29%, Avg App MEM: 19.40 MB
[Autoscaler] Decision: NO_ACTION. Avg CPU: 34.29% is within thresholds (25.0% - 60.0%).
[DEBUG Orchestrator] Iteration Start. Instances Before Injector Logic: 3, Prev Injector Logic Instances: 3, Attack Started Flag: False, Normal Traffic Started Flag: True
[DEBUG Orchestrator] URLs derived for injector (if active): ['http://localhost:8080', 'http://localhost:8081', 'http://localhost:8082']
[Orchestrator] Starting/Restarting Normal Traffic. Target URLs for this call: ['http://localhost:8080', 'http://localhost:8081', 'http://localhost:8082']
[Normal_Injector] Normal traffic already in progress. Call stop_http_traffic() first.
[DEBUG Orchestrator] End of Iteration. previous_num_instances_for_injector_logic updated to: 3
[DEGUG Orchestrator Loop Duration] Loop Duration = 60951.288541989
[Sniffer] Label set to: benign

--- Iteration 21 | Time: 100.0s / 180s ---
[Orchestrator]RTT = 42.540889395357624
[Orchestrator] Metrics: 3 active instance(s), Avg CPU: 32.65%, Avg App MEM: 19.23 MB
[Autoscaler] Decision: NO_ACTION. Avg CPU: 32.65% is within thresholds (25.0% - 60.0%).
[DEBUG Orchestrator] Iteration Start. Instances Before Injector Logic: 3, Prev Injector Logic Instances: 3, Attack Started Flag: False, Normal Traffic Started Flag: True
[DEBUG Orchestrator] URLs derived for injector (if active): ['http://localhost:8080', 'http://localhost:8081', 'http://localhost:8082']
[Orchestrator] Starting/Restarting Normal Traffic. Target URLs for this call: ['http://localhost:8080', 'http://localhost:8081', 'http://localhost:8082']
[Normal_Injector] Normal traffic already in progress. Call stop_http_traffic() first.
[DEBUG Orchestrator] End of Iteration. previous_num_instances_for_injector_logic updated to: 3
[DEGUG Orchestrator Loop Duration] Loop Duration = 60956.288541989
[Sniffer] Label set to: benign

--- Iteration 22 | Time: 105.0s / 180s ---
[Orchestrator]RTT = 43.734499949545196
[Orchestrator] Metrics: 3 active instance(s), Avg CPU: 32.51%, Avg App MEM: 19.16 MB
[Autoscaler] Decision: NO_ACTION. Avg CPU: 32.51% is within thresholds (25.0% - 60.0%).
[DEBUG Orchestrator] Iteration Start. Instances Before Injector Logic: 3, Prev Injector Logic Instances: 3, Attack Started Flag: False, Normal Traffic Started Flag: True
[DEBUG Orchestrator] URLs derived for injector (if active): ['http://localhost:8080', 'http://localhost:8081', 'http://localhost:8082']
[Orchestrator] Starting/Restarting Normal Traffic. Target URLs for this call: ['http://localhost:8080', 'http://localhost:8081', 'http://localhost:8082']
[Normal_Injector] Normal traffic already in progress. Call stop_http_traffic() first.
[DEBUG Orchestrator] End of Iteration. previous_num_instances_for_injector_logic updated to: 3
[DEGUG Orchestrator Loop Duration] Loop Duration = 60961.288541989
[Sniffer] Label set to: benign

--- Iteration 23 | Time: 110.0s / 180s ---
[Orchestrator]RTT = 44.5507339152663
[Orchestrator] Metrics: 3 active instance(s), Avg CPU: 32.36%, Avg App MEM: 19.15 MB
[Autoscaler] Decision: NO_ACTION. Avg CPU: 32.36% is within thresholds (25.0% - 60.0%).
[DEBUG Orchestrator] Iteration Start. Instances Before Injector Logic: 3, Prev Injector Logic Instances: 3, Attack Started Flag: False, Normal Traffic Started Flag: True
[DEBUG Orchestrator] URLs derived for injector (if active): ['http://localhost:8080', 'http://localhost:8081', 'http://localhost:8082']
[Orchestrator] Starting/Restarting Normal Traffic. Target URLs for this call: ['http://localhost:8080', 'http://localhost:8081', 'http://localhost:8082']
[Normal_Injector] Normal traffic already in progress. Call stop_http_traffic() first.
[DEBUG Orchestrator] End of Iteration. previous_num_instances_for_injector_logic updated to: 3
[DEGUG Orchestrator Loop Duration] Loop Duration = 60966.288541989
[Sniffer] Label set to: benign

--- Iteration 24 | Time: 115.0s / 180s ---
[Orchestrator]RTT = 43.81561213498192
[Orchestrator] Metrics: 3 active instance(s), Avg CPU: 30.69%, Avg App MEM: 19.17 MB
[Autoscaler] Decision: NO_ACTION. Avg CPU: 30.69% is within thresholds (25.0% - 60.0%).
[DEBUG Orchestrator] Iteration Start. Instances Before Injector Logic: 3, Prev Injector Logic Instances: 3, Attack Started Flag: False, Normal Traffic Started Flag: True
[DEBUG Orchestrator] URLs derived for injector (if active): ['http://localhost:8080', 'http://localhost:8081', 'http://localhost:8082']
[Orchestrator] Starting/Restarting Normal Traffic. Target URLs for this call: ['http://localhost:8080', 'http://localhost:8081', 'http://localhost:8082']
[Normal_Injector] Normal traffic already in progress. Call stop_http_traffic() first.
[DEBUG Orchestrator] End of Iteration. previous_num_instances_for_injector_logic updated to: 3
[DEGUG Orchestrator Loop Duration] Loop Duration = 60971.288541989
[Sniffer] Label set to: benign

--- Iteration 25 | Time: 120.0s / 180s ---
[Orchestrator]RTT = 41.22986062130143
[Orchestrator] Metrics: 3 active instance(s), Avg CPU: 30.69%, Avg App MEM: 19.17 MB
[Autoscaler] Decision: NO_ACTION. Avg CPU: 30.69% is within thresholds (25.0% - 60.0%).
[DEBUG Orchestrator] Iteration Start. Instances Before Injector Logic: 3, Prev Injector Logic Instances: 3, Attack Started Flag: False, Normal Traffic Started Flag: True
[DEBUG Orchestrator] URLs derived for injector (if active): ['http://localhost:8080', 'http://localhost:8081', 'http://localhost:8082']
[Orchestrator] Starting/Restarting Normal Traffic. Target URLs for this call: ['http://localhost:8080', 'http://localhost:8081', 'http://localhost:8082']
[Normal_Injector] Normal traffic already in progress. Call stop_http_traffic() first.
[DEBUG Orchestrator] End of Iteration. previous_num_instances_for_injector_logic updated to: 3
[DEGUG Orchestrator Loop Duration] Loop Duration = 60976.288541989
[Sniffer] Label set to: benign

--- Iteration 26 | Time: 125.0s / 180s ---
[Orchestrator]RTT = 44.203924456459575
[Orchestrator] Metrics: 3 active instance(s), Avg CPU: 32.57%, Avg App MEM: 19.25 MB
[Autoscaler] Decision: NO_ACTION. Avg CPU: 32.57% is within thresholds (25.0% - 60.0%).
[DEBUG Orchestrator] Iteration Start. Instances Before Injector Logic: 3, Prev Injector Logic Instances: 3, Attack Started Flag: False, Normal Traffic Started Flag: True
[DEBUG Orchestrator] URLs derived for injector (if active): ['http://localhost:8080', 'http://localhost:8081', 'http://localhost:8082']
[Orchestrator] Starting/Restarting Normal Traffic. Target URLs for this call: ['http://localhost:8080', 'http://localhost:8081', 'http://localhost:8082']
[Normal_Injector] Normal traffic already in progress. Call stop_http_traffic() first.
[DEBUG Orchestrator] End of Iteration. previous_num_instances_for_injector_logic updated to: 3
[DEGUG Orchestrator Loop Duration] Loop Duration = 60981.288541989
[Sniffer] Label set to: benign

--- Iteration 27 | Time: 130.0s / 180s ---
[Orchestrator]RTT = 41.91564838544992
[Orchestrator] Metrics: 3 active instance(s), Avg CPU: 32.32%, Avg App MEM: 19.34 MB
[Autoscaler] Decision: NO_ACTION. Avg CPU: 32.32% is within thresholds (25.0% - 60.0%).
[DEBUG Orchestrator] Iteration Start. Instances Before Injector Logic: 3, Prev Injector Logic Instances: 3, Attack Started Flag: False, Normal Traffic Started Flag: True
[DEBUG Orchestrator] URLs derived for injector (if active): ['http://localhost:8080', 'http://localhost:8081', 'http://localhost:8082']
[Orchestrator] Starting/Restarting Normal Traffic. Target URLs for this call: ['http://localhost:8080', 'http://localhost:8081', 'http://localhost:8082']
[Normal_Injector] Normal traffic already in progress. Call stop_http_traffic() first.
[DEBUG Orchestrator] End of Iteration. previous_num_instances_for_injector_logic updated to: 3
[DEGUG Orchestrator Loop Duration] Loop Duration = 60986.288541989
[Sniffer] Label set to: benign

--- Iteration 28 | Time: 135.0s / 180s ---
[Orchestrator]RTT = 42.07800604576493
[Orchestrator] Metrics: 3 active instance(s), Avg CPU: 30.18%, Avg App MEM: 19.26 MB
[Autoscaler] Decision: NO_ACTION. Avg CPU: 30.18% is within thresholds (25.0% - 60.0%).
[DEBUG Orchestrator] Iteration Start. Instances Before Injector Logic: 3, Prev Injector Logic Instances: 3, Attack Started Flag: False, Normal Traffic Started Flag: True
[DEBUG Orchestrator] URLs derived for injector (if active): ['http://localhost:8080', 'http://localhost:8081', 'http://localhost:8082']
[Orchestrator] Starting/Restarting Normal Traffic. Target URLs for this call: ['http://localhost:8080', 'http://localhost:8081', 'http://localhost:8082']
[Normal_Injector] Normal traffic already in progress. Call stop_http_traffic() first.
[DEBUG Orchestrator] End of Iteration. previous_num_instances_for_injector_logic updated to: 3
[DEGUG Orchestrator Loop Duration] Loop Duration = 60991.288541989
[Sniffer] Label set to: benign

--- Iteration 29 | Time: 140.0s / 180s ---
[Orchestrator]RTT = 42.99052654562972
[Orchestrator] Metrics: 3 active instance(s), Avg CPU: 30.18%, Avg App MEM: 19.26 MB
[Autoscaler] Decision: NO_ACTION. Avg CPU: 30.18% is within thresholds (25.0% - 60.0%).
[DEBUG Orchestrator] Iteration Start. Instances Before Injector Logic: 3, Prev Injector Logic Instances: 3, Attack Started Flag: False, Normal Traffic Started Flag: True
[DEBUG Orchestrator] URLs derived for injector (if active): ['http://localhost:8080', 'http://localhost:8081', 'http://localhost:8082']
[Orchestrator] Starting/Restarting Normal Traffic. Target URLs for this call: ['http://localhost:8080', 'http://localhost:8081', 'http://localhost:8082']
[Normal_Injector] Normal traffic already in progress. Call stop_http_traffic() first.
[DEBUG Orchestrator] End of Iteration. previous_num_instances_for_injector_logic updated to: 3
[DEGUG Orchestrator Loop Duration] Loop Duration = 60996.288541989
[Sniffer] Label set to: benign

--- Iteration 30 | Time: 145.0s / 180s ---
[Orchestrator]RTT = 43.91542190520098
[Orchestrator] Metrics: 3 active instance(s), Avg CPU: 32.77%, Avg App MEM: 19.19 MB
[Autoscaler] Decision: NO_ACTION. Avg CPU: 32.77% is within thresholds (25.0% - 60.0%).
[DEBUG Orchestrator] Iteration Start. Instances Before Injector Logic: 3, Prev Injector Logic Instances: 3, Attack Started Flag: False, Normal Traffic Started Flag: True
[DEBUG Orchestrator] URLs derived for injector (if active): ['http://localhost:8080', 'http://localhost:8081', 'http://localhost:8082']
[Orchestrator] Starting/Restarting Normal Traffic. Target URLs for this call: ['http://localhost:8080', 'http://localhost:8081', 'http://localhost:8082']
[Normal_Injector] Normal traffic already in progress. Call stop_http_traffic() first.
[DEBUG Orchestrator] End of Iteration. previous_num_instances_for_injector_logic updated to: 3
[DEGUG Orchestrator Loop Duration] Loop Duration = 61001.288541989
[Sniffer] Label set to: benign

--- Iteration 31 | Time: 150.0s / 180s ---
[Orchestrator]RTT = 41.788858726507854
[Orchestrator] Metrics: 3 active instance(s), Avg CPU: 32.52%, Avg App MEM: 19.20 MB
[Autoscaler] Decision: NO_ACTION. Avg CPU: 32.52% is within thresholds (25.0% - 60.0%).
[DEBUG Orchestrator] Iteration Start. Instances Before Injector Logic: 3, Prev Injector Logic Instances: 3, Attack Started Flag: False, Normal Traffic Started Flag: True
[DEBUG Orchestrator] URLs derived for injector (if active): ['http://localhost:8080', 'http://localhost:8081', 'http://localhost:8082']
[Orchestrator] Starting/Restarting Normal Traffic. Target URLs for this call: ['http://localhost:8080', 'http://localhost:8081', 'http://localhost:8082']
[Normal_Injector] Normal traffic already in progress. Call stop_http_traffic() first.
[DEBUG Orchestrator] End of Iteration. previous_num_instances_for_injector_logic updated to: 3
[DEGUG Orchestrator Loop Duration] Loop Duration = 61006.288541989
[Sniffer] Label set to: benign

--- Iteration 32 | Time: 155.0s / 180s ---
[Orchestrator]RTT = 47.980730234392745
[Orchestrator] Metrics: 3 active instance(s), Avg CPU: 35.68%, Avg App MEM: 19.35 MB
[Autoscaler] Decision: NO_ACTION. Avg CPU: 35.68% is within thresholds (25.0% - 60.0%).
[DEBUG Orchestrator] Iteration Start. Instances Before Injector Logic: 3, Prev Injector Logic Instances: 3, Attack Started Flag: False, Normal Traffic Started Flag: True
[DEBUG Orchestrator] URLs derived for injector (if active): ['http://localhost:8080', 'http://localhost:8081', 'http://localhost:8082']
[Orchestrator] Starting/Restarting Normal Traffic. Target URLs for this call: ['http://localhost:8080', 'http://localhost:8081', 'http://localhost:8082']
[Normal_Injector] Normal traffic already in progress. Call stop_http_traffic() first.
[DEBUG Orchestrator] End of Iteration. previous_num_instances_for_injector_logic updated to: 3
[DEGUG Orchestrator Loop Duration] Loop Duration = 61011.288541989
[Sniffer] Label set to: benign

--- Iteration 33 | Time: 160.0s / 180s ---
[Orchestrator]RTT = 43.83807767881821
[Orchestrator] Metrics: 3 active instance(s), Avg CPU: 33.79%, Avg App MEM: 19.20 MB
[Autoscaler] Decision: NO_ACTION. Avg CPU: 33.79% is within thresholds (25.0% - 60.0%).
[DEBUG Orchestrator] Iteration Start. Instances Before Injector Logic: 3, Prev Injector Logic Instances: 3, Attack Started Flag: False, Normal Traffic Started Flag: True
[DEBUG Orchestrator] URLs derived for injector (if active): ['http://localhost:8080', 'http://localhost:8081', 'http://localhost:8082']
[Orchestrator] Starting/Restarting Normal Traffic. Target URLs for this call: ['http://localhost:8080', 'http://localhost:8081', 'http://localhost:8082']
[Normal_Injector] Normal traffic already in progress. Call stop_http_traffic() first.
[DEBUG Orchestrator] End of Iteration. previous_num_instances_for_injector_logic updated to: 3
[DEGUG Orchestrator Loop Duration] Loop Duration = 61016.288541989
[Sniffer] Label set to: benign

--- Iteration 34 | Time: 165.0s / 180s ---
[Orchestrator]RTT = 43.17133212961588
[Orchestrator] Metrics: 3 active instance(s), Avg CPU: 33.79%, Avg App MEM: 19.20 MB
[Autoscaler] Decision: NO_ACTION. Avg CPU: 33.79% is within thresholds (25.0% - 60.0%).
[DEBUG Orchestrator] Iteration Start. Instances Before Injector Logic: 3, Prev Injector Logic Instances: 3, Attack Started Flag: False, Normal Traffic Started Flag: True
[DEBUG Orchestrator] URLs derived for injector (if active): ['http://localhost:8080', 'http://localhost:8081', 'http://localhost:8082']
[Orchestrator] Starting/Restarting Normal Traffic. Target URLs for this call: ['http://localhost:8080', 'http://localhost:8081', 'http://localhost:8082']
[Normal_Injector] Normal traffic already in progress. Call stop_http_traffic() first.
[DEBUG Orchestrator] End of Iteration. previous_num_instances_for_injector_logic updated to: 3
[DEGUG Orchestrator Loop Duration] Loop Duration = 61021.288541989
[Sniffer] Label set to: benign

--- Iteration 35 | Time: 170.0s / 180s ---
[Orchestrator]RTT = 41.084109070739764
[Orchestrator] Metrics: 3 active instance(s), Avg CPU: 29.80%, Avg App MEM: 19.20 MB
[Autoscaler] Decision: NO_ACTION. Avg CPU: 29.80% is within thresholds (25.0% - 60.0%).
[DEBUG Orchestrator] Iteration Start. Instances Before Injector Logic: 3, Prev Injector Logic Instances: 3, Attack Started Flag: False, Normal Traffic Started Flag: True
[DEBUG Orchestrator] URLs derived for injector (if active): ['http://localhost:8080', 'http://localhost:8081', 'http://localhost:8082']
[Orchestrator] Starting/Restarting Normal Traffic. Target URLs for this call: ['http://localhost:8080', 'http://localhost:8081', 'http://localhost:8082']
[Normal_Injector] Normal traffic already in progress. Call stop_http_traffic() first.
[DEBUG Orchestrator] End of Iteration. previous_num_instances_for_injector_logic updated to: 3
[DEGUG Orchestrator Loop Duration] Loop Duration = 61026.288541989
[Sniffer] Label set to: benign

--- Iteration 36 | Time: 175.0s / 180s ---
[Orchestrator]RTT = 45.513664767575484
[Orchestrator] Metrics: 3 active instance(s), Avg CPU: 33.38%, Avg App MEM: 19.20 MB
[Autoscaler] Decision: NO_ACTION. Avg CPU: 33.38% is within thresholds (25.0% - 60.0%).
[DEBUG Orchestrator] Iteration Start. Instances Before Injector Logic: 3, Prev Injector Logic Instances: 3, Attack Started Flag: False, Normal Traffic Started Flag: True
[DEBUG Orchestrator] URLs derived for injector (if active): ['http://localhost:8080', 'http://localhost:8081', 'http://localhost:8082']
[Orchestrator] Starting/Restarting Normal Traffic. Target URLs for this call: ['http://localhost:8080', 'http://localhost:8081', 'http://localhost:8082']
[Normal_Injector] Normal traffic already in progress. Call stop_http_traffic() first.
[DEBUG Orchestrator] End of Iteration. previous_num_instances_for_injector_logic updated to: 3
[DEGUG Orchestrator Loop Duration] Loop Duration = 61031.288541989

[Orchestrator] Simulation duration reached.
[Orchestrator] Saving RTT log...
[Sniffer] Realtime tcpdump stopped.
[Orchestrator] Stopping normal traffic...
[Normal_Injector] Signaling workers to stop...
  [Normal_Injector Worker 139715688789696] Stopped. Total requests: 8745, Errors: 0
  [Normal_Injector Worker 139715646826176] Stopped. Total requests: 8746, Errors: 0
  [Normal_Injector Worker 139716061279936] Stopped. Total requests: 8809, Errors: 0
  [Normal_Injector Worker 139715068024512] Stopped. Total requests: 8790, Errors: 0
  [Normal_Injector Worker 139715663611584] Stopped. Total requests: 8807, Errors: 0
  [Normal_Injector Worker 139716036101824] Stopped. Total requests: 8828, Errors: 0
  [Normal_Injector Worker 139716044494528] Stopped. Total requests: 8844, Errors: 0
  [Normal_Injector Worker 139715655218880] Stopped. Total requests: 8902, Errors: 0
[Normal_Injector] Stop signal sent (non-blocking).
[Orchestrator] Cleaning up all simulation instances...
Cleaning up all simulation instances...
Stopping and removing container: target_instance_3 (b75df001c9)...
  Container target_instance_3 removed.
Stopping and removing container: target_instance_2 (851e66566c)...
  Container target_instance_2 removed.
Stopping and removing container: target_instance_1 (f818708695)...
  Container target_instance_1 removed.
Simulation instance cleanup complete.
[Stats_Collector] Stopping stats collector thread...
[Orchestrator] Simulation Complete. Total Fictional Cost: $0.0028
[Orchestrator] Metrics logged in: simulation_metrics.csv
Simulation duration set to: 180
Attack duration set to: 0
Normal traffic RPS per client set to: 64.0
Normal traffic number of clients set to: 8
Normal traffic work units set to: 10
[Orchestrator] Initializing simulation environment...
[Sniffer] Realtime tcpdump started on any
[Sniffer] Label set to: benign
[Autoscaler] Initialized.
Attempting to build Docker image: edos_target_app:latest...
Image edos_target_app:latest already exists. Skipping build.
Docker network 'edos_network' already exists.
[Orchestrator] Cleaning up any pre-existing simulation instances...
Cleaning up all simulation instances...
No simulation instances found to clean up.
[Orchestrator] Starting initial 1 instance(s)...
Attempting to start container target_instance_1 mapping container:80 to host:8080...
Container 6134957ee9 (target_instance_1) started. Accessible on host port 8080.
[Autoscaler] Initial number of instances set to: 1
[Orchestrator] 1 initial instance(s) running.
[Orchestrator] Metrics will be logged to: simulation_metrics.csv
[Orchestrator] Attack summary will be logged to: attack_summary_log.csv
[Orchestrator] Normal traffic summary will be logged to: normal_traffic_summary_log.csv
[Orchestrator] Starting simulation main loop for 180 seconds.
[Orchestrator] Monitoring interval: 5s. Cooldown: 20s.
[Orchestrator] CPU Thresholds: Scale Up > 60.0%, Scale Down < 25.0%
[Orchestrator] No traffic injection scheduled (ATTACK_DURATION_SECONDS is 0 or less).
[Sniffer] Label set to: benign

--- Iteration 1 | Time: 0.0s / 180s ---
[Orchestrator]RTT = 0.0
[Orchestrator] Metrics: 1 active instance(s), Avg CPU: 0.00%, Avg App MEM: 0.00 MB
[Autoscaler] Condition for SCALE_DOWN met (Avg CPU: 0.00%), but already at MIN_INSTANCES (1). No action.
[DEBUG Orchestrator] Iteration Start. Instances Before Injector Logic: 1, Prev Injector Logic Instances: 1, Attack Started Flag: False, Normal Traffic Started Flag: False
[DEBUG Orchestrator] URLs derived for injector (if active): ['http://localhost:8080']
[Orchestrator] Starting/Restarting Normal Traffic. Target URLs for this call: ['http://localhost:8080']
[Normal_Injector] Starting HTTP flood with 8 attackers, ~512.0 RPS total, across 1 targets: http://localhost:8080
  [Normal_Injector Worker 124760641861312] Started. Target: http://localhost:8080?work=10&sleep=0.0, RPS: 64.00, Mean interval: 0.0156s (Poisson)
  [Normal_Injector Worker 124760625075904] Started. Target: http://localhost:8080?work=10&sleep=0.0, RPS: 64.00, Mean interval: 0.0156s (Poisson)
  [Normal_Injector Worker 124760277120704] Started. Target: http://localhost:8080?work=10&sleep=0.0, RPS: 64.00, Mean interval: 0.0156s (Poisson)
  [Normal_Injector Worker 124760251942592] Started. Target: http://localhost:8080?work=10&sleep=0.0, RPS: 64.00, Mean interval: 0.0156s (Poisson)
  [Normal_Injector Worker 124760235157184] Started. Target: http://localhost:8080?work=10&sleep=0.0, RPS: 64.00, Mean interval: 0.0156s (Poisson)
  [Normal_Injector Worker 124760226764480] Started. Target: http://localhost:8080?work=10&sleep=0.0, RPS: 64.00, Mean interval: 0.0156s (Poisson)
  [Normal_Injector Worker 124759740249792] Started. Target: http://localhost:8080?work=10&sleep=0.0, RPS: 64.00, Mean interval: 0.0156s (Poisson)
  [Normal_Injector Worker 124759715071680] Started. Target: http://localhost:8080?work=10&sleep=0.0, RPS: 64.00, Mean interval: 0.0156s (Poisson)
[Normal_Injector] All 8 attacker threads launched.
[DEBUG Orchestrator] End of Iteration. previous_num_instances_for_injector_logic updated to: 1
[DEGUG Orchestrator Loop Duration] Loop Duration = 61047.484919925
[Sniffer] Label set to: benign

--- Iteration 2 | Time: 5.0s / 180s ---
[Orchestrator]RTT = 42.026162327064235
[Orchestrator] Metrics: 1 active instance(s), Avg CPU: 100.21%, Avg App MEM: 26.69 MB
[Autoscaler] Decision: SCALE_UP. Avg CPU: 100.21% > 60.0%. Current instances: 1, Max: 4
[Orchestrator] Action: Scaling UP from 1 instance(s). Attempting to start instance 2.
Attempting to start container target_instance_2 mapping container:80 to host:8081...
Container 39e83003c3 (target_instance_2) started. Accessible on host port 8081.
[Orchestrator] Successfully started target_instance_2. Now 2 instance(s).
[Autoscaler] Scale action recorded. New instance count: 2. Cooldown timer reset.
[DEBUG Orchestrator] Iteration Start. Instances Before Injector Logic: 2, Prev Injector Logic Instances: 1, Attack Started Flag: False, Normal Traffic Started Flag: True
[DEBUG Orchestrator] URLs derived for injector (if active): ['http://localhost:8080', 'http://localhost:8081']
[Orchestrator] Starting/Restarting Normal Traffic. Target URLs for this call: ['http://localhost:8080', 'http://localhost:8081']
[Normal_Injector] Normal traffic already in progress. Call stop_http_traffic() first.
[DEBUG Orchestrator] End of Iteration. previous_num_instances_for_injector_logic updated to: 2
[DEGUG Orchestrator Loop Duration] Loop Duration = 61052.484919925
[Sniffer] Label set to: benign

--- Iteration 3 | Time: 10.0s / 180s ---
[Orchestrator]RTT = 49.20546875086747
[Orchestrator] Metrics: 2 active instance(s), Avg CPU: 102.03%, Avg App MEM: 26.90 MB
[Autoscaler]In cooldown: 14.998598065998522
[DEBUG Orchestrator] Iteration Start. Instances Before Injector Logic: 2, Prev Injector Logic Instances: 2, Attack Started Flag: False, Normal Traffic Started Flag: True
[DEBUG Orchestrator] URLs derived for injector (if active): ['http://localhost:8080', 'http://localhost:8081']
[Orchestrator] Starting/Restarting Normal Traffic. Target URLs for this call: ['http://localhost:8080', 'http://localhost:8081']
[Normal_Injector] Normal traffic already in progress. Call stop_http_traffic() first.
[DEBUG Orchestrator] End of Iteration. previous_num_instances_for_injector_logic updated to: 2
[DEGUG Orchestrator Loop Duration] Loop Duration = 61057.484919925
[Sniffer] Label set to: benign

--- Iteration 4 | Time: 15.0s / 180s ---
[Orchestrator]RTT = 44.176378362820586
[Orchestrator] Metrics: 2 active instance(s), Avg CPU: 50.42%, Avg App MEM: 21.09 MB
[Autoscaler]In cooldown: 10.002115023002261
[DEBUG Orchestrator] Iteration Start. Instances Before Injector Logic: 2, Prev Injector Logic Instances: 2, Attack Started Flag: False, Normal Traffic Started Flag: True
[DEBUG Orchestrator] URLs derived for injector (if active): ['http://localhost:8080', 'http://localhost:8081']
[Orchestrator] Starting/Restarting Normal Traffic. Target URLs for this call: ['http://localhost:8080', 'http://localhost:8081']
[Normal_Injector] Normal traffic already in progress. Call stop_http_traffic() first.
[DEBUG Orchestrator] End of Iteration. previous_num_instances_for_injector_logic updated to: 2
[DEGUG Orchestrator Loop Duration] Loop Duration = 61062.484919925
[Sniffer] Label set to: benign

--- Iteration 5 | Time: 20.0s / 180s ---
[Orchestrator]RTT = 42.66936211647743
[Orchestrator] Metrics: 2 active instance(s), Avg CPU: 33.74%, Avg App MEM: 19.20 MB
[Autoscaler]In cooldown: 4.965579358002287
[DEBUG Orchestrator] Iteration Start. Instances Before Injector Logic: 2, Prev Injector Logic Instances: 2, Attack Started Flag: False, Normal Traffic Started Flag: True
[DEBUG Orchestrator] URLs derived for injector (if active): ['http://localhost:8080', 'http://localhost:8081']
[Orchestrator] Starting/Restarting Normal Traffic. Target URLs for this call: ['http://localhost:8080', 'http://localhost:8081']
[Normal_Injector] Normal traffic already in progress. Call stop_http_traffic() first.
[DEBUG Orchestrator] End of Iteration. previous_num_instances_for_injector_logic updated to: 2
[DEGUG Orchestrator Loop Duration] Loop Duration = 61067.484919925
[Sniffer] Label set to: benign

--- Iteration 6 | Time: 25.0s / 180s ---
[Orchestrator]RTT = 51.353659030266236
[Orchestrator] Metrics: 2 active instance(s), Avg CPU: 50.11%, Avg App MEM: 21.13 MB
[Autoscaler] Decision: NO_ACTION. Avg CPU: 50.11% is within thresholds (25.0% - 60.0%).
[DEBUG Orchestrator] Iteration Start. Instances Before Injector Logic: 2, Prev Injector Logic Instances: 2, Attack Started Flag: False, Normal Traffic Started Flag: True
[DEBUG Orchestrator] URLs derived for injector (if active): ['http://localhost:8080', 'http://localhost:8081']
[Orchestrator] Starting/Restarting Normal Traffic. Target URLs for this call: ['http://localhost:8080', 'http://localhost:8081']
[Normal_Injector] Normal traffic already in progress. Call stop_http_traffic() first.
[DEBUG Orchestrator] End of Iteration. previous_num_instances_for_injector_logic updated to: 2
[DEGUG Orchestrator Loop Duration] Loop Duration = 61072.484919925
[Sniffer] Label set to: benign

--- Iteration 7 | Time: 30.0s / 180s ---
[Orchestrator]RTT = 43.31375708763537
[Orchestrator] Metrics: 2 active instance(s), Avg CPU: 47.44%, Avg App MEM: 21.50 MB
[Autoscaler] Decision: NO_ACTION. Avg CPU: 47.44% is within thresholds (25.0% - 60.0%).
[DEBUG Orchestrator] Iteration Start. Instances Before Injector Logic: 2, Prev Injector Logic Instances: 2, Attack Started Flag: False, Normal Traffic Started Flag: True
[DEBUG Orchestrator] URLs derived for injector (if active): ['http://localhost:8080', 'http://localhost:8081']
[Orchestrator] Starting/Restarting Normal Traffic. Target URLs for this call: ['http://localhost:8080', 'http://localhost:8081']
[Normal_Injector] Normal traffic already in progress. Call stop_http_traffic() first.
[DEBUG Orchestrator] End of Iteration. previous_num_instances_for_injector_logic updated to: 2
[DEGUG Orchestrator Loop Duration] Loop Duration = 61077.484919925
[Sniffer] Label set to: benign

--- Iteration 8 | Time: 35.0s / 180s ---
[Orchestrator]RTT = 42.531695439960906
[Orchestrator] Metrics: 2 active instance(s), Avg CPU: 49.06%, Avg App MEM: 21.39 MB
[Autoscaler] Decision: NO_ACTION. Avg CPU: 49.06% is within thresholds (25.0% - 60.0%).
[DEBUG Orchestrator] Iteration Start. Instances Before Injector Logic: 2, Prev Injector Logic Instances: 2, Attack Started Flag: False, Normal Traffic Started Flag: True
[DEBUG Orchestrator] URLs derived for injector (if active): ['http://localhost:8080', 'http://localhost:8081']
[Orchestrator] Starting/Restarting Normal Traffic. Target URLs for this call: ['http://localhost:8080', 'http://localhost:8081']
[Normal_Injector] Normal traffic already in progress. Call stop_http_traffic() first.
[DEBUG Orchestrator] End of Iteration. previous_num_instances_for_injector_logic updated to: 2
[DEGUG Orchestrator Loop Duration] Loop Duration = 61082.484919925
[Sniffer] Label set to: benign

--- Iteration 9 | Time: 40.0s / 180s ---
[Orchestrator]RTT = 43.23161444367619
[Orchestrator] Metrics: 2 active instance(s), Avg CPU: 61.62%, Avg App MEM: 23.54 MB
[Autoscaler] Decision: SCALE_UP. Avg CPU: 61.62% > 60.0%. Current instances: 2, Max: 4
[Orchestrator] Action: Scaling UP from 2 instance(s). Attempting to start instance 3.
Attempting to start container target_instance_3 mapping container:80 to host:8082...
Container ad120acd97 (target_instance_3) started. Accessible on host port 8082.
[Orchestrator] Successfully started target_instance_3. Now 3 instance(s).
[Autoscaler] Scale action recorded. New instance count: 3. Cooldown timer reset.
[DEBUG Orchestrator] Iteration Start. Instances Before Injector Logic: 3, Prev Injector Logic Instances: 2, Attack Started Flag: False, Normal Traffic Started Flag: True
[DEBUG Orchestrator] URLs derived for injector (if active): ['http://localhost:8080', 'http://localhost:8081', 'http://localhost:8082']
[Orchestrator] Starting/Restarting Normal Traffic. Target URLs for this call: ['http://localhost:8080', 'http://localhost:8081', 'http://localhost:8082']
[Normal_Injector] Normal traffic already in progress. Call stop_http_traffic() first.
[DEBUG Orchestrator] End of Iteration. previous_num_instances_for_injector_logic updated to: 3
[DEGUG Orchestrator Loop Duration] Loop Duration = 61087.484919925
[Sniffer] Label set to: benign

--- Iteration 10 | Time: 45.0s / 180s ---
[Orchestrator]RTT = 49.88513533114193
[Orchestrator] Metrics: 3 active instance(s), Avg CPU: 47.23%, Avg App MEM: 21.70 MB
[Autoscaler]In cooldown: 15.004627526002878
[DEBUG Orchestrator] Iteration Start. Instances Before Injector Logic: 3, Prev Injector Logic Instances: 3, Attack Started Flag: False, Normal Traffic Started Flag: True
[DEBUG Orchestrator] URLs derived for injector (if active): ['http://localhost:8080', 'http://localhost:8081', 'http://localhost:8082']
[Orchestrator] Starting/Restarting Normal Traffic. Target URLs for this call: ['http://localhost:8080', 'http://localhost:8081', 'http://localhost:8082']
[Normal_Injector] Normal traffic already in progress. Call stop_http_traffic() first.
[DEBUG Orchestrator] End of Iteration. previous_num_instances_for_injector_logic updated to: 3
[DEGUG Orchestrator Loop Duration] Loop Duration = 61092.484919925
[Sniffer] Label set to: benign

--- Iteration 11 | Time: 50.0s / 180s ---
[Orchestrator]RTT = 43.500136301456386
[Orchestrator] Metrics: 3 active instance(s), Avg CPU: 31.49%, Avg App MEM: 19.45 MB
[Autoscaler]In cooldown: 10.004397103999509
[DEBUG Orchestrator] Iteration Start. Instances Before Injector Logic: 3, Prev Injector Logic Instances: 3, Attack Started Flag: False, Normal Traffic Started Flag: True
[DEBUG Orchestrator] URLs derived for injector (if active): ['http://localhost:8080', 'http://localhost:8081', 'http://localhost:8082']
[Orchestrator] Starting/Restarting Normal Traffic. Target URLs for this call: ['http://localhost:8080', 'http://localhost:8081', 'http://localhost:8082']
[Normal_Injector] Normal traffic already in progress. Call stop_http_traffic() first.
[DEBUG Orchestrator] End of Iteration. previous_num_instances_for_injector_logic updated to: 3
[DEGUG Orchestrator Loop Duration] Loop Duration = 61097.484919925
[Sniffer] Label set to: benign

--- Iteration 12 | Time: 55.0s / 180s ---
[Orchestrator]RTT = 43.02814745149952
[Orchestrator] Metrics: 3 active instance(s), Avg CPU: 30.79%, Avg App MEM: 19.39 MB
[Autoscaler]In cooldown: 5.006368697999278
[DEBUG Orchestrator] Iteration Start. Instances Before Injector Logic: 3, Prev Injector Logic Instances: 3, Attack Started Flag: False, Normal Traffic Started Flag: True
[DEBUG Orchestrator] URLs derived for injector (if active): ['http://localhost:8080', 'http://localhost:8081', 'http://localhost:8082']
[Orchestrator] Starting/Restarting Normal Traffic. Target URLs for this call: ['http://localhost:8080', 'http://localhost:8081', 'http://localhost:8082']
[Normal_Injector] Normal traffic already in progress. Call stop_http_traffic() first.
[DEBUG Orchestrator] End of Iteration. previous_num_instances_for_injector_logic updated to: 3
[DEGUG Orchestrator Loop Duration] Loop Duration = 61102.484919925
[Sniffer] Label set to: benign

--- Iteration 13 | Time: 60.0s / 180s ---
[Orchestrator]RTT = 43.346526852036206
[Orchestrator] Metrics: 3 active instance(s), Avg CPU: 32.77%, Avg App MEM: 19.50 MB
[Autoscaler] Decision: NO_ACTION. Avg CPU: 32.77% is within thresholds (25.0% - 60.0%).
[DEBUG Orchestrator] Iteration Start. Instances Before Injector Logic: 3, Prev Injector Logic Instances: 3, Attack Started Flag: False, Normal Traffic Started Flag: True
[DEBUG Orchestrator] URLs derived for injector (if active): ['http://localhost:8080', 'http://localhost:8081', 'http://localhost:8082']
[Orchestrator] Starting/Restarting Normal Traffic. Target URLs for this call: ['http://localhost:8080', 'http://localhost:8081', 'http://localhost:8082']
[Normal_Injector] Normal traffic already in progress. Call stop_http_traffic() first.
[DEBUG Orchestrator] End of Iteration. previous_num_instances_for_injector_logic updated to: 3
[DEGUG Orchestrator Loop Duration] Loop Duration = 61107.484919925
[Sniffer] Label set to: benign

--- Iteration 14 | Time: 65.0s / 180s ---
[Orchestrator]RTT = 44.24101404525758
[Orchestrator] Metrics: 3 active instance(s), Avg CPU: 33.68%, Avg App MEM: 19.52 MB
[Autoscaler] Decision: NO_ACTION. Avg CPU: 33.68% is within thresholds (25.0% - 60.0%).
[DEBUG Orchestrator] Iteration Start. Instances Before Injector Logic: 3, Prev Injector Logic Instances: 3, Attack Started Flag: False, Normal Traffic Started Flag: True
[DEBUG Orchestrator] URLs derived for injector (if active): ['http://localhost:8080', 'http://localhost:8081', 'http://localhost:8082']
[Orchestrator] Starting/Restarting Normal Traffic. Target URLs for this call: ['http://localhost:8080', 'http://localhost:8081', 'http://localhost:8082']
[Normal_Injector] Normal traffic already in progress. Call stop_http_traffic() first.
[DEBUG Orchestrator] End of Iteration. previous_num_instances_for_injector_logic updated to: 3
[DEGUG Orchestrator Loop Duration] Loop Duration = 61112.484919925
[Sniffer] Label set to: benign

--- Iteration 15 | Time: 70.0s / 180s ---
[Orchestrator]RTT = 41.12540339686967
[Orchestrator] Metrics: 3 active instance(s), Avg CPU: 31.52%, Avg App MEM: 19.52 MB
[Autoscaler] Decision: NO_ACTION. Avg CPU: 31.52% is within thresholds (25.0% - 60.0%).
[DEBUG Orchestrator] Iteration Start. Instances Before Injector Logic: 3, Prev Injector Logic Instances: 3, Attack Started Flag: False, Normal Traffic Started Flag: True
[DEBUG Orchestrator] URLs derived for injector (if active): ['http://localhost:8080', 'http://localhost:8081', 'http://localhost:8082']
[Orchestrator] Starting/Restarting Normal Traffic. Target URLs for this call: ['http://localhost:8080', 'http://localhost:8081', 'http://localhost:8082']
[Normal_Injector] Normal traffic already in progress. Call stop_http_traffic() first.
[DEBUG Orchestrator] End of Iteration. previous_num_instances_for_injector_logic updated to: 3
[DEGUG Orchestrator Loop Duration] Loop Duration = 61117.484919925
[Sniffer] Label set to: benign

--- Iteration 16 | Time: 75.0s / 180s ---
[Orchestrator]RTT = 44.29509020297125
[Orchestrator] Metrics: 3 active instance(s), Avg CPU: 31.52%, Avg App MEM: 19.52 MB
[Autoscaler] Decision: NO_ACTION. Avg CPU: 31.52% is within thresholds (25.0% - 60.0%).
[DEBUG Orchestrator] Iteration Start. Instances Before Injector Logic: 3, Prev Injector Logic Instances: 3, Attack Started Flag: False, Normal Traffic Started Flag: True
[DEBUG Orchestrator] URLs derived for injector (if active): ['http://localhost:8080', 'http://localhost:8081', 'http://localhost:8082']
[Orchestrator] Starting/Restarting Normal Traffic. Target URLs for this call: ['http://localhost:8080', 'http://localhost:8081', 'http://localhost:8082']
[Normal_Injector] Normal traffic already in progress. Call stop_http_traffic() first.
[DEBUG Orchestrator] End of Iteration. previous_num_instances_for_injector_logic updated to: 3
[DEGUG Orchestrator Loop Duration] Loop Duration = 61122.484919925
[Sniffer] Label set to: benign

--- Iteration 17 | Time: 80.0s / 180s ---
[Orchestrator]RTT = 42.155482169282116
[Orchestrator] Metrics: 3 active instance(s), Avg CPU: 31.91%, Avg App MEM: 19.36 MB
[Autoscaler] Decision: NO_ACTION. Avg CPU: 31.91% is within thresholds (25.0% - 60.0%).
[DEBUG Orchestrator] Iteration Start. Instances Before Injector Logic: 3, Prev Injector Logic Instances: 3, Attack Started Flag: False, Normal Traffic Started Flag: True
[DEBUG Orchestrator] URLs derived for injector (if active): ['http://localhost:8080', 'http://localhost:8081', 'http://localhost:8082']
[Orchestrator] Starting/Restarting Normal Traffic. Target URLs for this call: ['http://localhost:8080', 'http://localhost:8081', 'http://localhost:8082']
[Normal_Injector] Normal traffic already in progress. Call stop_http_traffic() first.
[DEBUG Orchestrator] End of Iteration. previous_num_instances_for_injector_logic updated to: 3
[DEGUG Orchestrator Loop Duration] Loop Duration = 61127.484919925
[Sniffer] Label set to: benign

--- Iteration 18 | Time: 85.0s / 180s ---
[Orchestrator]RTT = 42.22690851323387
[Orchestrator] Metrics: 3 active instance(s), Avg CPU: 33.48%, Avg App MEM: 19.53 MB
[Autoscaler] Decision: NO_ACTION. Avg CPU: 33.48% is within thresholds (25.0% - 60.0%).
[DEBUG Orchestrator] Iteration Start. Instances Before Injector Logic: 3, Prev Injector Logic Instances: 3, Attack Started Flag: False, Normal Traffic Started Flag: True
[DEBUG Orchestrator] URLs derived for injector (if active): ['http://localhost:8080', 'http://localhost:8081', 'http://localhost:8082']
[Orchestrator] Starting/Restarting Normal Traffic. Target URLs for this call: ['http://localhost:8080', 'http://localhost:8081', 'http://localhost:8082']
[Normal_Injector] Normal traffic already in progress. Call stop_http_traffic() first.
[DEBUG Orchestrator] End of Iteration. previous_num_instances_for_injector_logic updated to: 3
[DEGUG Orchestrator Loop Duration] Loop Duration = 61132.484919925
[Sniffer] Label set to: benign

--- Iteration 19 | Time: 90.0s / 180s ---
[Orchestrator]RTT = 46.140994137980165
[Orchestrator] Metrics: 3 active instance(s), Avg CPU: 34.08%, Avg App MEM: 19.38 MB
[Autoscaler] Decision: NO_ACTION. Avg CPU: 34.08% is within thresholds (25.0% - 60.0%).
[DEBUG Orchestrator] Iteration Start. Instances Before Injector Logic: 3, Prev Injector Logic Instances: 3, Attack Started Flag: False, Normal Traffic Started Flag: True
[DEBUG Orchestrator] URLs derived for injector (if active): ['http://localhost:8080', 'http://localhost:8081', 'http://localhost:8082']
[Orchestrator] Starting/Restarting Normal Traffic. Target URLs for this call: ['http://localhost:8080', 'http://localhost:8081', 'http://localhost:8082']
[Normal_Injector] Normal traffic already in progress. Call stop_http_traffic() first.
[DEBUG Orchestrator] End of Iteration. previous_num_instances_for_injector_logic updated to: 3
[DEGUG Orchestrator Loop Duration] Loop Duration = 61137.484919925
[Sniffer] Label set to: benign

--- Iteration 20 | Time: 95.0s / 180s ---
[Orchestrator]RTT = 45.63003825680779
[Orchestrator] Metrics: 3 active instance(s), Avg CPU: 34.08%, Avg App MEM: 19.38 MB
[Autoscaler] Decision: NO_ACTION. Avg CPU: 34.08% is within thresholds (25.0% - 60.0%).
[DEBUG Orchestrator] Iteration Start. Instances Before Injector Logic: 3, Prev Injector Logic Instances: 3, Attack Started Flag: False, Normal Traffic Started Flag: True
[DEBUG Orchestrator] URLs derived for injector (if active): ['http://localhost:8080', 'http://localhost:8081', 'http://localhost:8082']
[Orchestrator] Starting/Restarting Normal Traffic. Target URLs for this call: ['http://localhost:8080', 'http://localhost:8081', 'http://localhost:8082']
[Normal_Injector] Normal traffic already in progress. Call stop_http_traffic() first.
[DEBUG Orchestrator] End of Iteration. previous_num_instances_for_injector_logic updated to: 3
[DEGUG Orchestrator Loop Duration] Loop Duration = 61142.484919925
[Sniffer] Label set to: benign

--- Iteration 21 | Time: 100.0s / 180s ---
[Orchestrator]RTT = 42.06121973587805
[Orchestrator] Metrics: 3 active instance(s), Avg CPU: 32.61%, Avg App MEM: 19.47 MB
[Autoscaler] Decision: NO_ACTION. Avg CPU: 32.61% is within thresholds (25.0% - 60.0%).
[DEBUG Orchestrator] Iteration Start. Instances Before Injector Logic: 3, Prev Injector Logic Instances: 3, Attack Started Flag: False, Normal Traffic Started Flag: True
[DEBUG Orchestrator] URLs derived for injector (if active): ['http://localhost:8080', 'http://localhost:8081', 'http://localhost:8082']
[Orchestrator] Starting/Restarting Normal Traffic. Target URLs for this call: ['http://localhost:8080', 'http://localhost:8081', 'http://localhost:8082']
[Normal_Injector] Normal traffic already in progress. Call stop_http_traffic() first.
[DEBUG Orchestrator] End of Iteration. previous_num_instances_for_injector_logic updated to: 3
[DEGUG Orchestrator Loop Duration] Loop Duration = 61147.484919925
[Sniffer] Label set to: benign

--- Iteration 22 | Time: 105.0s / 180s ---
[Orchestrator]RTT = 43.99163577868606
[Orchestrator] Metrics: 3 active instance(s), Avg CPU: 31.06%, Avg App MEM: 19.46 MB
[Autoscaler] Decision: NO_ACTION. Avg CPU: 31.06% is within thresholds (25.0% - 60.0%).
[DEBUG Orchestrator] Iteration Start. Instances Before Injector Logic: 3, Prev Injector Logic Instances: 3, Attack Started Flag: False, Normal Traffic Started Flag: True
[DEBUG Orchestrator] URLs derived for injector (if active): ['http://localhost:8080', 'http://localhost:8081', 'http://localhost:8082']
[Orchestrator] Starting/Restarting Normal Traffic. Target URLs for this call: ['http://localhost:8080', 'http://localhost:8081', 'http://localhost:8082']
[Normal_Injector] Normal traffic already in progress. Call stop_http_traffic() first.
[DEBUG Orchestrator] End of Iteration. previous_num_instances_for_injector_logic updated to: 3
[DEGUG Orchestrator Loop Duration] Loop Duration = 61152.484919925
[Sniffer] Label set to: benign

--- Iteration 23 | Time: 110.0s / 180s ---
[Orchestrator]RTT = 43.43115417099658
[Orchestrator] Metrics: 3 active instance(s), Avg CPU: 30.18%, Avg App MEM: 19.46 MB
[Autoscaler] Decision: NO_ACTION. Avg CPU: 30.18% is within thresholds (25.0% - 60.0%).
[DEBUG Orchestrator] Iteration Start. Instances Before Injector Logic: 3, Prev Injector Logic Instances: 3, Attack Started Flag: False, Normal Traffic Started Flag: True
[DEBUG Orchestrator] URLs derived for injector (if active): ['http://localhost:8080', 'http://localhost:8081', 'http://localhost:8082']
[Orchestrator] Starting/Restarting Normal Traffic. Target URLs for this call: ['http://localhost:8080', 'http://localhost:8081', 'http://localhost:8082']
[Normal_Injector] Normal traffic already in progress. Call stop_http_traffic() first.
[DEBUG Orchestrator] End of Iteration. previous_num_instances_for_injector_logic updated to: 3
[DEGUG Orchestrator Loop Duration] Loop Duration = 61157.484919925
[Sniffer] Label set to: benign

--- Iteration 24 | Time: 115.0s / 180s ---
[Orchestrator]RTT = 45.3240701100623
[Orchestrator] Metrics: 3 active instance(s), Avg CPU: 31.89%, Avg App MEM: 19.39 MB
[Autoscaler] Decision: NO_ACTION. Avg CPU: 31.89% is within thresholds (25.0% - 60.0%).
[DEBUG Orchestrator] Iteration Start. Instances Before Injector Logic: 3, Prev Injector Logic Instances: 3, Attack Started Flag: False, Normal Traffic Started Flag: True
[DEBUG Orchestrator] URLs derived for injector (if active): ['http://localhost:8080', 'http://localhost:8081', 'http://localhost:8082']
[Orchestrator] Starting/Restarting Normal Traffic. Target URLs for this call: ['http://localhost:8080', 'http://localhost:8081', 'http://localhost:8082']
[Normal_Injector] Normal traffic already in progress. Call stop_http_traffic() first.
[DEBUG Orchestrator] End of Iteration. previous_num_instances_for_injector_logic updated to: 3
[DEGUG Orchestrator Loop Duration] Loop Duration = 61162.484919925
[Sniffer] Label set to: benign

--- Iteration 25 | Time: 120.0s / 180s ---
[Orchestrator]RTT = 42.50950607919663
[Orchestrator] Metrics: 3 active instance(s), Avg CPU: 31.89%, Avg App MEM: 19.39 MB
[Autoscaler] Decision: NO_ACTION. Avg CPU: 31.89% is within thresholds (25.0% - 60.0%).
[DEBUG Orchestrator] Iteration Start. Instances Before Injector Logic: 3, Prev Injector Logic Instances: 3, Attack Started Flag: False, Normal Traffic Started Flag: True
[DEBUG Orchestrator] URLs derived for injector (if active): ['http://localhost:8080', 'http://localhost:8081', 'http://localhost:8082']
[Orchestrator] Starting/Restarting Normal Traffic. Target URLs for this call: ['http://localhost:8080', 'http://localhost:8081', 'http://localhost:8082']
[Normal_Injector] Normal traffic already in progress. Call stop_http_traffic() first.
[DEBUG Orchestrator] End of Iteration. previous_num_instances_for_injector_logic updated to: 3
[DEGUG Orchestrator Loop Duration] Loop Duration = 61167.484919925
[Sniffer] Label set to: benign

--- Iteration 26 | Time: 125.0s / 180s ---
[Orchestrator]RTT = 49.313170247282024
[Orchestrator] Metrics: 3 active instance(s), Avg CPU: 32.34%, Avg App MEM: 19.30 MB
[Autoscaler] Decision: NO_ACTION. Avg CPU: 32.34% is within thresholds (25.0% - 60.0%).
[DEBUG Orchestrator] Iteration Start. Instances Before Injector Logic: 3, Prev Injector Logic Instances: 3, Attack Started Flag: False, Normal Traffic Started Flag: True
[DEBUG Orchestrator] URLs derived for injector (if active): ['http://localhost:8080', 'http://localhost:8081', 'http://localhost:8082']
[Orchestrator] Starting/Restarting Normal Traffic. Target URLs for this call: ['http://localhost:8080', 'http://localhost:8081', 'http://localhost:8082']
[Normal_Injector] Normal traffic already in progress. Call stop_http_traffic() first.
[DEBUG Orchestrator] End of Iteration. previous_num_instances_for_injector_logic updated to: 3
[DEGUG Orchestrator Loop Duration] Loop Duration = 61172.484919925
[Sniffer] Label set to: benign

--- Iteration 27 | Time: 130.0s / 180s ---
[Orchestrator]RTT = 43.282453297166825
[Orchestrator] Metrics: 3 active instance(s), Avg CPU: 33.55%, Avg App MEM: 19.46 MB
[Autoscaler] Decision: NO_ACTION. Avg CPU: 33.55% is within thresholds (25.0% - 60.0%).
[DEBUG Orchestrator] Iteration Start. Instances Before Injector Logic: 3, Prev Injector Logic Instances: 3, Attack Started Flag: False, Normal Traffic Started Flag: True
[DEBUG Orchestrator] URLs derived for injector (if active): ['http://localhost:8080', 'http://localhost:8081', 'http://localhost:8082']
[Orchestrator] Starting/Restarting Normal Traffic. Target URLs for this call: ['http://localhost:8080', 'http://localhost:8081', 'http://localhost:8082']
[Normal_Injector] Normal traffic already in progress. Call stop_http_traffic() first.
[DEBUG Orchestrator] End of Iteration. previous_num_instances_for_injector_logic updated to: 3
[DEGUG Orchestrator Loop Duration] Loop Duration = 61177.484919925
[Sniffer] Label set to: benign

--- Iteration 28 | Time: 135.0s / 180s ---
[Orchestrator]RTT = 41.063513548393146
[Orchestrator] Metrics: 3 active instance(s), Avg CPU: 33.78%, Avg App MEM: 19.55 MB
[Autoscaler] Decision: NO_ACTION. Avg CPU: 33.78% is within thresholds (25.0% - 60.0%).
[DEBUG Orchestrator] Iteration Start. Instances Before Injector Logic: 3, Prev Injector Logic Instances: 3, Attack Started Flag: False, Normal Traffic Started Flag: True
[DEBUG Orchestrator] URLs derived for injector (if active): ['http://localhost:8080', 'http://localhost:8081', 'http://localhost:8082']
[Orchestrator] Starting/Restarting Normal Traffic. Target URLs for this call: ['http://localhost:8080', 'http://localhost:8081', 'http://localhost:8082']
[Normal_Injector] Normal traffic already in progress. Call stop_http_traffic() first.
[DEBUG Orchestrator] End of Iteration. previous_num_instances_for_injector_logic updated to: 3
[DEGUG Orchestrator Loop Duration] Loop Duration = 61182.484919925
[Sniffer] Label set to: benign

--- Iteration 29 | Time: 140.0s / 180s ---
[Orchestrator]RTT = 42.22129459917239
[Orchestrator] Metrics: 3 active instance(s), Avg CPU: 33.78%, Avg App MEM: 19.55 MB
[Autoscaler] Decision: NO_ACTION. Avg CPU: 33.78% is within thresholds (25.0% - 60.0%).
[DEBUG Orchestrator] Iteration Start. Instances Before Injector Logic: 3, Prev Injector Logic Instances: 3, Attack Started Flag: False, Normal Traffic Started Flag: True
[DEBUG Orchestrator] URLs derived for injector (if active): ['http://localhost:8080', 'http://localhost:8081', 'http://localhost:8082']
[Orchestrator] Starting/Restarting Normal Traffic. Target URLs for this call: ['http://localhost:8080', 'http://localhost:8081', 'http://localhost:8082']
[Normal_Injector] Normal traffic already in progress. Call stop_http_traffic() first.
[DEBUG Orchestrator] End of Iteration. previous_num_instances_for_injector_logic updated to: 3
[DEGUG Orchestrator Loop Duration] Loop Duration = 61187.484919925
[Sniffer] Label set to: benign

--- Iteration 30 | Time: 145.0s / 180s ---
[Orchestrator]RTT = 44.815515910472655
[Orchestrator] Metrics: 3 active instance(s), Avg CPU: 31.13%, Avg App MEM: 19.47 MB
[Autoscaler] Decision: NO_ACTION. Avg CPU: 31.13% is within thresholds (25.0% - 60.0%).
[DEBUG Orchestrator] Iteration Start. Instances Before Injector Logic: 3, Prev Injector Logic Instances: 3, Attack Started Flag: False, Normal Traffic Started Flag: True
[DEBUG Orchestrator] URLs derived for injector (if active): ['http://localhost:8080', 'http://localhost:8081', 'http://localhost:8082']
[Orchestrator] Starting/Restarting Normal Traffic. Target URLs for this call: ['http://localhost:8080', 'http://localhost:8081', 'http://localhost:8082']
[Normal_Injector] Normal traffic already in progress. Call stop_http_traffic() first.
[DEBUG Orchestrator] End of Iteration. previous_num_instances_for_injector_logic updated to: 3
[DEGUG Orchestrator Loop Duration] Loop Duration = 61192.484919925
[Sniffer] Label set to: benign

--- Iteration 31 | Time: 150.0s / 180s ---
[Orchestrator]RTT = 43.12684946595249
[Orchestrator] Metrics: 3 active instance(s), Avg CPU: 32.87%, Avg App MEM: 19.31 MB
[Autoscaler] Decision: NO_ACTION. Avg CPU: 32.87% is within thresholds (25.0% - 60.0%).
[DEBUG Orchestrator] Iteration Start. Instances Before Injector Logic: 3, Prev Injector Logic Instances: 3, Attack Started Flag: False, Normal Traffic Started Flag: True
[DEBUG Orchestrator] URLs derived for injector (if active): ['http://localhost:8080', 'http://localhost:8081', 'http://localhost:8082']
[Orchestrator] Starting/Restarting Normal Traffic. Target URLs for this call: ['http://localhost:8080', 'http://localhost:8081', 'http://localhost:8082']
[Normal_Injector] Normal traffic already in progress. Call stop_http_traffic() first.
[DEBUG Orchestrator] End of Iteration. previous_num_instances_for_injector_logic updated to: 3
[DEGUG Orchestrator Loop Duration] Loop Duration = 61197.484919925
[Sniffer] Label set to: benign

--- Iteration 32 | Time: 155.0s / 180s ---
[Orchestrator]RTT = 46.55825651475493
[Orchestrator] Metrics: 3 active instance(s), Avg CPU: 35.56%, Avg App MEM: 19.54 MB
[Autoscaler] Decision: NO_ACTION. Avg CPU: 35.56% is within thresholds (25.0% - 60.0%).
[DEBUG Orchestrator] Iteration Start. Instances Before Injector Logic: 3, Prev Injector Logic Instances: 3, Attack Started Flag: False, Normal Traffic Started Flag: True
[DEBUG Orchestrator] URLs derived for injector (if active): ['http://localhost:8080', 'http://localhost:8081', 'http://localhost:8082']
[Orchestrator] Starting/Restarting Normal Traffic. Target URLs for this call: ['http://localhost:8080', 'http://localhost:8081', 'http://localhost:8082']
[Normal_Injector] Normal traffic already in progress. Call stop_http_traffic() first.
[DEBUG Orchestrator] End of Iteration. previous_num_instances_for_injector_logic updated to: 3
[DEGUG Orchestrator Loop Duration] Loop Duration = 61202.484919925
[Sniffer] Label set to: benign

--- Iteration 33 | Time: 160.0s / 180s ---
[Orchestrator]RTT = 44.572761363762964
[Orchestrator] Metrics: 3 active instance(s), Avg CPU: 32.64%, Avg App MEM: 19.41 MB
[Autoscaler] Decision: NO_ACTION. Avg CPU: 32.64% is within thresholds (25.0% - 60.0%).
[DEBUG Orchestrator] Iteration Start. Instances Before Injector Logic: 3, Prev Injector Logic Instances: 3, Attack Started Flag: False, Normal Traffic Started Flag: True
[DEBUG Orchestrator] URLs derived for injector (if active): ['http://localhost:8080', 'http://localhost:8081', 'http://localhost:8082']
[Orchestrator] Starting/Restarting Normal Traffic. Target URLs for this call: ['http://localhost:8080', 'http://localhost:8081', 'http://localhost:8082']
[Normal_Injector] Normal traffic already in progress. Call stop_http_traffic() first.
[DEBUG Orchestrator] End of Iteration. previous_num_instances_for_injector_logic updated to: 3
[DEGUG Orchestrator Loop Duration] Loop Duration = 61207.484919925
[Sniffer] Label set to: benign

--- Iteration 34 | Time: 165.0s / 180s ---
[Orchestrator]RTT = 44.658637685692256
[Orchestrator] Metrics: 3 active instance(s), Avg CPU: 32.64%, Avg App MEM: 19.41 MB
[Autoscaler] Decision: NO_ACTION. Avg CPU: 32.64% is within thresholds (25.0% - 60.0%).
[DEBUG Orchestrator] Iteration Start. Instances Before Injector Logic: 3, Prev Injector Logic Instances: 3, Attack Started Flag: False, Normal Traffic Started Flag: True
[DEBUG Orchestrator] URLs derived for injector (if active): ['http://localhost:8080', 'http://localhost:8081', 'http://localhost:8082']
[Orchestrator] Starting/Restarting Normal Traffic. Target URLs for this call: ['http://localhost:8080', 'http://localhost:8081', 'http://localhost:8082']
[Normal_Injector] Normal traffic already in progress. Call stop_http_traffic() first.
[DEBUG Orchestrator] End of Iteration. previous_num_instances_for_injector_logic updated to: 3
[DEGUG Orchestrator Loop Duration] Loop Duration = 61212.484919925
[Sniffer] Label set to: benign

--- Iteration 35 | Time: 170.0s / 180s ---
[Orchestrator]RTT = 42.43407533318645
[Orchestrator] Metrics: 3 active instance(s), Avg CPU: 29.47%, Avg App MEM: 19.41 MB
[Autoscaler] Decision: NO_ACTION. Avg CPU: 29.47% is within thresholds (25.0% - 60.0%).
[DEBUG Orchestrator] Iteration Start. Instances Before Injector Logic: 3, Prev Injector Logic Instances: 3, Attack Started Flag: False, Normal Traffic Started Flag: True
[DEBUG Orchestrator] URLs derived for injector (if active): ['http://localhost:8080', 'http://localhost:8081', 'http://localhost:8082']
[Orchestrator] Starting/Restarting Normal Traffic. Target URLs for this call: ['http://localhost:8080', 'http://localhost:8081', 'http://localhost:8082']
[Normal_Injector] Normal traffic already in progress. Call stop_http_traffic() first.
[DEBUG Orchestrator] End of Iteration. previous_num_instances_for_injector_logic updated to: 3
[DEGUG Orchestrator Loop Duration] Loop Duration = 61217.484919925
[Sniffer] Label set to: benign

--- Iteration 36 | Time: 175.0s / 180s ---
[Orchestrator]RTT = 43.93806403957804
[Orchestrator] Metrics: 3 active instance(s), Avg CPU: 33.19%, Avg App MEM: 19.50 MB
[Autoscaler] Decision: NO_ACTION. Avg CPU: 33.19% is within thresholds (25.0% - 60.0%).
[DEBUG Orchestrator] Iteration Start. Instances Before Injector Logic: 3, Prev Injector Logic Instances: 3, Attack Started Flag: False, Normal Traffic Started Flag: True
[DEBUG Orchestrator] URLs derived for injector (if active): ['http://localhost:8080', 'http://localhost:8081', 'http://localhost:8082']
[Orchestrator] Starting/Restarting Normal Traffic. Target URLs for this call: ['http://localhost:8080', 'http://localhost:8081', 'http://localhost:8082']
[Normal_Injector] Normal traffic already in progress. Call stop_http_traffic() first.
[DEBUG Orchestrator] End of Iteration. previous_num_instances_for_injector_logic updated to: 3
[DEGUG Orchestrator Loop Duration] Loop Duration = 61222.484919925

[Orchestrator] Simulation duration reached.
[Orchestrator] Saving RTT log...
[Sniffer] Realtime tcpdump stopped.
[Orchestrator] Stopping normal traffic...
[Normal_Injector] Signaling workers to stop...
  [Normal_Injector Worker 124760277120704] Stopped. Total requests: 8618, Errors: 0
  [Normal_Injector Worker 124760251942592] Stopped. Total requests: 8725, Errors: 0
  [Normal_Injector Worker 124760641861312] Stopped. Total requests: 8518, Errors: 0
  [Normal_Injector Worker 124759715071680] Stopped. Total requests: 8621, Errors: 0
  [Normal_Injector Worker 124760235157184] Stopped. Total requests: 8717, Errors: 0
  [Normal_Injector Worker 124760625075904] Stopped. Total requests: 8816, Errors: 0
  [Normal_Injector Worker 124759740249792] Stopped. Total requests: 8706, Errors: 0
  [Normal_Injector Worker 124760226764480] Stopped. Total requests: 8845, Errors: 0
[Normal_Injector] Stop signal sent (non-blocking).
[Orchestrator] Cleaning up all simulation instances...
Cleaning up all simulation instances...
Stopping and removing container: target_instance_3 (ad120acd97)...
  Container target_instance_3 removed.
Stopping and removing container: target_instance_2 (39e83003c3)...
  Container target_instance_2 removed.
Stopping and removing container: target_instance_1 (6134957ee9)...
  Container target_instance_1 removed.
Simulation instance cleanup complete.
[Stats_Collector] Stopping stats collector thread...
[Orchestrator] Simulation Complete. Total Fictional Cost: $0.0027
[Orchestrator] Metrics logged in: simulation_metrics.csv

===== [1/10] extra_reps_clients8: agregado=256, clientes=8, rps/cliente=32.0, rep 6 =====

===== [2/10] extra_reps_clients8: agregado=256, clientes=8, rps/cliente=32.0, rep 7 =====

===== [3/10] extra_reps_clients8: agregado=256, clientes=8, rps/cliente=32.0, rep 8 =====

===== [4/10] extra_reps_clients8: agregado=256, clientes=8, rps/cliente=32.0, rep 9 =====

===== [5/10] extra_reps_clients8: agregado=256, clientes=8, rps/cliente=32.0, rep 10 =====

===== [6/10] extra_reps_clients8: agregado=512, clientes=8, rps/cliente=64.0, rep 6 =====

===== [7/10] extra_reps_clients8: agregado=512, clientes=8, rps/cliente=64.0, rep 7 =====

===== [8/10] extra_reps_clients8: agregado=512, clientes=8, rps/cliente=64.0, rep 8 =====

===== [9/10] extra_reps_clients8: agregado=512, clientes=8, rps/cliente=64.0, rep 9 =====

===== [10/10] extra_reps_clients8: agregado=512, clientes=8, rps/cliente=64.0, rep 10 =====

extra_reps_clients8: todas as execuções concluídas.
