
===== Analisando experiment_results/combined_sweep/rtt_log_S1_atk10pct_wu300000.csv =====
[INFO] Baseline pré-ataque: média=15.9ms, desvio=19.0ms (756 amostras) -> piso de burst = 28.6ms (1.8x a média)
Janela (MM:SS.s) Média RTT   Std Entropia Δ Ent. Al. Ent. Max Z Al. Z  CUSUM Al. CUSUM    Status Burst
        00:010.1      15.9  19.0     1.36   0.00      Não  0.00   Não      0       Não Normal/Residual
        00:020.5      33.0  52.4     1.08   0.28      Não 23.66   Sim   9690       Sim      DDoS Burst
        00:029.9      38.1  54.0     1.24   0.16      Não  8.28   Sim  21393       Sim      DDoS Burst
        00:040.1      27.0  33.9     1.72   0.48      Não  3.58   Sim  22923       Sim Normal/Residual
        00:050.0      27.2  33.8     1.63   0.09      Não  6.53   Sim  24587       Sim Normal/Residual
        00:059.8      40.8  50.9     1.77   0.14      Não 10.11   Sim  38509       Sim      DDoS Burst
        01:010.0      71.5  94.9     1.73   0.04      Não 10.44   Sim  79993       Sim      DDoS Burst
        01:019.8      67.3 100.1     1.58   0.15      Não  5.28   Sim 117818       Sim      DDoS Burst
        01:029.9      38.1  61.6     1.56   0.02      Não  3.44   Não 128894       Sim      DDoS Burst
        01:039.7      27.0  37.5     1.29   0.27      Não  5.93   Sim 130212       Sim Normal/Residual
        01:050.2      21.4  26.0     1.36   0.07      Não  4.24   Sim 126897       Sim Normal/Residual
        01:059.8      24.6  32.1     1.56   0.20      Não  8.24   Sim 126227       Sim Normal/Residual
        02:010.2      27.4  34.1     1.71   0.15      Não  6.57   Sim 127979       Sim Normal/Residual
        02:020.0      31.8  43.1     1.57   0.15      Não  9.55   Sim 133733       Sim      DDoS Burst
        02:030.0      33.4  44.8     1.62   0.05      Não  7.45   Sim 140797       Sim      DDoS Burst
        02:039.7      24.0  30.4     1.43   0.19      Não  3.14   Não 139619       Sim Normal/Residual
        02:050.1      17.3  19.4     1.31   0.12      Não  1.36   Não 133266       Sim Normal/Residual
        02:055.2      17.5  19.4     1.34   0.03      Não  2.48   Não 130147       Sim Normal/Residual

✅ Bursts detectados: 8 | Excel: experiment_results/combined_sweep/rtt_bursts_S1_atk10pct_wu300000.xlsx | Gráfico: experiment_results/combined_sweep/rtt_todos_bursts_S1_atk10pct_wu300000.png

===== Analisando experiment_results/combined_sweep/rtt_log_S1_atk10pct_wu500000.csv =====
[INFO] Baseline pré-ataque: média=20.1ms, desvio=36.7ms (798 amostras) -> piso de burst = 36.1ms (1.8x a média)
Janela (MM:SS.s) Média RTT   Std Entropia Δ Ent. Al. Ent. Max Z Al. Z  CUSUM Al. CUSUM    Status Burst
        00:010.0      20.1  36.7     0.96   0.00      Não  0.00   Não   2619       Sim Normal/Residual
        00:020.4     118.8 229.9     1.30   0.34      Não 33.23   Sim  76054       Sim      DDoS Burst
        00:030.1     138.8 225.5     1.59   0.30      Não  4.88   Sim 164241       Sim      DDoS Burst
        00:040.1      70.7  98.6     1.48   0.11      Não  2.42   Não 192500       Sim      DDoS Burst
        00:049.8      52.3  77.5     1.66   0.17      Não  3.92   Sim 204138       Sim      DDoS Burst
        01:000.2      35.9  52.7     1.73   0.07      Não  3.14   Não 201960       Sim Normal/Residual
        01:009.7      35.5  53.7     1.67   0.06      Não  5.57   Sim 199439       Sim Normal/Residual
        01:020.1      34.4  49.0     1.67   0.01      Não  5.47   Sim 195927       Sim Normal/Residual
        01:030.1     100.0 151.6     1.50   0.16      Não 18.00   Sim 250910       Sim      DDoS Burst
        01:040.2     140.0 182.7     1.95   0.45      Não  5.39   Sim 341398       Sim      DDoS Burst
        01:050.0     135.5 185.0     2.00   0.05      Não  3.96   Sim 431360       Sim      DDoS Burst
        01:059.9     108.4 157.3     1.83   0.17      Não  3.43   Não 497317       Sim      DDoS Burst
        02:010.1      61.3  95.2     1.14   0.69      Não  4.47   Sim 519239       Sim      DDoS Burst
        02:019.9      61.3  97.0     1.12   0.02      Não  7.87   Sim 541198       Sim      DDoS Burst
        02:029.9      57.3  87.7     1.39   0.27      Não  4.56   Sim 558822       Sim      DDoS Burst
        02:039.6      37.9  67.6     0.87   0.52      Não  5.08   Sim 558405       Sim      DDoS Burst
        02:049.9      17.9  19.7     1.45   0.59      Não  0.56   Não 542493       Sim Normal/Residual
        02:054.7      17.3  19.6     1.48   0.02      Não  2.93   Não 534381       Sim Normal/Residual

✅ Bursts detectados: 12 | Excel: experiment_results/combined_sweep/rtt_bursts_S1_atk10pct_wu500000.xlsx | Gráfico: experiment_results/combined_sweep/rtt_todos_bursts_S1_atk10pct_wu500000.png

===== Analisando experiment_results/combined_sweep/rtt_log_S1_atk1pct_wu300000.csv =====
[INFO] Baseline pré-ataque: média=18.7ms, desvio=20.2ms (830 amostras) -> piso de burst = 33.6ms (1.8x a média)
Janela (MM:SS.s) Média RTT  Std Entropia Δ Ent. Al. Ent. Max Z Al. Z CUSUM Al. CUSUM    Status Burst
        00:009.8      18.7 20.2     1.26   0.00      Não  0.00   Não    35       Não Normal/Residual
        00:019.8      18.6 21.9     1.12   0.14      Não  7.45   Sim    38       Não Normal/Residual
        00:030.0      18.2 22.3     1.10   0.03      Não  6.88   Sim     0       Não Normal/Residual
        00:039.9      17.2 20.3     1.00   0.10      Não  3.78   Sim     0       Não Normal/Residual
        00:050.0      16.2 19.2     1.13   0.13      Não  2.53   Não    40       Não Normal/Residual
        00:059.9      16.3 19.2     1.02   0.11      Não  3.53   Sim    25       Não Normal/Residual
        01:010.1      16.6 20.0     1.23   0.22      Não  3.89   Sim    22       Não Normal/Residual
        01:020.3      16.6 20.3     1.27   0.04      Não  4.71   Sim    75       Não Normal/Residual
        01:030.2      16.6 19.8     1.24   0.03      Não  4.65   Sim     0       Não Normal/Residual
        01:040.1      17.1 20.1     1.19   0.05      Não  4.96   Sim     0       Não Normal/Residual
        01:049.8      17.4 20.3     1.22   0.03      Não  4.86   Sim    20       Não Normal/Residual
        02:000.1      16.9 19.9     1.06   0.16      Não  3.99   Sim     0       Não Normal/Residual
        02:010.5      17.1 19.9     1.25   0.19      Não  2.52   Não    71       Não Normal/Residual
        02:019.6      17.4 21.1     1.18   0.07      Não 10.11   Sim    35       Não Normal/Residual
        02:030.2      16.9 21.0     1.16   0.02      Não  9.51   Sim    17       Não Normal/Residual
        02:039.9      16.4 19.4     1.26   0.09      Não  2.71   Não     0       Não Normal/Residual
        02:049.7      15.6 18.9     1.18   0.08      Não  1.92   Não     0       Não Normal/Residual
        02:055.0      15.0 18.5     1.12   0.06      Não  1.94   Não     0       Não Normal/Residual

✅ Bursts detectados: 0 | Excel: experiment_results/combined_sweep/rtt_bursts_S1_atk1pct_wu300000.xlsx | Gráfico: experiment_results/combined_sweep/rtt_todos_bursts_S1_atk1pct_wu300000.png

===== Analisando experiment_results/combined_sweep/rtt_log_S1_atk1pct_wu500000.csv =====
[INFO] Baseline pré-ataque: média=16.6ms, desvio=19.2ms (813 amostras) -> piso de burst = 29.8ms (1.8x a média)
Janela (MM:SS.s) Média RTT  Std Entropia Δ Ent. Al. Ent. Max Z Al. Z CUSUM Al. CUSUM    Status Burst
        00:009.7      16.6 19.2     1.25   0.00      Não  0.00   Não     0       Não Normal/Residual
        00:020.1      20.2 34.6     1.04   0.21      Não 18.60   Sim    50       Não Normal/Residual
        00:030.1      21.1 34.9     1.08   0.04      Não 10.22   Sim    62       Não Normal/Residual
        00:039.9      18.6 23.3     0.97   0.11      Não  7.22   Sim    21       Não Normal/Residual
        00:049.8      18.1 22.7     0.91   0.05      Não 10.88   Sim     0       Não Normal/Residual
        01:000.1      17.0 20.6     0.96   0.05      Não  5.26   Sim   131       Sim Normal/Residual
        01:009.9      17.5 23.7     1.13   0.17      Não 10.64   Sim     0       Não Normal/Residual
        01:020.4      17.9 23.4     1.15   0.03      Não  9.25   Sim     0       Não Normal/Residual
        01:030.1      17.8 20.9     1.17   0.02      Não  4.25   Sim    34       Não Normal/Residual
        01:040.0      18.6 21.9     0.98   0.19      Não  7.90   Sim    36       Não Normal/Residual
        01:049.9      18.2 23.0     0.99   0.01      Não  8.02   Sim    56       Não Normal/Residual
        01:059.9      17.3 21.8     0.95   0.04      Não  7.67   Sim    19       Não Normal/Residual
        02:009.9      16.7 20.0     1.21   0.26      Não  4.27   Sim     0       Não Normal/Residual
        02:020.1      16.5 20.2     0.98   0.23      Não  5.94   Sim    17       Não Normal/Residual
        02:030.0      17.2 20.8     0.98   0.00      Não  5.89   Sim     0       Não Normal/Residual
        02:039.8      17.2 20.3     1.16   0.18      Não  4.84   Sim    50       Não Normal/Residual
        02:049.9      16.7 19.5     1.18   0.02      Não  2.99   Não    25       Não Normal/Residual
        02:054.9      16.3 19.3     1.17   0.01      Não  3.13   Não    25       Não Normal/Residual

✅ Bursts detectados: 0 | Excel: experiment_results/combined_sweep/rtt_bursts_S1_atk1pct_wu500000.xlsx | Gráfico: experiment_results/combined_sweep/rtt_todos_bursts_S1_atk1pct_wu500000.png

===== Analisando experiment_results/combined_sweep/rtt_log_S1_atk5pct_wu300000.csv =====
[INFO] Baseline pré-ataque: média=16.5ms, desvio=19.4ms (799 amostras) -> piso de burst = 29.7ms (1.8x a média)
Janela (MM:SS.s) Média RTT  Std Entropia Δ Ent. Al. Ent. Max Z Al. Z CUSUM Al. CUSUM    Status Burst
        00:010.1      16.5 19.4     1.11   0.00      Não  0.00   Não   157       Sim Normal/Residual
        00:020.0      17.8 22.8     1.11   0.00      Não  7.65   Sim   103       Sim Normal/Residual
        00:030.4      19.5 24.1     1.25   0.15      Não  6.44   Sim     0       Não Normal/Residual
        00:039.6      18.5 22.8     1.23   0.02      Não  5.96   Sim     0       Não Normal/Residual
        00:050.5      18.7 24.0     1.30   0.07      Não  6.34   Sim    30       Não Normal/Residual
        00:059.9      19.7 24.0     1.49   0.19      Não  5.48   Sim    37       Não Normal/Residual
        01:010.3      20.0 23.9     1.48   0.00      Não  5.43   Sim    24       Não Normal/Residual
        01:020.1      20.2 23.7     1.28   0.20      Não  4.59   Sim    56       Não Normal/Residual
        01:029.7      19.3 22.3     1.30   0.02      Não  4.21   Sim    48       Não Normal/Residual
        01:040.0      18.8 22.7     1.25   0.05      Não  6.19   Sim    36       Não Normal/Residual
        01:049.7      18.6 22.4     1.24   0.01      Não  6.12   Sim     0       Não Normal/Residual
        02:000.2      20.6 26.4     1.42   0.18      Não  9.10   Sim     0       Não Normal/Residual
        02:009.8      20.6 27.0     1.44   0.02      Não  7.64   Sim    19       Não Normal/Residual
        02:020.0      19.3 23.1     1.45   0.01      Não  4.75   Sim     0       Não Normal/Residual
        02:030.3      20.1 22.9     1.29   0.16      Não  4.62   Sim     0       Não Normal/Residual
        02:039.8      19.5 21.6     1.18   0.11      Não  4.63   Sim     0       Não Normal/Residual
        02:049.8      17.4 19.6     1.36   0.18      Não  2.06   Não     4       Não Normal/Residual
        02:055.2      16.1 18.8     1.34   0.02      Não  1.88   Não     4       Não Normal/Residual

✅ Bursts detectados: 0 | Excel: experiment_results/combined_sweep/rtt_bursts_S1_atk5pct_wu300000.xlsx | Gráfico: experiment_results/combined_sweep/rtt_todos_bursts_S1_atk5pct_wu300000.png

===== Analisando experiment_results/combined_sweep/rtt_log_S1_atk5pct_wu500000.csv =====
[INFO] Baseline pré-ataque: média=19.3ms, desvio=30.8ms (810 amostras) -> piso de burst = 34.8ms (1.8x a média)
Janela (MM:SS.s) Média RTT  Std Entropia Δ Ent. Al. Ent. Max Z Al. Z CUSUM Al. CUSUM    Status Burst
        00:010.4      19.3 30.8     1.03   0.00      Não  0.00   Não  2451       Sim Normal/Residual
        00:019.9      22.0 37.1     1.16   0.13      Não 12.16   Sim     0       Não Normal/Residual
        00:030.0      21.7 33.6     1.16   0.00      Não 10.04   Sim   119       Não Normal/Residual
        00:040.2      25.3 38.6     1.33   0.17      Não  9.08   Sim     0       Não Normal/Residual
        00:049.9      24.1 37.1     1.30   0.04      Não  7.80   Sim    14       Não Normal/Residual
        00:059.9      24.9 39.5     1.30   0.00      Não  9.13   Sim   819       Sim Normal/Residual
        01:010.0      26.1 41.3     1.34   0.04      Não  8.55   Sim     0       Não Normal/Residual
        01:020.4      23.8 34.1     1.35   0.01      Não  5.37   Sim   425       Sim Normal/Residual
        01:029.9      27.7 39.5     1.52   0.16      Não  6.62   Sim   324       Sim Normal/Residual
        01:039.9      25.2 36.3     1.43   0.08      Não  5.61   Sim     0       Não Normal/Residual
        01:050.1      21.1 30.0     1.27   0.16      Não  6.19   Sim    45       Não Normal/Residual
        01:060.0      22.0 30.2     1.30   0.04      Não  7.62   Sim     0       Não Normal/Residual
        02:009.9      22.9 29.7     1.53   0.22      Não  4.51   Sim    62       Não Normal/Residual
        02:020.2      27.4 38.9     1.55   0.03      Não  7.52   Sim   678       Sim Normal/Residual
        02:029.7      28.4 41.0     1.59   0.04      Não  5.63   Sim     0       Não Normal/Residual
        02:039.7      21.7 29.9     1.36   0.24      Não  4.45   Sim     0       Não Normal/Residual
        02:049.8      16.9 19.5     1.17   0.19      Não  1.33   Não     0       Não Normal/Residual
        02:054.8      16.5 19.3     1.15   0.02      Não  2.28   Não     0       Não Normal/Residual

✅ Bursts detectados: 0 | Excel: experiment_results/combined_sweep/rtt_bursts_S1_atk5pct_wu500000.xlsx | Gráfico: experiment_results/combined_sweep/rtt_todos_bursts_S1_atk5pct_wu500000.png

===== Analisando experiment_results/combined_sweep/rtt_log_S2_atk10pct_wu300000.csv =====
[INFO] Baseline pré-ataque: média=27.6ms, desvio=21.3ms (2001 amostras) -> piso de burst = 49.7ms (1.8x a média)
Janela (MM:SS.s) Média RTT   Std Entropia Δ Ent. Al. Ent. Max Z Al. Z  CUSUM Al. CUSUM    Status Burst
        00:010.1      27.6  21.3     1.78   0.00      Não  0.00   Não     37       Não Normal/Residual
        00:020.2     101.8 180.5     1.10   0.68      Não 63.93   Sim 143550       Sim      DDoS Burst
        00:030.2     109.8 175.8     1.16   0.06      Não  7.15   Sim 300908       Sim      DDoS Burst
        00:040.0      52.1  53.3     1.89   0.73      Não  1.60   Não 331830       Sim      DDoS Burst
        00:050.1      55.7  57.6     1.84   0.04      Não  7.32   Sim 370665       Sim      DDoS Burst
        00:059.9      50.9  52.9     1.75   0.10      Não  6.71   Sim 398507       Sim      DDoS Burst
        01:010.1      78.3 136.8     1.09   0.66      Não 17.34   Sim 486943       Sim      DDoS Burst
        01:019.9      79.5 138.6     1.11   0.03      Não  6.51   Sim 577604       Sim      DDoS Burst
        01:029.9      57.7  81.6     0.87   0.25      Não  5.82   Sim 619240       Sim      DDoS Burst
        01:040.1      64.4  91.6     1.00   0.14      Não 10.15   Sim 675798       Sim      DDoS Burst
        01:049.9      50.0  65.7     0.98   0.03      Não  6.19   Sim 700841       Sim      DDoS Burst
        02:000.2      42.8  45.3     1.83   0.85      Não  3.80   Sim 710569       Sim Normal/Residual
        02:010.1      48.0  52.2     1.82   0.01      Não  7.29   Sim 732121       Sim Normal/Residual
        02:020.0      47.9  53.6     1.65   0.17      Não  7.66   Sim 753263       Sim Normal/Residual
        02:029.9      56.4  80.6     0.87   0.78      Não 15.34   Sim 791907       Sim      DDoS Burst
        02:039.7      81.0 167.0     0.57   0.30      Não 25.53   Sim 877584       Sim      DDoS Burst
        02:050.0      61.0 158.2     0.39   0.18      Não 12.17   Sim 920800       Sim      DDoS Burst
        02:055.4      26.6  21.8     1.92   1.53      Sim  0.37   Não 908703       Sim Normal/Residual
        03:000.5      29.4  22.4     2.61   0.69      Não  2.09   Não 907928       Sim Normal/Residual

✅ Bursts detectados: 13 | Excel: experiment_results/combined_sweep/rtt_bursts_S2_atk10pct_wu300000.xlsx | Gráfico: experiment_results/combined_sweep/rtt_todos_bursts_S2_atk10pct_wu300000.png

===== Analisando experiment_results/combined_sweep/rtt_log_S2_atk10pct_wu500000.csv =====
[INFO] Baseline pré-ataque: média=27.3ms, desvio=21.4ms (1907 amostras) -> piso de burst = 49.2ms (1.8x a média)
Janela (MM:SS.s) Média RTT   Std Entropia Δ Ent. Al. Ent. Max Z Al. Z   CUSUM Al. CUSUM    Status Burst
        00:010.0      27.3  21.4     1.72   0.00      Não  0.00   Não      17       Não Normal/Residual
        00:020.6     344.9 442.3     2.28   0.57      Não 77.34   Sim  598153       Sim      DDoS Burst
        00:030.7     442.6 399.1     2.62   0.34      Não  3.40   Não 1418130       Sim      DDoS Burst
        00:039.9     306.3 294.5     2.06   0.56      Não  3.97   Sim 1983389       Sim      DDoS Burst
        00:050.2     216.2 286.0     1.54   0.53      Não  5.84   Sim 2365990       Sim      DDoS Burst
        00:059.7      88.8 110.5     1.59   0.06      Não  1.79   Não 2473137       Sim      DDoS Burst
        01:010.2     176.4 216.5     1.93   0.34      Não 10.70   Sim 2750450       Sim      DDoS Burst
        01:020.2     167.6 222.1     1.79   0.14      Não  5.06   Sim 3018543       Sim      DDoS Burst
        01:029.9     235.1 355.8     1.64   0.15      Não  8.97   Sim 3418903       Sim      DDoS Burst
        01:040.3     277.7 357.3     1.87   0.23      Não  5.41   Sim 3897996       Sim      DDoS Burst
        01:050.1     139.3 174.7     1.19   0.68      Não  4.66   Sim 4111031       Sim      DDoS Burst
        02:000.1     109.1 144.7     1.66   0.47      Não  4.17   Sim 4263660       Sim      DDoS Burst
        02:009.9      92.6 135.1     1.46   0.20      Não  4.82   Sim 4377861       Sim      DDoS Burst
        02:020.0     220.6 280.0     1.74   0.28      Não 13.46   Sim 4742321       Sim      DDoS Burst
        02:030.5     285.4 320.4     2.07   0.33      Não  6.03   Sim 5247684       Sim      DDoS Burst
        02:040.0     124.3 233.7     1.13   0.94      Não  4.19   Sim 5427013       Sim      DDoS Burst
        02:050.0      34.2  43.7     0.22   0.91      Não  2.48   Não 5419188       Sim Normal/Residual
        02:054.9      29.3  21.5     1.77   1.55      Sim  0.84   Não 5410048       Sim Normal/Residual

✅ Bursts detectados: 15 | Excel: experiment_results/combined_sweep/rtt_bursts_S2_atk10pct_wu500000.xlsx | Gráfico: experiment_results/combined_sweep/rtt_todos_bursts_S2_atk10pct_wu500000.png

===== Analisando experiment_results/combined_sweep/rtt_log_S2_atk1pct_wu300000.csv =====
[INFO] Baseline pré-ataque: média=30.1ms, desvio=25.8ms (1832 amostras) -> piso de burst = 54.2ms (1.8x a média)
Janela (MM:SS.s) Média RTT  Std Entropia Δ Ent. Al. Ent. Max Z Al. Z CUSUM Al. CUSUM    Status Burst
        00:009.7      30.1 25.8     1.39   0.00      Não  0.00   Não   202       Sim Normal/Residual
        00:020.5      33.5 38.7     1.24   0.15      Não 15.53   Sim     0       Não Normal/Residual
        00:030.0      32.4 36.1     1.19   0.05      Não 10.27   Sim     8       Não Normal/Residual
        00:040.1      29.4 23.7     1.54   0.35      Não  3.61   Sim    15       Não Normal/Residual
        00:049.8      28.8 23.1     1.51   0.03      Não  5.63   Sim     0       Não Normal/Residual
        00:059.9      28.2 22.8     1.60   0.10      Não  5.16   Sim     0       Não Normal/Residual
        01:010.0      28.4 23.0     1.60   0.00      Não  5.27   Sim     4       Não Normal/Residual
        01:020.0      27.8 22.5     1.52   0.09      Não  4.09   Sim    13       Não Normal/Residual
        01:029.7      26.7 22.2     1.39   0.13      Não  4.20   Sim     0       Não Normal/Residual
        01:039.8      29.6 41.9     0.17   1.22      Não 28.22   Sim  1326       Sim Normal/Residual
        01:050.3      29.8 41.3     0.17   0.00      Não 14.89   Sim     0       Não Normal/Residual
        02:000.0      27.4 22.2     1.20   1.03      Não  3.57   Sim     0       Não Normal/Residual
        02:009.9      27.4 22.0     1.15   0.05      Não  6.76   Sim     5       Não Normal/Residual
        02:020.1      28.3 22.7     1.16   0.01      Não  7.08   Sim    11       Não Normal/Residual
        02:029.9      28.1 23.2     1.18   0.02      Não  7.38   Sim     0       Não Normal/Residual
        02:040.0      26.4 22.1     1.07   0.10      Não  7.22   Sim     0       Não Normal/Residual
        02:049.9      26.8 21.5     1.62   0.55      Não  1.54   Não    10       Não Normal/Residual
        02:055.0      27.4 21.6     1.71   0.09      Não  1.56   Não    10       Não Normal/Residual

✅ Bursts detectados: 0 | Excel: experiment_results/combined_sweep/rtt_bursts_S2_atk1pct_wu300000.xlsx | Gráfico: experiment_results/combined_sweep/rtt_todos_bursts_S2_atk1pct_wu300000.png

===== Analisando experiment_results/combined_sweep/rtt_log_S2_atk1pct_wu500000.csv =====
[INFO] Baseline pré-ataque: média=27.2ms, desvio=21.9ms (1926 amostras) -> piso de burst = 48.9ms (1.8x a média)
Janela (MM:SS.s) Média RTT   Std Entropia Δ Ent. Al. Ent. Max Z Al. Z  CUSUM Al. CUSUM    Status Burst
        00:009.7      27.2  21.9     1.42   0.00      Não  0.00   Não    336       Sim Normal/Residual
        00:020.1      34.7  56.4     0.36   1.05      Não 25.21   Sim   5278       Sim Normal/Residual
        00:030.1      36.4  55.8     0.39   0.03      Não  9.67   Sim   1809       Sim Normal/Residual
        00:039.7      28.9  25.2     1.14   0.74      Não  4.46   Sim      0       Não Normal/Residual
        00:050.2      31.3  35.5     1.21   0.08      Não 12.78   Sim   4782       Sim Normal/Residual
        00:059.9      31.6  35.9     1.22   0.01      Não  9.01   Sim      0       Não Normal/Residual
        01:010.1      31.8  32.8     1.28   0.06      Não  7.66   Sim   2545       Sim Normal/Residual
        01:020.3      34.9  37.5     1.33   0.04      Não 12.04   Sim   1115       Sim Normal/Residual
        01:030.0      33.0  35.5     1.28   0.05      Não 10.45   Sim      8       Não Normal/Residual
        01:040.0      32.0  37.7     1.29   0.01      Não  8.76   Sim   1876       Sim Normal/Residual
        01:050.1      36.6  45.6     1.43   0.14      Não  8.87   Sim   4206       Sim Normal/Residual
        01:059.9     113.3 201.1     1.09   0.35      Não 32.43   Sim 153154       Sim      DDoS Burst
        02:010.2     111.1 201.8     1.06   0.02      Não  6.98   Sim 296709       Sim      DDoS Burst
        02:020.0      36.6  42.0     1.44   0.37      Não  1.20   Não 293527       Sim Normal/Residual
        02:030.1      47.0  57.8     1.63   0.20      Não  9.38   Sim 311848       Sim Normal/Residual
        02:040.0      42.1  53.1     1.49   0.14      Não  6.63   Sim 320149       Sim Normal/Residual
        02:050.0      28.0  21.8     1.50   0.01      Não  1.08   Não 299628       Sim Normal/Residual
        02:055.0      27.8  21.6     1.65   0.14      Não  2.03   Não 289246       Sim Normal/Residual

✅ Bursts detectados: 2 | Excel: experiment_results/combined_sweep/rtt_bursts_S2_atk1pct_wu500000.xlsx | Gráfico: experiment_results/combined_sweep/rtt_todos_bursts_S2_atk1pct_wu500000.png

===== Analisando experiment_results/combined_sweep/rtt_log_S2_atk5pct_wu300000.csv =====
[INFO] Baseline pré-ataque: média=29.3ms, desvio=23.9ms (2004 amostras) -> piso de burst = 52.7ms (1.8x a média)
Janela (MM:SS.s) Média RTT   Std Entropia Δ Ent. Al. Ent. Max Z Al. Z  CUSUM Al. CUSUM    Status Burst
        00:010.0      29.3  23.9     1.26   0.00      Não  0.00   Não   1312       Sim Normal/Residual
        00:019.9      34.3  34.0     1.41   0.16      Não 11.47   Sim     12       Não Normal/Residual
        00:030.0      49.7  58.9     1.61   0.19      Não 12.35   Sim  20952       Sim Normal/Residual
        00:040.2      49.6  59.8     1.61   0.01      Não  6.87   Sim  38142       Sim Normal/Residual
        00:049.9      35.0  37.0     1.36   0.26      Não  5.90   Sim  25379       Sim Normal/Residual
        01:000.1      32.4  29.2     1.78   0.42      Não  5.42   Sim   7027       Sim Normal/Residual
        01:010.0      40.6  46.8     1.59   0.19      Não 10.72   Sim   8494       Sim Normal/Residual
        01:019.9      44.6  49.6     1.73   0.15      Não  6.51   Sim  15591       Sim Normal/Residual
        01:029.9      38.1  37.7     1.68   0.06      Não  4.78   Sim   9015       Sim Normal/Residual
        01:040.1      34.5  34.8     1.46   0.22      Não  6.94   Sim     43       Não Normal/Residual
        01:050.0      79.0 140.3     1.02   0.44      Não 26.32   Sim  86437       Sim      DDoS Burst
        02:000.1      82.4 141.8     1.11   0.09      Não  6.22   Sim 170404       Sim      DDoS Burst
        02:010.1      40.3  39.9     1.64   0.53      Não  1.81   Não 168500       Sim Normal/Residual
        02:019.9      49.3  56.3     1.62   0.02      Não 10.28   Sim 185402       Sim Normal/Residual
        02:030.0      45.6  56.1     1.49   0.13      Não  7.13   Sim 194169       Sim Normal/Residual
        02:040.0      30.1  27.9     1.52   0.03      Não  3.55   Sim 171974       Sim Normal/Residual
        02:049.8      28.0  21.6     1.69   0.17      Não  2.05   Não 146266       Sim Normal/Residual
        02:054.9      28.7  21.8     1.86   0.17      Não  2.74   Não 134430       Sim Normal/Residual

✅ Bursts detectados: 2 | Excel: experiment_results/combined_sweep/rtt_bursts_S2_atk5pct_wu300000.xlsx | Gráfico: experiment_results/combined_sweep/rtt_todos_bursts_S2_atk5pct_wu300000.png

===== Analisando experiment_results/combined_sweep/rtt_log_S2_atk5pct_wu500000.csv =====
[INFO] Baseline pré-ataque: média=27.4ms, desvio=21.4ms (2001 amostras) -> piso de burst = 49.3ms (1.8x a média)
Janela (MM:SS.s) Média RTT   Std Entropia Δ Ent. Al. Ent. Max Z Al. Z   CUSUM Al. CUSUM    Status Burst
        00:010.2      27.4  21.4     1.70   0.00      Não  0.00   Não      55       Não Normal/Residual
        00:020.3     130.0 197.7     1.54   0.16      Não 55.13   Sim  202814       Sim      DDoS Burst
        00:030.1     153.4 192.1     1.80   0.26      Não  5.46   Sim  447455       Sim      DDoS Burst
        00:039.9      85.4 104.5     1.67   0.13      Não  2.71   Não  544193       Sim      DDoS Burst
        00:050.4      85.3 107.5     1.64   0.02      Não  5.62   Sim  644500       Sim      DDoS Burst
        00:059.9      65.5  74.5     1.46   0.18      Não  4.44   Sim  704712       Sim      DDoS Burst
        01:010.1      50.4  54.3     1.84   0.38      Não  4.30   Sim  731140       Sim      DDoS Burst
        01:020.0      76.3  89.7     1.67   0.16      Não  9.63   Sim  812997       Sim      DDoS Burst
        01:030.2      77.4  93.1     1.67   0.01      Não  5.54   Sim  899171       Sim      DDoS Burst
        01:039.8      47.9  60.0     1.02   0.64      Não  4.85   Sim  920380       Sim Normal/Residual
        01:050.1      47.5  61.4     1.12   0.10      Não  7.53   Sim  939978       Sim Normal/Residual
        01:059.9      43.8  57.4     0.94   0.18      Não  7.36   Sim  951462       Sim Normal/Residual
        02:010.2      37.0  42.3     1.47   0.53      Não  4.86   Sim  949246       Sim Normal/Residual
        02:020.1      61.5  89.1     0.94   0.53      Não 20.03   Sim  996235       Sim      DDoS Burst
        02:030.1      65.9  93.2     1.03   0.09      Não  9.23   Sim 1052551       Sim      DDoS Burst
        02:039.9      48.3  61.8     1.31   0.28      Não  4.46   Sim 1073176       Sim Normal/Residual
        02:049.9      37.9  47.0     1.38   0.07      Não  6.29   Sim 1072779       Sim Normal/Residual
        02:054.9      27.1  21.4     1.61   0.24      Não  0.74   Não 1061628       Sim Normal/Residual

✅ Bursts detectados: 10 | Excel: experiment_results/combined_sweep/rtt_bursts_S2_atk5pct_wu500000.xlsx | Gráfico: experiment_results/combined_sweep/rtt_todos_bursts_S2_atk5pct_wu500000.png

===== Analisando experiment_results/combined_sweep/rtt_log_S3_atk10pct_wu300000.csv =====
[INFO] Baseline pré-ataque: média=39.7ms, desvio=90.5ms (3333 amostras) -> piso de burst = 71.5ms (1.8x a média)
Janela (MM:SS.s) Média RTT  Std Entropia Δ Ent. Al. Ent. Max Z Al. Z CUSUM Al. CUSUM    Status Burst
        00:009.9      39.7 90.5     0.05   0.00      Não  0.00   Não     0       Não Normal/Residual
        00:019.9      34.3 21.1     1.42   1.37      Não  1.12   Não     0       Não Normal/Residual
        00:030.1      34.8 20.8     1.48   0.05      Não  5.05   Sim     0       Não Normal/Residual
        00:039.7      34.4 20.3     1.37   0.10      Não  3.17   Não     0       Não Normal/Residual
        00:049.9      33.3 20.3     1.67   0.30      Não  1.65   Não     0       Não Normal/Residual
        01:000.1      34.9 24.2     1.27   0.41      Não 10.67   Sim     0       Não Normal/Residual
        01:010.0      38.0 28.9     1.45   0.18      Não  8.89   Sim     0       Não Normal/Residual
        01:020.3      38.0 28.3     1.50   0.05      Não  7.36   Sim     0       Não Normal/Residual
        01:030.0      37.1 25.2     1.35   0.15      Não  6.02   Sim     0       Não Normal/Residual
        01:039.8      38.7 30.4     1.24   0.11      Não 11.91   Sim     0       Não Normal/Residual
        01:050.2      44.2 39.2     1.46   0.22      Não 10.24   Sim     0       Não Normal/Residual
        01:059.5      50.3 48.7     1.56   0.10      Não 10.37   Sim     0       Não Normal/Residual
        02:010.3      51.1 48.9     1.58   0.02      Não  8.22   Sim     0       Não Normal/Residual
        02:019.8      51.4 49.6     1.57   0.01      Não  8.35   Sim     0       Não Normal/Residual
        02:029.4      55.9 56.5     1.67   0.10      Não  8.23   Sim    90       Não Normal/Residual
        02:040.4      46.3 43.8     1.47   0.20      Não  6.23   Sim     0       Não Normal/Residual
        02:050.3      38.9 27.9     1.84   0.37      Não  4.21   Sim     0       Não Normal/Residual
        02:055.4      40.5 28.5     1.86   0.02      Não  6.86   Sim     0       Não Normal/Residual
        03:000.1      44.7 15.1     1.88   0.02      Não  1.21   Não     0       Não Normal/Residual

✅ Bursts detectados: 0 | Excel: experiment_results/combined_sweep/rtt_bursts_S3_atk10pct_wu300000.xlsx | Gráfico: experiment_results/combined_sweep/rtt_todos_bursts_S3_atk10pct_wu300000.png

===== Analisando experiment_results/combined_sweep/rtt_log_S3_atk10pct_wu500000.csv =====
[INFO] Baseline pré-ataque: média=34.0ms, desvio=20.4ms (3819 amostras) -> piso de burst = 61.2ms (1.8x a média)
Janela (MM:SS.s) Média RTT   Std Entropia Δ Ent. Al. Ent. Max Z Al. Z   CUSUM Al. CUSUM    Status Burst
        00:010.0      34.0  20.4     1.44   0.00      Não  0.00   Não       6       Não Normal/Residual
        00:019.2     130.7 190.9     1.26   0.18      Não 65.58   Sim  290875       Sim      DDoS Burst
        00:029.5     236.7 291.5     1.75   0.49      Não  9.39   Sim  697053       Sim      DDoS Burst
        00:041.1     100.7 230.9     0.64   1.11      Não  5.79   Sim  824947       Sim      DDoS Burst
        00:049.6      66.2 100.5     0.60   0.04      Não  3.51   Sim  880230       Sim      DDoS Burst
        00:059.4     105.5 191.9     0.86   0.26      Não 16.72   Sim  998396       Sim      DDoS Burst
        01:010.4     114.8 205.9     0.95   0.09      Não  8.55   Sim 1114172       Sim      DDoS Burst
        01:020.3     102.0 154.7     1.05   0.10      Não  4.37   Sim 1213386       Sim      DDoS Burst
        01:030.1     139.8 257.3     1.03   0.02      Não 11.08   Sim 1376422       Sim      DDoS Burst
        01:039.9     156.4 276.4     1.19   0.15      Não  6.52   Sim 1553283       Sim      DDoS Burst
        01:050.5     157.9 264.5     1.22   0.04      Não  6.67   Sim 1735906       Sim      DDoS Burst
        02:000.3     153.5 261.3     1.19   0.03      Não  6.96   Sim 1930980       Sim      DDoS Burst
        02:009.4     159.4 259.2     1.38   0.19      Não  5.52   Sim 2119191       Sim      DDoS Burst
        02:020.0     150.3 244.3     1.37   0.01      Não  5.54   Sim 2275152       Sim      DDoS Burst
        02:029.8     191.2 314.6     1.35   0.02      Não  7.94   Sim 2492716       Sim      DDoS Burst
        02:040.3     161.3 322.2     1.03   0.32      Não  6.04   Sim 2675361       Sim      DDoS Burst
        02:050.0      51.5 125.3     0.20   0.83      Não  5.54   Sim 2688278       Sim Normal/Residual
        02:054.9      38.6  29.4     1.74   1.54      Sim  1.33   Não 2683185       Sim Normal/Residual

✅ Bursts detectados: 15 | Excel: experiment_results/combined_sweep/rtt_bursts_S3_atk10pct_wu500000.xlsx | Gráfico: experiment_results/combined_sweep/rtt_todos_bursts_S3_atk10pct_wu500000.png

===== Analisando experiment_results/combined_sweep/rtt_log_S3_atk1pct_wu300000.csv =====
[INFO] Baseline pré-ataque: média=33.4ms, desvio=20.7ms (3811 amostras) -> piso de burst = 60.1ms (1.8x a média)
Janela (MM:SS.s) Média RTT  Std Entropia Δ Ent. Al. Ent. Max Z Al. Z CUSUM Al. CUSUM    Status Burst
        00:010.1      33.4 20.7     1.64   0.00      Não  0.00   Não    49       Não Normal/Residual
        00:020.0      36.6 25.9     1.73   0.09      Não  9.72   Sim    37       Não Normal/Residual
        00:029.9      39.2 29.4     1.87   0.14      Não  7.64   Sim   550       Sim Normal/Residual
        00:040.1      37.4 25.9     1.64   0.23      Não  6.04   Sim     2       Não Normal/Residual
        00:050.0      35.6 22.1     1.44   0.20      Não  4.00   Sim     7       Não Normal/Residual
        01:000.0      35.8 21.7     1.33   0.11      Não  6.14   Sim     5       Não Normal/Residual
        01:010.0      36.1 21.9     1.36   0.04      Não  6.24   Sim    10       Não Normal/Residual
        01:019.9      37.1 26.1     1.31   0.05      Não 10.42   Sim   838       Sim Normal/Residual
        01:030.3      36.6 26.0     1.28   0.03      Não  8.72   Sim    11       Não Normal/Residual
        01:040.0      36.0 22.9     1.87   0.59      Não  4.49   Sim    42       Não Normal/Residual
        01:050.1      42.7 37.6     1.35   0.53      Não 17.73   Sim  9035       Sim Normal/Residual
        02:000.2      41.5 37.0     1.30   0.05      Não 10.63   Sim   479       Sim Normal/Residual
        02:010.0      35.3 22.0     1.15   0.15      Não  4.44   Sim    26       Não Normal/Residual
        02:020.0      36.6 23.5     1.28   0.13      Não  7.04   Sim    15       Não Normal/Residual
        02:030.0      36.9 24.0     1.40   0.12      Não  6.01   Sim    13       Não Normal/Residual
        02:040.1      35.6 22.5     1.35   0.05      Não  5.80   Sim    15       Não Normal/Residual
        02:050.1      34.8 21.0     1.21   0.14      Não  6.24   Sim    17       Não Normal/Residual
        02:055.1      34.6 20.4     1.90   0.70      Não  2.05   Não    27       Não Normal/Residual
        03:000.1      38.8 21.1     2.45   0.55      Não  1.76   Não    27       Não Normal/Residual

✅ Bursts detectados: 0 | Excel: experiment_results/combined_sweep/rtt_bursts_S3_atk1pct_wu300000.xlsx | Gráfico: experiment_results/combined_sweep/rtt_todos_bursts_S3_atk1pct_wu300000.png

===== Analisando experiment_results/combined_sweep/rtt_log_S3_atk1pct_wu500000.csv =====
[INFO] Baseline pré-ataque: média=34.7ms, desvio=20.5ms (3773 amostras) -> piso de burst = 62.5ms (1.8x a média)
Janela (MM:SS.s) Média RTT   Std Entropia Δ Ent. Al. Ent. Max Z Al. Z  CUSUM Al. CUSUM    Status Burst
        00:010.1      34.7  20.5     2.01   0.00      Não  0.00   Não     23       Não Normal/Residual
        00:020.0      49.2 104.2     0.20   1.81      Sim 97.23   Sim  34751       Sim Normal/Residual
        00:030.1      50.4 104.7     0.21   0.01      Não 18.99   Sim  55430       Sim Normal/Residual
        00:040.1      43.4  42.9     1.37   1.16      Não  3.28   Não  49537       Sim Normal/Residual
        00:050.1      43.1  42.6     1.37   0.00      Não  8.18   Sim  42409       Sim Normal/Residual
        01:000.0      58.2  95.0     0.62   0.75      Não 23.00   Sim  92383       Sim Normal/Residual
        01:010.3      61.9  97.0     0.72   0.10      Não 10.16   Sim 155976       Sim Normal/Residual
        01:020.0      46.5  46.2     1.43   0.71      Não  4.03   Sim 161881       Sim Normal/Residual
        01:030.0      43.5  42.7     1.32   0.11      Não  8.80   Sim 156349       Sim Normal/Residual
        01:040.2      37.1  29.4     1.14   0.18      Não  8.09   Sim 125584       Sim Normal/Residual
        01:050.1      35.8  25.7     1.49   0.35      Não  7.11   Sim  88887       Sim Normal/Residual
        01:059.9      40.3  39.8     0.26   1.23      Não 26.46   Sim  70414       Sim Normal/Residual
        02:010.0      48.9  61.3     0.54   0.28      Não 16.98   Sim  85429       Sim Normal/Residual
        02:020.1      45.4  54.6     0.67   0.12      Não  7.78   Sim  87085       Sim Normal/Residual
        02:030.1      42.9  46.1     0.53   0.13      Não  9.64   Sim  78981       Sim Normal/Residual
        02:040.2      40.4  43.1     0.40   0.13      Não 11.47   Sim  61077       Sim Normal/Residual
        02:049.9      34.3  20.6     1.79   1.39      Não  1.29   Não  18891       Sim Normal/Residual
        02:055.1      34.9  20.7     1.88   0.09      Não  3.01   Não      0       Não Normal/Residual
        03:000.1      35.6  20.3     1.49   0.39      Não  1.53   Não      0       Não Normal/Residual

✅ Bursts detectados: 0 | Excel: experiment_results/combined_sweep/rtt_bursts_S3_atk1pct_wu500000.xlsx | Gráfico: experiment_results/combined_sweep/rtt_todos_bursts_S3_atk1pct_wu500000.png

===== Analisando experiment_results/combined_sweep/rtt_log_S3_atk5pct_wu300000.csv =====
[INFO] Baseline pré-ataque: média=38.4ms, desvio=23.5ms (3635 amostras) -> piso de burst = 69.2ms (1.8x a média)
Janela (MM:SS.s) Média RTT  Std Entropia Δ Ent. Al. Ent. Max Z Al. Z  CUSUM Al. CUSUM    Status Burst
        00:009.9      38.4 23.5     1.54   0.00      Não  0.00   Não      0       Não Normal/Residual
        00:020.3      50.6 41.2     1.20   0.34      Não 20.23   Sim  19518       Sim Normal/Residual
        00:030.0      73.1 71.6     1.79   0.59      Não 11.24   Sim 108125       Sim      DDoS Burst
        00:040.0      67.4 69.5     1.94   0.14      Não  5.41   Sim 174823       Sim Normal/Residual
        00:049.8      52.6 45.8     1.78   0.16      Não  4.22   Sim 184294       Sim Normal/Residual
        01:000.0      50.3 44.1     1.69   0.09      Não  6.73   Sim 184611       Sim Normal/Residual
        01:010.0      51.7 45.5     1.63   0.06      Não  8.74   Sim 190455       Sim Normal/Residual
        01:020.1      53.2 47.8     1.68   0.04      Não  8.45   Sim 202194       Sim Normal/Residual
        01:030.2      45.9 39.7     1.56   0.11      Não  5.71   Sim 185128       Sim Normal/Residual
        01:040.0      49.1 47.2     1.57   0.00      Não  9.81   Sim 180888       Sim Normal/Residual
        01:050.2      50.5 48.3     1.61   0.04      Não  8.18   Sim 182150       Sim Normal/Residual
        01:060.0      46.3 42.3     1.57   0.03      Não  6.33   Sim 166735       Sim Normal/Residual
        02:010.0      47.9 48.3     0.64   0.93      Não 16.40   Sim 157687       Sim Normal/Residual
        02:020.1      49.7 51.1     0.66   0.01      Não 14.33   Sim 155779       Sim Normal/Residual
        02:030.0      46.2 43.0     1.48   0.82      Não  7.73   Sim 140014       Sim Normal/Residual
        02:039.9      40.8 33.7     1.40   0.08      Não  6.41   Sim 103904       Sim Normal/Residual
        02:050.0      36.1 26.3     1.23   0.17      Não  6.84   Sim  51620       Sim Normal/Residual
        02:055.1      34.3 20.6     1.91   0.69      Não  2.20   Não  21424       Sim Normal/Residual
        03:000.2      34.7 20.1     2.42   0.51      Não  1.40   Não  20760       Sim Normal/Residual

✅ Bursts detectados: 1 | Excel: experiment_results/combined_sweep/rtt_bursts_S3_atk5pct_wu300000.xlsx | Gráfico: experiment_results/combined_sweep/rtt_todos_bursts_S3_atk5pct_wu300000.png

===== Analisando experiment_results/combined_sweep/rtt_log_S3_atk5pct_wu500000.csv =====
[INFO] Baseline pré-ataque: média=34.7ms, desvio=20.6ms (3849 amostras) -> piso de burst = 62.4ms (1.8x a média)
Janela (MM:SS.s) Média RTT   Std Entropia Δ Ent. Al. Ent. Max Z Al. Z  CUSUM Al. CUSUM    Status Burst
        00:010.0      34.7  20.6     1.60   0.00      Não  0.00   Não     24       Não Normal/Residual
        00:019.8     103.1 177.9     0.89   0.72      Não 78.51   Sim 220462       Sim      DDoS Burst
        00:030.5     124.2 190.8     1.10   0.22      Não  8.73   Sim 469427       Sim      DDoS Burst
        00:040.3      53.6  72.4     0.64   0.46      Não  2.97   Não 497701       Sim Normal/Residual
        00:050.0      45.9  49.6     0.67   0.02      Não  7.06   Sim 500793       Sim Normal/Residual
        00:059.8      50.0  65.2     0.49   0.18      Não 14.14   Sim 516049       Sim Normal/Residual
        01:009.7      53.3  71.8     0.54   0.05      Não 10.70   Sim 539131       Sim Normal/Residual
        01:020.2      76.0 145.9     0.53   0.02      Não 25.83   Sim 621372       Sim      DDoS Burst
        01:030.4      78.9 149.7     0.57   0.04      Não 12.56   Sim 711065       Sim      DDoS Burst
        01:040.1      61.2  86.1     0.63   0.06      Não  5.48   Sim 753614       Sim Normal/Residual
        01:051.0      58.3  77.3     0.57   0.05      Não  9.74   Sim 792765       Sim Normal/Residual
        01:059.7      56.3  68.0     0.71   0.14      Não  8.32   Sim 827659       Sim Normal/Residual
        02:009.8      59.8  76.7     0.71   0.00      Não 10.50   Sim 870841       Sim Normal/Residual
        02:018.9      61.0  80.9     0.76   0.05      Não  9.26   Sim 909334       Sim Normal/Residual
        02:030.1      62.4  85.0     1.02   0.26      Não  6.98   Sim 941623       Sim Normal/Residual
        02:039.8      50.0  69.6     0.68   0.34      Não  6.63   Sim 950789       Sim Normal/Residual
        02:049.9      34.5  29.5     1.18   0.50      Não  3.74   Sim 931867       Sim Normal/Residual
        02:055.0      33.3  22.8     1.41   0.23      Não  4.60   Sim 921130       Sim Normal/Residual

✅ Bursts detectados: 4 | Excel: experiment_results/combined_sweep/rtt_bursts_S3_atk5pct_wu500000.xlsx | Gráfico: experiment_results/combined_sweep/rtt_todos_bursts_S3_atk5pct_wu500000.png

===== Analisando experiment_results/combined_sweep/rtt_log_S4_atk10pct_wu300000.csv =====
[INFO] Baseline pré-ataque: média=37.9ms, desvio=19.8ms (5391 amostras) -> piso de burst = 68.1ms (1.8x a média)
Janela (MM:SS.s) Média RTT   Std Entropia Δ Ent. Al. Ent.  Max Z Al. Z    CUSUM Al. CUSUM    Status Burst
        00:010.1      37.9  19.8     1.88   0.00      Não   0.00   Não        2       Não Normal/Residual
        00:017.3     216.7 410.0     1.35   0.53      Não 101.16   Sim   633779       Sim      DDoS Burst
        00:029.0     895.6 512.0     3.20   1.86      Sim   4.44   Sim  2016592       Sim      DDoS Burst
        00:036.1     959.6 490.5     3.08   0.12      Não   2.22   Não  2836320       Sim      DDoS Burst
        00:052.2     708.7 599.3     2.61   0.48      Não   2.21   Não  3114596       Sim      DDoS Burst
        01:005.3     489.6 430.5     2.54   0.07      Não   2.33   Não  3936395       Sim      DDoS Burst
        01:012.4     317.7 266.3     1.97   0.57      Não   3.75   Sim  5132069       Sim      DDoS Burst
        01:019.9     308.7 262.4     2.27   0.31      Não   4.92   Sim  6386897       Sim      DDoS Burst
        01:031.9     286.7 250.0     2.14   0.13      Não   5.03   Sim  7612586       Sim      DDoS Burst
        01:037.9     302.9 256.1     1.91   0.23      Não   7.07   Sim  8755207       Sim      DDoS Burst
        01:050.9     341.1 331.1     2.17   0.25      Não   6.84   Sim  9678281       Sim      DDoS Burst
        02:000.7     172.4 198.7     1.42   0.75      Não   4.17   Sim 10169750       Sim      DDoS Burst
        02:009.5     156.9 152.7     1.82   0.40      Não   5.01   Sim 10559309       Sim      DDoS Burst
        02:020.8     154.8 157.1     1.81   0.01      Não   6.62   Sim 10908437       Sim      DDoS Burst
        02:029.5     153.3 189.4     1.62   0.19      Não   7.34   Sim 11235358       Sim      DDoS Burst
        02:041.1     114.3 189.6     1.16   0.46      Não   6.09   Sim 11438799       Sim      DDoS Burst
        02:049.9      41.8  31.2     0.70   0.46      Não   2.10   Não 11418351       Sim Normal/Residual
        02:055.1      38.9  19.9     2.11   1.42      Não   1.77   Não 11402663       Sim Normal/Residual
        03:000.2      39.9  20.5     2.48   0.37      Não   1.78   Não 11402098       Sim Normal/Residual

✅ Bursts detectados: 15 | Excel: experiment_results/combined_sweep/rtt_bursts_S4_atk10pct_wu300000.xlsx | Gráfico: experiment_results/combined_sweep/rtt_todos_bursts_S4_atk10pct_wu300000.png

===== Analisando experiment_results/combined_sweep/rtt_log_S4_atk10pct_wu500000.csv =====
[INFO] Baseline pré-ataque: média=37.9ms, desvio=19.6ms (5512 amostras) -> piso de burst = 68.3ms (1.8x a média)
Janela (MM:SS.s) Média RTT   Std Entropia Δ Ent. Al. Ent. Max Z Al. Z   CUSUM Al. CUSUM    Status Burst
        00:010.1      37.9  19.6     1.58   0.00      Não  0.00   Não       7       Não Normal/Residual
        00:018.5     109.2 177.8     0.91   0.67      Não 98.66   Sim  292748       Sim      DDoS Burst
        00:030.5     177.5 227.4     1.36   0.45      Não 10.47   Sim  738161       Sim      DDoS Burst
        00:039.5     113.5 181.9     0.69   0.67      Não  9.07   Sim  973826       Sim      DDoS Burst
        00:048.3     122.5 219.1     0.76   0.07      Não 11.69   Sim 1169164       Sim      DDoS Burst
        00:059.0     136.3 236.5     0.92   0.16      Não  8.80   Sim 1340966       Sim      DDoS Burst
        01:006.8     190.6 319.9     1.23   0.30      Não  7.95   Sim 1519689       Sim      DDoS Burst
        01:021.9     299.1 399.1     1.80   0.57      Não  5.71   Sim 1724297       Sim      DDoS Burst
        01:030.0     153.6 237.2     1.35   0.45      Não  2.32   Não 1845681       Sim      DDoS Burst
        01:038.5     152.1 223.8     1.40   0.05      Não  4.61   Sim 1948204       Sim      DDoS Burst
        01:050.5     198.7 276.7     1.75   0.35      Não  4.98   Sim 2066999       Sim      DDoS Burst
        02:000.4     145.3 221.1     1.34   0.42      Não  3.86   Sim 2148886       Sim      DDoS Burst
        02:008.7     145.7 204.5     1.54   0.21      Não  4.20   Sim 2214739       Sim      DDoS Burst
        02:019.9     154.1 219.7     1.49   0.06      Não  5.10   Sim 2268023       Sim      DDoS Burst
        02:030.2     126.7 200.4     1.13   0.35      Não  5.27   Sim 2307675       Sim      DDoS Burst
        02:040.4     118.6 183.2     1.07   0.07      Não  5.92   Sim 2344648       Sim      DDoS Burst
        02:049.7     107.2 171.2     0.84   0.23      Não  7.27   Sim 2374508       Sim      DDoS Burst
        02:056.0     114.4 198.1     0.87   0.03      Não  7.85   Sim 2391582       Sim      DDoS Burst
        03:000.8     101.5  98.8     1.99   1.12      Não  1.43   Não 2393088       Sim      DDoS Burst

✅ Bursts detectados: 18 | Excel: experiment_results/combined_sweep/rtt_bursts_S4_atk10pct_wu500000.xlsx | Gráfico: experiment_results/combined_sweep/rtt_todos_bursts_S4_atk10pct_wu500000.png

===== Analisando experiment_results/combined_sweep/rtt_log_S4_atk1pct_wu300000.csv =====
[INFO] Baseline pré-ataque: média=43.9ms, desvio=90.0ms (3968 amostras) -> piso de burst = 79.1ms (1.8x a média)
Janela (MM:SS.s) Média RTT  Std Entropia Δ Ent. Al. Ent. Max Z Al. Z CUSUM Al. CUSUM    Status Burst
        00:009.8      43.9 90.0     0.04   0.00      Não  0.00   Não     0       Não Normal/Residual
        00:019.8      37.8 19.6     1.70   1.66      Sim  1.21   Não     0       Não Normal/Residual
        00:030.1      38.4 19.7     1.75   0.06      Não  5.86   Sim     0       Não Normal/Residual
        00:039.7      37.4 19.6     1.54   0.22      Não  5.37   Sim     0       Não Normal/Residual
        00:049.8      36.4 19.7     1.66   0.12      Não  2.28   Não     0       Não Normal/Residual
        01:000.1      36.2 20.1     1.82   0.16      Não  2.50   Não     0       Não Normal/Residual
        01:010.2      37.8 20.7     1.77   0.05      Não  4.41   Sim     0       Não Normal/Residual
        01:019.7      38.7 20.9     1.65   0.12      Não  6.40   Sim     0       Não Normal/Residual
        01:030.1      38.5 20.7     1.68   0.03      Não  6.29   Sim     0       Não Normal/Residual
        01:039.9      38.3 20.4     1.59   0.10      Não  4.60   Sim     0       Não Normal/Residual
        01:050.3      39.4 20.9     1.81   0.22      Não  4.57   Sim     0       Não Normal/Residual
        01:059.6      40.5 21.0     1.97   0.16      Não  4.40   Sim     0       Não Normal/Residual
        02:009.6      40.0 22.0     1.59   0.38      Não 10.34   Sim     0       Não Normal/Residual
        02:020.2      40.3 23.9     1.65   0.06      Não  9.89   Sim     0       Não Normal/Residual
        02:029.7      41.2 23.8     1.77   0.12      Não  8.72   Sim     0       Não Normal/Residual
        02:040.1      41.5 24.7     1.81   0.05      Não  8.63   Sim     0       Não Normal/Residual
        02:050.0      41.9 24.3     1.82   0.00      Não  8.30   Sim     0       Não Normal/Residual
        02:055.1      41.9 22.8     2.36   0.54      Não  3.69   Sim     0       Não Normal/Residual
        03:000.1      40.7 23.5     3.00   0.64      Não  1.87   Não     0       Não Normal/Residual

✅ Bursts detectados: 0 | Excel: experiment_results/combined_sweep/rtt_bursts_S4_atk1pct_wu300000.xlsx | Gráfico: experiment_results/combined_sweep/rtt_todos_bursts_S4_atk1pct_wu300000.png

===== Analisando experiment_results/combined_sweep/rtt_log_S4_atk1pct_wu500000.csv =====
[INFO] Baseline pré-ataque: média=38.5ms, desvio=19.7ms (5366 amostras) -> piso de burst = 69.3ms (1.8x a média)
Janela (MM:SS.s) Média RTT   Std Entropia Δ Ent. Al. Ent.  Max Z Al. Z   CUSUM Al. CUSUM    Status Burst
        00:010.3      38.5  19.7     1.75   0.00      Não   0.00   Não      22       Não Normal/Residual
        00:019.6      66.7 112.4     0.45   1.30      Não 100.14   Sim  127785       Sim Normal/Residual
        00:030.2      87.0 120.9     0.62   0.18      Não  17.29   Sim  325525       Sim      DDoS Burst
        00:039.9      60.3  58.9     1.71   1.09      Não   3.13   Não  387957       Sim Normal/Residual
        00:050.2      43.8  33.0     1.19   0.53      Não   5.98   Sim  363983       Sim Normal/Residual
        01:000.1      44.7  34.9     1.23   0.04      Não  10.46   Sim  343653       Sim Normal/Residual
        01:010.1      48.3  40.7     1.35   0.13      Não   9.89   Sim  343096       Sim Normal/Residual
        01:020.0      50.6  43.1     1.47   0.12      Não  10.21   Sim  355212       Sim Normal/Residual
        01:030.1      48.9  40.8     1.33   0.15      Não  10.05   Sim  358352       Sim Normal/Residual
        01:040.0      55.9  56.8     1.25   0.08      Não  11.33   Sim  398500       Sim Normal/Residual
        01:050.2      73.2  74.4     1.71   0.46      Não   8.01   Sim  527594       Sim      DDoS Burst
        02:000.1      77.6  78.2     1.69   0.01      Não   6.13   Sim  684006       Sim      DDoS Burst
        02:010.2      66.4  68.6     1.40   0.30      Não   5.79   Sim  784509       Sim Normal/Residual
        02:020.0      60.0  54.9     1.78   0.39      Não   5.45   Sim  849632       Sim Normal/Residual
        02:030.0      69.1  62.7     1.95   0.17      Não   6.32   Sim  962074       Sim Normal/Residual
        02:040.1      56.8  54.7     1.62   0.33      Não   5.39   Sim 1007688       Sim Normal/Residual
        02:050.0      38.2  20.1     1.63   0.01      Não   3.24   Não  951775       Sim Normal/Residual
        02:055.2      38.5  19.9     1.90   0.27      Não   4.04   Sim  923758       Sim Normal/Residual
        03:000.2      37.0  20.2     2.33   0.43      Não   1.74   Não  922544       Sim Normal/Residual

✅ Bursts detectados: 3 | Excel: experiment_results/combined_sweep/rtt_bursts_S4_atk1pct_wu500000.xlsx | Gráfico: experiment_results/combined_sweep/rtt_todos_bursts_S4_atk1pct_wu500000.png

===== Analisando experiment_results/combined_sweep/rtt_log_S4_atk5pct_wu300000.csv =====
[INFO] Baseline pré-ataque: média=38.8ms, desvio=19.7ms (5497 amostras) -> piso de burst = 69.9ms (1.8x a média)
Janela (MM:SS.s) Média RTT   Std Entropia Δ Ent. Al. Ent. Max Z Al. Z   CUSUM Al. CUSUM    Status Burst
        00:010.1      38.8  19.7     1.75   0.00      Não  0.00   Não     111       Sim Normal/Residual
        00:019.8      82.8  92.9     1.29   0.46      Não 39.98   Sim  207895       Sim      DDoS Burst
        00:030.2     128.7 116.0     1.99   0.70      Não  8.00   Sim  609261       Sim      DDoS Burst
        00:040.2     113.3 116.9     2.00   0.01      Não  4.75   Sim  941537       Sim      DDoS Burst
        00:049.6     135.7 185.3     1.45   0.55      Não 10.36   Sim 1339019       Sim      DDoS Burst
        01:001.1     130.7 187.0     1.41   0.04      Não  6.42   Sim 1708430       Sim      DDoS Burst
        01:010.0     103.5 107.4     1.84   0.43      Não  2.96   Não 1975404       Sim      DDoS Burst
        01:020.0     120.0 161.9     0.86   0.98      Não 17.85   Sim 2296783       Sim      DDoS Burst
        01:030.3      99.7 158.1     0.67   0.19      Não 11.74   Sim 2522372       Sim      DDoS Burst
        01:040.1      63.2  58.6     1.57   0.90      Não  2.66   Não 2589154       Sim Normal/Residual
        01:049.9      51.0  36.9     1.67   0.10      Não  4.06   Sim 2599678       Sim Normal/Residual
        02:000.3      50.0  36.4     1.48   0.19      Não  7.49   Sim 2605511       Sim Normal/Residual
        02:010.0      51.4  38.6     1.54   0.06      Não  7.63   Sim 2617892       Sim Normal/Residual
        02:020.0      53.5  39.7     1.72   0.17      Não  6.87   Sim 2639127       Sim Normal/Residual
        02:029.9      53.4  40.0     1.69   0.03      Não  6.93   Sim 2659509       Sim Normal/Residual
        02:040.0      47.8  35.9     1.42   0.27      Não  6.88   Sim 2655774       Sim Normal/Residual
        02:050.0      39.9  24.5     1.14   0.28      Não  6.64   Sim 2622011       Sim Normal/Residual
        02:055.3      38.3  19.9     1.75   0.61      Não  3.42   Não 2601512       Sim Normal/Residual
        03:000.2      43.4  16.2     2.14   0.39      Não  1.71   Não 2601039       Sim Normal/Residual

✅ Bursts detectados: 8 | Excel: experiment_results/combined_sweep/rtt_bursts_S4_atk5pct_wu300000.xlsx | Gráfico: experiment_results/combined_sweep/rtt_todos_bursts_S4_atk5pct_wu300000.png

===== Analisando experiment_results/combined_sweep/rtt_log_S4_atk5pct_wu500000.csv =====
[INFO] Baseline pré-ataque: média=39.5ms, desvio=20.2ms (5314 amostras) -> piso de burst = 71.1ms (1.8x a média)
Janela (MM:SS.s) Média RTT   Std Entropia Δ Ent. Al. Ent. Max Z Al. Z   CUSUM Al. CUSUM    Status Burst
        00:010.4      39.5  20.2     1.48   0.00      Não  0.00   Não      39       Não Normal/Residual
        00:019.5      79.9 106.5     0.93   0.55      Não 50.19   Sim  177933       Sim      DDoS Burst
        00:029.7     109.5 134.9     1.27   0.34      Não 10.06   Sim  407909       Sim      DDoS Burst
        00:039.3      70.1 103.7     0.63   0.64      Não  7.72   Sim  478565       Sim Normal/Residual
        00:050.0      72.0 110.1     0.64   0.01      Não  9.88   Sim  553760       Sim      DDoS Burst
        00:059.7      86.3 134.9     0.82   0.18      Não 10.22   Sim  671809       Sim      DDoS Burst
        01:009.9      88.7 135.5     0.89   0.06      Não  8.23   Sim  785773       Sim      DDoS Burst
        01:020.1      82.7 114.9     0.89   0.00      Não  6.63   Sim  879356       Sim      DDoS Burst
        01:029.7      76.5 101.0     1.01   0.12      Não  6.10   Sim  949004       Sim      DDoS Burst
        01:039.7      73.6  97.1     1.02   0.02      Não  7.00   Sim 1003676       Sim      DDoS Burst
        01:049.7      71.3  87.8     1.26   0.24      Não  5.73   Sim 1049604       Sim      DDoS Burst
        02:000.4      76.1  92.5     1.29   0.03      Não  6.97   Sim 1104580       Sim      DDoS Burst
        02:010.3      82.4 105.0     1.24   0.05      Não  7.82   Sim 1173803       Sim      DDoS Burst
        02:020.2      84.6 104.5     1.25   0.01      Não  6.83   Sim 1249160       Sim      DDoS Burst
        02:029.9      90.3 110.3     1.25   0.00      Não  7.41   Sim 1337464       Sim      DDoS Burst
        02:040.1      69.7  93.7     0.89   0.36      Não  6.97   Sim 1381975       Sim Normal/Residual
        02:048.7      44.8  44.5     0.44   0.45      Não  6.98   Sim 1372683       Sim Normal/Residual
        02:055.0      41.2  35.6     1.32   0.88      Não  6.89   Sim 1365947       Sim Normal/Residual
        03:000.4      50.2  72.2     1.43   0.11      Não  7.25   Sim 1365962       Sim Normal/Residual

✅ Bursts detectados: 13 | Excel: experiment_results/combined_sweep/rtt_bursts_S4_atk5pct_wu500000.xlsx | Gráfico: experiment_results/combined_sweep/rtt_todos_bursts_S4_atk5pct_wu500000.png

===== Analisando experiment_results/normal_baseline/rtt_log_normal_rps75_WU10_repro_loteA_rep1.csv =====
[INFO] Baseline pré-ataque: média=45.2ms, desvio=83.0ms (4804 amostras) -> piso de burst = 81.4ms (1.8x a média)
Janela (MM:SS.s) Média RTT  Std Entropia Δ Ent. Al. Ent. Max Z Al. Z CUSUM Al. CUSUM    Status Burst
        00:010.0      45.2 83.0     0.04   0.00      Não  0.00   Não     0       Não Normal/Residual
        00:020.1      40.7 19.5     1.86   1.82      Sim  0.69   Não     0       Não Normal/Residual
        00:029.9      39.7 19.5     1.96   0.10      Não  2.51   Não     0       Não Normal/Residual
        00:039.7      39.1 19.6     1.73   0.23      Não  3.54   Sim     0       Não Normal/Residual
        00:049.6      39.2 19.7     1.71   0.01      Não  3.54   Sim     0       Não Normal/Residual
        01:000.0      38.8 19.9     1.69   0.02      Não  3.50   Sim     0       Não Normal/Residual
        01:010.0      38.7 19.9     1.72   0.03      Não  3.49   Não     0       Não Normal/Residual
        01:020.0      39.2 19.9     1.55   0.16      Não  4.68   Sim     0       Não Normal/Residual
        01:030.1      40.7 20.7     1.70   0.15      Não  6.65   Sim     0       Não Normal/Residual
        01:040.0      41.5 20.7     1.77   0.07      Não  6.33   Sim     0       Não Normal/Residual
        01:050.3      42.0 20.1     2.10   0.33      Não  3.86   Sim     0       Não Normal/Residual
        01:059.8      41.8 20.0     2.09   0.01      Não  3.68   Sim     0       Não Normal/Residual
        02:009.6      40.4 20.0     1.97   0.12      Não  3.27   Não     0       Não Normal/Residual
        02:019.9      40.2 20.3     1.69   0.29      Não  5.23   Sim     0       Não Normal/Residual
        02:030.4      41.3 20.3     1.70   0.02      Não  5.16   Sim     0       Não Normal/Residual
        02:040.1      42.4 20.3     1.99   0.29      Não  4.42   Sim     0       Não Normal/Residual
        02:050.0      43.5 20.9     2.05   0.06      Não  5.54   Sim     0       Não Normal/Residual
        02:055.2      44.1 21.5     2.11   0.05      Não  5.31   Sim     0       Não Normal/Residual
        03:000.3      44.2 20.8     2.60   0.50      Não  2.17   Não     0       Não Normal/Residual

✅ Bursts detectados: 0 | Excel: experiment_results/normal_baseline/rtt_bursts_normal_rps75_WU10_repro_loteA_rep1.xlsx | Gráfico: experiment_results/normal_baseline/rtt_todos_bursts_normal_rps75_WU10_repro_loteA_rep1.png

===== Analisando experiment_results/normal_baseline/rtt_log_normal_rps75_WU10_repro_loteA_rep2.csv =====
[INFO] Baseline pré-ataque: média=45.1ms, desvio=84.0ms (4574 amostras) -> piso de burst = 81.1ms (1.8x a média)
Janela (MM:SS.s) Média RTT  Std Entropia Δ Ent. Al. Ent. Max Z Al. Z CUSUM Al. CUSUM    Status Burst
        00:009.7      45.1 84.0     0.04   0.00      Não  0.00   Não     0       Não Normal/Residual
        00:019.6      39.3 19.3     1.47   1.43      Não  1.00   Não     0       Não Normal/Residual
        00:029.6      38.8 19.8     1.45   0.02      Não  5.25   Sim     0       Não Normal/Residual
        00:039.6      37.9 20.3     1.48   0.02      Não  5.13   Sim     0       Não Normal/Residual
        00:050.4      36.9 20.2     1.92   0.45      Não  2.52   Não     0       Não Normal/Residual
        01:000.4      37.8 20.1     1.78   0.14      Não  3.64   Sim     0       Não Normal/Residual
        01:010.5      40.1 20.0     1.94   0.17      Não  3.68   Sim     0       Não Normal/Residual
        01:020.1      46.1 25.2     1.37   0.58      Não 14.45   Sim     0       Não Normal/Residual
        01:030.2      47.6 26.5     1.44   0.08      Não 11.25   Sim     0       Não Normal/Residual
        01:040.0      44.4 22.5     1.61   0.17      Não  8.49   Sim     0       Não Normal/Residual
        01:049.1      43.1 22.0     2.13   0.52      Não  4.45   Sim     0       Não Normal/Residual
        01:060.0      41.1 22.0     2.00   0.13      Não  4.58   Sim     0       Não Normal/Residual
        02:009.7      40.0 22.0     1.95   0.05      Não  4.66   Sim     0       Não Normal/Residual
        02:019.9      41.1 24.9     1.54   0.41      Não 11.33   Sim     0       Não Normal/Residual
        02:030.5      42.7 24.4     1.57   0.03      Não  9.97   Sim     0       Não Normal/Residual
        02:039.3      41.2 22.4     2.29   0.72      Não  3.92   Sim     0       Não Normal/Residual
        02:050.0      41.7 23.6     2.56   0.27      Não  4.03   Sim     0       Não Normal/Residual
        02:056.1      44.9 26.0     1.84   0.72      Não  9.75   Sim     0       Não Normal/Residual
        03:000.8      54.6 31.8     2.07   0.23      Não  8.73   Sim     0       Não Normal/Residual

✅ Bursts detectados: 0 | Excel: experiment_results/normal_baseline/rtt_bursts_normal_rps75_WU10_repro_loteA_rep2.xlsx | Gráfico: experiment_results/normal_baseline/rtt_todos_bursts_normal_rps75_WU10_repro_loteA_rep2.png

===== Analisando experiment_results/normal_baseline/rtt_log_normal_rps75_WU10_repro_loteA_rep3.csv =====
[INFO] Baseline pré-ataque: média=44.6ms, desvio=121.7ms (2230 amostras) -> piso de burst = 80.2ms (1.8x a média)
Janela (MM:SS.s) Média RTT   Std Entropia Δ Ent. Al. Ent. Max Z Al. Z CUSUM Al. CUSUM    Status Burst
        00:009.4      44.6 121.7     0.06   0.00      Não  0.00   Não     0       Não Normal/Residual
        00:020.6      35.5  21.0     1.94   1.88      Sim  0.57   Não     0       Não Normal/Residual
        00:029.8      36.2  21.2     1.86   0.08      Não  3.26   Não     0       Não Normal/Residual
        00:040.7      38.1  21.5     2.14   0.28      Não  3.42   Não     0       Não Normal/Residual
        00:050.1      38.9  22.0     1.97   0.17      Não  4.77   Sim     0       Não Normal/Residual
        01:000.5      40.4  23.0     2.14   0.17      Não  4.62   Sim     0       Não Normal/Residual
        01:009.8      42.0  23.8     2.23   0.09      Não  5.53   Sim     0       Não Normal/Residual
        01:018.8      39.6  23.9     2.19   0.04      Não  5.28   Sim     0       Não Normal/Residual
        01:030.3      37.0  23.1     2.47   0.29      Não  3.43   Não     0       Não Normal/Residual
        01:040.7      40.6  23.9     1.80   0.67      Não  7.77   Sim     0       Não Normal/Residual
        01:049.7      42.1  24.2     1.85   0.05      Não  7.37   Sim     0       Não Normal/Residual
        02:000.2      40.8  24.6     2.58   0.73      Não  3.74   Sim     0       Não Normal/Residual
        02:010.7      41.9  24.2     2.41   0.16      Não  4.45   Sim     0       Não Normal/Residual
        02:018.6      43.2  24.5     2.50   0.09      Não  4.49   Sim     0       Não Normal/Residual
        02:028.9      42.1  25.4     2.83   0.33      Não  3.49   Não     0       Não Normal/Residual
        02:039.2      38.1  24.8     2.72   0.10      Não  3.23   Não     0       Não Normal/Residual
        02:051.2      39.3  25.1     2.51   0.22      Não  4.44   Sim     0       Não Normal/Residual
        02:055.3      42.1  25.2     2.58   0.08      Não  4.34   Sim     0       Não Normal/Residual

✅ Bursts detectados: 0 | Excel: experiment_results/normal_baseline/rtt_bursts_normal_rps75_WU10_repro_loteA_rep3.xlsx | Gráfico: experiment_results/normal_baseline/rtt_todos_bursts_normal_rps75_WU10_repro_loteA_rep3.png

===== Analisando experiment_results/normal_baseline/rtt_log_normal_rps75_WU10_repro_loteB_rep1.csv =====
[INFO] Baseline pré-ataque: média=40.7ms, desvio=21.0ms (5170 amostras) -> piso de burst = 73.3ms (1.8x a média)
Janela (MM:SS.s) Média RTT  Std Entropia Δ Ent. Al. Ent. Max Z Al. Z CUSUM Al. CUSUM    Status Burst
        00:010.3      40.7 21.0     1.48   0.00      Não  0.00   Não     0       Não Normal/Residual
        00:020.1      38.5 19.9     1.09   0.39      Não  7.22   Sim    25       Não Normal/Residual
        00:030.0      38.7 20.0     1.44   0.35      Não  6.77   Sim     0       Não Normal/Residual
        00:040.0      39.8 21.0     1.58   0.14      Não  6.73   Sim    11       Não Normal/Residual
        00:050.2      39.4 20.8     1.53   0.06      Não  4.49   Sim     0       Não Normal/Residual
        00:059.9      39.3 20.4     1.85   0.33      Não  5.54   Sim     0       Não Normal/Residual
        01:010.0      39.3 20.3     1.84   0.01      Não  5.66   Sim     0       Não Normal/Residual
        01:020.0      38.8 20.1     1.45   0.39      Não  6.61   Sim    67       Não Normal/Residual
        01:030.2      38.9 20.1     1.45   0.00      Não  6.72   Sim     0       Não Normal/Residual
        01:040.1      38.3 19.8     1.85   0.40      Não  3.97   Sim    12       Não Normal/Residual
        01:050.1      38.8 20.1     1.58   0.27      Não  5.43   Sim     0       Não Normal/Residual
        02:000.0      38.6 20.2     1.61   0.03      Não  5.33   Sim     0       Não Normal/Residual
        02:010.0      39.4 20.3     1.72   0.11      Não  4.59   Sim     0       Não Normal/Residual
        02:020.2      39.5 20.1     1.69   0.03      Não  4.53   Sim     0       Não Normal/Residual
        02:029.9      38.2 19.7     1.60   0.09      Não  6.22   Sim    11       Não Normal/Residual
        02:040.0      38.3 19.9     1.64   0.04      Não  6.42   Sim    22       Não Normal/Residual
        02:050.0      38.5 19.8     1.91   0.27      Não  3.80   Sim     0       Não Normal/Residual
        02:055.3      38.8 19.7     1.93   0.02      Não  3.03   Não     0       Não Normal/Residual
        03:000.3      41.7 19.3     2.78   0.85      Não  1.75   Não     0       Não Normal/Residual

✅ Bursts detectados: 0 | Excel: experiment_results/normal_baseline/rtt_bursts_normal_rps75_WU10_repro_loteB_rep1.xlsx | Gráfico: experiment_results/normal_baseline/rtt_todos_bursts_normal_rps75_WU10_repro_loteB_rep1.png

===== Analisando experiment_results/normal_baseline/rtt_log_normal_rps75_WU10_repro_loteB_rep2.csv =====
[INFO] Baseline pré-ataque: média=39.9ms, desvio=20.3ms (5375 amostras) -> piso de burst = 71.8ms (1.8x a média)
Janela (MM:SS.s) Média RTT  Std Entropia Δ Ent. Al. Ent. Max Z Al. Z CUSUM Al. CUSUM    Status Burst
        00:010.1      39.9 20.3     1.77   0.00      Não  0.00   Não     0       Não Normal/Residual
        00:020.0      39.0 19.8     1.57   0.19      Não  4.51   Sim     4       Não Normal/Residual
        00:030.0      38.8 20.0     1.95   0.37      Não  4.00   Sim     2       Não Normal/Residual
        00:040.1      38.1 20.0     1.88   0.07      Não  3.98   Sim     0       Não Normal/Residual
        00:050.2      38.3 19.9     1.67   0.21      Não  3.26   Não     0       Não Normal/Residual
        00:060.0      39.0 19.8     1.71   0.05      Não  3.27   Não     3       Não Normal/Residual
        01:010.0      38.8 20.0     1.84   0.13      Não  4.21   Sim     5       Não Normal/Residual
        01:020.1      38.7 20.2     1.88   0.05      Não  4.18   Sim     0       Não Normal/Residual
        01:030.3      39.2 20.0     1.61   0.27      Não  4.53   Sim    10       Não Normal/Residual
        01:040.0      38.7 19.9     1.55   0.06      Não  4.57   Sim     0       Não Normal/Residual
        01:050.1      38.4 20.1     1.82   0.27      Não  3.60   Sim     0       Não Normal/Residual
        02:000.0      38.2 19.7     1.72   0.11      Não  3.59   Sim     0       Não Normal/Residual
        02:010.1      39.1 20.4     1.47   0.25      Não  6.91   Sim     0       Não Normal/Residual
        02:020.2      39.5 20.6     1.55   0.08      Não  6.62   Sim     6       Não Normal/Residual
        02:030.1      38.1 20.0     1.68   0.14      Não  3.08   Não     0       Não Normal/Residual
        02:040.0      38.7 20.0     1.81   0.13      Não  4.24   Sim     4       Não Normal/Residual
        02:050.0      38.7 19.8     1.76   0.05      Não  4.21   Sim    22       Não Normal/Residual
        02:055.3      38.0 19.8     1.50   0.26      Não  4.52   Sim   211       Sim Normal/Residual
        03:000.3      43.1 22.9     2.44   0.93      Não  4.55   Sim   211       Sim Normal/Residual

✅ Bursts detectados: 0 | Excel: experiment_results/normal_baseline/rtt_bursts_normal_rps75_WU10_repro_loteB_rep2.xlsx | Gráfico: experiment_results/normal_baseline/rtt_todos_bursts_normal_rps75_WU10_repro_loteB_rep2.png

===== Analisando experiment_results/normal_baseline/rtt_log_normal_rps75_WU10_repro_loteB_rep3.csv =====
[INFO] Baseline pré-ataque: média=44.7ms, desvio=86.6ms (4546 amostras) -> piso de burst = 80.4ms (1.8x a média)
Janela (MM:SS.s) Média RTT  Std Entropia Δ Ent. Al. Ent. Max Z Al. Z CUSUM Al. CUSUM    Status Burst
        00:009.7      44.7 86.6     0.04   0.00      Não  0.00   Não     0       Não Normal/Residual
        00:019.6      38.4 19.9     1.30   1.26      Não  1.05   Não     0       Não Normal/Residual
        00:029.9      38.2 19.9     1.99   0.69      Não  2.89   Não     0       Não Normal/Residual
        00:039.9      38.2 20.0     1.62   0.36      Não  3.38   Não     0       Não Normal/Residual
        00:050.0      38.1 19.9     1.29   0.33      Não  4.93   Sim     0       Não Normal/Residual
        00:060.0      38.9 20.2     1.49   0.20      Não  5.11   Sim     0       Não Normal/Residual
        01:009.9      39.7 20.2     1.54   0.06      Não  5.01   Sim    36       Não Normal/Residual
        01:019.6      38.9 20.6     1.86   0.32      Não  5.54   Sim     0       Não Normal/Residual
        01:029.8      37.7 21.0     1.88   0.02      Não  5.46   Sim     0       Não Normal/Residual
        01:040.5      39.0 20.6     2.04   0.16      Não  4.05   Sim     0       Não Normal/Residual
        01:050.0      40.4 21.0     2.26   0.22      Não  3.77   Sim     0       Não Normal/Residual
        01:059.9      40.7 21.2     1.89   0.37      Não  4.62   Sim     0       Não Normal/Residual
        02:009.8      41.4 21.6     2.04   0.16      Não  4.91   Sim     0       Não Normal/Residual
        02:020.2      42.1 22.1     2.17   0.13      Não  4.79   Sim     0       Não Normal/Residual
        02:029.8      43.9 24.9     1.88   0.30      Não  9.37   Sim     0       Não Normal/Residual
        02:038.9      45.0 26.9     1.97   0.09      Não  8.23   Sim     0       Não Normal/Residual
        02:050.2      39.7 23.6     2.10   0.13      Não  4.65   Sim     0       Não Normal/Residual
        02:055.5      37.0 21.8     1.29   0.81      Não  7.03   Sim     0       Não Normal/Residual
        03:000.4      45.0 29.8     2.04   0.74      Não  7.75   Sim     0       Não Normal/Residual

✅ Bursts detectados: 0 | Excel: experiment_results/normal_baseline/rtt_bursts_normal_rps75_WU10_repro_loteB_rep3.xlsx | Gráfico: experiment_results/normal_baseline/rtt_todos_bursts_normal_rps75_WU10_repro_loteB_rep3.png

===== Analisando experiment_results/normal_baseline/rtt_log_normal_thr_agg200_rep1.csv =====
[INFO] Baseline pré-ataque: média=33.4ms, desvio=20.6ms (3860 amostras) -> piso de burst = 60.2ms (1.8x a média)
Janela (MM:SS.s) Média RTT  Std Entropia Δ Ent. Al. Ent. Max Z Al. Z CUSUM Al. CUSUM    Status Burst
        00:010.0      33.4 20.6     1.46   0.00      Não  0.00   Não     4       Não Normal/Residual
        00:020.1      33.3 20.6     1.44   0.02      Não  3.19   Não     8       Não Normal/Residual
        00:030.0      33.6 20.5     1.54   0.10      Não  2.37   Não     0       Não Normal/Residual
        00:039.9      33.5 20.4     1.54   0.00      Não  2.37   Não     2       Não Normal/Residual
        00:050.2      33.5 20.5     1.78   0.24      Não  2.19   Não     2       Não Normal/Residual
        00:059.9      34.1 20.5     1.79   0.01      Não  2.28   Não     0       Não Normal/Residual
        01:010.0      33.9 20.7     1.86   0.08      Não  2.25   Não    15       Não Normal/Residual
        01:020.1      33.5 20.5     1.77   0.09      Não  2.18   Não     9       Não Normal/Residual
        01:030.0      33.4 20.3     1.69   0.08      Não  1.65   Não    17       Não Normal/Residual
        01:040.0      32.8 20.4     1.48   0.21      Não  1.80   Não    17       Não Normal/Residual
        01:050.2      33.1 20.4     1.71   0.23      Não  2.08   Não     0       Não Normal/Residual
        01:059.9      33.2 20.4     1.69   0.02      Não  2.06   Não    15       Não Normal/Residual
        02:009.9      32.8 20.5     1.74   0.05      Não  1.49   Não    34       Não Normal/Residual
        02:020.0      32.8 20.5     1.70   0.04      Não  1.66   Não     0       Não Normal/Residual
        02:029.9      32.7 20.4     1.70   0.00      Não  1.66   Não     6       Não Normal/Residual
        02:040.1      33.1 20.4     1.69   0.01      Não  2.17   Não    19       Não Normal/Residual
        02:050.0      33.5 20.3     1.66   0.03      Não  2.21   Não     2       Não Normal/Residual
        02:055.1      33.6 20.3     1.66   0.00      Não  2.20   Não     2       Não Normal/Residual
        03:000.1      25.4 21.2     1.67   0.01      Não  1.46   Não     2       Não Normal/Residual

✅ Bursts detectados: 0 | Excel: experiment_results/normal_baseline/rtt_bursts_normal_thr_agg200_rep1.xlsx | Gráfico: experiment_results/normal_baseline/rtt_todos_bursts_normal_thr_agg200_rep1.png

===== Analisando experiment_results/normal_baseline/rtt_log_normal_thr_agg200_rep2.csv =====
[INFO] Baseline pré-ataque: média=35.0ms, desvio=20.9ms (3821 amostras) -> piso de burst = 62.9ms (1.8x a média)
Janela (MM:SS.s) Média RTT  Std Entropia Δ Ent. Al. Ent. Max Z Al. Z CUSUM Al. CUSUM    Status Burst
        00:010.0      35.0 20.9     1.79   0.00      Não  0.00   Não     0       Não Normal/Residual
        00:020.0      34.6 20.8     1.80   0.01      Não  3.71   Sim    20       Não Normal/Residual
        00:030.0      34.3 20.5     1.65   0.16      Não  3.64   Sim     2       Não Normal/Residual
        00:040.0      34.4 20.6     1.64   0.00      Não  3.71   Sim    19       Não Normal/Residual
        00:050.1      34.2 20.5     1.88   0.24      Não  1.63   Não    22       Não Normal/Residual
        01:000.0      34.4 20.5     1.72   0.17      Não  2.65   Não    11       Não Normal/Residual
        01:010.0      34.1 20.6     1.74   0.02      Não  2.64   Não    21       Não Normal/Residual
        01:019.8      33.9 20.7     1.83   0.10      Não  2.80   Não     0       Não Normal/Residual
        01:030.0      33.5 20.7     1.79   0.05      Não  2.79   Não     3       Não Normal/Residual
        01:040.1      33.7 20.6     1.79   0.00      Não  2.21   Não     3       Não Normal/Residual
        01:050.1      34.2 20.4     1.82   0.03      Não  2.22   Não     0       Não Normal/Residual
        01:060.0      34.0 20.4     1.83   0.01      Não  2.15   Não     7       Não Normal/Residual
        02:010.2      33.9 20.3     1.81   0.02      Não  2.17   Não    16       Não Normal/Residual
        02:019.9      34.2 20.4     1.55   0.26      Não  2.57   Não    10       Não Normal/Residual
        02:030.1      34.3 20.5     1.59   0.04      Não  2.55   Não    32       Não Normal/Residual
        02:040.1      34.2 20.6     1.81   0.22      Não  2.94   Não    10       Não Normal/Residual
        02:049.9      34.2 20.5     1.79   0.02      Não  2.93   Não     0       Não Normal/Residual
        02:055.0      34.1 20.4     1.70   0.09      Não  2.28   Não    27       Não Normal/Residual
        03:000.2      36.1 19.8     2.26   0.56      Não  1.44   Não    27       Não Normal/Residual

✅ Bursts detectados: 0 | Excel: experiment_results/normal_baseline/rtt_bursts_normal_thr_agg200_rep2.xlsx | Gráfico: experiment_results/normal_baseline/rtt_todos_bursts_normal_thr_agg200_rep2.png

===== Analisando experiment_results/normal_baseline/rtt_log_normal_thr_agg200_rep3.csv =====
[INFO] Baseline pré-ataque: média=34.1ms, desvio=20.9ms (3739 amostras) -> piso de burst = 61.3ms (1.8x a média)
Janela (MM:SS.s) Média RTT  Std Entropia Δ Ent. Al. Ent. Max Z Al. Z CUSUM Al. CUSUM    Status Burst
        00:010.0      34.1 20.9     1.17   0.00      Não  0.00   Não     0       Não Normal/Residual
        00:020.1      33.7 20.5     1.74   0.57      Não  1.92   Não     0       Não Normal/Residual
        00:030.0      34.6 20.6     1.62   0.12      Não  4.29   Sim     3       Não Normal/Residual
        00:040.0      34.3 20.7     1.61   0.01      Não  4.22   Sim     9       Não Normal/Residual
        00:050.1      34.0 20.3     1.75   0.14      Não  2.13   Não     0       Não Normal/Residual
        01:000.1      34.1 20.3     1.44   0.31      Não  2.46   Não     6       Não Normal/Residual
        01:009.9      33.7 20.6     1.66   0.23      Não  3.02   Não    14       Não Normal/Residual
        01:020.1      34.0 20.5     1.70   0.03      Não  3.01   Não    17       Não Normal/Residual
        01:029.9      34.1 20.3     1.78   0.08      Não  2.01   Não     8       Não Normal/Residual
        01:040.1      33.9 20.3     1.69   0.09      Não  2.25   Não     8       Não Normal/Residual
        01:049.9      33.7 20.4     1.71   0.01      Não  2.25   Não     0       Não Normal/Residual
        02:000.1      33.3 20.4     1.62   0.09      Não  1.77   Não     1       Não Normal/Residual
        02:010.0      33.4 20.6     1.68   0.06      Não  3.02   Não     5       Não Normal/Residual
        02:020.0      33.8 20.5     1.71   0.03      Não  2.98   Não     1       Não Normal/Residual
        02:030.0      33.9 20.3     1.81   0.10      Não  2.11   Não     0       Não Normal/Residual
        02:040.0      33.7 20.4     1.66   0.15      Não  1.74   Não     1       Não Normal/Residual
        02:050.0      33.7 20.3     1.64   0.02      Não  1.74   Não     0       Não Normal/Residual
        02:055.0      33.7 20.2     1.76   0.13      Não  1.66   Não     0       Não Normal/Residual

✅ Bursts detectados: 0 | Excel: experiment_results/normal_baseline/rtt_bursts_normal_thr_agg200_rep3.xlsx | Gráfico: experiment_results/normal_baseline/rtt_todos_bursts_normal_thr_agg200_rep3.png

===== Analisando experiment_results/normal_baseline/rtt_log_normal_thr_agg210_rep1.csv =====
[INFO] Baseline pré-ataque: média=35.1ms, desvio=20.3ms (4070 amostras) -> piso de burst = 63.1ms (1.8x a média)
Janela (MM:SS.s) Média RTT  Std Entropia Δ Ent. Al. Ent. Max Z Al. Z CUSUM Al. CUSUM    Status Burst
        00:010.1      35.1 20.3     1.80   0.00      Não  0.00   Não     5       Não Normal/Residual
        00:020.0      34.6 20.4     1.39   0.41      Não  3.29   Não   215       Sim Normal/Residual
        00:030.0      34.7 20.7     1.40   0.01      Não  3.40   Não     4       Não Normal/Residual
        00:040.0      33.9 20.8     1.38   0.02      Não  3.35   Não    11       Não Normal/Residual
        00:050.0      33.8 20.7     1.78   0.39      Não  2.89   Não    34       Não Normal/Residual
        00:060.0      34.3 20.6     1.80   0.03      Não  2.91   Não     0       Não Normal/Residual
        01:010.0      34.4 20.6     1.63   0.17      Não  2.43   Não    16       Não Normal/Residual
        01:020.1      34.8 20.5     1.65   0.01      Não  2.42   Não     0       Não Normal/Residual
        01:029.8      34.9 20.4     1.87   0.22      Não  2.83   Não     0       Não Normal/Residual
        01:040.1      34.8 20.3     1.86   0.00      Não  2.83   Não     3       Não Normal/Residual
        01:050.0      34.6 20.2     1.57   0.29      Não  2.42   Não     0       Não Normal/Residual
        02:000.1      34.5 20.3     1.55   0.02      Não  2.44   Não     0       Não Normal/Residual
        02:010.0      34.3 20.4     1.76   0.21      Não  2.26   Não     1       Não Normal/Residual
        02:020.0      34.5 20.4     1.82   0.06      Não  2.79   Não     9       Não Normal/Residual
        02:029.9      34.9 20.3     1.82   0.00      Não  2.78   Não     8       Não Normal/Residual
        02:040.0      34.4 20.5     1.53   0.29      Não  4.35   Sim     7       Não Normal/Residual
        02:050.1      34.2 20.5     1.50   0.03      Não  4.33   Sim     0       Não Normal/Residual
        02:055.4      34.9 20.5     1.87   0.37      Não  2.73   Não    45       Não Normal/Residual
        03:000.3      42.3 22.4     2.66   0.79      Não  2.70   Não    45       Não Normal/Residual

✅ Bursts detectados: 0 | Excel: experiment_results/normal_baseline/rtt_bursts_normal_thr_agg210_rep1.xlsx | Gráfico: experiment_results/normal_baseline/rtt_todos_bursts_normal_thr_agg210_rep1.png

===== Analisando experiment_results/normal_baseline/rtt_log_normal_thr_agg210_rep2.csv =====
[INFO] Baseline pré-ataque: média=34.4ms, desvio=20.3ms (4163 amostras) -> piso de burst = 61.9ms (1.8x a média)
Janela (MM:SS.s) Média RTT  Std Entropia Δ Ent. Al. Ent. Max Z Al. Z CUSUM Al. CUSUM    Status Burst
        00:010.1      34.4 20.3     1.71   0.00      Não  0.00   Não    50       Não Normal/Residual
        00:019.9      33.7 20.3     1.77   0.06      Não  1.64   Não    14       Não Normal/Residual
        00:030.1      35.7 21.0     1.99   0.23      Não  3.97   Sim     4       Não Normal/Residual
        00:040.2      35.6 21.0     1.99   0.00      Não  3.75   Sim     2       Não Normal/Residual
        00:049.9      33.5 20.4     1.69   0.31      Não  2.08   Não    96       Não Normal/Residual
        01:000.2      34.6 20.8     1.40   0.28      Não  4.51   Sim     2       Não Normal/Residual
        01:009.9      34.6 20.8     1.37   0.03      Não  4.38   Sim     6       Não Normal/Residual
        01:020.1      34.2 20.3     1.68   0.31      Não  2.20   Não     0       Não Normal/Residual
        01:029.9      34.6 20.2     1.81   0.12      Não  2.11   Não     2       Não Normal/Residual
        01:040.2      34.1 20.3     1.78   0.03      Não  2.10   Não     0       Não Normal/Residual
        01:049.9      33.7 20.4     1.42   0.36      Não  2.43   Não    14       Não Normal/Residual
        02:000.1      34.3 20.3     1.72   0.30      Não  2.72   Não    26       Não Normal/Residual
        02:009.9      34.3 20.4     1.57   0.15      Não  3.09   Não     0       Não Normal/Residual
        02:020.0      33.9 20.5     1.57   0.01      Não  3.08   Não     0       Não Normal/Residual
        02:030.0      34.0 20.4     1.73   0.16      Não  1.91   Não    24       Não Normal/Residual
        02:040.0      34.4 20.3     1.75   0.02      Não  1.89   Não    25       Não Normal/Residual
        02:049.9      34.2 20.2     1.89   0.14      Não  1.55   Não     0       Não Normal/Residual
        02:055.2      33.8 20.3     1.78   0.11      Não  1.55   Não    47       Não Normal/Residual
        03:000.1      38.0 20.0     2.18   0.40      Não  1.50   Não    47       Não Normal/Residual

✅ Bursts detectados: 0 | Excel: experiment_results/normal_baseline/rtt_bursts_normal_thr_agg210_rep2.xlsx | Gráfico: experiment_results/normal_baseline/rtt_todos_bursts_normal_thr_agg210_rep2.png

===== Analisando experiment_results/normal_baseline/rtt_log_normal_thr_agg210_rep3.csv =====
[INFO] Baseline pré-ataque: média=35.7ms, desvio=20.7ms (4029 amostras) -> piso de burst = 64.2ms (1.8x a média)
Janela (MM:SS.s) Média RTT  Std Entropia Δ Ent. Al. Ent. Max Z Al. Z CUSUM Al. CUSUM    Status Burst
        00:009.9      35.7 20.7     1.99   0.00      Não  0.00   Não     9       Não Normal/Residual
        00:020.1      35.9 21.0     1.70   0.29      Não  5.43   Sim     3       Não Normal/Residual
        00:030.1      36.0 20.8     1.64   0.07      Não  5.34   Sim    13       Não Normal/Residual
        00:040.0      36.5 20.6     1.90   0.26      Não  3.71   Sim    12       Não Normal/Residual
        00:050.1      36.2 20.8     1.69   0.21      Não  4.35   Sim    26       Não Normal/Residual
        01:000.1      35.0 20.6     1.45   0.24      Não  4.33   Sim     0       Não Normal/Residual
        01:009.9      34.8 20.3     1.51   0.06      Não  3.17   Não    20       Não Normal/Residual
        01:020.0      34.7 20.5     1.52   0.01      Não  3.22   Não     0       Não Normal/Residual
        01:030.0      34.0 20.5     1.70   0.18      Não  2.29   Não     0       Não Normal/Residual
        01:040.0      34.3 20.4     1.82   0.12      Não  2.97   Não     0       Não Normal/Residual
        01:050.1      34.8 20.4     1.86   0.04      Não  2.98   Não    12       Não Normal/Residual
        01:059.9      34.5 20.5     1.62   0.24      Não  2.41   Não    10       Não Normal/Residual
        02:009.9      33.9 20.5     1.54   0.09      Não  2.42   Não     0       Não Normal/Residual
        02:020.1      34.2 20.7     1.53   0.00      Não  4.32   Sim     1       Não Normal/Residual
        02:030.0      34.4 20.7     1.58   0.05      Não  4.27   Sim     0       Não Normal/Residual
        02:040.1      34.2 20.4     1.55   0.04      Não  3.15   Não    10       Não Normal/Residual
        02:049.9      34.2 20.3     1.85   0.31      Não  2.13   Não     0       Não Normal/Residual
        02:054.9      33.9 20.4     1.73   0.12      Não  1.69   Não     0       Não Normal/Residual
        03:000.1      31.0 21.5     2.08   0.35      Não  1.47   Não     0       Não Normal/Residual

✅ Bursts detectados: 0 | Excel: experiment_results/normal_baseline/rtt_bursts_normal_thr_agg210_rep3.xlsx | Gráfico: experiment_results/normal_baseline/rtt_todos_bursts_normal_thr_agg210_rep3.png

===== Analisando experiment_results/normal_baseline/rtt_log_normal_thr_agg220_rep1.csv =====
[INFO] Baseline pré-ataque: média=34.9ms, desvio=20.1ms (4275 amostras) -> piso de burst = 62.8ms (1.8x a média)
Janela (MM:SS.s) Média RTT  Std Entropia Δ Ent. Al. Ent. Max Z Al. Z CUSUM Al. CUSUM    Status Burst
        00:010.2      34.9 20.1     1.75   0.00      Não  0.00   Não     2       Não Normal/Residual
        00:020.0      35.1 20.3     1.86   0.10      Não  2.18   Não    24       Não Normal/Residual
        00:030.1      35.1 20.4     1.94   0.08      Não  2.17   Não    12       Não Normal/Residual
        00:040.0      35.3 20.4     1.97   0.03      Não  2.14   Não     0       Não Normal/Residual
        00:050.1      35.1 20.2     1.91   0.05      Não  2.04   Não    25       Não Normal/Residual
        00:059.9      34.5 20.4     1.91   0.01      Não  2.07   Não    15       Não Normal/Residual
        01:010.1      34.7 20.4     1.69   0.22      Não  2.40   Não     9       Não Normal/Residual
        01:020.1      35.5 20.5     1.75   0.06      Não  3.19   Não     0       Não Normal/Residual
        01:030.1      35.3 20.4     1.66   0.09      Não  3.14   Não     0       Não Normal/Residual
        01:039.9      35.4 20.0     1.84   0.18      Não  1.88   Não     0       Não Normal/Residual
        01:050.0      35.6 20.1     1.65   0.18      Não  2.51   Não     7       Não Normal/Residual
        02:000.1      35.7 20.3     1.71   0.05      Não  2.49   Não     0       Não Normal/Residual
        02:009.8      35.3 20.3     1.95   0.25      Não  2.10   Não     0       Não Normal/Residual
        02:020.1      34.7 20.3     1.79   0.16      Não  2.74   Não    15       Não Normal/Residual
        02:030.0      34.9 20.4     1.85   0.05      Não  2.77   Não     0       Não Normal/Residual
        02:040.1      35.0 20.5     1.87   0.03      Não  2.73   Não     5       Não Normal/Residual
        02:050.1      35.4 20.4     1.92   0.05      Não  2.71   Não    26       Não Normal/Residual
        02:055.2      35.8 20.4     2.15   0.23      Não  2.07   Não   210       Sim Normal/Residual
        03:000.3      40.1 21.6     2.84   0.69      Não  2.05   Não   210       Sim Normal/Residual

✅ Bursts detectados: 0 | Excel: experiment_results/normal_baseline/rtt_bursts_normal_thr_agg220_rep1.xlsx | Gráfico: experiment_results/normal_baseline/rtt_todos_bursts_normal_thr_agg220_rep1.png

===== Analisando experiment_results/normal_baseline/rtt_log_normal_thr_agg220_rep2.csv =====
[INFO] Baseline pré-ataque: média=35.3ms, desvio=20.3ms (4101 amostras) -> piso de burst = 63.5ms (1.8x a média)
Janela (MM:SS.s) Média RTT  Std Entropia Δ Ent. Al. Ent. Max Z Al. Z CUSUM Al. CUSUM    Status Burst
        00:010.2      35.3 20.3     1.66   0.00      Não  0.00   Não   217       Sim Normal/Residual
        00:020.0      34.8 20.2     1.62   0.04      Não  3.09   Não     4       Não Normal/Residual
        00:030.0      35.2 20.4     1.98   0.35      Não  2.86   Não    17       Não Normal/Residual
        00:040.0      35.8 20.4     2.04   0.07      Não  2.81   Não     0       Não Normal/Residual
        00:050.0      36.1 20.8     2.02   0.03      Não  3.98   Sim    14       Não Normal/Residual
        01:000.1      36.7 21.2     1.93   0.09      Não  4.11   Sim     5       Não Normal/Residual
        01:010.0      35.7 20.7     1.69   0.24      Não  4.01   Sim    41       Não Normal/Residual
        01:020.0      34.8 20.4     1.47   0.22      Não  3.12   Não     0       Não Normal/Residual
        01:030.1      34.9 20.4     1.47   0.00      Não  3.22   Não    16       Não Normal/Residual
        01:040.1      35.4 20.7     1.52   0.05      Não  6.32   Sim    22       Não Normal/Residual
        01:050.0      35.9 20.8     1.60   0.08      Não  6.20   Sim     8       Não Normal/Residual
        01:060.0      35.6 20.4     1.93   0.33      Não  2.77   Não    14       Não Normal/Residual
        02:009.9      35.0 20.2     1.81   0.12      Não  2.84   Não     0       Não Normal/Residual
        02:020.2      34.7 20.2     1.85   0.04      Não  2.00   Não     0       Não Normal/Residual
        02:030.0      34.6 20.3     1.83   0.02      Não  2.19   Não     0       Não Normal/Residual
        02:040.0      34.7 20.3     1.77   0.05      Não  2.25   Não    10       Não Normal/Residual
        02:050.0      35.4 20.3     1.82   0.05      Não  2.66   Não     5       Não Normal/Residual
        02:055.2      36.1 20.3     1.95   0.12      Não  2.63   Não    13       Não Normal/Residual
        03:000.2      39.4 20.8     2.64   0.70      Não  1.92   Não    13       Não Normal/Residual

✅ Bursts detectados: 0 | Excel: experiment_results/normal_baseline/rtt_bursts_normal_thr_agg220_rep2.xlsx | Gráfico: experiment_results/normal_baseline/rtt_todos_bursts_normal_thr_agg220_rep2.png

===== Analisando experiment_results/normal_baseline/rtt_log_normal_thr_agg220_rep3.csv =====
[INFO] Baseline pré-ataque: média=35.3ms, desvio=20.3ms (4138 amostras) -> piso de burst = 63.6ms (1.8x a média)
Janela (MM:SS.s) Média RTT  Std Entropia Δ Ent. Al. Ent. Max Z Al. Z CUSUM Al. CUSUM    Status Burst
        00:010.0      35.3 20.3     1.83   0.00      Não  0.00   Não     9       Não Normal/Residual
        00:020.1      35.3 20.2     1.78   0.05      Não  2.23   Não     4       Não Normal/Residual
        00:030.0      35.4 20.7     1.42   0.36      Não  4.67   Sim    12       Não Normal/Residual
        00:040.1      35.4 20.7     1.38   0.03      Não  4.54   Sim     5       Não Normal/Residual
        00:049.9      35.2 20.4     1.89   0.51      Não  2.77   Não     0       Não Normal/Residual
        01:000.1      35.1 20.4     1.90   0.01      Não  2.83   Não     0       Não Normal/Residual
        01:010.0      34.8 20.4     1.66   0.24      Não  3.77   Sim    22       Não Normal/Residual
        01:020.0      35.2 20.3     1.70   0.04      Não  3.78   Sim    19       Não Normal/Residual
        01:029.9      35.4 20.4     1.76   0.06      Não  4.07   Sim     8       Não Normal/Residual
        01:040.0      34.9 20.5     1.76   0.00      Não  4.04   Sim     0       Não Normal/Residual
        01:050.0      35.4 20.5     1.76   0.01      Não  3.08   Não     5       Não Normal/Residual
        02:000.1      35.9 20.5     1.82   0.05      Não  3.06   Não     2       Não Normal/Residual
        02:010.0      35.1 20.1     1.66   0.16      Não  2.31   Não     2       Não Normal/Residual
        02:020.2      34.6 20.2     1.88   0.22      Não  1.97   Não     0       Não Normal/Residual
        02:030.0      34.8 20.4     1.69   0.19      Não  3.15   Não     0       Não Normal/Residual
        02:040.0      34.8 20.4     1.65   0.04      Não  3.11   Não    28       Não Normal/Residual
        02:050.1      35.0 20.2     1.74   0.09      Não  2.65   Não    11       Não Normal/Residual
        02:055.1      35.3 20.2     1.76   0.02      Não  2.66   Não    16       Não Normal/Residual
        03:000.1      34.6 20.7     2.10   0.34      Não  1.58   Não    16       Não Normal/Residual

✅ Bursts detectados: 0 | Excel: experiment_results/normal_baseline/rtt_bursts_normal_thr_agg220_rep3.xlsx | Gráfico: experiment_results/normal_baseline/rtt_todos_bursts_normal_thr_agg220_rep3.png

===== Analisando experiment_results/normal_baseline/rtt_log_normal_thr_agg230_rep1.csv =====
[INFO] Baseline pré-ataque: média=36.4ms, desvio=21.0ms (4217 amostras) -> piso de burst = 65.6ms (1.8x a média)
Janela (MM:SS.s) Média RTT  Std Entropia Δ Ent. Al. Ent. Max Z Al. Z CUSUM Al. CUSUM    Status Burst
        00:010.0      36.4 21.0     2.01   0.00      Não  0.00   Não    15       Não Normal/Residual
        00:020.3      35.3 20.5     1.79   0.22      Não  3.75   Sim     2       Não Normal/Residual
        00:030.0      35.9 20.6     1.65   0.14      Não  3.27   Não     6       Não Normal/Residual
        00:040.1      35.7 20.6     1.62   0.03      Não  3.22   Não     0       Não Normal/Residual
        00:050.0      35.0 20.2     1.92   0.30      Não  1.98   Não     0       Não Normal/Residual
        00:059.9      35.2 20.4     1.81   0.10      Não  2.28   Não     1       Não Normal/Residual
        01:010.1      35.5 20.4     1.84   0.03      Não  2.66   Não     5       Não Normal/Residual
        01:020.1      36.1 20.7     1.45   0.39      Não  5.22   Sim     0       Não Normal/Residual
        01:030.2      36.1 20.6     1.41   0.05      Não  5.12   Sim     6       Não Normal/Residual
        01:039.9      35.5 20.3     1.72   0.32      Não  2.47   Não     0       Não Normal/Residual
        01:049.9      35.4 20.4     1.49   0.23      Não  3.26   Não     1       Não Normal/Residual
        02:000.1      35.8 20.2     1.56   0.07      Não  3.24   Não     0       Não Normal/Residual
        02:009.9      36.0 20.2     1.84   0.28      Não  3.85   Sim     0       Não Normal/Residual
        02:020.0      35.6 20.3     1.79   0.05      Não  3.84   Sim    11       Não Normal/Residual
        02:030.1      35.4 20.3     1.86   0.07      Não  2.69   Não     0       Não Normal/Residual
        02:039.9      35.3 20.2     1.82   0.03      Não  2.82   Não     4       Não Normal/Residual
        02:050.1      35.3 20.1     1.79   0.03      Não  2.84   Não     9       Não Normal/Residual
        02:055.2      35.5 20.0     1.85   0.06      Não  1.83   Não     0       Não Normal/Residual
        03:000.2      37.8 20.8     2.64   0.80      Não  1.74   Não     0       Não Normal/Residual

✅ Bursts detectados: 0 | Excel: experiment_results/normal_baseline/rtt_bursts_normal_thr_agg230_rep1.xlsx | Gráfico: experiment_results/normal_baseline/rtt_todos_bursts_normal_thr_agg230_rep1.png

===== Analisando experiment_results/normal_baseline/rtt_log_normal_thr_agg230_rep2.csv =====
[INFO] Baseline pré-ataque: média=36.6ms, desvio=20.3ms (4396 amostras) -> piso de burst = 65.9ms (1.8x a média)
Janela (MM:SS.s) Média RTT  Std Entropia Δ Ent. Al. Ent. Max Z Al. Z CUSUM Al. CUSUM    Status Burst
        00:009.9      36.6 20.3     1.71   0.00      Não  0.00   Não     0       Não Normal/Residual
        00:020.1      36.0 20.5     1.68   0.03      Não  3.49   Não    19       Não Normal/Residual
        00:030.0      35.8 20.4     1.80   0.12      Não  2.32   Não    19       Não Normal/Residual
        00:040.0      36.4 20.6     2.03   0.24      Não  2.69   Não    26       Não Normal/Residual
        00:050.1      36.8 20.7     1.85   0.18      Não  3.17   Não     0       Não Normal/Residual
        00:060.0      36.7 20.6     1.76   0.09      Não  3.14   Não     8       Não Normal/Residual
        01:010.0      35.8 20.5     1.89   0.12      Não  2.60   Não     0       Não Normal/Residual
        01:020.1      35.5 20.3     1.63   0.26      Não  2.38   Não     0       Não Normal/Residual
        01:030.0      35.8 20.0     1.93   0.30      Não  1.98   Não     1       Não Normal/Residual
        01:039.9      35.6 20.1     1.82   0.10      Não  1.76   Não     2       Não Normal/Residual
        01:050.0      35.0 20.1     1.78   0.04      Não  1.77   Não     0       Não Normal/Residual
        01:059.9      35.0 20.2     1.75   0.03      Não  2.68   Não     7       Não Normal/Residual
        02:010.1      35.3 20.4     1.57   0.18      Não  3.26   Não    25       Não Normal/Residual
        02:020.1      35.5 20.4     1.45   0.12      Não  3.46   Não     1       Não Normal/Residual
        02:029.9      36.7 21.0     1.56   0.11      Não  4.61   Sim     5       Não Normal/Residual
        02:040.1      36.7 21.0     1.59   0.03      Não  4.44   Sim     2       Não Normal/Residual
        02:050.1      35.8 20.2     1.68   0.09      Não  2.32   Não    11       Não Normal/Residual
        02:055.2      35.9 20.0     1.91   0.23      Não  1.93   Não     2       Não Normal/Residual
        03:000.2      35.3 20.6     2.20   0.29      Não  1.59   Não     2       Não Normal/Residual

✅ Bursts detectados: 0 | Excel: experiment_results/normal_baseline/rtt_bursts_normal_thr_agg230_rep2.xlsx | Gráfico: experiment_results/normal_baseline/rtt_todos_bursts_normal_thr_agg230_rep2.png

===== Analisando experiment_results/normal_baseline/rtt_log_normal_thr_agg230_rep3.csv =====
[INFO] Baseline pré-ataque: média=35.4ms, desvio=20.1ms (4465 amostras) -> piso de burst = 63.8ms (1.8x a média)
Janela (MM:SS.s) Média RTT  Std Entropia Δ Ent. Al. Ent. Max Z Al. Z CUSUM Al. CUSUM    Status Burst
        00:010.0      35.4 20.1     1.42   0.00      Não  0.00   Não     2       Não Normal/Residual
        00:020.1      35.3 20.1     1.31   0.11      Não  3.32   Não     0       Não Normal/Residual
        00:030.1      35.5 20.3     1.18   0.13      Não  4.75   Sim    25       Não Normal/Residual
        00:040.0      35.6 20.5     1.27   0.09      Não  4.70   Sim     0       Não Normal/Residual
        00:050.0      35.0 20.3     1.45   0.17      Não  4.31   Sim     0       Não Normal/Residual
        01:000.0      34.6 20.2     1.65   0.20      Não  2.99   Não     3       Não Normal/Residual
        01:009.9      34.5 20.2     1.48   0.17      Não  2.53   Não     6       Não Normal/Residual
        01:020.0      34.8 20.2     1.48   0.00      Não  2.53   Não     5       Não Normal/Residual
        01:030.0      35.1 20.0     1.45   0.04      Não  2.39   Não     1       Não Normal/Residual
        01:039.9      34.9 20.0     1.64   0.19      Não  2.28   Não     0       Não Normal/Residual
        01:050.2      34.9 19.9     1.77   0.13      Não  2.12   Não    25       Não Normal/Residual
        01:059.9      35.0 20.0     1.55   0.21      Não  2.34   Não     0       Não Normal/Residual
        02:010.1      34.9 20.1     1.62   0.07      Não  2.33   Não    16       Não Normal/Residual
        02:019.8      34.8 20.2     1.83   0.21      Não  2.12   Não     0       Não Normal/Residual
        02:030.1      34.6 20.1     1.80   0.03      Não  2.12   Não     0       Não Normal/Residual
        02:040.1      34.6 20.0     1.62   0.18      Não  1.82   Não     6       Não Normal/Residual
        02:050.0      34.5 20.1     1.62   0.01      Não  2.28   Não     2       Não Normal/Residual
        02:055.3      34.8 20.3     1.57   0.04      Não  2.55   Não   109       Sim Normal/Residual
        03:000.2      42.2 21.7     2.44   0.87      Não  2.51   Não   109       Sim Normal/Residual

✅ Bursts detectados: 0 | Excel: experiment_results/normal_baseline/rtt_bursts_normal_thr_agg230_rep3.xlsx | Gráfico: experiment_results/normal_baseline/rtt_todos_bursts_normal_thr_agg230_rep3.png

===== Analisando experiment_results/normal_baseline/rtt_log_normal_thr_agg240_rep1.csv =====
[INFO] Baseline pré-ataque: média=36.2ms, desvio=19.9ms (4592 amostras) -> piso de burst = 65.2ms (1.8x a média)
Janela (MM:SS.s) Média RTT  Std Entropia Δ Ent. Al. Ent. Max Z Al. Z CUSUM Al. CUSUM    Status Burst
        00:010.0      36.2 19.9     1.70   0.00      Não  0.00   Não     4       Não Normal/Residual
        00:020.1      36.0 20.0     1.76   0.06      Não  2.63   Não     0       Não Normal/Residual
        00:030.1      36.5 20.5     1.62   0.13      Não  4.48   Sim     0       Não Normal/Residual
        00:040.2      36.6 20.6     1.64   0.02      Não  4.35   Sim     4       Não Normal/Residual
        00:050.0      35.6 20.2     1.59   0.05      Não  3.59   Sim     6       Não Normal/Residual
        00:059.9      35.5 20.2     1.53   0.06      Não  3.20   Não    25       Não Normal/Residual
        01:010.0      35.9 20.1     1.51   0.02      Não  3.30   Não     4       Não Normal/Residual
        01:020.2      36.1 20.2     1.58   0.07      Não  3.29   Não    14       Não Normal/Residual
        01:029.9      35.8 20.3     1.60   0.02      Não  3.19   Não     2       Não Normal/Residual
        01:040.0      35.8 20.1     1.50   0.10      Não  3.19   Não     0       Não Normal/Residual
        01:050.1      36.3 19.9     1.71   0.21      Não  3.85   Sim   100       Sim Normal/Residual
        01:060.0      36.0 20.1     1.71   0.00      Não  3.85   Sim     3       Não Normal/Residual
        02:009.9      35.5 20.0     1.65   0.06      Não  3.06   Não     3       Não Normal/Residual
        02:020.2      35.9 20.1     1.68   0.03      Não  3.09   Não    15       Não Normal/Residual
        02:030.0      35.4 20.3     1.61   0.07      Não  2.40   Não     0       Não Normal/Residual
        02:040.1      35.5 20.2     1.34   0.28      Não  3.39   Não     4       Não Normal/Residual
        02:050.1      35.8 20.0     1.34   0.00      Não  3.39   Não    31       Não Normal/Residual
        02:055.3      35.4 20.2     1.59   0.26      Não  3.65   Sim   132       Sim Normal/Residual
        03:000.3      40.0 24.3     2.34   0.74      Não  3.64   Sim   132       Sim Normal/Residual

✅ Bursts detectados: 0 | Excel: experiment_results/normal_baseline/rtt_bursts_normal_thr_agg240_rep1.xlsx | Gráfico: experiment_results/normal_baseline/rtt_todos_bursts_normal_thr_agg240_rep1.png

===== Analisando experiment_results/normal_baseline/rtt_log_normal_thr_agg240_rep2.csv =====
[INFO] Baseline pré-ataque: média=35.8ms, desvio=20.1ms (4533 amostras) -> piso de burst = 64.5ms (1.8x a média)
Janela (MM:SS.s) Média RTT  Std Entropia Δ Ent. Al. Ent. Max Z Al. Z CUSUM Al. CUSUM    Status Burst
        00:010.0      35.8 20.1     1.99   0.00      Não  0.00   Não    21       Não Normal/Residual
        00:020.0      36.0 20.2     1.79   0.20      Não  2.37   Não     0       Não Normal/Residual
        00:030.1      36.4 20.5     1.30   0.49      Não  5.06   Sim     0       Não Normal/Residual
        00:040.1      36.3 20.4     1.23   0.07      Não  4.97   Sim     0       Não Normal/Residual
        00:049.9      36.0 20.2     1.61   0.38      Não  3.15   Não     0       Não Normal/Residual
        01:000.1      36.1 20.2     1.72   0.11      Não  3.09   Não     5       Não Normal/Residual
        01:010.0      36.0 20.1     1.65   0.06      Não  3.08   Não     4       Não Normal/Residual
        01:020.0      35.9 20.2     1.49   0.16      Não  3.28   Não     0       Não Normal/Residual
        01:030.0      35.9 20.2     1.51   0.01      Não  3.27   Não    10       Não Normal/Residual
        01:040.1      35.9 20.0     1.42   0.08      Não  3.24   Não    72       Não Normal/Residual
        01:050.0      36.2 19.9     1.62   0.20      Não  2.49   Não     7       Não Normal/Residual
        01:059.9      35.7 20.2     1.69   0.07      Não  3.11   Não     0       Não Normal/Residual
        02:010.1      35.5 20.2     1.66   0.03      Não  3.09   Não     5       Não Normal/Residual
        02:019.8      35.7 20.2     1.49   0.17      Não  4.37   Sim    20       Não Normal/Residual
        02:030.0      36.0 20.3     1.55   0.07      Não  4.36   Sim    18       Não Normal/Residual
        02:040.0      36.1 20.3     1.83   0.28      Não  3.92   Sim     0       Não Normal/Residual
        02:050.1      35.5 20.4     1.85   0.02      Não  2.64   Não     3       Não Normal/Residual
        02:055.1      35.3 20.5     1.86   0.01      Não  2.65   Não    14       Não Normal/Residual
        03:000.2      35.6 22.0     2.61   0.75      Não  1.53   Não    14       Não Normal/Residual

✅ Bursts detectados: 0 | Excel: experiment_results/normal_baseline/rtt_bursts_normal_thr_agg240_rep2.xlsx | Gráfico: experiment_results/normal_baseline/rtt_todos_bursts_normal_thr_agg240_rep2.png

===== Analisando experiment_results/normal_baseline/rtt_log_normal_thr_agg240_rep3.csv =====
[INFO] Baseline pré-ataque: média=37.2ms, desvio=20.8ms (4472 amostras) -> piso de burst = 66.9ms (1.8x a média)
Janela (MM:SS.s) Média RTT  Std Entropia Δ Ent. Al. Ent. Max Z Al. Z CUSUM Al. CUSUM    Status Burst
        00:010.1      37.2 20.8     1.87   0.00      Não  0.00   Não    20       Não Normal/Residual
        00:020.2      36.8 20.7     1.76   0.10      Não  3.49   Não     4       Não Normal/Residual
        00:030.1      36.9 20.6     1.72   0.05      Não  4.22   Sim     0       Não Normal/Residual
        00:040.0      36.9 20.5     1.70   0.01      Não  4.24   Sim    15       Não Normal/Residual
        00:050.1      36.0 20.2     1.76   0.06      Não  2.47   Não     0       Não Normal/Residual
        00:059.9      36.0 20.0     1.86   0.09      Não  2.17   Não     0       Não Normal/Residual
        01:009.9      36.1 20.1     1.78   0.07      Não  3.05   Não     0       Não Normal/Residual
        01:019.9      36.0 20.2     1.82   0.03      Não  3.03   Não     0       Não Normal/Residual
        01:030.1      36.1 20.3     1.82   0.01      Não  3.01   Não     1       Não Normal/Residual
        01:040.1      35.7 20.4     1.83   0.01      Não  3.00   Não     4       Não Normal/Residual
        01:050.0      35.5 20.2     1.85   0.02      Não  2.67   Não    16       Não Normal/Residual
        01:059.9      35.9 20.1     1.86   0.02      Não  2.69   Não     3       Não Normal/Residual
        02:010.1      38.4 21.5     1.42   0.45      Não  7.56   Sim     2       Não Normal/Residual
        02:020.1      38.7 21.4     1.42   0.01      Não  6.96   Sim     0       Não Normal/Residual
        02:030.0      36.6 20.2     1.99   0.57      Não  2.61   Não    31       Não Normal/Residual
        02:040.0      36.5 20.4     1.97   0.02      Não  2.87   Não     0       Não Normal/Residual
        02:050.0      37.1 20.4     1.87   0.10      Não  3.91   Sim     2       Não Normal/Residual
        02:055.3      37.9 20.9     1.82   0.05      Não  4.26   Sim   657       Sim Normal/Residual
        03:000.3      47.2 28.4     2.67   0.85      Não  4.11   Sim   657       Sim Normal/Residual

✅ Bursts detectados: 0 | Excel: experiment_results/normal_baseline/rtt_bursts_normal_thr_agg240_rep3.xlsx | Gráfico: experiment_results/normal_baseline/rtt_todos_bursts_normal_thr_agg240_rep3.png

===== Analisando experiment_results/normal_baseline/rtt_log_normal_thr_agg250_rep1.csv =====
[INFO] Baseline pré-ataque: média=39.1ms, desvio=21.9ms (4429 amostras) -> piso de burst = 70.3ms (1.8x a média)
Janela (MM:SS.s) Média RTT  Std Entropia Δ Ent. Al. Ent. Max Z Al. Z CUSUM Al. CUSUM    Status Burst
        00:010.2      39.1 21.9     1.65   0.00      Não  0.00   Não     9       Não Normal/Residual
        00:020.1      37.2 20.3     1.92   0.27      Não  3.70   Sim     3       Não Normal/Residual
        00:029.9      38.2 21.3     1.68   0.25      Não  4.88   Sim     0       Não Normal/Residual
        00:040.3      37.6 21.3     1.58   0.10      Não  4.62   Sim     0       Não Normal/Residual
        00:050.0      36.5 20.4     1.87   0.29      Não  3.69   Sim     0       Não Normal/Residual
        01:000.1      37.2 20.4     1.66   0.21      Não  3.39   Não     0       Não Normal/Residual
        01:010.1      37.1 20.4     1.66   0.00      Não  3.36   Não     0       Não Normal/Residual
        01:020.0      37.0 20.4     1.68   0.02      Não  4.35   Sim     6       Não Normal/Residual
        01:030.0      37.7 21.2     1.37   0.31      Não  7.27   Sim     0       Não Normal/Residual
        01:040.2      37.8 21.0     1.35   0.02      Não  7.00   Sim     0       Não Normal/Residual
        01:049.9      37.5 20.5     1.67   0.32      Não  3.23   Não     5       Não Normal/Residual
        02:000.0      37.5 20.3     1.80   0.13      Não  3.60   Sim     0       Não Normal/Residual
        02:009.9      37.6 20.1     1.82   0.02      Não  3.62   Sim     3       Não Normal/Residual
        02:020.2      37.3 20.1     1.78   0.04      Não  3.14   Não     0       Não Normal/Residual
        02:029.9      37.5 20.5     1.35   0.43      Não  5.10   Sim     1       Não Normal/Residual
        02:040.0      37.6 21.1     1.46   0.11      Não  4.99   Sim     0       Não Normal/Residual
        02:050.2      37.1 20.6     1.75   0.29      Não  4.08   Sim     6       Não Normal/Residual
        02:055.3      37.6 20.6     1.52   0.24      Não  4.56   Sim    98       Não Normal/Residual
        03:000.4      47.9 28.9     2.80   1.28      Não  4.55   Sim    98       Não Normal/Residual

✅ Bursts detectados: 0 | Excel: experiment_results/normal_baseline/rtt_bursts_normal_thr_agg250_rep1.xlsx | Gráfico: experiment_results/normal_baseline/rtt_todos_bursts_normal_thr_agg250_rep1.png

===== Analisando experiment_results/normal_baseline/rtt_log_normal_thr_agg250_rep2.csv =====
[INFO] Baseline pré-ataque: média=36.7ms, desvio=20.3ms (4652 amostras) -> piso de burst = 66.0ms (1.8x a média)
Janela (MM:SS.s) Média RTT  Std Entropia Δ Ent. Al. Ent. Max Z Al. Z CUSUM Al. CUSUM    Status Burst
        00:010.0      36.7 20.3     1.26   0.00      Não  0.00   Não    12       Não Normal/Residual
        00:020.0      36.5 20.2     1.58   0.32      Não  3.25   Não    12       Não Normal/Residual
        00:029.8      38.2 20.9     2.11   0.53      Não  3.84   Sim     0       Não Normal/Residual
        00:040.1      38.6 20.8     2.09   0.02      Não  3.63   Sim     7       Não Normal/Residual
        00:050.1      37.2 20.2     1.75   0.34      Não  3.02   Não     0       Não Normal/Residual
        00:060.0      36.8 20.3     1.70   0.05      Não  3.16   Não     0       Não Normal/Residual
        01:010.1      37.0 20.5     1.93   0.23      Não  3.77   Sim    82       Não Normal/Residual
        01:020.1      37.4 20.4     1.95   0.01      Não  3.73   Sim    24       Não Normal/Residual
        01:029.9      38.8 20.9     1.81   0.14      Não  4.56   Sim    45       Não Normal/Residual
        01:040.1      38.8 21.1     1.85   0.05      Não  4.39   Sim    12       Não Normal/Residual
        01:050.1      37.1 20.5     1.67   0.18      Não  3.10   Não   125       Sim Normal/Residual
        02:000.0      37.4 20.4     1.82   0.14      Não  3.17   Não    31       Não Normal/Residual
        02:010.0      37.3 20.4     1.90   0.08      Não  4.08   Sim     0       Não Normal/Residual
        02:020.1      37.2 20.4     1.91   0.01      Não  4.10   Sim    17       Não Normal/Residual
        02:030.0      37.3 20.3     1.72   0.19      Não  3.47   Não    25       Não Normal/Residual
        02:039.9      37.7 20.4     1.76   0.04      Não  3.38   Não     2       Não Normal/Residual
        02:050.0      38.0 20.6     1.89   0.13      Não  3.36   Não     9       Não Normal/Residual
        02:055.4      38.2 21.0     1.74   0.14      Não  4.56   Sim   282       Sim Normal/Residual
        03:000.5      46.9 27.0     2.80   1.06      Não  4.47   Sim   299       Sim Normal/Residual

✅ Bursts detectados: 0 | Excel: experiment_results/normal_baseline/rtt_bursts_normal_thr_agg250_rep2.xlsx | Gráfico: experiment_results/normal_baseline/rtt_todos_bursts_normal_thr_agg250_rep2.png

===== Analisando experiment_results/normal_baseline/rtt_log_normal_thr_agg250_rep3.csv =====
[INFO] Baseline pré-ataque: média=38.4ms, desvio=21.0ms (4571 amostras) -> piso de burst = 69.2ms (1.8x a média)
Janela (MM:SS.s) Média RTT  Std Entropia Δ Ent. Al. Ent. Max Z Al. Z CUSUM Al. CUSUM    Status Burst
        00:010.3      38.4 21.0     2.07   0.00      Não  0.00   Não     0       Não Normal/Residual
        00:020.1      37.5 20.2     1.96   0.10      Não  2.13   Não    17       Não Normal/Residual
        00:030.0      37.2 20.4     1.77   0.19      Não  4.23   Sim     0       Não Normal/Residual
        00:040.1      37.2 21.1     1.67   0.10      Não  4.45   Sim     1       Não Normal/Residual
        00:050.1      37.4 21.2     1.70   0.03      Não  4.29   Sim     0       Não Normal/Residual
        01:000.1      37.6 20.9     1.62   0.08      Não  4.38   Sim     0       Não Normal/Residual
        01:010.1      37.5 20.8     1.53   0.09      Não  4.50   Sim     9       Não Normal/Residual
        01:019.9      37.2 20.7     1.48   0.05      Não  4.51   Sim    31       Não Normal/Residual
        01:030.0      37.4 20.8     1.56   0.08      Não  6.43   Sim     2       Não Normal/Residual
        01:040.1      37.6 20.9     1.61   0.05      Não  6.37   Sim     1       Não Normal/Residual
        01:050.1      37.4 20.7     1.78   0.16      Não  5.37   Sim     0       Não Normal/Residual
        01:060.0      37.1 20.6     1.42   0.36      Não  4.74   Sim     2       Não Normal/Residual
        02:010.1      37.2 20.7     1.89   0.47      Não  4.13   Sim     0       Não Normal/Residual
        02:020.1      37.1 20.5     1.82   0.07      Não  4.12   Sim     0       Não Normal/Residual
        02:029.9      37.7 20.8     1.61   0.21      Não  4.68   Sim     0       Não Normal/Residual
        02:040.1      38.6 20.9     1.71   0.10      Não  4.58   Sim     0       Não Normal/Residual
        02:050.0      37.4 20.6     1.97   0.26      Não  3.75   Sim     1       Não Normal/Residual
        02:055.6      37.1 21.3     1.65   0.31      Não  5.17   Sim     0       Não Normal/Residual
        03:000.7      43.2 23.8     2.28   0.62      Não  5.01   Sim     0       Não Normal/Residual

✅ Bursts detectados: 0 | Excel: experiment_results/normal_baseline/rtt_bursts_normal_thr_agg250_rep3.xlsx | Gráfico: experiment_results/normal_baseline/rtt_todos_bursts_normal_thr_agg250_rep3.png

===== Analisando experiment_results/wedos_failure/rtt_log_attackers_rps10_att16_WU500000_rep1.csv =====
[INFO] Baseline pré-ataque: média=18.9ms, desvio=31.5ms (745 amostras) -> piso de burst = 34.1ms (1.8x a média)
Janela (MM:SS.s) Média RTT   Std Entropia Δ Ent. Al. Ent. Max Z Al. Z  CUSUM Al. CUSUM    Status Burst
        00:009.6      18.9  31.5     0.81   0.00      Não  0.00   Não   1251       Sim Normal/Residual
        00:015.0      88.1 294.8     0.56   0.24      Não 58.23   Sim  26728       Sim      DDoS Burst
        00:020.7    1192.7 453.1     3.30   2.74      Sim  5.98   Sim  52204       Sim      DDoS Burst
        00:052.6    1031.3 495.4     3.13   0.17      Não  1.71   Não  70145       Sim      DDoS Burst
        00:052.6    1031.3 495.4     3.13   0.00      Não  1.89   Não  88085       Sim      DDoS Burst
        02:020.6    1158.1 573.0     2.95   0.18      Não  2.41   Não 103814       Sim      DDoS Burst
        02:021.0    1416.7 454.4     2.52   0.43      Não  1.86   Não 117635       Sim      DDoS Burst

✅ Bursts detectados: 6 | Excel: experiment_results/wedos_failure/rtt_bursts_attackers_rps10_att16_WU500000_rep1.xlsx | Gráfico: experiment_results/wedos_failure/rtt_todos_bursts_attackers_rps10_att16_WU500000_rep1.png

===== Analisando experiment_results/wedos_failure/rtt_log_attackers_rps10_att16_WU500000_rep2.csv =====
[INFO] Baseline pré-ataque: média=16.0ms, desvio=23.0ms (745 amostras) -> piso de burst = 28.7ms (1.8x a média)
Janela (MM:SS.s) Média RTT   Std Entropia Δ Ent. Al. Ent. Max Z Al. Z  CUSUM Al. CUSUM    Status Burst
        00:010.0      16.0  23.0     0.90   0.00      Não  0.00   Não    720       Sim Normal/Residual
        00:015.8     127.8 377.7     0.73   0.18      Não 83.16   Sim  46783       Sim      DDoS Burst
        00:025.9     791.1 663.6     2.84   2.11      Sim  4.76   Sim  94894       Sim      DDoS Burst
        00:042.0     203.3 140.8     2.04   0.80      Não  1.05   Não 101754       Sim      DDoS Burst
        00:048.7     700.2 629.5     2.72   0.68      Não 12.51   Sim 129337       Sim      DDoS Burst
        00:051.2    1367.0 378.6     3.22   0.50      Não  2.01   Não 152109       Sim      DDoS Burst

✅ Bursts detectados: 5 | Excel: experiment_results/wedos_failure/rtt_bursts_attackers_rps10_att16_WU500000_rep2.xlsx | Gráfico: experiment_results/wedos_failure/rtt_todos_bursts_attackers_rps10_att16_WU500000_rep2.png

===== Analisando experiment_results/wedos_failure/rtt_log_attackers_rps10_att32_WU500000_rep1.csv =====
[INFO] Baseline pré-ataque: média=16.4ms, desvio=19.2ms (854 amostras) -> piso de burst = 29.5ms (1.8x a média)
Janela (MM:SS.s) Média RTT   Std Entropia Δ Ent. Al. Ent.  Max Z Al. Z CUSUM Al. CUSUM    Status Burst
        00:010.2      16.4  19.2     1.21   0.00      Não   0.00   Não    18       Não Normal/Residual
        00:015.3      71.5 265.3     0.44   0.77      Não 101.57   Sim 25325       Sim      DDoS Burst
        00:025.0     765.0 617.9     2.77   2.33      Sim   7.16   Sim 52668       Sim      DDoS Burst
        00:037.0     187.4  82.9     2.23   0.54      Não   1.06   Não 55250       Sim      DDoS Burst
        00:052.7     146.6  35.6     2.59   0.36      Não   0.99   Não 57299       Sim      DDoS Burst
        01:001.7     342.0 274.5     2.28   0.31      Não  24.91   Sim 66464       Sim      DDoS Burst
        01:008.4     387.8 296.0     2.38   0.10      Não   2.52   Não 76233       Sim      DDoS Burst
        01:014.4     297.7 301.2     1.38   1.00      Não   1.88   Não 79494       Sim      DDoS Burst

✅ Bursts detectados: 7 | Excel: experiment_results/wedos_failure/rtt_bursts_attackers_rps10_att32_WU500000_rep1.xlsx | Gráfico: experiment_results/wedos_failure/rtt_todos_bursts_attackers_rps10_att32_WU500000_rep1.png

===== Analisando experiment_results/wedos_failure/rtt_log_attackers_rps10_att32_WU500000_rep2.csv =====
[INFO] Baseline pré-ataque: média=16.0ms, desvio=18.7ms (806 amostras) -> piso de burst = 28.8ms (1.8x a média)
Janela (MM:SS.s) Média RTT   Std Entropia Δ Ent. Al. Ent.  Max Z Al. Z CUSUM Al. CUSUM    Status Burst
        00:010.0      16.0  18.7     1.25   0.00      Não   0.00   Não    21       Não Normal/Residual
        00:015.4      91.5 308.7     0.55   0.70      Não 101.01   Sim 34282       Sim      DDoS Burst
        00:022.8     891.6 623.9     3.14   2.59      Sim   5.89   Sim 68934       Sim      DDoS Burst

✅ Bursts detectados: 2 | Excel: experiment_results/wedos_failure/rtt_bursts_attackers_rps10_att32_WU500000_rep2.xlsx | Gráfico: experiment_results/wedos_failure/rtt_todos_bursts_attackers_rps10_att32_WU500000_rep2.png

===== Analisando experiment_results/wedos_failure/rtt_log_attackers_rps10_att4_WU500000_rep1.csv =====
[INFO] Baseline pré-ataque: média=15.6ms, desvio=18.7ms (750 amostras) -> piso de burst = 28.1ms (1.8x a média)
Janela (MM:SS.s) Média RTT   Std Entropia Δ Ent. Al. Ent.  Max Z Al. Z  CUSUM Al. CUSUM    Status Burst
        00:010.1      15.6  18.7     1.29   0.00      Não   0.00   Não     20       Não Normal/Residual
        00:016.5     193.4 437.6     1.24   0.05      Não 104.60   Sim  83343       Sim      DDoS Burst
        00:023.9    1035.0 560.1     3.06   1.82      Sim   4.09   Sim 184345       Sim      DDoS Burst
        00:030.7    1632.1 282.7     2.73   0.33      Não   1.70   Não 202023       Sim      DDoS Burst
        00:052.7    1307.9 478.7     3.00   0.27      Não   4.13   Sim 234096       Sim      DDoS Burst
        00:052.7    1307.9 478.7     3.00   0.00      Não   1.76   Não 266169       Sim      DDoS Burst
        01:013.9    1241.9 497.9     2.87   0.13      Não   1.82   Não 281988       Sim      DDoS Burst
        01:013.9    1241.9 497.9     2.87   0.00      Não   1.62   Não 297808       Sim      DDoS Burst

✅ Bursts detectados: 7 | Excel: experiment_results/wedos_failure/rtt_bursts_attackers_rps10_att4_WU500000_rep1.xlsx | Gráfico: experiment_results/wedos_failure/rtt_todos_bursts_attackers_rps10_att4_WU500000_rep1.png

===== Analisando experiment_results/wedos_failure/rtt_log_attackers_rps10_att4_WU500000_rep2.csv =====
[INFO] Baseline pré-ataque: média=16.4ms, desvio=19.1ms (772 amostras) -> piso de burst = 29.4ms (1.8x a média)
Janela (MM:SS.s) Média RTT   Std Entropia Δ Ent. Al. Ent.  Max Z Al. Z  CUSUM Al. CUSUM    Status Burst
        00:009.6      16.4  19.1     1.21   0.00      Não   0.00   Não      0       Não Normal/Residual
        00:016.7     231.9 483.5     1.34   0.13      Não 103.68   Sim  97236       Sim      DDoS Burst
        00:023.9    1114.5 511.5     3.16   1.82      Sim   3.65   Sim 212621       Sim      DDoS Burst
        00:030.7    1538.3 284.0     2.75   0.41      Não   1.66   Não 230770       Sim      DDoS Burst
        00:053.8    1159.0 459.4     3.18   0.42      Não   4.04   Sim 250032       Sim      DDoS Burst
        00:053.8    1159.0 459.4     3.18   0.00      Não   1.82   Não 269294       Sim      DDoS Burst
        01:017.4    1173.9 460.9     2.86   0.32      Não   1.52   Não 283070       Sim      DDoS Burst
        01:017.4    1173.9 460.9     2.86   0.00      Não   1.54   Não 296845       Sim      DDoS Burst

✅ Bursts detectados: 7 | Excel: experiment_results/wedos_failure/rtt_bursts_attackers_rps10_att4_WU500000_rep2.xlsx | Gráfico: experiment_results/wedos_failure/rtt_todos_bursts_attackers_rps10_att4_WU500000_rep2.png

===== Analisando experiment_results/wedos_failure/rtt_log_attackers_rps10_att8_WU500000_rep1.csv =====
[INFO] Baseline pré-ataque: média=17.8ms, desvio=19.8ms (828 amostras) -> piso de burst = 32.1ms (1.8x a média)
Janela (MM:SS.s) Média RTT   Std Entropia Δ Ent. Al. Ent. Max Z Al. Z  CUSUM Al. CUSUM    Status Burst
        00:009.6      17.8  19.8     1.28   0.00      Não  0.00   Não      0       Não Normal/Residual
        00:015.5     129.4 387.5     0.71   0.58      Não 97.37   Sim  49658       Sim      DDoS Burst
        00:026.7    1002.7 613.9     3.26   2.55      Sim  4.78   Sim 125700       Sim      DDoS Burst
        00:036.9    1010.5 474.7     3.14   0.12      Não  1.59   Não 152234       Sim      DDoS Burst
        01:023.5    1414.0 552.2     2.87   0.27      Não  2.02   Não 181344       Sim      DDoS Burst
        01:023.5    1414.0 552.2     2.87   0.00      Não  1.96   Não 210455       Sim      DDoS Burst
        02:005.7    1270.6 525.4     3.20   0.33      Não  1.87   Não 236554       Sim      DDoS Burst
        02:005.7    1270.6 525.4     3.20   0.00      Não  1.70   Não 262653       Sim      DDoS Burst

✅ Bursts detectados: 7 | Excel: experiment_results/wedos_failure/rtt_bursts_attackers_rps10_att8_WU500000_rep1.xlsx | Gráfico: experiment_results/wedos_failure/rtt_todos_bursts_attackers_rps10_att8_WU500000_rep1.png

===== Analisando experiment_results/wedos_failure/rtt_log_attackers_rps10_att8_WU500000_rep2.csv =====
[INFO] Baseline pré-ataque: média=15.9ms, desvio=18.9ms (817 amostras) -> piso de burst = 28.5ms (1.8x a média)
Janela (MM:SS.s) Média RTT   Std Entropia Δ Ent. Al. Ent.  Max Z Al. Z  CUSUM Al. CUSUM    Status Burst
        00:009.8      15.9  18.9     1.25   0.00      Não   0.00   Não      2       Não Normal/Residual
        00:015.3     112.6 344.2     0.66   0.60      Não 100.15   Sim  42584       Sim      DDoS Burst
        00:027.4    1179.9 499.4     3.23   2.57      Sim   5.35   Sim 117635       Sim      DDoS Burst
        00:036.7    1274.1 500.9     3.15   0.07      Não   1.76   Não 150105       Sim      DDoS Burst
        01:022.6    1187.9 599.7     2.88   0.27      Não   1.81   Não 189635       Sim      DDoS Burst
        01:023.0    1288.8 564.5     2.99   0.12      Não   1.37   Não 227541       Sim      DDoS Burst
        02:006.3    1259.2 519.3     2.92   0.08      Não   1.50   Não 242348       Sim      DDoS Burst
        02:006.3    1259.2 519.3     2.92   0.00      Não   1.58   Não 257156       Sim      DDoS Burst

✅ Bursts detectados: 7 | Excel: experiment_results/wedos_failure/rtt_bursts_attackers_rps10_att8_WU500000_rep2.xlsx | Gráfico: experiment_results/wedos_failure/rtt_todos_bursts_attackers_rps10_att8_WU500000_rep2.png

===== Analisando experiment_results/wedos_failure/rtt_log_rps_rps10_att4_WU500000_rep1.csv =====
[INFO] Baseline pré-ataque: média=16.7ms, desvio=19.3ms (768 amostras) -> piso de burst = 30.1ms (1.8x a média)
Janela (MM:SS.s) Média RTT   Std Entropia Δ Ent. Al. Ent. Max Z Al. Z  CUSUM Al. CUSUM    Status Burst
        00:009.4      16.7  19.3     1.30   0.00      Não  0.00   Não      0       Não Normal/Residual
        00:016.1     163.4 414.8     1.08   0.21      Não 99.38   Sim  61968       Sim      DDoS Burst
        00:024.6    1068.1 588.2     3.24   2.16      Sim  4.34   Sim 145310       Sim      DDoS Burst
        00:030.9    1553.0 297.9     3.04   0.20      Não  1.52   Não 166683       Sim      DDoS Burst
        00:054.0    1084.1 455.3     2.97   0.07      Não  3.79   Sim 193125       Sim      DDoS Burst
        00:054.0    1084.1 455.3     2.97   0.00      Não  2.01   Não 219568       Sim      DDoS Burst
        01:017.3    1272.8 455.5     3.17   0.20      Não  1.90   Não 242003       Sim      DDoS Burst
        01:017.3    1272.8 455.5     3.17   0.00      Não  1.85   Não 264439       Sim      DDoS Burst

✅ Bursts detectados: 7 | Excel: experiment_results/wedos_failure/rtt_bursts_rps_rps10_att4_WU500000_rep1.xlsx | Gráfico: experiment_results/wedos_failure/rtt_todos_bursts_rps_rps10_att4_WU500000_rep1.png

===== Analisando experiment_results/wedos_failure/rtt_log_rps_rps10_att4_WU500000_rep2.csv =====
[INFO] Baseline pré-ataque: média=15.9ms, desvio=18.9ms (759 amostras) -> piso de burst = 28.6ms (1.8x a média)
Janela (MM:SS.s) Média RTT   Std Entropia Δ Ent. Al. Ent.  Max Z Al. Z  CUSUM Al. CUSUM    Status Burst
        00:010.1      15.9  18.9     1.26   0.00      Não   0.00   Não      0       Não Normal/Residual
        00:017.0     266.2 527.1     1.42   0.16      Não 104.65   Sim 130493       Sim      DDoS Burst
        00:023.5    1109.1 587.6     3.18   1.76      Sim   3.29   Não 281139       Sim      DDoS Burst
        00:030.8    1710.3 238.4     2.46   0.72      Não   1.51   Não 301358       Sim      DDoS Burst
        00:053.0    1145.1 476.7     3.08   0.62      Não   5.52   Sim 322633       Sim      DDoS Burst
        00:053.0    1145.1 476.7     3.08   0.00      Não   1.57   Não 343908       Sim      DDoS Burst
        01:015.8    1213.6 505.7     2.83   0.25      Não   1.71   Não 362921       Sim      DDoS Burst
        01:015.8    1213.6 505.7     2.83   0.00      Não   1.61   Não 381933       Sim      DDoS Burst

✅ Bursts detectados: 7 | Excel: experiment_results/wedos_failure/rtt_bursts_rps_rps10_att4_WU500000_rep2.xlsx | Gráfico: experiment_results/wedos_failure/rtt_todos_bursts_rps_rps10_att4_WU500000_rep2.png

===== Analisando experiment_results/wedos_failure/rtt_log_rps_rps20_att4_WU500000_rep1.csv =====
[INFO] Baseline pré-ataque: média=15.9ms, desvio=20.5ms (770 amostras) -> piso de burst = 28.6ms (1.8x a média)
Janela (MM:SS.s) Média RTT   Std Entropia Δ Ent. Al. Ent. Max Z Al. Z  CUSUM Al. CUSUM    Status Burst
        00:009.9      15.9  20.5     0.88   0.00      Não  0.00   Não    348       Sim Normal/Residual
        00:015.7     151.3 417.3     0.85   0.03      Não 96.67   Sim  56667       Sim      DDoS Burst
        00:023.3    1227.4 496.4     3.28   2.43      Sim  4.41   Sim 122740       Sim      DDoS Burst
        01:025.9    1355.6 518.2     2.93   0.36      Não  1.88   Não 165285       Sim      DDoS Burst
        01:026.5    1421.1 510.5     2.86   0.06      Não  2.05   Não 216898       Sim      DDoS Burst

✅ Bursts detectados: 4 | Excel: experiment_results/wedos_failure/rtt_bursts_rps_rps20_att4_WU500000_rep1.xlsx | Gráfico: experiment_results/wedos_failure/rtt_todos_bursts_rps_rps20_att4_WU500000_rep1.png

===== Analisando experiment_results/wedos_failure/rtt_log_rps_rps20_att4_WU500000_rep2.csv =====
[INFO] Baseline pré-ataque: média=16.0ms, desvio=19.0ms (768 amostras) -> piso de burst = 28.8ms (1.8x a média)
Janela (MM:SS.s) Média RTT   Std Entropia Δ Ent. Al. Ent.  Max Z Al. Z  CUSUM Al. CUSUM    Status Burst
        00:009.9      16.0  19.0     1.21   0.00      Não   0.00   Não     21       Não Normal/Residual
        00:015.6     102.2 322.5     0.63   0.57      Não 101.37   Sim  35775       Sim      DDoS Burst
        00:025.1    1091.3 472.2     3.24   2.60      Sim   5.71   Sim  83736       Sim      DDoS Burst
        00:036.0    1042.7 488.5     2.75   0.49      Não   1.58   Não  95942       Sim      DDoS Burst
        01:023.1    1214.9 477.6     2.93   0.18      Não   1.90   Não 124488       Sim      DDoS Burst
        01:023.1    1214.9 477.6     2.93   0.00      Não   1.98   Não 153034       Sim      DDoS Burst
        02:008.7     857.7 446.7     2.65   0.27      Não   1.74   Não 163853       Sim      DDoS Burst
        02:008.9     993.8 550.5     2.87   0.21      Não   2.61   Não 178377       Sim      DDoS Burst

✅ Bursts detectados: 7 | Excel: experiment_results/wedos_failure/rtt_bursts_rps_rps20_att4_WU500000_rep2.xlsx | Gráfico: experiment_results/wedos_failure/rtt_todos_bursts_rps_rps20_att4_WU500000_rep2.png

===== Analisando experiment_results/wedos_failure/rtt_log_rps_rps40_att4_WU500000_rep1.csv =====
[INFO] Baseline pré-ataque: média=16.1ms, desvio=19.1ms (739 amostras) -> piso de burst = 29.1ms (1.8x a média)
Janela (MM:SS.s) Média RTT   Std Entropia Δ Ent. Al. Ent.  Max Z Al. Z  CUSUM Al. CUSUM    Status Burst
        00:010.2      16.1  19.1     1.18   0.00      Não   0.00   Não      0       Não Normal/Residual
        00:015.7     115.8 358.6     0.67   0.51      Não 101.15   Sim  42304       Sim      DDoS Burst
        00:027.7     594.3 665.6     2.55   1.87      Sim   5.10   Sim  86654       Sim      DDoS Burst
        00:042.7      92.5 116.5     1.87   0.67      Não   0.89   Não  91664       Sim      DDoS Burst
        00:050.8     274.1 455.4     1.62   0.25      Não  15.71   Sim 119492       Sim      DDoS Burst
        00:057.0     318.7 490.6     1.78   0.16      Não   3.62   Sim 147038       Sim      DDoS Burst
        01:008.8      95.3 147.4     1.36   0.42      Não   0.64   Não 150657       Sim      DDoS Burst
        01:022.1      94.8 145.5     1.37   0.01      Não   4.07   Sim 155911       Sim      DDoS Burst
        01:028.9     104.5 164.1     1.43   0.06      Não   4.13   Sim 162773       Sim      DDoS Burst
        01:040.0      77.5 129.0     1.31   0.12      Não   2.47   Não 166870       Sim      DDoS Burst
        01:050.0     100.9 148.2     1.51   0.20      Não   4.46   Sim 172961       Sim      DDoS Burst
        02:000.1     130.7 163.3     1.97   0.46      Não   3.73   Sim 180525       Sim      DDoS Burst
        02:008.7     102.3 132.7     1.64   0.34      Não   2.73   Não 184815       Sim      DDoS Burst
        02:021.0     147.9 214.5     1.85   0.21      Não   6.72   Sim 189703       Sim      DDoS Burst
        02:031.7     133.1 194.0     1.67   0.18      Não   3.94   Sim 194751       Sim      DDoS Burst
        02:039.0     117.5 160.5     1.68   0.01      Não   3.12   Não 199249       Sim      DDoS Burst
        02:047.8     195.3 225.8     2.10   0.43      Não   3.86   Sim 204678       Sim      DDoS Burst
        02:055.6     244.4 252.0     1.62   0.49      Não   2.00   Não 207084       Sim      DDoS Burst

✅ Bursts detectados: 17 | Excel: experiment_results/wedos_failure/rtt_bursts_rps_rps40_att4_WU500000_rep1.xlsx | Gráfico: experiment_results/wedos_failure/rtt_todos_bursts_rps_rps40_att4_WU500000_rep1.png

===== Analisando experiment_results/wedos_failure/rtt_log_rps_rps40_att4_WU500000_rep2.csv =====
[INFO] Baseline pré-ataque: média=17.8ms, desvio=19.8ms (839 amostras) -> piso de burst = 32.1ms (1.8x a média)
Janela (MM:SS.s) Média RTT   Std Entropia Δ Ent. Al. Ent. Max Z Al. Z  CUSUM Al. CUSUM    Status Burst
        00:009.7      17.8  19.8     1.40   0.00      Não  0.00   Não     18       Não Normal/Residual
        00:015.5     113.6 353.4     0.63   0.77      Não 95.59   Sim  41006       Sim      DDoS Burst
        00:021.1    1166.3 538.4     3.19   2.56      Sim  5.08   Sim  81995       Sim      DDoS Burst
        00:052.8    1102.6 441.5     2.93   0.25      Não  1.56   Não 109942       Sim      DDoS Burst
        00:052.8    1102.6 441.5     2.93   0.00      Não  1.79   Não 137888       Sim      DDoS Burst
        02:025.9    1035.6 419.0     3.19   0.26      Não  1.87   Não 189292       Sim      DDoS Burst
        02:027.1    1171.5 459.1     3.26   0.07      Não  2.42   Não 264781       Sim      DDoS Burst
        02:031.4    1633.4 236.1     2.79   0.47      Não  1.91   Não 288867       Sim      DDoS Burst

✅ Bursts detectados: 7 | Excel: experiment_results/wedos_failure/rtt_bursts_rps_rps40_att4_WU500000_rep2.xlsx | Gráfico: experiment_results/wedos_failure/rtt_todos_bursts_rps_rps40_att4_WU500000_rep2.png

===== Analisando experiment_results/wedos_failure/rtt_log_rps_rps80_att4_WU500000_rep1.csv =====
[INFO] Baseline pré-ataque: média=16.2ms, desvio=19.1ms (770 amostras) -> piso de burst = 29.2ms (1.8x a média)
Janela (MM:SS.s) Média RTT   Std Entropia Δ Ent. Al. Ent.  Max Z Al. Z CUSUM Al. CUSUM    Status Burst
        00:010.0      16.2  19.1     1.21   0.00      Não   0.00   Não    15       Não Normal/Residual
        00:015.5     102.5 326.4     0.65   0.56      Não 102.41   Sim 36533       Sim      DDoS Burst
        00:021.0    1012.7 561.1     3.24   2.59      Sim   5.73   Sim 73050       Sim      DDoS Burst

✅ Bursts detectados: 2 | Excel: experiment_results/wedos_failure/rtt_bursts_rps_rps80_att4_WU500000_rep1.xlsx | Gráfico: experiment_results/wedos_failure/rtt_todos_bursts_rps_rps80_att4_WU500000_rep1.png

===== Analisando experiment_results/wedos_failure/rtt_log_rps_rps80_att4_WU500000_rep2.csv =====
[INFO] Baseline pré-ataque: média=16.5ms, desvio=19.3ms (842 amostras) -> piso de burst = 29.8ms (1.8x a média)
Janela (MM:SS.s) Média RTT   Std Entropia Δ Ent. Al. Ent. Max Z Al. Z CUSUM Al. CUSUM    Status Burst
        00:009.8      16.5  19.3     1.25   0.00      Não  0.00   Não     0       Não Normal/Residual
        00:015.5      81.3 287.4     0.47   0.78      Não 97.43   Sim 26273       Sim      DDoS Burst
        00:021.0    1077.1 555.7     3.21   2.74      Sim  6.31   Sim 52546       Sim      DDoS Burst
        01:019.2     512.6 291.7     2.28   0.92      Não  1.55   Não 58383       Sim      DDoS Burst
        01:019.6     779.8 518.8     2.70   0.41      Não  4.38   Sim 71194       Sim      DDoS Burst

✅ Bursts detectados: 4 | Excel: experiment_results/wedos_failure/rtt_bursts_rps_rps80_att4_WU500000_rep2.xlsx | Gráfico: experiment_results/wedos_failure/rtt_todos_bursts_rps_rps80_att4_WU500000_rep2.png

===== Analisando experiment_results/wedos_failure/rtt_log_wu_rps10_att4_WU1000000_rep1.csv =====
[INFO] Baseline pré-ataque: média=16.9ms, desvio=19.5ms (814 amostras) -> piso de burst = 30.4ms (1.8x a média)
Janela (MM:SS.s) Média RTT   Std Entropia Δ Ent. Al. Ent. Max Z Al. Z CUSUM Al. CUSUM    Status Burst
        00:009.9      16.9  19.5     1.26   0.00      Não  0.00   Não    20       Não Normal/Residual
        00:015.6     103.3 328.2     0.65   0.61      Não 97.76   Sim 36899       Sim      DDoS Burst
        00:022.9    1105.3 544.1     2.51   1.86      Sim  5.72   Sim 75734       Sim      DDoS Burst

✅ Bursts detectados: 2 | Excel: experiment_results/wedos_failure/rtt_bursts_wu_rps10_att4_WU1000000_rep1.xlsx | Gráfico: experiment_results/wedos_failure/rtt_todos_bursts_wu_rps10_att4_WU1000000_rep1.png

===== Analisando experiment_results/wedos_failure/rtt_log_wu_rps10_att4_WU1000000_rep2.csv =====
[INFO] Baseline pré-ataque: média=16.8ms, desvio=19.5ms (845 amostras) -> piso de burst = 30.2ms (1.8x a média)
Janela (MM:SS.s) Média RTT   Std Entropia Δ Ent. Al. Ent. Max Z Al. Z CUSUM Al. CUSUM    Status Burst
        00:010.0      16.8  19.5     1.20   0.00      Não  0.00   Não     0       Não Normal/Residual
        00:015.6      76.1 262.0     0.48   0.72      Não 97.71   Sim 27796       Sim      DDoS Burst
        00:023.0     835.3 623.5     2.92   2.44      Sim  7.10   Sim 64194       Sim      DDoS Burst

✅ Bursts detectados: 2 | Excel: experiment_results/wedos_failure/rtt_bursts_wu_rps10_att4_WU1000000_rep2.xlsx | Gráfico: experiment_results/wedos_failure/rtt_todos_bursts_wu_rps10_att4_WU1000000_rep2.png

===== Analisando experiment_results/wedos_failure/rtt_log_wu_rps10_att4_WU1500000_rep1.csv =====
[INFO] Baseline pré-ataque: média=15.7ms, desvio=18.9ms (773 amostras) -> piso de burst = 28.2ms (1.8x a média)
Janela (MM:SS.s) Média RTT   Std Entropia Δ Ent. Al. Ent.  Max Z Al. Z CUSUM Al. CUSUM    Status Burst
        00:010.1      15.7  18.9     1.16   0.00      Não   0.00   Não    49       Não Normal/Residual
        00:014.8      59.0 252.6     0.27   0.89      Não 104.35   Sim 17711       Sim      DDoS Burst
        00:024.0    1347.4 507.8     2.59   2.33      Sim   7.63   Sim 41512       Sim      DDoS Burst

✅ Bursts detectados: 2 | Excel: experiment_results/wedos_failure/rtt_bursts_wu_rps10_att4_WU1500000_rep1.xlsx | Gráfico: experiment_results/wedos_failure/rtt_todos_bursts_wu_rps10_att4_WU1500000_rep1.png

===== Analisando experiment_results/wedos_failure/rtt_log_wu_rps10_att4_WU1500000_rep2.csv =====
[INFO] Baseline pré-ataque: média=15.7ms, desvio=18.7ms (738 amostras) -> piso de burst = 28.3ms (1.8x a média)
Janela (MM:SS.s) Média RTT   Std Entropia Δ Ent. Al. Ent. Max Z Al. Z CUSUM Al. CUSUM    Status Burst
        00:010.0      15.7  18.7     1.27   0.00      Não  0.00   Não     0       Não Normal/Residual
        00:015.4      61.2 249.2     0.31   0.96      Não 98.87   Sim 17486       Sim      DDoS Burst
        00:023.4    1133.7 613.5     2.40   2.10      Sim  7.45   Sim 39660       Sim      DDoS Burst

✅ Bursts detectados: 2 | Excel: experiment_results/wedos_failure/rtt_bursts_wu_rps10_att4_WU1500000_rep2.xlsx | Gráfico: experiment_results/wedos_failure/rtt_todos_bursts_wu_rps10_att4_WU1500000_rep2.png

===== Analisando experiment_results/wedos_failure/rtt_log_wu_rps10_att4_WU2000000_rep1.csv =====
[INFO] Baseline pré-ataque: média=17.0ms, desvio=19.4ms (769 amostras) -> piso de burst = 30.6ms (1.8x a média)
Janela (MM:SS.s) Média RTT   Std Entropia Δ Ent. Al. Ent. Max Z Al. Z CUSUM Al. CUSUM    Status Burst
        00:009.6      17.0  19.4     1.28   0.00      Não  0.00   Não    59       Não Normal/Residual
        00:015.0      52.7 216.8     0.25   1.04      Não 93.05   Sim 13339       Sim      DDoS Burst
        00:023.0    1294.9 408.4     2.12   1.87      Sim  8.82   Sim 28558       Sim      DDoS Burst

✅ Bursts detectados: 2 | Excel: experiment_results/wedos_failure/rtt_bursts_wu_rps10_att4_WU2000000_rep1.xlsx | Gráfico: experiment_results/wedos_failure/rtt_todos_bursts_wu_rps10_att4_WU2000000_rep1.png

===== Analisando experiment_results/wedos_failure/rtt_log_wu_rps10_att4_WU2000000_rep2.csv =====
[INFO] Baseline pré-ataque: média=16.2ms, desvio=19.2ms (786 amostras) -> piso de burst = 29.1ms (1.8x a média)
Janela (MM:SS.s) Média RTT   Std Entropia Δ Ent. Al. Ent. Max Z Al. Z CUSUM Al. CUSUM    Status Burst
        00:010.1      16.2  19.2     1.20   0.00      Não  0.00   Não    39       Não Normal/Residual
        00:015.4      46.1 206.4     0.22   0.98      Não 94.03   Sim 12183       Sim      DDoS Burst
        00:023.5    1081.8 723.5     2.16   1.94      Sim  9.25   Sim 28024       Sim      DDoS Burst

✅ Bursts detectados: 2 | Excel: experiment_results/wedos_failure/rtt_bursts_wu_rps10_att4_WU2000000_rep2.xlsx | Gráfico: experiment_results/wedos_failure/rtt_todos_bursts_wu_rps10_att4_WU2000000_rep2.png

===== Analisando experiment_results/wedos_failure/rtt_log_wu_rps10_att4_WU400000_rep1.csv =====
[INFO] Baseline pré-ataque: média=17.5ms, desvio=19.6ms (830 amostras) -> piso de burst = 31.5ms (1.8x a média)
Janela (MM:SS.s) Média RTT   Std Entropia Δ Ent. Al. Ent.  Max Z Al. Z  CUSUM Al. CUSUM    Status Burst
        00:010.0      17.5  19.6     1.36   0.00      Não   0.00   Não     81       Não Normal/Residual
        00:016.2     185.5 434.1     1.14   0.22      Não 100.88   Sim  84069       Sim      DDoS Burst
        00:023.8    1098.9 527.1     3.27   2.13      Sim   4.19   Sim 186942       Sim      DDoS Burst
        00:030.9    1480.1 360.6     3.09   0.19      Não   1.72   Não 205828       Sim      DDoS Burst
        00:055.7    1296.9 536.4     3.00   0.08      Não   3.19   Não 257882       Sim      DDoS Burst
        00:055.7    1296.9 536.4     3.00   0.00      Não   1.80   Não 309936       Sim      DDoS Burst
        01:015.8    1279.4 565.6     2.95   0.05      Não   1.76   Não 329970       Sim      DDoS Burst
        01:015.8    1279.4 565.6     2.95   0.00      Não   1.63   Não 350005       Sim      DDoS Burst

✅ Bursts detectados: 7 | Excel: experiment_results/wedos_failure/rtt_bursts_wu_rps10_att4_WU400000_rep1.xlsx | Gráfico: experiment_results/wedos_failure/rtt_todos_bursts_wu_rps10_att4_WU400000_rep1.png

===== Analisando experiment_results/wedos_failure/rtt_log_wu_rps10_att4_WU400000_rep2.csv =====
[INFO] Baseline pré-ataque: média=18.3ms, desvio=23.6ms (791 amostras) -> piso de burst = 32.9ms (1.8x a média)
Janela (MM:SS.s) Média RTT   Std Entropia Δ Ent. Al. Ent. Max Z Al. Z  CUSUM Al. CUSUM    Status Burst
        00:010.0      18.3  23.6     1.03   0.00      Não  0.00   Não    738       Sim Normal/Residual
        00:016.7     255.1 489.2     1.48   0.45      Não 83.27   Sim 118299       Sim      DDoS Burst
        00:023.6    1110.0 465.9     3.20   1.72      Sim  3.54   Sim 255442       Sim      DDoS Burst
        00:030.7    1536.4 241.3     2.93   0.27      Não  1.85   Não 275024       Sim      DDoS Burst
        00:056.2    1117.5 237.7     2.76   0.17      Não  4.62   Sim 329396       Sim      DDoS Burst
        00:056.7    1169.6 278.9     2.88   0.12      Não  3.00   Não 393205       Sim      DDoS Burst
        01:014.3    1172.0 465.7     3.17   0.29      Não  2.87   Não 438879       Sim      DDoS Burst
        01:016.7    1095.9 457.3     3.16   0.01      Não  1.72   Não 475118       Sim      DDoS Burst

✅ Bursts detectados: 7 | Excel: experiment_results/wedos_failure/rtt_bursts_wu_rps10_att4_WU400000_rep2.xlsx | Gráfico: experiment_results/wedos_failure/rtt_todos_bursts_wu_rps10_att4_WU400000_rep2.png

===== Analisando experiment_results/wedos_failure/rtt_log_wu_rps10_att4_WU500000_rep1.csv =====
[INFO] Baseline pré-ataque: média=26.8ms, desvio=69.3ms (767 amostras) -> piso de burst = 48.3ms (1.8x a média)
Janela (MM:SS.s) Média RTT   Std Entropia Δ Ent. Al. Ent. Max Z Al. Z  CUSUM Al. CUSUM    Status Burst
        00:009.6      26.8  69.3     0.26   0.00      Não  0.00   Não   6907       Sim Normal/Residual
        00:016.3     251.0 491.4     1.45   1.19      Não 27.74   Sim  96912       Sim      DDoS Burst
        00:023.8    1252.7 397.3     3.03   1.58      Sim  3.64   Sim 198163       Sim      DDoS Burst
        00:036.3    1266.6 680.6     2.25   0.79      Não  2.40   Não 210214       Sim      DDoS Burst
        00:052.5    1078.5 434.3     3.03   0.79      Não  1.42   Não 242758       Sim      DDoS Burst
        00:052.8    1155.9 377.6     3.01   0.02      Não  2.04   Não 274496       Sim      DDoS Burst
        01:016.2    1018.9 508.7     3.00   0.01      Não  1.89   Não 289814       Sim      DDoS Burst
        01:016.2    1018.9 508.7     3.00   0.00      Não  1.62   Não 305132       Sim      DDoS Burst

✅ Bursts detectados: 7 | Excel: experiment_results/wedos_failure/rtt_bursts_wu_rps10_att4_WU500000_rep1.xlsx | Gráfico: experiment_results/wedos_failure/rtt_todos_bursts_wu_rps10_att4_WU500000_rep1.png

===== Analisando experiment_results/wedos_failure/rtt_log_wu_rps10_att4_WU500000_rep2.csv =====
[INFO] Baseline pré-ataque: média=16.2ms, desvio=19.1ms (786 amostras) -> piso de burst = 29.2ms (1.8x a média)
Janela (MM:SS.s) Média RTT   Std Entropia Δ Ent. Al. Ent.  Max Z Al. Z  CUSUM Al. CUSUM    Status Burst
        00:010.3      16.2  19.1     1.15   0.00      Não   0.00   Não     19       Não Normal/Residual
        00:016.6     194.1 446.5     1.14   0.01      Não 103.46   Sim  87507       Sim      DDoS Burst
        00:024.0    1100.6 540.2     3.22   2.08      Sim   4.02   Sim 193915       Sim      DDoS Burst
        00:032.1    1505.5 414.9     2.51   0.71      Não   1.58   Não 213152       Sim      DDoS Burst
        00:052.4    1203.7 512.3     3.15   0.64      Não   2.80   Não 243778       Sim      DDoS Burst
        00:052.5    1238.1 491.3     3.13   0.02      Não   1.53   Não 274087       Sim      DDoS Burst
        01:013.4    1057.6 500.1     2.69   0.44      Não   1.69   Não 286469       Sim      DDoS Burst
        01:013.4    1057.6 500.1     2.69   0.00      Não   1.61   Não 298851       Sim      DDoS Burst

✅ Bursts detectados: 7 | Excel: experiment_results/wedos_failure/rtt_bursts_wu_rps10_att4_WU500000_rep2.xlsx | Gráfico: experiment_results/wedos_failure/rtt_todos_bursts_wu_rps10_att4_WU500000_rep2.png

===== Analisando experiment_results/wedos_failure/rtt_log_wu_rps10_att4_WU750000_rep1.csv =====
[INFO] Baseline pré-ataque: média=16.4ms, desvio=20.5ms (821 amostras) -> piso de burst = 29.5ms (1.8x a média)
Janela (MM:SS.s) Média RTT   Std Entropia Δ Ent. Al. Ent. Max Z Al. Z  CUSUM Al. CUSUM    Status Burst
        00:010.0      16.4  20.5     0.91   0.00      Não  0.00   Não    301       Sim Normal/Residual
        00:015.6     135.7 388.4     0.74   0.16      Não 92.76   Sim  54999       Sim      DDoS Burst
        00:023.6    1261.5 450.5     3.26   2.52      Sim  4.60   Sim 113035       Sim      DDoS Burst
        01:017.4    1247.0 490.5     2.25   1.01      Não  1.54   Não 125238       Sim      DDoS Burst
        01:017.4    1247.0 490.5     2.25   0.00      Não  1.44   Não 137442       Sim      DDoS Burst

✅ Bursts detectados: 4 | Excel: experiment_results/wedos_failure/rtt_bursts_wu_rps10_att4_WU750000_rep1.xlsx | Gráfico: experiment_results/wedos_failure/rtt_todos_bursts_wu_rps10_att4_WU750000_rep1.png

===== Analisando experiment_results/wedos_failure/rtt_log_wu_rps10_att4_WU750000_rep2.csv =====
[INFO] Baseline pré-ataque: média=17.2ms, desvio=21.0ms (833 amostras) -> piso de burst = 30.9ms (1.8x a média)
Janela (MM:SS.s) Média RTT   Std Entropia Δ Ent. Al. Ent. Max Z Al. Z  CUSUM Al. CUSUM    Status Burst
        00:009.9      17.2  21.0     0.91   0.00      Não  0.00   Não    339       Sim Normal/Residual
        00:015.6     153.3 418.9     0.85   0.06      Não 94.93   Sim  62080       Sim      DDoS Burst
        00:022.9    1253.8 531.2     3.24   2.39      Sim  4.43   Sim 130741       Sim      DDoS Burst
        00:053.9    1201.6 336.5     2.66   0.58      Não  1.15   Não 143654       Sim      DDoS Burst
        00:053.9    1201.6 336.5     2.66   0.00      Não  1.97   Não 156567       Sim      DDoS Burst

✅ Bursts detectados: 4 | Excel: experiment_results/wedos_failure/rtt_bursts_wu_rps10_att4_WU750000_rep2.xlsx | Gráfico: experiment_results/wedos_failure/rtt_todos_bursts_wu_rps10_att4_WU750000_rep2.png

===== Analisando experiment_results/wedos_grid/rtt_log_S1_atk10pct_wu200000_stage1a_rep1.csv =====
[INFO] Baseline pré-ataque: média=16.4ms, desvio=19.1ms (798 amostras) -> piso de burst = 29.5ms (1.8x a média)
Janela (MM:SS.s) Média RTT  Std Entropia Δ Ent. Al. Ent. Max Z Al. Z CUSUM Al. CUSUM    Status Burst
        00:010.1      16.4 19.1     1.29   0.00      Não  0.00   Não    35       Não Normal/Residual
        00:020.1      17.2 19.8     1.38   0.10      Não  3.85   Sim    15       Não Normal/Residual
        00:029.9      18.9 21.1     1.42   0.04      Não  4.41   Sim    41       Não Normal/Residual
        00:040.1      19.3 21.2     1.36   0.06      Não  4.06   Sim    20       Não Normal/Residual
        00:050.0      19.5 20.9     1.32   0.04      Não  3.81   Sim     0       Não Normal/Residual
        00:060.0      20.3 21.8     1.48   0.16      Não  4.10   Sim    23       Não Normal/Residual
        01:009.9      19.5 21.6     1.47   0.01      Não  3.97   Sim     0       Não Normal/Residual
        01:020.2      19.1 20.8     1.49   0.02      Não  4.29   Sim    51       Não Normal/Residual
        01:030.0      20.5 21.5     1.58   0.09      Não  4.46   Sim    74       Não Normal/Residual
        01:039.8      20.1 21.1     1.45   0.14      Não  3.70   Sim    18       Não Normal/Residual
        01:050.0      19.7 20.9     1.47   0.02      Não  3.69   Sim     8       Não Normal/Residual
        01:060.0      19.6 21.0     1.40   0.07      Não  3.74   Sim    86       Não Normal/Residual
        02:010.2      19.7 21.8     1.24   0.16      Não  7.36   Sim    21       Não Normal/Residual
        02:020.0      19.5 21.9     1.27   0.03      Não  7.10   Sim     0       Não Normal/Residual
        02:030.0      19.3 21.1     1.46   0.18      Não  3.61   Sim     6       Não Normal/Residual
        02:039.8      18.2 20.4     1.40   0.06      Não  3.23   Não    57       Não Normal/Residual
        02:050.1      17.6 19.7     1.24   0.16      Não  1.64   Não    53       Não Normal/Residual
        02:055.0      18.7 20.2     1.27   0.04      Não  1.71   Não    53       Não Normal/Residual

✅ Bursts detectados: 0 | Excel: experiment_results/wedos_grid/rtt_bursts_S1_atk10pct_wu200000_stage1a_rep1.xlsx | Gráfico: experiment_results/wedos_grid/rtt_todos_bursts_S1_atk10pct_wu200000_stage1a_rep1.png

===== Analisando experiment_results/wedos_grid/rtt_log_S1_atk10pct_wu300000_stage1a_rep1.csv =====
[INFO] Baseline pré-ataque: média=15.1ms, desvio=18.6ms (748 amostras) -> piso de burst = 27.2ms (1.8x a média)
Janela (MM:SS.s) Média RTT  Std Entropia Δ Ent. Al. Ent. Max Z Al. Z CUSUM Al. CUSUM    Status Burst
        00:009.6      15.1 18.6     1.19   0.00      Não  0.00   Não    22       Não Normal/Residual
        00:020.5      19.2 28.4     1.10   0.10      Não 14.38   Sim     0       Não Normal/Residual
        00:030.4      22.5 29.5     1.29   0.20      Não  9.26   Sim   241       Sim Normal/Residual
        00:040.0      21.8 24.5     1.63   0.34      Não  4.25   Sim     0       Não Normal/Residual
        00:049.6      22.1 24.4     1.53   0.10      Não  4.30   Sim   131       Sim Normal/Residual
        01:000.1      22.1 23.8     1.41   0.12      Não  4.56   Sim    22       Não Normal/Residual
        01:009.7      21.3 23.6     1.39   0.02      Não  4.68   Sim     0       Não Normal/Residual
        01:020.0      21.8 24.9     1.65   0.26      Não  4.15   Sim    16       Não Normal/Residual
        01:030.2      21.8 24.7     1.51   0.14      Não  5.55   Sim    26       Não Normal/Residual
        01:039.8      21.9 24.2     1.50   0.01      Não  5.58   Sim   232       Sim Normal/Residual
        01:049.8      21.1 23.0     1.44   0.05      Não  3.35   Não     0       Não Normal/Residual
        02:000.3      20.7 22.3     1.41   0.03      Não  3.37   Não   117       Sim Normal/Residual
        02:009.8      21.0 22.7     1.49   0.08      Não  4.27   Sim    60       Não Normal/Residual
        02:019.8      20.6 23.4     1.55   0.06      Não  4.16   Sim    76       Não Normal/Residual
        02:030.2      21.5 24.4     1.51   0.04      Não  5.19   Sim   450       Sim Normal/Residual
        02:039.5      19.7 23.9     1.25   0.26      Não  8.85   Sim    19       Não Normal/Residual
        02:049.7      16.4 21.1     1.03   0.22      Não  9.12   Sim    50       Não Normal/Residual
        02:055.0      15.2 18.6     1.16   0.13      Não  1.86   Não    50       Não Normal/Residual

✅ Bursts detectados: 0 | Excel: experiment_results/wedos_grid/rtt_bursts_S1_atk10pct_wu300000_stage1a_rep1.xlsx | Gráfico: experiment_results/wedos_grid/rtt_todos_bursts_S1_atk10pct_wu300000_stage1a_rep1.png

===== Analisando experiment_results/wedos_grid/rtt_log_S1_atk10pct_wu325000_stage1b_rep1.csv =====
[INFO] Baseline pré-ataque: média=15.9ms, desvio=19.0ms (797 amostras) -> piso de burst = 28.7ms (1.8x a média)
Janela (MM:SS.s) Média RTT  Std Entropia Δ Ent. Al. Ent. Max Z Al. Z  CUSUM Al. CUSUM    Status Burst
        00:010.4      15.9 19.0     1.27   0.00      Não  0.00   Não     33       Não Normal/Residual
        00:020.3      19.8 24.7     1.23   0.04      Não  8.66   Sim    217       Sim Normal/Residual
        00:029.8      23.5 29.2     1.51   0.28      Não  6.53   Sim     69       Não Normal/Residual
        00:040.3      35.3 49.8     1.37   0.13      Não 14.31   Sim   9591       Sim      DDoS Burst
        00:050.0      36.2 50.9     1.39   0.02      Não  8.15   Sim  19305       Sim      DDoS Burst
        00:059.9      26.3 35.2     1.65   0.26      Não  3.80   Sim  20031       Sim Normal/Residual
        01:009.7      28.9 40.6     1.54   0.11      Não  7.72   Sim  23031       Sim      DDoS Burst
        01:020.2      36.4 47.1     1.81   0.27      Não  6.63   Sim  32824       Sim      DDoS Burst
        01:030.1      40.0 52.8     1.78   0.03      Não  7.06   Sim  46063       Sim      DDoS Burst
        01:040.1      37.7 50.7     1.72   0.06      Não  6.24   Sim  56893       Sim      DDoS Burst
        01:050.2      32.7 39.5     1.88   0.15      Não  3.94   Sim  63400       Sim      DDoS Burst
        01:059.8      42.9 58.2     1.42   0.45      Não 10.69   Sim  79031       Sim      DDoS Burst
        02:009.9      55.0 73.1     1.74   0.32      Não  7.08   Sim 105741       Sim      DDoS Burst
        02:019.9      43.0 62.5     1.66   0.08      Não  5.11   Sim 122025       Sim      DDoS Burst
        02:030.0      36.3 52.6     1.61   0.05      Não  4.93   Sim 132343       Sim      DDoS Burst
        02:039.7      28.8 46.2     1.35   0.25      Não  5.98   Sim 135322       Sim      DDoS Burst
        02:050.2      16.0 18.7     1.41   0.06      Não  0.59   Não 127846       Sim Normal/Residual
        02:055.0      16.4 19.0     1.42   0.01      Não  2.13   Não 124263       Sim Normal/Residual

✅ Bursts detectados: 12 | Excel: experiment_results/wedos_grid/rtt_bursts_S1_atk10pct_wu325000_stage1b_rep1.xlsx | Gráfico: experiment_results/wedos_grid/rtt_todos_bursts_S1_atk10pct_wu325000_stage1b_rep1.png

===== Analisando experiment_results/wedos_grid/rtt_log_S1_atk10pct_wu325000_stage1b_rep2.csv =====
[INFO] Baseline pré-ataque: média=19.1ms, desvio=25.6ms (790 amostras) -> piso de burst = 34.3ms (1.8x a média)
Janela (MM:SS.s) Média RTT  Std Entropia Δ Ent. Al. Ent. Max Z Al. Z CUSUM Al. CUSUM    Status Burst
        00:010.3      19.1 25.6     1.10   0.00      Não  0.00   Não  1414       Sim Normal/Residual
        00:020.1      27.2 38.1     1.54   0.44      Não  9.11   Sim  1316       Sim Normal/Residual
        00:030.1      29.9 38.1     1.73   0.19      Não  5.89   Sim    84       Não Normal/Residual
        00:039.8      25.5 29.0     1.85   0.12      Não  3.14   Não    39       Não Normal/Residual
        00:050.0      23.5 26.5     1.42   0.43      Não  5.58   Sim    74       Não Normal/Residual
        00:059.9      27.7 32.2     1.66   0.24      Não  6.33   Sim   817       Sim Normal/Residual
        01:010.1      27.1 31.1     1.67   0.00      Não  5.08   Sim    44       Não Normal/Residual
        01:020.0      23.5 26.6     1.68   0.01      Não  4.14   Sim   229       Sim Normal/Residual
        01:030.0      24.0 27.2     1.73   0.05      Não  4.98   Sim    34       Não Normal/Residual
        01:040.2      25.3 29.8     1.54   0.19      Não  6.18   Sim     0       Não Normal/Residual
        01:049.8      24.5 29.0     1.45   0.09      Não  5.60   Sim    20       Não Normal/Residual
        01:060.0      22.7 24.9     1.53   0.08      Não  3.92   Sim   160       Sim Normal/Residual
        02:010.0      22.7 25.3     1.40   0.13      Não  6.53   Sim    18       Não Normal/Residual
        02:020.1      21.4 24.0     1.28   0.12      Não  6.42   Sim    35       Não Normal/Residual
        02:029.8      20.8 23.0     1.39   0.12      Não  4.29   Sim    32       Não Normal/Residual
        02:039.7      18.9 21.4     1.21   0.18      Não  3.54   Sim     0       Não Normal/Residual
        02:049.2      16.4 19.2     1.20   0.01      Não  1.64   Não     0       Não Normal/Residual
        02:054.4      16.5 19.2     1.23   0.02      Não  1.96   Não     0       Não Normal/Residual

✅ Bursts detectados: 0 | Excel: experiment_results/wedos_grid/rtt_bursts_S1_atk10pct_wu325000_stage1b_rep2.xlsx | Gráfico: experiment_results/wedos_grid/rtt_todos_bursts_S1_atk10pct_wu325000_stage1b_rep2.png

===== Analisando experiment_results/wedos_grid/rtt_log_S1_atk10pct_wu325000_stage1b_rep3.csv =====
[INFO] Baseline pré-ataque: média=15.0ms, desvio=18.4ms (755 amostras) -> piso de burst = 27.1ms (1.8x a média)
Janela (MM:SS.s) Média RTT  Std Entropia Δ Ent. Al. Ent. Max Z Al. Z CUSUM Al. CUSUM    Status Burst
        00:009.7      15.0 18.4     1.12   0.00      Não  0.00   Não     0       Não Normal/Residual
        00:020.4      19.5 23.4     1.31   0.19      Não  6.30   Sim   288       Sim Normal/Residual
        00:029.9      22.7 26.5     1.55   0.24      Não  6.18   Sim    74       Não Normal/Residual
        00:040.0      23.7 26.9     1.57   0.02      Não  5.33   Sim   492       Sim Normal/Residual
        00:049.7      22.8 25.1     1.63   0.06      Não  4.80   Sim     0       Não Normal/Residual
        00:059.7      20.8 22.8     1.44   0.19      Não  4.25   Sim   111       Sim Normal/Residual
        01:010.3      23.0 24.8     1.84   0.40      Não  4.13   Sim   839       Sim Normal/Residual
        01:020.0      22.6 25.1     1.81   0.03      Não  3.72   Sim   251       Sim Normal/Residual
        01:030.2      22.7 24.2     1.77   0.04      Não  3.38   Não   566       Sim Normal/Residual
        01:039.7      22.8 23.7     1.75   0.01      Não  3.50   Não     0       Não Normal/Residual
        01:050.1      20.4 22.8     1.36   0.40      Não  4.36   Sim    44       Não Normal/Residual
        01:060.0      21.8 24.3     1.44   0.08      Não  4.88   Sim   170       Sim Normal/Residual
        02:010.3      23.1 25.4     1.70   0.27      Não  5.19   Sim   258       Sim Normal/Residual
        02:020.1      22.5 25.2     1.67   0.03      Não  4.91   Sim   103       Sim Normal/Residual
        02:029.8      20.8 24.0     1.67   0.01      Não  3.56   Sim     0       Não Normal/Residual
        02:040.0      17.8 21.2     1.40   0.27      Não  3.71   Sim    20       Não Normal/Residual
        02:049.9      15.5 18.8     1.02   0.38      Não  1.96   Não    21       Não Normal/Residual
        02:054.8      15.0 18.5     1.02   0.00      Não  1.99   Não     0       Não Normal/Residual

✅ Bursts detectados: 0 | Excel: experiment_results/wedos_grid/rtt_bursts_S1_atk10pct_wu325000_stage1b_rep3.xlsx | Gráfico: experiment_results/wedos_grid/rtt_todos_bursts_S1_atk10pct_wu325000_stage1b_rep3.png

===== Analisando experiment_results/wedos_grid/rtt_log_S1_atk10pct_wu350000_stage1b_rep1.csv =====
[INFO] Baseline pré-ataque: média=17.2ms, desvio=19.6ms (820 amostras) -> piso de burst = 31.0ms (1.8x a média)
Janela (MM:SS.s) Média RTT  Std Entropia Δ Ent. Al. Ent. Max Z Al. Z CUSUM Al. CUSUM    Status Burst
        00:009.9      17.2 19.6     1.39   0.00      Não  0.00   Não    18       Não Normal/Residual
        00:020.0      19.8 25.4     1.29   0.10      Não  8.25   Sim   138       Sim Normal/Residual
        00:030.1      22.0 26.8     1.43   0.14      Não  6.28   Sim    51       Não Normal/Residual
        00:040.1      21.3 24.8     1.61   0.18      Não  4.54   Sim     0       Não Normal/Residual
        00:049.7      20.5 24.4     1.59   0.01      Não  4.94   Sim    78       Não Normal/Residual
        00:059.9      20.1 23.1     1.53   0.07      Não  3.30   Não     0       Não Normal/Residual
        01:010.0      20.8 23.6     1.56   0.03      Não  3.64   Sim    72       Não Normal/Residual
        01:019.7      20.9 24.8     1.50   0.06      Não  4.41   Sim   352       Sim Normal/Residual
        01:030.2      21.2 24.8     1.49   0.01      Não  4.19   Sim     0       Não Normal/Residual
        01:039.7      22.0 23.7     1.72   0.23      Não  3.65   Sim    61       Não Normal/Residual
        01:050.1      22.2 24.1     1.52   0.19      Não  4.24   Sim     7       Não Normal/Residual
        01:059.9      22.1 24.8     1.58   0.05      Não  4.16   Sim     0       Não Normal/Residual
        02:010.2      24.0 27.2     1.67   0.09      Não  5.50   Sim     0       Não Normal/Residual
        02:019.9      23.2 26.7     1.62   0.05      Não  4.95   Sim     0       Não Normal/Residual
        02:029.9      22.5 26.0     1.45   0.17      Não  6.05   Sim     0       Não Normal/Residual
        02:039.7      21.4 27.6     1.30   0.15      Não  9.37   Sim     0       Não Normal/Residual
        02:049.5      17.2 23.7     0.95   0.34      Não  8.89   Sim     0       Não Normal/Residual
        02:055.0      15.3 18.7     1.09   0.14      Não  1.52   Não     0       Não Normal/Residual

✅ Bursts detectados: 0 | Excel: experiment_results/wedos_grid/rtt_bursts_S1_atk10pct_wu350000_stage1b_rep1.xlsx | Gráfico: experiment_results/wedos_grid/rtt_todos_bursts_S1_atk10pct_wu350000_stage1b_rep1.png

===== Analisando experiment_results/wedos_grid/rtt_log_S1_atk10pct_wu350000_stage1b_rep2.csv =====
[INFO] Baseline pré-ataque: média=16.7ms, desvio=19.3ms (829 amostras) -> piso de burst = 30.1ms (1.8x a média)
Janela (MM:SS.s) Média RTT  Std Entropia Δ Ent. Al. Ent. Max Z Al. Z CUSUM Al. CUSUM    Status Burst
        00:009.8      16.7 19.3     1.25   0.00      Não  0.00   Não    23       Não Normal/Residual
        00:020.1      19.5 23.1     1.29   0.04      Não  5.89   Sim    49       Não Normal/Residual
        00:030.0      21.7 25.2     1.48   0.19      Não  4.81   Sim     0       Não Normal/Residual
        00:039.9      21.2 25.3     1.48   0.01      Não  5.33   Sim     0       Não Normal/Residual
        00:050.1      22.3 26.7     1.50   0.02      Não  5.57   Sim    76       Não Normal/Residual
        00:059.8      21.8 25.7     1.50   0.00      Não  5.23   Sim    33       Não Normal/Residual
        01:010.2      20.7 24.5     1.46   0.04      Não  5.50   Sim     0       Não Normal/Residual
        01:020.1      21.2 24.6     1.50   0.03      Não  5.81   Sim   174       Sim Normal/Residual
        01:029.7      21.8 25.3     1.51   0.01      Não  5.73   Sim     0       Não Normal/Residual
        01:040.0      22.8 27.1     1.54   0.04      Não  5.55   Sim   461       Sim Normal/Residual
        01:050.3      21.5 25.9     1.47   0.07      Não  3.92   Sim   359       Sim Normal/Residual
        02:000.0      23.0 26.2     1.60   0.13      Não  5.22   Sim   778       Sim Normal/Residual
        02:010.2      27.1 30.4     1.57   0.03      Não  8.91   Sim  1419       Sim Normal/Residual
        02:019.9      27.4 31.0     1.60   0.02      Não  7.56   Sim  2359       Sim Normal/Residual
        02:030.0      26.3 29.5     1.67   0.08      Não  5.29   Sim  2294       Sim Normal/Residual
        02:039.8      22.9 27.0     1.66   0.01      Não  4.36   Sim     0       Não Normal/Residual
        02:049.6      18.1 21.8     1.18   0.48      Não  3.77   Sim     4       Não Normal/Residual
        02:055.0      15.9 19.0     1.20   0.02      Não  1.65   Não     4       Não Normal/Residual

✅ Bursts detectados: 0 | Excel: experiment_results/wedos_grid/rtt_bursts_S1_atk10pct_wu350000_stage1b_rep2.xlsx | Gráfico: experiment_results/wedos_grid/rtt_todos_bursts_S1_atk10pct_wu350000_stage1b_rep2.png

===== Analisando experiment_results/wedos_grid/rtt_log_S1_atk10pct_wu350000_stage1b_rep3.csv =====
[INFO] Baseline pré-ataque: média=17.1ms, desvio=19.5ms (781 amostras) -> piso de burst = 30.8ms (1.8x a média)
Janela (MM:SS.s) Média RTT  Std Entropia Δ Ent. Al. Ent. Max Z Al. Z CUSUM Al. CUSUM    Status Burst
        00:010.4      17.1 19.5     1.27   0.00      Não  0.00   Não     0       Não Normal/Residual
        00:020.3      23.8 29.5     1.45   0.18      Não  9.28   Sim  1010       Sim Normal/Residual
        00:029.9      25.6 30.9     1.59   0.14      Não  5.93   Sim   181       Sim Normal/Residual
        00:040.5      22.1 26.3     1.67   0.08      Não  3.86   Sim    58       Não Normal/Residual
        00:050.2      23.7 28.9     1.52   0.15      Não  7.15   Sim   393       Sim Normal/Residual
        00:059.8      24.3 29.8     1.54   0.02      Não  6.47   Sim    79       Não Normal/Residual
        01:010.2      22.7 27.1     1.50   0.04      Não  5.08   Sim   293       Sim Normal/Residual
        01:020.0      22.1 26.6     1.46   0.04      Não  7.66   Sim    20       Não Normal/Residual
        01:030.2      22.7 27.2     1.50   0.04      Não  7.82   Sim    48       Não Normal/Residual
        01:040.2      23.3 26.4     1.62   0.12      Não  5.01   Sim     0       Não Normal/Residual
        01:049.9      24.9 27.5     1.73   0.11      Não  5.15   Sim   348       Sim Normal/Residual
        02:000.1      25.7 27.4     1.84   0.11      Não  3.53   Sim    36       Não Normal/Residual
        02:009.8      25.3 27.4     1.72   0.12      Não  3.88   Sim   259       Sim Normal/Residual
        02:020.0      25.4 28.1     1.74   0.01      Não  3.89   Sim    50       Não Normal/Residual
        02:030.2      27.1 29.6     1.99   0.25      Não  4.38   Sim  1447       Sim Normal/Residual
        02:039.6      22.9 27.0     1.72   0.26      Não  4.10   Sim     0       Não Normal/Residual
        02:050.1      16.6 19.4     1.20   0.53      Não  1.08   Não     0       Não Normal/Residual
        02:054.9      16.8 19.5     1.21   0.02      Não  1.83   Não     0       Não Normal/Residual

✅ Bursts detectados: 0 | Excel: experiment_results/wedos_grid/rtt_bursts_S1_atk10pct_wu350000_stage1b_rep3.xlsx | Gráfico: experiment_results/wedos_grid/rtt_todos_bursts_S1_atk10pct_wu350000_stage1b_rep3.png

===== Analisando experiment_results/wedos_grid/rtt_log_S1_atk10pct_wu375000_stage1b_rep1.csv =====
[INFO] Baseline pré-ataque: média=15.6ms, desvio=18.7ms (797 amostras) -> piso de burst = 28.1ms (1.8x a média)
Janela (MM:SS.s) Média RTT  Std Entropia Δ Ent. Al. Ent. Max Z Al. Z CUSUM Al. CUSUM    Status Burst
        00:009.9      15.6 18.7     1.14   0.00      Não  0.00   Não    22       Não Normal/Residual
        00:019.9      22.0 31.2     1.46   0.32      Não 11.34   Sim  1554       Sim Normal/Residual
        00:030.4      27.5 35.1     1.74   0.28      Não  6.61   Sim  3644       Sim Normal/Residual
        00:039.9      25.7 33.4     1.73   0.01      Não  5.55   Sim  4215       Sim Normal/Residual
        00:050.0      23.0 30.9     1.58   0.14      Não  5.88   Sim  2539       Sim Normal/Residual
        00:060.0      20.8 24.8     1.48   0.10      Não  3.63   Sim   207       Sim Normal/Residual
        01:010.1      19.6 23.7     1.44   0.04      Não  4.21   Sim    62       Não Normal/Residual
        01:020.1      21.0 26.4     1.37   0.07      Não  7.53   Sim    30       Não Normal/Residual
        01:029.9      21.7 27.1     1.39   0.03      Não  6.72   Sim    58       Não Normal/Residual
        01:040.1      21.3 25.5     1.58   0.19      Não  4.45   Sim   446       Sim Normal/Residual
        01:050.3      22.6 25.6     1.58   0.00      Não  4.59   Sim   290       Sim Normal/Residual
        01:059.9      22.6 25.7     1.84   0.26      Não  3.42   Não    79       Não Normal/Residual
        02:010.1      23.9 26.8     1.68   0.15      Não  4.51   Sim   638       Sim Normal/Residual
        02:020.1      25.6 27.4     1.79   0.11      Não  4.28   Sim  1157       Sim Normal/Residual
        02:029.7      23.6 26.7     1.79   0.01      Não  3.30   Não    43       Não Normal/Residual
        02:040.0      18.3 22.6     1.46   0.33      Não  3.19   Não     0       Não Normal/Residual
        02:050.1      16.1 19.1     1.11   0.35      Não  1.52   Não     0       Não Normal/Residual
        02:055.1      16.7 19.4     1.17   0.07      Não  1.88   Não     0       Não Normal/Residual

✅ Bursts detectados: 0 | Excel: experiment_results/wedos_grid/rtt_bursts_S1_atk10pct_wu375000_stage1b_rep1.xlsx | Gráfico: experiment_results/wedos_grid/rtt_todos_bursts_S1_atk10pct_wu375000_stage1b_rep1.png

===== Analisando experiment_results/wedos_grid/rtt_log_S1_atk10pct_wu375000_stage1b_rep2.csv =====
[INFO] Baseline pré-ataque: média=16.9ms, desvio=19.5ms (854 amostras) -> piso de burst = 30.3ms (1.8x a média)
Janela (MM:SS.s) Média RTT  Std Entropia Δ Ent. Al. Ent. Max Z Al. Z CUSUM Al. CUSUM    Status Burst
        00:009.8      16.9 19.5     1.25   0.00      Não  0.00   Não    37       Não Normal/Residual
        00:019.9      22.5 27.8     1.41   0.16      Não  7.90   Sim   666       Sim Normal/Residual
        00:029.9      24.3 29.2     1.55   0.13      Não  5.33   Sim    56       Não Normal/Residual
        00:040.1      22.0 25.7     1.65   0.10      Não  4.31   Sim    19       Não Normal/Residual
        00:050.1      23.6 27.0     1.47   0.18      Não  5.98   Sim   175       Sim Normal/Residual
        00:059.9      22.4 25.8     1.42   0.06      Não  5.64   Sim     0       Não Normal/Residual
        01:009.9      21.1 25.0     1.56   0.14      Não  3.69   Sim     0       Não Normal/Residual
        01:020.3      21.7 25.4     1.68   0.12      Não  4.99   Sim    42       Não Normal/Residual
        01:029.9      22.3 25.6     1.71   0.03      Não  4.89   Sim     0       Não Normal/Residual
        01:040.3      23.1 26.4     1.65   0.06      Não  3.89   Sim   640       Sim Normal/Residual
        01:049.8      22.4 25.1     1.60   0.05      Não  3.74   Sim    34       Não Normal/Residual
        01:059.9      21.9 25.0     1.47   0.13      Não  4.28   Sim   299       Sim Normal/Residual
        02:010.0      22.2 25.5     1.52   0.05      Não  4.31   Sim    82       Não Normal/Residual
        02:019.8      21.6 24.6     1.46   0.06      Não  4.18   Sim     0       Não Normal/Residual
        02:030.1      22.3 24.6     1.44   0.02      Não  4.36   Sim   248       Sim Normal/Residual
        02:039.8      20.2 22.5     1.30   0.14      Não  3.27   Não    20       Não Normal/Residual
        02:050.0      16.5 19.3     1.13   0.17      Não  1.47   Não     7       Não Normal/Residual
        02:054.9      16.0 19.0     1.17   0.04      Não  1.84   Não     7       Não Normal/Residual

✅ Bursts detectados: 0 | Excel: experiment_results/wedos_grid/rtt_bursts_S1_atk10pct_wu375000_stage1b_rep2.xlsx | Gráfico: experiment_results/wedos_grid/rtt_todos_bursts_S1_atk10pct_wu375000_stage1b_rep2.png

===== Analisando experiment_results/wedos_grid/rtt_log_S1_atk10pct_wu375000_stage1b_rep3.csv =====
[INFO] Baseline pré-ataque: média=16.2ms, desvio=19.0ms (751 amostras) -> piso de burst = 29.1ms (1.8x a média)
Janela (MM:SS.s) Média RTT  Std Entropia Δ Ent. Al. Ent. Max Z Al. Z CUSUM Al. CUSUM    Status Burst
        00:009.5      16.2 19.0     1.23   0.00      Não  0.00   Não    22       Não Normal/Residual
        00:020.7      26.2 41.6     1.38   0.15      Não 17.64   Sim  3946       Sim Normal/Residual
        00:030.2      29.3 41.0     1.51   0.13      Não  7.83   Sim  7268       Sim      DDoS Burst
        00:039.6      23.9 28.4     1.37   0.14      Não  6.04   Sim  5629       Sim Normal/Residual
        00:050.0      23.0 28.8     1.37   0.00      Não  8.92   Sim  3321       Sim Normal/Residual
        00:060.0      22.7 26.7     1.44   0.08      Não  5.52   Sim   660       Sim Normal/Residual
        01:010.1      22.4 24.6     1.72   0.27      Não  3.39   Não    66       Não Normal/Residual
        01:019.8      21.1 24.6     1.41   0.30      Não  4.38   Sim    67       Não Normal/Residual
        01:030.3      21.9 25.9     1.65   0.23      Não  5.19   Sim   923       Sim Normal/Residual
        01:040.4      22.8 26.2     1.72   0.07      Não  4.89   Sim   141       Sim Normal/Residual
        01:050.1      23.2 27.8     1.60   0.12      Não  7.54   Sim    52       Não Normal/Residual
        01:059.9      23.8 28.9     1.63   0.03      Não  7.09   Sim    34       Não Normal/Residual
        02:010.1      22.4 26.6     1.55   0.08      Não  3.99   Sim   372       Sim Normal/Residual
        02:020.3      21.3 24.8     1.58   0.04      Não  3.61   Sim    19       Não Normal/Residual
        02:030.3      21.3 25.1     1.48   0.10      Não  4.42   Sim     0       Não Normal/Residual
        02:040.1      18.8 22.8     1.24   0.24      Não  4.36   Sim     0       Não Normal/Residual
        02:050.0      16.2 19.1     1.03   0.21      Não  2.19   Não     0       Não Normal/Residual
        02:055.0      16.9 19.4     1.09   0.06      Não  1.93   Não     0       Não Normal/Residual

✅ Bursts detectados: 1 | Excel: experiment_results/wedos_grid/rtt_bursts_S1_atk10pct_wu375000_stage1b_rep3.xlsx | Gráfico: experiment_results/wedos_grid/rtt_todos_bursts_S1_atk10pct_wu375000_stage1b_rep3.png

===== Analisando experiment_results/wedos_grid/rtt_log_S1_atk10pct_wu400000_stage1a_rep1.csv =====
[INFO] Baseline pré-ataque: média=18.7ms, desvio=20.0ms (767 amostras) -> piso de burst = 33.7ms (1.8x a média)
Janela (MM:SS.s) Média RTT   Std Entropia Δ Ent. Al. Ent. Max Z Al. Z  CUSUM Al. CUSUM    Status Burst
        00:010.0      18.7  20.0     1.13   0.00      Não  0.00   Não    181       Sim Normal/Residual
        00:020.2      58.2 100.4     1.13   0.00      Não 30.70   Sim  27471       Sim      DDoS Burst
        00:030.4      92.8 121.2     1.79   0.67      Não  6.03   Sim  84139       Sim      DDoS Burst
        00:039.9      90.4 109.2     1.82   0.02      Não  4.71   Sim 139642       Sim      DDoS Burst
        00:050.3      67.8  86.5     2.04   0.23      Não  3.30   Não 174417       Sim      DDoS Burst
        01:000.2      43.6  55.1     1.82   0.22      Não  3.78   Sim 188014       Sim      DDoS Burst
        01:010.0      37.7  48.3     1.90   0.08      Não  3.98   Sim 196401       Sim      DDoS Burst
        01:019.8      41.5  55.9     1.75   0.15      Não  7.57   Sim 208537       Sim      DDoS Burst
        01:029.9      42.1  57.0     1.76   0.01      Não  6.47   Sim 221235       Sim      DDoS Burst
        01:039.8      42.9  60.4     1.68   0.08      Não  6.85   Sim 234366       Sim      DDoS Burst
        01:050.0      41.7  59.8     1.63   0.05      Não  6.45   Sim 245906       Sim      DDoS Burst
        01:060.0      32.1  43.2     1.65   0.02      Não  4.74   Sim 248830       Sim Normal/Residual
        02:009.9      29.1  38.7     1.82   0.17      Não  4.50   Sim 249147       Sim Normal/Residual
        02:020.2      27.1  37.0     1.73   0.08      Não  5.11   Sim 247716       Sim Normal/Residual
        02:030.0      26.7  36.1     1.50   0.23      Não  6.51   Sim 245896       Sim Normal/Residual
        02:039.7      22.3  30.7     1.27   0.23      Não  6.68   Sim 240596       Sim Normal/Residual
        02:049.7      15.9  19.1     1.16   0.11      Não  1.02   Não 231029       Sim Normal/Residual
        02:054.9      15.1  18.6     1.13   0.03      Não  1.99   Não 226177       Sim Normal/Residual

✅ Bursts detectados: 10 | Excel: experiment_results/wedos_grid/rtt_bursts_S1_atk10pct_wu400000_stage1a_rep1.xlsx | Gráfico: experiment_results/wedos_grid/rtt_todos_bursts_S1_atk10pct_wu400000_stage1a_rep1.png

===== Analisando experiment_results/wedos_grid/rtt_log_S1_atk10pct_wu500000_stage1a_rep1.csv =====
[INFO] Baseline pré-ataque: média=16.1ms, desvio=19.6ms (743 amostras) -> piso de burst = 28.9ms (1.8x a média)
Janela (MM:SS.s) Média RTT   Std Entropia Δ Ent. Al. Ent. Max Z Al. Z  CUSUM Al. CUSUM    Status Burst
        00:010.1      16.1  19.6     1.12   0.00      Não  0.00   Não    138       Sim Normal/Residual
        00:020.7      46.8  77.9     1.11   0.01      Não 26.57   Sim  20754       Sim      DDoS Burst
        00:030.0      85.1 118.0     1.79   0.68      Não  7.33   Sim  75994       Sim      DDoS Burst
        00:040.2      73.8 105.7     1.63   0.16      Não  4.51   Sim 123003       Sim      DDoS Burst
        00:049.8      52.7  66.2     1.49   0.14      Não  3.86   Sim 148409       Sim      DDoS Burst
        01:000.2      45.9  61.6     1.33   0.16      Não  6.48   Sim 166310       Sim      DDoS Burst
        01:009.8      32.8  44.7     1.80   0.47      Não  3.12   Não 172502       Sim      DDoS Burst
        01:019.9      38.0  58.0     1.69   0.11      Não  8.24   Sim 182827       Sim      DDoS Burst
        01:030.1      38.6  57.7     1.70   0.00      Não  6.26   Sim 193784       Sim      DDoS Burst
        01:039.9      35.0  49.3     1.43   0.27      Não  6.79   Sim 201784       Sim      DDoS Burst
        01:050.1      37.7  54.1     1.50   0.07      Não  8.01   Sim 212046       Sim      DDoS Burst
        01:059.7      32.1  46.8     1.56   0.06      Não  5.50   Sim 217178       Sim      DDoS Burst
        02:010.3      30.6  41.3     1.72   0.17      Não  3.56   Sim 221084       Sim      DDoS Burst
        02:020.1      29.6  41.8     1.74   0.02      Não  4.80   Sim 224354       Sim      DDoS Burst
        02:030.0      27.7  38.6     1.65   0.09      Não  4.77   Sim 226034       Sim Normal/Residual
        02:039.7      26.0  40.7     1.34   0.31      Não  8.94   Sim 226188       Sim Normal/Residual
        02:050.2      20.0  33.6     1.02   0.32      Não  8.52   Sim 221268       Sim Normal/Residual
        02:055.0      17.3  19.6     1.28   0.26      Não  1.01   Não 217585       Sim Normal/Residual

✅ Bursts detectados: 13 | Excel: experiment_results/wedos_grid/rtt_bursts_S1_atk10pct_wu500000_stage1a_rep1.xlsx | Gráfico: experiment_results/wedos_grid/rtt_todos_bursts_S1_atk10pct_wu500000_stage1a_rep1.png

===== Analisando experiment_results/wedos_grid/rtt_log_S1_atk1pct_wu200000_stage1a_rep1.csv =====
[INFO] Baseline pré-ataque: média=14.7ms, desvio=18.2ms (772 amostras) -> piso de burst = 26.4ms (1.8x a média)
Janela (MM:SS.s) Média RTT  Std Entropia Δ Ent. Al. Ent. Max Z Al. Z CUSUM Al. CUSUM    Status Burst
        00:009.8      14.7 18.2     1.20   0.00      Não  0.00   Não   107       Sim Normal/Residual
        00:019.8      15.2 19.7     0.97   0.23      Não  6.22   Sim     0       Não Normal/Residual
        00:030.0      16.4 20.2     0.99   0.02      Não  5.73   Sim    22       Não Normal/Residual
        00:040.4      16.8 19.4     1.34   0.35      Não  1.89   Não     3       Não Normal/Residual
        00:049.5      16.5 19.2     1.31   0.04      Não  1.96   Não     0       Não Normal/Residual
        01:000.2      16.3 19.2     1.28   0.03      Não  1.94   Não    46       Não Normal/Residual
        01:009.9      17.6 19.7     1.44   0.16      Não  2.40   Não    13       Não Normal/Residual
        01:020.0      16.8 19.4     1.44   0.00      Não  2.27   Não     0       Não Normal/Residual
        01:030.0      15.9 18.9     1.33   0.11      Não  1.95   Não    20       Não Normal/Residual
        01:039.9      16.7 19.3     1.32   0.01      Não  2.05   Não     0       Não Normal/Residual
        01:050.0      17.3 19.6     1.28   0.04      Não  2.42   Não     0       Não Normal/Residual
        02:000.0      17.2 19.6     1.28   0.00      Não  2.35   Não    28       Não Normal/Residual
        02:010.0      16.6 19.5     1.28   0.00      Não  2.45   Não     0       Não Normal/Residual
        02:019.9      16.3 19.2     1.22   0.06      Não  2.50   Não     0       Não Normal/Residual
        02:030.1      16.4 19.2     1.16   0.07      Não  1.92   Não     0       Não Normal/Residual
        02:039.8      16.1 19.0     1.11   0.05      Não  1.91   Não    11       Não Normal/Residual
        02:050.4      16.6 19.3     1.08   0.03      Não  1.94   Não     0       Não Normal/Residual
        02:055.0      17.7 19.8     1.09   0.01      Não  1.88   Não     0       Não Normal/Residual

✅ Bursts detectados: 0 | Excel: experiment_results/wedos_grid/rtt_bursts_S1_atk1pct_wu200000_stage1a_rep1.xlsx | Gráfico: experiment_results/wedos_grid/rtt_todos_bursts_S1_atk1pct_wu200000_stage1a_rep1.png

===== Analisando experiment_results/wedos_grid/rtt_log_S1_atk1pct_wu300000_stage1a_rep1.csv =====
[INFO] Baseline pré-ataque: média=16.4ms, desvio=19.0ms (738 amostras) -> piso de burst = 29.4ms (1.8x a média)
Janela (MM:SS.s) Média RTT  Std Entropia Δ Ent. Al. Ent. Max Z Al. Z CUSUM Al. CUSUM    Status Burst
        00:009.9      16.4 19.0     1.24   0.00      Não  0.00   Não    21       Não Normal/Residual
        00:020.0      19.3 25.0     1.05   0.19      Não 12.47   Sim     0       Não Normal/Residual
        00:029.8      20.0 26.6     1.09   0.04      Não  9.34   Sim     0       Não Normal/Residual
        00:039.9      17.1 21.7     1.12   0.02      Não  8.03   Sim     0       Não Normal/Residual
        00:050.4      17.2 20.1     1.05   0.06      Não  4.82   Sim    22       Não Normal/Residual
        00:059.7      17.2 19.8     1.04   0.02      Não  5.20   Sim     0       Não Normal/Residual
        01:010.2      16.9 19.5     1.24   0.21      Não  2.97   Não     0       Não Normal/Residual
        01:020.1      17.8 20.0     1.00   0.24      Não  3.40   Não    42       Não Normal/Residual
        01:030.0      17.7 20.2     1.13   0.13      Não  3.91   Sim     0       Não Normal/Residual
        01:040.1      16.7 19.8     1.12   0.01      Não  3.87   Sim     0       Não Normal/Residual
        01:050.2      18.2 21.1     1.26   0.14      Não  4.70   Sim    19       Não Normal/Residual
        02:000.2      19.2 22.1     1.10   0.16      Não  5.30   Sim     0       Não Normal/Residual
        02:009.8      17.9 21.3     1.03   0.07      Não  5.01   Sim    16       Não Normal/Residual
        02:020.2      18.5 21.0     1.01   0.02      Não  5.20   Sim    26       Não Normal/Residual
        02:029.6      18.4 20.6     0.99   0.02      Não  5.23   Sim     0       Não Normal/Residual
        02:040.2      16.6 19.2     1.02   0.03      Não  3.16   Não     2       Não Normal/Residual
        02:050.0      15.9 18.9     1.07   0.05      Não  2.84   Não     0       Não Normal/Residual
        02:054.8      15.5 18.7     1.18   0.11      Não  2.07   Não     0       Não Normal/Residual

✅ Bursts detectados: 0 | Excel: experiment_results/wedos_grid/rtt_bursts_S1_atk1pct_wu300000_stage1a_rep1.xlsx | Gráfico: experiment_results/wedos_grid/rtt_todos_bursts_S1_atk1pct_wu300000_stage1a_rep1.png

===== Analisando experiment_results/wedos_grid/rtt_log_S1_atk1pct_wu400000_stage1a_rep1.csv =====
[INFO] Baseline pré-ataque: média=16.6ms, desvio=19.2ms (785 amostras) -> piso de burst = 29.8ms (1.8x a média)
Janela (MM:SS.s) Média RTT  Std Entropia Δ Ent. Al. Ent. Max Z Al. Z CUSUM Al. CUSUM    Status Burst
        00:009.9      16.6 19.2     1.27   0.00      Não  0.00   Não     6       Não Normal/Residual
        00:020.0      20.3 29.9     1.09   0.18      Não 14.67   Sim    32       Não Normal/Residual
        00:030.0      21.0 30.5     1.12   0.03      Não  9.29   Sim     0       Não Normal/Residual
        00:039.9      18.2 22.4     1.04   0.07      Não  4.79   Sim     0       Não Normal/Residual
        00:050.3      18.5 22.0     1.06   0.02      Não  6.65   Sim     0       Não Normal/Residual
        00:059.7      17.5 20.8     1.15   0.09      Não  5.64   Sim     0       Não Normal/Residual
        01:010.2      17.4 21.5     1.14   0.01      Não  6.03   Sim     0       Não Normal/Residual
        01:019.8      18.2 22.1     1.18   0.04      Não  5.79   Sim    20       Não Normal/Residual
        01:029.8      18.3 21.4     1.17   0.00      Não  5.58   Sim    18       Não Normal/Residual
        01:039.9      18.6 21.3     1.04   0.13      Não  5.06   Sim     0       Não Normal/Residual
        01:050.5      20.0 21.7     1.08   0.04      Não  5.06   Sim    42       Não Normal/Residual
        02:000.1      19.4 20.7     1.03   0.05      Não  3.86   Sim     0       Não Normal/Residual
        02:009.7      17.7 20.1     1.05   0.02      Não  5.05   Sim    19       Não Normal/Residual
        02:019.7      16.8 21.2     1.12   0.07      Não  6.26   Sim     0       Não Normal/Residual
        02:030.2      17.0 21.2     1.14   0.01      Não  5.98   Sim    20       Não Normal/Residual
        02:039.9      17.6 20.0     1.04   0.09      Não  3.84   Sim     0       Não Normal/Residual
        02:050.1      17.1 19.4     1.29   0.24      Não  1.88   Não    23       Não Normal/Residual
        02:054.9      16.8 19.2     1.25   0.03      Não  1.83   Não    23       Não Normal/Residual

✅ Bursts detectados: 0 | Excel: experiment_results/wedos_grid/rtt_bursts_S1_atk1pct_wu400000_stage1a_rep1.xlsx | Gráfico: experiment_results/wedos_grid/rtt_todos_bursts_S1_atk1pct_wu400000_stage1a_rep1.png

===== Analisando experiment_results/wedos_grid/rtt_log_S1_atk1pct_wu500000_stage1a_rep1.csv =====
[INFO] Baseline pré-ataque: média=16.9ms, desvio=19.3ms (754 amostras) -> piso de burst = 30.4ms (1.8x a média)
Janela (MM:SS.s) Média RTT  Std Entropia Δ Ent. Al. Ent. Max Z Al. Z CUSUM Al. CUSUM    Status Burst
        00:010.0      16.9 19.3     1.35   0.00      Não  0.00   Não     0       Não Normal/Residual
        00:020.1      34.6 82.1     0.56   0.79      Não 29.76   Sim  9953       Sim      DDoS Burst
        00:029.9      35.0 81.5     0.58   0.02      Não  6.77   Sim 16624       Sim      DDoS Burst
        00:039.8      17.3 22.0     1.11   0.53      Não  1.54   Não  9267       Sim Normal/Residual
        00:050.1      16.8 21.2     1.04   0.07      Não  6.51   Sim  1442       Sim Normal/Residual
        01:000.3      18.2 21.4     1.23   0.20      Não  6.34   Sim    27       Não Normal/Residual
        01:009.9      17.8 21.3     1.23   0.01      Não  6.21   Sim     4       Não Normal/Residual
        01:019.9      17.5 21.6     0.96   0.26      Não  8.48   Sim     0       Não Normal/Residual
        01:030.0      18.0 22.0     0.99   0.03      Não  8.37   Sim    70       Não Normal/Residual
        01:040.1      17.3 20.8     1.26   0.27      Não  4.24   Sim    37       Não Normal/Residual
        01:049.9      16.8 20.1     0.97   0.29      Não  4.19   Sim     0       Não Normal/Residual
        01:059.9      15.9 20.3     1.15   0.18      Não  6.55   Sim     0       Não Normal/Residual
        02:010.0      16.5 20.9     1.21   0.06      Não  6.53   Sim    98       Sim Normal/Residual
        02:019.9      17.1 21.6     1.03   0.18      Não  5.91   Sim     0       Não Normal/Residual
        02:030.4      17.0 22.0     1.10   0.07      Não  6.54   Sim     1       Não Normal/Residual
        02:040.0      17.2 20.9     1.07   0.03      Não  6.42   Sim    19       Não Normal/Residual
        02:049.7      17.2 19.7     1.18   0.11      Não  1.73   Não     0       Não Normal/Residual
        02:054.8      17.5 19.7     1.20   0.02      Não  1.83   Não     0       Não Normal/Residual

✅ Bursts detectados: 2 | Excel: experiment_results/wedos_grid/rtt_bursts_S1_atk1pct_wu500000_stage1a_rep1.xlsx | Gráfico: experiment_results/wedos_grid/rtt_todos_bursts_S1_atk1pct_wu500000_stage1a_rep1.png

===== Analisando experiment_results/wedos_grid/rtt_log_S1_atk5pct_wu200000_stage1a_rep1.csv =====
[INFO] Baseline pré-ataque: média=17.0ms, desvio=19.5ms (844 amostras) -> piso de burst = 30.6ms (1.8x a média)
Janela (MM:SS.s) Média RTT  Std Entropia Δ Ent. Al. Ent. Max Z Al. Z CUSUM Al. CUSUM    Status Burst
        00:009.9      17.0 19.5     1.21   0.00      Não  0.00   Não    19       Não Normal/Residual
        00:019.9      17.7 23.2     1.05   0.17      Não  9.57   Sim     0       Não Normal/Residual
        00:030.2      18.3 23.3     1.11   0.06      Não  8.04   Sim     0       Não Normal/Residual
        00:040.1      17.1 19.8     1.21   0.10      Não  2.66   Não    20       Não Normal/Residual
        00:049.9      17.2 19.8     1.27   0.07      Não  3.20   Não    36       Não Normal/Residual
        01:000.1      17.5 19.7     1.43   0.15      Não  2.98   Não     0       Não Normal/Residual
        01:009.6      17.7 20.0     1.13   0.30      Não  5.29   Sim    65       Não Normal/Residual
        01:020.1      17.8 20.1     1.08   0.05      Não  5.21   Sim     0       Não Normal/Residual
        01:030.3      18.2 20.2     1.13   0.05      Não  5.34   Sim    25       Não Normal/Residual
        01:039.9      18.2 20.1     1.15   0.02      Não  5.29   Sim    55       Não Normal/Residual
        01:049.8      17.1 19.6     1.39   0.24      Não  2.84   Não    21       Não Normal/Residual
        02:000.2      16.9 19.5     1.36   0.03      Não  2.97   Não    29       Não Normal/Residual
        02:009.9      17.9 19.9     1.19   0.17      Não  4.56   Sim    34       Não Normal/Residual
        02:020.1      18.1 20.4     1.23   0.04      Não  4.43   Sim     0       Não Normal/Residual
        02:029.8      17.0 20.0     1.15   0.08      Não  4.02   Sim    19       Não Normal/Residual
        02:039.8      16.2 19.3     1.23   0.08      Não  3.56   Sim     0       Não Normal/Residual
        02:050.0      16.8 19.5     1.21   0.02      Não  1.97   Não     0       Não Normal/Residual
        02:054.8      17.5 19.8     1.30   0.08      Não  1.93   Não     0       Não Normal/Residual

✅ Bursts detectados: 0 | Excel: experiment_results/wedos_grid/rtt_bursts_S1_atk5pct_wu200000_stage1a_rep1.xlsx | Gráfico: experiment_results/wedos_grid/rtt_todos_bursts_S1_atk5pct_wu200000_stage1a_rep1.png

===== Analisando experiment_results/wedos_grid/rtt_log_S1_atk5pct_wu300000_stage1a_rep1.csv =====
[INFO] Baseline pré-ataque: média=16.6ms, desvio=19.3ms (773 amostras) -> piso de burst = 29.9ms (1.8x a média)
Janela (MM:SS.s) Média RTT  Std Entropia Δ Ent. Al. Ent. Max Z Al. Z CUSUM Al. CUSUM    Status Burst
        00:009.6      16.6 19.3     1.15   0.00      Não  0.00   Não     0       Não Normal/Residual
        00:020.3      18.7 22.5     1.24   0.08      Não  6.47   Sim    30       Não Normal/Residual
        00:029.6      19.3 23.3     1.30   0.07      Não  5.45   Sim     0       Não Normal/Residual
        00:040.1      18.0 21.6     1.30   0.01      Não  5.37   Sim     0       Não Normal/Residual
        00:049.9      19.1 22.2     1.39   0.09      Não  5.85   Sim     0       Não Normal/Residual
        00:060.0      19.6 22.5     1.24   0.15      Não  5.43   Sim   171       Sim Normal/Residual
        01:010.2      19.6 22.7     1.34   0.10      Não  4.50   Sim    23       Não Normal/Residual
        01:019.7      19.1 22.8     1.44   0.10      Não  4.25   Sim     0       Não Normal/Residual
        01:030.3      19.0 23.0     1.27   0.17      Não  4.72   Sim     0       Não Normal/Residual
        01:040.2      19.1 22.1     1.21   0.07      Não  4.68   Sim     0       Não Normal/Residual
        01:049.8      19.7 22.8     1.42   0.22      Não  5.75   Sim   382       Sim Normal/Residual
        02:000.2      18.8 22.9     1.39   0.03      Não  5.56   Sim     0       Não Normal/Residual
        02:010.2      17.5 21.0     1.15   0.24      Não  4.53   Sim     0       Não Normal/Residual
        02:020.0      18.6 21.6     1.26   0.11      Não  4.99   Sim     0       Não Normal/Residual
        02:030.0      19.3 21.7     1.25   0.01      Não  3.84   Sim    48       Não Normal/Residual
        02:039.8      18.8 20.7     1.37   0.12      Não  2.52   Não     9       Não Normal/Residual
        02:050.0      17.4 19.7     1.24   0.13      Não  1.62   Não     0       Não Normal/Residual
        02:055.0      16.6 19.3     1.21   0.02      Não  1.73   Não     0       Não Normal/Residual

✅ Bursts detectados: 0 | Excel: experiment_results/wedos_grid/rtt_bursts_S1_atk5pct_wu300000_stage1a_rep1.xlsx | Gráfico: experiment_results/wedos_grid/rtt_todos_bursts_S1_atk5pct_wu300000_stage1a_rep1.png

===== Analisando experiment_results/wedos_grid/rtt_log_S1_atk5pct_wu400000_stage1a_rep1.csv =====
[INFO] Baseline pré-ataque: média=19.2ms, desvio=25.1ms (822 amostras) -> piso de burst = 34.6ms (1.8x a média)
Janela (MM:SS.s) Média RTT  Std Entropia Δ Ent. Al. Ent. Max Z Al. Z CUSUM Al. CUSUM    Status Burst
        00:010.1      19.2 25.1     1.21   0.00      Não  0.00   Não  1066       Sim Normal/Residual
        00:020.3      20.0 26.7     1.31   0.10      Não  8.55   Sim     0       Não Normal/Residual
        00:029.9      19.1 23.9     1.42   0.11      Não  3.65   Sim     0       Não Normal/Residual
        00:040.1      19.8 24.0     1.37   0.05      Não  4.23   Sim     0       Não Normal/Residual
        00:049.8      19.3 23.7     1.43   0.06      Não  5.17   Sim     3       Não Normal/Residual
        01:000.1      20.4 26.3     1.32   0.12      Não  7.30   Sim    70       Não Normal/Residual
        01:010.3      21.7 26.8     1.35   0.04      Não  6.52   Sim     0       Não Normal/Residual
        01:020.0      20.9 26.0     1.35   0.00      Não  5.77   Sim     0       Não Normal/Residual
        01:029.8      20.4 25.7     1.32   0.03      Não  6.25   Sim     1       Não Normal/Residual
        01:039.8      19.9 23.7     1.23   0.09      Não  6.35   Sim     0       Não Normal/Residual
        01:049.9      18.9 23.2     1.25   0.03      Não  5.02   Sim    55       Não Normal/Residual
        02:000.1      19.3 23.7     1.47   0.22      Não  5.55   Sim    13       Não Normal/Residual
        02:009.9      19.4 23.5     1.46   0.01      Não  5.41   Sim     0       Não Normal/Residual
        02:020.3      19.3 23.5     1.34   0.12      Não  5.16   Sim     0       Não Normal/Residual
        02:029.9      20.0 23.9     1.35   0.01      Não  5.15   Sim    15       Não Normal/Residual
        02:039.7      18.3 21.7     1.32   0.03      Não  3.94   Sim    14       Não Normal/Residual
        02:049.7      16.7 19.3     1.23   0.09      Não  1.66   Não     0       Não Normal/Residual
        02:054.6      17.0 19.4     1.21   0.02      Não  1.85   Não     0       Não Normal/Residual

✅ Bursts detectados: 0 | Excel: experiment_results/wedos_grid/rtt_bursts_S1_atk5pct_wu400000_stage1a_rep1.xlsx | Gráfico: experiment_results/wedos_grid/rtt_todos_bursts_S1_atk5pct_wu400000_stage1a_rep1.png

===== Analisando experiment_results/wedos_grid/rtt_log_S1_atk5pct_wu500000_stage1a_rep1.csv =====
[INFO] Baseline pré-ataque: média=17.1ms, desvio=19.4ms (748 amostras) -> piso de burst = 30.7ms (1.8x a média)
Janela (MM:SS.s) Média RTT  Std Entropia Δ Ent. Al. Ent. Max Z Al. Z CUSUM Al. CUSUM    Status Burst
        00:009.6      17.1 19.4     1.30   0.00      Não  0.00   Não    24       Não Normal/Residual
        00:020.4      21.9 30.3     1.43   0.14      Não 10.89   Sim   259       Sim Normal/Residual
        00:029.5      24.0 32.6     1.54   0.11      Não  6.82   Sim     0       Não Normal/Residual
        00:040.0      20.9 28.0     1.46   0.08      Não  5.98   Sim    41       Não Normal/Residual
        00:049.7      19.4 27.0     1.39   0.07      Não  7.06   Sim     0       Não Normal/Residual
        01:000.1      18.3 24.4     1.08   0.31      Não  6.62   Sim    20       Não Normal/Residual
        01:010.2      20.2 26.6     1.36   0.28      Não  8.60   Sim   293       Sim Normal/Residual
        01:020.4      20.8 26.2     1.37   0.02      Não  7.82   Sim     0       Não Normal/Residual
        01:029.7      19.8 24.6     1.29   0.08      Não  4.56   Sim   192       Sim Normal/Residual
        01:040.1      22.1 27.4     1.32   0.03      Não  6.98   Sim    37       Não Normal/Residual
        01:049.6      21.2 26.3     1.25   0.08      Não  6.17   Sim     0       Não Normal/Residual
        02:000.1      18.1 22.8     1.31   0.06      Não  3.51   Sim    18       Não Normal/Residual
        02:009.9      19.4 23.9     1.14   0.16      Não  6.52   Sim    29       Não Normal/Residual
        02:020.1      21.0 26.6     1.27   0.13      Não  6.17   Sim     0       Não Normal/Residual
        02:029.9      22.3 29.2     1.36   0.08      Não  6.48   Sim     0       Não Normal/Residual
        02:039.9      19.7 26.0     1.18   0.17      Não  5.85   Sim     0       Não Normal/Residual
        02:050.3      16.6 19.3     1.18   0.01      Não  1.25   Não     0       Não Normal/Residual
        02:054.9      17.0 19.4     1.28   0.11      Não  1.78   Não     0       Não Normal/Residual

✅ Bursts detectados: 0 | Excel: experiment_results/wedos_grid/rtt_bursts_S1_atk5pct_wu500000_stage1a_rep1.xlsx | Gráfico: experiment_results/wedos_grid/rtt_todos_bursts_S1_atk5pct_wu500000_stage1a_rep1.png

===== Analisando experiment_results/wedos_grid/rtt_log_S2_atk0.5pct_wu500000_stage1b_rep1.csv =====
[INFO] Baseline pré-ataque: média=26.6ms, desvio=21.4ms (1977 amostras) -> piso de burst = 47.9ms (1.8x a média)
Janela (MM:SS.s) Média RTT   Std Entropia Δ Ent. Al. Ent. Max Z Al. Z  CUSUM Al. CUSUM    Status Burst
        00:009.9      26.6  21.4     1.60   0.00      Não  0.00   Não     42       Não Normal/Residual
        00:020.3      34.4  52.6     0.69   0.91      Não 21.06   Sim   5151       Sim Normal/Residual
        00:030.0      35.5  52.4     0.74   0.06      Não  8.43   Sim   1441       Sim Normal/Residual
        00:040.0      28.3  23.2     1.50   0.76      Não  3.79   Sim      0       Não Normal/Residual
        00:049.9      27.4  22.4     1.46   0.05      Não  8.87   Sim      8       Não Normal/Residual
        01:000.1      26.3  21.7     1.37   0.09      Não  4.17   Sim      0       Não Normal/Residual
        01:010.1      27.0  22.1     1.37   0.00      Não  6.16   Sim     14       Não Normal/Residual
        01:019.9      32.8  40.1     1.15   0.22      Não 18.74   Sim   2514       Sim Normal/Residual
        01:030.1      46.2  64.3     0.68   0.47      Não 16.53   Sim  20185       Sim Normal/Residual
        01:040.1      47.3  62.7     0.73   0.04      Não 10.10   Sim  40627       Sim Normal/Residual
        01:049.8      36.9  44.1     0.48   0.24      Não  8.50   Sim  39761       Sim Normal/Residual
        01:059.7      70.8 166.5     0.54   0.06      Não 26.77   Sim 104167       Sim      DDoS Burst
        02:010.3      85.3 180.2     0.77   0.23      Não  6.88   Sim 198203       Sim      DDoS Burst
        02:019.8     112.6 178.8     1.23   0.46      Não  6.50   Sim 345450       Sim      DDoS Burst
        02:030.2     100.2 168.4     1.11   0.12      Não  6.40   Sim 464670       Sim      DDoS Burst
        02:040.2      37.2  52.3     0.43   0.68      Não  2.82   Não 464478       Sim Normal/Residual
        02:050.1      33.6  45.0     0.26   0.18      Não 10.29   Sim 457027       Sim Normal/Residual
        02:055.4      28.3  21.5     1.92   1.66      Sim  0.77   Não 446929       Sim Normal/Residual
        03:000.4      31.3  21.8     1.86   0.06      Não  1.86   Não 446399       Sim Normal/Residual

✅ Bursts detectados: 4 | Excel: experiment_results/wedos_grid/rtt_bursts_S2_atk0.5pct_wu500000_stage1b_rep1.xlsx | Gráfico: experiment_results/wedos_grid/rtt_todos_bursts_S2_atk0.5pct_wu500000_stage1b_rep1.png

===== Analisando experiment_results/wedos_grid/rtt_log_S2_atk0.5pct_wu500000_stage1b_rep2.csv =====
[INFO] Baseline pré-ataque: média=26.5ms, desvio=21.4ms (1996 amostras) -> piso de burst = 47.7ms (1.8x a média)
Janela (MM:SS.s) Média RTT  Std Entropia Δ Ent. Al. Ent. Max Z Al. Z CUSUM Al. CUSUM    Status Burst
        00:009.9      26.5 21.4     1.65   0.00      Não  0.00   Não    68       Não Normal/Residual
        00:020.1      30.0 31.5     1.23   0.43      Não 13.31   Sim    22       Não Normal/Residual
        00:030.1      31.6 32.5     1.27   0.05      Não  8.95   Sim     8       Não Normal/Residual
        00:040.0      27.8 24.1     1.28   0.00      Não  5.50   Sim     8       Não Normal/Residual
        00:050.1      26.9 22.5     1.05   0.22      Não  6.93   Sim     6       Não Normal/Residual
        01:000.0      26.7 22.2     1.51   0.46      Não  5.72   Sim     0       Não Normal/Residual
        01:010.0      27.2 24.4     1.52   0.01      Não  9.27   Sim    70       Não Normal/Residual
        01:019.9      27.9 25.2     1.55   0.03      Não  8.42   Sim    42       Não Normal/Residual
        01:030.0      27.5 24.5     1.13   0.42      Não  6.62   Sim    33       Não Normal/Residual
        01:040.1      27.2 23.4     1.11   0.02      Não  6.30   Sim     0       Não Normal/Residual
        01:049.9      26.8 22.5     1.41   0.30      Não  5.62   Sim    36       Não Normal/Residual
        02:000.0      28.7 28.2     1.17   0.24      Não 11.19   Sim    19       Não Normal/Residual
        02:010.0      28.9 28.1     1.17   0.01      Não  8.86   Sim     0       Não Normal/Residual
        02:020.0      27.2 23.0     1.32   0.14      Não  4.78   Sim     1       Não Normal/Residual
        02:030.1      27.7 22.9     1.32   0.00      Não  5.92   Sim    24       Não Normal/Residual
        02:039.7      27.5 22.1     1.42   0.10      Não  5.67   Sim     0       Não Normal/Residual
        02:049.7      26.5 21.5     1.65   0.23      Não  1.72   Não    41       Não Normal/Residual
        02:055.4      25.8 21.5     1.64   0.01      Não  1.82   Não     0       Não Normal/Residual
        03:000.4      22.4 21.2     1.46   0.18      Não  1.17   Não     0       Não Normal/Residual

✅ Bursts detectados: 0 | Excel: experiment_results/wedos_grid/rtt_bursts_S2_atk0.5pct_wu500000_stage1b_rep2.xlsx | Gráfico: experiment_results/wedos_grid/rtt_todos_bursts_S2_atk0.5pct_wu500000_stage1b_rep2.png

===== Analisando experiment_results/wedos_grid/rtt_log_S2_atk0.5pct_wu500000_stage1b_rep3.csv =====
[INFO] Baseline pré-ataque: média=27.6ms, desvio=21.4ms (2040 amostras) -> piso de burst = 49.7ms (1.8x a média)
Janela (MM:SS.s) Média RTT  Std Entropia Δ Ent. Al. Ent. Max Z Al. Z CUSUM Al. CUSUM    Status Burst
        00:009.9      27.6 21.4     1.73   0.00      Não  0.00   Não    48       Não Normal/Residual
        00:019.9      29.0 27.8     1.11   0.62      Não 13.35   Sim    73       Não Normal/Residual
        00:029.9      28.9 29.7     1.14   0.03      Não 10.81   Sim   202       Sim Normal/Residual
        00:040.1      27.9 24.5     1.07   0.07      Não 10.12   Sim     0       Não Normal/Residual
        00:049.9      27.8 22.6     1.54   0.47      Não  5.17   Sim    26       Não Normal/Residual
        00:059.9      26.9 22.1     1.24   0.30      Não  6.04   Sim     9       Não Normal/Residual
        01:010.0      26.4 22.2     1.07   0.17      Não  6.87   Sim    29       Não Normal/Residual
        01:020.1      26.6 22.2     1.08   0.01      Não  6.85   Sim     8       Não Normal/Residual
        01:030.0      27.8 23.0     1.45   0.38      Não  9.47   Sim     0       Não Normal/Residual
        01:039.9      28.0 23.7     1.46   0.01      Não  9.08   Sim    14       Não Normal/Residual
        01:050.1      27.9 22.8     1.57   0.11      Não  8.30   Sim     4       Não Normal/Residual
        01:060.0      28.2 23.3     1.33   0.24      Não  9.45   Sim    33       Não Normal/Residual
        02:009.9      27.6 23.2     1.34   0.02      Não  9.21   Sim     9       Não Normal/Residual
        02:020.1      27.1 22.1     1.27   0.07      Não  9.34   Sim     0       Não Normal/Residual
        02:029.7      26.9 23.0     1.05   0.22      Não 11.16   Sim    38       Não Normal/Residual
        02:039.9      27.0 22.5     1.04   0.01      Não 10.76   Sim    21       Não Normal/Residual
        02:050.0      27.1 21.5     1.68   0.64      Não  1.40   Não     0       Não Normal/Residual
        02:055.4      26.9 21.5     1.73   0.05      Não  1.40   Não     0       Não Normal/Residual
        03:000.5      23.8 21.2     1.79   0.05      Não  1.23   Não     0       Não Normal/Residual

✅ Bursts detectados: 0 | Excel: experiment_results/wedos_grid/rtt_bursts_S2_atk0.5pct_wu500000_stage1b_rep3.xlsx | Gráfico: experiment_results/wedos_grid/rtt_todos_bursts_S2_atk0.5pct_wu500000_stage1b_rep3.png

===== Analisando experiment_results/wedos_grid/rtt_log_S2_atk10pct_wu200000_stage1a_rep1.csv =====
[INFO] Baseline pré-ataque: média=26.7ms, desvio=21.4ms (1915 amostras) -> piso de burst = 48.0ms (1.8x a média)
Janela (MM:SS.s) Média RTT  Std Entropia Δ Ent. Al. Ent. Max Z Al. Z CUSUM Al. CUSUM    Status Burst
        00:010.1      26.7 21.4     1.79   0.00      Não  0.00   Não    54       Não Normal/Residual
        00:020.1      31.5 26.5     1.43   0.35      Não  8.25   Sim    38       Não Normal/Residual
        00:030.0      34.9 29.3     1.75   0.32      Não  6.80   Sim    14       Não Normal/Residual
        00:040.2      33.6 27.3     1.67   0.09      Não  6.02   Sim     8       Não Normal/Residual
        00:050.1      35.1 29.4     1.76   0.09      Não  7.72   Sim  1178       Sim Normal/Residual
        01:000.2      35.2 30.0     1.79   0.03      Não  7.12   Sim    35       Não Normal/Residual
        01:009.9      34.3 29.1     1.89   0.10      Não  6.19   Sim    96       Não Normal/Residual
        01:020.2      38.3 36.3     1.56   0.33      Não  9.79   Sim  5482       Sim Normal/Residual
        01:030.0      38.0 36.4     1.56   0.01      Não  7.74   Sim  6878       Sim Normal/Residual
        01:040.0      34.9 30.7     1.58   0.02      Não  6.62   Sim  1395       Sim Normal/Residual
        01:050.1      34.5 28.6     1.63   0.05      Não  5.47   Sim   352       Sim Normal/Residual
        02:000.1      37.4 34.2     1.65   0.01      Não  8.36   Sim  5133       Sim Normal/Residual
        02:010.1      45.7 44.1     1.98   0.33      Não  6.91   Sim 23847       Sim Normal/Residual
        02:020.0      44.2 42.9     1.99   0.01      Não  5.14   Sim 39022       Sim Normal/Residual
        02:030.1      37.4 35.3     1.54   0.44      Não  6.80   Sim 38991       Sim Normal/Residual
        02:039.6      32.4 29.5     1.32   0.22      Não  8.45   Sim 28314       Sim Normal/Residual
        02:049.9      27.3 21.7     1.33   0.01      Não  2.39   Não  8634       Sim Normal/Residual
        02:054.9      27.5 22.0     1.46   0.13      Não  3.47   Não     0       Não Normal/Residual

✅ Bursts detectados: 0 | Excel: experiment_results/wedos_grid/rtt_bursts_S2_atk10pct_wu200000_stage1a_rep1.xlsx | Gráfico: experiment_results/wedos_grid/rtt_todos_bursts_S2_atk10pct_wu200000_stage1a_rep1.png

===== Analisando experiment_results/wedos_grid/rtt_log_S2_atk10pct_wu300000_stage1a_rep1.csv =====
[INFO] Baseline pré-ataque: média=28.7ms, desvio=27.4ms (2003 amostras) -> piso de burst = 51.7ms (1.8x a média)
Janela (MM:SS.s) Média RTT  Std Entropia Δ Ent. Al. Ent. Max Z Al. Z CUSUM Al. CUSUM    Status Burst
        00:009.9      28.7 27.4     1.15   0.00      Não  0.00   Não  2829       Sim Normal/Residual
        00:020.3      43.2 48.4     1.81   0.66      Não 10.34   Sim 16671       Sim Normal/Residual
        00:029.9      45.1 46.5     1.90   0.09      Não  5.57   Sim 22505       Sim Normal/Residual
        00:040.0      41.2 42.4     0.76   1.13      Não 11.73   Sim 19833       Sim Normal/Residual
        00:049.9      45.8 47.8     0.95   0.19      Não 12.96   Sim 27232       Sim Normal/Residual
        01:000.2      43.3 42.9     1.95   1.00      Não  4.67   Sim 29083       Sim Normal/Residual
        01:009.9      48.6 50.8     1.31   0.64      Não 10.25   Sim 42447       Sim Normal/Residual
        01:020.2      49.3 50.6     1.33   0.02      Não  8.55   Sim 57012       Sim Normal/Residual
        01:030.0      48.2 46.8     1.62   0.29      Não  7.83   Sim 69797       Sim Normal/Residual
        01:039.9      43.9 44.0     1.51   0.11      Não  8.48   Sim 73068       Sim Normal/Residual
        01:049.8      36.4 35.8     1.77   0.26      Não  4.74   Sim 60280       Sim Normal/Residual
        02:000.1      37.2 36.3     1.83   0.07      Não  6.04   Sim 49394       Sim Normal/Residual
        02:010.0      36.3 33.8     1.54   0.29      Não  8.25   Sim 36166       Sim Normal/Residual
        02:019.9      39.3 38.7     1.61   0.07      Não  9.36   Sim 29374       Sim Normal/Residual
        02:030.1      38.1 36.3     1.57   0.04      Não  8.09   Sim 20027       Sim Normal/Residual
        02:039.7      29.9 26.0     1.54   0.02      Não  3.55   Sim     7       Não Normal/Residual
        02:049.9      26.6 21.5     1.85   0.31      Não  1.38   Não     0       Não Normal/Residual
        02:054.9      28.1 21.5     1.92   0.06      Não  1.82   Não     0       Não Normal/Residual

✅ Bursts detectados: 0 | Excel: experiment_results/wedos_grid/rtt_bursts_S2_atk10pct_wu300000_stage1a_rep1.xlsx | Gráfico: experiment_results/wedos_grid/rtt_todos_bursts_S2_atk10pct_wu300000_stage1a_rep1.png

===== Analisando experiment_results/wedos_grid/rtt_log_S2_atk10pct_wu400000_stage1a_rep1.csv =====
[INFO] Baseline pré-ataque: média=27.8ms, desvio=21.5ms (1965 amostras) -> piso de burst = 50.0ms (1.8x a média)
Janela (MM:SS.s) Média RTT   Std Entropia Δ Ent. Al. Ent. Max Z Al. Z   CUSUM Al. CUSUM    Status Burst
        00:010.0      27.8  21.5     1.63   0.00      Não  0.00   Não      74       Não Normal/Residual
        00:020.4     333.1 404.3     2.23   0.60      Não 81.76   Sim  592944       Sim      DDoS Burst
        00:030.4     340.1 393.6     2.29   0.06      Não  3.60   Sim 1205372       Sim      DDoS Burst
        00:040.0      90.0 103.2     1.96   0.32      Não  0.86   Não 1317358       Sim      DDoS Burst
        00:049.9      93.4 103.8     1.99   0.02      Não  4.47   Sim 1442990       Sim      DDoS Burst
        00:059.7      80.3 102.8     1.56   0.42      Não  5.27   Sim 1536301       Sim      DDoS Burst
        01:010.0      93.4 129.2     1.50   0.06      Não  7.40   Sim 1656107       Sim      DDoS Burst
        01:019.9      80.8 114.6     1.33   0.17      Não  5.79   Sim 1747913       Sim      DDoS Burst
        01:030.0      60.7  80.4     1.20   0.13      Não  4.92   Sim 1794542       Sim      DDoS Burst
        01:040.2      57.5  73.3     1.12   0.08      Não  7.26   Sim 1835140       Sim      DDoS Burst
        01:049.9      69.6  83.9     1.36   0.23      Não  8.04   Sim 1901394       Sim      DDoS Burst
        02:000.2      71.5  87.3     1.42   0.07      Não  6.88   Sim 1971916       Sim      DDoS Burst
        02:010.0      60.0  75.0     1.37   0.05      Não  5.26   Sim 2018706       Sim      DDoS Burst
        02:020.0      57.5  72.1     1.25   0.13      Não  6.81   Sim 2060190       Sim      DDoS Burst
        02:030.0      55.1  67.9     1.18   0.06      Não  7.11   Sim 2097338       Sim      DDoS Burst
        02:039.7      38.7  46.6     1.40   0.21      Não  5.65   Sim 2097621       Sim Normal/Residual
        02:050.0      26.6  22.1     1.10   0.30      Não  4.72   Sim 2073830       Sim Normal/Residual
        02:054.9      26.5  21.3     1.63   0.53      Não  1.53   Não 2061820       Sim Normal/Residual

✅ Bursts detectados: 14 | Excel: experiment_results/wedos_grid/rtt_bursts_S2_atk10pct_wu400000_stage1a_rep1.xlsx | Gráfico: experiment_results/wedos_grid/rtt_todos_bursts_S2_atk10pct_wu400000_stage1a_rep1.png

===== Analisando experiment_results/wedos_grid/rtt_log_S2_atk10pct_wu500000_stage1a_rep1.csv =====
[INFO] Baseline pré-ataque: média=26.9ms, desvio=21.4ms (2053 amostras) -> piso de burst = 48.5ms (1.8x a média)
Janela (MM:SS.s) Média RTT   Std Entropia Δ Ent. Al. Ent. Max Z Al. Z   CUSUM Al. CUSUM    Status Burst
        00:010.0      26.9  21.4     1.65   0.00      Não  0.00   Não      55       Não Normal/Residual
        00:015.5     124.4 352.8     0.58   1.07      Não 92.38   Sim  106391       Sim      DDoS Burst
        00:035.7     483.7 506.0     2.58   2.01      Sim  5.36   Sim  813010       Sim      DDoS Burst
        00:040.0     413.1 442.2     2.43   0.16      Não  3.03   Não 1767010       Sim      DDoS Burst
        00:050.0     341.7 364.1     2.42   0.01      Não  3.04   Não 2414933       Sim      DDoS Burst
        01:000.2     418.7 387.2     2.57   0.16      Não  4.21   Sim 3246092       Sim      DDoS Burst
        01:010.2     307.9 376.1     2.14   0.44      Não  3.76   Sim 3823406       Sim      DDoS Burst
        01:020.2      97.5 149.3     1.21   0.93      Não  2.41   Não 3949661       Sim      DDoS Burst
        01:029.8     105.5 156.2     1.30   0.09      Não  7.49   Sim 4092250       Sim      DDoS Burst
        01:040.0      95.8 144.3     1.27   0.03      Não  6.18   Sim 4219472       Sim      DDoS Burst
        01:049.8     108.8 153.4     1.40   0.13      Não  7.21   Sim 4378494       Sim      DDoS Burst
        02:000.2     116.1 140.1     1.53   0.13      Não  6.70   Sim 4549167       Sim      DDoS Burst
        02:009.9     125.0 155.5     1.70   0.18      Não  6.65   Sim 4732373       Sim      DDoS Burst
        02:020.2     106.5 148.6     1.47   0.23      Não  5.94   Sim 4875968       Sim      DDoS Burst
        02:030.0      72.3 100.9     1.34   0.13      Não  3.62   Sim 4951389       Sim      DDoS Burst
        02:039.7      49.3  74.6     0.86   0.49      Não  4.96   Sim 4975829       Sim      DDoS Burst
        02:049.9      27.7  28.0     0.99   0.13      Não  5.15   Sim 4956413       Sim Normal/Residual
        02:055.1      26.2  21.4     1.75   0.76      Não  1.39   Não 4945323       Sim Normal/Residual

✅ Bursts detectados: 15 | Excel: experiment_results/wedos_grid/rtt_bursts_S2_atk10pct_wu500000_stage1a_rep1.xlsx | Gráfico: experiment_results/wedos_grid/rtt_todos_bursts_S2_atk10pct_wu500000_stage1a_rep1.png

===== Analisando experiment_results/wedos_grid/rtt_log_S2_atk1pct_wu200000_stage1a_rep1.csv =====
[INFO] Baseline pré-ataque: média=27.6ms, desvio=21.5ms (2040 amostras) -> piso de burst = 49.7ms (1.8x a média)
Janela (MM:SS.s) Média RTT  Std Entropia Δ Ent. Al. Ent. Max Z Al. Z CUSUM Al. CUSUM    Status Burst
        00:009.7      27.6 21.5     1.60   0.00      Não  0.00   Não    20       Não Normal/Residual
        00:020.2      29.9 30.3     1.14   0.46      Não 13.63   Sim    10       Não Normal/Residual
        00:029.9      29.8 30.4     1.14   0.00      Não  9.58   Sim    17       Não Normal/Residual
        00:040.4      27.3 21.7     1.26   0.13      Não  2.34   Não    26       Não Normal/Residual
        00:049.9      27.5 21.7     1.32   0.05      Não  3.41   Não     0       Não Normal/Residual
        00:059.9      27.2 21.6     1.52   0.20      Não  2.44   Não     0       Não Normal/Residual
        01:010.0      26.9 21.7     1.11   0.40      Não  4.79   Sim   123       Sim Normal/Residual
        01:020.0      27.4 21.8     1.16   0.05      Não  4.78   Sim     0       Não Normal/Residual
        01:030.0      27.2 21.7     1.52   0.36      Não  3.16   Não     0       Não Normal/Residual
        01:040.1      26.4 21.7     1.47   0.04      Não  5.43   Sim     0       Não Normal/Residual
        01:050.0      26.6 21.7     1.46   0.01      Não  5.45   Sim     7       Não Normal/Residual
        01:059.8      26.5 21.6     1.32   0.14      Não  3.31   Não     0       Não Normal/Residual
        02:010.1      26.4 21.5     1.31   0.01      Não  3.33   Não    25       Não Normal/Residual
        02:020.3      27.8 21.5     1.52   0.21      Não  2.86   Não     9       Não Normal/Residual
        02:029.8      28.4 21.5     1.42   0.11      Não  2.58   Não    13       Não Normal/Residual
        02:040.0      27.0 21.5     1.61   0.19      Não  2.12   Não     0       Não Normal/Residual
        02:050.1      26.8 21.4     1.75   0.14      Não  1.40   Não     9       Não Normal/Residual
        02:055.0      27.3 21.4     1.77   0.01      Não  1.42   Não     0       Não Normal/Residual

✅ Bursts detectados: 0 | Excel: experiment_results/wedos_grid/rtt_bursts_S2_atk1pct_wu200000_stage1a_rep1.xlsx | Gráfico: experiment_results/wedos_grid/rtt_todos_bursts_S2_atk1pct_wu200000_stage1a_rep1.png

===== Analisando experiment_results/wedos_grid/rtt_log_S2_atk1pct_wu300000_stage1a_rep1.csv =====
[INFO] Baseline pré-ataque: média=28.5ms, desvio=25.9ms (1960 amostras) -> piso de burst = 51.3ms (1.8x a média)
Janela (MM:SS.s) Média RTT  Std Entropia Δ Ent. Al. Ent. Max Z Al. Z CUSUM Al. CUSUM    Status Burst
        00:009.9      28.5 25.9     1.60   0.00      Não  0.00   Não  2830       Sim Normal/Residual
        00:020.1      28.4 26.6     1.61   0.01      Não  7.73   Sim     7       Não Normal/Residual
        00:030.1      28.0 23.1     1.41   0.20      Não  6.90   Sim   237       Sim Normal/Residual
        00:040.1      28.0 22.6     1.38   0.03      Não  7.97   Sim     4       Não Normal/Residual
        00:050.2      27.6 21.7     1.38   0.00      Não  3.51   Sim     4       Não Normal/Residual
        00:060.0      27.4 21.9     1.56   0.18      Não  5.47   Sim     0       Não Normal/Residual
        01:010.0      27.1 22.2     1.52   0.04      Não  5.78   Sim     6       Não Normal/Residual
        01:020.1      27.0 22.1     1.51   0.01      Não  5.72   Sim     0       Não Normal/Residual
        01:029.9      27.1 22.0     1.57   0.06      Não  5.65   Sim     0       Não Normal/Residual
        01:040.0      27.1 22.6     1.15   0.42      Não  4.97   Sim     4       Não Normal/Residual
        01:050.0      26.6 22.7     1.17   0.02      Não  4.83   Sim     0       Não Normal/Residual
        02:000.1      27.1 22.0     1.23   0.06      Não  4.97   Sim    94       Não Normal/Residual
        02:009.9      27.2 22.1     1.11   0.12      Não  6.78   Sim   177       Sim Normal/Residual
        02:020.1      27.1 22.3     1.18   0.07      Não  6.72   Sim     8       Não Normal/Residual
        02:030.2      27.1 22.0     1.67   0.49      Não  2.92   Não     0       Não Normal/Residual
        02:040.0      26.6 21.6     1.43   0.23      Não  2.72   Não    34       Não Normal/Residual
        02:049.9      26.3 21.4     1.63   0.20      Não  1.30   Não    10       Não Normal/Residual
        02:054.8      26.0 21.4     1.58   0.05      Não  1.28   Não    10       Não Normal/Residual

✅ Bursts detectados: 0 | Excel: experiment_results/wedos_grid/rtt_bursts_S2_atk1pct_wu300000_stage1a_rep1.xlsx | Gráfico: experiment_results/wedos_grid/rtt_todos_bursts_S2_atk1pct_wu300000_stage1a_rep1.png

===== Analisando experiment_results/wedos_grid/rtt_log_S2_atk1pct_wu400000_stage1a_rep1.csv =====
[INFO] Baseline pré-ataque: média=27.0ms, desvio=21.4ms (1971 amostras) -> piso de burst = 48.7ms (1.8x a média)
Janela (MM:SS.s) Média RTT  Std Entropia Δ Ent. Al. Ent. Max Z Al. Z CUSUM Al. CUSUM    Status Burst
        00:009.9      27.0 21.4     1.40   0.00      Não  0.00   Não     0       Não Normal/Residual
        00:020.1      30.1 29.0     1.20   0.20      Não 11.97   Sim    52       Não Normal/Residual
        00:029.8      30.0 29.4     1.22   0.02      Não  8.73   Sim    12       Não Normal/Residual
        00:039.9      27.0 22.9     1.09   0.13      Não  5.50   Sim     0       Não Normal/Residual
        00:050.0      26.8 22.9     1.17   0.07      Não  6.25   Sim    46       Não Normal/Residual
        01:000.2      27.3 22.7     1.12   0.05      Não  6.61   Sim    12       Não Normal/Residual
        01:009.9      27.4 22.5     1.11   0.01      Não  6.65   Sim     0       Não Normal/Residual
        01:020.0      27.7 23.2     1.65   0.54      Não  5.41   Sim     0       Não Normal/Residual
        01:030.1      28.3 23.9     1.43   0.21      Não  8.00   Sim    13       Não Normal/Residual
        01:039.9      28.2 23.2     1.42   0.01      Não  7.74   Sim     0       Não Normal/Residual
        01:050.2      28.2 22.9     1.26   0.16      Não  6.00   Sim    21       Não Normal/Residual
        01:060.0      27.9 23.2     1.56   0.30      Não  8.78   Sim   217       Sim Normal/Residual
        02:010.0      28.5 25.5     1.63   0.07      Não  8.68   Sim   603       Sim Normal/Residual
        02:020.1      28.5 25.1     1.52   0.10      Não  7.28   Sim     0       Não Normal/Residual
        02:030.0      27.4 22.9     1.47   0.05      Não  7.46   Sim    61       Não Normal/Residual
        02:040.1      27.3 22.4     1.42   0.05      Não  8.21   Sim     6       Não Normal/Residual
        02:050.1      27.1 21.4     1.58   0.16      Não  1.46   Não     0       Não Normal/Residual
        02:055.0      26.7 21.4     1.57   0.01      Não  1.54   Não     0       Não Normal/Residual

✅ Bursts detectados: 0 | Excel: experiment_results/wedos_grid/rtt_bursts_S2_atk1pct_wu400000_stage1a_rep1.xlsx | Gráfico: experiment_results/wedos_grid/rtt_todos_bursts_S2_atk1pct_wu400000_stage1a_rep1.png

===== Analisando experiment_results/wedos_grid/rtt_log_S2_atk1pct_wu425000_stage1b_rep1.csv =====
[INFO] Baseline pré-ataque: média=26.3ms, desvio=21.4ms (2033 amostras) -> piso de burst = 47.3ms (1.8x a média)
Janela (MM:SS.s) Média RTT  Std Entropia Δ Ent. Al. Ent. Max Z Al. Z CUSUM Al. CUSUM    Status Burst
        00:009.9      26.3 21.4     1.70   0.00      Não  0.00   Não    40       Não Normal/Residual
        00:020.0      29.8 31.9     1.19   0.51      Não 16.78   Sim     4       Não Normal/Residual
        00:029.9      30.7 32.0     1.22   0.03      Não 11.18   Sim    16       Não Normal/Residual
        00:039.8      27.0 22.7     1.62   0.40      Não  3.75   Sim    20       Não Normal/Residual
        00:049.9      27.1 23.3     1.68   0.06      Não  5.45   Sim    16       Não Normal/Residual
        01:000.1      27.6 23.1     1.66   0.02      Não  5.19   Sim     0       Não Normal/Residual
        01:010.0      27.8 22.4     1.62   0.04      Não  5.22   Sim     0       Não Normal/Residual
        01:019.9      27.1 22.1     1.62   0.00      Não  3.71   Sim     5       Não Normal/Residual
        01:030.1      27.0 22.3     1.09   0.53      Não  7.39   Sim     0       Não Normal/Residual
        01:039.8      27.5 22.8     1.12   0.03      Não  7.32   Sim     9       Não Normal/Residual
        01:049.8      26.5 22.5     1.21   0.09      Não  4.30   Sim    26       Não Normal/Residual
        02:000.0      27.1 23.2     1.14   0.08      Não  6.76   Sim   153       Sim Normal/Residual
        02:010.1      28.2 23.6     1.20   0.06      Não  6.56   Sim    44       Não Normal/Residual
        02:019.9      27.8 23.2     1.49   0.29      Não  5.52   Sim    28       Não Normal/Residual
        02:029.9      27.0 22.9     1.34   0.15      Não  7.86   Sim    18       Não Normal/Residual
        02:039.9      26.9 22.1     1.31   0.03      Não  7.99   Sim    35       Não Normal/Residual
        02:049.8      26.9 21.4     1.75   0.44      Não  1.33   Não     0       Não Normal/Residual
        02:055.0      26.6 21.3     1.73   0.02      Não  1.37   Não     0       Não Normal/Residual
        03:000.1      21.7 20.6     1.28   0.45      Não  1.16   Não     0       Não Normal/Residual

✅ Bursts detectados: 0 | Excel: experiment_results/wedos_grid/rtt_bursts_S2_atk1pct_wu425000_stage1b_rep1.xlsx | Gráfico: experiment_results/wedos_grid/rtt_todos_bursts_S2_atk1pct_wu425000_stage1b_rep1.png

===== Analisando experiment_results/wedos_grid/rtt_log_S2_atk1pct_wu425000_stage1b_rep2.csv =====
[INFO] Baseline pré-ataque: média=26.6ms, desvio=21.3ms (1941 amostras) -> piso de burst = 47.9ms (1.8x a média)
Janela (MM:SS.s) Média RTT  Std Entropia Δ Ent. Al. Ent. Max Z Al. Z CUSUM Al. CUSUM    Status Burst
        00:010.1      26.6 21.3     1.60   0.00      Não  0.00   Não    72       Não Normal/Residual
        00:020.1      33.1 44.7     0.71   0.90      Não 20.93   Sim  1721       Sim Normal/Residual
        00:029.9      33.8 45.2     0.77   0.07      Não  9.84   Sim    14       Não Normal/Residual
        00:040.1      28.4 24.1     1.59   0.81      Não  4.04   Sim    10       Não Normal/Residual
        00:049.8      27.8 22.9     1.43   0.16      Não  5.50   Sim     0       Não Normal/Residual
        00:060.0      27.3 22.4     1.26   0.17      Não  4.87   Sim     0       Não Normal/Residual
        01:010.2      27.2 22.5     1.24   0.03      Não  4.98   Sim    23       Não Normal/Residual
        01:019.9      27.3 23.1     1.53   0.29      Não  5.75   Sim    20       Não Normal/Residual
        01:030.0      27.2 23.3     1.37   0.16      Não  5.87   Sim     0       Não Normal/Residual
        01:039.9      27.0 23.1     1.31   0.06      Não  5.87   Sim    10       Não Normal/Residual
        01:050.0      26.8 23.1     1.32   0.01      Não  5.94   Sim    19       Não Normal/Residual
        02:000.3      27.1 22.6     1.16   0.16      Não  4.63   Sim    14       Não Normal/Residual
        02:009.8      28.1 24.1     1.58   0.42      Não  9.04   Sim     0       Não Normal/Residual
        02:020.0      28.2 24.4     1.58   0.00      Não  8.45   Sim     0       Não Normal/Residual
        02:029.9      28.0 23.7     1.18   0.40      Não  6.78   Sim    60       Não Normal/Residual
        02:040.3      28.7 23.0     1.22   0.04      Não  6.99   Sim    34       Não Normal/Residual
        02:049.9      28.2 21.6     1.91   0.69      Não  2.08   Não     0       Não Normal/Residual
        02:055.0      27.3 21.5     1.79   0.12      Não  1.68   Não    33       Não Normal/Residual

✅ Bursts detectados: 0 | Excel: experiment_results/wedos_grid/rtt_bursts_S2_atk1pct_wu425000_stage1b_rep2.xlsx | Gráfico: experiment_results/wedos_grid/rtt_todos_bursts_S2_atk1pct_wu425000_stage1b_rep2.png

===== Analisando experiment_results/wedos_grid/rtt_log_S2_atk1pct_wu425000_stage1b_rep3.csv =====
[INFO] Baseline pré-ataque: média=26.6ms, desvio=21.4ms (1992 amostras) -> piso de burst = 47.9ms (1.8x a média)
Janela (MM:SS.s) Média RTT  Std Entropia Δ Ent. Al. Ent. Max Z Al. Z CUSUM Al. CUSUM    Status Burst
        00:009.8      26.6 21.4     1.49   0.00      Não  0.00   Não    51       Não Normal/Residual
        00:020.0      29.0 29.1     1.22   0.27      Não 11.86   Sim    46       Não Normal/Residual
        00:030.2      29.2 29.8     1.28   0.06      Não  8.64   Sim     8       Não Normal/Residual
        00:039.8      27.1 23.3     1.56   0.28      Não  6.24   Sim     0       Não Normal/Residual
        00:050.0      27.0 22.5     1.18   0.38      Não  4.38   Sim     0       Não Normal/Residual
        01:000.1      27.1 22.7     1.27   0.09      Não  6.09   Sim     0       Não Normal/Residual
        01:009.9      26.9 22.8     1.11   0.16      Não  7.07   Sim    14       Não Normal/Residual
        01:020.2      27.0 23.1     1.09   0.03      Não 11.22   Sim     0       Não Normal/Residual
        01:029.9      27.5 23.0     1.10   0.01      Não 11.09   Sim     0       Não Normal/Residual
        01:040.1      28.0 22.4     1.46   0.37      Não  5.00   Sim     9       Não Normal/Residual
        01:050.1      27.7 22.4     1.45   0.01      Não  5.11   Sim    11       Não Normal/Residual
        01:059.9      27.5 22.7     1.13   0.32      Não  4.74   Sim     8       Não Normal/Residual
        02:010.0      27.2 23.0     1.19   0.06      Não  4.82   Sim    18       Não Normal/Residual
        02:020.2      27.4 23.3     1.56   0.36      Não  5.58   Sim    49       Não Normal/Residual
        02:030.1      28.0 23.4     1.57   0.01      Não  5.51   Sim    35       Não Normal/Residual
        02:039.7      26.9 22.6     1.54   0.03      Não  5.40   Sim    11       Não Normal/Residual
        02:050.1      26.7 21.5     1.48   0.06      Não  1.94   Não     7       Não Normal/Residual
        02:055.0      27.7 21.4     1.50   0.02      Não  2.05   Não     7       Não Normal/Residual

✅ Bursts detectados: 0 | Excel: experiment_results/wedos_grid/rtt_bursts_S2_atk1pct_wu425000_stage1b_rep3.xlsx | Gráfico: experiment_results/wedos_grid/rtt_todos_bursts_S2_atk1pct_wu425000_stage1b_rep3.png

===== Analisando experiment_results/wedos_grid/rtt_log_S2_atk1pct_wu450000_stage1b_rep1.csv =====
[INFO] Baseline pré-ataque: média=26.7ms, desvio=21.3ms (2032 amostras) -> piso de burst = 48.1ms (1.8x a média)
Janela (MM:SS.s) Média RTT  Std Entropia Δ Ent. Al. Ent. Max Z Al. Z CUSUM Al. CUSUM    Status Burst
        00:010.1      26.7 21.3     1.59   0.00      Não  0.00   Não     0       Não Normal/Residual
        00:019.9      31.8 39.3     1.14   0.45      Não 19.05   Sim     9       Não Normal/Residual
        00:030.1      31.5 39.7     1.15   0.01      Não 10.19   Sim    12       Não Normal/Residual
        00:040.0      27.6 23.0     1.13   0.02      Não  3.79   Sim    33       Não Normal/Residual
        00:050.3      28.5 24.1     1.20   0.07      Não  6.84   Sim    28       Não Normal/Residual
        00:059.8      27.8 23.3     1.16   0.04      Não  6.51   Sim    38       Não Normal/Residual
        01:009.9      26.4 22.1     1.19   0.03      Não  4.20   Sim     0       Não Normal/Residual
        01:020.2      26.4 22.2     1.12   0.07      Não  6.56   Sim    44       Não Normal/Residual
        01:030.0      27.5 22.8     1.18   0.06      Não  6.51   Sim     0       Não Normal/Residual
        01:039.9      27.5 22.7     1.20   0.02      Não  6.25   Sim     7       Não Normal/Residual
        01:049.8      26.4 22.0     1.50   0.30      Não  3.53   Sim    18       Não Normal/Residual
        02:000.3      26.1 21.8     1.26   0.24      Não  3.59   Sim     7       Não Normal/Residual
        02:009.9      26.3 22.0     1.51   0.25      Não  3.81   Sim     0       Não Normal/Residual
        02:020.0      26.7 22.2     1.52   0.02      Não  3.78   Sim    10       Não Normal/Residual
        02:030.0      26.9 22.4     1.14   0.38      Não  4.61   Sim     0       Não Normal/Residual
        02:040.2      27.0 21.9     1.08   0.06      Não  4.54   Sim     0       Não Normal/Residual
        02:049.9      27.2 21.4     1.61   0.53      Não  1.39   Não     0       Não Normal/Residual
        02:055.0      27.1 21.4     1.63   0.02      Não  1.29   Não     6       Não Normal/Residual

✅ Bursts detectados: 0 | Excel: experiment_results/wedos_grid/rtt_bursts_S2_atk1pct_wu450000_stage1b_rep1.xlsx | Gráfico: experiment_results/wedos_grid/rtt_todos_bursts_S2_atk1pct_wu450000_stage1b_rep1.png

===== Analisando experiment_results/wedos_grid/rtt_log_S2_atk1pct_wu450000_stage1b_rep2.csv =====
[INFO] Baseline pré-ataque: média=25.8ms, desvio=21.3ms (2013 amostras) -> piso de burst = 46.5ms (1.8x a média)
Janela (MM:SS.s) Média RTT  Std Entropia Δ Ent. Al. Ent. Max Z Al. Z CUSUM Al. CUSUM    Status Burst
        00:010.1      25.8 21.3     1.53   0.00      Não  0.00   Não    24       Não Normal/Residual
        00:019.9      28.9 28.8     1.16   0.37      Não 12.67   Sim    33       Não Normal/Residual
        00:030.0      29.2 29.5     1.20   0.04      Não  9.28   Sim    23       Não Normal/Residual
        00:039.9      26.9 23.4     1.57   0.37      Não  6.37   Sim     0       Não Normal/Residual
        00:050.1      28.0 23.7     1.18   0.39      Não  6.97   Sim     0       Não Normal/Residual
        00:060.0      28.0 23.2     1.16   0.03      Não  6.82   Sim     0       Não Normal/Residual
        01:010.0      27.3 22.7     1.10   0.06      Não  7.10   Sim    25       Não Normal/Residual
        01:020.1      28.5 24.4     1.58   0.49      Não  8.96   Sim    49       Não Normal/Residual
        01:030.0      29.0 24.1     1.60   0.02      Não  8.29   Sim     0       Não Normal/Residual
        01:040.1      28.5 22.9     1.58   0.03      Não  5.28   Sim     0       Não Normal/Residual
        01:049.8      28.0 23.3     1.58   0.00      Não  5.57   Sim   271       Sim Normal/Residual
        01:059.9      27.6 22.9     1.18   0.40      Não  4.53   Sim    39       Não Normal/Residual
        02:009.8      27.3 22.7     1.42   0.23      Não  4.09   Sim     0       Não Normal/Residual
        02:020.1      26.9 22.6     1.13   0.29      Não  4.62   Sim    71       Não Normal/Residual
        02:030.0      28.2 24.7     1.60   0.47      Não  5.74   Sim    20       Não Normal/Residual
        02:039.8      27.9 24.4     1.58   0.02      Não  5.20   Sim     0       Não Normal/Residual
        02:050.2      26.5 21.5     1.50   0.08      Não  1.84   Não    55       Não Normal/Residual
        02:055.1      26.4 21.4     1.50   0.00      Não  1.25   Não     0       Não Normal/Residual

✅ Bursts detectados: 0 | Excel: experiment_results/wedos_grid/rtt_bursts_S2_atk1pct_wu450000_stage1b_rep2.xlsx | Gráfico: experiment_results/wedos_grid/rtt_todos_bursts_S2_atk1pct_wu450000_stage1b_rep2.png

===== Analisando experiment_results/wedos_grid/rtt_log_S2_atk1pct_wu450000_stage1b_rep3.csv =====
[INFO] Baseline pré-ataque: média=26.5ms, desvio=21.3ms (2047 amostras) -> piso de burst = 47.8ms (1.8x a média)
Janela (MM:SS.s) Média RTT  Std Entropia Δ Ent. Al. Ent. Max Z Al. Z CUSUM Al. CUSUM    Status Burst
        00:010.1      26.5 21.3     1.73   0.00      Não  0.00   Não    58       Não Normal/Residual
        00:019.9      31.1 40.4     1.21   0.52      Não 18.10   Sim    23       Não Normal/Residual
        00:030.2      32.0 40.4     1.23   0.02      Não  9.44   Sim     9       Não Normal/Residual
        00:039.9      28.5 25.3     1.58   0.35      Não  4.87   Sim     0       Não Normal/Residual
        00:050.3      28.9 25.1     1.58   0.00      Não  7.91   Sim    16       Não Normal/Residual
        00:059.8      28.1 22.2     1.17   0.41      Não  3.90   Sim     0       Não Normal/Residual
        01:010.2      27.5 22.6     1.31   0.13      Não  5.04   Sim     0       Não Normal/Residual
        01:019.9      27.0 22.6     1.33   0.02      Não  4.98   Sim     0       Não Normal/Residual
        01:030.0      26.8 22.4     1.37   0.04      Não  4.15   Sim     2       Não Normal/Residual
        01:040.1      27.4 22.8     1.11   0.26      Não  7.37   Sim    22       Não Normal/Residual
        01:050.0      27.7 23.8     1.53   0.42      Não  8.24   Sim    33       Não Normal/Residual
        02:000.2      28.0 23.2     1.55   0.01      Não  7.87   Sim    28       Não Normal/Residual
        02:009.9      27.7 21.8     1.45   0.10      Não  3.47   Não    43       Não Normal/Residual
        02:020.0      27.5 22.0     1.10   0.34      Não  4.63   Sim     9       Não Normal/Residual
        02:030.0      28.0 23.8     1.17   0.07      Não  7.20   Sim     0       Não Normal/Residual
        02:039.8      27.2 23.5     1.14   0.03      Não  6.63   Sim     8       Não Normal/Residual
        02:050.4      26.7 21.4     1.70   0.55      Não  1.25   Não    56       Não Normal/Residual
        02:055.2      27.0 21.4     1.71   0.01      Não  1.39   Não    56       Não Normal/Residual

✅ Bursts detectados: 0 | Excel: experiment_results/wedos_grid/rtt_bursts_S2_atk1pct_wu450000_stage1b_rep3.xlsx | Gráfico: experiment_results/wedos_grid/rtt_todos_bursts_S2_atk1pct_wu450000_stage1b_rep3.png

===== Analisando experiment_results/wedos_grid/rtt_log_S2_atk1pct_wu475000_stage1b_rep1.csv =====
[INFO] Baseline pré-ataque: média=25.2ms, desvio=21.5ms (1861 amostras) -> piso de burst = 45.4ms (1.8x a média)
Janela (MM:SS.s) Média RTT  Std Entropia Δ Ent. Al. Ent. Max Z Al. Z CUSUM Al. CUSUM    Status Burst
        00:010.1      25.2 21.5     1.58   0.00      Não  0.00   Não    21       Não Normal/Residual
        00:020.3      28.4 27.7     1.18   0.40      Não 11.72   Sim   123       Sim Normal/Residual
        00:029.8      29.6 28.8     1.23   0.06      Não  8.97   Sim    69       Não Normal/Residual
        00:040.0      27.9 24.5     1.23   0.01      Não  6.10   Sim     9       Não Normal/Residual
        00:050.0      27.7 23.5     1.48   0.25      Não  5.29   Sim     0       Não Normal/Residual
        01:000.1      27.9 24.1     1.24   0.23      Não  5.95   Sim     0       Não Normal/Residual
        01:009.9      27.4 24.3     1.25   0.01      Não  5.79   Sim    18       Não Normal/Residual
        01:020.2      26.6 22.7     1.31   0.06      Não  4.64   Sim    54       Não Normal/Residual
        01:029.9      28.3 26.4     1.19   0.13      Não 10.21   Sim  1995       Sim Normal/Residual
        01:039.8      31.3 33.4     1.35   0.17      Não  9.92   Sim  1909       Sim Normal/Residual
        01:050.1      30.2 31.1     1.29   0.06      Não  7.76   Sim     0       Não Normal/Residual
        01:059.9      30.6 32.0     1.31   0.02      Não  7.90   Sim  2428       Sim Normal/Residual
        02:010.1      34.9 39.0     1.50   0.19      Não  7.66   Sim  2806       Sim Normal/Residual
        02:020.0      32.6 33.7     1.40   0.10      Não  6.03   Sim    62       Não Normal/Residual
        02:030.0      33.8 36.3     1.40   0.01      Não  8.61   Sim  5843       Sim Normal/Residual
        02:040.0      41.0 60.9     0.63   0.77      Não 15.03   Sim 15992       Sim Normal/Residual
        02:050.0      34.9 55.2     0.34   0.30      Não  8.85   Sim 13911       Sim Normal/Residual
        02:055.5      26.5 21.4     1.58   1.25      Não  0.58   Não  3595       Sim Normal/Residual
        03:000.4      27.4 21.1     2.14   0.56      Não  1.45   Não  2874       Sim Normal/Residual

✅ Bursts detectados: 0 | Excel: experiment_results/wedos_grid/rtt_bursts_S2_atk1pct_wu475000_stage1b_rep1.xlsx | Gráfico: experiment_results/wedos_grid/rtt_todos_bursts_S2_atk1pct_wu475000_stage1b_rep1.png

===== Analisando experiment_results/wedos_grid/rtt_log_S2_atk1pct_wu475000_stage1b_rep2.csv =====
[INFO] Baseline pré-ataque: média=26.6ms, desvio=21.5ms (1976 amostras) -> piso de burst = 47.9ms (1.8x a média)
Janela (MM:SS.s) Média RTT   Std Entropia Δ Ent. Al. Ent. Max Z Al. Z  CUSUM Al. CUSUM    Status Burst
        00:010.1      26.6  21.5     1.52   0.00      Não  0.00   Não     21       Não Normal/Residual
        00:019.9      29.2  30.4     1.18   0.34      Não 13.42   Sim     29       Não Normal/Residual
        00:030.0      34.8  40.5     1.43   0.24      Não 10.58   Sim   3485       Sim Normal/Residual
        00:040.1      33.2  37.0     1.36   0.06      Não  7.80   Sim     25       Não Normal/Residual
        00:050.1      30.0  30.2     0.76   0.60      Não 11.78   Sim    257       Sim Normal/Residual
        01:000.1      74.6 130.4     0.93   0.17      Não 30.82   Sim  82237       Sim      DDoS Burst
        01:010.0      98.0 149.0     1.29   0.36      Não  6.79   Sim 200638       Sim      DDoS Burst
        01:020.0      55.2  91.9     0.80   0.49      Não  4.26   Sim 234913       Sim      DDoS Burst
        01:030.2      33.5  39.9     0.35   0.44      Não  5.92   Sim 227314       Sim Normal/Residual
        01:039.9      43.9  56.9     1.07   0.71      Não 11.40   Sim 240469       Sim Normal/Residual
        01:050.1      43.1  56.6     1.06   0.01      Não  7.81   Sim 252053       Sim Normal/Residual
        02:000.0      31.2  30.0     1.82   0.76      Não  3.20   Não 239453       Sim Normal/Residual
        02:010.0      30.2  26.6     1.73   0.08      Não  6.43   Sim 224854       Sim Normal/Residual
        02:019.9      34.9  35.7     1.45   0.28      Não 10.47   Sim 219885       Sim Normal/Residual
        02:030.0      40.5  47.7     1.63   0.17      Não  8.67   Sim 226251       Sim Normal/Residual
        02:040.0      36.1  44.1     1.43   0.20      Não  6.60   Sim 223904       Sim Normal/Residual
        02:050.2      29.0  28.8     1.15   0.28      Não  7.22   Sim 208083       Sim Normal/Residual
        02:055.4      26.6  21.4     1.88   0.74      Não  1.25   Não 196715       Sim Normal/Residual
        03:000.4      25.3  21.3     2.06   0.17      Não  1.67   Não 195671       Sim Normal/Residual

✅ Bursts detectados: 3 | Excel: experiment_results/wedos_grid/rtt_bursts_S2_atk1pct_wu475000_stage1b_rep2.xlsx | Gráfico: experiment_results/wedos_grid/rtt_todos_bursts_S2_atk1pct_wu475000_stage1b_rep2.png

===== Analisando experiment_results/wedos_grid/rtt_log_S2_atk1pct_wu475000_stage1b_rep3.csv =====
[INFO] Baseline pré-ataque: média=26.8ms, desvio=21.4ms (1941 amostras) -> piso de burst = 48.3ms (1.8x a média)
Janela (MM:SS.s) Média RTT   Std Entropia Δ Ent. Al. Ent. Max Z Al. Z  CUSUM Al. CUSUM    Status Burst
        00:010.3      26.8  21.4     1.77   0.00      Não  0.00   Não     31       Não Normal/Residual
        00:020.0      65.6 114.6     0.91   0.86      Não 34.24   Sim  66133       Sim      DDoS Burst
        00:029.9      70.2 117.6     1.06   0.15      Não  6.05   Sim 130425       Sim      DDoS Burst
        00:040.0      32.3  38.1     1.25   0.20      Não  3.04   Não 120252       Sim Normal/Residual
        00:050.1      36.8  45.9     0.56   0.69      Não 14.21   Sim 118787       Sim Normal/Residual
        00:059.9      39.3  50.3     0.64   0.08      Não 11.68   Sim 122347       Sim Normal/Residual
        01:010.1      34.2  40.7     0.93   0.29      Não  8.58   Sim 115735       Sim Normal/Residual
        01:019.9      33.7  38.1     0.83   0.10      Não 10.86   Sim 108057       Sim Normal/Residual
        01:030.1      34.2  39.1     0.86   0.03      Não 11.63   Sim 101487       Sim Normal/Residual
        01:040.1      36.6  42.3     1.47   0.60      Não  6.98   Sim  99626       Sim Normal/Residual
        01:049.9      36.1  39.0     1.48   0.01      Não  6.39   Sim  96630       Sim Normal/Residual
        02:000.2      43.2  58.3     0.99   0.49      Não 11.71   Sim 108271       Sim Normal/Residual
        02:010.1      42.6  57.3     0.97   0.02      Não  7.70   Sim 118657       Sim Normal/Residual
        02:019.9      36.2  42.3     1.45   0.48      Não  5.38   Sim 116043       Sim Normal/Residual
        02:029.9      35.6  42.2     1.45   0.00      Não  7.45   Sim 112355       Sim Normal/Residual
        02:040.0      30.0  28.2     1.28   0.17      Não  3.94   Sim  97813       Sim Normal/Residual
        02:049.9      27.5  24.1     1.13   0.15      Não  5.89   Sim  78325       Sim Normal/Residual
        02:055.5      27.1  21.6     1.66   0.53      Não  1.89   Não  67168       Sim Normal/Residual
        03:000.5      31.8  21.3     1.82   0.16      Não  1.32   Não  66550       Sim Normal/Residual

✅ Bursts detectados: 2 | Excel: experiment_results/wedos_grid/rtt_bursts_S2_atk1pct_wu475000_stage1b_rep3.xlsx | Gráfico: experiment_results/wedos_grid/rtt_todos_bursts_S2_atk1pct_wu475000_stage1b_rep3.png

===== Analisando experiment_results/wedos_grid/rtt_log_S2_atk1pct_wu500000_stage1a_rep1.csv =====
[INFO] Baseline pré-ataque: média=27.2ms, desvio=21.7ms (1955 amostras) -> piso de burst = 48.9ms (1.8x a média)
Janela (MM:SS.s) Média RTT  Std Entropia Δ Ent. Al. Ent. Max Z Al. Z CUSUM Al. CUSUM    Status Burst
        00:009.7      27.2 21.7     1.56   0.00      Não  0.00   Não   249       Sim Normal/Residual
        00:020.2      32.8 37.7     1.27   0.29      Não 15.77   Sim    48       Não Normal/Residual
        00:030.1      34.3 38.4     1.33   0.06      Não  8.94   Sim     0       Não Normal/Residual
        00:040.0      29.6 25.6     1.40   0.06      Não  5.48   Sim    24       Não Normal/Residual
        00:050.0      28.3 23.5     1.17   0.22      Não  6.97   Sim    11       Não Normal/Residual
        01:000.1      35.2 38.9     1.45   0.28      Não 12.09   Sim  7288       Sim Normal/Residual
        01:009.9      35.3 40.2     1.47   0.02      Não  7.13   Sim  1887       Sim Normal/Residual
        01:020.0      28.4 26.0     1.49   0.02      Não  5.00   Sim    14       Não Normal/Residual
        01:030.1      32.7 37.8     0.60   0.88      Não 17.71   Sim   919       Sim Normal/Residual
        01:040.3      33.0 37.7     0.65   0.05      Não 12.07   Sim    29       Não Normal/Residual
        01:050.0      30.0 27.5     1.18   0.53      Não  7.02   Sim   105       Não Normal/Residual
        01:059.9      37.8 44.7     1.45   0.27      Não 13.48   Sim  7234       Sim Normal/Residual
        02:010.0      37.6 45.0     1.46   0.01      Não  8.12   Sim  6467       Sim Normal/Residual
        02:020.0      33.2 40.5     1.30   0.15      Não  8.25   Sim  4030       Sim Normal/Residual
        02:030.1      34.1 41.1     1.32   0.02      Não  9.29   Sim     8       Não Normal/Residual
        02:039.8      28.9 26.6     1.20   0.12      Não  5.59   Sim     0       Não Normal/Residual
        02:050.1      27.0 21.4     1.69   0.49      Não  1.35   Não    15       Não Normal/Residual
        02:054.9      27.9 21.4     1.72   0.03      Não  1.77   Não    15       Não Normal/Residual

✅ Bursts detectados: 0 | Excel: experiment_results/wedos_grid/rtt_bursts_S2_atk1pct_wu500000_stage1a_rep1.xlsx | Gráfico: experiment_results/wedos_grid/rtt_todos_bursts_S2_atk1pct_wu500000_stage1a_rep1.png

===== Analisando experiment_results/wedos_grid/rtt_log_S2_atk1pct_wu500000_stage1b_confirm_rep2.csv =====
[INFO] Baseline pré-ataque: média=26.5ms, desvio=21.5ms (1940 amostras) -> piso de burst = 47.7ms (1.8x a média)
Janela (MM:SS.s) Média RTT  Std Entropia Δ Ent. Al. Ent. Max Z Al. Z CUSUM Al. CUSUM    Status Burst
        00:010.0      26.5 21.5     1.71   0.00      Não  0.00   Não     0       Não Normal/Residual
        00:019.9      32.4 39.7     1.25   0.46      Não 17.13   Sim   839       Sim Normal/Residual
        00:029.9      32.9 40.1     1.28   0.03      Não  9.11   Sim     0       Não Normal/Residual
        00:040.0      28.8 25.0     1.64   0.36      Não  4.83   Sim     0       Não Normal/Residual
        00:050.0      31.6 34.5     1.26   0.38      Não 13.06   Sim     0       Não Normal/Residual
        00:059.8      31.0 34.5     1.25   0.01      Não  9.37   Sim    61       Não Normal/Residual
        01:009.9      31.4 35.7     1.28   0.03      Não  8.97   Sim  4106       Sim Normal/Residual
        01:020.1      32.5 35.9     1.31   0.03      Não  8.66   Sim     9       Não Normal/Residual
        01:029.8      29.0 25.7     1.69   0.38      Não  5.27   Sim     0       Não Normal/Residual
        01:039.8      27.4 23.9     1.59   0.10      Não  7.64   Sim    32       Não Normal/Residual
        01:050.0      28.9 27.5     1.69   0.10      Não  8.27   Sim    10       Não Normal/Residual
        02:000.1      30.5 29.6     1.31   0.38      Não  8.65   Sim     0       Não Normal/Residual
        02:010.0      29.2 27.2     1.21   0.10      Não  7.98   Sim     7       Não Normal/Residual
        02:020.0      27.6 25.2     1.15   0.06      Não  8.67   Sim    10       Não Normal/Residual
        02:030.1      27.2 24.2     1.31   0.15      Não  7.18   Sim    56       Não Normal/Residual
        02:039.9      27.4 22.7     1.30   0.01      Não  8.95   Sim    29       Não Normal/Residual
        02:050.0      27.6 21.9     1.26   0.04      Não  9.52   Sim    21       Não Normal/Residual
        02:055.4      27.0 21.4     1.61   0.35      Não  1.45   Não     0       Não Normal/Residual
        03:000.5      24.7 21.6     1.74   0.13      Não  1.52   Não     0       Não Normal/Residual

✅ Bursts detectados: 0 | Excel: experiment_results/wedos_grid/rtt_bursts_S2_atk1pct_wu500000_stage1b_confirm_rep2.xlsx | Gráfico: experiment_results/wedos_grid/rtt_todos_bursts_S2_atk1pct_wu500000_stage1b_confirm_rep2.png

===== Analisando experiment_results/wedos_grid/rtt_log_S2_atk1pct_wu500000_stage1b_confirm_rep3.csv =====
[INFO] Baseline pré-ataque: média=26.4ms, desvio=21.4ms (1951 amostras) -> piso de burst = 47.5ms (1.8x a média)
Janela (MM:SS.s) Média RTT  Std Entropia Δ Ent. Al. Ent. Max Z Al. Z CUSUM Al. CUSUM    Status Burst
        00:010.1      26.4 21.4     1.66   0.00      Não  0.00   Não     6       Não Normal/Residual
        00:020.2      35.3 56.0     0.59   1.06      Não 21.47   Sim  7186       Sim Normal/Residual
        00:029.7      42.1 65.9     0.88   0.29      Não  8.05   Sim 17283       Sim Normal/Residual
        00:040.0      34.8 44.2     1.02   0.14      Não  6.34   Sim 12774       Sim Normal/Residual
        00:050.2      31.9 33.8     1.27   0.25      Não  7.67   Sim  2009       Sim Normal/Residual
        00:059.8      33.3 35.1     1.31   0.04      Não 10.10   Sim    79       Não Normal/Residual
        01:010.2      32.6 32.3     1.34   0.03      Não  8.07   Sim     0       Não Normal/Residual
        01:020.0      35.2 39.6     1.37   0.03      Não 10.73   Sim  2057       Sim Normal/Residual
        01:030.0      33.4 37.3     1.31   0.06      Não  8.70   Sim   415       Sim Normal/Residual
        01:039.8      36.2 47.5     1.39   0.08      Não 10.42   Sim  6819       Sim Normal/Residual
        01:050.3      36.6 47.3     1.41   0.01      Não  8.13   Sim  5819       Sim Normal/Residual
        01:059.8      30.2 29.8     1.26   0.15      Não  5.71   Sim    11       Não Normal/Residual
        02:010.1      31.3 32.1     1.29   0.04      Não  9.29   Sim   288       Sim Normal/Residual
        02:020.2      39.0 50.2     1.39   0.10      Não 12.64   Sim  9305       Sim Normal/Residual
        02:030.0      39.5 50.7     1.43   0.03      Não  7.93   Sim 14365       Sim Normal/Residual
        02:039.9      30.1 28.2     1.22   0.21      Não  4.95   Sim     8       Não Normal/Residual
        02:050.0      27.6 21.9     1.57   0.35      Não  4.15   Sim     0       Não Normal/Residual
        02:055.6      28.1 21.5     1.71   0.15      Não  1.98   Não     0       Não Normal/Residual
        03:000.5      26.5 21.4     1.70   0.01      Não  1.18   Não     0       Não Normal/Residual

✅ Bursts detectados: 0 | Excel: experiment_results/wedos_grid/rtt_bursts_S2_atk1pct_wu500000_stage1b_confirm_rep3.xlsx | Gráfico: experiment_results/wedos_grid/rtt_todos_bursts_S2_atk1pct_wu500000_stage1b_confirm_rep3.png

===== Analisando experiment_results/wedos_grid/rtt_log_S2_atk5pct_wu200000_stage1a_rep1.csv =====
[INFO] Baseline pré-ataque: média=27.5ms, desvio=21.4ms (2048 amostras) -> piso de burst = 49.4ms (1.8x a média)
Janela (MM:SS.s) Média RTT  Std Entropia Δ Ent. Al. Ent. Max Z Al. Z CUSUM Al. CUSUM    Status Burst
        00:009.9      27.5 21.4     1.73   0.00      Não  0.00   Não    17       Não Normal/Residual
        00:020.1      35.0 36.6     1.46   0.27      Não 13.02   Sim  8152       Sim Normal/Residual
        00:030.1      37.5 37.3     1.55   0.09      Não  7.38   Sim  6850       Sim Normal/Residual
        00:040.0      30.2 24.6     1.35   0.19      Não  3.88   Sim     0       Não Normal/Residual
        00:049.9      29.0 23.8     1.33   0.02      Não  5.71   Sim   235       Sim Normal/Residual
        01:000.0      29.8 25.0     1.38   0.04      Não  6.37   Sim    11       Não Normal/Residual
        01:010.0      30.1 24.9     1.45   0.08      Não  6.02   Sim    15       Não Normal/Residual
        01:020.1      29.7 23.7     1.80   0.35      Não  4.77   Sim    12       Não Normal/Residual
        01:029.9      29.8 24.6     1.40   0.41      Não  6.47   Sim     0       Não Normal/Residual
        01:040.3      30.9 26.7     1.55   0.15      Não  7.34   Sim     9       Não Normal/Residual
        01:050.0      31.0 25.8     1.46   0.09      Não  6.71   Sim     0       Não Normal/Residual
        01:060.0      32.3 26.5     1.47   0.00      Não  6.32   Sim     0       Não Normal/Residual
        02:010.0      31.8 27.4     1.47   0.00      Não  6.10   Sim    38       Não Normal/Residual
        02:020.1      29.7 24.7     1.71   0.24      Não  4.62   Sim     0       Não Normal/Residual
        02:030.0      30.1 24.0     1.52   0.19      Não  5.54   Sim     0       Não Normal/Residual
        02:039.9      29.1 23.2     1.39   0.13      Não  5.70   Sim    29       Não Normal/Residual
        02:049.9      27.0 21.4     1.65   0.26      Não  1.43   Não     0       Não Normal/Residual
        02:055.0      26.5 21.3     1.62   0.03      Não  1.65   Não     0       Não Normal/Residual

✅ Bursts detectados: 0 | Excel: experiment_results/wedos_grid/rtt_bursts_S2_atk5pct_wu200000_stage1a_rep1.xlsx | Gráfico: experiment_results/wedos_grid/rtt_todos_bursts_S2_atk5pct_wu200000_stage1a_rep1.png

===== Analisando experiment_results/wedos_grid/rtt_log_S2_atk5pct_wu300000_stage1a_rep1.csv =====
[INFO] Baseline pré-ataque: média=27.3ms, desvio=21.5ms (2007 amostras) -> piso de burst = 49.2ms (1.8x a média)
Janela (MM:SS.s) Média RTT  Std Entropia Δ Ent. Al. Ent. Max Z Al. Z  CUSUM Al. CUSUM    Status Burst
        00:010.2      27.3 21.5     1.40   0.00      Não  0.00   Não     15       Não Normal/Residual
        00:020.1      51.2 71.5     0.92   0.48      Não 27.90   Sim  38448       Sim      DDoS Burst
        00:030.2      55.8 71.8     1.10   0.18      Não  8.05   Sim  76021       Sim      DDoS Burst
        00:039.8      43.2 47.9     1.59   0.49      Não  5.20   Sim  86843       Sim Normal/Residual
        00:050.2      44.0 49.1     1.60   0.02      Não  8.05   Sim  99374       Sim Normal/Residual
        00:059.8      41.5 42.0     1.71   0.10      Não  5.98   Sim 106664       Sim Normal/Residual
        01:009.9      42.8 46.1     1.76   0.06      Não  7.06   Sim 116268       Sim Normal/Residual
        01:020.2      36.5 38.5     1.61   0.16      Não  5.57   Sim 113080       Sim Normal/Residual
        01:030.0      38.0 40.1     1.62   0.02      Não  6.87   Sim 112871       Sim Normal/Residual
        01:039.9      38.6 41.4     1.64   0.02      Não  6.57   Sim 113896       Sim Normal/Residual
        01:050.2      37.0 37.4     1.64   0.00      Não  5.73   Sim 111801       Sim Normal/Residual
        02:000.1      41.4 39.5     1.83   0.19      Não  6.32   Sim 119131       Sim Normal/Residual
        02:009.9      43.3 40.7     1.59   0.25      Não  9.39   Sim 130447       Sim Normal/Residual
        02:020.1      41.2 39.5     1.55   0.04      Não  9.07   Sim 137058       Sim Normal/Residual
        02:030.0      40.3 42.8     1.65   0.10      Não  8.01   Sim 141715       Sim Normal/Residual
        02:040.0      35.6 38.9     1.41   0.24      Não  7.41   Sim 136570       Sim Normal/Residual
        02:049.8      27.7 21.4     1.57   0.15      Não  1.52   Não 115557       Sim Normal/Residual
        02:055.0      27.0 21.7     1.60   0.04      Não  3.13   Não 104743       Sim Normal/Residual

✅ Bursts detectados: 2 | Excel: experiment_results/wedos_grid/rtt_bursts_S2_atk5pct_wu300000_stage1a_rep1.xlsx | Gráfico: experiment_results/wedos_grid/rtt_todos_bursts_S2_atk5pct_wu300000_stage1a_rep1.png

===== Analisando experiment_results/wedos_grid/rtt_log_S2_atk5pct_wu400000_stage1a_rep1.csv =====
[INFO] Baseline pré-ataque: média=27.4ms, desvio=22.1ms (1926 amostras) -> piso de burst = 49.4ms (1.8x a média)
Janela (MM:SS.s) Média RTT   Std Entropia Δ Ent. Al. Ent. Max Z Al. Z  CUSUM Al. CUSUM    Status Burst
        00:010.0      27.4  22.1     1.07   0.00      Não  0.00   Não    383       Sim Normal/Residual
        00:020.2      65.3 110.5     1.02   0.05      Não 33.50   Sim  63581       Sim      DDoS Burst
        00:030.2      84.3 114.4     1.48   0.46      Não  6.34   Sim 158207       Sim      DDoS Burst
        00:040.1      60.0  67.5     1.43   0.05      Não  3.76   Sim 203439       Sim      DDoS Burst
        00:050.0      52.3  59.4     1.22   0.21      Não  6.73   Sim 232495       Sim      DDoS Burst
        01:000.0      51.0  57.3     1.70   0.47      Não  6.59   Sim 258681       Sim      DDoS Burst
        01:010.1      54.7  68.9     1.31   0.39      Não  7.89   Sim 293091       Sim      DDoS Burst
        01:019.9      53.6  69.8     1.27   0.03      Não  6.50   Sim 325038       Sim      DDoS Burst
        01:030.1      40.5  46.7     1.44   0.17      Não  5.57   Sim 329389       Sim Normal/Residual
        01:040.0      43.0  48.9     1.62   0.17      Não  7.80   Sim 338991       Sim Normal/Residual
        01:049.9      49.3  58.3     1.45   0.17      Não  8.65   Sim 360784       Sim Normal/Residual
        02:000.3      55.9  66.8     1.60   0.15      Não  7.26   Sim 396483       Sim      DDoS Burst
        02:010.2      73.4 104.6     1.30   0.29      Não 10.26   Sim 473433       Sim      DDoS Burst
        02:019.7      62.8  99.6     1.03   0.27      Não  6.38   Sim 524972       Sim      DDoS Burst
        02:030.2      42.4  44.9     1.67   0.63      Não  3.10   Não 532962       Sim Normal/Residual
        02:039.8      35.8  36.4     1.52   0.15      Não  5.67   Sim 527441       Sim Normal/Residual
        02:049.9      27.3  21.5     1.55   0.03      Não  1.41   Não 505852       Sim Normal/Residual
        02:055.0      27.5  21.6     1.59   0.05      Não  2.78   Não 495559       Sim Normal/Residual

✅ Bursts detectados: 10 | Excel: experiment_results/wedos_grid/rtt_bursts_S2_atk5pct_wu400000_stage1a_rep1.xlsx | Gráfico: experiment_results/wedos_grid/rtt_todos_bursts_S2_atk5pct_wu400000_stage1a_rep1.png

===== Analisando experiment_results/wedos_grid/rtt_log_S2_atk5pct_wu500000_stage1a_rep1.csv =====
[INFO] Baseline pré-ataque: média=26.4ms, desvio=21.4ms (1933 amostras) -> piso de burst = 47.6ms (1.8x a média)
Janela (MM:SS.s) Média RTT   Std Entropia Δ Ent. Al. Ent. Max Z Al. Z   CUSUM Al. CUSUM    Status Burst
        00:010.0      26.4  21.4     1.74   0.00      Não  0.00   Não      63       Não Normal/Residual
        00:020.2     123.8 173.6     1.74   0.00      Não 37.03   Sim  180516       Sim      DDoS Burst
        00:030.2     134.6 169.0     1.99   0.26      Não  4.00   Sim  382581       Sim      DDoS Burst
        00:040.2      97.8 134.7     1.46   0.54      Não  4.90   Sim  515176       Sim      DDoS Burst
        00:049.8     105.8 144.4     1.56   0.10      Não  6.43   Sim  661069       Sim      DDoS Burst
        01:000.2      60.3  87.7     1.08   0.48      Não  4.09   Sim  708787       Sim      DDoS Burst
        01:010.0      85.6 127.7     1.33   0.25      Não  8.89   Sim  809838       Sim      DDoS Burst
        01:020.1     101.8 131.6     1.64   0.31      Não  5.91   Sim  944981       Sim      DDoS Burst
        01:030.0      93.4 118.7     1.69   0.05      Não  4.76   Sim 1064145       Sim      DDoS Burst
        01:040.0      73.7 109.3     1.29   0.40      Não  5.35   Sim 1140666       Sim      DDoS Burst
        01:049.9      46.3  54.6     1.76   0.46      Não  2.85   Não 1159579       Sim Normal/Residual
        01:059.9      70.9  94.9     1.38   0.38      Não 10.96   Sim 1229188       Sim      DDoS Burst
        02:010.0      69.6  95.2     1.29   0.09      Não  6.04   Sim 1296585       Sim      DDoS Burst
        02:020.0      52.6  64.3     1.86   0.57      Não  3.52   Sim 1328338       Sim      DDoS Burst
        02:030.2      58.4  71.0     1.39   0.47      Não  6.94   Sim 1373165       Sim      DDoS Burst
        02:039.7      44.5  58.0     0.94   0.45      Não  6.20   Sim 1388460       Sim Normal/Residual
        02:050.1      26.7  21.8     1.26   0.32      Não  2.09   Não 1367719       Sim Normal/Residual
        02:055.0      26.6  21.6     1.66   0.40      Não  2.06   Não 1357128       Sim Normal/Residual

✅ Bursts detectados: 13 | Excel: experiment_results/wedos_grid/rtt_bursts_S2_atk5pct_wu500000_stage1a_rep1.xlsx | Gráfico: experiment_results/wedos_grid/rtt_todos_bursts_S2_atk5pct_wu500000_stage1a_rep1.png

===== Analisando experiment_results/wedos_grid/rtt_log_S3_atk10pct_wu200000_stage1a_rep1.csv =====
[INFO] Baseline pré-ataque: média=34.9ms, desvio=21.5ms (3886 amostras) -> piso de burst = 62.8ms (1.8x a média)
Janela (MM:SS.s) Média RTT   Std Entropia Δ Ent. Al. Ent. Max Z Al. Z  CUSUM Al. CUSUM    Status Burst
        00:010.2      34.9  21.5     1.57   0.00      Não  0.00   Não   1947       Sim Normal/Residual
        00:019.9     126.9 180.4     1.38   0.19      Não 61.78   Sim 341795       Sim      DDoS Burst
        00:030.2     132.9 178.0     1.40   0.02      Não  6.85   Sim 686717       Sim      DDoS Burst
        00:040.1      48.6  36.2     1.72   0.32      Não  1.09   Não 698950       Sim Normal/Residual
        00:050.1      52.7  39.3     1.85   0.12      Não  7.71   Sim 728071       Sim Normal/Residual
        00:059.9      58.3  44.7     2.29   0.45      Não  5.59   Sim 779726       Sim Normal/Residual
        01:010.1      54.1  42.8     1.95   0.34      Não  5.87   Sim 814330       Sim Normal/Residual
        01:020.0      45.0  32.2     1.61   0.35      Não  6.23   Sim 811685       Sim Normal/Residual
        01:030.0      44.0  31.2     1.65   0.05      Não  7.32   Sim 805003       Sim Normal/Residual
        01:040.1      45.6  32.8     1.72   0.07      Não  7.59   Sim 805122       Sim Normal/Residual
        01:050.0      45.8  33.3     1.68   0.04      Não  7.78   Sim 805922       Sim Normal/Residual
        02:000.0      51.2  42.3     1.76   0.08      Não  8.97   Sim 828989       Sim Normal/Residual
        02:010.2      54.7  48.2     1.82   0.06      Não  7.49   Sim 866860       Sim Normal/Residual
        02:020.1      50.8  43.6     1.69   0.13      Não  6.50   Sim 888794       Sim Normal/Residual
        02:030.1      47.5  37.5     1.61   0.08      Não  6.78   Sim 896905       Sim Normal/Residual
        02:039.8      41.0  31.0     1.36   0.25      Não  7.65   Sim 878230       Sim Normal/Residual
        02:050.1      34.3  20.7     1.80   0.43      Não  2.31   Não 834832       Sim Normal/Residual
        02:055.2      34.1  20.7     1.75   0.04      Não  3.78   Sim 812653       Sim Normal/Residual

✅ Bursts detectados: 2 | Excel: experiment_results/wedos_grid/rtt_bursts_S3_atk10pct_wu200000_stage1a_rep1.xlsx | Gráfico: experiment_results/wedos_grid/rtt_todos_bursts_S3_atk10pct_wu200000_stage1a_rep1.png

===== Analisando experiment_results/wedos_grid/rtt_log_S3_atk10pct_wu300000_stage1a_rep1.csv =====
[INFO] Baseline pré-ataque: média=34.2ms, desvio=20.6ms (3927 amostras) -> piso de burst = 61.6ms (1.8x a média)
Janela (MM:SS.s) Média RTT   Std Entropia Δ Ent. Al. Ent. Max Z Al. Z   CUSUM Al. CUSUM    Status Burst
        00:010.0      34.2  20.6     1.68   0.00      Não  0.00   Não     271       Sim Normal/Residual
        00:017.5     221.4 393.4     1.52   0.16      Não 98.26   Sim  528006       Sim      DDoS Burst
        00:032.2     497.3 428.9     2.49   0.97      Não  4.66   Sim 1774597       Sim      DDoS Burst
        00:041.3     388.9 312.4     2.36   0.13      Não  3.35   Não 3128343       Sim      DDoS Burst
        00:050.2     361.4 209.4     2.01   0.35      Não  5.15   Sim 4368575       Sim      DDoS Burst
        01:000.1     288.0 219.7     1.87   0.14      Não  7.82   Sim 5219032       Sim      DDoS Burst
        01:010.6     118.2 176.5     1.03   0.84      Não  6.94   Sim 5471960       Sim      DDoS Burst
        01:020.0      53.0  59.3     0.91   0.13      Não  2.79   Não 5501820       Sim Normal/Residual
        01:030.2      56.2  61.7     1.01   0.11      Não  9.41   Sim 5542271       Sim Normal/Residual
        01:040.3      54.7  54.5     1.68   0.66      Não  6.09   Sim 5578986       Sim Normal/Residual
        01:049.9      54.9  56.7     1.66   0.02      Não  7.35   Sim 5616494       Sim Normal/Residual
        02:000.0      58.6  63.3     1.07   0.59      Não  9.51   Sim 5664799       Sim Normal/Residual
        02:009.9      64.0  75.2     0.96   0.11      Não 10.24   Sim 5728239       Sim      DDoS Burst
        02:020.1      61.1  70.2     0.87   0.09      Não  8.55   Sim 5783782       Sim Normal/Residual
        02:029.7      55.0  56.0     0.85   0.02      Não  8.12   Sim 5819543       Sim Normal/Residual
        02:040.1      45.4  42.1     0.52   0.33      Não 10.28   Sim 5822626       Sim Normal/Residual
        02:049.9      38.3  24.1     1.26   0.74      Não  5.09   Sim 5801577       Sim Normal/Residual
        02:055.3      38.7  26.4     1.26   0.01      Não  9.20   Sim 5791860       Sim Normal/Residual
        03:000.1      39.6  20.4     1.94   0.68      Não  1.25   Não 5791724       Sim Normal/Residual

✅ Bursts detectados: 7 | Excel: experiment_results/wedos_grid/rtt_bursts_S3_atk10pct_wu300000_stage1a_rep1.xlsx | Gráfico: experiment_results/wedos_grid/rtt_todos_bursts_S3_atk10pct_wu300000_stage1a_rep1.png

===== Analisando experiment_results/wedos_grid/rtt_log_S3_atk10pct_wu400000_stage1a_rep1.csv =====
[INFO] Baseline pré-ataque: média=34.4ms, desvio=20.5ms (3886 amostras) -> piso de burst = 61.9ms (1.8x a média)
Janela (MM:SS.s) Média RTT   Std Entropia Δ Ent. Al. Ent. Max Z Al. Z   CUSUM Al. CUSUM    Status Burst
        00:009.9      34.4  20.5     1.85   0.00      Não  0.00   Não      29       Não Normal/Residual
        00:015.9     172.5 393.3     0.94   0.91      Não 95.88   Sim  303718       Sim      DDoS Burst
        00:023.7    1126.0 476.0     3.14   2.20      Sim  4.79   Sim  662731       Sim      DDoS Burst
        00:032.5    1539.9 299.4     3.21   0.07      Não  1.95   Não  718054       Sim      DDoS Burst
        00:054.9     603.0 220.6     3.03   0.18      Não  4.24   Sim  749881       Sim      DDoS Burst
        01:001.4     756.7 405.8     3.03   0.00      Não  6.04   Sim  853124       Sim      DDoS Burst
        01:011.7     529.1 384.3     2.55   0.49      Não  2.91   Não  972784       Sim      DDoS Burst
        01:020.2     381.3 174.2     2.78   0.23      Não  1.32   Não 1084192       Sim      DDoS Burst
        01:029.1     323.0 188.8     2.64   0.14      Não  3.76   Sim 1167143       Sim      DDoS Burst
        01:040.6     314.7 219.0     2.20   0.45      Não  5.31   Sim 1244367       Sim      DDoS Burst
        01:049.6     332.7 214.3     2.29   0.09      Não  4.61   Sim 1328170       Sim      DDoS Burst
        02:000.4     325.4 164.5     2.46   0.17      Não  3.62   Sim 1404248       Sim      DDoS Burst
        02:010.1     348.8 171.2     2.57   0.11      Não  4.76   Sim 1486667       Sim      DDoS Burst
        02:020.8     298.6 147.2     2.82   0.25      Não  2.61   Não 1558018       Sim      DDoS Burst
        02:029.7     299.5 153.0     2.90   0.08      Não  3.38   Não 1628108       Sim      DDoS Burst
        02:035.4     309.6 159.1     3.02   0.12      Não  3.01   Não 1665195       Sim      DDoS Burst
        02:040.4     420.8  90.5     3.06   0.03      Não  1.75   Não 1670837       Sim      DDoS Burst

✅ Bursts detectados: 16 | Excel: experiment_results/wedos_grid/rtt_bursts_S3_atk10pct_wu400000_stage1a_rep1.xlsx | Gráfico: experiment_results/wedos_grid/rtt_todos_bursts_S3_atk10pct_wu400000_stage1a_rep1.png

===== Analisando experiment_results/wedos_grid/rtt_log_S3_atk10pct_wu500000_stage1a_rep1.csv =====
[INFO] Baseline pré-ataque: média=38.7ms, desvio=41.1ms (3861 amostras) -> piso de burst = 69.6ms (1.8x a média)
Janela (MM:SS.s) Média RTT   Std Entropia Δ Ent. Al. Ent. Max Z Al. Z   CUSUM Al. CUSUM    Status Burst
        00:009.9      38.7  41.1     1.14   0.00      Não  0.00   Não   14816       Sim Normal/Residual
        00:019.5     105.2 158.7     1.09   0.04      Não 31.68   Sim  207548       Sim      DDoS Burst
        00:030.3     160.1 254.9     1.25   0.16      Não 11.76   Sim  526542       Sim      DDoS Burst
        00:039.9     121.8 271.6     0.83   0.42      Não  7.11   Sim  712867       Sim      DDoS Burst
        00:050.4      89.1 186.4     0.67   0.17      Não  6.71   Sim  797596       Sim      DDoS Burst
        00:059.8      76.3 121.2     0.70   0.03      Não  6.89   Sim  846808       Sim      DDoS Burst
        01:009.4     113.8 247.7     0.82   0.13      Não 15.26   Sim  982090       Sim      DDoS Burst
        01:020.9     171.4 352.3     1.07   0.25      Não  7.42   Sim 1234327       Sim      DDoS Burst
        01:031.0     207.7 415.1     1.16   0.08      Não  5.34   Sim 1588624       Sim      DDoS Burst
        01:040.3     168.6 364.8     0.91   0.25      Não  4.45   Sim 1847596       Sim      DDoS Burst
        01:047.9     119.3 231.7     0.71   0.20      Não  5.06   Sim 1955643       Sim      DDoS Burst
        01:059.2     140.0 231.5     1.06   0.35      Não  6.00   Sim 2059320       Sim      DDoS Burst
        02:010.3     111.3 162.9     1.11   0.05      Não  4.21   Sim 2132005       Sim      DDoS Burst
        02:020.5      72.5 101.6     0.89   0.22      Não  4.20   Sim 2155256       Sim      DDoS Burst
        02:028.6      59.3  80.3     0.48   0.41      Não  7.82   Sim 2155383       Sim Normal/Residual
        02:040.3      67.4  95.4     0.66   0.18      Não 10.06   Sim 2166337       Sim Normal/Residual
        02:050.2      53.1  78.5     0.48   0.17      Não  8.64   Sim 2156891       Sim Normal/Residual
        02:054.7      44.1  68.1     0.37   0.12      Não 10.69   Sim 2144241       Sim Normal/Residual

✅ Bursts detectados: 13 | Excel: experiment_results/wedos_grid/rtt_bursts_S3_atk10pct_wu500000_stage1a_rep1.xlsx | Gráfico: experiment_results/wedos_grid/rtt_todos_bursts_S3_atk10pct_wu500000_stage1a_rep1.png

===== Analisando experiment_results/wedos_grid/rtt_log_S3_atk1pct_wu100000_stage1b_rep1.csv =====
[INFO] Baseline pré-ataque: média=34.2ms, desvio=20.5ms (3826 amostras) -> piso de burst = 61.5ms (1.8x a média)
Janela (MM:SS.s) Média RTT  Std Entropia Δ Ent. Al. Ent. Max Z Al. Z CUSUM Al. CUSUM    Status Burst
        00:010.0      34.2 20.5     1.64   0.00      Não  0.00   Não     0       Não Normal/Residual
        00:020.1      34.4 20.5     1.77   0.13      Não  3.02   Não    12       Não Normal/Residual
        00:029.9      34.4 20.4     1.78   0.01      Não  3.00   Não    17       Não Normal/Residual
        00:040.2      34.5 21.1     1.74   0.04      Não  5.70   Sim     0       Não Normal/Residual
        00:050.1      34.6 20.9     1.73   0.01      Não  5.53   Sim    11       Não Normal/Residual
        00:060.0      34.2 20.3     1.85   0.13      Não  1.93   Não     4       Não Normal/Residual
        01:010.0      33.7 20.4     1.57   0.28      Não  2.40   Não     0       Não Normal/Residual
        01:020.0      33.8 20.5     1.64   0.06      Não  3.70   Sim     0       Não Normal/Residual
        01:030.0      34.1 20.5     1.60   0.03      Não  3.67   Sim     0       Não Normal/Residual
        01:039.8      33.5 20.4     1.64   0.04      Não  2.33   Não     1       Não Normal/Residual
        01:050.1      34.0 20.3     1.70   0.06      Não  2.37   Não    11       Não Normal/Residual
        01:059.8      34.4 20.4     1.40   0.30      Não  3.35   Não     6       Não Normal/Residual
        02:010.0      34.7 21.1     1.70   0.29      Não  5.56   Sim     0       Não Normal/Residual
        02:020.0      35.4 21.1     1.72   0.02      Não  5.36   Sim     0       Não Normal/Residual
        02:030.1      34.8 20.7     1.69   0.03      Não  3.08   Não     0       Não Normal/Residual
        02:040.0      34.4 20.6     1.54   0.16      Não  3.17   Não    15       Não Normal/Residual
        02:050.0      34.1 20.5     1.80   0.26      Não  2.65   Não     0       Não Normal/Residual
        02:055.6      33.8 20.6     1.81   0.01      Não  2.67   Não     2       Não Normal/Residual
        03:000.5      35.4 20.4     2.07   0.26      Não  1.49   Não     2       Não Normal/Residual

✅ Bursts detectados: 0 | Excel: experiment_results/wedos_grid/rtt_bursts_S3_atk1pct_wu100000_stage1b_rep1.xlsx | Gráfico: experiment_results/wedos_grid/rtt_todos_bursts_S3_atk1pct_wu100000_stage1b_rep1.png

===== Analisando experiment_results/wedos_grid/rtt_log_S3_atk1pct_wu100000_stage1b_rep2.csv =====
[INFO] Baseline pré-ataque: média=34.3ms, desvio=20.3ms (3911 amostras) -> piso de burst = 61.8ms (1.8x a média)
Janela (MM:SS.s) Média RTT  Std Entropia Δ Ent. Al. Ent. Max Z Al. Z CUSUM Al. CUSUM    Status Burst
        00:010.0      34.3 20.3     1.93   0.00      Não  0.00   Não     6       Não Normal/Residual
        00:019.9      35.2 20.9     1.69   0.23      Não  4.35   Sim     4       Não Normal/Residual
        00:030.0      35.7 21.0     1.46   0.23      Não  4.69   Sim     7       Não Normal/Residual
        00:040.0      34.6 20.7     1.33   0.13      Não  4.63   Sim     0       Não Normal/Residual
        00:050.0      34.5 20.6     1.55   0.22      Não  3.21   Não     0       Não Normal/Residual
        00:059.9      34.3 20.6     1.87   0.32      Não  2.93   Não     0       Não Normal/Residual
        01:010.2      34.2 20.8     1.94   0.07      Não  2.83   Não     2       Não Normal/Residual
        01:019.8      34.1 20.8     1.92   0.02      Não  2.85   Não    17       Não Normal/Residual
        01:030.0      34.4 21.1     1.62   0.30      Não  3.49   Não    17       Não Normal/Residual
        01:040.0      34.9 20.8     1.65   0.03      Não  3.44   Não     0       Não Normal/Residual
        01:049.9      34.9 20.7     1.41   0.25      Não  5.07   Sim     4       Não Normal/Residual
        02:000.0      34.4 20.7     1.37   0.04      Não  5.11   Sim    11       Não Normal/Residual
        02:010.1      34.2 20.4     1.49   0.12      Não  3.49   Não    10       Não Normal/Residual
        02:019.9      34.2 20.4     1.48   0.00      Não  3.54   Sim     0       Não Normal/Residual
        02:029.9      34.4 20.8     1.92   0.44      Não  3.03   Não     0       Não Normal/Residual
        02:040.2      34.7 20.7     1.89   0.03      Não  2.98   Não     7       Não Normal/Residual
        02:050.0      34.6 20.3     1.48   0.41      Não  3.15   Não     6       Não Normal/Residual
        02:055.9      35.3 20.5     1.67   0.20      Não  3.20   Não     4       Não Normal/Residual
        03:001.0      36.4 21.1     2.14   0.47      Não  3.02   Não     4       Não Normal/Residual

✅ Bursts detectados: 0 | Excel: experiment_results/wedos_grid/rtt_bursts_S3_atk1pct_wu100000_stage1b_rep2.xlsx | Gráfico: experiment_results/wedos_grid/rtt_todos_bursts_S3_atk1pct_wu100000_stage1b_rep2.png

===== Analisando experiment_results/wedos_grid/rtt_log_S3_atk1pct_wu125000_stage1b_rep1.csv =====
[INFO] Baseline pré-ataque: média=34.1ms, desvio=20.6ms (3842 amostras) -> piso de burst = 61.4ms (1.8x a média)
Janela (MM:SS.s) Média RTT  Std Entropia Δ Ent. Al. Ent. Max Z Al. Z CUSUM Al. CUSUM    Status Burst
        00:010.0      34.1 20.6     1.37   0.00      Não  0.00   Não    88       Não Normal/Residual
        00:020.0      35.0 23.2     1.59   0.22      Não  8.93   Sim     2       Não Normal/Residual
        00:030.2      35.7 23.1     1.58   0.01      Não  7.91   Sim     0       Não Normal/Residual
        00:040.1      35.0 20.5     1.33   0.25      Não  4.52   Sim     0       Não Normal/Residual
        00:049.9      34.3 20.4     1.81   0.48      Não  2.89   Não     8       Não Normal/Residual
        01:000.1      34.9 21.1     1.35   0.46      Não  5.05   Sim     4       Não Normal/Residual
        01:010.0      35.7 21.5     1.85   0.50      Não  5.44   Sim    23       Não Normal/Residual
        01:019.9      34.9 21.3     1.80   0.05      Não  5.30   Sim    29       Não Normal/Residual
        01:030.1      35.4 21.5     1.71   0.08      Não  5.98   Sim     6       Não Normal/Residual
        01:040.0      35.5 21.3     1.67   0.05      Não  5.90   Sim     2       Não Normal/Residual
        01:050.1      35.4 21.4     1.49   0.17      Não  4.55   Sim     3       Não Normal/Residual
        02:000.1      35.4 21.2     1.47   0.02      Não  4.52   Sim     0       Não Normal/Residual
        02:009.9      34.9 20.6     1.32   0.15      Não  4.49   Sim     9       Não Normal/Residual
        02:020.1      34.9 20.9     1.39   0.06      Não  4.64   Sim     0       Não Normal/Residual
        02:029.9      37.6 25.8     1.82   0.43      Não  9.48   Sim  3662       Sim Normal/Residual
        02:039.8      37.5 25.9     1.81   0.01      Não  7.55   Sim     4       Não Normal/Residual
        02:050.0      34.0 20.5     1.68   0.13      Não  1.72   Não     8       Não Normal/Residual
        02:056.0      34.0 20.7     1.86   0.18      Não  2.29   Não     0       Não Normal/Residual
        03:000.9      35.3 20.9     2.36   0.50      Não  1.96   Não     0       Não Normal/Residual

✅ Bursts detectados: 0 | Excel: experiment_results/wedos_grid/rtt_bursts_S3_atk1pct_wu125000_stage1b_rep1.xlsx | Gráfico: experiment_results/wedos_grid/rtt_todos_bursts_S3_atk1pct_wu125000_stage1b_rep1.png

===== Analisando experiment_results/wedos_grid/rtt_log_S3_atk1pct_wu125000_stage1b_rep2.csv =====
[INFO] Baseline pré-ataque: média=34.4ms, desvio=20.4ms (3781 amostras) -> piso de burst = 61.8ms (1.8x a média)
Janela (MM:SS.s) Média RTT  Std Entropia Δ Ent. Al. Ent. Max Z Al. Z CUSUM Al. CUSUM    Status Burst
        00:010.1      34.4 20.4     1.57   0.00      Não  0.00   Não     4       Não Normal/Residual
        00:020.1      35.5 23.1     1.12   0.45      Não  8.25   Sim    40       Não Normal/Residual
        00:030.0      36.1 23.3     1.23   0.11      Não  7.23   Sim     0       Não Normal/Residual
        00:039.9      35.1 20.7     1.79   0.56      Não  3.17   Não     0       Não Normal/Residual
        00:050.0      34.2 20.4     1.78   0.00      Não  2.87   Não     2       Não Normal/Residual
        01:000.0      34.4 20.4     1.68   0.11      Não  3.10   Não     0       Não Normal/Residual
        01:009.9      34.4 20.6     1.81   0.13      Não  3.92   Sim    16       Não Normal/Residual
        01:020.1      34.1 20.9     1.81   0.00      Não  3.87   Sim     6       Não Normal/Residual
        01:030.0      34.4 20.8     1.69   0.11      Não  3.13   Não    11       Não Normal/Residual
        01:039.9      34.4 20.7     1.72   0.03      Não  3.05   Não     0       Não Normal/Residual
        01:050.1      34.9 21.1     1.51   0.22      Não  6.41   Sim    10       Não Normal/Residual
        02:000.1      35.2 21.4     1.52   0.02      Não  6.27   Sim     0       Não Normal/Residual
        02:010.0      34.9 20.9     1.65   0.12      Não  5.26   Sim    16       Não Normal/Residual
        02:020.1      35.0 20.4     1.46   0.19      Não  3.30   Não     0       Não Normal/Residual
        02:029.9      38.8 29.4     1.29   0.17      Não 12.19   Sim  1568       Sim Normal/Residual
        02:039.9      38.4 29.8     1.30   0.00      Não  8.33   Sim     0       Não Normal/Residual
        02:049.9      34.5 20.9     1.34   0.05      Não  3.11   Não     4       Não Normal/Residual
        02:055.5      34.9 21.2     1.41   0.07      Não  4.62   Sim    12       Não Normal/Residual
        03:000.6      34.3 20.6     1.79   0.38      Não  1.58   Não    12       Não Normal/Residual

✅ Bursts detectados: 0 | Excel: experiment_results/wedos_grid/rtt_bursts_S3_atk1pct_wu125000_stage1b_rep2.xlsx | Gráfico: experiment_results/wedos_grid/rtt_todos_bursts_S3_atk1pct_wu125000_stage1b_rep2.png

===== Analisando experiment_results/wedos_grid/rtt_log_S3_atk1pct_wu150000_stage1b_rep1.csv =====
[INFO] Baseline pré-ataque: média=34.2ms, desvio=20.3ms (3949 amostras) -> piso de burst = 61.5ms (1.8x a média)
Janela (MM:SS.s) Média RTT  Std Entropia Δ Ent. Al. Ent. Max Z Al. Z CUSUM Al. CUSUM    Status Burst
        00:009.9      34.2 20.3     1.88   0.00      Não  0.00   Não    21       Não Normal/Residual
        00:020.0      34.6 20.7     1.68   0.20      Não  3.75   Sim     0       Não Normal/Residual
        00:030.0      34.5 21.2     1.69   0.01      Não  6.07   Sim     1       Não Normal/Residual
        00:039.9      34.4 21.3     1.68   0.01      Não  5.93   Sim     0       Não Normal/Residual
        00:050.3      37.1 25.6     1.77   0.09      Não  9.28   Sim  2162       Sim Normal/Residual
        01:000.0      36.7 25.4     1.74   0.02      Não  7.61   Sim    11       Não Normal/Residual
        01:009.9      35.1 21.5     1.55   0.20      Não  5.15   Sim     7       Não Normal/Residual
        01:020.2      35.5 21.3     1.85   0.30      Não  5.37   Sim     0       Não Normal/Residual
        01:030.1      34.8 20.6     1.71   0.14      Não  5.41   Sim    23       Não Normal/Residual
        01:040.1      35.7 21.7     1.33   0.38      Não  6.76   Sim     0       Não Normal/Residual
        01:050.0      35.5 21.6     1.27   0.05      Não  6.37   Sim     0       Não Normal/Residual
        02:000.0      34.2 20.5     1.51   0.23      Não  2.99   Não    15       Não Normal/Residual
        02:010.0      34.8 20.9     1.71   0.21      Não  4.29   Sim     0       Não Normal/Residual
        02:020.0      35.3 21.0     1.48   0.23      Não  5.16   Sim     6       Não Normal/Residual
        02:030.0      34.9 20.9     1.45   0.03      Não  5.12   Sim     0       Não Normal/Residual
        02:040.0      35.1 21.1     1.49   0.03      Não  6.34   Sim    11       Não Normal/Residual
        02:050.1      34.5 21.1     1.44   0.05      Não  6.26   Sim     0       Não Normal/Residual
        02:055.7      33.9 20.9     1.76   0.32      Não  2.95   Não     3       Não Normal/Residual
        03:000.6      37.8 21.3     2.26   0.50      Não  3.01   Não     3       Não Normal/Residual

✅ Bursts detectados: 0 | Excel: experiment_results/wedos_grid/rtt_bursts_S3_atk1pct_wu150000_stage1b_rep1.xlsx | Gráfico: experiment_results/wedos_grid/rtt_todos_bursts_S3_atk1pct_wu150000_stage1b_rep1.png

===== Analisando experiment_results/wedos_grid/rtt_log_S3_atk1pct_wu150000_stage1b_rep2.csv =====
[INFO] Baseline pré-ataque: média=34.3ms, desvio=20.4ms (3907 amostras) -> piso de burst = 61.7ms (1.8x a média)
Janela (MM:SS.s) Média RTT  Std Entropia Δ Ent. Al. Ent. Max Z Al. Z CUSUM Al. CUSUM    Status Burst
        00:010.0      34.3 20.4     1.89   0.00      Não  0.00   Não    24       Não Normal/Residual
        00:020.0      36.6 23.9     1.73   0.17      Não  9.40   Sim    80       Não Normal/Residual
        00:030.0      38.8 25.3     1.83   0.10      Não  7.95   Sim     3       Não Normal/Residual
        00:040.1      37.8 23.5     1.79   0.04      Não  7.42   Sim     7       Não Normal/Residual
        00:050.2      35.7 21.9     1.70   0.09      Não  8.03   Sim    17       Não Normal/Residual
        00:059.9      34.7 20.9     1.09   0.61      Não  7.70   Sim    10       Não Normal/Residual
        01:009.9      36.1 23.1     1.25   0.16      Não  8.10   Sim     6       Não Normal/Residual
        01:020.1      35.9 22.6     1.29   0.04      Não  6.36   Sim    11       Não Normal/Residual
        01:030.0      35.3 20.8     1.85   0.56      Não  3.52   Sim    19       Não Normal/Residual
        01:040.0      35.3 21.0     1.87   0.02      Não  3.84   Sim     9       Não Normal/Residual
        01:050.1      35.2 21.4     1.37   0.51      Não 10.28   Sim    11       Não Normal/Residual
        02:000.1      35.3 21.4     1.36   0.01      Não 10.09   Sim    56       Não Normal/Residual
        02:009.8      34.8 20.9     1.56   0.21      Não  3.38   Não     0       Não Normal/Residual
        02:020.0      35.2 21.7     1.48   0.08      Não  5.09   Sim    26       Não Normal/Residual
        02:029.9      35.2 21.5     1.48   0.01      Não  4.88   Sim    45       Não Normal/Residual
        02:039.9      34.7 20.8     1.56   0.08      Não  3.23   Não     0       Não Normal/Residual
        02:050.1      34.6 20.7     1.52   0.03      Não  3.36   Não     7       Não Normal/Residual
        02:055.5      34.7 20.5     1.77   0.24      Não  2.30   Não     0       Não Normal/Residual
        03:000.5      33.1 21.0     1.89   0.12      Não  1.65   Não     0       Não Normal/Residual

✅ Bursts detectados: 0 | Excel: experiment_results/wedos_grid/rtt_bursts_S3_atk1pct_wu150000_stage1b_rep2.xlsx | Gráfico: experiment_results/wedos_grid/rtt_todos_bursts_S3_atk1pct_wu150000_stage1b_rep2.png

===== Analisando experiment_results/wedos_grid/rtt_log_S3_atk1pct_wu175000_stage1b_rep1.csv =====
[INFO] Baseline pré-ataque: média=33.9ms, desvio=20.6ms (3822 amostras) -> piso de burst = 61.0ms (1.8x a média)
Janela (MM:SS.s) Média RTT  Std Entropia Δ Ent. Al. Ent. Max Z Al. Z CUSUM Al. CUSUM    Status Burst
        00:010.2      33.9 20.6     1.66   0.00      Não  0.00   Não    35       Não Normal/Residual
        00:020.0      34.6 22.1     1.10   0.56      Não  8.01   Sim    10       Não Normal/Residual
        00:030.0      35.6 22.8     1.25   0.15      Não  7.44   Sim    21       Não Normal/Residual
        00:040.3      35.7 21.4     1.39   0.14      Não  4.46   Sim    91       Não Normal/Residual
        00:049.9      36.1 22.2     1.25   0.14      Não  7.24   Sim     3       Não Normal/Residual
        01:000.2      35.7 22.1     1.21   0.04      Não  6.97   Sim     8       Não Normal/Residual
        01:010.1      38.1 29.3     1.23   0.01      Não 12.42   Sim  6377       Sim Normal/Residual
        01:020.1      46.0 44.5     1.42   0.19      Não 12.43   Sim 18073       Sim Normal/Residual
        01:030.0      43.8 40.5     1.34   0.08      Não  8.01   Sim 16433       Sim Normal/Residual
        01:040.2      36.1 22.1     1.64   0.31      Não  3.00   Não     1       Não Normal/Residual
        01:049.9      35.5 21.4     1.21   0.44      Não  6.74   Sim     0       Não Normal/Residual
        02:000.1      37.3 25.8     1.53   0.33      Não 10.07   Sim  3537       Sim Normal/Residual
        02:010.2      36.4 25.2     1.49   0.04      Não  8.29   Sim    11       Não Normal/Residual
        02:020.1      35.3 21.3     1.30   0.19      Não  3.96   Sim    27       Não Normal/Residual
        02:029.9      36.1 21.5     1.39   0.08      Não  4.73   Sim     3       Não Normal/Residual
        02:039.9      37.0 23.7     1.27   0.12      Não  7.68   Sim     8       Não Normal/Residual
        02:050.0      36.6 23.4     1.19   0.08      Não  6.92   Sim    65       Não Normal/Residual
        02:055.5      35.1 20.6     1.94   0.76      Não  2.36   Não     0       Não Normal/Residual
        03:000.5      37.9 22.2     2.23   0.29      Não  2.75   Não     0       Não Normal/Residual

✅ Bursts detectados: 0 | Excel: experiment_results/wedos_grid/rtt_bursts_S3_atk1pct_wu175000_stage1b_rep1.xlsx | Gráfico: experiment_results/wedos_grid/rtt_todos_bursts_S3_atk1pct_wu175000_stage1b_rep1.png

===== Analisando experiment_results/wedos_grid/rtt_log_S3_atk1pct_wu175000_stage1b_rep2.csv =====
[INFO] Baseline pré-ataque: média=34.2ms, desvio=20.5ms (3832 amostras) -> piso de burst = 61.6ms (1.8x a média)
Janela (MM:SS.s) Média RTT  Std Entropia Δ Ent. Al. Ent. Max Z Al. Z CUSUM Al. CUSUM    Status Burst
        00:010.1      34.2 20.5     1.47   0.00      Não  0.00   Não    58       Não Normal/Residual
        00:019.9      36.1 25.4     1.73   0.26      Não  9.69   Sim    24       Não Normal/Residual
        00:029.8      37.5 26.2     1.81   0.08      Não  7.75   Sim    12       Não Normal/Residual
        00:040.1      36.9 22.6     1.70   0.11      Não  4.99   Sim     4       Não Normal/Residual
        00:049.9      35.9 21.8     1.52   0.19      Não  5.81   Sim     4       Não Normal/Residual
        01:000.1      35.8 22.4     1.33   0.18      Não  6.70   Sim     4       Não Normal/Residual
        01:010.0      36.4 23.0     1.43   0.10      Não  6.53   Sim    12       Não Normal/Residual
        01:020.0      36.7 23.5     1.34   0.09      Não  7.23   Sim     4       Não Normal/Residual
        01:030.1      37.1 23.7     1.28   0.06      Não  7.06   Sim     3       Não Normal/Residual
        01:039.9      37.9 26.1     1.65   0.37      Não  8.78   Sim     0       Não Normal/Residual
        01:050.0      37.0 25.5     1.62   0.02      Não  7.96   Sim    13       Não Normal/Residual
        02:000.0      37.2 24.4     1.77   0.14      Não  7.26   Sim     0       Não Normal/Residual
        02:010.0      37.0 24.3     1.76   0.01      Não  7.57   Sim     4       Não Normal/Residual
        02:020.0      35.6 21.6     1.31   0.44      Não  4.11   Sim     3       Não Normal/Residual
        02:030.0      35.8 21.8     1.62   0.31      Não  5.04   Sim    16       Não Normal/Residual
        02:040.0      34.3 20.8     1.51   0.11      Não  4.99   Sim    11       Não Normal/Residual
        02:050.0      34.3 20.3     1.82   0.32      Não  1.94   Não    10       Não Normal/Residual
        02:055.5      34.8 20.3     1.86   0.04      Não  1.98   Não    16       Não Normal/Residual
        03:000.6      36.4 20.6     2.24   0.38      Não  1.91   Não    16       Não Normal/Residual

✅ Bursts detectados: 0 | Excel: experiment_results/wedos_grid/rtt_bursts_S3_atk1pct_wu175000_stage1b_rep2.xlsx | Gráfico: experiment_results/wedos_grid/rtt_todos_bursts_S3_atk1pct_wu175000_stage1b_rep2.png

===== Analisando experiment_results/wedos_grid/rtt_log_S3_atk1pct_wu200000_stage1a_rep1.csv =====
[INFO] Baseline pré-ataque: média=33.8ms, desvio=20.7ms (3849 amostras) -> piso de burst = 60.9ms (1.8x a média)
Janela (MM:SS.s) Média RTT  Std Entropia Δ Ent. Al. Ent. Max Z Al. Z CUSUM Al. CUSUM    Status Burst
        00:010.1      33.8 20.7     1.98   0.00      Não  0.00   Não    22       Não Normal/Residual
        00:019.9      41.3 39.0     1.10   0.88      Não 21.42   Sim  8718       Sim Normal/Residual
        00:030.2      42.2 39.0     1.11   0.01      Não 11.16   Sim  1135       Sim Normal/Residual
        00:040.0      35.6 21.4     1.44   0.33      Não  3.28   Não    97       Não Normal/Residual
        00:049.9      37.9 29.6     1.19   0.25      Não 13.65   Sim  4649       Sim Normal/Residual
        01:000.1      38.1 30.0     1.18   0.01      Não  9.81   Sim     9       Não Normal/Residual
        01:010.0      35.8 22.8     1.24   0.06      Não  7.52   Sim     5       Não Normal/Residual
        01:020.0      37.5 24.6     1.42   0.18      Não 10.02   Sim    19       Não Normal/Residual
        01:030.2      37.2 23.9     1.25   0.17      Não  6.71   Sim    15       Não Normal/Residual
        01:040.0      36.8 23.8     1.76   0.51      Não  7.87   Sim    52       Não Normal/Residual
        01:050.0      37.0 24.0     1.77   0.01      Não  7.90   Sim     6       Não Normal/Residual
        02:000.1      36.9 22.9     1.54   0.23      Não  5.71   Sim     3       Não Normal/Residual
        02:010.1      36.8 22.8     1.54   0.01      Não  6.00   Sim     5       Não Normal/Residual
        02:020.0      36.2 21.9     1.31   0.23      Não  6.50   Sim    52       Não Normal/Residual
        02:029.9      36.2 22.2     1.31   0.00      Não  7.93   Sim    21       Não Normal/Residual
        02:040.2      35.0 21.3     1.23   0.07      Não  7.82   Sim     0       Não Normal/Residual
        02:050.0      34.5 20.4     1.89   0.66      Não  2.05   Não    36       Não Normal/Residual
        02:055.2      34.7 20.6     1.74   0.15      Não  2.47   Não    26       Não Normal/Residual
        03:000.2      35.5 23.0     2.48   0.73      Não  2.44   Não    26       Não Normal/Residual

✅ Bursts detectados: 0 | Excel: experiment_results/wedos_grid/rtt_bursts_S3_atk1pct_wu200000_stage1a_rep1.xlsx | Gráfico: experiment_results/wedos_grid/rtt_todos_bursts_S3_atk1pct_wu200000_stage1a_rep1.png

===== Analisando experiment_results/wedos_grid/rtt_log_S3_atk1pct_wu300000_mystery_rep1.csv =====
[INFO] Baseline pré-ataque: média=33.8ms, desvio=20.5ms (3781 amostras) -> piso de burst = 60.8ms (1.8x a média)
Janela (MM:SS.s) Média RTT  Std Entropia Δ Ent. Al. Ent. Max Z Al. Z CUSUM Al. CUSUM    Status Burst
        00:010.0      33.8 20.5     1.57   0.00      Não  0.00   Não    37       Não Normal/Residual
        00:020.1      40.3 37.0     1.23   0.34      Não 17.86   Sim 11843       Sim Normal/Residual
        00:030.1      41.5 36.9     1.25   0.03      Não  9.71   Sim  2227       Sim Normal/Residual
        00:040.0      38.8 27.1     1.83   0.58      Não  4.99   Sim  6308       Sim Normal/Residual
        00:049.8      42.1 33.1     1.43   0.40      Não 10.17   Sim  4236       Sim Normal/Residual
        01:000.1      41.8 32.9     1.45   0.01      Não  8.21   Sim   304       Sim Normal/Residual
        01:009.8      39.6 29.7     1.89   0.44      Não  5.99   Sim    10       Não Normal/Residual
        01:020.1      37.6 26.9     1.78   0.11      Não  6.72   Sim    14       Não Normal/Residual
        01:029.9      36.3 24.3     1.79   0.01      Não  7.01   Sim   607       Sim Normal/Residual
        01:040.1      40.6 31.0     1.42   0.37      Não 10.99   Sim  7729       Sim Normal/Residual
        01:049.9      43.0 34.3     1.51   0.10      Não  8.47   Sim  3956       Sim Normal/Residual
        02:000.1      41.1 31.1     1.45   0.06      Não  7.51   Sim     2       Não Normal/Residual
        02:010.2      39.1 27.4     1.33   0.12      Não  8.36   Sim    20       Não Normal/Residual
        02:019.9      39.7 30.8     1.34   0.01      Não  9.57   Sim   997       Sim Normal/Residual
        02:030.2      39.2 30.7     1.33   0.01      Não  8.49   Sim     0       Não Normal/Residual
        02:039.9      35.1 22.4     1.59   0.26      Não  6.52   Sim     7       Não Normal/Residual
        02:050.1      34.6 20.7     1.76   0.18      Não  3.66   Sim     3       Não Normal/Residual
        02:055.3      34.9 20.8     1.82   0.05      Não  3.98   Sim     0       Não Normal/Residual
        03:000.1      34.1 21.5     1.91   0.09      Não  1.48   Não     0       Não Normal/Residual

✅ Bursts detectados: 0 | Excel: experiment_results/wedos_grid/rtt_bursts_S3_atk1pct_wu300000_mystery_rep1.xlsx | Gráfico: experiment_results/wedos_grid/rtt_todos_bursts_S3_atk1pct_wu300000_mystery_rep1.png

===== Analisando experiment_results/wedos_grid/rtt_log_S3_atk1pct_wu300000_mystery_rep2.csv =====
[INFO] Baseline pré-ataque: média=34.8ms, desvio=20.4ms (3859 amostras) -> piso de burst = 62.6ms (1.8x a média)
Janela (MM:SS.s) Média RTT  Std Entropia Δ Ent. Al. Ent. Max Z Al. Z CUSUM Al. CUSUM    Status Burst
        00:010.2      34.8 20.4     1.87   0.00      Não  0.00   Não    58       Não Normal/Residual
        00:019.9      38.9 29.5     1.21   0.66      Não 14.49   Sim  1198       Sim Normal/Residual
        00:030.0      40.4 31.2     1.31   0.10      Não  9.89   Sim    31       Não Normal/Residual
        00:039.9      36.7 23.9     1.26   0.05      Não  5.31   Sim   105       Sim Normal/Residual
        00:050.0      35.6 22.8     1.26   0.00      Não  9.40   Sim     0       Não Normal/Residual
        01:000.1      36.1 24.0     1.34   0.08      Não  9.92   Sim     0       Não Normal/Residual
        01:010.0      38.0 26.6     1.48   0.14      Não  9.43   Sim    13       Não Normal/Residual
        01:020.0      37.8 26.2     1.45   0.03      Não  8.40   Sim    22       Não Normal/Residual
        01:030.1      36.5 24.6     1.25   0.19      Não  8.90   Sim     0       Não Normal/Residual
        01:040.1      39.5 30.7     1.42   0.17      Não  9.51   Sim  2924       Sim Normal/Residual
        01:050.1      38.9 29.7     1.34   0.08      Não  8.35   Sim     4       Não Normal/Residual
        02:000.0      35.9 23.0     1.18   0.16      Não  8.63   Sim     9       Não Normal/Residual
        02:010.1      36.5 24.2     1.39   0.22      Não  9.60   Sim     4       Não Normal/Residual
        02:020.0      37.1 25.0     1.42   0.03      Não  9.10   Sim     6       Não Normal/Residual
        02:030.0      36.3 23.2     1.35   0.07      Não  6.94   Sim     2       Não Normal/Residual
        02:039.9      34.9 21.2     1.46   0.11      Não  4.62   Sim     9       Não Normal/Residual
        02:050.1      34.6 20.8     1.78   0.32      Não  3.71   Sim     4       Não Normal/Residual
        02:055.0      34.6 21.0     1.80   0.03      Não  3.79   Sim     0       Não Normal/Residual
        03:000.1      29.4 20.2     1.93   0.13      Não  1.45   Não     0       Não Normal/Residual

✅ Bursts detectados: 0 | Excel: experiment_results/wedos_grid/rtt_bursts_S3_atk1pct_wu300000_mystery_rep2.xlsx | Gráfico: experiment_results/wedos_grid/rtt_todos_bursts_S3_atk1pct_wu300000_mystery_rep2.png

===== Analisando experiment_results/wedos_grid/rtt_log_S3_atk1pct_wu300000_mystery_rep3.csv =====
[INFO] Baseline pré-ataque: média=34.4ms, desvio=20.3ms (3853 amostras) -> piso de burst = 61.9ms (1.8x a média)
Janela (MM:SS.s) Média RTT  Std Entropia Δ Ent. Al. Ent. Max Z Al. Z CUSUM Al. CUSUM    Status Burst
        00:010.1      34.4 20.3     1.92   0.00      Não  0.00   Não    31       Não Normal/Residual
        00:019.9      40.4 34.5     1.28   0.64      Não 14.99   Sim  3813       Sim Normal/Residual
        00:030.2      40.8 35.3     1.33   0.05      Não  8.66   Sim     3       Não Normal/Residual
        00:040.1      35.0 22.6     1.30   0.02      Não  6.05   Sim    15       Não Normal/Residual
        00:049.9      39.3 37.2     1.20   0.10      Não 16.77   Sim  9869       Sim Normal/Residual
        01:000.1      40.1 37.3     1.21   0.01      Não 10.06   Sim    32       Não Normal/Residual
        01:010.0      39.2 28.2     1.53   0.31      Não  5.85   Sim    28       Não Normal/Residual
        01:020.1      39.7 28.2     1.57   0.04      Não  7.78   Sim   179       Sim Normal/Residual
        01:030.0      38.9 25.3     1.88   0.31      Não  6.70   Sim    27       Não Normal/Residual
        01:040.0      37.9 24.6     1.84   0.04      Não  7.51   Sim     5       Não Normal/Residual
        01:050.0      35.3 22.4     1.48   0.36      Não  8.58   Sim     0       Não Normal/Residual
        02:000.1      42.0 35.7     1.41   0.07      Não 13.38   Sim 17500       Sim Normal/Residual
        02:009.8      41.7 35.7     1.41   0.00      Não  8.19   Sim  6751       Sim Normal/Residual
        02:020.1      35.9 23.4     1.32   0.09      Não  3.83   Sim     0       Não Normal/Residual
        02:030.0      36.1 23.1     1.18   0.14      Não  6.83   Sim     9       Não Normal/Residual
        02:040.0      34.6 21.1     1.09   0.09      Não  6.90   Sim    13       Não Normal/Residual
        02:049.9      34.3 20.5     1.52   0.43      Não  3.15   Não     0       Não Normal/Residual
        02:055.0      34.2 20.4     1.87   0.36      Não  2.92   Não     0       Não Normal/Residual
        03:000.1      33.1 21.2     1.57   0.31      Não  1.48   Não     0       Não Normal/Residual

✅ Bursts detectados: 0 | Excel: experiment_results/wedos_grid/rtt_bursts_S3_atk1pct_wu300000_mystery_rep3.xlsx | Gráfico: experiment_results/wedos_grid/rtt_todos_bursts_S3_atk1pct_wu300000_mystery_rep3.png

===== Analisando experiment_results/wedos_grid/rtt_log_S3_atk1pct_wu300000_stage1a_rep1.csv =====
[INFO] Baseline pré-ataque: média=34.4ms, desvio=20.9ms (3780 amostras) -> piso de burst = 61.8ms (1.8x a média)
Janela (MM:SS.s) Média RTT  Std Entropia Δ Ent. Al. Ent. Max Z Al. Z CUSUM Al. CUSUM    Status Burst
        00:009.9      34.4 20.9     1.22   0.00      Não  0.00   Não    15       Não Normal/Residual
        00:020.1      46.4 53.8     0.81   0.41      Não 23.24   Sim 24653       Sim Normal/Residual
        00:030.0      50.6 59.6     0.98   0.17      Não  8.81   Sim 47363       Sim Normal/Residual
        00:040.3      39.6 35.4     1.25   0.28      Não  6.36   Sim 26695       Sim Normal/Residual
        00:050.0      42.8 40.1     1.18   0.08      Não 12.01   Sim 18415       Sim Normal/Residual
        01:000.0      44.0 40.6     1.23   0.06      Não 10.50   Sim 14989       Sim Normal/Residual
        01:010.0      40.4 30.0     1.33   0.09      Não  6.82   Sim   644       Sim Normal/Residual
        01:020.2      39.7 29.8     1.32   0.01      Não  9.35   Sim    10       Não Normal/Residual
        01:030.0      38.2 26.8     1.29   0.03      Não  8.76   Sim   372       Sim Normal/Residual
        01:040.1      37.7 26.0     1.23   0.06      Não  9.81   Sim    32       Não Normal/Residual
        01:050.0      35.5 22.4     1.60   0.37      Não  7.79   Sim     1       Não Normal/Residual
        01:060.0      35.9 23.0     1.64   0.04      Não  9.16   Sim    42       Não Normal/Residual
        02:010.1      35.8 22.4     1.20   0.44      Não  6.72   Sim     5       Não Normal/Residual
        02:020.0      35.1 22.2     1.17   0.02      Não  7.26   Sim     8       Não Normal/Residual
        02:030.1      36.3 23.1     1.26   0.08      Não  7.36   Sim    14       Não Normal/Residual
        02:040.0      35.8 22.2     1.43   0.18      Não  5.74   Sim     6       Não Normal/Residual
        02:049.9      34.2 20.6     1.85   0.42      Não  2.54   Não     0       Não Normal/Residual
        02:055.2      34.5 20.6     1.95   0.10      Não  2.81   Não     4       Não Normal/Residual
        03:000.2      38.3 21.2     2.47   0.52      Não  2.68   Não     4       Não Normal/Residual

✅ Bursts detectados: 0 | Excel: experiment_results/wedos_grid/rtt_bursts_S3_atk1pct_wu300000_stage1a_rep1.xlsx | Gráfico: experiment_results/wedos_grid/rtt_todos_bursts_S3_atk1pct_wu300000_stage1a_rep1.png

===== Analisando experiment_results/wedos_grid/rtt_log_S3_atk1pct_wu400000_stage1a_rep1.csv =====
[INFO] Baseline pré-ataque: média=34.0ms, desvio=20.6ms (3826 amostras) -> piso de burst = 61.2ms (1.8x a média)
Janela (MM:SS.s) Média RTT  Std Entropia Δ Ent. Al. Ent. Max Z Al. Z CUSUM Al. CUSUM    Status Burst
        00:010.1      34.0 20.6     1.72   0.00      Não  0.00   Não    33       Não Normal/Residual
        00:020.0      43.3 45.8     1.30   0.42      Não 20.29   Sim 15117       Sim Normal/Residual
        00:030.1      44.6 46.7     1.37   0.07      Não  8.93   Sim 16213       Sim Normal/Residual
        00:040.0      36.3 24.7     1.44   0.06      Não  4.40   Sim    21       Não Normal/Residual
        00:050.1      35.7 23.9     1.72   0.28      Não  7.82   Sim    25       Não Normal/Residual
        01:000.0      35.6 22.7     1.69   0.03      Não  8.11   Sim     1       Não Normal/Residual
        01:009.9      34.8 22.1     1.61   0.08      Não  8.14   Sim    15       Não Normal/Residual
        01:020.2      37.2 27.7     1.44   0.17      Não  9.87   Sim    16       Não Normal/Residual
        01:029.9      40.3 33.0     1.37   0.07      Não 10.06   Sim    39       Não Normal/Residual
        01:040.2      39.0 30.2     1.28   0.09      Não  8.37   Sim     0       Não Normal/Residual
        01:050.1      36.2 24.9     1.33   0.05      Não  7.37   Sim     0       Não Normal/Residual
        02:000.0      37.0 27.4     1.19   0.14      Não 11.48   Sim  1645       Sim Normal/Residual
        02:009.9      37.0 27.6     1.20   0.01      Não 10.43   Sim     4       Não Normal/Residual
        02:020.3      35.6 24.1     1.12   0.08      Não  8.92   Sim    18       Não Normal/Residual
        02:030.0      37.0 25.3     1.64   0.52      Não  7.57   Sim   180       Sim Normal/Residual
        02:040.0      36.0 23.9     1.15   0.48      Não  6.24   Sim    12       Não Normal/Residual
        02:050.0      34.4 20.6     1.53   0.38      Não  5.24   Sim    22       Não Normal/Residual
        02:055.2      34.7 20.7     1.77   0.24      Não  3.04   Não     9       Não Normal/Residual
        03:000.1      36.8 19.9     1.73   0.04      Não  1.50   Não     9       Não Normal/Residual

✅ Bursts detectados: 0 | Excel: experiment_results/wedos_grid/rtt_bursts_S3_atk1pct_wu400000_stage1a_rep1.xlsx | Gráfico: experiment_results/wedos_grid/rtt_todos_bursts_S3_atk1pct_wu400000_stage1a_rep1.png

===== Analisando experiment_results/wedos_grid/rtt_log_S3_atk1pct_wu500000_stage1a_rep1.csv =====
[INFO] Baseline pré-ataque: média=34.9ms, desvio=20.7ms (3769 amostras) -> piso de burst = 62.8ms (1.8x a média)
Janela (MM:SS.s) Média RTT  Std Entropia Δ Ent. Al. Ent. Max Z Al. Z  CUSUM Al. CUSUM    Status Burst
        00:010.1      34.9 20.7     2.00   0.00      Não  0.00   Não     20       Não Normal/Residual
        00:020.1      43.2 54.7     0.29   1.72      Sim 48.17   Sim  12473       Sim Normal/Residual
        00:030.0      44.0 55.8     0.32   0.03      Não 18.11   Sim   7466       Sim Normal/Residual
        00:040.0      38.6 31.4     1.15   0.83      Não  6.14   Sim   2841       Sim Normal/Residual
        00:050.2      41.7 36.9     1.29   0.14      Não 11.08   Sim      7       Não Normal/Residual
        01:000.1      44.8 43.5     1.40   0.11      Não  9.83   Sim   4169       Sim Normal/Residual
        01:010.0      43.0 41.1     1.33   0.07      Não  8.26   Sim     19       Não Normal/Residual
        01:020.0      40.2 35.2     1.22   0.10      Não  8.79   Sim    116       Sim Normal/Residual
        01:030.0      42.5 42.5     0.48   0.74      Não 16.88   Sim    674       Sim Normal/Residual
        01:040.0      41.6 41.6     0.42   0.06      Não 13.91   Sim   1166       Sim Normal/Residual
        01:050.0      41.8 38.2     1.30   0.89      Não  7.39   Sim     39       Não Normal/Residual
        01:060.0      43.1 38.8     1.33   0.03      Não  9.40   Sim   3354       Sim Normal/Residual
        02:010.1      41.0 38.1     0.45   0.87      Não 14.33   Sim     69       Não Normal/Residual
        02:020.2      47.9 58.1     0.64   0.18      Não 14.67   Sim  28865       Sim Normal/Residual
        02:029.9      61.7 79.4     1.25   0.61      Não  7.97   Sim  92620       Sim Normal/Residual
        02:040.0      50.6 65.2     0.92   0.33      Não  5.63   Sim 113088       Sim Normal/Residual
        02:049.9      34.5 20.7     1.67   0.75      Não  0.76   Não  71863       Sim Normal/Residual
        02:055.4      35.6 21.4     1.59   0.08      Não  5.34   Sim  51625       Sim Normal/Residual
        03:000.5      41.5 27.0     2.13   0.54      Não  5.12   Sim  50947       Sim Normal/Residual

✅ Bursts detectados: 0 | Excel: experiment_results/wedos_grid/rtt_bursts_S3_atk1pct_wu500000_stage1a_rep1.xlsx | Gráfico: experiment_results/wedos_grid/rtt_todos_bursts_S3_atk1pct_wu500000_stage1a_rep1.png

===== Analisando experiment_results/wedos_grid/rtt_log_S3_atk5pct_wu200000_stage1a_rep1.csv =====
[INFO] Baseline pré-ataque: média=35.1ms, desvio=20.3ms (3957 amostras) -> piso de burst = 63.2ms (1.8x a média)
Janela (MM:SS.s) Média RTT  Std Entropia Δ Ent. Al. Ent. Max Z Al. Z CUSUM Al. CUSUM    Status Burst
        00:010.1      35.1 20.3     1.46   0.00      Não  0.00   Não    60       Não Normal/Residual
        00:020.0      52.7 52.2     1.66   0.20      Não 19.85   Sim 48944       Sim Normal/Residual
        00:030.0      54.3 52.4     1.70   0.04      Não  7.39   Sim 85093       Sim Normal/Residual
        00:040.0      42.1 28.7     2.05   0.35      Não  3.35   Não 72515       Sim Normal/Residual
        00:050.0      43.8 30.1     2.11   0.06      Não  6.55   Sim 66612       Sim Normal/Residual
        01:000.1      41.0 27.2     1.68   0.43      Não  5.24   Sim 49565       Sim Normal/Residual
        01:010.0      39.9 27.1     1.56   0.12      Não  6.09   Sim 28115       Sim Normal/Residual
        01:019.9      41.3 28.5     2.02   0.45      Não  7.07   Sim 12179       Sim Normal/Residual
        01:030.1      42.0 27.9     2.03   0.01      Não  6.67   Sim     0       Não Normal/Residual
        01:039.9      40.9 26.5     1.62   0.41      Não  5.96   Sim     3       Não Normal/Residual
        01:050.0      42.2 28.8     1.94   0.31      Não  6.80   Sim     2       Não Normal/Residual
        02:000.0      42.8 29.8     2.03   0.10      Não  6.82   Sim  1563       Sim Normal/Residual
        02:010.1      39.2 25.9     1.84   0.19      Não  6.57   Sim     8       Não Normal/Residual
        02:020.1      38.6 24.1     1.69   0.16      Não  5.21   Sim    14       Não Normal/Residual
        02:030.1      39.7 26.5     1.94   0.25      Não  8.09   Sim     0       Não Normal/Residual
        02:040.0      37.0 24.5     1.78   0.16      Não  7.31   Sim     0       Não Normal/Residual
        02:050.0      35.1 20.6     1.81   0.03      Não  3.30   Não    57       Não Normal/Residual
        02:055.3      35.7 20.6     2.00   0.19      Não  2.94   Não    16       Não Normal/Residual
        03:000.3      38.4 21.2     2.66   0.66      Não  2.07   Não    16       Não Normal/Residual

✅ Bursts detectados: 0 | Excel: experiment_results/wedos_grid/rtt_bursts_S3_atk5pct_wu200000_stage1a_rep1.xlsx | Gráfico: experiment_results/wedos_grid/rtt_todos_bursts_S3_atk5pct_wu200000_stage1a_rep1.png

===== Analisando experiment_results/wedos_grid/rtt_log_S3_atk5pct_wu300000_stage1a_rep1.csv =====
[INFO] Baseline pré-ataque: média=34.5ms, desvio=22.6ms (3801 amostras) -> piso de burst = 62.0ms (1.8x a média)
Janela (MM:SS.s) Média RTT   Std Entropia Δ Ent. Al. Ent. Max Z Al. Z   CUSUM Al. CUSUM    Status Burst
        00:010.0      34.5  22.6     0.97   0.00      Não  0.00   Não    1265       Sim Normal/Residual
        00:019.9      83.5 119.3     1.28   0.31      Não 33.98   Sim  165868       Sim      DDoS Burst
        00:030.1     195.5 176.6     2.55   1.27      Não  6.60   Sim  730087       Sim      DDoS Burst
        00:040.2     170.3 164.7     2.36   0.19      Não  3.82   Sim 1208212       Sim      DDoS Burst
        00:050.0      70.6  75.2     1.35   1.01      Não  2.94   Não 1305493       Sim      DDoS Burst
        00:059.9      62.9  66.8     1.45   0.10      Não  6.09   Sim 1371344       Sim      DDoS Burst
        01:010.2      56.6  62.8     1.18   0.28      Não  6.97   Sim 1414131       Sim Normal/Residual
        01:019.9      43.9  36.3     1.58   0.40      Não  3.87   Sim 1406770       Sim Normal/Residual
        01:030.0      44.8  38.1     1.16   0.42      Não 12.13   Sim 1403134       Sim Normal/Residual
        01:039.9      46.6  46.5     0.64   0.52      Não 15.92   Sim 1406386       Sim Normal/Residual
        01:049.9      47.6  46.6     0.67   0.03      Não 13.01   Sim 1413687       Sim Normal/Residual
        01:060.0      45.9  39.8     1.46   0.79      Não  7.45   Sim 1414118       Sim Normal/Residual
        02:010.1      43.9  37.8     1.51   0.05      Não  6.92   Sim 1406866       Sim Normal/Residual
        02:019.9      43.7  39.3     1.08   0.43      Não 11.68   Sim 1398593       Sim Normal/Residual
        02:030.1      50.6  54.8     0.86   0.22      Não 13.57   Sim 1418012       Sim Normal/Residual
        02:039.8      46.0  49.7     0.64   0.21      Não  9.59   Sim 1418986       Sim Normal/Residual
        02:050.0      34.3  20.9     1.72   1.08      Não  1.06   Não 1375090       Sim Normal/Residual
        02:054.9      34.7  21.1     1.84   0.12      Não  3.07   Não 1353713       Sim Normal/Residual

✅ Bursts detectados: 5 | Excel: experiment_results/wedos_grid/rtt_bursts_S3_atk5pct_wu300000_stage1a_rep1.xlsx | Gráfico: experiment_results/wedos_grid/rtt_todos_bursts_S3_atk5pct_wu300000_stage1a_rep1.png

===== Analisando experiment_results/wedos_grid/rtt_log_S3_atk5pct_wu400000_stage1a_rep1.csv =====
[INFO] Baseline pré-ataque: média=34.7ms, desvio=20.9ms (3884 amostras) -> piso de burst = 62.5ms (1.8x a média)
Janela (MM:SS.s) Média RTT   Std Entropia Δ Ent. Al. Ent. Max Z Al. Z   CUSUM Al. CUSUM    Status Burst
        00:010.0      34.7  20.9     1.55   0.00      Não  0.00   Não      82       Não Normal/Residual
        00:020.2     190.1 251.2     1.82   0.27      Não 61.91   Sim  550819       Sim      DDoS Burst
        00:031.0     207.9 238.2     2.00   0.18      Não  4.53   Sim 1173760       Sim      DDoS Burst
        00:039.9      70.1  68.1     1.11   0.90      Não  2.74   Não 1274310       Sim      DDoS Burst
        00:050.1      73.1  77.7     1.15   0.04      Não 11.58   Sim 1382844       Sim      DDoS Burst
        01:000.0      99.6 105.9     1.83   0.68      Não  7.27   Sim 1594476       Sim      DDoS Burst
        01:010.1      82.8  99.0     1.50   0.32      Não  5.08   Sim 1741229       Sim      DDoS Burst
        01:020.1      51.3  52.4     1.64   0.14      Não  3.53   Sim 1765577       Sim Normal/Residual
        01:030.0      48.8  46.1     1.57   0.07      Não  7.28   Sim 1779977       Sim Normal/Residual
        01:040.1      53.4  56.3     1.10   0.47      Não 10.20   Sim 1812334       Sim Normal/Residual
        01:049.9      53.3  56.6     1.13   0.03      Não  8.27   Sim 1843839       Sim Normal/Residual
        02:000.1      49.2  48.4     1.55   0.42      Não  6.95   Sim 1859581       Sim Normal/Residual
        02:010.0      47.0  46.2     1.45   0.10      Não  8.21   Sim 1867089       Sim Normal/Residual
        02:020.0      47.3  44.6     1.50   0.05      Não  7.21   Sim 1875817       Sim Normal/Residual
        02:029.9      54.6  56.2     1.73   0.23      Não  8.86   Sim 1912848       Sim Normal/Residual
        02:039.9      69.1 113.1     0.86   0.87      Não 16.19   Sim 2005005       Sim      DDoS Burst
        02:049.9      58.4 108.5     0.48   0.38      Não  7.92   Sim 2054481       Sim Normal/Residual
        02:055.2      35.4  21.5     1.95   1.47      Não  0.60   Não 2036267       Sim Normal/Residual
        03:000.1      42.6  21.8     2.52   0.57      Não  2.33   Não 2036156       Sim Normal/Residual

✅ Bursts detectados: 7 | Excel: experiment_results/wedos_grid/rtt_bursts_S3_atk5pct_wu400000_stage1a_rep1.xlsx | Gráfico: experiment_results/wedos_grid/rtt_todos_bursts_S3_atk5pct_wu400000_stage1a_rep1.png

===== Analisando experiment_results/wedos_grid/rtt_log_S3_atk5pct_wu500000_stage1a_rep1.csv =====
[INFO] Baseline pré-ataque: média=44.5ms, desvio=117.2ms (3823 amostras) -> piso de burst = 80.1ms (1.8x a média)
Janela (MM:SS.s) Média RTT   Std Entropia Δ Ent. Al. Ent. Max Z Al. Z   CUSUM Al. CUSUM    Status Burst
        00:010.0      44.5 117.2     0.09   0.00      Não  0.00   Não       0       Não Normal/Residual
        00:019.7     188.9 230.6     1.78   1.69      Sim 12.30   Sim  432934       Sim      DDoS Burst
        00:030.5     256.1 216.1     2.19   0.41      Não  5.62   Sim  997278       Sim      DDoS Burst
        00:039.5     201.5 170.2     2.59   0.40      Não  2.78   Não 1367402       Sim      DDoS Burst
        00:050.2     199.6 169.2     2.53   0.06      Não  4.03   Sim 1724654       Sim      DDoS Burst
        00:059.7     196.2 226.9     1.82   0.71      Não  7.80   Sim 2072278       Sim      DDoS Burst
        01:010.3     199.1 245.1     1.86   0.04      Não  5.83   Sim 2429850       Sim      DDoS Burst
        01:020.0     127.0 163.4     1.41   0.45      Não  4.86   Sim 2523414       Sim      DDoS Burst
        01:030.2      89.7 110.8     1.46   0.05      Não  3.79   Sim 2470293       Sim      DDoS Burst
        01:040.0      93.2 106.9     1.55   0.08      Não  5.74   Sim 2430618       Sim      DDoS Burst
        01:050.1      79.6  99.0     1.05   0.50      Não  8.83   Sim 2337170       Sim Normal/Residual
        02:000.0     105.6 140.7     1.43   0.38      Não  9.68   Sim 2346909       Sim      DDoS Burst
        02:010.2     102.7 134.0     1.48   0.05      Não  5.89   Sim 2345273       Sim      DDoS Burst
        02:020.1      62.5  73.9     1.15   0.33      Não  3.67   Sim 2189682       Sim Normal/Residual
        02:029.9      97.3 116.9     1.49   0.34      Não 10.69   Sim 2167318       Sim      DDoS Burst
        02:040.1      87.0 114.2     1.30   0.19      Não  6.47   Sim 2105803       Sim      DDoS Burst
        02:050.0      39.9  45.6     0.31   0.99      Não  4.51   Sim 1862808       Sim Normal/Residual
        02:055.1      34.1  20.8     1.92   1.61      Sim  1.14   Não 1729290       Sim Normal/Residual
        03:000.1      39.1  18.1     1.81   0.11      Não  1.44   Não 1727369       Sim Normal/Residual

✅ Bursts detectados: 13 | Excel: experiment_results/wedos_grid/rtt_bursts_S3_atk5pct_wu500000_stage1a_rep1.xlsx | Gráfico: experiment_results/wedos_grid/rtt_todos_bursts_S3_atk5pct_wu500000_stage1a_rep1.png

===== Analisando experiment_results/wedos_grid/rtt_log_S4_atk10pct_wu200000_stage1a_rep1.csv =====
[INFO] Baseline pré-ataque: média=40.0ms, desvio=21.6ms (5240 amostras) -> piso de burst = 72.0ms (1.8x a média)
Janela (MM:SS.s) Média RTT   Std Entropia Δ Ent. Al. Ent. Max Z Al. Z  CUSUM Al. CUSUM    Status Burst
        00:010.3      40.0  21.6     1.50   0.00      Não  0.00   Não   2098       Sim Normal/Residual
        00:019.0      90.0 130.6     0.53   0.97      Não 96.35   Sim 209691       Sim      DDoS Burst
        00:030.8     101.1 134.3     0.58   0.05      Não 15.59   Sim 417151       Sim      DDoS Burst
        00:040.0      51.1  36.6     1.48   0.90      Não  2.08   Não 418668       Sim Normal/Residual
        00:050.1      53.6  40.6     1.56   0.08      Não  9.02   Sim 431711       Sim Normal/Residual
        00:059.5      58.2  49.2     1.66   0.10      Não  9.58   Sim 463857       Sim Normal/Residual
        01:010.2      59.7  51.9     1.65   0.01      Não  8.46   Sim 501192       Sim Normal/Residual
        01:019.8      56.4  45.6     1.58   0.07      Não  8.00   Sim 524654       Sim Normal/Residual
        01:029.8      60.3  52.7     1.58   0.01      Não  9.74   Sim 560918       Sim Normal/Residual
        01:040.0      62.9  56.0     1.65   0.07      Não  8.36   Sim 605071       Sim Normal/Residual
        01:050.3      57.7  45.4     1.53   0.12      Não  7.77   Sim 630959       Sim Normal/Residual
        01:059.7      58.2  44.0     1.71   0.18      Não  6.98   Sim 658780       Sim Normal/Residual
        02:009.8      56.4  42.2     1.71   0.00      Não  7.19   Sim 678554       Sim Normal/Residual
        02:020.1      51.9  34.8     1.73   0.02      Não  6.41   Sim 682142       Sim Normal/Residual
        02:029.9      53.9  36.5     2.03   0.30      Não  6.76   Sim 692792       Sim Normal/Residual
        02:039.6      48.6  34.3     1.81   0.23      Não  6.38   Sim 685675       Sim Normal/Residual
        02:050.0      40.0  22.2     1.41   0.40      Não  4.72   Sim 652951       Sim Normal/Residual
        02:055.4      40.8  21.1     1.84   0.43      Não  4.11   Sim 637214       Sim Normal/Residual
        03:000.2      46.9  19.1     2.67   0.83      Não  1.70   Não 636950       Sim Normal/Residual

✅ Bursts detectados: 2 | Excel: experiment_results/wedos_grid/rtt_bursts_S4_atk10pct_wu200000_stage1a_rep1.xlsx | Gráfico: experiment_results/wedos_grid/rtt_todos_bursts_S4_atk10pct_wu200000_stage1a_rep1.png

===== Analisando experiment_results/wedos_grid/rtt_log_S4_atk10pct_wu300000_stage1a_rep1.csv =====
[INFO] Baseline pré-ataque: média=39.8ms, desvio=21.3ms (5373 amostras) -> piso de burst = 71.7ms (1.8x a média)
Janela (MM:SS.s) Média RTT   Std Entropia Δ Ent. Al. Ent.  Max Z Al. Z   CUSUM Al. CUSUM    Status Burst
        00:010.2      39.8  21.3     1.34   0.00      Não   0.00   Não    1885       Sim Normal/Residual
        00:016.6     190.4 395.0     1.21   0.13      Não 101.89   Sim  517775       Sim      DDoS Burst
        00:025.1     850.9 621.0     2.93   1.72      Sim   5.12   Sim 1226182       Sim      DDoS Burst
        00:038.7     802.7 679.9     2.57   0.36      Não   1.89   Não 1463872       Sim      DDoS Burst
        00:051.4     480.7 289.7     2.83   0.26      Não   1.00   Não 1610593       Sim      DDoS Burst
        01:000.1     357.7 296.6     2.47   0.36      Não   3.19   Não 1738083       Sim      DDoS Burst
        01:010.1     200.3 102.3     2.45   0.02      Não   1.08   Não 1801147       Sim      DDoS Burst
        01:020.2     282.4 147.5     2.94   0.49      Não   5.32   Sim 1905509       Sim      DDoS Burst
        01:029.9     263.3 139.1     2.81   0.13      Não   3.14   Não 2002544       Sim      DDoS Burst
        01:039.9     183.8  73.5     2.37   0.44      Não   2.11   Não 2059750       Sim      DDoS Burst
        01:049.7     190.6  81.8     2.50   0.13      Não   5.07   Sim 2116354       Sim      DDoS Burst
        01:059.7     206.2  90.6     2.56   0.06      Não   5.25   Sim 2179256       Sim      DDoS Burst
        02:009.6     188.9  81.9     2.34   0.22      Não   4.56   Sim 2235451       Sim      DDoS Burst
        02:020.1     163.2  49.4     2.71   0.38      Não   2.12   Não 2279995       Sim      DDoS Burst
        02:030.3     201.5 105.4     2.36   0.35      Não   9.95   Sim 2340719       Sim      DDoS Burst
        02:035.0     236.8 129.5     2.71   0.35      Não   4.30   Sim 2379481       Sim      DDoS Burst

✅ Bursts detectados: 15 | Excel: experiment_results/wedos_grid/rtt_bursts_S4_atk10pct_wu300000_stage1a_rep1.xlsx | Gráfico: experiment_results/wedos_grid/rtt_todos_bursts_S4_atk10pct_wu300000_stage1a_rep1.png

===== Analisando experiment_results/wedos_grid/rtt_log_S4_atk10pct_wu400000_stage1a_rep1.csv =====
[INFO] Baseline pré-ataque: média=44.1ms, desvio=118.1ms (2725 amostras) -> piso de burst = 79.3ms (1.8x a média)
Janela (MM:SS.s) Média RTT   Std Entropia Δ Ent. Al. Ent. Max Z Al. Z   CUSUM Al. CUSUM    Status Burst
        00:009.9      44.1 118.1     0.06   0.00      Não  0.00   Não       0       Não Normal/Residual
        00:019.6      34.9  20.7     1.85   1.79      Sim  0.43   Não       0       Não Normal/Residual
        00:030.7      36.1  20.6     2.01   0.16      Não  2.88   Não       0       Não Normal/Residual
        00:039.2      36.8  20.7     1.89   0.12      Não  3.50   Sim       0       Não Normal/Residual
        00:049.2      35.3  21.5     1.99   0.10      Não  3.45   Não       0       Não Normal/Residual
        01:000.6      36.3  21.5     2.18   0.19      Não  3.37   Não       0       Não Normal/Residual
        01:009.8      40.0  30.2     1.13   1.05      Não 16.65   Sim       0       Não Normal/Residual
        01:019.8      52.0  54.4     1.26   0.12      Não 15.99   Sim       0       Não Normal/Residual
        01:029.3     111.3 198.1     1.00   0.26      Não 25.47   Sim   53559       Sim      DDoS Burst
        01:039.9     198.3 340.2     1.33   0.33      Não 10.22   Sim  184864       Sim      DDoS Burst
        01:050.0     252.5 417.7     1.52   0.20      Não  5.70   Sim  388180       Sim      DDoS Burst
        01:059.8     221.6 347.0     1.60   0.07      Não  3.69   Sim  545575       Sim      DDoS Burst
        02:010.5     233.9 309.9     1.73   0.13      Não  4.72   Sim  722366       Sim      DDoS Burst
        02:018.8     392.6 462.0     2.26   0.54      Não  5.77   Sim 1061112       Sim      DDoS Burst
        02:030.3     470.8 529.7     2.49   0.23      Não  3.58   Sim 1414136       Sim      DDoS Burst
        02:039.2     286.5 455.0     1.73   0.76      Não  2.97   Não 1581606       Sim      DDoS Burst
        02:050.1      88.4 220.9     0.52   1.21      Não  3.63   Sim 1569252       Sim      DDoS Burst
        02:054.8      54.9  61.5     1.28   0.76      Não  2.04   Não 1547886       Sim Normal/Residual

✅ Bursts detectados: 9 | Excel: experiment_results/wedos_grid/rtt_bursts_S4_atk10pct_wu400000_stage1a_rep1.xlsx | Gráfico: experiment_results/wedos_grid/rtt_todos_bursts_S4_atk10pct_wu400000_stage1a_rep1.png

===== Analisando experiment_results/wedos_grid/rtt_log_S4_atk10pct_wu500000_stage1a_rep1.csv =====
[INFO] Baseline pré-ataque: média=41.4ms, desvio=29.6ms (5099 amostras) -> piso de burst = 74.6ms (1.8x a média)
Janela (MM:SS.s) Média RTT   Std Entropia Δ Ent. Al. Ent. Max Z Al. Z   CUSUM Al. CUSUM    Status Burst
        00:010.2      41.4  29.6     1.03   0.00      Não  0.00   Não    8748       Sim Normal/Residual
        00:017.8     145.8 260.6     1.11   0.08      Não 65.32   Sim  374153       Sim      DDoS Burst
        00:031.1     319.1 377.6     2.05   0.95      Não  7.02   Sim  924214       Sim      DDoS Burst
        00:039.9     186.4 307.7     1.25   0.81      Não  4.35   Sim 1189028       Sim      DDoS Burst
        00:048.4     192.8 303.5     1.29   0.05      Não  6.04   Sim 1390641       Sim      DDoS Burst
        00:058.9     249.7 347.4     1.63   0.34      Não  6.10   Sim 1582364       Sim      DDoS Burst
        01:009.4     169.1 248.2     1.33   0.30      Não  3.72   Sim 1671506       Sim      DDoS Burst
        01:020.2     150.4 201.9     1.78   0.45      Não  3.25   Não 1735831       Sim      DDoS Burst
        01:029.9     182.9 230.2     2.01   0.23      Não  4.41   Sim 1817508       Sim      DDoS Burst
        01:040.2     165.4 211.3     1.81   0.20      Não  3.73   Sim 1890413       Sim      DDoS Burst
        01:050.6     155.0 217.8     1.23   0.59      Não  6.74   Sim 1966559       Sim      DDoS Burst
        01:059.4     168.0 288.9     1.06   0.16      Não  7.18   Sim 2048046       Sim      DDoS Burst
        02:008.7     183.3 318.5     1.14   0.07      Não  5.93   Sim 2118448       Sim      DDoS Burst
        02:020.7     156.2 243.9     1.08   0.06      Não  5.33   Sim 2172295       Sim      DDoS Burst
        02:030.2     104.5 170.1     1.00   0.07      Não  3.67   Sim 2200710       Sim      DDoS Burst
        02:040.1      80.6 117.6     0.88   0.12      Não  4.91   Sim 2215559       Sim      DDoS Burst
        02:050.0     107.6 161.3     1.10   0.22      Não  8.46   Sim 2249197       Sim      DDoS Burst
        02:055.4     122.3 175.9     1.31   0.21      Não  6.00   Sim 2272788       Sim      DDoS Burst
        03:000.3     133.4  76.5     2.67   1.36      Não  1.23   Não 2274639       Sim      DDoS Burst

✅ Bursts detectados: 18 | Excel: experiment_results/wedos_grid/rtt_bursts_S4_atk10pct_wu500000_stage1a_rep1.xlsx | Gráfico: experiment_results/wedos_grid/rtt_todos_bursts_S4_atk10pct_wu500000_stage1a_rep1.png

===== Analisando experiment_results/wedos_grid/rtt_log_S4_atk1pct_wu200000_stage1a_rep1.csv =====
[INFO] Baseline pré-ataque: média=43.9ms, desvio=90.2ms (4043 amostras) -> piso de burst = 79.0ms (1.8x a média)
Janela (MM:SS.s) Média RTT  Std Entropia Δ Ent. Al. Ent. Max Z Al. Z CUSUM Al. CUSUM    Status Burst
        00:009.8      43.9 90.2     0.04   0.00      Não  0.00   Não     0       Não Normal/Residual
        00:020.0      39.1 20.0     1.37   1.33      Não  1.05   Não     0       Não Normal/Residual
        00:029.4      38.8 20.5     1.43   0.06      Não  5.00   Sim     0       Não Normal/Residual
        00:039.8      36.0 20.3     1.68   0.25      Não  3.01   Não     0       Não Normal/Residual
        00:049.9      36.1 20.5     1.49   0.19      Não  5.22   Sim     0       Não Normal/Residual
        00:059.3      36.8 20.6     1.54   0.05      Não  5.17   Sim     0       Não Normal/Residual
        01:010.6      37.4 20.4     1.97   0.43      Não  3.81   Sim     0       Não Normal/Residual
        01:019.6      37.7 20.6     2.06   0.09      Não  3.04   Não     0       Não Normal/Residual
        01:030.0      37.6 21.1     2.23   0.17      Não  3.01   Não     0       Não Normal/Residual
        01:040.0      39.5 22.0     2.08   0.15      Não  4.62   Sim     0       Não Normal/Residual
        01:050.4      42.1 22.6     2.31   0.23      Não  4.33   Sim     0       Não Normal/Residual
        01:059.4      42.2 22.3     1.74   0.57      Não  6.98   Sim     0       Não Normal/Residual
        02:010.3      41.4 21.9     1.68   0.06      Não  7.09   Sim     0       Não Normal/Residual
        02:019.5      42.2 22.8     2.25   0.56      Não  5.47   Sim     0       Não Normal/Residual
        02:029.5      42.9 23.9     2.36   0.11      Não  5.22   Sim     0       Não Normal/Residual
        02:039.2      43.7 24.4     2.60   0.24      Não  4.04   Sim     0       Não Normal/Residual
        02:050.3      41.8 24.2     2.66   0.07      Não  3.64   Sim     0       Não Normal/Residual
        02:055.2      40.7 26.1     1.70   0.96      Não  9.68   Sim     2       Não Normal/Residual
        03:000.4      59.9 51.6     2.12   0.42      Não  9.03   Sim     2       Não Normal/Residual

✅ Bursts detectados: 0 | Excel: experiment_results/wedos_grid/rtt_bursts_S4_atk1pct_wu200000_stage1a_rep1.xlsx | Gráfico: experiment_results/wedos_grid/rtt_todos_bursts_S4_atk1pct_wu200000_stage1a_rep1.png

===== Analisando experiment_results/wedos_grid/rtt_log_S4_atk1pct_wu300000_stage1a_rep1.csv =====
[INFO] Baseline pré-ataque: média=40.6ms, desvio=21.6ms (5423 amostras) -> piso de burst = 73.0ms (1.8x a média)
Janela (MM:SS.s) Média RTT  Std Entropia Δ Ent. Al. Ent. Max Z Al. Z CUSUM Al. CUSUM    Status Burst
        00:010.4      40.6 21.6     1.41   0.00      Não  0.00   Não  2223       Sim Normal/Residual
        00:019.8      39.2 21.3     1.35   0.06      Não  8.06   Sim     2       Não Normal/Residual
        00:030.0      40.9 23.4     1.78   0.43      Não  9.16   Sim     0       Não Normal/Residual
        00:040.2      44.4 28.6     1.80   0.02      Não  9.22   Sim     0       Não Normal/Residual
        00:050.0      43.6 28.4     1.67   0.13      Não  7.55   Sim     0       Não Normal/Residual
        01:000.1      43.2 28.4     1.65   0.02      Não  7.63   Sim  1721       Sim Normal/Residual
        01:010.0      44.4 29.7     1.76   0.11      Não  7.48   Sim     0       Não Normal/Residual
        01:020.0      43.0 27.3     1.95   0.19      Não  6.34   Sim     0       Não Normal/Residual
        01:030.1      42.9 26.8     1.92   0.03      Não  6.90   Sim     0       Não Normal/Residual
        01:040.2      44.8 29.1     1.52   0.40      Não  8.76   Sim     0       Não Normal/Residual
        01:050.1      46.5 31.5     1.62   0.10      Não  8.00   Sim  5524       Sim Normal/Residual
        01:059.9      50.1 50.2     0.37   1.25      Não 32.08   Sim 10769       Sim Normal/Residual
        02:010.0      47.7 48.8     0.31   0.06      Não 20.04   Sim  1258       Sim Normal/Residual
        02:020.0      44.5 30.8     1.34   1.03      Não  5.79   Sim     0       Não Normal/Residual
        02:030.0      46.4 32.9     1.43   0.09      Não  9.29   Sim   949       Sim Normal/Residual
        02:040.1      42.0 26.0     1.24   0.19      Não  8.04   Sim     0       Não Normal/Residual
        02:050.0      38.3 19.7     1.87   0.63      Não  2.18   Não     2       Não Normal/Residual
        02:055.0      38.4 19.8     1.90   0.03      Não  3.06   Não     0       Não Normal/Residual
        03:000.0      35.2 21.4     1.46   0.44      Não  1.67   Não     0       Não Normal/Residual

✅ Bursts detectados: 0 | Excel: experiment_results/wedos_grid/rtt_bursts_S4_atk1pct_wu300000_stage1a_rep1.xlsx | Gráfico: experiment_results/wedos_grid/rtt_todos_bursts_S4_atk1pct_wu300000_stage1a_rep1.png

===== Analisando experiment_results/wedos_grid/rtt_log_S4_atk1pct_wu400000_stage1a_rep1.csv =====
[INFO] Baseline pré-ataque: média=39.1ms, desvio=20.0ms (5456 amostras) -> piso de burst = 70.4ms (1.8x a média)
Janela (MM:SS.s) Média RTT  Std Entropia Δ Ent. Al. Ent. Max Z Al. Z CUSUM Al. CUSUM    Status Burst
        00:010.1      39.1 20.0     1.59   0.00      Não  0.00   Não   212       Sim Normal/Residual
        00:019.8      47.5 61.9     0.12   1.46      Não 90.65   Sim 17728       Sim Normal/Residual
        00:030.2      49.7 64.6     0.15   0.03      Não 29.10   Sim 20593       Sim Normal/Residual
        00:040.2      41.6 27.5     1.08   0.93      Não  5.69   Sim   102       Sim Normal/Residual
        00:050.1      45.6 35.5     1.33   0.25      Não 14.20   Sim 10663       Sim Normal/Residual
        01:000.0      46.8 36.8     1.35   0.02      Não 10.91   Sim   104       Sim Normal/Residual
        01:010.3      41.6 26.3     1.21   0.15      Não  7.02   Sim     0       Não Normal/Residual
        01:020.0      41.1 24.9     1.13   0.08      Não  9.99   Sim     3       Não Normal/Residual
        01:029.9      40.8 24.4     1.16   0.03      Não 10.35   Sim     0       Não Normal/Residual
        01:040.0      47.5 40.1     1.14   0.02      Não 18.59   Sim 17777       Sim Normal/Residual
        01:050.0      55.0 51.4     1.41   0.27      Não 11.13   Sim 49249       Sim Normal/Residual
        02:000.1      51.0 45.0     1.43   0.02      Não  7.03   Sim 59543       Sim Normal/Residual
        02:010.2      43.9 30.9     1.30   0.13      Não  5.92   Sim 30851       Sim Normal/Residual
        02:020.0      42.3 26.2     1.73   0.43      Não  6.61   Sim    11       Não Normal/Residual
        02:030.0      46.5 35.1     1.28   0.45      Não 14.33   Sim 11376       Sim Normal/Residual
        02:040.1      43.9 33.5     1.20   0.08      Não 10.58   Sim     6       Não Normal/Residual
        02:050.2      38.3 20.8     0.95   0.26      Não  8.99   Sim     0       Não Normal/Residual
        02:055.4      39.0 20.3     1.97   1.02      Não  4.06   Sim     0       Não Normal/Residual
        03:000.4      47.1 24.6     2.82   0.85      Não  4.13   Sim     0       Não Normal/Residual

✅ Bursts detectados: 0 | Excel: experiment_results/wedos_grid/rtt_bursts_S4_atk1pct_wu400000_stage1a_rep1.xlsx | Gráfico: experiment_results/wedos_grid/rtt_todos_bursts_S4_atk1pct_wu400000_stage1a_rep1.png

===== Analisando experiment_results/wedos_grid/rtt_log_S4_atk1pct_wu500000_stage1a_rep1.csv =====
[INFO] Baseline pré-ataque: média=38.6ms, desvio=20.1ms (5408 amostras) -> piso de burst = 69.4ms (1.8x a média)
Janela (MM:SS.s) Média RTT  Std Entropia Δ Ent. Al. Ent. Max Z Al. Z CUSUM Al. CUSUM    Status Burst
        00:010.1      38.6 20.1     1.92   0.00      Não  0.00   Não     4       Não Normal/Residual
        00:019.7      53.6 83.8     0.21   1.70      Sim 97.18   Sim 54171       Sim Normal/Residual
        00:030.1      57.5 87.6     0.25   0.04      Não 23.08   Sim 96817       Sim Normal/Residual
        00:040.1      43.7 32.8     0.89   0.65      Não  5.13   Sim 72961       Sim Normal/Residual
        00:050.1      44.9 35.2     0.88   0.01      Não 14.09   Sim 54470       Sim Normal/Residual
        00:060.0      43.7 31.6     1.13   0.25      Não 10.34   Sim 30480       Sim Normal/Residual
        01:010.2      43.2 30.0     1.14   0.02      Não  9.50   Sim  3812       Sim Normal/Residual
        01:019.9      44.6 33.2     1.15   0.01      Não 10.01   Sim    31       Não Normal/Residual
        01:029.8      44.1 33.1     1.13   0.02      Não 11.18   Sim     3       Não Normal/Residual
        01:039.9      44.2 32.1     1.08   0.05      Não 11.22   Sim   101       Sim Normal/Residual
        01:049.6      47.7 38.5     1.15   0.07      Não 13.90   Sim  7875       Sim Normal/Residual
        02:000.4      52.3 49.6     0.78   0.37      Não 15.01   Sim 22567       Sim Normal/Residual
        02:009.6      50.2 48.9     0.67   0.11      Não 11.56   Sim 28452       Sim Normal/Residual
        02:020.4      44.0 37.5     0.98   0.31      Não  9.13   Sim 13283       Sim Normal/Residual
        02:029.9      45.5 40.0     1.05   0.06      Não 11.98   Sim  6779       Sim Normal/Residual
        02:039.5      44.5 37.9     1.03   0.01      Não 11.19   Sim     0       Não Normal/Residual
        02:049.8      39.5 25.4     1.09   0.05      Não  7.81   Sim     1       Não Normal/Residual
        02:055.4      41.6 32.9     1.16   0.08      Não 11.82   Sim  1352       Sim Normal/Residual
        03:000.5      66.0 73.7     1.88   0.71      Não  8.89   Sim  2655       Sim Normal/Residual

✅ Bursts detectados: 0 | Excel: experiment_results/wedos_grid/rtt_bursts_S4_atk1pct_wu500000_stage1a_rep1.xlsx | Gráfico: experiment_results/wedos_grid/rtt_todos_bursts_S4_atk1pct_wu500000_stage1a_rep1.png

===== Analisando experiment_results/wedos_grid/rtt_log_S4_atk5pct_wu200000_stage1a_rep1.csv =====
[INFO] Baseline pré-ataque: média=39.1ms, desvio=20.6ms (5335 amostras) -> piso de burst = 70.3ms (1.8x a média)
Janela (MM:SS.s) Média RTT  Std Entropia Δ Ent. Al. Ent. Max Z Al. Z  CUSUM Al. CUSUM    Status Burst
        00:010.3      39.1 20.6     1.79   0.00      Não  0.00   Não    739       Sim Normal/Residual
        00:019.8      51.3 55.8     0.39   1.41      Não 51.56   Sim  42949       Sim Normal/Residual
        00:030.4      58.4 56.9     0.47   0.09      Não 18.83   Sim  90235       Sim Normal/Residual
        00:040.1      56.7 41.3     1.70   1.23      Não  5.44   Sim 130140       Sim Normal/Residual
        00:050.1      53.4 40.2     1.59   0.11      Não  7.54   Sim 152032       Sim Normal/Residual
        01:000.0      44.7 26.1     1.86   0.27      Não  4.21   Sim 125836       Sim Normal/Residual
        01:010.1      45.9 27.7     1.67   0.19      Não  6.12   Sim 106416       Sim Normal/Residual
        01:020.0      46.5 28.4     1.72   0.05      Não  5.98   Sim  90383       Sim Normal/Residual
        01:029.8      52.0 36.7     1.60   0.12      Não 11.33   Sim 104230       Sim Normal/Residual
        01:040.2      55.0 38.3     1.68   0.09      Não  8.60   Sim 132989       Sim Normal/Residual
        01:050.2      48.8 30.1     2.08   0.40      Não  5.08   Sim 129877       Sim Normal/Residual
        01:059.9      46.9 30.1     2.07   0.01      Não  6.45   Sim 116164       Sim Normal/Residual
        02:010.2      45.3 28.2     1.99   0.08      Não  6.51   Sim  93092       Sim Normal/Residual
        02:020.0      46.9 32.3     1.47   0.51      Não  9.73   Sim  79018       Sim Normal/Residual
        02:029.9      49.8 36.3     1.63   0.16      Não  8.47   Sim  81113       Sim Normal/Residual
        02:040.1      43.9 28.3     1.39   0.24      Não  7.04   Sim  51735       Sim Normal/Residual
        02:050.0      39.2 20.1     1.45   0.05      Não  3.24   Não      7       Não Normal/Residual
        02:055.1      39.3 20.0     1.81   0.36      Não  4.26   Sim      0       Não Normal/Residual
        03:000.0      38.9 18.0     1.97   0.16      Não  1.67   Não      0       Não Normal/Residual

✅ Bursts detectados: 0 | Excel: experiment_results/wedos_grid/rtt_bursts_S4_atk5pct_wu200000_stage1a_rep1.xlsx | Gráfico: experiment_results/wedos_grid/rtt_todos_bursts_S4_atk5pct_wu200000_stage1a_rep1.png

===== Analisando experiment_results/wedos_grid/rtt_log_S4_atk5pct_wu300000_stage1a_rep1.csv =====
[INFO] Baseline pré-ataque: média=39.1ms, desvio=19.9ms (5371 amostras) -> piso de burst = 70.4ms (1.8x a média)
Janela (MM:SS.s) Média RTT   Std Entropia Δ Ent. Al. Ent. Max Z Al. Z   CUSUM Al. CUSUM    Status Burst
        00:010.1      39.1  19.9     2.07   0.00      Não  0.00   Não      11       Não Normal/Residual
        00:019.7      77.3  92.0     1.23   0.84      Não 36.53   Sim  173295       Sim      DDoS Burst
        00:030.3      99.7 100.6     1.70   0.47      Não  7.47   Sim  428307       Sim      DDoS Burst
        00:040.0     101.4  88.5     2.30   0.60      Não  4.23   Sim  697273       Sim      DDoS Burst
        00:050.2     100.8  87.2     2.28   0.01      Não  4.79   Sim  964238       Sim      DDoS Burst
        01:000.1      70.4  62.3     1.95   0.34      Não  4.28   Sim 1077755       Sim Normal/Residual
        01:010.1      62.5  49.6     1.81   0.13      Não  5.24   Sim 1150410       Sim Normal/Residual
        01:020.1      68.9  71.7     1.28   0.53      Não 11.28   Sim 1256885       Sim Normal/Residual
        01:030.0      75.8  81.2     1.44   0.16      Não  7.72   Sim 1397880       Sim      DDoS Burst
        01:040.1      66.1  62.9     1.78   0.34      Não  5.08   Sim 1488059       Sim Normal/Residual
        01:050.0      58.9  51.1     1.74   0.03      Não  6.20   Sim 1540569       Sim Normal/Residual
        02:000.1      61.1  50.6     1.79   0.04      Não  7.78   Sim 1605393       Sim Normal/Residual
        02:010.0      60.5  48.6     1.46   0.33      Não  9.17   Sim 1667149       Sim Normal/Residual
        02:020.1      66.5  62.2     1.60   0.14      Não  9.56   Sim 1760125       Sim Normal/Residual
        02:030.1      71.9  67.4     1.98   0.38      Não  6.52   Sim 1881960       Sim      DDoS Burst
        02:040.2      55.0  49.7     1.58   0.40      Não  5.90   Sim 1914592       Sim Normal/Residual
        02:050.0      38.6  21.6     0.93   0.66      Não  8.33   Sim 1857061       Sim Normal/Residual
        02:055.3      38.8  19.9     1.94   1.01      Não  3.48   Não 1827876       Sim Normal/Residual
        03:000.3      44.3  22.5     2.96   1.02      Não  3.18   Não 1827345       Sim Normal/Residual

✅ Bursts detectados: 6 | Excel: experiment_results/wedos_grid/rtt_bursts_S4_atk5pct_wu300000_stage1a_rep1.xlsx | Gráfico: experiment_results/wedos_grid/rtt_todos_bursts_S4_atk5pct_wu300000_stage1a_rep1.png

===== Analisando experiment_results/wedos_grid/rtt_log_S4_atk5pct_wu400000_stage1a_rep1.csv =====
[INFO] Baseline pré-ataque: média=38.4ms, desvio=19.9ms (5492 amostras) -> piso de burst = 69.2ms (1.8x a média)
Janela (MM:SS.s) Média RTT   Std Entropia Δ Ent. Al. Ent. Max Z Al. Z  CUSUM Al. CUSUM    Status Burst
        00:010.2      38.4  19.9     1.94   0.00      Não  0.00   Não     32       Não Normal/Residual
        00:019.5      68.7 100.2     0.48   1.46      Não 88.53   Sim 130166       Sim Normal/Residual
        00:030.3      76.6 105.3     0.56   0.08      Não 17.30   Sim 260590       Sim      DDoS Burst
        00:039.6      53.7  61.3     0.44   0.12      Não  8.06   Sim 284283       Sim Normal/Residual
        00:049.8      59.2  70.3     0.60   0.16      Não 14.21   Sim 327771       Sim Normal/Residual
        00:059.9      56.7  59.7     1.14   0.54      Não  6.72   Sim 358903       Sim Normal/Residual
        01:009.9      57.2  63.8     0.79   0.35      Não  9.85   Sim 389107       Sim Normal/Residual
        01:020.4      59.4  66.6     0.88   0.09      Não  9.21   Sim 426963       Sim Normal/Residual
        01:029.9      64.7  69.9     1.26   0.38      Não  8.02   Sim 484462       Sim Normal/Residual
        01:040.3      67.5  70.5     0.94   0.31      Não 10.06   Sim 552594       Sim Normal/Residual
        01:050.0      62.8  65.1     0.84   0.10      Não  9.93   Sim 603661       Sim Normal/Residual
        02:000.7      59.0  56.5     1.14   0.30      Não  8.15   Sim 643784       Sim Normal/Residual
        02:010.0      57.1  50.6     1.52   0.38      Não  7.11   Sim 679142       Sim Normal/Residual
        02:020.1      56.2  49.1     1.44   0.07      Não  7.56   Sim 711053       Sim Normal/Residual
        02:030.0      55.1  48.0     1.28   0.16      Não  9.58   Sim 739377       Sim Normal/Residual
        02:040.3      48.9  39.1     1.02   0.26      Não  9.83   Sim 741639       Sim Normal/Residual
        02:049.8      42.4  24.5     1.02   0.00      Não  8.50   Sim 716249       Sim Normal/Residual
        02:055.2      42.5  29.0     1.12   0.10      Não 13.61   Sim 703856       Sim Normal/Residual
        03:000.5      70.5  84.3     1.57   0.45      Não 11.48   Sim 705730       Sim      DDoS Burst

✅ Bursts detectados: 2 | Excel: experiment_results/wedos_grid/rtt_bursts_S4_atk5pct_wu400000_stage1a_rep1.xlsx | Gráfico: experiment_results/wedos_grid/rtt_todos_bursts_S4_atk5pct_wu400000_stage1a_rep1.png

===== Analisando experiment_results/wedos_grid/rtt_log_S4_atk5pct_wu500000_stage1a_rep1.csv =====
[INFO] Baseline pré-ataque: média=38.8ms, desvio=20.0ms (5406 amostras) -> piso de burst = 69.9ms (1.8x a média)
Janela (MM:SS.s) Média RTT   Std Entropia Δ Ent. Al. Ent. Max Z Al. Z   CUSUM Al. CUSUM    Status Burst
        00:010.2      38.8  20.0     1.43   0.00      Não  0.00   Não      13       Não Normal/Residual
        00:019.4      88.4 132.9     0.73   0.70      Não 82.29   Sim  218201       Sim      DDoS Burst
        00:030.8     104.6 141.6     0.89   0.16      Não 12.00   Sim  460317       Sim      DDoS Burst
        00:039.6      59.0  71.2     0.77   0.11      Não  3.91   Sim  503872       Sim Normal/Residual
        00:048.9      79.6 129.5     0.70   0.07      Não 15.74   Sim  605510       Sim      DDoS Burst
        01:000.5      91.7 142.1     0.89   0.18      Não  8.50   Sim  732587       Sim      DDoS Burst
        01:009.9      76.2 103.4     0.81   0.07      Não  6.31   Sim  817736       Sim      DDoS Burst
        01:020.1      77.7  99.2     1.00   0.19      Não  6.93   Sim  906263       Sim      DDoS Burst
        01:030.0      82.0 110.5     0.82   0.18      Não  9.92   Sim 1009081       Sim      DDoS Burst
        01:040.1      78.4 107.6     0.76   0.06      Não  8.86   Sim 1102154       Sim      DDoS Burst
        01:050.1      69.5  83.5     0.90   0.14      Não  6.47   Sim 1169936       Sim Normal/Residual
        01:059.0      68.6  85.7     0.83   0.07      Não  9.20   Sim 1225150       Sim Normal/Residual
        02:009.4      68.9  92.4     0.89   0.06      Não  8.99   Sim 1267257       Sim Normal/Residual
        02:020.6      64.6  75.1     1.37   0.47      Não  5.48   Sim 1302571       Sim Normal/Residual
        02:030.2      66.6  72.9     1.21   0.15      Não  7.74   Sim 1348868       Sim Normal/Residual
        02:039.8      57.6  68.4     0.84   0.37      Não  8.69   Sim 1370889       Sim Normal/Residual
        02:050.5      44.3  41.2     0.38   0.47      Não  9.39   Sim 1359332       Sim Normal/Residual
        02:055.5      44.6  27.9     1.87   1.50      Não  4.54   Sim 1352867       Sim Normal/Residual
        03:000.5      50.0  29.6     2.81   0.94      Não  3.78   Sim 1353016       Sim Normal/Residual

✅ Bursts detectados: 8 | Excel: experiment_results/wedos_grid/rtt_bursts_S4_atk5pct_wu500000_stage1a_rep1.xlsx | Gráfico: experiment_results/wedos_grid/rtt_todos_bursts_S4_atk5pct_wu500000_stage1a_rep1.png

===== Analisando experiment_results/wu_calibration/rtt_log_rps10_att4_WU100000.csv =====
[INFO] Baseline pré-ataque: média=15.6ms, desvio=18.8ms (790 amostras) -> piso de burst = 28.1ms (1.8x a média)
Janela (MM:SS.s) Média RTT  Std Entropia Δ Ent. Al. Ent. Max Z Al. Z  CUSUM Al. CUSUM    Status Burst
        00:009.9      15.6 18.8     1.14   0.00      Não  0.00   Não     32       Não Normal/Residual
        00:021.4      40.6 41.3     2.19   1.05      Não 12.01   Sim  22343       Sim      DDoS Burst
        00:030.0      46.8 37.8     2.31   0.12      Não  4.86   Sim  57246       Sim      DDoS Burst
        00:039.8      43.1 33.5     2.33   0.02      Não  4.63   Sim  85791       Sim      DDoS Burst
        00:050.1      41.7 33.0     2.28   0.05      Não  5.34   Sim 112383       Sim      DDoS Burst
        00:059.7      38.3 29.6     2.22   0.06      Não  5.15   Sim 133306       Sim      DDoS Burst
        01:010.1      41.8 34.8     2.07   0.15      Não  7.10   Sim 159038       Sim      DDoS Burst
        01:020.1      46.2 45.2     1.77   0.30      Não  9.00   Sim 193406       Sim      DDoS Burst
        01:029.9      40.6 41.6     1.59   0.19      Não  6.83   Sim 218454       Sim      DDoS Burst
        01:039.9      40.2 36.2     1.98   0.39      Não  5.35   Sim 242063       Sim      DDoS Burst
        01:050.1      43.7 39.1     2.09   0.11      Não  6.16   Sim 272014       Sim      DDoS Burst
        02:000.1      40.9 34.4     2.18   0.09      Não  4.81   Sim 298923       Sim      DDoS Burst
        02:009.7      42.0 33.6     2.47   0.29      Não  4.34   Sim 327100       Sim      DDoS Burst
        02:020.0      38.5 31.1     2.38   0.09      Não  4.22   Sim 348837       Sim      DDoS Burst
        02:029.9      37.7 31.5     2.22   0.16      Não  5.69   Sim 369389       Sim      DDoS Burst
        02:038.3      32.4 32.0     2.09   0.14      Não  5.63   Sim 378454       Sim      DDoS Burst
        02:049.8      16.5 19.7     0.98   1.11      Não  2.23   Não 371668       Sim Normal/Residual
        02:055.1      16.4 19.3     1.37   0.40      Não  1.99   Não 368369       Sim Normal/Residual

✅ Bursts detectados: 15 | Excel: experiment_results/wu_calibration/rtt_bursts_rps10_att4_WU100000.xlsx | Gráfico: experiment_results/wu_calibration/rtt_todos_bursts_rps10_att4_WU100000.png

===== Analisando experiment_results/wu_calibration/rtt_log_rps10_att4_WU200000.csv =====
[INFO] Baseline pré-ataque: média=17.2ms, desvio=20.0ms (804 amostras) -> piso de burst = 31.0ms (1.8x a média)
Janela (MM:SS.s) Média RTT   Std Entropia Δ Ent. Al. Ent.  Max Z Al. Z   CUSUM Al. CUSUM    Status Burst
        00:009.7      17.2  20.0     1.20   0.00      Não   0.00   Não     296       Sim Normal/Residual
        00:020.2     532.6 579.8     2.56   1.36      Não 100.85   Sim  442891       Sim      DDoS Burst
        00:027.2    1022.8 498.4     3.19   0.63      Não   2.59   Não 1086042       Sim      DDoS Burst
        00:041.1    1127.4 583.2     2.95   0.24      Não   2.05   Não 1512911       Sim      DDoS Burst
        00:049.8     555.7 644.4     2.08   0.87      Não   1.93   Não 1753351       Sim      DDoS Burst
        01:000.1      94.6  51.3     2.52   0.44      Não   0.86   Não 1784017       Sim      DDoS Burst
        01:010.8     185.0 137.8     2.42   0.10      Não  14.91   Sim 1860038       Sim      DDoS Burst
        01:020.9     263.4 211.1     2.62   0.20      Não   6.42   Sim 2002703       Sim      DDoS Burst
        01:030.0     206.6 192.8     2.26   0.36      Não   3.82   Sim 2131844       Sim      DDoS Burst
        01:040.0     178.9 117.4     2.70   0.44      Não   2.18   Não 2245904       Sim      DDoS Burst
        01:049.6     166.3 120.4     2.64   0.05      Não   3.81   Sim 2345768       Sim      DDoS Burst
        02:000.0     152.5 118.4     2.28   0.37      Não   4.94   Sim 2430955       Sim      DDoS Burst
        02:010.1     178.6 122.2     2.47   0.20      Não   5.14   Sim 2534946       Sim      DDoS Burst
        02:020.1     200.5 132.1     2.61   0.14      Não   4.82   Sim 2654135       Sim      DDoS Burst
        02:029.7     188.8 127.8     2.48   0.13      Não   4.29   Sim 2759451       Sim      DDoS Burst
        02:036.0     133.8  77.0     2.83   0.35      Não   1.65   Não 2796215       Sim      DDoS Burst
        02:050.4      29.2  26.2     1.70   1.13      Não   1.70   Não 2796369       Sim Normal/Residual
        02:054.8      29.2  21.8     1.88   0.18      Não   1.45   Não 2796452       Sim Normal/Residual

✅ Bursts detectados: 15 | Excel: experiment_results/wu_calibration/rtt_bursts_rps10_att4_WU200000.xlsx | Gráfico: experiment_results/wu_calibration/rtt_todos_bursts_rps10_att4_WU200000.png

===== Analisando experiment_results/wu_calibration/rtt_log_rps10_att4_WU200000_repro_loteA_rep1.csv =====
[INFO] Baseline pré-ataque: média=18.8ms, desvio=25.2ms (813 amostras) -> piso de burst = 33.9ms (1.8x a média)
Janela (MM:SS.s) Média RTT   Std Entropia Δ Ent. Al. Ent. Max Z Al. Z   CUSUM Al. CUSUM    Status Burst
        00:010.0      18.8  25.2     1.10   0.00      Não  0.00   Não    1535       Sim Normal/Residual
        00:020.6     538.9 599.3     2.64   1.54      Sim 80.25   Sim  487829       Sim      DDoS Burst
        00:029.2    1216.2 542.5     3.21   0.57      Não  2.51   Não 1704547       Sim      DDoS Burst
        00:034.7    1523.9 412.9     2.71   0.50      Não  1.97   Não 2537322       Sim      DDoS Burst
        00:052.7     995.2 668.3     3.07   0.36      Não  3.40   Não 2760927       Sim      DDoS Burst
        01:000.6     648.9 425.5     2.83   0.23      Não  1.51   Não 2990020       Sim      DDoS Burst
        01:010.6     456.3 261.0     3.02   0.19      Não  1.27   Não 3198199       Sim      DDoS Burst
        01:020.0     285.5 209.6     2.39   0.63      Não  2.72   Não 3347073       Sim      DDoS Burst
        01:030.1     235.0 145.9     2.67   0.28      Não  2.38   Não 3471066       Sim      DDoS Burst
        01:039.8     221.1 143.2     2.49   0.18      Não  3.77   Sim 3583714       Sim      DDoS Burst
        01:050.1     182.0  95.8     2.41   0.08      Não  2.93   Não 3671194       Sim      DDoS Burst
        01:059.9     201.0 108.9     2.60   0.19      Não  4.80   Sim 3772447       Sim      DDoS Burst
        02:010.0     217.0 122.5     2.51   0.09      Não  5.00   Sim 3883424       Sim      DDoS Burst
        02:020.2     244.4 122.4     2.66   0.15      Não  4.31   Sim 4012460       Sim      DDoS Burst
        02:030.3     248.2 112.7     2.83   0.17      Não  3.32   Não 4150346       Sim      DDoS Burst
        02:035.1     241.3 116.7     2.80   0.03      Não  3.57   Sim 4219800       Sim      DDoS Burst

✅ Bursts detectados: 15 | Excel: experiment_results/wu_calibration/rtt_bursts_rps10_att4_WU200000_repro_loteA_rep1.xlsx | Gráfico: experiment_results/wu_calibration/rtt_todos_bursts_rps10_att4_WU200000_repro_loteA_rep1.png

===== Analisando experiment_results/wu_calibration/rtt_log_rps10_att4_WU200000_repro_loteA_rep2.csv =====
[INFO] Baseline pré-ataque: média=17.9ms, desvio=20.6ms (831 amostras) -> piso de burst = 32.2ms (1.8x a média)
Janela (MM:SS.s) Média RTT   Std Entropia Δ Ent. Al. Ent. Max Z Al. Z   CUSUM Al. CUSUM    Status Burst
        00:010.2      17.9  20.6     1.25   0.00      Não  0.00   Não     426       Sim Normal/Residual
        00:020.1     542.1 627.9     2.52   1.27      Não 98.03   Sim  433838       Sim      DDoS Burst
        00:031.3     861.6 506.2     3.04   0.53      Não  2.39   Não 1491477       Sim      DDoS Burst
        00:038.8     973.3 506.0     3.15   0.11      Não  2.31   Não 2842932       Sim      DDoS Burst
        00:050.4    1139.6 489.4     2.88   0.27      Não  2.09   Não 4353368       Sim      DDoS Burst
        00:056.9     922.5 576.9     2.88   0.01      Não  2.15   Não 5244098       Sim      DDoS Burst
        01:010.5     470.4 414.4     2.34   0.54      Não  2.09   Não 5480239       Sim      DDoS Burst
        01:019.7     310.1 277.3     2.13   0.21      Não  2.39   Não 5645721       Sim      DDoS Burst
        01:030.2     202.5 121.8     2.36   0.23      Não  1.63   Não 5747158       Sim      DDoS Burst
        01:040.0     239.6 143.3     2.71   0.35      Não  4.59   Sim 5876345       Sim      DDoS Burst
        01:049.9     231.5 129.1     2.67   0.04      Não  3.44   Não 5999956       Sim      DDoS Burst
        01:060.0     200.0 104.4     2.63   0.05      Não  3.03   Não 6101299       Sim      DDoS Burst
        02:010.1     189.9  94.2     2.61   0.02      Não  3.67   Sim 6194255       Sim      DDoS Burst
        02:020.3     225.7 122.9     2.56   0.04      Não  6.02   Sim 6311372       Sim      DDoS Burst
        02:030.1     229.7 117.3     2.54   0.02      Não  4.32   Sim 6437110       Sim      DDoS Burst
        02:035.0     215.6  97.6     2.93   0.39      Não  2.39   Não 6496339       Sim      DDoS Burst

✅ Bursts detectados: 15 | Excel: experiment_results/wu_calibration/rtt_bursts_rps10_att4_WU200000_repro_loteA_rep2.xlsx | Gráfico: experiment_results/wu_calibration/rtt_todos_bursts_rps10_att4_WU200000_repro_loteA_rep2.png

===== Analisando experiment_results/wu_calibration/rtt_log_rps10_att4_WU200000_repro_loteA_rep3.csv =====
[INFO] Baseline pré-ataque: média=18.6ms, desvio=21.6ms (762 amostras) -> piso de burst = 33.5ms (1.8x a média)
Janela (MM:SS.s) Média RTT   Std Entropia Δ Ent. Al. Ent. Max Z Al. Z   CUSUM Al. CUSUM    Status Burst
        00:010.0      18.6  21.6     1.13   0.00      Não  0.00   Não     451       Sim Normal/Residual
        00:018.6     424.5 566.4     2.25   1.12      Não 92.14   Sim  274888       Sim      DDoS Burst
        00:026.7     914.0 463.7     3.16   0.91      Não  2.79   Não  665008       Sim      DDoS Burst
        00:034.7     840.6 364.3     2.87   0.30      Não  2.24   Não  781827       Sim      DDoS Burst
        00:054.5     267.2 196.1     0.92   1.94      Sim  3.09   Não  806082       Sim      DDoS Burst
        01:001.3     605.5 563.4     2.51   1.59      Sim  8.92   Sim  941463       Sim      DDoS Burst
        01:012.3     673.0 415.4     2.81   0.30      Não  2.50   Não 1236268       Sim      DDoS Burst
        01:020.0     581.5 333.8     3.10   0.29      Não  1.95   Não 1579723       Sim      DDoS Burst
        01:030.1     364.6 344.3     2.41   0.69      Não  2.70   Não 1784898       Sim      DDoS Burst
        01:040.0     180.7  85.0     2.75   0.34      Não  0.88   Não 1876773       Sim      DDoS Burst
        01:049.9     179.5 100.9     2.37   0.38      Não  5.91   Sim 1962971       Sim      DDoS Burst
        02:000.3     179.5 116.6     2.29   0.08      Não  5.12   Sim 2048861       Sim      DDoS Burst
        02:010.3     263.8 163.1     2.75   0.46      Não  5.57   Sim 2193257       Sim      DDoS Burst
        02:020.0     267.8 157.2     2.74   0.01      Não  3.47   Não 2340847       Sim      DDoS Burst
        02:029.9     173.3  93.9     2.35   0.39      Não  2.34   Não 2424155       Sim      DDoS Burst
        02:035.0     147.0  59.9     2.78   0.43      Não  2.00   Não 2456965       Sim      DDoS Burst

✅ Bursts detectados: 15 | Excel: experiment_results/wu_calibration/rtt_bursts_rps10_att4_WU200000_repro_loteA_rep3.xlsx | Gráfico: experiment_results/wu_calibration/rtt_todos_bursts_rps10_att4_WU200000_repro_loteA_rep3.png

===== Analisando experiment_results/wu_calibration/rtt_log_rps10_att4_WU200000_repro_loteB_rep1.csv =====
[INFO] Baseline pré-ataque: média=16.7ms, desvio=19.3ms (818 amostras) -> piso de burst = 30.1ms (1.8x a média)
Janela (MM:SS.s) Média RTT   Std Entropia Δ Ent. Al. Ent.  Max Z Al. Z   CUSUM Al. CUSUM    Status Burst
        00:009.9      16.7  19.3     1.33   0.00      Não   0.00   Não      59       Não Normal/Residual
        00:019.1     343.1 474.6     2.14   0.81      Não 105.12   Sim  253602       Sim      DDoS Burst
        00:027.3     688.4 444.2     2.86   0.72      Não   3.58   Sim  625029       Sim      DDoS Burst
        00:036.8     762.8 459.9     2.82   0.05      Não   2.88   Não  790746       Sim      DDoS Burst
        00:052.9     708.9 600.9     2.78   0.03      Não   2.68   Não  917024       Sim      DDoS Burst
        01:000.9     470.6 414.1     2.27   0.51      Não   2.14   Não 1060538       Sim      DDoS Burst
        01:011.1     595.6 396.5     2.72   0.45      Não   3.52   Sim 1320711       Sim      DDoS Burst
        01:020.7     666.7 452.9     2.94   0.22      Não   3.36   Não 1705602       Sim      DDoS Burst
        01:029.9     422.7 401.9     2.37   0.57      Não   2.46   Não 1957665       Sim      DDoS Burst
        01:039.8     196.1 110.9     2.59   0.21      Não   0.93   Não 2060056       Sim      DDoS Burst
        01:050.1     196.5 136.3     2.29   0.30      Não   5.84   Sim 2163161       Sim      DDoS Burst
        01:060.0     218.3 143.8     2.47   0.18      Não   4.75   Sim 2281442       Sim      DDoS Burst
        02:009.9     204.7 109.2     2.61   0.14      Não   3.12   Não 2387948       Sim      DDoS Burst
        02:020.1     187.8  97.8     2.32   0.29      Não   4.61   Sim 2482573       Sim      DDoS Burst
        02:030.5     177.4  85.0     2.14   0.18      Não   5.32   Sim 2575351       Sim      DDoS Burst
        02:035.3     179.4  83.4     2.69   0.56      Não   3.84   Sim 2624942       Sim      DDoS Burst

✅ Bursts detectados: 15 | Excel: experiment_results/wu_calibration/rtt_bursts_rps10_att4_WU200000_repro_loteB_rep1.xlsx | Gráfico: experiment_results/wu_calibration/rtt_todos_bursts_rps10_att4_WU200000_repro_loteB_rep1.png

===== Analisando experiment_results/wu_calibration/rtt_log_rps10_att4_WU200000_repro_loteB_rep2.csv =====
[INFO] Baseline pré-ataque: média=16.2ms, desvio=19.1ms (774 amostras) -> piso de burst = 29.2ms (1.8x a média)
Janela (MM:SS.s) Média RTT   Std Entropia Δ Ent. Al. Ent.  Max Z Al. Z   CUSUM Al. CUSUM    Status Burst
        00:010.0      16.2  19.1     1.16   0.00      Não   0.00   Não      19       Não Normal/Residual
        00:019.3     484.6 588.8     2.34   1.19      Não 105.61   Sim  336014       Sim      DDoS Burst
        00:027.3     891.5 443.6     3.10   0.76      Não   2.63   Não  792249       Sim      DDoS Burst
        00:037.3     877.6 501.0     2.99   0.11      Não   2.49   Não  998401       Sim      DDoS Burst
        00:050.5     721.5 658.5     2.52   0.48      Não   2.23   Não 1114593       Sim      DDoS Burst
        01:001.2     520.8 463.0     2.37   0.15      Não   1.93   Não 1235885       Sim      DDoS Burst
        01:011.9     465.6 374.6     2.34   0.03      Não   3.18   Não 1425878       Sim      DDoS Burst
        01:020.2     377.1 209.5     2.49   0.15      Não   2.42   Não 1630387       Sim      DDoS Burst
        01:030.2     435.7 232.8     2.72   0.23      Não   4.74   Sim 1876763       Sim      DDoS Burst
        01:040.1     422.3 222.2     2.92   0.20      Não   3.05   Não 2119067       Sim      DDoS Burst
        01:049.8     270.5 185.1     2.41   0.51      Não   3.25   Não 2262757       Sim      DDoS Burst
        02:000.3     198.3 113.2     2.70   0.29      Não   1.91   Não 2365955       Sim      DDoS Burst
        02:010.1     274.9 193.4     2.44   0.27      Não   7.95   Sim 2520412       Sim      DDoS Burst
        02:019.8     268.4 201.0     2.44   0.00      Não   4.26   Sim 2659432       Sim      DDoS Burst
        02:030.4     189.4 105.1     2.66   0.22      Não   1.64   Não 2754369       Sim      DDoS Burst
        02:035.2     182.2  92.0     2.52   0.14      Não   3.89   Sim 2804749       Sim      DDoS Burst
        02:040.1     122.5  26.1     2.25   0.28      Não   1.01   Não 2805716       Sim      DDoS Burst

✅ Bursts detectados: 16 | Excel: experiment_results/wu_calibration/rtt_bursts_rps10_att4_WU200000_repro_loteB_rep2.xlsx | Gráfico: experiment_results/wu_calibration/rtt_todos_bursts_rps10_att4_WU200000_repro_loteB_rep2.png

===== Analisando experiment_results/wu_calibration/rtt_log_rps10_att4_WU200000_repro_loteB_rep3.csv =====
[INFO] Baseline pré-ataque: média=16.6ms, desvio=19.3ms (814 amostras) -> piso de burst = 29.9ms (1.8x a média)
Janela (MM:SS.s) Média RTT   Std Entropia Δ Ent. Al. Ent.  Max Z Al. Z   CUSUM Al. CUSUM    Status Burst
        00:009.8      16.6  19.3     1.31   0.00      Não   0.00   Não      43       Não Normal/Residual
        00:021.6     633.1 635.6     2.73   1.42      Não 105.18   Sim  646773       Sim      DDoS Burst
        00:030.6     599.0 544.0     2.81   0.08      Não   2.22   Não 1480713       Sim      DDoS Burst
        00:039.5     277.7 254.9     2.80   0.01      Não   1.10   Não 1858826       Sim      DDoS Burst
        00:049.9     505.8 408.4     2.87   0.08      Não   5.63   Sim 2534937       Sim      DDoS Burst
        00:058.0     856.7 609.5     3.04   0.17      Não   3.77   Sim 3414348       Sim      DDoS Burst
        01:012.2     872.4 665.5     2.90   0.14      Não   1.95   Não 4316287       Sim      DDoS Burst
        01:021.1     468.0 459.5     2.48   0.42      Não   1.71   Não 5003196       Sim      DDoS Burst
        01:030.0     251.8 177.7     2.80   0.31      Não   1.01   Não 5384703       Sim      DDoS Burst
        01:040.0     207.1 169.7     2.59   0.21      Não   3.65   Sim 5680407       Sim      DDoS Burst
        01:050.0     213.5 198.7     2.52   0.07      Não   4.66   Sim 5975242       Sim      DDoS Burst
        01:059.9     205.9 199.5     2.47   0.05      Não   3.95   Sim 6256013       Sim      DDoS Burst
        02:010.1     198.5 239.9     1.85   0.62      Não   6.24   Sim 6531067       Sim      DDoS Burst
        02:019.9     199.2 239.5     1.88   0.03      Não   5.22   Sim 6807715       Sim      DDoS Burst
        02:030.1     230.3 268.6     1.85   0.03      Não   6.41   Sim 7132493       Sim      DDoS Burst
        02:038.1     267.5 326.3     2.09   0.24      Não   5.60   Sim 7427711       Sim      DDoS Burst
        02:049.6      84.4 212.8     0.77   1.32      Não   2.40   Não 7475335       Sim      DDoS Burst
        02:055.2      17.2  19.4     1.45   0.68      Não   0.38   Não 7471639       Sim Normal/Residual

✅ Bursts detectados: 16 | Excel: experiment_results/wu_calibration/rtt_bursts_rps10_att4_WU200000_repro_loteB_rep3.xlsx | Gráfico: experiment_results/wu_calibration/rtt_todos_bursts_rps10_att4_WU200000_repro_loteB_rep3.png

===== Analisando experiment_results/wu_calibration/rtt_log_rps10_att4_WU500000.csv =====
[INFO] Baseline pré-ataque: média=17.4ms, desvio=21.5ms (771 amostras) -> piso de burst = 31.3ms (1.8x a média)
Janela (MM:SS.s) Média RTT   Std Entropia Δ Ent. Al. Ent. Max Z Al. Z  CUSUM Al. CUSUM    Status Burst
        00:010.0      17.4  21.5     1.26   0.00      Não  0.00   Não    278       Sim Normal/Residual
        00:016.6     210.1 453.6     1.32   0.06      Não 92.74   Sim  91833       Sim      DDoS Burst
        00:023.0    1028.3 542.9     3.18   1.86      Sim  3.97   Sim 190845       Sim      DDoS Burst
        00:054.7    1287.9 451.6     2.98   0.20      Não  1.66   Não 246275       Sim      DDoS Burst
        00:054.7    1287.9 451.6     2.98   0.00      Não  2.15   Não 301705       Sim      DDoS Burst
        01:016.8    1198.9 464.1     2.91   0.08      Não  1.77   Não 320437       Sim      DDoS Burst
        01:016.8    1198.9 464.1     2.91   0.00      Não  1.71   Não 339169       Sim      DDoS Burst

✅ Bursts detectados: 6 | Excel: experiment_results/wu_calibration/rtt_bursts_rps10_att4_WU500000.xlsx | Gráfico: experiment_results/wu_calibration/rtt_todos_bursts_rps10_att4_WU500000.png

===== Analisando experiment_results/wu_calibration/rtt_log_rps1_att4_WU100000.csv =====
[INFO] Baseline pré-ataque: média=17.2ms, desvio=20.1ms (786 amostras) -> piso de burst = 31.0ms (1.8x a média)
Janela (MM:SS.s) Média RTT  Std Entropia Δ Ent. Al. Ent. Max Z Al. Z CUSUM Al. CUSUM    Status Burst
        00:009.8      17.2 20.1     1.30   0.00      Não  0.00   Não   113       Sim Normal/Residual
        00:020.6      17.4 19.4     1.28   0.01      Não  3.22   Não    17       Não Normal/Residual
        00:030.3      17.7 19.0     1.61   0.33      Não  2.86   Não     0       Não Normal/Residual
        00:040.0      17.5 19.0     1.62   0.01      Não  2.89   Não     0       Não Normal/Residual
        00:050.2      16.8 18.7     1.52   0.10      Não  2.60   Não    18       Não Normal/Residual
        00:059.8      16.8 18.6     1.60   0.08      Não  2.68   Não     0       Não Normal/Residual
        01:010.2      16.4 18.6     1.55   0.06      Não  2.71   Não     0       Não Normal/Residual
        01:020.1      16.4 18.5     1.54   0.01      Não  2.74   Não    15       Não Normal/Residual
        01:030.2      17.6 18.8     1.79   0.26      Não  2.56   Não    40       Não Normal/Residual
        01:039.9      17.8 18.8     1.77   0.03      Não  2.55   Não     0       Não Normal/Residual
        01:050.0      17.7 18.9     1.65   0.12      Não  2.72   Não     0       Não Normal/Residual
        01:060.0      17.5 18.8     1.58   0.06      Não  2.72   Não     0       Não Normal/Residual
        02:010.3      17.0 18.7     1.57   0.02      Não  2.62   Não     0       Não Normal/Residual
        02:020.0      18.5 19.8     1.62   0.05      Não  5.19   Sim    19       Não Normal/Residual
        02:029.7      18.3 19.8     1.58   0.04      Não  4.83   Sim    16       Não Normal/Residual
        02:039.8      16.7 19.0     1.39   0.19      Não  1.74   Não     0       Não Normal/Residual
        02:049.9      16.5 19.3     1.13   0.27      Não  1.98   Não     0       Não Normal/Residual
        02:054.8      16.4 19.3     1.07   0.06      Não  1.95   Não     0       Não Normal/Residual

✅ Bursts detectados: 0 | Excel: experiment_results/wu_calibration/rtt_bursts_rps1_att4_WU100000.xlsx | Gráfico: experiment_results/wu_calibration/rtt_todos_bursts_rps1_att4_WU100000.png

===== Analisando experiment_results/wu_calibration/rtt_log_rps1_att4_WU200000.csv =====
[INFO] Baseline pré-ataque: média=17.3ms, desvio=19.6ms (824 amostras) -> piso de burst = 31.1ms (1.8x a média)
Janela (MM:SS.s) Média RTT  Std Entropia Δ Ent. Al. Ent. Max Z Al. Z CUSUM Al. CUSUM    Status Burst
        00:010.1      17.3 19.6     1.31   0.00      Não  0.00   Não    47       Não Normal/Residual
        00:020.1      18.8 21.3     1.26   0.05      Não  5.91   Sim    88       Não Normal/Residual
        00:030.2      20.1 21.7     1.35   0.09      Não  5.38   Sim     0       Não Normal/Residual
        00:040.0      19.3 20.5     1.39   0.04      Não  4.30   Sim     0       Não Normal/Residual
        00:050.2      18.7 20.2     1.48   0.09      Não  3.37   Não     0       Não Normal/Residual
        01:000.0      18.8 20.2     1.55   0.07      Não  3.46   Não    53       Não Normal/Residual
        01:010.1      19.4 20.4     1.35   0.20      Não  4.03   Sim     0       Não Normal/Residual
        01:019.8      19.9 20.6     1.33   0.03      Não  3.95   Sim    35       Não Normal/Residual
        01:029.9      20.2 20.9     1.50   0.17      Não  4.27   Sim     9       Não Normal/Residual
        01:039.8      19.1 20.6     1.45   0.05      Não  4.19   Sim     0       Não Normal/Residual
        01:049.9      18.2 20.0     1.29   0.16      Não  3.95   Sim     0       Não Normal/Residual
        02:000.3      18.4 20.2     1.46   0.16      Não  4.65   Sim     0       Não Normal/Residual
        02:010.0      19.2 20.5     1.51   0.05      Não  4.60   Sim    21       Não Normal/Residual
        02:020.1      18.8 20.2     1.41   0.09      Não  3.64   Sim     1       Não Normal/Residual
        02:030.3      18.8 20.8     1.31   0.10      Não  5.74   Sim     0       Não Normal/Residual
        02:039.8      17.7 20.6     1.18   0.13      Não  5.56   Sim    18       Não Normal/Residual
        02:049.7      16.0 19.0     1.09   0.08      Não  1.72   Não     3       Não Normal/Residual
        02:054.8      16.9 19.3     1.13   0.04      Não  1.95   Não     3       Não Normal/Residual

✅ Bursts detectados: 0 | Excel: experiment_results/wu_calibration/rtt_bursts_rps1_att4_WU200000.xlsx | Gráfico: experiment_results/wu_calibration/rtt_todos_bursts_rps1_att4_WU200000.png

===== Analisando experiment_results/wu_calibration/rtt_log_rps1_att4_WU500000.csv =====
[INFO] Baseline pré-ataque: média=15.9ms, desvio=19.0ms (806 amostras) -> piso de burst = 28.6ms (1.8x a média)
Janela (MM:SS.s) Média RTT  Std Entropia Δ Ent. Al. Ent. Max Z Al. Z  CUSUM Al. CUSUM    Status Burst
        00:010.0      15.9 19.0     1.12   0.00      Não  0.00   Não      0       Não Normal/Residual
        00:020.0      29.0 51.9     1.31   0.19      Não 21.33   Sim   6659       Sim      DDoS Burst
        00:029.9      33.3 54.4     1.47   0.15      Não  7.55   Sim  13456       Sim      DDoS Burst
        00:039.9      28.7 40.5     1.65   0.18      Não  3.83   Sim  16308       Sim      DDoS Burst
        00:050.0      29.9 43.3     1.64   0.00      Não  5.34   Sim  20380       Sim      DDoS Burst
        00:059.8      26.8 39.3     1.53   0.11      Não  4.96   Sim  21611       Sim Normal/Residual
        01:010.3      31.2 46.7     1.55   0.02      Não  7.72   Sim  26610       Sim      DDoS Burst
        01:019.9      31.8 46.5     1.60   0.05      Não  6.40   Sim  32160       Sim      DDoS Burst
        01:030.1      34.4 54.5     1.26   0.34      Não  8.79   Sim  39995       Sim      DDoS Burst
        01:040.0      37.4 54.8     1.39   0.13      Não  7.46   Sim  50791       Sim      DDoS Burst
        01:050.1      33.7 43.3     1.69   0.30      Não  4.68   Sim  58350       Sim      DDoS Burst
        02:000.2      41.0 56.6     1.11   0.58      Não 10.78   Sim  72734       Sim      DDoS Burst
        02:010.3      46.4 59.5     1.27   0.16      Não  8.10   Sim  93150       Sim      DDoS Burst
        02:019.7      43.8 52.4     1.96   0.69      Não  4.61   Sim 110701       Sim      DDoS Burst
        02:030.2      38.3 47.6     1.90   0.06      Não  4.04   Sim 122608       Sim      DDoS Burst
        02:039.5      26.6 36.6     1.45   0.45      Não  4.56   Sim 123640       Sim Normal/Residual
        02:049.9      16.2 19.1     1.13   0.32      Não  0.72   Não 116357       Sim Normal/Residual
        02:055.2      15.7 18.8     1.16   0.03      Não  1.92   Não 112606       Sim Normal/Residual

✅ Bursts detectados: 13 | Excel: experiment_results/wu_calibration/rtt_bursts_rps1_att4_WU500000.xlsx | Gráfico: experiment_results/wu_calibration/rtt_todos_bursts_rps1_att4_WU500000.png

===== Analisando experiment_results/wu_calibration/rtt_log_rps5_att4_WU100000.csv =====
[INFO] Baseline pré-ataque: média=17.6ms, desvio=19.8ms (841 amostras) -> piso de burst = 31.8ms (1.8x a média)
Janela (MM:SS.s) Média RTT  Std Entropia Δ Ent. Al. Ent. Max Z Al. Z CUSUM Al. CUSUM    Status Burst
        00:009.8      17.6 19.8     1.35   0.00      Não  0.00   Não   145       Sim Normal/Residual
        00:020.7      20.3 20.6     2.10   0.75      Não  3.73   Sim     0       Não Normal/Residual
        00:030.2      21.6 20.4     2.33   0.23      Não  3.46   Não    70       Não Normal/Residual
        00:040.0      21.3 20.6     2.00   0.34      Não  5.19   Sim     0       Não Normal/Residual
        00:049.6      22.7 21.7     2.09   0.10      Não  5.16   Sim     0       Não Normal/Residual
        01:000.0      22.0 20.9     2.30   0.20      Não  3.95   Sim    66       Não Normal/Residual
        01:010.0      21.6 19.9     2.40   0.10      Não  3.23   Não    46       Não Normal/Residual
        01:019.7      20.8 20.1     2.14   0.25      Não  4.64   Sim   142       Sim Normal/Residual
        01:030.4      22.4 21.1     2.29   0.14      Não  4.63   Sim   129       Sim Normal/Residual
        01:040.0      26.0 23.2     2.49   0.20      Não  4.01   Sim    42       Não Normal/Residual
        01:050.3      25.4 22.7     2.36   0.13      Não  3.49   Não    34       Não Normal/Residual
        01:059.9      23.9 20.7     2.26   0.10      Não  3.69   Sim    37       Não Normal/Residual
        02:010.1      25.2 22.6     2.12   0.14      Não  5.41   Sim    68       Não Normal/Residual
        02:019.9      25.5 22.9     2.14   0.02      Não  4.91   Sim     0       Não Normal/Residual
        02:029.7      22.6 20.8     2.13   0.01      Não  4.13   Sim     0       Não Normal/Residual
        02:039.3      20.8 22.5     1.60   0.53      Não  7.53   Sim    21       Não Normal/Residual
        02:050.1      18.6 22.9     1.09   0.51      Não  7.02   Sim    18       Não Normal/Residual
        02:055.4      16.5 19.2     1.25   0.15      Não  1.44   Não     0       Não Normal/Residual
        03:000.3      13.8 15.8     1.75   0.51      Não  1.78   Não     0       Não Normal/Residual

✅ Bursts detectados: 0 | Excel: experiment_results/wu_calibration/rtt_bursts_rps5_att4_WU100000.xlsx | Gráfico: experiment_results/wu_calibration/rtt_todos_bursts_rps5_att4_WU100000.png

===== Analisando experiment_results/wu_calibration/rtt_log_rps5_att4_WU200000.csv =====
[INFO] Baseline pré-ataque: média=16.3ms, desvio=18.9ms (804 amostras) -> piso de burst = 29.4ms (1.8x a média)
Janela (MM:SS.s) Média RTT  Std Entropia Δ Ent. Al. Ent. Max Z Al. Z  CUSUM Al. CUSUM    Status Burst
        00:009.9      16.3 18.9     1.36   0.00      Não  0.00   Não      0       Não Normal/Residual
        00:021.0      46.8 61.1     1.79   0.43      Não 21.10   Sim  24691       Sim      DDoS Burst
        00:029.9      52.1 57.3     1.84   0.05      Não  6.03   Sim  55623       Sim      DDoS Burst
        00:039.9      42.4 43.7     1.97   0.13      Não  4.40   Sim  74765       Sim      DDoS Burst
        00:050.3      47.6 46.5     2.12   0.15      Não  5.99   Sim 101177       Sim      DDoS Burst
        00:059.8      54.4 57.2     1.80   0.32      Não  8.43   Sim 136648       Sim      DDoS Burst
        01:010.1      52.2 56.8     1.74   0.06      Não  6.73   Sim 168255       Sim      DDoS Burst
        01:020.1      45.5 46.5     2.05   0.31      Não  4.46   Sim 191388       Sim      DDoS Burst
        01:030.1      45.4 48.8     2.08   0.02      Não  5.59   Sim 214054       Sim      DDoS Burst
        01:040.0      41.6 42.8     2.12   0.05      Não  4.45   Sim 232749       Sim      DDoS Burst
        01:050.0      46.6 48.9     2.06   0.07      Não  6.44   Sim 258277       Sim      DDoS Burst
        02:000.1      49.5 50.5     2.14   0.08      Não  5.54   Sim 288185       Sim      DDoS Burst
        02:010.1      46.0 45.0     2.37   0.23      Não  3.69   Sim 314150       Sim      DDoS Burst
        02:019.9      44.5 42.4     2.35   0.03      Não  4.12   Sim 338005       Sim      DDoS Burst
        02:029.9      42.3 39.7     2.29   0.05      Não  4.09   Sim 358780       Sim      DDoS Burst
        02:039.2      30.8 33.3     1.86   0.43      Não  3.59   Sim 364059       Sim      DDoS Burst
        02:050.2      16.9 19.9     1.21   0.66      Não  1.80   Não 356601       Sim Normal/Residual
        02:055.1      16.8 19.5     1.25   0.05      Não  2.00   Não 352855       Sim Normal/Residual

✅ Bursts detectados: 15 | Excel: experiment_results/wu_calibration/rtt_bursts_rps5_att4_WU200000.xlsx | Gráfico: experiment_results/wu_calibration/rtt_todos_bursts_rps5_att4_WU200000.png

===== Analisando experiment_results/wu_calibration/rtt_log_rps5_att4_WU500000.csv =====
[INFO] Baseline pré-ataque: média=16.2ms, desvio=19.1ms (766 amostras) -> piso de burst = 29.1ms (1.8x a média)
Janela (MM:SS.s) Média RTT   Std Entropia Δ Ent. Al. Ent.  Max Z Al. Z  CUSUM Al. CUSUM    Status Burst
        00:010.0      16.2  19.1     1.14   0.00      Não   0.00   Não      7       Não Normal/Residual
        00:018.9     409.4 541.1     2.32   1.19      Não 104.23   Sim 275312       Sim      DDoS Burst
        00:024.3     922.4 492.3     3.16   0.84      Não   2.95   Não 583782       Sim      DDoS Burst
        00:035.9    1298.7 396.0     3.06   0.10      Não   2.12   Não 624518       Sim      DDoS Burst
        00:053.6    1452.3 333.3     2.93   0.13      Não   1.99   Não 692993       Sim      DDoS Burst
        00:056.6    1510.4 308.2     2.97   0.04      Não   2.36   Não 771683       Sim      DDoS Burst
        01:010.6    1421.7 400.2     3.07   0.10      Não   2.85   Não 819147       Sim      DDoS Burst
        01:018.8    1540.2 326.9     2.93   0.13      Não   1.98   Não 879728       Sim      DDoS Burst
        01:025.6    1716.8 240.7     2.74   0.19      Não   1.44   Não 922005       Sim      DDoS Burst

✅ Bursts detectados: 8 | Excel: experiment_results/wu_calibration/rtt_bursts_rps5_att4_WU500000.xlsx | Gráfico: experiment_results/wu_calibration/rtt_todos_bursts_rps5_att4_WU500000.png

Análise de bursts concluída para 173 arquivo(s).
