===== Stage1B (retomada): S2 @ 1%, WU=475000 =====

===== [stage1b] S2 (100 req/s normal) + 1% ataque (~1.000 req/s) @ WU=475000 rep=1 =====
Attacker RPS set to: 0.25
Number of attackers set to: 4
Simulation duration set to: 180
Attack work units set to: 475000
Normal traffic RPS per client set to: 25.0
Normal traffic work units set to: 10
[Orchestrator] Initializing simulation environment...
[Sniffer] Realtime tcpdump started on any
[Sniffer] Label set to: benign
[Autoscaler] Initialized.
Attempting to build Docker image: edos_target_app:latest...
Image edos_target_app:latest already exists. Skipping build.
Docker network 'edos_network' already exists.
[Orchestrator] Cleaning up any pre-existing simulation instances...
Cleaning up all simulation instances...
Stopping and removing container: target_instance_2 (d45d596f5c)...
  Container target_instance_2 removed.
Stopping and removing container: target_instance_1 (69769f9cfb)...
  Container target_instance_1 removed.
Simulation instance cleanup complete.
[Orchestrator] Starting initial 1 instance(s)...
Attempting to start container target_instance_1 mapping container:80 to host:8080...
Container a71f6ab19d (target_instance_1) started. Accessible on host port 8080.
[Autoscaler] Initial number of instances set to: 1
[Orchestrator] 1 initial instance(s) running.
[Orchestrator] Metrics will be logged to: simulation_metrics.csv
[Orchestrator] Attack summary will be logged to: attack_summary_log.csv
[Orchestrator] Normal traffic summary will be logged to: normal_traffic_summary_log.csv
[Orchestrator] Starting simulation main loop for 180 seconds.
[Orchestrator] Monitoring interval: 5s. Cooldown: 20s.
[Orchestrator] CPU Thresholds: Scale Up > 60.0%, Scale Down < 25.0%
[Orchestrator] Traffic injection scheduled: Start at 20s, Duration 140s.
[Sniffer] Label set to: benign

--- Iteration 1 | Time: 0.0s / 180s ---
[Orchestrator]RTT = 0.0
[Orchestrator] Metrics: 1 active instance(s), Avg CPU: 0.00%, Avg App MEM: 0.00 MB
[Autoscaler] Condition for SCALE_DOWN met (Avg CPU: 0.00%), but already at MIN_INSTANCES (1). No action.
[DEBUG Orchestrator] Iteration Start. Instances Before Injector Logic: 1, Prev Injector Logic Instances: 1, Attack Started Flag: False, Normal Traffic Started Flag: False
[DEBUG Orchestrator] URLs derived for injector (if active): ['http://localhost:8080']
[Sniffer] Label set to: benign
[DEBUG Orchestrator] Should attack be active now? False (window: 20s-160s)
[Orchestrator] Starting/Restarting Normal Traffic. Target URLs for this call: ['http://localhost:8080']
[Normal_Injector] Starting HTTP flood with 4 attackers, ~100.0 RPS total, across 1 targets: http://localhost:8080
  [Normal_Injector Worker 130481694947008] Started. Target: http://localhost:8080?work=10&sleep=0.0, RPS: 25.00, Mean interval: 0.0400s (Poisson)
  [Normal_Injector Worker 130481678161600] Started. Target: http://localhost:8080?work=10&sleep=0.0, RPS: 25.00, Mean interval: 0.0400s (Poisson)
  [Normal_Injector Worker 130481669768896] Started. Target: http://localhost:8080?work=10&sleep=0.0, RPS: 25.00, Mean interval: 0.0400s (Poisson)
  [Normal_Injector Worker 130481661376192] Started. Target: http://localhost:8080?work=10&sleep=0.0, RPS: 25.00, Mean interval: 0.0400s (Poisson)
[Normal_Injector] All 4 attacker threads launched.
[DEBUG Orchestrator] End of Iteration. previous_num_instances_for_injector_logic updated to: 1
[DEGUG Orchestrator Loop Duration] Loop Duration = 838.001759595
[Sniffer] Label set to: benign

--- Iteration 2 | Time: 5.0s / 180s ---
[Orchestrator]RTT = 25.463819081320892
[Orchestrator] Metrics: 1 active instance(s), Avg CPU: 16.22%, Avg App MEM: 37.81 MB
[Autoscaler] Condition for SCALE_DOWN met (Avg CPU: 16.22%), but already at MIN_INSTANCES (1). No action.
[DEBUG Orchestrator] Iteration Start. Instances Before Injector Logic: 1, Prev Injector Logic Instances: 1, Attack Started Flag: False, Normal Traffic Started Flag: True
[DEBUG Orchestrator] URLs derived for injector (if active): ['http://localhost:8080']
[Sniffer] Label set to: benign
[DEBUG Orchestrator] Should attack be active now? False (window: 20s-160s)
[DEBUG Orchestrator] End of Iteration. previous_num_instances_for_injector_logic updated to: 1
[DEGUG Orchestrator Loop Duration] Loop Duration = 843.001759595
[Sniffer] Label set to: benign

--- Iteration 3 | Time: 10.0s / 180s ---
[Orchestrator]RTT = 24.5999008148961
[Orchestrator] Metrics: 1 active instance(s), Avg CPU: 16.58%, Avg App MEM: 38.49 MB
[Autoscaler] Condition for SCALE_DOWN met (Avg CPU: 16.58%), but already at MIN_INSTANCES (1). No action.
[DEBUG Orchestrator] Iteration Start. Instances Before Injector Logic: 1, Prev Injector Logic Instances: 1, Attack Started Flag: False, Normal Traffic Started Flag: True
[DEBUG Orchestrator] URLs derived for injector (if active): ['http://localhost:8080']
[Sniffer] Label set to: benign
[DEBUG Orchestrator] Should attack be active now? False (window: 20s-160s)
[DEBUG Orchestrator] End of Iteration. previous_num_instances_for_injector_logic updated to: 1
[DEGUG Orchestrator Loop Duration] Loop Duration = 848.001759595
[Sniffer] Label set to: benign

--- Iteration 4 | Time: 15.0s / 180s ---
[Orchestrator]RTT = 25.30271124374887
[Orchestrator] Metrics: 1 active instance(s), Avg CPU: 18.52%, Avg App MEM: 38.11 MB
[Autoscaler] Condition for SCALE_DOWN met (Avg CPU: 18.52%), but already at MIN_INSTANCES (1). No action.
[DEBUG Orchestrator] Iteration Start. Instances Before Injector Logic: 1, Prev Injector Logic Instances: 1, Attack Started Flag: False, Normal Traffic Started Flag: True
[DEBUG Orchestrator] URLs derived for injector (if active): ['http://localhost:8080']
[Sniffer] Label set to: benign
[DEBUG Orchestrator] Should attack be active now? False (window: 20s-160s)
[DEBUG Orchestrator] End of Iteration. previous_num_instances_for_injector_logic updated to: 1
[DEGUG Orchestrator Loop Duration] Loop Duration = 853.001759595
[Sniffer] Label set to: benign

--- Iteration 5 | Time: 20.0s / 180s ---
[Orchestrator]RTT = 25.46126323319327
[Orchestrator] Metrics: 1 active instance(s), Avg CPU: 16.73%, Avg App MEM: 38.24 MB
[Autoscaler] Condition for SCALE_DOWN met (Avg CPU: 16.73%), but already at MIN_INSTANCES (1). No action.
[DEBUG Orchestrator] Iteration Start. Instances Before Injector Logic: 1, Prev Injector Logic Instances: 1, Attack Started Flag: False, Normal Traffic Started Flag: True
[DEBUG Orchestrator] URLs derived for injector (if active): ['http://localhost:8080']
[Sniffer] Label set to: benign
[DEBUG Orchestrator] Should attack be active now? True (window: 20s-160s)
[DEBUG Orchestrator] Condition: Needs to START attack (was not started and in attack window).
[Orchestrator] Starting/Restarting HTTP flood. Target URLs for this call: ['http://localhost:8080']
[Injector] Starting HTTP flood with 4 attackers, ~1.0 RPS total, across 1 targets: http://localhost:8080
  [Injector Worker 130479462266560] Started. Target: http://localhost:8080?work=475000&sleep=0.0, RPS: 0.25, Mean interval: 4.0000s (Poisson)
  [Injector Worker 130479445481152] Started. Target: http://localhost:8080?work=475000&sleep=0.0, RPS: 0.25, Mean interval: 4.0000s (Poisson)
  [Injector Worker 130478958966464] Started. Target: http://localhost:8080?work=475000&sleep=0.0, RPS: 0.25, Mean interval: 4.0000s (Poisson)
  [Injector Worker 130478942181056] Started. Target: http://localhost:8080?work=475000&sleep=0.0, RPS: 0.25, Mean interval: 4.0000s (Poisson)
[Injector] All 4 attacker threads launched.
[Sniffer] Label set to: attack
[DEBUG Orchestrator] attack_has_started flag set to TRUE.
[DEBUG Orchestrator] End of Iteration. previous_num_instances_for_injector_logic updated to: 1
[DEGUG Orchestrator Loop Duration] Loop Duration = 858.001759595
[Sniffer] Label set to: benign

--- Iteration 6 | Time: 25.0s / 180s ---
[Orchestrator]RTT = 150.9944623749817
[Orchestrator] Metrics: 1 active instance(s), Avg CPU: 22.44%, Avg App MEM: 39.56 MB
[Autoscaler] Condition for SCALE_DOWN met (Avg CPU: 22.44%), but already at MIN_INSTANCES (1). No action.
[DEBUG Orchestrator] Iteration Start. Instances Before Injector Logic: 1, Prev Injector Logic Instances: 1, Attack Started Flag: True, Normal Traffic Started Flag: True
[DEBUG Orchestrator] URLs derived for injector (if active): ['http://localhost:8080']
[Sniffer] Label set to: benign
[DEBUG Orchestrator] Should attack be active now? True (window: 20s-160s)
[DEBUG Orchestrator] End of Iteration. previous_num_instances_for_injector_logic updated to: 1
[DEGUG Orchestrator Loop Duration] Loop Duration = 863.001759595
[Sniffer] Label set to: benign

--- Iteration 7 | Time: 30.0s / 180s ---
[Orchestrator]RTT = 116.94087014286326
[Orchestrator] Metrics: 1 active instance(s), Avg CPU: 21.78%, Avg App MEM: 39.22 MB
[Autoscaler] Condition for SCALE_DOWN met (Avg CPU: 21.78%), but already at MIN_INSTANCES (1). No action.
[DEBUG Orchestrator] Iteration Start. Instances Before Injector Logic: 1, Prev Injector Logic Instances: 1, Attack Started Flag: True, Normal Traffic Started Flag: True
[DEBUG Orchestrator] URLs derived for injector (if active): ['http://localhost:8080']
[Sniffer] Label set to: benign
[DEBUG Orchestrator] Should attack be active now? True (window: 20s-160s)
[DEBUG Orchestrator] End of Iteration. previous_num_instances_for_injector_logic updated to: 1
[DEGUG Orchestrator Loop Duration] Loop Duration = 868.001759595
[Sniffer] Label set to: benign

--- Iteration 8 | Time: 35.0s / 180s ---
[Orchestrator]RTT = 140.41866616664342
[Orchestrator] Metrics: 1 active instance(s), Avg CPU: 42.76%, Avg App MEM: 39.51 MB
[Autoscaler] Decision: NO_ACTION. Avg CPU: 42.76% is within thresholds (25.0% - 60.0%).
[DEBUG Orchestrator] Iteration Start. Instances Before Injector Logic: 1, Prev Injector Logic Instances: 1, Attack Started Flag: True, Normal Traffic Started Flag: True
[DEBUG Orchestrator] URLs derived for injector (if active): ['http://localhost:8080']
[Sniffer] Label set to: benign
[DEBUG Orchestrator] Should attack be active now? True (window: 20s-160s)
[DEBUG Orchestrator] End of Iteration. previous_num_instances_for_injector_logic updated to: 1
[DEGUG Orchestrator Loop Duration] Loop Duration = 873.001759595
[Sniffer] Label set to: benign

--- Iteration 9 | Time: 40.0s / 180s ---
[Orchestrator]RTT = 109.2115047500215
[Orchestrator] Metrics: 1 active instance(s), Avg CPU: 31.80%, Avg App MEM: 39.79 MB
[Autoscaler] Decision: NO_ACTION. Avg CPU: 31.80% is within thresholds (25.0% - 60.0%).
[DEBUG Orchestrator] Iteration Start. Instances Before Injector Logic: 1, Prev Injector Logic Instances: 1, Attack Started Flag: True, Normal Traffic Started Flag: True
[DEBUG Orchestrator] URLs derived for injector (if active): ['http://localhost:8080']
[Sniffer] Label set to: benign
[DEBUG Orchestrator] Should attack be active now? True (window: 20s-160s)
[DEBUG Orchestrator] End of Iteration. previous_num_instances_for_injector_logic updated to: 1
[DEGUG Orchestrator Loop Duration] Loop Duration = 878.001759595
[Sniffer] Label set to: benign

--- Iteration 10 | Time: 45.0s / 180s ---
[Orchestrator]RTT = 118.91518271430154
[Orchestrator] Metrics: 1 active instance(s), Avg CPU: 58.24%, Avg App MEM: 39.53 MB
[Autoscaler] Decision: NO_ACTION. Avg CPU: 58.24% is within thresholds (25.0% - 60.0%).
[DEBUG Orchestrator] Iteration Start. Instances Before Injector Logic: 1, Prev Injector Logic Instances: 1, Attack Started Flag: True, Normal Traffic Started Flag: True
[DEBUG Orchestrator] URLs derived for injector (if active): ['http://localhost:8080']
[Sniffer] Label set to: benign
[DEBUG Orchestrator] Should attack be active now? True (window: 20s-160s)
[DEBUG Orchestrator] End of Iteration. previous_num_instances_for_injector_logic updated to: 1
[DEGUG Orchestrator Loop Duration] Loop Duration = 883.001759595
[Sniffer] Label set to: benign

--- Iteration 11 | Time: 50.0s / 180s ---
[Orchestrator]RTT = 114.37305839997407
[Orchestrator] Metrics: 1 active instance(s), Avg CPU: 27.60%, Avg App MEM: 39.54 MB
[Autoscaler] Decision: NO_ACTION. Avg CPU: 27.60% is within thresholds (25.0% - 60.0%).
[DEBUG Orchestrator] Iteration Start. Instances Before Injector Logic: 1, Prev Injector Logic Instances: 1, Attack Started Flag: True, Normal Traffic Started Flag: True
[DEBUG Orchestrator] URLs derived for injector (if active): ['http://localhost:8080']
[Sniffer] Label set to: benign
[DEBUG Orchestrator] Should attack be active now? True (window: 20s-160s)
[DEBUG Orchestrator] End of Iteration. previous_num_instances_for_injector_logic updated to: 1
[DEGUG Orchestrator Loop Duration] Loop Duration = 888.001759595
[Sniffer] Label set to: benign

--- Iteration 12 | Time: 55.0s / 180s ---
[Orchestrator]RTT = 107.74713724998719
[Orchestrator] Metrics: 1 active instance(s), Avg CPU: 27.36%, Avg App MEM: 39.91 MB
[Autoscaler] Decision: NO_ACTION. Avg CPU: 27.36% is within thresholds (25.0% - 60.0%).
[DEBUG Orchestrator] Iteration Start. Instances Before Injector Logic: 1, Prev Injector Logic Instances: 1, Attack Started Flag: True, Normal Traffic Started Flag: True
[DEBUG Orchestrator] URLs derived for injector (if active): ['http://localhost:8080']
[Sniffer] Label set to: benign
[DEBUG Orchestrator] Should attack be active now? True (window: 20s-160s)
[DEBUG Orchestrator] End of Iteration. previous_num_instances_for_injector_logic updated to: 1
[DEGUG Orchestrator Loop Duration] Loop Duration = 893.001759595
[Sniffer] Label set to: benign

--- Iteration 13 | Time: 60.0s / 180s ---
[Orchestrator]RTT = 124.16494700005387
[Orchestrator] Metrics: 1 active instance(s), Avg CPU: 31.97%, Avg App MEM: 39.86 MB
[Autoscaler] Decision: NO_ACTION. Avg CPU: 31.97% is within thresholds (25.0% - 60.0%).
[DEBUG Orchestrator] Iteration Start. Instances Before Injector Logic: 1, Prev Injector Logic Instances: 1, Attack Started Flag: True, Normal Traffic Started Flag: True
[DEBUG Orchestrator] URLs derived for injector (if active): ['http://localhost:8080']
[Sniffer] Label set to: benign
[DEBUG Orchestrator] Should attack be active now? True (window: 20s-160s)
[DEBUG Orchestrator] End of Iteration. previous_num_instances_for_injector_logic updated to: 1
[DEGUG Orchestrator Loop Duration] Loop Duration = 898.001759595
[Sniffer] Label set to: benign

--- Iteration 14 | Time: 65.0s / 180s ---
[Orchestrator]RTT = 120.06102349999992
[Orchestrator] Metrics: 1 active instance(s), Avg CPU: 40.96%, Avg App MEM: 39.73 MB
[Autoscaler] Decision: NO_ACTION. Avg CPU: 40.96% is within thresholds (25.0% - 60.0%).
[DEBUG Orchestrator] Iteration Start. Instances Before Injector Logic: 1, Prev Injector Logic Instances: 1, Attack Started Flag: True, Normal Traffic Started Flag: True
[DEBUG Orchestrator] URLs derived for injector (if active): ['http://localhost:8080']
[Sniffer] Label set to: benign
[DEBUG Orchestrator] Should attack be active now? True (window: 20s-160s)
[DEBUG Orchestrator] End of Iteration. previous_num_instances_for_injector_logic updated to: 1
[DEGUG Orchestrator Loop Duration] Loop Duration = 903.001759595
[Sniffer] Label set to: benign

--- Iteration 15 | Time: 70.0s / 180s ---
[Orchestrator]RTT = 128.02342166666372
[Orchestrator] Metrics: 1 active instance(s), Avg CPU: 53.32%, Avg App MEM: 39.61 MB
[Autoscaler] Decision: NO_ACTION. Avg CPU: 53.32% is within thresholds (25.0% - 60.0%).
[DEBUG Orchestrator] Iteration Start. Instances Before Injector Logic: 1, Prev Injector Logic Instances: 1, Attack Started Flag: True, Normal Traffic Started Flag: True
[DEBUG Orchestrator] URLs derived for injector (if active): ['http://localhost:8080']
[Sniffer] Label set to: benign
[DEBUG Orchestrator] Should attack be active now? True (window: 20s-160s)
[DEBUG Orchestrator] End of Iteration. previous_num_instances_for_injector_logic updated to: 1
[DEGUG Orchestrator Loop Duration] Loop Duration = 908.001759595
[Sniffer] Label set to: benign

--- Iteration 16 | Time: 75.0s / 180s ---
[Orchestrator]RTT = 117.13623466666452
[Orchestrator] Metrics: 1 active instance(s), Avg CPU: 30.78%, Avg App MEM: 39.86 MB
[Autoscaler] Decision: NO_ACTION. Avg CPU: 30.78% is within thresholds (25.0% - 60.0%).
[DEBUG Orchestrator] Iteration Start. Instances Before Injector Logic: 1, Prev Injector Logic Instances: 1, Attack Started Flag: True, Normal Traffic Started Flag: True
[DEBUG Orchestrator] URLs derived for injector (if active): ['http://localhost:8080']
[Sniffer] Label set to: benign
[DEBUG Orchestrator] Should attack be active now? True (window: 20s-160s)
[DEBUG Orchestrator] End of Iteration. previous_num_instances_for_injector_logic updated to: 1
[DEGUG Orchestrator Loop Duration] Loop Duration = 913.001759595
[Sniffer] Label set to: benign

--- Iteration 17 | Time: 80.0s / 180s ---
[Orchestrator]RTT = 114.20987774999958
[Orchestrator] Metrics: 1 active instance(s), Avg CPU: 27.83%, Avg App MEM: 39.73 MB
[Autoscaler] Decision: NO_ACTION. Avg CPU: 27.83% is within thresholds (25.0% - 60.0%).
[DEBUG Orchestrator] Iteration Start. Instances Before Injector Logic: 1, Prev Injector Logic Instances: 1, Attack Started Flag: True, Normal Traffic Started Flag: True
[DEBUG Orchestrator] URLs derived for injector (if active): ['http://localhost:8080']
[Sniffer] Label set to: benign
[DEBUG Orchestrator] Should attack be active now? True (window: 20s-160s)
[DEBUG Orchestrator] End of Iteration. previous_num_instances_for_injector_logic updated to: 1
[DEGUG Orchestrator Loop Duration] Loop Duration = 918.001759595
[Sniffer] Label set to: benign

--- Iteration 18 | Time: 85.0s / 180s ---
[Orchestrator]RTT = 116.9381924999584
[Orchestrator] Metrics: 1 active instance(s), Avg CPU: 33.34%, Avg App MEM: 39.60 MB
[Autoscaler] Decision: NO_ACTION. Avg CPU: 33.34% is within thresholds (25.0% - 60.0%).
[DEBUG Orchestrator] Iteration Start. Instances Before Injector Logic: 1, Prev Injector Logic Instances: 1, Attack Started Flag: True, Normal Traffic Started Flag: True
[DEBUG Orchestrator] URLs derived for injector (if active): ['http://localhost:8080']
[Sniffer] Label set to: benign
[DEBUG Orchestrator] Should attack be active now? True (window: 20s-160s)
[DEBUG Orchestrator] End of Iteration. previous_num_instances_for_injector_logic updated to: 1
[DEGUG Orchestrator Loop Duration] Loop Duration = 923.001759595
[Sniffer] Label set to: benign

--- Iteration 19 | Time: 90.0s / 180s ---
[Orchestrator]RTT = 134.53736666663949
[Orchestrator] Metrics: 1 active instance(s), Avg CPU: 27.52%, Avg App MEM: 39.73 MB
[Autoscaler] Decision: NO_ACTION. Avg CPU: 27.52% is within thresholds (25.0% - 60.0%).
[DEBUG Orchestrator] Iteration Start. Instances Before Injector Logic: 1, Prev Injector Logic Instances: 1, Attack Started Flag: True, Normal Traffic Started Flag: True
[DEBUG Orchestrator] URLs derived for injector (if active): ['http://localhost:8080']
[Sniffer] Label set to: benign
[DEBUG Orchestrator] Should attack be active now? True (window: 20s-160s)
[DEBUG Orchestrator] End of Iteration. previous_num_instances_for_injector_logic updated to: 1
[DEGUG Orchestrator Loop Duration] Loop Duration = 928.001759595
[Sniffer] Label set to: benign

--- Iteration 20 | Time: 95.0s / 180s ---
[Orchestrator]RTT = 109.18408760001057
[Orchestrator] Metrics: 1 active instance(s), Avg CPU: 37.58%, Avg App MEM: 39.73 MB
[Autoscaler] Decision: NO_ACTION. Avg CPU: 37.58% is within thresholds (25.0% - 60.0%).
[DEBUG Orchestrator] Iteration Start. Instances Before Injector Logic: 1, Prev Injector Logic Instances: 1, Attack Started Flag: True, Normal Traffic Started Flag: True
[DEBUG Orchestrator] URLs derived for injector (if active): ['http://localhost:8080']
[Sniffer] Label set to: benign
[DEBUG Orchestrator] Should attack be active now? True (window: 20s-160s)
[DEBUG Orchestrator] End of Iteration. previous_num_instances_for_injector_logic updated to: 1
[DEGUG Orchestrator Loop Duration] Loop Duration = 933.001759595
[Sniffer] Label set to: benign

--- Iteration 21 | Time: 100.0s / 180s ---
[Orchestrator]RTT = 151.4994573000081
[Orchestrator] Metrics: 1 active instance(s), Avg CPU: 37.75%, Avg App MEM: 39.49 MB
[Autoscaler] Decision: NO_ACTION. Avg CPU: 37.75% is within thresholds (25.0% - 60.0%).
[DEBUG Orchestrator] Iteration Start. Instances Before Injector Logic: 1, Prev Injector Logic Instances: 1, Attack Started Flag: True, Normal Traffic Started Flag: True
[DEBUG Orchestrator] URLs derived for injector (if active): ['http://localhost:8080']
[Sniffer] Label set to: benign
[DEBUG Orchestrator] Should attack be active now? True (window: 20s-160s)
[DEBUG Orchestrator] End of Iteration. previous_num_instances_for_injector_logic updated to: 1
[DEGUG Orchestrator Loop Duration] Loop Duration = 938.001759595
[Sniffer] Label set to: benign

--- Iteration 22 | Time: 105.0s / 180s ---
[Orchestrator]RTT = 121.25363987499327
[Orchestrator] Metrics: 1 active instance(s), Avg CPU: 68.37%, Avg App MEM: 40.07 MB
[Autoscaler] Decision: SCALE_UP. Avg CPU: 68.37% > 60.0%. Current instances: 1, Max: 4
[Orchestrator] Action: Scaling UP from 1 instance(s). Attempting to start instance 2.
Attempting to start container target_instance_2 mapping container:80 to host:8081...
Container 9f8f69838b (target_instance_2) started. Accessible on host port 8081.
[Orchestrator] Successfully started target_instance_2. Now 2 instance(s).
[Autoscaler] Scale action recorded. New instance count: 2. Cooldown timer reset.
[DEBUG Orchestrator] Iteration Start. Instances Before Injector Logic: 2, Prev Injector Logic Instances: 1, Attack Started Flag: True, Normal Traffic Started Flag: True
[DEBUG Orchestrator] URLs derived for injector (if active): ['http://localhost:8080', 'http://localhost:8081']
[Sniffer] Label set to: benign
[DEBUG Orchestrator] Should attack be active now? True (window: 20s-160s)
[DEBUG Orchestrator] Condition: Needs to RESTART attack (num instances changed from 1 to 2 AND attack was active).
[Orchestrator] Attack active and restart needed. Stopping current traffic injector...
[Injector] Signaling HTTP flood workers to stop...
[Injector] Stop signal sent (non-blocking).
[DEBUG Orchestrator] Called stop_http_flood. Sleeping for 1s...
[DEBUG Orchestrator] Resuming after sleep.
[Orchestrator] Starting/Restarting HTTP flood. Target URLs for this call: ['http://localhost:8080', 'http://localhost:8081']
[Injector] Starting HTTP flood with 4 attackers, ~1.0 RPS total, across 2 targets: http://localhost:8080, http://localhost:8081
  [Injector Worker 130476752733888] Started. Target: http://localhost:8080?work=475000&sleep=0.0, RPS: 0.25, Mean interval: 4.0000s (Poisson)
  [Injector Worker 130476744341184] Started. Target: http://localhost:8081?work=475000&sleep=0.0, RPS: 0.25, Mean interval: 4.0000s (Poisson)
  [Injector Worker 130476735948480] Started. Target: http://localhost:8080?work=475000&sleep=0.0, RPS: 0.25, Mean interval: 4.0000s (Poisson)
  [Injector Worker 130476727555776] Started. Target: http://localhost:8081?work=475000&sleep=0.0, RPS: 0.25, Mean interval: 4.0000s (Poisson)
[Injector] All 4 attacker threads launched.
[Sniffer] Label set to: attack
[DEBUG Orchestrator] attack_has_started flag set to TRUE.
[DEBUG Orchestrator] End of Iteration. previous_num_instances_for_injector_logic updated to: 2
[DEGUG Orchestrator Loop Duration] Loop Duration = 943.001759595
[Sniffer] Label set to: benign

--- Iteration 23 | Time: 110.0s / 180s ---
[Orchestrator]RTT = 206.9756941428815
[Orchestrator] Metrics: 2 active instance(s), Avg CPU: 25.65%, Avg App MEM: 33.87 MB
[Autoscaler]In cooldown: 14.999391722000041
[DEBUG Orchestrator] Iteration Start. Instances Before Injector Logic: 2, Prev Injector Logic Instances: 2, Attack Started Flag: True, Normal Traffic Started Flag: True
[DEBUG Orchestrator] URLs derived for injector (if active): ['http://localhost:8080', 'http://localhost:8081']
[Sniffer] Label set to: benign
[DEBUG Orchestrator] Should attack be active now? True (window: 20s-160s)
[DEBUG Orchestrator] End of Iteration. previous_num_instances_for_injector_logic updated to: 2
[DEGUG Orchestrator Loop Duration] Loop Duration = 948.001759595
[Sniffer] Label set to: benign

--- Iteration 24 | Time: 115.0s / 180s ---
[Orchestrator]RTT = 131.61738571428876
[Orchestrator] Metrics: 2 active instance(s), Avg CPU: 32.43%, Avg App MEM: 30.78 MB
[Autoscaler]In cooldown: 9.99920178800005
[DEBUG Orchestrator] Iteration Start. Instances Before Injector Logic: 2, Prev Injector Logic Instances: 2, Attack Started Flag: True, Normal Traffic Started Flag: True
[DEBUG Orchestrator] URLs derived for injector (if active): ['http://localhost:8080', 'http://localhost:8081']
[Sniffer] Label set to: benign
[DEBUG Orchestrator] Should attack be active now? True (window: 20s-160s)
[DEBUG Orchestrator] End of Iteration. previous_num_instances_for_injector_logic updated to: 2
[DEGUG Orchestrator Loop Duration] Loop Duration = 953.001759595
[Sniffer] Label set to: benign

--- Iteration 25 | Time: 120.0s / 180s ---
[Orchestrator]RTT = 125.60262900001362
[Orchestrator] Metrics: 2 active instance(s), Avg CPU: 30.34%, Avg App MEM: 30.90 MB
[Autoscaler]In cooldown: 4.999782494000101
[DEBUG Orchestrator] Iteration Start. Instances Before Injector Logic: 2, Prev Injector Logic Instances: 2, Attack Started Flag: True, Normal Traffic Started Flag: True
[DEBUG Orchestrator] URLs derived for injector (if active): ['http://localhost:8080', 'http://localhost:8081']
[Sniffer] Label set to: benign
[DEBUG Orchestrator] Should attack be active now? True (window: 20s-160s)
[DEBUG Orchestrator] End of Iteration. previous_num_instances_for_injector_logic updated to: 2
[DEGUG Orchestrator Loop Duration] Loop Duration = 958.001759595
[Sniffer] Label set to: benign

--- Iteration 26 | Time: 125.0s / 180s ---
[Orchestrator]RTT = 117.51557957142366
[Orchestrator] Metrics: 2 active instance(s), Avg CPU: 26.17%, Avg App MEM: 30.91 MB
[Autoscaler] Decision: NO_ACTION. Avg CPU: 26.17% is within thresholds (25.0% - 60.0%).
[DEBUG Orchestrator] Iteration Start. Instances Before Injector Logic: 2, Prev Injector Logic Instances: 2, Attack Started Flag: True, Normal Traffic Started Flag: True
[DEBUG Orchestrator] URLs derived for injector (if active): ['http://localhost:8080', 'http://localhost:8081']
[Sniffer] Label set to: benign
[DEBUG Orchestrator] Should attack be active now? True (window: 20s-160s)
[DEBUG Orchestrator] End of Iteration. previous_num_instances_for_injector_logic updated to: 2
[DEGUG Orchestrator Loop Duration] Loop Duration = 963.001759595
[Sniffer] Label set to: benign

--- Iteration 27 | Time: 130.0s / 180s ---
[Orchestrator]RTT = 170.55478260001564
[Orchestrator] Metrics: 2 active instance(s), Avg CPU: 63.15%, Avg App MEM: 30.95 MB
[Autoscaler] Decision: SCALE_UP. Avg CPU: 63.15% > 60.0%. Current instances: 2, Max: 4
[Orchestrator] Action: Scaling UP from 2 instance(s). Attempting to start instance 3.
Attempting to start container target_instance_3 mapping container:80 to host:8082...
Container 60cd34200d (target_instance_3) started. Accessible on host port 8082.
[Orchestrator] Successfully started target_instance_3. Now 3 instance(s).
[Autoscaler] Scale action recorded. New instance count: 3. Cooldown timer reset.
[DEBUG Orchestrator] Iteration Start. Instances Before Injector Logic: 3, Prev Injector Logic Instances: 2, Attack Started Flag: True, Normal Traffic Started Flag: True
[DEBUG Orchestrator] URLs derived for injector (if active): ['http://localhost:8080', 'http://localhost:8081', 'http://localhost:8082']
[Sniffer] Label set to: benign
[DEBUG Orchestrator] Should attack be active now? True (window: 20s-160s)
[DEBUG Orchestrator] Condition: Needs to RESTART attack (num instances changed from 2 to 3 AND attack was active).
[Orchestrator] Attack active and restart needed. Stopping current traffic injector...
[Injector] Signaling HTTP flood workers to stop...
  [Injector Worker 130478942181056] Stopped. Total requests: 34, Errors: 0
[Injector] Stop signal sent (non-blocking).
[DEBUG Orchestrator] Called stop_http_flood. Sleeping for 1s...
  [Injector Worker 130476752733888] Stopped. Total requests: 6, Errors: 0
  [Injector Worker 130476727555776] Stopped. Total requests: 9, Errors: 0
  [Injector Worker 130476744341184] Stopped. Total requests: 9, Errors: 0
[DEBUG Orchestrator] Resuming after sleep.
[Orchestrator] Starting/Restarting HTTP flood. Target URLs for this call: ['http://localhost:8080', 'http://localhost:8081', 'http://localhost:8082']
[Injector] Starting HTTP flood with 4 attackers, ~1.0 RPS total, across 3 targets: http://localhost:8080, http://localhost:8081, http://localhost:8082
  [Injector Worker 130476744341184] Started. Target: http://localhost:8080?work=475000&sleep=0.0, RPS: 0.25, Mean interval: 4.0000s (Poisson)
  [Injector Worker 130476727555776] Started. Target: http://localhost:8081?work=475000&sleep=0.0, RPS: 0.25, Mean interval: 4.0000s (Poisson)
  [Injector Worker 130476752733888] Started. Target: http://localhost:8082?work=475000&sleep=0.0, RPS: 0.25, Mean interval: 4.0000s (Poisson)
  [Injector Worker 130478942181056] Started. Target: http://localhost:8080?work=475000&sleep=0.0, RPS: 0.25, Mean interval: 4.0000s (Poisson)
[Injector] All 4 attacker threads launched.
[Sniffer] Label set to: attack
[DEBUG Orchestrator] attack_has_started flag set to TRUE.
[DEBUG Orchestrator] End of Iteration. previous_num_instances_for_injector_logic updated to: 3
[DEGUG Orchestrator Loop Duration] Loop Duration = 968.001759595
[Sniffer] Label set to: benign

--- Iteration 28 | Time: 135.0s / 180s ---
[Orchestrator]RTT = 217.61593733332538
[Orchestrator] Metrics: 3 active instance(s), Avg CPU: 43.01%, Avg App MEM: 34.25 MB
[Autoscaler]In cooldown: 14.99970810100001
[DEBUG Orchestrator] Iteration Start. Instances Before Injector Logic: 3, Prev Injector Logic Instances: 3, Attack Started Flag: True, Normal Traffic Started Flag: True
[DEBUG Orchestrator] URLs derived for injector (if active): ['http://localhost:8080', 'http://localhost:8081', 'http://localhost:8082']
[Sniffer] Label set to: benign
[DEBUG Orchestrator] Should attack be active now? True (window: 20s-160s)
[DEBUG Orchestrator] End of Iteration. previous_num_instances_for_injector_logic updated to: 3
[DEGUG Orchestrator Loop Duration] Loop Duration = 973.001759595
[Sniffer] Label set to: benign

--- Iteration 29 | Time: 140.0s / 180s ---
[Orchestrator]RTT = 134.55702789473744
[Orchestrator] Metrics: 3 active instance(s), Avg CPU: 22.29%, Avg App MEM: 27.68 MB
[Autoscaler]In cooldown: 9.999792307999996
[DEBUG Orchestrator] Iteration Start. Instances Before Injector Logic: 3, Prev Injector Logic Instances: 3, Attack Started Flag: True, Normal Traffic Started Flag: True
[DEBUG Orchestrator] URLs derived for injector (if active): ['http://localhost:8080', 'http://localhost:8081', 'http://localhost:8082']
[Sniffer] Label set to: benign
[DEBUG Orchestrator] Should attack be active now? True (window: 20s-160s)
[DEBUG Orchestrator] End of Iteration. previous_num_instances_for_injector_logic updated to: 3
[DEGUG Orchestrator Loop Duration] Loop Duration = 978.001759595
[Sniffer] Label set to: benign

--- Iteration 30 | Time: 145.0s / 180s ---
[Orchestrator]RTT = 122.46913438461713
[Orchestrator] Metrics: 3 active instance(s), Avg CPU: 13.22%, Avg App MEM: 27.78 MB
[Autoscaler]In cooldown: 5.000016988000084
[DEBUG Orchestrator] Iteration Start. Instances Before Injector Logic: 3, Prev Injector Logic Instances: 3, Attack Started Flag: True, Normal Traffic Started Flag: True
[DEBUG Orchestrator] URLs derived for injector (if active): ['http://localhost:8080', 'http://localhost:8081', 'http://localhost:8082']
[Sniffer] Label set to: benign
[DEBUG Orchestrator] Should attack be active now? True (window: 20s-160s)
[DEBUG Orchestrator] End of Iteration. previous_num_instances_for_injector_logic updated to: 3
[DEGUG Orchestrator Loop Duration] Loop Duration = 983.001759595
[Sniffer] Label set to: benign

--- Iteration 31 | Time: 150.0s / 180s ---
[Orchestrator]RTT = 128.17707033334122
[Orchestrator] Metrics: 3 active instance(s), Avg CPU: 13.68%, Avg App MEM: 27.78 MB
[Autoscaler] Decision: SCALE_DOWN. Avg CPU: 13.68% < 25.0%. Current instances: 3, Min: 1
[Orchestrator] Action: Scaling DOWN from 3 instance(s). Stopping target_instance_3.
Attempting to stop and remove container target_instance_3...
Container target_instance_3 stopped and removed.
[Orchestrator] Successfully stopped target_instance_3. Now 2 instance(s).
[Autoscaler] Scale action recorded. New instance count: 2. Cooldown timer reset.
[DEBUG Orchestrator] Iteration Start. Instances Before Injector Logic: 2, Prev Injector Logic Instances: 3, Attack Started Flag: True, Normal Traffic Started Flag: True
[DEBUG Orchestrator] URLs derived for injector (if active): ['http://localhost:8080', 'http://localhost:8081']
[Sniffer] Label set to: benign
[DEBUG Orchestrator] Should attack be active now? True (window: 20s-160s)
[DEBUG Orchestrator] Condition: Needs to RESTART attack (num instances changed from 3 to 2 AND attack was active).
[Orchestrator] Attack active and restart needed. Stopping current traffic injector...
[Injector] Signaling HTTP flood workers to stop...
[Injector] Stop signal sent (non-blocking).
[DEBUG Orchestrator] Called stop_http_flood. Sleeping for 1s...
  [Injector Worker 130478958966464] Stopped. Total requests: 44, Errors: 0
[DEBUG Orchestrator] Resuming after sleep.
[Orchestrator] Starting/Restarting HTTP flood. Target URLs for this call: ['http://localhost:8080', 'http://localhost:8081']
[Injector] Starting HTTP flood with 4 attackers, ~1.0 RPS total, across 2 targets: http://localhost:8080, http://localhost:8081
  [Injector Worker 130478958966464] Started. Target: http://localhost:8080?work=475000&sleep=0.0, RPS: 0.25, Mean interval: 4.0000s (Poisson)
  [Injector Worker 130476719163072] Started. Target: http://localhost:8081?work=475000&sleep=0.0, RPS: 0.25, Mean interval: 4.0000s (Poisson)
  [Injector Worker 130476710770368] Started. Target: http://localhost:8080?work=475000&sleep=0.0, RPS: 0.25, Mean interval: 4.0000s (Poisson)
  [Injector Worker 130476702377664] Started. Target: http://localhost:8081?work=475000&sleep=0.0, RPS: 0.25, Mean interval: 4.0000s (Poisson)
[Injector] All 4 attacker threads launched.
[Sniffer] Label set to: attack
[DEBUG Orchestrator] attack_has_started flag set to TRUE.
[DEBUG Orchestrator] End of Iteration. previous_num_instances_for_injector_logic updated to: 2
[DEGUG Orchestrator Loop Duration] Loop Duration = 988.001759595
[Orchestrator] Warning: Loop iteration took longer than MONITOR_INTERVAL_SECONDS (5s). Not sleeping.
[Sniffer] Label set to: benign

--- Iteration 32 | Time: 157.1s / 180s ---
[Orchestrator]RTT = 141.88072693751508
[Orchestrator] Metrics: 2 active instance(s), Avg CPU: 32.80%, Avg App MEM: 31.03 MB
[Autoscaler]In cooldown: 12.854195441999991
[DEBUG Orchestrator] Iteration Start. Instances Before Injector Logic: 2, Prev Injector Logic Instances: 2, Attack Started Flag: True, Normal Traffic Started Flag: True
[DEBUG Orchestrator] URLs derived for injector (if active): ['http://localhost:8080', 'http://localhost:8081']
[Sniffer] Label set to: benign
[DEBUG Orchestrator] Should attack be active now? True (window: 20s-160s)
[DEBUG Orchestrator] End of Iteration. previous_num_instances_for_injector_logic updated to: 2
[DEGUG Orchestrator Loop Duration] Loop Duration = 993.001759595
[Sniffer] Label set to: benign

--- Iteration 33 | Time: 160.0s / 180s ---
[Orchestrator]RTT = 263.324670933351
[Orchestrator] Metrics: 2 active instance(s), Avg CPU: 26.87%, Avg App MEM: 27.95 MB
[Autoscaler]In cooldown: 9.999743915999943
[DEBUG Orchestrator] Iteration Start. Instances Before Injector Logic: 2, Prev Injector Logic Instances: 2, Attack Started Flag: True, Normal Traffic Started Flag: True
[DEBUG Orchestrator] URLs derived for injector (if active): ['http://localhost:8080', 'http://localhost:8081']
[Sniffer] Label set to: benign
[DEBUG Orchestrator] Should attack be active now? False (window: 20s-160s)
[Orchestrator] Attack duration ended or outside schedule. Stopping HTTP flood.
[Injector] Signaling HTTP flood workers to stop...
[Injector] Stop signal sent (non-blocking).
[DEBUG Orchestrator] attack_has_started flag set to FALSE (attack period ended).
[DEBUG Orchestrator] End of Iteration. previous_num_instances_for_injector_logic updated to: 2
[DEGUG Orchestrator Loop Duration] Loop Duration = 998.001759595
  [Injector Worker 130476727555776] Stopped. Total requests: 8, Errors: 0
  [Injector Worker 130476719163072] Stopped. Total requests: 5, Errors: 0
  [Injector Worker 130479462266560] Stopped. Total requests: 32, Errors: 0
  [Injector Worker 130479445481152] Stopped. Total requests: 38, Errors: 0
  [Injector Worker 130478942181056] Stopped. Total requests: 7, Errors: 0
  [Injector Worker 130476702377664] Stopped. Total requests: 4, Errors: 0
[Sniffer] Label set to: benign

--- Iteration 34 | Time: 165.0s / 180s ---
[Orchestrator]RTT = 52.63414334892693
[Orchestrator] Metrics: 2 active instance(s), Avg CPU: 14.41%, Avg App MEM: 31.64 MB
[Autoscaler]In cooldown: 5.0000980339999614
[DEBUG Orchestrator] Iteration Start. Instances Before Injector Logic: 2, Prev Injector Logic Instances: 2, Attack Started Flag: False, Normal Traffic Started Flag: True
[DEBUG Orchestrator] URLs derived for injector (if active): ['http://localhost:8080', 'http://localhost:8081']
[Sniffer] Label set to: benign
[DEBUG Orchestrator] Should attack be active now? False (window: 20s-160s)
[DEBUG Orchestrator] End of Iteration. previous_num_instances_for_injector_logic updated to: 2
[DEGUG Orchestrator Loop Duration] Loop Duration = 1003.001759595
  [Injector Worker 130476710770368] Stopped. Total requests: 2, Errors: 0
  [Injector Worker 130476752733888] Stopped. Total requests: 9, Errors: 0
  [Injector Worker 130478958966464] Stopped. Total requests: 2, Errors: 0
[Sniffer] Label set to: benign

--- Iteration 35 | Time: 170.0s / 180s ---
[Orchestrator]RTT = 25.846399311377578
[Orchestrator] Metrics: 2 active instance(s), Avg CPU: 10.32%, Avg App MEM: 31.52 MB
[Autoscaler] Decision: SCALE_DOWN. Avg CPU: 10.32% < 25.0%. Current instances: 2, Min: 1
[Orchestrator] Action: Scaling DOWN from 2 instance(s). Stopping target_instance_2.
Attempting to stop and remove container target_instance_2...
  [Injector Worker 130476744341184] Stopped. Total requests: 15, Errors: 0
Container target_instance_2 stopped and removed.
[Orchestrator] Successfully stopped target_instance_2. Now 1 instance(s).
[Autoscaler] Scale action recorded. New instance count: 1. Cooldown timer reset.
[DEBUG Orchestrator] Iteration Start. Instances Before Injector Logic: 1, Prev Injector Logic Instances: 2, Attack Started Flag: False, Normal Traffic Started Flag: True
[DEBUG Orchestrator] URLs derived for injector (if active): ['http://localhost:8080']
[Sniffer] Label set to: benign
[DEBUG Orchestrator] Should attack be active now? False (window: 20s-160s)
[DEBUG Orchestrator] End of Iteration. previous_num_instances_for_injector_logic updated to: 1
[DEGUG Orchestrator Loop Duration] Loop Duration = 1008.001759595
[Orchestrator] Warning: Loop iteration took longer than MONITOR_INTERVAL_SECONDS (5s). Not sleeping.
[Sniffer] Label set to: benign

--- Iteration 36 | Time: 175.6s / 180s ---
[Orchestrator]RTT = 26.630808023091184
[Orchestrator] Metrics: 1 active instance(s), Avg CPU: 21.80%, Avg App MEM: 41.44 MB
[Autoscaler]In cooldown: 14.353685490999965
[DEBUG Orchestrator] Iteration Start. Instances Before Injector Logic: 1, Prev Injector Logic Instances: 1, Attack Started Flag: False, Normal Traffic Started Flag: True
[DEBUG Orchestrator] URLs derived for injector (if active): ['http://localhost:8080']
[Sniffer] Label set to: benign
[DEBUG Orchestrator] Should attack be active now? False (window: 20s-160s)
[DEBUG Orchestrator] End of Iteration. previous_num_instances_for_injector_logic updated to: 1
[DEGUG Orchestrator Loop Duration] Loop Duration = 1013.001759595
  [Injector Worker 130476735948480] Stopped. Total requests: 11, Errors: 0

[Orchestrator] Simulation duration reached.
[Orchestrator] Saving RTT log...
[Sniffer] Realtime tcpdump stopped.
[Orchestrator] Stopping normal traffic...
[Normal_Injector] Signaling workers to stop...
  [Normal_Injector Worker 130481694947008] Stopped. Total requests: 4447, Errors: 4
  [Normal_Injector Worker 130481678161600] Stopped. Total requests: 4427, Errors: 6
  [Normal_Injector Worker 130481661376192] Stopped. Total requests: 4618, Errors: 4
  [Normal_Injector Worker 130481669768896] Stopped. Total requests: 4385, Errors: 3
[Normal_Injector] Stop signal sent (non-blocking).
[Orchestrator] Cleaning up all simulation instances...
Cleaning up all simulation instances...
Stopping and removing container: target_instance_1 (a71f6ab19d)...
  Container target_instance_1 removed.
Simulation instance cleanup complete.
[Stats_Collector] Stopping stats collector thread...
[Orchestrator] Simulation Complete. Total Fictional Cost: $0.0015
[Orchestrator] Metrics logged in: simulation_metrics.csv

===== [stage1b] S2 (100 req/s normal) + 1% ataque (~1.000 req/s) @ WU=475000 rep=2 =====
Attacker RPS set to: 0.25
Number of attackers set to: 4
Simulation duration set to: 180
Attack work units set to: 475000
Normal traffic RPS per client set to: 25.0
Normal traffic work units set to: 10
[Orchestrator] Initializing simulation environment...
[Sniffer] Realtime tcpdump started on any
[Sniffer] Label set to: benign
[Autoscaler] Initialized.
Attempting to build Docker image: edos_target_app:latest...
Image edos_target_app:latest already exists. Skipping build.
Docker network 'edos_network' already exists.
[Orchestrator] Cleaning up any pre-existing simulation instances...
Cleaning up all simulation instances...
No simulation instances found to clean up.
[Orchestrator] Starting initial 1 instance(s)...
Attempting to start container target_instance_1 mapping container:80 to host:8080...
Container 5f22ef9112 (target_instance_1) started. Accessible on host port 8080.
[Autoscaler] Initial number of instances set to: 1
[Orchestrator] 1 initial instance(s) running.
[Orchestrator] Metrics will be logged to: simulation_metrics.csv
[Orchestrator] Attack summary will be logged to: attack_summary_log.csv
[Orchestrator] Normal traffic summary will be logged to: normal_traffic_summary_log.csv
[Orchestrator] Starting simulation main loop for 180 seconds.
[Orchestrator] Monitoring interval: 5s. Cooldown: 20s.
[Orchestrator] CPU Thresholds: Scale Up > 60.0%, Scale Down < 25.0%
[Orchestrator] Traffic injection scheduled: Start at 20s, Duration 140s.
[Sniffer] Label set to: benign

--- Iteration 1 | Time: 0.0s / 180s ---
[Orchestrator]RTT = 0.0
[Orchestrator] Metrics: 1 active instance(s), Avg CPU: 0.00%, Avg App MEM: 0.00 MB
[Autoscaler] Condition for SCALE_DOWN met (Avg CPU: 0.00%), but already at MIN_INSTANCES (1). No action.
[DEBUG Orchestrator] Iteration Start. Instances Before Injector Logic: 1, Prev Injector Logic Instances: 1, Attack Started Flag: False, Normal Traffic Started Flag: False
[DEBUG Orchestrator] URLs derived for injector (if active): ['http://localhost:8080']
[Sniffer] Label set to: benign
[DEBUG Orchestrator] Should attack be active now? False (window: 20s-160s)
[Orchestrator] Starting/Restarting Normal Traffic. Target URLs for this call: ['http://localhost:8080']
[Normal_Injector] Starting HTTP flood with 4 attackers, ~100.0 RPS total, across 1 targets: http://localhost:8080
  [Normal_Injector Worker 137866465339072] Started. Target: http://localhost:8080?work=10&sleep=0.0, RPS: 25.00, Mean interval: 0.0400s (Poisson)
  [Normal_Injector Worker 137866448553664] Started. Target: http://localhost:8080?work=10&sleep=0.0, RPS: 25.00, Mean interval: 0.0400s (Poisson)
  [Normal_Injector Worker 137866101388992] Started. Target: http://localhost:8080?work=10&sleep=0.0, RPS: 25.00, Mean interval: 0.0400s (Poisson)
  [Normal_Injector Worker 137866092996288] Started. Target: http://localhost:8080?work=10&sleep=0.0, RPS: 25.00, Mean interval: 0.0400s (Poisson)
[Normal_Injector] All 4 attacker threads launched.
[DEBUG Orchestrator] End of Iteration. previous_num_instances_for_injector_logic updated to: 1
[DEGUG Orchestrator Loop Duration] Loop Duration = 1022.575163436
[Sniffer] Label set to: benign

--- Iteration 2 | Time: 5.0s / 180s ---
[Orchestrator]RTT = 27.37220467510632
[Orchestrator] Metrics: 1 active instance(s), Avg CPU: 25.37%, Avg App MEM: 22.60 MB
[Autoscaler] Decision: NO_ACTION. Avg CPU: 25.37% is within thresholds (25.0% - 60.0%).
[DEBUG Orchestrator] Iteration Start. Instances Before Injector Logic: 1, Prev Injector Logic Instances: 1, Attack Started Flag: False, Normal Traffic Started Flag: True
[DEBUG Orchestrator] URLs derived for injector (if active): ['http://localhost:8080']
[Sniffer] Label set to: benign
[DEBUG Orchestrator] Should attack be active now? False (window: 20s-160s)
[DEBUG Orchestrator] End of Iteration. previous_num_instances_for_injector_logic updated to: 1
[DEGUG Orchestrator Loop Duration] Loop Duration = 1027.575163436
[Sniffer] Label set to: benign

--- Iteration 3 | Time: 10.0s / 180s ---
[Orchestrator]RTT = 26.757545609468256
[Orchestrator] Metrics: 1 active instance(s), Avg CPU: 21.28%, Avg App MEM: 22.64 MB
[Autoscaler] Condition for SCALE_DOWN met (Avg CPU: 21.28%), but already at MIN_INSTANCES (1). No action.
[DEBUG Orchestrator] Iteration Start. Instances Before Injector Logic: 1, Prev Injector Logic Instances: 1, Attack Started Flag: False, Normal Traffic Started Flag: True
[DEBUG Orchestrator] URLs derived for injector (if active): ['http://localhost:8080']
[Sniffer] Label set to: benign
[DEBUG Orchestrator] Should attack be active now? False (window: 20s-160s)
[DEBUG Orchestrator] End of Iteration. previous_num_instances_for_injector_logic updated to: 1
[DEGUG Orchestrator Loop Duration] Loop Duration = 1032.575163436
[Sniffer] Label set to: benign

--- Iteration 4 | Time: 15.0s / 180s ---
[Orchestrator]RTT = 26.646100760335834
[Orchestrator] Metrics: 1 active instance(s), Avg CPU: 21.82%, Avg App MEM: 22.79 MB
[Autoscaler] Condition for SCALE_DOWN met (Avg CPU: 21.82%), but already at MIN_INSTANCES (1). No action.
[DEBUG Orchestrator] Iteration Start. Instances Before Injector Logic: 1, Prev Injector Logic Instances: 1, Attack Started Flag: False, Normal Traffic Started Flag: True
[DEBUG Orchestrator] URLs derived for injector (if active): ['http://localhost:8080']
[Sniffer] Label set to: benign
[DEBUG Orchestrator] Should attack be active now? False (window: 20s-160s)
[DEBUG Orchestrator] End of Iteration. previous_num_instances_for_injector_logic updated to: 1
[DEGUG Orchestrator Loop Duration] Loop Duration = 1037.575163436
[Sniffer] Label set to: benign

--- Iteration 5 | Time: 20.0s / 180s ---
[Orchestrator]RTT = 25.602924728508558
[Orchestrator] Metrics: 1 active instance(s), Avg CPU: 21.52%, Avg App MEM: 22.89 MB
[Autoscaler] Condition for SCALE_DOWN met (Avg CPU: 21.52%), but already at MIN_INSTANCES (1). No action.
[DEBUG Orchestrator] Iteration Start. Instances Before Injector Logic: 1, Prev Injector Logic Instances: 1, Attack Started Flag: False, Normal Traffic Started Flag: True
[DEBUG Orchestrator] URLs derived for injector (if active): ['http://localhost:8080']
[Sniffer] Label set to: benign
[DEBUG Orchestrator] Should attack be active now? True (window: 20s-160s)
[DEBUG Orchestrator] Condition: Needs to START attack (was not started and in attack window).
[Orchestrator] Starting/Restarting HTTP flood. Target URLs for this call: ['http://localhost:8080']
[Injector] Starting HTTP flood with 4 attackers, ~1.0 RPS total, across 1 targets: http://localhost:8080
  [Injector Worker 137862871770816] Started. Target: http://localhost:8080?work=475000&sleep=0.0, RPS: 0.25, Mean interval: 4.0000s (Poisson)
  [Injector Worker 137862854985408] Started. Target: http://localhost:8080?work=475000&sleep=0.0, RPS: 0.25, Mean interval: 4.0000s (Poisson)
  [Injector Worker 137862838200000] Started. Target: http://localhost:8080?work=475000&sleep=0.0, RPS: 0.25, Mean interval: 4.0000s (Poisson)
  [Injector Worker 137862829807296] Started. Target: http://localhost:8080?work=475000&sleep=0.0, RPS: 0.25, Mean interval: 4.0000s (Poisson)
[Injector] All 4 attacker threads launched.
[Sniffer] Label set to: attack
[DEBUG Orchestrator] attack_has_started flag set to TRUE.
[DEBUG Orchestrator] End of Iteration. previous_num_instances_for_injector_logic updated to: 1
[DEGUG Orchestrator Loop Duration] Loop Duration = 1042.575163436
[Sniffer] Label set to: benign

--- Iteration 6 | Time: 25.0s / 180s ---
[Orchestrator]RTT = 213.24352211109323
[Orchestrator] Metrics: 1 active instance(s), Avg CPU: 31.60%, Avg App MEM: 24.14 MB
[Autoscaler] Decision: NO_ACTION. Avg CPU: 31.60% is within thresholds (25.0% - 60.0%).
[DEBUG Orchestrator] Iteration Start. Instances Before Injector Logic: 1, Prev Injector Logic Instances: 1, Attack Started Flag: True, Normal Traffic Started Flag: True
[DEBUG Orchestrator] URLs derived for injector (if active): ['http://localhost:8080']
[Sniffer] Label set to: benign
[DEBUG Orchestrator] Should attack be active now? True (window: 20s-160s)
[DEBUG Orchestrator] End of Iteration. previous_num_instances_for_injector_logic updated to: 1
[DEGUG Orchestrator Loop Duration] Loop Duration = 1047.575163436
[Sniffer] Label set to: benign

--- Iteration 7 | Time: 30.0s / 180s ---
[Orchestrator]RTT = 211.45550349990572
[Orchestrator] Metrics: 1 active instance(s), Avg CPU: 19.57%, Avg App MEM: 24.33 MB
[Autoscaler] Condition for SCALE_DOWN met (Avg CPU: 19.57%), but already at MIN_INSTANCES (1). No action.
[DEBUG Orchestrator] Iteration Start. Instances Before Injector Logic: 1, Prev Injector Logic Instances: 1, Attack Started Flag: True, Normal Traffic Started Flag: True
[DEBUG Orchestrator] URLs derived for injector (if active): ['http://localhost:8080']
[Sniffer] Label set to: benign
[DEBUG Orchestrator] Should attack be active now? True (window: 20s-160s)
[DEBUG Orchestrator] End of Iteration. previous_num_instances_for_injector_logic updated to: 1
[DEGUG Orchestrator Loop Duration] Loop Duration = 1052.575163436
[Sniffer] Label set to: benign

--- Iteration 8 | Time: 35.0s / 180s ---
[Orchestrator]RTT = 193.43958125000427
[Orchestrator] Metrics: 1 active instance(s), Avg CPU: 61.64%, Avg App MEM: 24.90 MB
[Autoscaler] Decision: SCALE_UP. Avg CPU: 61.64% > 60.0%. Current instances: 1, Max: 4
[Orchestrator] Action: Scaling UP from 1 instance(s). Attempting to start instance 2.
Attempting to start container target_instance_2 mapping container:80 to host:8081...
Container 4ca255c352 (target_instance_2) started. Accessible on host port 8081.
[Orchestrator] Successfully started target_instance_2. Now 2 instance(s).
[Autoscaler] Scale action recorded. New instance count: 2. Cooldown timer reset.
[DEBUG Orchestrator] Iteration Start. Instances Before Injector Logic: 2, Prev Injector Logic Instances: 1, Attack Started Flag: True, Normal Traffic Started Flag: True
[DEBUG Orchestrator] URLs derived for injector (if active): ['http://localhost:8080', 'http://localhost:8081']
[Sniffer] Label set to: benign
[DEBUG Orchestrator] Should attack be active now? True (window: 20s-160s)
[DEBUG Orchestrator] Condition: Needs to RESTART attack (num instances changed from 1 to 2 AND attack was active).
[Orchestrator] Attack active and restart needed. Stopping current traffic injector...
[Injector] Signaling HTTP flood workers to stop...
[Injector] Stop signal sent (non-blocking).
[DEBUG Orchestrator] Called stop_http_flood. Sleeping for 1s...
  [Injector Worker 137862838200000] Stopped. Total requests: 6, Errors: 0
[DEBUG Orchestrator] Resuming after sleep.
[Orchestrator] Starting/Restarting HTTP flood. Target URLs for this call: ['http://localhost:8080', 'http://localhost:8081']
[Injector] Starting HTTP flood with 4 attackers, ~1.0 RPS total, across 2 targets: http://localhost:8080, http://localhost:8081
  [Injector Worker 137862838200000] Started. Target: http://localhost:8080?work=475000&sleep=0.0, RPS: 0.25, Mean interval: 4.0000s (Poisson)
  [Injector Worker 137861512808128] Started. Target: http://localhost:8081?work=475000&sleep=0.0, RPS: 0.25, Mean interval: 4.0000s (Poisson)
  [Injector Worker 137861504415424] Started. Target: http://localhost:8080?work=475000&sleep=0.0, RPS: 0.25, Mean interval: 4.0000s (Poisson)
  [Injector Worker 137861496022720] Started. Target: http://localhost:8081?work=475000&sleep=0.0, RPS: 0.25, Mean interval: 4.0000s (Poisson)
[Injector] All 4 attacker threads launched.
[Sniffer] Label set to: attack
[DEBUG Orchestrator] attack_has_started flag set to TRUE.
[DEBUG Orchestrator] End of Iteration. previous_num_instances_for_injector_logic updated to: 2
[DEGUG Orchestrator Loop Duration] Loop Duration = 1057.575163436
[Sniffer] Label set to: benign

--- Iteration 9 | Time: 40.0s / 180s ---
[Orchestrator]RTT = 200.30752813331674
[Orchestrator] Metrics: 2 active instance(s), Avg CPU: 23.19%, Avg App MEM: 23.43 MB
[Autoscaler]In cooldown: 15.000219660000084
[DEBUG Orchestrator] Iteration Start. Instances Before Injector Logic: 2, Prev Injector Logic Instances: 2, Attack Started Flag: True, Normal Traffic Started Flag: True
[DEBUG Orchestrator] URLs derived for injector (if active): ['http://localhost:8080', 'http://localhost:8081']
[Sniffer] Label set to: benign
[DEBUG Orchestrator] Should attack be active now? True (window: 20s-160s)
[DEBUG Orchestrator] End of Iteration. previous_num_instances_for_injector_logic updated to: 2
[DEGUG Orchestrator Loop Duration] Loop Duration = 1062.575163436
[Sniffer] Label set to: benign

--- Iteration 10 | Time: 45.0s / 180s ---
[Orchestrator]RTT = 152.6579822500196
[Orchestrator] Metrics: 2 active instance(s), Avg CPU: 21.84%, Avg App MEM: 22.98 MB
[Autoscaler]In cooldown: 9.99812836000001
[DEBUG Orchestrator] Iteration Start. Instances Before Injector Logic: 2, Prev Injector Logic Instances: 2, Attack Started Flag: True, Normal Traffic Started Flag: True
[DEBUG Orchestrator] URLs derived for injector (if active): ['http://localhost:8080', 'http://localhost:8081']
[Sniffer] Label set to: benign
[DEBUG Orchestrator] Should attack be active now? True (window: 20s-160s)
[DEBUG Orchestrator] End of Iteration. previous_num_instances_for_injector_logic updated to: 2
[DEGUG Orchestrator Loop Duration] Loop Duration = 1067.575163436
[Sniffer] Label set to: benign

--- Iteration 11 | Time: 50.0s / 180s ---
[Orchestrator]RTT = 163.04746600000422
[Orchestrator] Metrics: 2 active instance(s), Avg CPU: 23.24%, Avg App MEM: 22.86 MB
[Autoscaler]In cooldown: 5.000686901000108
[DEBUG Orchestrator] Iteration Start. Instances Before Injector Logic: 2, Prev Injector Logic Instances: 2, Attack Started Flag: True, Normal Traffic Started Flag: True
[DEBUG Orchestrator] URLs derived for injector (if active): ['http://localhost:8080', 'http://localhost:8081']
[Sniffer] Label set to: benign
[DEBUG Orchestrator] Should attack be active now? True (window: 20s-160s)
[DEBUG Orchestrator] End of Iteration. previous_num_instances_for_injector_logic updated to: 2
[DEGUG Orchestrator Loop Duration] Loop Duration = 1072.575163436
[Sniffer] Label set to: benign

--- Iteration 12 | Time: 55.0s / 180s ---
[Orchestrator]RTT = 120.97153776926461
[Orchestrator] Metrics: 2 active instance(s), Avg CPU: 16.86%, Avg App MEM: 22.87 MB
[Autoscaler] Decision: SCALE_DOWN. Avg CPU: 16.86% < 25.0%. Current instances: 2, Min: 1
[Orchestrator] Action: Scaling DOWN from 2 instance(s). Stopping target_instance_2.
Attempting to stop and remove container target_instance_2...
Container target_instance_2 stopped and removed.
[Orchestrator] Successfully stopped target_instance_2. Now 1 instance(s).
[Autoscaler] Scale action recorded. New instance count: 1. Cooldown timer reset.
[DEBUG Orchestrator] Iteration Start. Instances Before Injector Logic: 1, Prev Injector Logic Instances: 2, Attack Started Flag: True, Normal Traffic Started Flag: True
[DEBUG Orchestrator] URLs derived for injector (if active): ['http://localhost:8080']
[Sniffer] Label set to: benign
[DEBUG Orchestrator] Should attack be active now? True (window: 20s-160s)
[DEBUG Orchestrator] Condition: Needs to RESTART attack (num instances changed from 2 to 1 AND attack was active).
[Orchestrator] Attack active and restart needed. Stopping current traffic injector...
[Injector] Signaling HTTP flood workers to stop...
[Injector] Stop signal sent (non-blocking).
[DEBUG Orchestrator] Called stop_http_flood. Sleeping for 1s...
  [Injector Worker 137862838200000] Stopped. Total requests: 7, Errors: 0
  [Injector Worker 137862854985408] Stopped. Total requests: 8, Errors: 0
[DEBUG Orchestrator] Resuming after sleep.
[Orchestrator] Starting/Restarting HTTP flood. Target URLs for this call: ['http://localhost:8080']
[Injector] Starting HTTP flood with 4 attackers, ~1.0 RPS total, across 1 targets: http://localhost:8080
  [Injector Worker 137862854985408] Started. Target: http://localhost:8080?work=475000&sleep=0.0, RPS: 0.25, Mean interval: 4.0000s (Poisson)
  [Injector Worker 137862838200000] Started. Target: http://localhost:8080?work=475000&sleep=0.0, RPS: 0.25, Mean interval: 4.0000s (Poisson)
  [Injector Worker 137861479237312] Started. Target: http://localhost:8080?work=475000&sleep=0.0, RPS: 0.25, Mean interval: 4.0000s (Poisson)
  [Injector Worker 137861470844608] Started. Target: http://localhost:8080?work=475000&sleep=0.0, RPS: 0.25, Mean interval: 4.0000s (Poisson)
[Injector] All 4 attacker threads launched.
[Sniffer] Label set to: attack
[DEBUG Orchestrator] attack_has_started flag set to TRUE.
[DEBUG Orchestrator] End of Iteration. previous_num_instances_for_injector_logic updated to: 1
[DEGUG Orchestrator Loop Duration] Loop Duration = 1077.575163436
[Orchestrator] Warning: Loop iteration took longer than MONITOR_INTERVAL_SECONDS (5s). Not sleeping.
[Sniffer] Label set to: benign

--- Iteration 13 | Time: 62.2s / 180s ---
[Orchestrator]RTT = 211.46571200004018
[Orchestrator] Metrics: 1 active instance(s), Avg CPU: 58.33%, Avg App MEM: 25.17 MB
[Autoscaler]In cooldown: 12.773159810000152
[DEBUG Orchestrator] Iteration Start. Instances Before Injector Logic: 1, Prev Injector Logic Instances: 1, Attack Started Flag: True, Normal Traffic Started Flag: True
[DEBUG Orchestrator] URLs derived for injector (if active): ['http://localhost:8080']
[Sniffer] Label set to: benign
[DEBUG Orchestrator] Should attack be active now? True (window: 20s-160s)
[DEBUG Orchestrator] End of Iteration. previous_num_instances_for_injector_logic updated to: 1
[DEGUG Orchestrator Loop Duration] Loop Duration = 1082.575163436
[Sniffer] Label set to: benign

--- Iteration 14 | Time: 65.0s / 180s ---
[Orchestrator]RTT = 682.3193102999312
[Orchestrator] Metrics: 1 active instance(s), Avg CPU: 160.86%, Avg App MEM: 26.77 MB
[Autoscaler]In cooldown: 9.999637164000205
[DEBUG Orchestrator] Iteration Start. Instances Before Injector Logic: 1, Prev Injector Logic Instances: 1, Attack Started Flag: True, Normal Traffic Started Flag: True
[DEBUG Orchestrator] URLs derived for injector (if active): ['http://localhost:8080']
[Sniffer] Label set to: benign
[DEBUG Orchestrator] Should attack be active now? True (window: 20s-160s)
[DEBUG Orchestrator] End of Iteration. previous_num_instances_for_injector_logic updated to: 1
[DEGUG Orchestrator Loop Duration] Loop Duration = 1087.575163436
[Sniffer] Label set to: benign

--- Iteration 15 | Time: 70.0s / 180s ---
[Orchestrator]RTT = 144.54916890905554
[Orchestrator] Metrics: 1 active instance(s), Avg CPU: 39.85%, Avg App MEM: 27.12 MB
[Autoscaler]In cooldown: 4.999970096000197
[DEBUG Orchestrator] Iteration Start. Instances Before Injector Logic: 1, Prev Injector Logic Instances: 1, Attack Started Flag: True, Normal Traffic Started Flag: True
[DEBUG Orchestrator] URLs derived for injector (if active): ['http://localhost:8080']
[Sniffer] Label set to: benign
[DEBUG Orchestrator] Should attack be active now? True (window: 20s-160s)
[DEBUG Orchestrator] End of Iteration. previous_num_instances_for_injector_logic updated to: 1
[DEGUG Orchestrator Loop Duration] Loop Duration = 1092.575163436
[Sniffer] Label set to: benign

--- Iteration 16 | Time: 75.0s / 180s ---
[Orchestrator]RTT = 177.85338729997875
[Orchestrator] Metrics: 1 active instance(s), Avg CPU: 80.20%, Avg App MEM: 27.23 MB
[Autoscaler] Decision: SCALE_UP. Avg CPU: 80.20% > 60.0%. Current instances: 1, Max: 4
[Orchestrator] Action: Scaling UP from 1 instance(s). Attempting to start instance 3.
Attempting to start container target_instance_3 mapping container:80 to host:8082...
Container 422bc765db (target_instance_3) started. Accessible on host port 8082.
[Orchestrator] Successfully started target_instance_3. Now 2 instance(s).
[Autoscaler] Scale action recorded. New instance count: 2. Cooldown timer reset.
[DEBUG Orchestrator] Iteration Start. Instances Before Injector Logic: 2, Prev Injector Logic Instances: 1, Attack Started Flag: True, Normal Traffic Started Flag: True
[DEBUG Orchestrator] URLs derived for injector (if active): ['http://localhost:8080', 'http://localhost:8082']
[Sniffer] Label set to: benign
[DEBUG Orchestrator] Should attack be active now? True (window: 20s-160s)
[DEBUG Orchestrator] Condition: Needs to RESTART attack (num instances changed from 1 to 2 AND attack was active).
[Orchestrator] Attack active and restart needed. Stopping current traffic injector...
[Injector] Signaling HTTP flood workers to stop...
  [Injector Worker 137862838200000] Stopped. Total requests: 2, Errors: 0
  [Injector Worker 137862829807296] Stopped. Total requests: 20, Errors: 0
[Injector] Stop signal sent (non-blocking).
[DEBUG Orchestrator] Called stop_http_flood. Sleeping for 1s...
[DEBUG Orchestrator] Resuming after sleep.
[Orchestrator] Starting/Restarting HTTP flood. Target URLs for this call: ['http://localhost:8080', 'http://localhost:8082']
[Injector] Starting HTTP flood with 4 attackers, ~1.0 RPS total, across 2 targets: http://localhost:8080, http://localhost:8082
  [Injector Worker 137862829807296] Started. Target: http://localhost:8080?work=475000&sleep=0.0, RPS: 0.25, Mean interval: 4.0000s (Poisson)
  [Injector Worker 137862838200000] Started. Target: http://localhost:8082?work=475000&sleep=0.0, RPS: 0.25, Mean interval: 4.0000s (Poisson)
  [Injector Worker 137861454059200] Started. Target: http://localhost:8080?work=475000&sleep=0.0, RPS: 0.25, Mean interval: 4.0000s (Poisson)
  [Injector Worker 137861445666496] Started. Target: http://localhost:8082?work=475000&sleep=0.0, RPS: 0.25, Mean interval: 4.0000s (Poisson)
[Injector] All 4 attacker threads launched.
[Sniffer] Label set to: attack
[DEBUG Orchestrator] attack_has_started flag set to TRUE.
[DEBUG Orchestrator] End of Iteration. previous_num_instances_for_injector_logic updated to: 2
[DEGUG Orchestrator Loop Duration] Loop Duration = 1097.575163436
[Sniffer] Label set to: benign

--- Iteration 17 | Time: 80.0s / 180s ---
[Orchestrator]RTT = 508.34020827274304
[Orchestrator] Metrics: 2 active instance(s), Avg CPU: 69.29%, Avg App MEM: 27.19 MB
[Autoscaler]In cooldown: 15.000376370999902
[DEBUG Orchestrator] Iteration Start. Instances Before Injector Logic: 2, Prev Injector Logic Instances: 2, Attack Started Flag: True, Normal Traffic Started Flag: True
[DEBUG Orchestrator] URLs derived for injector (if active): ['http://localhost:8080', 'http://localhost:8082']
[Sniffer] Label set to: benign
[DEBUG Orchestrator] Should attack be active now? True (window: 20s-160s)
[DEBUG Orchestrator] End of Iteration. previous_num_instances_for_injector_logic updated to: 2
[DEGUG Orchestrator Loop Duration] Loop Duration = 1102.575163436
[Sniffer] Label set to: benign

--- Iteration 18 | Time: 85.0s / 180s ---
[Orchestrator]RTT = 340.84181789999093
[Orchestrator] Metrics: 2 active instance(s), Avg CPU: 30.75%, Avg App MEM: 25.22 MB
[Autoscaler]In cooldown: 10.00043729999993
[DEBUG Orchestrator] Iteration Start. Instances Before Injector Logic: 2, Prev Injector Logic Instances: 2, Attack Started Flag: True, Normal Traffic Started Flag: True
[DEBUG Orchestrator] URLs derived for injector (if active): ['http://localhost:8080', 'http://localhost:8082']
[Sniffer] Label set to: benign
[DEBUG Orchestrator] Should attack be active now? True (window: 20s-160s)
[DEBUG Orchestrator] End of Iteration. previous_num_instances_for_injector_logic updated to: 2
[DEGUG Orchestrator Loop Duration] Loop Duration = 1107.575163436
[Sniffer] Label set to: benign

--- Iteration 19 | Time: 90.0s / 180s ---
[Orchestrator]RTT = 114.57655407143973
[Orchestrator] Metrics: 2 active instance(s), Avg CPU: 41.33%, Avg App MEM: 24.44 MB
[Autoscaler]In cooldown: 5.001036595999949
[DEBUG Orchestrator] Iteration Start. Instances Before Injector Logic: 2, Prev Injector Logic Instances: 2, Attack Started Flag: True, Normal Traffic Started Flag: True
[DEBUG Orchestrator] URLs derived for injector (if active): ['http://localhost:8080', 'http://localhost:8082']
[Sniffer] Label set to: benign
[DEBUG Orchestrator] Should attack be active now? True (window: 20s-160s)
[DEBUG Orchestrator] End of Iteration. previous_num_instances_for_injector_logic updated to: 2
[DEGUG Orchestrator Loop Duration] Loop Duration = 1112.575163436
[Sniffer] Label set to: benign

--- Iteration 20 | Time: 95.0s / 180s ---
[Orchestrator]RTT = 167.68297347373033
[Orchestrator] Metrics: 2 active instance(s), Avg CPU: 45.72%, Avg App MEM: 24.57 MB
[Autoscaler] Decision: NO_ACTION. Avg CPU: 45.72% is within thresholds (25.0% - 60.0%).
[DEBUG Orchestrator] Iteration Start. Instances Before Injector Logic: 2, Prev Injector Logic Instances: 2, Attack Started Flag: True, Normal Traffic Started Flag: True
[DEBUG Orchestrator] URLs derived for injector (if active): ['http://localhost:8080', 'http://localhost:8082']
[Sniffer] Label set to: benign
[DEBUG Orchestrator] Should attack be active now? True (window: 20s-160s)
[DEBUG Orchestrator] End of Iteration. previous_num_instances_for_injector_logic updated to: 2
[DEGUG Orchestrator Loop Duration] Loop Duration = 1117.575163436
[Sniffer] Label set to: benign

--- Iteration 21 | Time: 100.0s / 180s ---
[Orchestrator]RTT = 136.31842749997045
[Orchestrator] Metrics: 2 active instance(s), Avg CPU: 24.08%, Avg App MEM: 23.49 MB
[Autoscaler] Decision: SCALE_DOWN. Avg CPU: 24.08% < 25.0%. Current instances: 2, Min: 1
[Orchestrator] Action: Scaling DOWN from 2 instance(s). Stopping target_instance_3.
Attempting to stop and remove container target_instance_3...
Container target_instance_3 stopped and removed.
[Orchestrator] Successfully stopped target_instance_3. Now 1 instance(s).
[Autoscaler] Scale action recorded. New instance count: 1. Cooldown timer reset.
[DEBUG Orchestrator] Iteration Start. Instances Before Injector Logic: 1, Prev Injector Logic Instances: 2, Attack Started Flag: True, Normal Traffic Started Flag: True
[DEBUG Orchestrator] URLs derived for injector (if active): ['http://localhost:8080']
[Sniffer] Label set to: benign
[DEBUG Orchestrator] Should attack be active now? True (window: 20s-160s)
[DEBUG Orchestrator] Condition: Needs to RESTART attack (num instances changed from 2 to 1 AND attack was active).
[Orchestrator] Attack active and restart needed. Stopping current traffic injector...
[Injector] Signaling HTTP flood workers to stop...
[Injector] Stop signal sent (non-blocking).
[DEBUG Orchestrator] Called stop_http_flood. Sleeping for 1s...
  [Injector Worker 137862854985408] Stopped. Total requests: 10, Errors: 0
  [Injector Worker 137861445666496] Stopped. Total requests: 10, Errors: 0
  [Injector Worker 137861454059200] Stopped. Total requests: 10, Errors: 0
[DEBUG Orchestrator] Resuming after sleep.
[Orchestrator] Starting/Restarting HTTP flood. Target URLs for this call: ['http://localhost:8080']
[Injector] Starting HTTP flood with 4 attackers, ~1.0 RPS total, across 1 targets: http://localhost:8080
  [Injector Worker 137861454059200] Started. Target: http://localhost:8080?work=475000&sleep=0.0, RPS: 0.25, Mean interval: 4.0000s (Poisson)
  [Injector Worker 137861445666496] Started. Target: http://localhost:8080?work=475000&sleep=0.0, RPS: 0.25, Mean interval: 4.0000s (Poisson)
  [Injector Worker 137862854985408] Started. Target: http://localhost:8080?work=475000&sleep=0.0, RPS: 0.25, Mean interval: 4.0000s (Poisson)
  [Injector Worker 137861437273792] Started. Target: http://localhost:8080?work=475000&sleep=0.0, RPS: 0.25, Mean interval: 4.0000s (Poisson)
[Injector] All 4 attacker threads launched.
[Sniffer] Label set to: attack
[DEBUG Orchestrator] attack_has_started flag set to TRUE.
[DEBUG Orchestrator] End of Iteration. previous_num_instances_for_injector_logic updated to: 1
[DEGUG Orchestrator Loop Duration] Loop Duration = 1122.575163436
[Orchestrator] Warning: Loop iteration took longer than MONITOR_INTERVAL_SECONDS (5s). Not sleeping.
[Sniffer] Label set to: benign

--- Iteration 22 | Time: 107.2s / 180s ---
[Orchestrator]RTT = 261.16541018750183
[Orchestrator] Metrics: 1 active instance(s), Avg CPU: 122.12%, Avg App MEM: 27.42 MB
[Autoscaler]In cooldown: 12.756241412000008
[DEBUG Orchestrator] Iteration Start. Instances Before Injector Logic: 1, Prev Injector Logic Instances: 1, Attack Started Flag: True, Normal Traffic Started Flag: True
[DEBUG Orchestrator] URLs derived for injector (if active): ['http://localhost:8080']
[Sniffer] Label set to: benign
[DEBUG Orchestrator] Should attack be active now? True (window: 20s-160s)
[DEBUG Orchestrator] End of Iteration. previous_num_instances_for_injector_logic updated to: 1
[DEGUG Orchestrator Loop Duration] Loop Duration = 1127.575163436
[Sniffer] Label set to: benign

--- Iteration 23 | Time: 110.0s / 180s ---
[Orchestrator]RTT = 204.85013149993847
[Orchestrator] Metrics: 1 active instance(s), Avg CPU: 60.49%, Avg App MEM: 27.35 MB
[Autoscaler]In cooldown: 10.001041198999928
[DEBUG Orchestrator] Iteration Start. Instances Before Injector Logic: 1, Prev Injector Logic Instances: 1, Attack Started Flag: True, Normal Traffic Started Flag: True
[DEBUG Orchestrator] URLs derived for injector (if active): ['http://localhost:8080']
[Sniffer] Label set to: benign
[DEBUG Orchestrator] Should attack be active now? True (window: 20s-160s)
[DEBUG Orchestrator] End of Iteration. previous_num_instances_for_injector_logic updated to: 1
[DEGUG Orchestrator Loop Duration] Loop Duration = 1132.575163436
[Sniffer] Label set to: benign

--- Iteration 24 | Time: 115.0s / 180s ---
[Orchestrator]RTT = 142.5845950833491
[Orchestrator] Metrics: 1 active instance(s), Avg CPU: 49.90%, Avg App MEM: 27.29 MB
[Autoscaler]In cooldown: 5.000798577000069
[DEBUG Orchestrator] Iteration Start. Instances Before Injector Logic: 1, Prev Injector Logic Instances: 1, Attack Started Flag: True, Normal Traffic Started Flag: True
[DEBUG Orchestrator] URLs derived for injector (if active): ['http://localhost:8080']
[Sniffer] Label set to: benign
[DEBUG Orchestrator] Should attack be active now? True (window: 20s-160s)
[DEBUG Orchestrator] End of Iteration. previous_num_instances_for_injector_logic updated to: 1
[DEGUG Orchestrator Loop Duration] Loop Duration = 1137.575163436
[Sniffer] Label set to: benign

--- Iteration 25 | Time: 120.0s / 180s ---
[Orchestrator]RTT = 127.80306892860997
[Orchestrator] Metrics: 1 active instance(s), Avg CPU: 56.77%, Avg App MEM: 27.70 MB
[Autoscaler] Decision: NO_ACTION. Avg CPU: 56.77% is within thresholds (25.0% - 60.0%).
[DEBUG Orchestrator] Iteration Start. Instances Before Injector Logic: 1, Prev Injector Logic Instances: 1, Attack Started Flag: True, Normal Traffic Started Flag: True
[DEBUG Orchestrator] URLs derived for injector (if active): ['http://localhost:8080']
[Sniffer] Label set to: benign
[DEBUG Orchestrator] Should attack be active now? True (window: 20s-160s)
[DEBUG Orchestrator] End of Iteration. previous_num_instances_for_injector_logic updated to: 1
[DEGUG Orchestrator Loop Duration] Loop Duration = 1142.575163436
[Sniffer] Label set to: benign

--- Iteration 26 | Time: 125.0s / 180s ---
[Orchestrator]RTT = 149.5077966363748
[Orchestrator] Metrics: 1 active instance(s), Avg CPU: 53.74%, Avg App MEM: 27.69 MB
[Autoscaler] Decision: NO_ACTION. Avg CPU: 53.74% is within thresholds (25.0% - 60.0%).
[DEBUG Orchestrator] Iteration Start. Instances Before Injector Logic: 1, Prev Injector Logic Instances: 1, Attack Started Flag: True, Normal Traffic Started Flag: True
[DEBUG Orchestrator] URLs derived for injector (if active): ['http://localhost:8080']
[Sniffer] Label set to: benign
[DEBUG Orchestrator] Should attack be active now? True (window: 20s-160s)
[DEBUG Orchestrator] End of Iteration. previous_num_instances_for_injector_logic updated to: 1
[DEGUG Orchestrator Loop Duration] Loop Duration = 1147.575163436
[Sniffer] Label set to: benign

--- Iteration 27 | Time: 130.0s / 180s ---
[Orchestrator]RTT = 121.62467637503482
[Orchestrator] Metrics: 1 active instance(s), Avg CPU: 41.98%, Avg App MEM: 27.49 MB
[Autoscaler] Decision: NO_ACTION. Avg CPU: 41.98% is within thresholds (25.0% - 60.0%).
[DEBUG Orchestrator] Iteration Start. Instances Before Injector Logic: 1, Prev Injector Logic Instances: 1, Attack Started Flag: True, Normal Traffic Started Flag: True
[DEBUG Orchestrator] URLs derived for injector (if active): ['http://localhost:8080']
[Sniffer] Label set to: benign
[DEBUG Orchestrator] Should attack be active now? True (window: 20s-160s)
[DEBUG Orchestrator] End of Iteration. previous_num_instances_for_injector_logic updated to: 1
[DEGUG Orchestrator Loop Duration] Loop Duration = 1152.575163436
[Sniffer] Label set to: benign

--- Iteration 28 | Time: 135.0s / 180s ---
[Orchestrator]RTT = 129.5910005000375
[Orchestrator] Metrics: 1 active instance(s), Avg CPU: 48.79%, Avg App MEM: 27.70 MB
[Autoscaler] Decision: NO_ACTION. Avg CPU: 48.79% is within thresholds (25.0% - 60.0%).
[DEBUG Orchestrator] Iteration Start. Instances Before Injector Logic: 1, Prev Injector Logic Instances: 1, Attack Started Flag: True, Normal Traffic Started Flag: True
[DEBUG Orchestrator] URLs derived for injector (if active): ['http://localhost:8080']
[Sniffer] Label set to: benign
[DEBUG Orchestrator] Should attack be active now? True (window: 20s-160s)
[DEBUG Orchestrator] End of Iteration. previous_num_instances_for_injector_logic updated to: 1
[DEGUG Orchestrator Loop Duration] Loop Duration = 1157.575163436
[Sniffer] Label set to: benign

--- Iteration 29 | Time: 140.0s / 180s ---
[Orchestrator]RTT = 121.18230311112812
[Orchestrator] Metrics: 1 active instance(s), Avg CPU: 40.93%, Avg App MEM: 27.58 MB
[Autoscaler] Decision: NO_ACTION. Avg CPU: 40.93% is within thresholds (25.0% - 60.0%).
[DEBUG Orchestrator] Iteration Start. Instances Before Injector Logic: 1, Prev Injector Logic Instances: 1, Attack Started Flag: True, Normal Traffic Started Flag: True
[DEBUG Orchestrator] URLs derived for injector (if active): ['http://localhost:8080']
[Sniffer] Label set to: benign
[DEBUG Orchestrator] Should attack be active now? True (window: 20s-160s)
[DEBUG Orchestrator] End of Iteration. previous_num_instances_for_injector_logic updated to: 1
[DEGUG Orchestrator Loop Duration] Loop Duration = 1162.575163436
[Sniffer] Label set to: benign

--- Iteration 30 | Time: 145.0s / 180s ---
[Orchestrator]RTT = 184.2079177058488
[Orchestrator] Metrics: 1 active instance(s), Avg CPU: 120.90%, Avg App MEM: 27.46 MB
[Autoscaler] Decision: SCALE_UP. Avg CPU: 120.90% > 60.0%. Current instances: 1, Max: 4
[Orchestrator] Action: Scaling UP from 1 instance(s). Attempting to start instance 4.
Attempting to start container target_instance_4 mapping container:80 to host:8083...
Container 2a9fef31f5 (target_instance_4) started. Accessible on host port 8083.
[Orchestrator] Successfully started target_instance_4. Now 2 instance(s).
[Autoscaler] Scale action recorded. New instance count: 2. Cooldown timer reset.
[DEBUG Orchestrator] Iteration Start. Instances Before Injector Logic: 2, Prev Injector Logic Instances: 1, Attack Started Flag: True, Normal Traffic Started Flag: True
[DEBUG Orchestrator] URLs derived for injector (if active): ['http://localhost:8080', 'http://localhost:8083']
[Sniffer] Label set to: benign
[DEBUG Orchestrator] Should attack be active now? True (window: 20s-160s)
[DEBUG Orchestrator] Condition: Needs to RESTART attack (num instances changed from 1 to 2 AND attack was active).
[Orchestrator] Attack active and restart needed. Stopping current traffic injector...
[Injector] Signaling HTTP flood workers to stop...
[Injector] Stop signal sent (non-blocking).
[DEBUG Orchestrator] Called stop_http_flood. Sleeping for 1s...
  [Injector Worker 137861470844608] Stopped. Total requests: 30, Errors: 0
[DEBUG Orchestrator] Resuming after sleep.
[Orchestrator] Starting/Restarting HTTP flood. Target URLs for this call: ['http://localhost:8080', 'http://localhost:8083']
[Injector] Starting HTTP flood with 4 attackers, ~1.0 RPS total, across 2 targets: http://localhost:8080, http://localhost:8083
  [Injector Worker 137861470844608] Started. Target: http://localhost:8080?work=475000&sleep=0.0, RPS: 0.25, Mean interval: 4.0000s (Poisson)
  [Injector Worker 137861428881088] Started. Target: http://localhost:8083?work=475000&sleep=0.0, RPS: 0.25, Mean interval: 4.0000s (Poisson)
  [Injector Worker 137861420488384] Started. Target: http://localhost:8080?work=475000&sleep=0.0, RPS: 0.25, Mean interval: 4.0000s (Poisson)
  [Injector Worker 137861412095680] Started. Target: http://localhost:8083?work=475000&sleep=0.0, RPS: 0.25, Mean interval: 4.0000s (Poisson)
[Injector] All 4 attacker threads launched.
[Sniffer] Label set to: attack
[DEBUG Orchestrator] attack_has_started flag set to TRUE.
[DEBUG Orchestrator] End of Iteration. previous_num_instances_for_injector_logic updated to: 2
[DEGUG Orchestrator Loop Duration] Loop Duration = 1167.575163436
[Sniffer] Label set to: benign

--- Iteration 31 | Time: 150.0s / 180s ---
[Orchestrator]RTT = 168.39029640000263
[Orchestrator] Metrics: 2 active instance(s), Avg CPU: 24.46%, Avg App MEM: 25.22 MB
[Autoscaler]In cooldown: 14.999457307000057
[DEBUG Orchestrator] Iteration Start. Instances Before Injector Logic: 2, Prev Injector Logic Instances: 2, Attack Started Flag: True, Normal Traffic Started Flag: True
[DEBUG Orchestrator] URLs derived for injector (if active): ['http://localhost:8080', 'http://localhost:8083']
[Sniffer] Label set to: benign
[DEBUG Orchestrator] Should attack be active now? True (window: 20s-160s)
[DEBUG Orchestrator] End of Iteration. previous_num_instances_for_injector_logic updated to: 2
[DEGUG Orchestrator Loop Duration] Loop Duration = 1172.575163436
[Sniffer] Label set to: benign

--- Iteration 32 | Time: 155.0s / 180s ---
[Orchestrator]RTT = 187.11517982354266
[Orchestrator] Metrics: 2 active instance(s), Avg CPU: 14.64%, Avg App MEM: 24.47 MB
[Autoscaler]In cooldown: 9.998129996999978
[DEBUG Orchestrator] Iteration Start. Instances Before Injector Logic: 2, Prev Injector Logic Instances: 2, Attack Started Flag: True, Normal Traffic Started Flag: True
[DEBUG Orchestrator] URLs derived for injector (if active): ['http://localhost:8080', 'http://localhost:8083']
[Sniffer] Label set to: benign
[DEBUG Orchestrator] Should attack be active now? True (window: 20s-160s)
[DEBUG Orchestrator] End of Iteration. previous_num_instances_for_injector_logic updated to: 2
[DEGUG Orchestrator Loop Duration] Loop Duration = 1177.575163436
[Sniffer] Label set to: benign

--- Iteration 33 | Time: 160.0s / 180s ---
[Orchestrator]RTT = 157.99416242854087
[Orchestrator] Metrics: 2 active instance(s), Avg CPU: 40.75%, Avg App MEM: 24.35 MB
[Autoscaler]In cooldown: 4.995890229999986
[DEBUG Orchestrator] Iteration Start. Instances Before Injector Logic: 2, Prev Injector Logic Instances: 2, Attack Started Flag: True, Normal Traffic Started Flag: True
[DEBUG Orchestrator] URLs derived for injector (if active): ['http://localhost:8080', 'http://localhost:8083']
[Sniffer] Label set to: benign
[DEBUG Orchestrator] Should attack be active now? False (window: 20s-160s)
[Orchestrator] Attack duration ended or outside schedule. Stopping HTTP flood.
[Injector] Signaling HTTP flood workers to stop...
[Injector] Stop signal sent (non-blocking).
[DEBUG Orchestrator] attack_has_started flag set to FALSE (attack period ended).
[DEBUG Orchestrator] End of Iteration. previous_num_instances_for_injector_logic updated to: 2
[DEGUG Orchestrator Loop Duration] Loop Duration = 1182.575163436
  [Injector Worker 137861479237312] Stopped. Total requests: 17, Errors: 0
  [Injector Worker 137861445666496] Stopped. Total requests: 11, Errors: 0
  [Injector Worker 137861437273792] Stopped. Total requests: 17, Errors: 0
  [Injector Worker 137862854985408] Stopped. Total requests: 8, Errors: 0
  [Injector Worker 137861420488384] Stopped. Total requests: 2, Errors: 0
  [Injector Worker 137862871770816] Stopped. Total requests: 35, Errors: 0
  [Injector Worker 137861470844608] Stopped. Total requests: 5, Errors: 0
  [Injector Worker 137861412095680] Stopped. Total requests: 5, Errors: 0
  [Injector Worker 137861454059200] Stopped. Total requests: 16, Errors: 0
[Sniffer] Label set to: benign

--- Iteration 34 | Time: 165.0s / 180s ---
[Orchestrator]RTT = 29.51952650749787
[Orchestrator] Metrics: 2 active instance(s), Avg CPU: 23.55%, Avg App MEM: 25.17 MB
[Autoscaler] Decision: SCALE_DOWN. Avg CPU: 23.55% < 25.0%. Current instances: 2, Min: 1
[Orchestrator] Action: Scaling DOWN from 2 instance(s). Stopping target_instance_4.
Attempting to stop and remove container target_instance_4...
  [Injector Worker 137862838200000] Stopped. Total requests: 13, Errors: 19
  [Injector Worker 137861428881088] Stopped. Total requests: 4, Errors: 0
  [Injector Worker 137861512808128] Stopped. Total requests: 6, Errors: 27
  [Injector Worker 137861504415424] Stopped. Total requests: 38, Errors: 0
  [Injector Worker 137861496022720] Stopped. Total requests: 5, Errors: 29
  [Injector Worker 137862829807296] Stopped. Total requests: 27, Errors: 0
Container target_instance_4 stopped and removed.
[Orchestrator] Successfully stopped target_instance_4. Now 1 instance(s).
[Autoscaler] Scale action recorded. New instance count: 1. Cooldown timer reset.
[DEBUG Orchestrator] Iteration Start. Instances Before Injector Logic: 1, Prev Injector Logic Instances: 2, Attack Started Flag: False, Normal Traffic Started Flag: True
[DEBUG Orchestrator] URLs derived for injector (if active): ['http://localhost:8080']
[Sniffer] Label set to: benign
[DEBUG Orchestrator] Should attack be active now? False (window: 20s-160s)
[DEBUG Orchestrator] End of Iteration. previous_num_instances_for_injector_logic updated to: 1
[DEGUG Orchestrator Loop Duration] Loop Duration = 1187.575163436
[Orchestrator] Warning: Loop iteration took longer than MONITOR_INTERVAL_SECONDS (5s). Not sleeping.
[Sniffer] Label set to: benign

--- Iteration 35 | Time: 170.7s / 180s ---
[Orchestrator]RTT = 27.413343229826943
[Orchestrator] Metrics: 1 active instance(s), Avg CPU: 27.93%, Avg App MEM: 27.10 MB
[Autoscaler]In cooldown: 14.330628950000118
[DEBUG Orchestrator] Iteration Start. Instances Before Injector Logic: 1, Prev Injector Logic Instances: 1, Attack Started Flag: False, Normal Traffic Started Flag: True
[DEBUG Orchestrator] URLs derived for injector (if active): ['http://localhost:8080']
[Sniffer] Label set to: benign
[DEBUG Orchestrator] Should attack be active now? False (window: 20s-160s)
[DEBUG Orchestrator] End of Iteration. previous_num_instances_for_injector_logic updated to: 1
[DEGUG Orchestrator Loop Duration] Loop Duration = 1192.575163436
[Sniffer] Label set to: benign

--- Iteration 36 | Time: 175.0s / 180s ---
[Orchestrator]RTT = 26.936921484016715
[Orchestrator] Metrics: 1 active instance(s), Avg CPU: 27.83%, Avg App MEM: 27.03 MB
[Autoscaler]In cooldown: 9.999208097000064
[DEBUG Orchestrator] Iteration Start. Instances Before Injector Logic: 1, Prev Injector Logic Instances: 1, Attack Started Flag: False, Normal Traffic Started Flag: True
[DEBUG Orchestrator] URLs derived for injector (if active): ['http://localhost:8080']
[Sniffer] Label set to: benign
[DEBUG Orchestrator] Should attack be active now? False (window: 20s-160s)
[DEBUG Orchestrator] End of Iteration. previous_num_instances_for_injector_logic updated to: 1
[DEGUG Orchestrator Loop Duration] Loop Duration = 1197.575163436

[Orchestrator] Simulation duration reached.
[Orchestrator] Saving RTT log...
[Sniffer] Realtime tcpdump stopped.
[Orchestrator] Stopping normal traffic...
[Normal_Injector] Signaling workers to stop...
  [Normal_Injector Worker 137866465339072] Stopped. Total requests: 4426, Errors: 0
  [Normal_Injector Worker 137866101388992] Stopped. Total requests: 4337, Errors: 0
  [Normal_Injector Worker 137866092996288] Stopped. Total requests: 4293, Errors: 0
  [Normal_Injector Worker 137866448553664] Stopped. Total requests: 4539, Errors: 0
[Normal_Injector] Stop signal sent (non-blocking).
[Orchestrator] Cleaning up all simulation instances...
Cleaning up all simulation instances...
Stopping and removing container: target_instance_1 (5f22ef9112)...
  Container target_instance_1 removed.
Simulation instance cleanup complete.
[Stats_Collector] Stopping stats collector thread...
[Orchestrator] Simulation Complete. Total Fictional Cost: $0.0014
[Orchestrator] Metrics logged in: simulation_metrics.csv

===== [stage1b] S2 (100 req/s normal) + 1% ataque (~1.000 req/s) @ WU=475000 rep=3 =====
Attacker RPS set to: 0.25
Number of attackers set to: 4
Simulation duration set to: 180
Attack work units set to: 475000
Normal traffic RPS per client set to: 25.0
Normal traffic work units set to: 10
[Orchestrator] Initializing simulation environment...
[Sniffer] Realtime tcpdump started on any
[Sniffer] Label set to: benign
[Autoscaler] Initialized.
Attempting to build Docker image: edos_target_app:latest...
Image edos_target_app:latest already exists. Skipping build.
Docker network 'edos_network' already exists.
[Orchestrator] Cleaning up any pre-existing simulation instances...
Cleaning up all simulation instances...
No simulation instances found to clean up.
[Orchestrator] Starting initial 1 instance(s)...
Attempting to start container target_instance_1 mapping container:80 to host:8080...
Container 2846e02fb2 (target_instance_1) started. Accessible on host port 8080.
[Autoscaler] Initial number of instances set to: 1
[Orchestrator] 1 initial instance(s) running.
[Orchestrator] Metrics will be logged to: simulation_metrics.csv
[Orchestrator] Attack summary will be logged to: attack_summary_log.csv
[Orchestrator] Normal traffic summary will be logged to: normal_traffic_summary_log.csv
[Orchestrator] Starting simulation main loop for 180 seconds.
[Orchestrator] Monitoring interval: 5s. Cooldown: 20s.
[Orchestrator] CPU Thresholds: Scale Up > 60.0%, Scale Down < 25.0%
[Orchestrator] Traffic injection scheduled: Start at 20s, Duration 140s.
[Sniffer] Label set to: benign

--- Iteration 1 | Time: 0.0s / 180s ---
[Orchestrator]RTT = 0.0
[Orchestrator] Metrics: 1 active instance(s), Avg CPU: 0.00%, Avg App MEM: 0.00 MB
[Autoscaler] Condition for SCALE_DOWN met (Avg CPU: 0.00%), but already at MIN_INSTANCES (1). No action.
[DEBUG Orchestrator] Iteration Start. Instances Before Injector Logic: 1, Prev Injector Logic Instances: 1, Attack Started Flag: False, Normal Traffic Started Flag: False
[DEBUG Orchestrator] URLs derived for injector (if active): ['http://localhost:8080']
[Sniffer] Label set to: benign
[DEBUG Orchestrator] Should attack be active now? False (window: 20s-160s)
[Orchestrator] Starting/Restarting Normal Traffic. Target URLs for this call: ['http://localhost:8080']
[Normal_Injector] Starting HTTP flood with 4 attackers, ~100.0 RPS total, across 1 targets: http://localhost:8080
  [Normal_Injector Worker 127301211645632] Started. Target: http://localhost:8080?work=10&sleep=0.0, RPS: 25.00, Mean interval: 0.0400s (Poisson)
  [Normal_Injector Worker 127301194860224] Started. Target: http://localhost:8080?work=10&sleep=0.0, RPS: 25.00, Mean interval: 0.0400s (Poisson)
  [Normal_Injector Worker 127301186467520] Started. Target: http://localhost:8080?work=10&sleep=0.0, RPS: 25.00, Mean interval: 0.0400s (Poisson)
  [Normal_Injector Worker 127301169682112] Started. Target: http://localhost:8080?work=10&sleep=0.0, RPS: 25.00, Mean interval: 0.0400s (Poisson)
[Normal_Injector] All 4 attacker threads launched.
[DEBUG Orchestrator] End of Iteration. previous_num_instances_for_injector_logic updated to: 1
[DEGUG Orchestrator Loop Duration] Loop Duration = 1206.927286394
[Sniffer] Label set to: benign

--- Iteration 2 | Time: 5.0s / 180s ---
[Orchestrator]RTT = 26.164323525499782
[Orchestrator] Metrics: 1 active instance(s), Avg CPU: 19.95%, Avg App MEM: 22.55 MB
[Autoscaler] Condition for SCALE_DOWN met (Avg CPU: 19.95%), but already at MIN_INSTANCES (1). No action.
[DEBUG Orchestrator] Iteration Start. Instances Before Injector Logic: 1, Prev Injector Logic Instances: 1, Attack Started Flag: False, Normal Traffic Started Flag: True
[DEBUG Orchestrator] URLs derived for injector (if active): ['http://localhost:8080']
[Sniffer] Label set to: benign
[DEBUG Orchestrator] Should attack be active now? False (window: 20s-160s)
[DEBUG Orchestrator] End of Iteration. previous_num_instances_for_injector_logic updated to: 1
[DEGUG Orchestrator Loop Duration] Loop Duration = 1211.927286394
[Sniffer] Label set to: benign

--- Iteration 3 | Time: 10.0s / 180s ---
[Orchestrator]RTT = 25.73854390554135
[Orchestrator] Metrics: 1 active instance(s), Avg CPU: 16.44%, Avg App MEM: 22.88 MB
[Autoscaler] Condition for SCALE_DOWN met (Avg CPU: 16.44%), but already at MIN_INSTANCES (1). No action.
[DEBUG Orchestrator] Iteration Start. Instances Before Injector Logic: 1, Prev Injector Logic Instances: 1, Attack Started Flag: False, Normal Traffic Started Flag: True
[DEBUG Orchestrator] URLs derived for injector (if active): ['http://localhost:8080']
[Sniffer] Label set to: benign
[DEBUG Orchestrator] Should attack be active now? False (window: 20s-160s)
[DEBUG Orchestrator] End of Iteration. previous_num_instances_for_injector_logic updated to: 1
[DEGUG Orchestrator Loop Duration] Loop Duration = 1216.927286394
[Sniffer] Label set to: benign

--- Iteration 4 | Time: 15.0s / 180s ---
[Orchestrator]RTT = 27.598232303741607
[Orchestrator] Metrics: 1 active instance(s), Avg CPU: 22.54%, Avg App MEM: 22.95 MB
[Autoscaler] Condition for SCALE_DOWN met (Avg CPU: 22.54%), but already at MIN_INSTANCES (1). No action.
[DEBUG Orchestrator] Iteration Start. Instances Before Injector Logic: 1, Prev Injector Logic Instances: 1, Attack Started Flag: False, Normal Traffic Started Flag: True
[DEBUG Orchestrator] URLs derived for injector (if active): ['http://localhost:8080']
[Sniffer] Label set to: benign
[DEBUG Orchestrator] Should attack be active now? False (window: 20s-160s)
[DEBUG Orchestrator] End of Iteration. previous_num_instances_for_injector_logic updated to: 1
[DEGUG Orchestrator Loop Duration] Loop Duration = 1221.927286394
[Sniffer] Label set to: benign

--- Iteration 5 | Time: 20.0s / 180s ---
[Orchestrator]RTT = 27.825570286848638
[Orchestrator] Metrics: 1 active instance(s), Avg CPU: 20.89%, Avg App MEM: 23.06 MB
[Autoscaler] Condition for SCALE_DOWN met (Avg CPU: 20.89%), but already at MIN_INSTANCES (1). No action.
[DEBUG Orchestrator] Iteration Start. Instances Before Injector Logic: 1, Prev Injector Logic Instances: 1, Attack Started Flag: False, Normal Traffic Started Flag: True
[DEBUG Orchestrator] URLs derived for injector (if active): ['http://localhost:8080']
[Sniffer] Label set to: benign
[DEBUG Orchestrator] Should attack be active now? True (window: 20s-160s)
[DEBUG Orchestrator] Condition: Needs to START attack (was not started and in attack window).
[Orchestrator] Starting/Restarting HTTP flood. Target URLs for this call: ['http://localhost:8080']
[Injector] Starting HTTP flood with 4 attackers, ~1.0 RPS total, across 1 targets: http://localhost:8080
  [Injector Worker 127299022198464] Started. Target: http://localhost:8080?work=475000&sleep=0.0, RPS: 0.25, Mean interval: 4.0000s (Poisson)
  [Injector Worker 127298527291072] Started. Target: http://localhost:8080?work=475000&sleep=0.0, RPS: 0.25, Mean interval: 4.0000s (Poisson)
  [Injector Worker 127298510505664] Started. Target: http://localhost:8080?work=475000&sleep=0.0, RPS: 0.25, Mean interval: 4.0000s (Poisson)
  [Injector Worker 127298493720256] Started. Target: http://localhost:8080?work=475000&sleep=0.0, RPS: 0.25, Mean interval: 4.0000s (Poisson)
[Injector] All 4 attacker threads launched.
[Sniffer] Label set to: attack
[DEBUG Orchestrator] attack_has_started flag set to TRUE.
[DEBUG Orchestrator] End of Iteration. previous_num_instances_for_injector_logic updated to: 1
[DEGUG Orchestrator Loop Duration] Loop Duration = 1226.927286394
[Sniffer] Label set to: benign

--- Iteration 6 | Time: 25.0s / 180s ---
[Orchestrator]RTT = 160.36446935294515
[Orchestrator] Metrics: 1 active instance(s), Avg CPU: 65.88%, Avg App MEM: 24.91 MB
[Autoscaler] Decision: SCALE_UP. Avg CPU: 65.88% > 60.0%. Current instances: 1, Max: 4
[Orchestrator] Action: Scaling UP from 1 instance(s). Attempting to start instance 2.
Attempting to start container target_instance_2 mapping container:80 to host:8081...
Container 760a2b42a9 (target_instance_2) started. Accessible on host port 8081.
[Orchestrator] Successfully started target_instance_2. Now 2 instance(s).
[Autoscaler] Scale action recorded. New instance count: 2. Cooldown timer reset.
[DEBUG Orchestrator] Iteration Start. Instances Before Injector Logic: 2, Prev Injector Logic Instances: 1, Attack Started Flag: True, Normal Traffic Started Flag: True
[DEBUG Orchestrator] URLs derived for injector (if active): ['http://localhost:8080', 'http://localhost:8081']
[Sniffer] Label set to: benign
[DEBUG Orchestrator] Should attack be active now? True (window: 20s-160s)
[DEBUG Orchestrator] Condition: Needs to RESTART attack (num instances changed from 1 to 2 AND attack was active).
[Orchestrator] Attack active and restart needed. Stopping current traffic injector...
[Injector] Signaling HTTP flood workers to stop...
[Injector] Stop signal sent (non-blocking).
[DEBUG Orchestrator] Called stop_http_flood. Sleeping for 1s...
[DEBUG Orchestrator] Resuming after sleep.
[Orchestrator] Starting/Restarting HTTP flood. Target URLs for this call: ['http://localhost:8080', 'http://localhost:8081']
[Injector] Starting HTTP flood with 4 attackers, ~1.0 RPS total, across 2 targets: http://localhost:8080, http://localhost:8081
  [Injector Worker 127296329451200] Started. Target: http://localhost:8080?work=475000&sleep=0.0, RPS: 0.25, Mean interval: 4.0000s (Poisson)
  [Injector Worker 127296321058496] Started. Target: http://localhost:8081?work=475000&sleep=0.0, RPS: 0.25, Mean interval: 4.0000s (Poisson)
  [Injector Worker 127296312665792] Started. Target: http://localhost:8080?work=475000&sleep=0.0, RPS: 0.25, Mean interval: 4.0000s (Poisson)
  [Injector Worker 127296304273088] Started. Target: http://localhost:8081?work=475000&sleep=0.0, RPS: 0.25, Mean interval: 4.0000s (Poisson)
[Injector] All 4 attacker threads launched.
[Sniffer] Label set to: attack
[DEBUG Orchestrator] attack_has_started flag set to TRUE.
[DEBUG Orchestrator] End of Iteration. previous_num_instances_for_injector_logic updated to: 2
[DEGUG Orchestrator Loop Duration] Loop Duration = 1231.927286394
[Sniffer] Label set to: benign

--- Iteration 7 | Time: 30.0s / 180s ---
[Orchestrator]RTT = 610.9293820999937
[Orchestrator] Metrics: 2 active instance(s), Avg CPU: 102.76%, Avg App MEM: 25.64 MB
[Autoscaler]In cooldown: 14.999965866000139
[DEBUG Orchestrator] Iteration Start. Instances Before Injector Logic: 2, Prev Injector Logic Instances: 2, Attack Started Flag: True, Normal Traffic Started Flag: True
[DEBUG Orchestrator] URLs derived for injector (if active): ['http://localhost:8080', 'http://localhost:8081']
[Sniffer] Label set to: benign
[DEBUG Orchestrator] Should attack be active now? True (window: 20s-160s)
[DEBUG Orchestrator] End of Iteration. previous_num_instances_for_injector_logic updated to: 2
[DEGUG Orchestrator Loop Duration] Loop Duration = 1236.927286394
[Sniffer] Label set to: benign

--- Iteration 8 | Time: 35.0s / 180s ---
[Orchestrator]RTT = 195.9027489999905
[Orchestrator] Metrics: 2 active instance(s), Avg CPU: 42.61%, Avg App MEM: 24.47 MB
[Autoscaler]In cooldown: 10.000717414000064
[DEBUG Orchestrator] Iteration Start. Instances Before Injector Logic: 2, Prev Injector Logic Instances: 2, Attack Started Flag: True, Normal Traffic Started Flag: True
[DEBUG Orchestrator] URLs derived for injector (if active): ['http://localhost:8080', 'http://localhost:8081']
[Sniffer] Label set to: benign
[DEBUG Orchestrator] Should attack be active now? True (window: 20s-160s)
[DEBUG Orchestrator] End of Iteration. previous_num_instances_for_injector_logic updated to: 2
[DEGUG Orchestrator Loop Duration] Loop Duration = 1241.927286394
[Sniffer] Label set to: benign

--- Iteration 9 | Time: 40.0s / 180s ---
[Orchestrator]RTT = 155.63699872729393
[Orchestrator] Metrics: 2 active instance(s), Avg CPU: 15.23%, Avg App MEM: 24.37 MB
[Autoscaler]In cooldown: 5.000650167000003
[DEBUG Orchestrator] Iteration Start. Instances Before Injector Logic: 2, Prev Injector Logic Instances: 2, Attack Started Flag: True, Normal Traffic Started Flag: True
[DEBUG Orchestrator] URLs derived for injector (if active): ['http://localhost:8080', 'http://localhost:8081']
[Sniffer] Label set to: benign
[DEBUG Orchestrator] Should attack be active now? True (window: 20s-160s)
[DEBUG Orchestrator] End of Iteration. previous_num_instances_for_injector_logic updated to: 2
[DEGUG Orchestrator Loop Duration] Loop Duration = 1246.927286394
[Sniffer] Label set to: benign

--- Iteration 10 | Time: 45.0s / 180s ---
[Orchestrator]RTT = 153.5857917500607
[Orchestrator] Metrics: 2 active instance(s), Avg CPU: 30.23%, Avg App MEM: 24.26 MB
[Autoscaler] Decision: NO_ACTION. Avg CPU: 30.23% is within thresholds (25.0% - 60.0%).
[DEBUG Orchestrator] Iteration Start. Instances Before Injector Logic: 2, Prev Injector Logic Instances: 2, Attack Started Flag: True, Normal Traffic Started Flag: True
[DEBUG Orchestrator] URLs derived for injector (if active): ['http://localhost:8080', 'http://localhost:8081']
[Sniffer] Label set to: benign
[DEBUG Orchestrator] Should attack be active now? True (window: 20s-160s)
[DEBUG Orchestrator] End of Iteration. previous_num_instances_for_injector_logic updated to: 2
[DEGUG Orchestrator Loop Duration] Loop Duration = 1251.927286394
[Sniffer] Label set to: benign

--- Iteration 11 | Time: 50.0s / 180s ---
[Orchestrator]RTT = 142.43408822221681
[Orchestrator] Metrics: 2 active instance(s), Avg CPU: 26.41%, Avg App MEM: 23.58 MB
[Autoscaler] Decision: NO_ACTION. Avg CPU: 26.41% is within thresholds (25.0% - 60.0%).
[DEBUG Orchestrator] Iteration Start. Instances Before Injector Logic: 2, Prev Injector Logic Instances: 2, Attack Started Flag: True, Normal Traffic Started Flag: True
[DEBUG Orchestrator] URLs derived for injector (if active): ['http://localhost:8080', 'http://localhost:8081']
[Sniffer] Label set to: benign
[DEBUG Orchestrator] Should attack be active now? True (window: 20s-160s)
[DEBUG Orchestrator] End of Iteration. previous_num_instances_for_injector_logic updated to: 2
[DEGUG Orchestrator Loop Duration] Loop Duration = 1256.927286394
[Sniffer] Label set to: benign

--- Iteration 12 | Time: 55.0s / 180s ---
[Orchestrator]RTT = 123.77479944446652
[Orchestrator] Metrics: 2 active instance(s), Avg CPU: 39.48%, Avg App MEM: 24.41 MB
[Autoscaler] Decision: NO_ACTION. Avg CPU: 39.48% is within thresholds (25.0% - 60.0%).
[DEBUG Orchestrator] Iteration Start. Instances Before Injector Logic: 2, Prev Injector Logic Instances: 2, Attack Started Flag: True, Normal Traffic Started Flag: True
[DEBUG Orchestrator] URLs derived for injector (if active): ['http://localhost:8080', 'http://localhost:8081']
[Sniffer] Label set to: benign
[DEBUG Orchestrator] Should attack be active now? True (window: 20s-160s)
[DEBUG Orchestrator] End of Iteration. previous_num_instances_for_injector_logic updated to: 2
[DEGUG Orchestrator Loop Duration] Loop Duration = 1261.927286394
[Sniffer] Label set to: benign

--- Iteration 13 | Time: 60.0s / 180s ---
[Orchestrator]RTT = 272.13377625001556
[Orchestrator] Metrics: 2 active instance(s), Avg CPU: 78.36%, Avg App MEM: 25.25 MB
[Autoscaler] Decision: SCALE_UP. Avg CPU: 78.36% > 60.0%. Current instances: 2, Max: 4
[Orchestrator] Action: Scaling UP from 2 instance(s). Attempting to start instance 3.
Attempting to start container target_instance_3 mapping container:80 to host:8082...
Container bcb01a2b52 (target_instance_3) started. Accessible on host port 8082.
[Orchestrator] Successfully started target_instance_3. Now 3 instance(s).
[Autoscaler] Scale action recorded. New instance count: 3. Cooldown timer reset.
[DEBUG Orchestrator] Iteration Start. Instances Before Injector Logic: 3, Prev Injector Logic Instances: 2, Attack Started Flag: True, Normal Traffic Started Flag: True
[DEBUG Orchestrator] URLs derived for injector (if active): ['http://localhost:8080', 'http://localhost:8081', 'http://localhost:8082']
[Sniffer] Label set to: benign
[DEBUG Orchestrator] Should attack be active now? True (window: 20s-160s)
[DEBUG Orchestrator] Condition: Needs to RESTART attack (num instances changed from 2 to 3 AND attack was active).
[Orchestrator] Attack active and restart needed. Stopping current traffic injector...
[Injector] Signaling HTTP flood workers to stop...
[Injector] Stop signal sent (non-blocking).
[DEBUG Orchestrator] Called stop_http_flood. Sleeping for 1s...
  [Injector Worker 127298527291072] Stopped. Total requests: 15, Errors: 0
[DEBUG Orchestrator] Resuming after sleep.
[Orchestrator] Starting/Restarting HTTP flood. Target URLs for this call: ['http://localhost:8080', 'http://localhost:8081', 'http://localhost:8082']
[Injector] Starting HTTP flood with 4 attackers, ~1.0 RPS total, across 3 targets: http://localhost:8080, http://localhost:8081, http://localhost:8082
  [Injector Worker 127298527291072] Started. Target: http://localhost:8080?work=475000&sleep=0.0, RPS: 0.25, Mean interval: 4.0000s (Poisson)
  [Injector Worker 127296279094976] Started. Target: http://localhost:8081?work=475000&sleep=0.0, RPS: 0.25, Mean interval: 4.0000s (Poisson)
  [Injector Worker 127296270702272] Started. Target: http://localhost:8082?work=475000&sleep=0.0, RPS: 0.25, Mean interval: 4.0000s (Poisson)
  [Injector Worker 127296262309568] Started. Target: http://localhost:8080?work=475000&sleep=0.0, RPS: 0.25, Mean interval: 4.0000s (Poisson)
[Injector] All 4 attacker threads launched.
[Sniffer] Label set to: attack
[DEBUG Orchestrator] attack_has_started flag set to TRUE.
[DEBUG Orchestrator] End of Iteration. previous_num_instances_for_injector_logic updated to: 3
[DEGUG Orchestrator Loop Duration] Loop Duration = 1266.927286394
[Sniffer] Label set to: benign

--- Iteration 14 | Time: 65.0s / 180s ---
[Orchestrator]RTT = 296.8229540909058
[Orchestrator] Metrics: 3 active instance(s), Avg CPU: 43.37%, Avg App MEM: 24.38 MB
[Autoscaler]In cooldown: 14.999607818999948
[DEBUG Orchestrator] Iteration Start. Instances Before Injector Logic: 3, Prev Injector Logic Instances: 3, Attack Started Flag: True, Normal Traffic Started Flag: True
[DEBUG Orchestrator] URLs derived for injector (if active): ['http://localhost:8080', 'http://localhost:8081', 'http://localhost:8082']
[Sniffer] Label set to: benign
[DEBUG Orchestrator] Should attack be active now? True (window: 20s-160s)
[DEBUG Orchestrator] End of Iteration. previous_num_instances_for_injector_logic updated to: 3
[DEGUG Orchestrator Loop Duration] Loop Duration = 1271.927286394
[Sniffer] Label set to: benign

--- Iteration 15 | Time: 70.0s / 180s ---
[Orchestrator]RTT = 147.38871892308663
[Orchestrator] Metrics: 3 active instance(s), Avg CPU: 29.46%, Avg App MEM: 23.15 MB
[Autoscaler]In cooldown: 9.999592747999941
[DEBUG Orchestrator] Iteration Start. Instances Before Injector Logic: 3, Prev Injector Logic Instances: 3, Attack Started Flag: True, Normal Traffic Started Flag: True
[DEBUG Orchestrator] URLs derived for injector (if active): ['http://localhost:8080', 'http://localhost:8081', 'http://localhost:8082']
[Sniffer] Label set to: benign
[DEBUG Orchestrator] Should attack be active now? True (window: 20s-160s)
[DEBUG Orchestrator] End of Iteration. previous_num_instances_for_injector_logic updated to: 3
[DEGUG Orchestrator Loop Duration] Loop Duration = 1276.927286394
[Sniffer] Label set to: benign

--- Iteration 16 | Time: 75.0s / 180s ---
[Orchestrator]RTT = 175.28969628569615
[Orchestrator] Metrics: 3 active instance(s), Avg CPU: 24.67%, Avg App MEM: 23.27 MB
[Autoscaler]In cooldown: 4.999910941999815
[DEBUG Orchestrator] Iteration Start. Instances Before Injector Logic: 3, Prev Injector Logic Instances: 3, Attack Started Flag: True, Normal Traffic Started Flag: True
[DEBUG Orchestrator] URLs derived for injector (if active): ['http://localhost:8080', 'http://localhost:8081', 'http://localhost:8082']
[Sniffer] Label set to: benign
[DEBUG Orchestrator] Should attack be active now? True (window: 20s-160s)
[DEBUG Orchestrator] End of Iteration. previous_num_instances_for_injector_logic updated to: 3
[DEGUG Orchestrator Loop Duration] Loop Duration = 1281.927286394
[Sniffer] Label set to: benign

--- Iteration 17 | Time: 80.0s / 180s ---
[Orchestrator]RTT = 143.0472779333286
[Orchestrator] Metrics: 3 active instance(s), Avg CPU: 25.04%, Avg App MEM: 23.44 MB
[Autoscaler] Decision: NO_ACTION. Avg CPU: 25.04% is within thresholds (25.0% - 60.0%).
[DEBUG Orchestrator] Iteration Start. Instances Before Injector Logic: 3, Prev Injector Logic Instances: 3, Attack Started Flag: True, Normal Traffic Started Flag: True
[DEBUG Orchestrator] URLs derived for injector (if active): ['http://localhost:8080', 'http://localhost:8081', 'http://localhost:8082']
[Sniffer] Label set to: benign
[DEBUG Orchestrator] Should attack be active now? True (window: 20s-160s)
[DEBUG Orchestrator] End of Iteration. previous_num_instances_for_injector_logic updated to: 3
[DEGUG Orchestrator Loop Duration] Loop Duration = 1286.927286394
[Sniffer] Label set to: benign

--- Iteration 18 | Time: 85.0s / 180s ---
[Orchestrator]RTT = 154.14771908331204
[Orchestrator] Metrics: 3 active instance(s), Avg CPU: 36.89%, Avg App MEM: 23.36 MB
[Autoscaler] Decision: NO_ACTION. Avg CPU: 36.89% is within thresholds (25.0% - 60.0%).
[DEBUG Orchestrator] Iteration Start. Instances Before Injector Logic: 3, Prev Injector Logic Instances: 3, Attack Started Flag: True, Normal Traffic Started Flag: True
[DEBUG Orchestrator] URLs derived for injector (if active): ['http://localhost:8080', 'http://localhost:8081', 'http://localhost:8082']
[Sniffer] Label set to: benign
[DEBUG Orchestrator] Should attack be active now? True (window: 20s-160s)
[DEBUG Orchestrator] End of Iteration. previous_num_instances_for_injector_logic updated to: 3
[DEGUG Orchestrator Loop Duration] Loop Duration = 1291.927286394
[Sniffer] Label set to: benign

--- Iteration 19 | Time: 90.0s / 180s ---
[Orchestrator]RTT = 186.5100784615816
[Orchestrator] Metrics: 3 active instance(s), Avg CPU: 13.95%, Avg App MEM: 23.52 MB
[Autoscaler] Decision: SCALE_DOWN. Avg CPU: 13.95% < 25.0%. Current instances: 3, Min: 1
[Orchestrator] Action: Scaling DOWN from 3 instance(s). Stopping target_instance_3.
Attempting to stop and remove container target_instance_3...
Container target_instance_3 stopped and removed.
[Orchestrator] Successfully stopped target_instance_3. Now 2 instance(s).
[Autoscaler] Scale action recorded. New instance count: 2. Cooldown timer reset.
[DEBUG Orchestrator] Iteration Start. Instances Before Injector Logic: 2, Prev Injector Logic Instances: 3, Attack Started Flag: True, Normal Traffic Started Flag: True
[DEBUG Orchestrator] URLs derived for injector (if active): ['http://localhost:8080', 'http://localhost:8081']
[Sniffer] Label set to: benign
[DEBUG Orchestrator] Should attack be active now? True (window: 20s-160s)
[DEBUG Orchestrator] Condition: Needs to RESTART attack (num instances changed from 3 to 2 AND attack was active).
[Orchestrator] Attack active and restart needed. Stopping current traffic injector...
[Injector] Signaling HTTP flood workers to stop...
[Injector] Stop signal sent (non-blocking).
[DEBUG Orchestrator] Called stop_http_flood. Sleeping for 1s...
  [Injector Worker 127296329451200] Stopped. Total requests: 15, Errors: 0
  [Injector Worker 127296270702272] Stopped. Total requests: 8, Errors: 1
  [Injector Worker 127298510505664] Stopped. Total requests: 25, Errors: 0
[DEBUG Orchestrator] Resuming after sleep.
[Orchestrator] Starting/Restarting HTTP flood. Target URLs for this call: ['http://localhost:8080', 'http://localhost:8081']
[Injector] Starting HTTP flood with 4 attackers, ~1.0 RPS total, across 2 targets: http://localhost:8080, http://localhost:8081
  [Injector Worker 127298510505664] Started. Target: http://localhost:8080?work=475000&sleep=0.0, RPS: 0.25, Mean interval: 4.0000s (Poisson)
  [Injector Worker 127296270702272] Started. Target: http://localhost:8081?work=475000&sleep=0.0, RPS: 0.25, Mean interval: 4.0000s (Poisson)
  [Injector Worker 127296329451200] Started. Target: http://localhost:8080?work=475000&sleep=0.0, RPS: 0.25, Mean interval: 4.0000s (Poisson)
  [Injector Worker 127296253916864] Started. Target: http://localhost:8081?work=475000&sleep=0.0, RPS: 0.25, Mean interval: 4.0000s (Poisson)
[Injector] All 4 attacker threads launched.
[Sniffer] Label set to: attack
[DEBUG Orchestrator] attack_has_started flag set to TRUE.
[DEBUG Orchestrator] End of Iteration. previous_num_instances_for_injector_logic updated to: 2
[DEGUG Orchestrator Loop Duration] Loop Duration = 1296.927286394
[Orchestrator] Warning: Loop iteration took longer than MONITOR_INTERVAL_SECONDS (5s). Not sleeping.
[Sniffer] Label set to: benign

--- Iteration 20 | Time: 97.1s / 180s ---
[Orchestrator]RTT = 196.8972351667162
[Orchestrator] Metrics: 2 active instance(s), Avg CPU: 25.55%, Avg App MEM: 24.73 MB
[Autoscaler]In cooldown: 12.859785181999996
[DEBUG Orchestrator] Iteration Start. Instances Before Injector Logic: 2, Prev Injector Logic Instances: 2, Attack Started Flag: True, Normal Traffic Started Flag: True
[DEBUG Orchestrator] URLs derived for injector (if active): ['http://localhost:8080', 'http://localhost:8081']
[Sniffer] Label set to: benign
[DEBUG Orchestrator] Should attack be active now? True (window: 20s-160s)
[DEBUG Orchestrator] End of Iteration. previous_num_instances_for_injector_logic updated to: 2
[DEGUG Orchestrator Loop Duration] Loop Duration = 1301.927286394
[Sniffer] Label set to: benign

--- Iteration 21 | Time: 100.0s / 180s ---
[Orchestrator]RTT = 184.45352266664182
[Orchestrator] Metrics: 2 active instance(s), Avg CPU: 36.57%, Avg App MEM: 25.56 MB
[Autoscaler]In cooldown: 9.999862435000068
[DEBUG Orchestrator] Iteration Start. Instances Before Injector Logic: 2, Prev Injector Logic Instances: 2, Attack Started Flag: True, Normal Traffic Started Flag: True
[DEBUG Orchestrator] URLs derived for injector (if active): ['http://localhost:8080', 'http://localhost:8081']
[Sniffer] Label set to: benign
[DEBUG Orchestrator] Should attack be active now? True (window: 20s-160s)
[DEBUG Orchestrator] End of Iteration. previous_num_instances_for_injector_logic updated to: 2
[DEGUG Orchestrator Loop Duration] Loop Duration = 1306.927286394
[Sniffer] Label set to: benign

--- Iteration 22 | Time: 105.0s / 180s ---
[Orchestrator]RTT = 193.20115889469267
[Orchestrator] Metrics: 2 active instance(s), Avg CPU: 40.89%, Avg App MEM: 24.61 MB
[Autoscaler]In cooldown: 5.000193696999986
[DEBUG Orchestrator] Iteration Start. Instances Before Injector Logic: 2, Prev Injector Logic Instances: 2, Attack Started Flag: True, Normal Traffic Started Flag: True
[DEBUG Orchestrator] URLs derived for injector (if active): ['http://localhost:8080', 'http://localhost:8081']
[Sniffer] Label set to: benign
[DEBUG Orchestrator] Should attack be active now? True (window: 20s-160s)
[DEBUG Orchestrator] End of Iteration. previous_num_instances_for_injector_logic updated to: 2
[DEGUG Orchestrator Loop Duration] Loop Duration = 1311.927286394
[Sniffer] Label set to: benign

--- Iteration 23 | Time: 110.0s / 180s ---
[Orchestrator]RTT = 155.35332535292207
[Orchestrator] Metrics: 2 active instance(s), Avg CPU: 39.26%, Avg App MEM: 24.61 MB
[Autoscaler] Decision: NO_ACTION. Avg CPU: 39.26% is within thresholds (25.0% - 60.0%).
[DEBUG Orchestrator] Iteration Start. Instances Before Injector Logic: 2, Prev Injector Logic Instances: 2, Attack Started Flag: True, Normal Traffic Started Flag: True
[DEBUG Orchestrator] URLs derived for injector (if active): ['http://localhost:8080', 'http://localhost:8081']
[Sniffer] Label set to: benign
[DEBUG Orchestrator] Should attack be active now? True (window: 20s-160s)
[DEBUG Orchestrator] End of Iteration. previous_num_instances_for_injector_logic updated to: 2
[DEGUG Orchestrator Loop Duration] Loop Duration = 1316.927286394
[Sniffer] Label set to: benign

--- Iteration 24 | Time: 115.0s / 180s ---
[Orchestrator]RTT = 165.01677468754394
[Orchestrator] Metrics: 2 active instance(s), Avg CPU: 22.40%, Avg App MEM: 24.68 MB
[Autoscaler] Decision: SCALE_DOWN. Avg CPU: 22.40% < 25.0%. Current instances: 2, Min: 1
[Orchestrator] Action: Scaling DOWN from 2 instance(s). Stopping target_instance_2.
Attempting to stop and remove container target_instance_2...
Container target_instance_2 stopped and removed.
[Orchestrator] Successfully stopped target_instance_2. Now 1 instance(s).
[Autoscaler] Scale action recorded. New instance count: 1. Cooldown timer reset.
[DEBUG Orchestrator] Iteration Start. Instances Before Injector Logic: 1, Prev Injector Logic Instances: 2, Attack Started Flag: True, Normal Traffic Started Flag: True
[DEBUG Orchestrator] URLs derived for injector (if active): ['http://localhost:8080']
[Sniffer] Label set to: benign
[DEBUG Orchestrator] Should attack be active now? True (window: 20s-160s)
[DEBUG Orchestrator] Condition: Needs to RESTART attack (num instances changed from 2 to 1 AND attack was active).
[Orchestrator] Attack active and restart needed. Stopping current traffic injector...
[Injector] Signaling HTTP flood workers to stop...
  [Injector Worker 127296253916864] Stopped. Total requests: 9, Errors: 1
[Injector] Stop signal sent (non-blocking).
[DEBUG Orchestrator] Called stop_http_flood. Sleeping for 1s...
  [Injector Worker 127296279094976] Stopped. Total requests: 13, Errors: 0
[DEBUG Orchestrator] Resuming after sleep.
[Orchestrator] Starting/Restarting HTTP flood. Target URLs for this call: ['http://localhost:8080']
[Injector] Starting HTTP flood with 4 attackers, ~1.0 RPS total, across 1 targets: http://localhost:8080
  [Injector Worker 127296279094976] Started. Target: http://localhost:8080?work=475000&sleep=0.0, RPS: 0.25, Mean interval: 4.0000s (Poisson)
  [Injector Worker 127296253916864] Started. Target: http://localhost:8080?work=475000&sleep=0.0, RPS: 0.25, Mean interval: 4.0000s (Poisson)
  [Injector Worker 127296237131456] Started. Target: http://localhost:8080?work=475000&sleep=0.0, RPS: 0.25, Mean interval: 4.0000s (Poisson)
  [Injector Worker 127296245524160] Started. Target: http://localhost:8080?work=475000&sleep=0.0, RPS: 0.25, Mean interval: 4.0000s (Poisson)
[Injector] All 4 attacker threads launched.
[Sniffer] Label set to: attack
[DEBUG Orchestrator] attack_has_started flag set to TRUE.
[DEBUG Orchestrator] End of Iteration. previous_num_instances_for_injector_logic updated to: 1
[DEGUG Orchestrator Loop Duration] Loop Duration = 1321.927286394
[Orchestrator] Warning: Loop iteration took longer than MONITOR_INTERVAL_SECONDS (5s). Not sleeping.
[Sniffer] Label set to: benign

--- Iteration 25 | Time: 122.1s / 180s ---
[Orchestrator]RTT = 153.4855107500069
[Orchestrator] Metrics: 1 active instance(s), Avg CPU: 43.51%, Avg App MEM: 26.87 MB
[Autoscaler]In cooldown: 12.913790360000121
[DEBUG Orchestrator] Iteration Start. Instances Before Injector Logic: 1, Prev Injector Logic Instances: 1, Attack Started Flag: True, Normal Traffic Started Flag: True
[DEBUG Orchestrator] URLs derived for injector (if active): ['http://localhost:8080']
[Sniffer] Label set to: benign
[DEBUG Orchestrator] Should attack be active now? True (window: 20s-160s)
[DEBUG Orchestrator] End of Iteration. previous_num_instances_for_injector_logic updated to: 1
[DEGUG Orchestrator Loop Duration] Loop Duration = 1326.927286394
[Sniffer] Label set to: benign

--- Iteration 26 | Time: 125.0s / 180s ---
[Orchestrator]RTT = 233.97147408331875
[Orchestrator] Metrics: 1 active instance(s), Avg CPU: 88.09%, Avg App MEM: 28.10 MB
[Autoscaler]In cooldown: 10.00067222000007
[DEBUG Orchestrator] Iteration Start. Instances Before Injector Logic: 1, Prev Injector Logic Instances: 1, Attack Started Flag: True, Normal Traffic Started Flag: True
[DEBUG Orchestrator] URLs derived for injector (if active): ['http://localhost:8080']
[Sniffer] Label set to: benign
[DEBUG Orchestrator] Should attack be active now? True (window: 20s-160s)
[DEBUG Orchestrator] End of Iteration. previous_num_instances_for_injector_logic updated to: 1
[DEGUG Orchestrator Loop Duration] Loop Duration = 1331.927286394
[Sniffer] Label set to: benign

--- Iteration 27 | Time: 130.0s / 180s ---
[Orchestrator]RTT = 184.73114570586884
[Orchestrator] Metrics: 1 active instance(s), Avg CPU: 104.07%, Avg App MEM: 27.26 MB
[Autoscaler]In cooldown: 4.997047457000008
[DEBUG Orchestrator] Iteration Start. Instances Before Injector Logic: 1, Prev Injector Logic Instances: 1, Attack Started Flag: True, Normal Traffic Started Flag: True
[DEBUG Orchestrator] URLs derived for injector (if active): ['http://localhost:8080']
[Sniffer] Label set to: benign
[DEBUG Orchestrator] Should attack be active now? True (window: 20s-160s)
[DEBUG Orchestrator] End of Iteration. previous_num_instances_for_injector_logic updated to: 1
[DEGUG Orchestrator Loop Duration] Loop Duration = 1336.927286394
[Sniffer] Label set to: benign

--- Iteration 28 | Time: 135.0s / 180s ---
[Orchestrator]RTT = 151.8163557692123
[Orchestrator] Metrics: 1 active instance(s), Avg CPU: 49.52%, Avg App MEM: 27.16 MB
[Autoscaler] Decision: NO_ACTION. Avg CPU: 49.52% is within thresholds (25.0% - 60.0%).
[DEBUG Orchestrator] Iteration Start. Instances Before Injector Logic: 1, Prev Injector Logic Instances: 1, Attack Started Flag: True, Normal Traffic Started Flag: True
[DEBUG Orchestrator] URLs derived for injector (if active): ['http://localhost:8080']
[Sniffer] Label set to: benign
[DEBUG Orchestrator] Should attack be active now? True (window: 20s-160s)
[DEBUG Orchestrator] End of Iteration. previous_num_instances_for_injector_logic updated to: 1
[DEGUG Orchestrator Loop Duration] Loop Duration = 1341.927286394
[Sniffer] Label set to: benign

--- Iteration 29 | Time: 140.0s / 180s ---
[Orchestrator]RTT = 153.26531458335543
[Orchestrator] Metrics: 1 active instance(s), Avg CPU: 42.37%, Avg App MEM: 27.31 MB
[Autoscaler] Decision: NO_ACTION. Avg CPU: 42.37% is within thresholds (25.0% - 60.0%).
[DEBUG Orchestrator] Iteration Start. Instances Before Injector Logic: 1, Prev Injector Logic Instances: 1, Attack Started Flag: True, Normal Traffic Started Flag: True
[DEBUG Orchestrator] URLs derived for injector (if active): ['http://localhost:8080']
[Sniffer] Label set to: benign
[DEBUG Orchestrator] Should attack be active now? True (window: 20s-160s)
[DEBUG Orchestrator] End of Iteration. previous_num_instances_for_injector_logic updated to: 1
[DEGUG Orchestrator Loop Duration] Loop Duration = 1346.927286394
[Sniffer] Label set to: benign

--- Iteration 30 | Time: 145.0s / 180s ---
[Orchestrator]RTT = 149.65483836361025
[Orchestrator] Metrics: 1 active instance(s), Avg CPU: 70.71%, Avg App MEM: 27.56 MB
[Autoscaler] Decision: SCALE_UP. Avg CPU: 70.71% > 60.0%. Current instances: 1, Max: 4
[Orchestrator] Action: Scaling UP from 1 instance(s). Attempting to start instance 4.
Attempting to start container target_instance_4 mapping container:80 to host:8083...
Container 0ac950b8d1 (target_instance_4) started. Accessible on host port 8083.
[Orchestrator] Successfully started target_instance_4. Now 2 instance(s).
[Autoscaler] Scale action recorded. New instance count: 2. Cooldown timer reset.
[DEBUG Orchestrator] Iteration Start. Instances Before Injector Logic: 2, Prev Injector Logic Instances: 1, Attack Started Flag: True, Normal Traffic Started Flag: True
[DEBUG Orchestrator] URLs derived for injector (if active): ['http://localhost:8080', 'http://localhost:8083']
[Sniffer] Label set to: benign
[DEBUG Orchestrator] Should attack be active now? True (window: 20s-160s)
[DEBUG Orchestrator] Condition: Needs to RESTART attack (num instances changed from 1 to 2 AND attack was active).
[Orchestrator] Attack active and restart needed. Stopping current traffic injector...
[Injector] Signaling HTTP flood workers to stop...
  [Injector Worker 127298493720256] Stopped. Total requests: 31, Errors: 0
[Injector] Stop signal sent (non-blocking).
[DEBUG Orchestrator] Called stop_http_flood. Sleeping for 1s...
  [Injector Worker 127299022198464] Stopped. Total requests: 34, Errors: 0
  [Injector Worker 127298527291072] Stopped. Total requests: 17, Errors: 0
  [Injector Worker 127296270702272] Stopped. Total requests: 8, Errors: 6
  [Injector Worker 127296329451200] Stopped. Total requests: 8, Errors: 0
[DEBUG Orchestrator] Resuming after sleep.
[Orchestrator] Starting/Restarting HTTP flood. Target URLs for this call: ['http://localhost:8080', 'http://localhost:8083']
[Injector] Starting HTTP flood with 4 attackers, ~1.0 RPS total, across 2 targets: http://localhost:8080, http://localhost:8083
  [Injector Worker 127296329451200] Started. Target: http://localhost:8080?work=475000&sleep=0.0, RPS: 0.25, Mean interval: 4.0000s (Poisson)
  [Injector Worker 127296270702272] Started. Target: http://localhost:8083?work=475000&sleep=0.0, RPS: 0.25, Mean interval: 4.0000s (Poisson)
  [Injector Worker 127298527291072] Started. Target: http://localhost:8080?work=475000&sleep=0.0, RPS: 0.25, Mean interval: 4.0000s (Poisson)
  [Injector Worker 127299022198464] Started. Target: http://localhost:8083?work=475000&sleep=0.0, RPS: 0.25, Mean interval: 4.0000s (Poisson)
[Injector] All 4 attacker threads launched.
[Sniffer] Label set to: attack
[DEBUG Orchestrator] attack_has_started flag set to TRUE.
[DEBUG Orchestrator] End of Iteration. previous_num_instances_for_injector_logic updated to: 2
[DEGUG Orchestrator Loop Duration] Loop Duration = 1351.927286394
[Sniffer] Label set to: benign

--- Iteration 31 | Time: 150.0s / 180s ---
[Orchestrator]RTT = 205.14388879998933
[Orchestrator] Metrics: 2 active instance(s), Avg CPU: 35.63%, Avg App MEM: 27.42 MB
[Autoscaler]In cooldown: 14.999480564000123
[DEBUG Orchestrator] Iteration Start. Instances Before Injector Logic: 2, Prev Injector Logic Instances: 2, Attack Started Flag: True, Normal Traffic Started Flag: True
[DEBUG Orchestrator] URLs derived for injector (if active): ['http://localhost:8080', 'http://localhost:8083']
[Sniffer] Label set to: benign
[DEBUG Orchestrator] Should attack be active now? True (window: 20s-160s)
[DEBUG Orchestrator] End of Iteration. previous_num_instances_for_injector_logic updated to: 2
[DEGUG Orchestrator Loop Duration] Loop Duration = 1356.927286394
[Sniffer] Label set to: benign

--- Iteration 32 | Time: 155.0s / 180s ---
[Orchestrator]RTT = 143.62740958328382
[Orchestrator] Metrics: 2 active instance(s), Avg CPU: 11.15%, Avg App MEM: 24.18 MB
[Autoscaler]In cooldown: 10.000273041000128
[DEBUG Orchestrator] Iteration Start. Instances Before Injector Logic: 2, Prev Injector Logic Instances: 2, Attack Started Flag: True, Normal Traffic Started Flag: True
[DEBUG Orchestrator] URLs derived for injector (if active): ['http://localhost:8080', 'http://localhost:8083']
[Sniffer] Label set to: benign
[DEBUG Orchestrator] Should attack be active now? True (window: 20s-160s)
[DEBUG Orchestrator] End of Iteration. previous_num_instances_for_injector_logic updated to: 2
[DEGUG Orchestrator Loop Duration] Loop Duration = 1361.927286394
[Sniffer] Label set to: benign

--- Iteration 33 | Time: 160.0s / 180s ---
[Orchestrator]RTT = 132.01739124999298
[Orchestrator] Metrics: 2 active instance(s), Avg CPU: 18.67%, Avg App MEM: 23.14 MB
[Autoscaler]In cooldown: 4.997837611000023
[DEBUG Orchestrator] Iteration Start. Instances Before Injector Logic: 2, Prev Injector Logic Instances: 2, Attack Started Flag: True, Normal Traffic Started Flag: True
[DEBUG Orchestrator] URLs derived for injector (if active): ['http://localhost:8080', 'http://localhost:8083']
[Sniffer] Label set to: benign
[DEBUG Orchestrator] Should attack be active now? False (window: 20s-160s)
[Orchestrator] Attack duration ended or outside schedule. Stopping HTTP flood.
[Injector] Signaling HTTP flood workers to stop...
  [Injector Worker 127299022198464] Stopped. Total requests: 7, Errors: 0
[Injector] Stop signal sent (non-blocking).
[DEBUG Orchestrator] attack_has_started flag set to FALSE (attack period ended).
[DEBUG Orchestrator] End of Iteration. previous_num_instances_for_injector_logic updated to: 2
[DEGUG Orchestrator Loop Duration] Loop Duration = 1366.927286394
  [Injector Worker 127296279094976] Stopped. Total requests: 12, Errors: 0
  [Injector Worker 127296321058496] Stopped. Total requests: 25, Errors: 7
  [Injector Worker 127298527291072] Stopped. Total requests: 5, Errors: 0
  [Injector Worker 127296262309568] Stopped. Total requests: 26, Errors: 0
  [Injector Worker 127296237131456] Stopped. Total requests: 12, Errors: 0
  [Injector Worker 127296245524160] Stopped. Total requests: 10, Errors: 0
  [Injector Worker 127298510505664] Stopped. Total requests: 15, Errors: 0
  [Injector Worker 127296270702272] Stopped. Total requests: 2, Errors: 0
  [Injector Worker 127296304273088] Stopped. Total requests: 24, Errors: 7
  [Injector Worker 127296312665792] Stopped. Total requests: 30, Errors: 0
  [Injector Worker 127296253916864] Stopped. Total requests: 8, Errors: 0
  [Injector Worker 127296329451200] Stopped. Total requests: 2, Errors: 0
[Sniffer] Label set to: benign

--- Iteration 34 | Time: 165.0s / 180s ---
[Orchestrator]RTT = 29.531438572593213
[Orchestrator] Metrics: 2 active instance(s), Avg CPU: 12.65%, Avg App MEM: 23.99 MB
[Autoscaler] Decision: SCALE_DOWN. Avg CPU: 12.65% < 25.0%. Current instances: 2, Min: 1
[Orchestrator] Action: Scaling DOWN from 2 instance(s). Stopping target_instance_4.
Attempting to stop and remove container target_instance_4...
Container target_instance_4 stopped and removed.
[Orchestrator] Successfully stopped target_instance_4. Now 1 instance(s).
[Autoscaler] Scale action recorded. New instance count: 1. Cooldown timer reset.
[DEBUG Orchestrator] Iteration Start. Instances Before Injector Logic: 1, Prev Injector Logic Instances: 2, Attack Started Flag: False, Normal Traffic Started Flag: True
[DEBUG Orchestrator] URLs derived for injector (if active): ['http://localhost:8080']
[Sniffer] Label set to: benign
[DEBUG Orchestrator] Should attack be active now? False (window: 20s-160s)
[DEBUG Orchestrator] End of Iteration. previous_num_instances_for_injector_logic updated to: 1
[DEGUG Orchestrator Loop Duration] Loop Duration = 1371.927286394
[Orchestrator] Warning: Loop iteration took longer than MONITOR_INTERVAL_SECONDS (5s). Not sleeping.
[Sniffer] Label set to: benign

--- Iteration 35 | Time: 170.6s / 180s ---
[Orchestrator]RTT = 26.68766494964656
[Orchestrator] Metrics: 1 active instance(s), Avg CPU: 22.27%, Avg App MEM: 26.99 MB
[Autoscaler]In cooldown: 14.356875554999988
[DEBUG Orchestrator] Iteration Start. Instances Before Injector Logic: 1, Prev Injector Logic Instances: 1, Attack Started Flag: False, Normal Traffic Started Flag: True
[DEBUG Orchestrator] URLs derived for injector (if active): ['http://localhost:8080']
[Sniffer] Label set to: benign
[DEBUG Orchestrator] Should attack be active now? False (window: 20s-160s)
[DEBUG Orchestrator] End of Iteration. previous_num_instances_for_injector_logic updated to: 1
[DEGUG Orchestrator Loop Duration] Loop Duration = 1376.927286394
[Sniffer] Label set to: benign

--- Iteration 36 | Time: 175.0s / 180s ---
[Orchestrator]RTT = 27.5183638402924
[Orchestrator] Metrics: 1 active instance(s), Avg CPU: 25.79%, Avg App MEM: 26.74 MB
[Autoscaler]In cooldown: 10.000288404000003
[DEBUG Orchestrator] Iteration Start. Instances Before Injector Logic: 1, Prev Injector Logic Instances: 1, Attack Started Flag: False, Normal Traffic Started Flag: True
[DEBUG Orchestrator] URLs derived for injector (if active): ['http://localhost:8080']
[Sniffer] Label set to: benign
[DEBUG Orchestrator] Should attack be active now? False (window: 20s-160s)
[DEBUG Orchestrator] End of Iteration. previous_num_instances_for_injector_logic updated to: 1
[DEGUG Orchestrator Loop Duration] Loop Duration = 1381.927286394

[Orchestrator] Simulation duration reached.
[Orchestrator] Saving RTT log...
[Sniffer] Realtime tcpdump stopped.
[Orchestrator] Stopping normal traffic...
[Normal_Injector] Signaling workers to stop...
  [Normal_Injector Worker 127301194860224] Stopped. Total requests: 4405, Errors: 0
  [Normal_Injector Worker 127301186467520] Stopped. Total requests: 4523, Errors: 0
  [Normal_Injector Worker 127301169682112] Stopped. Total requests: 4417, Errors: 0
[Normal_Injector] Stop signal sent (non-blocking).
[Orchestrator] Cleaning up all simulation instances...
Cleaning up all simulation instances...
  [Normal_Injector Worker 127301211645632] Stopped. Total requests: 4300, Errors: 0
Stopping and removing container: target_instance_1 (2846e02fb2)...
  Container target_instance_1 removed.
Simulation instance cleanup complete.
[Stats_Collector] Stopping stats collector thread...
[Orchestrator] Simulation Complete. Total Fictional Cost: $0.0018
[Orchestrator] Metrics logged in: simulation_metrics.csv

===== Stage1B: S2 @ 0.5%, WU=500000 (candidato ainda mais furtivo?) =====

===== [stage1b] S2 (100 req/s normal) + 0.5% ataque (~0.500 req/s) @ WU=500000 rep=1 =====
Attacker RPS set to: 0.125
Number of attackers set to: 4
Simulation duration set to: 180
Attack work units set to: 500000
Normal traffic RPS per client set to: 25.0
Normal traffic work units set to: 10
[Orchestrator] Initializing simulation environment...
[Sniffer] Realtime tcpdump started on any
[Sniffer] Label set to: benign
[Autoscaler] Initialized.
Attempting to build Docker image: edos_target_app:latest...
Image edos_target_app:latest already exists. Skipping build.
Docker network 'edos_network' already exists.
[Orchestrator] Cleaning up any pre-existing simulation instances...
Cleaning up all simulation instances...
No simulation instances found to clean up.
[Orchestrator] Starting initial 1 instance(s)...
Attempting to start container target_instance_1 mapping container:80 to host:8080...
Container c115636b58 (target_instance_1) started. Accessible on host port 8080.
[Autoscaler] Initial number of instances set to: 1
[Orchestrator] 1 initial instance(s) running.
[Orchestrator] Metrics will be logged to: simulation_metrics.csv
[Orchestrator] Attack summary will be logged to: attack_summary_log.csv
[Orchestrator] Normal traffic summary will be logged to: normal_traffic_summary_log.csv
[Orchestrator] Starting simulation main loop for 180 seconds.
[Orchestrator] Monitoring interval: 5s. Cooldown: 20s.
[Orchestrator] CPU Thresholds: Scale Up > 60.0%, Scale Down < 25.0%
[Orchestrator] Traffic injection scheduled: Start at 20s, Duration 140s.
[Sniffer] Label set to: benign

--- Iteration 1 | Time: 0.0s / 180s ---
[Orchestrator]RTT = 0.0
[Orchestrator] Metrics: 1 active instance(s), Avg CPU: 0.00%, Avg App MEM: 0.00 MB
[Autoscaler] Condition for SCALE_DOWN met (Avg CPU: 0.00%), but already at MIN_INSTANCES (1). No action.
[DEBUG Orchestrator] Iteration Start. Instances Before Injector Logic: 1, Prev Injector Logic Instances: 1, Attack Started Flag: False, Normal Traffic Started Flag: False
[DEBUG Orchestrator] URLs derived for injector (if active): ['http://localhost:8080']
[Sniffer] Label set to: benign
[DEBUG Orchestrator] Should attack be active now? False (window: 20s-160s)
[Orchestrator] Starting/Restarting Normal Traffic. Target URLs for this call: ['http://localhost:8080']
[Normal_Injector] Starting HTTP flood with 4 attackers, ~100.0 RPS total, across 1 targets: http://localhost:8080
  [Normal_Injector Worker 129475046950592] Started. Target: http://localhost:8080?work=10&sleep=0.0, RPS: 25.00, Mean interval: 0.0400s (Poisson)
  [Normal_Injector Worker 129475030165184] Started. Target: http://localhost:8080?work=10&sleep=0.0, RPS: 25.00, Mean interval: 0.0400s (Poisson)
  [Normal_Injector Worker 129474674816704] Started. Target: http://localhost:8080?work=10&sleep=0.0, RPS: 25.00, Mean interval: 0.0400s (Poisson)
  [Normal_Injector Worker 129474658031296] Started. Target: http://localhost:8080?work=10&sleep=0.0, RPS: 25.00, Mean interval: 0.0400s (Poisson)
[Normal_Injector] All 4 attacker threads launched.
[DEBUG Orchestrator] End of Iteration. previous_num_instances_for_injector_logic updated to: 1
[DEGUG Orchestrator Loop Duration] Loop Duration = 1391.557595505
[Sniffer] Label set to: benign

--- Iteration 2 | Time: 5.0s / 180s ---
[Orchestrator]RTT = 27.070655962417717
[Orchestrator] Metrics: 1 active instance(s), Avg CPU: 18.32%, Avg App MEM: 22.80 MB
[Autoscaler] Condition for SCALE_DOWN met (Avg CPU: 18.32%), but already at MIN_INSTANCES (1). No action.
[DEBUG Orchestrator] Iteration Start. Instances Before Injector Logic: 1, Prev Injector Logic Instances: 1, Attack Started Flag: False, Normal Traffic Started Flag: True
[DEBUG Orchestrator] URLs derived for injector (if active): ['http://localhost:8080']
[Sniffer] Label set to: benign
[DEBUG Orchestrator] Should attack be active now? False (window: 20s-160s)
[DEBUG Orchestrator] End of Iteration. previous_num_instances_for_injector_logic updated to: 1
[DEGUG Orchestrator Loop Duration] Loop Duration = 1396.557595505
[Sniffer] Label set to: benign

--- Iteration 3 | Time: 10.0s / 180s ---
[Orchestrator]RTT = 27.391172886646217
[Orchestrator] Metrics: 1 active instance(s), Avg CPU: 23.03%, Avg App MEM: 22.76 MB
[Autoscaler] Condition for SCALE_DOWN met (Avg CPU: 23.03%), but already at MIN_INSTANCES (1). No action.
[DEBUG Orchestrator] Iteration Start. Instances Before Injector Logic: 1, Prev Injector Logic Instances: 1, Attack Started Flag: False, Normal Traffic Started Flag: True
[DEBUG Orchestrator] URLs derived for injector (if active): ['http://localhost:8080']
[Sniffer] Label set to: benign
[DEBUG Orchestrator] Should attack be active now? False (window: 20s-160s)
[DEBUG Orchestrator] End of Iteration. previous_num_instances_for_injector_logic updated to: 1
[DEGUG Orchestrator Loop Duration] Loop Duration = 1401.557595505
[Sniffer] Label set to: benign

--- Iteration 4 | Time: 15.0s / 180s ---
[Orchestrator]RTT = 25.270486821504438
[Orchestrator] Metrics: 1 active instance(s), Avg CPU: 22.21%, Avg App MEM: 22.83 MB
[Autoscaler] Condition for SCALE_DOWN met (Avg CPU: 22.21%), but already at MIN_INSTANCES (1). No action.
[DEBUG Orchestrator] Iteration Start. Instances Before Injector Logic: 1, Prev Injector Logic Instances: 1, Attack Started Flag: False, Normal Traffic Started Flag: True
[DEBUG Orchestrator] URLs derived for injector (if active): ['http://localhost:8080']
[Sniffer] Label set to: benign
[DEBUG Orchestrator] Should attack be active now? False (window: 20s-160s)
[DEBUG Orchestrator] End of Iteration. previous_num_instances_for_injector_logic updated to: 1
[DEGUG Orchestrator Loop Duration] Loop Duration = 1406.557595505
[Sniffer] Label set to: benign

--- Iteration 5 | Time: 20.0s / 180s ---
[Orchestrator]RTT = 26.510803279751407
[Orchestrator] Metrics: 1 active instance(s), Avg CPU: 20.93%, Avg App MEM: 22.90 MB
[Autoscaler] Condition for SCALE_DOWN met (Avg CPU: 20.93%), but already at MIN_INSTANCES (1). No action.
[DEBUG Orchestrator] Iteration Start. Instances Before Injector Logic: 1, Prev Injector Logic Instances: 1, Attack Started Flag: False, Normal Traffic Started Flag: True
[DEBUG Orchestrator] URLs derived for injector (if active): ['http://localhost:8080']
[Sniffer] Label set to: benign
[DEBUG Orchestrator] Should attack be active now? True (window: 20s-160s)
[DEBUG Orchestrator] Condition: Needs to START attack (was not started and in attack window).
[Orchestrator] Starting/Restarting HTTP flood. Target URLs for this call: ['http://localhost:8080']
[Injector] Starting HTTP flood with 4 attackers, ~0.5 RPS total, across 1 targets: http://localhost:8080
  [Injector Worker 129471923353280] Started. Target: http://localhost:8080?work=500000&sleep=0.0, RPS: 0.12, Mean interval: 8.0000s (Poisson)
  [Injector Worker 129471906567872] Started. Target: http://localhost:8080?work=500000&sleep=0.0, RPS: 0.12, Mean interval: 8.0000s (Poisson)
  [Injector Worker 129471898175168] Started. Target: http://localhost:8080?work=500000&sleep=0.0, RPS: 0.12, Mean interval: 8.0000s (Poisson)
  [Injector Worker 129471881389760] Started. Target: http://localhost:8080?work=500000&sleep=0.0, RPS: 0.12, Mean interval: 8.0000s (Poisson)
[Injector] All 4 attacker threads launched.
[Sniffer] Label set to: attack
[DEBUG Orchestrator] attack_has_started flag set to TRUE.
[DEBUG Orchestrator] End of Iteration. previous_num_instances_for_injector_logic updated to: 1
[DEGUG Orchestrator Loop Duration] Loop Duration = 1411.557595505
[Sniffer] Label set to: benign

--- Iteration 6 | Time: 25.0s / 180s ---
[Orchestrator]RTT = 228.32663959998172
[Orchestrator] Metrics: 1 active instance(s), Avg CPU: 27.44%, Avg App MEM: 25.60 MB
[Autoscaler] Decision: NO_ACTION. Avg CPU: 27.44% is within thresholds (25.0% - 60.0%).
[DEBUG Orchestrator] Iteration Start. Instances Before Injector Logic: 1, Prev Injector Logic Instances: 1, Attack Started Flag: True, Normal Traffic Started Flag: True
[DEBUG Orchestrator] URLs derived for injector (if active): ['http://localhost:8080']
[Sniffer] Label set to: benign
[DEBUG Orchestrator] Should attack be active now? True (window: 20s-160s)
[DEBUG Orchestrator] End of Iteration. previous_num_instances_for_injector_logic updated to: 1
[DEGUG Orchestrator Loop Duration] Loop Duration = 1416.557595505
[Sniffer] Label set to: benign

--- Iteration 7 | Time: 30.0s / 180s ---
[Orchestrator]RTT = 118.17047599993202
[Orchestrator] Metrics: 1 active instance(s), Avg CPU: 22.97%, Avg App MEM: 25.52 MB
[Autoscaler] Condition for SCALE_DOWN met (Avg CPU: 22.97%), but already at MIN_INSTANCES (1). No action.
[DEBUG Orchestrator] Iteration Start. Instances Before Injector Logic: 1, Prev Injector Logic Instances: 1, Attack Started Flag: True, Normal Traffic Started Flag: True
[DEBUG Orchestrator] URLs derived for injector (if active): ['http://localhost:8080']
[Sniffer] Label set to: benign
[DEBUG Orchestrator] Should attack be active now? True (window: 20s-160s)
[DEBUG Orchestrator] End of Iteration. previous_num_instances_for_injector_logic updated to: 1
[DEGUG Orchestrator Loop Duration] Loop Duration = 1421.557595505
[Sniffer] Label set to: benign

--- Iteration 8 | Time: 35.0s / 180s ---
[Orchestrator]RTT = 167.48920049997196
[Orchestrator] Metrics: 1 active instance(s), Avg CPU: 25.92%, Avg App MEM: 25.54 MB
[Autoscaler] Decision: NO_ACTION. Avg CPU: 25.92% is within thresholds (25.0% - 60.0%).
[DEBUG Orchestrator] Iteration Start. Instances Before Injector Logic: 1, Prev Injector Logic Instances: 1, Attack Started Flag: True, Normal Traffic Started Flag: True
[DEBUG Orchestrator] URLs derived for injector (if active): ['http://localhost:8080']
[Sniffer] Label set to: benign
[DEBUG Orchestrator] Should attack be active now? True (window: 20s-160s)
[DEBUG Orchestrator] End of Iteration. previous_num_instances_for_injector_logic updated to: 1
[DEGUG Orchestrator Loop Duration] Loop Duration = 1426.557595505
[Sniffer] Label set to: benign

--- Iteration 9 | Time: 40.0s / 180s ---
[Orchestrator]RTT = 140.68535566669502
[Orchestrator] Metrics: 1 active instance(s), Avg CPU: 32.03%, Avg App MEM: 25.77 MB
[Autoscaler] Decision: NO_ACTION. Avg CPU: 32.03% is within thresholds (25.0% - 60.0%).
[DEBUG Orchestrator] Iteration Start. Instances Before Injector Logic: 1, Prev Injector Logic Instances: 1, Attack Started Flag: True, Normal Traffic Started Flag: True
[DEBUG Orchestrator] URLs derived for injector (if active): ['http://localhost:8080']
[Sniffer] Label set to: benign
[DEBUG Orchestrator] Should attack be active now? True (window: 20s-160s)
[DEBUG Orchestrator] End of Iteration. previous_num_instances_for_injector_logic updated to: 1
[DEGUG Orchestrator Loop Duration] Loop Duration = 1431.557595505
[Sniffer] Label set to: benign

--- Iteration 10 | Time: 45.0s / 180s ---
[Orchestrator]RTT = 101.07833400002164
[Orchestrator] Metrics: 1 active instance(s), Avg CPU: 26.98%, Avg App MEM: 25.46 MB
[Autoscaler] Decision: NO_ACTION. Avg CPU: 26.98% is within thresholds (25.0% - 60.0%).
[DEBUG Orchestrator] Iteration Start. Instances Before Injector Logic: 1, Prev Injector Logic Instances: 1, Attack Started Flag: True, Normal Traffic Started Flag: True
[DEBUG Orchestrator] URLs derived for injector (if active): ['http://localhost:8080']
[Sniffer] Label set to: benign
[DEBUG Orchestrator] Should attack be active now? True (window: 20s-160s)
[DEBUG Orchestrator] End of Iteration. previous_num_instances_for_injector_logic updated to: 1
[DEGUG Orchestrator Loop Duration] Loop Duration = 1436.557595505
[Sniffer] Label set to: benign

--- Iteration 11 | Time: 50.0s / 180s ---
[Orchestrator]RTT = 128.7554568333841
[Orchestrator] Metrics: 1 active instance(s), Avg CPU: 38.24%, Avg App MEM: 25.65 MB
[Autoscaler] Decision: NO_ACTION. Avg CPU: 38.24% is within thresholds (25.0% - 60.0%).
[DEBUG Orchestrator] Iteration Start. Instances Before Injector Logic: 1, Prev Injector Logic Instances: 1, Attack Started Flag: True, Normal Traffic Started Flag: True
[DEBUG Orchestrator] URLs derived for injector (if active): ['http://localhost:8080']
[Sniffer] Label set to: benign
[DEBUG Orchestrator] Should attack be active now? True (window: 20s-160s)
[DEBUG Orchestrator] End of Iteration. previous_num_instances_for_injector_logic updated to: 1
[DEGUG Orchestrator Loop Duration] Loop Duration = 1441.557595505
[Sniffer] Label set to: benign

--- Iteration 12 | Time: 55.0s / 180s ---
[Orchestrator]RTT = 0.0
[Orchestrator] Metrics: 1 active instance(s), Avg CPU: 23.15%, Avg App MEM: 25.51 MB
[Autoscaler] Condition for SCALE_DOWN met (Avg CPU: 23.15%), but already at MIN_INSTANCES (1). No action.
[DEBUG Orchestrator] Iteration Start. Instances Before Injector Logic: 1, Prev Injector Logic Instances: 1, Attack Started Flag: True, Normal Traffic Started Flag: True
[DEBUG Orchestrator] URLs derived for injector (if active): ['http://localhost:8080']
[Sniffer] Label set to: benign
[DEBUG Orchestrator] Should attack be active now? True (window: 20s-160s)
[DEBUG Orchestrator] End of Iteration. previous_num_instances_for_injector_logic updated to: 1
[DEGUG Orchestrator Loop Duration] Loop Duration = 1446.557595505
[Sniffer] Label set to: benign

--- Iteration 13 | Time: 60.0s / 180s ---
[Orchestrator]RTT = 94.84292100000857
[Orchestrator] Metrics: 1 active instance(s), Avg CPU: 25.05%, Avg App MEM: 25.62 MB
[Autoscaler] Decision: NO_ACTION. Avg CPU: 25.05% is within thresholds (25.0% - 60.0%).
[DEBUG Orchestrator] Iteration Start. Instances Before Injector Logic: 1, Prev Injector Logic Instances: 1, Attack Started Flag: True, Normal Traffic Started Flag: True
[DEBUG Orchestrator] URLs derived for injector (if active): ['http://localhost:8080']
[Sniffer] Label set to: benign
[DEBUG Orchestrator] Should attack be active now? True (window: 20s-160s)
[DEBUG Orchestrator] End of Iteration. previous_num_instances_for_injector_logic updated to: 1
[DEGUG Orchestrator Loop Duration] Loop Duration = 1451.557595505
[Sniffer] Label set to: benign

--- Iteration 14 | Time: 65.0s / 180s ---
[Orchestrator]RTT = 0.0
[Orchestrator] Metrics: 1 active instance(s), Avg CPU: 21.32%, Avg App MEM: 25.63 MB
[Autoscaler] Condition for SCALE_DOWN met (Avg CPU: 21.32%), but already at MIN_INSTANCES (1). No action.
[DEBUG Orchestrator] Iteration Start. Instances Before Injector Logic: 1, Prev Injector Logic Instances: 1, Attack Started Flag: True, Normal Traffic Started Flag: True
[DEBUG Orchestrator] URLs derived for injector (if active): ['http://localhost:8080']
[Sniffer] Label set to: benign
[DEBUG Orchestrator] Should attack be active now? True (window: 20s-160s)
[DEBUG Orchestrator] End of Iteration. previous_num_instances_for_injector_logic updated to: 1
[DEGUG Orchestrator Loop Duration] Loop Duration = 1456.557595505
[Sniffer] Label set to: benign

--- Iteration 15 | Time: 70.0s / 180s ---
[Orchestrator]RTT = 116.0210374999906
[Orchestrator] Metrics: 1 active instance(s), Avg CPU: 23.73%, Avg App MEM: 25.67 MB
[Autoscaler] Condition for SCALE_DOWN met (Avg CPU: 23.73%), but already at MIN_INSTANCES (1). No action.
[DEBUG Orchestrator] Iteration Start. Instances Before Injector Logic: 1, Prev Injector Logic Instances: 1, Attack Started Flag: True, Normal Traffic Started Flag: True
[DEBUG Orchestrator] URLs derived for injector (if active): ['http://localhost:8080']
[Sniffer] Label set to: benign
[DEBUG Orchestrator] Should attack be active now? True (window: 20s-160s)
[DEBUG Orchestrator] End of Iteration. previous_num_instances_for_injector_logic updated to: 1
[DEGUG Orchestrator Loop Duration] Loop Duration = 1461.557595505
[Sniffer] Label set to: benign

--- Iteration 16 | Time: 75.0s / 180s ---
[Orchestrator]RTT = 125.17028666661645
[Orchestrator] Metrics: 1 active instance(s), Avg CPU: 32.97%, Avg App MEM: 25.74 MB
[Autoscaler] Decision: NO_ACTION. Avg CPU: 32.97% is within thresholds (25.0% - 60.0%).
[DEBUG Orchestrator] Iteration Start. Instances Before Injector Logic: 1, Prev Injector Logic Instances: 1, Attack Started Flag: True, Normal Traffic Started Flag: True
[DEBUG Orchestrator] URLs derived for injector (if active): ['http://localhost:8080']
[Sniffer] Label set to: benign
[DEBUG Orchestrator] Should attack be active now? True (window: 20s-160s)
[DEBUG Orchestrator] End of Iteration. previous_num_instances_for_injector_logic updated to: 1
[DEGUG Orchestrator Loop Duration] Loop Duration = 1466.557595505
[Sniffer] Label set to: benign

--- Iteration 17 | Time: 80.0s / 180s ---
[Orchestrator]RTT = 118.57978399996227
[Orchestrator] Metrics: 1 active instance(s), Avg CPU: 35.29%, Avg App MEM: 25.87 MB
[Autoscaler] Decision: NO_ACTION. Avg CPU: 35.29% is within thresholds (25.0% - 60.0%).
[DEBUG Orchestrator] Iteration Start. Instances Before Injector Logic: 1, Prev Injector Logic Instances: 1, Attack Started Flag: True, Normal Traffic Started Flag: True
[DEBUG Orchestrator] URLs derived for injector (if active): ['http://localhost:8080']
[Sniffer] Label set to: benign
[DEBUG Orchestrator] Should attack be active now? True (window: 20s-160s)
[DEBUG Orchestrator] End of Iteration. previous_num_instances_for_injector_logic updated to: 1
[DEGUG Orchestrator Loop Duration] Loop Duration = 1471.557595505
[Sniffer] Label set to: benign

--- Iteration 18 | Time: 85.0s / 180s ---
[Orchestrator]RTT = 283.7940523334055
[Orchestrator] Metrics: 1 active instance(s), Avg CPU: 29.43%, Avg App MEM: 25.85 MB
[Autoscaler] Decision: NO_ACTION. Avg CPU: 29.43% is within thresholds (25.0% - 60.0%).
[DEBUG Orchestrator] Iteration Start. Instances Before Injector Logic: 1, Prev Injector Logic Instances: 1, Attack Started Flag: True, Normal Traffic Started Flag: True
[DEBUG Orchestrator] URLs derived for injector (if active): ['http://localhost:8080']
[Sniffer] Label set to: benign
[DEBUG Orchestrator] Should attack be active now? True (window: 20s-160s)
[DEBUG Orchestrator] End of Iteration. previous_num_instances_for_injector_logic updated to: 1
[DEGUG Orchestrator Loop Duration] Loop Duration = 1476.557595505
[Sniffer] Label set to: benign

--- Iteration 19 | Time: 90.0s / 180s ---
[Orchestrator]RTT = 257.4575067142502
[Orchestrator] Metrics: 1 active instance(s), Avg CPU: 68.16%, Avg App MEM: 25.96 MB
[Autoscaler] Decision: SCALE_UP. Avg CPU: 68.16% > 60.0%. Current instances: 1, Max: 4
[Orchestrator] Action: Scaling UP from 1 instance(s). Attempting to start instance 2.
Attempting to start container target_instance_2 mapping container:80 to host:8081...
Container aec0486c4c (target_instance_2) started. Accessible on host port 8081.
[Orchestrator] Successfully started target_instance_2. Now 2 instance(s).
[Autoscaler] Scale action recorded. New instance count: 2. Cooldown timer reset.
[DEBUG Orchestrator] Iteration Start. Instances Before Injector Logic: 2, Prev Injector Logic Instances: 1, Attack Started Flag: True, Normal Traffic Started Flag: True
[DEBUG Orchestrator] URLs derived for injector (if active): ['http://localhost:8080', 'http://localhost:8081']
[Sniffer] Label set to: benign
[DEBUG Orchestrator] Should attack be active now? True (window: 20s-160s)
[DEBUG Orchestrator] Condition: Needs to RESTART attack (num instances changed from 1 to 2 AND attack was active).
[Orchestrator] Attack active and restart needed. Stopping current traffic injector...
[Injector] Signaling HTTP flood workers to stop...
[Injector] Stop signal sent (non-blocking).
[DEBUG Orchestrator] Called stop_http_flood. Sleeping for 1s...
[DEBUG Orchestrator] Resuming after sleep.
[Orchestrator] Starting/Restarting HTTP flood. Target URLs for this call: ['http://localhost:8080', 'http://localhost:8081']
[Injector] Starting HTTP flood with 4 attackers, ~0.5 RPS total, across 2 targets: http://localhost:8080, http://localhost:8081
  [Injector Worker 129470102988480] Started. Target: http://localhost:8080?work=500000&sleep=0.0, RPS: 0.12, Mean interval: 8.0000s (Poisson)
  [Injector Worker 129470094595776] Started. Target: http://localhost:8081?work=500000&sleep=0.0, RPS: 0.12, Mean interval: 8.0000s (Poisson)
  [Injector Worker 129470086203072] Started. Target: http://localhost:8080?work=500000&sleep=0.0, RPS: 0.12, Mean interval: 8.0000s (Poisson)
  [Injector Worker 129470077810368] Started. Target: http://localhost:8081?work=500000&sleep=0.0, RPS: 0.12, Mean interval: 8.0000s (Poisson)
[Injector] All 4 attacker threads launched.
[Sniffer] Label set to: attack
[DEBUG Orchestrator] attack_has_started flag set to TRUE.
[DEBUG Orchestrator] End of Iteration. previous_num_instances_for_injector_logic updated to: 2
[DEGUG Orchestrator Loop Duration] Loop Duration = 1481.557595505
[Sniffer] Label set to: benign

--- Iteration 20 | Time: 95.0s / 180s ---
[Orchestrator]RTT = 376.80376028570856
[Orchestrator] Metrics: 2 active instance(s), Avg CPU: 72.86%, Avg App MEM: 25.98 MB
[Autoscaler]In cooldown: 15.00010123800007
[DEBUG Orchestrator] Iteration Start. Instances Before Injector Logic: 2, Prev Injector Logic Instances: 2, Attack Started Flag: True, Normal Traffic Started Flag: True
[DEBUG Orchestrator] URLs derived for injector (if active): ['http://localhost:8080', 'http://localhost:8081']
[Sniffer] Label set to: benign
[DEBUG Orchestrator] Should attack be active now? True (window: 20s-160s)
[DEBUG Orchestrator] End of Iteration. previous_num_instances_for_injector_logic updated to: 2
[DEGUG Orchestrator Loop Duration] Loop Duration = 1486.557595505
[Sniffer] Label set to: benign

--- Iteration 21 | Time: 100.0s / 180s ---
[Orchestrator]RTT = 507.47863840006175
[Orchestrator] Metrics: 2 active instance(s), Avg CPU: 41.97%, Avg App MEM: 24.51 MB
[Autoscaler]In cooldown: 9.999215714999991
[DEBUG Orchestrator] Iteration Start. Instances Before Injector Logic: 2, Prev Injector Logic Instances: 2, Attack Started Flag: True, Normal Traffic Started Flag: True
[DEBUG Orchestrator] URLs derived for injector (if active): ['http://localhost:8080', 'http://localhost:8081']
[Sniffer] Label set to: benign
[DEBUG Orchestrator] Should attack be active now? True (window: 20s-160s)
[DEBUG Orchestrator] End of Iteration. previous_num_instances_for_injector_logic updated to: 2
[DEGUG Orchestrator Loop Duration] Loop Duration = 1491.557595505
[Sniffer] Label set to: benign

--- Iteration 22 | Time: 105.0s / 180s ---
[Orchestrator]RTT = 253.39868540004318
[Orchestrator] Metrics: 2 active instance(s), Avg CPU: 22.78%, Avg App MEM: 23.39 MB
[Autoscaler]In cooldown: 5.000693848000083
[DEBUG Orchestrator] Iteration Start. Instances Before Injector Logic: 2, Prev Injector Logic Instances: 2, Attack Started Flag: True, Normal Traffic Started Flag: True
[DEBUG Orchestrator] URLs derived for injector (if active): ['http://localhost:8080', 'http://localhost:8081']
[Sniffer] Label set to: benign
[DEBUG Orchestrator] Should attack be active now? True (window: 20s-160s)
[DEBUG Orchestrator] End of Iteration. previous_num_instances_for_injector_logic updated to: 2
[DEGUG Orchestrator Loop Duration] Loop Duration = 1496.557595505
[Sniffer] Label set to: benign

--- Iteration 23 | Time: 110.0s / 180s ---
[Orchestrator]RTT = 195.7858062856823
[Orchestrator] Metrics: 2 active instance(s), Avg CPU: 26.75%, Avg App MEM: 23.93 MB
[Autoscaler] Decision: NO_ACTION. Avg CPU: 26.75% is within thresholds (25.0% - 60.0%).
[DEBUG Orchestrator] Iteration Start. Instances Before Injector Logic: 2, Prev Injector Logic Instances: 2, Attack Started Flag: True, Normal Traffic Started Flag: True
[DEBUG Orchestrator] URLs derived for injector (if active): ['http://localhost:8080', 'http://localhost:8081']
[Sniffer] Label set to: benign
[DEBUG Orchestrator] Should attack be active now? True (window: 20s-160s)
[DEBUG Orchestrator] End of Iteration. previous_num_instances_for_injector_logic updated to: 2
[DEGUG Orchestrator Loop Duration] Loop Duration = 1501.557595505
[Sniffer] Label set to: benign

--- Iteration 24 | Time: 115.0s / 180s ---
[Orchestrator]RTT = 317.2073127999738
[Orchestrator] Metrics: 2 active instance(s), Avg CPU: 36.58%, Avg App MEM: 23.96 MB
[Autoscaler] Decision: NO_ACTION. Avg CPU: 36.58% is within thresholds (25.0% - 60.0%).
[DEBUG Orchestrator] Iteration Start. Instances Before Injector Logic: 2, Prev Injector Logic Instances: 2, Attack Started Flag: True, Normal Traffic Started Flag: True
[DEBUG Orchestrator] URLs derived for injector (if active): ['http://localhost:8080', 'http://localhost:8081']
[Sniffer] Label set to: benign
[DEBUG Orchestrator] Should attack be active now? True (window: 20s-160s)
[DEBUG Orchestrator] End of Iteration. previous_num_instances_for_injector_logic updated to: 2
[DEGUG Orchestrator Loop Duration] Loop Duration = 1506.557595505
[Sniffer] Label set to: benign

--- Iteration 25 | Time: 120.0s / 180s ---
[Orchestrator]RTT = 434.47869149997587
[Orchestrator] Metrics: 2 active instance(s), Avg CPU: 10.46%, Avg App MEM: 22.89 MB
[Autoscaler] Decision: SCALE_DOWN. Avg CPU: 10.46% < 25.0%. Current instances: 2, Min: 1
[Orchestrator] Action: Scaling DOWN from 2 instance(s). Stopping target_instance_2.
Attempting to stop and remove container target_instance_2...
Container target_instance_2 stopped and removed.
[Orchestrator] Successfully stopped target_instance_2. Now 1 instance(s).
[Autoscaler] Scale action recorded. New instance count: 1. Cooldown timer reset.
[DEBUG Orchestrator] Iteration Start. Instances Before Injector Logic: 1, Prev Injector Logic Instances: 2, Attack Started Flag: True, Normal Traffic Started Flag: True
[DEBUG Orchestrator] URLs derived for injector (if active): ['http://localhost:8080']
[Sniffer] Label set to: benign
[DEBUG Orchestrator] Should attack be active now? True (window: 20s-160s)
[DEBUG Orchestrator] Condition: Needs to RESTART attack (num instances changed from 2 to 1 AND attack was active).
[Orchestrator] Attack active and restart needed. Stopping current traffic injector...
[Injector] Signaling HTTP flood workers to stop...
[Injector] Stop signal sent (non-blocking).
[DEBUG Orchestrator] Called stop_http_flood. Sleeping for 1s...
  [Injector Worker 129470086203072] Stopped. Total requests: 9, Errors: 0
[DEBUG Orchestrator] Resuming after sleep.
[Orchestrator] Starting/Restarting HTTP flood. Target URLs for this call: ['http://localhost:8080']
[Injector] Starting HTTP flood with 4 attackers, ~0.5 RPS total, across 1 targets: http://localhost:8080
  [Injector Worker 129470086203072] Started. Target: http://localhost:8080?work=500000&sleep=0.0, RPS: 0.12, Mean interval: 8.0000s (Poisson)
  [Injector Worker 129470061024960] Started. Target: http://localhost:8080?work=500000&sleep=0.0, RPS: 0.12, Mean interval: 8.0000s (Poisson)
  [Injector Worker 129470052632256] Started. Target: http://localhost:8080?work=500000&sleep=0.0, RPS: 0.12, Mean interval: 8.0000s (Poisson)
  [Injector Worker 129470044239552] Started. Target: http://localhost:8080?work=500000&sleep=0.0, RPS: 0.12, Mean interval: 8.0000s (Poisson)
[Injector] All 4 attacker threads launched.
[Sniffer] Label set to: attack
[DEBUG Orchestrator] attack_has_started flag set to TRUE.
[DEBUG Orchestrator] End of Iteration. previous_num_instances_for_injector_logic updated to: 1
[DEGUG Orchestrator Loop Duration] Loop Duration = 1511.557595505
[Orchestrator] Warning: Loop iteration took longer than MONITOR_INTERVAL_SECONDS (5s). Not sleeping.
[Sniffer] Label set to: benign

--- Iteration 26 | Time: 127.8s / 180s ---
[Orchestrator]RTT = 506.0771351999847
[Orchestrator] Metrics: 1 active instance(s), Avg CPU: 38.96%, Avg App MEM: 26.18 MB
[Autoscaler]In cooldown: 12.242647410000018
[DEBUG Orchestrator] Iteration Start. Instances Before Injector Logic: 1, Prev Injector Logic Instances: 1, Attack Started Flag: True, Normal Traffic Started Flag: True
[DEBUG Orchestrator] URLs derived for injector (if active): ['http://localhost:8080']
[Sniffer] Label set to: benign
[DEBUG Orchestrator] Should attack be active now? True (window: 20s-160s)
[DEBUG Orchestrator] End of Iteration. previous_num_instances_for_injector_logic updated to: 1
[DEGUG Orchestrator Loop Duration] Loop Duration = 1516.557595505
[Sniffer] Label set to: benign

--- Iteration 27 | Time: 130.0s / 180s ---
[Orchestrator]RTT = 847.1319295000512
[Orchestrator] Metrics: 1 active instance(s), Avg CPU: 35.44%, Avg App MEM: 26.21 MB
[Autoscaler]In cooldown: 10.00857525299989
[DEBUG Orchestrator] Iteration Start. Instances Before Injector Logic: 1, Prev Injector Logic Instances: 1, Attack Started Flag: True, Normal Traffic Started Flag: True
[DEBUG Orchestrator] URLs derived for injector (if active): ['http://localhost:8080']
[Sniffer] Label set to: benign
[DEBUG Orchestrator] Should attack be active now? True (window: 20s-160s)
[DEBUG Orchestrator] End of Iteration. previous_num_instances_for_injector_logic updated to: 1
[DEGUG Orchestrator Loop Duration] Loop Duration = 1521.557595505
[Sniffer] Label set to: benign

--- Iteration 28 | Time: 135.0s / 180s ---
[Orchestrator]RTT = 603.0578343333369
[Orchestrator] Metrics: 1 active instance(s), Avg CPU: 154.70%, Avg App MEM: 27.18 MB
[Autoscaler]In cooldown: 5.014050831000077
[DEBUG Orchestrator] Iteration Start. Instances Before Injector Logic: 1, Prev Injector Logic Instances: 1, Attack Started Flag: True, Normal Traffic Started Flag: True
[DEBUG Orchestrator] URLs derived for injector (if active): ['http://localhost:8080']
[Sniffer] Label set to: benign
[DEBUG Orchestrator] Should attack be active now? True (window: 20s-160s)
[DEBUG Orchestrator] End of Iteration. previous_num_instances_for_injector_logic updated to: 1
[DEGUG Orchestrator Loop Duration] Loop Duration = 1526.557595505
[Sniffer] Label set to: benign

--- Iteration 29 | Time: 140.0s / 180s ---
[Orchestrator]RTT = 360.5399542857088
[Orchestrator] Metrics: 1 active instance(s), Avg CPU: 91.69%, Avg App MEM: 27.35 MB
[Autoscaler] Decision: SCALE_UP. Avg CPU: 91.69% > 60.0%. Current instances: 1, Max: 4
[Orchestrator] Action: Scaling UP from 1 instance(s). Attempting to start instance 3.
Attempting to start container target_instance_3 mapping container:80 to host:8082...
Container dad329f306 (target_instance_3) started. Accessible on host port 8082.
[Orchestrator] Successfully started target_instance_3. Now 2 instance(s).
[Autoscaler] Scale action recorded. New instance count: 2. Cooldown timer reset.
[DEBUG Orchestrator] Iteration Start. Instances Before Injector Logic: 2, Prev Injector Logic Instances: 1, Attack Started Flag: True, Normal Traffic Started Flag: True
[DEBUG Orchestrator] URLs derived for injector (if active): ['http://localhost:8080', 'http://localhost:8082']
[Sniffer] Label set to: benign
[DEBUG Orchestrator] Should attack be active now? True (window: 20s-160s)
[DEBUG Orchestrator] Condition: Needs to RESTART attack (num instances changed from 1 to 2 AND attack was active).
[Orchestrator] Attack active and restart needed. Stopping current traffic injector...
[Injector] Signaling HTTP flood workers to stop...
[Injector] Stop signal sent (non-blocking).
[DEBUG Orchestrator] Called stop_http_flood. Sleeping for 1s...
  [Injector Worker 129470094595776] Stopped. Total requests: 3, Errors: 1
[DEBUG Orchestrator] Resuming after sleep.
[Orchestrator] Starting/Restarting HTTP flood. Target URLs for this call: ['http://localhost:8080', 'http://localhost:8082']
[Injector] Starting HTTP flood with 4 attackers, ~0.5 RPS total, across 2 targets: http://localhost:8080, http://localhost:8082
  [Injector Worker 129470094595776] Started. Target: http://localhost:8080?work=500000&sleep=0.0, RPS: 0.12, Mean interval: 8.0000s (Poisson)
  [Injector Worker 129470027454144] Started. Target: http://localhost:8082?work=500000&sleep=0.0, RPS: 0.12, Mean interval: 8.0000s (Poisson)
  [Injector Worker 129470019061440] Started. Target: http://localhost:8080?work=500000&sleep=0.0, RPS: 0.12, Mean interval: 8.0000s (Poisson)
  [Injector Worker 129470010668736] Started. Target: http://localhost:8082?work=500000&sleep=0.0, RPS: 0.12, Mean interval: 8.0000s (Poisson)
[Injector] All 4 attacker threads launched.
[Sniffer] Label set to: attack
[DEBUG Orchestrator] attack_has_started flag set to TRUE.
[DEBUG Orchestrator] End of Iteration. previous_num_instances_for_injector_logic updated to: 2
[DEGUG Orchestrator Loop Duration] Loop Duration = 1531.557595505
[Orchestrator] Warning: Loop iteration took longer than MONITOR_INTERVAL_SECONDS (5s). Not sleeping.
[Sniffer] Label set to: benign

--- Iteration 30 | Time: 147.6s / 180s ---
[Orchestrator]RTT = 754.9381302222223
[Orchestrator] Metrics: 2 active instance(s), Avg CPU: 121.05%, Avg App MEM: 27.75 MB
[Autoscaler]In cooldown: 12.40594688200008
[DEBUG Orchestrator] Iteration Start. Instances Before Injector Logic: 2, Prev Injector Logic Instances: 2, Attack Started Flag: True, Normal Traffic Started Flag: True
[DEBUG Orchestrator] URLs derived for injector (if active): ['http://localhost:8080', 'http://localhost:8082']
[Sniffer] Label set to: benign
[DEBUG Orchestrator] Should attack be active now? True (window: 20s-160s)
[DEBUG Orchestrator] End of Iteration. previous_num_instances_for_injector_logic updated to: 2
[DEGUG Orchestrator Loop Duration] Loop Duration = 1536.557595505
[Sniffer] Label set to: benign

--- Iteration 31 | Time: 150.0s / 180s ---
[Orchestrator]RTT = 557.679390444466
[Orchestrator] Metrics: 2 active instance(s), Avg CPU: 38.66%, Avg App MEM: 25.65 MB
[Autoscaler]In cooldown: 10.017770272000007
[DEBUG Orchestrator] Iteration Start. Instances Before Injector Logic: 2, Prev Injector Logic Instances: 2, Attack Started Flag: True, Normal Traffic Started Flag: True
[DEBUG Orchestrator] URLs derived for injector (if active): ['http://localhost:8080', 'http://localhost:8082']
[Sniffer] Label set to: benign
[DEBUG Orchestrator] Should attack be active now? True (window: 20s-160s)
[DEBUG Orchestrator] End of Iteration. previous_num_instances_for_injector_logic updated to: 2
[DEGUG Orchestrator Loop Duration] Loop Duration = 1541.557595505
[Sniffer] Label set to: benign

--- Iteration 32 | Time: 155.0s / 180s ---
[Orchestrator]RTT = 277.6766688571115
[Orchestrator] Metrics: 2 active instance(s), Avg CPU: 41.27%, Avg App MEM: 24.53 MB
[Autoscaler]In cooldown: 5.017812679999906
[DEBUG Orchestrator] Iteration Start. Instances Before Injector Logic: 2, Prev Injector Logic Instances: 2, Attack Started Flag: True, Normal Traffic Started Flag: True
[DEBUG Orchestrator] URLs derived for injector (if active): ['http://localhost:8080', 'http://localhost:8082']
[Sniffer] Label set to: benign
[DEBUG Orchestrator] Should attack be active now? True (window: 20s-160s)
[DEBUG Orchestrator] End of Iteration. previous_num_instances_for_injector_logic updated to: 2
[DEGUG Orchestrator Loop Duration] Loop Duration = 1546.557595505
[Sniffer] Label set to: benign

--- Iteration 33 | Time: 160.0s / 180s ---
[Orchestrator]RTT = 242.7771791666752
[Orchestrator] Metrics: 2 active instance(s), Avg CPU: 28.01%, Avg App MEM: 24.78 MB
[Autoscaler] Decision: NO_ACTION. Avg CPU: 28.01% is within thresholds (25.0% - 60.0%).
[DEBUG Orchestrator] Iteration Start. Instances Before Injector Logic: 2, Prev Injector Logic Instances: 2, Attack Started Flag: True, Normal Traffic Started Flag: True
[DEBUG Orchestrator] URLs derived for injector (if active): ['http://localhost:8080', 'http://localhost:8082']
[Sniffer] Label set to: benign
[DEBUG Orchestrator] Should attack be active now? False (window: 20s-160s)
[Orchestrator] Attack duration ended or outside schedule. Stopping HTTP flood.
[Injector] Signaling HTTP flood workers to stop...
[Injector] Stop signal sent (non-blocking).
[DEBUG Orchestrator] attack_has_started flag set to FALSE (attack period ended).
[DEBUG Orchestrator] End of Iteration. previous_num_instances_for_injector_logic updated to: 2
[DEGUG Orchestrator Loop Duration] Loop Duration = 1551.557595505
  [Injector Worker 129471881389760] Stopped. Total requests: 21, Errors: 0
  [Injector Worker 129470027454144] Stopped. Total requests: 2, Errors: 0
  [Injector Worker 129470052632256] Stopped. Total requests: 3, Errors: 0
  [Injector Worker 129470077810368] Stopped. Total requests: 3, Errors: 6
  [Injector Worker 129470061024960] Stopped. Total requests: 6, Errors: 0
  [Injector Worker 129471898175168] Stopped. Total requests: 18, Errors: 0
  [Injector Worker 129470044239552] Stopped. Total requests: 4, Errors: 0
[Sniffer] Label set to: benign

--- Iteration 34 | Time: 165.0s / 180s ---
[Orchestrator]RTT = 46.69528928817091
[Orchestrator] Metrics: 2 active instance(s), Avg CPU: 57.45%, Avg App MEM: 25.46 MB
[Autoscaler] Decision: NO_ACTION. Avg CPU: 57.45% is within thresholds (25.0% - 60.0%).
[DEBUG Orchestrator] Iteration Start. Instances Before Injector Logic: 2, Prev Injector Logic Instances: 2, Attack Started Flag: False, Normal Traffic Started Flag: True
[DEBUG Orchestrator] URLs derived for injector (if active): ['http://localhost:8080', 'http://localhost:8082']
[Sniffer] Label set to: benign
[DEBUG Orchestrator] Should attack be active now? False (window: 20s-160s)
[DEBUG Orchestrator] End of Iteration. previous_num_instances_for_injector_logic updated to: 2
[DEGUG Orchestrator Loop Duration] Loop Duration = 1556.557595505
  [Injector Worker 129470102988480] Stopped. Total requests: 6, Errors: 0
  [Injector Worker 129470094595776] Stopped. Total requests: 3, Errors: 0
  [Injector Worker 129470010668736] Stopped. Total requests: 2, Errors: 0
[Sniffer] Label set to: benign

--- Iteration 35 | Time: 170.1s / 180s ---
[Orchestrator]RTT = 29.296008384017647
[Orchestrator] Metrics: 2 active instance(s), Avg CPU: 19.26%, Avg App MEM: 24.46 MB
[Autoscaler] Decision: SCALE_DOWN. Avg CPU: 19.26% < 25.0%. Current instances: 2, Min: 1
[Orchestrator] Action: Scaling DOWN from 2 instance(s). Stopping target_instance_3.
Attempting to stop and remove container target_instance_3...
  [Injector Worker 129471923353280] Stopped. Total requests: 18, Errors: 0
Container target_instance_3 stopped and removed.
[Orchestrator] Successfully stopped target_instance_3. Now 1 instance(s).
[Autoscaler] Scale action recorded. New instance count: 1. Cooldown timer reset.
[DEBUG Orchestrator] Iteration Start. Instances Before Injector Logic: 1, Prev Injector Logic Instances: 2, Attack Started Flag: False, Normal Traffic Started Flag: True
[DEBUG Orchestrator] URLs derived for injector (if active): ['http://localhost:8080']
[Sniffer] Label set to: benign
[DEBUG Orchestrator] Should attack be active now? False (window: 20s-160s)
[DEBUG Orchestrator] End of Iteration. previous_num_instances_for_injector_logic updated to: 1
[DEGUG Orchestrator Loop Duration] Loop Duration = 1561.557595505
[Orchestrator] Warning: Loop iteration took longer than MONITOR_INTERVAL_SECONDS (5s). Not sleeping.
[Sniffer] Label set to: benign

--- Iteration 36 | Time: 176.0s / 180s ---
[Orchestrator]RTT = 27.894304541064045
[Orchestrator] Metrics: 1 active instance(s), Avg CPU: 28.55%, Avg App MEM: 27.47 MB
[Autoscaler]In cooldown: 14.050609712999858
[DEBUG Orchestrator] Iteration Start. Instances Before Injector Logic: 1, Prev Injector Logic Instances: 1, Attack Started Flag: False, Normal Traffic Started Flag: True
[DEBUG Orchestrator] URLs derived for injector (if active): ['http://localhost:8080']
[Sniffer] Label set to: benign
[DEBUG Orchestrator] Should attack be active now? False (window: 20s-160s)
[DEBUG Orchestrator] End of Iteration. previous_num_instances_for_injector_logic updated to: 1
[DEGUG Orchestrator Loop Duration] Loop Duration = 1566.557595505

[Orchestrator] Simulation duration reached.
[Orchestrator] Saving RTT log...
[Sniffer] Realtime tcpdump stopped.
[Orchestrator] Stopping normal traffic...
[Normal_Injector] Signaling workers to stop...
  [Normal_Injector Worker 129474674816704] Stopped. Total requests: 4527, Errors: 1
  [Normal_Injector Worker 129475030165184] Stopped. Total requests: 4419, Errors: 3
  [Normal_Injector Worker 129474658031296] Stopped. Total requests: 4356, Errors: 2
  [Normal_Injector Worker 129475046950592] Stopped. Total requests: 4516, Errors: 2
[Normal_Injector] Stop signal sent (non-blocking).
[Orchestrator] Cleaning up all simulation instances...
Cleaning up all simulation instances...
Stopping and removing container: target_instance_1 (c115636b58)...
  [Injector Worker 129470019061440] Stopped. Total requests: 3, Errors: 0
  Container target_instance_1 removed.
Simulation instance cleanup complete.
[Stats_Collector] Stopping stats collector thread...
[Orchestrator] Simulation Complete. Total Fictional Cost: $0.0013
[Orchestrator] Metrics logged in: simulation_metrics.csv

===== [stage1b] S2 (100 req/s normal) + 0.5% ataque (~0.500 req/s) @ WU=500000 rep=2 =====
Attacker RPS set to: 0.125
Number of attackers set to: 4
Simulation duration set to: 180
Attack work units set to: 500000
Normal traffic RPS per client set to: 25.0
Normal traffic work units set to: 10
[Orchestrator] Initializing simulation environment...
[Sniffer] Realtime tcpdump started on any
[Sniffer] Label set to: benign
[Autoscaler] Initialized.
Attempting to build Docker image: edos_target_app:latest...
Image edos_target_app:latest already exists. Skipping build.
Docker network 'edos_network' already exists.
[Orchestrator] Cleaning up any pre-existing simulation instances...
Cleaning up all simulation instances...
No simulation instances found to clean up.
[Orchestrator] Starting initial 1 instance(s)...
Attempting to start container target_instance_1 mapping container:80 to host:8080...
Container 70edba6650 (target_instance_1) started. Accessible on host port 8080.
[Autoscaler] Initial number of instances set to: 1
[Orchestrator] 1 initial instance(s) running.
[Orchestrator] Metrics will be logged to: simulation_metrics.csv
[Orchestrator] Attack summary will be logged to: attack_summary_log.csv
[Orchestrator] Normal traffic summary will be logged to: normal_traffic_summary_log.csv
[Orchestrator] Starting simulation main loop for 180 seconds.
[Orchestrator] Monitoring interval: 5s. Cooldown: 20s.
[Orchestrator] CPU Thresholds: Scale Up > 60.0%, Scale Down < 25.0%
[Orchestrator] Traffic injection scheduled: Start at 20s, Duration 140s.
[Sniffer] Label set to: benign

--- Iteration 1 | Time: 0.0s / 180s ---
[Orchestrator]RTT = 0.0
[Orchestrator] Metrics: 1 active instance(s), Avg CPU: 0.00%, Avg App MEM: 0.00 MB
[Autoscaler] Condition for SCALE_DOWN met (Avg CPU: 0.00%), but already at MIN_INSTANCES (1). No action.
[DEBUG Orchestrator] Iteration Start. Instances Before Injector Logic: 1, Prev Injector Logic Instances: 1, Attack Started Flag: False, Normal Traffic Started Flag: False
[DEBUG Orchestrator] URLs derived for injector (if active): ['http://localhost:8080']
[Sniffer] Label set to: benign
[DEBUG Orchestrator] Should attack be active now? False (window: 20s-160s)
[Orchestrator] Starting/Restarting Normal Traffic. Target URLs for this call: ['http://localhost:8080']
[Normal_Injector] Starting HTTP flood with 4 attackers, ~100.0 RPS total, across 1 targets: http://localhost:8080
  [Normal_Injector Worker 134700903425728] Started. Target: http://localhost:8080?work=10&sleep=0.0, RPS: 25.00, Mean interval: 0.0400s (Poisson)
  [Normal_Injector Worker 134700886640320] Started. Target: http://localhost:8080?work=10&sleep=0.0, RPS: 25.00, Mean interval: 0.0400s (Poisson)
  [Normal_Injector Worker 134700869854912] Started. Target: http://localhost:8080?work=10&sleep=0.0, RPS: 25.00, Mean interval: 0.0400s (Poisson)
  [Normal_Injector Worker 134700374947520] Started. Target: http://localhost:8080?work=10&sleep=0.0, RPS: 25.00, Mean interval: 0.0400s (Poisson)
[Normal_Injector] All 4 attacker threads launched.
[DEBUG Orchestrator] End of Iteration. previous_num_instances_for_injector_logic updated to: 1
[DEGUG Orchestrator Loop Duration] Loop Duration = 1581.493647022
[Sniffer] Label set to: benign

--- Iteration 2 | Time: 5.0s / 180s ---
[Orchestrator]RTT = 26.569989912781622
[Orchestrator] Metrics: 1 active instance(s), Avg CPU: 24.06%, Avg App MEM: 22.79 MB
[Autoscaler] Condition for SCALE_DOWN met (Avg CPU: 24.06%), but already at MIN_INSTANCES (1). No action.
[DEBUG Orchestrator] Iteration Start. Instances Before Injector Logic: 1, Prev Injector Logic Instances: 1, Attack Started Flag: False, Normal Traffic Started Flag: True
[DEBUG Orchestrator] URLs derived for injector (if active): ['http://localhost:8080']
[Sniffer] Label set to: benign
[DEBUG Orchestrator] Should attack be active now? False (window: 20s-160s)
[DEBUG Orchestrator] End of Iteration. previous_num_instances_for_injector_logic updated to: 1
[DEGUG Orchestrator Loop Duration] Loop Duration = 1586.493647022
[Sniffer] Label set to: benign

--- Iteration 3 | Time: 10.0s / 180s ---
[Orchestrator]RTT = 27.77438354528359
[Orchestrator] Metrics: 1 active instance(s), Avg CPU: 18.34%, Avg App MEM: 22.90 MB
[Autoscaler] Condition for SCALE_DOWN met (Avg CPU: 18.34%), but already at MIN_INSTANCES (1). No action.
[DEBUG Orchestrator] Iteration Start. Instances Before Injector Logic: 1, Prev Injector Logic Instances: 1, Attack Started Flag: False, Normal Traffic Started Flag: True
[DEBUG Orchestrator] URLs derived for injector (if active): ['http://localhost:8080']
[Sniffer] Label set to: benign
[DEBUG Orchestrator] Should attack be active now? False (window: 20s-160s)
[DEBUG Orchestrator] End of Iteration. previous_num_instances_for_injector_logic updated to: 1
[DEGUG Orchestrator Loop Duration] Loop Duration = 1591.493647022
[Sniffer] Label set to: benign

--- Iteration 4 | Time: 15.0s / 180s ---
[Orchestrator]RTT = 25.93936415336766
[Orchestrator] Metrics: 1 active instance(s), Avg CPU: 23.01%, Avg App MEM: 23.02 MB
[Autoscaler] Condition for SCALE_DOWN met (Avg CPU: 23.01%), but already at MIN_INSTANCES (1). No action.
[DEBUG Orchestrator] Iteration Start. Instances Before Injector Logic: 1, Prev Injector Logic Instances: 1, Attack Started Flag: False, Normal Traffic Started Flag: True
[DEBUG Orchestrator] URLs derived for injector (if active): ['http://localhost:8080']
[Sniffer] Label set to: benign
[DEBUG Orchestrator] Should attack be active now? False (window: 20s-160s)
[DEBUG Orchestrator] End of Iteration. previous_num_instances_for_injector_logic updated to: 1
[DEGUG Orchestrator Loop Duration] Loop Duration = 1596.493647022
[Sniffer] Label set to: benign

--- Iteration 5 | Time: 20.0s / 180s ---
[Orchestrator]RTT = 25.531030258517312
[Orchestrator] Metrics: 1 active instance(s), Avg CPU: 18.27%, Avg App MEM: 23.48 MB
[Autoscaler] Condition for SCALE_DOWN met (Avg CPU: 18.27%), but already at MIN_INSTANCES (1). No action.
[DEBUG Orchestrator] Iteration Start. Instances Before Injector Logic: 1, Prev Injector Logic Instances: 1, Attack Started Flag: False, Normal Traffic Started Flag: True
[DEBUG Orchestrator] URLs derived for injector (if active): ['http://localhost:8080']
[Sniffer] Label set to: benign
[DEBUG Orchestrator] Should attack be active now? True (window: 20s-160s)
[DEBUG Orchestrator] Condition: Needs to START attack (was not started and in attack window).
[Orchestrator] Starting/Restarting HTTP flood. Target URLs for this call: ['http://localhost:8080']
[Injector] Starting HTTP flood with 4 attackers, ~0.5 RPS total, across 1 targets: http://localhost:8080
  [Injector Worker 134697665414848] Started. Target: http://localhost:8080?work=500000&sleep=0.0, RPS: 0.12, Mean interval: 8.0000s (Poisson)
  [Injector Worker 134697648629440] Started. Target: http://localhost:8080?work=500000&sleep=0.0, RPS: 0.12, Mean interval: 8.0000s (Poisson)
  [Injector Worker 134697153722048] Started. Target: http://localhost:8080?work=500000&sleep=0.0, RPS: 0.12, Mean interval: 8.0000s (Poisson)
  [Injector Worker 134697145329344] Started. Target: http://localhost:8080?work=500000&sleep=0.0, RPS: 0.12, Mean interval: 8.0000s (Poisson)
[Injector] All 4 attacker threads launched.
[Sniffer] Label set to: attack
[DEBUG Orchestrator] attack_has_started flag set to TRUE.
[DEBUG Orchestrator] End of Iteration. previous_num_instances_for_injector_logic updated to: 1
[DEGUG Orchestrator Loop Duration] Loop Duration = 1601.493647022
[Sniffer] Label set to: benign

--- Iteration 6 | Time: 25.0s / 180s ---
[Orchestrator]RTT = 190.00778099999138
[Orchestrator] Metrics: 1 active instance(s), Avg CPU: 41.11%, Avg App MEM: 24.85 MB
[Autoscaler] Decision: NO_ACTION. Avg CPU: 41.11% is within thresholds (25.0% - 60.0%).
[DEBUG Orchestrator] Iteration Start. Instances Before Injector Logic: 1, Prev Injector Logic Instances: 1, Attack Started Flag: True, Normal Traffic Started Flag: True
[DEBUG Orchestrator] URLs derived for injector (if active): ['http://localhost:8080']
[Sniffer] Label set to: benign
[DEBUG Orchestrator] Should attack be active now? True (window: 20s-160s)
[DEBUG Orchestrator] End of Iteration. previous_num_instances_for_injector_logic updated to: 1
[DEGUG Orchestrator Loop Duration] Loop Duration = 1606.493647022
[Sniffer] Label set to: benign

--- Iteration 7 | Time: 30.0s / 180s ---
[Orchestrator]RTT = 114.03593099998943
[Orchestrator] Metrics: 1 active instance(s), Avg CPU: 27.32%, Avg App MEM: 25.32 MB
[Autoscaler] Decision: NO_ACTION. Avg CPU: 27.32% is within thresholds (25.0% - 60.0%).
[DEBUG Orchestrator] Iteration Start. Instances Before Injector Logic: 1, Prev Injector Logic Instances: 1, Attack Started Flag: True, Normal Traffic Started Flag: True
[DEBUG Orchestrator] URLs derived for injector (if active): ['http://localhost:8080']
[Sniffer] Label set to: benign
[DEBUG Orchestrator] Should attack be active now? True (window: 20s-160s)
[DEBUG Orchestrator] End of Iteration. previous_num_instances_for_injector_logic updated to: 1
[DEGUG Orchestrator Loop Duration] Loop Duration = 1611.493647022
[Sniffer] Label set to: benign

--- Iteration 8 | Time: 35.0s / 180s ---
[Orchestrator]RTT = 172.2005543999785
[Orchestrator] Metrics: 1 active instance(s), Avg CPU: 44.65%, Avg App MEM: 24.96 MB
[Autoscaler] Decision: NO_ACTION. Avg CPU: 44.65% is within thresholds (25.0% - 60.0%).
[DEBUG Orchestrator] Iteration Start. Instances Before Injector Logic: 1, Prev Injector Logic Instances: 1, Attack Started Flag: True, Normal Traffic Started Flag: True
[DEBUG Orchestrator] URLs derived for injector (if active): ['http://localhost:8080']
[Sniffer] Label set to: benign
[DEBUG Orchestrator] Should attack be active now? True (window: 20s-160s)
[DEBUG Orchestrator] End of Iteration. previous_num_instances_for_injector_logic updated to: 1
[DEGUG Orchestrator Loop Duration] Loop Duration = 1616.493647022
[Sniffer] Label set to: benign

--- Iteration 9 | Time: 40.0s / 180s ---
[Orchestrator]RTT = 154.74109666661207
[Orchestrator] Metrics: 1 active instance(s), Avg CPU: 35.73%, Avg App MEM: 25.12 MB
[Autoscaler] Decision: NO_ACTION. Avg CPU: 35.73% is within thresholds (25.0% - 60.0%).
[DEBUG Orchestrator] Iteration Start. Instances Before Injector Logic: 1, Prev Injector Logic Instances: 1, Attack Started Flag: True, Normal Traffic Started Flag: True
[DEBUG Orchestrator] URLs derived for injector (if active): ['http://localhost:8080']
[Sniffer] Label set to: benign
[DEBUG Orchestrator] Should attack be active now? True (window: 20s-160s)
[DEBUG Orchestrator] End of Iteration. previous_num_instances_for_injector_logic updated to: 1
[DEGUG Orchestrator Loop Duration] Loop Duration = 1621.493647022
[Sniffer] Label set to: benign

--- Iteration 10 | Time: 45.0s / 180s ---
[Orchestrator]RTT = 144.36311533336266
[Orchestrator] Metrics: 1 active instance(s), Avg CPU: 28.14%, Avg App MEM: 25.49 MB
[Autoscaler] Decision: NO_ACTION. Avg CPU: 28.14% is within thresholds (25.0% - 60.0%).
[DEBUG Orchestrator] Iteration Start. Instances Before Injector Logic: 1, Prev Injector Logic Instances: 1, Attack Started Flag: True, Normal Traffic Started Flag: True
[DEBUG Orchestrator] URLs derived for injector (if active): ['http://localhost:8080']
[Sniffer] Label set to: benign
[DEBUG Orchestrator] Should attack be active now? True (window: 20s-160s)
[DEBUG Orchestrator] End of Iteration. previous_num_instances_for_injector_logic updated to: 1
[DEGUG Orchestrator Loop Duration] Loop Duration = 1626.493647022
[Sniffer] Label set to: benign

--- Iteration 11 | Time: 50.0s / 180s ---
[Orchestrator]RTT = 138.32812550003837
[Orchestrator] Metrics: 1 active instance(s), Avg CPU: 28.24%, Avg App MEM: 25.13 MB
[Autoscaler] Decision: NO_ACTION. Avg CPU: 28.24% is within thresholds (25.0% - 60.0%).
[DEBUG Orchestrator] Iteration Start. Instances Before Injector Logic: 1, Prev Injector Logic Instances: 1, Attack Started Flag: True, Normal Traffic Started Flag: True
[DEBUG Orchestrator] URLs derived for injector (if active): ['http://localhost:8080']
[Sniffer] Label set to: benign
[DEBUG Orchestrator] Should attack be active now? True (window: 20s-160s)
[DEBUG Orchestrator] End of Iteration. previous_num_instances_for_injector_logic updated to: 1
[DEGUG Orchestrator Loop Duration] Loop Duration = 1631.493647022
[Sniffer] Label set to: benign

--- Iteration 12 | Time: 55.0s / 180s ---
[Orchestrator]RTT = 114.10516799992365
[Orchestrator] Metrics: 1 active instance(s), Avg CPU: 27.43%, Avg App MEM: 25.12 MB
[Autoscaler] Decision: NO_ACTION. Avg CPU: 27.43% is within thresholds (25.0% - 60.0%).
[DEBUG Orchestrator] Iteration Start. Instances Before Injector Logic: 1, Prev Injector Logic Instances: 1, Attack Started Flag: True, Normal Traffic Started Flag: True
[DEBUG Orchestrator] URLs derived for injector (if active): ['http://localhost:8080']
[Sniffer] Label set to: benign
[DEBUG Orchestrator] Should attack be active now? True (window: 20s-160s)
[DEBUG Orchestrator] End of Iteration. previous_num_instances_for_injector_logic updated to: 1
[DEGUG Orchestrator Loop Duration] Loop Duration = 1636.493647022
[Sniffer] Label set to: benign

--- Iteration 13 | Time: 60.0s / 180s ---
[Orchestrator]RTT = 108.16020700008266
[Orchestrator] Metrics: 1 active instance(s), Avg CPU: 21.74%, Avg App MEM: 25.13 MB
[Autoscaler] Condition for SCALE_DOWN met (Avg CPU: 21.74%), but already at MIN_INSTANCES (1). No action.
[DEBUG Orchestrator] Iteration Start. Instances Before Injector Logic: 1, Prev Injector Logic Instances: 1, Attack Started Flag: True, Normal Traffic Started Flag: True
[DEBUG Orchestrator] URLs derived for injector (if active): ['http://localhost:8080']
[Sniffer] Label set to: benign
[DEBUG Orchestrator] Should attack be active now? True (window: 20s-160s)
[DEBUG Orchestrator] End of Iteration. previous_num_instances_for_injector_logic updated to: 1
[DEGUG Orchestrator Loop Duration] Loop Duration = 1641.493647022
[Sniffer] Label set to: benign

--- Iteration 14 | Time: 65.0s / 180s ---
[Orchestrator]RTT = 128.9664062500151
[Orchestrator] Metrics: 1 active instance(s), Avg CPU: 24.63%, Avg App MEM: 25.13 MB
[Autoscaler] Condition for SCALE_DOWN met (Avg CPU: 24.63%), but already at MIN_INSTANCES (1). No action.
[DEBUG Orchestrator] Iteration Start. Instances Before Injector Logic: 1, Prev Injector Logic Instances: 1, Attack Started Flag: True, Normal Traffic Started Flag: True
[DEBUG Orchestrator] URLs derived for injector (if active): ['http://localhost:8080']
[Sniffer] Label set to: benign
[DEBUG Orchestrator] Should attack be active now? True (window: 20s-160s)
[DEBUG Orchestrator] End of Iteration. previous_num_instances_for_injector_logic updated to: 1
[DEGUG Orchestrator Loop Duration] Loop Duration = 1646.493647022
[Sniffer] Label set to: benign

--- Iteration 15 | Time: 70.0s / 180s ---
[Orchestrator]RTT = 0.0
[Orchestrator] Metrics: 1 active instance(s), Avg CPU: 26.16%, Avg App MEM: 25.06 MB
[Autoscaler] Decision: NO_ACTION. Avg CPU: 26.16% is within thresholds (25.0% - 60.0%).
[DEBUG Orchestrator] Iteration Start. Instances Before Injector Logic: 1, Prev Injector Logic Instances: 1, Attack Started Flag: True, Normal Traffic Started Flag: True
[DEBUG Orchestrator] URLs derived for injector (if active): ['http://localhost:8080']
[Sniffer] Label set to: benign
[DEBUG Orchestrator] Should attack be active now? True (window: 20s-160s)
[DEBUG Orchestrator] End of Iteration. previous_num_instances_for_injector_logic updated to: 1
[DEGUG Orchestrator Loop Duration] Loop Duration = 1651.493647022
[Sniffer] Label set to: benign

--- Iteration 16 | Time: 75.0s / 180s ---
[Orchestrator]RTT = 152.39054700003862
[Orchestrator] Metrics: 1 active instance(s), Avg CPU: 22.49%, Avg App MEM: 25.13 MB
[Autoscaler] Condition for SCALE_DOWN met (Avg CPU: 22.49%), but already at MIN_INSTANCES (1). No action.
[DEBUG Orchestrator] Iteration Start. Instances Before Injector Logic: 1, Prev Injector Logic Instances: 1, Attack Started Flag: True, Normal Traffic Started Flag: True
[DEBUG Orchestrator] URLs derived for injector (if active): ['http://localhost:8080']
[Sniffer] Label set to: benign
[DEBUG Orchestrator] Should attack be active now? True (window: 20s-160s)
[DEBUG Orchestrator] End of Iteration. previous_num_instances_for_injector_logic updated to: 1
[DEGUG Orchestrator Loop Duration] Loop Duration = 1656.493647022
[Sniffer] Label set to: benign

--- Iteration 17 | Time: 80.0s / 180s ---
[Orchestrator]RTT = 157.6474421999137
[Orchestrator] Metrics: 1 active instance(s), Avg CPU: 18.34%, Avg App MEM: 25.26 MB
[Autoscaler] Condition for SCALE_DOWN met (Avg CPU: 18.34%), but already at MIN_INSTANCES (1). No action.
[DEBUG Orchestrator] Iteration Start. Instances Before Injector Logic: 1, Prev Injector Logic Instances: 1, Attack Started Flag: True, Normal Traffic Started Flag: True
[DEBUG Orchestrator] URLs derived for injector (if active): ['http://localhost:8080']
[Sniffer] Label set to: benign
[DEBUG Orchestrator] Should attack be active now? True (window: 20s-160s)
[DEBUG Orchestrator] End of Iteration. previous_num_instances_for_injector_logic updated to: 1
[DEGUG Orchestrator Loop Duration] Loop Duration = 1661.493647022
[Sniffer] Label set to: benign

--- Iteration 18 | Time: 85.0s / 180s ---
[Orchestrator]RTT = 122.50911280002583
[Orchestrator] Metrics: 1 active instance(s), Avg CPU: 31.46%, Avg App MEM: 25.02 MB
[Autoscaler] Decision: NO_ACTION. Avg CPU: 31.46% is within thresholds (25.0% - 60.0%).
[DEBUG Orchestrator] Iteration Start. Instances Before Injector Logic: 1, Prev Injector Logic Instances: 1, Attack Started Flag: True, Normal Traffic Started Flag: True
[DEBUG Orchestrator] URLs derived for injector (if active): ['http://localhost:8080']
[Sniffer] Label set to: benign
[DEBUG Orchestrator] Should attack be active now? True (window: 20s-160s)
[DEBUG Orchestrator] End of Iteration. previous_num_instances_for_injector_logic updated to: 1
[DEGUG Orchestrator Loop Duration] Loop Duration = 1666.493647022
[Sniffer] Label set to: benign

--- Iteration 19 | Time: 90.0s / 180s ---
[Orchestrator]RTT = 137.9604776666762
[Orchestrator] Metrics: 1 active instance(s), Avg CPU: 37.56%, Avg App MEM: 25.01 MB
[Autoscaler] Decision: NO_ACTION. Avg CPU: 37.56% is within thresholds (25.0% - 60.0%).
[DEBUG Orchestrator] Iteration Start. Instances Before Injector Logic: 1, Prev Injector Logic Instances: 1, Attack Started Flag: True, Normal Traffic Started Flag: True
[DEBUG Orchestrator] URLs derived for injector (if active): ['http://localhost:8080']
[Sniffer] Label set to: benign
[DEBUG Orchestrator] Should attack be active now? True (window: 20s-160s)
[DEBUG Orchestrator] End of Iteration. previous_num_instances_for_injector_logic updated to: 1
[DEGUG Orchestrator Loop Duration] Loop Duration = 1671.493647022
[Sniffer] Label set to: benign

--- Iteration 20 | Time: 95.0s / 180s ---
[Orchestrator]RTT = 140.89260420000755
[Orchestrator] Metrics: 1 active instance(s), Avg CPU: 42.39%, Avg App MEM: 25.26 MB
[Autoscaler] Decision: NO_ACTION. Avg CPU: 42.39% is within thresholds (25.0% - 60.0%).
[DEBUG Orchestrator] Iteration Start. Instances Before Injector Logic: 1, Prev Injector Logic Instances: 1, Attack Started Flag: True, Normal Traffic Started Flag: True
[DEBUG Orchestrator] URLs derived for injector (if active): ['http://localhost:8080']
[Sniffer] Label set to: benign
[DEBUG Orchestrator] Should attack be active now? True (window: 20s-160s)
[DEBUG Orchestrator] End of Iteration. previous_num_instances_for_injector_logic updated to: 1
[DEGUG Orchestrator Loop Duration] Loop Duration = 1676.493647022
[Sniffer] Label set to: benign

--- Iteration 21 | Time: 100.0s / 180s ---
[Orchestrator]RTT = 125.74951849995841
[Orchestrator] Metrics: 1 active instance(s), Avg CPU: 24.70%, Avg App MEM: 25.23 MB
[Autoscaler] Condition for SCALE_DOWN met (Avg CPU: 24.70%), but already at MIN_INSTANCES (1). No action.
[DEBUG Orchestrator] Iteration Start. Instances Before Injector Logic: 1, Prev Injector Logic Instances: 1, Attack Started Flag: True, Normal Traffic Started Flag: True
[DEBUG Orchestrator] URLs derived for injector (if active): ['http://localhost:8080']
[Sniffer] Label set to: benign
[DEBUG Orchestrator] Should attack be active now? True (window: 20s-160s)
[DEBUG Orchestrator] End of Iteration. previous_num_instances_for_injector_logic updated to: 1
[DEGUG Orchestrator Loop Duration] Loop Duration = 1681.493647022
[Sniffer] Label set to: benign

--- Iteration 22 | Time: 105.0s / 180s ---
[Orchestrator]RTT = 112.77537000000848
[Orchestrator] Metrics: 1 active instance(s), Avg CPU: 20.80%, Avg App MEM: 25.15 MB
[Autoscaler] Condition for SCALE_DOWN met (Avg CPU: 20.80%), but already at MIN_INSTANCES (1). No action.
[DEBUG Orchestrator] Iteration Start. Instances Before Injector Logic: 1, Prev Injector Logic Instances: 1, Attack Started Flag: True, Normal Traffic Started Flag: True
[DEBUG Orchestrator] URLs derived for injector (if active): ['http://localhost:8080']
[Sniffer] Label set to: benign
[DEBUG Orchestrator] Should attack be active now? True (window: 20s-160s)
[DEBUG Orchestrator] End of Iteration. previous_num_instances_for_injector_logic updated to: 1
[DEGUG Orchestrator Loop Duration] Loop Duration = 1686.493647022
[Sniffer] Label set to: benign

--- Iteration 23 | Time: 110.0s / 180s ---
[Orchestrator]RTT = 124.14016799993988
[Orchestrator] Metrics: 1 active instance(s), Avg CPU: 35.50%, Avg App MEM: 25.28 MB
[Autoscaler] Decision: NO_ACTION. Avg CPU: 35.50% is within thresholds (25.0% - 60.0%).
[DEBUG Orchestrator] Iteration Start. Instances Before Injector Logic: 1, Prev Injector Logic Instances: 1, Attack Started Flag: True, Normal Traffic Started Flag: True
[DEBUG Orchestrator] URLs derived for injector (if active): ['http://localhost:8080']
[Sniffer] Label set to: benign
[DEBUG Orchestrator] Should attack be active now? True (window: 20s-160s)
[DEBUG Orchestrator] End of Iteration. previous_num_instances_for_injector_logic updated to: 1
[DEGUG Orchestrator Loop Duration] Loop Duration = 1691.493647022
[Sniffer] Label set to: benign

--- Iteration 24 | Time: 115.0s / 180s ---
[Orchestrator]RTT = 119.46178399997127
[Orchestrator] Metrics: 1 active instance(s), Avg CPU: 22.52%, Avg App MEM: 25.14 MB
[Autoscaler] Condition for SCALE_DOWN met (Avg CPU: 22.52%), but already at MIN_INSTANCES (1). No action.
[DEBUG Orchestrator] Iteration Start. Instances Before Injector Logic: 1, Prev Injector Logic Instances: 1, Attack Started Flag: True, Normal Traffic Started Flag: True
[DEBUG Orchestrator] URLs derived for injector (if active): ['http://localhost:8080']
[Sniffer] Label set to: benign
[DEBUG Orchestrator] Should attack be active now? True (window: 20s-160s)
[DEBUG Orchestrator] End of Iteration. previous_num_instances_for_injector_logic updated to: 1
[DEGUG Orchestrator Loop Duration] Loop Duration = 1696.493647022
[Sniffer] Label set to: benign

--- Iteration 25 | Time: 120.0s / 180s ---
[Orchestrator]RTT = 134.6128203333592
[Orchestrator] Metrics: 1 active instance(s), Avg CPU: 30.50%, Avg App MEM: 25.14 MB
[Autoscaler] Decision: NO_ACTION. Avg CPU: 30.50% is within thresholds (25.0% - 60.0%).
[DEBUG Orchestrator] Iteration Start. Instances Before Injector Logic: 1, Prev Injector Logic Instances: 1, Attack Started Flag: True, Normal Traffic Started Flag: True
[DEBUG Orchestrator] URLs derived for injector (if active): ['http://localhost:8080']
[Sniffer] Label set to: benign
[DEBUG Orchestrator] Should attack be active now? True (window: 20s-160s)
[DEBUG Orchestrator] End of Iteration. previous_num_instances_for_injector_logic updated to: 1
[DEGUG Orchestrator Loop Duration] Loop Duration = 1701.493647022
[Sniffer] Label set to: benign

--- Iteration 26 | Time: 125.0s / 180s ---
[Orchestrator]RTT = 270.781167999985
[Orchestrator] Metrics: 1 active instance(s), Avg CPU: 25.87%, Avg App MEM: 25.26 MB
[Autoscaler] Decision: NO_ACTION. Avg CPU: 25.87% is within thresholds (25.0% - 60.0%).
[DEBUG Orchestrator] Iteration Start. Instances Before Injector Logic: 1, Prev Injector Logic Instances: 1, Attack Started Flag: True, Normal Traffic Started Flag: True
[DEBUG Orchestrator] URLs derived for injector (if active): ['http://localhost:8080']
[Sniffer] Label set to: benign
[DEBUG Orchestrator] Should attack be active now? True (window: 20s-160s)
[DEBUG Orchestrator] End of Iteration. previous_num_instances_for_injector_logic updated to: 1
[DEGUG Orchestrator Loop Duration] Loop Duration = 1706.493647022
[Sniffer] Label set to: benign

--- Iteration 27 | Time: 130.0s / 180s ---
[Orchestrator]RTT = 103.53182300013941
[Orchestrator] Metrics: 1 active instance(s), Avg CPU: 19.10%, Avg App MEM: 25.14 MB
[Autoscaler] Condition for SCALE_DOWN met (Avg CPU: 19.10%), but already at MIN_INSTANCES (1). No action.
[DEBUG Orchestrator] Iteration Start. Instances Before Injector Logic: 1, Prev Injector Logic Instances: 1, Attack Started Flag: True, Normal Traffic Started Flag: True
[DEBUG Orchestrator] URLs derived for injector (if active): ['http://localhost:8080']
[Sniffer] Label set to: benign
[DEBUG Orchestrator] Should attack be active now? True (window: 20s-160s)
[DEBUG Orchestrator] End of Iteration. previous_num_instances_for_injector_logic updated to: 1
[DEGUG Orchestrator Loop Duration] Loop Duration = 1711.493647022
[Sniffer] Label set to: benign

--- Iteration 28 | Time: 135.0s / 180s ---
[Orchestrator]RTT = 119.33579300000474
[Orchestrator] Metrics: 1 active instance(s), Avg CPU: 26.85%, Avg App MEM: 25.14 MB
[Autoscaler] Decision: NO_ACTION. Avg CPU: 26.85% is within thresholds (25.0% - 60.0%).
[DEBUG Orchestrator] Iteration Start. Instances Before Injector Logic: 1, Prev Injector Logic Instances: 1, Attack Started Flag: True, Normal Traffic Started Flag: True
[DEBUG Orchestrator] URLs derived for injector (if active): ['http://localhost:8080']
[Sniffer] Label set to: benign
[DEBUG Orchestrator] Should attack be active now? True (window: 20s-160s)
[DEBUG Orchestrator] End of Iteration. previous_num_instances_for_injector_logic updated to: 1
[DEGUG Orchestrator Loop Duration] Loop Duration = 1716.493647022
[Sniffer] Label set to: benign

--- Iteration 29 | Time: 140.0s / 180s ---
[Orchestrator]RTT = 128.7559967499874
[Orchestrator] Metrics: 1 active instance(s), Avg CPU: 32.66%, Avg App MEM: 25.51 MB
[Autoscaler] Decision: NO_ACTION. Avg CPU: 32.66% is within thresholds (25.0% - 60.0%).
[DEBUG Orchestrator] Iteration Start. Instances Before Injector Logic: 1, Prev Injector Logic Instances: 1, Attack Started Flag: True, Normal Traffic Started Flag: True
[DEBUG Orchestrator] URLs derived for injector (if active): ['http://localhost:8080']
[Sniffer] Label set to: benign
[DEBUG Orchestrator] Should attack be active now? True (window: 20s-160s)
[DEBUG Orchestrator] End of Iteration. previous_num_instances_for_injector_logic updated to: 1
[DEGUG Orchestrator Loop Duration] Loop Duration = 1721.493647022
[Sniffer] Label set to: benign

--- Iteration 30 | Time: 145.0s / 180s ---
[Orchestrator]RTT = 133.92319374986528
[Orchestrator] Metrics: 1 active instance(s), Avg CPU: 37.45%, Avg App MEM: 25.14 MB
[Autoscaler] Decision: NO_ACTION. Avg CPU: 37.45% is within thresholds (25.0% - 60.0%).
[DEBUG Orchestrator] Iteration Start. Instances Before Injector Logic: 1, Prev Injector Logic Instances: 1, Attack Started Flag: True, Normal Traffic Started Flag: True
[DEBUG Orchestrator] URLs derived for injector (if active): ['http://localhost:8080']
[Sniffer] Label set to: benign
[DEBUG Orchestrator] Should attack be active now? True (window: 20s-160s)
[DEBUG Orchestrator] End of Iteration. previous_num_instances_for_injector_logic updated to: 1
[DEGUG Orchestrator Loop Duration] Loop Duration = 1726.493647022
[Sniffer] Label set to: benign

--- Iteration 31 | Time: 150.0s / 180s ---
[Orchestrator]RTT = 123.89056124999343
[Orchestrator] Metrics: 1 active instance(s), Avg CPU: 38.85%, Avg App MEM: 25.27 MB
[Autoscaler] Decision: NO_ACTION. Avg CPU: 38.85% is within thresholds (25.0% - 60.0%).
[DEBUG Orchestrator] Iteration Start. Instances Before Injector Logic: 1, Prev Injector Logic Instances: 1, Attack Started Flag: True, Normal Traffic Started Flag: True
[DEBUG Orchestrator] URLs derived for injector (if active): ['http://localhost:8080']
[Sniffer] Label set to: benign
[DEBUG Orchestrator] Should attack be active now? True (window: 20s-160s)
[DEBUG Orchestrator] End of Iteration. previous_num_instances_for_injector_logic updated to: 1
[DEGUG Orchestrator Loop Duration] Loop Duration = 1731.493647022
[Sniffer] Label set to: benign

--- Iteration 32 | Time: 155.0s / 180s ---
[Orchestrator]RTT = 149.1609703333173
[Orchestrator] Metrics: 1 active instance(s), Avg CPU: 22.31%, Avg App MEM: 25.28 MB
[Autoscaler] Condition for SCALE_DOWN met (Avg CPU: 22.31%), but already at MIN_INSTANCES (1). No action.
[DEBUG Orchestrator] Iteration Start. Instances Before Injector Logic: 1, Prev Injector Logic Instances: 1, Attack Started Flag: True, Normal Traffic Started Flag: True
[DEBUG Orchestrator] URLs derived for injector (if active): ['http://localhost:8080']
[Sniffer] Label set to: benign
[DEBUG Orchestrator] Should attack be active now? True (window: 20s-160s)
[DEBUG Orchestrator] End of Iteration. previous_num_instances_for_injector_logic updated to: 1
[DEGUG Orchestrator Loop Duration] Loop Duration = 1736.493647022
[Sniffer] Label set to: benign

--- Iteration 33 | Time: 160.0s / 180s ---
[Orchestrator]RTT = 110.03771199989387
[Orchestrator] Metrics: 1 active instance(s), Avg CPU: 24.99%, Avg App MEM: 25.39 MB
[Autoscaler] Condition for SCALE_DOWN met (Avg CPU: 24.99%), but already at MIN_INSTANCES (1). No action.
[DEBUG Orchestrator] Iteration Start. Instances Before Injector Logic: 1, Prev Injector Logic Instances: 1, Attack Started Flag: True, Normal Traffic Started Flag: True
[DEBUG Orchestrator] URLs derived for injector (if active): ['http://localhost:8080']
[Sniffer] Label set to: benign
[DEBUG Orchestrator] Should attack be active now? False (window: 20s-160s)
[Orchestrator] Attack duration ended or outside schedule. Stopping HTTP flood.
[Injector] Signaling HTTP flood workers to stop...
  [Injector Worker 134697665414848] Stopped. Total requests: 24, Errors: 0
[Injector] Stop signal sent (non-blocking).
[DEBUG Orchestrator] attack_has_started flag set to FALSE (attack period ended).
[DEBUG Orchestrator] End of Iteration. previous_num_instances_for_injector_logic updated to: 1
[DEGUG Orchestrator Loop Duration] Loop Duration = 1741.493647022
  [Injector Worker 134697145329344] Stopped. Total requests: 21, Errors: 0
  [Injector Worker 134697153722048] Stopped. Total requests: 17, Errors: 0
[Sniffer] Label set to: benign

--- Iteration 34 | Time: 165.0s / 180s ---
[Orchestrator]RTT = 26.98806334054878
[Orchestrator] Metrics: 1 active instance(s), Avg CPU: 19.85%, Avg App MEM: 25.48 MB
[Autoscaler] Condition for SCALE_DOWN met (Avg CPU: 19.85%), but already at MIN_INSTANCES (1). No action.
[DEBUG Orchestrator] Iteration Start. Instances Before Injector Logic: 1, Prev Injector Logic Instances: 1, Attack Started Flag: False, Normal Traffic Started Flag: True
[DEBUG Orchestrator] URLs derived for injector (if active): ['http://localhost:8080']
[Sniffer] Label set to: benign
[DEBUG Orchestrator] Should attack be active now? False (window: 20s-160s)
[DEBUG Orchestrator] End of Iteration. previous_num_instances_for_injector_logic updated to: 1
[DEGUG Orchestrator Loop Duration] Loop Duration = 1746.493647022
[Sniffer] Label set to: benign

--- Iteration 35 | Time: 170.0s / 180s ---
[Orchestrator]RTT = 26.824922790325445
[Orchestrator] Metrics: 1 active instance(s), Avg CPU: 21.99%, Avg App MEM: 25.27 MB
[Autoscaler] Condition for SCALE_DOWN met (Avg CPU: 21.99%), but already at MIN_INSTANCES (1). No action.
[DEBUG Orchestrator] Iteration Start. Instances Before Injector Logic: 1, Prev Injector Logic Instances: 1, Attack Started Flag: False, Normal Traffic Started Flag: True
[DEBUG Orchestrator] URLs derived for injector (if active): ['http://localhost:8080']
[Sniffer] Label set to: benign
[DEBUG Orchestrator] Should attack be active now? False (window: 20s-160s)
[DEBUG Orchestrator] End of Iteration. previous_num_instances_for_injector_logic updated to: 1
[DEGUG Orchestrator Loop Duration] Loop Duration = 1751.493647022
[Sniffer] Label set to: benign

--- Iteration 36 | Time: 175.0s / 180s ---
[Orchestrator]RTT = 25.073966761702806
[Orchestrator] Metrics: 1 active instance(s), Avg CPU: 23.29%, Avg App MEM: 24.94 MB
[Autoscaler] Condition for SCALE_DOWN met (Avg CPU: 23.29%), but already at MIN_INSTANCES (1). No action.
[DEBUG Orchestrator] Iteration Start. Instances Before Injector Logic: 1, Prev Injector Logic Instances: 1, Attack Started Flag: False, Normal Traffic Started Flag: True
[DEBUG Orchestrator] URLs derived for injector (if active): ['http://localhost:8080']
[Sniffer] Label set to: benign
[DEBUG Orchestrator] Should attack be active now? False (window: 20s-160s)
[DEBUG Orchestrator] End of Iteration. previous_num_instances_for_injector_logic updated to: 1
[DEGUG Orchestrator Loop Duration] Loop Duration = 1756.493647022

[Orchestrator] Simulation duration reached.
[Orchestrator] Saving RTT log...
[Sniffer] Realtime tcpdump stopped.
[Orchestrator] Stopping normal traffic...
[Normal_Injector] Signaling workers to stop...
  [Normal_Injector Worker 134700903425728] Stopped. Total requests: 4513, Errors: 0
  [Normal_Injector Worker 134700869854912] Stopped. Total requests: 4388, Errors: 0
  [Normal_Injector Worker 134700886640320] Stopped. Total requests: 4392, Errors: 0
  [Normal_Injector Worker 134700374947520] Stopped. Total requests: 4437, Errors: 0
[Normal_Injector] Stop signal sent (non-blocking).
[Orchestrator] Cleaning up all simulation instances...
Cleaning up all simulation instances...
Stopping and removing container: target_instance_1 (70edba6650)...
  [Injector Worker 134697648629440] Stopped. Total requests: 25, Errors: 0
  Container target_instance_1 removed.
Simulation instance cleanup complete.
[Stats_Collector] Stopping stats collector thread...
[Orchestrator] Simulation Complete. Total Fictional Cost: $0.0010
[Orchestrator] Metrics logged in: simulation_metrics.csv

===== [stage1b] S2 (100 req/s normal) + 0.5% ataque (~0.500 req/s) @ WU=500000 rep=3 =====
Attacker RPS set to: 0.125
Number of attackers set to: 4
Simulation duration set to: 180
Attack work units set to: 500000
Normal traffic RPS per client set to: 25.0
Normal traffic work units set to: 10
[Orchestrator] Initializing simulation environment...
[Sniffer] Realtime tcpdump started on any
[Sniffer] Label set to: benign
[Autoscaler] Initialized.
Attempting to build Docker image: edos_target_app:latest...
Image edos_target_app:latest already exists. Skipping build.
Docker network 'edos_network' already exists.
[Orchestrator] Cleaning up any pre-existing simulation instances...
Cleaning up all simulation instances...
No simulation instances found to clean up.
[Orchestrator] Starting initial 1 instance(s)...
Attempting to start container target_instance_1 mapping container:80 to host:8080...
Container c6f75ffcb8 (target_instance_1) started. Accessible on host port 8080.
[Autoscaler] Initial number of instances set to: 1
[Orchestrator] 1 initial instance(s) running.
[Orchestrator] Metrics will be logged to: simulation_metrics.csv
[Orchestrator] Attack summary will be logged to: attack_summary_log.csv
[Orchestrator] Normal traffic summary will be logged to: normal_traffic_summary_log.csv
[Orchestrator] Starting simulation main loop for 180 seconds.
[Orchestrator] Monitoring interval: 5s. Cooldown: 20s.
[Orchestrator] CPU Thresholds: Scale Up > 60.0%, Scale Down < 25.0%
[Orchestrator] Traffic injection scheduled: Start at 20s, Duration 140s.
[Sniffer] Label set to: benign

--- Iteration 1 | Time: 0.0s / 180s ---
[Orchestrator]RTT = 0.0
[Orchestrator] Metrics: 1 active instance(s), Avg CPU: 0.00%, Avg App MEM: 0.00 MB
[Autoscaler] Condition for SCALE_DOWN met (Avg CPU: 0.00%), but already at MIN_INSTANCES (1). No action.
[DEBUG Orchestrator] Iteration Start. Instances Before Injector Logic: 1, Prev Injector Logic Instances: 1, Attack Started Flag: False, Normal Traffic Started Flag: False
[DEBUG Orchestrator] URLs derived for injector (if active): ['http://localhost:8080']
[Sniffer] Label set to: benign
[DEBUG Orchestrator] Should attack be active now? False (window: 20s-160s)
[Orchestrator] Starting/Restarting Normal Traffic. Target URLs for this call: ['http://localhost:8080']
[Normal_Injector] Starting HTTP flood with 4 attackers, ~100.0 RPS total, across 1 targets: http://localhost:8080
  [Normal_Injector Worker 135629585344192] Started. Target: http://localhost:8080?work=10&sleep=0.0, RPS: 25.00, Mean interval: 0.0400s (Poisson)
  [Normal_Injector Worker 135629362951872] Started. Target: http://localhost:8080?work=10&sleep=0.0, RPS: 25.00, Mean interval: 0.0400s (Poisson)
  [Normal_Injector Worker 135629354559168] Started. Target: http://localhost:8080?work=10&sleep=0.0, RPS: 25.00, Mean interval: 0.0400s (Poisson)
  [Normal_Injector Worker 135629346166464] Started. Target: http://localhost:8080?work=10&sleep=0.0, RPS: 25.00, Mean interval: 0.0400s (Poisson)
[Normal_Injector] All 4 attacker threads launched.
[DEBUG Orchestrator] End of Iteration. previous_num_instances_for_injector_logic updated to: 1
[DEGUG Orchestrator Loop Duration] Loop Duration = 1766.570809028
[Sniffer] Label set to: benign

--- Iteration 2 | Time: 5.0s / 180s ---
[Orchestrator]RTT = 27.421261332652122
[Orchestrator] Metrics: 1 active instance(s), Avg CPU: 25.48%, Avg App MEM: 22.64 MB
[Autoscaler] Decision: NO_ACTION. Avg CPU: 25.48% is within thresholds (25.0% - 60.0%).
[DEBUG Orchestrator] Iteration Start. Instances Before Injector Logic: 1, Prev Injector Logic Instances: 1, Attack Started Flag: False, Normal Traffic Started Flag: True
[DEBUG Orchestrator] URLs derived for injector (if active): ['http://localhost:8080']
[Sniffer] Label set to: benign
[DEBUG Orchestrator] Should attack be active now? False (window: 20s-160s)
[DEBUG Orchestrator] End of Iteration. previous_num_instances_for_injector_logic updated to: 1
[DEGUG Orchestrator Loop Duration] Loop Duration = 1771.570809028
[Sniffer] Label set to: benign

--- Iteration 3 | Time: 10.0s / 180s ---
[Orchestrator]RTT = 27.5885059061247
[Orchestrator] Metrics: 1 active instance(s), Avg CPU: 24.21%, Avg App MEM: 22.53 MB
[Autoscaler] Condition for SCALE_DOWN met (Avg CPU: 24.21%), but already at MIN_INSTANCES (1). No action.
[DEBUG Orchestrator] Iteration Start. Instances Before Injector Logic: 1, Prev Injector Logic Instances: 1, Attack Started Flag: False, Normal Traffic Started Flag: True
[DEBUG Orchestrator] URLs derived for injector (if active): ['http://localhost:8080']
[Sniffer] Label set to: benign
[DEBUG Orchestrator] Should attack be active now? False (window: 20s-160s)
[DEBUG Orchestrator] End of Iteration. previous_num_instances_for_injector_logic updated to: 1
[DEGUG Orchestrator Loop Duration] Loop Duration = 1776.570809028
[Sniffer] Label set to: benign

--- Iteration 4 | Time: 15.0s / 180s ---
[Orchestrator]RTT = 27.264181272546388
[Orchestrator] Metrics: 1 active instance(s), Avg CPU: 22.01%, Avg App MEM: 22.94 MB
[Autoscaler] Condition for SCALE_DOWN met (Avg CPU: 22.01%), but already at MIN_INSTANCES (1). No action.
[DEBUG Orchestrator] Iteration Start. Instances Before Injector Logic: 1, Prev Injector Logic Instances: 1, Attack Started Flag: False, Normal Traffic Started Flag: True
[DEBUG Orchestrator] URLs derived for injector (if active): ['http://localhost:8080']
[Sniffer] Label set to: benign
[DEBUG Orchestrator] Should attack be active now? False (window: 20s-160s)
[DEBUG Orchestrator] End of Iteration. previous_num_instances_for_injector_logic updated to: 1
[DEGUG Orchestrator Loop Duration] Loop Duration = 1781.570809028
[Sniffer] Label set to: benign

--- Iteration 5 | Time: 20.0s / 180s ---
[Orchestrator]RTT = 28.111545497135634
[Orchestrator] Metrics: 1 active instance(s), Avg CPU: 22.47%, Avg App MEM: 22.94 MB
[Autoscaler] Condition for SCALE_DOWN met (Avg CPU: 22.47%), but already at MIN_INSTANCES (1). No action.
[DEBUG Orchestrator] Iteration Start. Instances Before Injector Logic: 1, Prev Injector Logic Instances: 1, Attack Started Flag: False, Normal Traffic Started Flag: True
[DEBUG Orchestrator] URLs derived for injector (if active): ['http://localhost:8080']
[Sniffer] Label set to: benign
[DEBUG Orchestrator] Should attack be active now? True (window: 20s-160s)
[DEBUG Orchestrator] Condition: Needs to START attack (was not started and in attack window).
[Orchestrator] Starting/Restarting HTTP flood. Target URLs for this call: ['http://localhost:8080']
[Injector] Starting HTTP flood with 4 attackers, ~0.5 RPS total, across 1 targets: http://localhost:8080
  [Injector Worker 135626066224832] Started. Target: http://localhost:8080?work=500000&sleep=0.0, RPS: 0.12, Mean interval: 8.0000s (Poisson)
  [Injector Worker 135626049439424] Started. Target: http://localhost:8080?work=500000&sleep=0.0, RPS: 0.12, Mean interval: 8.0000s (Poisson)
  [Injector Worker 135626032654016] Started. Target: http://localhost:8080?work=500000&sleep=0.0, RPS: 0.12, Mean interval: 8.0000s (Poisson)
  [Injector Worker 135625537746624] Started. Target: http://localhost:8080?work=500000&sleep=0.0, RPS: 0.12, Mean interval: 8.0000s (Poisson)
[Injector] All 4 attacker threads launched.
[Sniffer] Label set to: attack
[DEBUG Orchestrator] attack_has_started flag set to TRUE.
[DEBUG Orchestrator] End of Iteration. previous_num_instances_for_injector_logic updated to: 1
[DEGUG Orchestrator Loop Duration] Loop Duration = 1786.570809028
[Sniffer] Label set to: benign

--- Iteration 6 | Time: 25.0s / 180s ---
[Orchestrator]RTT = 215.12300049998126
[Orchestrator] Metrics: 1 active instance(s), Avg CPU: 40.48%, Avg App MEM: 23.79 MB
[Autoscaler] Decision: NO_ACTION. Avg CPU: 40.48% is within thresholds (25.0% - 60.0%).
[DEBUG Orchestrator] Iteration Start. Instances Before Injector Logic: 1, Prev Injector Logic Instances: 1, Attack Started Flag: True, Normal Traffic Started Flag: True
[DEBUG Orchestrator] URLs derived for injector (if active): ['http://localhost:8080']
[Sniffer] Label set to: benign
[DEBUG Orchestrator] Should attack be active now? True (window: 20s-160s)
[DEBUG Orchestrator] End of Iteration. previous_num_instances_for_injector_logic updated to: 1
[DEGUG Orchestrator Loop Duration] Loop Duration = 1791.570809028
[Sniffer] Label set to: benign

--- Iteration 7 | Time: 30.0s / 180s ---
[Orchestrator]RTT = 100.1860259998466
[Orchestrator] Metrics: 1 active instance(s), Avg CPU: 20.70%, Avg App MEM: 23.93 MB
[Autoscaler] Condition for SCALE_DOWN met (Avg CPU: 20.70%), but already at MIN_INSTANCES (1). No action.
[DEBUG Orchestrator] Iteration Start. Instances Before Injector Logic: 1, Prev Injector Logic Instances: 1, Attack Started Flag: True, Normal Traffic Started Flag: True
[DEBUG Orchestrator] URLs derived for injector (if active): ['http://localhost:8080']
[Sniffer] Label set to: benign
[DEBUG Orchestrator] Should attack be active now? True (window: 20s-160s)
[DEBUG Orchestrator] End of Iteration. previous_num_instances_for_injector_logic updated to: 1
[DEGUG Orchestrator Loop Duration] Loop Duration = 1796.570809028
[Sniffer] Label set to: benign

--- Iteration 8 | Time: 35.0s / 180s ---
[Orchestrator]RTT = 269.58563899995625
[Orchestrator] Metrics: 1 active instance(s), Avg CPU: 49.77%, Avg App MEM: 23.83 MB
[Autoscaler] Decision: NO_ACTION. Avg CPU: 49.77% is within thresholds (25.0% - 60.0%).
[DEBUG Orchestrator] Iteration Start. Instances Before Injector Logic: 1, Prev Injector Logic Instances: 1, Attack Started Flag: True, Normal Traffic Started Flag: True
[DEBUG Orchestrator] URLs derived for injector (if active): ['http://localhost:8080']
[Sniffer] Label set to: benign
[DEBUG Orchestrator] Should attack be active now? True (window: 20s-160s)
[DEBUG Orchestrator] End of Iteration. previous_num_instances_for_injector_logic updated to: 1
[DEGUG Orchestrator Loop Duration] Loop Duration = 1801.570809028
[Sniffer] Label set to: benign

--- Iteration 9 | Time: 40.0s / 180s ---
[Orchestrator]RTT = 126.13039399995311
[Orchestrator] Metrics: 1 active instance(s), Avg CPU: 23.13%, Avg App MEM: 23.93 MB
[Autoscaler] Condition for SCALE_DOWN met (Avg CPU: 23.13%), but already at MIN_INSTANCES (1). No action.
[DEBUG Orchestrator] Iteration Start. Instances Before Injector Logic: 1, Prev Injector Logic Instances: 1, Attack Started Flag: True, Normal Traffic Started Flag: True
[DEBUG Orchestrator] URLs derived for injector (if active): ['http://localhost:8080']
[Sniffer] Label set to: benign
[DEBUG Orchestrator] Should attack be active now? True (window: 20s-160s)
[DEBUG Orchestrator] End of Iteration. previous_num_instances_for_injector_logic updated to: 1
[DEGUG Orchestrator Loop Duration] Loop Duration = 1806.570809028
[Sniffer] Label set to: benign

--- Iteration 10 | Time: 45.0s / 180s ---
[Orchestrator]RTT = 145.2326197499474
[Orchestrator] Metrics: 1 active instance(s), Avg CPU: 25.52%, Avg App MEM: 23.77 MB
[Autoscaler] Decision: NO_ACTION. Avg CPU: 25.52% is within thresholds (25.0% - 60.0%).
[DEBUG Orchestrator] Iteration Start. Instances Before Injector Logic: 1, Prev Injector Logic Instances: 1, Attack Started Flag: True, Normal Traffic Started Flag: True
[DEBUG Orchestrator] URLs derived for injector (if active): ['http://localhost:8080']
[Sniffer] Label set to: benign
[DEBUG Orchestrator] Should attack be active now? True (window: 20s-160s)
[DEBUG Orchestrator] End of Iteration. previous_num_instances_for_injector_logic updated to: 1
[DEGUG Orchestrator Loop Duration] Loop Duration = 1811.570809028
[Sniffer] Label set to: benign

--- Iteration 11 | Time: 50.0s / 180s ---
[Orchestrator]RTT = 136.3911953999832
[Orchestrator] Metrics: 1 active instance(s), Avg CPU: 27.13%, Avg App MEM: 24.07 MB
[Autoscaler] Decision: NO_ACTION. Avg CPU: 27.13% is within thresholds (25.0% - 60.0%).
[DEBUG Orchestrator] Iteration Start. Instances Before Injector Logic: 1, Prev Injector Logic Instances: 1, Attack Started Flag: True, Normal Traffic Started Flag: True
[DEBUG Orchestrator] URLs derived for injector (if active): ['http://localhost:8080']
[Sniffer] Label set to: benign
[DEBUG Orchestrator] Should attack be active now? True (window: 20s-160s)
[DEBUG Orchestrator] End of Iteration. previous_num_instances_for_injector_logic updated to: 1
[DEGUG Orchestrator Loop Duration] Loop Duration = 1816.570809028
[Sniffer] Label set to: benign

--- Iteration 12 | Time: 55.0s / 180s ---
[Orchestrator]RTT = 105.54822166667084
[Orchestrator] Metrics: 1 active instance(s), Avg CPU: 33.16%, Avg App MEM: 23.82 MB
[Autoscaler] Decision: NO_ACTION. Avg CPU: 33.16% is within thresholds (25.0% - 60.0%).
[DEBUG Orchestrator] Iteration Start. Instances Before Injector Logic: 1, Prev Injector Logic Instances: 1, Attack Started Flag: True, Normal Traffic Started Flag: True
[DEBUG Orchestrator] URLs derived for injector (if active): ['http://localhost:8080']
[Sniffer] Label set to: benign
[DEBUG Orchestrator] Should attack be active now? True (window: 20s-160s)
[DEBUG Orchestrator] End of Iteration. previous_num_instances_for_injector_logic updated to: 1
[DEGUG Orchestrator Loop Duration] Loop Duration = 1821.570809028
[Sniffer] Label set to: benign

--- Iteration 13 | Time: 60.0s / 180s ---
[Orchestrator]RTT = 136.43973300008838
[Orchestrator] Metrics: 1 active instance(s), Avg CPU: 30.77%, Avg App MEM: 23.89 MB
[Autoscaler] Decision: NO_ACTION. Avg CPU: 30.77% is within thresholds (25.0% - 60.0%).
[DEBUG Orchestrator] Iteration Start. Instances Before Injector Logic: 1, Prev Injector Logic Instances: 1, Attack Started Flag: True, Normal Traffic Started Flag: True
[DEBUG Orchestrator] URLs derived for injector (if active): ['http://localhost:8080']
[Sniffer] Label set to: benign
[DEBUG Orchestrator] Should attack be active now? True (window: 20s-160s)
[DEBUG Orchestrator] End of Iteration. previous_num_instances_for_injector_logic updated to: 1
[DEGUG Orchestrator Loop Duration] Loop Duration = 1826.570809028
[Sniffer] Label set to: benign

--- Iteration 14 | Time: 65.0s / 180s ---
[Orchestrator]RTT = 133.0551604999073
[Orchestrator] Metrics: 1 active instance(s), Avg CPU: 36.37%, Avg App MEM: 24.13 MB
[Autoscaler] Decision: NO_ACTION. Avg CPU: 36.37% is within thresholds (25.0% - 60.0%).
[DEBUG Orchestrator] Iteration Start. Instances Before Injector Logic: 1, Prev Injector Logic Instances: 1, Attack Started Flag: True, Normal Traffic Started Flag: True
[DEBUG Orchestrator] URLs derived for injector (if active): ['http://localhost:8080']
[Sniffer] Label set to: benign
[DEBUG Orchestrator] Should attack be active now? True (window: 20s-160s)
[DEBUG Orchestrator] End of Iteration. previous_num_instances_for_injector_logic updated to: 1
[DEGUG Orchestrator Loop Duration] Loop Duration = 1831.570809028
[Sniffer] Label set to: benign

--- Iteration 15 | Time: 70.0s / 180s ---
[Orchestrator]RTT = 0.0
[Orchestrator] Metrics: 1 active instance(s), Avg CPU: 19.30%, Avg App MEM: 23.93 MB
[Autoscaler] Condition for SCALE_DOWN met (Avg CPU: 19.30%), but already at MIN_INSTANCES (1). No action.
[DEBUG Orchestrator] Iteration Start. Instances Before Injector Logic: 1, Prev Injector Logic Instances: 1, Attack Started Flag: True, Normal Traffic Started Flag: True
[DEBUG Orchestrator] URLs derived for injector (if active): ['http://localhost:8080']
[Sniffer] Label set to: benign
[DEBUG Orchestrator] Should attack be active now? True (window: 20s-160s)
[DEBUG Orchestrator] End of Iteration. previous_num_instances_for_injector_logic updated to: 1
[DEGUG Orchestrator Loop Duration] Loop Duration = 1836.570809028
[Sniffer] Label set to: benign

--- Iteration 16 | Time: 75.0s / 180s ---
[Orchestrator]RTT = 123.58311125001364
[Orchestrator] Metrics: 1 active instance(s), Avg CPU: 22.11%, Avg App MEM: 24.14 MB
[Autoscaler] Condition for SCALE_DOWN met (Avg CPU: 22.11%), but already at MIN_INSTANCES (1). No action.
[DEBUG Orchestrator] Iteration Start. Instances Before Injector Logic: 1, Prev Injector Logic Instances: 1, Attack Started Flag: True, Normal Traffic Started Flag: True
[DEBUG Orchestrator] URLs derived for injector (if active): ['http://localhost:8080']
[Sniffer] Label set to: benign
[DEBUG Orchestrator] Should attack be active now? True (window: 20s-160s)
[DEBUG Orchestrator] End of Iteration. previous_num_instances_for_injector_logic updated to: 1
[DEGUG Orchestrator Loop Duration] Loop Duration = 1841.570809028
[Sniffer] Label set to: benign

--- Iteration 17 | Time: 80.0s / 180s ---
[Orchestrator]RTT = 0.0
[Orchestrator] Metrics: 1 active instance(s), Avg CPU: 21.10%, Avg App MEM: 23.77 MB
[Autoscaler] Condition for SCALE_DOWN met (Avg CPU: 21.10%), but already at MIN_INSTANCES (1). No action.
[DEBUG Orchestrator] Iteration Start. Instances Before Injector Logic: 1, Prev Injector Logic Instances: 1, Attack Started Flag: True, Normal Traffic Started Flag: True
[DEBUG Orchestrator] URLs derived for injector (if active): ['http://localhost:8080']
[Sniffer] Label set to: benign
[DEBUG Orchestrator] Should attack be active now? True (window: 20s-160s)
[DEBUG Orchestrator] End of Iteration. previous_num_instances_for_injector_logic updated to: 1
[DEGUG Orchestrator Loop Duration] Loop Duration = 1846.570809028
[Sniffer] Label set to: benign

--- Iteration 18 | Time: 85.0s / 180s ---
[Orchestrator]RTT = 102.28020800013837
[Orchestrator] Metrics: 1 active instance(s), Avg CPU: 22.46%, Avg App MEM: 24.26 MB
[Autoscaler] Condition for SCALE_DOWN met (Avg CPU: 22.46%), but already at MIN_INSTANCES (1). No action.
[DEBUG Orchestrator] Iteration Start. Instances Before Injector Logic: 1, Prev Injector Logic Instances: 1, Attack Started Flag: True, Normal Traffic Started Flag: True
[DEBUG Orchestrator] URLs derived for injector (if active): ['http://localhost:8080']
[Sniffer] Label set to: benign
[DEBUG Orchestrator] Should attack be active now? True (window: 20s-160s)
[DEBUG Orchestrator] End of Iteration. previous_num_instances_for_injector_logic updated to: 1
[DEGUG Orchestrator Loop Duration] Loop Duration = 1851.570809028
[Sniffer] Label set to: benign

--- Iteration 19 | Time: 90.0s / 180s ---
[Orchestrator]RTT = 130.36518133321806
[Orchestrator] Metrics: 1 active instance(s), Avg CPU: 31.69%, Avg App MEM: 24.18 MB
[Autoscaler] Decision: NO_ACTION. Avg CPU: 31.69% is within thresholds (25.0% - 60.0%).
[DEBUG Orchestrator] Iteration Start. Instances Before Injector Logic: 1, Prev Injector Logic Instances: 1, Attack Started Flag: True, Normal Traffic Started Flag: True
[DEBUG Orchestrator] URLs derived for injector (if active): ['http://localhost:8080']
[Sniffer] Label set to: benign
[DEBUG Orchestrator] Should attack be active now? True (window: 20s-160s)
[DEBUG Orchestrator] End of Iteration. previous_num_instances_for_injector_logic updated to: 1
[DEGUG Orchestrator Loop Duration] Loop Duration = 1856.570809028
[Sniffer] Label set to: benign

--- Iteration 20 | Time: 95.0s / 180s ---
[Orchestrator]RTT = 168.81954800002555
[Orchestrator] Metrics: 1 active instance(s), Avg CPU: 30.92%, Avg App MEM: 24.00 MB
[Autoscaler] Decision: NO_ACTION. Avg CPU: 30.92% is within thresholds (25.0% - 60.0%).
[DEBUG Orchestrator] Iteration Start. Instances Before Injector Logic: 1, Prev Injector Logic Instances: 1, Attack Started Flag: True, Normal Traffic Started Flag: True
[DEBUG Orchestrator] URLs derived for injector (if active): ['http://localhost:8080']
[Sniffer] Label set to: benign
[DEBUG Orchestrator] Should attack be active now? True (window: 20s-160s)
[DEBUG Orchestrator] End of Iteration. previous_num_instances_for_injector_logic updated to: 1
[DEGUG Orchestrator Loop Duration] Loop Duration = 1861.570809028
[Sniffer] Label set to: benign

--- Iteration 21 | Time: 100.0s / 180s ---
[Orchestrator]RTT = 130.06425133335142
[Orchestrator] Metrics: 1 active instance(s), Avg CPU: 45.11%, Avg App MEM: 24.11 MB
[Autoscaler] Decision: NO_ACTION. Avg CPU: 45.11% is within thresholds (25.0% - 60.0%).
[DEBUG Orchestrator] Iteration Start. Instances Before Injector Logic: 1, Prev Injector Logic Instances: 1, Attack Started Flag: True, Normal Traffic Started Flag: True
[DEBUG Orchestrator] URLs derived for injector (if active): ['http://localhost:8080']
[Sniffer] Label set to: benign
[DEBUG Orchestrator] Should attack be active now? True (window: 20s-160s)
[DEBUG Orchestrator] End of Iteration. previous_num_instances_for_injector_logic updated to: 1
[DEGUG Orchestrator Loop Duration] Loop Duration = 1866.570809028
[Sniffer] Label set to: benign

--- Iteration 22 | Time: 105.0s / 180s ---
[Orchestrator]RTT = 156.5144670000033
[Orchestrator] Metrics: 1 active instance(s), Avg CPU: 30.16%, Avg App MEM: 23.90 MB
[Autoscaler] Decision: NO_ACTION. Avg CPU: 30.16% is within thresholds (25.0% - 60.0%).
[DEBUG Orchestrator] Iteration Start. Instances Before Injector Logic: 1, Prev Injector Logic Instances: 1, Attack Started Flag: True, Normal Traffic Started Flag: True
[DEBUG Orchestrator] URLs derived for injector (if active): ['http://localhost:8080']
[Sniffer] Label set to: benign
[DEBUG Orchestrator] Should attack be active now? True (window: 20s-160s)
[DEBUG Orchestrator] End of Iteration. previous_num_instances_for_injector_logic updated to: 1
[DEGUG Orchestrator Loop Duration] Loop Duration = 1871.570809028
[Sniffer] Label set to: benign

--- Iteration 23 | Time: 110.0s / 180s ---
[Orchestrator]RTT = 139.000221999936
[Orchestrator] Metrics: 1 active instance(s), Avg CPU: 26.43%, Avg App MEM: 24.38 MB
[Autoscaler] Decision: NO_ACTION. Avg CPU: 26.43% is within thresholds (25.0% - 60.0%).
[DEBUG Orchestrator] Iteration Start. Instances Before Injector Logic: 1, Prev Injector Logic Instances: 1, Attack Started Flag: True, Normal Traffic Started Flag: True
[DEBUG Orchestrator] URLs derived for injector (if active): ['http://localhost:8080']
[Sniffer] Label set to: benign
[DEBUG Orchestrator] Should attack be active now? True (window: 20s-160s)
[DEBUG Orchestrator] End of Iteration. previous_num_instances_for_injector_logic updated to: 1
[DEGUG Orchestrator Loop Duration] Loop Duration = 1876.570809028
[Sniffer] Label set to: benign

--- Iteration 24 | Time: 115.0s / 180s ---
[Orchestrator]RTT = 122.46979000019564
[Orchestrator] Metrics: 1 active instance(s), Avg CPU: 21.17%, Avg App MEM: 24.26 MB
[Autoscaler] Condition for SCALE_DOWN met (Avg CPU: 21.17%), but already at MIN_INSTANCES (1). No action.
[DEBUG Orchestrator] Iteration Start. Instances Before Injector Logic: 1, Prev Injector Logic Instances: 1, Attack Started Flag: True, Normal Traffic Started Flag: True
[DEBUG Orchestrator] URLs derived for injector (if active): ['http://localhost:8080']
[Sniffer] Label set to: benign
[DEBUG Orchestrator] Should attack be active now? True (window: 20s-160s)
[DEBUG Orchestrator] End of Iteration. previous_num_instances_for_injector_logic updated to: 1
[DEGUG Orchestrator Loop Duration] Loop Duration = 1881.570809028
[Sniffer] Label set to: benign

--- Iteration 25 | Time: 120.0s / 180s ---
[Orchestrator]RTT = 107.1657137499642
[Orchestrator] Metrics: 1 active instance(s), Avg CPU: 27.74%, Avg App MEM: 23.93 MB
[Autoscaler] Decision: NO_ACTION. Avg CPU: 27.74% is within thresholds (25.0% - 60.0%).
[DEBUG Orchestrator] Iteration Start. Instances Before Injector Logic: 1, Prev Injector Logic Instances: 1, Attack Started Flag: True, Normal Traffic Started Flag: True
[DEBUG Orchestrator] URLs derived for injector (if active): ['http://localhost:8080']
[Sniffer] Label set to: benign
[DEBUG Orchestrator] Should attack be active now? True (window: 20s-160s)
[DEBUG Orchestrator] End of Iteration. previous_num_instances_for_injector_logic updated to: 1
[DEGUG Orchestrator Loop Duration] Loop Duration = 1886.570809028
[Sniffer] Label set to: benign

--- Iteration 26 | Time: 125.0s / 180s ---
[Orchestrator]RTT = 161.63811899999322
[Orchestrator] Metrics: 1 active instance(s), Avg CPU: 29.98%, Avg App MEM: 24.14 MB
[Autoscaler] Decision: NO_ACTION. Avg CPU: 29.98% is within thresholds (25.0% - 60.0%).
[DEBUG Orchestrator] Iteration Start. Instances Before Injector Logic: 1, Prev Injector Logic Instances: 1, Attack Started Flag: True, Normal Traffic Started Flag: True
[DEBUG Orchestrator] URLs derived for injector (if active): ['http://localhost:8080']
[Sniffer] Label set to: benign
[DEBUG Orchestrator] Should attack be active now? True (window: 20s-160s)
[DEBUG Orchestrator] End of Iteration. previous_num_instances_for_injector_logic updated to: 1
[DEGUG Orchestrator Loop Duration] Loop Duration = 1891.570809028
[Sniffer] Label set to: benign

--- Iteration 27 | Time: 130.0s / 180s ---
[Orchestrator]RTT = 184.50331199998496
[Orchestrator] Metrics: 1 active instance(s), Avg CPU: 42.81%, Avg App MEM: 23.89 MB
[Autoscaler] Decision: NO_ACTION. Avg CPU: 42.81% is within thresholds (25.0% - 60.0%).
[DEBUG Orchestrator] Iteration Start. Instances Before Injector Logic: 1, Prev Injector Logic Instances: 1, Attack Started Flag: True, Normal Traffic Started Flag: True
[DEBUG Orchestrator] URLs derived for injector (if active): ['http://localhost:8080']
[Sniffer] Label set to: benign
[DEBUG Orchestrator] Should attack be active now? True (window: 20s-160s)
[DEBUG Orchestrator] End of Iteration. previous_num_instances_for_injector_logic updated to: 1
[DEGUG Orchestrator Loop Duration] Loop Duration = 1896.570809028
[Sniffer] Label set to: benign

--- Iteration 28 | Time: 135.0s / 180s ---
[Orchestrator]RTT = 99.20378600008917
[Orchestrator] Metrics: 1 active instance(s), Avg CPU: 30.24%, Avg App MEM: 24.03 MB
[Autoscaler] Decision: NO_ACTION. Avg CPU: 30.24% is within thresholds (25.0% - 60.0%).
[DEBUG Orchestrator] Iteration Start. Instances Before Injector Logic: 1, Prev Injector Logic Instances: 1, Attack Started Flag: True, Normal Traffic Started Flag: True
[DEBUG Orchestrator] URLs derived for injector (if active): ['http://localhost:8080']
[Sniffer] Label set to: benign
[DEBUG Orchestrator] Should attack be active now? True (window: 20s-160s)
[DEBUG Orchestrator] End of Iteration. previous_num_instances_for_injector_logic updated to: 1
[DEGUG Orchestrator Loop Duration] Loop Duration = 1901.570809028
[Sniffer] Label set to: benign

--- Iteration 29 | Time: 140.0s / 180s ---
[Orchestrator]RTT = 0.0
[Orchestrator] Metrics: 1 active instance(s), Avg CPU: 19.54%, Avg App MEM: 24.15 MB
[Autoscaler] Condition for SCALE_DOWN met (Avg CPU: 19.54%), but already at MIN_INSTANCES (1). No action.
[DEBUG Orchestrator] Iteration Start. Instances Before Injector Logic: 1, Prev Injector Logic Instances: 1, Attack Started Flag: True, Normal Traffic Started Flag: True
[DEBUG Orchestrator] URLs derived for injector (if active): ['http://localhost:8080']
[Sniffer] Label set to: benign
[DEBUG Orchestrator] Should attack be active now? True (window: 20s-160s)
[DEBUG Orchestrator] End of Iteration. previous_num_instances_for_injector_logic updated to: 1
[DEGUG Orchestrator Loop Duration] Loop Duration = 1906.570809028
[Sniffer] Label set to: benign

--- Iteration 30 | Time: 145.0s / 180s ---
[Orchestrator]RTT = 244.18052800001533
[Orchestrator] Metrics: 1 active instance(s), Avg CPU: 20.90%, Avg App MEM: 24.02 MB
[Autoscaler] Condition for SCALE_DOWN met (Avg CPU: 20.90%), but already at MIN_INSTANCES (1). No action.
[DEBUG Orchestrator] Iteration Start. Instances Before Injector Logic: 1, Prev Injector Logic Instances: 1, Attack Started Flag: True, Normal Traffic Started Flag: True
[DEBUG Orchestrator] URLs derived for injector (if active): ['http://localhost:8080']
[Sniffer] Label set to: benign
[DEBUG Orchestrator] Should attack be active now? True (window: 20s-160s)
[DEBUG Orchestrator] End of Iteration. previous_num_instances_for_injector_logic updated to: 1
[DEGUG Orchestrator Loop Duration] Loop Duration = 1911.570809028
[Sniffer] Label set to: benign

--- Iteration 31 | Time: 150.0s / 180s ---
[Orchestrator]RTT = 0.0
[Orchestrator] Metrics: 1 active instance(s), Avg CPU: 21.47%, Avg App MEM: 23.95 MB
[Autoscaler] Condition for SCALE_DOWN met (Avg CPU: 21.47%), but already at MIN_INSTANCES (1). No action.
[DEBUG Orchestrator] Iteration Start. Instances Before Injector Logic: 1, Prev Injector Logic Instances: 1, Attack Started Flag: True, Normal Traffic Started Flag: True
[DEBUG Orchestrator] URLs derived for injector (if active): ['http://localhost:8080']
[Sniffer] Label set to: benign
[DEBUG Orchestrator] Should attack be active now? True (window: 20s-160s)
[DEBUG Orchestrator] End of Iteration. previous_num_instances_for_injector_logic updated to: 1
[DEGUG Orchestrator Loop Duration] Loop Duration = 1916.570809028
[Sniffer] Label set to: benign

--- Iteration 32 | Time: 155.0s / 180s ---
[Orchestrator]RTT = 107.86675650001598
[Orchestrator] Metrics: 1 active instance(s), Avg CPU: 26.79%, Avg App MEM: 23.91 MB
[Autoscaler] Decision: NO_ACTION. Avg CPU: 26.79% is within thresholds (25.0% - 60.0%).
[DEBUG Orchestrator] Iteration Start. Instances Before Injector Logic: 1, Prev Injector Logic Instances: 1, Attack Started Flag: True, Normal Traffic Started Flag: True
[DEBUG Orchestrator] URLs derived for injector (if active): ['http://localhost:8080']
[Sniffer] Label set to: benign
[DEBUG Orchestrator] Should attack be active now? True (window: 20s-160s)
[DEBUG Orchestrator] End of Iteration. previous_num_instances_for_injector_logic updated to: 1
[DEGUG Orchestrator Loop Duration] Loop Duration = 1921.570809028
[Sniffer] Label set to: benign

--- Iteration 33 | Time: 160.0s / 180s ---
[Orchestrator]RTT = 176.04233133336797
[Orchestrator] Metrics: 1 active instance(s), Avg CPU: 33.61%, Avg App MEM: 24.28 MB
[Autoscaler] Decision: NO_ACTION. Avg CPU: 33.61% is within thresholds (25.0% - 60.0%).
[DEBUG Orchestrator] Iteration Start. Instances Before Injector Logic: 1, Prev Injector Logic Instances: 1, Attack Started Flag: True, Normal Traffic Started Flag: True
[DEBUG Orchestrator] URLs derived for injector (if active): ['http://localhost:8080']
[Sniffer] Label set to: benign
[DEBUG Orchestrator] Should attack be active now? False (window: 20s-160s)
[Orchestrator] Attack duration ended or outside schedule. Stopping HTTP flood.
[Injector] Signaling HTTP flood workers to stop...
[Injector] Stop signal sent (non-blocking).
[DEBUG Orchestrator] attack_has_started flag set to FALSE (attack period ended).
[DEBUG Orchestrator] End of Iteration. previous_num_instances_for_injector_logic updated to: 1
[DEGUG Orchestrator Loop Duration] Loop Duration = 1926.570809028
  [Injector Worker 135625537746624] Stopped. Total requests: 17, Errors: 0
[Sniffer] Label set to: benign

--- Iteration 34 | Time: 165.0s / 180s ---
[Orchestrator]RTT = 27.532725703775146
[Orchestrator] Metrics: 1 active instance(s), Avg CPU: 22.01%, Avg App MEM: 24.26 MB
[Autoscaler] Condition for SCALE_DOWN met (Avg CPU: 22.01%), but already at MIN_INSTANCES (1). No action.
[DEBUG Orchestrator] Iteration Start. Instances Before Injector Logic: 1, Prev Injector Logic Instances: 1, Attack Started Flag: False, Normal Traffic Started Flag: True
[DEBUG Orchestrator] URLs derived for injector (if active): ['http://localhost:8080']
[Sniffer] Label set to: benign
[DEBUG Orchestrator] Should attack be active now? False (window: 20s-160s)
[DEBUG Orchestrator] End of Iteration. previous_num_instances_for_injector_logic updated to: 1
[DEGUG Orchestrator Loop Duration] Loop Duration = 1931.570809028
  [Injector Worker 135626066224832] Stopped. Total requests: 17, Errors: 0
[Sniffer] Label set to: benign

--- Iteration 35 | Time: 170.0s / 180s ---
[Orchestrator]RTT = 26.46344680894108
[Orchestrator] Metrics: 1 active instance(s), Avg CPU: 22.12%, Avg App MEM: 24.06 MB
[Autoscaler] Condition for SCALE_DOWN met (Avg CPU: 22.12%), but already at MIN_INSTANCES (1). No action.
[DEBUG Orchestrator] Iteration Start. Instances Before Injector Logic: 1, Prev Injector Logic Instances: 1, Attack Started Flag: False, Normal Traffic Started Flag: True
[DEBUG Orchestrator] URLs derived for injector (if active): ['http://localhost:8080']
[Sniffer] Label set to: benign
[DEBUG Orchestrator] Should attack be active now? False (window: 20s-160s)
[DEBUG Orchestrator] End of Iteration. previous_num_instances_for_injector_logic updated to: 1
[DEGUG Orchestrator Loop Duration] Loop Duration = 1936.570809028
  [Injector Worker 135626049439424] Stopped. Total requests: 17, Errors: 0
  [Injector Worker 135626032654016] Stopped. Total requests: 14, Errors: 0
[Sniffer] Label set to: benign

--- Iteration 36 | Time: 175.0s / 180s ---
[Orchestrator]RTT = 26.7377268982359
[Orchestrator] Metrics: 1 active instance(s), Avg CPU: 21.10%, Avg App MEM: 23.79 MB
[Autoscaler] Condition for SCALE_DOWN met (Avg CPU: 21.10%), but already at MIN_INSTANCES (1). No action.
[DEBUG Orchestrator] Iteration Start. Instances Before Injector Logic: 1, Prev Injector Logic Instances: 1, Attack Started Flag: False, Normal Traffic Started Flag: True
[DEBUG Orchestrator] URLs derived for injector (if active): ['http://localhost:8080']
[Sniffer] Label set to: benign
[DEBUG Orchestrator] Should attack be active now? False (window: 20s-160s)
[DEBUG Orchestrator] End of Iteration. previous_num_instances_for_injector_logic updated to: 1
[DEGUG Orchestrator Loop Duration] Loop Duration = 1941.570809028

[Orchestrator] Simulation duration reached.
[Orchestrator] Saving RTT log...
[Sniffer] Realtime tcpdump stopped.
[Orchestrator] Stopping normal traffic...
[Normal_Injector] Signaling workers to stop...
  [Normal_Injector Worker 135629585344192] Stopped. Total requests: 4385, Errors: 4
  [Normal_Injector Worker 135629346166464] Stopped. Total requests: 4510, Errors: 3
  [Normal_Injector Worker 135629354559168] Stopped. Total requests: 4552, Errors: 6
  [Normal_Injector Worker 135629362951872] Stopped. Total requests: 4475, Errors: 4
[Normal_Injector] Stop signal sent (non-blocking).
[Orchestrator] Cleaning up all simulation instances...
Cleaning up all simulation instances...
Stopping and removing container: target_instance_1 (c6f75ffcb8)...
  Container target_instance_1 removed.
Simulation instance cleanup complete.
[Stats_Collector] Stopping stats collector thread...
[Orchestrator] Simulation Complete. Total Fictional Cost: $0.0010
[Orchestrator] Metrics logged in: simulation_metrics.csv

===== Stage1B: S2 @ 1%, WU=500000 -- reps extras p/ validar candidato principal =====

===== [stage1b_confirm] S2 (100 req/s normal) + 1% ataque (~1.000 req/s) @ WU=500000 rep=2 =====
Attacker RPS set to: 0.25
Number of attackers set to: 4
Simulation duration set to: 180
Attack work units set to: 500000
Normal traffic RPS per client set to: 25.0
Normal traffic work units set to: 10
[Orchestrator] Initializing simulation environment...
[Sniffer] Realtime tcpdump started on any
[Sniffer] Label set to: benign
[Autoscaler] Initialized.
Attempting to build Docker image: edos_target_app:latest...
Image edos_target_app:latest already exists. Skipping build.
Docker network 'edos_network' already exists.
[Orchestrator] Cleaning up any pre-existing simulation instances...
Cleaning up all simulation instances...
No simulation instances found to clean up.
[Orchestrator] Starting initial 1 instance(s)...
Attempting to start container target_instance_1 mapping container:80 to host:8080...
Container 7a23c3fa9a (target_instance_1) started. Accessible on host port 8080.
[Autoscaler] Initial number of instances set to: 1
[Orchestrator] 1 initial instance(s) running.
[Orchestrator] Metrics will be logged to: simulation_metrics.csv
[Orchestrator] Attack summary will be logged to: attack_summary_log.csv
[Orchestrator] Normal traffic summary will be logged to: normal_traffic_summary_log.csv
[Orchestrator] Starting simulation main loop for 180 seconds.
[Orchestrator] Monitoring interval: 5s. Cooldown: 20s.
[Orchestrator] CPU Thresholds: Scale Up > 60.0%, Scale Down < 25.0%
[Orchestrator] Traffic injection scheduled: Start at 20s, Duration 140s.
[Sniffer] Label set to: benign

--- Iteration 1 | Time: 0.0s / 180s ---
[Orchestrator]RTT = 0.0
[Orchestrator] Metrics: 1 active instance(s), Avg CPU: 0.00%, Avg App MEM: 0.00 MB
[Autoscaler] Condition for SCALE_DOWN met (Avg CPU: 0.00%), but already at MIN_INSTANCES (1). No action.
[DEBUG Orchestrator] Iteration Start. Instances Before Injector Logic: 1, Prev Injector Logic Instances: 1, Attack Started Flag: False, Normal Traffic Started Flag: False
[DEBUG Orchestrator] URLs derived for injector (if active): ['http://localhost:8080']
[Sniffer] Label set to: benign
[DEBUG Orchestrator] Should attack be active now? False (window: 20s-160s)
[Orchestrator] Starting/Restarting Normal Traffic. Target URLs for this call: ['http://localhost:8080']
[Normal_Injector] Starting HTTP flood with 4 attackers, ~100.0 RPS total, across 1 targets: http://localhost:8080
  [Normal_Injector Worker 132820485605056] Started. Target: http://localhost:8080?work=10&sleep=0.0, RPS: 25.00, Mean interval: 0.0400s (Poisson)
  [Normal_Injector Worker 132820468819648] Started. Target: http://localhost:8080?work=10&sleep=0.0, RPS: 25.00, Mean interval: 0.0400s (Poisson)
  [Normal_Injector Worker 132820118795968] Started. Target: http://localhost:8080?work=10&sleep=0.0, RPS: 25.00, Mean interval: 0.0400s (Poisson)
  [Normal_Injector Worker 132820110403264] Started. Target: http://localhost:8080?work=10&sleep=0.0, RPS: 25.00, Mean interval: 0.0400s (Poisson)
[Normal_Injector] All 4 attacker threads launched.
[DEBUG Orchestrator] End of Iteration. previous_num_instances_for_injector_logic updated to: 1
[DEGUG Orchestrator Loop Duration] Loop Duration = 1951.09704954
[Sniffer] Label set to: benign

--- Iteration 2 | Time: 5.0s / 180s ---
[Orchestrator]RTT = 26.920318787319577
[Orchestrator] Metrics: 1 active instance(s), Avg CPU: 19.74%, Avg App MEM: 22.48 MB
[Autoscaler] Condition for SCALE_DOWN met (Avg CPU: 19.74%), but already at MIN_INSTANCES (1). No action.
[DEBUG Orchestrator] Iteration Start. Instances Before Injector Logic: 1, Prev Injector Logic Instances: 1, Attack Started Flag: False, Normal Traffic Started Flag: True
[DEBUG Orchestrator] URLs derived for injector (if active): ['http://localhost:8080']
[Sniffer] Label set to: benign
[DEBUG Orchestrator] Should attack be active now? False (window: 20s-160s)
[DEBUG Orchestrator] End of Iteration. previous_num_instances_for_injector_logic updated to: 1
[DEGUG Orchestrator Loop Duration] Loop Duration = 1956.09704954
[Sniffer] Label set to: benign

--- Iteration 3 | Time: 10.0s / 180s ---
[Orchestrator]RTT = 25.186842558494522
[Orchestrator] Metrics: 1 active instance(s), Avg CPU: 21.50%, Avg App MEM: 23.06 MB
[Autoscaler] Condition for SCALE_DOWN met (Avg CPU: 21.50%), but already at MIN_INSTANCES (1). No action.
[DEBUG Orchestrator] Iteration Start. Instances Before Injector Logic: 1, Prev Injector Logic Instances: 1, Attack Started Flag: False, Normal Traffic Started Flag: True
[DEBUG Orchestrator] URLs derived for injector (if active): ['http://localhost:8080']
[Sniffer] Label set to: benign
[DEBUG Orchestrator] Should attack be active now? False (window: 20s-160s)
[DEBUG Orchestrator] End of Iteration. previous_num_instances_for_injector_logic updated to: 1
[DEGUG Orchestrator Loop Duration] Loop Duration = 1961.09704954
[Sniffer] Label set to: benign

--- Iteration 4 | Time: 15.0s / 180s ---
[Orchestrator]RTT = 27.7250635409538
[Orchestrator] Metrics: 1 active instance(s), Avg CPU: 22.57%, Avg App MEM: 23.10 MB
[Autoscaler] Condition for SCALE_DOWN met (Avg CPU: 22.57%), but already at MIN_INSTANCES (1). No action.
[DEBUG Orchestrator] Iteration Start. Instances Before Injector Logic: 1, Prev Injector Logic Instances: 1, Attack Started Flag: False, Normal Traffic Started Flag: True
[DEBUG Orchestrator] URLs derived for injector (if active): ['http://localhost:8080']
[Sniffer] Label set to: benign
[DEBUG Orchestrator] Should attack be active now? False (window: 20s-160s)
[DEBUG Orchestrator] End of Iteration. previous_num_instances_for_injector_logic updated to: 1
[DEGUG Orchestrator Loop Duration] Loop Duration = 1966.09704954
[Sniffer] Label set to: benign

--- Iteration 5 | Time: 20.0s / 180s ---
[Orchestrator]RTT = 25.772615945943244
[Orchestrator] Metrics: 1 active instance(s), Avg CPU: 19.61%, Avg App MEM: 23.10 MB
[Autoscaler] Condition for SCALE_DOWN met (Avg CPU: 19.61%), but already at MIN_INSTANCES (1). No action.
[DEBUG Orchestrator] Iteration Start. Instances Before Injector Logic: 1, Prev Injector Logic Instances: 1, Attack Started Flag: False, Normal Traffic Started Flag: True
[DEBUG Orchestrator] URLs derived for injector (if active): ['http://localhost:8080']
[Sniffer] Label set to: benign
[DEBUG Orchestrator] Should attack be active now? True (window: 20s-160s)
[DEBUG Orchestrator] Condition: Needs to START attack (was not started and in attack window).
[Orchestrator] Starting/Restarting HTTP flood. Target URLs for this call: ['http://localhost:8080']
[Injector] Starting HTTP flood with 4 attackers, ~1.0 RPS total, across 1 targets: http://localhost:8080
  [Injector Worker 132817426048704] Started. Target: http://localhost:8080?work=500000&sleep=0.0, RPS: 0.25, Mean interval: 4.0000s (Poisson)
  [Injector Worker 132817409263296] Started. Target: http://localhost:8080?work=500000&sleep=0.0, RPS: 0.25, Mean interval: 4.0000s (Poisson)
  [Injector Worker 132817392477888] Started. Target: http://localhost:8080?work=500000&sleep=0.0, RPS: 0.25, Mean interval: 4.0000s (Poisson)
  [Injector Worker 132817384085184] Started. Target: http://localhost:8080?work=500000&sleep=0.0, RPS: 0.25, Mean interval: 4.0000s (Poisson)
[Injector] All 4 attacker threads launched.
[Sniffer] Label set to: attack
[DEBUG Orchestrator] attack_has_started flag set to TRUE.
[DEBUG Orchestrator] End of Iteration. previous_num_instances_for_injector_logic updated to: 1
[DEGUG Orchestrator Loop Duration] Loop Duration = 1971.09704954
[Sniffer] Label set to: benign

--- Iteration 6 | Time: 25.0s / 180s ---
[Orchestrator]RTT = 204.60271118180242
[Orchestrator] Metrics: 1 active instance(s), Avg CPU: 32.20%, Avg App MEM: 25.50 MB
[Autoscaler] Decision: NO_ACTION. Avg CPU: 32.20% is within thresholds (25.0% - 60.0%).
[DEBUG Orchestrator] Iteration Start. Instances Before Injector Logic: 1, Prev Injector Logic Instances: 1, Attack Started Flag: True, Normal Traffic Started Flag: True
[DEBUG Orchestrator] URLs derived for injector (if active): ['http://localhost:8080']
[Sniffer] Label set to: benign
[DEBUG Orchestrator] Should attack be active now? True (window: 20s-160s)
[DEBUG Orchestrator] End of Iteration. previous_num_instances_for_injector_logic updated to: 1
[DEGUG Orchestrator Loop Duration] Loop Duration = 1976.09704954
[Sniffer] Label set to: benign

--- Iteration 7 | Time: 30.0s / 180s ---
[Orchestrator]RTT = 142.9205681666872
[Orchestrator] Metrics: 1 active instance(s), Avg CPU: 32.63%, Avg App MEM: 25.65 MB
[Autoscaler] Decision: NO_ACTION. Avg CPU: 32.63% is within thresholds (25.0% - 60.0%).
[DEBUG Orchestrator] Iteration Start. Instances Before Injector Logic: 1, Prev Injector Logic Instances: 1, Attack Started Flag: True, Normal Traffic Started Flag: True
[DEBUG Orchestrator] URLs derived for injector (if active): ['http://localhost:8080']
[Sniffer] Label set to: benign
[DEBUG Orchestrator] Should attack be active now? True (window: 20s-160s)
[DEBUG Orchestrator] End of Iteration. previous_num_instances_for_injector_logic updated to: 1
[DEGUG Orchestrator Loop Duration] Loop Duration = 1981.09704954
[Sniffer] Label set to: benign

--- Iteration 8 | Time: 35.0s / 180s ---
[Orchestrator]RTT = 148.69720033326908
[Orchestrator] Metrics: 1 active instance(s), Avg CPU: 41.72%, Avg App MEM: 25.56 MB
[Autoscaler] Decision: NO_ACTION. Avg CPU: 41.72% is within thresholds (25.0% - 60.0%).
[DEBUG Orchestrator] Iteration Start. Instances Before Injector Logic: 1, Prev Injector Logic Instances: 1, Attack Started Flag: True, Normal Traffic Started Flag: True
[DEBUG Orchestrator] URLs derived for injector (if active): ['http://localhost:8080']
[Sniffer] Label set to: benign
[DEBUG Orchestrator] Should attack be active now? True (window: 20s-160s)
[DEBUG Orchestrator] End of Iteration. previous_num_instances_for_injector_logic updated to: 1
[DEGUG Orchestrator Loop Duration] Loop Duration = 1986.09704954
[Sniffer] Label set to: benign

--- Iteration 9 | Time: 40.0s / 180s ---
[Orchestrator]RTT = 107.30494457136176
[Orchestrator] Metrics: 1 active instance(s), Avg CPU: 33.82%, Avg App MEM: 25.71 MB
[Autoscaler] Decision: NO_ACTION. Avg CPU: 33.82% is within thresholds (25.0% - 60.0%).
[DEBUG Orchestrator] Iteration Start. Instances Before Injector Logic: 1, Prev Injector Logic Instances: 1, Attack Started Flag: True, Normal Traffic Started Flag: True
[DEBUG Orchestrator] URLs derived for injector (if active): ['http://localhost:8080']
[Sniffer] Label set to: benign
[DEBUG Orchestrator] Should attack be active now? True (window: 20s-160s)
[DEBUG Orchestrator] End of Iteration. previous_num_instances_for_injector_logic updated to: 1
[DEGUG Orchestrator Loop Duration] Loop Duration = 1991.09704954
[Sniffer] Label set to: benign

--- Iteration 10 | Time: 45.0s / 180s ---
[Orchestrator]RTT = 125.71802016664908
[Orchestrator] Metrics: 1 active instance(s), Avg CPU: 30.33%, Avg App MEM: 25.49 MB
[Autoscaler] Decision: NO_ACTION. Avg CPU: 30.33% is within thresholds (25.0% - 60.0%).
[DEBUG Orchestrator] Iteration Start. Instances Before Injector Logic: 1, Prev Injector Logic Instances: 1, Attack Started Flag: True, Normal Traffic Started Flag: True
[DEBUG Orchestrator] URLs derived for injector (if active): ['http://localhost:8080']
[Sniffer] Label set to: benign
[DEBUG Orchestrator] Should attack be active now? True (window: 20s-160s)
[DEBUG Orchestrator] End of Iteration. previous_num_instances_for_injector_logic updated to: 1
[DEGUG Orchestrator Loop Duration] Loop Duration = 1996.09704954
[Sniffer] Label set to: benign

--- Iteration 11 | Time: 50.0s / 180s ---
[Orchestrator]RTT = 148.19231066669798
[Orchestrator] Metrics: 1 active instance(s), Avg CPU: 61.39%, Avg App MEM: 25.75 MB
[Autoscaler] Decision: SCALE_UP. Avg CPU: 61.39% > 60.0%. Current instances: 1, Max: 4
[Orchestrator] Action: Scaling UP from 1 instance(s). Attempting to start instance 2.
Attempting to start container target_instance_2 mapping container:80 to host:8081...
Container 77edcdcd9d (target_instance_2) started. Accessible on host port 8081.
[Orchestrator] Successfully started target_instance_2. Now 2 instance(s).
[Autoscaler] Scale action recorded. New instance count: 2. Cooldown timer reset.
[DEBUG Orchestrator] Iteration Start. Instances Before Injector Logic: 2, Prev Injector Logic Instances: 1, Attack Started Flag: True, Normal Traffic Started Flag: True
[DEBUG Orchestrator] URLs derived for injector (if active): ['http://localhost:8080', 'http://localhost:8081']
[Sniffer] Label set to: benign
[DEBUG Orchestrator] Should attack be active now? True (window: 20s-160s)
[DEBUG Orchestrator] Condition: Needs to RESTART attack (num instances changed from 1 to 2 AND attack was active).
[Orchestrator] Attack active and restart needed. Stopping current traffic injector...
[Injector] Signaling HTTP flood workers to stop...
[Injector] Stop signal sent (non-blocking).
[DEBUG Orchestrator] Called stop_http_flood. Sleeping for 1s...
  [Injector Worker 132817384085184] Stopped. Total requests: 13, Errors: 0
  [Injector Worker 132817409263296] Stopped. Total requests: 10, Errors: 0
[DEBUG Orchestrator] Resuming after sleep.
[Orchestrator] Starting/Restarting HTTP flood. Target URLs for this call: ['http://localhost:8080', 'http://localhost:8081']
[Injector] Starting HTTP flood with 4 attackers, ~1.0 RPS total, across 2 targets: http://localhost:8080, http://localhost:8081
  [Injector Worker 132817409263296] Started. Target: http://localhost:8080?work=500000&sleep=0.0, RPS: 0.25, Mean interval: 4.0000s (Poisson)
  [Injector Worker 132817384085184] Started. Target: http://localhost:8081?work=500000&sleep=0.0, RPS: 0.25, Mean interval: 4.0000s (Poisson)
  [Injector Worker 132815521822400] Started. Target: http://localhost:8080?work=500000&sleep=0.0, RPS: 0.25, Mean interval: 4.0000s (Poisson)
  [Injector Worker 132815513429696] Started. Target: http://localhost:8081?work=500000&sleep=0.0, RPS: 0.25, Mean interval: 4.0000s (Poisson)
[Injector] All 4 attacker threads launched.
[Sniffer] Label set to: attack
[DEBUG Orchestrator] attack_has_started flag set to TRUE.
[DEBUG Orchestrator] End of Iteration. previous_num_instances_for_injector_logic updated to: 2
[DEGUG Orchestrator Loop Duration] Loop Duration = 2001.09704954
[Sniffer] Label set to: benign

--- Iteration 12 | Time: 55.0s / 180s ---
[Orchestrator]RTT = 207.1812844999954
[Orchestrator] Metrics: 2 active instance(s), Avg CPU: 56.48%, Avg App MEM: 25.74 MB
[Autoscaler]In cooldown: 15.000234699999965
[DEBUG Orchestrator] Iteration Start. Instances Before Injector Logic: 2, Prev Injector Logic Instances: 2, Attack Started Flag: True, Normal Traffic Started Flag: True
[DEBUG Orchestrator] URLs derived for injector (if active): ['http://localhost:8080', 'http://localhost:8081']
[Sniffer] Label set to: benign
[DEBUG Orchestrator] Should attack be active now? True (window: 20s-160s)
[DEBUG Orchestrator] End of Iteration. previous_num_instances_for_injector_logic updated to: 2
[DEGUG Orchestrator Loop Duration] Loop Duration = 2006.09704954
[Sniffer] Label set to: benign

--- Iteration 13 | Time: 60.0s / 180s ---
[Orchestrator]RTT = 121.2447294444448
[Orchestrator] Metrics: 2 active instance(s), Avg CPU: 21.50%, Avg App MEM: 23.40 MB
[Autoscaler]In cooldown: 9.99961716100006
[DEBUG Orchestrator] Iteration Start. Instances Before Injector Logic: 2, Prev Injector Logic Instances: 2, Attack Started Flag: True, Normal Traffic Started Flag: True
[DEBUG Orchestrator] URLs derived for injector (if active): ['http://localhost:8080', 'http://localhost:8081']
[Sniffer] Label set to: benign
[DEBUG Orchestrator] Should attack be active now? True (window: 20s-160s)
[DEBUG Orchestrator] End of Iteration. previous_num_instances_for_injector_logic updated to: 2
[DEGUG Orchestrator Loop Duration] Loop Duration = 2011.09704954
[Sniffer] Label set to: benign

--- Iteration 14 | Time: 65.0s / 180s ---
[Orchestrator]RTT = 126.91937281818933
[Orchestrator] Metrics: 2 active instance(s), Avg CPU: 18.80%, Avg App MEM: 23.41 MB
[Autoscaler]In cooldown: 4.9998483379999925
[DEBUG Orchestrator] Iteration Start. Instances Before Injector Logic: 2, Prev Injector Logic Instances: 2, Attack Started Flag: True, Normal Traffic Started Flag: True
[DEBUG Orchestrator] URLs derived for injector (if active): ['http://localhost:8080', 'http://localhost:8081']
[Sniffer] Label set to: benign
[DEBUG Orchestrator] Should attack be active now? True (window: 20s-160s)
[DEBUG Orchestrator] End of Iteration. previous_num_instances_for_injector_logic updated to: 2
[DEGUG Orchestrator Loop Duration] Loop Duration = 2016.09704954
[Sniffer] Label set to: benign

--- Iteration 15 | Time: 70.0s / 180s ---
[Orchestrator]RTT = 141.87940939996224
[Orchestrator] Metrics: 2 active instance(s), Avg CPU: 11.64%, Avg App MEM: 22.70 MB
[Autoscaler] Decision: SCALE_DOWN. Avg CPU: 11.64% < 25.0%. Current instances: 2, Min: 1
[Orchestrator] Action: Scaling DOWN from 2 instance(s). Stopping target_instance_2.
Attempting to stop and remove container target_instance_2...
Container target_instance_2 stopped and removed.
[Orchestrator] Successfully stopped target_instance_2. Now 1 instance(s).
[Autoscaler] Scale action recorded. New instance count: 1. Cooldown timer reset.
[DEBUG Orchestrator] Iteration Start. Instances Before Injector Logic: 1, Prev Injector Logic Instances: 2, Attack Started Flag: True, Normal Traffic Started Flag: True
[DEBUG Orchestrator] URLs derived for injector (if active): ['http://localhost:8080']
[Sniffer] Label set to: benign
[DEBUG Orchestrator] Should attack be active now? True (window: 20s-160s)
[DEBUG Orchestrator] Condition: Needs to RESTART attack (num instances changed from 2 to 1 AND attack was active).
[Orchestrator] Attack active and restart needed. Stopping current traffic injector...
[Injector] Signaling HTTP flood workers to stop...
  [Injector Worker 132817384085184] Stopped. Total requests: 5, Errors: 0
[Injector] Stop signal sent (non-blocking).
[DEBUG Orchestrator] Called stop_http_flood. Sleeping for 1s...
  [Injector Worker 132817409263296] Stopped. Total requests: 7, Errors: 0
  [Injector Worker 132815521822400] Stopped. Total requests: 9, Errors: 0
  [Injector Worker 132817392477888] Stopped. Total requests: 22, Errors: 0
[DEBUG Orchestrator] Resuming after sleep.
[Orchestrator] Starting/Restarting HTTP flood. Target URLs for this call: ['http://localhost:8080']
[Injector] Starting HTTP flood with 4 attackers, ~1.0 RPS total, across 1 targets: http://localhost:8080
  [Injector Worker 132817392477888] Started. Target: http://localhost:8080?work=500000&sleep=0.0, RPS: 0.25, Mean interval: 4.0000s (Poisson)
  [Injector Worker 132815521822400] Started. Target: http://localhost:8080?work=500000&sleep=0.0, RPS: 0.25, Mean interval: 4.0000s (Poisson)
  [Injector Worker 132817409263296] Started. Target: http://localhost:8080?work=500000&sleep=0.0, RPS: 0.25, Mean interval: 4.0000s (Poisson)
  [Injector Worker 132817384085184] Started. Target: http://localhost:8080?work=500000&sleep=0.0, RPS: 0.25, Mean interval: 4.0000s (Poisson)
[Injector] All 4 attacker threads launched.
[Sniffer] Label set to: attack
[DEBUG Orchestrator] attack_has_started flag set to TRUE.
[DEBUG Orchestrator] End of Iteration. previous_num_instances_for_injector_logic updated to: 1
[DEGUG Orchestrator Loop Duration] Loop Duration = 2021.09704954
[Orchestrator] Warning: Loop iteration took longer than MONITOR_INTERVAL_SECONDS (5s). Not sleeping.
[Sniffer] Label set to: benign

--- Iteration 16 | Time: 77.0s / 180s ---
[Orchestrator]RTT = 126.66270657138868
[Orchestrator] Metrics: 1 active instance(s), Avg CPU: 33.46%, Avg App MEM: 25.89 MB
[Autoscaler]In cooldown: 12.975698415999886
[DEBUG Orchestrator] Iteration Start. Instances Before Injector Logic: 1, Prev Injector Logic Instances: 1, Attack Started Flag: True, Normal Traffic Started Flag: True
[DEBUG Orchestrator] URLs derived for injector (if active): ['http://localhost:8080']
[Sniffer] Label set to: benign
[DEBUG Orchestrator] Should attack be active now? True (window: 20s-160s)
[DEBUG Orchestrator] End of Iteration. previous_num_instances_for_injector_logic updated to: 1
[DEGUG Orchestrator Loop Duration] Loop Duration = 2026.09704954
[Sniffer] Label set to: benign

--- Iteration 17 | Time: 80.0s / 180s ---
[Orchestrator]RTT = 207.74281763638928
[Orchestrator] Metrics: 1 active instance(s), Avg CPU: 32.08%, Avg App MEM: 25.70 MB
[Autoscaler]In cooldown: 9.999805816999924
[DEBUG Orchestrator] Iteration Start. Instances Before Injector Logic: 1, Prev Injector Logic Instances: 1, Attack Started Flag: True, Normal Traffic Started Flag: True
[DEBUG Orchestrator] URLs derived for injector (if active): ['http://localhost:8080']
[Sniffer] Label set to: benign
[DEBUG Orchestrator] Should attack be active now? True (window: 20s-160s)
[DEBUG Orchestrator] End of Iteration. previous_num_instances_for_injector_logic updated to: 1
[DEGUG Orchestrator Loop Duration] Loop Duration = 2031.09704954
[Sniffer] Label set to: benign

--- Iteration 18 | Time: 85.0s / 180s ---
[Orchestrator]RTT = 137.7127337143195
[Orchestrator] Metrics: 1 active instance(s), Avg CPU: 60.50%, Avg App MEM: 25.93 MB
[Autoscaler]In cooldown: 5.000271395000027
[DEBUG Orchestrator] Iteration Start. Instances Before Injector Logic: 1, Prev Injector Logic Instances: 1, Attack Started Flag: True, Normal Traffic Started Flag: True
[DEBUG Orchestrator] URLs derived for injector (if active): ['http://localhost:8080']
[Sniffer] Label set to: benign
[DEBUG Orchestrator] Should attack be active now? True (window: 20s-160s)
[DEBUG Orchestrator] End of Iteration. previous_num_instances_for_injector_logic updated to: 1
[DEGUG Orchestrator Loop Duration] Loop Duration = 2036.09704954
[Sniffer] Label set to: benign

--- Iteration 19 | Time: 90.0s / 180s ---
[Orchestrator]RTT = 138.46734559988363
[Orchestrator] Metrics: 1 active instance(s), Avg CPU: 29.96%, Avg App MEM: 25.96 MB
[Autoscaler] Decision: NO_ACTION. Avg CPU: 29.96% is within thresholds (25.0% - 60.0%).
[DEBUG Orchestrator] Iteration Start. Instances Before Injector Logic: 1, Prev Injector Logic Instances: 1, Attack Started Flag: True, Normal Traffic Started Flag: True
[DEBUG Orchestrator] URLs derived for injector (if active): ['http://localhost:8080']
[Sniffer] Label set to: benign
[DEBUG Orchestrator] Should attack be active now? True (window: 20s-160s)
[DEBUG Orchestrator] End of Iteration. previous_num_instances_for_injector_logic updated to: 1
[DEGUG Orchestrator Loop Duration] Loop Duration = 2041.09704954
[Sniffer] Label set to: benign

--- Iteration 20 | Time: 95.0s / 180s ---
[Orchestrator]RTT = 134.46129825001663
[Orchestrator] Metrics: 1 active instance(s), Avg CPU: 30.24%, Avg App MEM: 25.86 MB
[Autoscaler] Decision: NO_ACTION. Avg CPU: 30.24% is within thresholds (25.0% - 60.0%).
[DEBUG Orchestrator] Iteration Start. Instances Before Injector Logic: 1, Prev Injector Logic Instances: 1, Attack Started Flag: True, Normal Traffic Started Flag: True
[DEBUG Orchestrator] URLs derived for injector (if active): ['http://localhost:8080']
[Sniffer] Label set to: benign
[DEBUG Orchestrator] Should attack be active now? True (window: 20s-160s)
[DEBUG Orchestrator] End of Iteration. previous_num_instances_for_injector_logic updated to: 1
[DEGUG Orchestrator Loop Duration] Loop Duration = 2046.09704954
[Sniffer] Label set to: benign

--- Iteration 21 | Time: 100.0s / 180s ---
[Orchestrator]RTT = 136.86640085718085
[Orchestrator] Metrics: 1 active instance(s), Avg CPU: 32.03%, Avg App MEM: 26.24 MB
[Autoscaler] Decision: NO_ACTION. Avg CPU: 32.03% is within thresholds (25.0% - 60.0%).
[DEBUG Orchestrator] Iteration Start. Instances Before Injector Logic: 1, Prev Injector Logic Instances: 1, Attack Started Flag: True, Normal Traffic Started Flag: True
[DEBUG Orchestrator] URLs derived for injector (if active): ['http://localhost:8080']
[Sniffer] Label set to: benign
[DEBUG Orchestrator] Should attack be active now? True (window: 20s-160s)
[DEBUG Orchestrator] End of Iteration. previous_num_instances_for_injector_logic updated to: 1
[DEGUG Orchestrator Loop Duration] Loop Duration = 2051.0970495399997
[Sniffer] Label set to: benign

--- Iteration 22 | Time: 105.0s / 180s ---
[Orchestrator]RTT = 116.74373233328576
[Orchestrator] Metrics: 1 active instance(s), Avg CPU: 31.97%, Avg App MEM: 25.99 MB
[Autoscaler] Decision: NO_ACTION. Avg CPU: 31.97% is within thresholds (25.0% - 60.0%).
[DEBUG Orchestrator] Iteration Start. Instances Before Injector Logic: 1, Prev Injector Logic Instances: 1, Attack Started Flag: True, Normal Traffic Started Flag: True
[DEBUG Orchestrator] URLs derived for injector (if active): ['http://localhost:8080']
[Sniffer] Label set to: benign
[DEBUG Orchestrator] Should attack be active now? True (window: 20s-160s)
[DEBUG Orchestrator] End of Iteration. previous_num_instances_for_injector_logic updated to: 1
[DEGUG Orchestrator Loop Duration] Loop Duration = 2056.0970495399997
[Sniffer] Label set to: benign

--- Iteration 23 | Time: 110.0s / 180s ---
[Orchestrator]RTT = 120.06469171430061
[Orchestrator] Metrics: 1 active instance(s), Avg CPU: 33.83%, Avg App MEM: 25.86 MB
[Autoscaler] Decision: NO_ACTION. Avg CPU: 33.83% is within thresholds (25.0% - 60.0%).
[DEBUG Orchestrator] Iteration Start. Instances Before Injector Logic: 1, Prev Injector Logic Instances: 1, Attack Started Flag: True, Normal Traffic Started Flag: True
[DEBUG Orchestrator] URLs derived for injector (if active): ['http://localhost:8080']
[Sniffer] Label set to: benign
[DEBUG Orchestrator] Should attack be active now? True (window: 20s-160s)
[DEBUG Orchestrator] End of Iteration. previous_num_instances_for_injector_logic updated to: 1
[DEGUG Orchestrator Loop Duration] Loop Duration = 2061.0970495399997
[Sniffer] Label set to: benign

--- Iteration 24 | Time: 115.0s / 180s ---
[Orchestrator]RTT = 128.53081000009428
[Orchestrator] Metrics: 1 active instance(s), Avg CPU: 44.61%, Avg App MEM: 26.23 MB
[Autoscaler] Decision: NO_ACTION. Avg CPU: 44.61% is within thresholds (25.0% - 60.0%).
[DEBUG Orchestrator] Iteration Start. Instances Before Injector Logic: 1, Prev Injector Logic Instances: 1, Attack Started Flag: True, Normal Traffic Started Flag: True
[DEBUG Orchestrator] URLs derived for injector (if active): ['http://localhost:8080']
[Sniffer] Label set to: benign
[DEBUG Orchestrator] Should attack be active now? True (window: 20s-160s)
[DEBUG Orchestrator] End of Iteration. previous_num_instances_for_injector_logic updated to: 1
[DEGUG Orchestrator Loop Duration] Loop Duration = 2066.0970495399997
[Sniffer] Label set to: benign

--- Iteration 25 | Time: 120.0s / 180s ---
[Orchestrator]RTT = 145.44144866658826
[Orchestrator] Metrics: 1 active instance(s), Avg CPU: 28.12%, Avg App MEM: 26.15 MB
[Autoscaler] Decision: NO_ACTION. Avg CPU: 28.12% is within thresholds (25.0% - 60.0%).
[DEBUG Orchestrator] Iteration Start. Instances Before Injector Logic: 1, Prev Injector Logic Instances: 1, Attack Started Flag: True, Normal Traffic Started Flag: True
[DEBUG Orchestrator] URLs derived for injector (if active): ['http://localhost:8080']
[Sniffer] Label set to: benign
[DEBUG Orchestrator] Should attack be active now? True (window: 20s-160s)
[DEBUG Orchestrator] End of Iteration. previous_num_instances_for_injector_logic updated to: 1
[DEGUG Orchestrator Loop Duration] Loop Duration = 2071.0970495399997
[Sniffer] Label set to: benign

--- Iteration 26 | Time: 125.0s / 180s ---
[Orchestrator]RTT = 160.5763575555304
[Orchestrator] Metrics: 1 active instance(s), Avg CPU: 54.71%, Avg App MEM: 26.04 MB
[Autoscaler] Decision: NO_ACTION. Avg CPU: 54.71% is within thresholds (25.0% - 60.0%).
[DEBUG Orchestrator] Iteration Start. Instances Before Injector Logic: 1, Prev Injector Logic Instances: 1, Attack Started Flag: True, Normal Traffic Started Flag: True
[DEBUG Orchestrator] URLs derived for injector (if active): ['http://localhost:8080']
[Sniffer] Label set to: benign
[DEBUG Orchestrator] Should attack be active now? True (window: 20s-160s)
[DEBUG Orchestrator] End of Iteration. previous_num_instances_for_injector_logic updated to: 1
[DEGUG Orchestrator Loop Duration] Loop Duration = 2076.0970495399997
[Sniffer] Label set to: benign

--- Iteration 27 | Time: 130.0s / 180s ---
[Orchestrator]RTT = 142.60846033327348
[Orchestrator] Metrics: 1 active instance(s), Avg CPU: 29.24%, Avg App MEM: 25.93 MB
[Autoscaler] Decision: NO_ACTION. Avg CPU: 29.24% is within thresholds (25.0% - 60.0%).
[DEBUG Orchestrator] Iteration Start. Instances Before Injector Logic: 1, Prev Injector Logic Instances: 1, Attack Started Flag: True, Normal Traffic Started Flag: True
[DEBUG Orchestrator] URLs derived for injector (if active): ['http://localhost:8080']
[Sniffer] Label set to: benign
[DEBUG Orchestrator] Should attack be active now? True (window: 20s-160s)
[DEBUG Orchestrator] End of Iteration. previous_num_instances_for_injector_logic updated to: 1
[DEGUG Orchestrator Loop Duration] Loop Duration = 2081.0970495399997
[Sniffer] Label set to: benign

--- Iteration 28 | Time: 135.0s / 180s ---
[Orchestrator]RTT = 141.2826173332178
[Orchestrator] Metrics: 1 active instance(s), Avg CPU: 27.50%, Avg App MEM: 25.93 MB
[Autoscaler] Decision: NO_ACTION. Avg CPU: 27.50% is within thresholds (25.0% - 60.0%).
[DEBUG Orchestrator] Iteration Start. Instances Before Injector Logic: 1, Prev Injector Logic Instances: 1, Attack Started Flag: True, Normal Traffic Started Flag: True
[DEBUG Orchestrator] URLs derived for injector (if active): ['http://localhost:8080']
[Sniffer] Label set to: benign
[DEBUG Orchestrator] Should attack be active now? True (window: 20s-160s)
[DEBUG Orchestrator] End of Iteration. previous_num_instances_for_injector_logic updated to: 1
[DEGUG Orchestrator Loop Duration] Loop Duration = 2086.0970495399997
[Sniffer] Label set to: benign

--- Iteration 29 | Time: 140.0s / 180s ---
[Orchestrator]RTT = 178.93018783342995
[Orchestrator] Metrics: 1 active instance(s), Avg CPU: 43.69%, Avg App MEM: 25.90 MB
[Autoscaler] Decision: NO_ACTION. Avg CPU: 43.69% is within thresholds (25.0% - 60.0%).
[DEBUG Orchestrator] Iteration Start. Instances Before Injector Logic: 1, Prev Injector Logic Instances: 1, Attack Started Flag: True, Normal Traffic Started Flag: True
[DEBUG Orchestrator] URLs derived for injector (if active): ['http://localhost:8080']
[Sniffer] Label set to: benign
[DEBUG Orchestrator] Should attack be active now? True (window: 20s-160s)
[DEBUG Orchestrator] End of Iteration. previous_num_instances_for_injector_logic updated to: 1
[DEGUG Orchestrator Loop Duration] Loop Duration = 2091.0970495399997
[Sniffer] Label set to: benign

--- Iteration 30 | Time: 145.0s / 180s ---
[Orchestrator]RTT = 127.9830943999059
[Orchestrator] Metrics: 1 active instance(s), Avg CPU: 44.76%, Avg App MEM: 25.93 MB
[Autoscaler] Decision: NO_ACTION. Avg CPU: 44.76% is within thresholds (25.0% - 60.0%).
[DEBUG Orchestrator] Iteration Start. Instances Before Injector Logic: 1, Prev Injector Logic Instances: 1, Attack Started Flag: True, Normal Traffic Started Flag: True
[DEBUG Orchestrator] URLs derived for injector (if active): ['http://localhost:8080']
[Sniffer] Label set to: benign
[DEBUG Orchestrator] Should attack be active now? True (window: 20s-160s)
[DEBUG Orchestrator] End of Iteration. previous_num_instances_for_injector_logic updated to: 1
[DEGUG Orchestrator Loop Duration] Loop Duration = 2096.0970495399997
[Sniffer] Label set to: benign

--- Iteration 31 | Time: 150.0s / 180s ---
[Orchestrator]RTT = 109.59163433335561
[Orchestrator] Metrics: 1 active instance(s), Avg CPU: 31.96%, Avg App MEM: 25.92 MB
[Autoscaler] Decision: NO_ACTION. Avg CPU: 31.96% is within thresholds (25.0% - 60.0%).
[DEBUG Orchestrator] Iteration Start. Instances Before Injector Logic: 1, Prev Injector Logic Instances: 1, Attack Started Flag: True, Normal Traffic Started Flag: True
[DEBUG Orchestrator] URLs derived for injector (if active): ['http://localhost:8080']
[Sniffer] Label set to: benign
[DEBUG Orchestrator] Should attack be active now? True (window: 20s-160s)
[DEBUG Orchestrator] End of Iteration. previous_num_instances_for_injector_logic updated to: 1
[DEGUG Orchestrator Loop Duration] Loop Duration = 2101.0970495399997
[Sniffer] Label set to: benign

--- Iteration 32 | Time: 155.0s / 180s ---
[Orchestrator]RTT = 108.36054120009067
[Orchestrator] Metrics: 1 active instance(s), Avg CPU: 24.77%, Avg App MEM: 26.05 MB
[Autoscaler] Condition for SCALE_DOWN met (Avg CPU: 24.77%), but already at MIN_INSTANCES (1). No action.
[DEBUG Orchestrator] Iteration Start. Instances Before Injector Logic: 1, Prev Injector Logic Instances: 1, Attack Started Flag: True, Normal Traffic Started Flag: True
[DEBUG Orchestrator] URLs derived for injector (if active): ['http://localhost:8080']
[Sniffer] Label set to: benign
[DEBUG Orchestrator] Should attack be active now? True (window: 20s-160s)
[DEBUG Orchestrator] End of Iteration. previous_num_instances_for_injector_logic updated to: 1
[DEGUG Orchestrator Loop Duration] Loop Duration = 2106.0970495399997
[Sniffer] Label set to: benign

--- Iteration 33 | Time: 160.0s / 180s ---
[Orchestrator]RTT = 132.5286108334088
[Orchestrator] Metrics: 1 active instance(s), Avg CPU: 31.60%, Avg App MEM: 26.17 MB
[Autoscaler] Decision: NO_ACTION. Avg CPU: 31.60% is within thresholds (25.0% - 60.0%).
[DEBUG Orchestrator] Iteration Start. Instances Before Injector Logic: 1, Prev Injector Logic Instances: 1, Attack Started Flag: True, Normal Traffic Started Flag: True
[DEBUG Orchestrator] URLs derived for injector (if active): ['http://localhost:8080']
[Sniffer] Label set to: benign
[DEBUG Orchestrator] Should attack be active now? False (window: 20s-160s)
[Orchestrator] Attack duration ended or outside schedule. Stopping HTTP flood.
[Injector] Signaling HTTP flood workers to stop...
  [Injector Worker 132817426048704] Stopped. Total requests: 31, Errors: 0
[Injector] Stop signal sent (non-blocking).
[DEBUG Orchestrator] attack_has_started flag set to FALSE (attack period ended).
[DEBUG Orchestrator] End of Iteration. previous_num_instances_for_injector_logic updated to: 1
[DEGUG Orchestrator Loop Duration] Loop Duration = 2111.0970495399997
  [Injector Worker 132815521822400] Stopped. Total requests: 26, Errors: 0
  [Injector Worker 132817409263296] Stopped. Total requests: 22, Errors: 0
  [Injector Worker 132817384085184] Stopped. Total requests: 21, Errors: 0
[Sniffer] Label set to: benign

--- Iteration 34 | Time: 165.0s / 180s ---
[Orchestrator]RTT = 27.30112234453958
[Orchestrator] Metrics: 1 active instance(s), Avg CPU: 37.30%, Avg App MEM: 26.01 MB
[Autoscaler] Decision: NO_ACTION. Avg CPU: 37.30% is within thresholds (25.0% - 60.0%).
[DEBUG Orchestrator] Iteration Start. Instances Before Injector Logic: 1, Prev Injector Logic Instances: 1, Attack Started Flag: False, Normal Traffic Started Flag: True
[DEBUG Orchestrator] URLs derived for injector (if active): ['http://localhost:8080']
[Sniffer] Label set to: benign
[DEBUG Orchestrator] Should attack be active now? False (window: 20s-160s)
[DEBUG Orchestrator] End of Iteration. previous_num_instances_for_injector_logic updated to: 1
[DEGUG Orchestrator Loop Duration] Loop Duration = 2116.0970495399997
  [Injector Worker 132817392477888] Stopped. Total requests: 17, Errors: 0
[Sniffer] Label set to: benign

--- Iteration 35 | Time: 170.0s / 180s ---
[Orchestrator]RTT = 27.76224498979065
[Orchestrator] Metrics: 1 active instance(s), Avg CPU: 21.50%, Avg App MEM: 25.90 MB
[Autoscaler] Condition for SCALE_DOWN met (Avg CPU: 21.50%), but already at MIN_INSTANCES (1). No action.
[DEBUG Orchestrator] Iteration Start. Instances Before Injector Logic: 1, Prev Injector Logic Instances: 1, Attack Started Flag: False, Normal Traffic Started Flag: True
[DEBUG Orchestrator] URLs derived for injector (if active): ['http://localhost:8080']
[Sniffer] Label set to: benign
[DEBUG Orchestrator] Should attack be active now? False (window: 20s-160s)
[DEBUG Orchestrator] End of Iteration. previous_num_instances_for_injector_logic updated to: 1
[DEGUG Orchestrator Loop Duration] Loop Duration = 2121.0970495399997
  [Injector Worker 132815513429696] Stopped. Total requests: 5, Errors: 22
[Sniffer] Label set to: benign

--- Iteration 36 | Time: 175.0s / 180s ---
[Orchestrator]RTT = 27.33775300000417
[Orchestrator] Metrics: 1 active instance(s), Avg CPU: 23.22%, Avg App MEM: 25.80 MB
[Autoscaler] Condition for SCALE_DOWN met (Avg CPU: 23.22%), but already at MIN_INSTANCES (1). No action.
[DEBUG Orchestrator] Iteration Start. Instances Before Injector Logic: 1, Prev Injector Logic Instances: 1, Attack Started Flag: False, Normal Traffic Started Flag: True
[DEBUG Orchestrator] URLs derived for injector (if active): ['http://localhost:8080']
[Sniffer] Label set to: benign
[DEBUG Orchestrator] Should attack be active now? False (window: 20s-160s)
[DEBUG Orchestrator] End of Iteration. previous_num_instances_for_injector_logic updated to: 1
[DEGUG Orchestrator Loop Duration] Loop Duration = 2126.0970495399997

[Orchestrator] Simulation duration reached.
[Orchestrator] Saving RTT log...
[Sniffer] Realtime tcpdump stopped.
[Orchestrator] Stopping normal traffic...
[Normal_Injector] Signaling workers to stop...
  [Normal_Injector Worker 132820485605056] Stopped. Total requests: 4470, Errors: 0
  [Normal_Injector Worker 132820468819648] Stopped. Total requests: 4472, Errors: 0
  [Normal_Injector Worker 132820118795968] Stopped. Total requests: 4362, Errors: 0
  [Normal_Injector Worker 132820110403264] Stopped. Total requests: 4481, Errors: 0
[Normal_Injector] Stop signal sent (non-blocking).
[Orchestrator] Cleaning up all simulation instances...
Cleaning up all simulation instances...
Stopping and removing container: target_instance_1 (7a23c3fa9a)...
  Container target_instance_1 removed.
Simulation instance cleanup complete.
[Stats_Collector] Stopping stats collector thread...
[Orchestrator] Simulation Complete. Total Fictional Cost: $0.0011
[Orchestrator] Metrics logged in: simulation_metrics.csv

===== [stage1b_confirm] S2 (100 req/s normal) + 1% ataque (~1.000 req/s) @ WU=500000 rep=3 =====
Attacker RPS set to: 0.25
Number of attackers set to: 4
Simulation duration set to: 180
Attack work units set to: 500000
Normal traffic RPS per client set to: 25.0
Normal traffic work units set to: 10
[Orchestrator] Initializing simulation environment...
[Sniffer] Realtime tcpdump started on any
[Sniffer] Label set to: benign
[Autoscaler] Initialized.
Attempting to build Docker image: edos_target_app:latest...
Image edos_target_app:latest already exists. Skipping build.
Docker network 'edos_network' already exists.
[Orchestrator] Cleaning up any pre-existing simulation instances...
Cleaning up all simulation instances...
No simulation instances found to clean up.
[Orchestrator] Starting initial 1 instance(s)...
Attempting to start container target_instance_1 mapping container:80 to host:8080...
Container 2f06423076 (target_instance_1) started. Accessible on host port 8080.
[Autoscaler] Initial number of instances set to: 1
[Orchestrator] 1 initial instance(s) running.
[Orchestrator] Metrics will be logged to: simulation_metrics.csv
[Orchestrator] Attack summary will be logged to: attack_summary_log.csv
[Orchestrator] Normal traffic summary will be logged to: normal_traffic_summary_log.csv
[Orchestrator] Starting simulation main loop for 180 seconds.
[Orchestrator] Monitoring interval: 5s. Cooldown: 20s.
[Orchestrator] CPU Thresholds: Scale Up > 60.0%, Scale Down < 25.0%
[Orchestrator] Traffic injection scheduled: Start at 20s, Duration 140s.
[Sniffer] Label set to: benign

--- Iteration 1 | Time: 0.0s / 180s ---
[Orchestrator]RTT = 0.0
[Orchestrator] Metrics: 1 active instance(s), Avg CPU: 0.00%, Avg App MEM: 0.00 MB
[Autoscaler] Condition for SCALE_DOWN met (Avg CPU: 0.00%), but already at MIN_INSTANCES (1). No action.
[DEBUG Orchestrator] Iteration Start. Instances Before Injector Logic: 1, Prev Injector Logic Instances: 1, Attack Started Flag: False, Normal Traffic Started Flag: False
[DEBUG Orchestrator] URLs derived for injector (if active): ['http://localhost:8080']
[Sniffer] Label set to: benign
[DEBUG Orchestrator] Should attack be active now? False (window: 20s-160s)
[Orchestrator] Starting/Restarting Normal Traffic. Target URLs for this call: ['http://localhost:8080']
[Normal_Injector] Starting HTTP flood with 4 attackers, ~100.0 RPS total, across 1 targets: http://localhost:8080
  [Normal_Injector Worker 126206093801152] Started. Target: http://localhost:8080?work=10&sleep=0.0, RPS: 25.00, Mean interval: 0.0400s (Poisson)
  [Normal_Injector Worker 126205869160128] Started. Target: http://localhost:8080?work=10&sleep=0.0, RPS: 25.00, Mean interval: 0.0400s (Poisson)
  [Normal_Injector Worker 126205852374720] Started. Target: http://localhost:8080?work=10&sleep=0.0, RPS: 25.00, Mean interval: 0.0400s (Poisson)
  [Normal_Injector Worker 126205843982016] Started. Target: http://localhost:8080?work=10&sleep=0.0, RPS: 25.00, Mean interval: 0.0400s (Poisson)
[Normal_Injector] All 4 attacker threads launched.
[DEBUG Orchestrator] End of Iteration. previous_num_instances_for_injector_logic updated to: 1
[DEGUG Orchestrator Loop Duration] Loop Duration = 2135.687697392
[Sniffer] Label set to: benign

--- Iteration 2 | Time: 5.0s / 180s ---
[Orchestrator]RTT = 26.422917674125937
[Orchestrator] Metrics: 1 active instance(s), Avg CPU: 18.48%, Avg App MEM: 23.18 MB
[Autoscaler] Condition for SCALE_DOWN met (Avg CPU: 18.48%), but already at MIN_INSTANCES (1). No action.
[DEBUG Orchestrator] Iteration Start. Instances Before Injector Logic: 1, Prev Injector Logic Instances: 1, Attack Started Flag: False, Normal Traffic Started Flag: True
[DEBUG Orchestrator] URLs derived for injector (if active): ['http://localhost:8080']
[Sniffer] Label set to: benign
[DEBUG Orchestrator] Should attack be active now? False (window: 20s-160s)
[DEBUG Orchestrator] End of Iteration. previous_num_instances_for_injector_logic updated to: 1
[DEGUG Orchestrator Loop Duration] Loop Duration = 2140.687697392
[Sniffer] Label set to: benign

--- Iteration 3 | Time: 10.0s / 180s ---
[Orchestrator]RTT = 26.310456178184943
[Orchestrator] Metrics: 1 active instance(s), Avg CPU: 20.09%, Avg App MEM: 23.34 MB
[Autoscaler] Condition for SCALE_DOWN met (Avg CPU: 20.09%), but already at MIN_INSTANCES (1). No action.
[DEBUG Orchestrator] Iteration Start. Instances Before Injector Logic: 1, Prev Injector Logic Instances: 1, Attack Started Flag: False, Normal Traffic Started Flag: True
[DEBUG Orchestrator] URLs derived for injector (if active): ['http://localhost:8080']
[Sniffer] Label set to: benign
[DEBUG Orchestrator] Should attack be active now? False (window: 20s-160s)
[DEBUG Orchestrator] End of Iteration. previous_num_instances_for_injector_logic updated to: 1
[DEGUG Orchestrator Loop Duration] Loop Duration = 2145.687697392
[Sniffer] Label set to: benign

--- Iteration 4 | Time: 15.0s / 180s ---
[Orchestrator]RTT = 26.812414804634074
[Orchestrator] Metrics: 1 active instance(s), Avg CPU: 23.82%, Avg App MEM: 23.16 MB
[Autoscaler] Condition for SCALE_DOWN met (Avg CPU: 23.82%), but already at MIN_INSTANCES (1). No action.
[DEBUG Orchestrator] Iteration Start. Instances Before Injector Logic: 1, Prev Injector Logic Instances: 1, Attack Started Flag: False, Normal Traffic Started Flag: True
[DEBUG Orchestrator] URLs derived for injector (if active): ['http://localhost:8080']
[Sniffer] Label set to: benign
[DEBUG Orchestrator] Should attack be active now? False (window: 20s-160s)
[DEBUG Orchestrator] End of Iteration. previous_num_instances_for_injector_logic updated to: 1
[DEGUG Orchestrator Loop Duration] Loop Duration = 2150.687697392
[Sniffer] Label set to: benign

--- Iteration 5 | Time: 20.0s / 180s ---
[Orchestrator]RTT = 26.14337739922741
[Orchestrator] Metrics: 1 active instance(s), Avg CPU: 20.39%, Avg App MEM: 23.50 MB
[Autoscaler] Condition for SCALE_DOWN met (Avg CPU: 20.39%), but already at MIN_INSTANCES (1). No action.
[DEBUG Orchestrator] Iteration Start. Instances Before Injector Logic: 1, Prev Injector Logic Instances: 1, Attack Started Flag: False, Normal Traffic Started Flag: True
[DEBUG Orchestrator] URLs derived for injector (if active): ['http://localhost:8080']
[Sniffer] Label set to: benign
[DEBUG Orchestrator] Should attack be active now? True (window: 20s-160s)
[DEBUG Orchestrator] Condition: Needs to START attack (was not started and in attack window).
[Orchestrator] Starting/Restarting HTTP flood. Target URLs for this call: ['http://localhost:8080']
[Injector] Starting HTTP flood with 4 attackers, ~1.0 RPS total, across 1 targets: http://localhost:8080
  [Injector Worker 126203100911296] Started. Target: http://localhost:8080?work=500000&sleep=0.0, RPS: 0.25, Mean interval: 4.0000s (Poisson)
  [Injector Worker 126203084125888] Started. Target: http://localhost:8080?work=500000&sleep=0.0, RPS: 0.25, Mean interval: 4.0000s (Poisson)
  [Injector Worker 126203075733184] Started. Target: http://localhost:8080?work=500000&sleep=0.0, RPS: 0.25, Mean interval: 4.0000s (Poisson)
  [Injector Worker 126202580825792] Started. Target: http://localhost:8080?work=500000&sleep=0.0, RPS: 0.25, Mean interval: 4.0000s (Poisson)
[Injector] All 4 attacker threads launched.
[Sniffer] Label set to: attack
[DEBUG Orchestrator] attack_has_started flag set to TRUE.
[DEBUG Orchestrator] End of Iteration. previous_num_instances_for_injector_logic updated to: 1
[DEGUG Orchestrator Loop Duration] Loop Duration = 2155.687697392
[Sniffer] Label set to: benign

--- Iteration 6 | Time: 25.0s / 180s ---
[Orchestrator]RTT = 227.74888257143695
[Orchestrator] Metrics: 1 active instance(s), Avg CPU: 36.92%, Avg App MEM: 26.19 MB
[Autoscaler] Decision: NO_ACTION. Avg CPU: 36.92% is within thresholds (25.0% - 60.0%).
[DEBUG Orchestrator] Iteration Start. Instances Before Injector Logic: 1, Prev Injector Logic Instances: 1, Attack Started Flag: True, Normal Traffic Started Flag: True
[DEBUG Orchestrator] URLs derived for injector (if active): ['http://localhost:8080']
[Sniffer] Label set to: benign
[DEBUG Orchestrator] Should attack be active now? True (window: 20s-160s)
[DEBUG Orchestrator] End of Iteration. previous_num_instances_for_injector_logic updated to: 1
[DEGUG Orchestrator Loop Duration] Loop Duration = 2160.687697392
[Sniffer] Label set to: benign

--- Iteration 7 | Time: 30.0s / 180s ---
[Orchestrator]RTT = 152.28100049989735
[Orchestrator] Metrics: 1 active instance(s), Avg CPU: 25.02%, Avg App MEM: 26.21 MB
[Autoscaler] Decision: NO_ACTION. Avg CPU: 25.02% is within thresholds (25.0% - 60.0%).
[DEBUG Orchestrator] Iteration Start. Instances Before Injector Logic: 1, Prev Injector Logic Instances: 1, Attack Started Flag: True, Normal Traffic Started Flag: True
[DEBUG Orchestrator] URLs derived for injector (if active): ['http://localhost:8080']
[Sniffer] Label set to: benign
[DEBUG Orchestrator] Should attack be active now? True (window: 20s-160s)
[DEBUG Orchestrator] End of Iteration. previous_num_instances_for_injector_logic updated to: 1
[DEGUG Orchestrator Loop Duration] Loop Duration = 2165.687697392
[Sniffer] Label set to: benign

--- Iteration 8 | Time: 35.0s / 180s ---
[Orchestrator]RTT = 225.42729550002605
[Orchestrator] Metrics: 1 active instance(s), Avg CPU: 60.20%, Avg App MEM: 26.12 MB
[Autoscaler] Decision: SCALE_UP. Avg CPU: 60.20% > 60.0%. Current instances: 1, Max: 4
[Orchestrator] Action: Scaling UP from 1 instance(s). Attempting to start instance 2.
Attempting to start container target_instance_2 mapping container:80 to host:8081...
Container ee1c58e832 (target_instance_2) started. Accessible on host port 8081.
[Orchestrator] Successfully started target_instance_2. Now 2 instance(s).
[Autoscaler] Scale action recorded. New instance count: 2. Cooldown timer reset.
[DEBUG Orchestrator] Iteration Start. Instances Before Injector Logic: 2, Prev Injector Logic Instances: 1, Attack Started Flag: True, Normal Traffic Started Flag: True
[DEBUG Orchestrator] URLs derived for injector (if active): ['http://localhost:8080', 'http://localhost:8081']
[Sniffer] Label set to: benign
[DEBUG Orchestrator] Should attack be active now? True (window: 20s-160s)
[DEBUG Orchestrator] Condition: Needs to RESTART attack (num instances changed from 1 to 2 AND attack was active).
[Orchestrator] Attack active and restart needed. Stopping current traffic injector...
[Injector] Signaling HTTP flood workers to stop...
[Injector] Stop signal sent (non-blocking).
[DEBUG Orchestrator] Called stop_http_flood. Sleeping for 1s...
[DEBUG Orchestrator] Resuming after sleep.
[Orchestrator] Starting/Restarting HTTP flood. Target URLs for this call: ['http://localhost:8080', 'http://localhost:8081']
[Injector] Starting HTTP flood with 4 attackers, ~1.0 RPS total, across 2 targets: http://localhost:8080, http://localhost:8081
  [Injector Worker 126201146328768] Started. Target: http://localhost:8080?work=500000&sleep=0.0, RPS: 0.25, Mean interval: 4.0000s (Poisson)
  [Injector Worker 126201137936064] Started. Target: http://localhost:8081?work=500000&sleep=0.0, RPS: 0.25, Mean interval: 4.0000s (Poisson)
  [Injector Worker 126201129543360] Started. Target: http://localhost:8080?work=500000&sleep=0.0, RPS: 0.25, Mean interval: 4.0000s (Poisson)
  [Injector Worker 126201121150656] Started. Target: http://localhost:8081?work=500000&sleep=0.0, RPS: 0.25, Mean interval: 4.0000s (Poisson)
[Injector] All 4 attacker threads launched.
[Sniffer] Label set to: attack
[DEBUG Orchestrator] attack_has_started flag set to TRUE.
[DEBUG Orchestrator] End of Iteration. previous_num_instances_for_injector_logic updated to: 2
[DEGUG Orchestrator Loop Duration] Loop Duration = 2170.687697392
[Sniffer] Label set to: benign

--- Iteration 9 | Time: 40.0s / 180s ---
[Orchestrator]RTT = 259.53284472734595
[Orchestrator] Metrics: 2 active instance(s), Avg CPU: 40.02%, Avg App MEM: 24.44 MB
[Autoscaler]In cooldown: 15.000092980999852
[DEBUG Orchestrator] Iteration Start. Instances Before Injector Logic: 2, Prev Injector Logic Instances: 2, Attack Started Flag: True, Normal Traffic Started Flag: True
[DEBUG Orchestrator] URLs derived for injector (if active): ['http://localhost:8080', 'http://localhost:8081']
[Sniffer] Label set to: benign
[DEBUG Orchestrator] Should attack be active now? True (window: 20s-160s)
[DEBUG Orchestrator] End of Iteration. previous_num_instances_for_injector_logic updated to: 2
[DEGUG Orchestrator Loop Duration] Loop Duration = 2175.687697392
[Sniffer] Label set to: benign

--- Iteration 10 | Time: 45.0s / 180s ---
[Orchestrator]RTT = 180.37824271414138
[Orchestrator] Metrics: 2 active instance(s), Avg CPU: 14.10%, Avg App MEM: 23.54 MB
[Autoscaler]In cooldown: 9.999664712999675
[DEBUG Orchestrator] Iteration Start. Instances Before Injector Logic: 2, Prev Injector Logic Instances: 2, Attack Started Flag: True, Normal Traffic Started Flag: True
[DEBUG Orchestrator] URLs derived for injector (if active): ['http://localhost:8080', 'http://localhost:8081']
[Sniffer] Label set to: benign
[DEBUG Orchestrator] Should attack be active now? True (window: 20s-160s)
[DEBUG Orchestrator] End of Iteration. previous_num_instances_for_injector_logic updated to: 2
[DEGUG Orchestrator Loop Duration] Loop Duration = 2180.687697392
[Sniffer] Label set to: benign

--- Iteration 11 | Time: 50.0s / 180s ---
[Orchestrator]RTT = 140.0551227499894
[Orchestrator] Metrics: 2 active instance(s), Avg CPU: 29.54%, Avg App MEM: 23.59 MB
[Autoscaler]In cooldown: 4.999977499000124
[DEBUG Orchestrator] Iteration Start. Instances Before Injector Logic: 2, Prev Injector Logic Instances: 2, Attack Started Flag: True, Normal Traffic Started Flag: True
[DEBUG Orchestrator] URLs derived for injector (if active): ['http://localhost:8080', 'http://localhost:8081']
[Sniffer] Label set to: benign
[DEBUG Orchestrator] Should attack be active now? True (window: 20s-160s)
[DEBUG Orchestrator] End of Iteration. previous_num_instances_for_injector_logic updated to: 2
[DEGUG Orchestrator Loop Duration] Loop Duration = 2185.687697392
[Sniffer] Label set to: benign

--- Iteration 12 | Time: 55.0s / 180s ---
[Orchestrator]RTT = 158.5960586250792
[Orchestrator] Metrics: 2 active instance(s), Avg CPU: 66.27%, Avg App MEM: 23.75 MB
[Autoscaler] Decision: SCALE_UP. Avg CPU: 66.27% > 60.0%. Current instances: 2, Max: 4
[Orchestrator] Action: Scaling UP from 2 instance(s). Attempting to start instance 3.
Attempting to start container target_instance_3 mapping container:80 to host:8082...
Container b746de1398 (target_instance_3) started. Accessible on host port 8082.
[Orchestrator] Successfully started target_instance_3. Now 3 instance(s).
[Autoscaler] Scale action recorded. New instance count: 3. Cooldown timer reset.
[DEBUG Orchestrator] Iteration Start. Instances Before Injector Logic: 3, Prev Injector Logic Instances: 2, Attack Started Flag: True, Normal Traffic Started Flag: True
[DEBUG Orchestrator] URLs derived for injector (if active): ['http://localhost:8080', 'http://localhost:8081', 'http://localhost:8082']
[Sniffer] Label set to: benign
[DEBUG Orchestrator] Should attack be active now? True (window: 20s-160s)
[DEBUG Orchestrator] Condition: Needs to RESTART attack (num instances changed from 2 to 3 AND attack was active).
[Orchestrator] Attack active and restart needed. Stopping current traffic injector...
[Injector] Signaling HTTP flood workers to stop...
[Injector] Stop signal sent (non-blocking).
[DEBUG Orchestrator] Called stop_http_flood. Sleeping for 1s...
  [Injector Worker 126201146328768] Stopped. Total requests: 12, Errors: 0
  [Injector Worker 126203084125888] Stopped. Total requests: 7, Errors: 0
[DEBUG Orchestrator] Resuming after sleep.
[Orchestrator] Starting/Restarting HTTP flood. Target URLs for this call: ['http://localhost:8080', 'http://localhost:8081', 'http://localhost:8082']
[Injector] Starting HTTP flood with 4 attackers, ~1.0 RPS total, across 3 targets: http://localhost:8080, http://localhost:8081, http://localhost:8082
  [Injector Worker 126203084125888] Started. Target: http://localhost:8080?work=500000&sleep=0.0, RPS: 0.25, Mean interval: 4.0000s (Poisson)
  [Injector Worker 126201146328768] Started. Target: http://localhost:8081?work=500000&sleep=0.0, RPS: 0.25, Mean interval: 4.0000s (Poisson)
  [Injector Worker 126201104365248] Started. Target: http://localhost:8082?work=500000&sleep=0.0, RPS: 0.25, Mean interval: 4.0000s (Poisson)
  [Injector Worker 126201095972544] Started. Target: http://localhost:8080?work=500000&sleep=0.0, RPS: 0.25, Mean interval: 4.0000s (Poisson)[Injector] All 4 attacker threads launched.
[Sniffer] Label set to: attack
[DEBUG Orchestrator] attack_has_started flag set to TRUE.
[DEBUG Orchestrator] End of Iteration. previous_num_instances_for_injector_logic updated to: 3

[DEGUG Orchestrator Loop Duration] Loop Duration = 2190.687697392
[Sniffer] Label set to: benign

--- Iteration 13 | Time: 60.0s / 180s ---
[Orchestrator]RTT = 240.5184965999979
[Orchestrator] Metrics: 3 active instance(s), Avg CPU: 25.71%, Avg App MEM: 24.59 MB
[Autoscaler]In cooldown: 15.000989342000139
[DEBUG Orchestrator] Iteration Start. Instances Before Injector Logic: 3, Prev Injector Logic Instances: 3, Attack Started Flag: True, Normal Traffic Started Flag: True
[DEBUG Orchestrator] URLs derived for injector (if active): ['http://localhost:8080', 'http://localhost:8081', 'http://localhost:8082']
[Sniffer] Label set to: benign
[DEBUG Orchestrator] Should attack be active now? True (window: 20s-160s)
[DEBUG Orchestrator] End of Iteration. previous_num_instances_for_injector_logic updated to: 3
[DEGUG Orchestrator Loop Duration] Loop Duration = 2195.687697392
[Sniffer] Label set to: benign

--- Iteration 14 | Time: 65.0s / 180s ---
[Orchestrator]RTT = 151.46899164702677
[Orchestrator] Metrics: 3 active instance(s), Avg CPU: 17.38%, Avg App MEM: 22.89 MB
[Autoscaler]In cooldown: 10.000975303999894
[DEBUG Orchestrator] Iteration Start. Instances Before Injector Logic: 3, Prev Injector Logic Instances: 3, Attack Started Flag: True, Normal Traffic Started Flag: True
[DEBUG Orchestrator] URLs derived for injector (if active): ['http://localhost:8080', 'http://localhost:8081', 'http://localhost:8082']
[Sniffer] Label set to: benign
[DEBUG Orchestrator] Should attack be active now? True (window: 20s-160s)
[DEBUG Orchestrator] End of Iteration. previous_num_instances_for_injector_logic updated to: 3
[DEGUG Orchestrator Loop Duration] Loop Duration = 2200.687697392
[Sniffer] Label set to: benign

--- Iteration 15 | Time: 70.0s / 180s ---
[Orchestrator]RTT = 141.21371506254832
[Orchestrator] Metrics: 3 active instance(s), Avg CPU: 12.99%, Avg App MEM: 22.98 MB
[Autoscaler]In cooldown: 5.000244493000082
[DEBUG Orchestrator] Iteration Start. Instances Before Injector Logic: 3, Prev Injector Logic Instances: 3, Attack Started Flag: True, Normal Traffic Started Flag: True
[DEBUG Orchestrator] URLs derived for injector (if active): ['http://localhost:8080', 'http://localhost:8081', 'http://localhost:8082']
[Sniffer] Label set to: benign
[DEBUG Orchestrator] Should attack be active now? True (window: 20s-160s)
[DEBUG Orchestrator] End of Iteration. previous_num_instances_for_injector_logic updated to: 3
[DEGUG Orchestrator Loop Duration] Loop Duration = 2205.687697392
[Sniffer] Label set to: benign

--- Iteration 16 | Time: 75.0s / 180s ---
[Orchestrator]RTT = 130.21275442851478
[Orchestrator] Metrics: 3 active instance(s), Avg CPU: 20.26%, Avg App MEM: 22.94 MB
[Autoscaler] Decision: SCALE_DOWN. Avg CPU: 20.26% < 25.0%. Current instances: 3, Min: 1
[Orchestrator] Action: Scaling DOWN from 3 instance(s). Stopping target_instance_3.
Attempting to stop and remove container target_instance_3...
Container target_instance_3 stopped and removed.
[Orchestrator] Successfully stopped target_instance_3. Now 2 instance(s).
[Autoscaler] Scale action recorded. New instance count: 2. Cooldown timer reset.
[DEBUG Orchestrator] Iteration Start. Instances Before Injector Logic: 2, Prev Injector Logic Instances: 3, Attack Started Flag: True, Normal Traffic Started Flag: True
[DEBUG Orchestrator] URLs derived for injector (if active): ['http://localhost:8080', 'http://localhost:8081']
[Sniffer] Label set to: benign
[DEBUG Orchestrator] Should attack be active now? True (window: 20s-160s)
[DEBUG Orchestrator] Condition: Needs to RESTART attack (num instances changed from 3 to 2 AND attack was active).
[Orchestrator] Attack active and restart needed. Stopping current traffic injector...
[Injector] Signaling HTTP flood workers to stop...
  [Injector Worker 126201104365248] Stopped. Total requests: 4, Errors: 0
[Injector] Stop signal sent (non-blocking).
[DEBUG Orchestrator] Called stop_http_flood. Sleeping for 1s...
  [Injector Worker 126203084125888] Stopped. Total requests: 7, Errors: 0
[DEBUG Orchestrator] Resuming after sleep.
[Orchestrator] Starting/Restarting HTTP flood. Target URLs for this call: ['http://localhost:8080', 'http://localhost:8081']
[Injector] Starting HTTP flood with 4 attackers, ~1.0 RPS total, across 2 targets: http://localhost:8080, http://localhost:8081
  [Injector Worker 126203084125888] Started. Target: http://localhost:8080?work=500000&sleep=0.0, RPS: 0.25, Mean interval: 4.0000s (Poisson)
  [Injector Worker 126201104365248] Started. Target: http://localhost:8081?work=500000&sleep=0.0, RPS: 0.25, Mean interval: 4.0000s (Poisson)
  [Injector Worker 126201087579840] Started. Target: http://localhost:8080?work=500000&sleep=0.0, RPS: 0.25, Mean interval: 4.0000s (Poisson)
  [Injector Worker 126201079187136] Started. Target: http://localhost:8081?work=500000&sleep=0.0, RPS: 0.25, Mean interval: 4.0000s (Poisson)
[Injector] All 4 attacker threads launched.
[Sniffer] Label set to: attack
[DEBUG Orchestrator] attack_has_started flag set to TRUE.
[DEBUG Orchestrator] End of Iteration. previous_num_instances_for_injector_logic updated to: 2
[DEGUG Orchestrator Loop Duration] Loop Duration = 2210.687697392
[Orchestrator] Warning: Loop iteration took longer than MONITOR_INTERVAL_SECONDS (5s). Not sleeping.
[Sniffer] Label set to: benign

--- Iteration 17 | Time: 82.3s / 180s ---
[Orchestrator]RTT = 184.9546037999668
[Orchestrator] Metrics: 2 active instance(s), Avg CPU: 26.07%, Avg App MEM: 24.18 MB
[Autoscaler]In cooldown: 12.74807255199994
[DEBUG Orchestrator] Iteration Start. Instances Before Injector Logic: 2, Prev Injector Logic Instances: 2, Attack Started Flag: True, Normal Traffic Started Flag: True
[DEBUG Orchestrator] URLs derived for injector (if active): ['http://localhost:8080', 'http://localhost:8081']
[Sniffer] Label set to: benign
[DEBUG Orchestrator] Should attack be active now? True (window: 20s-160s)
[DEBUG Orchestrator] End of Iteration. previous_num_instances_for_injector_logic updated to: 2
[DEGUG Orchestrator Loop Duration] Loop Duration = 2215.687697392
[Sniffer] Label set to: benign

--- Iteration 18 | Time: 85.0s / 180s ---
[Orchestrator]RTT = 206.96250999995195
[Orchestrator] Metrics: 2 active instance(s), Avg CPU: 48.40%, Avg App MEM: 24.22 MB
[Autoscaler]In cooldown: 10.000524524999946
[DEBUG Orchestrator] Iteration Start. Instances Before Injector Logic: 2, Prev Injector Logic Instances: 2, Attack Started Flag: True, Normal Traffic Started Flag: True
[DEBUG Orchestrator] URLs derived for injector (if active): ['http://localhost:8080', 'http://localhost:8081']
[Sniffer] Label set to: benign
[DEBUG Orchestrator] Should attack be active now? True (window: 20s-160s)
[DEBUG Orchestrator] End of Iteration. previous_num_instances_for_injector_logic updated to: 2
[DEGUG Orchestrator Loop Duration] Loop Duration = 2220.687697392
[Sniffer] Label set to: benign

--- Iteration 19 | Time: 90.0s / 180s ---
[Orchestrator]RTT = 162.64958912498173
[Orchestrator] Metrics: 2 active instance(s), Avg CPU: 34.57%, Avg App MEM: 23.42 MB
[Autoscaler]In cooldown: 4.999977495999701
[DEBUG Orchestrator] Iteration Start. Instances Before Injector Logic: 2, Prev Injector Logic Instances: 2, Attack Started Flag: True, Normal Traffic Started Flag: True
[DEBUG Orchestrator] URLs derived for injector (if active): ['http://localhost:8080', 'http://localhost:8081']
[Sniffer] Label set to: benign
[DEBUG Orchestrator] Should attack be active now? True (window: 20s-160s)
[DEBUG Orchestrator] End of Iteration. previous_num_instances_for_injector_logic updated to: 2
[DEGUG Orchestrator Loop Duration] Loop Duration = 2225.687697392
[Sniffer] Label set to: benign

--- Iteration 20 | Time: 95.0s / 180s ---
[Orchestrator]RTT = 142.83668542839223
[Orchestrator] Metrics: 2 active instance(s), Avg CPU: 27.69%, Avg App MEM: 24.38 MB
[Autoscaler] Decision: NO_ACTION. Avg CPU: 27.69% is within thresholds (25.0% - 60.0%).
[DEBUG Orchestrator] Iteration Start. Instances Before Injector Logic: 2, Prev Injector Logic Instances: 2, Attack Started Flag: True, Normal Traffic Started Flag: True
[DEBUG Orchestrator] URLs derived for injector (if active): ['http://localhost:8080', 'http://localhost:8081']
[Sniffer] Label set to: benign
[DEBUG Orchestrator] Should attack be active now? True (window: 20s-160s)
[DEBUG Orchestrator] End of Iteration. previous_num_instances_for_injector_logic updated to: 2
[DEGUG Orchestrator Loop Duration] Loop Duration = 2230.687697392
[Sniffer] Label set to: benign

--- Iteration 21 | Time: 100.0s / 180s ---
[Orchestrator]RTT = 132.71431761544451
[Orchestrator] Metrics: 2 active instance(s), Avg CPU: 15.00%, Avg App MEM: 24.13 MB
[Autoscaler] Decision: SCALE_DOWN. Avg CPU: 15.00% < 25.0%. Current instances: 2, Min: 1
[Orchestrator] Action: Scaling DOWN from 2 instance(s). Stopping target_instance_2.
Attempting to stop and remove container target_instance_2...
Container target_instance_2 stopped and removed.
[Orchestrator] Successfully stopped target_instance_2. Now 1 instance(s).
[Autoscaler] Scale action recorded. New instance count: 1. Cooldown timer reset.
[DEBUG Orchestrator] Iteration Start. Instances Before Injector Logic: 1, Prev Injector Logic Instances: 2, Attack Started Flag: True, Normal Traffic Started Flag: True
[DEBUG Orchestrator] URLs derived for injector (if active): ['http://localhost:8080']
[Sniffer] Label set to: benign
[DEBUG Orchestrator] Should attack be active now? True (window: 20s-160s)
[DEBUG Orchestrator] Condition: Needs to RESTART attack (num instances changed from 2 to 1 AND attack was active).
[Orchestrator] Attack active and restart needed. Stopping current traffic injector...
[Injector] Signaling HTTP flood workers to stop...
  [Injector Worker 126201129543360] Stopped. Total requests: 16, Errors: 0
  [Injector Worker 126203075733184] Stopped. Total requests: 22, Errors: 0
  [Injector Worker 126201121150656] Stopped. Total requests: 18, Errors: 0
  [Injector Worker 126201087579840] Stopped. Total requests: 7, Errors: 0
[Injector] Stop signal sent (non-blocking).
[DEBUG Orchestrator] Called stop_http_flood. Sleeping for 1s...
  [Injector Worker 126202580825792] Stopped. Total requests: 18, Errors: 0
[DEBUG Orchestrator] Resuming after sleep.
[Orchestrator] Starting/Restarting HTTP flood. Target URLs for this call: ['http://localhost:8080']
[Injector] Starting HTTP flood with 4 attackers, ~1.0 RPS total, across 1 targets: http://localhost:8080
  [Injector Worker 126202580825792] Started. Target: http://localhost:8080?work=500000&sleep=0.0, RPS: 0.25, Mean interval: 4.0000s (Poisson)
  [Injector Worker 126201087579840] Started. Target: http://localhost:8080?work=500000&sleep=0.0, RPS: 0.25, Mean interval: 4.0000s (Poisson)
  [Injector Worker 126201121150656] Started. Target: http://localhost:8080?work=500000&sleep=0.0, RPS: 0.25, Mean interval: 4.0000s (Poisson)
  [Injector Worker 126203075733184] Started. Target: http://localhost:8080?work=500000&sleep=0.0, RPS: 0.25, Mean interval: 4.0000s (Poisson)
[Injector] All 4 attacker threads launched.
[Sniffer] Label set to: attack
[DEBUG Orchestrator] attack_has_started flag set to TRUE.
[DEBUG Orchestrator] End of Iteration. previous_num_instances_for_injector_logic updated to: 1
[DEGUG Orchestrator Loop Duration] Loop Duration = 2235.687697392
[Orchestrator] Warning: Loop iteration took longer than MONITOR_INTERVAL_SECONDS (5s). Not sleeping.
[Sniffer] Label set to: benign

--- Iteration 22 | Time: 107.1s / 180s ---
[Orchestrator]RTT = 173.8573121667236
[Orchestrator] Metrics: 1 active instance(s), Avg CPU: 33.62%, Avg App MEM: 26.57 MB
[Autoscaler]In cooldown: 12.855689813000026
[DEBUG Orchestrator] Iteration Start. Instances Before Injector Logic: 1, Prev Injector Logic Instances: 1, Attack Started Flag: True, Normal Traffic Started Flag: True
[DEBUG Orchestrator] URLs derived for injector (if active): ['http://localhost:8080']
[Sniffer] Label set to: benign
[DEBUG Orchestrator] Should attack be active now? True (window: 20s-160s)
[DEBUG Orchestrator] End of Iteration. previous_num_instances_for_injector_logic updated to: 1
[DEGUG Orchestrator Loop Duration] Loop Duration = 2240.687697392
[Sniffer] Label set to: benign

--- Iteration 23 | Time: 110.0s / 180s ---
[Orchestrator]RTT = 212.89617711110824
[Orchestrator] Metrics: 1 active instance(s), Avg CPU: 34.86%, Avg App MEM: 26.48 MB
[Autoscaler]In cooldown: 9.984040146000098
[DEBUG Orchestrator] Iteration Start. Instances Before Injector Logic: 1, Prev Injector Logic Instances: 1, Attack Started Flag: True, Normal Traffic Started Flag: True
[DEBUG Orchestrator] URLs derived for injector (if active): ['http://localhost:8080']
[Sniffer] Label set to: benign
[DEBUG Orchestrator] Should attack be active now? True (window: 20s-160s)
[DEBUG Orchestrator] End of Iteration. previous_num_instances_for_injector_logic updated to: 1
[DEGUG Orchestrator Loop Duration] Loop Duration = 2245.687697392
[Sniffer] Label set to: benign

--- Iteration 24 | Time: 115.0s / 180s ---
[Orchestrator]RTT = 118.50626462518221
[Orchestrator] Metrics: 1 active instance(s), Avg CPU: 35.72%, Avg App MEM: 26.86 MB
[Autoscaler]In cooldown: 5.003783614999975
[DEBUG Orchestrator] Iteration Start. Instances Before Injector Logic: 1, Prev Injector Logic Instances: 1, Attack Started Flag: True, Normal Traffic Started Flag: True
[DEBUG Orchestrator] URLs derived for injector (if active): ['http://localhost:8080']
[Sniffer] Label set to: benign
[DEBUG Orchestrator] Should attack be active now? True (window: 20s-160s)
[DEBUG Orchestrator] End of Iteration. previous_num_instances_for_injector_logic updated to: 1
[DEGUG Orchestrator Loop Duration] Loop Duration = 2250.687697392
[Sniffer] Label set to: benign

--- Iteration 25 | Time: 120.0s / 180s ---
[Orchestrator]RTT = 126.6286174284882
[Orchestrator] Metrics: 1 active instance(s), Avg CPU: 58.39%, Avg App MEM: 26.61 MB
[Autoscaler] Decision: NO_ACTION. Avg CPU: 58.39% is within thresholds (25.0% - 60.0%).
[DEBUG Orchestrator] Iteration Start. Instances Before Injector Logic: 1, Prev Injector Logic Instances: 1, Attack Started Flag: True, Normal Traffic Started Flag: True
[DEBUG Orchestrator] URLs derived for injector (if active): ['http://localhost:8080']
[Sniffer] Label set to: benign
[DEBUG Orchestrator] Should attack be active now? True (window: 20s-160s)
[DEBUG Orchestrator] End of Iteration. previous_num_instances_for_injector_logic updated to: 1
[DEGUG Orchestrator Loop Duration] Loop Duration = 2255.687697392
[Sniffer] Label set to: benign

--- Iteration 26 | Time: 125.0s / 180s ---
[Orchestrator]RTT = 181.37575750006363
[Orchestrator] Metrics: 1 active instance(s), Avg CPU: 58.84%, Avg App MEM: 26.50 MB
[Autoscaler] Decision: NO_ACTION. Avg CPU: 58.84% is within thresholds (25.0% - 60.0%).
[DEBUG Orchestrator] Iteration Start. Instances Before Injector Logic: 1, Prev Injector Logic Instances: 1, Attack Started Flag: True, Normal Traffic Started Flag: True
[DEBUG Orchestrator] URLs derived for injector (if active): ['http://localhost:8080']
[Sniffer] Label set to: benign
[DEBUG Orchestrator] Should attack be active now? True (window: 20s-160s)
[DEBUG Orchestrator] End of Iteration. previous_num_instances_for_injector_logic updated to: 1
[DEGUG Orchestrator Loop Duration] Loop Duration = 2260.687697392
[Sniffer] Label set to: benign

--- Iteration 27 | Time: 130.0s / 180s ---
[Orchestrator]RTT = 137.99362685702883
[Orchestrator] Metrics: 1 active instance(s), Avg CPU: 38.54%, Avg App MEM: 26.64 MB
[Autoscaler] Decision: NO_ACTION. Avg CPU: 38.54% is within thresholds (25.0% - 60.0%).
[DEBUG Orchestrator] Iteration Start. Instances Before Injector Logic: 1, Prev Injector Logic Instances: 1, Attack Started Flag: True, Normal Traffic Started Flag: True
[DEBUG Orchestrator] URLs derived for injector (if active): ['http://localhost:8080']
[Sniffer] Label set to: benign
[DEBUG Orchestrator] Should attack be active now? True (window: 20s-160s)
[DEBUG Orchestrator] End of Iteration. previous_num_instances_for_injector_logic updated to: 1
[DEGUG Orchestrator Loop Duration] Loop Duration = 2265.687697392
[Sniffer] Label set to: benign

--- Iteration 28 | Time: 135.0s / 180s ---
[Orchestrator]RTT = 172.83527944442136
[Orchestrator] Metrics: 1 active instance(s), Avg CPU: 56.61%, Avg App MEM: 26.68 MB
[Autoscaler] Decision: NO_ACTION. Avg CPU: 56.61% is within thresholds (25.0% - 60.0%).
[DEBUG Orchestrator] Iteration Start. Instances Before Injector Logic: 1, Prev Injector Logic Instances: 1, Attack Started Flag: True, Normal Traffic Started Flag: True
[DEBUG Orchestrator] URLs derived for injector (if active): ['http://localhost:8080']
[Sniffer] Label set to: benign
[DEBUG Orchestrator] Should attack be active now? True (window: 20s-160s)
[DEBUG Orchestrator] End of Iteration. previous_num_instances_for_injector_logic updated to: 1
[DEGUG Orchestrator Loop Duration] Loop Duration = 2270.687697392
[Sniffer] Label set to: benign

--- Iteration 29 | Time: 140.0s / 180s ---
[Orchestrator]RTT = 157.09029422229528
[Orchestrator] Metrics: 1 active instance(s), Avg CPU: 59.01%, Avg App MEM: 26.68 MB
[Autoscaler] Decision: NO_ACTION. Avg CPU: 59.01% is within thresholds (25.0% - 60.0%).
[DEBUG Orchestrator] Iteration Start. Instances Before Injector Logic: 1, Prev Injector Logic Instances: 1, Attack Started Flag: True, Normal Traffic Started Flag: True
[DEBUG Orchestrator] URLs derived for injector (if active): ['http://localhost:8080']
[Sniffer] Label set to: benign
[DEBUG Orchestrator] Should attack be active now? True (window: 20s-160s)
[DEBUG Orchestrator] End of Iteration. previous_num_instances_for_injector_logic updated to: 1
[DEGUG Orchestrator Loop Duration] Loop Duration = 2275.687697392
[Sniffer] Label set to: benign

--- Iteration 30 | Time: 145.0s / 180s ---
[Orchestrator]RTT = 257.6663045384311
[Orchestrator] Metrics: 1 active instance(s), Avg CPU: 102.59%, Avg App MEM: 26.88 MB
[Autoscaler] Decision: SCALE_UP. Avg CPU: 102.59% > 60.0%. Current instances: 1, Max: 4
[Orchestrator] Action: Scaling UP from 1 instance(s). Attempting to start instance 4.
Attempting to start container target_instance_4 mapping container:80 to host:8083...
Container 0fda5fb9b8 (target_instance_4) started. Accessible on host port 8083.
[Orchestrator] Successfully started target_instance_4. Now 2 instance(s).
[Autoscaler] Scale action recorded. New instance count: 2. Cooldown timer reset.
[DEBUG Orchestrator] Iteration Start. Instances Before Injector Logic: 2, Prev Injector Logic Instances: 1, Attack Started Flag: True, Normal Traffic Started Flag: True
[DEBUG Orchestrator] URLs derived for injector (if active): ['http://localhost:8080', 'http://localhost:8083']
[Sniffer] Label set to: benign
[DEBUG Orchestrator] Should attack be active now? True (window: 20s-160s)
[DEBUG Orchestrator] Condition: Needs to RESTART attack (num instances changed from 1 to 2 AND attack was active).
[Orchestrator] Attack active and restart needed. Stopping current traffic injector...
[Injector] Signaling HTTP flood workers to stop...
  [Injector Worker 126202580825792] Stopped. Total requests: 13, Errors: 0
  [Injector Worker 126201104365248] Stopped. Total requests: 4, Errors: 17
[Injector] Stop signal sent (non-blocking).
[DEBUG Orchestrator] Called stop_http_flood. Sleeping for 1s...
  [Injector Worker 126201137936064] Stopped. Total requests: 21, Errors: 11
  [Injector Worker 126201095972544] Stopped. Total requests: 20, Errors: 0
[DEBUG Orchestrator] Resuming after sleep.
[Orchestrator] Starting/Restarting HTTP flood. Target URLs for this call: ['http://localhost:8080', 'http://localhost:8083']
[Injector] Starting HTTP flood with 4 attackers, ~1.0 RPS total, across 2 targets: http://localhost:8080, http://localhost:8083
  [Injector Worker 126201095972544] Started. Target: http://localhost:8080?work=500000&sleep=0.0, RPS: 0.25, Mean interval: 4.0000s (Poisson)
  [Injector Worker 126201137936064] Started. Target: http://localhost:8083?work=500000&sleep=0.0, RPS: 0.25, Mean interval: 4.0000s (Poisson)
  [Injector Worker 126201104365248] Started. Target: http://localhost:8080?work=500000&sleep=0.0, RPS: 0.25, Mean interval: 4.0000s (Poisson)
  [Injector Worker 126202580825792] Started. Target: http://localhost:8083?work=500000&sleep=0.0, RPS: 0.25, Mean interval: 4.0000s (Poisson)
[Injector] All 4 attacker threads launched.
[Sniffer] Label set to: attack
[DEBUG Orchestrator] attack_has_started flag set to TRUE.
[DEBUG Orchestrator] End of Iteration. previous_num_instances_for_injector_logic updated to: 2
[DEGUG Orchestrator Loop Duration] Loop Duration = 2280.687697392
[Sniffer] Label set to: benign

--- Iteration 31 | Time: 150.0s / 180s ---
[Orchestrator]RTT = 187.1512351000547
[Orchestrator] Metrics: 2 active instance(s), Avg CPU: 57.01%, Avg App MEM: 27.04 MB
[Autoscaler]In cooldown: 14.999985110000125
[DEBUG Orchestrator] Iteration Start. Instances Before Injector Logic: 2, Prev Injector Logic Instances: 2, Attack Started Flag: True, Normal Traffic Started Flag: True
[DEBUG Orchestrator] URLs derived for injector (if active): ['http://localhost:8080', 'http://localhost:8083']
[Sniffer] Label set to: benign
[DEBUG Orchestrator] Should attack be active now? True (window: 20s-160s)
[DEBUG Orchestrator] End of Iteration. previous_num_instances_for_injector_logic updated to: 2
[DEGUG Orchestrator Loop Duration] Loop Duration = 2285.687697392
[Sniffer] Label set to: benign

--- Iteration 32 | Time: 155.0s / 180s ---
[Orchestrator]RTT = 166.90243241665334
[Orchestrator] Metrics: 2 active instance(s), Avg CPU: 26.80%, Avg App MEM: 23.96 MB
[Autoscaler]In cooldown: 10.000202655000066
[DEBUG Orchestrator] Iteration Start. Instances Before Injector Logic: 2, Prev Injector Logic Instances: 2, Attack Started Flag: True, Normal Traffic Started Flag: True
[DEBUG Orchestrator] URLs derived for injector (if active): ['http://localhost:8080', 'http://localhost:8083']
[Sniffer] Label set to: benign
[DEBUG Orchestrator] Should attack be active now? True (window: 20s-160s)
[DEBUG Orchestrator] End of Iteration. previous_num_instances_for_injector_logic updated to: 2
[DEGUG Orchestrator Loop Duration] Loop Duration = 2290.687697392
[Sniffer] Label set to: benign

--- Iteration 33 | Time: 160.0s / 180s ---
[Orchestrator]RTT = 144.40907121055906
[Orchestrator] Metrics: 2 active instance(s), Avg CPU: 25.27%, Avg App MEM: 24.09 MB
[Autoscaler]In cooldown: 4.999523997999859
[DEBUG Orchestrator] Iteration Start. Instances Before Injector Logic: 2, Prev Injector Logic Instances: 2, Attack Started Flag: True, Normal Traffic Started Flag: True
[DEBUG Orchestrator] URLs derived for injector (if active): ['http://localhost:8080', 'http://localhost:8083']
[Sniffer] Label set to: benign
[DEBUG Orchestrator] Should attack be active now? False (window: 20s-160s)
[Orchestrator] Attack duration ended or outside schedule. Stopping HTTP flood.
[Injector] Signaling HTTP flood workers to stop...
  [Injector Worker 126201137936064] Stopped. Total requests: 7, Errors: 0
  [Injector Worker 126201146328768] Stopped. Total requests: 11, Errors: 15
[Injector] Stop signal sent (non-blocking).
[DEBUG Orchestrator] attack_has_started flag set to FALSE (attack period ended).
[DEBUG Orchestrator] End of Iteration. previous_num_instances_for_injector_logic updated to: 2
[DEGUG Orchestrator Loop Duration] Loop Duration = 2295.687697392
  [Injector Worker 126201087579840] Stopped. Total requests: 19, Errors: 0
  [Injector Worker 126201095972544] Stopped. Total requests: 5, Errors: 0
  [Injector Worker 126203084125888] Stopped. Total requests: 22, Errors: 0
  [Injector Worker 126201121150656] Stopped. Total requests: 16, Errors: 0
  [Injector Worker 126203100911296] Stopped. Total requests: 36, Errors: 0
[Sniffer] Label set to: benign

--- Iteration 34 | Time: 165.0s / 180s ---
[Orchestrator]RTT = 26.329435813722384
[Orchestrator] Metrics: 2 active instance(s), Avg CPU: 22.51%, Avg App MEM: 24.04 MB
[Autoscaler] Decision: SCALE_DOWN. Avg CPU: 22.51% < 25.0%. Current instances: 2, Min: 1
[Orchestrator] Action: Scaling DOWN from 2 instance(s). Stopping target_instance_4.
Attempting to stop and remove container target_instance_4...
  [Injector Worker 126201104365248] Stopped. Total requests: 4, Errors: 0
  [Injector Worker 126201079187136] Stopped. Total requests: 10, Errors: 9
  [Injector Worker 126203075733184] Stopped. Total requests: 11, Errors: 0
  [Injector Worker 126202580825792] Stopped. Total requests: 6, Errors: 0
Container target_instance_4 stopped and removed.
[Orchestrator] Successfully stopped target_instance_4. Now 1 instance(s).
[Autoscaler] Scale action recorded. New instance count: 1. Cooldown timer reset.
[DEBUG Orchestrator] Iteration Start. Instances Before Injector Logic: 1, Prev Injector Logic Instances: 2, Attack Started Flag: False, Normal Traffic Started Flag: True
[DEBUG Orchestrator] URLs derived for injector (if active): ['http://localhost:8080']
[Sniffer] Label set to: benign
[DEBUG Orchestrator] Should attack be active now? False (window: 20s-160s)
[DEBUG Orchestrator] End of Iteration. previous_num_instances_for_injector_logic updated to: 1
[DEGUG Orchestrator Loop Duration] Loop Duration = 2300.687697392
[Orchestrator] Warning: Loop iteration took longer than MONITOR_INTERVAL_SECONDS (5s). Not sleeping.
[Sniffer] Label set to: benign

--- Iteration 35 | Time: 170.7s / 180s ---
[Orchestrator]RTT = 27.910424556660775
[Orchestrator] Metrics: 1 active instance(s), Avg CPU: 18.80%, Avg App MEM: 26.16 MB
[Autoscaler]In cooldown: 14.257961480000176
[DEBUG Orchestrator] Iteration Start. Instances Before Injector Logic: 1, Prev Injector Logic Instances: 1, Attack Started Flag: False, Normal Traffic Started Flag: True
[DEBUG Orchestrator] URLs derived for injector (if active): ['http://localhost:8080']
[Sniffer] Label set to: benign
[DEBUG Orchestrator] Should attack be active now? False (window: 20s-160s)
[DEBUG Orchestrator] End of Iteration. previous_num_instances_for_injector_logic updated to: 1
[DEGUG Orchestrator Loop Duration] Loop Duration = 2305.687697392
[Sniffer] Label set to: benign

--- Iteration 36 | Time: 175.0s / 180s ---
[Orchestrator]RTT = 26.715441963772715
[Orchestrator] Metrics: 1 active instance(s), Avg CPU: 22.64%, Avg App MEM: 26.16 MB
[Autoscaler]In cooldown: 10.001125608000166
[DEBUG Orchestrator] Iteration Start. Instances Before Injector Logic: 1, Prev Injector Logic Instances: 1, Attack Started Flag: False, Normal Traffic Started Flag: True
[DEBUG Orchestrator] URLs derived for injector (if active): ['http://localhost:8080']
[Sniffer] Label set to: benign
[DEBUG Orchestrator] Should attack be active now? False (window: 20s-160s)
[DEBUG Orchestrator] End of Iteration. previous_num_instances_for_injector_logic updated to: 1
[DEGUG Orchestrator Loop Duration] Loop Duration = 2310.687697392

[Orchestrator] Simulation duration reached.
[Orchestrator] Saving RTT log...
[Sniffer] Realtime tcpdump stopped.
[Orchestrator] Stopping normal traffic...
[Normal_Injector] Signaling workers to stop...
  [Normal_Injector Worker 126206093801152] Stopped. Total requests: 4481, Errors: 0
  [Normal_Injector Worker 126205852374720] Stopped. Total requests: 4531, Errors: 0
  [Normal_Injector Worker 126205869160128] Stopped. Total requests: 4513, Errors: 0
  [Normal_Injector Worker 126205843982016] Stopped. Total requests: 4523, Errors: 0
[Normal_Injector] Stop signal sent (non-blocking).
[Orchestrator] Cleaning up all simulation instances...
Cleaning up all simulation instances...
Stopping and removing container: target_instance_1 (2f06423076)...
  Container target_instance_1 removed.
Simulation instance cleanup complete.
[Stats_Collector] Stopping stats collector thread...
[Orchestrator] Simulation Complete. Total Fictional Cost: $0.0016
[Orchestrator] Metrics logged in: simulation_metrics.csv

===== Stage1B: S3 @ 1%, refinando WU abaixo de 200k =====

===== [stage1b] S3 (200 req/s normal) + 1% ataque (~2.000 req/s) @ WU=100000 rep=1 =====
Attacker RPS set to: 0.5
Number of attackers set to: 4
Simulation duration set to: 180
Attack work units set to: 100000
Normal traffic RPS per client set to: 50.0
Normal traffic work units set to: 10
[Orchestrator] Initializing simulation environment...
[Sniffer] Realtime tcpdump started on any
[Sniffer] Label set to: benign
[Autoscaler] Initialized.
Attempting to build Docker image: edos_target_app:latest...
Image edos_target_app:latest already exists. Skipping build.
Docker network 'edos_network' already exists.
[Orchestrator] Cleaning up any pre-existing simulation instances...
Cleaning up all simulation instances...
No simulation instances found to clean up.
[Orchestrator] Starting initial 1 instance(s)...
Attempting to start container target_instance_1 mapping container:80 to host:8080...
Container 95c5ec8024 (target_instance_1) started. Accessible on host port 8080.
[Autoscaler] Initial number of instances set to: 1
[Orchestrator] 1 initial instance(s) running.
[Orchestrator] Metrics will be logged to: simulation_metrics.csv
[Orchestrator] Attack summary will be logged to: attack_summary_log.csv
[Orchestrator] Normal traffic summary will be logged to: normal_traffic_summary_log.csv
[Orchestrator] Starting simulation main loop for 180 seconds.
[Orchestrator] Monitoring interval: 5s. Cooldown: 20s.
[Orchestrator] CPU Thresholds: Scale Up > 60.0%, Scale Down < 25.0%
[Orchestrator] Traffic injection scheduled: Start at 20s, Duration 140s.
[Sniffer] Label set to: benign

--- Iteration 1 | Time: 0.0s / 180s ---
[Orchestrator]RTT = 0.0
[Orchestrator] Metrics: 1 active instance(s), Avg CPU: 0.00%, Avg App MEM: 0.00 MB
[Autoscaler] Condition for SCALE_DOWN met (Avg CPU: 0.00%), but already at MIN_INSTANCES (1). No action.
[DEBUG Orchestrator] Iteration Start. Instances Before Injector Logic: 1, Prev Injector Logic Instances: 1, Attack Started Flag: False, Normal Traffic Started Flag: False
[DEBUG Orchestrator] URLs derived for injector (if active): ['http://localhost:8080']
[Sniffer] Label set to: benign
[DEBUG Orchestrator] Should attack be active now? False (window: 20s-160s)
[Orchestrator] Starting/Restarting Normal Traffic. Target URLs for this call: ['http://localhost:8080']
[Normal_Injector] Starting HTTP flood with 4 attackers, ~200.0 RPS total, across 1 targets: http://localhost:8080
  [Normal_Injector Worker 135227672606400] Started. Target: http://localhost:8080?work=10&sleep=0.0, RPS: 50.00, Mean interval: 0.0200s (Poisson)
  [Normal_Injector Worker 135227447965376] Started. Target: http://localhost:8080?work=10&sleep=0.0, RPS: 50.00, Mean interval: 0.0200s (Poisson)
  [Normal_Injector Worker 135227439572672] Started. Target: http://localhost:8080?work=10&sleep=0.0, RPS: 50.00, Mean interval: 0.0200s (Poisson)
  [Normal_Injector Worker 135227414394560] Started. Target: http://localhost:8080?work=10&sleep=0.0, RPS: 50.00, Mean interval: 0.0200s (Poisson)
[Normal_Injector] All 4 attacker threads launched.
[DEBUG Orchestrator] End of Iteration. previous_num_instances_for_injector_logic updated to: 1
[DEGUG Orchestrator Loop Duration] Loop Duration = 2320.587473075
[Sniffer] Label set to: benign

--- Iteration 2 | Time: 5.0s / 180s ---
[Orchestrator]RTT = 35.52184588840399
[Orchestrator] Metrics: 1 active instance(s), Avg CPU: 56.29%, Avg App MEM: 23.70 MB
[Autoscaler] Decision: NO_ACTION. Avg CPU: 56.29% is within thresholds (25.0% - 60.0%).
[DEBUG Orchestrator] Iteration Start. Instances Before Injector Logic: 1, Prev Injector Logic Instances: 1, Attack Started Flag: False, Normal Traffic Started Flag: True
[DEBUG Orchestrator] URLs derived for injector (if active): ['http://localhost:8080']
[Sniffer] Label set to: benign
[DEBUG Orchestrator] Should attack be active now? False (window: 20s-160s)
[DEBUG Orchestrator] End of Iteration. previous_num_instances_for_injector_logic updated to: 1
[DEGUG Orchestrator Loop Duration] Loop Duration = 2325.587473075
[Sniffer] Label set to: benign

--- Iteration 3 | Time: 10.0s / 180s ---
[Orchestrator]RTT = 33.400973202405254
[Orchestrator] Metrics: 1 active instance(s), Avg CPU: 41.95%, Avg App MEM: 23.83 MB
[Autoscaler] Decision: NO_ACTION. Avg CPU: 41.95% is within thresholds (25.0% - 60.0%).
[DEBUG Orchestrator] Iteration Start. Instances Before Injector Logic: 1, Prev Injector Logic Instances: 1, Attack Started Flag: False, Normal Traffic Started Flag: True
[DEBUG Orchestrator] URLs derived for injector (if active): ['http://localhost:8080']
[Sniffer] Label set to: benign
[DEBUG Orchestrator] Should attack be active now? False (window: 20s-160s)
[DEBUG Orchestrator] End of Iteration. previous_num_instances_for_injector_logic updated to: 1
[DEGUG Orchestrator Loop Duration] Loop Duration = 2330.587473075
[Sniffer] Label set to: benign

--- Iteration 4 | Time: 15.0s / 180s ---
[Orchestrator]RTT = 34.320188056306115
[Orchestrator] Metrics: 1 active instance(s), Avg CPU: 44.27%, Avg App MEM: 24.01 MB
[Autoscaler] Decision: NO_ACTION. Avg CPU: 44.27% is within thresholds (25.0% - 60.0%).
[DEBUG Orchestrator] Iteration Start. Instances Before Injector Logic: 1, Prev Injector Logic Instances: 1, Attack Started Flag: False, Normal Traffic Started Flag: True
[DEBUG Orchestrator] URLs derived for injector (if active): ['http://localhost:8080']
[Sniffer] Label set to: benign
[DEBUG Orchestrator] Should attack be active now? False (window: 20s-160s)
[DEBUG Orchestrator] End of Iteration. previous_num_instances_for_injector_logic updated to: 1
[DEGUG Orchestrator Loop Duration] Loop Duration = 2335.587473075
[Sniffer] Label set to: benign

--- Iteration 5 | Time: 20.0s / 180s ---
[Orchestrator]RTT = 33.5203762971893
[Orchestrator] Metrics: 1 active instance(s), Avg CPU: 44.54%, Avg App MEM: 24.22 MB
[Autoscaler] Decision: NO_ACTION. Avg CPU: 44.54% is within thresholds (25.0% - 60.0%).
[DEBUG Orchestrator] Iteration Start. Instances Before Injector Logic: 1, Prev Injector Logic Instances: 1, Attack Started Flag: False, Normal Traffic Started Flag: True
[DEBUG Orchestrator] URLs derived for injector (if active): ['http://localhost:8080']
[Sniffer] Label set to: benign
[DEBUG Orchestrator] Should attack be active now? True (window: 20s-160s)
[DEBUG Orchestrator] Condition: Needs to START attack (was not started and in attack window).
[Orchestrator] Starting/Restarting HTTP flood. Target URLs for this call: ['http://localhost:8080']
[Injector] Starting HTTP flood with 4 attackers, ~2.0 RPS total, across 1 targets: http://localhost:8080
  [Injector Worker 135222792275648] Started. Target: http://localhost:8080?work=100000&sleep=0.0, RPS: 0.50, Mean interval: 2.0000s (Poisson)
  [Injector Worker 135222775490240] Started. Target: http://localhost:8080?work=100000&sleep=0.0, RPS: 0.50, Mean interval: 2.0000s (Poisson)
  [Injector Worker 135222758704832] Started. Target: http://localhost:8080?work=100000&sleep=0.0, RPS: 0.50, Mean interval: 2.0000s (Poisson)
  [Injector Worker 135222750312128] Started. Target: http://localhost:8080?work=100000&sleep=0.0, RPS: 0.50, Mean interval: 2.0000s (Poisson)
[Injector] All 4 attacker threads launched.
[Sniffer] Label set to: attack
[DEBUG Orchestrator] attack_has_started flag set to TRUE.
[DEBUG Orchestrator] End of Iteration. previous_num_instances_for_injector_logic updated to: 1
[DEGUG Orchestrator Loop Duration] Loop Duration = 2340.587473075
[Sniffer] Label set to: benign

--- Iteration 6 | Time: 25.0s / 180s ---
[Orchestrator]RTT = 43.44709915386165
[Orchestrator] Metrics: 1 active instance(s), Avg CPU: 47.49%, Avg App MEM: 24.69 MB
[Autoscaler] Decision: NO_ACTION. Avg CPU: 47.49% is within thresholds (25.0% - 60.0%).
[DEBUG Orchestrator] Iteration Start. Instances Before Injector Logic: 1, Prev Injector Logic Instances: 1, Attack Started Flag: True, Normal Traffic Started Flag: True
[DEBUG Orchestrator] URLs derived for injector (if active): ['http://localhost:8080']
[Sniffer] Label set to: benign
[DEBUG Orchestrator] Should attack be active now? True (window: 20s-160s)
[DEBUG Orchestrator] End of Iteration. previous_num_instances_for_injector_logic updated to: 1
[DEGUG Orchestrator Loop Duration] Loop Duration = 2345.587473075
[Sniffer] Label set to: benign

--- Iteration 7 | Time: 30.0s / 180s ---
[Orchestrator]RTT = 28.31177466684191
[Orchestrator] Metrics: 1 active instance(s), Avg CPU: 38.87%, Avg App MEM: 24.75 MB
[Autoscaler] Decision: NO_ACTION. Avg CPU: 38.87% is within thresholds (25.0% - 60.0%).
[DEBUG Orchestrator] Iteration Start. Instances Before Injector Logic: 1, Prev Injector Logic Instances: 1, Attack Started Flag: True, Normal Traffic Started Flag: True
[DEBUG Orchestrator] URLs derived for injector (if active): ['http://localhost:8080']
[Sniffer] Label set to: benign
[DEBUG Orchestrator] Should attack be active now? True (window: 20s-160s)
[DEBUG Orchestrator] End of Iteration. previous_num_instances_for_injector_logic updated to: 1
[DEGUG Orchestrator Loop Duration] Loop Duration = 2350.587473075
[Sniffer] Label set to: benign

--- Iteration 8 | Time: 35.0s / 180s ---
[Orchestrator]RTT = 38.45650910002405
[Orchestrator] Metrics: 1 active instance(s), Avg CPU: 53.52%, Avg App MEM: 24.78 MB
[Autoscaler] Decision: NO_ACTION. Avg CPU: 53.52% is within thresholds (25.0% - 60.0%).
[DEBUG Orchestrator] Iteration Start. Instances Before Injector Logic: 1, Prev Injector Logic Instances: 1, Attack Started Flag: True, Normal Traffic Started Flag: True
[DEBUG Orchestrator] URLs derived for injector (if active): ['http://localhost:8080']
[Sniffer] Label set to: benign
[DEBUG Orchestrator] Should attack be active now? True (window: 20s-160s)
[DEBUG Orchestrator] End of Iteration. previous_num_instances_for_injector_logic updated to: 1
[DEGUG Orchestrator Loop Duration] Loop Duration = 2355.587473075
[Sniffer] Label set to: benign

--- Iteration 9 | Time: 40.0s / 180s ---
[Orchestrator]RTT = 38.93112850005309
[Orchestrator] Metrics: 1 active instance(s), Avg CPU: 51.06%, Avg App MEM: 24.82 MB
[Autoscaler] Decision: NO_ACTION. Avg CPU: 51.06% is within thresholds (25.0% - 60.0%).
[DEBUG Orchestrator] Iteration Start. Instances Before Injector Logic: 1, Prev Injector Logic Instances: 1, Attack Started Flag: True, Normal Traffic Started Flag: True
[DEBUG Orchestrator] URLs derived for injector (if active): ['http://localhost:8080']
[Sniffer] Label set to: benign
[DEBUG Orchestrator] Should attack be active now? True (window: 20s-160s)
[DEBUG Orchestrator] End of Iteration. previous_num_instances_for_injector_logic updated to: 1
[DEGUG Orchestrator Loop Duration] Loop Duration = 2360.587473075
[Sniffer] Label set to: benign

--- Iteration 10 | Time: 45.0s / 180s ---
[Orchestrator]RTT = 47.72882531253231
[Orchestrator] Metrics: 1 active instance(s), Avg CPU: 55.85%, Avg App MEM: 25.11 MB
[Autoscaler] Decision: NO_ACTION. Avg CPU: 55.85% is within thresholds (25.0% - 60.0%).
[DEBUG Orchestrator] Iteration Start. Instances Before Injector Logic: 1, Prev Injector Logic Instances: 1, Attack Started Flag: True, Normal Traffic Started Flag: True
[DEBUG Orchestrator] URLs derived for injector (if active): ['http://localhost:8080']
[Sniffer] Label set to: benign
[DEBUG Orchestrator] Should attack be active now? True (window: 20s-160s)
[DEBUG Orchestrator] End of Iteration. previous_num_instances_for_injector_logic updated to: 1
[DEGUG Orchestrator Loop Duration] Loop Duration = 2365.587473075
[Sniffer] Label set to: benign

--- Iteration 11 | Time: 50.0s / 180s ---
[Orchestrator]RTT = 35.85107100004527
[Orchestrator] Metrics: 1 active instance(s), Avg CPU: 54.54%, Avg App MEM: 25.00 MB
[Autoscaler] Decision: NO_ACTION. Avg CPU: 54.54% is within thresholds (25.0% - 60.0%).
[DEBUG Orchestrator] Iteration Start. Instances Before Injector Logic: 1, Prev Injector Logic Instances: 1, Attack Started Flag: True, Normal Traffic Started Flag: True
[DEBUG Orchestrator] URLs derived for injector (if active): ['http://localhost:8080']
[Sniffer] Label set to: benign
[DEBUG Orchestrator] Should attack be active now? True (window: 20s-160s)
[DEBUG Orchestrator] End of Iteration. previous_num_instances_for_injector_logic updated to: 1
[DEGUG Orchestrator Loop Duration] Loop Duration = 2370.587473075
[Sniffer] Label set to: benign

--- Iteration 12 | Time: 55.0s / 180s ---
[Orchestrator]RTT = 32.06725814282306
[Orchestrator] Metrics: 1 active instance(s), Avg CPU: 45.18%, Avg App MEM: 24.81 MB
[Autoscaler] Decision: NO_ACTION. Avg CPU: 45.18% is within thresholds (25.0% - 60.0%).
[DEBUG Orchestrator] Iteration Start. Instances Before Injector Logic: 1, Prev Injector Logic Instances: 1, Attack Started Flag: True, Normal Traffic Started Flag: True
[DEBUG Orchestrator] URLs derived for injector (if active): ['http://localhost:8080']
[Sniffer] Label set to: benign
[DEBUG Orchestrator] Should attack be active now? True (window: 20s-160s)
[DEBUG Orchestrator] End of Iteration. previous_num_instances_for_injector_logic updated to: 1
[DEGUG Orchestrator Loop Duration] Loop Duration = 2375.587473075
[Sniffer] Label set to: benign

--- Iteration 13 | Time: 60.0s / 180s ---
[Orchestrator]RTT = 37.51109783343054
[Orchestrator] Metrics: 1 active instance(s), Avg CPU: 44.74%, Avg App MEM: 25.06 MB
[Autoscaler] Decision: NO_ACTION. Avg CPU: 44.74% is within thresholds (25.0% - 60.0%).
[DEBUG Orchestrator] Iteration Start. Instances Before Injector Logic: 1, Prev Injector Logic Instances: 1, Attack Started Flag: True, Normal Traffic Started Flag: True
[DEBUG Orchestrator] URLs derived for injector (if active): ['http://localhost:8080']
[Sniffer] Label set to: benign
[DEBUG Orchestrator] Should attack be active now? True (window: 20s-160s)
[DEBUG Orchestrator] End of Iteration. previous_num_instances_for_injector_logic updated to: 1
[DEGUG Orchestrator Loop Duration] Loop Duration = 2380.587473075
[Sniffer] Label set to: benign

--- Iteration 14 | Time: 65.0s / 180s ---
[Orchestrator]RTT = 36.27166400000143
[Orchestrator] Metrics: 1 active instance(s), Avg CPU: 51.55%, Avg App MEM: 25.19 MB
[Autoscaler] Decision: NO_ACTION. Avg CPU: 51.55% is within thresholds (25.0% - 60.0%).
[DEBUG Orchestrator] Iteration Start. Instances Before Injector Logic: 1, Prev Injector Logic Instances: 1, Attack Started Flag: True, Normal Traffic Started Flag: True
[DEBUG Orchestrator] URLs derived for injector (if active): ['http://localhost:8080']
[Sniffer] Label set to: benign
[DEBUG Orchestrator] Should attack be active now? True (window: 20s-160s)
[DEBUG Orchestrator] End of Iteration. previous_num_instances_for_injector_logic updated to: 1
[DEGUG Orchestrator Loop Duration] Loop Duration = 2385.587473075
[Sniffer] Label set to: benign

--- Iteration 15 | Time: 70.0s / 180s ---
[Orchestrator]RTT = 30.62675806668267
[Orchestrator] Metrics: 1 active instance(s), Avg CPU: 52.10%, Avg App MEM: 24.85 MB
[Autoscaler] Decision: NO_ACTION. Avg CPU: 52.10% is within thresholds (25.0% - 60.0%).
[DEBUG Orchestrator] Iteration Start. Instances Before Injector Logic: 1, Prev Injector Logic Instances: 1, Attack Started Flag: True, Normal Traffic Started Flag: True
[DEBUG Orchestrator] URLs derived for injector (if active): ['http://localhost:8080']
[Sniffer] Label set to: benign
[DEBUG Orchestrator] Should attack be active now? True (window: 20s-160s)
[DEBUG Orchestrator] End of Iteration. previous_num_instances_for_injector_logic updated to: 1
[DEGUG Orchestrator Loop Duration] Loop Duration = 2390.587473075
[Sniffer] Label set to: benign

--- Iteration 16 | Time: 75.0s / 180s ---
[Orchestrator]RTT = 29.907930299941654
[Orchestrator] Metrics: 1 active instance(s), Avg CPU: 40.57%, Avg App MEM: 24.94 MB
[Autoscaler] Decision: NO_ACTION. Avg CPU: 40.57% is within thresholds (25.0% - 60.0%).
[DEBUG Orchestrator] Iteration Start. Instances Before Injector Logic: 1, Prev Injector Logic Instances: 1, Attack Started Flag: True, Normal Traffic Started Flag: True
[DEBUG Orchestrator] URLs derived for injector (if active): ['http://localhost:8080']
[Sniffer] Label set to: benign
[DEBUG Orchestrator] Should attack be active now? True (window: 20s-160s)
[DEBUG Orchestrator] End of Iteration. previous_num_instances_for_injector_logic updated to: 1
[DEGUG Orchestrator Loop Duration] Loop Duration = 2395.587473075
[Sniffer] Label set to: benign

--- Iteration 17 | Time: 80.0s / 180s ---
[Orchestrator]RTT = 28.968376900047588
[Orchestrator] Metrics: 1 active instance(s), Avg CPU: 41.23%, Avg App MEM: 24.94 MB
[Autoscaler] Decision: NO_ACTION. Avg CPU: 41.23% is within thresholds (25.0% - 60.0%).
[DEBUG Orchestrator] Iteration Start. Instances Before Injector Logic: 1, Prev Injector Logic Instances: 1, Attack Started Flag: True, Normal Traffic Started Flag: True
[DEBUG Orchestrator] URLs derived for injector (if active): ['http://localhost:8080']
[Sniffer] Label set to: benign
[DEBUG Orchestrator] Should attack be active now? True (window: 20s-160s)
[DEBUG Orchestrator] End of Iteration. previous_num_instances_for_injector_logic updated to: 1
[DEGUG Orchestrator Loop Duration] Loop Duration = 2400.587473075
[Sniffer] Label set to: benign

--- Iteration 18 | Time: 85.0s / 180s ---
[Orchestrator]RTT = 55.02868433328937
[Orchestrator] Metrics: 1 active instance(s), Avg CPU: 57.19%, Avg App MEM: 24.94 MB
[Autoscaler] Decision: NO_ACTION. Avg CPU: 57.19% is within thresholds (25.0% - 60.0%).
[DEBUG Orchestrator] Iteration Start. Instances Before Injector Logic: 1, Prev Injector Logic Instances: 1, Attack Started Flag: True, Normal Traffic Started Flag: True
[DEBUG Orchestrator] URLs derived for injector (if active): ['http://localhost:8080']
[Sniffer] Label set to: benign
[DEBUG Orchestrator] Should attack be active now? True (window: 20s-160s)
[DEBUG Orchestrator] End of Iteration. previous_num_instances_for_injector_logic updated to: 1
[DEGUG Orchestrator Loop Duration] Loop Duration = 2405.587473075
[Sniffer] Label set to: benign

--- Iteration 19 | Time: 90.0s / 180s ---
[Orchestrator]RTT = 38.25349846154215
[Orchestrator] Metrics: 1 active instance(s), Avg CPU: 39.32%, Avg App MEM: 25.01 MB
[Autoscaler] Decision: NO_ACTION. Avg CPU: 39.32% is within thresholds (25.0% - 60.0%).
[DEBUG Orchestrator] Iteration Start. Instances Before Injector Logic: 1, Prev Injector Logic Instances: 1, Attack Started Flag: True, Normal Traffic Started Flag: True
[DEBUG Orchestrator] URLs derived for injector (if active): ['http://localhost:8080']
[Sniffer] Label set to: benign
[DEBUG Orchestrator] Should attack be active now? True (window: 20s-160s)
[DEBUG Orchestrator] End of Iteration. previous_num_instances_for_injector_logic updated to: 1
[DEGUG Orchestrator Loop Duration] Loop Duration = 2410.587473075
[Sniffer] Label set to: benign

--- Iteration 20 | Time: 95.0s / 180s ---
[Orchestrator]RTT = 35.70900493329342
[Orchestrator] Metrics: 1 active instance(s), Avg CPU: 59.90%, Avg App MEM: 25.24 MB
[Autoscaler] Decision: NO_ACTION. Avg CPU: 59.90% is within thresholds (25.0% - 60.0%).
[DEBUG Orchestrator] Iteration Start. Instances Before Injector Logic: 1, Prev Injector Logic Instances: 1, Attack Started Flag: True, Normal Traffic Started Flag: True
[DEBUG Orchestrator] URLs derived for injector (if active): ['http://localhost:8080']
[Sniffer] Label set to: benign
[DEBUG Orchestrator] Should attack be active now? True (window: 20s-160s)
[DEBUG Orchestrator] End of Iteration. previous_num_instances_for_injector_logic updated to: 1
[DEGUG Orchestrator Loop Duration] Loop Duration = 2415.587473075
[Sniffer] Label set to: benign

--- Iteration 21 | Time: 100.0s / 180s ---
[Orchestrator]RTT = 31.723622000026808
[Orchestrator] Metrics: 1 active instance(s), Avg CPU: 41.94%, Avg App MEM: 25.31 MB
[Autoscaler] Decision: NO_ACTION. Avg CPU: 41.94% is within thresholds (25.0% - 60.0%).
[DEBUG Orchestrator] Iteration Start. Instances Before Injector Logic: 1, Prev Injector Logic Instances: 1, Attack Started Flag: True, Normal Traffic Started Flag: True
[DEBUG Orchestrator] URLs derived for injector (if active): ['http://localhost:8080']
[Sniffer] Label set to: benign
[DEBUG Orchestrator] Should attack be active now? True (window: 20s-160s)
[DEBUG Orchestrator] End of Iteration. previous_num_instances_for_injector_logic updated to: 1
[DEGUG Orchestrator Loop Duration] Loop Duration = 2420.587473075
[Sniffer] Label set to: benign

--- Iteration 22 | Time: 105.0s / 180s ---
[Orchestrator]RTT = 30.402222363756497
[Orchestrator] Metrics: 1 active instance(s), Avg CPU: 40.79%, Avg App MEM: 25.16 MB
[Autoscaler] Decision: NO_ACTION. Avg CPU: 40.79% is within thresholds (25.0% - 60.0%).
[DEBUG Orchestrator] Iteration Start. Instances Before Injector Logic: 1, Prev Injector Logic Instances: 1, Attack Started Flag: True, Normal Traffic Started Flag: True
[DEBUG Orchestrator] URLs derived for injector (if active): ['http://localhost:8080']
[Sniffer] Label set to: benign
[DEBUG Orchestrator] Should attack be active now? True (window: 20s-160s)
[DEBUG Orchestrator] End of Iteration. previous_num_instances_for_injector_logic updated to: 1
[DEGUG Orchestrator Loop Duration] Loop Duration = 2425.587473075
[Sniffer] Label set to: benign

--- Iteration 23 | Time: 110.0s / 180s ---
[Orchestrator]RTT = 30.097931076852547
[Orchestrator] Metrics: 1 active instance(s), Avg CPU: 50.91%, Avg App MEM: 25.28 MB
[Autoscaler] Decision: NO_ACTION. Avg CPU: 50.91% is within thresholds (25.0% - 60.0%).
[DEBUG Orchestrator] Iteration Start. Instances Before Injector Logic: 1, Prev Injector Logic Instances: 1, Attack Started Flag: True, Normal Traffic Started Flag: True
[DEBUG Orchestrator] URLs derived for injector (if active): ['http://localhost:8080']
[Sniffer] Label set to: benign
[DEBUG Orchestrator] Should attack be active now? True (window: 20s-160s)
[DEBUG Orchestrator] End of Iteration. previous_num_instances_for_injector_logic updated to: 1
[DEGUG Orchestrator Loop Duration] Loop Duration = 2430.587473075
[Sniffer] Label set to: benign

--- Iteration 24 | Time: 115.0s / 180s ---
[Orchestrator]RTT = 37.93344089999664
[Orchestrator] Metrics: 1 active instance(s), Avg CPU: 54.68%, Avg App MEM: 25.29 MB
[Autoscaler] Decision: NO_ACTION. Avg CPU: 54.68% is within thresholds (25.0% - 60.0%).
[DEBUG Orchestrator] Iteration Start. Instances Before Injector Logic: 1, Prev Injector Logic Instances: 1, Attack Started Flag: True, Normal Traffic Started Flag: True
[DEBUG Orchestrator] URLs derived for injector (if active): ['http://localhost:8080']
[Sniffer] Label set to: benign
[DEBUG Orchestrator] Should attack be active now? True (window: 20s-160s)
[DEBUG Orchestrator] End of Iteration. previous_num_instances_for_injector_logic updated to: 1
[DEGUG Orchestrator Loop Duration] Loop Duration = 2435.587473075
[Sniffer] Label set to: benign

--- Iteration 25 | Time: 120.0s / 180s ---
[Orchestrator]RTT = 30.30195875002543
[Orchestrator] Metrics: 1 active instance(s), Avg CPU: 44.74%, Avg App MEM: 25.07 MB
[Autoscaler] Decision: NO_ACTION. Avg CPU: 44.74% is within thresholds (25.0% - 60.0%).
[DEBUG Orchestrator] Iteration Start. Instances Before Injector Logic: 1, Prev Injector Logic Instances: 1, Attack Started Flag: True, Normal Traffic Started Flag: True
[DEBUG Orchestrator] URLs derived for injector (if active): ['http://localhost:8080']
[Sniffer] Label set to: benign
[DEBUG Orchestrator] Should attack be active now? True (window: 20s-160s)
[DEBUG Orchestrator] End of Iteration. previous_num_instances_for_injector_logic updated to: 1
[DEGUG Orchestrator Loop Duration] Loop Duration = 2440.587473075
[Sniffer] Label set to: benign

--- Iteration 26 | Time: 125.0s / 180s ---
[Orchestrator]RTT = 31.288290333501816
[Orchestrator] Metrics: 1 active instance(s), Avg CPU: 44.16%, Avg App MEM: 25.15 MB
[Autoscaler] Decision: NO_ACTION. Avg CPU: 44.16% is within thresholds (25.0% - 60.0%).
[DEBUG Orchestrator] Iteration Start. Instances Before Injector Logic: 1, Prev Injector Logic Instances: 1, Attack Started Flag: True, Normal Traffic Started Flag: True
[DEBUG Orchestrator] URLs derived for injector (if active): ['http://localhost:8080']
[Sniffer] Label set to: benign
[DEBUG Orchestrator] Should attack be active now? True (window: 20s-160s)
[DEBUG Orchestrator] End of Iteration. previous_num_instances_for_injector_logic updated to: 1
[DEGUG Orchestrator Loop Duration] Loop Duration = 2445.587473075
[Sniffer] Label set to: benign

--- Iteration 27 | Time: 130.0s / 180s ---
[Orchestrator]RTT = 38.32604741667941
[Orchestrator] Metrics: 1 active instance(s), Avg CPU: 51.96%, Avg App MEM: 25.15 MB
[Autoscaler] Decision: NO_ACTION. Avg CPU: 51.96% is within thresholds (25.0% - 60.0%).
[DEBUG Orchestrator] Iteration Start. Instances Before Injector Logic: 1, Prev Injector Logic Instances: 1, Attack Started Flag: True, Normal Traffic Started Flag: True
[DEBUG Orchestrator] URLs derived for injector (if active): ['http://localhost:8080']
[Sniffer] Label set to: benign
[DEBUG Orchestrator] Should attack be active now? True (window: 20s-160s)
[DEBUG Orchestrator] End of Iteration. previous_num_instances_for_injector_logic updated to: 1
[DEGUG Orchestrator Loop Duration] Loop Duration = 2450.587473075
[Sniffer] Label set to: benign

--- Iteration 28 | Time: 135.0s / 180s ---
[Orchestrator]RTT = 37.20391790002395
[Orchestrator] Metrics: 1 active instance(s), Avg CPU: 45.98%, Avg App MEM: 25.41 MB
[Autoscaler] Decision: NO_ACTION. Avg CPU: 45.98% is within thresholds (25.0% - 60.0%).
[DEBUG Orchestrator] Iteration Start. Instances Before Injector Logic: 1, Prev Injector Logic Instances: 1, Attack Started Flag: True, Normal Traffic Started Flag: True
[DEBUG Orchestrator] URLs derived for injector (if active): ['http://localhost:8080']
[Sniffer] Label set to: benign
[DEBUG Orchestrator] Should attack be active now? True (window: 20s-160s)
[DEBUG Orchestrator] End of Iteration. previous_num_instances_for_injector_logic updated to: 1
[DEGUG Orchestrator Loop Duration] Loop Duration = 2455.587473075
[Sniffer] Label set to: benign

--- Iteration 29 | Time: 140.0s / 180s ---
[Orchestrator]RTT = 64.79785049987186
[Orchestrator] Metrics: 1 active instance(s), Avg CPU: 83.91%, Avg App MEM: 24.92 MB
[Autoscaler] Decision: SCALE_UP. Avg CPU: 83.91% > 60.0%. Current instances: 1, Max: 4
[Orchestrator] Action: Scaling UP from 1 instance(s). Attempting to start instance 2.
Attempting to start container target_instance_2 mapping container:80 to host:8081...
Container 292d634f0c (target_instance_2) started. Accessible on host port 8081.
[Orchestrator] Successfully started target_instance_2. Now 2 instance(s).
[Autoscaler] Scale action recorded. New instance count: 2. Cooldown timer reset.
[DEBUG Orchestrator] Iteration Start. Instances Before Injector Logic: 2, Prev Injector Logic Instances: 1, Attack Started Flag: True, Normal Traffic Started Flag: True
[DEBUG Orchestrator] URLs derived for injector (if active): ['http://localhost:8080', 'http://localhost:8081']
[Sniffer] Label set to: benign
[DEBUG Orchestrator] Should attack be active now? True (window: 20s-160s)
[DEBUG Orchestrator] Condition: Needs to RESTART attack (num instances changed from 1 to 2 AND attack was active).
[Orchestrator] Attack active and restart needed. Stopping current traffic injector...
[Injector] Signaling HTTP flood workers to stop...
  [Injector Worker 135222758704832] Stopped. Total requests: 73, Errors: 0
  [Injector Worker 135222792275648] Stopped. Total requests: 70, Errors: 0
[Injector] Stop signal sent (non-blocking).
[DEBUG Orchestrator] Called stop_http_flood. Sleeping for 1s...
  [Injector Worker 135222775490240] Stopped. Total requests: 54, Errors: 0
[DEBUG Orchestrator] Resuming after sleep.
[Orchestrator] Starting/Restarting HTTP flood. Target URLs for this call: ['http://localhost:8080', 'http://localhost:8081']
[Injector] Starting HTTP flood with 4 attackers, ~2.0 RPS total, across 2 targets: http://localhost:8080, http://localhost:8081
  [Injector Worker 135222775490240] Started. Target: http://localhost:8080?work=100000&sleep=0.0, RPS: 0.50, Mean interval: 2.0000s (Poisson)
  [Injector Worker 135222792275648] Started. Target: http://localhost:8081?work=100000&sleep=0.0, RPS: 0.50, Mean interval: 2.0000s (Poisson)
  [Injector Worker 135222758704832] Started. Target: http://localhost:8080?work=100000&sleep=0.0, RPS: 0.50, Mean interval: 2.0000s (Poisson)
  [Injector Worker 135222725134016] Started. Target: http://localhost:8081?work=100000&sleep=0.0, RPS: 0.50, Mean interval: 2.0000s (Poisson)
[Injector] All 4 attacker threads launched.
[Sniffer] Label set to: attack
[DEBUG Orchestrator] attack_has_started flag set to TRUE.
[DEBUG Orchestrator] End of Iteration. previous_num_instances_for_injector_logic updated to: 2
[DEGUG Orchestrator Loop Duration] Loop Duration = 2460.587473075
[Sniffer] Label set to: benign

--- Iteration 30 | Time: 145.0s / 180s ---
[Orchestrator]RTT = 52.641845400012244
[Orchestrator] Metrics: 2 active instance(s), Avg CPU: 57.59%, Avg App MEM: 25.10 MB
[Autoscaler]In cooldown: 14.995895849000135
[DEBUG Orchestrator] Iteration Start. Instances Before Injector Logic: 2, Prev Injector Logic Instances: 2, Attack Started Flag: True, Normal Traffic Started Flag: True
[DEBUG Orchestrator] URLs derived for injector (if active): ['http://localhost:8080', 'http://localhost:8081']
[Sniffer] Label set to: benign
[DEBUG Orchestrator] Should attack be active now? True (window: 20s-160s)
[DEBUG Orchestrator] End of Iteration. previous_num_instances_for_injector_logic updated to: 2
[DEGUG Orchestrator Loop Duration] Loop Duration = 2465.587473075
[Sniffer] Label set to: benign

--- Iteration 31 | Time: 150.0s / 180s ---
[Orchestrator]RTT = 51.836932416563286
[Orchestrator] Metrics: 2 active instance(s), Avg CPU: 16.63%, Avg App MEM: 22.48 MB
[Autoscaler]In cooldown: 9.998861904000023
[DEBUG Orchestrator] Iteration Start. Instances Before Injector Logic: 2, Prev Injector Logic Instances: 2, Attack Started Flag: True, Normal Traffic Started Flag: True
[DEBUG Orchestrator] URLs derived for injector (if active): ['http://localhost:8080', 'http://localhost:8081']
[Sniffer] Label set to: benign
[DEBUG Orchestrator] Should attack be active now? True (window: 20s-160s)
[DEBUG Orchestrator] End of Iteration. previous_num_instances_for_injector_logic updated to: 2
[DEGUG Orchestrator Loop Duration] Loop Duration = 2470.587473075
[Sniffer] Label set to: benign

--- Iteration 32 | Time: 155.0s / 180s ---
[Orchestrator]RTT = 34.54150569237194
[Orchestrator] Metrics: 2 active instance(s), Avg CPU: 24.39%, Avg App MEM: 22.93 MB
[Autoscaler]In cooldown: 4.999368470000263
[DEBUG Orchestrator] Iteration Start. Instances Before Injector Logic: 2, Prev Injector Logic Instances: 2, Attack Started Flag: True, Normal Traffic Started Flag: True
[DEBUG Orchestrator] URLs derived for injector (if active): ['http://localhost:8080', 'http://localhost:8081']
[Sniffer] Label set to: benign
[DEBUG Orchestrator] Should attack be active now? True (window: 20s-160s)
[DEBUG Orchestrator] End of Iteration. previous_num_instances_for_injector_logic updated to: 2
[DEGUG Orchestrator Loop Duration] Loop Duration = 2475.587473075
[Sniffer] Label set to: benign

--- Iteration 33 | Time: 160.0s / 180s ---
[Orchestrator]RTT = 30.16498163635168
[Orchestrator] Metrics: 2 active instance(s), Avg CPU: 27.33%, Avg App MEM: 23.09 MB
[Autoscaler] Decision: NO_ACTION. Avg CPU: 27.33% is within thresholds (25.0% - 60.0%).
[DEBUG Orchestrator] Iteration Start. Instances Before Injector Logic: 2, Prev Injector Logic Instances: 2, Attack Started Flag: True, Normal Traffic Started Flag: True
[DEBUG Orchestrator] URLs derived for injector (if active): ['http://localhost:8080', 'http://localhost:8081']
[Sniffer] Label set to: benign
[DEBUG Orchestrator] Should attack be active now? False (window: 20s-160s)
[Orchestrator] Attack duration ended or outside schedule. Stopping HTTP flood.
[Injector] Signaling HTTP flood workers to stop...
  [Injector Worker 135222725134016] Stopped. Total requests: 10, Errors: 0
[Injector] Stop signal sent (non-blocking).
[DEBUG Orchestrator] attack_has_started flag set to FALSE (attack period ended).
[DEBUG Orchestrator] End of Iteration. previous_num_instances_for_injector_logic updated to: 2
[DEGUG Orchestrator Loop Duration] Loop Duration = 2480.587473075
  [Injector Worker 135222750312128] Stopped. Total requests: 61, Errors: 0
  [Injector Worker 135222792275648] Stopped. Total requests: 10, Errors: 0
  [Injector Worker 135222775490240] Stopped. Total requests: 9, Errors: 0
  [Injector Worker 135222758704832] Stopped. Total requests: 9, Errors: 0
[Sniffer] Label set to: benign

--- Iteration 34 | Time: 165.0s / 180s ---
[Orchestrator]RTT = 34.84531365767088
[Orchestrator] Metrics: 2 active instance(s), Avg CPU: 35.13%, Avg App MEM: 23.61 MB
[Autoscaler] Decision: NO_ACTION. Avg CPU: 35.13% is within thresholds (25.0% - 60.0%).
[DEBUG Orchestrator] Iteration Start. Instances Before Injector Logic: 2, Prev Injector Logic Instances: 2, Attack Started Flag: False, Normal Traffic Started Flag: True
[DEBUG Orchestrator] URLs derived for injector (if active): ['http://localhost:8080', 'http://localhost:8081']
[Sniffer] Label set to: benign
[DEBUG Orchestrator] Should attack be active now? False (window: 20s-160s)
[DEBUG Orchestrator] End of Iteration. previous_num_instances_for_injector_logic updated to: 2
[DEGUG Orchestrator Loop Duration] Loop Duration = 2485.587473075
[Sniffer] Label set to: benign

--- Iteration 35 | Time: 170.0s / 180s ---
[Orchestrator]RTT = 33.65425826253963
[Orchestrator] Metrics: 2 active instance(s), Avg CPU: 16.58%, Avg App MEM: 22.89 MB
[Autoscaler] Decision: SCALE_DOWN. Avg CPU: 16.58% < 25.0%. Current instances: 2, Min: 1
[Orchestrator] Action: Scaling DOWN from 2 instance(s). Stopping target_instance_2.
Attempting to stop and remove container target_instance_2...
Container target_instance_2 stopped and removed.
[Orchestrator] Successfully stopped target_instance_2. Now 1 instance(s).
[Autoscaler] Scale action recorded. New instance count: 1. Cooldown timer reset.
[DEBUG Orchestrator] Iteration Start. Instances Before Injector Logic: 1, Prev Injector Logic Instances: 2, Attack Started Flag: False, Normal Traffic Started Flag: True
[DEBUG Orchestrator] URLs derived for injector (if active): ['http://localhost:8080']
[Sniffer] Label set to: benign
[DEBUG Orchestrator] Should attack be active now? False (window: 20s-160s)
[DEBUG Orchestrator] End of Iteration. previous_num_instances_for_injector_logic updated to: 1
[DEGUG Orchestrator Loop Duration] Loop Duration = 2490.587473075
[Orchestrator] Warning: Loop iteration took longer than MONITOR_INTERVAL_SECONDS (5s). Not sleeping.
[Sniffer] Label set to: benign

--- Iteration 36 | Time: 175.7s / 180s ---
[Orchestrator]RTT = 33.29134921301404
[Orchestrator] Metrics: 1 active instance(s), Avg CPU: 34.64%, Avg App MEM: 25.19 MB
[Autoscaler]In cooldown: 14.320434049000141
[DEBUG Orchestrator] Iteration Start. Instances Before Injector Logic: 1, Prev Injector Logic Instances: 1, Attack Started Flag: False, Normal Traffic Started Flag: True
[DEBUG Orchestrator] URLs derived for injector (if active): ['http://localhost:8080']
[Sniffer] Label set to: benign
[DEBUG Orchestrator] Should attack be active now? False (window: 20s-160s)
[DEBUG Orchestrator] End of Iteration. previous_num_instances_for_injector_logic updated to: 1
[DEGUG Orchestrator Loop Duration] Loop Duration = 2495.587473075

[Orchestrator] Simulation duration reached.
[Orchestrator] Saving RTT log...
[Sniffer] Realtime tcpdump stopped.
[Orchestrator] Stopping normal traffic...
[Normal_Injector] Signaling workers to stop...
  [Normal_Injector Worker 135227672606400] Stopped. Total requests: 8753, Errors: 0
  [Normal_Injector Worker 135227439572672] Stopped. Total requests: 8663, Errors: 0
  [Normal_Injector Worker 135227414394560] Stopped. Total requests: 8745, Errors: 0
  [Normal_Injector Worker 135227447965376] Stopped. Total requests: 8741, Errors: 0
[Normal_Injector] Stop signal sent (non-blocking).
[Orchestrator] Cleaning up all simulation instances...
Cleaning up all simulation instances...
Stopping and removing container: target_instance_1 (95c5ec8024)...
  Container target_instance_1 removed.
Simulation instance cleanup complete.
[Stats_Collector] Stopping stats collector thread...
[Orchestrator] Simulation Complete. Total Fictional Cost: $0.0012
[Orchestrator] Metrics logged in: simulation_metrics.csv

===== [stage1b] S3 (200 req/s normal) + 1% ataque (~2.000 req/s) @ WU=100000 rep=2 =====
Attacker RPS set to: 0.5
Number of attackers set to: 4
Simulation duration set to: 180
Attack work units set to: 100000
Normal traffic RPS per client set to: 50.0
Normal traffic work units set to: 10
[Orchestrator] Initializing simulation environment...
[Sniffer] Realtime tcpdump started on any
[Sniffer] Label set to: benign
[Autoscaler] Initialized.
Attempting to build Docker image: edos_target_app:latest...
Image edos_target_app:latest already exists. Skipping build.
Docker network 'edos_network' already exists.
[Orchestrator] Cleaning up any pre-existing simulation instances...
Cleaning up all simulation instances...
No simulation instances found to clean up.
[Orchestrator] Starting initial 1 instance(s)...
Attempting to start container target_instance_1 mapping container:80 to host:8080...
Container 32448735b5 (target_instance_1) started. Accessible on host port 8080.
[Autoscaler] Initial number of instances set to: 1
[Orchestrator] 1 initial instance(s) running.
[Orchestrator] Metrics will be logged to: simulation_metrics.csv
[Orchestrator] Attack summary will be logged to: attack_summary_log.csv
[Orchestrator] Normal traffic summary will be logged to: normal_traffic_summary_log.csv
[Orchestrator] Starting simulation main loop for 180 seconds.
[Orchestrator] Monitoring interval: 5s. Cooldown: 20s.
[Orchestrator] CPU Thresholds: Scale Up > 60.0%, Scale Down < 25.0%
[Orchestrator] Traffic injection scheduled: Start at 20s, Duration 140s.
[Sniffer] Label set to: benign

--- Iteration 1 | Time: 0.0s / 180s ---
[Orchestrator]RTT = 0.0
[Orchestrator] Metrics: 1 active instance(s), Avg CPU: 0.00%, Avg App MEM: 0.00 MB
[Autoscaler] Condition for SCALE_DOWN met (Avg CPU: 0.00%), but already at MIN_INSTANCES (1). No action.
[DEBUG Orchestrator] Iteration Start. Instances Before Injector Logic: 1, Prev Injector Logic Instances: 1, Attack Started Flag: False, Normal Traffic Started Flag: False
[DEBUG Orchestrator] URLs derived for injector (if active): ['http://localhost:8080']
[Sniffer] Label set to: benign
[DEBUG Orchestrator] Should attack be active now? False (window: 20s-160s)
[Orchestrator] Starting/Restarting Normal Traffic. Target URLs for this call: ['http://localhost:8080']
[Normal_Injector] Starting HTTP flood with 4 attackers, ~200.0 RPS total, across 1 targets: http://localhost:8080
  [Normal_Injector Worker 127177619031744] Started. Target: http://localhost:8080?work=10&sleep=0.0, RPS: 50.00, Mean interval: 0.0200s (Poisson)
  [Normal_Injector Worker 127177395791552] Started. Target: http://localhost:8080?work=10&sleep=0.0, RPS: 50.00, Mean interval: 0.0200s (Poisson)
  [Normal_Injector Worker 127177387398848] Started. Target: http://localhost:8080?work=10&sleep=0.0, RPS: 50.00, Mean interval: 0.0200s (Poisson)
  [Normal_Injector Worker 127177370613440] Started. Target: http://localhost:8080?work=10&sleep=0.0, RPS: 50.00, Mean interval: 0.0200s (Poisson)
[Normal_Injector] All 4 attacker threads launched.
[DEBUG Orchestrator] End of Iteration. previous_num_instances_for_injector_logic updated to: 1
[DEGUG Orchestrator Loop Duration] Loop Duration = 2505.226086919
[Sniffer] Label set to: benign

--- Iteration 2 | Time: 5.0s / 180s ---
[Orchestrator]RTT = 35.78494093892106
[Orchestrator] Metrics: 1 active instance(s), Avg CPU: 51.90%, Avg App MEM: 23.24 MB
[Autoscaler] Decision: NO_ACTION. Avg CPU: 51.90% is within thresholds (25.0% - 60.0%).
[DEBUG Orchestrator] Iteration Start. Instances Before Injector Logic: 1, Prev Injector Logic Instances: 1, Attack Started Flag: False, Normal Traffic Started Flag: True
[DEBUG Orchestrator] URLs derived for injector (if active): ['http://localhost:8080']
[Sniffer] Label set to: benign
[DEBUG Orchestrator] Should attack be active now? False (window: 20s-160s)
[DEBUG Orchestrator] End of Iteration. previous_num_instances_for_injector_logic updated to: 1
[DEGUG Orchestrator Loop Duration] Loop Duration = 2510.226086919
[Sniffer] Label set to: benign

--- Iteration 3 | Time: 10.0s / 180s ---
[Orchestrator]RTT = 33.50406922755033
[Orchestrator] Metrics: 1 active instance(s), Avg CPU: 42.82%, Avg App MEM: 23.96 MB
[Autoscaler] Decision: NO_ACTION. Avg CPU: 42.82% is within thresholds (25.0% - 60.0%).
[DEBUG Orchestrator] Iteration Start. Instances Before Injector Logic: 1, Prev Injector Logic Instances: 1, Attack Started Flag: False, Normal Traffic Started Flag: True
[DEBUG Orchestrator] URLs derived for injector (if active): ['http://localhost:8080']
[Sniffer] Label set to: benign
[DEBUG Orchestrator] Should attack be active now? False (window: 20s-160s)
[DEBUG Orchestrator] End of Iteration. previous_num_instances_for_injector_logic updated to: 1
[DEGUG Orchestrator Loop Duration] Loop Duration = 2515.226086919
[Sniffer] Label set to: benign

--- Iteration 4 | Time: 15.0s / 180s ---
[Orchestrator]RTT = 33.91130312105712
[Orchestrator] Metrics: 1 active instance(s), Avg CPU: 45.14%, Avg App MEM: 24.05 MB
[Autoscaler] Decision: NO_ACTION. Avg CPU: 45.14% is within thresholds (25.0% - 60.0%).
[DEBUG Orchestrator] Iteration Start. Instances Before Injector Logic: 1, Prev Injector Logic Instances: 1, Attack Started Flag: False, Normal Traffic Started Flag: True
[DEBUG Orchestrator] URLs derived for injector (if active): ['http://localhost:8080']
[Sniffer] Label set to: benign
[DEBUG Orchestrator] Should attack be active now? False (window: 20s-160s)
[DEBUG Orchestrator] End of Iteration. previous_num_instances_for_injector_logic updated to: 1
[DEGUG Orchestrator Loop Duration] Loop Duration = 2520.226086919
[Sniffer] Label set to: benign

--- Iteration 5 | Time: 20.0s / 180s ---
[Orchestrator]RTT = 33.996159344482564
[Orchestrator] Metrics: 1 active instance(s), Avg CPU: 43.14%, Avg App MEM: 24.10 MB
[Autoscaler] Decision: NO_ACTION. Avg CPU: 43.14% is within thresholds (25.0% - 60.0%).
[DEBUG Orchestrator] Iteration Start. Instances Before Injector Logic: 1, Prev Injector Logic Instances: 1, Attack Started Flag: False, Normal Traffic Started Flag: True
[DEBUG Orchestrator] URLs derived for injector (if active): ['http://localhost:8080']
[Sniffer] Label set to: benign
[DEBUG Orchestrator] Should attack be active now? True (window: 20s-160s)
[DEBUG Orchestrator] Condition: Needs to START attack (was not started and in attack window).
[Orchestrator] Starting/Restarting HTTP flood. Target URLs for this call: ['http://localhost:8080']
[Injector] Starting HTTP flood with 4 attackers, ~2.0 RPS total, across 1 targets: http://localhost:8080
  [Injector Worker 127172807210688] Started. Target: http://localhost:8080?work=100000&sleep=0.0, RPS: 0.50, Mean interval: 2.0000s (Poisson)
  [Injector Worker 127172790425280] Started. Target: http://localhost:8080?work=100000&sleep=0.0, RPS: 0.50, Mean interval: 2.0000s (Poisson)
  [Injector Worker 127172706563776] Started. Target: http://localhost:8080?work=100000&sleep=0.0, RPS: 0.50, Mean interval: 2.0000s (Poisson)
  [Injector Worker 127172681385664] Started. Target: http://localhost:8080?work=100000&sleep=0.0, RPS: 0.50, Mean interval: 2.0000s (Poisson)
[Injector] All 4 attacker threads launched.
[Sniffer] Label set to: attack
[DEBUG Orchestrator] attack_has_started flag set to TRUE.
[DEBUG Orchestrator] End of Iteration. previous_num_instances_for_injector_logic updated to: 1
[DEGUG Orchestrator Loop Duration] Loop Duration = 2525.226086919
[Sniffer] Label set to: benign

--- Iteration 6 | Time: 25.0s / 180s ---
[Orchestrator]RTT = 56.60248530763896
[Orchestrator] Metrics: 1 active instance(s), Avg CPU: 64.47%, Avg App MEM: 24.79 MB
[Autoscaler] Decision: SCALE_UP. Avg CPU: 64.47% > 60.0%. Current instances: 1, Max: 4
[Orchestrator] Action: Scaling UP from 1 instance(s). Attempting to start instance 2.
Attempting to start container target_instance_2 mapping container:80 to host:8081...
Container 25afffe1c6 (target_instance_2) started. Accessible on host port 8081.
[Orchestrator] Successfully started target_instance_2. Now 2 instance(s).
[Autoscaler] Scale action recorded. New instance count: 2. Cooldown timer reset.
[DEBUG Orchestrator] Iteration Start. Instances Before Injector Logic: 2, Prev Injector Logic Instances: 1, Attack Started Flag: True, Normal Traffic Started Flag: True
[DEBUG Orchestrator] URLs derived for injector (if active): ['http://localhost:8080', 'http://localhost:8081']
[Sniffer] Label set to: benign
[DEBUG Orchestrator] Should attack be active now? True (window: 20s-160s)
[DEBUG Orchestrator] Condition: Needs to RESTART attack (num instances changed from 1 to 2 AND attack was active).
[Orchestrator] Attack active and restart needed. Stopping current traffic injector...
[Injector] Signaling HTTP flood workers to stop...
[Injector] Stop signal sent (non-blocking).
[DEBUG Orchestrator] Called stop_http_flood. Sleeping for 1s...
  [Injector Worker 127172681385664] Stopped. Total requests: 5, Errors: 0
  [Injector Worker 127172807210688] Stopped. Total requests: 6, Errors: 0
[DEBUG Orchestrator] Resuming after sleep.
[Orchestrator] Starting/Restarting HTTP flood. Target URLs for this call: ['http://localhost:8080', 'http://localhost:8081']
[Injector] Starting HTTP flood with 4 attackers, ~2.0 RPS total, across 2 targets: http://localhost:8080, http://localhost:8081
  [Injector Worker 127172807210688] Started. Target: http://localhost:8080?work=100000&sleep=0.0, RPS: 0.50, Mean interval: 2.0000s (Poisson)
  [Injector Worker 127172681385664] Started. Target: http://localhost:8081?work=100000&sleep=0.0, RPS: 0.50, Mean interval: 2.0000s (Poisson)
  [Injector Worker 127172656207552] Started. Target: http://localhost:8080?work=100000&sleep=0.0, RPS: 0.50, Mean interval: 2.0000s (Poisson)
  [Injector Worker 127172647814848] Started. Target: http://localhost:8081?work=100000&sleep=0.0, RPS: 0.50, Mean interval: 2.0000s (Poisson)
[Injector] All 4 attacker threads launched.
[Sniffer] Label set to: attack
[DEBUG Orchestrator] attack_has_started flag set to TRUE.
[DEBUG Orchestrator] End of Iteration. previous_num_instances_for_injector_logic updated to: 2
[DEGUG Orchestrator Loop Duration] Loop Duration = 2530.226086919
[Sniffer] Label set to: benign

--- Iteration 7 | Time: 30.0s / 180s ---
[Orchestrator]RTT = 50.35141285705841
[Orchestrator] Metrics: 2 active instance(s), Avg CPU: 72.28%, Avg App MEM: 24.70 MB
[Autoscaler]In cooldown: 14.999537417999818
[DEBUG Orchestrator] Iteration Start. Instances Before Injector Logic: 2, Prev Injector Logic Instances: 2, Attack Started Flag: True, Normal Traffic Started Flag: True
[DEBUG Orchestrator] URLs derived for injector (if active): ['http://localhost:8080', 'http://localhost:8081']
[Sniffer] Label set to: benign
[DEBUG Orchestrator] Should attack be active now? True (window: 20s-160s)
[DEBUG Orchestrator] End of Iteration. previous_num_instances_for_injector_logic updated to: 2
[DEGUG Orchestrator Loop Duration] Loop Duration = 2535.226086919
[Sniffer] Label set to: benign

--- Iteration 8 | Time: 35.0s / 180s ---
[Orchestrator]RTT = 34.3661268333714
[Orchestrator] Metrics: 2 active instance(s), Avg CPU: 28.36%, Avg App MEM: 23.09 MB
[Autoscaler]In cooldown: 9.999885721999817
[DEBUG Orchestrator] Iteration Start. Instances Before Injector Logic: 2, Prev Injector Logic Instances: 2, Attack Started Flag: True, Normal Traffic Started Flag: True
[DEBUG Orchestrator] URLs derived for injector (if active): ['http://localhost:8080', 'http://localhost:8081']
[Sniffer] Label set to: benign
[DEBUG Orchestrator] Should attack be active now? True (window: 20s-160s)
[DEBUG Orchestrator] End of Iteration. previous_num_instances_for_injector_logic updated to: 2
[DEGUG Orchestrator Loop Duration] Loop Duration = 2540.226086919
[Sniffer] Label set to: benign

--- Iteration 9 | Time: 40.0s / 180s ---
[Orchestrator]RTT = 40.187594750000244
[Orchestrator] Metrics: 2 active instance(s), Avg CPU: 17.28%, Avg App MEM: 22.89 MB
[Autoscaler]In cooldown: 4.999186663999808
[DEBUG Orchestrator] Iteration Start. Instances Before Injector Logic: 2, Prev Injector Logic Instances: 2, Attack Started Flag: True, Normal Traffic Started Flag: True
[DEBUG Orchestrator] URLs derived for injector (if active): ['http://localhost:8080', 'http://localhost:8081']
[Sniffer] Label set to: benign
[DEBUG Orchestrator] Should attack be active now? True (window: 20s-160s)
[DEBUG Orchestrator] End of Iteration. previous_num_instances_for_injector_logic updated to: 2
[DEGUG Orchestrator Loop Duration] Loop Duration = 2545.226086919
[Sniffer] Label set to: benign

--- Iteration 10 | Time: 45.0s / 180s ---
[Orchestrator]RTT = 46.970799285645626
[Orchestrator] Metrics: 2 active instance(s), Avg CPU: 34.91%, Avg App MEM: 23.53 MB
[Autoscaler] Decision: NO_ACTION. Avg CPU: 34.91% is within thresholds (25.0% - 60.0%).
[DEBUG Orchestrator] Iteration Start. Instances Before Injector Logic: 2, Prev Injector Logic Instances: 2, Attack Started Flag: True, Normal Traffic Started Flag: True
[DEBUG Orchestrator] URLs derived for injector (if active): ['http://localhost:8080', 'http://localhost:8081']
[Sniffer] Label set to: benign
[DEBUG Orchestrator] Should attack be active now? True (window: 20s-160s)
[DEBUG Orchestrator] End of Iteration. previous_num_instances_for_injector_logic updated to: 2
[DEGUG Orchestrator Loop Duration] Loop Duration = 2550.226086919
[Sniffer] Label set to: benign

--- Iteration 11 | Time: 50.0s / 180s ---
[Orchestrator]RTT = 30.96038881255936
[Orchestrator] Metrics: 2 active instance(s), Avg CPU: 25.30%, Avg App MEM: 23.43 MB
[Autoscaler] Decision: NO_ACTION. Avg CPU: 25.30% is within thresholds (25.0% - 60.0%).
[DEBUG Orchestrator] Iteration Start. Instances Before Injector Logic: 2, Prev Injector Logic Instances: 2, Attack Started Flag: True, Normal Traffic Started Flag: True
[DEBUG Orchestrator] URLs derived for injector (if active): ['http://localhost:8080', 'http://localhost:8081']
[Sniffer] Label set to: benign
[DEBUG Orchestrator] Should attack be active now? True (window: 20s-160s)
[DEBUG Orchestrator] End of Iteration. previous_num_instances_for_injector_logic updated to: 2
[DEGUG Orchestrator Loop Duration] Loop Duration = 2555.226086919
[Sniffer] Label set to: benign

--- Iteration 12 | Time: 55.0s / 180s ---
[Orchestrator]RTT = 37.602874916691086
[Orchestrator] Metrics: 2 active instance(s), Avg CPU: 34.60%, Avg App MEM: 23.57 MB
[Autoscaler] Decision: NO_ACTION. Avg CPU: 34.60% is within thresholds (25.0% - 60.0%).
[DEBUG Orchestrator] Iteration Start. Instances Before Injector Logic: 2, Prev Injector Logic Instances: 2, Attack Started Flag: True, Normal Traffic Started Flag: True
[DEBUG Orchestrator] URLs derived for injector (if active): ['http://localhost:8080', 'http://localhost:8081']
[Sniffer] Label set to: benign
[DEBUG Orchestrator] Should attack be active now? True (window: 20s-160s)
[DEBUG Orchestrator] End of Iteration. previous_num_instances_for_injector_logic updated to: 2
[DEGUG Orchestrator Loop Duration] Loop Duration = 2560.226086919
[Sniffer] Label set to: benign

--- Iteration 13 | Time: 60.0s / 180s ---
[Orchestrator]RTT = 29.757097307677984
[Orchestrator] Metrics: 2 active instance(s), Avg CPU: 34.91%, Avg App MEM: 24.01 MB
[Autoscaler] Decision: NO_ACTION. Avg CPU: 34.91% is within thresholds (25.0% - 60.0%).
[DEBUG Orchestrator] Iteration Start. Instances Before Injector Logic: 2, Prev Injector Logic Instances: 2, Attack Started Flag: True, Normal Traffic Started Flag: True
[DEBUG Orchestrator] URLs derived for injector (if active): ['http://localhost:8080', 'http://localhost:8081']
[Sniffer] Label set to: benign
[DEBUG Orchestrator] Should attack be active now? True (window: 20s-160s)
[DEBUG Orchestrator] End of Iteration. previous_num_instances_for_injector_logic updated to: 2
[DEGUG Orchestrator Loop Duration] Loop Duration = 2565.226086919
[Sniffer] Label set to: benign

--- Iteration 14 | Time: 65.0s / 180s ---
[Orchestrator]RTT = 38.632807357219335
[Orchestrator] Metrics: 2 active instance(s), Avg CPU: 17.40%, Avg App MEM: 23.48 MB
[Autoscaler] Decision: SCALE_DOWN. Avg CPU: 17.40% < 25.0%. Current instances: 2, Min: 1
[Orchestrator] Action: Scaling DOWN from 2 instance(s). Stopping target_instance_2.
Attempting to stop and remove container target_instance_2...
Container target_instance_2 stopped and removed.
[Orchestrator] Successfully stopped target_instance_2. Now 1 instance(s).
[Autoscaler] Scale action recorded. New instance count: 1. Cooldown timer reset.
[DEBUG Orchestrator] Iteration Start. Instances Before Injector Logic: 1, Prev Injector Logic Instances: 2, Attack Started Flag: True, Normal Traffic Started Flag: True
[DEBUG Orchestrator] URLs derived for injector (if active): ['http://localhost:8080']
[Sniffer] Label set to: benign
[DEBUG Orchestrator] Should attack be active now? True (window: 20s-160s)
[DEBUG Orchestrator] Condition: Needs to RESTART attack (num instances changed from 2 to 1 AND attack was active).
[Orchestrator] Attack active and restart needed. Stopping current traffic injector...
[Injector] Signaling HTTP flood workers to stop...
[Injector] Stop signal sent (non-blocking).
[DEBUG Orchestrator] Called stop_http_flood. Sleeping for 1s...
  [Injector Worker 127172706563776] Stopped. Total requests: 30, Errors: 0
  [Injector Worker 127172656207552] Stopped. Total requests: 20, Errors: 0
  [Injector Worker 127172681385664] Stopped. Total requests: 23, Errors: 1
  [Injector Worker 127172807210688] Stopped. Total requests: 28, Errors: 0
[DEBUG Orchestrator] Resuming after sleep.
[Orchestrator] Starting/Restarting HTTP flood. Target URLs for this call: ['http://localhost:8080']
[Injector] Starting HTTP flood with 4 attackers, ~2.0 RPS total, across 1 targets: http://localhost:8080
  [Injector Worker 127172807210688] Started. Target: http://localhost:8080?work=100000&sleep=0.0, RPS: 0.50, Mean interval: 2.0000s (Poisson)
  [Injector Worker 127172681385664] Started. Target: http://localhost:8080?work=100000&sleep=0.0, RPS: 0.50, Mean interval: 2.0000s (Poisson)
  [Injector Worker 127172656207552] Started. Target: http://localhost:8080?work=100000&sleep=0.0, RPS: 0.50, Mean interval: 2.0000s (Poisson)
  [Injector Worker 127172706563776] Started. Target: http://localhost:8080?work=100000&sleep=0.0, RPS: 0.50, Mean interval: 2.0000s (Poisson)
[Injector] All 4 attacker threads launched.
[Sniffer] Label set to: attack
[DEBUG Orchestrator] attack_has_started flag set to TRUE.
[DEBUG Orchestrator] End of Iteration. previous_num_instances_for_injector_logic updated to: 1
[DEGUG Orchestrator Loop Duration] Loop Duration = 2570.226086919
[Orchestrator] Warning: Loop iteration took longer than MONITOR_INTERVAL_SECONDS (5s). Not sleeping.
[Sniffer] Label set to: benign

--- Iteration 15 | Time: 72.1s / 180s ---
[Orchestrator]RTT = 34.72707616669545
[Orchestrator] Metrics: 1 active instance(s), Avg CPU: 56.41%, Avg App MEM: 25.02 MB
[Autoscaler]In cooldown: 12.875626496999757
[DEBUG Orchestrator] Iteration Start. Instances Before Injector Logic: 1, Prev Injector Logic Instances: 1, Attack Started Flag: True, Normal Traffic Started Flag: True
[DEBUG Orchestrator] URLs derived for injector (if active): ['http://localhost:8080']
[Sniffer] Label set to: benign
[DEBUG Orchestrator] Should attack be active now? True (window: 20s-160s)
[DEBUG Orchestrator] End of Iteration. previous_num_instances_for_injector_logic updated to: 1
[DEGUG Orchestrator Loop Duration] Loop Duration = 2575.226086919
[Sniffer] Label set to: benign

--- Iteration 16 | Time: 75.0s / 180s ---
[Orchestrator]RTT = 49.286300111109284
[Orchestrator] Metrics: 1 active instance(s), Avg CPU: 60.33%, Avg App MEM: 24.98 MB
[Autoscaler]In cooldown: 10.002107217999765
[DEBUG Orchestrator] Iteration Start. Instances Before Injector Logic: 1, Prev Injector Logic Instances: 1, Attack Started Flag: True, Normal Traffic Started Flag: True
[DEBUG Orchestrator] URLs derived for injector (if active): ['http://localhost:8080']
[Sniffer] Label set to: benign
[DEBUG Orchestrator] Should attack be active now? True (window: 20s-160s)
[DEBUG Orchestrator] End of Iteration. previous_num_instances_for_injector_logic updated to: 1
[DEGUG Orchestrator Loop Duration] Loop Duration = 2580.226086919
[Sniffer] Label set to: benign

--- Iteration 17 | Time: 80.0s / 180s ---
[Orchestrator]RTT = 29.887062200077708
[Orchestrator] Metrics: 1 active instance(s), Avg CPU: 45.58%, Avg App MEM: 24.98 MB
[Autoscaler]In cooldown: 5.001041714999701
[DEBUG Orchestrator] Iteration Start. Instances Before Injector Logic: 1, Prev Injector Logic Instances: 1, Attack Started Flag: True, Normal Traffic Started Flag: True
[DEBUG Orchestrator] URLs derived for injector (if active): ['http://localhost:8080']
[Sniffer] Label set to: benign
[DEBUG Orchestrator] Should attack be active now? True (window: 20s-160s)
[DEBUG Orchestrator] End of Iteration. previous_num_instances_for_injector_logic updated to: 1
[DEGUG Orchestrator Loop Duration] Loop Duration = 2585.226086919
[Sniffer] Label set to: benign

--- Iteration 18 | Time: 85.0s / 180s ---
[Orchestrator]RTT = 43.6814032856481
[Orchestrator] Metrics: 1 active instance(s), Avg CPU: 49.68%, Avg App MEM: 25.44 MB
[Autoscaler] Decision: NO_ACTION. Avg CPU: 49.68% is within thresholds (25.0% - 60.0%).
[DEBUG Orchestrator] Iteration Start. Instances Before Injector Logic: 1, Prev Injector Logic Instances: 1, Attack Started Flag: True, Normal Traffic Started Flag: True
[DEBUG Orchestrator] URLs derived for injector (if active): ['http://localhost:8080']
[Sniffer] Label set to: benign
[DEBUG Orchestrator] Should attack be active now? True (window: 20s-160s)
[DEBUG Orchestrator] End of Iteration. previous_num_instances_for_injector_logic updated to: 1
[DEGUG Orchestrator Loop Duration] Loop Duration = 2590.226086919
[Sniffer] Label set to: benign

--- Iteration 19 | Time: 90.0s / 180s ---
[Orchestrator]RTT = 35.72331815380144
[Orchestrator] Metrics: 1 active instance(s), Avg CPU: 51.61%, Avg App MEM: 25.43 MB
[Autoscaler] Decision: NO_ACTION. Avg CPU: 51.61% is within thresholds (25.0% - 60.0%).
[DEBUG Orchestrator] Iteration Start. Instances Before Injector Logic: 1, Prev Injector Logic Instances: 1, Attack Started Flag: True, Normal Traffic Started Flag: True
[DEBUG Orchestrator] URLs derived for injector (if active): ['http://localhost:8080']
[Sniffer] Label set to: benign
[DEBUG Orchestrator] Should attack be active now? True (window: 20s-160s)
[DEBUG Orchestrator] End of Iteration. previous_num_instances_for_injector_logic updated to: 1
[DEGUG Orchestrator Loop Duration] Loop Duration = 2595.226086919
[Sniffer] Label set to: benign

--- Iteration 20 | Time: 95.0s / 180s ---
[Orchestrator]RTT = 38.2833676316008
[Orchestrator] Metrics: 1 active instance(s), Avg CPU: 63.71%, Avg App MEM: 24.95 MB
[Autoscaler] Decision: SCALE_UP. Avg CPU: 63.71% > 60.0%. Current instances: 1, Max: 4
[Orchestrator] Action: Scaling UP from 1 instance(s). Attempting to start instance 3.
Attempting to start container target_instance_3 mapping container:80 to host:8082...
Container 8df80783a3 (target_instance_3) started. Accessible on host port 8082.
[Orchestrator] Successfully started target_instance_3. Now 2 instance(s).
[Autoscaler] Scale action recorded. New instance count: 2. Cooldown timer reset.
[DEBUG Orchestrator] Iteration Start. Instances Before Injector Logic: 2, Prev Injector Logic Instances: 1, Attack Started Flag: True, Normal Traffic Started Flag: True
[DEBUG Orchestrator] URLs derived for injector (if active): ['http://localhost:8080', 'http://localhost:8082']
[Sniffer] Label set to: benign
[DEBUG Orchestrator] Should attack be active now? True (window: 20s-160s)
[DEBUG Orchestrator] Condition: Needs to RESTART attack (num instances changed from 1 to 2 AND attack was active).
[Orchestrator] Attack active and restart needed. Stopping current traffic injector...
[Injector] Signaling HTTP flood workers to stop...
  [Injector Worker 127172790425280] Stopped. Total requests: 35, Errors: 0
[Injector] Stop signal sent (non-blocking).
[DEBUG Orchestrator] Called stop_http_flood. Sleeping for 1s...
  [Injector Worker 127172656207552] Stopped. Total requests: 13, Errors: 0
  [Injector Worker 127172706563776] Stopped. Total requests: 12, Errors: 0
[DEBUG Orchestrator] Resuming after sleep.
[Orchestrator] Starting/Restarting HTTP flood. Target URLs for this call: ['http://localhost:8080', 'http://localhost:8082']
[Injector] Starting HTTP flood with 4 attackers, ~2.0 RPS total, across 2 targets: http://localhost:8080, http://localhost:8082
  [Injector Worker 127172706563776] Started. Target: http://localhost:8080?work=100000&sleep=0.0, RPS: 0.50, Mean interval: 2.0000s (Poisson)
  [Injector Worker 127172656207552] Started. Target: http://localhost:8082?work=100000&sleep=0.0, RPS: 0.50, Mean interval: 2.0000s (Poisson)
  [Injector Worker 127172790425280] Started. Target: http://localhost:8080?work=100000&sleep=0.0, RPS: 0.50, Mean interval: 2.0000s (Poisson)
  [Injector Worker 127172639422144] Started. Target: http://localhost:8082?work=100000&sleep=0.0, RPS: 0.50, Mean interval: 2.0000s (Poisson)
[Injector] All 4 attacker threads launched.
[Sniffer] Label set to: attack
[DEBUG Orchestrator] attack_has_started flag set to TRUE.
[DEBUG Orchestrator] End of Iteration. previous_num_instances_for_injector_logic updated to: 2
[DEGUG Orchestrator Loop Duration] Loop Duration = 2600.226086919
[Sniffer] Label set to: benign

--- Iteration 21 | Time: 100.0s / 180s ---
[Orchestrator]RTT = 50.773496099986914
[Orchestrator] Metrics: 2 active instance(s), Avg CPU: 47.22%, Avg App MEM: 24.01 MB
[Autoscaler]In cooldown: 14.99884394899982
[DEBUG Orchestrator] Iteration Start. Instances Before Injector Logic: 2, Prev Injector Logic Instances: 2, Attack Started Flag: True, Normal Traffic Started Flag: True
[DEBUG Orchestrator] URLs derived for injector (if active): ['http://localhost:8080', 'http://localhost:8082']
[Sniffer] Label set to: benign
[DEBUG Orchestrator] Should attack be active now? True (window: 20s-160s)
[DEBUG Orchestrator] End of Iteration. previous_num_instances_for_injector_logic updated to: 2
[DEGUG Orchestrator Loop Duration] Loop Duration = 2605.226086919
[Sniffer] Label set to: benign

--- Iteration 22 | Time: 105.0s / 180s ---
[Orchestrator]RTT = 29.37796954550074
[Orchestrator] Metrics: 2 active instance(s), Avg CPU: 24.62%, Avg App MEM: 23.25 MB
[Autoscaler]In cooldown: 10.000105582999822
[DEBUG Orchestrator] Iteration Start. Instances Before Injector Logic: 2, Prev Injector Logic Instances: 2, Attack Started Flag: True, Normal Traffic Started Flag: True
[DEBUG Orchestrator] URLs derived for injector (if active): ['http://localhost:8080', 'http://localhost:8082']
[Sniffer] Label set to: benign
[DEBUG Orchestrator] Should attack be active now? True (window: 20s-160s)
[DEBUG Orchestrator] End of Iteration. previous_num_instances_for_injector_logic updated to: 2
[DEGUG Orchestrator Loop Duration] Loop Duration = 2610.226086919
[Sniffer] Label set to: benign

--- Iteration 23 | Time: 110.0s / 180s ---
[Orchestrator]RTT = 32.09347206248481
[Orchestrator] Metrics: 2 active instance(s), Avg CPU: 20.34%, Avg App MEM: 22.75 MB
[Autoscaler]In cooldown: 4.9993312689998675
[DEBUG Orchestrator] Iteration Start. Instances Before Injector Logic: 2, Prev Injector Logic Instances: 2, Attack Started Flag: True, Normal Traffic Started Flag: True
[DEBUG Orchestrator] URLs derived for injector (if active): ['http://localhost:8080', 'http://localhost:8082']
[Sniffer] Label set to: benign
[DEBUG Orchestrator] Should attack be active now? True (window: 20s-160s)
[DEBUG Orchestrator] End of Iteration. previous_num_instances_for_injector_logic updated to: 2
[DEGUG Orchestrator Loop Duration] Loop Duration = 2615.226086919
[Sniffer] Label set to: benign

--- Iteration 24 | Time: 115.0s / 180s ---
[Orchestrator]RTT = 40.60122131249955
[Orchestrator] Metrics: 2 active instance(s), Avg CPU: 40.29%, Avg App MEM: 23.26 MB
[Autoscaler] Decision: NO_ACTION. Avg CPU: 40.29% is within thresholds (25.0% - 60.0%).
[DEBUG Orchestrator] Iteration Start. Instances Before Injector Logic: 2, Prev Injector Logic Instances: 2, Attack Started Flag: True, Normal Traffic Started Flag: True
[DEBUG Orchestrator] URLs derived for injector (if active): ['http://localhost:8080', 'http://localhost:8082']
[Sniffer] Label set to: benign
[DEBUG Orchestrator] Should attack be active now? True (window: 20s-160s)
[DEBUG Orchestrator] End of Iteration. previous_num_instances_for_injector_logic updated to: 2
[DEGUG Orchestrator Loop Duration] Loop Duration = 2620.226086919
[Sniffer] Label set to: benign

--- Iteration 25 | Time: 120.0s / 180s ---
[Orchestrator]RTT = 42.30260489475768
[Orchestrator] Metrics: 2 active instance(s), Avg CPU: 28.54%, Avg App MEM: 23.39 MB
[Autoscaler] Decision: NO_ACTION. Avg CPU: 28.54% is within thresholds (25.0% - 60.0%).
[DEBUG Orchestrator] Iteration Start. Instances Before Injector Logic: 2, Prev Injector Logic Instances: 2, Attack Started Flag: True, Normal Traffic Started Flag: True
[DEBUG Orchestrator] URLs derived for injector (if active): ['http://localhost:8080', 'http://localhost:8082']
[Sniffer] Label set to: benign
[DEBUG Orchestrator] Should attack be active now? True (window: 20s-160s)
[DEBUG Orchestrator] End of Iteration. previous_num_instances_for_injector_logic updated to: 2
[DEGUG Orchestrator Loop Duration] Loop Duration = 2625.226086919
[Sniffer] Label set to: benign

--- Iteration 26 | Time: 125.0s / 180s ---
[Orchestrator]RTT = 30.203503555589528
[Orchestrator] Metrics: 2 active instance(s), Avg CPU: 30.04%, Avg App MEM: 23.87 MB
[Autoscaler] Decision: NO_ACTION. Avg CPU: 30.04% is within thresholds (25.0% - 60.0%).
[DEBUG Orchestrator] Iteration Start. Instances Before Injector Logic: 2, Prev Injector Logic Instances: 2, Attack Started Flag: True, Normal Traffic Started Flag: True
[DEBUG Orchestrator] URLs derived for injector (if active): ['http://localhost:8080', 'http://localhost:8082']
[Sniffer] Label set to: benign
[DEBUG Orchestrator] Should attack be active now? True (window: 20s-160s)
[DEBUG Orchestrator] End of Iteration. previous_num_instances_for_injector_logic updated to: 2
[DEGUG Orchestrator Loop Duration] Loop Duration = 2630.226086919
[Sniffer] Label set to: benign

--- Iteration 27 | Time: 130.0s / 180s ---
[Orchestrator]RTT = 29.621631062525466
[Orchestrator] Metrics: 2 active instance(s), Avg CPU: 24.25%, Avg App MEM: 23.27 MB
[Autoscaler] Decision: SCALE_DOWN. Avg CPU: 24.25% < 25.0%. Current instances: 2, Min: 1
[Orchestrator] Action: Scaling DOWN from 2 instance(s). Stopping target_instance_3.
Attempting to stop and remove container target_instance_3...
Container target_instance_3 stopped and removed.
[Orchestrator] Successfully stopped target_instance_3. Now 1 instance(s).
[Autoscaler] Scale action recorded. New instance count: 1. Cooldown timer reset.
[DEBUG Orchestrator] Iteration Start. Instances Before Injector Logic: 1, Prev Injector Logic Instances: 2, Attack Started Flag: True, Normal Traffic Started Flag: True
[DEBUG Orchestrator] URLs derived for injector (if active): ['http://localhost:8080']
[Sniffer] Label set to: benign
[DEBUG Orchestrator] Should attack be active now? True (window: 20s-160s)
[DEBUG Orchestrator] Condition: Needs to RESTART attack (num instances changed from 2 to 1 AND attack was active).
[Orchestrator] Attack active and restart needed. Stopping current traffic injector...
[Injector] Signaling HTTP flood workers to stop...
  [Injector Worker 127172706563776] Stopped. Total requests: 17, Errors: 0
  [Injector Worker 127172647814848] Stopped. Total requests: 22, Errors: 39
[Injector] Stop signal sent (non-blocking).
[DEBUG Orchestrator] Called stop_http_flood. Sleeping for 1s...
  [Injector Worker 127172681385664] Stopped. Total requests: 29, Errors: 0
[DEBUG Orchestrator] Resuming after sleep.
[Orchestrator] Starting/Restarting HTTP flood. Target URLs for this call: ['http://localhost:8080']
[Injector] Starting HTTP flood with 4 attackers, ~2.0 RPS total, across 1 targets: http://localhost:8080
  [Injector Worker 127172681385664] Started. Target: http://localhost:8080?work=100000&sleep=0.0, RPS: 0.50, Mean interval: 2.0000s (Poisson)
  [Injector Worker 127172647814848] Started. Target: http://localhost:8080?work=100000&sleep=0.0, RPS: 0.50, Mean interval: 2.0000s (Poisson)
  [Injector Worker 127172706563776] Started. Target: http://localhost:8080?work=100000&sleep=0.0, RPS: 0.50, Mean interval: 2.0000s (Poisson)
  [Injector Worker 127172631029440] Started. Target: http://localhost:8080?work=100000&sleep=0.0, RPS: 0.50, Mean interval: 2.0000s (Poisson)
[Injector] All 4 attacker threads launched.
[Sniffer] Label set to: attack
[DEBUG Orchestrator] attack_has_started flag set to TRUE.
[DEBUG Orchestrator] End of Iteration. previous_num_instances_for_injector_logic updated to: 1
[DEGUG Orchestrator Loop Duration] Loop Duration = 2635.226086919
[Orchestrator] Warning: Loop iteration took longer than MONITOR_INTERVAL_SECONDS (5s). Not sleeping.
[Sniffer] Label set to: benign

--- Iteration 28 | Time: 137.1s / 180s ---
[Orchestrator]RTT = 31.983939909092772
[Orchestrator] Metrics: 1 active instance(s), Avg CPU: 42.99%, Avg App MEM: 25.04 MB
[Autoscaler]In cooldown: 12.920397092000258
[DEBUG Orchestrator] Iteration Start. Instances Before Injector Logic: 1, Prev Injector Logic Instances: 1, Attack Started Flag: True, Normal Traffic Started Flag: True
[DEBUG Orchestrator] URLs derived for injector (if active): ['http://localhost:8080']
[Sniffer] Label set to: benign
[DEBUG Orchestrator] Should attack be active now? True (window: 20s-160s)
[DEBUG Orchestrator] End of Iteration. previous_num_instances_for_injector_logic updated to: 1
[DEGUG Orchestrator Loop Duration] Loop Duration = 2640.226086919
[Sniffer] Label set to: benign

--- Iteration 29 | Time: 140.0s / 180s ---
[Orchestrator]RTT = 50.45635669994226
[Orchestrator] Metrics: 1 active instance(s), Avg CPU: 56.66%, Avg App MEM: 24.91 MB
[Autoscaler]In cooldown: 10.003158262999932
[DEBUG Orchestrator] Iteration Start. Instances Before Injector Logic: 1, Prev Injector Logic Instances: 1, Attack Started Flag: True, Normal Traffic Started Flag: True
[DEBUG Orchestrator] URLs derived for injector (if active): ['http://localhost:8080']
[Sniffer] Label set to: benign
[DEBUG Orchestrator] Should attack be active now? True (window: 20s-160s)
[DEBUG Orchestrator] End of Iteration. previous_num_instances_for_injector_logic updated to: 1
[DEGUG Orchestrator Loop Duration] Loop Duration = 2645.226086919
[Sniffer] Label set to: benign

--- Iteration 30 | Time: 145.0s / 180s ---
[Orchestrator]RTT = 31.492902866648365
[Orchestrator] Metrics: 1 active instance(s), Avg CPU: 52.78%, Avg App MEM: 25.12 MB
[Autoscaler]In cooldown: 5.003101687000253
[DEBUG Orchestrator] Iteration Start. Instances Before Injector Logic: 1, Prev Injector Logic Instances: 1, Attack Started Flag: True, Normal Traffic Started Flag: True
[DEBUG Orchestrator] URLs derived for injector (if active): ['http://localhost:8080']
[Sniffer] Label set to: benign
[DEBUG Orchestrator] Should attack be active now? True (window: 20s-160s)
[DEBUG Orchestrator] End of Iteration. previous_num_instances_for_injector_logic updated to: 1
[DEGUG Orchestrator Loop Duration] Loop Duration = 2650.226086919
[Sniffer] Label set to: benign

--- Iteration 31 | Time: 150.0s / 180s ---
[Orchestrator]RTT = 34.93527515383203
[Orchestrator] Metrics: 1 active instance(s), Avg CPU: 43.76%, Avg App MEM: 25.37 MB
[Autoscaler] Decision: NO_ACTION. Avg CPU: 43.76% is within thresholds (25.0% - 60.0%).
[DEBUG Orchestrator] Iteration Start. Instances Before Injector Logic: 1, Prev Injector Logic Instances: 1, Attack Started Flag: True, Normal Traffic Started Flag: True
[DEBUG Orchestrator] URLs derived for injector (if active): ['http://localhost:8080']
[Sniffer] Label set to: benign
[DEBUG Orchestrator] Should attack be active now? True (window: 20s-160s)
[DEBUG Orchestrator] End of Iteration. previous_num_instances_for_injector_logic updated to: 1
[DEGUG Orchestrator Loop Duration] Loop Duration = 2655.226086919
[Sniffer] Label set to: benign

--- Iteration 32 | Time: 155.0s / 180s ---
[Orchestrator]RTT = 41.06222852631522
[Orchestrator] Metrics: 1 active instance(s), Avg CPU: 63.78%, Avg App MEM: 25.00 MB
[Autoscaler] Decision: SCALE_UP. Avg CPU: 63.78% > 60.0%. Current instances: 1, Max: 4
[Orchestrator] Action: Scaling UP from 1 instance(s). Attempting to start instance 4.
Attempting to start container target_instance_4 mapping container:80 to host:8083...
Container 6a899e5d41 (target_instance_4) started. Accessible on host port 8083.
[Orchestrator] Successfully started target_instance_4. Now 2 instance(s).
[Autoscaler] Scale action recorded. New instance count: 2. Cooldown timer reset.
[DEBUG Orchestrator] Iteration Start. Instances Before Injector Logic: 2, Prev Injector Logic Instances: 1, Attack Started Flag: True, Normal Traffic Started Flag: True
[DEBUG Orchestrator] URLs derived for injector (if active): ['http://localhost:8080', 'http://localhost:8083']
[Sniffer] Label set to: benign
[DEBUG Orchestrator] Should attack be active now? True (window: 20s-160s)
[DEBUG Orchestrator] Condition: Needs to RESTART attack (num instances changed from 1 to 2 AND attack was active).
[Orchestrator] Attack active and restart needed. Stopping current traffic injector...
[Injector] Signaling HTTP flood workers to stop...
  [Injector Worker 127172656207552] Stopped. Total requests: 17, Errors: 9
  [Injector Worker 127172639422144] Stopped. Total requests: 20, Errors: 13
  [Injector Worker 127172807210688] Stopped. Total requests: 40, Errors: 0
[Injector] Stop signal sent (non-blocking).
[DEBUG Orchestrator] Called stop_http_flood. Sleeping for 1s...
  [Injector Worker 127172790425280] Stopped. Total requests: 32, Errors: 0
  [Injector Worker 127172706563776] Stopped. Total requests: 6, Errors: 0
  [Injector Worker 127172647814848] Stopped. Total requests: 15, Errors: 0
[DEBUG Orchestrator] Resuming after sleep.
[Orchestrator] Starting/Restarting HTTP flood. Target URLs for this call: ['http://localhost:8080', 'http://localhost:8083']
[Injector] Starting HTTP flood with 4 attackers, ~2.0 RPS total, across 2 targets: http://localhost:8080, http://localhost:8083
  [Injector Worker 127172647814848] Started. Target: http://localhost:8080?work=100000&sleep=0.0, RPS: 0.50, Mean interval: 2.0000s (Poisson)
  [Injector Worker 127172706563776] Started. Target: http://localhost:8083?work=100000&sleep=0.0, RPS: 0.50, Mean interval: 2.0000s (Poisson)
  [Injector Worker 127172790425280] Started. Target: http://localhost:8080?work=100000&sleep=0.0, RPS: 0.50, Mean interval: 2.0000s (Poisson)
  [Injector Worker 127172807210688] Started. Target: http://localhost:8083?work=100000&sleep=0.0, RPS: 0.50, Mean interval: 2.0000s (Poisson)
[Injector] All 4 attacker threads launched.
[Sniffer] Label set to: attack
[DEBUG Orchestrator] attack_has_started flag set to TRUE.
[DEBUG Orchestrator] End of Iteration. previous_num_instances_for_injector_logic updated to: 2
[DEGUG Orchestrator Loop Duration] Loop Duration = 2660.226086919
[Sniffer] Label set to: benign

--- Iteration 33 | Time: 160.0s / 180s ---
[Orchestrator]RTT = 59.99642605887429
[Orchestrator] Metrics: 2 active instance(s), Avg CPU: 71.27%, Avg App MEM: 25.34 MB
[Autoscaler]In cooldown: 14.999778516999868
[DEBUG Orchestrator] Iteration Start. Instances Before Injector Logic: 2, Prev Injector Logic Instances: 2, Attack Started Flag: True, Normal Traffic Started Flag: True
[DEBUG Orchestrator] URLs derived for injector (if active): ['http://localhost:8080', 'http://localhost:8083']
[Sniffer] Label set to: benign
[DEBUG Orchestrator] Should attack be active now? False (window: 20s-160s)
[Orchestrator] Attack duration ended or outside schedule. Stopping HTTP flood.
[Injector] Signaling HTTP flood workers to stop...
[Injector] Stop signal sent (non-blocking).
[DEBUG Orchestrator] attack_has_started flag set to FALSE (attack period ended).
[DEBUG Orchestrator] End of Iteration. previous_num_instances_for_injector_logic updated to: 2
[DEGUG Orchestrator Loop Duration] Loop Duration = 2665.226086919
  [Injector Worker 127172706563776] Stopped. Total requests: 3, Errors: 0
  [Injector Worker 127172807210688] Stopped. Total requests: 3, Errors: 0
  [Injector Worker 127172631029440] Stopped. Total requests: 15, Errors: 0
  [Injector Worker 127172681385664] Stopped. Total requests: 13, Errors: 0
  [Injector Worker 127172790425280] Stopped. Total requests: 2, Errors: 0
  [Injector Worker 127172647814848] Stopped. Total requests: 4, Errors: 0
[Sniffer] Label set to: benign

--- Iteration 34 | Time: 165.0s / 180s ---
[Orchestrator]RTT = 34.19106094848583
[Orchestrator] Metrics: 2 active instance(s), Avg CPU: 22.25%, Avg App MEM: 23.15 MB
[Autoscaler]In cooldown: 9.998904467000102
[DEBUG Orchestrator] Iteration Start. Instances Before Injector Logic: 2, Prev Injector Logic Instances: 2, Attack Started Flag: False, Normal Traffic Started Flag: True
[DEBUG Orchestrator] URLs derived for injector (if active): ['http://localhost:8080', 'http://localhost:8083']
[Sniffer] Label set to: benign
[DEBUG Orchestrator] Should attack be active now? False (window: 20s-160s)
[DEBUG Orchestrator] End of Iteration. previous_num_instances_for_injector_logic updated to: 2
[DEGUG Orchestrator Loop Duration] Loop Duration = 2670.226086919
[Sniffer] Label set to: benign

--- Iteration 35 | Time: 170.0s / 180s ---
[Orchestrator]RTT = 34.14244800917521
[Orchestrator] Metrics: 2 active instance(s), Avg CPU: 15.12%, Avg App MEM: 22.26 MB
[Autoscaler]In cooldown: 4.998530660000142
[DEBUG Orchestrator] Iteration Start. Instances Before Injector Logic: 2, Prev Injector Logic Instances: 2, Attack Started Flag: False, Normal Traffic Started Flag: True
[DEBUG Orchestrator] URLs derived for injector (if active): ['http://localhost:8080', 'http://localhost:8083']
[Sniffer] Label set to: benign
[DEBUG Orchestrator] Should attack be active now? False (window: 20s-160s)
[DEBUG Orchestrator] End of Iteration. previous_num_instances_for_injector_logic updated to: 2
[DEGUG Orchestrator Loop Duration] Loop Duration = 2675.226086919
[Sniffer] Label set to: benign

--- Iteration 36 | Time: 175.0s / 180s ---
[Orchestrator]RTT = 35.607250326652846
[Orchestrator] Metrics: 2 active instance(s), Avg CPU: 23.77%, Avg App MEM: 22.92 MB
[Autoscaler] Decision: SCALE_DOWN. Avg CPU: 23.77% < 25.0%. Current instances: 2, Min: 1
[Orchestrator] Action: Scaling DOWN from 2 instance(s). Stopping target_instance_4.
Attempting to stop and remove container target_instance_4...
Container target_instance_4 stopped and removed.
[Orchestrator] Successfully stopped target_instance_4. Now 1 instance(s).
[Autoscaler] Scale action recorded. New instance count: 1. Cooldown timer reset.
[DEBUG Orchestrator] Iteration Start. Instances Before Injector Logic: 1, Prev Injector Logic Instances: 2, Attack Started Flag: False, Normal Traffic Started Flag: True
[DEBUG Orchestrator] URLs derived for injector (if active): ['http://localhost:8080']
[Sniffer] Label set to: benign
[DEBUG Orchestrator] Should attack be active now? False (window: 20s-160s)
[DEBUG Orchestrator] End of Iteration. previous_num_instances_for_injector_logic updated to: 1
[DEGUG Orchestrator Loop Duration] Loop Duration = 2680.226086919
[Orchestrator] Warning: Loop iteration took longer than MONITOR_INTERVAL_SECONDS (5s). Not sleeping.

[Orchestrator] Simulation duration reached.
[Orchestrator] Saving RTT log...
[Sniffer] Realtime tcpdump stopped.
[Orchestrator] Stopping normal traffic...
[Normal_Injector] Signaling workers to stop...
  [Normal_Injector Worker 127177370613440] Stopped. Total requests: 8558, Errors: 0
  [Normal_Injector Worker 127177619031744] Stopped. Total requests: 8773, Errors: 0
  [Normal_Injector Worker 127177395791552] Stopped. Total requests: 8925, Errors: 0
  [Normal_Injector Worker 127177387398848] Stopped. Total requests: 8734, Errors: 0
[Normal_Injector] Stop signal sent (non-blocking).
[Orchestrator] Cleaning up all simulation instances...
Cleaning up all simulation instances...
Stopping and removing container: target_instance_1 (32448735b5)...
  Container target_instance_1 removed.
Simulation instance cleanup complete.
[Stats_Collector] Stopping stats collector thread...
[Orchestrator] Simulation Complete. Total Fictional Cost: $0.0015
[Orchestrator] Metrics logged in: simulation_metrics.csv

===== [stage1b] S3 (200 req/s normal) + 1% ataque (~2.000 req/s) @ WU=125000 rep=1 =====
Attacker RPS set to: 0.5
Number of attackers set to: 4
Simulation duration set to: 180
Attack work units set to: 125000
Normal traffic RPS per client set to: 50.0
Normal traffic work units set to: 10
[Orchestrator] Initializing simulation environment...
[Sniffer] Realtime tcpdump started on any
[Sniffer] Label set to: benign
[Autoscaler] Initialized.
Attempting to build Docker image: edos_target_app:latest...
Image edos_target_app:latest already exists. Skipping build.
Docker network 'edos_network' already exists.
[Orchestrator] Cleaning up any pre-existing simulation instances...
Cleaning up all simulation instances...
No simulation instances found to clean up.
[Orchestrator] Starting initial 1 instance(s)...
Attempting to start container target_instance_1 mapping container:80 to host:8080...
Container 6070ce4d17 (target_instance_1) started. Accessible on host port 8080.
[Autoscaler] Initial number of instances set to: 1
[Orchestrator] 1 initial instance(s) running.
[Orchestrator] Metrics will be logged to: simulation_metrics.csv
[Orchestrator] Attack summary will be logged to: attack_summary_log.csv
[Orchestrator] Normal traffic summary will be logged to: normal_traffic_summary_log.csv
[Orchestrator] Starting simulation main loop for 180 seconds.
[Orchestrator] Monitoring interval: 5s. Cooldown: 20s.
[Orchestrator] CPU Thresholds: Scale Up > 60.0%, Scale Down < 25.0%
[Orchestrator] Traffic injection scheduled: Start at 20s, Duration 140s.
[Sniffer] Label set to: benign

--- Iteration 1 | Time: 0.0s / 180s ---
[Orchestrator]RTT = 0.0
[Orchestrator] Metrics: 1 active instance(s), Avg CPU: 0.00%, Avg App MEM: 0.00 MB
[Autoscaler] Condition for SCALE_DOWN met (Avg CPU: 0.00%), but already at MIN_INSTANCES (1). No action.
[DEBUG Orchestrator] Iteration Start. Instances Before Injector Logic: 1, Prev Injector Logic Instances: 1, Attack Started Flag: False, Normal Traffic Started Flag: False
[DEBUG Orchestrator] URLs derived for injector (if active): ['http://localhost:8080']
[Sniffer] Label set to: benign
[DEBUG Orchestrator] Should attack be active now? False (window: 20s-160s)
[Orchestrator] Starting/Restarting Normal Traffic. Target URLs for this call: ['http://localhost:8080']
[Normal_Injector] Starting HTTP flood with 4 attackers, ~200.0 RPS total, across 1 targets: http://localhost:8080
  [Normal_Injector Worker 138470377109184] Started. Target: http://localhost:8080?work=10&sleep=0.0, RPS: 50.00, Mean interval: 0.0200s (Poisson)
  [Normal_Injector Worker 138470360323776] Started. Target: http://localhost:8080?work=10&sleep=0.0, RPS: 50.00, Mean interval: 0.0200s (Poisson)
  [Normal_Injector Worker 138470014056128] Started. Target: http://localhost:8080?work=10&sleep=0.0, RPS: 50.00, Mean interval: 0.0200s (Poisson)
  [Normal_Injector Worker 138469997270720] Started. Target: http://localhost:8080?work=10&sleep=0.0, RPS: 50.00, Mean interval: 0.0200s (Poisson)
[Normal_Injector] All 4 attacker threads launched.
[DEBUG Orchestrator] End of Iteration. previous_num_instances_for_injector_logic updated to: 1
[DEGUG Orchestrator Loop Duration] Loop Duration = 2690.71308273
[Sniffer] Label set to: benign

--- Iteration 2 | Time: 5.0s / 180s ---
[Orchestrator]RTT = 34.88690289197212
[Orchestrator] Metrics: 1 active instance(s), Avg CPU: 45.14%, Avg App MEM: 23.21 MB
[Autoscaler] Decision: NO_ACTION. Avg CPU: 45.14% is within thresholds (25.0% - 60.0%).
[DEBUG Orchestrator] Iteration Start. Instances Before Injector Logic: 1, Prev Injector Logic Instances: 1, Attack Started Flag: False, Normal Traffic Started Flag: True
[DEBUG Orchestrator] URLs derived for injector (if active): ['http://localhost:8080']
[Sniffer] Label set to: benign
[DEBUG Orchestrator] Should attack be active now? False (window: 20s-160s)
[DEBUG Orchestrator] End of Iteration. previous_num_instances_for_injector_logic updated to: 1
[DEGUG Orchestrator Loop Duration] Loop Duration = 2695.71308273
[Sniffer] Label set to: benign

--- Iteration 3 | Time: 10.0s / 180s ---
[Orchestrator]RTT = 33.928162994878505
[Orchestrator] Metrics: 1 active instance(s), Avg CPU: 38.22%, Avg App MEM: 23.60 MB
[Autoscaler] Decision: NO_ACTION. Avg CPU: 38.22% is within thresholds (25.0% - 60.0%).
[DEBUG Orchestrator] Iteration Start. Instances Before Injector Logic: 1, Prev Injector Logic Instances: 1, Attack Started Flag: False, Normal Traffic Started Flag: True
[DEBUG Orchestrator] URLs derived for injector (if active): ['http://localhost:8080']
[Sniffer] Label set to: benign
[DEBUG Orchestrator] Should attack be active now? False (window: 20s-160s)
[DEBUG Orchestrator] End of Iteration. previous_num_instances_for_injector_logic updated to: 1
[DEGUG Orchestrator Loop Duration] Loop Duration = 2700.71308273
[Sniffer] Label set to: benign

--- Iteration 4 | Time: 15.0s / 180s ---
[Orchestrator]RTT = 34.09891592628289
[Orchestrator] Metrics: 1 active instance(s), Avg CPU: 45.95%, Avg App MEM: 24.40 MB
[Autoscaler] Decision: NO_ACTION. Avg CPU: 45.95% is within thresholds (25.0% - 60.0%).
[DEBUG Orchestrator] Iteration Start. Instances Before Injector Logic: 1, Prev Injector Logic Instances: 1, Attack Started Flag: False, Normal Traffic Started Flag: True
[DEBUG Orchestrator] URLs derived for injector (if active): ['http://localhost:8080']
[Sniffer] Label set to: benign
[DEBUG Orchestrator] Should attack be active now? False (window: 20s-160s)
[DEBUG Orchestrator] End of Iteration. previous_num_instances_for_injector_logic updated to: 1
[DEGUG Orchestrator Loop Duration] Loop Duration = 2705.71308273
[Sniffer] Label set to: benign

--- Iteration 5 | Time: 20.0s / 180s ---
[Orchestrator]RTT = 33.429672889011634
[Orchestrator] Metrics: 1 active instance(s), Avg CPU: 39.30%, Avg App MEM: 23.96 MB
[Autoscaler] Decision: NO_ACTION. Avg CPU: 39.30% is within thresholds (25.0% - 60.0%).
[DEBUG Orchestrator] Iteration Start. Instances Before Injector Logic: 1, Prev Injector Logic Instances: 1, Attack Started Flag: False, Normal Traffic Started Flag: True
[DEBUG Orchestrator] URLs derived for injector (if active): ['http://localhost:8080']
[Sniffer] Label set to: benign
[DEBUG Orchestrator] Should attack be active now? True (window: 20s-160s)
[DEBUG Orchestrator] Condition: Needs to START attack (was not started and in attack window).
[Orchestrator] Starting/Restarting HTTP flood. Target URLs for this call: ['http://localhost:8080']
[Injector] Starting HTTP flood with 4 attackers, ~2.0 RPS total, across 1 targets: http://localhost:8080
  [Injector Worker 138465568085696] Started. Target: http://localhost:8080?work=125000&sleep=0.0, RPS: 0.50, Mean interval: 2.0000s (Poisson)
  [Injector Worker 138465551300288] Started. Target: http://localhost:8080?work=125000&sleep=0.0, RPS: 0.50, Mean interval: 2.0000s (Poisson)
  [Injector Worker 138465534514880] Started. Target: http://localhost:8080?work=125000&sleep=0.0, RPS: 0.50, Mean interval: 2.0000s (Poisson)
  [Injector Worker 138465450653376] Started. Target: http://localhost:8080?work=125000&sleep=0.0, RPS: 0.50, Mean interval: 2.0000s (Poisson)
[Injector] All 4 attacker threads launched.
[Sniffer] Label set to: attack
[DEBUG Orchestrator] attack_has_started flag set to TRUE.
[DEBUG Orchestrator] End of Iteration. previous_num_instances_for_injector_logic updated to: 1
[DEGUG Orchestrator Loop Duration] Loop Duration = 2710.71308273
[Sniffer] Label set to: benign

--- Iteration 6 | Time: 25.0s / 180s ---
[Orchestrator]RTT = 91.61202211114667
[Orchestrator] Metrics: 1 active instance(s), Avg CPU: 46.07%, Avg App MEM: 25.55 MB
[Autoscaler] Decision: NO_ACTION. Avg CPU: 46.07% is within thresholds (25.0% - 60.0%).
[DEBUG Orchestrator] Iteration Start. Instances Before Injector Logic: 1, Prev Injector Logic Instances: 1, Attack Started Flag: True, Normal Traffic Started Flag: True
[DEBUG Orchestrator] URLs derived for injector (if active): ['http://localhost:8080']
[Sniffer] Label set to: benign
[DEBUG Orchestrator] Should attack be active now? True (window: 20s-160s)
[DEBUG Orchestrator] End of Iteration. previous_num_instances_for_injector_logic updated to: 1
[DEGUG Orchestrator Loop Duration] Loop Duration = 2715.71308273
[Sniffer] Label set to: benign

--- Iteration 7 | Time: 30.0s / 180s ---
[Orchestrator]RTT = 54.62118466675747
[Orchestrator] Metrics: 1 active instance(s), Avg CPU: 58.17%, Avg App MEM: 26.08 MB
[Autoscaler] Decision: NO_ACTION. Avg CPU: 58.17% is within thresholds (25.0% - 60.0%).
[DEBUG Orchestrator] Iteration Start. Instances Before Injector Logic: 1, Prev Injector Logic Instances: 1, Attack Started Flag: True, Normal Traffic Started Flag: True
[DEBUG Orchestrator] URLs derived for injector (if active): ['http://localhost:8080']
[Sniffer] Label set to: benign
[DEBUG Orchestrator] Should attack be active now? True (window: 20s-160s)
[DEBUG Orchestrator] End of Iteration. previous_num_instances_for_injector_logic updated to: 1
[DEGUG Orchestrator Loop Duration] Loop Duration = 2720.71308273
[Sniffer] Label set to: benign

--- Iteration 8 | Time: 35.0s / 180s ---
[Orchestrator]RTT = 44.895951999876615
[Orchestrator] Metrics: 1 active instance(s), Avg CPU: 58.25%, Avg App MEM: 25.63 MB
[Autoscaler] Decision: NO_ACTION. Avg CPU: 58.25% is within thresholds (25.0% - 60.0%).
[DEBUG Orchestrator] Iteration Start. Instances Before Injector Logic: 1, Prev Injector Logic Instances: 1, Attack Started Flag: True, Normal Traffic Started Flag: True
[DEBUG Orchestrator] URLs derived for injector (if active): ['http://localhost:8080']
[Sniffer] Label set to: benign
[DEBUG Orchestrator] Should attack be active now? True (window: 20s-160s)
[DEBUG Orchestrator] End of Iteration. previous_num_instances_for_injector_logic updated to: 1
[DEGUG Orchestrator Loop Duration] Loop Duration = 2725.71308273
[Sniffer] Label set to: benign

--- Iteration 9 | Time: 40.0s / 180s ---
[Orchestrator]RTT = 37.117649111122674
[Orchestrator] Metrics: 1 active instance(s), Avg CPU: 48.77%, Avg App MEM: 26.16 MB
[Autoscaler] Decision: NO_ACTION. Avg CPU: 48.77% is within thresholds (25.0% - 60.0%).
[DEBUG Orchestrator] Iteration Start. Instances Before Injector Logic: 1, Prev Injector Logic Instances: 1, Attack Started Flag: True, Normal Traffic Started Flag: True
[DEBUG Orchestrator] URLs derived for injector (if active): ['http://localhost:8080']
[Sniffer] Label set to: benign
[DEBUG Orchestrator] Should attack be active now? True (window: 20s-160s)
[DEBUG Orchestrator] End of Iteration. previous_num_instances_for_injector_logic updated to: 1
[DEGUG Orchestrator Loop Duration] Loop Duration = 2730.71308273
[Sniffer] Label set to: benign

--- Iteration 10 | Time: 45.0s / 180s ---
[Orchestrator]RTT = 41.010289499960585
[Orchestrator] Metrics: 1 active instance(s), Avg CPU: 53.80%, Avg App MEM: 25.70 MB
[Autoscaler] Decision: NO_ACTION. Avg CPU: 53.80% is within thresholds (25.0% - 60.0%).
[DEBUG Orchestrator] Iteration Start. Instances Before Injector Logic: 1, Prev Injector Logic Instances: 1, Attack Started Flag: True, Normal Traffic Started Flag: True
[DEBUG Orchestrator] URLs derived for injector (if active): ['http://localhost:8080']
[Sniffer] Label set to: benign
[DEBUG Orchestrator] Should attack be active now? True (window: 20s-160s)
[DEBUG Orchestrator] End of Iteration. previous_num_instances_for_injector_logic updated to: 1
[DEGUG Orchestrator Loop Duration] Loop Duration = 2735.71308273
[Sniffer] Label set to: benign

--- Iteration 11 | Time: 50.0s / 180s ---
[Orchestrator]RTT = 40.73182336357852
[Orchestrator] Metrics: 1 active instance(s), Avg CPU: 52.61%, Avg App MEM: 25.57 MB
[Autoscaler] Decision: NO_ACTION. Avg CPU: 52.61% is within thresholds (25.0% - 60.0%).
[DEBUG Orchestrator] Iteration Start. Instances Before Injector Logic: 1, Prev Injector Logic Instances: 1, Attack Started Flag: True, Normal Traffic Started Flag: True
[DEBUG Orchestrator] URLs derived for injector (if active): ['http://localhost:8080']
[Sniffer] Label set to: benign
[DEBUG Orchestrator] Should attack be active now? True (window: 20s-160s)
[DEBUG Orchestrator] End of Iteration. previous_num_instances_for_injector_logic updated to: 1
[DEGUG Orchestrator Loop Duration] Loop Duration = 2740.71308273
[Sniffer] Label set to: benign

--- Iteration 12 | Time: 55.0s / 180s ---
[Orchestrator]RTT = 45.60661635292383
[Orchestrator] Metrics: 1 active instance(s), Avg CPU: 54.47%, Avg App MEM: 25.98 MB
[Autoscaler] Decision: NO_ACTION. Avg CPU: 54.47% is within thresholds (25.0% - 60.0%).
[DEBUG Orchestrator] Iteration Start. Instances Before Injector Logic: 1, Prev Injector Logic Instances: 1, Attack Started Flag: True, Normal Traffic Started Flag: True
[DEBUG Orchestrator] URLs derived for injector (if active): ['http://localhost:8080']
[Sniffer] Label set to: benign
[DEBUG Orchestrator] Should attack be active now? True (window: 20s-160s)
[DEBUG Orchestrator] End of Iteration. previous_num_instances_for_injector_logic updated to: 1
[DEGUG Orchestrator Loop Duration] Loop Duration = 2745.71308273
[Sniffer] Label set to: benign

--- Iteration 13 | Time: 60.0s / 180s ---
[Orchestrator]RTT = 43.14047535717691
[Orchestrator] Metrics: 1 active instance(s), Avg CPU: 51.68%, Avg App MEM: 25.99 MB
[Autoscaler] Decision: NO_ACTION. Avg CPU: 51.68% is within thresholds (25.0% - 60.0%).
[DEBUG Orchestrator] Iteration Start. Instances Before Injector Logic: 1, Prev Injector Logic Instances: 1, Attack Started Flag: True, Normal Traffic Started Flag: True
[DEBUG Orchestrator] URLs derived for injector (if active): ['http://localhost:8080']
[Sniffer] Label set to: benign
[DEBUG Orchestrator] Should attack be active now? True (window: 20s-160s)
[DEBUG Orchestrator] End of Iteration. previous_num_instances_for_injector_logic updated to: 1
[DEGUG Orchestrator Loop Duration] Loop Duration = 2750.71308273
[Sniffer] Label set to: benign

--- Iteration 14 | Time: 65.0s / 180s ---
[Orchestrator]RTT = 46.83346928563229
[Orchestrator] Metrics: 1 active instance(s), Avg CPU: 61.02%, Avg App MEM: 25.99 MB
[Autoscaler] Decision: SCALE_UP. Avg CPU: 61.02% > 60.0%. Current instances: 1, Max: 4
[Orchestrator] Action: Scaling UP from 1 instance(s). Attempting to start instance 2.
Attempting to start container target_instance_2 mapping container:80 to host:8081...
Container b533f54318 (target_instance_2) started. Accessible on host port 8081.
[Orchestrator] Successfully started target_instance_2. Now 2 instance(s).
[Autoscaler] Scale action recorded. New instance count: 2. Cooldown timer reset.
[DEBUG Orchestrator] Iteration Start. Instances Before Injector Logic: 2, Prev Injector Logic Instances: 1, Attack Started Flag: True, Normal Traffic Started Flag: True
[DEBUG Orchestrator] URLs derived for injector (if active): ['http://localhost:8080', 'http://localhost:8081']
[Sniffer] Label set to: benign
[DEBUG Orchestrator] Should attack be active now? True (window: 20s-160s)
[DEBUG Orchestrator] Condition: Needs to RESTART attack (num instances changed from 1 to 2 AND attack was active).
[Orchestrator] Attack active and restart needed. Stopping current traffic injector...
[Injector] Signaling HTTP flood workers to stop...
[Injector] Stop signal sent (non-blocking).
[DEBUG Orchestrator] Called stop_http_flood. Sleeping for 1s...
  [Injector Worker 138465450653376] Stopped. Total requests: 16, Errors: 0
[DEBUG Orchestrator] Resuming after sleep.
[Orchestrator] Starting/Restarting HTTP flood. Target URLs for this call: ['http://localhost:8080', 'http://localhost:8081']
[Injector] Starting HTTP flood with 4 attackers, ~2.0 RPS total, across 2 targets: http://localhost:8080, http://localhost:8081
  [Injector Worker 138465450653376] Started. Target: http://localhost:8080?work=125000&sleep=0.0, RPS: 0.50, Mean interval: 2.0000s (Poisson)
  [Injector Worker 138465425475264] Started. Target: http://localhost:8081?work=125000&sleep=0.0, RPS: 0.50, Mean interval: 2.0000s (Poisson)
  [Injector Worker 138465417082560] Started. Target: http://localhost:8080?work=125000&sleep=0.0, RPS: 0.50, Mean interval: 2.0000s (Poisson)
  [Injector Worker 138465408689856] Started. Target: http://localhost:8081?work=125000&sleep=0.0, RPS: 0.50, Mean interval: 2.0000s (Poisson)
[Injector] All 4 attacker threads launched.
[Sniffer] Label set to: attack
[DEBUG Orchestrator] attack_has_started flag set to TRUE.
[DEBUG Orchestrator] End of Iteration. previous_num_instances_for_injector_logic updated to: 2
[DEGUG Orchestrator Loop Duration] Loop Duration = 2755.71308273
[Sniffer] Label set to: benign

--- Iteration 15 | Time: 70.0s / 180s ---
[Orchestrator]RTT = 56.208763833334764
[Orchestrator] Metrics: 2 active instance(s), Avg CPU: 33.48%, Avg App MEM: 24.32 MB
[Autoscaler]In cooldown: 14.998464269999658
[DEBUG Orchestrator] Iteration Start. Instances Before Injector Logic: 2, Prev Injector Logic Instances: 2, Attack Started Flag: True, Normal Traffic Started Flag: True
[DEBUG Orchestrator] URLs derived for injector (if active): ['http://localhost:8080', 'http://localhost:8081']
[Sniffer] Label set to: benign
[DEBUG Orchestrator] Should attack be active now? True (window: 20s-160s)
[DEBUG Orchestrator] End of Iteration. previous_num_instances_for_injector_logic updated to: 2
[DEGUG Orchestrator Loop Duration] Loop Duration = 2760.71308273
[Sniffer] Label set to: benign

--- Iteration 16 | Time: 75.0s / 180s ---
[Orchestrator]RTT = 57.71997776004355
[Orchestrator] Metrics: 2 active instance(s), Avg CPU: 41.68%, Avg App MEM: 23.67 MB
[Autoscaler]In cooldown: 9.999633902999904
[DEBUG Orchestrator] Iteration Start. Instances Before Injector Logic: 2, Prev Injector Logic Instances: 2, Attack Started Flag: True, Normal Traffic Started Flag: True
[DEBUG Orchestrator] URLs derived for injector (if active): ['http://localhost:8080', 'http://localhost:8081']
[Sniffer] Label set to: benign
[DEBUG Orchestrator] Should attack be active now? True (window: 20s-160s)
[DEBUG Orchestrator] End of Iteration. previous_num_instances_for_injector_logic updated to: 2
[DEGUG Orchestrator Loop Duration] Loop Duration = 2765.71308273
[Sniffer] Label set to: benign

--- Iteration 17 | Time: 80.0s / 180s ---
[Orchestrator]RTT = 40.695472499995354
[Orchestrator] Metrics: 2 active instance(s), Avg CPU: 22.89%, Avg App MEM: 23.81 MB
[Autoscaler]In cooldown: 4.995190949000062
[DEBUG Orchestrator] Iteration Start. Instances Before Injector Logic: 2, Prev Injector Logic Instances: 2, Attack Started Flag: True, Normal Traffic Started Flag: True
[DEBUG Orchestrator] URLs derived for injector (if active): ['http://localhost:8080', 'http://localhost:8081']
[Sniffer] Label set to: benign
[DEBUG Orchestrator] Should attack be active now? True (window: 20s-160s)
[DEBUG Orchestrator] End of Iteration. previous_num_instances_for_injector_logic updated to: 2
[DEGUG Orchestrator Loop Duration] Loop Duration = 2770.71308273
[Sniffer] Label set to: benign

--- Iteration 18 | Time: 85.0s / 180s ---
[Orchestrator]RTT = 44.01706626312692
[Orchestrator] Metrics: 2 active instance(s), Avg CPU: 44.07%, Avg App MEM: 24.64 MB
[Autoscaler] Decision: NO_ACTION. Avg CPU: 44.07% is within thresholds (25.0% - 60.0%).
[DEBUG Orchestrator] Iteration Start. Instances Before Injector Logic: 2, Prev Injector Logic Instances: 2, Attack Started Flag: True, Normal Traffic Started Flag: True
[DEBUG Orchestrator] URLs derived for injector (if active): ['http://localhost:8080', 'http://localhost:8081']
[Sniffer] Label set to: benign
[DEBUG Orchestrator] Should attack be active now? True (window: 20s-160s)
[DEBUG Orchestrator] End of Iteration. previous_num_instances_for_injector_logic updated to: 2
[DEGUG Orchestrator Loop Duration] Loop Duration = 2775.71308273
[Sniffer] Label set to: benign

--- Iteration 19 | Time: 90.0s / 180s ---
[Orchestrator]RTT = 48.636675823592455
[Orchestrator] Metrics: 2 active instance(s), Avg CPU: 24.60%, Avg App MEM: 23.94 MB
[Autoscaler] Decision: SCALE_DOWN. Avg CPU: 24.60% < 25.0%. Current instances: 2, Min: 1
[Orchestrator] Action: Scaling DOWN from 2 instance(s). Stopping target_instance_2.
Attempting to stop and remove container target_instance_2...
Container target_instance_2 stopped and removed.
[Orchestrator] Successfully stopped target_instance_2. Now 1 instance(s).
[Autoscaler] Scale action recorded. New instance count: 1. Cooldown timer reset.
[DEBUG Orchestrator] Iteration Start. Instances Before Injector Logic: 1, Prev Injector Logic Instances: 2, Attack Started Flag: True, Normal Traffic Started Flag: True
[DEBUG Orchestrator] URLs derived for injector (if active): ['http://localhost:8080']
[Sniffer] Label set to: benign
[DEBUG Orchestrator] Should attack be active now? True (window: 20s-160s)
[DEBUG Orchestrator] Condition: Needs to RESTART attack (num instances changed from 2 to 1 AND attack was active).
[Orchestrator] Attack active and restart needed. Stopping current traffic injector...
[Injector] Signaling HTTP flood workers to stop...
  [Injector Worker 138465408689856] Stopped. Total requests: 14, Errors: 0
[Injector] Stop signal sent (non-blocking).
[DEBUG Orchestrator] Called stop_http_flood. Sleeping for 1s...
  [Injector Worker 138465425475264] Stopped. Total requests: 17, Errors: 0
  [Injector Worker 138465568085696] Stopped. Total requests: 41, Errors: 0
[DEBUG Orchestrator] Resuming after sleep.
[Orchestrator] Starting/Restarting HTTP flood. Target URLs for this call: ['http://localhost:8080']
[Injector] Starting HTTP flood with 4 attackers, ~2.0 RPS total, across 1 targets: http://localhost:8080
  [Injector Worker 138465568085696] Started. Target: http://localhost:8080?work=125000&sleep=0.0, RPS: 0.50, Mean interval: 2.0000s (Poisson)
  [Injector Worker 138465425475264] Started. Target: http://localhost:8080?work=125000&sleep=0.0, RPS: 0.50, Mean interval: 2.0000s (Poisson)
  [Injector Worker 138465408689856] Started. Target: http://localhost:8080?work=125000&sleep=0.0, RPS: 0.50, Mean interval: 2.0000s (Poisson)
  [Injector Worker 138465391904448] Started. Target: http://localhost:8080?work=125000&sleep=0.0, RPS: 0.50, Mean interval: 2.0000s (Poisson)
[Injector] All 4 attacker threads launched.
[Sniffer] Label set to: attack
[DEBUG Orchestrator] attack_has_started flag set to TRUE.
[DEBUG Orchestrator] End of Iteration. previous_num_instances_for_injector_logic updated to: 1
[DEGUG Orchestrator Loop Duration] Loop Duration = 2780.71308273
[Orchestrator] Warning: Loop iteration took longer than MONITOR_INTERVAL_SECONDS (5s). Not sleeping.
[Sniffer] Label set to: benign

--- Iteration 20 | Time: 97.1s / 180s ---
[Orchestrator]RTT = 62.02971360870952
[Orchestrator] Metrics: 1 active instance(s), Avg CPU: 82.16%, Avg App MEM: 25.55 MB
[Autoscaler]In cooldown: 12.917910872999983
[DEBUG Orchestrator] Iteration Start. Instances Before Injector Logic: 1, Prev Injector Logic Instances: 1, Attack Started Flag: True, Normal Traffic Started Flag: True
[DEBUG Orchestrator] URLs derived for injector (if active): ['http://localhost:8080']
[Sniffer] Label set to: benign
[DEBUG Orchestrator] Should attack be active now? True (window: 20s-160s)
[DEBUG Orchestrator] End of Iteration. previous_num_instances_for_injector_logic updated to: 1
[DEGUG Orchestrator Loop Duration] Loop Duration = 2785.71308273
[Sniffer] Label set to: benign

--- Iteration 21 | Time: 100.0s / 180s ---
[Orchestrator]RTT = 62.11559337501171
[Orchestrator] Metrics: 1 active instance(s), Avg CPU: 77.72%, Avg App MEM: 25.84 MB
[Autoscaler]In cooldown: 10.001803042999654
[DEBUG Orchestrator] Iteration Start. Instances Before Injector Logic: 1, Prev Injector Logic Instances: 1, Attack Started Flag: True, Normal Traffic Started Flag: True
[DEBUG Orchestrator] URLs derived for injector (if active): ['http://localhost:8080']
[Sniffer] Label set to: benign
[DEBUG Orchestrator] Should attack be active now? True (window: 20s-160s)
[DEBUG Orchestrator] End of Iteration. previous_num_instances_for_injector_logic updated to: 1
[DEGUG Orchestrator Loop Duration] Loop Duration = 2790.71308273
[Sniffer] Label set to: benign

--- Iteration 22 | Time: 105.0s / 180s ---
[Orchestrator]RTT = 36.182818714353616
[Orchestrator] Metrics: 1 active instance(s), Avg CPU: 73.99%, Avg App MEM: 25.77 MB
[Autoscaler]In cooldown: 5.001717041999655
[DEBUG Orchestrator] Iteration Start. Instances Before Injector Logic: 1, Prev Injector Logic Instances: 1, Attack Started Flag: True, Normal Traffic Started Flag: True
[DEBUG Orchestrator] URLs derived for injector (if active): ['http://localhost:8080']
[Sniffer] Label set to: benign
[DEBUG Orchestrator] Should attack be active now? True (window: 20s-160s)
[DEBUG Orchestrator] End of Iteration. previous_num_instances_for_injector_logic updated to: 1
[DEGUG Orchestrator Loop Duration] Loop Duration = 2795.71308273
[Sniffer] Label set to: benign

--- Iteration 23 | Time: 110.0s / 180s ---
[Orchestrator]RTT = 48.61709547622879
[Orchestrator] Metrics: 1 active instance(s), Avg CPU: 65.24%, Avg App MEM: 25.82 MB
[Autoscaler] Decision: SCALE_UP. Avg CPU: 65.24% > 60.0%. Current instances: 1, Max: 4
[Orchestrator] Action: Scaling UP from 1 instance(s). Attempting to start instance 3.
Attempting to start container target_instance_3 mapping container:80 to host:8082...
Container 7090feb19e (target_instance_3) started. Accessible on host port 8082.
[Orchestrator] Successfully started target_instance_3. Now 2 instance(s).
[Autoscaler] Scale action recorded. New instance count: 2. Cooldown timer reset.
[DEBUG Orchestrator] Iteration Start. Instances Before Injector Logic: 2, Prev Injector Logic Instances: 1, Attack Started Flag: True, Normal Traffic Started Flag: True
[DEBUG Orchestrator] URLs derived for injector (if active): ['http://localhost:8080', 'http://localhost:8082']
[Sniffer] Label set to: benign
[DEBUG Orchestrator] Should attack be active now? True (window: 20s-160s)
[DEBUG Orchestrator] Condition: Needs to RESTART attack (num instances changed from 1 to 2 AND attack was active).
[Orchestrator] Attack active and restart needed. Stopping current traffic injector...
[Injector] Signaling HTTP flood workers to stop...
[Injector] Stop signal sent (non-blocking).
[DEBUG Orchestrator] Called stop_http_flood. Sleeping for 1s...
  [Injector Worker 138465450653376] Stopped. Total requests: 21, Errors: 0
  [Injector Worker 138465551300288] Stopped. Total requests: 60, Errors: 0
[DEBUG Orchestrator] Resuming after sleep.
[Orchestrator] Starting/Restarting HTTP flood. Target URLs for this call: ['http://localhost:8080', 'http://localhost:8082']
[Injector] Starting HTTP flood with 4 attackers, ~2.0 RPS total, across 2 targets: http://localhost:8080, http://localhost:8082
  [Injector Worker 138465551300288] Started. Target: http://localhost:8080?work=125000&sleep=0.0, RPS: 0.50, Mean interval: 2.0000s (Poisson)
  [Injector Worker 138465450653376] Started. Target: http://localhost:8082?work=125000&sleep=0.0, RPS: 0.50, Mean interval: 2.0000s (Poisson)
  [Injector Worker 138465383511744] Started. Target: http://localhost:8080?work=125000&sleep=0.0, RPS: 0.50, Mean interval: 2.0000s (Poisson)
  [Injector Worker 138465375119040] Started. Target: http://localhost:8082?work=125000&sleep=0.0, RPS: 0.50, Mean interval: 2.0000s (Poisson)
[Injector] All 4 attacker threads launched.
[Sniffer] Label set to: attack
[DEBUG Orchestrator] attack_has_started flag set to TRUE.
[DEBUG Orchestrator] End of Iteration. previous_num_instances_for_injector_logic updated to: 2
[DEGUG Orchestrator Loop Duration] Loop Duration = 2800.71308273
[Sniffer] Label set to: benign

--- Iteration 24 | Time: 115.0s / 180s ---
[Orchestrator]RTT = 66.30944616658023
[Orchestrator] Metrics: 2 active instance(s), Avg CPU: 57.57%, Avg App MEM: 25.88 MB
[Autoscaler]In cooldown: 14.999821990999862
[DEBUG Orchestrator] Iteration Start. Instances Before Injector Logic: 2, Prev Injector Logic Instances: 2, Attack Started Flag: True, Normal Traffic Started Flag: True
[DEBUG Orchestrator] URLs derived for injector (if active): ['http://localhost:8080', 'http://localhost:8082']
[Sniffer] Label set to: benign
[DEBUG Orchestrator] Should attack be active now? True (window: 20s-160s)
[DEBUG Orchestrator] End of Iteration. previous_num_instances_for_injector_logic updated to: 2
[DEGUG Orchestrator Loop Duration] Loop Duration = 2805.71308273
[Sniffer] Label set to: benign

--- Iteration 25 | Time: 120.0s / 180s ---
[Orchestrator]RTT = 50.167241814843116
[Orchestrator] Metrics: 2 active instance(s), Avg CPU: 45.12%, Avg App MEM: 23.55 MB
[Autoscaler]In cooldown: 9.99967343299977
[DEBUG Orchestrator] Iteration Start. Instances Before Injector Logic: 2, Prev Injector Logic Instances: 2, Attack Started Flag: True, Normal Traffic Started Flag: True
[DEBUG Orchestrator] URLs derived for injector (if active): ['http://localhost:8080', 'http://localhost:8082']
[Sniffer] Label set to: benign
[DEBUG Orchestrator] Should attack be active now? True (window: 20s-160s)
[DEBUG Orchestrator] End of Iteration. previous_num_instances_for_injector_logic updated to: 2
[DEGUG Orchestrator Loop Duration] Loop Duration = 2810.71308273
[Sniffer] Label set to: benign

--- Iteration 26 | Time: 125.0s / 180s ---
[Orchestrator]RTT = 37.7744122000513
[Orchestrator] Metrics: 2 active instance(s), Avg CPU: 30.60%, Avg App MEM: 23.32 MB
[Autoscaler]In cooldown: 4.9990927349999765
[DEBUG Orchestrator] Iteration Start. Instances Before Injector Logic: 2, Prev Injector Logic Instances: 2, Attack Started Flag: True, Normal Traffic Started Flag: True
[DEBUG Orchestrator] URLs derived for injector (if active): ['http://localhost:8080', 'http://localhost:8082']
[Sniffer] Label set to: benign
[DEBUG Orchestrator] Should attack be active now? True (window: 20s-160s)
[DEBUG Orchestrator] End of Iteration. previous_num_instances_for_injector_logic updated to: 2
[DEGUG Orchestrator Loop Duration] Loop Duration = 2815.71308273
[Sniffer] Label set to: benign

--- Iteration 27 | Time: 130.0s / 180s ---
[Orchestrator]RTT = 38.759318869561746
[Orchestrator] Metrics: 2 active instance(s), Avg CPU: 20.00%, Avg App MEM: 22.63 MB
[Autoscaler] Decision: SCALE_DOWN. Avg CPU: 20.00% < 25.0%. Current instances: 2, Min: 1
[Orchestrator] Action: Scaling DOWN from 2 instance(s). Stopping target_instance_3.
Attempting to stop and remove container target_instance_3...
Container target_instance_3 stopped and removed.
[Orchestrator] Successfully stopped target_instance_3. Now 1 instance(s).
[Autoscaler] Scale action recorded. New instance count: 1. Cooldown timer reset.
[DEBUG Orchestrator] Iteration Start. Instances Before Injector Logic: 1, Prev Injector Logic Instances: 2, Attack Started Flag: True, Normal Traffic Started Flag: True
[DEBUG Orchestrator] URLs derived for injector (if active): ['http://localhost:8080']
[Sniffer] Label set to: benign
[DEBUG Orchestrator] Should attack be active now? True (window: 20s-160s)
[DEBUG Orchestrator] Condition: Needs to RESTART attack (num instances changed from 2 to 1 AND attack was active).
[Orchestrator] Attack active and restart needed. Stopping current traffic injector...
[Injector] Signaling HTTP flood workers to stop...
  [Injector Worker 138465568085696] Stopped. Total requests: 15, Errors: 0
[Injector] Stop signal sent (non-blocking).
[DEBUG Orchestrator] Called stop_http_flood. Sleeping for 1s...
  [Injector Worker 138465408689856] Stopped. Total requests: 15, Errors: 0
  [Injector Worker 138465450653376] Stopped. Total requests: 13, Errors: 0
[DEBUG Orchestrator] Resuming after sleep.
[Orchestrator] Starting/Restarting HTTP flood. Target URLs for this call: ['http://localhost:8080']
[Injector] Starting HTTP flood with 4 attackers, ~2.0 RPS total, across 1 targets: http://localhost:8080
  [Injector Worker 138465450653376] Started. Target: http://localhost:8080?work=125000&sleep=0.0, RPS: 0.50, Mean interval: 2.0000s (Poisson)
  [Injector Worker 138465408689856] Started. Target: http://localhost:8080?work=125000&sleep=0.0, RPS: 0.50, Mean interval: 2.0000s (Poisson)
  [Injector Worker 138465568085696] Started. Target: http://localhost:8080?work=125000&sleep=0.0, RPS: 0.50, Mean interval: 2.0000s (Poisson)
  [Injector Worker 138465366726336] Started. Target: http://localhost:8080?work=125000&sleep=0.0, RPS: 0.50, Mean interval: 2.0000s (Poisson)
[Injector] All 4 attacker threads launched.
[Sniffer] Label set to: attack
[DEBUG Orchestrator] attack_has_started flag set to TRUE.
[DEBUG Orchestrator] End of Iteration. previous_num_instances_for_injector_logic updated to: 1
[DEGUG Orchestrator Loop Duration] Loop Duration = 2820.71308273
[Orchestrator] Warning: Loop iteration took longer than MONITOR_INTERVAL_SECONDS (5s). Not sleeping.
[Sniffer] Label set to: benign

--- Iteration 28 | Time: 137.0s / 180s ---
[Orchestrator]RTT = 47.909481185191304
[Orchestrator] Metrics: 1 active instance(s), Avg CPU: 64.53%, Avg App MEM: 25.89 MB
[Autoscaler]In cooldown: 12.999832728000001
[DEBUG Orchestrator] Iteration Start. Instances Before Injector Logic: 1, Prev Injector Logic Instances: 1, Attack Started Flag: True, Normal Traffic Started Flag: True
[DEBUG Orchestrator] URLs derived for injector (if active): ['http://localhost:8080']
[Sniffer] Label set to: benign
[DEBUG Orchestrator] Should attack be active now? True (window: 20s-160s)
[DEBUG Orchestrator] End of Iteration. previous_num_instances_for_injector_logic updated to: 1
[DEGUG Orchestrator Loop Duration] Loop Duration = 2825.71308273
[Sniffer] Label set to: benign

--- Iteration 29 | Time: 140.0s / 180s ---
[Orchestrator]RTT = 59.43505942100034
[Orchestrator] Metrics: 1 active instance(s), Avg CPU: 58.49%, Avg App MEM: 26.17 MB
[Autoscaler]In cooldown: 10.00015763600004
[DEBUG Orchestrator] Iteration Start. Instances Before Injector Logic: 1, Prev Injector Logic Instances: 1, Attack Started Flag: True, Normal Traffic Started Flag: True
[DEBUG Orchestrator] URLs derived for injector (if active): ['http://localhost:8080']
[Sniffer] Label set to: benign
[DEBUG Orchestrator] Should attack be active now? True (window: 20s-160s)
[DEBUG Orchestrator] End of Iteration. previous_num_instances_for_injector_logic updated to: 1
[DEGUG Orchestrator Loop Duration] Loop Duration = 2830.71308273
[Sniffer] Label set to: benign

--- Iteration 30 | Time: 145.0s / 180s ---
[Orchestrator]RTT = 44.75261106244943
[Orchestrator] Metrics: 1 active instance(s), Avg CPU: 49.13%, Avg App MEM: 26.00 MB
[Autoscaler]In cooldown: 4.9992212900001505
[DEBUG Orchestrator] Iteration Start. Instances Before Injector Logic: 1, Prev Injector Logic Instances: 1, Attack Started Flag: True, Normal Traffic Started Flag: True
[DEBUG Orchestrator] URLs derived for injector (if active): ['http://localhost:8080']
[Sniffer] Label set to: benign
[DEBUG Orchestrator] Should attack be active now? True (window: 20s-160s)
[DEBUG Orchestrator] End of Iteration. previous_num_instances_for_injector_logic updated to: 1
[DEGUG Orchestrator Loop Duration] Loop Duration = 2835.71308273
[Sniffer] Label set to: benign

--- Iteration 31 | Time: 150.0s / 180s ---
[Orchestrator]RTT = 45.10179356655802
[Orchestrator] Metrics: 1 active instance(s), Avg CPU: 59.21%, Avg App MEM: 26.38 MB
[Autoscaler] Decision: NO_ACTION. Avg CPU: 59.21% is within thresholds (25.0% - 60.0%).
[DEBUG Orchestrator] Iteration Start. Instances Before Injector Logic: 1, Prev Injector Logic Instances: 1, Attack Started Flag: True, Normal Traffic Started Flag: True
[DEBUG Orchestrator] URLs derived for injector (if active): ['http://localhost:8080']
[Sniffer] Label set to: benign
[DEBUG Orchestrator] Should attack be active now? True (window: 20s-160s)
[DEBUG Orchestrator] End of Iteration. previous_num_instances_for_injector_logic updated to: 1
[DEGUG Orchestrator Loop Duration] Loop Duration = 2840.71308273
[Sniffer] Label set to: benign

--- Iteration 32 | Time: 155.0s / 180s ---
[Orchestrator]RTT = 50.18747323073023
[Orchestrator] Metrics: 1 active instance(s), Avg CPU: 61.66%, Avg App MEM: 26.16 MB
[Autoscaler] Decision: SCALE_UP. Avg CPU: 61.66% > 60.0%. Current instances: 1, Max: 4
[Orchestrator] Action: Scaling UP from 1 instance(s). Attempting to start instance 4.
Attempting to start container target_instance_4 mapping container:80 to host:8083...
Container 6dc3256020 (target_instance_4) started. Accessible on host port 8083.
[Orchestrator] Successfully started target_instance_4. Now 2 instance(s).
[Autoscaler] Scale action recorded. New instance count: 2. Cooldown timer reset.
[DEBUG Orchestrator] Iteration Start. Instances Before Injector Logic: 2, Prev Injector Logic Instances: 1, Attack Started Flag: True, Normal Traffic Started Flag: True
[DEBUG Orchestrator] URLs derived for injector (if active): ['http://localhost:8080', 'http://localhost:8083']
[Sniffer] Label set to: benign
[DEBUG Orchestrator] Should attack be active now? True (window: 20s-160s)
[DEBUG Orchestrator] Condition: Needs to RESTART attack (num instances changed from 1 to 2 AND attack was active).
[Orchestrator] Attack active and restart needed. Stopping current traffic injector...
[Injector] Signaling HTTP flood workers to stop...
  [Injector Worker 138465551300288] Stopped. Total requests: 23, Errors: 0
  [Injector Worker 138465408689856] Stopped. Total requests: 13, Errors: 0
  [Injector Worker 138465450653376] Stopped. Total requests: 10, Errors: 0
[Injector] Stop signal sent (non-blocking).
[DEBUG Orchestrator] Called stop_http_flood. Sleeping for 1s...
  [Injector Worker 138465568085696] Stopped. Total requests: 13, Errors: 0
  [Injector Worker 138465391904448] Stopped. Total requests: 29, Errors: 0
  [Injector Worker 138465417082560] Stopped. Total requests: 42, Errors: 0
  [Injector Worker 138465425475264] Stopped. Total requests: 35, Errors: 0
[DEBUG Orchestrator] Resuming after sleep.
[Orchestrator] Starting/Restarting HTTP flood. Target URLs for this call: ['http://localhost:8080', 'http://localhost:8083']
[Injector] Starting HTTP flood with 4 attackers, ~2.0 RPS total, across 2 targets: http://localhost:8080, http://localhost:8083
  [Injector Worker 138465425475264] Started. Target: http://localhost:8080?work=125000&sleep=0.0, RPS: 0.50, Mean interval: 2.0000s (Poisson)
  [Injector Worker 138465417082560] Started. Target: http://localhost:8083?work=125000&sleep=0.0, RPS: 0.50, Mean interval: 2.0000s (Poisson)
  [Injector Worker 138465391904448] Started. Target: http://localhost:8080?work=125000&sleep=0.0, RPS: 0.50, Mean interval: 2.0000s (Poisson)
  [Injector Worker 138465568085696] Started. Target: http://localhost:8083?work=125000&sleep=0.0, RPS: 0.50, Mean interval: 2.0000s (Poisson)
[Injector] All 4 attacker threads launched.
[Sniffer] Label set to: attack
[DEBUG Orchestrator] attack_has_started flag set to TRUE.
[DEBUG Orchestrator] End of Iteration. previous_num_instances_for_injector_logic updated to: 2
[DEGUG Orchestrator Loop Duration] Loop Duration = 2845.71308273
[Sniffer] Label set to: benign

--- Iteration 33 | Time: 160.0s / 180s ---
[Orchestrator]RTT = 108.90391376192167
[Orchestrator] Metrics: 2 active instance(s), Avg CPU: 54.76%, Avg App MEM: 24.74 MB
[Autoscaler]In cooldown: 14.999637812999936
[DEBUG Orchestrator] Iteration Start. Instances Before Injector Logic: 2, Prev Injector Logic Instances: 2, Attack Started Flag: True, Normal Traffic Started Flag: True
[DEBUG Orchestrator] URLs derived for injector (if active): ['http://localhost:8080', 'http://localhost:8083']
[Sniffer] Label set to: benign
[DEBUG Orchestrator] Should attack be active now? False (window: 20s-160s)
[Orchestrator] Attack duration ended or outside schedule. Stopping HTTP flood.
[Injector] Signaling HTTP flood workers to stop...
  [Injector Worker 138465375119040] Stopped. Total requests: 16, Errors: 9
  [Injector Worker 138465366726336] Stopped. Total requests: 8, Errors: 0
  [Injector Worker 138465425475264] Stopped. Total requests: 1, Errors: 0
  [Injector Worker 138465391904448] Stopped. Total requests: 3, Errors: 0
[Injector] Stop signal sent (non-blocking).
[DEBUG Orchestrator] attack_has_started flag set to FALSE (attack period ended).
[DEBUG Orchestrator] End of Iteration. previous_num_instances_for_injector_logic updated to: 2
[DEGUG Orchestrator Loop Duration] Loop Duration = 2850.71308273
  [Injector Worker 138465534514880] Stopped. Total requests: 59, Errors: 0
  [Injector Worker 138465383511744] Stopped. Total requests: 20, Errors: 0
  [Injector Worker 138465417082560] Stopped. Total requests: 2, Errors: 0
  [Injector Worker 138465568085696] Stopped. Total requests: 5, Errors: 0
[Sniffer] Label set to: benign

--- Iteration 34 | Time: 165.0s / 180s ---
[Orchestrator]RTT = 34.59531790677018
[Orchestrator] Metrics: 2 active instance(s), Avg CPU: 21.94%, Avg App MEM: 23.43 MB
[Autoscaler]In cooldown: 9.99979975999986
[DEBUG Orchestrator] Iteration Start. Instances Before Injector Logic: 2, Prev Injector Logic Instances: 2, Attack Started Flag: False, Normal Traffic Started Flag: True
[DEBUG Orchestrator] URLs derived for injector (if active): ['http://localhost:8080', 'http://localhost:8083']
[Sniffer] Label set to: benign
[DEBUG Orchestrator] Should attack be active now? False (window: 20s-160s)
[DEBUG Orchestrator] End of Iteration. previous_num_instances_for_injector_logic updated to: 2
[DEGUG Orchestrator Loop Duration] Loop Duration = 2855.71308273
[Sniffer] Label set to: benign

--- Iteration 35 | Time: 170.0s / 180s ---
[Orchestrator]RTT = 32.93218892308821
[Orchestrator] Metrics: 2 active instance(s), Avg CPU: 15.79%, Avg App MEM: 23.68 MB
[Autoscaler]In cooldown: 4.9999705279997215
[DEBUG Orchestrator] Iteration Start. Instances Before Injector Logic: 2, Prev Injector Logic Instances: 2, Attack Started Flag: False, Normal Traffic Started Flag: True
[DEBUG Orchestrator] URLs derived for injector (if active): ['http://localhost:8080', 'http://localhost:8083']
[Sniffer] Label set to: benign
[DEBUG Orchestrator] Should attack be active now? False (window: 20s-160s)
[DEBUG Orchestrator] End of Iteration. previous_num_instances_for_injector_logic updated to: 2
[DEGUG Orchestrator Loop Duration] Loop Duration = 2860.71308273
[Sniffer] Label set to: benign

--- Iteration 36 | Time: 175.0s / 180s ---
[Orchestrator]RTT = 33.24567205852413
[Orchestrator] Metrics: 2 active instance(s), Avg CPU: 22.14%, Avg App MEM: 23.43 MB
[Autoscaler] Decision: SCALE_DOWN. Avg CPU: 22.14% < 25.0%. Current instances: 2, Min: 1
[Orchestrator] Action: Scaling DOWN from 2 instance(s). Stopping target_instance_4.
Attempting to stop and remove container target_instance_4...
Container target_instance_4 stopped and removed.
[Orchestrator] Successfully stopped target_instance_4. Now 1 instance(s).
[Autoscaler] Scale action recorded. New instance count: 1. Cooldown timer reset.
[DEBUG Orchestrator] Iteration Start. Instances Before Injector Logic: 1, Prev Injector Logic Instances: 2, Attack Started Flag: False, Normal Traffic Started Flag: True
[DEBUG Orchestrator] URLs derived for injector (if active): ['http://localhost:8080']
[Sniffer] Label set to: benign
[DEBUG Orchestrator] Should attack be active now? False (window: 20s-160s)
[DEBUG Orchestrator] End of Iteration. previous_num_instances_for_injector_logic updated to: 1
[DEGUG Orchestrator Loop Duration] Loop Duration = 2865.71308273
[Orchestrator] Warning: Loop iteration took longer than MONITOR_INTERVAL_SECONDS (5s). Not sleeping.

[Orchestrator] Simulation duration reached.
[Orchestrator] Saving RTT log...
[Sniffer] Realtime tcpdump stopped.
[Orchestrator] Stopping normal traffic...
[Normal_Injector] Signaling workers to stop...
  [Normal_Injector Worker 138469997270720] Stopped. Total requests: 8881, Errors: 0
  [Normal_Injector Worker 138470014056128] Stopped. Total requests: 8807, Errors: 0
  [Normal_Injector Worker 138470360323776] Stopped. Total requests: 8601, Errors: 0
  [Normal_Injector Worker 138470377109184] Stopped. Total requests: 8708, Errors: 0
[Normal_Injector] Stop signal sent (non-blocking).
[Orchestrator] Cleaning up all simulation instances...
Cleaning up all simulation instances...
Stopping and removing container: target_instance_1 (6070ce4d17)...
  Container target_instance_1 removed.
Simulation instance cleanup complete.
[Stats_Collector] Stopping stats collector thread...
[Orchestrator] Simulation Complete. Total Fictional Cost: $0.0014
[Orchestrator] Metrics logged in: simulation_metrics.csv

===== [stage1b] S3 (200 req/s normal) + 1% ataque (~2.000 req/s) @ WU=125000 rep=2 =====
Attacker RPS set to: 0.5
Number of attackers set to: 4
Simulation duration set to: 180
Attack work units set to: 125000
Normal traffic RPS per client set to: 50.0
Normal traffic work units set to: 10
[Orchestrator] Initializing simulation environment...
[Sniffer] Realtime tcpdump started on any
[Sniffer] Label set to: benign
[Autoscaler] Initialized.
Attempting to build Docker image: edos_target_app:latest...
Image edos_target_app:latest already exists. Skipping build.
Docker network 'edos_network' already exists.
[Orchestrator] Cleaning up any pre-existing simulation instances...
Cleaning up all simulation instances...
No simulation instances found to clean up.
[Orchestrator] Starting initial 1 instance(s)...
Attempting to start container target_instance_1 mapping container:80 to host:8080...
Container 44ee729bc0 (target_instance_1) started. Accessible on host port 8080.
[Autoscaler] Initial number of instances set to: 1
[Orchestrator] 1 initial instance(s) running.
[Orchestrator] Metrics will be logged to: simulation_metrics.csv
[Orchestrator] Attack summary will be logged to: attack_summary_log.csv
[Orchestrator] Normal traffic summary will be logged to: normal_traffic_summary_log.csv
[Orchestrator] Starting simulation main loop for 180 seconds.
[Orchestrator] Monitoring interval: 5s. Cooldown: 20s.
[Orchestrator] CPU Thresholds: Scale Up > 60.0%, Scale Down < 25.0%
[Orchestrator] Traffic injection scheduled: Start at 20s, Duration 140s.
[Sniffer] Label set to: benign

--- Iteration 1 | Time: 0.0s / 180s ---
[Orchestrator]RTT = 0.0
[Orchestrator] Metrics: 1 active instance(s), Avg CPU: 0.00%, Avg App MEM: 0.00 MB
[Autoscaler] Condition for SCALE_DOWN met (Avg CPU: 0.00%), but already at MIN_INSTANCES (1). No action.
[DEBUG Orchestrator] Iteration Start. Instances Before Injector Logic: 1, Prev Injector Logic Instances: 1, Attack Started Flag: False, Normal Traffic Started Flag: False
[DEBUG Orchestrator] URLs derived for injector (if active): ['http://localhost:8080']
[Sniffer] Label set to: benign
[DEBUG Orchestrator] Should attack be active now? False (window: 20s-160s)
[Orchestrator] Starting/Restarting Normal Traffic. Target URLs for this call: ['http://localhost:8080']
[Normal_Injector] Starting HTTP flood with 4 attackers, ~200.0 RPS total, across 1 targets: http://localhost:8080
  [Normal_Injector Worker 128510243628736] Started. Target: http://localhost:8080?work=10&sleep=0.0, RPS: 50.00, Mean interval: 0.0200s (Poisson)
  [Normal_Injector Worker 128510226843328] Started. Target: http://localhost:8080?work=10&sleep=0.0, RPS: 50.00, Mean interval: 0.0200s (Poisson)
  [Normal_Injector Worker 128510210057920] Started. Target: http://localhost:8080?work=10&sleep=0.0, RPS: 50.00, Mean interval: 0.0200s (Poisson)
  [Normal_Injector Worker 128510201665216] Started. Target: http://localhost:8080?work=10&sleep=0.0, RPS: 50.00, Mean interval: 0.0200s (Poisson)
[Normal_Injector] All 4 attacker threads launched.
[DEBUG Orchestrator] End of Iteration. previous_num_instances_for_injector_logic updated to: 1
[DEGUG Orchestrator Loop Duration] Loop Duration = 2876.046446886
[Sniffer] Label set to: benign

--- Iteration 2 | Time: 5.0s / 180s ---
[Orchestrator]RTT = 34.13540475797856
[Orchestrator] Metrics: 1 active instance(s), Avg CPU: 50.15%, Avg App MEM: 23.18 MB
[Autoscaler] Decision: NO_ACTION. Avg CPU: 50.15% is within thresholds (25.0% - 60.0%).
[DEBUG Orchestrator] Iteration Start. Instances Before Injector Logic: 1, Prev Injector Logic Instances: 1, Attack Started Flag: False, Normal Traffic Started Flag: True
[DEBUG Orchestrator] URLs derived for injector (if active): ['http://localhost:8080']
[Sniffer] Label set to: benign
[DEBUG Orchestrator] Should attack be active now? False (window: 20s-160s)
[DEBUG Orchestrator] End of Iteration. previous_num_instances_for_injector_logic updated to: 1
[DEGUG Orchestrator Loop Duration] Loop Duration = 2881.046446886
[Sniffer] Label set to: benign

--- Iteration 3 | Time: 10.0s / 180s ---
[Orchestrator]RTT = 34.11233939957768
[Orchestrator] Metrics: 1 active instance(s), Avg CPU: 41.42%, Avg App MEM: 23.55 MB
[Autoscaler] Decision: NO_ACTION. Avg CPU: 41.42% is within thresholds (25.0% - 60.0%).
[DEBUG Orchestrator] Iteration Start. Instances Before Injector Logic: 1, Prev Injector Logic Instances: 1, Attack Started Flag: False, Normal Traffic Started Flag: True
[DEBUG Orchestrator] URLs derived for injector (if active): ['http://localhost:8080']
[Sniffer] Label set to: benign
[DEBUG Orchestrator] Should attack be active now? False (window: 20s-160s)
[DEBUG Orchestrator] End of Iteration. previous_num_instances_for_injector_logic updated to: 1
[DEGUG Orchestrator Loop Duration] Loop Duration = 2886.046446886
[Sniffer] Label set to: benign

--- Iteration 4 | Time: 15.0s / 180s ---
[Orchestrator]RTT = 34.22091110410718
[Orchestrator] Metrics: 1 active instance(s), Avg CPU: 44.68%, Avg App MEM: 23.81 MB
[Autoscaler] Decision: NO_ACTION. Avg CPU: 44.68% is within thresholds (25.0% - 60.0%).
[DEBUG Orchestrator] Iteration Start. Instances Before Injector Logic: 1, Prev Injector Logic Instances: 1, Attack Started Flag: False, Normal Traffic Started Flag: True
[DEBUG Orchestrator] URLs derived for injector (if active): ['http://localhost:8080']
[Sniffer] Label set to: benign
[DEBUG Orchestrator] Should attack be active now? False (window: 20s-160s)
[DEBUG Orchestrator] End of Iteration. previous_num_instances_for_injector_logic updated to: 1
[DEGUG Orchestrator Loop Duration] Loop Duration = 2891.046446886
[Sniffer] Label set to: benign

--- Iteration 5 | Time: 20.0s / 180s ---
[Orchestrator]RTT = 34.96680734990148
[Orchestrator] Metrics: 1 active instance(s), Avg CPU: 43.16%, Avg App MEM: 24.07 MB
[Autoscaler] Decision: NO_ACTION. Avg CPU: 43.16% is within thresholds (25.0% - 60.0%).
[DEBUG Orchestrator] Iteration Start. Instances Before Injector Logic: 1, Prev Injector Logic Instances: 1, Attack Started Flag: False, Normal Traffic Started Flag: True
[DEBUG Orchestrator] URLs derived for injector (if active): ['http://localhost:8080']
[Sniffer] Label set to: benign
[DEBUG Orchestrator] Should attack be active now? True (window: 20s-160s)
[DEBUG Orchestrator] Condition: Needs to START attack (was not started and in attack window).
[Orchestrator] Starting/Restarting HTTP flood. Target URLs for this call: ['http://localhost:8080']
[Injector] Starting HTTP flood with 4 attackers, ~2.0 RPS total, across 1 targets: http://localhost:8080
  [Injector Worker 128505438246592] Started. Target: http://localhost:8080?work=125000&sleep=0.0, RPS: 0.50, Mean interval: 2.0000s (Poisson)
  [Injector Worker 128505345992384] Started. Target: http://localhost:8080?work=125000&sleep=0.0, RPS: 0.50, Mean interval: 2.0000s (Poisson)
  [Injector Worker 128505329206976] Started. Target: http://localhost:8080?work=125000&sleep=0.0, RPS: 0.50, Mean interval: 2.0000s (Poisson)
  [Injector Worker 128505312421568] Started. Target: http://localhost:8080?work=125000&sleep=0.0, RPS: 0.50, Mean interval: 2.0000s (Poisson)
[Injector] All 4 attacker threads launched.
[Sniffer] Label set to: attack
[DEBUG Orchestrator] attack_has_started flag set to TRUE.
[DEBUG Orchestrator] End of Iteration. previous_num_instances_for_injector_logic updated to: 1
[DEGUG Orchestrator Loop Duration] Loop Duration = 2896.046446886
[Sniffer] Label set to: benign

--- Iteration 6 | Time: 25.0s / 180s ---
[Orchestrator]RTT = 69.2820149167422
[Orchestrator] Metrics: 1 active instance(s), Avg CPU: 52.93%, Avg App MEM: 25.13 MB
[Autoscaler] Decision: NO_ACTION. Avg CPU: 52.93% is within thresholds (25.0% - 60.0%).
[DEBUG Orchestrator] Iteration Start. Instances Before Injector Logic: 1, Prev Injector Logic Instances: 1, Attack Started Flag: True, Normal Traffic Started Flag: True
[DEBUG Orchestrator] URLs derived for injector (if active): ['http://localhost:8080']
[Sniffer] Label set to: benign
[DEBUG Orchestrator] Should attack be active now? True (window: 20s-160s)
[DEBUG Orchestrator] End of Iteration. previous_num_instances_for_injector_logic updated to: 1
[DEGUG Orchestrator Loop Duration] Loop Duration = 2901.046446886
[Sniffer] Label set to: benign

--- Iteration 7 | Time: 30.0s / 180s ---
[Orchestrator]RTT = 43.123613307670894
[Orchestrator] Metrics: 1 active instance(s), Avg CPU: 57.74%, Avg App MEM: 25.29 MB
[Autoscaler] Decision: NO_ACTION. Avg CPU: 57.74% is within thresholds (25.0% - 60.0%).
[DEBUG Orchestrator] Iteration Start. Instances Before Injector Logic: 1, Prev Injector Logic Instances: 1, Attack Started Flag: True, Normal Traffic Started Flag: True
[DEBUG Orchestrator] URLs derived for injector (if active): ['http://localhost:8080']
[Sniffer] Label set to: benign
[DEBUG Orchestrator] Should attack be active now? True (window: 20s-160s)
[DEBUG Orchestrator] End of Iteration. previous_num_instances_for_injector_logic updated to: 1
[DEGUG Orchestrator Loop Duration] Loop Duration = 2906.046446886
[Sniffer] Label set to: benign

--- Iteration 8 | Time: 35.0s / 180s ---
[Orchestrator]RTT = 43.58803813332391
[Orchestrator] Metrics: 1 active instance(s), Avg CPU: 50.72%, Avg App MEM: 25.24 MB
[Autoscaler] Decision: NO_ACTION. Avg CPU: 50.72% is within thresholds (25.0% - 60.0%).
[DEBUG Orchestrator] Iteration Start. Instances Before Injector Logic: 1, Prev Injector Logic Instances: 1, Attack Started Flag: True, Normal Traffic Started Flag: True
[DEBUG Orchestrator] URLs derived for injector (if active): ['http://localhost:8080']
[Sniffer] Label set to: benign
[DEBUG Orchestrator] Should attack be active now? True (window: 20s-160s)
[DEBUG Orchestrator] End of Iteration. previous_num_instances_for_injector_logic updated to: 1
[DEGUG Orchestrator Loop Duration] Loop Duration = 2911.046446886
[Sniffer] Label set to: benign

--- Iteration 9 | Time: 40.0s / 180s ---
[Orchestrator]RTT = 55.843927714314695
[Orchestrator] Metrics: 1 active instance(s), Avg CPU: 59.84%, Avg App MEM: 25.44 MB
[Autoscaler] Decision: NO_ACTION. Avg CPU: 59.84% is within thresholds (25.0% - 60.0%).
[DEBUG Orchestrator] Iteration Start. Instances Before Injector Logic: 1, Prev Injector Logic Instances: 1, Attack Started Flag: True, Normal Traffic Started Flag: True
[DEBUG Orchestrator] URLs derived for injector (if active): ['http://localhost:8080']
[Sniffer] Label set to: benign
[DEBUG Orchestrator] Should attack be active now? True (window: 20s-160s)
[DEBUG Orchestrator] End of Iteration. previous_num_instances_for_injector_logic updated to: 1
[DEGUG Orchestrator Loop Duration] Loop Duration = 2916.046446886
[Sniffer] Label set to: benign

--- Iteration 10 | Time: 45.0s / 180s ---
[Orchestrator]RTT = 45.254246999926785
[Orchestrator] Metrics: 1 active instance(s), Avg CPU: 53.25%, Avg App MEM: 25.48 MB
[Autoscaler] Decision: NO_ACTION. Avg CPU: 53.25% is within thresholds (25.0% - 60.0%).
[DEBUG Orchestrator] Iteration Start. Instances Before Injector Logic: 1, Prev Injector Logic Instances: 1, Attack Started Flag: True, Normal Traffic Started Flag: True
[DEBUG Orchestrator] URLs derived for injector (if active): ['http://localhost:8080']
[Sniffer] Label set to: benign
[DEBUG Orchestrator] Should attack be active now? True (window: 20s-160s)
[DEBUG Orchestrator] End of Iteration. previous_num_instances_for_injector_logic updated to: 1
[DEGUG Orchestrator Loop Duration] Loop Duration = 2921.046446886
[Sniffer] Label set to: benign

--- Iteration 11 | Time: 50.0s / 180s ---
[Orchestrator]RTT = 37.78393277793334
[Orchestrator] Metrics: 1 active instance(s), Avg CPU: 43.88%, Avg App MEM: 25.33 MB
[Autoscaler] Decision: NO_ACTION. Avg CPU: 43.88% is within thresholds (25.0% - 60.0%).
[DEBUG Orchestrator] Iteration Start. Instances Before Injector Logic: 1, Prev Injector Logic Instances: 1, Attack Started Flag: True, Normal Traffic Started Flag: True
[DEBUG Orchestrator] URLs derived for injector (if active): ['http://localhost:8080']
[Sniffer] Label set to: benign
[DEBUG Orchestrator] Should attack be active now? True (window: 20s-160s)
[DEBUG Orchestrator] End of Iteration. previous_num_instances_for_injector_logic updated to: 1
[DEGUG Orchestrator Loop Duration] Loop Duration = 2926.046446886
[Sniffer] Label set to: benign

--- Iteration 12 | Time: 55.0s / 180s ---
[Orchestrator]RTT = 37.902942099890424
[Orchestrator] Metrics: 1 active instance(s), Avg CPU: 49.58%, Avg App MEM: 25.61 MB
[Autoscaler] Decision: NO_ACTION. Avg CPU: 49.58% is within thresholds (25.0% - 60.0%).
[DEBUG Orchestrator] Iteration Start. Instances Before Injector Logic: 1, Prev Injector Logic Instances: 1, Attack Started Flag: True, Normal Traffic Started Flag: True
[DEBUG Orchestrator] URLs derived for injector (if active): ['http://localhost:8080']
[Sniffer] Label set to: benign
[DEBUG Orchestrator] Should attack be active now? True (window: 20s-160s)
[DEBUG Orchestrator] End of Iteration. previous_num_instances_for_injector_logic updated to: 1
[DEGUG Orchestrator Loop Duration] Loop Duration = 2931.046446886
[Sniffer] Label set to: benign

--- Iteration 13 | Time: 60.0s / 180s ---
[Orchestrator]RTT = 40.77446999998655
[Orchestrator] Metrics: 1 active instance(s), Avg CPU: 44.22%, Avg App MEM: 25.38 MB
[Autoscaler] Decision: NO_ACTION. Avg CPU: 44.22% is within thresholds (25.0% - 60.0%).
[DEBUG Orchestrator] Iteration Start. Instances Before Injector Logic: 1, Prev Injector Logic Instances: 1, Attack Started Flag: True, Normal Traffic Started Flag: True
[DEBUG Orchestrator] URLs derived for injector (if active): ['http://localhost:8080']
[Sniffer] Label set to: benign
[DEBUG Orchestrator] Should attack be active now? True (window: 20s-160s)
[DEBUG Orchestrator] End of Iteration. previous_num_instances_for_injector_logic updated to: 1
[DEGUG Orchestrator Loop Duration] Loop Duration = 2936.046446886
[Sniffer] Label set to: benign

--- Iteration 14 | Time: 65.0s / 180s ---
[Orchestrator]RTT = 51.98277089994008
[Orchestrator] Metrics: 1 active instance(s), Avg CPU: 53.53%, Avg App MEM: 25.63 MB
[Autoscaler] Decision: NO_ACTION. Avg CPU: 53.53% is within thresholds (25.0% - 60.0%).
[DEBUG Orchestrator] Iteration Start. Instances Before Injector Logic: 1, Prev Injector Logic Instances: 1, Attack Started Flag: True, Normal Traffic Started Flag: True
[DEBUG Orchestrator] URLs derived for injector (if active): ['http://localhost:8080']
[Sniffer] Label set to: benign
[DEBUG Orchestrator] Should attack be active now? True (window: 20s-160s)
[DEBUG Orchestrator] End of Iteration. previous_num_instances_for_injector_logic updated to: 1
[DEGUG Orchestrator Loop Duration] Loop Duration = 2941.046446886
[Sniffer] Label set to: benign

--- Iteration 15 | Time: 70.0s / 180s ---
[Orchestrator]RTT = 44.43099731576551
[Orchestrator] Metrics: 1 active instance(s), Avg CPU: 56.90%, Avg App MEM: 25.50 MB
[Autoscaler] Decision: NO_ACTION. Avg CPU: 56.90% is within thresholds (25.0% - 60.0%).
[DEBUG Orchestrator] Iteration Start. Instances Before Injector Logic: 1, Prev Injector Logic Instances: 1, Attack Started Flag: True, Normal Traffic Started Flag: True
[DEBUG Orchestrator] URLs derived for injector (if active): ['http://localhost:8080']
[Sniffer] Label set to: benign
[DEBUG Orchestrator] Should attack be active now? True (window: 20s-160s)
[DEBUG Orchestrator] End of Iteration. previous_num_instances_for_injector_logic updated to: 1
[DEGUG Orchestrator Loop Duration] Loop Duration = 2946.046446886
[Sniffer] Label set to: benign

--- Iteration 16 | Time: 75.0s / 180s ---
[Orchestrator]RTT = 48.54842510007984
[Orchestrator] Metrics: 1 active instance(s), Avg CPU: 52.89%, Avg App MEM: 25.87 MB
[Autoscaler] Decision: NO_ACTION. Avg CPU: 52.89% is within thresholds (25.0% - 60.0%).
[DEBUG Orchestrator] Iteration Start. Instances Before Injector Logic: 1, Prev Injector Logic Instances: 1, Attack Started Flag: True, Normal Traffic Started Flag: True
[DEBUG Orchestrator] URLs derived for injector (if active): ['http://localhost:8080']
[Sniffer] Label set to: benign
[DEBUG Orchestrator] Should attack be active now? True (window: 20s-160s)
[DEBUG Orchestrator] End of Iteration. previous_num_instances_for_injector_logic updated to: 1
[DEGUG Orchestrator Loop Duration] Loop Duration = 2951.046446886
[Sniffer] Label set to: benign

--- Iteration 17 | Time: 80.0s / 180s ---
[Orchestrator]RTT = 38.62630337511064
[Orchestrator] Metrics: 1 active instance(s), Avg CPU: 46.42%, Avg App MEM: 25.63 MB
[Autoscaler] Decision: NO_ACTION. Avg CPU: 46.42% is within thresholds (25.0% - 60.0%).
[DEBUG Orchestrator] Iteration Start. Instances Before Injector Logic: 1, Prev Injector Logic Instances: 1, Attack Started Flag: True, Normal Traffic Started Flag: True
[DEBUG Orchestrator] URLs derived for injector (if active): ['http://localhost:8080']
[Sniffer] Label set to: benign
[DEBUG Orchestrator] Should attack be active now? True (window: 20s-160s)
[DEBUG Orchestrator] End of Iteration. previous_num_instances_for_injector_logic updated to: 1
[DEGUG Orchestrator Loop Duration] Loop Duration = 2956.046446886
[Sniffer] Label set to: benign

--- Iteration 18 | Time: 85.0s / 180s ---
[Orchestrator]RTT = 35.812789000071156
[Orchestrator] Metrics: 1 active instance(s), Avg CPU: 50.42%, Avg App MEM: 25.49 MB
[Autoscaler] Decision: NO_ACTION. Avg CPU: 50.42% is within thresholds (25.0% - 60.0%).
[DEBUG Orchestrator] Iteration Start. Instances Before Injector Logic: 1, Prev Injector Logic Instances: 1, Attack Started Flag: True, Normal Traffic Started Flag: True
[DEBUG Orchestrator] URLs derived for injector (if active): ['http://localhost:8080']
[Sniffer] Label set to: benign
[DEBUG Orchestrator] Should attack be active now? True (window: 20s-160s)
[DEBUG Orchestrator] End of Iteration. previous_num_instances_for_injector_logic updated to: 1
[DEGUG Orchestrator Loop Duration] Loop Duration = 2961.046446886
[Sniffer] Label set to: benign

--- Iteration 19 | Time: 90.0s / 180s ---
[Orchestrator]RTT = 40.589139727258456
[Orchestrator] Metrics: 1 active instance(s), Avg CPU: 51.00%, Avg App MEM: 25.54 MB
[Autoscaler] Decision: NO_ACTION. Avg CPU: 51.00% is within thresholds (25.0% - 60.0%).
[DEBUG Orchestrator] Iteration Start. Instances Before Injector Logic: 1, Prev Injector Logic Instances: 1, Attack Started Flag: True, Normal Traffic Started Flag: True
[DEBUG Orchestrator] URLs derived for injector (if active): ['http://localhost:8080']
[Sniffer] Label set to: benign
[DEBUG Orchestrator] Should attack be active now? True (window: 20s-160s)
[DEBUG Orchestrator] End of Iteration. previous_num_instances_for_injector_logic updated to: 1
[DEGUG Orchestrator Loop Duration] Loop Duration = 2966.046446886
[Sniffer] Label set to: benign

--- Iteration 20 | Time: 95.0s / 180s ---
[Orchestrator]RTT = 45.38221792308132
[Orchestrator] Metrics: 1 active instance(s), Avg CPU: 55.74%, Avg App MEM: 25.69 MB
[Autoscaler] Decision: NO_ACTION. Avg CPU: 55.74% is within thresholds (25.0% - 60.0%).
[DEBUG Orchestrator] Iteration Start. Instances Before Injector Logic: 1, Prev Injector Logic Instances: 1, Attack Started Flag: True, Normal Traffic Started Flag: True
[DEBUG Orchestrator] URLs derived for injector (if active): ['http://localhost:8080']
[Sniffer] Label set to: benign
[DEBUG Orchestrator] Should attack be active now? True (window: 20s-160s)
[DEBUG Orchestrator] End of Iteration. previous_num_instances_for_injector_logic updated to: 1
[DEGUG Orchestrator Loop Duration] Loop Duration = 2971.046446886
[Sniffer] Label set to: benign

--- Iteration 21 | Time: 100.0s / 180s ---
[Orchestrator]RTT = 48.189243142912474
[Orchestrator] Metrics: 1 active instance(s), Avg CPU: 51.51%, Avg App MEM: 25.56 MB
[Autoscaler] Decision: NO_ACTION. Avg CPU: 51.51% is within thresholds (25.0% - 60.0%).
[DEBUG Orchestrator] Iteration Start. Instances Before Injector Logic: 1, Prev Injector Logic Instances: 1, Attack Started Flag: True, Normal Traffic Started Flag: True
[DEBUG Orchestrator] URLs derived for injector (if active): ['http://localhost:8080']
[Sniffer] Label set to: benign
[DEBUG Orchestrator] Should attack be active now? True (window: 20s-160s)
[DEBUG Orchestrator] End of Iteration. previous_num_instances_for_injector_logic updated to: 1
[DEGUG Orchestrator Loop Duration] Loop Duration = 2976.046446886
[Sniffer] Label set to: benign

--- Iteration 22 | Time: 105.0s / 180s ---
[Orchestrator]RTT = 47.18237739998585
[Orchestrator] Metrics: 1 active instance(s), Avg CPU: 45.99%, Avg App MEM: 25.69 MB
[Autoscaler] Decision: NO_ACTION. Avg CPU: 45.99% is within thresholds (25.0% - 60.0%).
[DEBUG Orchestrator] Iteration Start. Instances Before Injector Logic: 1, Prev Injector Logic Instances: 1, Attack Started Flag: True, Normal Traffic Started Flag: True
[DEBUG Orchestrator] URLs derived for injector (if active): ['http://localhost:8080']
[Sniffer] Label set to: benign
[DEBUG Orchestrator] Should attack be active now? True (window: 20s-160s)
[DEBUG Orchestrator] End of Iteration. previous_num_instances_for_injector_logic updated to: 1
[DEGUG Orchestrator Loop Duration] Loop Duration = 2981.046446886
[Sniffer] Label set to: benign

--- Iteration 23 | Time: 110.0s / 180s ---
[Orchestrator]RTT = 46.44462583329793
[Orchestrator] Metrics: 1 active instance(s), Avg CPU: 42.47%, Avg App MEM: 25.57 MB
[Autoscaler] Decision: NO_ACTION. Avg CPU: 42.47% is within thresholds (25.0% - 60.0%).
[DEBUG Orchestrator] Iteration Start. Instances Before Injector Logic: 1, Prev Injector Logic Instances: 1, Attack Started Flag: True, Normal Traffic Started Flag: True
[DEBUG Orchestrator] URLs derived for injector (if active): ['http://localhost:8080']
[Sniffer] Label set to: benign
[DEBUG Orchestrator] Should attack be active now? True (window: 20s-160s)
[DEBUG Orchestrator] End of Iteration. previous_num_instances_for_injector_logic updated to: 1
[DEGUG Orchestrator Loop Duration] Loop Duration = 2986.046446886
[Sniffer] Label set to: benign

--- Iteration 24 | Time: 115.0s / 180s ---
[Orchestrator]RTT = 46.746160666771175
[Orchestrator] Metrics: 1 active instance(s), Avg CPU: 60.14%, Avg App MEM: 25.69 MB
[Autoscaler] Decision: SCALE_UP. Avg CPU: 60.14% > 60.0%. Current instances: 1, Max: 4
[Orchestrator] Action: Scaling UP from 1 instance(s). Attempting to start instance 2.
Attempting to start container target_instance_2 mapping container:80 to host:8081...
Container 1415e39f6f (target_instance_2) started. Accessible on host port 8081.
[Orchestrator] Successfully started target_instance_2. Now 2 instance(s).
[Autoscaler] Scale action recorded. New instance count: 2. Cooldown timer reset.
[DEBUG Orchestrator] Iteration Start. Instances Before Injector Logic: 2, Prev Injector Logic Instances: 1, Attack Started Flag: True, Normal Traffic Started Flag: True
[DEBUG Orchestrator] URLs derived for injector (if active): ['http://localhost:8080', 'http://localhost:8081']
[Sniffer] Label set to: benign
[DEBUG Orchestrator] Should attack be active now? True (window: 20s-160s)
[DEBUG Orchestrator] Condition: Needs to RESTART attack (num instances changed from 1 to 2 AND attack was active).
[Orchestrator] Attack active and restart needed. Stopping current traffic injector...
[Injector] Signaling HTTP flood workers to stop...
[Injector] Stop signal sent (non-blocking).
[DEBUG Orchestrator] Called stop_http_flood. Sleeping for 1s...
  [Injector Worker 128505329206976] Stopped. Total requests: 64, Errors: 0
[DEBUG Orchestrator] Resuming after sleep.
[Orchestrator] Starting/Restarting HTTP flood. Target URLs for this call: ['http://localhost:8080', 'http://localhost:8081']
[Injector] Starting HTTP flood with 4 attackers, ~2.0 RPS total, across 2 targets: http://localhost:8080, http://localhost:8081
  [Injector Worker 128505329206976] Started. Target: http://localhost:8080?work=125000&sleep=0.0, RPS: 0.50, Mean interval: 2.0000s (Poisson)
  [Injector Worker 128505295636160] Started. Target: http://localhost:8081?work=125000&sleep=0.0, RPS: 0.50, Mean interval: 2.0000s (Poisson)
  [Injector Worker 128505287243456] Started. Target: http://localhost:8080?work=125000&sleep=0.0, RPS: 0.50, Mean interval: 2.0000s (Poisson)
  [Injector Worker 128505278850752] Started. Target: http://localhost:8081?work=125000&sleep=0.0, RPS: 0.50, Mean interval: 2.0000s (Poisson)
[Injector] All 4 attacker threads launched.
[Sniffer] Label set to: attack
[DEBUG Orchestrator] attack_has_started flag set to TRUE.
[DEBUG Orchestrator] End of Iteration. previous_num_instances_for_injector_logic updated to: 2
[DEGUG Orchestrator Loop Duration] Loop Duration = 2991.046446886
[Sniffer] Label set to: benign

--- Iteration 25 | Time: 120.0s / 180s ---
[Orchestrator]RTT = 75.98669538462953
[Orchestrator] Metrics: 2 active instance(s), Avg CPU: 43.29%, Avg App MEM: 23.93 MB
[Autoscaler]In cooldown: 14.99719234899976
[DEBUG Orchestrator] Iteration Start. Instances Before Injector Logic: 2, Prev Injector Logic Instances: 2, Attack Started Flag: True, Normal Traffic Started Flag: True
[DEBUG Orchestrator] URLs derived for injector (if active): ['http://localhost:8080', 'http://localhost:8081']
[Sniffer] Label set to: benign
[DEBUG Orchestrator] Should attack be active now? True (window: 20s-160s)
[DEBUG Orchestrator] End of Iteration. previous_num_instances_for_injector_logic updated to: 2
[DEGUG Orchestrator Loop Duration] Loop Duration = 2996.046446886
[Sniffer] Label set to: benign

--- Iteration 26 | Time: 125.0s / 180s ---
[Orchestrator]RTT = 37.3082373077103
[Orchestrator] Metrics: 2 active instance(s), Avg CPU: 27.30%, Avg App MEM: 23.39 MB
[Autoscaler]In cooldown: 10.0005958859997
[DEBUG Orchestrator] Iteration Start. Instances Before Injector Logic: 2, Prev Injector Logic Instances: 2, Attack Started Flag: True, Normal Traffic Started Flag: True
[DEBUG Orchestrator] URLs derived for injector (if active): ['http://localhost:8080', 'http://localhost:8081']
[Sniffer] Label set to: benign
[DEBUG Orchestrator] Should attack be active now? True (window: 20s-160s)
[DEBUG Orchestrator] End of Iteration. previous_num_instances_for_injector_logic updated to: 2
[DEGUG Orchestrator Loop Duration] Loop Duration = 3001.046446886
[Sniffer] Label set to: benign

--- Iteration 27 | Time: 130.0s / 180s ---
[Orchestrator]RTT = 42.431569199986065
[Orchestrator] Metrics: 2 active instance(s), Avg CPU: 31.93%, Avg App MEM: 23.39 MB
[Autoscaler]In cooldown: 5.000690409999606
[DEBUG Orchestrator] Iteration Start. Instances Before Injector Logic: 2, Prev Injector Logic Instances: 2, Attack Started Flag: True, Normal Traffic Started Flag: True
[DEBUG Orchestrator] URLs derived for injector (if active): ['http://localhost:8080', 'http://localhost:8081']
[Sniffer] Label set to: benign
[DEBUG Orchestrator] Should attack be active now? True (window: 20s-160s)
[DEBUG Orchestrator] End of Iteration. previous_num_instances_for_injector_logic updated to: 2
[DEGUG Orchestrator Loop Duration] Loop Duration = 3006.046446886
[Sniffer] Label set to: benign

--- Iteration 28 | Time: 135.0s / 180s ---
[Orchestrator]RTT = 42.55028666660918
[Orchestrator] Metrics: 2 active instance(s), Avg CPU: 33.31%, Avg App MEM: 23.27 MB
[Autoscaler] Decision: NO_ACTION. Avg CPU: 33.31% is within thresholds (25.0% - 60.0%).
[DEBUG Orchestrator] Iteration Start. Instances Before Injector Logic: 2, Prev Injector Logic Instances: 2, Attack Started Flag: True, Normal Traffic Started Flag: True
[DEBUG Orchestrator] URLs derived for injector (if active): ['http://localhost:8080', 'http://localhost:8081']
[Sniffer] Label set to: benign
[DEBUG Orchestrator] Should attack be active now? True (window: 20s-160s)
[DEBUG Orchestrator] End of Iteration. previous_num_instances_for_injector_logic updated to: 2
[DEGUG Orchestrator Loop Duration] Loop Duration = 3011.046446886
[Sniffer] Label set to: benign

--- Iteration 29 | Time: 140.0s / 180s ---
[Orchestrator]RTT = 48.270013423042165
[Orchestrator] Metrics: 2 active instance(s), Avg CPU: 38.59%, Avg App MEM: 23.65 MB
[Autoscaler] Decision: NO_ACTION. Avg CPU: 38.59% is within thresholds (25.0% - 60.0%).
[DEBUG Orchestrator] Iteration Start. Instances Before Injector Logic: 2, Prev Injector Logic Instances: 2, Attack Started Flag: True, Normal Traffic Started Flag: True
[DEBUG Orchestrator] URLs derived for injector (if active): ['http://localhost:8080', 'http://localhost:8081']
[Sniffer] Label set to: benign
[DEBUG Orchestrator] Should attack be active now? True (window: 20s-160s)
[DEBUG Orchestrator] End of Iteration. previous_num_instances_for_injector_logic updated to: 2
[DEGUG Orchestrator Loop Duration] Loop Duration = 3016.046446886
[Sniffer] Label set to: benign

--- Iteration 30 | Time: 145.0s / 180s ---
[Orchestrator]RTT = 47.03892000006249
[Orchestrator] Metrics: 2 active instance(s), Avg CPU: 41.38%, Avg App MEM: 24.29 MB
[Autoscaler] Decision: NO_ACTION. Avg CPU: 41.38% is within thresholds (25.0% - 60.0%).
[DEBUG Orchestrator] Iteration Start. Instances Before Injector Logic: 2, Prev Injector Logic Instances: 2, Attack Started Flag: True, Normal Traffic Started Flag: True
[DEBUG Orchestrator] URLs derived for injector (if active): ['http://localhost:8080', 'http://localhost:8081']
[Sniffer] Label set to: benign
[DEBUG Orchestrator] Should attack be active now? True (window: 20s-160s)
[DEBUG Orchestrator] End of Iteration. previous_num_instances_for_injector_logic updated to: 2
[DEGUG Orchestrator Loop Duration] Loop Duration = 3021.046446886
[Sniffer] Label set to: benign

--- Iteration 31 | Time: 150.0s / 180s ---
[Orchestrator]RTT = 66.59815349996734
[Orchestrator] Metrics: 2 active instance(s), Avg CPU: 24.74%, Avg App MEM: 23.40 MB
[Autoscaler] Decision: SCALE_DOWN. Avg CPU: 24.74% < 25.0%. Current instances: 2, Min: 1
[Orchestrator] Action: Scaling DOWN from 2 instance(s). Stopping target_instance_2.
Attempting to stop and remove container target_instance_2...
Container target_instance_2 stopped and removed.
[Orchestrator] Successfully stopped target_instance_2. Now 1 instance(s).
[Autoscaler] Scale action recorded. New instance count: 1. Cooldown timer reset.
[DEBUG Orchestrator] Iteration Start. Instances Before Injector Logic: 1, Prev Injector Logic Instances: 2, Attack Started Flag: True, Normal Traffic Started Flag: True
[DEBUG Orchestrator] URLs derived for injector (if active): ['http://localhost:8080']
[Sniffer] Label set to: benign
[DEBUG Orchestrator] Should attack be active now? True (window: 20s-160s)
[DEBUG Orchestrator] Condition: Needs to RESTART attack (num instances changed from 2 to 1 AND attack was active).
[Orchestrator] Attack active and restart needed. Stopping current traffic injector...
[Injector] Signaling HTTP flood workers to stop...
[Injector] Stop signal sent (non-blocking).
[DEBUG Orchestrator] Called stop_http_flood. Sleeping for 1s...
  [Injector Worker 128505345992384] Stopped. Total requests: 67, Errors: 0
  [Injector Worker 128505329206976] Stopped. Total requests: 23, Errors: 0
[DEBUG Orchestrator] Resuming after sleep.
[Orchestrator] Starting/Restarting HTTP flood. Target URLs for this call: ['http://localhost:8080']
[Injector] Starting HTTP flood with 4 attackers, ~2.0 RPS total, across 1 targets: http://localhost:8080
  [Injector Worker 128505329206976] Started. Target: http://localhost:8080?work=125000&sleep=0.0, RPS: 0.50, Mean interval: 2.0000s (Poisson)
  [Injector Worker 128505345992384] Started. Target: http://localhost:8080?work=125000&sleep=0.0, RPS: 0.50, Mean interval: 2.0000s (Poisson)
  [Injector Worker 128505262065344] Started. Target: http://localhost:8080?work=125000&sleep=0.0, RPS: 0.50, Mean interval: 2.0000s (Poisson)
  [Injector Worker 128505245279936] Started. Target: http://localhost:8080?work=125000&sleep=0.0, RPS: 0.50, Mean interval: 2.0000s (Poisson)
[Injector] All 4 attacker threads launched.
[Sniffer] Label set to: attack
[DEBUG Orchestrator] attack_has_started flag set to TRUE.
[DEBUG Orchestrator] End of Iteration. previous_num_instances_for_injector_logic updated to: 1
[DEGUG Orchestrator Loop Duration] Loop Duration = 3026.046446886
[Orchestrator] Warning: Loop iteration took longer than MONITOR_INTERVAL_SECONDS (5s). Not sleeping.
[Sniffer] Label set to: benign

--- Iteration 32 | Time: 157.7s / 180s ---
[Orchestrator]RTT = 55.032431349991384
[Orchestrator] Metrics: 1 active instance(s), Avg CPU: 58.24%, Avg App MEM: 25.96 MB
[Autoscaler]In cooldown: 12.396986620999996
[DEBUG Orchestrator] Iteration Start. Instances Before Injector Logic: 1, Prev Injector Logic Instances: 1, Attack Started Flag: True, Normal Traffic Started Flag: True
[DEBUG Orchestrator] URLs derived for injector (if active): ['http://localhost:8080']
[Sniffer] Label set to: benign
[DEBUG Orchestrator] Should attack be active now? True (window: 20s-160s)
[DEBUG Orchestrator] End of Iteration. previous_num_instances_for_injector_logic updated to: 1
[DEGUG Orchestrator Loop Duration] Loop Duration = 3031.046446886
[Sniffer] Label set to: benign

--- Iteration 33 | Time: 160.0s / 180s ---
[Orchestrator]RTT = 65.84561693328699
[Orchestrator] Metrics: 1 active instance(s), Avg CPU: 56.59%, Avg App MEM: 26.00 MB
[Autoscaler]In cooldown: 10.070958469999823
[DEBUG Orchestrator] Iteration Start. Instances Before Injector Logic: 1, Prev Injector Logic Instances: 1, Attack Started Flag: True, Normal Traffic Started Flag: True
[DEBUG Orchestrator] URLs derived for injector (if active): ['http://localhost:8080']
[Sniffer] Label set to: benign
[DEBUG Orchestrator] Should attack be active now? False (window: 20s-160s)
[Orchestrator] Attack duration ended or outside schedule. Stopping HTTP flood.
[Injector] Signaling HTTP flood workers to stop...
  [Injector Worker 128505287243456] Stopped. Total requests: 19, Errors: 0
[Injector] Stop signal sent (non-blocking).
[DEBUG Orchestrator] attack_has_started flag set to FALSE (attack period ended).
[DEBUG Orchestrator] End of Iteration. previous_num_instances_for_injector_logic updated to: 1
[DEGUG Orchestrator Loop Duration] Loop Duration = 3036.046446886
  [Injector Worker 128505278850752] Stopped. Total requests: 20, Errors: 0
  [Injector Worker 128505345992384] Stopped. Total requests: 2, Errors: 0
  [Injector Worker 128505329206976] Stopped. Total requests: 2, Errors: 0
  [Injector Worker 128505312421568] Stopped. Total requests: 65, Errors: 0
  [Injector Worker 128505295636160] Stopped. Total requests: 21, Errors: 2
  [Injector Worker 128505438246592] Stopped. Total requests: 66, Errors: 0
  [Injector Worker 128505262065344] Stopped. Total requests: 4, Errors: 0
[Sniffer] Label set to: benign

--- Iteration 34 | Time: 165.0s / 180s ---
[Orchestrator]RTT = 34.24695688980382
[Orchestrator] Metrics: 1 active instance(s), Avg CPU: 51.05%, Avg App MEM: 26.26 MB
[Autoscaler]In cooldown: 5.066835370999797
[DEBUG Orchestrator] Iteration Start. Instances Before Injector Logic: 1, Prev Injector Logic Instances: 1, Attack Started Flag: False, Normal Traffic Started Flag: True
[DEBUG Orchestrator] URLs derived for injector (if active): ['http://localhost:8080']
[Sniffer] Label set to: benign
[DEBUG Orchestrator] Should attack be active now? False (window: 20s-160s)
[DEBUG Orchestrator] End of Iteration. previous_num_instances_for_injector_logic updated to: 1
[DEGUG Orchestrator Loop Duration] Loop Duration = 3041.046446886
[Sniffer] Label set to: benign

--- Iteration 35 | Time: 170.0s / 180s ---
[Orchestrator]RTT = 34.16777963982255
[Orchestrator] Metrics: 1 active instance(s), Avg CPU: 35.50%, Avg App MEM: 25.81 MB
[Autoscaler] Decision: NO_ACTION. Avg CPU: 35.50% is within thresholds (25.0% - 60.0%).
[DEBUG Orchestrator] Iteration Start. Instances Before Injector Logic: 1, Prev Injector Logic Instances: 1, Attack Started Flag: False, Normal Traffic Started Flag: True
[DEBUG Orchestrator] URLs derived for injector (if active): ['http://localhost:8080']
[Sniffer] Label set to: benign
[DEBUG Orchestrator] Should attack be active now? False (window: 20s-160s)
[DEBUG Orchestrator] End of Iteration. previous_num_instances_for_injector_logic updated to: 1
[DEGUG Orchestrator Loop Duration] Loop Duration = 3046.046446886
  [Injector Worker 128505245279936] Stopped. Total requests: 4, Errors: 0
[Sniffer] Label set to: benign

--- Iteration 36 | Time: 175.0s / 180s ---
[Orchestrator]RTT = 33.54888866942459
[Orchestrator] Metrics: 1 active instance(s), Avg CPU: 46.81%, Avg App MEM: 25.79 MB
[Autoscaler] Decision: NO_ACTION. Avg CPU: 46.81% is within thresholds (25.0% - 60.0%).
[DEBUG Orchestrator] Iteration Start. Instances Before Injector Logic: 1, Prev Injector Logic Instances: 1, Attack Started Flag: False, Normal Traffic Started Flag: True
[DEBUG Orchestrator] URLs derived for injector (if active): ['http://localhost:8080']
[Sniffer] Label set to: benign
[DEBUG Orchestrator] Should attack be active now? False (window: 20s-160s)
[DEBUG Orchestrator] End of Iteration. previous_num_instances_for_injector_logic updated to: 1
[DEGUG Orchestrator Loop Duration] Loop Duration = 3051.046446886

[Orchestrator] Simulation duration reached.
[Orchestrator] Saving RTT log...
[Sniffer] Realtime tcpdump stopped.
[Orchestrator] Stopping normal traffic...
[Normal_Injector] Signaling workers to stop...
  [Normal_Injector Worker 128510210057920] Stopped. Total requests: 8572, Errors: 0
  [Normal_Injector Worker 128510226843328] Stopped. Total requests: 8742, Errors: 0
  [Normal_Injector Worker 128510201665216] Stopped. Total requests: 8643, Errors: 0
  [Normal_Injector Worker 128510243628736] Stopped. Total requests: 8622, Errors: 0
[Normal_Injector] Stop signal sent (non-blocking).
[Orchestrator] Cleaning up all simulation instances...
Cleaning up all simulation instances...
Stopping and removing container: target_instance_1 (44ee729bc0)...
  Container target_instance_1 removed.
Simulation instance cleanup complete.
[Stats_Collector] Stopping stats collector thread...
[Orchestrator] Simulation Complete. Total Fictional Cost: $0.0012
[Orchestrator] Metrics logged in: simulation_metrics.csv

===== [stage1b] S3 (200 req/s normal) + 1% ataque (~2.000 req/s) @ WU=150000 rep=1 =====
Attacker RPS set to: 0.5
Number of attackers set to: 4
Simulation duration set to: 180
Attack work units set to: 150000
Normal traffic RPS per client set to: 50.0
Normal traffic work units set to: 10
[Orchestrator] Initializing simulation environment...
[Sniffer] Realtime tcpdump started on any
[Sniffer] Label set to: benign
[Autoscaler] Initialized.
Attempting to build Docker image: edos_target_app:latest...
Image edos_target_app:latest already exists. Skipping build.
Docker network 'edos_network' already exists.
[Orchestrator] Cleaning up any pre-existing simulation instances...
Cleaning up all simulation instances...
No simulation instances found to clean up.
[Orchestrator] Starting initial 1 instance(s)...
Attempting to start container target_instance_1 mapping container:80 to host:8080...
Container f47219efbf (target_instance_1) started. Accessible on host port 8080.
[Autoscaler] Initial number of instances set to: 1
[Orchestrator] 1 initial instance(s) running.
[Orchestrator] Metrics will be logged to: simulation_metrics.csv
[Orchestrator] Attack summary will be logged to: attack_summary_log.csv
[Orchestrator] Normal traffic summary will be logged to: normal_traffic_summary_log.csv
[Orchestrator] Starting simulation main loop for 180 seconds.
[Orchestrator] Monitoring interval: 5s. Cooldown: 20s.
[Orchestrator] CPU Thresholds: Scale Up > 60.0%, Scale Down < 25.0%
[Orchestrator] Traffic injection scheduled: Start at 20s, Duration 140s.
[Sniffer] Label set to: benign

--- Iteration 1 | Time: 0.0s / 180s ---
[Orchestrator]RTT = 0.0
[Orchestrator] Metrics: 1 active instance(s), Avg CPU: 0.00%, Avg App MEM: 0.00 MB
[Autoscaler] Condition for SCALE_DOWN met (Avg CPU: 0.00%), but already at MIN_INSTANCES (1). No action.
[DEBUG Orchestrator] Iteration Start. Instances Before Injector Logic: 1, Prev Injector Logic Instances: 1, Attack Started Flag: False, Normal Traffic Started Flag: False
[DEBUG Orchestrator] URLs derived for injector (if active): ['http://localhost:8080']
[Sniffer] Label set to: benign
[DEBUG Orchestrator] Should attack be active now? False (window: 20s-160s)
[Orchestrator] Starting/Restarting Normal Traffic. Target URLs for this call: ['http://localhost:8080']
[Normal_Injector] Starting HTTP flood with 4 attackers, ~200.0 RPS total, across 1 targets: http://localhost:8080
  [Normal_Injector Worker 134980128978624] Started. Target: http://localhost:8080?work=10&sleep=0.0, RPS: 50.00, Mean interval: 0.0200s (Poisson)
  [Normal_Injector Worker 134980112193216] Started. Target: http://localhost:8080?work=10&sleep=0.0, RPS: 50.00, Mean interval: 0.0200s (Poisson)
  [Normal_Injector Worker 134980103800512] Started. Target: http://localhost:8080?work=10&sleep=0.0, RPS: 50.00, Mean interval: 0.0200s (Poisson)
  [Normal_Injector Worker 134979614930624] Started. Target: http://localhost:8080?work=10&sleep=0.0, RPS: 50.00, Mean interval: 0.0200s (Poisson)
[Normal_Injector] All 4 attacker threads launched.
[DEBUG Orchestrator] End of Iteration. previous_num_instances_for_injector_logic updated to: 1
[DEGUG Orchestrator Loop Duration] Loop Duration = 3061.171888598
[Sniffer] Label set to: benign

--- Iteration 2 | Time: 5.0s / 180s ---
[Orchestrator]RTT = 34.096033125904576
[Orchestrator] Metrics: 1 active instance(s), Avg CPU: 40.89%, Avg App MEM: 24.36 MB
[Autoscaler] Decision: NO_ACTION. Avg CPU: 40.89% is within thresholds (25.0% - 60.0%).
[DEBUG Orchestrator] Iteration Start. Instances Before Injector Logic: 1, Prev Injector Logic Instances: 1, Attack Started Flag: False, Normal Traffic Started Flag: True
[DEBUG Orchestrator] URLs derived for injector (if active): ['http://localhost:8080']
[Sniffer] Label set to: benign
[DEBUG Orchestrator] Should attack be active now? False (window: 20s-160s)
[DEBUG Orchestrator] End of Iteration. previous_num_instances_for_injector_logic updated to: 1
[DEGUG Orchestrator Loop Duration] Loop Duration = 3066.171888598
[Sniffer] Label set to: benign

--- Iteration 3 | Time: 10.0s / 180s ---
[Orchestrator]RTT = 33.81118806110914
[Orchestrator] Metrics: 1 active instance(s), Avg CPU: 46.70%, Avg App MEM: 24.59 MB
[Autoscaler] Decision: NO_ACTION. Avg CPU: 46.70% is within thresholds (25.0% - 60.0%).
[DEBUG Orchestrator] Iteration Start. Instances Before Injector Logic: 1, Prev Injector Logic Instances: 1, Attack Started Flag: False, Normal Traffic Started Flag: True
[DEBUG Orchestrator] URLs derived for injector (if active): ['http://localhost:8080']
[Sniffer] Label set to: benign
[DEBUG Orchestrator] Should attack be active now? False (window: 20s-160s)
[DEBUG Orchestrator] End of Iteration. previous_num_instances_for_injector_logic updated to: 1
[DEGUG Orchestrator Loop Duration] Loop Duration = 3071.171888598
[Sniffer] Label set to: benign

--- Iteration 4 | Time: 15.0s / 180s ---
[Orchestrator]RTT = 34.91447639121875
[Orchestrator] Metrics: 1 active instance(s), Avg CPU: 42.63%, Avg App MEM: 24.55 MB
[Autoscaler] Decision: NO_ACTION. Avg CPU: 42.63% is within thresholds (25.0% - 60.0%).
[DEBUG Orchestrator] Iteration Start. Instances Before Injector Logic: 1, Prev Injector Logic Instances: 1, Attack Started Flag: False, Normal Traffic Started Flag: True
[DEBUG Orchestrator] URLs derived for injector (if active): ['http://localhost:8080']
[Sniffer] Label set to: benign
[DEBUG Orchestrator] Should attack be active now? False (window: 20s-160s)
[DEBUG Orchestrator] End of Iteration. previous_num_instances_for_injector_logic updated to: 1
[DEGUG Orchestrator Loop Duration] Loop Duration = 3076.171888598
[Sniffer] Label set to: benign

--- Iteration 5 | Time: 20.0s / 180s ---
[Orchestrator]RTT = 34.02519785856341
[Orchestrator] Metrics: 1 active instance(s), Avg CPU: 42.61%, Avg App MEM: 25.03 MB
[Autoscaler] Decision: NO_ACTION. Avg CPU: 42.61% is within thresholds (25.0% - 60.0%).
[DEBUG Orchestrator] Iteration Start. Instances Before Injector Logic: 1, Prev Injector Logic Instances: 1, Attack Started Flag: False, Normal Traffic Started Flag: True
[DEBUG Orchestrator] URLs derived for injector (if active): ['http://localhost:8080']
[Sniffer] Label set to: benign
[DEBUG Orchestrator] Should attack be active now? True (window: 20s-160s)
[DEBUG Orchestrator] Condition: Needs to START attack (was not started and in attack window).
[Orchestrator] Starting/Restarting HTTP flood. Target URLs for this call: ['http://localhost:8080']
[Injector] Starting HTTP flood with 4 attackers, ~2.0 RPS total, across 1 targets: http://localhost:8080
  [Injector Worker 134975261214400] Started. Target: http://localhost:8080?work=150000&sleep=0.0, RPS: 0.50, Mean interval: 2.0000s (Poisson)
  [Injector Worker 134975244428992] Started. Target: http://localhost:8080?work=150000&sleep=0.0, RPS: 0.50, Mean interval: 2.0000s (Poisson)
  [Injector Worker 134975227643584] Started. Target: http://localhost:8080?work=150000&sleep=0.0, RPS: 0.50, Mean interval: 2.0000s (Poisson)
  [Injector Worker 134975210858176] Started. Target: http://localhost:8080?work=150000&sleep=0.0, RPS: 0.50, Mean interval: 2.0000s (Poisson)
[Injector] All 4 attacker threads launched.
[Sniffer] Label set to: attack
[DEBUG Orchestrator] attack_has_started flag set to TRUE.
[DEBUG Orchestrator] End of Iteration. previous_num_instances_for_injector_logic updated to: 1
[DEGUG Orchestrator Loop Duration] Loop Duration = 3081.171888598
[Sniffer] Label set to: benign

--- Iteration 6 | Time: 25.0s / 180s ---
[Orchestrator]RTT = 60.88957068749323
[Orchestrator] Metrics: 1 active instance(s), Avg CPU: 62.04%, Avg App MEM: 25.33 MB
[Autoscaler] Decision: SCALE_UP. Avg CPU: 62.04% > 60.0%. Current instances: 1, Max: 4
[Orchestrator] Action: Scaling UP from 1 instance(s). Attempting to start instance 2.
Attempting to start container target_instance_2 mapping container:80 to host:8081...
Container 9030252e06 (target_instance_2) started. Accessible on host port 8081.
[Orchestrator] Successfully started target_instance_2. Now 2 instance(s).
[Autoscaler] Scale action recorded. New instance count: 2. Cooldown timer reset.
[DEBUG Orchestrator] Iteration Start. Instances Before Injector Logic: 2, Prev Injector Logic Instances: 1, Attack Started Flag: True, Normal Traffic Started Flag: True
[DEBUG Orchestrator] URLs derived for injector (if active): ['http://localhost:8080', 'http://localhost:8081']
[Sniffer] Label set to: benign
[DEBUG Orchestrator] Should attack be active now? True (window: 20s-160s)
[DEBUG Orchestrator] Condition: Needs to RESTART attack (num instances changed from 1 to 2 AND attack was active).
[Orchestrator] Attack active and restart needed. Stopping current traffic injector...
[Injector] Signaling HTTP flood workers to stop...
[Injector] Stop signal sent (non-blocking).
[DEBUG Orchestrator] Called stop_http_flood. Sleeping for 1s...
  [Injector Worker 134975261214400] Stopped. Total requests: 4, Errors: 0
  [Injector Worker 134975244428992] Stopped. Total requests: 3, Errors: 0
[DEBUG Orchestrator] Resuming after sleep.
[Orchestrator] Starting/Restarting HTTP flood. Target URLs for this call: ['http://localhost:8080', 'http://localhost:8081']
[Injector] Starting HTTP flood with 4 attackers, ~2.0 RPS total, across 2 targets: http://localhost:8080, http://localhost:8081
  [Injector Worker 134975244428992] Started. Target: http://localhost:8080?work=150000&sleep=0.0, RPS: 0.50, Mean interval: 2.0000s (Poisson)
  [Injector Worker 134975261214400] Started. Target: http://localhost:8081?work=150000&sleep=0.0, RPS: 0.50, Mean interval: 2.0000s (Poisson)
  [Injector Worker 134975194072768] Started. Target: http://localhost:8080?work=150000&sleep=0.0, RPS: 0.50, Mean interval: 2.0000s (Poisson)
  [Injector Worker 134975185680064] Started. Target: http://localhost:8081?work=150000&sleep=0.0, RPS: 0.50, Mean interval: 2.0000s (Poisson)
[Injector] All 4 attacker threads launched.
[Sniffer] Label set to: attack
[DEBUG Orchestrator] attack_has_started flag set to TRUE.
[DEBUG Orchestrator] End of Iteration. previous_num_instances_for_injector_logic updated to: 2
[DEGUG Orchestrator Loop Duration] Loop Duration = 3086.171888598
[Sniffer] Label set to: benign

--- Iteration 7 | Time: 30.0s / 180s ---
[Orchestrator]RTT = 55.83284675009281
[Orchestrator] Metrics: 2 active instance(s), Avg CPU: 51.86%, Avg App MEM: 25.65 MB
[Autoscaler]In cooldown: 14.995459151000432
[DEBUG Orchestrator] Iteration Start. Instances Before Injector Logic: 2, Prev Injector Logic Instances: 2, Attack Started Flag: True, Normal Traffic Started Flag: True
[DEBUG Orchestrator] URLs derived for injector (if active): ['http://localhost:8080', 'http://localhost:8081']
[Sniffer] Label set to: benign
[DEBUG Orchestrator] Should attack be active now? True (window: 20s-160s)
[DEBUG Orchestrator] End of Iteration. previous_num_instances_for_injector_logic updated to: 2
[DEGUG Orchestrator Loop Duration] Loop Duration = 3091.171888598
[Sniffer] Label set to: benign

--- Iteration 8 | Time: 35.0s / 180s ---
[Orchestrator]RTT = 71.5914547500347
[Orchestrator] Metrics: 2 active instance(s), Avg CPU: 24.94%, Avg App MEM: 23.35 MB
[Autoscaler]In cooldown: 10.000931409000259
[DEBUG Orchestrator] Iteration Start. Instances Before Injector Logic: 2, Prev Injector Logic Instances: 2, Attack Started Flag: True, Normal Traffic Started Flag: True
[DEBUG Orchestrator] URLs derived for injector (if active): ['http://localhost:8080', 'http://localhost:8081']
[Sniffer] Label set to: benign
[DEBUG Orchestrator] Should attack be active now? True (window: 20s-160s)
[DEBUG Orchestrator] End of Iteration. previous_num_instances_for_injector_logic updated to: 2
[DEGUG Orchestrator Loop Duration] Loop Duration = 3096.171888598
[Sniffer] Label set to: benign

--- Iteration 9 | Time: 40.0s / 180s ---
[Orchestrator]RTT = 44.940776125031334
[Orchestrator] Metrics: 2 active instance(s), Avg CPU: 17.42%, Avg App MEM: 22.75 MB
[Autoscaler]In cooldown: 5.00020022300032
[DEBUG Orchestrator] Iteration Start. Instances Before Injector Logic: 2, Prev Injector Logic Instances: 2, Attack Started Flag: True, Normal Traffic Started Flag: True
[DEBUG Orchestrator] URLs derived for injector (if active): ['http://localhost:8080', 'http://localhost:8081']
[Sniffer] Label set to: benign
[DEBUG Orchestrator] Should attack be active now? True (window: 20s-160s)
[DEBUG Orchestrator] End of Iteration. previous_num_instances_for_injector_logic updated to: 2
[DEGUG Orchestrator Loop Duration] Loop Duration = 3101.171888598
[Sniffer] Label set to: benign

--- Iteration 10 | Time: 45.0s / 180s ---
[Orchestrator]RTT = 72.38349485714934
[Orchestrator] Metrics: 2 active instance(s), Avg CPU: 33.49%, Avg App MEM: 23.46 MB
[Autoscaler] Decision: NO_ACTION. Avg CPU: 33.49% is within thresholds (25.0% - 60.0%).
[DEBUG Orchestrator] Iteration Start. Instances Before Injector Logic: 2, Prev Injector Logic Instances: 2, Attack Started Flag: True, Normal Traffic Started Flag: True
[DEBUG Orchestrator] URLs derived for injector (if active): ['http://localhost:8080', 'http://localhost:8081']
[Sniffer] Label set to: benign
[DEBUG Orchestrator] Should attack be active now? True (window: 20s-160s)
[DEBUG Orchestrator] End of Iteration. previous_num_instances_for_injector_logic updated to: 2
[DEGUG Orchestrator Loop Duration] Loop Duration = 3106.171888598
[Sniffer] Label set to: benign

--- Iteration 11 | Time: 50.0s / 180s ---
[Orchestrator]RTT = 50.19857414283381
[Orchestrator] Metrics: 2 active instance(s), Avg CPU: 21.04%, Avg App MEM: 23.47 MB
[Autoscaler] Decision: SCALE_DOWN. Avg CPU: 21.04% < 25.0%. Current instances: 2, Min: 1
[Orchestrator] Action: Scaling DOWN from 2 instance(s). Stopping target_instance_2.
Attempting to stop and remove container target_instance_2...
Container target_instance_2 stopped and removed.
[Orchestrator] Successfully stopped target_instance_2. Now 1 instance(s).
[Autoscaler] Scale action recorded. New instance count: 1. Cooldown timer reset.
[DEBUG Orchestrator] Iteration Start. Instances Before Injector Logic: 1, Prev Injector Logic Instances: 2, Attack Started Flag: True, Normal Traffic Started Flag: True
[DEBUG Orchestrator] URLs derived for injector (if active): ['http://localhost:8080']
[Sniffer] Label set to: benign
[DEBUG Orchestrator] Should attack be active now? True (window: 20s-160s)
[DEBUG Orchestrator] Condition: Needs to RESTART attack (num instances changed from 2 to 1 AND attack was active).
[Orchestrator] Attack active and restart needed. Stopping current traffic injector...
[Injector] Signaling HTTP flood workers to stop...
  [Injector Worker 134975210858176] Stopped. Total requests: 15, Errors: 0
  [Injector Worker 134975244428992] Stopped. Total requests: 18, Errors: 0
[Injector] Stop signal sent (non-blocking).
[DEBUG Orchestrator] Called stop_http_flood. Sleeping for 1s...
[DEBUG Orchestrator] Resuming after sleep.
[Orchestrator] Starting/Restarting HTTP flood. Target URLs for this call: ['http://localhost:8080']
[Injector] Starting HTTP flood with 4 attackers, ~2.0 RPS total, across 1 targets: http://localhost:8080
  [Injector Worker 134975244428992] Started. Target: http://localhost:8080?work=150000&sleep=0.0, RPS: 0.50, Mean interval: 2.0000s (Poisson)
  [Injector Worker 134975210858176] Started. Target: http://localhost:8080?work=150000&sleep=0.0, RPS: 0.50, Mean interval: 2.0000s (Poisson)
  [Injector Worker 134975177287360] Started. Target: http://localhost:8080?work=150000&sleep=0.0, RPS: 0.50, Mean interval: 2.0000s (Poisson)
  [Injector Worker 134975168894656] Started. Target: http://localhost:8080?work=150000&sleep=0.0, RPS: 0.50, Mean interval: 2.0000s (Poisson)
[Injector] All 4 attacker threads launched.
[Sniffer] Label set to: attack
[DEBUG Orchestrator] attack_has_started flag set to TRUE.
[DEBUG Orchestrator] End of Iteration. previous_num_instances_for_injector_logic updated to: 1
[DEGUG Orchestrator Loop Duration] Loop Duration = 3111.171888598
[Orchestrator] Warning: Loop iteration took longer than MONITOR_INTERVAL_SECONDS (5s). Not sleeping.
[Sniffer] Label set to: benign

--- Iteration 12 | Time: 57.2s / 180s ---
[Orchestrator]RTT = 52.010015047601755
[Orchestrator] Metrics: 1 active instance(s), Avg CPU: 49.10%, Avg App MEM: 26.07 MB
[Autoscaler]In cooldown: 12.84773930700021
[DEBUG Orchestrator] Iteration Start. Instances Before Injector Logic: 1, Prev Injector Logic Instances: 1, Attack Started Flag: True, Normal Traffic Started Flag: True
[DEBUG Orchestrator] URLs derived for injector (if active): ['http://localhost:8080']
[Sniffer] Label set to: benign
[DEBUG Orchestrator] Should attack be active now? True (window: 20s-160s)
[DEBUG Orchestrator] End of Iteration. previous_num_instances_for_injector_logic updated to: 1
[DEGUG Orchestrator Loop Duration] Loop Duration = 3116.171888598
[Sniffer] Label set to: benign

--- Iteration 13 | Time: 60.0s / 180s ---
[Orchestrator]RTT = 92.33256907142666
[Orchestrator] Metrics: 1 active instance(s), Avg CPU: 50.54%, Avg App MEM: 26.19 MB
[Autoscaler]In cooldown: 10.001568628000314
[DEBUG Orchestrator] Iteration Start. Instances Before Injector Logic: 1, Prev Injector Logic Instances: 1, Attack Started Flag: True, Normal Traffic Started Flag: True
[DEBUG Orchestrator] URLs derived for injector (if active): ['http://localhost:8080']
[Sniffer] Label set to: benign
[DEBUG Orchestrator] Should attack be active now? True (window: 20s-160s)
[DEBUG Orchestrator] End of Iteration. previous_num_instances_for_injector_logic updated to: 1
[DEGUG Orchestrator Loop Duration] Loop Duration = 3121.171888598
[Sniffer] Label set to: benign

--- Iteration 14 | Time: 65.0s / 180s ---
[Orchestrator]RTT = 72.6528118181539
[Orchestrator] Metrics: 1 active instance(s), Avg CPU: 48.20%, Avg App MEM: 26.58 MB
[Autoscaler]In cooldown: 5.001008748000004
[DEBUG Orchestrator] Iteration Start. Instances Before Injector Logic: 1, Prev Injector Logic Instances: 1, Attack Started Flag: True, Normal Traffic Started Flag: True
[DEBUG Orchestrator] URLs derived for injector (if active): ['http://localhost:8080']
[Sniffer] Label set to: benign
[DEBUG Orchestrator] Should attack be active now? True (window: 20s-160s)
[DEBUG Orchestrator] End of Iteration. previous_num_instances_for_injector_logic updated to: 1
[DEGUG Orchestrator Loop Duration] Loop Duration = 3126.171888598
[Sniffer] Label set to: benign

--- Iteration 15 | Time: 70.0s / 180s ---
[Orchestrator]RTT = 45.70450507139867
[Orchestrator] Metrics: 1 active instance(s), Avg CPU: 45.81%, Avg App MEM: 26.98 MB
[Autoscaler] Decision: NO_ACTION. Avg CPU: 45.81% is within thresholds (25.0% - 60.0%).
[DEBUG Orchestrator] Iteration Start. Instances Before Injector Logic: 1, Prev Injector Logic Instances: 1, Attack Started Flag: True, Normal Traffic Started Flag: True
[DEBUG Orchestrator] URLs derived for injector (if active): ['http://localhost:8080']
[Sniffer] Label set to: benign
[DEBUG Orchestrator] Should attack be active now? True (window: 20s-160s)
[DEBUG Orchestrator] End of Iteration. previous_num_instances_for_injector_logic updated to: 1
[DEGUG Orchestrator Loop Duration] Loop Duration = 3131.171888598
[Sniffer] Label set to: benign

--- Iteration 16 | Time: 75.0s / 180s ---
[Orchestrator]RTT = 46.920141166651774
[Orchestrator] Metrics: 1 active instance(s), Avg CPU: 67.35%, Avg App MEM: 26.99 MB
[Autoscaler] Decision: SCALE_UP. Avg CPU: 67.35% > 60.0%. Current instances: 1, Max: 4
[Orchestrator] Action: Scaling UP from 1 instance(s). Attempting to start instance 3.
Attempting to start container target_instance_3 mapping container:80 to host:8082...
Container 23033df2f4 (target_instance_3) started. Accessible on host port 8082.
[Orchestrator] Successfully started target_instance_3. Now 2 instance(s).
[Autoscaler] Scale action recorded. New instance count: 2. Cooldown timer reset.
[DEBUG Orchestrator] Iteration Start. Instances Before Injector Logic: 2, Prev Injector Logic Instances: 1, Attack Started Flag: True, Normal Traffic Started Flag: True
[DEBUG Orchestrator] URLs derived for injector (if active): ['http://localhost:8080', 'http://localhost:8082']
[Sniffer] Label set to: benign
[DEBUG Orchestrator] Should attack be active now? True (window: 20s-160s)
[DEBUG Orchestrator] Condition: Needs to RESTART attack (num instances changed from 1 to 2 AND attack was active).
[Orchestrator] Attack active and restart needed. Stopping current traffic injector...
[Injector] Signaling HTTP flood workers to stop...
  [Injector Worker 134975177287360] Stopped. Total requests: 8, Errors: 0
  [Injector Worker 134975244428992] Stopped. Total requests: 13, Errors: 0
  [Injector Worker 134975210858176] Stopped. Total requests: 7, Errors: 0
  [Injector Worker 134975261214400] Stopped. Total requests: 15, Errors: 13
[Injector] Stop signal sent (non-blocking).
[DEBUG Orchestrator] Called stop_http_flood. Sleeping for 1s...
  [Injector Worker 134975194072768] Stopped. Total requests: 32, Errors: 0
[DEBUG Orchestrator] Resuming after sleep.
[Orchestrator] Starting/Restarting HTTP flood. Target URLs for this call: ['http://localhost:8080', 'http://localhost:8082']
[Injector] Starting HTTP flood with 4 attackers, ~2.0 RPS total, across 2 targets: http://localhost:8080, http://localhost:8082
  [Injector Worker 134975194072768] Started. Target: http://localhost:8080?work=150000&sleep=0.0, RPS: 0.50, Mean interval: 2.0000s (Poisson)
  [Injector Worker 134975261214400] Started. Target: http://localhost:8082?work=150000&sleep=0.0, RPS: 0.50, Mean interval: 2.0000s (Poisson)
  [Injector Worker 134975210858176] Started. Target: http://localhost:8080?work=150000&sleep=0.0, RPS: 0.50, Mean interval: 2.0000s (Poisson)
  [Injector Worker 134975244428992] Started. Target: http://localhost:8082?work=150000&sleep=0.0, RPS: 0.50, Mean interval: 2.0000s (Poisson)
[Injector] All 4 attacker threads launched.
[Sniffer] Label set to: attack
[DEBUG Orchestrator] attack_has_started flag set to TRUE.
[DEBUG Orchestrator] End of Iteration. previous_num_instances_for_injector_logic updated to: 2
[DEGUG Orchestrator Loop Duration] Loop Duration = 3136.171888598
[Sniffer] Label set to: benign

--- Iteration 17 | Time: 80.0s / 180s ---
[Orchestrator]RTT = 71.70169422220675
[Orchestrator] Metrics: 2 active instance(s), Avg CPU: 46.62%, Avg App MEM: 25.26 MB
[Autoscaler]In cooldown: 14.999440186999891
[DEBUG Orchestrator] Iteration Start. Instances Before Injector Logic: 2, Prev Injector Logic Instances: 2, Attack Started Flag: True, Normal Traffic Started Flag: True
[DEBUG Orchestrator] URLs derived for injector (if active): ['http://localhost:8080', 'http://localhost:8082']
[Sniffer] Label set to: benign
[DEBUG Orchestrator] Should attack be active now? True (window: 20s-160s)
[DEBUG Orchestrator] End of Iteration. previous_num_instances_for_injector_logic updated to: 2
[DEGUG Orchestrator Loop Duration] Loop Duration = 3141.171888598
[Sniffer] Label set to: benign

--- Iteration 18 | Time: 85.0s / 180s ---
[Orchestrator]RTT = 50.60717923071514
[Orchestrator] Metrics: 2 active instance(s), Avg CPU: 29.19%, Avg App MEM: 24.11 MB
[Autoscaler]In cooldown: 10.002256822999698
[DEBUG Orchestrator] Iteration Start. Instances Before Injector Logic: 2, Prev Injector Logic Instances: 2, Attack Started Flag: True, Normal Traffic Started Flag: True
[DEBUG Orchestrator] URLs derived for injector (if active): ['http://localhost:8080', 'http://localhost:8082']
[Sniffer] Label set to: benign
[DEBUG Orchestrator] Should attack be active now? True (window: 20s-160s)
[DEBUG Orchestrator] End of Iteration. previous_num_instances_for_injector_logic updated to: 2
[DEGUG Orchestrator Loop Duration] Loop Duration = 3146.171888598
[Sniffer] Label set to: benign

--- Iteration 19 | Time: 90.0s / 180s ---
[Orchestrator]RTT = 64.82176787494609
[Orchestrator] Metrics: 2 active instance(s), Avg CPU: 22.26%, Avg App MEM: 24.13 MB
[Autoscaler]In cooldown: 4.9964686089997485
[DEBUG Orchestrator] Iteration Start. Instances Before Injector Logic: 2, Prev Injector Logic Instances: 2, Attack Started Flag: True, Normal Traffic Started Flag: True
[DEBUG Orchestrator] URLs derived for injector (if active): ['http://localhost:8080', 'http://localhost:8082']
[Sniffer] Label set to: benign
[DEBUG Orchestrator] Should attack be active now? True (window: 20s-160s)
[DEBUG Orchestrator] End of Iteration. previous_num_instances_for_injector_logic updated to: 2
[DEGUG Orchestrator Loop Duration] Loop Duration = 3151.171888598
[Sniffer] Label set to: benign

--- Iteration 20 | Time: 95.0s / 180s ---
[Orchestrator]RTT = 46.917446857150935
[Orchestrator] Metrics: 2 active instance(s), Avg CPU: 44.27%, Avg App MEM: 25.00 MB
[Autoscaler] Decision: NO_ACTION. Avg CPU: 44.27% is within thresholds (25.0% - 60.0%).
[DEBUG Orchestrator] Iteration Start. Instances Before Injector Logic: 2, Prev Injector Logic Instances: 2, Attack Started Flag: True, Normal Traffic Started Flag: True
[DEBUG Orchestrator] URLs derived for injector (if active): ['http://localhost:8080', 'http://localhost:8082']
[Sniffer] Label set to: benign
[DEBUG Orchestrator] Should attack be active now? True (window: 20s-160s)
[DEBUG Orchestrator] End of Iteration. previous_num_instances_for_injector_logic updated to: 2
[DEGUG Orchestrator Loop Duration] Loop Duration = 3156.171888598
[Sniffer] Label set to: benign

--- Iteration 21 | Time: 100.0s / 180s ---
[Orchestrator]RTT = 50.05130790904001
[Orchestrator] Metrics: 2 active instance(s), Avg CPU: 24.14%, Avg App MEM: 24.29 MB
[Autoscaler] Decision: SCALE_DOWN. Avg CPU: 24.14% < 25.0%. Current instances: 2, Min: 1
[Orchestrator] Action: Scaling DOWN from 2 instance(s). Stopping target_instance_3.
Attempting to stop and remove container target_instance_3...
Container target_instance_3 stopped and removed.
[Orchestrator] Successfully stopped target_instance_3. Now 1 instance(s).
[Autoscaler] Scale action recorded. New instance count: 1. Cooldown timer reset.
[DEBUG Orchestrator] Iteration Start. Instances Before Injector Logic: 1, Prev Injector Logic Instances: 2, Attack Started Flag: True, Normal Traffic Started Flag: True
[DEBUG Orchestrator] URLs derived for injector (if active): ['http://localhost:8080']
[Sniffer] Label set to: benign
[DEBUG Orchestrator] Should attack be active now? True (window: 20s-160s)
[DEBUG Orchestrator] Condition: Needs to RESTART attack (num instances changed from 2 to 1 AND attack was active).
[Orchestrator] Attack active and restart needed. Stopping current traffic injector...
[Injector] Signaling HTTP flood workers to stop...
  [Injector Worker 134975168894656] Stopped. Total requests: 16, Errors: 0
  [Injector Worker 134975227643584] Stopped. Total requests: 35, Errors: 0
[Injector] Stop signal sent (non-blocking).
[DEBUG Orchestrator] Called stop_http_flood. Sleeping for 1s...
  [Injector Worker 134975210858176] Stopped. Total requests: 17, Errors: 0
  [Injector Worker 134975244428992] Stopped. Total requests: 15, Errors: 0
  [Injector Worker 134975185680064] Stopped. Total requests: 16, Errors: 17
[DEBUG Orchestrator] Resuming after sleep.
[Orchestrator] Starting/Restarting HTTP flood. Target URLs for this call: ['http://localhost:8080']
[Injector] Starting HTTP flood with 4 attackers, ~2.0 RPS total, across 1 targets: http://localhost:8080
  [Injector Worker 134975185680064] Started. Target: http://localhost:8080?work=150000&sleep=0.0, RPS: 0.50, Mean interval: 2.0000s (Poisson)
  [Injector Worker 134975244428992] Started. Target: http://localhost:8080?work=150000&sleep=0.0, RPS: 0.50, Mean interval: 2.0000s (Poisson)
  [Injector Worker 134975210858176] Started. Target: http://localhost:8080?work=150000&sleep=0.0, RPS: 0.50, Mean interval: 2.0000s (Poisson)
  [Injector Worker 134975227643584] Started. Target: http://localhost:8080?work=150000&sleep=0.0, RPS: 0.50, Mean interval: 2.0000s (Poisson)
[Injector] All 4 attacker threads launched.
[Sniffer] Label set to: attack
[DEBUG Orchestrator] attack_has_started flag set to TRUE.
[DEBUG Orchestrator] End of Iteration. previous_num_instances_for_injector_logic updated to: 1
[DEGUG Orchestrator Loop Duration] Loop Duration = 3161.171888598
[Orchestrator] Warning: Loop iteration took longer than MONITOR_INTERVAL_SECONDS (5s). Not sleeping.
[Sniffer] Label set to: benign

--- Iteration 22 | Time: 107.1s / 180s ---
[Orchestrator]RTT = 63.262585866565736
[Orchestrator] Metrics: 1 active instance(s), Avg CPU: 50.37%, Avg App MEM: 27.01 MB
[Autoscaler]In cooldown: 12.871056343999953
[DEBUG Orchestrator] Iteration Start. Instances Before Injector Logic: 1, Prev Injector Logic Instances: 1, Attack Started Flag: True, Normal Traffic Started Flag: True
[DEBUG Orchestrator] URLs derived for injector (if active): ['http://localhost:8080']
[Sniffer] Label set to: benign
[DEBUG Orchestrator] Should attack be active now? True (window: 20s-160s)
[DEBUG Orchestrator] End of Iteration. previous_num_instances_for_injector_logic updated to: 1
[DEGUG Orchestrator Loop Duration] Loop Duration = 3166.171888598
[Sniffer] Label set to: benign

--- Iteration 23 | Time: 110.0s / 180s ---
[Orchestrator]RTT = 127.68499775017972
[Orchestrator] Metrics: 1 active instance(s), Avg CPU: 58.88%, Avg App MEM: 26.78 MB
[Autoscaler]In cooldown: 9.998363900000186
[DEBUG Orchestrator] Iteration Start. Instances Before Injector Logic: 1, Prev Injector Logic Instances: 1, Attack Started Flag: True, Normal Traffic Started Flag: True
[DEBUG Orchestrator] URLs derived for injector (if active): ['http://localhost:8080']
[Sniffer] Label set to: benign
[DEBUG Orchestrator] Should attack be active now? True (window: 20s-160s)
[DEBUG Orchestrator] End of Iteration. previous_num_instances_for_injector_logic updated to: 1
[DEGUG Orchestrator Loop Duration] Loop Duration = 3171.171888598
[Sniffer] Label set to: benign

--- Iteration 24 | Time: 115.0s / 180s ---
[Orchestrator]RTT = 44.01305124997634
[Orchestrator] Metrics: 1 active instance(s), Avg CPU: 48.81%, Avg App MEM: 26.67 MB
[Autoscaler]In cooldown: 5.000880505000168
[DEBUG Orchestrator] Iteration Start. Instances Before Injector Logic: 1, Prev Injector Logic Instances: 1, Attack Started Flag: True, Normal Traffic Started Flag: True
[DEBUG Orchestrator] URLs derived for injector (if active): ['http://localhost:8080']
[Sniffer] Label set to: benign
[DEBUG Orchestrator] Should attack be active now? True (window: 20s-160s)
[DEBUG Orchestrator] End of Iteration. previous_num_instances_for_injector_logic updated to: 1
[DEGUG Orchestrator Loop Duration] Loop Duration = 3176.171888598
[Sniffer] Label set to: benign

--- Iteration 25 | Time: 120.0s / 180s ---
[Orchestrator]RTT = 43.0231320769263
[Orchestrator] Metrics: 1 active instance(s), Avg CPU: 56.09%, Avg App MEM: 26.82 MB
[Autoscaler] Decision: NO_ACTION. Avg CPU: 56.09% is within thresholds (25.0% - 60.0%).
[DEBUG Orchestrator] Iteration Start. Instances Before Injector Logic: 1, Prev Injector Logic Instances: 1, Attack Started Flag: True, Normal Traffic Started Flag: True
[DEBUG Orchestrator] URLs derived for injector (if active): ['http://localhost:8080']
[Sniffer] Label set to: benign
[DEBUG Orchestrator] Should attack be active now? True (window: 20s-160s)
[DEBUG Orchestrator] End of Iteration. previous_num_instances_for_injector_logic updated to: 1
[DEGUG Orchestrator Loop Duration] Loop Duration = 3181.171888598
[Sniffer] Label set to: benign

--- Iteration 26 | Time: 125.0s / 180s ---
[Orchestrator]RTT = 52.69244855556584
[Orchestrator] Metrics: 1 active instance(s), Avg CPU: 54.90%, Avg App MEM: 27.09 MB
[Autoscaler] Decision: NO_ACTION. Avg CPU: 54.90% is within thresholds (25.0% - 60.0%).
[DEBUG Orchestrator] Iteration Start. Instances Before Injector Logic: 1, Prev Injector Logic Instances: 1, Attack Started Flag: True, Normal Traffic Started Flag: True
[DEBUG Orchestrator] URLs derived for injector (if active): ['http://localhost:8080']
[Sniffer] Label set to: benign
[DEBUG Orchestrator] Should attack be active now? True (window: 20s-160s)
[DEBUG Orchestrator] End of Iteration. previous_num_instances_for_injector_logic updated to: 1
[DEGUG Orchestrator Loop Duration] Loop Duration = 3186.171888598
[Sniffer] Label set to: benign

--- Iteration 27 | Time: 130.0s / 180s ---
[Orchestrator]RTT = 43.81583623080587
[Orchestrator] Metrics: 1 active instance(s), Avg CPU: 52.17%, Avg App MEM: 27.12 MB
[Autoscaler] Decision: NO_ACTION. Avg CPU: 52.17% is within thresholds (25.0% - 60.0%).
[DEBUG Orchestrator] Iteration Start. Instances Before Injector Logic: 1, Prev Injector Logic Instances: 1, Attack Started Flag: True, Normal Traffic Started Flag: True
[DEBUG Orchestrator] URLs derived for injector (if active): ['http://localhost:8080']
[Sniffer] Label set to: benign
[DEBUG Orchestrator] Should attack be active now? True (window: 20s-160s)
[DEBUG Orchestrator] End of Iteration. previous_num_instances_for_injector_logic updated to: 1
[DEGUG Orchestrator Loop Duration] Loop Duration = 3191.171888598
[Sniffer] Label set to: benign

--- Iteration 28 | Time: 135.0s / 180s ---
[Orchestrator]RTT = 59.72266950003099
[Orchestrator] Metrics: 1 active instance(s), Avg CPU: 67.66%, Avg App MEM: 27.01 MB
[Autoscaler] Decision: SCALE_UP. Avg CPU: 67.66% > 60.0%. Current instances: 1, Max: 4
[Orchestrator] Action: Scaling UP from 1 instance(s). Attempting to start instance 4.
Attempting to start container target_instance_4 mapping container:80 to host:8083...
Container fbbd787eac (target_instance_4) started. Accessible on host port 8083.
[Orchestrator] Successfully started target_instance_4. Now 2 instance(s).
[Autoscaler] Scale action recorded. New instance count: 2. Cooldown timer reset.
[DEBUG Orchestrator] Iteration Start. Instances Before Injector Logic: 2, Prev Injector Logic Instances: 1, Attack Started Flag: True, Normal Traffic Started Flag: True
[DEBUG Orchestrator] URLs derived for injector (if active): ['http://localhost:8080', 'http://localhost:8083']
[Sniffer] Label set to: benign
[DEBUG Orchestrator] Should attack be active now? True (window: 20s-160s)
[DEBUG Orchestrator] Condition: Needs to RESTART attack (num instances changed from 1 to 2 AND attack was active).
[Orchestrator] Attack active and restart needed. Stopping current traffic injector...
[Injector] Signaling HTTP flood workers to stop...
[Injector] Stop signal sent (non-blocking).
[DEBUG Orchestrator] Called stop_http_flood. Sleeping for 1s...
  [Injector Worker 134975227643584] Stopped. Total requests: 12, Errors: 0
  [Injector Worker 134975210858176] Stopped. Total requests: 11, Errors: 0
  [Injector Worker 134975244428992] Stopped. Total requests: 15, Errors: 0
[DEBUG Orchestrator] Resuming after sleep.
[Orchestrator] Starting/Restarting HTTP flood. Target URLs for this call: ['http://localhost:8080', 'http://localhost:8083']
[Injector] Starting HTTP flood with 4 attackers, ~2.0 RPS total, across 2 targets: http://localhost:8080, http://localhost:8083
  [Injector Worker 134975244428992] Started. Target: http://localhost:8080?work=150000&sleep=0.0, RPS: 0.50, Mean interval: 2.0000s (Poisson)
  [Injector Worker 134975210858176] Started. Target: http://localhost:8083?work=150000&sleep=0.0, RPS: 0.50, Mean interval: 2.0000s (Poisson)
  [Injector Worker 134975227643584] Started. Target: http://localhost:8080?work=150000&sleep=0.0, RPS: 0.50, Mean interval: 2.0000s (Poisson)
  [Injector Worker 134975177287360] Started. Target: http://localhost:8083?work=150000&sleep=0.0, RPS: 0.50, Mean interval: 2.0000s (Poisson)
[Injector] All 4 attacker threads launched.
[Sniffer] Label set to: attack
[DEBUG Orchestrator] attack_has_started flag set to TRUE.
[DEBUG Orchestrator] End of Iteration. previous_num_instances_for_injector_logic updated to: 2
[DEGUG Orchestrator Loop Duration] Loop Duration = 3196.171888598
[Sniffer] Label set to: benign

--- Iteration 29 | Time: 140.0s / 180s ---
[Orchestrator]RTT = 76.71542318183293
[Orchestrator] Metrics: 2 active instance(s), Avg CPU: 48.85%, Avg App MEM: 26.98 MB
[Autoscaler]In cooldown: 14.995300511000096
[DEBUG Orchestrator] Iteration Start. Instances Before Injector Logic: 2, Prev Injector Logic Instances: 2, Attack Started Flag: True, Normal Traffic Started Flag: True
[DEBUG Orchestrator] URLs derived for injector (if active): ['http://localhost:8080', 'http://localhost:8083']
[Sniffer] Label set to: benign
[DEBUG Orchestrator] Should attack be active now? True (window: 20s-160s)
[DEBUG Orchestrator] End of Iteration. previous_num_instances_for_injector_logic updated to: 2
[DEGUG Orchestrator Loop Duration] Loop Duration = 3201.171888598
[Sniffer] Label set to: benign

--- Iteration 30 | Time: 145.0s / 180s ---
[Orchestrator]RTT = 46.59764756252116
[Orchestrator] Metrics: 2 active instance(s), Avg CPU: 27.77%, Avg App MEM: 23.94 MB
[Autoscaler]In cooldown: 9.99996071700025
[DEBUG Orchestrator] Iteration Start. Instances Before Injector Logic: 2, Prev Injector Logic Instances: 2, Attack Started Flag: True, Normal Traffic Started Flag: True
[DEBUG Orchestrator] URLs derived for injector (if active): ['http://localhost:8080', 'http://localhost:8083']
[Sniffer] Label set to: benign
[DEBUG Orchestrator] Should attack be active now? True (window: 20s-160s)
[DEBUG Orchestrator] End of Iteration. previous_num_instances_for_injector_logic updated to: 2
[DEGUG Orchestrator Loop Duration] Loop Duration = 3206.171888598
[Sniffer] Label set to: benign

--- Iteration 31 | Time: 150.0s / 180s ---
[Orchestrator]RTT = 53.79965899999206
[Orchestrator] Metrics: 2 active instance(s), Avg CPU: 19.63%, Avg App MEM: 23.27 MB
[Autoscaler]In cooldown: 4.998628338999879
[DEBUG Orchestrator] Iteration Start. Instances Before Injector Logic: 2, Prev Injector Logic Instances: 2, Attack Started Flag: True, Normal Traffic Started Flag: True
[DEBUG Orchestrator] URLs derived for injector (if active): ['http://localhost:8080', 'http://localhost:8083']
[Sniffer] Label set to: benign
[DEBUG Orchestrator] Should attack be active now? True (window: 20s-160s)
[DEBUG Orchestrator] End of Iteration. previous_num_instances_for_injector_logic updated to: 2
[DEGUG Orchestrator Loop Duration] Loop Duration = 3211.171888598
[Sniffer] Label set to: benign

--- Iteration 32 | Time: 155.0s / 180s ---
[Orchestrator]RTT = 55.23608477770486
[Orchestrator] Metrics: 2 active instance(s), Avg CPU: 35.09%, Avg App MEM: 24.15 MB
[Autoscaler] Decision: NO_ACTION. Avg CPU: 35.09% is within thresholds (25.0% - 60.0%).
[DEBUG Orchestrator] Iteration Start. Instances Before Injector Logic: 2, Prev Injector Logic Instances: 2, Attack Started Flag: True, Normal Traffic Started Flag: True
[DEBUG Orchestrator] URLs derived for injector (if active): ['http://localhost:8080', 'http://localhost:8083']
[Sniffer] Label set to: benign
[DEBUG Orchestrator] Should attack be active now? True (window: 20s-160s)
[DEBUG Orchestrator] End of Iteration. previous_num_instances_for_injector_logic updated to: 2
[DEGUG Orchestrator Loop Duration] Loop Duration = 3216.171888598
[Sniffer] Label set to: benign

--- Iteration 33 | Time: 160.0s / 180s ---
[Orchestrator]RTT = 81.33222306660173
[Orchestrator] Metrics: 2 active instance(s), Avg CPU: 20.41%, Avg App MEM: 24.02 MB
[Autoscaler] Decision: SCALE_DOWN. Avg CPU: 20.41% < 25.0%. Current instances: 2, Min: 1
[Orchestrator] Action: Scaling DOWN from 2 instance(s). Stopping target_instance_4.
Attempting to stop and remove container target_instance_4...
Container target_instance_4 stopped and removed.
[Orchestrator] Successfully stopped target_instance_4. Now 1 instance(s).
[Autoscaler] Scale action recorded. New instance count: 1. Cooldown timer reset.
[DEBUG Orchestrator] Iteration Start. Instances Before Injector Logic: 1, Prev Injector Logic Instances: 2, Attack Started Flag: True, Normal Traffic Started Flag: True
[DEBUG Orchestrator] URLs derived for injector (if active): ['http://localhost:8080']
[Sniffer] Label set to: benign
[DEBUG Orchestrator] Should attack be active now? False (window: 20s-160s)
[Orchestrator] Attack duration ended or outside schedule. Stopping HTTP flood.
[Injector] Signaling HTTP flood workers to stop...
[Injector] Stop signal sent (non-blocking).
[DEBUG Orchestrator] attack_has_started flag set to FALSE (attack period ended).
[DEBUG Orchestrator] End of Iteration. previous_num_instances_for_injector_logic updated to: 1
[DEGUG Orchestrator Loop Duration] Loop Duration = 3221.171888598
[Orchestrator] Warning: Loop iteration took longer than MONITOR_INTERVAL_SECONDS (5s). Not sleeping.
[Sniffer] Label set to: benign

--- Iteration 34 | Time: 166.1s / 180s ---
[Orchestrator]RTT = 34.75229258866758
[Orchestrator] Metrics: 1 active instance(s), Avg CPU: 51.65%, Avg App MEM: 27.37 MB
[Autoscaler]In cooldown: 13.870859808000205
[DEBUG Orchestrator] Iteration Start. Instances Before Injector Logic: 1, Prev Injector Logic Instances: 1, Attack Started Flag: False, Normal Traffic Started Flag: True
[DEBUG Orchestrator] URLs derived for injector (if active): ['http://localhost:8080']
[Sniffer] Label set to: benign
[DEBUG Orchestrator] Should attack be active now? False (window: 20s-160s)
[DEBUG Orchestrator] End of Iteration. previous_num_instances_for_injector_logic updated to: 1
[DEGUG Orchestrator Loop Duration] Loop Duration = 3226.171888598
  [Injector Worker 134975244428992] Stopped. Total requests: 9, Errors: 0
  [Injector Worker 134975261214400] Stopped. Total requests: 13, Errors: 27
  [Injector Worker 134975194072768] Stopped. Total requests: 52, Errors: 0
  [Injector Worker 134975227643584] Stopped. Total requests: 16, Errors: 0
  [Injector Worker 134975210858176] Stopped. Total requests: 14, Errors: 0
  [Injector Worker 134975177287360] Stopped. Total requests: 21, Errors: 1
[Sniffer] Label set to: benign

--- Iteration 35 | Time: 170.0s / 180s ---
[Orchestrator]RTT = 35.516421954295346
[Orchestrator] Metrics: 1 active instance(s), Avg CPU: 49.59%, Avg App MEM: 26.67 MB
[Autoscaler]In cooldown: 10.000116169000194
[DEBUG Orchestrator] Iteration Start. Instances Before Injector Logic: 1, Prev Injector Logic Instances: 1, Attack Started Flag: False, Normal Traffic Started Flag: True
[DEBUG Orchestrator] URLs derived for injector (if active): ['http://localhost:8080']
[Sniffer] Label set to: benign
[DEBUG Orchestrator] Should attack be active now? False (window: 20s-160s)
[DEBUG Orchestrator] End of Iteration. previous_num_instances_for_injector_logic updated to: 1
[DEGUG Orchestrator Loop Duration] Loop Duration = 3231.171888598
  [Injector Worker 134975185680064] Stopped. Total requests: 33, Errors: 0
[Sniffer] Label set to: benign

--- Iteration 36 | Time: 175.0s / 180s ---
[Orchestrator]RTT = 33.04921540168846
[Orchestrator] Metrics: 1 active instance(s), Avg CPU: 40.73%, Avg App MEM: 26.86 MB
[Autoscaler]In cooldown: 4.999423359000048
[DEBUG Orchestrator] Iteration Start. Instances Before Injector Logic: 1, Prev Injector Logic Instances: 1, Attack Started Flag: False, Normal Traffic Started Flag: True
[DEBUG Orchestrator] URLs derived for injector (if active): ['http://localhost:8080']
[Sniffer] Label set to: benign
[DEBUG Orchestrator] Should attack be active now? False (window: 20s-160s)
[DEBUG Orchestrator] End of Iteration. previous_num_instances_for_injector_logic updated to: 1
[DEGUG Orchestrator Loop Duration] Loop Duration = 3236.171888598

[Orchestrator] Simulation duration reached.
[Orchestrator] Saving RTT log...
[Sniffer] Realtime tcpdump stopped.
[Orchestrator] Stopping normal traffic...
[Normal_Injector] Signaling workers to stop...
  [Normal_Injector Worker 134980112193216] Stopped. Total requests: 8622, Errors: 0
  [Normal_Injector Worker 134980128978624] Stopped. Total requests: 8708, Errors: 0
  [Normal_Injector Worker 134979614930624] Stopped. Total requests: 8630, Errors: 0
  [Normal_Injector Worker 134980103800512] Stopped. Total requests: 8715, Errors: 0
[Normal_Injector] Stop signal sent (non-blocking).
[Orchestrator] Cleaning up all simulation instances...
Cleaning up all simulation instances...
Stopping and removing container: target_instance_1 (f47219efbf)...
  Container target_instance_1 removed.
Simulation instance cleanup complete.
[Stats_Collector] Stopping stats collector thread...
[Orchestrator] Simulation Complete. Total Fictional Cost: $0.0014
[Orchestrator] Metrics logged in: simulation_metrics.csv

===== [stage1b] S3 (200 req/s normal) + 1% ataque (~2.000 req/s) @ WU=150000 rep=2 =====
Attacker RPS set to: 0.5
Number of attackers set to: 4
Simulation duration set to: 180
Attack work units set to: 150000
Normal traffic RPS per client set to: 50.0
Normal traffic work units set to: 10
[Orchestrator] Initializing simulation environment...
[Sniffer] Realtime tcpdump started on any
[Sniffer] Label set to: benign
[Autoscaler] Initialized.
Attempting to build Docker image: edos_target_app:latest...
Image edos_target_app:latest already exists. Skipping build.
Docker network 'edos_network' already exists.
[Orchestrator] Cleaning up any pre-existing simulation instances...
Cleaning up all simulation instances...
No simulation instances found to clean up.
[Orchestrator] Starting initial 1 instance(s)...
Attempting to start container target_instance_1 mapping container:80 to host:8080...
Container c642eac28d (target_instance_1) started. Accessible on host port 8080.
[Autoscaler] Initial number of instances set to: 1
[Orchestrator] 1 initial instance(s) running.
[Orchestrator] Metrics will be logged to: simulation_metrics.csv
[Orchestrator] Attack summary will be logged to: attack_summary_log.csv
[Orchestrator] Normal traffic summary will be logged to: normal_traffic_summary_log.csv
[Orchestrator] Starting simulation main loop for 180 seconds.
[Orchestrator] Monitoring interval: 5s. Cooldown: 20s.
[Orchestrator] CPU Thresholds: Scale Up > 60.0%, Scale Down < 25.0%
[Orchestrator] Traffic injection scheduled: Start at 20s, Duration 140s.
[Sniffer] Label set to: benign

--- Iteration 1 | Time: 0.0s / 180s ---
[Orchestrator]RTT = 0.0
[Orchestrator] Metrics: 1 active instance(s), Avg CPU: 0.00%, Avg App MEM: 0.00 MB
[Autoscaler] Condition for SCALE_DOWN met (Avg CPU: 0.00%), but already at MIN_INSTANCES (1). No action.
[DEBUG Orchestrator] Iteration Start. Instances Before Injector Logic: 1, Prev Injector Logic Instances: 1, Attack Started Flag: False, Normal Traffic Started Flag: False
[DEBUG Orchestrator] URLs derived for injector (if active): ['http://localhost:8080']
[Sniffer] Label set to: benign
[DEBUG Orchestrator] Should attack be active now? False (window: 20s-160s)
[Orchestrator] Starting/Restarting Normal Traffic. Target URLs for this call: ['http://localhost:8080']
[Normal_Injector] Starting HTTP flood with 4 attackers, ~200.0 RPS total, across 1 targets: http://localhost:8080
  [Normal_Injector Worker 130724699756224] Started. Target: http://localhost:8080?work=10&sleep=0.0, RPS: 50.00, Mean interval: 0.0200s (Poisson)
  [Normal_Injector Worker 130724682970816] Started. Target: http://localhost:8080?work=10&sleep=0.0, RPS: 50.00, Mean interval: 0.0200s (Poisson)
  [Normal_Injector Worker 130724666185408] Started. Target: http://localhost:8080?work=10&sleep=0.0, RPS: 50.00, Mean interval: 0.0200s (Poisson)
  [Normal_Injector Worker 130724657792704] Started. Target: http://localhost:8080?work=10&sleep=0.0, RPS: 50.00, Mean interval: 0.0200s (Poisson)
[Normal_Injector] All 4 attacker threads launched.
[DEBUG Orchestrator] End of Iteration. previous_num_instances_for_injector_logic updated to: 1
[DEGUG Orchestrator Loop Duration] Loop Duration = 3245.793635527
[Sniffer] Label set to: benign

--- Iteration 2 | Time: 5.0s / 180s ---
[Orchestrator]RTT = 33.806918808661216
[Orchestrator] Metrics: 1 active instance(s), Avg CPU: 41.07%, Avg App MEM: 23.51 MB
[Autoscaler] Decision: NO_ACTION. Avg CPU: 41.07% is within thresholds (25.0% - 60.0%).
[DEBUG Orchestrator] Iteration Start. Instances Before Injector Logic: 1, Prev Injector Logic Instances: 1, Attack Started Flag: False, Normal Traffic Started Flag: True
[DEBUG Orchestrator] URLs derived for injector (if active): ['http://localhost:8080']
[Sniffer] Label set to: benign
[DEBUG Orchestrator] Should attack be active now? False (window: 20s-160s)
[DEBUG Orchestrator] End of Iteration. previous_num_instances_for_injector_logic updated to: 1
[DEGUG Orchestrator Loop Duration] Loop Duration = 3250.793635527
[Sniffer] Label set to: benign

--- Iteration 3 | Time: 10.0s / 180s ---
[Orchestrator]RTT = 34.282855330609294
[Orchestrator] Metrics: 1 active instance(s), Avg CPU: 47.44%, Avg App MEM: 24.05 MB
[Autoscaler] Decision: NO_ACTION. Avg CPU: 47.44% is within thresholds (25.0% - 60.0%).
[DEBUG Orchestrator] Iteration Start. Instances Before Injector Logic: 1, Prev Injector Logic Instances: 1, Attack Started Flag: False, Normal Traffic Started Flag: True
[DEBUG Orchestrator] URLs derived for injector (if active): ['http://localhost:8080']
[Sniffer] Label set to: benign
[DEBUG Orchestrator] Should attack be active now? False (window: 20s-160s)
[DEBUG Orchestrator] End of Iteration. previous_num_instances_for_injector_logic updated to: 1
[DEGUG Orchestrator Loop Duration] Loop Duration = 3255.793635527
[Sniffer] Label set to: benign

--- Iteration 4 | Time: 15.0s / 180s ---
[Orchestrator]RTT = 34.681292974695964
[Orchestrator] Metrics: 1 active instance(s), Avg CPU: 48.24%, Avg App MEM: 24.13 MB
[Autoscaler] Decision: NO_ACTION. Avg CPU: 48.24% is within thresholds (25.0% - 60.0%).
[DEBUG Orchestrator] Iteration Start. Instances Before Injector Logic: 1, Prev Injector Logic Instances: 1, Attack Started Flag: False, Normal Traffic Started Flag: True
[DEBUG Orchestrator] URLs derived for injector (if active): ['http://localhost:8080']
[Sniffer] Label set to: benign
[DEBUG Orchestrator] Should attack be active now? False (window: 20s-160s)
[DEBUG Orchestrator] End of Iteration. previous_num_instances_for_injector_logic updated to: 1
[DEGUG Orchestrator Loop Duration] Loop Duration = 3260.793635527
[Sniffer] Label set to: benign

--- Iteration 5 | Time: 20.0s / 180s ---
[Orchestrator]RTT = 34.297014205590955
[Orchestrator] Metrics: 1 active instance(s), Avg CPU: 43.03%, Avg App MEM: 24.22 MB
[Autoscaler] Decision: NO_ACTION. Avg CPU: 43.03% is within thresholds (25.0% - 60.0%).
[DEBUG Orchestrator] Iteration Start. Instances Before Injector Logic: 1, Prev Injector Logic Instances: 1, Attack Started Flag: False, Normal Traffic Started Flag: True
[DEBUG Orchestrator] URLs derived for injector (if active): ['http://localhost:8080']
[Sniffer] Label set to: benign
[DEBUG Orchestrator] Should attack be active now? True (window: 20s-160s)
[DEBUG Orchestrator] Condition: Needs to START attack (was not started and in attack window).
[Orchestrator] Starting/Restarting HTTP flood. Target URLs for this call: ['http://localhost:8080']
[Injector] Starting HTTP flood with 4 attackers, ~2.0 RPS total, across 1 targets: http://localhost:8080
  [Injector Worker 130719896540864] Started. Target: http://localhost:8080?work=150000&sleep=0.0, RPS: 0.50, Mean interval: 2.0000s (Poisson)
  [Injector Worker 130719804286656] Started. Target: http://localhost:8080?work=150000&sleep=0.0, RPS: 0.50, Mean interval: 2.0000s (Poisson)
  [Injector Worker 130719787501248] Started. Target: http://localhost:8080?work=150000&sleep=0.0, RPS: 0.50, Mean interval: 2.0000s (Poisson)
  [Injector Worker 130719779108544] Started. Target: http://localhost:8080?work=150000&sleep=0.0, RPS: 0.50, Mean interval: 2.0000s (Poisson)
[Injector] All 4 attacker threads launched.
[Sniffer] Label set to: attack
[DEBUG Orchestrator] attack_has_started flag set to TRUE.
[DEBUG Orchestrator] End of Iteration. previous_num_instances_for_injector_logic updated to: 1
[DEGUG Orchestrator Loop Duration] Loop Duration = 3265.793635527
[Sniffer] Label set to: benign

--- Iteration 6 | Time: 25.0s / 180s ---
[Orchestrator]RTT = 69.90097500003382
[Orchestrator] Metrics: 1 active instance(s), Avg CPU: 50.38%, Avg App MEM: 25.91 MB
[Autoscaler] Decision: NO_ACTION. Avg CPU: 50.38% is within thresholds (25.0% - 60.0%).
[DEBUG Orchestrator] Iteration Start. Instances Before Injector Logic: 1, Prev Injector Logic Instances: 1, Attack Started Flag: True, Normal Traffic Started Flag: True
[DEBUG Orchestrator] URLs derived for injector (if active): ['http://localhost:8080']
[Sniffer] Label set to: benign
[DEBUG Orchestrator] Should attack be active now? True (window: 20s-160s)
[DEBUG Orchestrator] End of Iteration. previous_num_instances_for_injector_logic updated to: 1
[DEGUG Orchestrator Loop Duration] Loop Duration = 3270.793635527
[Sniffer] Label set to: benign

--- Iteration 7 | Time: 30.0s / 180s ---
[Orchestrator]RTT = 59.7205699090492
[Orchestrator] Metrics: 1 active instance(s), Avg CPU: 62.47%, Avg App MEM: 25.97 MB
[Autoscaler] Decision: SCALE_UP. Avg CPU: 62.47% > 60.0%. Current instances: 1, Max: 4
[Orchestrator] Action: Scaling UP from 1 instance(s). Attempting to start instance 2.
Attempting to start container target_instance_2 mapping container:80 to host:8081...
Container 3efef20460 (target_instance_2) started. Accessible on host port 8081.
[Orchestrator] Successfully started target_instance_2. Now 2 instance(s).
[Autoscaler] Scale action recorded. New instance count: 2. Cooldown timer reset.
[DEBUG Orchestrator] Iteration Start. Instances Before Injector Logic: 2, Prev Injector Logic Instances: 1, Attack Started Flag: True, Normal Traffic Started Flag: True
[DEBUG Orchestrator] URLs derived for injector (if active): ['http://localhost:8080', 'http://localhost:8081']
[Sniffer] Label set to: benign
[DEBUG Orchestrator] Should attack be active now? True (window: 20s-160s)
[DEBUG Orchestrator] Condition: Needs to RESTART attack (num instances changed from 1 to 2 AND attack was active).
[Orchestrator] Attack active and restart needed. Stopping current traffic injector...
[Injector] Signaling HTTP flood workers to stop...
[Injector] Stop signal sent (non-blocking).
[DEBUG Orchestrator] Called stop_http_flood. Sleeping for 1s...
  [Injector Worker 130719804286656] Stopped. Total requests: 9, Errors: 0
[DEBUG Orchestrator] Resuming after sleep.
[Orchestrator] Starting/Restarting HTTP flood. Target URLs for this call: ['http://localhost:8080', 'http://localhost:8081']
[Injector] Starting HTTP flood with 4 attackers, ~2.0 RPS total, across 2 targets: http://localhost:8080, http://localhost:8081
  [Injector Worker 130719804286656] Started. Target: http://localhost:8080?work=150000&sleep=0.0, RPS: 0.50, Mean interval: 2.0000s (Poisson)
  [Injector Worker 130719753930432] Started. Target: http://localhost:8081?work=150000&sleep=0.0, RPS: 0.50, Mean interval: 2.0000s (Poisson)
  [Injector Worker 130719745537728] Started. Target: http://localhost:8080?work=150000&sleep=0.0, RPS: 0.50, Mean interval: 2.0000s (Poisson)
  [Injector Worker 130719737145024] Started. Target: http://localhost:8081?work=150000&sleep=0.0, RPS: 0.50, Mean interval: 2.0000s (Poisson)
[Injector] All 4 attacker threads launched.
[Sniffer] Label set to: attack
[DEBUG Orchestrator] attack_has_started flag set to TRUE.
[DEBUG Orchestrator] End of Iteration. previous_num_instances_for_injector_logic updated to: 2
[DEGUG Orchestrator Loop Duration] Loop Duration = 3275.793635527
[Sniffer] Label set to: benign

--- Iteration 8 | Time: 35.0s / 180s ---
[Orchestrator]RTT = 104.27698418749287
[Orchestrator] Metrics: 2 active instance(s), Avg CPU: 92.24%, Avg App MEM: 26.39 MB
[Autoscaler]In cooldown: 15.002380069000083
[DEBUG Orchestrator] Iteration Start. Instances Before Injector Logic: 2, Prev Injector Logic Instances: 2, Attack Started Flag: True, Normal Traffic Started Flag: True
[DEBUG Orchestrator] URLs derived for injector (if active): ['http://localhost:8080', 'http://localhost:8081']
[Sniffer] Label set to: benign
[DEBUG Orchestrator] Should attack be active now? True (window: 20s-160s)
[DEBUG Orchestrator] End of Iteration. previous_num_instances_for_injector_logic updated to: 2
[DEGUG Orchestrator Loop Duration] Loop Duration = 3280.793635527
[Sniffer] Label set to: benign

--- Iteration 9 | Time: 40.0s / 180s ---
[Orchestrator]RTT = 53.09342594107554
[Orchestrator] Metrics: 2 active instance(s), Avg CPU: 21.20%, Avg App MEM: 23.06 MB
[Autoscaler]In cooldown: 9.999811964999935
[DEBUG Orchestrator] Iteration Start. Instances Before Injector Logic: 2, Prev Injector Logic Instances: 2, Attack Started Flag: True, Normal Traffic Started Flag: True
[DEBUG Orchestrator] URLs derived for injector (if active): ['http://localhost:8080', 'http://localhost:8081']
[Sniffer] Label set to: benign
[DEBUG Orchestrator] Should attack be active now? True (window: 20s-160s)
[DEBUG Orchestrator] End of Iteration. previous_num_instances_for_injector_logic updated to: 2
[DEGUG Orchestrator Loop Duration] Loop Duration = 3285.793635527
[Sniffer] Label set to: benign

--- Iteration 10 | Time: 45.0s / 180s ---
[Orchestrator]RTT = 71.27740490004726
[Orchestrator] Metrics: 2 active instance(s), Avg CPU: 36.73%, Avg App MEM: 23.61 MB
[Autoscaler]In cooldown: 5.002196111000103
[DEBUG Orchestrator] Iteration Start. Instances Before Injector Logic: 2, Prev Injector Logic Instances: 2, Attack Started Flag: True, Normal Traffic Started Flag: True
[DEBUG Orchestrator] URLs derived for injector (if active): ['http://localhost:8080', 'http://localhost:8081']
[Sniffer] Label set to: benign
[DEBUG Orchestrator] Should attack be active now? True (window: 20s-160s)
[DEBUG Orchestrator] End of Iteration. previous_num_instances_for_injector_logic updated to: 2
[DEGUG Orchestrator Loop Duration] Loop Duration = 3290.793635527
[Sniffer] Label set to: benign

--- Iteration 11 | Time: 50.0s / 180s ---
[Orchestrator]RTT = 65.0092142940968
[Orchestrator] Metrics: 2 active instance(s), Avg CPU: 35.66%, Avg App MEM: 23.74 MB
[Autoscaler] Decision: NO_ACTION. Avg CPU: 35.66% is within thresholds (25.0% - 60.0%).
[DEBUG Orchestrator] Iteration Start. Instances Before Injector Logic: 2, Prev Injector Logic Instances: 2, Attack Started Flag: True, Normal Traffic Started Flag: True
[DEBUG Orchestrator] URLs derived for injector (if active): ['http://localhost:8080', 'http://localhost:8081']
[Sniffer] Label set to: benign
[DEBUG Orchestrator] Should attack be active now? True (window: 20s-160s)
[DEBUG Orchestrator] End of Iteration. previous_num_instances_for_injector_logic updated to: 2
[DEGUG Orchestrator Loop Duration] Loop Duration = 3295.793635527
[Sniffer] Label set to: benign

--- Iteration 12 | Time: 55.0s / 180s ---
[Orchestrator]RTT = 56.931152076895856
[Orchestrator] Metrics: 2 active instance(s), Avg CPU: 32.01%, Avg App MEM: 23.62 MB
[Autoscaler] Decision: NO_ACTION. Avg CPU: 32.01% is within thresholds (25.0% - 60.0%).
[DEBUG Orchestrator] Iteration Start. Instances Before Injector Logic: 2, Prev Injector Logic Instances: 2, Attack Started Flag: True, Normal Traffic Started Flag: True
[DEBUG Orchestrator] URLs derived for injector (if active): ['http://localhost:8080', 'http://localhost:8081']
[Sniffer] Label set to: benign
[DEBUG Orchestrator] Should attack be active now? True (window: 20s-160s)
[DEBUG Orchestrator] End of Iteration. previous_num_instances_for_injector_logic updated to: 2
[DEGUG Orchestrator Loop Duration] Loop Duration = 3300.793635527
[Sniffer] Label set to: benign

--- Iteration 13 | Time: 60.0s / 180s ---
[Orchestrator]RTT = 51.21418992848703
[Orchestrator] Metrics: 2 active instance(s), Avg CPU: 38.68%, Avg App MEM: 24.72 MB
[Autoscaler] Decision: NO_ACTION. Avg CPU: 38.68% is within thresholds (25.0% - 60.0%).
[DEBUG Orchestrator] Iteration Start. Instances Before Injector Logic: 2, Prev Injector Logic Instances: 2, Attack Started Flag: True, Normal Traffic Started Flag: True
[DEBUG Orchestrator] URLs derived for injector (if active): ['http://localhost:8080', 'http://localhost:8081']
[Sniffer] Label set to: benign
[DEBUG Orchestrator] Should attack be active now? True (window: 20s-160s)
[DEBUG Orchestrator] End of Iteration. previous_num_instances_for_injector_logic updated to: 2
[DEGUG Orchestrator Loop Duration] Loop Duration = 3305.793635527
[Sniffer] Label set to: benign

--- Iteration 14 | Time: 65.0s / 180s ---
[Orchestrator]RTT = 67.13345700001128
[Orchestrator] Metrics: 2 active instance(s), Avg CPU: 33.16%, Avg App MEM: 23.78 MB
[Autoscaler] Decision: NO_ACTION. Avg CPU: 33.16% is within thresholds (25.0% - 60.0%).
[DEBUG Orchestrator] Iteration Start. Instances Before Injector Logic: 2, Prev Injector Logic Instances: 2, Attack Started Flag: True, Normal Traffic Started Flag: True
[DEBUG Orchestrator] URLs derived for injector (if active): ['http://localhost:8080', 'http://localhost:8081']
[Sniffer] Label set to: benign
[DEBUG Orchestrator] Should attack be active now? True (window: 20s-160s)
[DEBUG Orchestrator] End of Iteration. previous_num_instances_for_injector_logic updated to: 2
[DEGUG Orchestrator Loop Duration] Loop Duration = 3310.793635527
[Sniffer] Label set to: benign

--- Iteration 15 | Time: 70.0s / 180s ---
[Orchestrator]RTT = 51.20245390898245
[Orchestrator] Metrics: 2 active instance(s), Avg CPU: 24.85%, Avg App MEM: 23.65 MB
[Autoscaler] Decision: SCALE_DOWN. Avg CPU: 24.85% < 25.0%. Current instances: 2, Min: 1
[Orchestrator] Action: Scaling DOWN from 2 instance(s). Stopping target_instance_2.
Attempting to stop and remove container target_instance_2...
Container target_instance_2 stopped and removed.
[Orchestrator] Successfully stopped target_instance_2. Now 1 instance(s).
[Autoscaler] Scale action recorded. New instance count: 1. Cooldown timer reset.
[DEBUG Orchestrator] Iteration Start. Instances Before Injector Logic: 1, Prev Injector Logic Instances: 2, Attack Started Flag: True, Normal Traffic Started Flag: True
[DEBUG Orchestrator] URLs derived for injector (if active): ['http://localhost:8080']
[Sniffer] Label set to: benign
[DEBUG Orchestrator] Should attack be active now? True (window: 20s-160s)
[DEBUG Orchestrator] Condition: Needs to RESTART attack (num instances changed from 2 to 1 AND attack was active).
[Orchestrator] Attack active and restart needed. Stopping current traffic injector...
[Injector] Signaling HTTP flood workers to stop...
  [Injector Worker 130719804286656] Stopped. Total requests: 16, Errors: 0
  [Injector Worker 130719779108544] Stopped. Total requests: 34, Errors: 0
[Injector] Stop signal sent (non-blocking).
[DEBUG Orchestrator] Called stop_http_flood. Sleeping for 1s...
  [Injector Worker 130719745537728] Stopped. Total requests: 28, Errors: 0
  [Injector Worker 130719896540864] Stopped. Total requests: 26, Errors: 0
[DEBUG Orchestrator] Resuming after sleep.
[Orchestrator] Starting/Restarting HTTP flood. Target URLs for this call: ['http://localhost:8080']
[Injector] Starting HTTP flood with 4 attackers, ~2.0 RPS total, across 1 targets: http://localhost:8080
  [Injector Worker 130719896540864] Started. Target: http://localhost:8080?work=150000&sleep=0.0, RPS: 0.50, Mean interval: 2.0000s (Poisson)
  [Injector Worker 130719745537728] Started. Target: http://localhost:8080?work=150000&sleep=0.0, RPS: 0.50, Mean interval: 2.0000s (Poisson)
  [Injector Worker 130719779108544] Started. Target: http://localhost:8080?work=150000&sleep=0.0, RPS: 0.50, Mean interval: 2.0000s (Poisson)
  [Injector Worker 130719804286656] Started. Target: http://localhost:8080?work=150000&sleep=0.0, RPS: 0.50, Mean interval: 2.0000s (Poisson)
[Injector] All 4 attacker threads launched.
[Sniffer] Label set to: attack
[DEBUG Orchestrator] attack_has_started flag set to TRUE.
[DEBUG Orchestrator] End of Iteration. previous_num_instances_for_injector_logic updated to: 1
[DEGUG Orchestrator Loop Duration] Loop Duration = 3315.793635527
[Orchestrator] Warning: Loop iteration took longer than MONITOR_INTERVAL_SECONDS (5s). Not sleeping.
[Sniffer] Label set to: benign

--- Iteration 16 | Time: 77.1s / 180s ---
[Orchestrator]RTT = 69.34518976006075
[Orchestrator] Metrics: 1 active instance(s), Avg CPU: 52.88%, Avg App MEM: 25.98 MB
[Autoscaler]In cooldown: 12.915993387000071
[DEBUG Orchestrator] Iteration Start. Instances Before Injector Logic: 1, Prev Injector Logic Instances: 1, Attack Started Flag: True, Normal Traffic Started Flag: True
[DEBUG Orchestrator] URLs derived for injector (if active): ['http://localhost:8080']
[Sniffer] Label set to: benign
[DEBUG Orchestrator] Should attack be active now? True (window: 20s-160s)
[DEBUG Orchestrator] End of Iteration. previous_num_instances_for_injector_logic updated to: 1
[DEGUG Orchestrator Loop Duration] Loop Duration = 3320.793635527
[Sniffer] Label set to: benign

--- Iteration 17 | Time: 80.0s / 180s ---
[Orchestrator]RTT = 75.46625371427191
[Orchestrator] Metrics: 1 active instance(s), Avg CPU: 66.69%, Avg App MEM: 26.11 MB
[Autoscaler]In cooldown: 10.002003570999932
[DEBUG Orchestrator] Iteration Start. Instances Before Injector Logic: 1, Prev Injector Logic Instances: 1, Attack Started Flag: True, Normal Traffic Started Flag: True
[DEBUG Orchestrator] URLs derived for injector (if active): ['http://localhost:8080']
[Sniffer] Label set to: benign
[DEBUG Orchestrator] Should attack be active now? True (window: 20s-160s)
[DEBUG Orchestrator] End of Iteration. previous_num_instances_for_injector_logic updated to: 1
[DEGUG Orchestrator Loop Duration] Loop Duration = 3325.793635527
[Sniffer] Label set to: benign

--- Iteration 18 | Time: 85.0s / 180s ---
[Orchestrator]RTT = 45.07750818178961
[Orchestrator] Metrics: 1 active instance(s), Avg CPU: 44.46%, Avg App MEM: 26.19 MB
[Autoscaler]In cooldown: 5.001544304000163
[DEBUG Orchestrator] Iteration Start. Instances Before Injector Logic: 1, Prev Injector Logic Instances: 1, Attack Started Flag: True, Normal Traffic Started Flag: True
[DEBUG Orchestrator] URLs derived for injector (if active): ['http://localhost:8080']
[Sniffer] Label set to: benign
[DEBUG Orchestrator] Should attack be active now? True (window: 20s-160s)
[DEBUG Orchestrator] End of Iteration. previous_num_instances_for_injector_logic updated to: 1
[DEGUG Orchestrator Loop Duration] Loop Duration = 3330.793635527
[Sniffer] Label set to: benign

--- Iteration 19 | Time: 90.0s / 180s ---
[Orchestrator]RTT = 47.88541546164337
[Orchestrator] Metrics: 1 active instance(s), Avg CPU: 54.24%, Avg App MEM: 26.45 MB
[Autoscaler] Decision: NO_ACTION. Avg CPU: 54.24% is within thresholds (25.0% - 60.0%).
[DEBUG Orchestrator] Iteration Start. Instances Before Injector Logic: 1, Prev Injector Logic Instances: 1, Attack Started Flag: True, Normal Traffic Started Flag: True
[DEBUG Orchestrator] URLs derived for injector (if active): ['http://localhost:8080']
[Sniffer] Label set to: benign
[DEBUG Orchestrator] Should attack be active now? True (window: 20s-160s)
[DEBUG Orchestrator] End of Iteration. previous_num_instances_for_injector_logic updated to: 1
[DEGUG Orchestrator Loop Duration] Loop Duration = 3335.793635527
[Sniffer] Label set to: benign

--- Iteration 20 | Time: 95.0s / 180s ---
[Orchestrator]RTT = 51.527880900039236
[Orchestrator] Metrics: 1 active instance(s), Avg CPU: 61.54%, Avg App MEM: 26.47 MB
[Autoscaler] Decision: SCALE_UP. Avg CPU: 61.54% > 60.0%. Current instances: 1, Max: 4
[Orchestrator] Action: Scaling UP from 1 instance(s). Attempting to start instance 3.
Attempting to start container target_instance_3 mapping container:80 to host:8082...
Container c9e5b621c6 (target_instance_3) started. Accessible on host port 8082.
[Orchestrator] Successfully started target_instance_3. Now 2 instance(s).
[Autoscaler] Scale action recorded. New instance count: 2. Cooldown timer reset.
[DEBUG Orchestrator] Iteration Start. Instances Before Injector Logic: 2, Prev Injector Logic Instances: 1, Attack Started Flag: True, Normal Traffic Started Flag: True
[DEBUG Orchestrator] URLs derived for injector (if active): ['http://localhost:8080', 'http://localhost:8082']
[Sniffer] Label set to: benign
[DEBUG Orchestrator] Should attack be active now? True (window: 20s-160s)
[DEBUG Orchestrator] Condition: Needs to RESTART attack (num instances changed from 1 to 2 AND attack was active).
[Orchestrator] Attack active and restart needed. Stopping current traffic injector...
[Injector] Signaling HTTP flood workers to stop...
  [Injector Worker 130719737145024] Stopped. Total requests: 24, Errors: 11
[Injector] Stop signal sent (non-blocking).
[DEBUG Orchestrator] Called stop_http_flood. Sleeping for 1s...
  [Injector Worker 130719896540864] Stopped. Total requests: 10, Errors: 0
  [Injector Worker 130719779108544] Stopped. Total requests: 14, Errors: 0
[DEBUG Orchestrator] Resuming after sleep.
[Orchestrator] Starting/Restarting HTTP flood. Target URLs for this call: ['http://localhost:8080', 'http://localhost:8082']
[Injector] Starting HTTP flood with 4 attackers, ~2.0 RPS total, across 2 targets: http://localhost:8080, http://localhost:8082
  [Injector Worker 130719779108544] Started. Target: http://localhost:8080?work=150000&sleep=0.0, RPS: 0.50, Mean interval: 2.0000s (Poisson)
  [Injector Worker 130719896540864] Started. Target: http://localhost:8082?work=150000&sleep=0.0, RPS: 0.50, Mean interval: 2.0000s (Poisson)  [Injector Worker 130719737145024] Started. Target: http://localhost:8080?work=150000&sleep=0.0, RPS: 0.50, Mean interval: 2.0000s (Poisson)

  [Injector Worker 130719711966912] Started. Target: http://localhost:8082?work=150000&sleep=0.0, RPS: 0.50, Mean interval: 2.0000s (Poisson)
[Injector] All 4 attacker threads launched.
[Sniffer] Label set to: attack
[DEBUG Orchestrator] attack_has_started flag set to TRUE.
[DEBUG Orchestrator] End of Iteration. previous_num_instances_for_injector_logic updated to: 2
[DEGUG Orchestrator Loop Duration] Loop Duration = 3340.793635527
[Sniffer] Label set to: benign

--- Iteration 21 | Time: 100.0s / 180s ---
[Orchestrator]RTT = 71.38612049993753
[Orchestrator] Metrics: 2 active instance(s), Avg CPU: 48.87%, Avg App MEM: 24.74 MB
[Autoscaler]In cooldown: 14.978126103999784
[DEBUG Orchestrator] Iteration Start. Instances Before Injector Logic: 2, Prev Injector Logic Instances: 2, Attack Started Flag: True, Normal Traffic Started Flag: True
[DEBUG Orchestrator] URLs derived for injector (if active): ['http://localhost:8080', 'http://localhost:8082']
[Sniffer] Label set to: benign
[DEBUG Orchestrator] Should attack be active now? True (window: 20s-160s)
[DEBUG Orchestrator] End of Iteration. previous_num_instances_for_injector_logic updated to: 2
[DEGUG Orchestrator Loop Duration] Loop Duration = 3345.793635527
[Sniffer] Label set to: benign

--- Iteration 22 | Time: 105.0s / 180s ---
[Orchestrator]RTT = 51.884564599986334
[Orchestrator] Metrics: 2 active instance(s), Avg CPU: 26.04%, Avg App MEM: 23.82 MB
[Autoscaler]In cooldown: 9.999227626999982
[DEBUG Orchestrator] Iteration Start. Instances Before Injector Logic: 2, Prev Injector Logic Instances: 2, Attack Started Flag: True, Normal Traffic Started Flag: True
[DEBUG Orchestrator] URLs derived for injector (if active): ['http://localhost:8080', 'http://localhost:8082']
[Sniffer] Label set to: benign
[DEBUG Orchestrator] Should attack be active now? True (window: 20s-160s)
[DEBUG Orchestrator] End of Iteration. previous_num_instances_for_injector_logic updated to: 2
[DEGUG Orchestrator Loop Duration] Loop Duration = 3350.793635527
[Sniffer] Label set to: benign

--- Iteration 23 | Time: 110.0s / 180s ---
[Orchestrator]RTT = 50.69601406256652
[Orchestrator] Metrics: 2 active instance(s), Avg CPU: 28.73%, Avg App MEM: 23.77 MB
[Autoscaler]In cooldown: 4.998048543000095
[DEBUG Orchestrator] Iteration Start. Instances Before Injector Logic: 2, Prev Injector Logic Instances: 2, Attack Started Flag: True, Normal Traffic Started Flag: True
[DEBUG Orchestrator] URLs derived for injector (if active): ['http://localhost:8080', 'http://localhost:8082']
[Sniffer] Label set to: benign
[DEBUG Orchestrator] Should attack be active now? True (window: 20s-160s)
[DEBUG Orchestrator] End of Iteration. previous_num_instances_for_injector_logic updated to: 2
[DEGUG Orchestrator Loop Duration] Loop Duration = 3355.793635527
[Sniffer] Label set to: benign

--- Iteration 24 | Time: 115.0s / 180s ---
[Orchestrator]RTT = 76.04902657902512
[Orchestrator] Metrics: 2 active instance(s), Avg CPU: 37.07%, Avg App MEM: 24.05 MB
[Autoscaler] Decision: NO_ACTION. Avg CPU: 37.07% is within thresholds (25.0% - 60.0%).
[DEBUG Orchestrator] Iteration Start. Instances Before Injector Logic: 2, Prev Injector Logic Instances: 2, Attack Started Flag: True, Normal Traffic Started Flag: True
[DEBUG Orchestrator] URLs derived for injector (if active): ['http://localhost:8080', 'http://localhost:8082']
[Sniffer] Label set to: benign
[DEBUG Orchestrator] Should attack be active now? True (window: 20s-160s)
[DEBUG Orchestrator] End of Iteration. previous_num_instances_for_injector_logic updated to: 2
[DEGUG Orchestrator Loop Duration] Loop Duration = 3360.793635527
[Sniffer] Label set to: benign

--- Iteration 25 | Time: 120.0s / 180s ---
[Orchestrator]RTT = 49.5636964545528
[Orchestrator] Metrics: 2 active instance(s), Avg CPU: 26.83%, Avg App MEM: 23.94 MB
[Autoscaler] Decision: NO_ACTION. Avg CPU: 26.83% is within thresholds (25.0% - 60.0%).
[DEBUG Orchestrator] Iteration Start. Instances Before Injector Logic: 2, Prev Injector Logic Instances: 2, Attack Started Flag: True, Normal Traffic Started Flag: True
[DEBUG Orchestrator] URLs derived for injector (if active): ['http://localhost:8080', 'http://localhost:8082']
[Sniffer] Label set to: benign
[DEBUG Orchestrator] Should attack be active now? True (window: 20s-160s)
[DEBUG Orchestrator] End of Iteration. previous_num_instances_for_injector_logic updated to: 2
[DEGUG Orchestrator Loop Duration] Loop Duration = 3365.793635527
[Sniffer] Label set to: benign

--- Iteration 26 | Time: 125.0s / 180s ---
[Orchestrator]RTT = 59.100705789468954
[Orchestrator] Metrics: 2 active instance(s), Avg CPU: 52.69%, Avg App MEM: 24.66 MB
[Autoscaler] Decision: NO_ACTION. Avg CPU: 52.69% is within thresholds (25.0% - 60.0%).
[DEBUG Orchestrator] Iteration Start. Instances Before Injector Logic: 2, Prev Injector Logic Instances: 2, Attack Started Flag: True, Normal Traffic Started Flag: True
[DEBUG Orchestrator] URLs derived for injector (if active): ['http://localhost:8080', 'http://localhost:8082']
[Sniffer] Label set to: benign
[DEBUG Orchestrator] Should attack be active now? True (window: 20s-160s)
[DEBUG Orchestrator] End of Iteration. previous_num_instances_for_injector_logic updated to: 2
[DEGUG Orchestrator Loop Duration] Loop Duration = 3370.793635527
[Sniffer] Label set to: benign

--- Iteration 27 | Time: 130.0s / 180s ---
[Orchestrator]RTT = 49.74298057145244
[Orchestrator] Metrics: 2 active instance(s), Avg CPU: 26.31%, Avg App MEM: 24.05 MB
[Autoscaler] Decision: NO_ACTION. Avg CPU: 26.31% is within thresholds (25.0% - 60.0%).
[DEBUG Orchestrator] Iteration Start. Instances Before Injector Logic: 2, Prev Injector Logic Instances: 2, Attack Started Flag: True, Normal Traffic Started Flag: True
[DEBUG Orchestrator] URLs derived for injector (if active): ['http://localhost:8080', 'http://localhost:8082']
[Sniffer] Label set to: benign
[DEBUG Orchestrator] Should attack be active now? True (window: 20s-160s)
[DEBUG Orchestrator] End of Iteration. previous_num_instances_for_injector_logic updated to: 2
[DEGUG Orchestrator Loop Duration] Loop Duration = 3375.793635527
[Sniffer] Label set to: benign

--- Iteration 28 | Time: 135.0s / 180s ---
[Orchestrator]RTT = 49.861441200005174
[Orchestrator] Metrics: 2 active instance(s), Avg CPU: 24.43%, Avg App MEM: 24.05 MB
[Autoscaler] Decision: SCALE_DOWN. Avg CPU: 24.43% < 25.0%. Current instances: 2, Min: 1
[Orchestrator] Action: Scaling DOWN from 2 instance(s). Stopping target_instance_3.
Attempting to stop and remove container target_instance_3...
Container target_instance_3 stopped and removed.
[Orchestrator] Successfully stopped target_instance_3. Now 1 instance(s).
[Autoscaler] Scale action recorded. New instance count: 1. Cooldown timer reset.
[DEBUG Orchestrator] Iteration Start. Instances Before Injector Logic: 1, Prev Injector Logic Instances: 2, Attack Started Flag: True, Normal Traffic Started Flag: True
[DEBUG Orchestrator] URLs derived for injector (if active): ['http://localhost:8080']
[Sniffer] Label set to: benign
[DEBUG Orchestrator] Should attack be active now? True (window: 20s-160s)
[DEBUG Orchestrator] Condition: Needs to RESTART attack (num instances changed from 2 to 1 AND attack was active).
[Orchestrator] Attack active and restart needed. Stopping current traffic injector...
[Injector] Signaling HTTP flood workers to stop...
[Injector] Stop signal sent (non-blocking).
[DEBUG Orchestrator] Called stop_http_flood. Sleeping for 1s...
[DEBUG Orchestrator] Resuming after sleep.
[Orchestrator] Starting/Restarting HTTP flood. Target URLs for this call: ['http://localhost:8080']
[Injector] Starting HTTP flood with 4 attackers, ~2.0 RPS total, across 1 targets: http://localhost:8080
  [Injector Worker 130719703574208] Started. Target: http://localhost:8080?work=150000&sleep=0.0, RPS: 0.50, Mean interval: 2.0000s (Poisson)
  [Injector Worker 130719695181504] Started. Target: http://localhost:8080?work=150000&sleep=0.0, RPS: 0.50, Mean interval: 2.0000s (Poisson)
  [Injector Worker 130719686788800] Started. Target: http://localhost:8080?work=150000&sleep=0.0, RPS: 0.50, Mean interval: 2.0000s (Poisson)
  [Injector Worker 130719678396096] Started. Target: http://localhost:8080?work=150000&sleep=0.0, RPS: 0.50, Mean interval: 2.0000s (Poisson)
[Injector] All 4 attacker threads launched.
[Sniffer] Label set to: attack
[DEBUG Orchestrator] attack_has_started flag set to TRUE.
[DEBUG Orchestrator] End of Iteration. previous_num_instances_for_injector_logic updated to: 1
[DEGUG Orchestrator Loop Duration] Loop Duration = 3380.793635527
[Orchestrator] Warning: Loop iteration took longer than MONITOR_INTERVAL_SECONDS (5s). Not sleeping.
[Sniffer] Label set to: benign

--- Iteration 29 | Time: 142.0s / 180s ---
[Orchestrator]RTT = 49.78673242855317
[Orchestrator] Metrics: 1 active instance(s), Avg CPU: 63.08%, Avg App MEM: 26.50 MB
[Autoscaler]In cooldown: 12.980461675999777
[DEBUG Orchestrator] Iteration Start. Instances Before Injector Logic: 1, Prev Injector Logic Instances: 1, Attack Started Flag: True, Normal Traffic Started Flag: True
[DEBUG Orchestrator] URLs derived for injector (if active): ['http://localhost:8080']
[Sniffer] Label set to: benign
[DEBUG Orchestrator] Should attack be active now? True (window: 20s-160s)
[DEBUG Orchestrator] End of Iteration. previous_num_instances_for_injector_logic updated to: 1
[DEGUG Orchestrator Loop Duration] Loop Duration = 3385.793635527
[Sniffer] Label set to: benign

--- Iteration 30 | Time: 145.0s / 180s ---
[Orchestrator]RTT = 75.75148600002042
[Orchestrator] Metrics: 1 active instance(s), Avg CPU: 79.92%, Avg App MEM: 26.60 MB
[Autoscaler]In cooldown: 9.999691852000069
[DEBUG Orchestrator] Iteration Start. Instances Before Injector Logic: 1, Prev Injector Logic Instances: 1, Attack Started Flag: True, Normal Traffic Started Flag: True
[DEBUG Orchestrator] URLs derived for injector (if active): ['http://localhost:8080']
[Sniffer] Label set to: benign
[DEBUG Orchestrator] Should attack be active now? True (window: 20s-160s)
[DEBUG Orchestrator] End of Iteration. previous_num_instances_for_injector_logic updated to: 1
[DEGUG Orchestrator Loop Duration] Loop Duration = 3390.793635527
[Sniffer] Label set to: benign

--- Iteration 31 | Time: 150.0s / 180s ---
[Orchestrator]RTT = 50.82814014281212
[Orchestrator] Metrics: 1 active instance(s), Avg CPU: 57.20%, Avg App MEM: 26.72 MB
[Autoscaler]In cooldown: 4.999368243999925
[DEBUG Orchestrator] Iteration Start. Instances Before Injector Logic: 1, Prev Injector Logic Instances: 1, Attack Started Flag: True, Normal Traffic Started Flag: True
[DEBUG Orchestrator] URLs derived for injector (if active): ['http://localhost:8080']
[Sniffer] Label set to: benign
[DEBUG Orchestrator] Should attack be active now? True (window: 20s-160s)
[DEBUG Orchestrator] End of Iteration. previous_num_instances_for_injector_logic updated to: 1
[DEGUG Orchestrator Loop Duration] Loop Duration = 3395.793635527
[Sniffer] Label set to: benign

--- Iteration 32 | Time: 155.0s / 180s ---
[Orchestrator]RTT = 43.70322999995681
[Orchestrator] Metrics: 1 active instance(s), Avg CPU: 54.12%, Avg App MEM: 26.86 MB
[Autoscaler] Decision: NO_ACTION. Avg CPU: 54.12% is within thresholds (25.0% - 60.0%).
[DEBUG Orchestrator] Iteration Start. Instances Before Injector Logic: 1, Prev Injector Logic Instances: 1, Attack Started Flag: True, Normal Traffic Started Flag: True
[DEBUG Orchestrator] URLs derived for injector (if active): ['http://localhost:8080']
[Sniffer] Label set to: benign
[DEBUG Orchestrator] Should attack be active now? True (window: 20s-160s)
[DEBUG Orchestrator] End of Iteration. previous_num_instances_for_injector_logic updated to: 1
[DEGUG Orchestrator Loop Duration] Loop Duration = 3400.793635527
[Sniffer] Label set to: benign

--- Iteration 33 | Time: 160.0s / 180s ---
[Orchestrator]RTT = 50.78873565510329
[Orchestrator] Metrics: 1 active instance(s), Avg CPU: 67.05%, Avg App MEM: 26.85 MB
[Autoscaler] Decision: SCALE_UP. Avg CPU: 67.05% > 60.0%. Current instances: 1, Max: 4
[Orchestrator] Action: Scaling UP from 1 instance(s). Attempting to start instance 4.
Attempting to start container target_instance_4 mapping container:80 to host:8083...
Container f421757acc (target_instance_4) started. Accessible on host port 8083.
[Orchestrator] Successfully started target_instance_4. Now 2 instance(s).
[Autoscaler] Scale action recorded. New instance count: 2. Cooldown timer reset.
[DEBUG Orchestrator] Iteration Start. Instances Before Injector Logic: 2, Prev Injector Logic Instances: 1, Attack Started Flag: True, Normal Traffic Started Flag: True
[DEBUG Orchestrator] URLs derived for injector (if active): ['http://localhost:8080', 'http://localhost:8083']
[Sniffer] Label set to: benign
[DEBUG Orchestrator] Should attack be active now? False (window: 20s-160s)
[Orchestrator] Attack duration ended or outside schedule. Stopping HTTP flood.
[Injector] Signaling HTTP flood workers to stop...
  [Injector Worker 130719737145024] Stopped. Total requests: 52, Errors: 0
  [Injector Worker 130719745537728] Stopped. Total requests: 33, Errors: 0
  [Injector Worker 130719686788800] Stopped. Total requests: 8, Errors: 0
[Injector] Stop signal sent (non-blocking).
[DEBUG Orchestrator] attack_has_started flag set to FALSE (attack period ended).
[DEBUG Orchestrator] End of Iteration. previous_num_instances_for_injector_logic updated to: 2
[DEGUG Orchestrator Loop Duration] Loop Duration = 3405.793635527
  [Injector Worker 130719711966912] Stopped. Total requests: 24, Errors: 8
  [Injector Worker 130719678396096] Stopped. Total requests: 8, Errors: 0
  [Injector Worker 130719753930432] Stopped. Total requests: 16, Errors: 42
  [Injector Worker 130719804286656] Stopped. Total requests: 45, Errors: 0
  [Injector Worker 130719779108544] Stopped. Total requests: 30, Errors: 0
  [Injector Worker 130719896540864] Stopped. Total requests: 30, Errors: 8
  [Injector Worker 130719703574208] Stopped. Total requests: 10, Errors: 0
[Sniffer] Label set to: benign

--- Iteration 34 | Time: 165.0s / 180s ---
[Orchestrator]RTT = 35.55998345937231
[Orchestrator] Metrics: 2 active instance(s), Avg CPU: 52.77%, Avg App MEM: 26.52 MB
[Autoscaler]In cooldown: 14.999924557999748
[DEBUG Orchestrator] Iteration Start. Instances Before Injector Logic: 2, Prev Injector Logic Instances: 2, Attack Started Flag: False, Normal Traffic Started Flag: True
[DEBUG Orchestrator] URLs derived for injector (if active): ['http://localhost:8080', 'http://localhost:8083']
[Sniffer] Label set to: benign
[DEBUG Orchestrator] Should attack be active now? False (window: 20s-160s)
[DEBUG Orchestrator] End of Iteration. previous_num_instances_for_injector_logic updated to: 2
[DEGUG Orchestrator Loop Duration] Loop Duration = 3410.793635527
  [Injector Worker 130719787501248] Stopped. Total requests: 53, Errors: 0
  [Injector Worker 130719695181504] Stopped. Total requests: 8, Errors: 0
[Sniffer] Label set to: benign

--- Iteration 35 | Time: 170.0s / 180s ---
[Orchestrator]RTT = 32.99604974001964
[Orchestrator] Metrics: 2 active instance(s), Avg CPU: 27.61%, Avg App MEM: 22.53 MB
[Autoscaler]In cooldown: 10.000131317000069
[DEBUG Orchestrator] Iteration Start. Instances Before Injector Logic: 2, Prev Injector Logic Instances: 2, Attack Started Flag: False, Normal Traffic Started Flag: True
[DEBUG Orchestrator] URLs derived for injector (if active): ['http://localhost:8080', 'http://localhost:8083']
[Sniffer] Label set to: benign
[DEBUG Orchestrator] Should attack be active now? False (window: 20s-160s)
[DEBUG Orchestrator] End of Iteration. previous_num_instances_for_injector_logic updated to: 2
[DEGUG Orchestrator Loop Duration] Loop Duration = 3415.793635527
[Sniffer] Label set to: benign

--- Iteration 36 | Time: 175.0s / 180s ---
[Orchestrator]RTT = 34.84684052905049
[Orchestrator] Metrics: 2 active instance(s), Avg CPU: 20.91%, Avg App MEM: 20.73 MB
[Autoscaler]In cooldown: 5.000285705999886
[DEBUG Orchestrator] Iteration Start. Instances Before Injector Logic: 2, Prev Injector Logic Instances: 2, Attack Started Flag: False, Normal Traffic Started Flag: True
[DEBUG Orchestrator] URLs derived for injector (if active): ['http://localhost:8080', 'http://localhost:8083']
[Sniffer] Label set to: benign
[DEBUG Orchestrator] Should attack be active now? False (window: 20s-160s)
[DEBUG Orchestrator] End of Iteration. previous_num_instances_for_injector_logic updated to: 2
[DEGUG Orchestrator Loop Duration] Loop Duration = 3420.793635527

[Orchestrator] Simulation duration reached.
[Orchestrator] Saving RTT log...
[Sniffer] Realtime tcpdump stopped.
[Orchestrator] Stopping normal traffic...
[Normal_Injector] Signaling workers to stop...
  [Normal_Injector Worker 130724666185408] Stopped. Total requests: 8738, Errors: 10
  [Normal_Injector Worker 130724657792704] Stopped. Total requests: 8598, Errors: 4
  [Normal_Injector Worker 130724682970816] Stopped. Total requests: 8682, Errors: 10
  [Normal_Injector Worker 130724699756224] Stopped. Total requests: 8707, Errors: 7
[Normal_Injector] Stop signal sent (non-blocking).
[Orchestrator] Cleaning up all simulation instances...
Cleaning up all simulation instances...
Stopping and removing container: target_instance_4 (f421757acc)...
  Container target_instance_4 removed.
Stopping and removing container: target_instance_1 (c642eac28d)...
  Container target_instance_1 removed.
Simulation instance cleanup complete.
[Stats_Collector] Stopping stats collector thread...
[Orchestrator] Simulation Complete. Total Fictional Cost: $0.0016
[Orchestrator] Metrics logged in: simulation_metrics.csv

===== [stage1b] S3 (200 req/s normal) + 1% ataque (~2.000 req/s) @ WU=175000 rep=1 =====
Attacker RPS set to: 0.5
Number of attackers set to: 4
Simulation duration set to: 180
Attack work units set to: 175000
Normal traffic RPS per client set to: 50.0
Normal traffic work units set to: 10
[Orchestrator] Initializing simulation environment...
[Sniffer] Realtime tcpdump started on any
[Sniffer] Label set to: benign
[Autoscaler] Initialized.
Attempting to build Docker image: edos_target_app:latest...
Image edos_target_app:latest already exists. Skipping build.
Docker network 'edos_network' already exists.
[Orchestrator] Cleaning up any pre-existing simulation instances...
Cleaning up all simulation instances...
No simulation instances found to clean up.
[Orchestrator] Starting initial 1 instance(s)...
Attempting to start container target_instance_1 mapping container:80 to host:8080...
Container 87cbca9b74 (target_instance_1) started. Accessible on host port 8080.
[Autoscaler] Initial number of instances set to: 1
[Orchestrator] 1 initial instance(s) running.
[Orchestrator] Metrics will be logged to: simulation_metrics.csv
[Orchestrator] Attack summary will be logged to: attack_summary_log.csv
[Orchestrator] Normal traffic summary will be logged to: normal_traffic_summary_log.csv
[Orchestrator] Starting simulation main loop for 180 seconds.
[Orchestrator] Monitoring interval: 5s. Cooldown: 20s.
[Orchestrator] CPU Thresholds: Scale Up > 60.0%, Scale Down < 25.0%
[Orchestrator] Traffic injection scheduled: Start at 20s, Duration 140s.
[Sniffer] Label set to: benign

--- Iteration 1 | Time: 0.0s / 180s ---
[Orchestrator]RTT = 0.0
[Orchestrator] Metrics: 1 active instance(s), Avg CPU: 0.00%, Avg App MEM: 0.00 MB
[Autoscaler] Condition for SCALE_DOWN met (Avg CPU: 0.00%), but already at MIN_INSTANCES (1). No action.
[DEBUG Orchestrator] Iteration Start. Instances Before Injector Logic: 1, Prev Injector Logic Instances: 1, Attack Started Flag: False, Normal Traffic Started Flag: False
[DEBUG Orchestrator] URLs derived for injector (if active): ['http://localhost:8080']
[Sniffer] Label set to: benign
[DEBUG Orchestrator] Should attack be active now? False (window: 20s-160s)
[Orchestrator] Starting/Restarting Normal Traffic. Target URLs for this call: ['http://localhost:8080']
[Normal_Injector] Starting HTTP flood with 4 attackers, ~200.0 RPS total, across 1 targets: http://localhost:8080
  [Normal_Injector Worker 130295936124608] Started. Target: http://localhost:8080?work=10&sleep=0.0, RPS: 50.00, Mean interval: 0.0200s (Poisson)
  [Normal_Injector Worker 130295919339200] Started. Target: http://localhost:8080?work=10&sleep=0.0, RPS: 50.00, Mean interval: 0.0200s (Poisson)
  [Normal_Injector Worker 130295902553792] Started. Target: http://localhost:8080?work=10&sleep=0.0, RPS: 50.00, Mean interval: 0.0200s (Poisson)
  [Normal_Injector Worker 130295407830720] Started. Target: http://localhost:8080?work=10&sleep=0.0, RPS: 50.00, Mean interval: 0.0200s (Poisson)
[Normal_Injector] All 4 attacker threads launched.
[DEBUG Orchestrator] End of Iteration. previous_num_instances_for_injector_logic updated to: 1
[DEGUG Orchestrator Loop Duration] Loop Duration = 3432.882759027
[Sniffer] Label set to: benign

--- Iteration 2 | Time: 5.0s / 180s ---
[Orchestrator]RTT = 32.861610372039365
[Orchestrator] Metrics: 1 active instance(s), Avg CPU: 37.22%, Avg App MEM: 23.87 MB
[Autoscaler] Decision: NO_ACTION. Avg CPU: 37.22% is within thresholds (25.0% - 60.0%).
[DEBUG Orchestrator] Iteration Start. Instances Before Injector Logic: 1, Prev Injector Logic Instances: 1, Attack Started Flag: False, Normal Traffic Started Flag: True
[DEBUG Orchestrator] URLs derived for injector (if active): ['http://localhost:8080']
[Sniffer] Label set to: benign
[DEBUG Orchestrator] Should attack be active now? False (window: 20s-160s)
[DEBUG Orchestrator] End of Iteration. previous_num_instances_for_injector_logic updated to: 1
[DEGUG Orchestrator Loop Duration] Loop Duration = 3437.882759027
[Sniffer] Label set to: benign

--- Iteration 3 | Time: 10.0s / 180s ---
[Orchestrator]RTT = 34.95224511964338
[Orchestrator] Metrics: 1 active instance(s), Avg CPU: 47.65%, Avg App MEM: 23.82 MB
[Autoscaler] Decision: NO_ACTION. Avg CPU: 47.65% is within thresholds (25.0% - 60.0%).
[DEBUG Orchestrator] Iteration Start. Instances Before Injector Logic: 1, Prev Injector Logic Instances: 1, Attack Started Flag: False, Normal Traffic Started Flag: True
[DEBUG Orchestrator] URLs derived for injector (if active): ['http://localhost:8080']
[Sniffer] Label set to: benign
[DEBUG Orchestrator] Should attack be active now? False (window: 20s-160s)
[DEBUG Orchestrator] End of Iteration. previous_num_instances_for_injector_logic updated to: 1
[DEGUG Orchestrator Loop Duration] Loop Duration = 3442.882759027
[Sniffer] Label set to: benign

--- Iteration 4 | Time: 15.0s / 180s ---
[Orchestrator]RTT = 34.39690150263652
[Orchestrator] Metrics: 1 active instance(s), Avg CPU: 44.98%, Avg App MEM: 24.19 MB
[Autoscaler] Decision: NO_ACTION. Avg CPU: 44.98% is within thresholds (25.0% - 60.0%).
[DEBUG Orchestrator] Iteration Start. Instances Before Injector Logic: 1, Prev Injector Logic Instances: 1, Attack Started Flag: False, Normal Traffic Started Flag: True
[DEBUG Orchestrator] URLs derived for injector (if active): ['http://localhost:8080']
[Sniffer] Label set to: benign
[DEBUG Orchestrator] Should attack be active now? False (window: 20s-160s)
[DEBUG Orchestrator] End of Iteration. previous_num_instances_for_injector_logic updated to: 1
[DEGUG Orchestrator Loop Duration] Loop Duration = 3447.882759027
[Sniffer] Label set to: benign

--- Iteration 5 | Time: 20.0s / 180s ---
[Orchestrator]RTT = 33.333807954452524
[Orchestrator] Metrics: 1 active instance(s), Avg CPU: 44.44%, Avg App MEM: 23.88 MB
[Autoscaler] Decision: NO_ACTION. Avg CPU: 44.44% is within thresholds (25.0% - 60.0%).
[DEBUG Orchestrator] Iteration Start. Instances Before Injector Logic: 1, Prev Injector Logic Instances: 1, Attack Started Flag: False, Normal Traffic Started Flag: True
[DEBUG Orchestrator] URLs derived for injector (if active): ['http://localhost:8080']
[Sniffer] Label set to: benign
[DEBUG Orchestrator] Should attack be active now? True (window: 20s-160s)
[DEBUG Orchestrator] Condition: Needs to START attack (was not started and in attack window).
[Orchestrator] Starting/Restarting HTTP flood. Target URLs for this call: ['http://localhost:8080']
[Injector] Starting HTTP flood with 4 attackers, ~2.0 RPS total, across 1 targets: http://localhost:8080
  [Injector Worker 130291062507200] Started. Target: http://localhost:8080?work=175000&sleep=0.0, RPS: 0.50, Mean interval: 2.0000s (Poisson)
  [Injector Worker 130291045721792] Started. Target: http://localhost:8080?work=175000&sleep=0.0, RPS: 0.50, Mean interval: 2.0000s (Poisson)
  [Injector Worker 130291028936384] Started. Target: http://localhost:8080?work=175000&sleep=0.0, RPS: 0.50, Mean interval: 2.0000s (Poisson)
  [Injector Worker 130291020543680] Started. Target: http://localhost:8080?work=175000&sleep=0.0, RPS: 0.50, Mean interval: 2.0000s (Poisson)
[Injector] All 4 attacker threads launched.
[Sniffer] Label set to: attack
[DEBUG Orchestrator] attack_has_started flag set to TRUE.
[DEBUG Orchestrator] End of Iteration. previous_num_instances_for_injector_logic updated to: 1
[DEGUG Orchestrator Loop Duration] Loop Duration = 3452.882759027
[Sniffer] Label set to: benign

--- Iteration 6 | Time: 25.0s / 180s ---
[Orchestrator]RTT = 89.5640645000445
[Orchestrator] Metrics: 1 active instance(s), Avg CPU: 46.22%, Avg App MEM: 25.01 MB
[Autoscaler] Decision: NO_ACTION. Avg CPU: 46.22% is within thresholds (25.0% - 60.0%).
[DEBUG Orchestrator] Iteration Start. Instances Before Injector Logic: 1, Prev Injector Logic Instances: 1, Attack Started Flag: True, Normal Traffic Started Flag: True
[DEBUG Orchestrator] URLs derived for injector (if active): ['http://localhost:8080']
[Sniffer] Label set to: benign
[DEBUG Orchestrator] Should attack be active now? True (window: 20s-160s)
[DEBUG Orchestrator] End of Iteration. previous_num_instances_for_injector_logic updated to: 1
[DEGUG Orchestrator Loop Duration] Loop Duration = 3457.882759027
[Sniffer] Label set to: benign

--- Iteration 7 | Time: 30.0s / 180s ---
[Orchestrator]RTT = 74.22493479998593
[Orchestrator] Metrics: 1 active instance(s), Avg CPU: 40.94%, Avg App MEM: 25.03 MB
[Autoscaler] Decision: NO_ACTION. Avg CPU: 40.94% is within thresholds (25.0% - 60.0%).
[DEBUG Orchestrator] Iteration Start. Instances Before Injector Logic: 1, Prev Injector Logic Instances: 1, Attack Started Flag: True, Normal Traffic Started Flag: True
[DEBUG Orchestrator] URLs derived for injector (if active): ['http://localhost:8080']
[Sniffer] Label set to: benign
[DEBUG Orchestrator] Should attack be active now? True (window: 20s-160s)
[DEBUG Orchestrator] End of Iteration. previous_num_instances_for_injector_logic updated to: 1
[DEGUG Orchestrator Loop Duration] Loop Duration = 3462.882759027
[Sniffer] Label set to: benign

--- Iteration 8 | Time: 35.0s / 180s ---
[Orchestrator]RTT = 66.16482190909004
[Orchestrator] Metrics: 1 active instance(s), Avg CPU: 62.39%, Avg App MEM: 25.19 MB
[Autoscaler] Decision: SCALE_UP. Avg CPU: 62.39% > 60.0%. Current instances: 1, Max: 4
[Orchestrator] Action: Scaling UP from 1 instance(s). Attempting to start instance 2.
Attempting to start container target_instance_2 mapping container:80 to host:8081...
Container e00eeb263b (target_instance_2) started. Accessible on host port 8081.
[Orchestrator] Successfully started target_instance_2. Now 2 instance(s).
[Autoscaler] Scale action recorded. New instance count: 2. Cooldown timer reset.
[DEBUG Orchestrator] Iteration Start. Instances Before Injector Logic: 2, Prev Injector Logic Instances: 1, Attack Started Flag: True, Normal Traffic Started Flag: True
[DEBUG Orchestrator] URLs derived for injector (if active): ['http://localhost:8080', 'http://localhost:8081']
[Sniffer] Label set to: benign
[DEBUG Orchestrator] Should attack be active now? True (window: 20s-160s)
[DEBUG Orchestrator] Condition: Needs to RESTART attack (num instances changed from 1 to 2 AND attack was active).
[Orchestrator] Attack active and restart needed. Stopping current traffic injector...
[Injector] Signaling HTTP flood workers to stop...
[Injector] Stop signal sent (non-blocking).
[DEBUG Orchestrator] Called stop_http_flood. Sleeping for 1s...
[DEBUG Orchestrator] Resuming after sleep.
[Orchestrator] Starting/Restarting HTTP flood. Target URLs for this call: ['http://localhost:8080', 'http://localhost:8081']
[Injector] Starting HTTP flood with 4 attackers, ~2.0 RPS total, across 2 targets: http://localhost:8080, http://localhost:8081
  [Injector Worker 130290986972864] Started. Target: http://localhost:8080?work=175000&sleep=0.0, RPS: 0.50, Mean interval: 2.0000s (Poisson)
  [Injector Worker 130290978580160] Started. Target: http://localhost:8081?work=175000&sleep=0.0, RPS: 0.50, Mean interval: 2.0000s (Poisson)
  [Injector Worker 130290970187456] Started. Target: http://localhost:8080?work=175000&sleep=0.0, RPS: 0.50, Mean interval: 2.0000s (Poisson)
  [Injector Worker 130290961794752] Started. Target: http://localhost:8081?work=175000&sleep=0.0, RPS: 0.50, Mean interval: 2.0000s (Poisson)
[Injector] All 4 attacker threads launched.
[Sniffer] Label set to: attack
[DEBUG Orchestrator] attack_has_started flag set to TRUE.
[DEBUG Orchestrator] End of Iteration. previous_num_instances_for_injector_logic updated to: 2
[DEGUG Orchestrator Loop Duration] Loop Duration = 3467.882759027
[Sniffer] Label set to: benign

--- Iteration 9 | Time: 40.0s / 180s ---
[Orchestrator]RTT = 79.26931546668736
[Orchestrator] Metrics: 2 active instance(s), Avg CPU: 47.29%, Avg App MEM: 23.95 MB
[Autoscaler]In cooldown: 14.998541370000112
[DEBUG Orchestrator] Iteration Start. Instances Before Injector Logic: 2, Prev Injector Logic Instances: 2, Attack Started Flag: True, Normal Traffic Started Flag: True
[DEBUG Orchestrator] URLs derived for injector (if active): ['http://localhost:8080', 'http://localhost:8081']
[Sniffer] Label set to: benign
[DEBUG Orchestrator] Should attack be active now? True (window: 20s-160s)
[DEBUG Orchestrator] End of Iteration. previous_num_instances_for_injector_logic updated to: 2
[DEGUG Orchestrator Loop Duration] Loop Duration = 3472.882759027
[Sniffer] Label set to: benign

--- Iteration 10 | Time: 45.0s / 180s ---
[Orchestrator]RTT = 57.65935766668831
[Orchestrator] Metrics: 2 active instance(s), Avg CPU: 46.43%, Avg App MEM: 23.36 MB
[Autoscaler]In cooldown: 9.997854441000072
[DEBUG Orchestrator] Iteration Start. Instances Before Injector Logic: 2, Prev Injector Logic Instances: 2, Attack Started Flag: True, Normal Traffic Started Flag: True
[DEBUG Orchestrator] URLs derived for injector (if active): ['http://localhost:8080', 'http://localhost:8081']
[Sniffer] Label set to: benign
[DEBUG Orchestrator] Should attack be active now? True (window: 20s-160s)
[DEBUG Orchestrator] End of Iteration. previous_num_instances_for_injector_logic updated to: 2
[DEGUG Orchestrator Loop Duration] Loop Duration = 3477.882759027
[Sniffer] Label set to: benign

--- Iteration 11 | Time: 50.0s / 180s ---
[Orchestrator]RTT = 53.163323199987644
[Orchestrator] Metrics: 2 active instance(s), Avg CPU: 34.33%, Avg App MEM: 23.38 MB
[Autoscaler]In cooldown: 4.999949847000153
[DEBUG Orchestrator] Iteration Start. Instances Before Injector Logic: 2, Prev Injector Logic Instances: 2, Attack Started Flag: True, Normal Traffic Started Flag: True
[DEBUG Orchestrator] URLs derived for injector (if active): ['http://localhost:8080', 'http://localhost:8081']
[Sniffer] Label set to: benign
[DEBUG Orchestrator] Should attack be active now? True (window: 20s-160s)
[DEBUG Orchestrator] End of Iteration. previous_num_instances_for_injector_logic updated to: 2
[DEGUG Orchestrator Loop Duration] Loop Duration = 3482.882759027
[Sniffer] Label set to: benign

--- Iteration 12 | Time: 55.0s / 180s ---
[Orchestrator]RTT = 73.25829695651998
[Orchestrator] Metrics: 2 active instance(s), Avg CPU: 51.01%, Avg App MEM: 23.68 MB
[Autoscaler] Decision: NO_ACTION. Avg CPU: 51.01% is within thresholds (25.0% - 60.0%).
[DEBUG Orchestrator] Iteration Start. Instances Before Injector Logic: 2, Prev Injector Logic Instances: 2, Attack Started Flag: True, Normal Traffic Started Flag: True
[DEBUG Orchestrator] URLs derived for injector (if active): ['http://localhost:8080', 'http://localhost:8081']
[Sniffer] Label set to: benign
[DEBUG Orchestrator] Should attack be active now? True (window: 20s-160s)
[DEBUG Orchestrator] End of Iteration. previous_num_instances_for_injector_logic updated to: 2
[DEGUG Orchestrator Loop Duration] Loop Duration = 3487.882759027
[Sniffer] Label set to: benign

--- Iteration 13 | Time: 60.0s / 180s ---
[Orchestrator]RTT = 61.05137487495919
[Orchestrator] Metrics: 2 active instance(s), Avg CPU: 40.65%, Avg App MEM: 24.51 MB
[Autoscaler] Decision: NO_ACTION. Avg CPU: 40.65% is within thresholds (25.0% - 60.0%).
[DEBUG Orchestrator] Iteration Start. Instances Before Injector Logic: 2, Prev Injector Logic Instances: 2, Attack Started Flag: True, Normal Traffic Started Flag: True
[DEBUG Orchestrator] URLs derived for injector (if active): ['http://localhost:8080', 'http://localhost:8081']
[Sniffer] Label set to: benign
[DEBUG Orchestrator] Should attack be active now? True (window: 20s-160s)
[DEBUG Orchestrator] End of Iteration. previous_num_instances_for_injector_logic updated to: 2
[DEGUG Orchestrator Loop Duration] Loop Duration = 3492.882759027
[Sniffer] Label set to: benign

--- Iteration 14 | Time: 65.0s / 180s ---
[Orchestrator]RTT = 62.490415166722514
[Orchestrator] Metrics: 2 active instance(s), Avg CPU: 35.16%, Avg App MEM: 23.88 MB
[Autoscaler] Decision: NO_ACTION. Avg CPU: 35.16% is within thresholds (25.0% - 60.0%).
[DEBUG Orchestrator] Iteration Start. Instances Before Injector Logic: 2, Prev Injector Logic Instances: 2, Attack Started Flag: True, Normal Traffic Started Flag: True
[DEBUG Orchestrator] URLs derived for injector (if active): ['http://localhost:8080', 'http://localhost:8081']
[Sniffer] Label set to: benign
[DEBUG Orchestrator] Should attack be active now? True (window: 20s-160s)
[DEBUG Orchestrator] End of Iteration. previous_num_instances_for_injector_logic updated to: 2
[DEGUG Orchestrator Loop Duration] Loop Duration = 3497.882759027
[Sniffer] Label set to: benign

--- Iteration 15 | Time: 70.0s / 180s ---
[Orchestrator]RTT = 58.016330299983565
[Orchestrator] Metrics: 2 active instance(s), Avg CPU: 17.99%, Avg App MEM: 22.93 MB
[Autoscaler] Decision: SCALE_DOWN. Avg CPU: 17.99% < 25.0%. Current instances: 2, Min: 1
[Orchestrator] Action: Scaling DOWN from 2 instance(s). Stopping target_instance_2.
Attempting to stop and remove container target_instance_2...
Container target_instance_2 stopped and removed.
[Orchestrator] Successfully stopped target_instance_2. Now 1 instance(s).
[Autoscaler] Scale action recorded. New instance count: 1. Cooldown timer reset.
[DEBUG Orchestrator] Iteration Start. Instances Before Injector Logic: 1, Prev Injector Logic Instances: 2, Attack Started Flag: True, Normal Traffic Started Flag: True
[DEBUG Orchestrator] URLs derived for injector (if active): ['http://localhost:8080']
[Sniffer] Label set to: benign
[DEBUG Orchestrator] Should attack be active now? True (window: 20s-160s)
[DEBUG Orchestrator] Condition: Needs to RESTART attack (num instances changed from 2 to 1 AND attack was active).
[Orchestrator] Attack active and restart needed. Stopping current traffic injector...
[Injector] Signaling HTTP flood workers to stop...
  [Injector Worker 130290961794752] Stopped. Total requests: 21, Errors: 1
  [Injector Worker 130291020543680] Stopped. Total requests: 27, Errors: 0
  [Injector Worker 130291045721792] Stopped. Total requests: 30, Errors: 0
[Injector] Stop signal sent (non-blocking).
[DEBUG Orchestrator] Called stop_http_flood. Sleeping for 1s...
[DEBUG Orchestrator] Resuming after sleep.
[Orchestrator] Starting/Restarting HTTP flood. Target URLs for this call: ['http://localhost:8080']
[Injector] Starting HTTP flood with 4 attackers, ~2.0 RPS total, across 1 targets: http://localhost:8080
  [Injector Worker 130291045721792] Started. Target: http://localhost:8080?work=175000&sleep=0.0, RPS: 0.50, Mean interval: 2.0000s (Poisson)
  [Injector Worker 130291020543680] Started. Target: http://localhost:8080?work=175000&sleep=0.0, RPS: 0.50, Mean interval: 2.0000s (Poisson)
  [Injector Worker 130290961794752] Started. Target: http://localhost:8080?work=175000&sleep=0.0, RPS: 0.50, Mean interval: 2.0000s (Poisson)
  [Injector Worker 130290953402048] Started. Target: http://localhost:8080?work=175000&sleep=0.0, RPS: 0.50, Mean interval: 2.0000s (Poisson)
[Injector] All 4 attacker threads launched.
[Sniffer] Label set to: attack
[DEBUG Orchestrator] attack_has_started flag set to TRUE.
[DEBUG Orchestrator] End of Iteration. previous_num_instances_for_injector_logic updated to: 1
[DEGUG Orchestrator Loop Duration] Loop Duration = 3502.882759027
[Orchestrator] Warning: Loop iteration took longer than MONITOR_INTERVAL_SECONDS (5s). Not sleeping.
[Sniffer] Label set to: benign

--- Iteration 16 | Time: 77.0s / 180s ---
[Orchestrator]RTT = 72.11651072723477
[Orchestrator] Metrics: 1 active instance(s), Avg CPU: 48.17%, Avg App MEM: 26.01 MB
[Autoscaler]In cooldown: 12.997888172999865
[DEBUG Orchestrator] Iteration Start. Instances Before Injector Logic: 1, Prev Injector Logic Instances: 1, Attack Started Flag: True, Normal Traffic Started Flag: True
[DEBUG Orchestrator] URLs derived for injector (if active): ['http://localhost:8080']
[Sniffer] Label set to: benign
[DEBUG Orchestrator] Should attack be active now? True (window: 20s-160s)
[DEBUG Orchestrator] End of Iteration. previous_num_instances_for_injector_logic updated to: 1
[DEGUG Orchestrator Loop Duration] Loop Duration = 3507.882759027
[Sniffer] Label set to: benign

--- Iteration 17 | Time: 80.0s / 180s ---
[Orchestrator]RTT = 97.90195135295053
[Orchestrator] Metrics: 1 active instance(s), Avg CPU: 74.93%, Avg App MEM: 26.52 MB
[Autoscaler]In cooldown: 10.0021398519998
[DEBUG Orchestrator] Iteration Start. Instances Before Injector Logic: 1, Prev Injector Logic Instances: 1, Attack Started Flag: True, Normal Traffic Started Flag: True
[DEBUG Orchestrator] URLs derived for injector (if active): ['http://localhost:8080']
[Sniffer] Label set to: benign
[DEBUG Orchestrator] Should attack be active now? True (window: 20s-160s)
[DEBUG Orchestrator] End of Iteration. previous_num_instances_for_injector_logic updated to: 1
[DEGUG Orchestrator Loop Duration] Loop Duration = 3512.882759027
[Sniffer] Label set to: benign

--- Iteration 18 | Time: 85.0s / 180s ---
[Orchestrator]RTT = 150.03869791993566
[Orchestrator] Metrics: 1 active instance(s), Avg CPU: 171.23%, Avg App MEM: 27.57 MB
[Autoscaler]In cooldown: 5.00168404499982
[DEBUG Orchestrator] Iteration Start. Instances Before Injector Logic: 1, Prev Injector Logic Instances: 1, Attack Started Flag: True, Normal Traffic Started Flag: True
[DEBUG Orchestrator] URLs derived for injector (if active): ['http://localhost:8080']
[Sniffer] Label set to: benign
[DEBUG Orchestrator] Should attack be active now? True (window: 20s-160s)
[DEBUG Orchestrator] End of Iteration. previous_num_instances_for_injector_logic updated to: 1
[DEGUG Orchestrator Loop Duration] Loop Duration = 3517.882759027
[Sniffer] Label set to: benign

--- Iteration 19 | Time: 90.0s / 180s ---
[Orchestrator]RTT = 60.02778560880119
[Orchestrator] Metrics: 1 active instance(s), Avg CPU: 82.63%, Avg App MEM: 27.70 MB
[Autoscaler] Decision: SCALE_UP. Avg CPU: 82.63% > 60.0%. Current instances: 1, Max: 4
[Orchestrator] Action: Scaling UP from 1 instance(s). Attempting to start instance 3.
Attempting to start container target_instance_3 mapping container:80 to host:8082...
Container bee8c1ecd8 (target_instance_3) started. Accessible on host port 8082.
[Orchestrator] Successfully started target_instance_3. Now 2 instance(s).
[Autoscaler] Scale action recorded. New instance count: 2. Cooldown timer reset.
[DEBUG Orchestrator] Iteration Start. Instances Before Injector Logic: 2, Prev Injector Logic Instances: 1, Attack Started Flag: True, Normal Traffic Started Flag: True
[DEBUG Orchestrator] URLs derived for injector (if active): ['http://localhost:8080', 'http://localhost:8082']
[Sniffer] Label set to: benign
[DEBUG Orchestrator] Should attack be active now? True (window: 20s-160s)
[DEBUG Orchestrator] Condition: Needs to RESTART attack (num instances changed from 1 to 2 AND attack was active).
[Orchestrator] Attack active and restart needed. Stopping current traffic injector...
[Injector] Signaling HTTP flood workers to stop...
  [Injector Worker 130290978580160] Stopped. Total requests: 11, Errors: 6
  [Injector Worker 130290953402048] Stopped. Total requests: 14, Errors: 0
[Injector] Stop signal sent (non-blocking).
[DEBUG Orchestrator] Called stop_http_flood. Sleeping for 1s...
  [Injector Worker 130291062507200] Stopped. Total requests: 32, Errors: 0
  [Injector Worker 130291028936384] Stopped. Total requests: 38, Errors: 0
  [Injector Worker 130290970187456] Stopped. Total requests: 39, Errors: 0
  [Injector Worker 130291020543680] Stopped. Total requests: 9, Errors: 0
[DEBUG Orchestrator] Resuming after sleep.
[Orchestrator] Starting/Restarting HTTP flood. Target URLs for this call: ['http://localhost:8080', 'http://localhost:8082']
[Injector] Starting HTTP flood with 4 attackers, ~2.0 RPS total, across 2 targets: http://localhost:8080, http://localhost:8082
  [Injector Worker 130291020543680] Started. Target: http://localhost:8080?work=175000&sleep=0.0, RPS: 0.50, Mean interval: 2.0000s (Poisson)
  [Injector Worker 130290970187456] Started. Target: http://localhost:8082?work=175000&sleep=0.0, RPS: 0.50, Mean interval: 2.0000s (Poisson)
  [Injector Worker 130291028936384] Started. Target: http://localhost:8080?work=175000&sleep=0.0, RPS: 0.50, Mean interval: 2.0000s (Poisson)
  [Injector Worker 130291062507200] Started. Target: http://localhost:8082?work=175000&sleep=0.0, RPS: 0.50, Mean interval: 2.0000s (Poisson)
[Injector] All 4 attacker threads launched.
[Sniffer] Label set to: attack
[DEBUG Orchestrator] attack_has_started flag set to TRUE.
[DEBUG Orchestrator] End of Iteration. previous_num_instances_for_injector_logic updated to: 2
[DEGUG Orchestrator Loop Duration] Loop Duration = 3522.882759027
[Sniffer] Label set to: benign

--- Iteration 20 | Time: 95.0s / 180s ---
[Orchestrator]RTT = 82.32360613334701
[Orchestrator] Metrics: 2 active instance(s), Avg CPU: 73.83%, Avg App MEM: 27.30 MB
[Autoscaler]In cooldown: 15.000519840999914
[DEBUG Orchestrator] Iteration Start. Instances Before Injector Logic: 2, Prev Injector Logic Instances: 2, Attack Started Flag: True, Normal Traffic Started Flag: True
[DEBUG Orchestrator] URLs derived for injector (if active): ['http://localhost:8080', 'http://localhost:8082']
[Sniffer] Label set to: benign
[DEBUG Orchestrator] Should attack be active now? True (window: 20s-160s)
[DEBUG Orchestrator] End of Iteration. previous_num_instances_for_injector_logic updated to: 2
[DEGUG Orchestrator Loop Duration] Loop Duration = 3527.882759027
[Sniffer] Label set to: benign

--- Iteration 21 | Time: 100.0s / 180s ---
[Orchestrator]RTT = 59.26201754550675
[Orchestrator] Metrics: 2 active instance(s), Avg CPU: 35.99%, Avg App MEM: 25.08 MB
[Autoscaler]In cooldown: 9.986921856000208
[DEBUG Orchestrator] Iteration Start. Instances Before Injector Logic: 2, Prev Injector Logic Instances: 2, Attack Started Flag: True, Normal Traffic Started Flag: True
[DEBUG Orchestrator] URLs derived for injector (if active): ['http://localhost:8080', 'http://localhost:8082']
[Sniffer] Label set to: benign
[DEBUG Orchestrator] Should attack be active now? True (window: 20s-160s)
[DEBUG Orchestrator] End of Iteration. previous_num_instances_for_injector_logic updated to: 2
[DEGUG Orchestrator Loop Duration] Loop Duration = 3532.882759027
[Sniffer] Label set to: benign

--- Iteration 22 | Time: 105.0s / 180s ---
[Orchestrator]RTT = 57.43685842102614
[Orchestrator] Metrics: 2 active instance(s), Avg CPU: 27.59%, Avg App MEM: 24.18 MB
[Autoscaler]In cooldown: 5.000721126999906
[DEBUG Orchestrator] Iteration Start. Instances Before Injector Logic: 2, Prev Injector Logic Instances: 2, Attack Started Flag: True, Normal Traffic Started Flag: True
[DEBUG Orchestrator] URLs derived for injector (if active): ['http://localhost:8080', 'http://localhost:8082']
[Sniffer] Label set to: benign
[DEBUG Orchestrator] Should attack be active now? True (window: 20s-160s)
[DEBUG Orchestrator] End of Iteration. previous_num_instances_for_injector_logic updated to: 2
[DEGUG Orchestrator Loop Duration] Loop Duration = 3537.882759027
[Sniffer] Label set to: benign

--- Iteration 23 | Time: 110.0s / 180s ---
[Orchestrator]RTT = 52.55650004346535
[Orchestrator] Metrics: 2 active instance(s), Avg CPU: 25.64%, Avg App MEM: 24.33 MB
[Autoscaler] Decision: NO_ACTION. Avg CPU: 25.64% is within thresholds (25.0% - 60.0%).
[DEBUG Orchestrator] Iteration Start. Instances Before Injector Logic: 2, Prev Injector Logic Instances: 2, Attack Started Flag: True, Normal Traffic Started Flag: True
[DEBUG Orchestrator] URLs derived for injector (if active): ['http://localhost:8080', 'http://localhost:8082']
[Sniffer] Label set to: benign
[DEBUG Orchestrator] Should attack be active now? True (window: 20s-160s)
[DEBUG Orchestrator] End of Iteration. previous_num_instances_for_injector_logic updated to: 2
[DEGUG Orchestrator Loop Duration] Loop Duration = 3542.882759027
[Sniffer] Label set to: benign

--- Iteration 24 | Time: 115.0s / 180s ---
[Orchestrator]RTT = 65.89555741183015
[Orchestrator] Metrics: 2 active instance(s), Avg CPU: 26.67%, Avg App MEM: 24.46 MB
[Autoscaler] Decision: NO_ACTION. Avg CPU: 26.67% is within thresholds (25.0% - 60.0%).
[DEBUG Orchestrator] Iteration Start. Instances Before Injector Logic: 2, Prev Injector Logic Instances: 2, Attack Started Flag: True, Normal Traffic Started Flag: True
[DEBUG Orchestrator] URLs derived for injector (if active): ['http://localhost:8080', 'http://localhost:8082']
[Sniffer] Label set to: benign
[DEBUG Orchestrator] Should attack be active now? True (window: 20s-160s)
[DEBUG Orchestrator] End of Iteration. previous_num_instances_for_injector_logic updated to: 2
[DEGUG Orchestrator Loop Duration] Loop Duration = 3547.882759027
[Sniffer] Label set to: benign

--- Iteration 25 | Time: 120.0s / 180s ---
[Orchestrator]RTT = 82.26186933320099
[Orchestrator] Metrics: 2 active instance(s), Avg CPU: 22.28%, Avg App MEM: 23.38 MB
[Autoscaler] Decision: SCALE_DOWN. Avg CPU: 22.28% < 25.0%. Current instances: 2, Min: 1
[Orchestrator] Action: Scaling DOWN from 2 instance(s). Stopping target_instance_3.
Attempting to stop and remove container target_instance_3...
Container target_instance_3 stopped and removed.
[Orchestrator] Successfully stopped target_instance_3. Now 1 instance(s).
[Autoscaler] Scale action recorded. New instance count: 1. Cooldown timer reset.
[DEBUG Orchestrator] Iteration Start. Instances Before Injector Logic: 1, Prev Injector Logic Instances: 2, Attack Started Flag: True, Normal Traffic Started Flag: True
[DEBUG Orchestrator] URLs derived for injector (if active): ['http://localhost:8080']
[Sniffer] Label set to: benign
[DEBUG Orchestrator] Should attack be active now? True (window: 20s-160s)
[DEBUG Orchestrator] Condition: Needs to RESTART attack (num instances changed from 2 to 1 AND attack was active).
[Orchestrator] Attack active and restart needed. Stopping current traffic injector...
[Injector] Signaling HTTP flood workers to stop...
[Injector] Stop signal sent (non-blocking).
[DEBUG Orchestrator] Called stop_http_flood. Sleeping for 1s...
  [Injector Worker 130290961794752] Stopped. Total requests: 27, Errors: 0
  [Injector Worker 130290986972864] Stopped. Total requests: 54, Errors: 0
  [Injector Worker 130291062507200] Stopped. Total requests: 13, Errors: 0
[DEBUG Orchestrator] Resuming after sleep.
[Orchestrator] Starting/Restarting HTTP flood. Target URLs for this call: ['http://localhost:8080']
[Injector] Starting HTTP flood with 4 attackers, ~2.0 RPS total, across 1 targets: http://localhost:8080
  [Injector Worker 130291062507200] Started. Target: http://localhost:8080?work=175000&sleep=0.0, RPS: 0.50, Mean interval: 2.0000s (Poisson)
  [Injector Worker 130290986972864] Started. Target: http://localhost:8080?work=175000&sleep=0.0, RPS: 0.50, Mean interval: 2.0000s (Poisson)
  [Injector Worker 130290961794752] Started. Target: http://localhost:8080?work=175000&sleep=0.0, RPS: 0.50, Mean interval: 2.0000s (Poisson)
  [Injector Worker 130290978580160] Started. Target: http://localhost:8080?work=175000&sleep=0.0, RPS: 0.50, Mean interval: 2.0000s (Poisson)
[Injector] All 4 attacker threads launched.
[Sniffer] Label set to: attack
[DEBUG Orchestrator] attack_has_started flag set to TRUE.
[DEBUG Orchestrator] End of Iteration. previous_num_instances_for_injector_logic updated to: 1
[DEGUG Orchestrator Loop Duration] Loop Duration = 3552.882759027
[Orchestrator] Warning: Loop iteration took longer than MONITOR_INTERVAL_SECONDS (5s). Not sleeping.
[Sniffer] Label set to: benign

--- Iteration 26 | Time: 127.1s / 180s ---
[Orchestrator]RTT = 63.51213342853563
[Orchestrator] Metrics: 1 active instance(s), Avg CPU: 50.88%, Avg App MEM: 27.08 MB
[Autoscaler]In cooldown: 12.929459611999846
[DEBUG Orchestrator] Iteration Start. Instances Before Injector Logic: 1, Prev Injector Logic Instances: 1, Attack Started Flag: True, Normal Traffic Started Flag: True
[DEBUG Orchestrator] URLs derived for injector (if active): ['http://localhost:8080']
[Sniffer] Label set to: benign
[DEBUG Orchestrator] Should attack be active now? True (window: 20s-160s)
[DEBUG Orchestrator] End of Iteration. previous_num_instances_for_injector_logic updated to: 1
[DEGUG Orchestrator Loop Duration] Loop Duration = 3557.882759027
[Sniffer] Label set to: benign

--- Iteration 27 | Time: 130.0s / 180s ---
[Orchestrator]RTT = 110.02032950002558
[Orchestrator] Metrics: 1 active instance(s), Avg CPU: 63.78%, Avg App MEM: 27.22 MB
[Autoscaler]In cooldown: 9.992741448999823
[DEBUG Orchestrator] Iteration Start. Instances Before Injector Logic: 1, Prev Injector Logic Instances: 1, Attack Started Flag: True, Normal Traffic Started Flag: True
[DEBUG Orchestrator] URLs derived for injector (if active): ['http://localhost:8080']
[Sniffer] Label set to: benign
[DEBUG Orchestrator] Should attack be active now? True (window: 20s-160s)
[DEBUG Orchestrator] End of Iteration. previous_num_instances_for_injector_logic updated to: 1
[DEGUG Orchestrator Loop Duration] Loop Duration = 3562.882759027
[Sniffer] Label set to: benign

--- Iteration 28 | Time: 135.0s / 180s ---
[Orchestrator]RTT = 52.77285221430767
[Orchestrator] Metrics: 1 active instance(s), Avg CPU: 51.34%, Avg App MEM: 27.75 MB
[Autoscaler]In cooldown: 4.9990914929999235
[DEBUG Orchestrator] Iteration Start. Instances Before Injector Logic: 1, Prev Injector Logic Instances: 1, Attack Started Flag: True, Normal Traffic Started Flag: True
[DEBUG Orchestrator] URLs derived for injector (if active): ['http://localhost:8080']
[Sniffer] Label set to: benign
[DEBUG Orchestrator] Should attack be active now? True (window: 20s-160s)
[DEBUG Orchestrator] End of Iteration. previous_num_instances_for_injector_logic updated to: 1
[DEGUG Orchestrator Loop Duration] Loop Duration = 3567.882759027
[Sniffer] Label set to: benign

--- Iteration 29 | Time: 140.0s / 180s ---
[Orchestrator]RTT = 61.924066999954846
[Orchestrator] Metrics: 1 active instance(s), Avg CPU: 70.02%, Avg App MEM: 27.54 MB
[Autoscaler] Decision: SCALE_UP. Avg CPU: 70.02% > 60.0%. Current instances: 1, Max: 4
[Orchestrator] Action: Scaling UP from 1 instance(s). Attempting to start instance 4.
Attempting to start container target_instance_4 mapping container:80 to host:8083...
Container 46bb2d9709 (target_instance_4) started. Accessible on host port 8083.
[Orchestrator] Successfully started target_instance_4. Now 2 instance(s).
[Autoscaler] Scale action recorded. New instance count: 2. Cooldown timer reset.
[DEBUG Orchestrator] Iteration Start. Instances Before Injector Logic: 2, Prev Injector Logic Instances: 1, Attack Started Flag: True, Normal Traffic Started Flag: True
[DEBUG Orchestrator] URLs derived for injector (if active): ['http://localhost:8080', 'http://localhost:8083']
[Sniffer] Label set to: benign
[DEBUG Orchestrator] Should attack be active now? True (window: 20s-160s)
[DEBUG Orchestrator] Condition: Needs to RESTART attack (num instances changed from 1 to 2 AND attack was active).
[Orchestrator] Attack active and restart needed. Stopping current traffic injector...
[Injector] Signaling HTTP flood workers to stop...
  [Injector Worker 130291020543680] Stopped. Total requests: 22, Errors: 0
[Injector] Stop signal sent (non-blocking).
[DEBUG Orchestrator] Called stop_http_flood. Sleeping for 1s...
  [Injector Worker 130290961794752] Stopped. Total requests: 9, Errors: 0
  [Injector Worker 130291045721792] Stopped. Total requests: 24, Errors: 0
[DEBUG Orchestrator] Resuming after sleep.
[Orchestrator] Starting/Restarting HTTP flood. Target URLs for this call: ['http://localhost:8080', 'http://localhost:8083']
[Injector] Starting HTTP flood with 4 attackers, ~2.0 RPS total, across 2 targets: http://localhost:8080, http://localhost:8083
  [Injector Worker 130291045721792] Started. Target: http://localhost:8080?work=175000&sleep=0.0, RPS: 0.50, Mean interval: 2.0000s (Poisson)
  [Injector Worker 130290961794752] Started. Target: http://localhost:8083?work=175000&sleep=0.0, RPS: 0.50, Mean interval: 2.0000s (Poisson)
  [Injector Worker 130291020543680] Started. Target: http://localhost:8080?work=175000&sleep=0.0, RPS: 0.50, Mean interval: 2.0000s (Poisson)
  [Injector Worker 130290953402048] Started. Target: http://localhost:8083?work=175000&sleep=0.0, RPS: 0.50, Mean interval: 2.0000s (Poisson)
[Injector] All 4 attacker threads launched.
[Sniffer] Label set to: attack
[DEBUG Orchestrator] attack_has_started flag set to TRUE.
[DEBUG Orchestrator] End of Iteration. previous_num_instances_for_injector_logic updated to: 2
[DEGUG Orchestrator Loop Duration] Loop Duration = 3572.882759027
[Sniffer] Label set to: benign

--- Iteration 30 | Time: 145.0s / 180s ---
[Orchestrator]RTT = 78.30508935710766
[Orchestrator] Metrics: 2 active instance(s), Avg CPU: 67.55%, Avg App MEM: 27.50 MB
[Autoscaler]In cooldown: 15.00065178900013
[DEBUG Orchestrator] Iteration Start. Instances Before Injector Logic: 2, Prev Injector Logic Instances: 2, Attack Started Flag: True, Normal Traffic Started Flag: True
[DEBUG Orchestrator] URLs derived for injector (if active): ['http://localhost:8080', 'http://localhost:8083']
[Sniffer] Label set to: benign
[DEBUG Orchestrator] Should attack be active now? True (window: 20s-160s)
[DEBUG Orchestrator] End of Iteration. previous_num_instances_for_injector_logic updated to: 2
[DEGUG Orchestrator Loop Duration] Loop Duration = 3577.882759027
[Sniffer] Label set to: benign

--- Iteration 31 | Time: 150.0s / 180s ---
[Orchestrator]RTT = 54.46364711113145
[Orchestrator] Metrics: 2 active instance(s), Avg CPU: 41.94%, Avg App MEM: 25.29 MB
[Autoscaler]In cooldown: 10.00042276000022
[DEBUG Orchestrator] Iteration Start. Instances Before Injector Logic: 2, Prev Injector Logic Instances: 2, Attack Started Flag: True, Normal Traffic Started Flag: True
[DEBUG Orchestrator] URLs derived for injector (if active): ['http://localhost:8080', 'http://localhost:8083']
[Sniffer] Label set to: benign
[DEBUG Orchestrator] Should attack be active now? True (window: 20s-160s)
[DEBUG Orchestrator] End of Iteration. previous_num_instances_for_injector_logic updated to: 2
[DEGUG Orchestrator Loop Duration] Loop Duration = 3582.882759027
[Sniffer] Label set to: benign

--- Iteration 32 | Time: 155.0s / 180s ---
[Orchestrator]RTT = 53.047965959976864
[Orchestrator] Metrics: 2 active instance(s), Avg CPU: 33.21%, Avg App MEM: 24.42 MB
[Autoscaler]In cooldown: 5.000025531000119
[DEBUG Orchestrator] Iteration Start. Instances Before Injector Logic: 2, Prev Injector Logic Instances: 2, Attack Started Flag: True, Normal Traffic Started Flag: True
[DEBUG Orchestrator] URLs derived for injector (if active): ['http://localhost:8080', 'http://localhost:8083']
[Sniffer] Label set to: benign
[DEBUG Orchestrator] Should attack be active now? True (window: 20s-160s)
[DEBUG Orchestrator] End of Iteration. previous_num_instances_for_injector_logic updated to: 2
[DEGUG Orchestrator Loop Duration] Loop Duration = 3587.882759027
[Sniffer] Label set to: benign

--- Iteration 33 | Time: 160.0s / 180s ---
[Orchestrator]RTT = 63.71272139131179
[Orchestrator] Metrics: 2 active instance(s), Avg CPU: 24.80%, Avg App MEM: 23.32 MB
[Autoscaler] Decision: SCALE_DOWN. Avg CPU: 24.80% < 25.0%. Current instances: 2, Min: 1
[Orchestrator] Action: Scaling DOWN from 2 instance(s). Stopping target_instance_4.
Attempting to stop and remove container target_instance_4...
Container target_instance_4 stopped and removed.
[Orchestrator] Successfully stopped target_instance_4. Now 1 instance(s).
[Autoscaler] Scale action recorded. New instance count: 1. Cooldown timer reset.
[DEBUG Orchestrator] Iteration Start. Instances Before Injector Logic: 1, Prev Injector Logic Instances: 2, Attack Started Flag: True, Normal Traffic Started Flag: True
[DEBUG Orchestrator] URLs derived for injector (if active): ['http://localhost:8080']
[Sniffer] Label set to: benign
[DEBUG Orchestrator] Should attack be active now? False (window: 20s-160s)
[Orchestrator] Attack duration ended or outside schedule. Stopping HTTP flood.
[Injector] Signaling HTTP flood workers to stop...
[Injector] Stop signal sent (non-blocking).
[DEBUG Orchestrator] attack_has_started flag set to FALSE (attack period ended).
[DEBUG Orchestrator] End of Iteration. previous_num_instances_for_injector_logic updated to: 1
[DEGUG Orchestrator Loop Duration] Loop Duration = 3592.882759027
[Orchestrator] Warning: Loop iteration took longer than MONITOR_INTERVAL_SECONDS (5s). Not sleeping.
[Sniffer] Label set to: benign

--- Iteration 34 | Time: 166.0s / 180s ---
[Orchestrator]RTT = 38.974552265628404
[Orchestrator] Metrics: 1 active instance(s), Avg CPU: 99.76%, Avg App MEM: 27.64 MB
[Autoscaler]In cooldown: 13.949847845000022
[DEBUG Orchestrator] Iteration Start. Instances Before Injector Logic: 1, Prev Injector Logic Instances: 1, Attack Started Flag: False, Normal Traffic Started Flag: True
[DEBUG Orchestrator] URLs derived for injector (if active): ['http://localhost:8080']
[Sniffer] Label set to: benign
[DEBUG Orchestrator] Should attack be active now? False (window: 20s-160s)
[DEBUG Orchestrator] End of Iteration. previous_num_instances_for_injector_logic updated to: 1
[DEGUG Orchestrator Loop Duration] Loop Duration = 3597.882759027
  [Injector Worker 130291020543680] Stopped. Total requests: 11, Errors: 0
  [Injector Worker 130291045721792] Stopped. Total requests: 9, Errors: 0
  [Injector Worker 130291062507200] Stopped. Total requests: 22, Errors: 0
  [Injector Worker 130290978580160] Stopped. Total requests: 21, Errors: 0
  [Injector Worker 130290953402048] Stopped. Total requests: 10, Errors: 1
  [Injector Worker 130290970187456] Stopped. Total requests: 13, Errors: 19
  [Injector Worker 130290961794752] Stopped. Total requests: 12, Errors: 0
  [Injector Worker 130291028936384] Stopped. Total requests: 49, Errors: 0
[Sniffer] Label set to: benign

--- Iteration 35 | Time: 170.0s / 180s ---
[Orchestrator]RTT = 35.81267805804665
[Orchestrator] Metrics: 1 active instance(s), Avg CPU: 53.33%, Avg App MEM: 27.48 MB
[Autoscaler]In cooldown: 9.99723263099986
[DEBUG Orchestrator] Iteration Start. Instances Before Injector Logic: 1, Prev Injector Logic Instances: 1, Attack Started Flag: False, Normal Traffic Started Flag: True
[DEBUG Orchestrator] URLs derived for injector (if active): ['http://localhost:8080']
[Sniffer] Label set to: benign
[DEBUG Orchestrator] Should attack be active now? False (window: 20s-160s)
[DEBUG Orchestrator] End of Iteration. previous_num_instances_for_injector_logic updated to: 1
[DEGUG Orchestrator Loop Duration] Loop Duration = 3602.882759027
  [Injector Worker 130290986972864] Stopped. Total requests: 21, Errors: 0
[Sniffer] Label set to: benign

--- Iteration 36 | Time: 175.0s / 180s ---
[Orchestrator]RTT = 34.91366358092961
[Orchestrator] Metrics: 1 active instance(s), Avg CPU: 45.35%, Avg App MEM: 27.55 MB
[Autoscaler]In cooldown: 5.000010018000012
[DEBUG Orchestrator] Iteration Start. Instances Before Injector Logic: 1, Prev Injector Logic Instances: 1, Attack Started Flag: False, Normal Traffic Started Flag: True
[DEBUG Orchestrator] URLs derived for injector (if active): ['http://localhost:8080']
[Sniffer] Label set to: benign
[DEBUG Orchestrator] Should attack be active now? False (window: 20s-160s)
[DEBUG Orchestrator] End of Iteration. previous_num_instances_for_injector_logic updated to: 1
[DEGUG Orchestrator Loop Duration] Loop Duration = 3607.882759027

[Orchestrator] Simulation duration reached.
[Orchestrator] Saving RTT log...
[Sniffer] Realtime tcpdump stopped.
[Orchestrator] Stopping normal traffic...
[Normal_Injector] Signaling workers to stop...
  [Normal_Injector Worker 130295902553792] Stopped. Total requests: 8615, Errors: 5
  [Normal_Injector Worker 130295936124608] Stopped. Total requests: 8649, Errors: 6
  [Normal_Injector Worker 130295407830720] Stopped. Total requests: 8900, Errors: 10
  [Normal_Injector Worker 130295919339200] Stopped. Total requests: 8742, Errors: 7
[Normal_Injector] Stop signal sent (non-blocking).
[Orchestrator] Cleaning up all simulation instances...
Cleaning up all simulation instances...
Stopping and removing container: target_instance_1 (87cbca9b74)...
  Container target_instance_1 removed.
Simulation instance cleanup complete.
[Stats_Collector] Stopping stats collector thread...
[Orchestrator] Simulation Complete. Total Fictional Cost: $0.0015
[Orchestrator] Metrics logged in: simulation_metrics.csv

===== [stage1b] S3 (200 req/s normal) + 1% ataque (~2.000 req/s) @ WU=175000 rep=2 =====
Attacker RPS set to: 0.5
Number of attackers set to: 4
Simulation duration set to: 180
Attack work units set to: 175000
Normal traffic RPS per client set to: 50.0
Normal traffic work units set to: 10
[Orchestrator] Initializing simulation environment...
[Sniffer] Realtime tcpdump started on any
[Sniffer] Label set to: benign
[Autoscaler] Initialized.
Attempting to build Docker image: edos_target_app:latest...
Image edos_target_app:latest already exists. Skipping build.
Docker network 'edos_network' already exists.
[Orchestrator] Cleaning up any pre-existing simulation instances...
Cleaning up all simulation instances...
No simulation instances found to clean up.
[Orchestrator] Starting initial 1 instance(s)...
Attempting to start container target_instance_1 mapping container:80 to host:8080...
Container 567defb319 (target_instance_1) started. Accessible on host port 8080.
[Autoscaler] Initial number of instances set to: 1
[Orchestrator] 1 initial instance(s) running.
[Orchestrator] Metrics will be logged to: simulation_metrics.csv
[Orchestrator] Attack summary will be logged to: attack_summary_log.csv
[Orchestrator] Normal traffic summary will be logged to: normal_traffic_summary_log.csv
[Orchestrator] Starting simulation main loop for 180 seconds.
[Orchestrator] Monitoring interval: 5s. Cooldown: 20s.
[Orchestrator] CPU Thresholds: Scale Up > 60.0%, Scale Down < 25.0%
[Orchestrator] Traffic injection scheduled: Start at 20s, Duration 140s.
[Sniffer] Label set to: benign

--- Iteration 1 | Time: 0.0s / 180s ---
[Orchestrator]RTT = 0.0
[Orchestrator] Metrics: 1 active instance(s), Avg CPU: 0.00%, Avg App MEM: 0.00 MB
[Autoscaler] Condition for SCALE_DOWN met (Avg CPU: 0.00%), but already at MIN_INSTANCES (1). No action.
[DEBUG Orchestrator] Iteration Start. Instances Before Injector Logic: 1, Prev Injector Logic Instances: 1, Attack Started Flag: False, Normal Traffic Started Flag: False
[DEBUG Orchestrator] URLs derived for injector (if active): ['http://localhost:8080']
[Sniffer] Label set to: benign
[DEBUG Orchestrator] Should attack be active now? False (window: 20s-160s)
[Orchestrator] Starting/Restarting Normal Traffic. Target URLs for this call: ['http://localhost:8080']
[Normal_Injector] Starting HTTP flood with 4 attackers, ~200.0 RPS total, across 1 targets: http://localhost:8080
  [Normal_Injector Worker 138560922183360] Started. Target: http://localhost:8080?work=10&sleep=0.0, RPS: 50.00, Mean interval: 0.0200s (Poisson)
  [Normal_Injector Worker 138560905397952] Started. Target: http://localhost:8080?work=10&sleep=0.0, RPS: 50.00, Mean interval: 0.0200s (Poisson)
  [Normal_Injector Worker 138560888612544] Started. Target: http://localhost:8080?work=10&sleep=0.0, RPS: 50.00, Mean interval: 0.0200s (Poisson)
  [Normal_Injector Worker 138560409695936] Started. Target: http://localhost:8080?work=10&sleep=0.0, RPS: 50.00, Mean interval: 0.0200s (Poisson)
[Normal_Injector] All 4 attacker threads launched.
[DEBUG Orchestrator] End of Iteration. previous_num_instances_for_injector_logic updated to: 1
[DEGUG Orchestrator Loop Duration] Loop Duration = 3618.138608868
[Sniffer] Label set to: benign

--- Iteration 2 | Time: 5.0s / 180s ---
[Orchestrator]RTT = 33.61319112267863
[Orchestrator] Metrics: 1 active instance(s), Avg CPU: 43.11%, Avg App MEM: 24.30 MB
[Autoscaler] Decision: NO_ACTION. Avg CPU: 43.11% is within thresholds (25.0% - 60.0%).
[DEBUG Orchestrator] Iteration Start. Instances Before Injector Logic: 1, Prev Injector Logic Instances: 1, Attack Started Flag: False, Normal Traffic Started Flag: True
[DEBUG Orchestrator] URLs derived for injector (if active): ['http://localhost:8080']
[Sniffer] Label set to: benign
[DEBUG Orchestrator] Should attack be active now? False (window: 20s-160s)
[DEBUG Orchestrator] End of Iteration. previous_num_instances_for_injector_logic updated to: 1
[DEGUG Orchestrator Loop Duration] Loop Duration = 3623.138608868
[Sniffer] Label set to: benign

--- Iteration 3 | Time: 10.0s / 180s ---
[Orchestrator]RTT = 35.149910925002814
[Orchestrator] Metrics: 1 active instance(s), Avg CPU: 50.36%, Avg App MEM: 24.35 MB
[Autoscaler] Decision: NO_ACTION. Avg CPU: 50.36% is within thresholds (25.0% - 60.0%).
[DEBUG Orchestrator] Iteration Start. Instances Before Injector Logic: 1, Prev Injector Logic Instances: 1, Attack Started Flag: False, Normal Traffic Started Flag: True
[DEBUG Orchestrator] URLs derived for injector (if active): ['http://localhost:8080']
[Sniffer] Label set to: benign
[DEBUG Orchestrator] Should attack be active now? False (window: 20s-160s)
[DEBUG Orchestrator] End of Iteration. previous_num_instances_for_injector_logic updated to: 1
[DEGUG Orchestrator Loop Duration] Loop Duration = 3628.138608868
[Sniffer] Label set to: benign

--- Iteration 4 | Time: 15.0s / 180s ---
[Orchestrator]RTT = 35.16509015826196
[Orchestrator] Metrics: 1 active instance(s), Avg CPU: 50.04%, Avg App MEM: 24.68 MB
[Autoscaler] Decision: NO_ACTION. Avg CPU: 50.04% is within thresholds (25.0% - 60.0%).
[DEBUG Orchestrator] Iteration Start. Instances Before Injector Logic: 1, Prev Injector Logic Instances: 1, Attack Started Flag: False, Normal Traffic Started Flag: True
[DEBUG Orchestrator] URLs derived for injector (if active): ['http://localhost:8080']
[Sniffer] Label set to: benign
[DEBUG Orchestrator] Should attack be active now? False (window: 20s-160s)
[DEBUG Orchestrator] End of Iteration. previous_num_instances_for_injector_logic updated to: 1
[DEGUG Orchestrator Loop Duration] Loop Duration = 3633.138608868
[Sniffer] Label set to: benign

--- Iteration 5 | Time: 20.0s / 180s ---
[Orchestrator]RTT = 32.62804577334731
[Orchestrator] Metrics: 1 active instance(s), Avg CPU: 43.32%, Avg App MEM: 24.81 MB
[Autoscaler] Decision: NO_ACTION. Avg CPU: 43.32% is within thresholds (25.0% - 60.0%).
[DEBUG Orchestrator] Iteration Start. Instances Before Injector Logic: 1, Prev Injector Logic Instances: 1, Attack Started Flag: False, Normal Traffic Started Flag: True
[DEBUG Orchestrator] URLs derived for injector (if active): ['http://localhost:8080']
[Sniffer] Label set to: benign
[DEBUG Orchestrator] Should attack be active now? True (window: 20s-160s)
[DEBUG Orchestrator] Condition: Needs to START attack (was not started and in attack window).
[Orchestrator] Starting/Restarting HTTP flood. Target URLs for this call: ['http://localhost:8080']
[Injector] Starting HTTP flood with 4 attackers, ~2.0 RPS total, across 1 targets: http://localhost:8080
  [Injector Worker 138556055979712] Started. Target: http://localhost:8080?work=175000&sleep=0.0, RPS: 0.50, Mean interval: 2.0000s (Poisson)
  [Injector Worker 138556039194304] Started. Target: http://localhost:8080?work=175000&sleep=0.0, RPS: 0.50, Mean interval: 2.0000s (Poisson)
  [Injector Worker 138556022408896] Started. Target: http://localhost:8080?work=175000&sleep=0.0, RPS: 0.50, Mean interval: 2.0000s (Poisson)
  [Injector Worker 138556014016192] Started. Target: http://localhost:8080?work=175000&sleep=0.0, RPS: 0.50, Mean interval: 2.0000s (Poisson)
[Injector] All 4 attacker threads launched.
[Sniffer] Label set to: attack
[DEBUG Orchestrator] attack_has_started flag set to TRUE.
[DEBUG Orchestrator] End of Iteration. previous_num_instances_for_injector_logic updated to: 1
[DEGUG Orchestrator Loop Duration] Loop Duration = 3638.138608868
[Sniffer] Label set to: benign

--- Iteration 6 | Time: 25.0s / 180s ---
[Orchestrator]RTT = 82.80456059992503
[Orchestrator] Metrics: 1 active instance(s), Avg CPU: 58.20%, Avg App MEM: 26.89 MB
[Autoscaler] Decision: NO_ACTION. Avg CPU: 58.20% is within thresholds (25.0% - 60.0%).
[DEBUG Orchestrator] Iteration Start. Instances Before Injector Logic: 1, Prev Injector Logic Instances: 1, Attack Started Flag: True, Normal Traffic Started Flag: True
[DEBUG Orchestrator] URLs derived for injector (if active): ['http://localhost:8080']
[Sniffer] Label set to: benign
[DEBUG Orchestrator] Should attack be active now? True (window: 20s-160s)
[DEBUG Orchestrator] End of Iteration. previous_num_instances_for_injector_logic updated to: 1
[DEGUG Orchestrator Loop Duration] Loop Duration = 3643.138608868
[Sniffer] Label set to: benign

--- Iteration 7 | Time: 30.0s / 180s ---
[Orchestrator]RTT = 59.97833464289215
[Orchestrator] Metrics: 1 active instance(s), Avg CPU: 52.81%, Avg App MEM: 26.97 MB
[Autoscaler] Decision: NO_ACTION. Avg CPU: 52.81% is within thresholds (25.0% - 60.0%).
[DEBUG Orchestrator] Iteration Start. Instances Before Injector Logic: 1, Prev Injector Logic Instances: 1, Attack Started Flag: True, Normal Traffic Started Flag: True
[DEBUG Orchestrator] URLs derived for injector (if active): ['http://localhost:8080']
[Sniffer] Label set to: benign
[DEBUG Orchestrator] Should attack be active now? True (window: 20s-160s)
[DEBUG Orchestrator] End of Iteration. previous_num_instances_for_injector_logic updated to: 1
[DEGUG Orchestrator Loop Duration] Loop Duration = 3648.138608868
[Sniffer] Label set to: benign

--- Iteration 8 | Time: 35.0s / 180s ---
[Orchestrator]RTT = 69.70070859997577
[Orchestrator] Metrics: 1 active instance(s), Avg CPU: 60.91%, Avg App MEM: 27.14 MB
[Autoscaler] Decision: SCALE_UP. Avg CPU: 60.91% > 60.0%. Current instances: 1, Max: 4
[Orchestrator] Action: Scaling UP from 1 instance(s). Attempting to start instance 2.
Attempting to start container target_instance_2 mapping container:80 to host:8081...
Container d7d13b1c28 (target_instance_2) started. Accessible on host port 8081.
[Orchestrator] Successfully started target_instance_2. Now 2 instance(s).
[Autoscaler] Scale action recorded. New instance count: 2. Cooldown timer reset.
[DEBUG Orchestrator] Iteration Start. Instances Before Injector Logic: 2, Prev Injector Logic Instances: 1, Attack Started Flag: True, Normal Traffic Started Flag: True
[DEBUG Orchestrator] URLs derived for injector (if active): ['http://localhost:8080', 'http://localhost:8081']
[Sniffer] Label set to: benign
[DEBUG Orchestrator] Should attack be active now? True (window: 20s-160s)
[DEBUG Orchestrator] Condition: Needs to RESTART attack (num instances changed from 1 to 2 AND attack was active).
[Orchestrator] Attack active and restart needed. Stopping current traffic injector...
[Injector] Signaling HTTP flood workers to stop...
[Injector] Stop signal sent (non-blocking).
[DEBUG Orchestrator] Called stop_http_flood. Sleeping for 1s...
  [Injector Worker 138556039194304] Stopped. Total requests: 8, Errors: 0
  [Injector Worker 138556022408896] Stopped. Total requests: 13, Errors: 0
[DEBUG Orchestrator] Resuming after sleep.
[Orchestrator] Starting/Restarting HTTP flood. Target URLs for this call: ['http://localhost:8080', 'http://localhost:8081']
[Injector] Starting HTTP flood with 4 attackers, ~2.0 RPS total, across 2 targets: http://localhost:8080, http://localhost:8081
  [Injector Worker 138556022408896] Started. Target: http://localhost:8080?work=175000&sleep=0.0, RPS: 0.50, Mean interval: 2.0000s (Poisson)
  [Injector Worker 138556039194304] Started. Target: http://localhost:8081?work=175000&sleep=0.0, RPS: 0.50, Mean interval: 2.0000s (Poisson)
  [Injector Worker 138555988838080] Started. Target: http://localhost:8080?work=175000&sleep=0.0, RPS: 0.50, Mean interval: 2.0000s (Poisson)
  [Injector Worker 138555980445376] Started. Target: http://localhost:8081?work=175000&sleep=0.0, RPS: 0.50, Mean interval: 2.0000s (Poisson)
[Injector] All 4 attacker threads launched.
[Sniffer] Label set to: attack
[DEBUG Orchestrator] attack_has_started flag set to TRUE.
[DEBUG Orchestrator] End of Iteration. previous_num_instances_for_injector_logic updated to: 2
[DEGUG Orchestrator Loop Duration] Loop Duration = 3653.138608868
[Sniffer] Label set to: benign

--- Iteration 9 | Time: 40.0s / 180s ---
[Orchestrator]RTT = 89.8348978750505
[Orchestrator] Metrics: 2 active instance(s), Avg CPU: 65.15%, Avg App MEM: 27.38 MB
[Autoscaler]In cooldown: 14.992352844999914
[DEBUG Orchestrator] Iteration Start. Instances Before Injector Logic: 2, Prev Injector Logic Instances: 2, Attack Started Flag: True, Normal Traffic Started Flag: True
[DEBUG Orchestrator] URLs derived for injector (if active): ['http://localhost:8080', 'http://localhost:8081']
[Sniffer] Label set to: benign
[DEBUG Orchestrator] Should attack be active now? True (window: 20s-160s)
[DEBUG Orchestrator] End of Iteration. previous_num_instances_for_injector_logic updated to: 2
[DEGUG Orchestrator Loop Duration] Loop Duration = 3658.138608868
[Sniffer] Label set to: benign

--- Iteration 10 | Time: 45.0s / 180s ---
[Orchestrator]RTT = 92.6656041052698
[Orchestrator] Metrics: 2 active instance(s), Avg CPU: 47.01%, Avg App MEM: 24.03 MB
[Autoscaler]In cooldown: 9.999766833000194
[DEBUG Orchestrator] Iteration Start. Instances Before Injector Logic: 2, Prev Injector Logic Instances: 2, Attack Started Flag: True, Normal Traffic Started Flag: True
[DEBUG Orchestrator] URLs derived for injector (if active): ['http://localhost:8080', 'http://localhost:8081']
[Sniffer] Label set to: benign
[DEBUG Orchestrator] Should attack be active now? True (window: 20s-160s)
[DEBUG Orchestrator] End of Iteration. previous_num_instances_for_injector_logic updated to: 2
[DEGUG Orchestrator Loop Duration] Loop Duration = 3663.138608868
[Sniffer] Label set to: benign

--- Iteration 11 | Time: 50.0s / 180s ---
[Orchestrator]RTT = 59.826906692391134
[Orchestrator] Metrics: 2 active instance(s), Avg CPU: 21.55%, Avg App MEM: 23.25 MB
[Autoscaler]In cooldown: 4.999461072000031
[DEBUG Orchestrator] Iteration Start. Instances Before Injector Logic: 2, Prev Injector Logic Instances: 2, Attack Started Flag: True, Normal Traffic Started Flag: True
[DEBUG Orchestrator] URLs derived for injector (if active): ['http://localhost:8080', 'http://localhost:8081']
[Sniffer] Label set to: benign
[DEBUG Orchestrator] Should attack be active now? True (window: 20s-160s)
[DEBUG Orchestrator] End of Iteration. previous_num_instances_for_injector_logic updated to: 2
[DEGUG Orchestrator Loop Duration] Loop Duration = 3668.138608868
[Sniffer] Label set to: benign

--- Iteration 12 | Time: 55.0s / 180s ---
[Orchestrator]RTT = 68.67154849999224
[Orchestrator] Metrics: 2 active instance(s), Avg CPU: 21.94%, Avg App MEM: 24.11 MB
[Autoscaler] Decision: SCALE_DOWN. Avg CPU: 21.94% < 25.0%. Current instances: 2, Min: 1
[Orchestrator] Action: Scaling DOWN from 2 instance(s). Stopping target_instance_2.
Attempting to stop and remove container target_instance_2...
Container target_instance_2 stopped and removed.
[Orchestrator] Successfully stopped target_instance_2. Now 1 instance(s).
[Autoscaler] Scale action recorded. New instance count: 1. Cooldown timer reset.
[DEBUG Orchestrator] Iteration Start. Instances Before Injector Logic: 1, Prev Injector Logic Instances: 2, Attack Started Flag: True, Normal Traffic Started Flag: True
[DEBUG Orchestrator] URLs derived for injector (if active): ['http://localhost:8080']
[Sniffer] Label set to: benign
[DEBUG Orchestrator] Should attack be active now? True (window: 20s-160s)
[DEBUG Orchestrator] Condition: Needs to RESTART attack (num instances changed from 2 to 1 AND attack was active).
[Orchestrator] Attack active and restart needed. Stopping current traffic injector...
[Injector] Signaling HTTP flood workers to stop...
  [Injector Worker 138556022408896] Stopped. Total requests: 11, Errors: 0
[Injector] Stop signal sent (non-blocking).
[DEBUG Orchestrator] Called stop_http_flood. Sleeping for 1s...
  [Injector Worker 138556039194304] Stopped. Total requests: 12, Errors: 0
  [Injector Worker 138555980445376] Stopped. Total requests: 5, Errors: 0
[DEBUG Orchestrator] Resuming after sleep.
[Orchestrator] Starting/Restarting HTTP flood. Target URLs for this call: ['http://localhost:8080']
[Injector] Starting HTTP flood with 4 attackers, ~2.0 RPS total, across 1 targets: http://localhost:8080
  [Injector Worker 138555980445376] Started. Target: http://localhost:8080?work=175000&sleep=0.0, RPS: 0.50, Mean interval: 2.0000s (Poisson)
  [Injector Worker 138556039194304] Started. Target: http://localhost:8080?work=175000&sleep=0.0, RPS: 0.50, Mean interval: 2.0000s (Poisson)
  [Injector Worker 138556022408896] Started. Target: http://localhost:8080?work=175000&sleep=0.0, RPS: 0.50, Mean interval: 2.0000s (Poisson)
  [Injector Worker 138555963659968] Started. Target: http://localhost:8080?work=175000&sleep=0.0, RPS: 0.50, Mean interval: 2.0000s (Poisson)
[Injector] All 4 attacker threads launched.
[Sniffer] Label set to: attack
[DEBUG Orchestrator] attack_has_started flag set to TRUE.
[DEBUG Orchestrator] End of Iteration. previous_num_instances_for_injector_logic updated to: 1
[DEGUG Orchestrator Loop Duration] Loop Duration = 3673.138608868
[Orchestrator] Warning: Loop iteration took longer than MONITOR_INTERVAL_SECONDS (5s). Not sleeping.
[Sniffer] Label set to: benign

--- Iteration 13 | Time: 62.2s / 180s ---
[Orchestrator]RTT = 64.57088900002749
[Orchestrator] Metrics: 1 active instance(s), Avg CPU: 54.24%, Avg App MEM: 26.79 MB
[Autoscaler]In cooldown: 12.769972315999894
[DEBUG Orchestrator] Iteration Start. Instances Before Injector Logic: 1, Prev Injector Logic Instances: 1, Attack Started Flag: True, Normal Traffic Started Flag: True
[DEBUG Orchestrator] URLs derived for injector (if active): ['http://localhost:8080']
[Sniffer] Label set to: benign
[DEBUG Orchestrator] Should attack be active now? True (window: 20s-160s)
[DEBUG Orchestrator] End of Iteration. previous_num_instances_for_injector_logic updated to: 1
[DEGUG Orchestrator Loop Duration] Loop Duration = 3678.138608868
[Sniffer] Label set to: benign

--- Iteration 14 | Time: 65.0s / 180s ---
[Orchestrator]RTT = 63.85635773676768
[Orchestrator] Metrics: 1 active instance(s), Avg CPU: 67.14%, Avg App MEM: 26.97 MB
[Autoscaler]In cooldown: 10.000277794999874
[DEBUG Orchestrator] Iteration Start. Instances Before Injector Logic: 1, Prev Injector Logic Instances: 1, Attack Started Flag: True, Normal Traffic Started Flag: True
[DEBUG Orchestrator] URLs derived for injector (if active): ['http://localhost:8080']
[Sniffer] Label set to: benign
[DEBUG Orchestrator] Should attack be active now? True (window: 20s-160s)
[DEBUG Orchestrator] End of Iteration. previous_num_instances_for_injector_logic updated to: 1
[DEGUG Orchestrator Loop Duration] Loop Duration = 3683.138608868
[Sniffer] Label set to: benign

--- Iteration 15 | Time: 70.0s / 180s ---
[Orchestrator]RTT = 58.10804485716809
[Orchestrator] Metrics: 1 active instance(s), Avg CPU: 62.54%, Avg App MEM: 27.32 MB
[Autoscaler]In cooldown: 4.998173252000015
[DEBUG Orchestrator] Iteration Start. Instances Before Injector Logic: 1, Prev Injector Logic Instances: 1, Attack Started Flag: True, Normal Traffic Started Flag: True
[DEBUG Orchestrator] URLs derived for injector (if active): ['http://localhost:8080']
[Sniffer] Label set to: benign
[DEBUG Orchestrator] Should attack be active now? True (window: 20s-160s)
[DEBUG Orchestrator] End of Iteration. previous_num_instances_for_injector_logic updated to: 1
[DEGUG Orchestrator Loop Duration] Loop Duration = 3688.138608868
[Sniffer] Label set to: benign

--- Iteration 16 | Time: 75.0s / 180s ---
[Orchestrator]RTT = 60.37504737032914
[Orchestrator] Metrics: 1 active instance(s), Avg CPU: 69.02%, Avg App MEM: 27.18 MB
[Autoscaler] Decision: SCALE_UP. Avg CPU: 69.02% > 60.0%. Current instances: 1, Max: 4
[Orchestrator] Action: Scaling UP from 1 instance(s). Attempting to start instance 3.
Attempting to start container target_instance_3 mapping container:80 to host:8082...
Container e130a6be57 (target_instance_3) started. Accessible on host port 8082.
[Orchestrator] Successfully started target_instance_3. Now 2 instance(s).
[Autoscaler] Scale action recorded. New instance count: 2. Cooldown timer reset.
[DEBUG Orchestrator] Iteration Start. Instances Before Injector Logic: 2, Prev Injector Logic Instances: 1, Attack Started Flag: True, Normal Traffic Started Flag: True
[DEBUG Orchestrator] URLs derived for injector (if active): ['http://localhost:8080', 'http://localhost:8082']
[Sniffer] Label set to: benign
[DEBUG Orchestrator] Should attack be active now? True (window: 20s-160s)
[DEBUG Orchestrator] Condition: Needs to RESTART attack (num instances changed from 1 to 2 AND attack was active).
[Orchestrator] Attack active and restart needed. Stopping current traffic injector...
[Injector] Signaling HTTP flood workers to stop...
[Injector] Stop signal sent (non-blocking).
[DEBUG Orchestrator] Called stop_http_flood. Sleeping for 1s...
  [Injector Worker 138555963659968] Stopped. Total requests: 4, Errors: 0
[DEBUG Orchestrator] Resuming after sleep.
[Orchestrator] Starting/Restarting HTTP flood. Target URLs for this call: ['http://localhost:8080', 'http://localhost:8082']
[Injector] Starting HTTP flood with 4 attackers, ~2.0 RPS total, across 2 targets: http://localhost:8080, http://localhost:8082
  [Injector Worker 138555963659968] Started. Target: http://localhost:8080?work=175000&sleep=0.0, RPS: 0.50, Mean interval: 2.0000s (Poisson)
  [Injector Worker 138555955267264] Started. Target: http://localhost:8082?work=175000&sleep=0.0, RPS: 0.50, Mean interval: 2.0000s (Poisson)
  [Injector Worker 138555946874560] Started. Target: http://localhost:8080?work=175000&sleep=0.0, RPS: 0.50, Mean interval: 2.0000s (Poisson)
  [Injector Worker 138555938481856] Started. Target: http://localhost:8082?work=175000&sleep=0.0, RPS: 0.50, Mean interval: 2.0000s (Poisson)
[Injector] All 4 attacker threads launched.
[Sniffer] Label set to: attack
[DEBUG Orchestrator] attack_has_started flag set to TRUE.
[DEBUG Orchestrator] End of Iteration. previous_num_instances_for_injector_logic updated to: 2
[DEGUG Orchestrator Loop Duration] Loop Duration = 3693.138608868
[Sniffer] Label set to: benign

--- Iteration 17 | Time: 80.0s / 180s ---
[Orchestrator]RTT = 79.80891900001552
[Orchestrator] Metrics: 2 active instance(s), Avg CPU: 61.27%, Avg App MEM: 27.35 MB
[Autoscaler]In cooldown: 14.993728279000152
[DEBUG Orchestrator] Iteration Start. Instances Before Injector Logic: 2, Prev Injector Logic Instances: 2, Attack Started Flag: True, Normal Traffic Started Flag: True
[DEBUG Orchestrator] URLs derived for injector (if active): ['http://localhost:8080', 'http://localhost:8082']
[Sniffer] Label set to: benign
[DEBUG Orchestrator] Should attack be active now? True (window: 20s-160s)
[DEBUG Orchestrator] End of Iteration. previous_num_instances_for_injector_logic updated to: 2
[DEGUG Orchestrator Loop Duration] Loop Duration = 3698.138608868
[Sniffer] Label set to: benign

--- Iteration 18 | Time: 85.0s / 180s ---
[Orchestrator]RTT = 69.06113764288031
[Orchestrator] Metrics: 2 active instance(s), Avg CPU: 31.34%, Avg App MEM: 24.63 MB
[Autoscaler]In cooldown: 9.999488919000214
[DEBUG Orchestrator] Iteration Start. Instances Before Injector Logic: 2, Prev Injector Logic Instances: 2, Attack Started Flag: True, Normal Traffic Started Flag: True
[DEBUG Orchestrator] URLs derived for injector (if active): ['http://localhost:8080', 'http://localhost:8082']
[Sniffer] Label set to: benign
[DEBUG Orchestrator] Should attack be active now? True (window: 20s-160s)
[DEBUG Orchestrator] End of Iteration. previous_num_instances_for_injector_logic updated to: 2
[DEGUG Orchestrator Loop Duration] Loop Duration = 3703.138608868
[Sniffer] Label set to: benign

--- Iteration 19 | Time: 90.0s / 180s ---
[Orchestrator]RTT = 72.23838896542757
[Orchestrator] Metrics: 2 active instance(s), Avg CPU: 42.64%, Avg App MEM: 24.57 MB
[Autoscaler]In cooldown: 4.998623017000227
[DEBUG Orchestrator] Iteration Start. Instances Before Injector Logic: 2, Prev Injector Logic Instances: 2, Attack Started Flag: True, Normal Traffic Started Flag: True
[DEBUG Orchestrator] URLs derived for injector (if active): ['http://localhost:8080', 'http://localhost:8082']
[Sniffer] Label set to: benign
[DEBUG Orchestrator] Should attack be active now? True (window: 20s-160s)
[DEBUG Orchestrator] End of Iteration. previous_num_instances_for_injector_logic updated to: 2
[DEGUG Orchestrator Loop Duration] Loop Duration = 3708.138608868
[Sniffer] Label set to: benign

--- Iteration 20 | Time: 95.0s / 180s ---
[Orchestrator]RTT = 71.37404268178216
[Orchestrator] Metrics: 2 active instance(s), Avg CPU: 32.57%, Avg App MEM: 24.33 MB
[Autoscaler] Decision: NO_ACTION. Avg CPU: 32.57% is within thresholds (25.0% - 60.0%).
[DEBUG Orchestrator] Iteration Start. Instances Before Injector Logic: 2, Prev Injector Logic Instances: 2, Attack Started Flag: True, Normal Traffic Started Flag: True
[DEBUG Orchestrator] URLs derived for injector (if active): ['http://localhost:8080', 'http://localhost:8082']
[Sniffer] Label set to: benign
[DEBUG Orchestrator] Should attack be active now? True (window: 20s-160s)
[DEBUG Orchestrator] End of Iteration. previous_num_instances_for_injector_logic updated to: 2
[DEGUG Orchestrator Loop Duration] Loop Duration = 3713.138608868
[Sniffer] Label set to: benign

--- Iteration 21 | Time: 100.0s / 180s ---
[Orchestrator]RTT = 52.35539571426021
[Orchestrator] Metrics: 2 active instance(s), Avg CPU: 18.46%, Avg App MEM: 23.23 MB
[Autoscaler] Decision: SCALE_DOWN. Avg CPU: 18.46% < 25.0%. Current instances: 2, Min: 1
[Orchestrator] Action: Scaling DOWN from 2 instance(s). Stopping target_instance_3.
Attempting to stop and remove container target_instance_3...
Container target_instance_3 stopped and removed.
[Orchestrator] Successfully stopped target_instance_3. Now 1 instance(s).
[Autoscaler] Scale action recorded. New instance count: 1. Cooldown timer reset.
[DEBUG Orchestrator] Iteration Start. Instances Before Injector Logic: 1, Prev Injector Logic Instances: 2, Attack Started Flag: True, Normal Traffic Started Flag: True
[DEBUG Orchestrator] URLs derived for injector (if active): ['http://localhost:8080']
[Sniffer] Label set to: benign
[DEBUG Orchestrator] Should attack be active now? True (window: 20s-160s)
[DEBUG Orchestrator] Condition: Needs to RESTART attack (num instances changed from 2 to 1 AND attack was active).
[Orchestrator] Attack active and restart needed. Stopping current traffic injector...
[Injector] Signaling HTTP flood workers to stop...
  [Injector Worker 138555938481856] Stopped. Total requests: 12, Errors: 0
  [Injector Worker 138555955267264] Stopped. Total requests: 9, Errors: 0
  [Injector Worker 138555988838080] Stopped. Total requests: 36, Errors: 0
  [Injector Worker 138556055979712] Stopped. Total requests: 47, Errors: 0
[Injector] Stop signal sent (non-blocking).
[DEBUG Orchestrator] Called stop_http_flood. Sleeping for 1s...
  [Injector Worker 138556022408896] Stopped. Total requests: 24, Errors: 0
  [Injector Worker 138555963659968] Stopped. Total requests: 20, Errors: 0
  [Injector Worker 138555946874560] Stopped. Total requests: 15, Errors: 0
  [Injector Worker 138556014016192] Stopped. Total requests: 48, Errors: 0
  [Injector Worker 138555980445376] Stopped. Total requests: 28, Errors: 0
[DEBUG Orchestrator] Resuming after sleep.
[Orchestrator] Starting/Restarting HTTP flood. Target URLs for this call: ['http://localhost:8080']
[Injector] Starting HTTP flood with 4 attackers, ~2.0 RPS total, across 1 targets: http://localhost:8080
  [Injector Worker 138555980445376] Started. Target: http://localhost:8080?work=175000&sleep=0.0, RPS: 0.50, Mean interval: 2.0000s (Poisson)
  [Injector Worker 138556014016192] Started. Target: http://localhost:8080?work=175000&sleep=0.0, RPS: 0.50, Mean interval: 2.0000s (Poisson)
  [Injector Worker 138555946874560] Started. Target: http://localhost:8080?work=175000&sleep=0.0, RPS: 0.50, Mean interval: 2.0000s (Poisson)
  [Injector Worker 138555963659968] Started. Target: http://localhost:8080?work=175000&sleep=0.0, RPS: 0.50, Mean interval: 2.0000s (Poisson)
[Injector] All 4 attacker threads launched.
[Sniffer] Label set to: attack
[DEBUG Orchestrator] attack_has_started flag set to TRUE.
[DEBUG Orchestrator] End of Iteration. previous_num_instances_for_injector_logic updated to: 1
[DEGUG Orchestrator Loop Duration] Loop Duration = 3718.138608868
[Orchestrator] Warning: Loop iteration took longer than MONITOR_INTERVAL_SECONDS (5s). Not sleeping.
[Sniffer] Label set to: benign

--- Iteration 22 | Time: 107.1s / 180s ---
[Orchestrator]RTT = 82.98858711429732
[Orchestrator] Metrics: 1 active instance(s), Avg CPU: 73.94%, Avg App MEM: 27.38 MB
[Autoscaler]In cooldown: 12.917025723999814
[DEBUG Orchestrator] Iteration Start. Instances Before Injector Logic: 1, Prev Injector Logic Instances: 1, Attack Started Flag: True, Normal Traffic Started Flag: True
[DEBUG Orchestrator] URLs derived for injector (if active): ['http://localhost:8080']
[Sniffer] Label set to: benign
[DEBUG Orchestrator] Should attack be active now? True (window: 20s-160s)
[DEBUG Orchestrator] End of Iteration. previous_num_instances_for_injector_logic updated to: 1
[DEGUG Orchestrator Loop Duration] Loop Duration = 3723.138608868
[Sniffer] Label set to: benign

--- Iteration 23 | Time: 110.0s / 180s ---
[Orchestrator]RTT = 89.97277529992971
[Orchestrator] Metrics: 1 active instance(s), Avg CPU: 72.79%, Avg App MEM: 27.23 MB
[Autoscaler]In cooldown: 10.007527527999628
[DEBUG Orchestrator] Iteration Start. Instances Before Injector Logic: 1, Prev Injector Logic Instances: 1, Attack Started Flag: True, Normal Traffic Started Flag: True
[DEBUG Orchestrator] URLs derived for injector (if active): ['http://localhost:8080']
[Sniffer] Label set to: benign
[DEBUG Orchestrator] Should attack be active now? True (window: 20s-160s)
[DEBUG Orchestrator] End of Iteration. previous_num_instances_for_injector_logic updated to: 1
[DEGUG Orchestrator Loop Duration] Loop Duration = 3728.138608868
[Sniffer] Label set to: benign

--- Iteration 24 | Time: 115.0s / 180s ---
[Orchestrator]RTT = 66.87811841667705
[Orchestrator] Metrics: 1 active instance(s), Avg CPU: 48.70%, Avg App MEM: 27.12 MB
[Autoscaler]In cooldown: 5.007114804999674
[DEBUG Orchestrator] Iteration Start. Instances Before Injector Logic: 1, Prev Injector Logic Instances: 1, Attack Started Flag: True, Normal Traffic Started Flag: True
[DEBUG Orchestrator] URLs derived for injector (if active): ['http://localhost:8080']
[Sniffer] Label set to: benign
[DEBUG Orchestrator] Should attack be active now? True (window: 20s-160s)
[DEBUG Orchestrator] End of Iteration. previous_num_instances_for_injector_logic updated to: 1
[DEGUG Orchestrator Loop Duration] Loop Duration = 3733.138608868
[Sniffer] Label set to: benign

--- Iteration 25 | Time: 120.0s / 180s ---
[Orchestrator]RTT = 93.00051273336673
[Orchestrator] Metrics: 1 active instance(s), Avg CPU: 68.25%, Avg App MEM: 27.22 MB
[Autoscaler] Decision: SCALE_UP. Avg CPU: 68.25% > 60.0%. Current instances: 1, Max: 4
[Orchestrator] Action: Scaling UP from 1 instance(s). Attempting to start instance 4.
Attempting to start container target_instance_4 mapping container:80 to host:8083...
Container 390aedc247 (target_instance_4) started. Accessible on host port 8083.
[Orchestrator] Successfully started target_instance_4. Now 2 instance(s).
[Autoscaler] Scale action recorded. New instance count: 2. Cooldown timer reset.
[DEBUG Orchestrator] Iteration Start. Instances Before Injector Logic: 2, Prev Injector Logic Instances: 1, Attack Started Flag: True, Normal Traffic Started Flag: True
[DEBUG Orchestrator] URLs derived for injector (if active): ['http://localhost:8080', 'http://localhost:8083']
[Sniffer] Label set to: benign
[DEBUG Orchestrator] Should attack be active now? True (window: 20s-160s)
[DEBUG Orchestrator] Condition: Needs to RESTART attack (num instances changed from 1 to 2 AND attack was active).
[Orchestrator] Attack active and restart needed. Stopping current traffic injector...
[Injector] Signaling HTTP flood workers to stop...
[Injector] Stop signal sent (non-blocking).
[DEBUG Orchestrator] Called stop_http_flood. Sleeping for 1s...
  [Injector Worker 138555980445376] Stopped. Total requests: 7, Errors: 0
  [Injector Worker 138555963659968] Stopped. Total requests: 8, Errors: 0
[DEBUG Orchestrator] Resuming after sleep.
[Orchestrator] Starting/Restarting HTTP flood. Target URLs for this call: ['http://localhost:8080', 'http://localhost:8083']
[Injector] Starting HTTP flood with 4 attackers, ~2.0 RPS total, across 2 targets: http://localhost:8080, http://localhost:8083
  [Injector Worker 138555963659968] Started. Target: http://localhost:8080?work=175000&sleep=0.0, RPS: 0.50, Mean interval: 2.0000s (Poisson)
  [Injector Worker 138555980445376] Started. Target: http://localhost:8083?work=175000&sleep=0.0, RPS: 0.50, Mean interval: 2.0000s (Poisson)
  [Injector Worker 138556022408896] Started. Target: http://localhost:8080?work=175000&sleep=0.0, RPS: 0.50, Mean interval: 2.0000s (Poisson)
  [Injector Worker 138555988838080] Started. Target: http://localhost:8083?work=175000&sleep=0.0, RPS: 0.50, Mean interval: 2.0000s (Poisson)
[Injector] All 4 attacker threads launched.
[Sniffer] Label set to: attack
[DEBUG Orchestrator] attack_has_started flag set to TRUE.
[DEBUG Orchestrator] End of Iteration. previous_num_instances_for_injector_logic updated to: 2
[DEGUG Orchestrator Loop Duration] Loop Duration = 3738.138608868
[Sniffer] Label set to: benign

--- Iteration 26 | Time: 125.0s / 180s ---
[Orchestrator]RTT = 97.6462217059527
[Orchestrator] Metrics: 2 active instance(s), Avg CPU: 54.77%, Avg App MEM: 27.25 MB
[Autoscaler]In cooldown: 15.001294045000122
[DEBUG Orchestrator] Iteration Start. Instances Before Injector Logic: 2, Prev Injector Logic Instances: 2, Attack Started Flag: True, Normal Traffic Started Flag: True
[DEBUG Orchestrator] URLs derived for injector (if active): ['http://localhost:8080', 'http://localhost:8083']
[Sniffer] Label set to: benign
[DEBUG Orchestrator] Should attack be active now? True (window: 20s-160s)
[DEBUG Orchestrator] End of Iteration. previous_num_instances_for_injector_logic updated to: 2
[DEGUG Orchestrator Loop Duration] Loop Duration = 3743.138608868
[Sniffer] Label set to: benign

--- Iteration 27 | Time: 130.0s / 180s ---
[Orchestrator]RTT = 54.93275506666274
[Orchestrator] Metrics: 2 active instance(s), Avg CPU: 29.43%, Avg App MEM: 24.21 MB
[Autoscaler]In cooldown: 10.000305002000005
[DEBUG Orchestrator] Iteration Start. Instances Before Injector Logic: 2, Prev Injector Logic Instances: 2, Attack Started Flag: True, Normal Traffic Started Flag: True
[DEBUG Orchestrator] URLs derived for injector (if active): ['http://localhost:8080', 'http://localhost:8083']
[Sniffer] Label set to: benign
[DEBUG Orchestrator] Should attack be active now? True (window: 20s-160s)
[DEBUG Orchestrator] End of Iteration. previous_num_instances_for_injector_logic updated to: 2
[DEGUG Orchestrator Loop Duration] Loop Duration = 3748.138608868
[Sniffer] Label set to: benign

--- Iteration 28 | Time: 135.0s / 180s ---
[Orchestrator]RTT = 61.246475461547774
[Orchestrator] Metrics: 2 active instance(s), Avg CPU: 26.39%, Avg App MEM: 24.08 MB
[Autoscaler]In cooldown: 4.998153510000066
[DEBUG Orchestrator] Iteration Start. Instances Before Injector Logic: 2, Prev Injector Logic Instances: 2, Attack Started Flag: True, Normal Traffic Started Flag: True
[DEBUG Orchestrator] URLs derived for injector (if active): ['http://localhost:8080', 'http://localhost:8083']
[Sniffer] Label set to: benign
[DEBUG Orchestrator] Should attack be active now? True (window: 20s-160s)
[DEBUG Orchestrator] End of Iteration. previous_num_instances_for_injector_logic updated to: 2
[DEGUG Orchestrator Loop Duration] Loop Duration = 3753.138608868
[Sniffer] Label set to: benign

--- Iteration 29 | Time: 140.0s / 180s ---
[Orchestrator]RTT = 62.59173650009112
[Orchestrator] Metrics: 2 active instance(s), Avg CPU: 20.46%, Avg App MEM: 22.99 MB
[Autoscaler] Decision: SCALE_DOWN. Avg CPU: 20.46% < 25.0%. Current instances: 2, Min: 1
[Orchestrator] Action: Scaling DOWN from 2 instance(s). Stopping target_instance_4.
Attempting to stop and remove container target_instance_4...
Container target_instance_4 stopped and removed.
[Orchestrator] Successfully stopped target_instance_4. Now 1 instance(s).
[Autoscaler] Scale action recorded. New instance count: 1. Cooldown timer reset.
[DEBUG Orchestrator] Iteration Start. Instances Before Injector Logic: 1, Prev Injector Logic Instances: 2, Attack Started Flag: True, Normal Traffic Started Flag: True
[DEBUG Orchestrator] URLs derived for injector (if active): ['http://localhost:8080']
[Sniffer] Label set to: benign
[DEBUG Orchestrator] Should attack be active now? True (window: 20s-160s)
[DEBUG Orchestrator] Condition: Needs to RESTART attack (num instances changed from 2 to 1 AND attack was active).
[Orchestrator] Attack active and restart needed. Stopping current traffic injector...
[Injector] Signaling HTTP flood workers to stop...
  [Injector Worker 138555963659968] Stopped. Total requests: 9, Errors: 0
[Injector] Stop signal sent (non-blocking).
[DEBUG Orchestrator] Called stop_http_flood. Sleeping for 1s...
  [Injector Worker 138555946874560] Stopped. Total requests: 19, Errors: 0
[DEBUG Orchestrator] Resuming after sleep.
[Orchestrator] Starting/Restarting HTTP flood. Target URLs for this call: ['http://localhost:8080']
[Injector] Starting HTTP flood with 4 attackers, ~2.0 RPS total, across 1 targets: http://localhost:8080
  [Injector Worker 138555946874560] Started. Target: http://localhost:8080?work=175000&sleep=0.0, RPS: 0.50, Mean interval: 2.0000s (Poisson)
  [Injector Worker 138555963659968] Started. Target: http://localhost:8080?work=175000&sleep=0.0, RPS: 0.50, Mean interval: 2.0000s (Poisson)
  [Injector Worker 138555938481856] Started. Target: http://localhost:8080?work=175000&sleep=0.0, RPS: 0.50, Mean interval: 2.0000s (Poisson)
  [Injector Worker 138555921696448] Started. Target: http://localhost:8080?work=175000&sleep=0.0, RPS: 0.50, Mean interval: 2.0000s (Poisson)
[Injector] All 4 attacker threads launched.
[Sniffer] Label set to: attack
[DEBUG Orchestrator] attack_has_started flag set to TRUE.
[DEBUG Orchestrator] End of Iteration. previous_num_instances_for_injector_logic updated to: 1
[DEGUG Orchestrator Loop Duration] Loop Duration = 3758.138608868
[Orchestrator] Warning: Loop iteration took longer than MONITOR_INTERVAL_SECONDS (5s). Not sleeping.
[Sniffer] Label set to: benign

--- Iteration 30 | Time: 147.1s / 180s ---
[Orchestrator]RTT = 82.77105578576993
[Orchestrator] Metrics: 1 active instance(s), Avg CPU: 58.24%, Avg App MEM: 27.16 MB
[Autoscaler]In cooldown: 12.920178454000052
[DEBUG Orchestrator] Iteration Start. Instances Before Injector Logic: 1, Prev Injector Logic Instances: 1, Attack Started Flag: True, Normal Traffic Started Flag: True
[DEBUG Orchestrator] URLs derived for injector (if active): ['http://localhost:8080']
[Sniffer] Label set to: benign
[DEBUG Orchestrator] Should attack be active now? True (window: 20s-160s)
[DEBUG Orchestrator] End of Iteration. previous_num_instances_for_injector_logic updated to: 1
[DEGUG Orchestrator Loop Duration] Loop Duration = 3763.138608868
[Sniffer] Label set to: benign

--- Iteration 31 | Time: 150.0s / 180s ---
[Orchestrator]RTT = 66.57021170584652
[Orchestrator] Metrics: 1 active instance(s), Avg CPU: 53.51%, Avg App MEM: 27.06 MB
[Autoscaler]In cooldown: 9.998842195999714
[DEBUG Orchestrator] Iteration Start. Instances Before Injector Logic: 1, Prev Injector Logic Instances: 1, Attack Started Flag: True, Normal Traffic Started Flag: True
[DEBUG Orchestrator] URLs derived for injector (if active): ['http://localhost:8080']
[Sniffer] Label set to: benign
[DEBUG Orchestrator] Should attack be active now? True (window: 20s-160s)
[DEBUG Orchestrator] End of Iteration. previous_num_instances_for_injector_logic updated to: 1
[DEGUG Orchestrator Loop Duration] Loop Duration = 3768.138608868
[Sniffer] Label set to: benign

--- Iteration 32 | Time: 155.0s / 180s ---
[Orchestrator]RTT = 59.30058600003273
[Orchestrator] Metrics: 1 active instance(s), Avg CPU: 64.23%, Avg App MEM: 27.54 MB
[Autoscaler]In cooldown: 4.999738451999747
[DEBUG Orchestrator] Iteration Start. Instances Before Injector Logic: 1, Prev Injector Logic Instances: 1, Attack Started Flag: True, Normal Traffic Started Flag: True
[DEBUG Orchestrator] URLs derived for injector (if active): ['http://localhost:8080']
[Sniffer] Label set to: benign
[DEBUG Orchestrator] Should attack be active now? True (window: 20s-160s)
[DEBUG Orchestrator] End of Iteration. previous_num_instances_for_injector_logic updated to: 1
[DEGUG Orchestrator Loop Duration] Loop Duration = 3773.138608868
[Sniffer] Label set to: benign

--- Iteration 33 | Time: 160.0s / 180s ---
[Orchestrator]RTT = 57.424400916640174
[Orchestrator] Metrics: 1 active instance(s), Avg CPU: 53.73%, Avg App MEM: 27.38 MB
[Autoscaler] Decision: NO_ACTION. Avg CPU: 53.73% is within thresholds (25.0% - 60.0%).
[DEBUG Orchestrator] Iteration Start. Instances Before Injector Logic: 1, Prev Injector Logic Instances: 1, Attack Started Flag: True, Normal Traffic Started Flag: True
[DEBUG Orchestrator] URLs derived for injector (if active): ['http://localhost:8080']
[Sniffer] Label set to: benign
[DEBUG Orchestrator] Should attack be active now? False (window: 20s-160s)
[Orchestrator] Attack duration ended or outside schedule. Stopping HTTP flood.
[Injector] Signaling HTTP flood workers to stop...
[Injector] Stop signal sent (non-blocking).
[DEBUG Orchestrator] attack_has_started flag set to FALSE (attack period ended).
[DEBUG Orchestrator] End of Iteration. previous_num_instances_for_injector_logic updated to: 1
[DEGUG Orchestrator Loop Duration] Loop Duration = 3778.138608868
  [Injector Worker 138555921696448] Stopped. Total requests: 6, Errors: 0
  [Injector Worker 138556014016192] Stopped. Total requests: 24, Errors: 0
  [Injector Worker 138555938481856] Stopped. Total requests: 6, Errors: 0
  [Injector Worker 138555980445376] Stopped. Total requests: 8, Errors: 6
  [Injector Worker 138556022408896] Stopped. Total requests: 19, Errors: 0
  [Injector Worker 138556039194304] Stopped. Total requests: 40, Errors: 0
  [Injector Worker 138555988838080] Stopped. Total requests: 12, Errors: 13
  [Injector Worker 138555946874560] Stopped. Total requests: 8, Errors: 0
  [Injector Worker 138555963659968] Stopped. Total requests: 5, Errors: 0
[Sniffer] Label set to: benign

--- Iteration 34 | Time: 165.0s / 180s ---
[Orchestrator]RTT = 33.35961416891739
[Orchestrator] Metrics: 1 active instance(s), Avg CPU: 48.96%, Avg App MEM: 27.00 MB
[Autoscaler] Decision: NO_ACTION. Avg CPU: 48.96% is within thresholds (25.0% - 60.0%).
[DEBUG Orchestrator] Iteration Start. Instances Before Injector Logic: 1, Prev Injector Logic Instances: 1, Attack Started Flag: False, Normal Traffic Started Flag: True
[DEBUG Orchestrator] URLs derived for injector (if active): ['http://localhost:8080']
[Sniffer] Label set to: benign
[DEBUG Orchestrator] Should attack be active now? False (window: 20s-160s)
[DEBUG Orchestrator] End of Iteration. previous_num_instances_for_injector_logic updated to: 1
[DEGUG Orchestrator Loop Duration] Loop Duration = 3783.138608868
[Sniffer] Label set to: benign

--- Iteration 35 | Time: 170.0s / 180s ---
[Orchestrator]RTT = 34.508505662537246
[Orchestrator] Metrics: 1 active instance(s), Avg CPU: 39.05%, Avg App MEM: 27.12 MB
[Autoscaler] Decision: NO_ACTION. Avg CPU: 39.05% is within thresholds (25.0% - 60.0%).
[DEBUG Orchestrator] Iteration Start. Instances Before Injector Logic: 1, Prev Injector Logic Instances: 1, Attack Started Flag: False, Normal Traffic Started Flag: True
[DEBUG Orchestrator] URLs derived for injector (if active): ['http://localhost:8080']
[Sniffer] Label set to: benign
[DEBUG Orchestrator] Should attack be active now? False (window: 20s-160s)
[DEBUG Orchestrator] End of Iteration. previous_num_instances_for_injector_logic updated to: 1
[DEGUG Orchestrator Loop Duration] Loop Duration = 3788.138608868
[Sniffer] Label set to: benign

--- Iteration 36 | Time: 175.0s / 180s ---
[Orchestrator]RTT = 34.498851003927356
[Orchestrator] Metrics: 1 active instance(s), Avg CPU: 40.98%, Avg App MEM: 26.76 MB
[Autoscaler] Decision: NO_ACTION. Avg CPU: 40.98% is within thresholds (25.0% - 60.0%).
[DEBUG Orchestrator] Iteration Start. Instances Before Injector Logic: 1, Prev Injector Logic Instances: 1, Attack Started Flag: False, Normal Traffic Started Flag: True
[DEBUG Orchestrator] URLs derived for injector (if active): ['http://localhost:8080']
[Sniffer] Label set to: benign
[DEBUG Orchestrator] Should attack be active now? False (window: 20s-160s)
[DEBUG Orchestrator] End of Iteration. previous_num_instances_for_injector_logic updated to: 1
[DEGUG Orchestrator Loop Duration] Loop Duration = 3793.138608868

[Orchestrator] Simulation duration reached.
[Orchestrator] Saving RTT log...
[Sniffer] Realtime tcpdump stopped.
[Orchestrator] Stopping normal traffic...
[Normal_Injector] Signaling workers to stop...
  [Normal_Injector Worker 138560905397952] Stopped. Total requests: 8539, Errors: 0
  [Normal_Injector Worker 138560922183360] Stopped. Total requests: 8674, Errors: 0
  [Normal_Injector Worker 138560888612544] Stopped. Total requests: 8598, Errors: 0
  [Normal_Injector Worker 138560409695936] Stopped. Total requests: 8548, Errors: 0
[Normal_Injector] Stop signal sent (non-blocking).
[Orchestrator] Cleaning up all simulation instances...
Cleaning up all simulation instances...
Stopping and removing container: target_instance_1 (567defb319)...
  Container target_instance_1 removed.
Simulation instance cleanup complete.
[Stats_Collector] Stopping stats collector thread...
[Orchestrator] Simulation Complete. Total Fictional Cost: $0.0014
[Orchestrator] Metrics logged in: simulation_metrics.csv

Stage 1B (retomada) concluída.
