timestamp,rtt
1790637103.9814656,3.9100650465115905
1790637103.9845,4.276378953363746
1790637103.9846773,2.878644037991762
1790637103.985719,3.1031950493343174
1790637103.9866097,1.6794560360722244
1790637103.9992523,1.8812139751389623
1790637104.014593,2.0135880331508815
1790637104.0228608,1.8404119764454663
1790637104.0346253,2.018740982748568
1790637104.053487,1.975099032279104
1790637104.0578444,1.749257033225149
1790637104.0757055,2.195104956626892
1790637104.0850108,1.839952019508928
1790637104.0955472,1.6608070000074804
1790637104.0994143,1.7840940272435546
1790637104.1112792,2.2305140155367553
1790637104.1123776,2.506349002942443
1790637104.1124504,2.0460510277189314
1790637104.1201198,2.5011590332724154
1790637104.1201756,3.144941001664847
1790637104.1375306,1.8835040391422808
1790637104.1579099,2.087966015096754
1790637104.1585987,1.4913960476405919
1790637104.1598637,1.148051000200212
1790637104.1760194,1.6966290422715247
1790637104.1867943,1.8259260104969144
1790637104.1917288,1.6719790291972458
1790637104.2042916,2.097391989082098
1790637104.2179878,2.119236974976957
1790637104.2196364,1.507883018348366
1790637104.251651,1.9962359801866114
1790637104.2569435,2.1881699794903398
1790637104.2583542,2.5840390007942915
1790637104.2584934,2.2819769801571965
1790637104.272419,2.206997014582157
1790637104.2725332,3.025747020728886
1790637104.273899,1.2086500064469874
1790637104.2883017,3.127883013803512
1790637104.2883964,3.4742229618132114
1790637104.3272586,2.180771029088646
1790637104.3463936,1.8083289614878595
1790637104.3526332,1.9823419861495495
1790637104.352705,2.5720239500515163
1790637104.3606145,1.9049120019190013
1790637104.3998942,2.336104051209986
1790637104.4064639,1.6631099861115217
1790637104.4128273,1.428443007171154
1790637104.4280605,1.9179410301148891
1790637104.4541266,1.8001309945248067
1790637104.4626043,1.8463259912095964
1790637104.4779975,2.071861003059894
1790637104.4804163,1.7414759495295584
1790637104.4857109,2.2001140168868005
1790637104.4920645,1.8166509689763188
1790637104.496643,1.6027340316213667
1790637104.5223575,2.1330859744921327
1790637104.5313096,1.6155870398506522
1790637104.5342581,1.5498980064876378
1790637104.5447783,2.5704209692776203
1790637104.5455296,2.220597001723945
1790637104.5627127,1.8311029998585582
1790637104.5710902,2.258336986415088
1790637104.5831678,2.1326459827832878
1790637104.593921,2.080512000247836
1790637104.5995991,1.6203649574890733
1790637104.6041842,1.9838989828713238
1790637104.6073065,1.303458004258573
1790637104.6154616,2.1664760424755514
1790637104.6182168,1.2663679663091898
1790637104.6301146,2.001577988266945
1790637104.6748924,2.6414989843033254
1790637104.6883955,1.8255430040881038
1790637104.6918397,1.8663170048967004
1790637104.7006009,1.691192970611155
1790637104.7508779,1.7563599976710975
1790637104.753045,1.401908986736089
1790637104.7624419,1.5440169954672456
1790637104.7756724,2.2460780455730855
1790637104.7757967,2.8872520197182894
1790637104.7798536,1.347651006653905
1790637104.7828698,1.4790530549362302
1790637104.807476,1.8439420382492244
1790637104.808127,1.64333003340289
1790637104.8329709,2.054900978691876
1790637104.8400147,3.119960951153189
1790637104.8404927,2.4452449870295823
1790637104.8411484,1.9876990118063986
1790637104.8591626,3.168732044287026
1790637104.8594148,3.1217209761962295
1790637104.8596625,1.870577980298549
1790637104.8718784,1.9491509883664548
1790637104.8866963,1.8223919905722141
1790637104.8897417,1.8077779677696526
1790637104.9033585,1.8588440143503249
1790637104.912885,1.9668559543788433
1790637104.9185386,1.836236973758787
1790637104.9370022,2.1501450100913644
1790637104.953992,2.3995329975150526
1790637104.9678876,1.894691027700901
1790637104.9772274,2.3280520108528435
1790637104.9974885,2.0855189650319517
1790637104.999964,1.63324800087139
1790637105.0060487,2.0180349820293486
1790637105.0141857,2.4946340126916766
1790637105.020629,1.68435403611511
1790637105.0226984,1.627554011065513
1790637105.036544,1.7273210105486214
1790637105.0451732,1.7426589620299637
1790637105.0465856,1.3917000032961369
1790637105.0805578,1.7935539945028722
1790637105.1053045,2.1266770199872553
1790637105.1081965,1.5446709585376084
1790637105.1197195,1.759170030709356
1790637105.128619,1.705697039142251
1790637105.1463838,1.7368649714626372
1790637105.1647651,2.5450880057178438
1790637105.1661425,1.3530959840863943
1790637105.1701195,1.4069550088606775
1790637105.1809914,1.8659220077097416
1790637105.205947,1.7159190028905869
1790637105.2087739,2.0132100326009095
1790637105.2092443,1.3792199897579849
1790637105.2341053,2.1040349965915084
1790637105.2505722,2.361330029089004
1790637105.2538722,1.4283860218711197
1790637105.2775667,3.243112994823605
1790637105.2777069,2.7371789910830557
1790637105.2896793,1.7811500001698732
1790637105.2897594,2.541980007663369
1790637105.3077865,2.023750974331051
1790637105.3142729,1.9100289791822433
1790637105.3269181,2.008788986131549
1790637105.3390794,3.7215909687802196
1790637105.339657,2.7078280108980834
1790637105.3399594,1.9375660340301692
1790637105.3500726,1.5889949863776565
1790637105.3537436,1.833403017371893
1790637105.369328,2.5433190166950226
1790637105.3736548,1.65373005438596
1790637105.3754318,1.460533996578306
1790637105.3807027,1.454929995816201
1790637105.3857343,1.7521390109322965
1790637105.3861752,1.2242500088177621
1790637105.3906243,1.6430449904873967
1790637105.3943224,1.3003679923713207
1790637105.4023528,2.187660022173077
1790637105.4107037,1.648338045924902
1790637105.4407887,1.6752990195527673
1790637105.455243,2.273246005643159
1790637105.4566443,1.3890080153942108
1790637105.4742026,2.1530750091187656
1790637105.4755623,1.3480010093189776
1790637105.4818213,1.9926669774577022
1790637105.491482,1.9051979761570692
1790637105.5153475,3.0141950119286776
1790637105.5159864,1.9981180084869266
1790637105.5233028,1.9354300457052886
1790637105.524483,2.353743009734899
1790637105.5256639,2.1404600120149553
1790637105.5324974,1.7949159955605865
1790637105.5390654,1.7739500035531819
1790637105.5429099,2.2598770447075367
1790637105.5434146,1.589478983078152
1790637105.5530896,1.9446490332484245
1790637105.563589,2.3235849803313613
1790637105.5660894,1.518709002994001
1790637105.5870187,2.045369998086244
1790637105.5878224,1.5618169563822448
1790637105.5965815,1.8253229791298509
1790637105.6065729,2.210411010310054
1790637105.61452,1.6557619674131274
1790637105.624876,1.7416580230928957
1790637105.6397438,2.086675027385354
1790637105.6472306,1.5535069978795946
1790637105.6499205,1.928732031956315
1790637105.6570928,2.2478660102933645
1790637105.6614304,2.358102996367961
1790637105.6619682,1.8001620192080736
1790637105.6675513,1.6595119959674776
1790637105.6680944,1.3596999924629927
1790637105.6744456,1.5428540064021945
1790637105.6963334,1.694707025308162
1790637105.7013438,1.6141699743457139
1790637105.703701,1.5565609792247415
1790637105.7168365,1.7139670089818537
1790637105.730593,2.412297995761037
1790637105.73871,2.123353013303131
1790637105.7387784,2.6868199929594994
1790637105.7472947,1.9133400055579841
1790637105.7481236,1.560261007398367
1790637105.7748203,3.675065003335476
1790637105.7757595,1.5917840064503253
1790637105.794359,2.142073994036764
1790637105.7995558,1.8219699850305915
1790637105.8014736,1.4398639905266464
1790637105.8142912,1.7655849806033075
1790637105.8226757,1.7344480147585273
1790637105.8529289,2.412498986814171
1790637105.8530192,3.3389499876648188
1790637105.8986998,2.1013019722886384
1790637105.9154303,1.9877130398526788
1790637105.9282072,1.84255198109895
1790637105.9476788,2.176137000788003
1790637105.9490752,1.5180170303210616
1790637105.9551446,1.6824359772726893
1790637105.956764,1.6068320255726576
1790637105.9580495,1.1813740129582584
1790637105.9844882,2.446239988785237
1790637105.9904823,1.8286840058863163
1790637105.9913247,1.6064050141721964
1790637106.0038598,1.9460979965515435
1790637106.0048501,1.949650002643466
1790637106.013721,1.527458953205496
1790637106.0256436,1.7845210386440158
1790637106.0325794,1.4861789532005787
1790637106.0358675,1.7473309999331832
1790637106.036513,1.6493729781359434
1790637106.0400844,1.175662036985159
1790637106.0494318,1.8896519904956222
1790637106.057334,3.0563839827664196
1790637106.0574455,3.663489012978971
1790637106.0584435,1.6034370055422187
1790637106.0593007,3.1151739531196654
1790637106.0598953,1.2868460034951568
1790637106.0639586,1.7632669769227505
1790637106.0640604,2.3038240033201873
1790637106.0827858,1.6922299982979894
1790637106.0983293,1.6961380024440587
1790637106.103514,1.3318940182216465
1790637106.115987,2.138593001291156
1790637106.1160574,1.6647119773551822
1790637106.1239862,2.298159000929445
1790637106.1339536,2.035936980973929
1790637106.1364038,1.4136829995550215
1790637106.136762,1.1633639805950224
1790637106.1465905,1.476454024668783
1790637106.156262,1.8279849900864065
1790637106.160134,1.714440993964672
1790637106.1734958,1.7438369686715305
1790637106.1751046,1.3014140422455966
1790637106.1947963,2.0727910450659692
1790637106.1969635,1.2952309916727245
1790637106.2211063,2.136324008461088
1790637106.2384923,1.9235830404795706
1790637106.2520063,1.865390979219228
1790637106.2580423,1.6326190088875592
1790637106.2715125,1.9460410112515092
1790637106.2719965,1.5224299859255552
1790637106.2824268,1.6627699951641262
1790637106.2952607,2.357306017074734
1790637106.2962263,1.9201840041205287
1790637106.306308,2.548726974055171
1790637106.307367,2.442181983496994
1790637106.307862,1.7121550044976175
1790637106.3244667,1.6730179777368903
1790637106.3310673,2.4762750254012644
1790637106.3311331,1.9753120141103864
1790637106.3373659,1.5263149980455637
1790637106.3498378,1.9028779934160411
1790637106.3549826,1.8478459678590298
1790637106.37059,1.910459017381072
1790637106.3752563,1.5806860174052417
1790637106.3903985,1.5688560088165104
1790637106.415183,2.0908760488964617
1790637106.4230454,1.647480996325612
1790637106.43504,1.8527439679019153
1790637106.436941,1.8894689856097102
1790637106.4374194,1.3077619951218367
1790637106.4409113,1.29882397595793
1790637106.4524632,1.8954499973915517
1790637106.4652903,1.861386001110077
1790637106.4715397,1.8003819859586656
1790637106.4726481,1.7887300346046686
1790637106.4799294,1.5098130097612739
1790637106.4961407,1.692210033070296
1790637106.5054743,1.88403797801584
1790637106.5143383,1.8052220111712813
1790637106.5192816,2.0131139899604023
1790637106.529511,1.6410539974458516
1790637106.5296526,2.379405021201819
1790637106.5425143,1.7053569899871945
1790637106.561033,1.9429329549893737
1790637106.56114,2.7470579952932894
1790637106.5846736,1.845368999056518
1790637106.5890958,1.4429870061576366
1790637106.594022,1.8040030263364315
1790637106.6269257,1.820706995204091
1790637106.6358662,1.5966289793141186
1790637106.6420145,1.555257011204958
1790637106.6424525,1.3425109791569412
1790637106.656538,2.393203030806035
1790637106.659407,1.8660940113477409
1790637106.6974638,2.011684002354741
1790637106.6999512,1.6378649743273854
1790637106.7017925,1.1859689839184284
1790637106.7059186,1.4600330032408237
1790637106.7160006,2.0013689645566046
1790637106.7262216,1.9060400081798434
1790637106.7263153,2.5437050499022007
1790637106.7620764,1.782998035196215
1790637106.7646194,1.6920040361583233
1790637106.76827,1.3443109928630292
1790637106.7808862,2.6278450386598706
1790637106.7819102,1.7123619909398258
1790637106.7936962,1.7328769899904728
1790637106.8052022,1.681216002907604
1790637106.8210535,1.8247920088469982
1790637106.842726,1.7866300186142325
1790637106.8556604,1.9313489901833236
1790637106.8595657,1.3170469901524484
1790637106.8875623,1.8881340511143208
1790637106.8938212,1.8296160269528627
1790637106.9000459,1.6679780092090368
1790637106.9168642,1.7255049897357821
1790637106.927144,1.812084054108709
1790637106.9506826,2.1208999678492546
1790637106.9511728,1.8021150026470423
1790637106.9577315,1.716339960694313
1790637106.9611487,1.3253400102257729
1790637106.9779806,2.50870396848768
1790637106.9791253,2.519591012969613
1790637106.982829,1.6981310327537358
1790637106.9887807,1.6133399913087487
1790637107.0050979,1.6660719993524253
1790637107.0165172,1.534156035631895
1790637107.0200348,1.4176639961078763
1790637107.0254884,1.346165023278445
1790637107.0471163,1.8596730078570545
1790637107.052357,1.5546089853160083
1790637107.0780525,2.5997639750130475
1790637107.0781245,2.026940986979753
1790637107.0933483,1.7122270073741674
1790637107.1026635,1.6287309699691832
1790637107.104991,1.6685759765096009
1790637107.1131532,1.4195240219123662
1790637107.1219192,1.7024819971993566
1790637107.1327348,3.212270967196673
1790637107.132861,3.810474998317659
1790637107.1329303,2.3616059916093946
1790637107.136392,1.469276030547917
1790637107.138424,1.1875639902427793
1790637107.1966603,3.215506032574922
1790637107.1967955,2.6723899645730853
1790637107.1997144,1.2225149548612535
1790637107.2277493,1.905901008285582
1790637107.2393103,1.8668690463528037
1790637107.2422538,1.4191740192472935
1790637107.258292,1.6668830066919327
1790637107.2819908,1.947845972608775
1790637107.2884312,2.6332520064897835
1790637107.288485,1.981967012397945
1790637107.290212,1.160870015155524
1790637107.31684,1.6801999881863594
1790637107.3268616,1.5542680048383772
1790637107.3408108,1.9502629875205457
1790637107.3494248,1.5812440542504191
1790637107.3583136,1.415248028934002
1790637107.377795,1.8682429799810052
1790637107.385882,1.6900959890335798
1790637107.3910427,1.8332290346734226
1790637107.406965,2.011628996115178
1790637107.427604,1.919684000313282
1790637107.4361272,1.8154559656977654
1790637107.4462616,1.8675269675441086
1790637107.4544966,2.3591170320287347
1790637107.456275,1.766962988767773
1790637107.4846482,1.9519589841365814
1790637107.485091,1.5647619729861617
1790637107.4962828,1.695121987722814
1790637107.5069168,1.4970980118960142
1790637107.515149,1.7848470015451312
1790637107.5232115,1.535153016448021
1790637107.5247808,1.4338570181280375
1790637107.5281777,2.0121069974265993
1790637107.5282414,2.70668399753049
1790637107.528522,1.5597210149280727
1790637107.5368676,2.589874027762562
1790637107.5369527,2.0298879826441407
1790637107.5747747,1.8126519862562418
1790637107.5892518,1.7658210126683116
1790637107.6478531,2.5034209829755127
1790637107.6698654,2.120201999787241
1790637107.6827989,1.9190559978596866
1790637107.6936898,2.062538987956941
1790637107.6945736,1.7113540088757873
1790637107.7074592,1.981376961339265
1790637107.7144425,1.8677699845284224
1790637107.7331939,1.8008819897659123
1790637107.7363238,1.4971260097809136
1790637107.7522984,1.878022972960025
1790637107.7590144,1.5904419706203043
1790637107.7657187,1.5618010074831545
1790637107.7805676,1.7636449774727225
1790637107.7997417,2.267921983730048
1790637107.804794,1.7338570323772728
1790637107.8168714,1.8121039611287415
1790637107.823977,1.9996599876321852
1790637107.825797,2.364095998927951
1790637107.8258743,1.8131660181097686
1790637107.872028,1.520503021311015
1790637107.872105,2.445302961859852
1790637107.8845658,2.063404012005776
1790637107.8905754,1.6601799870841205
1790637107.8934555,1.348785008303821
1790637107.9007647,1.564570004120469
1790637107.913914,2.554816019255668
1790637107.9141815,2.0280220196582377
1790637107.9194834,1.8939360161311924
1790637107.9316661,1.6360299778170884
1790637107.9422076,1.5004919841885567
1790637107.9660726,2.1089650108478963
1790637107.993109,2.0444300025701523
1790637108.0238006,1.934665022417903
1790637108.0462122,1.926753029692918
1790637108.069077,1.8889560014940798
1790637108.073425,1.5617739991284907
1790637108.0760098,1.4423130196519196
1790637108.1046793,2.383762039244175
1790637108.1125803,1.6237800009548664
1790637108.1258624,2.0008639548905194
1790637108.126321,3.151582961436361
1790637108.127726,1.396453008055687
1790637108.1300168,1.6429219976998866
1790637108.1307552,1.6796450363472104
1790637108.1389968,1.830073946621269
1790637108.147522,1.7434080364182591
1790637108.1524484,1.788122986909002
1790637108.1571808,1.3778370339423418
1790637108.16541,1.9094980088993907
1790637108.1764202,1.8385769799351692
1790637108.1846635,1.6864860081113875
1790637108.2271314,1.7023729742504656
1790637108.2336173,1.5601749764755368
1790637108.242597,1.783379993867129
1790637108.2554603,1.7523480346426368
1790637108.2638333,1.538021955639124
1790637108.2708614,1.5309029840864241
1790637108.279664,1.905286975670606
1790637108.2843084,1.8326779827475548
1790637108.3393905,1.806541986297816
1790637108.3489358,2.0928570302203298
1790637108.350644,1.5628960100002587
1790637108.351926,1.2728979927487671
1790637108.3614793,2.910907962359488
1790637108.3617887,2.2670270409435034
1790637108.3625512,1.6900370246730745
1790637108.3727314,1.5772210317663848
1790637108.3843145,1.591840002220124
1790637108.39039,1.5211279969662428
1790637108.4076102,1.8825270235538483
1790637108.4109983,1.3611160102300346
1790637108.4141684,1.3662519631907344
1790637108.4154418,1.1560109560377896
1790637108.4175713,1.1513319914229214
1790637108.4212875,1.4766480308026075
1790637108.4236815,1.3214180362410843
1790637108.435129,1.8641070346347988
1790637108.438281,1.2898330460302532
1790637108.4410768,1.228909008204937
1790637108.4444864,1.2644079979509115
1790637108.4496572,1.366938988212496
1790637108.4616227,2.0319619798101485
1790637108.46281,2.263363974634558
1790637108.4796052,1.6431339900009334
1790637108.5271413,2.0509190508164465
1790637108.534949,1.7565949819982052
1790637108.5428345,1.9146849517710507
1790637108.5467017,1.295308000408113
1790637108.554606,1.7801080248318613
1790637108.5651627,3.0325910192914307
1790637108.5652392,2.5974769960157573
1790637108.5708232,1.8242240184918046
1790637108.573843,1.3598949881270528
1790637108.57536,1.5074200346134603
1790637108.6168268,1.790237962268293
1790637108.6173966,1.5413730288855731
1790637108.6212955,1.178911013994366
1790637108.6371307,1.8218160257674754
1790637108.6436722,1.9036910380236804
1790637108.6479104,1.5043849707581103
1790637108.6619346,1.860344025772065
1790637108.6680214,1.859780983068049
1790637108.6764526,1.5126490034162998
1790637108.681354,1.441970991436392
1790637108.7110567,1.921479997690767
1790637108.723062,1.7090850160457194
1790637108.7284899,1.4251869870349765
1790637108.7331483,1.5803870046511292
1790637108.7548974,1.7954669892787933
1790637108.7549973,2.5167730054818094
1790637108.757476,1.1415589833632112
1790637108.7588844,1.2920559966005385
1790637108.760847,1.1393990134820342
1790637108.7618883,1.0343290050514042
1790637108.7830622,1.6892089624889195
1790637108.8129492,2.0828989800065756
1790637108.8158183,1.3707939651794732
1790637108.8187423,1.375072984956205
1790637108.8448424,2.0068970043212175
1790637108.8715286,2.1477999980561435
1790637108.8760877,1.4628939679823816
1790637108.89351,2.055916003882885
1790637108.9054654,1.6943019581958652
1790637108.9075916,2.031729032751173
1790637108.9080255,1.3338190037757158
1790637108.9190776,1.5773710329085588
1790637108.927514,1.7626900225877762
1790637108.9403918,1.782110019121319
1790637108.9486895,1.7098690150305629
1790637108.9493454,1.7012819880619645
1790637108.952996,1.4145050081424415
1790637108.959417,1.976547995582223
1790637108.9604113,1.8283079843968153
1790637108.965233,1.3136290363036096
1790637108.9871385,2.662516024429351
1790637108.9877927,1.707267016172409
1790637108.9930084,1.6508480184711516
1790637109.0043855,1.8350199679844081
1790637109.0269673,1.868154969997704
1790637109.0360038,1.7721609910950065
1790637109.037529,1.1947719613090158
1790637109.0637302,2.121389959938824
1790637109.064459,1.9703159923665226
1790637109.0653129,1.5720869996584952
1790637109.0725117,1.912053965497762
1790637109.0866673,1.7753189895302057
1790637109.104969,2.465369994752109
1790637109.1149852,1.8530410015955567
1790637109.1210546,1.429037016350776
1790637109.132656,2.3384809610433877
1790637109.133591,1.8175760051235557
1790637109.1341836,1.3581700040958822
1790637109.1497378,2.8706129523925483
1790637109.1498222,2.8612149762921035
1790637109.1683915,2.071454015094787
1790637109.1755328,1.5971410321071744
1790637109.1887462,1.6963630332611501
1790637109.227582,2.121533965691924
1790637109.2280595,1.464803994167596
1790637109.245189,1.7053710180334747
1790637109.2518919,2.710093976929784
1790637109.2536426,3.395389998331666
1790637109.256101,2.204091986641288
1790637109.2566137,1.412381010595709
1790637109.2657776,1.789909030776471
1790637109.270172,1.693315978627652
1790637109.277826,1.5758989611640573
1790637109.2852755,1.8964820192195475
1790637109.3040707,2.032944990787655
1790637109.3065186,1.4258480514399707
1790637109.322803,2.021355030592531
1790637109.3505585,2.676256000995636
1790637109.3851528,2.50897096702829
1790637109.4037955,1.9031109986826777
1790637109.408877,1.4089949545450509
1790637109.4164393,1.9891879637725651
1790637109.4394383,2.294791047461331
1790637109.4395297,3.2322570332325995
1790637109.4662917,3.360522969160229
1790637109.4663687,3.0670369742438197
1790637109.4747407,1.9941320060752332
1790637109.5140505,2.08457896951586
1790637109.542231,2.092113019898534
1790637109.5435045,1.251883979421109
1790637109.5495565,1.5158409951254725
1790637109.5594678,1.5253460151143372
1790637109.5674407,1.6761660226620734
1790637109.575718,1.6375929699279368
1790637109.5874088,3.029457002412528
1790637109.5881965,4.415556963067502
1790637109.5885475,2.4519350263290107
1790637109.588972,1.5541539760306478
1790637109.6105065,2.8354120440781116
1790637109.6325812,2.057560021057725
1790637109.6424654,2.007258008234203
1790637109.6562526,1.830045017413795
1790637109.6625721,1.4358210028149188
1790637109.6664038,1.3030589907430112
1790637109.683501,1.9368589855730534
1790637109.6859071,1.5714239561930299
1790637109.6892977,1.4347269898280501
1790637109.6924284,1.2974109849892557
1790637109.701021,1.745041983667761
1790637109.7258227,1.9949930137954652
1790637109.7291863,2.0582290017046034
1790637109.7389576,2.1563420305028558
1790637109.7453802,1.943490991834551
1790637109.7670307,3.1885839998722076
1790637109.774333,4.510019964072853
1790637109.7744207,3.4814749960787594
1790637109.789551,3.2678990392014384
1790637109.7913785,3.092618950176984
1790637109.7948537,3.635198052506894
1790637109.7950351,2.894614008255303
1790637109.8042142,2.862150955479592
1790637109.8178647,6.222135969437659
1790637109.8181102,5.122968985233456
1790637109.8181994,8.630644006188959
1790637109.8219237,11.182488000486046
1790637109.8363879,2.1049220231361687
1790637109.8483326,2.0435209735296667
1790637109.8493295,1.9363409955985844
1790637109.869901,2.088023000396788
1790637109.8975327,2.155098016373813
1790637109.916209,1.9970210269093513
1790637109.9173667,2.0947440061718225
1790637109.9208617,1.5820019762031734
1790637109.924376,2.0892300526611507
1790637109.9315045,1.8781889812089503
1790637109.935514,1.9188679871149361
1790637109.9394147,1.9258630345575511
1790637109.9466803,1.735808968078345
1790637109.9575472,2.5488450191915035
1790637109.9585652,1.9337970297783613
1790637109.9708512,3.5920910304412246
1790637109.9724288,2.483376010786742
1790637109.9885964,1.9701459677889943
1790637110.0011795,2.060184022411704
1790637110.0050755,2.312260039616376
1790637110.0058136,1.6714909579604864
1790637110.0100873,2.2757910192012787
1790637110.026935,1.9982770318165421
1790637110.0277631,2.0411129808053374
1790637110.0287862,1.827213040087372
1790637110.0343897,2.819715009536594
1790637110.03447,2.9861279763281345
1790637110.0361142,1.446303038392216
1790637110.0377228,1.4784819795750082
1790637110.0456793,1.9158420036546886
1790637110.060249,2.782122988719493
1790637110.0769987,1.8566480139270425
1790637110.0846598,1.7472549807280302
1790637110.1124606,2.4927560007199645
1790637110.1288035,8.378259022720158
1790637110.129843,2.2170880110934377
1790637110.133433,2.1394629729911685
1790637110.1510506,1.805989013519138
1790637110.1584077,1.883740012999624
1790637110.1685274,2.2749259951524436
1790637110.227214,2.351183968130499
1790637110.229125,1.5322029939852655
1790637110.2329955,1.5132400440052152
1790637110.2509718,2.2821560269221663
1790637110.2587707,1.818163029383868
1790637110.2713997,1.5128299710340798
1790637110.2809026,2.2997180349193513
1790637110.284205,2.5020810426212847
1790637110.2843149,2.15402600588277
1790637110.29229,1.2803470017388463
1790637110.2971294,1.3639070093631744
1790637110.3336809,2.9832529835402966
1790637110.3371103,1.7482769908383489
1790637110.338895,1.227194967214018
1790637110.3431053,1.2425250024534762
1790637110.3459616,1.102093025110662
1790637110.3494973,2.0548540051095188
1790637110.3523576,1.7819550121203065
1790637110.3533788,2.1965749911032617
1790637110.3550134,1.6269809566438198
1790637110.3557382,1.3464579824358225
1790637110.3765395,1.6396470018662512
1790637110.4003255,4.333983990363777
1790637110.400701,3.816113981883973
1790637110.4012864,2.943828993011266
1790637110.458666,5.53449202561751
1790637111.4849544,2.5397209683433175
1790637111.5062697,2.413203998003155
1790637111.5236146,2.1842130227014422
1790637111.5380194,2.3368719848804176
1790637111.543071,1.5312330215238035
1790637111.55044,1.54930999269709
1790637111.5709324,1.815245021134615
1790637111.5715957,1.6959040076471865
1790637111.5836127,1.8372770282439888
1790637111.5940862,2.432070963550359
1790637111.5981457,1.822909980546683
1790637111.5987046,1.420447020791471
1790637111.606905,1.2948180083185434
1790637111.6091838,1.4858689974062145
1790637111.6512306,2.312373020686209
1790637111.6576147,2.575817983597517
1790637111.6656625,2.108932996634394
1790637111.6875021,2.1311359596438706
1790637111.7220676,2.144428959582001
1790637111.7369628,2.0227509667165577
1790637111.7385886,1.4567360049113631
1790637111.7409248,1.2347750016488135
1790637111.7442617,1.1611139634624124
1790637111.7651849,1.7418990028090775
1790637111.7710822,1.4285279903560877
1790637111.7923095,1.8704459653235972
1790637111.8194644,2.3460130323655903
1790637111.8391945,2.9658509884029627
1790637111.853482,2.788921003229916
1790637111.8673759,1.7127490136772394
1790637111.8805203,1.7039850354194641
1790637111.893606,1.8643009825609624
1790637111.9098592,1.8458720296621323
1790637111.9184492,2.128015970811248
1790637111.9215562,1.3024890213273466
1790637111.9283924,2.2708179894834757
1790637111.929527,3.9515880052931607
1790637111.9470665,1.7817590269260108
1790637111.9641984,1.8014420056715608
1790637111.9945772,2.7394939679652452
1790637112.0019126,1.5297390054911375
1790637112.0131562,1.5592670533806086
1790637112.021091,3.2781289773993194
1790637112.0216367,4.411290981806815
1790637112.021694,2.9384010122157633
1790637112.0433533,3.085682983510196
1790637112.0443733,2.741555974353105
1790637112.0594387,1.8497440032660961
1790637112.0613391,1.1718309833668172
1790637112.071459,1.5685000107623637
1790637112.072766,1.1539930128492415
1790637112.082253,1.753977034240961
1790637112.0992637,1.6981299850158393
1790637112.105792,1.3835959834977984
1790637112.1207447,1.9339100108481944
1790637112.126809,1.6828890074975789
1790637112.130791,1.403558999300003
1790637112.1420486,1.5174769796431065
1790637112.143469,1.163293025456369
1790637112.1540866,2.1694540046155453
1790637112.176064,1.9356560078449547
1790637112.1799097,1.3753490056842566
1790637112.1814237,1.2009000056423247
1790637112.1898599,2.493501000571996
1790637112.2024724,1.7079869867302477
1790637112.2071757,1.3529749703593552
1790637112.2127385,1.7096740193665028
1790637112.2141507,2.0601869910024107
1790637112.2163599,1.3773039681836963
1790637112.2308185,2.0714440033771098
1790637112.240505,1.5559419989585876
1790637112.2483807,1.5176510205492377
1790637112.2525628,1.5971139655448496
1790637112.2534628,1.8550899694673717
1790637112.2618823,1.46116700489074
1790637112.2659934,1.2708849972113967
1790637112.2689824,1.6077880281955004
1790637112.2703335,1.3423010241240263
1790637112.2809606,1.3602019753307104
1790637112.3068936,3.237247990909964
1790637112.3070188,2.4315030314028263
1790637112.3188667,1.7928910092450678
1790637112.3407214,2.494366024620831
1790637112.3450382,1.3866460067220032
1790637112.3584034,1.8031260115094483
1790637112.3637638,1.98428297881037
1790637112.375878,1.726514019537717
1790637112.3884335,1.987024035770446
1790637112.4032793,2.3367200046777725
1790637112.4119058,3.420001012273133
1790637112.4249752,2.4570219684392214
1790637112.4392037,1.996021019294858
1790637112.444027,1.325376972090453
1790637112.4914787,1.8614300061017275
1790637112.5153177,2.2462510387413204
1790637112.5226045,1.7022659885697067
1790637112.5273108,1.6882820054888725
1790637112.5324478,1.6134469769895077
1790637112.5384276,1.5307650319300592
1790637112.5423713,1.2687959824688733
1790637112.5631125,1.6335520194843411
1790637112.5632005,2.5997500051744282
1790637112.5638173,1.7134810332208872
1790637112.6229353,2.558852022048086
1790637112.6255293,1.8219700432382524
1790637112.6355796,2.409802982583642
1790637112.6445827,1.4461649698205292
1790637112.6480002,2.080138016026467
1790637112.6566901,1.8168420065194368
1790637112.676292,1.996851002331823
1790637112.6839156,1.6058330074883997
1790637112.6963992,2.129306027200073
1790637112.6988666,1.5208869590424001
1790637112.7059598,1.9999019568786025
1790637112.7065036,1.3338450226001441
1790637112.7086797,1.3051209971308708
1790637112.7249565,2.744981029536575
1790637112.736228,1.6632309998385608
1790637112.7446418,1.4726140070706606
1790637112.767427,1.8677599728107452
1790637112.789347,1.9111260189674795
1790637112.7894342,2.7432640199549496
1790637112.7937386,1.190614013466984
1790637112.8476548,13.507218973245472
1790637112.850587,11.975756962783635
1790637112.8507977,22.0919789862819
1790637112.8509626,24.50388896977529
1790637112.8516612,2.8399970033206046
1790637112.853247,7.4471100233495235
1790637112.8533595,3.732989018317312
1790637112.8538835,1.1943490244448185
1790637112.8596623,1.3816950377076864
1790637112.876634,2.4152250261977315
1790637112.8866737,1.9658560049720109
1790637112.906832,6.877774023450911
1790637112.906955,8.829222002532333
1790637112.9246967,10.628944030031562
1790637112.9251704,11.886232008691877
1790637112.9272065,4.5503569999709725
1790637112.936571,2.590132993645966
1790637112.9460356,1.7814880120567977
1790637112.9744344,2.0001540542580187
1790637112.9867487,1.8547099898569286
1790637112.9944167,2.0984919974580407
1790637112.9944801,2.638061996549368
1790637113.0013885,1.9127660198137164
1790637113.008044,1.9437489681877196
1790637113.0295825,5.530238035134971
1790637113.0313509,5.196654004976153
1790637113.0314252,3.6998119903728366
1790637113.03558,3.2967840088531375
1790637113.0365293,2.129057014826685
1790637113.045665,2.3255079868249595
1790637113.052516,1.5317110228352249
1790637113.0625348,1.4904639683663845
1790637113.0739934,1.863298995885998
1790637113.0744646,1.3102570082992315
1790637113.0756912,1.0862110066227615
1790637113.0910556,1.6434320132248104
1790637113.1304812,2.5831119855865836
1790637113.1338768,1.4380660140886903
1790637113.1610994,1.6843199846334755
1790637113.1653507,2.0279730088077486
1790637113.16577,1.5120680327527225
1790637113.1670828,1.1387990089133382
1790637113.1689677,1.4460120000876486
1790637113.1711144,1.1478840024210513
1790637113.1803458,1.5265190158970654
1790637113.1853492,1.2484900071285665
1790637113.212022,2.1643390064127743
1790637113.2336166,2.071922004688531
1790637113.2623138,2.5197340291924775
1790637113.2626305,2.031402022112161
1790637113.2917285,2.646803972311318
1790637113.2921593,2.2335699759423733
1790637113.3008285,1.4741659979335964
1790637113.3103852,1.8106509814970195
1790637113.315237,1.3084050151519477
1790637113.3214703,1.857621013186872
1790637113.3217077,1.6580329975113273
1790637113.3311536,1.455009973142296
1790637113.3327892,1.2127269874326885
1790637113.3560464,1.7966399900615215
1790637113.3722785,1.6628600424155593
1790637113.3759356,1.4506009756587446
1790637113.3954883,1.9481119816191494
1790637113.4171228,2.0609270432032645
1790637113.4371595,2.07832403248176
1790637113.441264,1.8226869869977236
1790637113.441345,2.5454480201005936
1790637113.4631517,1.990708988159895
1790637113.4914105,2.7863719733431935
1790637113.4978545,2.571146993432194
1790637113.4979224,1.864683988969773
1790637113.5257766,2.2115730098448694
1790637113.5423288,2.326029003597796
1790637113.5534172,1.7352770082652569
1790637113.55921,1.359648013021797
1790637113.5627437,1.9623350235633552
1790637113.5823035,2.283878973685205
1790637113.59486,2.633688971400261
1790637113.6305163,3.0083649908192456
1790637113.6320188,3.0024709994904697
1790637113.6338396,2.963131992146373
1790637113.6353679,2.8800679720006883
1790637113.6354654,2.0926249562762678
1790637113.63914,1.9606329733505845
1790637113.6454937,1.5346190193668008
1790637113.660107,1.557689975015819
1790637113.6639838,1.314505992922932
1790637113.675493,2.6108729653060436
1790637113.6755652,2.825759002007544
1790637113.684626,1.5146360383369029
1790637113.6926785,1.3977490016259253
1790637113.715023,3.4837020211853087
1790637113.7152934,4.51466505182907
1790637113.7161555,3.9548620115965605
1790637113.7166636,2.9759969911538064
1790637113.7167222,2.293141034897417
1790637113.7239764,1.8135400023311377
1790637113.7272344,1.258309988770634
1790637113.7295523,1.3479250483214855
1790637113.732601,1.340532035101205
1790637113.7378,1.247070962563157
1790637113.7518294,1.596317975781858
1790637113.7578769,1.5590029652230442
1790637113.7601504,1.3629089808091521
1790637113.7841814,1.6883820062503219
1790637113.7895918,1.3748909696005285
1790637113.7955241,1.4674370177090168
1790637113.7982802,1.4760569902136922
1790637113.8097708,1.908888982143253
1790637113.8222291,1.72950403066352
1790637113.8375835,3.1323159928433597
1790637113.8421688,1.7003880348056555
1790637113.8442214,1.7646700143814087
1790637113.8648348,2.0134749938733876
1790637113.8882225,1.9924059743061662
1790637113.893356,1.605816010851413
1790637113.9004936,1.2827020254917443
1790637113.9030476,1.2487620115280151
1790637113.9137335,1.4768029795959592
1790637113.9316866,1.8926330376416445
1790637113.94307,1.7703580087982118
1790637113.9431868,2.5720259873196483
1790637113.9448376,1.4869909500703216
1790637113.9488018,1.2519159936346114
1790637113.967197,1.9788540084846318
1790637113.9760945,1.4962049899622798
1790637113.9874182,1.7926719738170505
1790637113.9991102,2.744749013800174
1790637113.9991684,2.0958739914931357
1790637114.00407,1.5146619989536703
1790637114.0117128,1.6698050312697887
1790637114.0452793,2.2021729964762926
1790637114.0755143,2.155702968593687
1790637114.096982,2.7249950217083097
1790637114.1341693,3.2151819905266166
1790637114.1349282,2.3891779710538685
1790637114.149869,1.7932849586941302
1790637114.1523137,2.0958849927410483
1790637114.1533926,2.4349669693037868
1790637114.1535318,1.786626991815865
1790637114.1635368,1.5195279847830534
1790637114.1774988,1.6725609893910587
1790637114.1924882,2.0268739899620414
1790637114.2199929,2.5049159885384142
1790637114.2378051,3.45837400527671
1790637114.2391326,3.1661749817430973
1790637114.2392132,2.666840038727969
1790637114.2485313,1.7586870235390961
1790637114.2601879,1.6068699769675732
1790637114.2856035,1.845360966399312
1790637114.3002036,2.2154509788379073
1790637114.3021426,1.3185999705456197
1790637114.3033757,1.1387779959477484
1790637114.320931,1.6660289838910103
1790637114.34129,4.943388979882002
1790637114.342899,3.2530479948036373
1790637114.3475327,2.0495530334301293
1790637114.3688467,1.9430870306678116
1790637114.3770301,1.6239570104517043
1790637114.389855,1.6553400200791657
1790637114.4149177,2.444715006276965
1790637114.4263284,2.177361981011927
1790637114.4404233,2.2774600074626505
1790637114.4433346,1.631232036743313
1790637114.4589775,2.19048501458019
1790637114.4693882,1.8192080315202475
1790637114.4820623,3.4693930065259337
1790637114.485159,1.8590110121294856
1790637114.50696,1.6566800186410546
1790637114.5189385,1.9773290259763598
1790637114.5268846,1.622668991331011
1790637114.54195,2.668492030352354
1790637114.542034,2.1591060212813318
1790637114.573204,3.2271050149574876
1790637114.5741737,1.8306269776076078
1790637114.5749795,1.4867490390315652
1790637114.5805657,1.2678870116360486
1790637114.5822148,1.1305579682812095
1790637114.5845318,1.555780996568501
1790637114.6094713,2.0236619748175144
1790637114.6137543,2.4017099640332162
1790637114.6186678,1.6425480134785175
1790637114.6237276,1.6052309656515718
1790637114.6333315,4.366662004031241
1790637114.6334453,2.0833280286751688
1790637114.6531982,1.6415020218119025
1790637114.6588128,1.9360140431672335
1790637114.6677337,1.699679996818304
1790637114.6699736,1.339778013061732
1790637114.6888251,2.638066012877971
1790637114.702889,5.634841974824667
1790637114.703435,5.040778953116387
1790637114.7039638,3.0536199919879436
1790637114.7207205,4.062674997840077
1790637114.7339778,2.6958720409311354
1790637114.7535508,5.603553028777242
1790637114.7613692,2.43978900834918
1790637114.762596,2.172681037336588
1790637114.7698863,1.9239190150983632
1790637114.8163507,2.34537897631526
1790637114.8590817,3.3461390412412584
1790637114.8744264,2.145434031262994
1790637114.886536,2.2110390127636492
1790637114.8929563,1.9153410103172064
1790637114.9072766,1.8207979737780988
1790637114.907341,2.605345973279327
1790637114.915626,2.6599899865686893
1790637114.9160845,2.0728589734062552
1790637114.917179,1.0857319575734437
1790637114.9332764,1.7386049730703235
1790637114.9460616,2.1800569957122207
1790637114.9486082,1.5026049804873765
1790637114.9549632,1.3820280437357724
1790637114.9601192,1.5597970341332257
1790637114.9630663,1.3269649934954941
1790637114.9732804,1.4911890029907227
1790637114.9785576,1.5069660148583353
1790637114.9879665,1.4632800011895597
1790637114.9965782,1.740543986670673
1790637115.0275726,2.0124269649386406
1790637115.0460947,2.2698499960824847
1790637115.0521557,2.05790699692443
1790637115.0679727,1.880596042610705
1790637115.0777793,1.9735529785975814
1790637115.0802057,1.3560469960793853
1790637115.085397,1.491433009505272
1790637115.088422,1.5314340125769377
1790637115.0904038,1.213167968671769
1790637115.1168609,1.8838740070350468
1790637115.117478,1.5408209874294698
1790637115.1219516,1.4243180048651993
1790637115.128011,1.6871420084498823
1790637115.1455932,1.971027988474816
1790637115.1472187,2.4387759622186422
1790637115.163004,2.175969013478607
1790637115.1712115,1.9590629963204265
1790637115.193613,2.0346090313978493
1790637115.1983242,1.6841989709064364
1790637115.211974,1.861328026279807
1790637115.2208962,2.8828069916926324
1790637115.2209938,2.246515010483563
1790637115.239419,3.0473180231638253
1790637115.257673,3.032134030945599
1790637115.2588685,2.6449720025993884
1790637115.283245,9.054447000380605
1790637115.2833397,5.613028013613075
1790637115.2870996,2.1140510216355324
1790637115.3011153,2.5862689944915473
1790637115.3302073,10.513314977288246
1790637115.33241,3.5420189960859716
1790637115.3325233,9.49609698727727
1790637115.3438492,2.6042679673992097
1790637115.3439274,4.0016460116021335
1790637115.345538,1.4627630007453263
1790637115.3604429,2.4270230205729604
1790637115.3748658,2.090869005769491
1790637115.3760483,2.2239150130189955
1790637115.376311,1.4360499917529523
1790637115.4133778,3.2241299632005394
1790637115.4140365,1.9176760106347501
1790637115.4194927,1.32676400244236
1790637115.4217055,1.355215033981949
1790637115.4294307,2.367270994000137
1790637115.4313512,1.250356959644705
1790637115.466183,3.1229850137606263
1790637115.466272,3.304956015199423
1790637115.4665475,1.3074779999442399
1790637115.4787526,1.8099559820257127
1790637115.4941711,1.674987026490271
1790637115.5061371,1.5838059480302036
1790637115.5122766,1.429263036698103
1790637115.5189528,2.272264042403549
1790637115.522992,2.1901719737797976
1790637115.5238404,1.4181320439092815
1790637115.5262914,1.1236770078539848
1790637115.5375252,1.6278150142170489
1790637115.5423265,1.5005749883130193
1790637115.5437734,1.4383890083990991
1790637115.546181,1.6224870341829956
1790637115.5697217,2.0372309954836965
1790637115.5709891,1.2543160119093955
1790637115.5927098,2.100292011164129
1790637115.5950515,1.686603995040059
1790637115.5956635,1.7690820386633277
1790637115.5982943,1.2182259815745056
1790637115.6014035,1.3056379975751042
1790637115.6036592,1.1230309610255063
1790637115.626372,2.4538339930586517
1790637115.633916,2.546295989304781
1790637115.634059,3.5403789952397346
1790637115.634516,1.4452339964918792
1790637115.653954,2.1453560329973698
1790637115.6558845,1.400786975864321
1790637115.6575959,1.1257659643888474
1790637115.6603928,1.5710410079918802
1790637115.6608706,1.193454023450613
1790637115.666694,1.4359380002133548
1790637115.6704378,1.3379890006035566
1790637115.676488,1.6595060005784035
1790637115.6771996,1.1279740137979388
1790637115.6937597,1.7517340020276606
1790637115.6979792,1.8575559952296317
1790637115.7035077,1.2928759679198265
1790637115.7055137,1.1824379907920957
1790637115.710897,1.1908219894394279
1790637115.7141314,1.6452440177090466
1790637115.7197933,1.4203829923644662
1790637115.758128,3.3625559881329536
1790637115.7582374,4.383693973068148
1790637115.7728012,2.9358890024013817
1790637115.7870433,2.2584249963983893
1790637115.8019712,3.8322320324368775
1790637115.8020601,2.786052005831152
1790637115.8056128,1.3963329838588834
1790637115.8103232,1.5111019602045417
1790637115.811082,1.4494689530692995
1790637115.817795,2.433941001072526
1790637115.8187115,1.590383006259799
1790637115.8339589,1.6067390097305179
1790637115.8493254,1.8841709825210273
1790637115.857758,2.436458016745746
1790637115.8597784,3.756764985155314
1790637115.8649604,2.009054005611688
1790637115.87172,2.123698010109365
1790637115.8719954,2.570974000263959
1790637115.8894777,2.0590359927155077
1790637115.8941443,1.3898249599151313
1790637115.9078689,2.0836509647779167
1790637115.9412274,14.178522978909314
1790637115.9538589,5.2186339744366705
1790637115.960249,5.203136010095477
1790637115.9629955,4.808278987184167
1790637115.9643555,3.540546982549131
1790637115.9735296,2.954207011498511
1790637115.9824467,2.3241680464707315
1790637115.98964,1.9632790354080498
1790637115.998213,2.5486740050837398
1790637115.998978,2.116145973559469
1790637116.0079486,2.323814027477056
1790637116.013217,1.9392939866520464
1790637116.0323253,2.0195050165057182
1790637116.0342093,1.3879010220989585
1790637116.0455353,2.1967340144328773
1790637116.0494125,2.2376409615390003
1790637116.0560822,2.75831000180915
1790637116.0679152,2.137783041689545
1790637116.073594,2.395680989138782
1790637116.0989723,2.536087005864829
1790637116.1016283,2.5147069827653468
1790637116.1216233,2.8990799910388887
1790637116.1394274,2.393403963651508
1790637116.1440513,2.356777957174927
1790637116.146831,2.62419501086697
1790637116.1481237,2.229782985523343
1790637116.1674497,2.8566819964908063
1790637116.1776726,2.2087179822847247
1790637116.19673,2.3295319988392293
1790637116.2221007,2.948222041595727
1790637116.2221828,2.375689975451678
1790637116.2260485,1.4391540316864848
1790637116.2427492,1.7405919497832656
1790637116.245373,1.6804530168883502
1790637116.246805,2.312462020199746
1790637116.2489626,1.3496760511770844
1790637116.2501378,1.1659699957817793
1790637116.2626429,1.7902510007843375
1790637116.2694943,1.5016139950603247
1790637116.2724235,2.534917031880468
1790637116.2730036,1.6852489789016545
1790637116.2730603,2.4097459972836077
1790637116.2843106,1.7169800121337175
1790637116.3060672,1.9558299682103097
1790637116.316909,2.1965709747746587
1790637116.3278599,1.8635420128703117
1790637116.3575892,1.8113799742422998
1790637116.4182258,1.9913189462386072
1790637116.4282458,2.6791210402734578
1790637116.4283004,2.2057779715396464
1790637116.4433546,1.7152130021713674
1790637116.450709,1.8005459569394588
1790637116.4588535,1.6439140308648348
1790637116.468976,3.096467989962548
1790637116.4690757,2.435542002785951
1790637116.4725716,1.6259709955193102
1790637116.5359998,1.8530000234022737
1790637116.5516424,1.652213977649808
1790637116.5594518,2.0147140021435916
1790637116.5638084,1.3971850275993347
1790637116.5840316,1.7271119868382812
1790637116.6095119,1.8883770098909736
1790637116.6403425,1.9292450160719454
1790637116.6422188,1.3756689731962979
1790637116.644591,1.4700540341436863
1790637116.6534014,2.1605200017802417
1790637116.6539843,1.597963972017169
1790637116.676744,1.804711006116122
1790637116.6803243,1.7684600315988064
1790637116.6807685,1.2915820116177201
1790637116.6979532,1.7315290169790387
1790637116.7012637,1.4287569792941213
1790637116.7160826,1.7906809807755053
1790637116.7504468,2.088363980874419
1790637116.7538135,1.807069987989962
1790637116.7653785,1.9402469624765217
1790637116.7673774,1.2448939960449934
1790637116.7761512,1.5306179993785918
1790637116.784214,1.5309270238503814
1790637116.7870033,1.4841859810985625
1790637116.7983239,3.128795011434704
1790637116.7983842,2.222369017545134
1790637116.8022828,1.3071389985270798
1790637116.8059347,1.2648670235648751
1790637116.8245938,2.7495340327732265
1790637116.8246968,2.2182899992913008
1790637116.8307564,1.5645399689674377
1790637116.837565,1.811095979064703
1790637116.8382118,1.5338700031861663
1790637116.841926,1.5182499773800373
1790637116.8440347,1.487665984313935
1790637116.8446226,1.5516130370087922
1790637116.8539202,1.3057939941063523
1790637116.8582342,1.4277020236477256
1790637116.8698394,1.7577869584783912
1790637116.8721652,1.4975570375099778
1790637116.8903441,1.5901739825494587
1790637116.904512,2.1207730169408023
1790637116.9154603,1.604213030077517
1790637116.936694,2.0513359922915697
1790637116.9388819,1.4517029630951583
1790637116.9401429,1.2507750070653856
1790637116.9442422,1.194943964947015
1790637116.9938421,2.3249840014614165
1790637117.0004451,1.5293150208890438
1790637117.0017927,1.2375349760986865
1790637117.009745,1.7297670128755271
1790637117.055805,1.8560949829407036
1790637117.0588057,1.4758330071344972
1790637117.063214,1.40303501393646
1790637117.0819147,2.012451004702598
1790637117.08261,1.8918540445156395
1790637117.0977361,1.726657967083156
1790637117.1037436,1.8848160398192704
1790637117.1166606,2.869919000659138
1790637117.1167436,2.3921470274217427
1790637117.1386032,1.9039619946852326
1790637117.1664903,2.221838978584856
1790637117.1712272,1.772539981175214
1790637117.17573,1.6497740289196372
1790637117.1879094,1.802317041438073
1790637117.2014425,1.6974830068647861
1790637117.2068715,1.3832049444317818
1790637117.2089803,1.3249519979581237
1790637117.2143803,1.2497120187617838
1790637117.2322273,1.801681995857507
1790637117.2413352,2.539823006372899
1790637117.2414026,2.526298980228603
1790637117.2565033,2.2187340073287487
1790637117.2571828,1.636345055885613
1790637117.2875984,2.2362900199368596
1790637117.3124826,1.7799179768189788
1790637117.3177361,1.4603719464503229
1790637117.3214262,1.3054449809715152
1790637117.330618,1.6582870157435536
1790637117.345904,1.7695989808999002
1790637117.3585963,1.7761149792931974
1790637117.3735454,1.6894539585337043
1790637117.3929527,1.7560429987497628
1790637117.4174528,2.087002038024366
1790637117.4334745,1.8863059813156724
1790637117.4429493,2.3558990214951336
1790637117.4432573,2.026543952524662
1790637117.4513953,1.5116710565052927
1790637117.4574802,1.8044720054604113
1790637117.4610713,1.5933809918351471
1790637117.4726832,1.5369710163213313
1790637117.4863575,1.8893430242314935
1790637117.5006015,1.5618220204487443
1790637117.5074816,2.1384339779615402
1790637117.5505657,3.3617080189287663
1790637117.5506854,2.826192998327315
1790637117.5560374,1.6812400426715612
1790637117.559878,1.2905860203318298
1790637117.5758474,1.8499319558031857
1790637117.5802732,1.5539079904556274
1790637117.6088014,1.9493029685691
1790637117.6278775,2.3790490231476724
1790637117.6284175,2.0192539668641984
1790637117.6429431,1.818987017031759
1790637117.652203,1.6065789968706667
1790637117.679963,2.0114490180276334
1790637117.6812468,1.274005975574255
1790637117.6850908,1.6536799957975745
1790637117.730382,3.086159995291382
1790637117.7305133,2.429558022413403
1790637117.7438974,1.7765610245987773
1790637117.7466114,1.5459280111826956
1790637117.7486413,1.3850829564034939
1790637117.7821736,2.2675339714623988
1790637117.783056,1.9910660339519382
1790637117.7862349,1.260249991901219
1790637117.8165288,1.7364179948344827
1790637117.8181455,1.3895989977754653
1790637117.8249476,1.5993769629858434
1790637117.830222,1.5889860223978758
1790637117.838457,1.9492980209179223
1790637117.839929,1.4621930313296616
1790637117.8424468,1.3178089866414666
1790637117.85835,2.0329590188339353
1790637117.873401,3.1363280140794814
1790637117.8735652,2.467917976900935
1790637117.8831275,1.5155580476857722
1790637117.8860176,1.7509969766251743
1790637117.8877094,1.6837439616210759
1790637117.8877625,2.111306006554514
1790637117.9001737,2.9920900124125183
1790637117.9009163,2.097368997056037
1790637117.9010026,2.9677050188183784
1790637117.9074376,1.3435030123218894
1790637117.91451,1.5246139955706894
1790637117.9391892,2.0079180249013007
1790637117.9453983,1.793986011762172
1790637117.9601452,2.364703977946192
1790637117.97921,2.0011200103908777
1790637118.0053089,1.9701040000654757
1790637118.0061917,1.7494239727966487
1790637118.025498,1.856199000030756
1790637118.0307992,1.5743750263936818
1790637118.0327902,1.2173170107416809
1790637118.0518682,1.9201190443709493
1790637118.0828345,1.7856340273283422
1790637118.1000881,2.2366680204868317
1790637118.1126254,1.9471609848551452
1790637118.1165705,1.7368269618600607
1790637118.1194391,1.5333869960159063
1790637118.1269727,1.7993730143643916
1790637118.134495,1.4961310080252588
1790637118.1439373,1.6455479781143367
1790637118.1493247,1.4909690362401307
1790637118.1513245,1.1558100231923163
1790637118.1610065,1.6748830094002187
1790637118.1756823,1.7547199968248606
1790637118.1972067,2.1595089929178357
1790637118.1993127,1.5069880173541605
1790637118.2160957,2.1199529874138534
1790637118.232589,2.1340749808587134
1790637118.2365263,1.7720189644023776
1790637118.244049,1.741484971717
1790637118.2679844,1.918675028719008
1790637118.3006,2.2716629900969565
1790637118.3098314,2.0476740319281816
1790637118.323437,1.5540099702775478
1790637118.3360648,1.6726810135878623
1790637118.3402786,1.6956959734670818
1790637118.3466809,1.3376589631661773
1790637118.3541791,1.8500069854781032
1790637118.3598442,1.5062449965626001
1790637118.3642628,1.7395699978806078
1790637118.3705235,1.9258219981566072
1790637118.385995,1.7465919954702258
1790637118.4064913,2.0251970272511244
1790637118.409067,1.4238060102798045
1790637118.4113975,1.1979109840467572
1790637118.4173517,1.5794850187376142
1790637118.4275336,1.8278919742442667
1790637118.4280937,2.898967999499291
1790637118.437948,1.5458359848707914
1790637118.439643,1.3501549838110805
1790637118.443742,1.6679289983585477
1790637118.4565525,1.8131930264644325
1790637118.4596643,1.7046909779310226
1790637118.4601717,1.4158329577185214
1790637118.462804,1.9023450440727174
1790637118.4630866,1.728102972265333
1790637118.4650033,1.15642900345847
1790637118.4757729,1.5127709484659135
1790637118.4784067,1.473157957661897
1790637118.4928775,1.818082993850112
1790637118.4935982,1.6082340152934194
1790637118.4995594,1.3642339617945254
1790637118.507517,1.5083180041983724
1790637118.5235682,1.8175329896621406
1790637118.5302057,1.49046303704381
1790637118.548311,4.080070008058101
1790637118.5486007,3.8751300307922065
1790637118.5488665,5.24929299717769
1790637118.5498102,2.5999939534813166
1790637118.5605152,1.6121729859150946
1790637118.5756166,1.7525239964015782
1790637118.5775049,1.2680439976975322
1790637118.6021323,3.1850890372879803
1790637118.6022162,3.467089030891657
1790637118.617241,1.9915730226784945
1790637118.6196573,1.7077160300686955
1790637118.6201594,1.472224947065115
1790637118.625109,1.6797350253909826
1790637118.628619,1.5281930100172758
1790637118.6322696,1.3453479623422027
1790637118.6494033,2.0293599809519947
1790637118.6575654,1.7881750245578587
1790637118.659785,1.319961971603334
1790637118.6703558,1.9548250129446387
1790637118.684465,1.555139955598861
1790637118.6940722,1.851854962296784
1790637118.7021327,2.265289018396288
1790637118.7025092,3.550497000105679
1790637118.702576,3.1197229982353747
1790637118.721198,1.7037829966284335
1790637118.766568,2.206336008384824
1790637118.7666564,2.9551020124927163
1790637118.7727375,1.7246869974769652
1790637118.77284,2.3105739965103567
1790637118.7813401,1.5785249997861683
1790637118.7848623,2.0186890033073723
1790637118.7849276,2.5577060296200216
1790637118.831585,2.350797993130982
1790637118.855093,2.20446998719126
1790637118.8734684,2.6205539470538497
1790637118.8743818,1.86897098319605
1790637118.8877168,1.894304994493723
1790637118.907093,1.7078930395655334
1790637118.9256911,1.8475099932402372
1790637118.9549742,1.9797379500232637
1790637118.9600973,1.4970580232329667
1790637118.973685,1.7593910451978445
1790637118.9839096,1.8220559577457607
1790637119.010969,2.134823997039348
1790637119.0191948,3.1709029572084546
1790637119.0192735,2.587790018878877
1790637119.0251458,1.4691089745610952
1790637119.0344915,1.8158580060116947
1790637119.0384486,1.6149969887919724
1790637119.0564444,1.697516010608524
1790637119.0662036,2.1213649888522923
1790637119.0714962,1.4533390058204532
1790637119.075775,3.0119590228423476
1790637119.0758734,2.6426439872011542
1790637119.0766165,1.5604669461026788
1790637119.0987654,1.9003089983016253
1790637119.1007187,1.3699429691769183
1790637119.1126778,1.9231770420446992
1790637119.1195793,1.8036109977401793
1790637119.1354377,2.3004139657132328
1790637119.1359968,1.4956020168028772
1790637119.1402836,1.474772987421602
1790637119.152901,1.5099250013008714
1790637119.1716475,1.9205620046705008
1790637119.186803,2.0166320027783513
1790637119.1933377,1.5110090025700629
1790637119.198589,1.5689940191805363
1790637119.2050784,1.828814041800797
1790637119.231991,2.151749038603157
1790637119.233439,1.330425962805748
1790637119.247209,2.0261650206521153
1790637119.2594633,2.563533023931086
1790637119.2668467,1.9839100423268974
1790637119.295037,1.8104960327036679
1790637119.309021,1.9166840356774628
1790637119.310936,1.320337993092835
1790637119.3258917,1.6871070256456733
1790637119.3419864,1.8486659973859787
1790637119.3459325,1.4083250425755978
1790637119.4134023,2.1440209820866585
1790637119.4163082,1.477165031246841
1790637119.4450998,1.698965032119304
1790637119.4482868,1.6092290170490742
1790637119.4519744,1.7257779836654663
1790637119.4522684,1.508215966168791
1790637119.455432,2.4250210262835026
1790637119.4555373,2.0851899753324687
1790637119.4837217,1.737262005917728
1790637119.4853675,1.338810019660741
1790637119.5159512,2.215504995547235
1790637119.534838,1.9343090243637562
1790637119.552439,1.7550279735587537
1790637119.5606716,2.0195029792375863
1790637119.5663786,1.702781009953469
1790637119.592247,2.056778990663588
1790637119.596138,1.7536479863338172
1790637119.5999298,1.3550340081565082
1790637119.6293607,1.888489001430571
1790637119.6444292,1.92057597450912
1790637119.6538036,1.718984975013882
1790637119.6749387,1.8910569488070905
1790637119.6815796,1.4681870234198868
1790637119.6870036,1.645601005293429
1790637119.687571,1.5292840544134378
1790637119.6914163,1.8079329747706652
1790637119.692725,1.2971509713679552
1790637119.7283123,2.124735969118774
1790637119.7754443,2.5565229589119554
1790637119.794807,1.6365270130336285
1790637119.8001082,1.2946490314789116
1790637119.8268385,1.7095949733629823
1790637119.8326647,1.4228779473342001
1790637119.8439693,1.8484370084479451
1790637119.8463902,1.4444999978877604
1790637119.8487465,1.536502968519926
1790637119.8693707,1.8505339976400137
1790637119.8775392,1.4164579915814102
1790637119.8826203,2.048144000582397
1790637119.8839073,1.776012999471277
1790637119.8871105,1.3574660406447947
1790637119.9125063,1.7471369937993586
1790637119.91504,1.5462090377695858
1790637119.9205656,1.3453469728119671
1790637119.9779947,2.3526569711975753
1790637119.9810922,1.909631013404578
1790637119.9823034,2.1216889726929367
1790637119.9924812,2.068393980152905
1790637119.9939597,1.4661980094388127
1790637120.039192,1.8797240336425602
1790637120.081979,1.8660560017451644
1790637120.083456,1.5731059829704463
1790637120.086045,1.2116149882785976
1790637120.1080062,2.0301020122133195
1790637120.111823,1.6573140164837241
1790637120.1123688,3.0198150197975338
1790637120.1266274,2.2273299982771277
1790637120.1582093,2.128283027559519
1790637120.162715,1.5850909985601902
1790637120.1687415,1.523006008937955
1790637120.1740093,1.3138320064172149
1790637120.220853,2.2604010300710797
1790637120.2215986,1.6976750339381397
1790637120.2305996,1.5004700399003923
1790637120.236544,1.4464639825746417
1790637120.2448156,2.1736379712820053
1790637120.2747457,1.875669986475259
1790637120.2770598,1.540392986498773
1790637120.2804787,1.35983299696818
1790637120.3006568,1.6374250408262014
1790637120.3037202,1.8885420286096632
1790637120.3227925,1.7154649831354618
1790637120.328535,1.9420380122028291
1790637120.3290312,1.3319230056367815
1790637120.35177,2.297662023920566
1790637120.351844,2.9064150294288993
1790637120.3625162,1.4239400043152273
1790637120.3711555,2.15898803435266
1790637120.3875577,1.9622559775598347
1790637120.3998225,1.6206769505515695
1790637120.4012365,1.323710021097213
1790637120.4295685,1.9341649604029953
1790637120.4325137,1.3009080430492759
1790637120.4398377,1.6813109978102148
1790637120.4457963,1.792255963664502
1790637120.4466972,1.2835899833589792
1790637120.4549375,1.7868609866127372
1790637120.4711776,1.843934995122254
1790637120.474663,1.3285729801282287
1790637120.500572,1.8593400018289685
1790637120.523978,1.6694089863449335
1790637120.5268626,1.3977089547552168
1790637120.5292597,1.5478460118174553
1790637120.5562067,1.7457199865020812
1790637120.5690823,2.043583954218775
1790637120.5705953,1.2723040417768061
1790637120.5831609,1.950728998053819
1790637120.584153,1.7819760250858963
1790637120.6007764,2.006026974413544
1790637120.6123972,2.096131967846304
1790637120.618595,1.7374419840052724
1790637120.619449,1.6466069500893354
1790637120.624779,1.3234280049800873
1790637120.6278706,1.4577849651686847
1790637120.6537087,1.8456950201652944
1790637120.6724615,1.7926059663295746
1790637120.678203,1.5548189985565841
1790637120.686702,1.9859439926221967
1790637120.687163,1.5772409969940782
1790637120.69276,2.4774229968898
1790637120.6928327,2.0285589853301644
1790637120.706355,1.7675790004432201
1790637120.711342,2.3837629705667496
1790637120.7114313,3.0461219721473753
1790637120.7257342,1.5999770257622004
1790637120.7377307,1.5080610173754394
1790637120.7469513,1.9050209666602314
1790637120.749811,1.4448370202444494
1790637120.755775,1.3214389909990132
1790637120.7639728,1.4559730188921094
1790637120.769916,1.3389490195550025
1790637120.773317,1.7650009831413627
1790637120.7770996,1.4710460091009736
1790637120.7981398,1.6805289778858423
1790637120.804859,1.9647229928523302
1790637120.8127925,1.5895409742370248
1790637120.8196173,1.6087110270746052
1790637120.834273,1.5978739829733968
1790637120.8425703,1.7157510155811906
1790637120.844919,1.3082210207358003
1790637120.856563,1.9773099920712411
1790637120.8579445,1.360440975986421
1790637120.8629532,1.6525370301678777
1790637120.8887992,2.101559948641807
1790637120.895073,1.5171950217336416
1790637120.9108007,1.6171259921975434
1790637120.9189334,1.8433089717291296
1790637120.9311008,1.6007760423235595
1790637120.9391077,1.5139260212890804
1790637120.949707,2.0445800037123263
1790637120.9513636,1.6462960047647357
1790637120.9839227,2.2322399890981615
1790637120.990612,1.559627999085933
1790637120.9926786,1.2533519766293466
1790637120.9990215,1.530029985588044
1790637121.0140822,1.824823033530265
1790637121.021738,1.773289986886084
1790637121.0300658,2.063449996057898
1790637121.0530643,3.7752609932795167
1790637121.0532217,4.611640993971378
1790637121.0542939,3.122203052043915
1790637121.0625243,2.0191710209473968
1790637121.082497,1.9582629902288318
1790637121.1157792,1.8547170329838991
1790637121.133051,2.004077017772943
1790637121.1383536,1.700822962448001
1790637121.1543796,3.685917006805539
1790637121.1547139,3.4010509843938053
1790637121.1548395,2.7523639728315175
1790637121.1684556,2.3207489866763353
1790637121.1767328,2.9040860245004296
1790637121.177727,2.2265190491452813
1790637121.1818757,2.554894017521292
1790637121.1832325,2.3865230032242835
1790637121.189997,2.4871870409697294
1790637121.1987896,2.2513719741255045
1790637121.2043855,2.10602703737095
1790637121.2212963,3.450190997682512
1790637121.221396,3.793132957071066
1790637121.2373786,2.2049699909985065
1790637121.255053,2.2181320236995816
1790637121.2558558,1.6725630266591907
1790637121.26413,1.653985003940761
1790637121.280092,1.7489760066382587
1790637121.3040557,1.7908659647218883
1790637121.306416,1.534737995825708
1790637121.3222528,1.835200993809849
1790637121.3271613,2.4317799834534526
1790637121.3272333,1.9980639917775989
1790637121.329526,1.3747490011155605
1790637121.3340542,1.4536939561367035
1790637121.335948,1.187632034998387
1790637121.344456,2.3239689762704074
1790637121.3445363,3.036387963220477
1790637121.3531172,1.4712890260852873
1790637121.3719332,2.515263040550053
1790637121.3749497,1.6726640169508755
1790637121.387824,2.386301988735795
1790637121.3965993,1.7791739664971828
1790637121.3984928,1.7828780109994113
1790637121.3999207,1.5421760035678744
1790637121.4204736,1.954014995135367
1790637121.4258578,1.6453770222142339
1790637121.4268153,1.766975037753582
1790637121.4469209,1.715555030386895
1790637121.516541,2.804418036248535
1790637121.517121,3.4887210349552333
1790637121.5195158,1.5057600103318691
1790637121.5273783,1.6037800232879817
1790637121.5309167,1.6527179977856576
1790637121.5347033,1.6590450541116297
1790637121.53882,1.7199790454469621
1790637121.547701,1.5325419954024255
1790637121.564067,2.2034000139683485
1790637121.5646815,1.6767500201240182
1790637121.587595,1.8811579793691635
1790637121.5970094,2.666996035259217
1790637121.5971057,2.1415759692899883
1790637121.604776,1.8694860045798123
1790637121.6124063,1.5438959817402065
1790637121.6234534,2.1056069526821375
1790637121.623991,1.452831958886236
1790637121.6332307,1.7277160077355802
1790637121.6352205,1.5926109626889229
1790637121.6505911,1.773035037331283
1790637121.653201,1.4695299905724823
1790637121.679329,2.077530021779239
1790637121.6943443,1.979360997211188
1790637121.7129772,1.802629034500569
1790637121.7194355,1.3711829669773579
1790637121.7210083,1.3298899866640568
1790637121.7461236,1.861919998191297
1790637121.7647138,1.8596629961393774
1790637121.7710676,1.846336992457509
1790637121.7740374,1.5195590094663203
1790637121.7858984,3.2943880069069564
1790637121.786033,2.9302010079845786
1790637121.7869368,2.366740023717284
1790637121.808085,2.0000640070065856
1790637121.8174877,1.5733199543319643
1790637121.830133,1.7880600062198937
1790637121.8317778,1.3637020019814372
1790637121.8464143,1.9251559861004353
1790637121.8593676,2.0854820031672716
1790637121.862185,2.9308319790288806
1790637121.8623016,2.3144110455177724
1790637121.8691897,1.452392025385052
1790637121.8739138,2.037515980191529
1790637121.8741605,1.6129710129462183
1790637121.879629,1.3382439501583576
1790637121.9168587,2.186926023568958
1790637121.924999,2.2303179721347988
1790637121.9255145,2.175910980440676
1790637121.9454002,1.8250530119985342
1790637121.9564419,1.9041179912164807
1790637121.96172,1.423065026756376
1790637121.965239,1.3451679842546582
1790637121.9987502,1.9608099828474224
1790637122.003591,1.9636019715107977
1790637122.0048473,1.234706025570631
1790637122.0196526,1.7982950084842741
1790637122.0607886,2.567511983215809
1790637122.06141,2.540257992222905
1790637122.0895529,2.182239026296884
1790637122.1104555,3.053958003874868
1790637122.1105773,3.2690350199118257
1790637122.1223452,1.816141011659056
1790637122.1607323,1.9526309915818274
1790637122.1651947,1.3447669916786253
1790637122.1677184,1.1694399872794747
1790637122.1726193,1.2595169828273356
1790637122.1770122,1.445109024643898
1790637122.1830976,1.5589900431223214
1790637122.1871345,1.5882120351307094
1790637122.2037265,1.6788449720479548
1790637122.216742,1.793281000573188
1790637122.2202768,1.3755319523625076
1790637122.2267103,2.065050008241087
1790637122.2267816,2.820140973199159
1790637122.2314785,1.3514229794964194
1790637122.2477891,1.8180780461989343
1790637122.260345,1.7963889986276627
1790637122.2827466,2.147879044059664
1790637122.2918193,1.9605669658631086
1790637122.3038065,1.9668920431286097
1790637122.317639,1.6682500136084855
1790637122.3270006,2.017117978539318
1790637122.3385925,2.550559991504997
1790637122.352286,2.4615669972263277
1790637122.3578498,2.6948500308208168
1790637122.3612192,1.883807999547571
1790637122.385696,1.76413101144135
1790637122.3918724,1.8478839774616063
1790637122.4101155,2.4158949963748455
1790637122.4110763,1.8055189866572618
1790637122.4195676,1.477428013458848
1790637122.4272625,1.8857509712688625
1790637122.46262,1.6917139873839915
1790637122.4971046,1.9575670012272894
1790637122.5000901,1.4183970051817596
1790637122.5231142,1.7340020276606083
1790637122.5347953,1.7813409795053303
1790637122.5636473,3.5046099801547825
1790637122.5643795,3.5641799913719296
1790637122.5645306,2.4201120249927044
1790637122.5652905,1.6329669742844999
1790637122.5672061,1.2674600002355874
1790637122.577405,1.6484949737787247
1790637122.5816786,1.3813510304316878
1790637122.5856688,1.5700520016252995
1790637122.5971026,1.6101269866339862
1790637122.6087205,1.8355199717916548
1790637122.6556573,2.3786869714967906
1790637122.6557233,3.8106029969640076
1790637122.6557887,3.1622249516658485
1790637122.6596937,1.370707992464304
1790637122.6619327,1.228203997015953
1790637122.6711965,1.542406971566379
1790637122.671703,1.3235019869171083
1790637122.6846771,2.034142962656915
1790637122.6868558,1.7085759900510311
1790637122.689713,1.2998790480196476
1790637122.6978009,1.5689429710619152
1790637122.7121603,1.7446039710193872
1790637122.7185473,2.074035000987351
1790637122.7191172,3.280955017544329
1790637122.7297199,2.113419002853334
1790637122.7337172,1.331880979705602
1790637122.7565095,2.067955967504531
1790637122.7664986,1.9697959651239216
1790637122.7732816,1.9358010031282902
1790637122.7898824,1.67291599791497
1790637122.7971227,1.7254819977097213
1790637122.8104925,1.5134270070120692
1790637122.81445,1.384164032060653
1790637122.829028,4.146243038121611
1790637122.8296957,3.2568660099059343
1790637122.8297818,4.3607320403680205
1790637122.8396704,1.7109609907492995
1790637122.8438354,1.3724549789912999
1790637122.8501434,1.3798529980704188
1790637122.855371,1.2644209782592952
1790637122.8620565,1.6902469797059894
1790637122.8679411,1.3702319702133536
1790637122.8723314,1.3780120061710477
1790637122.8941965,1.758530968800187
1790637122.8961256,1.804452040232718
1790637122.896534,1.4335529995150864
1790637122.909979,1.5860290150158107
1790637122.9147942,1.279049029108137
1790637122.959236,1.748919952660799
1790637122.9787166,3.2995649962686002
1790637122.984875,2.719275013078004
1790637122.9957752,2.7649839757941663
1790637123.0042326,1.8982160254381597
1790637123.0210214,2.0349250407889485
1790637123.0531158,2.2078409674577415
1790637123.056821,1.3812659890390933
1790637123.0875208,2.496893983334303
1790637123.104522,1.9063209765590727
1790637123.1092815,2.2265209699980915
1790637123.1101732,2.463734010234475
1790637123.110246,1.8783790292218328
1790637123.1252122,1.772975956555456
1790637123.1413496,1.5894619864411652
1790637123.1481721,1.9152319873683155
1790637123.1594377,1.7291170079261065
1790637123.163824,1.373100036289543
1790637123.196987,1.732529024593532
1790637123.2170365,1.735622005071491
1790637123.2212095,1.445854955818504
1790637123.2341053,2.4150050012394786
1790637123.2342117,2.9893220053054392
1790637123.2404728,1.397281012032181
1790637123.2537732,1.9398729782551527
1790637123.2647293,1.8429560004733503
1790637123.3034194,1.924133044667542
1790637123.3209872,1.6164410044439137
1790637123.331442,2.2676800144836307
1790637123.3326077,1.921661023516208
1790637123.3562732,1.6817610012367368
1790637123.3607428,1.9271079800091684
1790637123.362723,1.3251200434751809
1790637123.4041984,1.8488189671188593
1790637123.41101,1.5742649557068944
1790637123.4351325,2.0210290094837546
1790637123.4519334,1.8715829937718809
1790637123.4713368,2.6575560332275927
1790637123.471451,3.5332029801793396
1790637123.4786687,3.8053829921409488
1790637123.4797235,2.122547011822462
1790637123.4797745,3.3551460364833474
1790637123.4862707,1.6396369901485741
1790637123.5009675,1.890912011731416
1790637123.5169766,2.241023990791291
1790637123.5222225,1.563737983815372
1790637123.5423944,1.7246180213987827
1790637123.5519779,1.4931070036254823
1790637123.554441,1.381171983666718
1790637123.5560308,1.5804340364411473
1790637123.5568345,1.1847499990835786
1790637123.5740786,1.6705080051906407
1790637123.5770516,1.3619459932669997
1790637123.5813603,1.9491729908622801
1790637123.5818756,1.5348789747804403
1790637123.5976017,2.459803014062345
1790637123.6057823,1.5805609873495996
1790637123.6241865,2.0368119585327804
1790637123.6341364,1.7071629990823567
1790637123.6449807,1.6510020359419286
1790637123.659831,1.7336279852315784
1790637123.6742928,3.0278459889814258
1790637123.674803,2.2855959832668304
1790637123.6748703,2.9079950181767344
1790637123.6825662,1.6147699789144099
1790637123.6904252,1.8860450363717973
1790637123.699909,1.7056360375136137
1790637123.7014647,1.2799309915862978
1790637123.7146754,1.72628799919039
1790637123.746791,2.0795019809156656
1790637123.7582161,2.141961012966931
1790637123.759791,1.5612320275977254
1790637123.7639022,2.159693045541644
1790637123.7841878,1.796978001948446
1790637123.7862785,1.6174340271390975
1790637123.8001962,1.9278879626654088
1790637123.8017766,1.4293169951997697
1790637123.8206449,1.9480710034258664
1790637123.8211124,1.3727389741688967
1790637123.8249981,1.2941559543833137
1790637123.8324175,1.5190319973044097
1790637123.8932147,3.174593031872064
1790637123.9112399,1.925215998198837
1790637123.9157395,1.6466800007037818
1790637123.9178095,1.2244799872860312
1790637123.9304023,1.6333130188286304
1790637123.9379616,1.3759979628957808
1790637123.9418242,1.58822099911049
1790637123.9830925,2.328420989215374
1790637123.984555,1.8779899692162871
1790637123.9856465,1.9970430294051766
1790637123.9871683,1.1804200476035476
1790637123.992729,3.1738399993628263
1790637123.9932268,3.1359600252471864
1790637123.9933417,2.509420970454812
1790637124.0198028,1.8774979980662465
1790637124.0280573,1.8102630274370313
1790637124.0570068,2.03134398907423
1790637124.0571074,2.845960028935224
1790637124.0618474,1.282832003198564
1790637124.0707839,2.1054099779576063
1790637124.083113,1.6343800234608352
1790637124.0860276,1.347620040178299
1790637124.0946896,1.5919320285320282
1790637124.1002183,3.63188300980255
1790637124.1009555,4.448693012818694
1790637124.1010427,2.933544048573822
1790637124.1178823,2.0689499797299504
1790637124.1236897,1.5965320053510368
1790637124.1324291,1.582674973178655
1790637124.1396127,1.7014549812301993
1790637124.149596,1.9520330242812634
1790637124.1597667,1.6900489572435617
1790637124.1663563,1.4788740081712604
1790637124.1719291,1.502345025073737
1790637124.189235,2.116266987286508
1790637124.190189,1.9638790399767458
1790637124.1921816,1.4312429702840745
1790637124.1926055,1.2023579911328852
1790637124.2026598,1.6551329754292965
1790637124.234742,2.7192080160602927
1790637124.261836,2.8460350004024804
1790637124.2684388,2.6891810121014714
1790637124.2690527,1.9954900490120053
1790637124.291109,2.4103440227918327
1790637124.3060372,3.582575998734683
1790637124.306134,2.77856201864779
1790637124.3123312,1.4370969729498029
1790637124.3204188,1.464395027142018
1790637124.324546,2.1093880059197545
1790637124.3246543,1.6982509987428784
1790637124.3384447,1.7896899953484535
1790637124.3446634,1.4189759967848659
1790637124.3483768,1.471374009270221
1790637124.360126,1.9431700347922742
1790637124.3632088,1.666972995735705
1790637124.3677576,1.549574953969568
1790637124.374069,1.3399710296653211
1790637124.3846042,1.4688849914819002
1790637124.4017704,1.5830129850655794
1790637124.4037144,1.4238799922168255
1790637124.423552,1.7162860021926463
1790637124.4400094,2.3154040100052953
1790637124.447485,1.6384960035793483
1790637124.467731,1.820895995479077
1790637124.475398,4.221288021653891
1790637124.481001,1.5685380203649402
1790637124.4917173,2.0556070376187563
1790637124.4944189,1.3845610083080828
1790637124.4997954,1.3842519838362932
1790637124.515517,1.7635870026424527
1790637124.5417309,2.4554989649914205
1790637124.5493977,1.6780219739302993
1790637124.564276,1.6283980221487582
1790637124.5687232,1.3388810330070555
1790637124.5995471,2.2235549986362457
1790637124.6150272,1.7904769629240036
1790637124.6204906,1.5308239962905645
1790637124.6484787,1.8601819756440818
1790637124.652172,1.4075039653107524
1790637124.6605918,1.6962210065685213
1790637124.674792,1.5903410385362804
1790637124.6764452,1.2967090005986392
1790637124.6824098,1.8581890035420656
1790637124.686731,2.0219250000081956
1790637124.7069438,2.0159159903414547
1790637124.7175665,2.3009919677861035
1790637124.7193663,2.3884960100986063
1790637124.7198765,1.3725999742746353
1790637124.7215462,1.1157720000483096
1790637124.7240703,1.4827309641987085
1790637124.7289915,1.4368160045705736
1790637124.7378736,1.9916860037483275
1790637124.739725,2.0146899623796344
1790637124.739803,3.0344470287673175
1790637124.76269,1.689931028522551
1790637124.769309,1.8182920175604522
1790637124.77237,1.4780680066905916
1790637124.7792878,1.8350810278207064
1790637124.7798083,1.2168579851277173
1790637124.8051403,1.9162929966114461
1790637124.8073242,1.2523219920694828
1790637124.811141,1.1824240209534764
1790637124.869527,2.0924030104652047
1790637124.8743374,1.5784769784659147
1790637124.882289,1.417222956661135
1790637124.8846514,1.5064930194057524
1790637124.8903787,1.363985997159034
1790637124.903333,2.188089012634009
1790637124.903396,2.945199958048761
1790637124.911254,2.0466980058699846
1790637124.9190283,1.6188109875656664
1790637124.922283,1.3717429828830063
1790637124.9304361,1.5059320139698684
1790637124.9391024,2.3942000116221607
1790637124.9396656,2.0393109880387783
1790637124.9455168,1.8212099676020443
1790637124.9562628,1.8604190554469824
1790637124.9575334,1.2486919877119362
1790637124.962534,1.1975649977102876
1790637124.9675493,1.1957529932260513
1790637124.9733229,1.7327379900962114
1790637124.973917,1.4412759919650853
1790637124.9828346,5.138906999491155
1790637125.0440173,64.74839395377785
1790637125.0686605,78.63826199900359
1790637125.069298,87.60218700626865
1790637125.0795572,99.18976697372273
1790637125.0899916,106.68812994845212
1790637125.1009192,71.32143998751417
1790637125.1063352,71.07629696838558
1790637125.1134984,70.29984501423314
1790637125.1154077,35.354477004148066
1790637125.1155276,39.98162504285574
1790637125.1164744,53.137447976041585
1790637125.1168206,21.796256012748927
1790637125.1169739,15.815747960004956
1790637125.1170328,15.03748499089852
1790637125.1170857,17.329466005321592
1790637125.1215405,1.4785280218347907
1790637125.1236157,1.5362930134870112
1790637125.153559,1.9841610337607563
1790637125.154566,1.9979639910161495
1790637125.1853461,3.353830019477755
1790637125.1860309,2.413009002339095
1790637125.1952677,1.6249709879048169
1790637125.2100275,1.7794399755075574
1790637125.2194755,2.089953050017357
1790637125.2311552,1.6202609986066818
1790637125.273731,29.304919997230172
1790637125.27382,23.23520602658391
1790637125.2839615,45.81941501237452
1790637125.2852383,19.554425962269306
1790637125.2854466,28.320323035586625
1790637125.2857068,18.928049015812576
1790637125.2875092,1.277789007872343
1790637125.3027003,1.6672620549798012
1790637125.306101,1.3540550135076046
1790637125.3072557,1.1465010466054082
1790637125.3130999,1.2551990221254528
1790637125.335854,1.6971759614534676
1790637125.3821027,23.971431015525013
1790637125.3825746,6.739531003404409
1790637125.3826492,12.060059001669288
1790637125.3833869,4.5164640177972615
1790637125.3850741,4.946417000610381
1790637125.3852057,6.822661031037569
1790637125.3859863,1.987805007956922
1790637125.410552,18.03450402803719
1790637125.411899,24.91458400618285
1790637125.4121876,11.966736987233162
1790637125.412266,11.020414007361978
1790637125.439477,2.6360449846833944
1790637125.4400585,1.8363100243732333
1790637125.4466481,1.6030300175771117
1790637125.4617746,1.7156800022348762
1790637125.4634602,1.6755849937908351
1790637125.4637094,1.467787951696664
1790637125.4943664,11.779281019698828
1790637125.4949167,9.376841015182436
1790637125.4950614,24.37545103020966
1790637125.4953005,2.640750026330352
1790637125.4982839,1.2620289926417172
1790637125.5080068,1.5267949784174562
1790637125.508826,1.5169900143519044
1790637125.5149212,1.6800739686004817
1790637125.5215557,1.3492339639924467
1790637125.522861,1.1995029635727406
1790637125.532773,1.7291579861193895
1790637125.5395932,1.3157610082998872
1790637125.5441613,3.3128969953395426
1790637125.5442255,2.2441839682869613
1790637125.5620658,3.1307489844039083
1790637125.5828428,3.020611999090761
1790637125.5834868,5.3562140092253685
1790637125.5843806,1.754124998115003
1790637125.5988529,2.034121018368751
1790637125.6002202,1.3552369782701135
1790637125.6164017,2.260725013911724
1790637125.6164691,2.991907997056842
1790637125.643016,1.8262179801240563
1790637125.6479867,1.6358069842681289
1790637125.679478,10.525132005568594
1790637125.679588,13.77032499294728
1790637125.6796627,2.8442330076359212
1790637125.679717,24.72285000840202
1790637125.7142835,11.604922998230904
1790637125.714473,4.729144973680377
1790637125.714581,26.586591033264995
1790637125.7150397,2.5308780022896826
1790637125.727506,3.1407710048370063
1790637125.7287052,1.782623992767185
1790637125.7328362,1.5592689742334187
1790637125.7405457,1.612093998119235
1790637125.7662282,2.8494810103438795
1790637125.77223,1.6488800174556673
1790637125.7884524,2.4657550384290516
1790637125.7950628,2.547833020798862
1790637125.7968814,1.801015983801335
1790637125.8091645,1.8738250364549458
1790637125.8154242,1.6734179807826877
1790637125.8233986,1.7329200054518878
1790637125.8570926,9.477396961301565
1790637125.8571763,23.490090970881283
1790637125.8647442,1.5699520008638501
1790637125.870942,1.4221289893612266
1790637125.8732836,1.49443099508062
1790637125.8797631,1.8054309766739607
1790637125.9130106,4.5914939837530255
1790637125.9139278,4.50053799431771
1790637125.9142225,3.5439489874988794
1790637125.9157035,2.682012040168047
1790637125.9166706,2.250840945634991
1790637125.9199784,1.55122100841254
1790637125.950798,14.08503099810332
1790637125.9508955,24.81842099223286
1790637125.9533546,1.3318099663592875
1790637125.9883804,8.223032986279577
1790637125.9884531,22.99375500297174
1790637125.9977622,1.4291979605332017
1790637126.0146923,1.7169289640150964
1790637126.0395625,17.86303799599409
1790637126.0396574,9.854239004198462
1790637126.039717,23.968558001797646
1790637126.0546973,1.6374789993278682
1790637126.092446,6.186489015817642
1790637126.0957975,3.302800003439188
1790637126.1050727,6.804452044889331
1790637126.1052403,5.737614003010094
1790637126.107162,4.20505297370255
1790637126.1150355,2.6175740058533847
1790637126.1168337,1.781475031748414
1790637126.1176994,1.862358010839671
1790637126.1184323,1.4471689937636256
1790637126.133733,2.0755139994435012
1790637126.1518874,1.9521029898896813
1790637126.190408,2.1482070442289114
1790637126.2272303,2.410643035545945
1790637126.2496378,2.437072980683297
1790637126.2571929,2.110872999764979
1790637126.3002398,31.066602969076484
1790637126.300347,23.641532054170966
1790637126.3004153,24.49753903783858
1790637126.3004692,16.77697303239256
1790637126.3045068,1.5647739637643099
1790637126.321985,1.518484961707145
1790637126.3466063,22.37308002077043
1790637126.347207,23.3873879769817
1790637126.3472996,2.8492200071923435
1790637126.360688,1.6354200197383761
1790637126.3796568,3.8706620107404888
1790637126.386956,4.703129990957677
1790637126.3934712,2.228216966614127
1790637126.4361255,18.790216010529548
1790637126.4423745,22.14278600877151
1790637126.4425673,11.8214680114761
1790637126.4431944,31.741460028570145
1790637126.4432533,2.3116369848139584
1790637126.4782517,22.52891502575949
1790637126.478738,8.293786027934402
1790637126.4793406,8.347844006493688
1790637126.4799483,7.880748016759753
1790637126.4800322,3.8229209603741765
1790637126.4838626,1.5119820018298924
1790637126.4882116,1.3246940216049552
1790637126.5107334,1.628196972887963
1790637126.5174332,1.726577989757061
1790637126.5265288,1.993967976886779
1790637126.526982,1.2666680268011987
1790637126.5569153,3.911757026799023
1790637126.5571184,3.1671819742769003
1790637126.5591729,1.3437870074994862
1790637126.5604496,1.266909996047616
1790637126.599995,2.7330329758115113
1790637126.602771,1.6370610101148486
1790637126.6233215,1.9912570132873952
1790637126.6375062,1.7256240244023502
1790637126.6961644,20.019291958305985
1790637126.6962404,22.278318996541202
1790637126.697783,1.232946990057826
1790637126.713194,1.763832988217473
1790637126.718016,1.4311089762486517
1790637126.7206922,1.2621470377780497
1790637126.7219505,1.249491993803531
1790637126.7300513,1.2881080037914217
1790637126.7704682,33.76739897066727
1790637126.783486,34.27452297182754
1790637126.7843852,32.122909964527935
1790637126.7845378,17.15381897520274
1790637126.7846522,34.457454981748015
1790637126.8066845,23.186150996480137
1790637126.806749,7.3844739818014205
1790637126.8140333,1.4885999844409525
1790637126.8156762,1.1789379641413689
1790637126.8200438,1.503349980339408
1790637126.8212051,1.151606033090502
1790637126.8749475,5.369185004383326
1790637126.8750348,4.277766973245889
1790637126.890024,1.7786339740268886
1790637126.9043248,2.4699809728190303
1790637126.9055738,1.7604790045879781
1790637126.9105084,1.5446290490217507
1790637126.9114337,1.85316801071167
1790637126.9301455,1.8802810227498412
1790637126.9463365,2.698223979678005
1790637126.9522307,2.570350014138967
1790637126.9522905,2.0315730362199247
1790637126.96134,1.5294519835151732
1790637126.9708757,1.8485999898985028
1790637126.971372,1.3137470232322812
1790637126.9773805,2.9889660072512925
1790637126.9782054,1.6295770183205605
1790637126.9821322,1.301845011767
1790637126.9868329,1.2524150079116225
1790637126.9920537,1.3514920137822628
1790637127.0144596,4.197487025521696
1790637127.014626,4.786327946931124
1790637127.0147982,5.581477016676217
1790637127.0204248,8.34576296620071
1790637127.0374699,23.683411011006683
1790637127.037619,13.519818952772766
1790637127.038606,2.456365036778152
1790637127.043397,1.2657800107263029
1790637127.0993514,2.5347210466861725
1790637127.112652,1.6715360106900334
1790637127.150598,23.201809963211417
1790637127.150988,16.462433035485446
1790637127.1510708,15.022174047771841
1790637127.1615553,1.4156379620544612
1790637127.1633422,1.198231999296695
1790637127.172816,1.6728260088711977
1790637127.1748674,1.4667920186184347
1790637127.1816013,1.354194013401866
1790637127.2207572,38.67938800249249
1790637127.228088,27.234363020397723
1790637127.2282932,34.675217990297824
1790637127.2294877,26.637818955350667
1790637127.2297032,46.557862020563334
1790637127.230248,23.541930015198886
1790637127.2305167,20.226938999257982
1790637127.2310152,14.829739986453205
1790637127.2312634,13.579202990513295
1790637127.2364216,1.3765199691988528
1790637127.2558675,1.9009269890375435
1790637127.2582629,1.3223770074546337
1790637127.2606034,1.4188410132192075
1790637127.2679958,1.4917879598215222
1790637127.2760668,1.6485500382259488
1790637127.281059,1.5521139721386135
1790637127.2815404,1.2791980407200754
1790637127.3040664,21.863201982341707
1790637127.318924,1.9291050266474485
1790637127.3622978,8.005983021575958
1790637127.3630123,3.2421519863419235
1790637127.3631275,23.424056998919696
1790637127.3919694,22.329995990730822
1790637127.4010901,1.831581990700215
1790637127.4053733,1.3433350250124931
1790637127.410332,1.5785719733685255
1790637127.4191098,2.0397670450620353
1790637127.4342945,1.6601060051470995
1790637127.44637,1.6598119982518256
1790637127.4565818,2.103492966853082
1790637127.4583411,1.299566007219255
1790637127.462719,1.411589968483895
1790637127.466055,1.36887701228261
1790637127.4884598,2.4681459763087332
1790637127.4892836,2.2831070236861706
1790637127.5096645,2.289137977641076
1790637127.5428095,18.765214015729725
1790637127.5646856,44.371163996402174
1790637127.5660856,26.306379004381597
1790637127.5662093,35.125206981319934
1790637127.5673697,3.75113298650831
1790637127.5674593,2.1854130318388343
1790637127.568965,1.4119150000624359
1790637127.6036146,7.154959021136165
1790637127.6071148,23.90327595639974
1790637127.6074266,10.144530038814992
1790637127.607482,3.3241090131923556
1790637127.6141412,1.2342749978415668
1790637127.6264143,1.5163730131462216
1790637127.6315176,1.4794259914197028
1790637127.6576774,24.31468100985512
1790637127.657784,9.850671980530024
1790637127.6580114,17.657627002336085
1790637127.6586363,1.7350509879179299
1790637127.6615176,1.1727670207619667
1790637127.6682599,1.4148959890007973
1790637127.7098448,24.989047029521316
1790637127.7099824,27.19305601203814
1790637127.7103064,15.145523007959127
1790637127.7217412,20.846941974014044
1790637127.734373,27.826043020468205
1790637127.7344549,31.850620987825096
1790637127.735568,2.795830019749701
1790637127.735634,18.49380199564621
1790637127.7375774,1.3208710006438196
1790637127.7437868,1.591426960658282
1790637127.7666178,6.472270004451275
1790637127.7667859,22.641540970653296
1790637127.7952483,2.3120369878597558
1790637127.7975912,1.666227006353438
1790637127.7976604,2.279764972627163
1790637127.8254037,19.815783016383648
1790637127.8262448,18.08813598472625
1790637127.8267052,25.401577004231513
1790637127.8267853,9.290070971474051
1790637127.8271115,2.3259929730556905
1790637127.8298047,1.2161890044808388
1790637127.8332708,1.3845019857399166
1790637127.8365014,1.4282119809649885
1790637127.8874543,16.753025993239135
1790637127.888631,23.654828954022378
1790637127.8889644,15.970072010532022
1790637127.90517,31.325482006650418
1790637127.9098806,30.129993974696845
1790637127.9104693,9.290340007282794
1790637127.91053,6.020736997015774
1790637127.9182599,1.507173990830779
1790637127.9263537,2.117725962307304
1790637127.926459,2.8780490392819047
1790637127.9268532,1.5258369967341423
1790637127.9282262,1.1117810499854386
1790637127.9808557,49.53704896615818
1790637127.9809442,44.43055798765272
1790637127.9913929,51.916503987740725
1790637127.9974806,49.140711955260485
1790637128.013167,70.92272100271657
1790637128.0183535,57.85233003553003
1790637128.0206022,23.914483026601374
1790637128.020945,22.332776978146285
1790637128.0263448,56.49983900366351
1790637128.0438216,34.19731499161571
1790637128.0441575,33.195942000020295
1790637128.0448534,32.36579295480624
1790637128.0449424,41.42895003315061
1790637128.0456197,4.438648989889771
1790637128.0456839,27.953268960118294
1790637128.0506413,1.1977250105701387
1790637128.0816655,1.903603959362954
1790637128.0832286,1.2189039844088256
1790637128.093749,1.8253090092912316
1790637128.1022413,2.4776089703664184
1790637128.1091938,1.4956959639675915
1790637128.1108103,1.1496380320750177
1790637128.1149096,1.1881879763677716
1790637128.1162875,1.2804020079784095
1790637128.1235702,1.371505029965192
1790637128.130579,1.5468680066987872
1790637128.1542199,1.7176319961436093
1790637128.1581066,2.4939049617387354
1790637128.1581879,2.1007669856771827
1790637128.15873,2.008326002396643
1790637128.1620643,1.7663110047578812
1790637128.1641037,1.1798359919339418
1790637128.176645,1.943604031112045
1790637128.1813347,1.5888619818724692
1790637128.186566,1.2003349838778377
1790637128.1906621,1.2109740055166185
1790637128.213643,1.8732949974946678
1790637128.236082,2.683018974494189
1790637128.250245,2.030770992860198
1790637128.2507074,1.358081994112581
1790637128.2553763,1.2177600292488933
1790637128.3023968,39.02149497298524
1790637128.3085513,7.193605997599661
1790637128.3088474,37.55718201864511
1790637128.3151312,1.3934529852122068
1790637128.324854,1.7623559688217938
1790637128.3399405,2.295109967235476
1790637128.3549163,2.12509703123942
1790637128.3617418,1.4788719709031284
1790637128.4284203,22.66498701646924
1790637128.4284952,7.658803020603955
1790637128.455718,1.8447699840180576
1790637128.487878,2.02843698207289
1790637128.531026,2.020479994826019
1790637128.5562048,13.136548979673535
1790637128.5567338,12.63025199295953
1790637128.556809,24.115524953231215
1790637128.5782027,23.01108802203089
1790637128.5795057,32.05438394797966
1790637128.5798397,3.498220001347363
1790637128.579935,22.93859695782885
1790637128.5807252,2.131647022906691
1790637128.5825436,1.1846869601868093
1790637128.5924473,1.8587530357763171
1790637128.5940812,1.4305819640867412
1790637128.5958533,1.1629489599727094
1790637128.6349955,18.76460900530219
1790637128.6350636,22.194031975232065
1790637128.6609201,5.509272043127567
1790637128.663125,3.303952980786562
1790637128.6730404,2.0224970066919923
1790637128.6794903,1.894606975838542
1790637128.6811297,1.446107984520495
1790637128.6914809,2.035515964962542
1790637128.7240288,2.098809985909611
1790637128.7287588,2.342593972571194
1790637128.7298658,1.6268279869109392
1790637128.7346406,1.942665025126189
1790637128.736603,1.9500210182741284
1790637128.7441914,2.1858909749425948
1790637128.771015,2.0382230286486447
1790637128.7865424,2.404644968919456
1790637128.809113,22.490925970487297
1790637128.8100042,20.79434896586463
1790637128.8103418,16.39946101931855
1790637128.8104448,14.045419986359775
1790637128.8111556,1.9913979922421277
1790637128.8132052,1.3591740280389786
1790637128.8333197,1.7061969847418368
1790637128.8601677,16.27614500466734
1790637128.8605409,20.250774978194386
1790637128.8605998,16.205327003262937
1790637128.8611927,24.568856053519994
1790637128.8612654,12.331012985669076
1790637128.8788035,2.4874370428733528
1790637128.8802502,2.306762966327369
1790637128.8807886,1.2938659638166428
1790637128.8850002,1.3981279917061329
1790637128.887619,1.1698760208673775
1790637128.8963392,1.7381630023010075
1790637128.8999393,1.510614005383104
1790637128.9027016,1.3081129873171449
1790637128.9221773,2.130454988218844
1790637128.9477332,1.9743270240724087
1790637129.0088918,1.7984230071306229
1790637129.0126934,1.4519509859383106
1790637129.0256891,1.676386978942901
1790637129.0371783,1.681550987996161
1790637129.0413196,1.4953759964555502
1790637129.0564675,2.1143750054761767
1790637129.062873,1.6898110043257475
1790637129.0669975,1.6383799957111478
1790637129.1044858,19.531142024789006
1790637129.1046033,24.63656902546063
1790637129.1047542,17.45388295967132
1790637129.1055238,19.004121015314013
1790637129.105597,17.3139069811441
1790637129.113662,1.480487990193069
1790637129.1375148,1.670864992775023
1790637129.1441715,1.622627954930067
1790637129.1458302,1.2668999843299389
1790637129.1590006,1.7317539895884693
1790637129.1607866,1.2536269496195018
1790637129.1757576,1.783077954314649
1790637129.1865551,1.9424460479058325
1790637129.1873522,3.5031259758397937
1790637129.1876066,1.7602420412003994
1790637129.2138402,23.149851011112332
1790637129.214009,24.28327698726207
1790637129.2145693,8.570171019528061
1790637129.214716,20.16522199846804
1790637129.2251792,1.5876410179771483
1790637129.246637,1.8242759979330003
1790637129.2554622,2.8449599631130695
1790637129.2558336,2.350898983422667
1790637129.2611234,1.5872130170464516
1790637129.2649477,1.2084770132787526
1790637129.266346,1.2295159976929426
1790637129.2693844,1.3500369968824089
1790637129.329411,46.26745800487697
1790637129.3302672,32.63407800113782
1790637129.3305666,37.80236397869885
1790637129.3411925,42.573151004035026
1790637129.3548498,55.43165799463168
1790637129.355127,49.03870704583824
1790637129.355462,29.07993597909808
1790637129.3555923,33.889238024130464
1790637129.356212,6.553703977260739
1790637129.357311,5.027540028095245
1790637129.3573818,7.191659009549767
1790637129.3597443,1.6452420386485755
1790637129.3923419,1.9412810215726495
1790637129.3928037,1.6750420327298343
1790637129.4100597,1.834527007304132
1790637129.4106152,1.3401759788393974
1790637129.4124196,1.255223003681749
1790637129.412925,1.222860999405384
1790637129.4548538,1.9026309601031244
1790637129.4598072,1.5642489888705313
1790637129.470803,1.8638520268723369
1790637129.4777672,1.565618033055216
1790637129.5112188,17.530895012896508
1790637129.516397,23.272013990208507
1790637129.519917,1.582494005560875
1790637129.5292559,1.9433709676377475
1790637129.5293732,2.5665260036475956
1790637129.5364096,1.8845279701054096
1790637129.5547512,1.9513809820637107
1790637129.5568745,2.247820026241243
1790637129.5895088,26.95468603633344
1790637129.590052,26.75173699390143
1790637129.5901303,24.94584902888164
1790637129.5906441,21.811497979797423
1790637129.5907195,14.293908956460655
1790637129.5913405,12.140673003159463
1790637129.5916448,10.478530020918697
1790637129.5983493,1.5161639894358814
1790637129.6301687,1.7385639948770404
1790637129.631903,1.3856309815309942
1790637129.6349745,1.218814984895289
1790637129.6526077,1.938670000527054
1790637129.6588004,1.874544017482549
1790637129.660059,1.2478179996833205
1790637129.6623738,1.2789560132659972
1790637129.675311,1.7414539470337331
1790637129.700968,20.55923896841705
1790637129.7026398,13.83154996437952
1790637129.7027638,24.47646198561415
1790637129.7028117,19.65755404671654
1790637129.7170556,1.9275540253147483
1790637129.7186124,1.660853042267263
1790637129.7251308,1.7864970141090453
1790637129.7295449,1.837895018979907
1790637129.7484865,15.233977988827974
1790637129.7544463,23.073759977705777
1790637129.8193777,35.7478890218772
1790637129.8263707,35.89070198358968
1790637129.8267162,29.592890990898013
1790637129.8268764,52.87073797080666
1790637129.8279023,2.946128020994365
1790637129.8348722,2.239733003079891
1790637129.8358073,1.3696199748665094
1790637129.856401,1.6979390056803823
1790637129.8811238,1.8695939797908068
1790637129.8871572,1.6371620004065335
1790637129.9030986,1.658693014178425
1790637129.9056635,1.3676470261998475
1790637129.907497,1.8239530036225915
1790637129.908439,2.1108490182086825
1790637129.9130588,1.4056230429559946
1790637129.9215658,1.71783403493464
1790637129.934048,1.703705987893045
1790637129.9411004,2.658936951775104
1790637129.9552903,1.9921930506825447
1790637129.9706163,1.738869003020227
1790637129.9803643,2.54497496644035
1790637129.9804306,2.045102999545634
1790637129.996419,1.6309660277329385
1790637130.0311224,1.8756809877231717
1790637130.0387,1.780796970706433
1790637130.0392327,1.3683710130862892
1790637130.072074,24.289229011628777
1790637130.072248,15.88774099946022
1790637130.0727556,19.59305501077324
1790637130.0734067,14.242465025745332
1790637130.0734768,2.8934679576195776
1790637130.0979784,21.830285026226193
1790637130.099203,16.005118028260767
1790637130.0995667,29.931727971415967
1790637130.1001675,16.400103981141
1790637130.1010315,24.111499020364136
1790637130.1011763,9.74916503764689
1790637130.101437,5.225619999691844
1790637130.1246684,25.039485946763307
1790637130.124792,8.85042198933661
1790637130.124851,28.714906016830355
1790637130.1497977,22.610305983107537
1790637130.1604517,1.7056139768101275
1790637130.1745355,1.4898949884809554
1790637130.1805851,1.5621799975633621
1790637130.1836445,1.5366359730251133
1790637130.1949,1.8364790012128651
1790637130.2043087,1.4429340371862054
1790637130.2201316,1.8743450054898858
1790637130.2259433,1.8640829948708415
1790637130.2282143,1.4839700306765735
1790637130.2407563,2.521476009860635
1790637130.2464476,8.097478945273906
1790637130.2685888,27.136425953358412
1790637130.2688515,29.225577018223703
1790637130.2695494,21.275578998029232
1790637130.2697103,14.051050995476544
1790637130.2704632,12.208561995066702
1790637130.2714705,10.454825009219348
1790637130.2816563,18.020963994786143
1790637130.2949543,15.280498017091304
1790637130.2950788,5.905535013880581
1790637130.2951608,29.71711300779134
1790637130.2986898,2.047587011475116
1790637130.299125,1.4635599800385535
1790637130.3014126,1.2660829816013575
1790637130.305902,1.241769001353532
1790637130.3079536,1.1425380362197757
1790637130.3120332,1.3107660342939198
1790637130.3267403,1.9067840185016394
1790637130.3278055,2.0538090029731393
1790637130.3347387,1.5949970111250877
1790637130.3465385,2.146000973880291
1790637130.349524,1.6188170411624014
1790637130.3502727,1.454660960007459
1790637130.3614426,1.9152149907313287
1790637130.3633747,1.3202109839767218
1790637130.3745244,1.9643859704956412
1790637130.3878586,1.7153429798781872
1790637130.3939047,1.4737230376340449
1790637130.4000633,1.5005109598860145
1790637130.4065964,1.6739359707571566
1790637130.4419568,3.304056008346379
1790637130.4421313,4.396163974888623
1790637130.4525752,1.7752209678292274
1790637130.4921973,19.788372970651835
1790637130.4928682,23.988946981262416
1790637130.4929438,5.247386987321079
1790637130.5008645,1.8536309944465756
1790637130.5062306,1.6876879963092506
1790637130.5336277,16.713312943466008
1790637130.5337417,23.897431965451688
1790637130.5655391,42.30413801269606
1790637130.5656543,47.077893977984786
1790637130.5901225,63.85753600625321
1790637130.5907662,56.4237930229865
1790637130.590853,19.32602096349001
1790637130.5910137,35.6702710269019
1790637130.5913,48.738743003923446
1790637130.5914006,40.65113898832351
1790637130.5915337,62.85963300615549
1790637130.591657,67.11219000862911
1790637130.5917306,20.888753002509475
1790637130.620051,35.86969099706039
1790637130.6203833,44.957756996154785
1790637130.6210313,48.64153900416568
1790637130.6210973,42.27903898572549
1790637130.6279178,1.309279992710799
1790637130.6772172,2.062348008621484
1790637130.6809914,11.187355034053326
1790637130.681823,25.087591027840972
1790637130.682197,4.839832021389157
1790637130.68246,2.5371380033902824
1790637130.6959903,1.854636997450143
1790637130.7277396,26.069233019370586
1790637130.7281666,9.712662023957819
1790637130.728562,7.185831025708467
1790637130.7387922,2.0005140104331076
1790637130.7388499,2.9454570030793548
1790637130.7409499,1.1148799676448107
1790637130.7519166,1.7952960333786905
1790637130.753552,1.6238000243902206
1790637130.7543228,1.4559649862349033
1790637130.755408,1.0773380054160953
1790637130.7573338,1.1855170014314353
1790637130.794639,11.460506008006632
1790637130.7947328,19.58321500569582
1790637130.7947977,23.063205007929355
1790637130.797303,1.7688830266706645
1790637130.8106534,1.4469460002146661
1790637130.8287363,2.1467249607667327
1790637130.8318646,1.4726570225320756
1790637130.8371623,1.2973910197615623
1790637130.850892,1.7914159689098597
1790637130.8738186,2.084924024529755
1790637130.8793702,1.8849630141630769
1790637130.8851554,1.3215590151958168
1790637130.8932056,1.903875032439828
1790637130.9473472,25.720405974425375
1790637130.9477718,27.270719001535326
1790637130.9482358,25.83283296553418
1790637130.9487007,15.902388957329094
1790637130.9700065,2.0647700293920934
1790637130.975331,2.1804269636049867
1790637130.9763136,1.9494349835440516
1790637130.9814613,1.8768199952319264
1790637130.9820762,1.5224149683490396
1790637131.0166764,2.123432990629226
1790637131.0207188,1.6072959988377988
1790637131.0247443,1.693517027888447
1790637131.027781,1.6987029812298715
1790637131.0372524,1.5031310031190515
1790637131.0445669,1.7887220019474626
1790637131.0786731,5.444466019980609
1790637131.0787485,25.914185971487314
1790637131.084995,1.4942599809728563
1790637131.119841,23.635498015210032
1790637131.1276526,2.421798009891063
1790637131.1287107,2.927953959442675
1790637131.1288338,2.487229008693248
1790637131.129605,1.2600290356203914
1790637131.1372032,2.4883029982447624
1790637131.1372764,3.410208038985729
1790637131.1504881,2.2505249944515526
1790637131.1545787,1.8588820239529014
1790637131.1575696,2.1605759975500405
1790637131.1633642,1.8461410072632134
1790637131.1665401,1.8716939957812428
1790637131.168443,1.8898889538832009
1790637131.1705716,1.6127889975905418
1790637131.1802654,2.0485780551098287
1790637131.2144558,29.562461015302688
1790637131.2251604,42.44082100922242
1790637131.230621,44.79617899050936
1790637131.2307742,42.97172499354929
1790637131.2318835,39.478141989093274
1790637131.2326124,27.82696601934731
1790637131.2327828,25.436641997657716
1790637131.24931,31.27855999628082
1790637131.2615123,39.730909978970885
1790637131.282867,45.758313965052366
1790637131.2829795,54.82847400708124
1790637131.2942128,49.88361999858171
1790637131.302345,34.929937042761594
1790637131.3028696,27.089126000646502
1790637131.303497,43.546674016397446
1790637131.3037314,24.12221598206088
1790637131.3044434,20.9406660287641
1790637131.3204303,31.300115981139243
1790637131.333902,20.50452900584787
1790637131.3340216,43.532420007977635
1790637131.334417,22.877983981743455
1790637131.3344908,15.702194010373205
1790637131.3348014,4.034347017295659
1790637131.33693,1.324156008195132
1790637131.3413332,3.067423007450998
1790637131.3414347,2.68335803411901
1790637131.3546603,1.6161450184881687
1790637131.3583703,1.5824100119061768
1790637131.3886538,2.182936994358897
1790637131.401257,1.5352609916590154
1790637131.4089484,1.601288968231529
1790637131.4329777,1.7599419807083905
1790637131.4512699,1.9701720448210835
1790637131.4553442,1.6093900194391608
1790637131.4793303,2.1548049990087748
1790637131.484717,1.5249430434778333
1790637131.489747,1.2843929580412805
1790637131.5176487,20.75126499403268
1790637131.519325,27.748783002607524
1790637131.5193868,3.440168045926839
1790637131.5205348,1.893008011393249
1790637131.5210788,1.3435319997370243
1790637131.5299993,1.643029972910881
1790637131.5438287,1.552161993458867
1790637131.554557,1.7570179770700634
1790637131.5651174,1.669227029196918
1790637131.568343,1.6853089910000563
1790637131.5696433,1.2899310095235705
1790637131.5745785,1.3218660023994744
1790637131.6122296,2.8485680231824517
1790637131.6123044,2.4063480086624622
1790637131.6259186,2.421633980702609
1790637131.6260064,3.0699430499225855
1790637131.6529553,13.861651008483022
1790637131.6536088,27.030420023947954
1790637131.6539047,12.912370031699538
1790637131.6542168,10.834847984369844
1790637131.6542664,8.69921495905146
1790637131.6648862,1.818828983232379
1790637131.704859,25.79950203653425
1790637131.7105806,28.267210989724845
1790637131.7241201,48.62353502539918
1790637131.72529,22.288992011453956
1790637131.7257924,42.907266004476696
1790637131.725895,6.515974004287273
1790637131.7259583,5.458672996610403
1790637131.7360907,1.8677259795367718
1790637131.7398586,1.8275700276717544
1790637131.742159,1.349011028651148
1790637131.7582462,2.5147139676846564
1790637131.758321,2.041407977230847
1790637131.770232,1.8174060387536883
1790637131.7741854,1.282647019252181
1790637131.7777507,1.2883460149168968
1790637131.7800636,1.2369430041871965
1790637131.7828298,2.7572859544306993
1790637131.7828846,2.362346975132823
1790637131.8153741,1.7040959792211652
1790637131.8176334,1.2370190233923495
1790637131.8198788,1.2780160177499056
1790637131.8237786,1.1340270284563303
1790637131.8429186,2.008073963224888
1790637131.8509545,1.5356299700215459
1790637131.8610404,1.7721820040605962
1790637131.8664324,1.5036180266179144
1790637131.869315,1.6692019999027252
1790637131.8697987,1.3201460242271423
1790637131.9142337,24.075937981251627
1790637131.9144425,29.613821010570973
1790637131.9146693,23.732881003525108
1790637131.9160597,18.694802012760192
1790637131.916156,20.015429006889462
1790637131.9162478,18.21519696386531
1790637131.931803,1.9667739979922771
1790637131.9693081,11.300123995169997
1790637131.9694755,24.66749504674226
1790637131.9711928,2.418989024590701
1790637131.9719632,1.540454977657646
1790637132.0075576,14.735425997059792
1790637132.0077176,21.798000030685216
1790637132.0078332,19.383276987355202
1790637132.0088043,13.977884955238551
1790637132.0098603,1.8880669958889484
1790637132.0200598,1.6806359635666013
1790637132.0263526,3.3900970011018217
1790637132.0491607,24.01346300030127
1790637132.0511975,25.33891296479851
1790637132.0528522,28.689751983620226
1790637132.0538428,21.6206309851259
1790637132.0543191,5.730155971832573
1790637132.0559354,1.6060660127550364
1790637132.065829,1.7612379742786288
1790637132.0686646,1.6011460102163255
1790637132.0736556,1.30554405041039
1790637132.0929768,1.8075939733535051
1790637132.119164,24.574076989665627
1790637132.1194575,12.573781015817076
1790637132.1195161,11.914082046132535
1790637132.1884365,1.9625929999165237
1790637132.207976,3.296883951406926
1790637132.208161,4.058586026076227
1790637132.2240307,18.929384008515626
1790637132.2291899,13.807206007186323
1790637132.231476,25.609380973037332
1790637132.232232,16.070505022071302
1790637132.2324965,14.32279299478978
1790637132.2455857,1.7857340280897915
1790637132.247362,1.2774959905073047
1790637132.249347,1.2783149722963572
1790637132.2596524,1.4376140316016972
1790637132.2613606,1.3512379955500364
1790637132.2669573,1.8848920008167624
1790637132.2700112,1.4839859795756638
1790637132.333006,27.070829004514962
1790637132.3388023,23.587416973896325
1790637132.3784537,61.9652770110406
1790637132.3794317,63.57097101863474
1790637132.3801217,62.05314601538703
1790637132.3805099,63.066123984754086
1790637132.3807178,61.90731399692595
1790637132.3810875,53.86564403306693
1790637132.3819745,40.49484699498862
1790637132.3929331,47.64739301754162
1790637132.393104,33.47313299309462
1790637132.40509,19.8537579854019
1790637132.4053724,46.642169007100165
1790637132.4058657,3.116825013421476
1790637132.4059355,6.86597399180755
1790637132.4197688,1.6311720246449113
1790637132.4409,2.995145972818136
1790637132.440982,2.1694140159524977
1790637132.4779532,18.140066997148097
1790637132.4788,23.50888802902773
1790637132.479098,11.534943012520671
1790637132.4799504,9.370672982186079
1790637132.4802792,3.163653949741274
1790637132.481513,1.2249320279806852
1790637132.4865122,1.2684129760600626
1790637132.4938486,1.7444189870730042
1790637132.4956079,1.27445999532938
1790637132.5176044,1.7285029753111303
1790637132.5212977,2.007533039432019
1790637132.538819,1.8740210216492414
1790637132.5484536,1.5492139500565827
1790637132.5613294,8.77309899078682
1790637132.5729792,23.658110003452748
1790637132.5730793,18.288566963747144
1790637132.5736463,1.9680780242197216
1790637132.5776029,1.1793070007115602
1790637132.600909,18.773883988615125
1790637132.602732,24.438794993329793
1790637132.6028535,10.262463998515159
1790637132.604007,1.8418749677948654
1790637132.604082,2.314837009180337
1790637132.6105707,1.4652200043201447
1790637132.648837,7.0417639799416065
1790637132.6509235,26.99366898741573
1790637132.6609633,1.7548270407132804
1790637132.6939182,22.091833990998566
1790637132.6968892,28.038007963914424
1790637132.697263,6.6242089960724115
1790637132.7229278,1.8160049803555012
1790637132.7288473,1.549686014186591
1790637132.7386246,1.8181029590778053
1790637132.749908,1.6454890137538314
1790637132.7521334,1.5135770081542432
1790637132.7570703,1.4223980251699686
1790637132.7641842,1.972253026906401
1790637132.7654757,1.280436001252383
1790637132.778081,1.8555410206317902
1790637132.7829428,1.6515949973836541
1790637132.78916,1.6098199994303286
1790637132.803258,2.1730929729528725
1790637132.807802,1.6810200177133083
1790637132.8440523,22.781163977924734
1790637132.8447917,19.10493097966537
1790637132.8448772,24.563406012021005
1790637132.8498995,1.793120987713337
1790637132.8656418,1.883580000139773
1790637132.8759112,1.874390000011772
1790637132.8827255,2.0726140355691314
1790637132.8841271,2.4424850125797093
1790637132.886224,2.5579759967513382
1790637132.8864596,3.7230629823170602
1790637132.8870997,1.7204490141011775
1790637132.950429,28.20539998356253
1790637132.9617777,2.001655986532569
1790637132.9704251,1.7907560104504228
1790637132.9705272,2.449105028063059
1790637132.9731712,1.6323240124620497
1790637132.9747386,1.2983939959667623
1790637132.9914136,2.6005820254795253
1790637132.9914877,2.0691000390797853
1790637132.9998076,1.9058850011788309
1790637133.0003157,1.6522310324944556
1790637133.0075793,1.5504920156672597
1790637133.0281959,2.067229012027383
1790637133.0418434,1.7780089983716607
1790637133.046205,1.3629160239361227
1790637133.0541623,2.0375530002638698
1790637133.071172,1.6330379876308143
1790637133.0751042,1.3053520233370364
1790637133.0924382,2.1967909997329116
1790637133.0938933,1.2596890446729958
1790637133.1111867,2.316695055924356
1790637133.1124108,1.7280100146308541
1790637133.1136127,1.193215954117477
1790637133.1196015,1.5629270346835256
1790637133.1352096,1.9935689633712173
1790637133.1444376,2.133105997927487
1790637133.1675222,1.9722449942491949
1790637133.169693,1.4864080003462732
1790637133.1752417,1.666495983954519
1790637133.2031915,1.9061180064454675
1790637133.2339847,1.8947470234706998
1790637133.2376997,1.5906229964457452
1790637133.2512436,1.5504650073125958
1790637133.2709045,2.100624958984554
1790637133.2924476,2.077962039038539
1790637133.2945445,1.5235110186040401
1790637133.3013372,1.6493379953317344
1790637133.3188062,2.193064021412283
1790637133.3403533,15.520360961090773
1790637133.353009,2.5106289540417492
1790637133.353098,31.750880007166415
1790637133.3660877,2.07050604512915
1790637133.3884108,17.028867034241557
1790637133.3899307,24.28275003330782
1790637133.390996,1028.6453570006415
1790637133.3910582,1069.753295974806
1790637133.415227,16.236788011156023
1790637133.4160962,8.339155989233404
1790637133.416218,4.331403994001448
1790637133.4162881,24.62028799345717
1790637133.4394443,1.7727360245771706
1790637133.4441159,1.5865520108491182
1790637133.4593863,1.8673360464163125
1790637133.4649558,1.5707440325058997
1790637133.5374207,25.738723983522505
1790637133.5374842,2.4293059832416475
1790637133.5709777,1.8243359518237412
1790637133.588287,2.344396023545414
1790637133.5957346,1.6976610058918595
1790637133.6289988,1.9577410421334207
1790637133.6374362,1.799476973246783
1790637133.6379147,1.5038949786685407
1790637133.6413426,1.89342099474743
1790637133.6481762,1.6100690118037164
1790637133.6634946,1.6953080194070935
1790637133.6648743,1.259766984730959
1790637133.6706645,1.8579610041342676
1790637133.6912384,2.2876610164530575
1790637133.69152,1.9978139898739755
1790637133.716651,19.825385010335594
1790637133.7174807,21.8148980056867
1790637133.7176123,4.02420898899436
1790637133.7247615,1.335814013145864
1790637133.7546878,19.301595981232822
1790637133.755085,26.75894502317533
1790637133.7556722,19.818349974229932
1790637133.7562115,15.89896297082305
1790637133.7562804,15.108417952433228
1790637133.7567234,14.979881001636386
1790637133.7717917,1.956527994479984
1790637133.7723293,1.7780039925128222
1790637133.773843,1.1167029733769596
1790637133.785915,1.80740503128618
1790637133.7892306,1.735542027745396
1790637133.8031619,1.5343750128522515
1790637133.8149571,1.7533699865452945
1790637133.836261,1.6898849862627685
1790637133.8576584,1.709878968540579
1790637133.8593695,1.3732319930568337
1790637133.8674915,1.6319789574481547
1790637133.9041755,2.51998397288844
1790637133.9051094,2.1178399911150336
1790637133.9119709,1.554295013193041
1790637133.9260514,2.0118439570069313
1790637133.9383721,1.6872569685801864
1790637133.9460006,2.004220965318382
1790637133.9470317,1.454288954846561
1790637133.9711185,2.641793980728835
1790637133.9711854,3.6182230105623603
1790637133.975617,1.2614419683814049
1790637134.018955,2.3805450182408094
1790637134.0252175,1.8421789864078164
1790637134.0302675,1.9141709781251848
1790637134.035586,1.8275079783052206
1790637134.0890172,13.38276598835364
1790637134.1004753,23.896616010461003
1790637134.1005387,17.10490701952949
1790637134.1077087,1.9279319676570594
1790637134.1216154,1.8071680096909404
1790637134.1401505,1.7077840166166425
1790637134.1432326,1.911089988425374
1790637134.1578002,2.4095239932648838
1790637134.170123,1.6331630176864564
1790637134.192206,1.7287299851886928
1790637134.1940117,1.40825699781999
1790637134.1962469,1.3201049878261983
1790637134.2155156,1.8766929861158133
1790637134.2187893,1.44541502231732
1790637134.220958,1.1485039722174406
1790637134.2238894,1.2705620029009879
1790637134.2273324,1.2999040191061795
1790637134.2611456,1.7894040211103857
1790637134.271824,1.6253470093943179
1790637134.276585,2.1123740007169545
1790637134.294109,1.7149709747172892
1790637134.3213549,16.135530022438616
1790637134.322488,25.505862955469638
1790637134.3229458,15.283539018128067
1790637134.3232758,12.27242301683873
1790637134.3235738,5.880679003894329
1790637134.3263013,1.2753449846059084
1790637134.3692408,36.80511598940939
1790637134.3796828,46.82836699066684
1790637134.3799288,36.581593041773885
1790637134.3802404,8.867805008776486
1790637134.384491,1.52074103243649
1790637134.406219,1.9562190282158554
1790637134.41227,1.4283889904618263
1790637134.4291902,1.9317640108056366
1790637134.4608202,2.010480035096407
1790637134.4706657,2.0010339794680476
1790637134.4967837,24.37168499454856
1790637134.4968712,23.849859018810093
1790637134.5081851,2.5664179702289402
1790637134.508702,1.6454090364277363
1790637134.516879,1.4241200406104326
1790637134.5196388,1.3840739848092198
1790637134.521155,1.1507900198921561
1790637134.5247746,1.797533011995256
1790637134.527126,1.2557029840536416
1790637134.5290918,1.596660993527621
1790637134.5347373,1.8003160366788507
1790637134.5406768,2.7020899578928947
1790637134.5407646,2.205674012657255
1790637134.554109,1.6966629773378372
1790637134.5577307,1.551738998387009
1790637134.5619779,1.6108310082927346
1790637134.5694752,1.6638250090181828
1790637134.5715818,1.247404026798904
1790637134.586719,1.808220986276865
1790637134.5905538,1.9150450243614614
1790637134.6013477,1.476088014896959
1790637134.6034832,1.2981239706277847
1790637134.6383383,2.5109199923463166
1790637134.6443367,1.8582300399430096
1790637134.6472447,1.5370710170827806
1790637134.6528578,1.5026149922050536
1790637134.6570828,1.3044680235907435
1790637134.661148,1.2851320207118988
1790637134.6649802,1.866990001872182
1790637134.6652434,1.5790520119480789
1790637134.7068613,1.9046749803237617
1790637134.7098632,1.588597020599991
1790637134.7193167,1.6624609706923366
1790637134.7348044,1.955704006832093
1790637134.7572775,3.3972709788940847
1790637134.757402,2.887809998355806
1790637134.7688353,1.7116289818659425
1790637134.8034732,24.397125001996756
1790637134.803584,14.729939983226359
1790637134.8296158,1.77426403388381
1790637134.842783,1.7990889609791338
1790637134.8465412,1.4714800054207444
1790637134.8694963,2.0952560007572174
1790637134.9076457,1.9975239993073046
1790637134.9130547,1.448319002520293
1790637134.9438028,1.905699959024787
1790637134.9820917,21.776509005576372
1790637134.9843395,19.334804033860564
1790637134.9902372,31.50752402143553
1790637134.9954913,19.952370028477162
1790637135.0091138,14.713743992615491
1790637135.0092053,29.205018014181405
1790637135.030687,1.9612699979916215
1790637135.0329878,1.6143500106409192
1790637135.033436,1.4963829889893532
1790637135.059479,25.934753997717053
1790637135.059558,18.712294986471534
1790637135.0692708,1.7828749842010438
1790637135.1068695,23.86646397644654
1790637135.117738,1.912278006784618
1790637135.1240175,1.4009749866090715
1790637135.13934,2.554252976551652
1790637135.1401045,1.5370359760709107
1790637135.1467652,1.9862840417772532
1790637135.1520054,1.4028020086698234
1790637135.165907,1.7939249519258738
1790637135.1720517,1.7295820289291441
1790637135.174155,1.3047909596934915
1790637135.1788974,1.722511020489037
1790637135.1919844,1.7643249593675137
1790637135.1966665,1.4561419957317412
1790637135.204105,1.6461050254292786
1790637135.2064097,1.2421549763530493
1790637135.244703,1.76483194809407
1790637135.2597556,2.1501199807971716
1790637135.2601428,1.5960739692673087
1790637135.265012,1.3175290077924728
1790637135.2720118,1.5022529987618327
1790637135.279652,1.469273993279785
1790637135.307324,24.01133900275454
1790637135.307894,8.515565015841275
1790637135.3079805,7.799890008755028
1790637135.3167226,2.3008210118860006
1790637135.3181334,2.3481310345232487
1790637135.3189943,1.3380980235524476
1790637135.3592236,2.632502990309149
1790637135.3815026,23.950094007886946
1790637135.3816519,2.9142459970898926
1790637135.391433,1.7669390072114766
1790637135.3960543,1.4482580008916557
1790637135.4394069,2.0023449906148016
1790637135.4521854,1.6422999906353652
1790637135.461851,1.8873729859478772
1790637135.4830914,2.8824390028603375
1790637135.483211,2.4882760480977595
1790637135.4987612,1.9511250429786742
1790637135.5030236,1.8599600298330188
1790637135.5034328,1.628600002732128
1790637135.518348,1.8243399681523442
1790637135.5301776,1.8547310028225183
1790637135.5823686,2.0893809851258993
1790637135.592138,1.8250540015287697
1790637135.597119,1.5236219624057412
1790637135.5991473,1.9180870149284601
1790637135.604669,1.3907869579270482
1790637135.6085067,2.4854980292730033
1790637135.608652,2.7203700155951083
1790637135.6111286,1.19677500333637
1790637135.6192396,1.7925629508681595
1790637135.6354074,1.7150220228359103
1790637135.6608944,2.9113180353306234
1790637135.6618855,1.4472879702225327
1790637135.6680417,1.414915022905916
1790637135.6738625,1.6120109939947724
1790637135.67869,1.9518850021995604
1790637135.679238,1.5271530137397349
1790637135.6886098,1.659922010730952
1790637135.6943803,1.5615319716744125
1790637135.699952,2.694275986868888
1790637135.7000177,2.1002580178901553
1790637135.7024267,1.1046240106225014
1790637135.7040517,1.475107972510159
1790637135.7057073,1.557575014885515
1790637135.716852,1.7326789675280452
1790637135.7173564,1.468050992116332
1790637135.7202501,1.7073529888875782
1790637135.7242281,1.4092130004428327
1790637135.7429175,1.7819299828261137
1790637135.746969,1.7976739909499884
1790637135.7523289,2.006663999054581
1790637135.754376,1.33301701862365
1790637135.7743196,1.786029024515301
1790637135.7793763,1.6476460150443017
1790637135.7817576,1.3498939806595445
1790637135.7860808,1.3723630108870566
1790637135.7960203,1.9579940126277506
1790637135.7972622,1.2318880180828273
1790637135.8009114,1.3394469860941172
1790637135.8074145,1.279388030525297
1790637135.8131108,1.4207630301825702
1790637135.8363364,1.7897859797812998
1790637135.8441687,1.760168990585953
1790637135.845494,1.1961550335399806
1790637135.8728983,15.223775000777096
1790637135.8729846,26.337866962421685
1790637135.8785458,1.4358340413309634
1790637135.9037015,1.945981988683343
1790637135.9285545,24.181746994145215
1790637135.9286397,9.51531098689884
1790637135.940645,1.9028949900530279
1790637135.9567761,2.968163986224681
1790637135.957074,2.56602797890082
1790637135.9689705,2.075595024507493
1790637135.9711683,1.3039839686825871
1790637136.0215743,43.73317596036941
1790637136.0222886,40.864149981644005
1790637136.0239275,25.43091296683997
1790637136.0250418,16.054024978075176
1790637136.025527,46.57395801041275
1790637136.025672,19.768628000747412
1790637136.0259848,14.149434980936348
1790637136.026044,2.103364036884159
1790637136.0275633,1.3762739836238325
1790637136.0294228,1.416959974449128
1790637136.0328264,1.439642976038158
1790637136.034738,1.3776010018773377
1790637136.0591674,24.038671981543303
1790637136.0593345,13.730196980759501
1790637136.0608537,1.6179250087589025
1790637136.07897,1.9263079739175737
1790637136.1039438,13.354626018553972
1790637136.104673,12.218570976983756
1790637136.105053,25.387939997017384
1790637136.1051397,10.067480034194887
1790637136.1082878,1.7863319953903556
1790637136.1121478,1.4838719507679343
1790637136.1158037,1.7678599688224494
1790637136.1316934,1.8856889801099896
1790637136.1418676,2.03528197016567
1790637136.1428514,1.8514200346544385
1790637136.1675272,1.9000960164703429
1790637136.1750476,2.193054009694606
1790637136.1786735,1.4753440045751631
1790637136.1922674,2.3199390270747244
1790637136.1984885,2.1979049779474735
1790637136.2350364,33.18287699948996
1790637136.240825,34.18650000821799
1790637136.2514088,32.121623982675374
1790637136.2652166,55.245449009817094
1790637136.2802129,52.22808598773554
1790637136.2813072,50.29363598441705
1790637136.2816617,35.02352203940973
1790637136.2829669,19.336896017193794
1790637136.2831802,32.51733799697831
1790637136.2836313,59.52137301210314
1790637136.2837014,10.37981896661222
1790637136.284987,3.0766340205445886
1790637136.2870107,1.6763090388849378
1790637136.2967696,2.821845992002636
1790637136.2979174,2.20182299381122
1790637136.298833,1.7365000094287097
1790637136.3014884,1.3365959748625755
1790637136.3067963,1.8717190250754356
1790637136.3431678,2.442923025228083
1790637136.346675,1.7608730122447014
1790637136.3563073,2.4460889981128275
1790637136.3592923,2.3256760323420167
1790637136.3598256,1.490245049353689
1790637136.3969734,1.9479820039123297
1790637136.4217718,22.238020959775895
1790637136.4228659,22.82770600868389
1790637136.4229472,19.93287296500057
1790637136.4337971,35.61563102994114
1790637136.4394212,30.386818980332464
1790637136.4395146,34.92030000779778
1790637136.4471965,34.8039849777706
1790637136.4472933,4.086931992787868
1790637136.4473462,4.732352041173726
1790637136.4688401,2.1421669516712427
1790637136.4737165,2.8017580043524504
1790637136.4962134,2.1678530029021204
1790637136.5086315,2.2005930077284575
1790637136.5258653,1.6625960124656558
1790637136.5562844,22.894010005984455
1790637136.556827,1.7552599892951548
1790637136.5738552,1.9215550273656845
1790637136.5772054,1.5617329627275467
1790637136.5836446,1.438573992345482
1790637136.585615,1.1837159981951118
1790637136.6120963,1.9606879795901477
1790637136.6243424,1.9627399742603302
1790637136.6478326,2.0766069646924734
1790637136.6762857,20.92243399238214
1790637136.6764994,6.5322520094923675
1790637136.6765668,26.552634953986853
1790637136.6780245,1.3568230206146836
1790637136.68364,1.8374980427324772
1790637136.6978762,1.9582610111683607
1790637136.709151,1.9600780215114355
1790637136.712851,1.7085460131056607
1790637136.7294827,2.01904698042199
1790637136.7341633,1.3607239816337824
1790637136.7365625,1.1393959866836667
1790637136.7608562,3.2881509978324175
1790637136.7609327,2.7022939757443964
1790637136.7639258,1.403258997015655
1790637136.7645621,1.3525299727916718
1790637136.771136,1.581647025886923
1790637136.7776763,1.509559981059283
1790637136.7854996,1.5846469905227423
1790637136.7988887,1.7991390195675194
1790637136.8287916,23.170835978817195
1790637136.8315346,1.5894550015218556
1790637136.8367386,1.658348017372191
1790637136.8439038,1.4714330318383873
1790637136.847659,1.5499719884246588
1790637136.857612,1.783639017958194
1790637136.8710835,1.6585460398346186
1790637136.8799264,1.7277680453844368
1790637136.883692,1.4748419634997845
1790637136.88498,1.2769880122505128
1790637136.9102988,12.367371993605047
1790637136.9221985,21.067472989670932
1790637136.9222631,24.8854499659501
1790637136.950907,26.08334901742637
1790637136.9511635,7.830868999008089
1790637136.9516065,7.6792530016973615
1790637136.9784808,29.291879036463797
1790637136.9790645,34.25337903900072
1790637136.9950383,2.761523996014148
1790637137.0398283,37.43550198851153
1790637137.0403461,12.01169501291588
1790637137.1102037,42.977872013580054
1790637137.1110716,8.0879699671641
1790637137.1114595,16.852374013978988
1790637137.111582,39.67679396737367
1790637137.1121457,2.1789949969388545
1790637137.1176322,1.4196690171957016
1790637137.134807,4.359448968898505
1790637137.1358793,4.2129429639317095
1790637137.1363244,4.193622968159616
1790637137.1364489,5.373180960305035
1790637137.1368957,2.0767999812960625
1790637137.1409204,1.372098980937153
1790637137.1478145,1.6205889987759292
1790637137.1652944,2.049243019428104
1790637137.1661844,1.3109699939377606
1790637137.1673362,1.0653460049070418
1790637137.1860824,1.7752409912645817
1790637137.1997228,2.4693110026419163
1790637137.2019691,1.3737890403717756
1790637137.2294977,4.999436961952597
1790637137.2295835,24.543917970731854
1790637137.2448478,1.915993052534759
1790637137.247599,1.293768989853561
1790637137.277801,2.5975969620049
1790637137.281407,1.7706149956211448
1790637137.2917566,3.4636130440048873
1790637137.2921264,2.458782051689923
1790637137.2991312,1.563133962918073
1790637137.299859,1.4096740051172674
1790637137.311978,1.717534032650292
1790637137.3165245,1.3500949717126787
1790637137.3499608,12.980185041669756
1790637137.3500853,23.390521004330367
1790637137.3663926,2.2572900052182376
1790637137.384969,1.7771570128388703
1790637137.393645,1.8072769744321704
1790637137.4025798,2.1112969843670726
1790637137.402678,3.319868992548436
1790637137.426462,25.2060960046947
1790637137.4266565,9.931779990438372
1790637137.4274282,8.312121033668518
1790637137.4277742,9.435091982595623
1790637137.4278293,3.571007982827723
1790637137.433506,1.8431390053592622
1790637137.460493,1.6942190122790635
1790637137.4704924,1.797349948901683
1790637137.4794602,1.7335299635306
1790637137.484277,1.6298870323225856
1790637137.49352,1.55205704504624
1790637137.5099056,1.6423739725723863
1790637137.5197945,2.11698398925364
1790637137.535198,2.2558370255865157
1790637137.5645669,2.2083499934524298
1790637137.5649495,26.840666017960757
1790637137.566521,1.684880000539124
1790637137.5734577,2.481514005921781
1790637137.573551,3.1020540045574307
1790637137.5841331,1.8031919607892632
1790637137.6070547,1.989642041735351
1790637137.609119,1.9668890163302422
1790637137.6146352,1.4960120315663517
1790637137.6437063,2.444373967591673
1790637137.652766,2.618730009999126
1790637137.6545832,2.609339018817991
1790637137.6553612,1.518302015028894
1790637137.6564772,1.1083160061389208
1790637137.6619346,1.2999100144952536
1790637137.6918159,2.8465280192904174
1790637137.7334225,2.1853999933227897
1790637137.7357266,2.0326949888840318
1790637137.7379575,1.1987719917669892
1790637137.7527404,1.7192609957419336
1790637137.7539163,1.1659319861792028
1790637137.7573822,2.2093699662946165
1790637137.7679586,1.568336971104145
1790637137.7958272,2.0026760175824165
1790637137.8044744,2.1820820402354
1790637137.811647,1.7287730006501079
1790637137.8195374,1.506311004050076
1790637137.8293107,1.9284700392745435
1790637137.8436418,1.7674510017968714
1790637137.8468597,2.085223968606442
1790637137.8549547,2.003620029427111
1790637137.855028,2.646423992700875
1790637137.8555586,1.825334969907999
1790637137.8665695,1.5429090126417577
1790637137.8703985,1.941396971233189
1790637137.8760397,1.895877008792013
1790637137.8822281,1.431176031474024
1790637137.9034276,1.7942439881153405
1790637137.90571,1.384581031743437
1790637137.929892,18.612746032886207
1790637137.93022,10.019731998909265
1790637137.930333,21.744767960626632
1790637137.931608,1.1732599814422429
1790637137.9372432,1.7121019773185253
1790637137.9643779,21.625850000418723
1790637137.9647138,15.992600005120039
1790637137.9651673,9.729743003845215
1790637137.9690413,1.396354055032134
1790637137.9819453,1.459985040128231
1790637138.0024788,2.0032079773955047
1790637138.0360796,19.496576976962388
1790637138.037728,25.26463399408385
1790637138.0378158,4.730473970994353
1790637138.050016,1.6253619687631726
1790637138.0530138,1.3937600306235254
1790637138.0605056,2.0042869728058577
1790637138.0642693,1.937808992806822
1790637138.1022773,12.670603988226503
1790637138.1023545,23.392328992486
1790637138.1447532,12.393010023515671
1790637138.1448185,23.437294992618263
1790637138.1502306,1.4298229943960905
1790637138.167676,1.9198590307496488
1790637138.1680002,2.8252479969523847
1790637138.1750994,1.1949380277656019
1790637138.179845,2.0101969712413847
1790637138.2005632,3.9111419464461505
1790637138.2006207,4.689007997512817
1790637138.2009826,1.3949029962532222
1790637138.203315,1.263248035684228
1790637138.2484543,2.8115070308558643
1790637138.2871928,40.374723030254245
1790637138.291801,44.846649980172515
1790637138.2937326,42.431562033016235
1790637138.2937958,41.851096029859036
1790637138.2938848,16.73923700582236
1790637138.2939446,7.597578049171716
1790637138.2983956,1.4252690016292036
1790637138.322956,1.816213014535606
1790637138.3243659,1.2931230012327433
1790637138.3303592,1.6844060155563056
1790637138.3405924,1.5976009890437126
1790637138.362562,4.122013982851058
1790637138.3648915,2.017748018261045
1790637138.3772936,1.8822820275090635
1790637138.4074628,3.1538709881715477
1790637138.4130294,2.4812290212139487
1790637138.417365,1.5751370228827
1790637138.4548721,4.942544968798757
1790637138.480675,12.872410996351391
1790637138.4807472,19.057650002650917
1790637138.4843967,10.486211976967752
1790637138.4851518,27.604983013588935
1790637138.4890635,7.663157011847943
1790637138.4892142,13.623706996440887
1790637138.489494,6.192612985614687
1790637138.490366,4.347506968770176
1790637138.5030339,1.6325190081261098
1790637138.5079606,1.643584982957691
1790637138.5095062,1.2331930338405073
1790637138.5421677,18.19456001976505
1790637138.54224,23.89437600504607
1790637138.5430484,1.7680799937807024
1790637138.5511105,1.579808013048023
1790637138.564096,2.148318977560848
1790637138.5881836,25.05702304188162
1790637138.604775,28.490416996646672
1790637138.6048708,24.060892988927662
1790637138.6126711,16.89438003813848
1790637138.6131213,24.62198300054297
1790637138.6132488,26.566140993963927
1790637138.6136146,15.674306021537632
1790637138.6136742,15.024579013697803
1790637138.6176078,1.8885440076701343
1790637138.6194382,1.711818971671164
1790637138.6212044,1.296201953664422
1790637138.6365511,1.6415910213254392
1790637138.6530435,1.6120410291478038
1790637138.696036,5.740321008488536
1790637138.7011094,3.5447629634290934
1790637138.702411,2.6376619935035706
1790637138.7111154,2.0331459818407893
1790637138.719115,1.8924089963547885
1790637138.7329235,1.9777119741775095
1790637138.735859,1.38351897476241
1790637138.746397,1.9768769852817059
1790637138.7652009,1.9985009566880763
1790637138.7717617,1.3688160106539726
1790637138.781631,2.904933993704617
1790637138.7830646,2.0888500148430467
1790637138.7886097,1.4752309652976692
1790637138.7925534,1.3509980053640902
1790637138.8053381,1.498162979260087
1790637138.8257148,1.8445950117893517
1790637138.852064,20.071753999218345
1790637138.8523316,21.503956988453865
1790637138.8549924,17.894208955112845
1790637138.8554037,10.917081031948328
1790637138.8556776,26.690169994253665
1790637138.856035,10.7994579593651
1790637138.8780136,1.7323329811915755
1790637138.8818824,1.2840760173276067
1790637138.906229,2.3245589691214263
1790637138.9083533,1.3736449764110148
1790637138.9119997,1.31720001809299
1790637138.9272137,1.8561549950391054
1790637138.9280066,1.6814270056784153
1790637138.9292428,1.107364019844681
1790637138.934826,1.5916420379653573
1790637138.9361994,1.363756018690765
1790637138.9396257,1.2782490230165422
1790637138.9478908,1.373253995552659
1790637138.9550943,1.7226669588126242
1790637138.9725845,1.813446986488998
1790637138.9747188,1.4391759759746492
1790637138.9767199,1.1034929775632918
1790637139.0118353,22.113192011602223
1790637139.012779,14.056979969609529
1790637139.013918,12.400968989823014
1790637139.014342,11.721896997187287
1790637139.0144305,4.7644240548834205
1790637139.0145085,7.0755810011178255
1790637139.0203733,1.4567209873348475
1790637139.0735073,2.4281819933094084
1790637139.0862176,1.7497589578852057
1790637139.0927246,1.8774470081552863
1790637139.093827,1.9142180099152029
1790637139.1151764,2.093086950480938
1790637139.1314409,2.4933730019256473
1790637139.1374223,1.7240680172108114
1790637139.1587412,2.185534976888448
1790637139.1608963,1.4154459931887686
1790637139.1630888,1.471479015890509
1790637139.1684382,1.5551529941149056
1790637139.175255,2.554776961915195
1790637139.1914587,1.6379699809476733
1790637139.241639,5.42396999662742
1790637139.2552657,3.187042020726949
1790637139.2560904,2.7555229607969522
1790637139.286546,18.198796024080366
1790637139.2916038,22.5447480333969
1790637139.291849,12.634373968467116
1790637139.300229,1.685919996816665
1790637139.3069293,1.625093980692327
1790637139.317889,1.566921011544764
1790637139.3306596,1.6477620229125023
1790637139.3526495,2.0379279740154743
1790637139.3583987,2.1227190154604614
1790637139.3633678,1.5932060196064413
1790637139.3779786,1.7642349703237414
1790637139.3835995,1.7655930132605135
1790637139.3848681,2.1849320037290454
1790637139.3856175,2.006127964705229
1790637139.3904696,1.2503470061346889
1790637139.3973277,1.3583560357801616
1790637139.4042656,1.5556360012851655
1790637139.4096138,1.5966250211931765
1790637139.4139905,1.4103719731792808
1790637139.4343798,2.1346649737097323
1790637139.4465003,1.7947519663721323
1790637139.4610505,1.6003819764591753
1790637139.4716868,1.6796889831312
1790637139.4995525,9.965088975150138
1790637139.499762,5.264359002467245
1790637139.4998512,23.637117992620915
1790637139.5015388,1.4002099633216858
1790637139.5124032,1.6414319979958236
1790637139.5277143,1.7425860278308392
1790637139.5520868,2.807636046782136
1790637139.570149,3.931515966542065
1790637139.581788,1.842253957875073
1790637139.5904272,1.5753859770484269
1790637139.6005468,2.3041789536364377
1790637139.6124575,1.897149020805955
1790637139.6248405,1.7782970098778605
1790637139.6473925,7.385580975096673
1790637139.6651082,24.40112002659589
1790637139.6747053,1.5150519902817905
1790637139.681827,1.327893987763673
1790637139.7054658,1.7936999793164432
1790637139.7469704,2.3286439827643335
1790637139.7491376,1.617058995179832
1790637139.7577055,3.4841879969462752
1790637139.7581902,3.4346639877185225
1790637139.7589831,2.0400549983605742
1790637139.7784142,2.49345600605011
1790637139.7955031,2.51877901609987
1790637139.8283703,2.4070729850791395
1790637139.8549967,3.618384012952447
1790637139.8551073,4.672383016441017
1790637139.8631914,1.702997018583119
1790637139.8713136,3.3813329646363854
1790637139.8739948,1.5264490502886474
1790637139.9248486,8.115897013340145
1790637139.924927,24.567975953686982
1790637139.9263892,1.3720439746975899
1790637139.9268787,1.1618429562076926
1790637139.9282515,1.254325034096837
1790637139.9420989,1.6899009933695197
1790637139.9535005,2.150907996110618
1790637139.9535663,1.7172599909827113
1790637139.9650843,1.5336080105043948
1790637139.9703648,2.2385239717550576
1790637139.9706407,1.9883820204995573
1790637139.9724765,1.2141229817643762
1790637139.9876347,1.5849749906919897
1790637139.9999316,2.621570019982755
1790637140.0000312,3.243569051846862
1790637140.0225441,2.2414729464799166
1790637140.0673866,2.844163973350078
1790637140.0812101,3.8807090022601187
1790637140.0813391,5.348453996703029
1790637140.0823376,3.3326349803246558
1790637140.082406,5.155815975740552
1790637140.0941312,1.9644549465738237
1790637140.1105368,1.6749569913372397
1790637140.13186,1.6998089849948883
1790637140.1467469,1.7833560123108327
1790637140.1472037,1.3806670322082937
1790637140.1604757,1.8561769975349307
1790637140.1732614,1.6744500026106834
1790637140.2194312,1.8296620110049844
1790637140.2287946,1.7519749817438424
1790637140.2371485,2.5509099941700697
1790637140.2601783,21.45047002704814
1790637140.261727,15.23606397677213
1790637140.2620604,24.490957031957805
1790637140.2621553,13.910355977714062
1790637140.2827654,1.8303580000065267
1790637140.2990158,1.6208480228669941
1790637140.301505,1.3174100313335657
1790637140.3389409,14.250017993617803
1790637140.3392718,25.209171988535672
1790637140.3393483,26.799315004609525
1790637140.3422315,1.6064260271377861
1790637140.3489313,2.0929439924657345
1790637140.3505776,1.6348640201613307
1790637140.3536856,1.4027649885974824
1790637140.369902,1.9668349996209145
1790637140.3822412,2.1516329725272954
1790637140.4096107,22.059281007386744
1790637140.4096792,18.884007004089653
1790637140.4131942,1.3209839817136526
1790637140.4232848,1.3949089916422963
1790637140.4389603,1.7219560104422271
1790637140.4445975,1.3848599628545344
1790637140.4576476,2.3174739908427
1790637140.4703727,1.5515480190515518
1790637140.4791865,3.1748400069773197
1790637140.5013502,22.85072999075055
1790637140.504528,1.5910009969957173
1790637140.5098372,1.3742709998041391
1790637140.5132792,1.2340050307102501
1790637140.5278654,4.148062027525157
1790637140.5282862,3.4056429867632687
1790637140.5291266,3.7864670157432556
1790637140.529395,3.1818420393392444
1790637140.539686,1.5031740185804665
1790637140.5536304,4.533183004241437
1790637140.5788803,23.410825990140438
1790637140.5792136,19.246910989750177
1790637140.5792947,24.423344992101192
1790637140.5815604,1.2900179717689753
1790637140.5851202,1.177877013105899
1790637140.589647,1.2467959895730019
1790637140.592376,1.2594969593919814
1790637140.6162589,2.1694270544685423
1790637140.6437044,2.4987930082716048
1790637140.6441524,1.3896769960410893
1790637140.6513743,1.6092700534500182
1790637140.659822,2.1778810187242925
1790637140.6603494,1.4470210298895836
1790637140.6755164,1.8808210152201355
1790637140.703039,2.9206759645603597
1790637140.7111397,2.0411399891600013
1790637140.7166965,3.491378971375525
1790637140.7275321,2.0100270048715174
1790637140.7338104,1.6400210442952812
1790637140.7542315,1.8231570138595998
1790637140.7802448,2.8766290051862597
1790637140.7910066,1.9864700152538717
1790637140.79602,1.3026419910602272
1790637140.8268456,1.9776910194195807
1790637140.829774,1.5600580372847617
1790637140.831305,1.1869900044985116
1790637140.8417983,1.384505012538284
1790637140.878,3.0192910344339907
1790637140.8808842,2.6639460120350122
1790637140.8893108,1.7869899747893214
1790637140.8956409,1.8606139929033816
1790637140.904736,1.6260709962807596
1790637140.9157174,1.9154400215484202
1790637140.9316108,1.954737992491573
1790637140.9351113,1.3112640008330345
1790637140.9421196,1.7299860483035445
1790637140.9973345,41.049005987588316
1790637140.9973938,35.54423799505457
1790637140.9982822,33.975076978094876
1790637140.9990268,44.17578998254612
1790637140.999506,6.862423033453524
1790637140.999876,6.037625018507242
1790637140.9999473,20.327777019701898
1790637141.001416,1.217888027895242
1790637141.004152,1.1708089732564986
1790637141.0077999,1.173008990008384
1790637141.0259585,1.6650789766572416
1790637141.0338998,1.6763399471528828
1790637141.064211,22.34173403121531
1790637141.0678024,1.6875189612619579
1790637141.0818574,2.2382960305549204
1790637141.0855095,1.5976279973983765
1790637141.0968955,1.542709011118859
1790637141.0992875,1.711966993752867
1790637141.100619,1.0960439685732126
1790637141.1170573,1.726433984003961
1790637141.1209316,1.3612100156024098
1790637141.1327856,1.4242079923860729
1790637141.1708612,28.464959003031254
1790637141.1756127,33.9316829922609
1790637141.1878278,37.274300993885845
1790637141.1884825,40.588998002931476
1790637141.1893628,10.944171983283013
1790637141.189427,12.785462022293359
1790637141.1904788,1.7166169709526002
1790637141.191598,1.1109429760836065
1790637141.1950414,1.1554540251381695
1790637141.2256014,23.91836600145325
1790637141.2256808,8.768607978709042
1790637141.2344391,1.6441940097138286
1790637141.2645185,24.420934030786157
1790637141.2817569,42.460902011953294
1790637141.2867064,38.53555500973016
1790637141.2925909,44.34153001056984
1790637141.2942872,32.36660797847435
1790637141.294702,24.83954798663035
1790637141.2953448,46.036517014726996
1790637141.2957313,17.384982958901674
1790637141.296139,4.804152995347977
1790637141.2980752,1.9230080069974065
1790637141.2992942,2.241140988189727
1790637141.3003466,1.9274100195616484
1790637141.3055024,2.2035579895600677
1790637141.3103747,1.9884869689121842
1790637141.3123448,1.5975710120983422
1790637141.316933,2.055216988082975
1790637141.3193736,1.62651197751984
1790637141.367327,32.759909983724356
1790637141.3680148,45.96018703887239
1790637141.3683584,4.525605996605009
1790637141.3685746,41.4018559968099
1790637141.3691876,3.1804469763301313
1790637141.3749425,2.1355380304157734
1790637141.3767395,1.59882300067693
1790637141.397397,2.923501015175134
1790637141.4045768,2.3508850135840476
1790637141.4240847,3.0557719874195755
1790637141.4267232,3.553944989107549
1790637141.4268064,2.5462310295552015
1790637141.4388835,2.2693200153298676
1790637141.4439626,2.249690005555749
1790637141.44534,2.437580027617514
1790637141.4993987,23.79711501998827
1790637141.499494,27.049303986132145
1790637141.499612,20.65719000529498
1790637141.500348,14.927662035916
1790637141.519263,17.439251008909196
1790637141.5238507,12.011231970973313
1790637141.523916,22.784744040109217
1790637141.5381498,1.7372360453009605
1790637141.540212,1.4213789836503565
1790637141.553181,2.0124249858781695
1790637141.5844479,25.433795992285013
1790637141.5845346,18.788719025906175
1790637141.5931413,1.7137550166808069
1790637141.5993612,1.5655989991500974
1790637141.6030393,1.3549249852076173
1790637141.6141803,1.6818250296637416
1790637141.6262136,1.627114019356668
1790637141.6355486,1.8546890350989997
1790637141.6864295,2.1904329769313335
1790637141.7391934,47.31478402391076
1790637141.7395542,26.149614015594125
1790637141.7406402,33.97861297708005
1790637141.7416472,8.874127001035959
1790637141.7420661,8.606401039287448
1790637141.7421331,11.06965501094237
1790637141.7422218,28.158286993857473
1790637141.7507675,1.9436790025793016
1790637141.756675,1.5523740439675748
1790637141.7643635,1.6116569750010967
1790637141.7672021,1.464353990741074
1790637141.781468,1.8780360114760697
1790637141.8151808,1.9979050266556442
1790637141.8336458,1.9831579993478954
1790637141.845104,1.945270982105285
1790637141.8576136,1.8934589461423457
1790637141.9086113,51.819431013427675
1790637141.9100802,43.73541002860293
1790637141.910454,35.099523956887424
1790637141.9116786,51.01625103270635
1790637141.9120693,9.84458700986579
1790637141.912447,7.0849869516678154
1790637141.9127054,20.961994014214724
1790637141.9145086,4.23371500801295
1790637141.9145794,1.863414014223963
1790637141.91961,1.3373619876801968
1790637141.9260967,1.7176889814436436
1790637141.926935,1.5299870283342898
1790637141.9400818,1.896288013085723
1790637141.9477217,1.5807730378583074
1790637141.952103,1.6382180037908256
1790637141.9521747,2.2570170112885535
1790637141.961683,1.8732130411081016
1790637141.9657362,1.4171869843266904
1790637141.9753296,1.5979090239852667
1790637141.9861095,1.455574994906783
1790637141.9969718,1.7053309711627662
1790637142.0114992,1.9352500094100833
1790637142.0230517,1.5669660060666502
1790637142.0349038,1.404753013048321
1790637142.0854616,3.0616639996878803
1790637142.1184502,34.46871001506224
1790637142.1312048,32.165975018870085
1790637142.1315749,34.795802959706634
1790637142.131865,9.639836032874882
1790637142.1328757,10.02152799628675
1790637142.1329553,2.9480779776349664
1790637142.1510143,12.595326988957822
1790637142.1615896,17.426805046852678
1790637142.1616726,22.721702000126243
1790637142.1648362,1.3892370043322444
1790637142.2331324,2.2658249945379794
1790637142.2332923,3.1403619796037674
1790637142.23541,1.2464739847928286
1790637142.238618,1.3629079912789166
1790637142.2774682,14.122434018645436
1790637142.2785034,9.696621040347964
1790637142.278635,6.54188496991992
1790637142.2787166,28.850022004917264
1790637142.2847703,1.6322580049745739
1790637142.3088274,2.139732998330146
1790637142.3129606,1.5736190252937376
1790637142.322196,1.8040619906969368
1790637142.3265584,1.551381021272391
1790637142.328989,1.8601500196382403
1790637142.3350005,1.5527359792031348
1790637142.3500757,1.8284310353919864
1790637142.3703265,2.1489410428330302
1790637142.4081953,1.8997800070792437
1790637142.4118948,1.3616550131700933
1790637142.4274006,1.774144999217242
1790637142.4302444,1.7874710028991103
1790637142.4331222,1.815658004488796
1790637142.4365184,1.7571219941601157
1790637142.4454052,2.434187976177782
1790637142.4516454,1.918452966492623
1790637142.4619367,2.223685965873301
1790637142.4620194,3.144099027849734
1790637142.4812965,1.8815490184351802
1790637142.5100787,1.8967660143971443
1790637142.511456,1.3670969638042152
1790637142.5229156,1.7505110008642077
1790637142.550438,2.2305159945972264
1790637142.5574152,1.536137016955763
1790637142.5729468,2.891595009714365
1790637142.5730407,3.5900959628634155
1790637142.594931,1.9406650098972023
1790637142.6124623,1.6777589917182922
1790637142.616856,1.3752079685218632
1790637142.6298966,1.6665950533933938
1790637142.6357033,1.5316520002670586
1790637142.6461134,1.8217189935967326
1790637142.6466072,1.520613965112716
1790637142.6530266,1.2546940124593675
1790637142.6683376,1.8219059566035867
1790637142.6745543,1.702433975879103
1790637142.6988459,2.0234260009601712
1790637142.7220051,2.197687979787588
1790637142.748867,10.653029021341354
1790637142.7489467,22.96419400954619
1790637142.7551792,1.8978170119225979
1790637142.770319,1.8282549572177231
1790637142.797911,11.088175000622869
1790637142.81003,24.854718998540193
1790637142.8101385,23.512389976531267
1790637142.810922,1.6048100078478456
1790637142.8157651,1.4710199902765453
1790637142.831125,1.8324230331927538
1790637142.8543606,1.9633789779618382
1790637142.8632898,1.8137430306524038
1790637142.88541,17.683653975836933
1790637142.8854873,23.093177005648613
1790637142.89033,1.344083051662892
1790637142.8975375,1.9333140226081014
1790637142.9422462,1.797641976736486
1790637142.9495656,2.361802035011351
1790637142.9756854,22.174015000928193
1790637142.9762254,17.727672995533794
1790637142.9772446,17.060604004655033
1790637142.977349,8.968503039795905
1790637142.9774013,24.83565401053056
1790637142.9847188,1.4348819968290627
1790637142.9923606,1.5246610273607075
1790637143.006353,1.6895289882086217
1790637143.0149019,1.8439259729348123
1790637143.0331593,1.870847016107291
1790637143.0363889,1.5269009745679796
1790637143.0430293,2.0850180299021304
1790637143.0435097,3.096444997936487
1790637143.0482256,1.494247990194708
1790637143.0505867,1.9189589656889439
1790637143.0510988,1.683197042439133
1790637143.0721872,2.0160009735263884
1790637143.081272,2.1963989711366594
1790637143.0906384,1.4980690320953727
1790637143.1009338,1.6812050016596913
1790637143.1159554,1.8990040407516062
1790637143.1176028,1.2938420404680073
1790637143.137515,3.1250460306182504
1790637143.13764,2.71149497712031
1790637143.1466267,1.6495460295118392
1790637143.150093,1.431212993338704
1790637143.151619,1.220199977979064
1790637143.1680305,1.7574329976923764
1790637143.1719728,1.4788599801249802
1790637143.178105,1.4627010095864534
1790637143.1874306,1.6117990016937256
1790637143.1910093,1.470657007303089
1790637143.2107038,1.8148119561374187
1790637143.2120936,1.3789389631710947
1790637143.217347,1.7791440477594733
1790637143.2181077,1.689836964942515
1790637143.2238529,1.6594850458204746
1790637143.2245119,1.4187810011208057
1790637143.2268643,1.2603329960256815
1790637143.2393847,1.8694900209084153
1790637143.2475986,1.585074991453439
1790637143.2630973,2.29906098684296
1790637143.281612,1.676362007856369
1790637143.2831335,1.4291609986685216
1790637143.2923765,2.124731952790171
1790637143.2945979,1.4063040143810213
1790637143.2958877,1.1852019815705717
1790637143.3100533,1.9081169739365578
1790637143.3361707,24.267119995784014
1790637143.3362737,21.385647007264197
1790637143.3424215,1.9306150497868657
1790637143.342951,1.5331770409829915
1790637143.3613536,1.6954719903878868
1790637143.3693786,2.029282972216606
1790637143.3753178,1.7277770093642175
1790637143.3777184,1.3014859869144857
1790637143.3822827,1.506271946709603
1790637143.3839324,1.1780740460380912
1790637143.391101,1.5300260274671018
1790637143.3953202,1.2694959877990186
1790637143.3977458,1.512888993602246
1790637143.3991606,1.392112986650318
1790637143.415225,1.7038859659805894
1790637143.41984,1.33446796098724
1790637143.4247367,1.372493978124112
1790637143.435135,2.1826610318385065
1790637143.45747,19.927950983401388
1790637143.4583952,22.69409701693803
1790637143.4586422,20.15981002477929
1790637143.45963,20.468637987505645
1790637143.4596982,18.570789019577205
1790637143.4653428,1.8499090219847858
1790637143.4749823,1.8400719854980707
1790637143.486794,1.6844869824126363
1790637143.5030708,2.226445998530835
1790637143.5038025,1.7430500010959804
1790637143.511816,1.5179099864326417
1790637143.5232224,2.073657000437379
1790637143.5308359,1.7496049986220896
1790637143.546908,1.9247399759478867
1790637143.5540411,1.814684015698731
1790637143.556698,1.2854260276071727
1790637143.562622,1.5258450293913484
1790637143.5644646,1.6281820135191083
1790637143.5673587,1.2966800131835043
1790637143.579049,2.1423109574243426
1790637143.5864239,1.649154000915587
1790637143.5990982,1.8247850239276886
1790637143.6117275,1.8815029761753976
1790637143.6198356,1.5553480479866266
1790637143.6254084,1.5006110188551247
1790637143.6258097,1.2608370161615312
1790637143.6471782,1.773915020748973
1790637143.6821742,2.1475559915415943
1790637143.683526,1.4672140241600573
1790637143.691373,1.6121460357680917
1790637143.691951,1.6533100279048085
1790637143.7004216,1.883653982076794
1790637143.7111137,1.919754024129361
1790637143.744156,24.127718003001064
1790637143.7452953,17.339189013000578
1790637143.745564,5.3106569685041904
1790637143.7456353,3.968121949583292
1790637144.7632897,1.6902029747143388
1790637144.769732,1.5449069906026125
1790637144.7759068,1.9728310289792717
1790637144.804862,23.74514000257477
1790637144.805312,25.344403984490782
1790637144.8053906,17.649727000389248
1790637144.8064291,17.785864998586476
1790637144.8066967,15.895696997176856
1790637144.8072436,6.800127972383052
1790637144.8078344,4.270047007594258
1790637144.8307471,1.7428419669158757
1790637144.8433006,1.6622450202703476
1790637144.8465157,1.3863169588148594
1790637144.8489268,1.6270159976556897
1790637144.8494236,1.534789043944329
1790637144.8527083,1.1809510178864002
1790637144.8584895,1.2315079802647233
1790637144.8657224,1.502644969150424
1790637144.870229,1.405755989253521
1790637144.8778043,2.3309640237130225
1790637144.877889,2.8877530130557716
1790637144.878315,2.277908963151276
1790637144.8794289,1.1052179615944624
1790637144.883832,1.237168035004288
1790637144.8999796,2.174339024350047
1790637144.9027221,1.5484680188819766
1790637144.9054978,1.4978129765950143
1790637144.911899,1.6306039760820568
1790637144.9132268,2.172692969907075
1790637144.9134865,1.5786869917064905
1790637144.9331384,2.0482440013438463
1790637144.9440906,1.5891470247879624
1790637144.9643598,2.0867030252702534
1790637144.979294,1.7824259703047574
1790637144.9928231,3.2630959758535028
1790637144.9928935,3.904343000613153
1790637144.993185,1.4679610030725598
1790637145.003557,1.4897860237397254
1790637145.0058396,1.2218279880471528
1790637145.0397816,2.152198983822018
1790637145.069377,24.530612980015576
1790637145.0698092,29.587206023279577
1790637145.069882,13.747234013862908
1790637145.080869,1.8609469989314675
1790637145.1224813,2.019337029196322
1790637145.1409364,1.827133004553616
1790637145.1575682,1.9078460172750056
1790637145.1581995,1.4780019992031157
1790637145.1901968,2.0254660048522055
1790637145.1914158,2.4218549951910973
1790637145.192379,1.8438050174154341
1790637145.19295,1.3616069918498397
1790637145.1960075,1.4256619615480304
1790637145.2008538,1.7181559815071523
1790637145.2046728,1.3961149961687624
1790637145.2181716,2.121648984029889
1790637145.21898,1.7178870039060712
1790637145.2506614,17.46149203972891
1790637145.2515595,25.88679298060015
1790637145.251628,6.250058009754866
1790637145.2534525,1.276519033126533
1790637145.3102326,2.0032929605804384
1790637145.3151426,1.720224041491747
1790637145.3308501,1.8883990123867989
1790637145.381268,23.4400870394893
1790637145.381427,17.289633047766984
1790637145.382311,17.298983002547175
1790637145.382417,6.328352028504014
1790637145.3869846,1.5164499636739492
1790637145.3910885,1.3431820552796125
1790637145.3995507,1.9814909901469946
1790637145.4020846,1.7441280069760978
1790637145.4167225,2.152169996406883
1790637145.417169,2.0057730143889785
1790637145.4185748,1.216426957398653
1790637145.423798,1.5668509877286851
1790637145.448918,11.005488981027156
1790637145.4498992,7.5400350033305585
1790637145.4501297,28.478887979872525
1790637145.4597874,14.938011998310685
1790637145.471463,24.820778984576464
1790637145.4724784,23.546078999061137
1790637145.4729187,11.20598497800529
1790637145.4737341,1.3656909577548504
1790637145.5339875,47.509264026302844
1790637145.5366204,35.27040203334764
1790637145.5370028,34.174672968219966
1790637145.537154,15.96825203159824
1790637145.55331,1.9925759988836944
1790637145.5670033,2.0332870190031826
1790637145.587812,1.8592369742691517
1790637145.5911083,1.4864119584672153
1790637145.6082356,2.098760975059122
1790637145.6087315,1.5152529813349247
1790637145.6367636,1.7850520089268684
1790637145.6683517,24.53258796595037
1790637145.6685066,14.763879997190088
1790637145.6692724,24.874635972082615
1790637145.6694,8.38928302982822
1790637145.678252,1.6381710302084684
1790637145.6842399,2.261999004986137
1790637145.6893952,1.9573319586925209
1790637145.6899223,1.3866989756934345
1790637145.7057877,1.7153500230051577
1790637145.7431195,1.751470030285418
1790637145.746136,1.4759720070287585
1790637145.747766,1.1860240483656526
1790637145.763246,2.2214879863895476
1790637145.7682455,1.4702449552714825
1790637145.794663,16.68787602102384
1790637145.7947524,25.999728008173406
1790637145.7948313,15.191559970844537
1790637145.8026223,1.7517610103823245
1790637145.856935,1.7773539875634015
1790637145.8629937,1.8415329977869987
1790637145.865381,1.353265019133687
1790637145.8764892,2.312552009243518
1790637145.8782778,1.7773499712347984
1790637145.8788528,1.416451996192336
1790637145.9234385,20.591070991940796
1790637145.9239607,25.824683951213956
1790637145.9247465,12.248941988218576
1790637145.9253235,7.2329259710386395
1790637145.9253852,5.341144977137446
1790637145.9358618,2.067637979052961
1790637145.9389346,1.5190320555120707
1790637145.9408894,1.3301449944265187
1790637145.9462705,2.1328870207071304
1790637145.9463413,2.6769459946081042
1790637145.954887,1.7036459757946432
1790637145.9583557,1.3152749743312597
1790637145.9663558,1.720030966680497
1790637145.988138,2.0680740126408637
1790637146.0194333,24.180718988645822
1790637146.0199084,23.296883970033377
1790637146.0200727,7.586112013086677
1790637146.0221655,2.2430919925682247
1790637146.0222712,1.6401429893448949
1790637146.0247526,1.236348005477339
1790637146.0286827,1.5582380001433194
1790637146.0287514,2.1226410171948373
1790637146.0354383,1.3276600511744618
1790637146.043351,1.895477995276451
1790637146.0529926,1.7696039867587388
1790637146.0570316,1.905679004266858
1790637146.0603256,1.5414530062116683
1790637146.0735807,1.5786690055392683
1790637146.0753183,1.442334963940084
1790637146.0814743,1.6649789758957922
1790637146.0847347,1.4553299988619983
1790637146.119559,1.7607510089874268
1790637146.141079,2.459568961057812
1790637146.1425312,1.909181009978056
1790637146.143398,1.3480930356308818
1790637146.1520185,1.4588009798899293
1790637146.1606045,1.6998929786495864
1790637146.1798959,1.7861889791674912
1790637146.181132,1.2256419868208468
1790637146.2026153,1.782804960384965
1790637146.2109675,1.528021995909512
1790637146.2145262,1.4701660256832838
1790637146.2188506,1.2317000073380768
1790637146.2235148,1.6907210228964686
1790637146.2281232,2.234403043985367
1790637146.2286768,1.454148965422064
1790637146.2356372,1.7000340158119798
1790637146.2411335,1.6851370455697179
1790637146.2443182,1.4013639884069562
1790637146.2473335,1.5045879990793765
1790637146.2506812,1.2622610083781183
1790637146.268792,2.1703230449929833
1790637146.2800784,2.2345369798131287
1790637146.280625,1.504767977166921
1790637146.3096151,19.640902988612652
1790637146.3100257,11.260282015427947
1790637146.3101382,24.1525589954108
1790637146.3161976,1.5272980090230703
1790637146.3181283,1.6294980305247009
1790637146.3193827,1.2435860116966069
1790637146.3243983,1.2778770178556442
1790637146.3289983,1.3394689885899425
1790637146.3460379,3.0867820023559034
1790637146.3469756,1.5173180145211518
1790637146.3646393,1.7693350091576576
1790637146.368581,1.571033033542335
1790637146.3717368,1.825636951252818
1790637146.3923008,3.004333993885666
1790637146.4146173,23.402891005389392
1790637146.4269378,1.683753973338753
1790637146.431466,1.4257379807531834
1790637146.459489,1.8243750091642141
1790637146.4610915,1.3666650047525764
1790637146.4747314,1.7562390421517193
1790637146.508969,22.566555999219418
1790637146.5205622,1.7246970091946423
1790637146.5743704,1.80347595596686
1790637146.5771487,1.4280850300565362
1790637146.5877826,1.7241349560208619
1790637146.59603,1.5453859814442694
1790637146.6018639,1.7264800262637436
1790637146.6328087,22.56648294860497
1790637146.668506,24.717068998143077
1790637146.6685967,10.69585100049153
1790637146.6747496,1.9417440053075552
1790637146.6755376,1.5912270173430443
1790637146.6781476,1.9042250351049006
1790637146.6794617,1.8202990177087486
1790637146.6810994,1.315257977694273
1790637146.6974645,1.904238946735859
1790637146.6989965,1.3233610079623759
1790637146.701185,1.308682025410235
1790637146.724069,2.30247899889946
1790637146.7291467,2.1767410216853023
1790637146.7318776,1.4612069935537875
1790637146.746521,1.6561790253035724
1790637146.7522652,1.626325014512986
1790637146.7748988,2.0221919985488057
1790637146.788637,1.6521280049346387
1790637146.789384,3.027540980838239
1790637146.7944467,1.4957320527173579
1790637146.7964942,1.217584009282291
1790637146.7986813,1.3486759853549302
1790637146.8227928,1.7428509891033173
1790637146.836758,1.6456730081699789
1790637146.8459284,2.52355495467782
1790637146.871901,25.06578399334103
1790637146.8720446,11.987699952442199
1790637146.894645,32.285709981806576
1790637146.8947375,21.6253719991073
1790637146.9195745,23.978713958058506
1790637146.9307008,1.6964009846560657
1790637146.9571865,23.11430498957634
1790637146.957793,1.7691379762254655
1790637146.9757366,1.9196670036762953
1790637146.988908,1.8685840186662972
1790637147.003135,2.106257015839219
1790637147.0032067,2.714926959015429
1790637147.0053153,1.3534990139305592
1790637147.0059087,1.387266966048628
1790637147.022968,1.940823975019157
1790637147.0257003,2.053453994449228
1790637147.0285518,1.4683269546367228
1790637147.0319488,1.2510829837992787
1790637147.0351014,1.8346759607084095
1790637147.0358272,1.1583160376176238
1790637147.05756,1.78688601590693
1790637147.0719566,3.117708023637533
1790637147.0723984,2.8498100000433624
1790637147.0727155,2.0364359952509403
1790637147.0738714,1.1468720040284097
1790637147.0796425,1.2693639728240669
1790637147.1192837,1.7295770230703056
1790637147.1475873,1.921136979945004
1790637147.1535082,1.573231944348663
1790637147.1756513,2.092909999191761
1790637147.185265,1.7488939920440316
1790637147.2088113,20.602916018106043
1790637147.210197,26.0589339886792
1790637147.2102838,15.421646006871015
1790637147.210352,5.677229026332498
1790637147.2246122,1.91855599405244
1790637147.2340505,1.536714960820973
1790637147.235703,1.3553269673138857
1790637147.2626798,2.9610099736601114
1790637147.2627451,2.344537992030382
1790637147.267178,1.8836800009012222
1790637147.269566,1.2914870167151093
1790637147.2826366,2.9140000115148723
1790637147.2840524,3.2152910134755075
1790637147.2841122,2.3102780105546117
1790637147.2966502,1.6675450024195015
1790637147.299454,1.4445229899138212
1790637147.323929,23.250862024724483
1790637147.3245924,16.794253955595195
1790637147.3249247,12.775512004736811
1790637147.32528,10.462398000527173
1790637147.3403947,2.4126399657689035
1790637147.348116,2.559487009420991
1790637147.348536,2.2939619957469404
1790637147.3505092,1.6340940492227674
1790637147.3528965,1.7251360113732517
1790637147.3865654,2.261324960272759
1790637147.3916156,2.9178049881011248
1790637147.3924778,2.5093929725699127
1790637147.3927815,1.7497339867986739
1790637147.3976982,1.799935009330511
1790637147.4029825,2.6814029552042484
1790637147.4038196,1.932801038492471
1790637147.4054613,1.6306890174746513
1790637147.4665306,23.616850026883185
1790637147.4667647,16.87689102254808
1790637147.4674532,28.401078016031533
1790637147.467724,7.938794034998864
1790637147.467808,20.88557800743729
1790637147.4794228,1.9375180127099156
1790637147.486029,2.0260789897292852
1790637147.496276,2.852847974281758
1790637147.4964123,4.206746001727879
1790637147.513057,17.260833003092557
1790637147.5199897,21.63083100458607
1790637147.5207918,26.351724984124303
1790637147.5208826,21.955940988846123
1790637147.5209584,2.7231340063735843
1790637147.5210562,8.597358013503253
1790637147.5435703,20.45106899458915
1790637147.5490036,19.71087499987334
1790637147.549946,18.461121013388038
1790637147.550065,31.09749499708414
1790637147.5508158,13.974866014905274
1790637147.5508878,16.031936975196004
1790637147.5519629,9.762278001289815
1790637147.5520616,12.20881100744009
1790637147.5525815,7.979179034009576
1790637147.5620117,1.6983200330287218
1790637147.5830984,2.217917994130403
1790637147.5835307,1.3100050273351371
1790637147.6096082,1.7890960443764925
1790637147.6237693,1.8426300375722349
1790637147.6306815,1.9441500189714134
1790637147.6365745,2.1281249937601388
1790637147.6471736,1.9526989781297743
1790637147.654649,2.250377961900085
1790637147.6637888,1.9619439844973385
1790637147.668861,1.9496720051392913
1790637147.6801598,2.0389630226418376
1790637147.6913826,1.8048129859380424
1790637147.692402,1.7995089874602854
1790637147.6971986,1.6108970157802105
1790637147.6980605,1.8060889560729265
1790637147.7322237,2.016249985899776
1790637147.7587273,6.2613540212623775
1790637147.758811,27.746676991228014
1790637147.7629118,2.0173959783278406
1790637147.764012,1.8435839447192848
1790637147.7685423,1.5077010029926896
1790637147.7888522,1.8463879823684692
1790637147.8018494,2.1756550413556397
1790637147.8024182,1.4581899740733206
1790637147.806581,1.453027012757957
1790637147.8134897,1.7495729844085872
1790637147.8187568,1.3996760244481266
1790637147.8225598,1.474811986554414
1790637147.8285606,1.5196240274235606
1790637147.8451517,6.974391988478601
1790637147.8649259,19.653739989735186
1790637147.8657947,28.18095200927928
1790637147.8662498,25.029980984982103
1790637147.8665805,14.90016095340252
1790637147.8671904,10.346317023504525
1790637147.867377,9.473582962527871
1790637147.9190445,57.295228994917125
1790637147.919529,22.14464801363647
1790637147.9200208,36.01726196939126
1790637147.9212172,1.8526879721321166
1790637147.9430254,12.346258969046175
1790637147.9625165,11.535176017787308
1790637147.9626284,5.711702979169786
1790637147.9633548,33.55294500943273
1790637148.0113251,2.6018019998446107
1790637148.0123475,2.032529970165342
1790637148.0148919,1.2930959928780794
1790637148.024222,1.8722160020843148
1790637148.0248106,1.6454579890705645
1790637148.0327983,1.6243940335698426
1790637148.04719,1.8581629847176373
1790637148.0749602,18.766526016406715
1790637148.077756,25.706302956677973
1790637148.0786967,8.736025949474424
1790637148.0791175,9.873908013105392
1790637148.0801296,1.5402269782498479
1790637148.0829527,1.2222619843669236
1790637148.0975769,1.7594940145500004
1790637148.107472,1.9090870046056807
1790637148.1405323,1.9709010375663638
1790637148.146829,1.773249008692801
1790637148.1615188,2.1019080304540694
1790637148.178252,1.9855760037899017
1790637148.189462,1.7232209793291986
1790637148.2013867,1.8509210203774273
1790637148.2105877,1.7163219745270908
1790637148.2234309,1.7892360338009894
1790637148.2384825,1.8322379910387099
1790637148.2416477,1.3401759788393974
1790637148.251091,2.2406690404750407
1790637148.2733967,20.16344404546544
1790637148.2736769,23.593479010742158
1790637148.2739985,15.812259982340038
1790637148.315914,20.17429197439924
1790637148.3165,24.926055048126727
1790637148.3167915,12.429924972821027
1790637148.3176606,11.78384997183457
1790637148.3177357,7.690216007176787
1790637148.3263037,1.419103005900979
1790637148.3380396,1.6516809700988233
1790637148.343282,1.4978949911892414
1790637148.3506246,1.8968090298585594
1790637148.369011,1.7304890207014978
1790637148.370213,1.1920369579456747
1790637148.37586,2.1127660293132067
1790637148.376944,2.0354550215415657
1790637148.3778183,1.5765029820613563
1790637148.3850353,1.6531420405954123
1790637148.3917983,1.8200940103270113
1790637148.4190319,1.8919679569080472
1790637148.4191048,2.5925320223905146
1790637148.441931,2.683855011127889
1790637148.4421406,3.4498770255595446
1790637148.4429488,1.418155967257917
1790637148.4473305,1.5643530059605837
1790637148.4679525,1.763759006280452
1790637148.4742007,1.5808900352567434
1790637148.488043,1.7805959796532989
1790637148.4950485,1.7706209910102189
1790637148.5000253,1.4904499985277653
1790637148.5203004,1.721641980111599
1790637148.5280585,1.833517977502197
1790637148.574173,41.1176509805955
1790637148.5798943,35.36916902521625
1790637148.5818727,18.876404967159033
1790637148.5820103,50.71840499294922
1790637148.5864592,31.990775954909623
1790637148.6055636,36.0482310061343
1790637148.606164,38.16742304479703
1790637148.6067443,34.816276980564
1790637148.607069,26.54454199364409
1790637148.6071372,15.389667998533696
1790637148.6121469,1.5570399700663984
1790637148.6126573,1.4197290292941034
1790637148.6140697,1.4019940281286836
1790637148.6171737,1.2075869599357247
1790637148.6478548,27.278027962893248
1790637148.658291,15.843242988921702
1790637148.6716638,10.458830976858735
1790637148.6718342,27.690540009643883
1790637148.6719384,3.8833649596199393
1790637148.6725228,2.5380440056324005
1790637148.6864605,2.009352028835565
1790637148.6945527,2.0715169957838953
1790637148.6956413,1.932686020154506
1790637148.6965003,1.677508989814669
1790637148.7084553,1.7575059900991619
1790637148.7134593,1.6095730243250728
1790637148.727577,1.958391978405416
1790637148.733183,1.674222992733121
1790637148.7360158,1.2593180290423334
1790637148.742631,1.4336269814521074
1790637148.7491775,1.7416139598935843
1790637148.7509127,1.7246469506062567
1790637148.752913,1.339143025688827
1790637148.7558362,1.3641639961861074
1790637148.765522,1.921140996273607
1790637148.7717881,1.6703190049156547
1790637148.7965617,3.0032999929971993
1790637148.796633,2.4849780020304024
1790637148.81955,2.028425980824977
1790637148.8302479,2.089618006721139
1790637148.8372955,1.6345559852197766
1790637148.8377922,1.4060279936529696
1790637148.847355,1.9220259855501354
1790637148.8492568,1.3334680115804076
1790637148.855126,1.4151140348985791
1790637148.8678482,1.883735996671021
1790637148.8711247,1.3627029838971794
1790637148.9001646,2.8490429976955056
1790637148.90323,2.4761640233919024
1790637148.9072263,2.91734398342669
1790637148.924616,2.739619987551123
1790637148.927548,3.2042479724623263
1790637148.9280016,4.624538007192314
1790637148.9280868,2.477333997376263
1790637148.9386566,1.871894986834377
1790637148.941038,1.3329660287126899
1790637148.9436479,1.3568750000558794
1790637148.9767077,19.882260996382684
1790637148.9773202,23.406527005136013
1790637148.9774141,17.444107972551137
1790637148.9790742,1.3862389605492353
1790637148.9852042,1.5142600168474019
1790637148.9867024,1.4887789729982615
1790637148.9907496,1.3401320320554078
1790637148.999317,1.8457879777997732
1790637149.00508,1.8796880031004548
1790637149.0069907,1.3296940014697611
1790637149.0139995,1.7363069928251207
1790637149.055258,2.1188000100664794
1790637149.0579116,1.8458790145814419
1790637149.08103,1.8250919529236853
1790637149.0887496,1.736480975523591
1790637149.121834,20.849492982961237
1790637149.1228936,25.09726898279041
1790637149.1229725,15.418279042933136
1790637149.1238382,9.528043970931321
1790637149.1241753,5.029666004702449
1790637149.1242495,6.344356981571764
1790637149.129091,1.3134480104781687
1790637149.131207,1.4329699915833771
1790637149.131669,1.2883500312454998
1790637149.1354601,1.4583489974029362
1790637149.1626446,20.3069580020383
1790637149.162813,19.590000971220434
1790637149.1633604,19.657903991173953
1790637149.1634693,24.26684700185433
1790637149.163872,17.088496999349445
1790637149.1641588,13.975867012050003
1790637149.1752136,1.7751529812812805
1790637149.2173188,1.8923419993370771
1790637149.2213438,1.8142799963243306
1790637149.234688,13.331230962648988
1790637149.2484376,25.188681029248983
1790637149.2485332,26.586117048282176
1790637149.2526624,3.475787991192192
1790637149.2527692,2.899818995501846
1790637149.2528338,4.193809989374131
1790637149.2611666,1.5462380251847208
1790637149.266077,1.3940820354036987
1790637149.274315,1.5183310024440289
1790637149.2925382,1.8549690139479935
1790637149.2929134,1.39021803624928
1790637149.3238223,22.214444004930556
1790637149.3239267,21.66499401209876
1790637149.3240108,25.929511000867933
1790637149.364167,20.466954039875418
1790637149.3648586,9.146313008386642
1790637149.3649318,27.248312020674348
1790637149.392266,4.120619036257267
1790637149.3923497,25.4606640082784
1790637149.3924053,13.717454974539578
1790637149.4088871,1.6738729900680482
1790637149.411247,1.2759249657392502
1790637149.4200351,2.5658789672888815
1790637149.420096,2.021474007051438
1790637149.4256043,1.772285031620413
1790637149.445354,2.1085930056869984
1790637149.4783819,14.76916199317202
1790637149.4789367,24.535959004424512
1790637149.4802096,10.308379016350955
1790637149.4805846,13.33634095499292
1790637149.4907284,20.11129999300465
1790637149.501177,24.307793006300926
1790637149.5051992,26.15278901066631
1790637149.505531,34.10320600960404
1790637149.526484,42.37996897427365
1790637149.5329823,24.433384998701513
1790637149.533446,24.15576600469649
1790637149.5340629,45.74196401517838
1790637149.5341656,19.34988598804921
1790637149.548888,2.7231539716012776
1790637149.5779457,1.8467800109647214
1790637149.5783997,1.3078319607302547
1790637149.5932305,1.631115039344877
1790637149.5997283,1.4501379919238389
1790637149.6481364,1.7964599537663162
1790637149.7011847,36.47341998293996
1790637149.7161984,23.36787199601531
1790637149.7165337,32.53379603847861
1790637149.7166157,19.792139995843172
1790637149.7241867,1.5934249968267977
1790637149.7626598,6.402308004908264
1790637149.7628856,29.036684019956738
1790637149.7862673,2.852498961146921
1790637149.787494,1.8032399821095169
1790637149.7937527,1.5201480127871037
1790637149.7989304,1.6565420082770288
1790637149.80075,1.3898780453018844
1790637149.8344347,25.333166995551437
1790637149.834801,9.336770977824926
1790637149.848954,1.8299919902347028
1790637149.8818338,2.0222110324539244
1790637149.912274,24.857063952367753
1790637149.9128547,1.685297000221908
1790637149.9320598,16.994255012832582
1790637149.939335,24.808185000438243
1790637149.9402866,2.111406996846199
1790637149.9418721,1.3085309765301645
1790637149.9474616,1.5834539663046598
1790637149.955367,1.5227720141410828
1790637149.9618173,1.5095449634827673
1790637149.965852,1.7448239959776402
1790637149.9732802,1.558244985062629
1790637149.9905424,1.6925160307437181
1790637150.0162568,2.2040909971110523
1790637150.0205154,1.4437389909289777
1790637150.0454214,2.010039985179901
1790637150.0492976,1.5750100137665868
1790637150.0588586,2.2183069959282875
1790637150.0707347,2.194090047851205
1790637150.0734215,1.5320760430768132
1790637150.1249905,22.818870027549565
1790637150.1282668,25.20283800549805
1790637150.1291766,28.129405982326716
1790637150.1292665,25.587363983504474
1790637150.130972,20.301024022046477
1790637150.1314373,20.02589200856164
1790637150.131503,18.58840003842488
1790637150.1320002,9.471779980231076
1790637150.1438305,1.733012031763792
1790637150.1462102,1.7361569916829467
1790637150.1490004,1.2716309865936637
1790637150.1610558,1.7119989497587085
1790637150.1737545,1.7623690073378384
1790637150.17761,1.5271860174834728
1790637150.1870894,1.5845400048419833
1790637150.215604,24.53189401421696
1790637150.215749,9.500681015197188
1790637150.2179544,6.105381005909294
1790637150.21809,5.128228978719562
1790637150.2188423,2.7741100057028234
1790637150.2191384,1.6925049712881446
1790637150.246908,2.156396978534758
1790637150.2496588,1.7243819893337786
1790637150.2921052,22.987905016634613
1790637150.2927191,7.206352020148188
1790637150.2956295,1.7473110347054899
1790637150.2983642,1.808333967346698
1790637150.313557,1.7827960546128452
1790637150.318742,1.4001810341142118
1790637150.3265293,1.344855991192162
1790637150.3448908,1.9241850241087377
1790637150.3511114,1.7731970292516053
1790637150.3533835,1.1760470224544406
1790637150.3636377,1.8773130141198635
1790637150.3763807,1.8030470237135887
1790637150.3809764,1.3675509835593402
1790637150.396793,1.9361510057933629
1790637150.408114,2.0866469712927938
1790637150.4781382,25.7856139796786
1790637150.4782445,54.383072012569755
1790637150.4785411,50.186514970846474
1790637150.4789484,3.9759550127200782
1790637150.4794753,2.6299519813619554
1790637150.484663,1.5179019537754357
1790637150.4867249,1.3847780064679682
1790637150.48793,1.2954709818586707
1790637150.5036182,1.7918850062415004
1790637150.5044818,1.7075440264306962
1790637150.5346878,23.227266035974026
1790637150.5348313,21.304302965290844
1790637150.5353785,2.336375997401774
1790637150.5403152,1.8140279571525753
1790637150.55678,3.4078260068781674
1790637150.55696,4.289981967303902
1790637150.5570385,2.824291994329542
1790637150.5614638,1.9483849755488336
1790637150.569498,1.5042690210975707
1790637150.5781734,1.8954280531033874
1790637150.5932744,1.7744460492394865
1790637150.5981412,2.2543660015799105
1790637150.59824,2.8641839744523168
1790637150.60305,2.259744971524924
1790637150.603103,1.8618489848449826
1790637150.6054788,1.5487150521948934
1790637150.6207864,1.8861920107156038
1790637150.6297648,1.9842339679598808
1790637150.6334875,1.4126800233498216
1790637150.6387467,1.3506790273822844
1790637150.6482685,1.6417300212197006
1790637150.6608822,1.6630979953333735
1790637150.6925826,2.2584529942832887
1790637150.7251282,23.638850019779056
1790637150.7266748,24.489262024872005
1790637150.7268002,25.953222007956356
1790637150.7284846,6.7667170078493655
1790637150.7286062,7.740700035355985
1790637150.7295191,2.323620021343231
1790637150.7308135,1.2851450010202825
1790637150.7397342,1.8871510401368141
1790637150.75961,3.2014980097301304
1790637150.7605348,2.800324000418186
1790637150.767433,2.9685969930142164
1790637150.7737381,2.793607010971755
1790637150.8088493,2.855319995433092
1790637150.8140626,2.02335900394246
1790637150.8172984,1.5433229855261743
1790637150.8510492,27.31707802740857
1790637150.8513541,26.936607959214598
1790637150.8517892,3.6249460536055267
1790637150.8518903,6.61474303342402
1790637150.8649933,1.879167975857854
1790637150.8883922,1.7247539944946766
1790637150.8924556,1.4124849694781005
1790637150.901563,2.1762099931947887
1790637150.9082108,1.6811179812066257
1790637150.912693,1.3550459989346564
1790637150.9214094,1.9468890386633575
1790637150.926674,1.4077239902690053
1790637150.931828,1.713269972242415
1790637150.9324453,1.6601489624008536
1790637150.9396966,2.0979760447517037
1790637150.9399571,1.6790239606052637
1790637150.9453194,1.8840740085579455
1790637150.9488816,1.2958900188095868
1790637150.9605465,1.985856972169131
1790637150.9835322,2.235933963675052
1790637150.9909523,1.354872016236186
1790637150.9982111,1.498570025432855
1790637151.0005383,1.2033869861625135
1790637151.0041327,1.2852479703724384
1790637151.0096884,1.45900301868096
1790637151.0333867,20.0792130199261
1790637151.034121,15.868256043177098
1790637151.0342386,22.915203007869422
1790637151.035684,12.972646043635905
1790637151.035831,11.194275983143598
1790637151.0362296,5.896181974094361
1790637151.0363183,6.998699973337352
1790637151.036701,5.007714964449406
1790637151.0386155,1.352147024590522
1790637151.0506978,1.8814599607139826
1790637151.0790243,2.5069619878195226
1790637151.0791054,3.1816550181247294
1790637151.1306067,29.418125981464982
1790637151.1363933,28.293886978644878
1790637151.1475058,25.677212979644537
1790637151.1483254,39.54372799489647
1790637151.1484346,22.606359038036317
1790637151.1484942,5.7506050216034055
1790637151.1574712,1.4317189925350249
1790637151.1798036,2.3409610148519278
1790637151.1802366,2.0777700119651854
1790637151.1933854,1.9925389788113534
1790637151.2551255,14.685664034914225
1790637151.2551901,25.48399497754872
1790637151.3148384,21.463258017320186
1790637151.3148997,26.58240997698158
1790637151.314965,12.98679900355637
1790637151.3197033,1.303834025748074
1790637151.3479545,2.2742750006727874
1790637151.3485801,1.7087149899452925
1790637151.3582923,1.7027040012180805
1790637151.360788,1.3784419861622155
1790637151.3698997,2.279888023622334
1790637151.3860624,1.8587849917821586
1790637151.395271,1.6507459804415703
1790637151.4026356,1.6983349923975766
1790637151.416531,1.7477499786764383
1790637151.4249642,2.6962290285155177
1790637151.4257488,1.9224160350859165
1790637151.4280791,1.307970960624516
1790637151.4365985,1.815203984733671
1790637151.4671862,18.426883034408092
1790637151.467736,11.49188500130549
1790637151.4682963,16.021780960727483
1790637151.4684038,11.19734498206526
1790637151.4684677,26.351784996222705
1790637151.47936,1.6223390121012926
1790637151.4848123,1.5520459855906665
1790637151.5076737,2.3559530382044613
1790637151.507736,3.4123760415241122
1790637151.5211878,1.7959519755095243
1790637151.5225706,1.251036999747157
1790637151.5280328,1.2257589842192829
1790637151.5591598,2.759943949058652
1790637151.559802,1.9210819737054408
1790637151.5701437,2.2316829999908805
1790637151.5736327,1.5989820240065455
1790637151.5952778,1.9497149623930454
1790637151.5971482,1.4556969981640577
1790637151.6024516,1.3230480253696442
1790637151.6074789,1.3499549822881818
1790637151.6237905,2.0883409888483584
1790637151.6423354,2.3843380040489137
1790637151.6788144,26.693251042161137
1790637151.6789696,17.971086024772376
1790637151.679034,17.043012019712478
1790637151.6793702,16.34789298987016
1790637151.7164764,15.477515000384301
1790637151.7205067,21.91342000151053
1790637151.7206078,9.749566961545497
1790637151.744552,26.91567497095093
1790637151.744839,8.53299000300467
1790637151.7449942,17.123834986705333
1790637151.7450554,10.276952991262078
1790637151.7453716,2.7436789823696017
1790637151.7474186,1.6746740438975394
1790637151.7481513,1.1787590337917209
1790637151.7512202,1.9190169987268746
1790637151.7524457,2.3177770199254155
1790637151.7525866,1.827205007430166
1790637151.7702458,1.7648320063017309
1790637151.803868,2.717686991672963
1790637151.830576,22.695794992614537
1790637151.8333046,1.559821015689522
1790637151.839564,1.8065120093524456
1790637151.845102,1.647411030717194
1790637151.8569689,2.6924709673039615
1790637151.8578846,1.8569629755802453
1790637151.8843737,24.66226799879223
1790637151.8846757,11.744051007553935
1790637151.8853498,9.667345031630248
1790637151.885736,8.765197999309748
1790637151.8972504,1.7942740232683718
1790637151.9062126,2.0095949876122177
1790637151.9267673,11.931426997762173
1790637151.9374154,23.32952298456803
1790637151.9379063,9.96529299300164
1790637151.9380553,7.727324962615967
1790637151.9381151,8.441402984317392
1790637151.941979,1.614367007277906
1790637151.9444308,1.3268950278870761
1790637151.9482958,1.3131109881214797
1790637151.966766,1.5562169719487429
1790637151.9777584,1.4870729646645486
1790637152.004286,2.0396310137584805
1790637152.0123074,3.3471499918960035
1790637152.0166597,2.1288080024532974
1790637152.0174878,2.1953010000288486
1790637152.0215461,1.376026018988341
1790637152.0381124,1.719001040328294
1790637152.0472744,2.0862019737251103
1790637152.0595353,1.811128982808441
1790637152.0779734,1.9820869783870876
1790637152.0844722,1.7183740274049342
1790637152.0866153,1.3111050357110798
1790637152.0896842,1.2592260027304292
1790637152.0977852,2.350158989429474
1790637152.1047988,2.2775710094720125
1790637152.1339927,16.165862965863198
1790637152.1412203,25.017555977683514
1790637152.1413062,22.146747971419245
1790637152.1417017,21.709889988414943
1790637152.1485584,1.2554510030895472
1790637152.1820288,23.735536029562354
1790637152.1821206,15.04274900071323
1790637152.1849437,1.9244020222686231
1790637152.19144,1.7459260416217148
1790637152.1999462,1.8411920173093677
1790637152.2057214,1.5489879879169166
1790637152.2098417,1.771072973497212
1790637152.2232063,1.844723999965936
1790637152.2299337,2.160375996027142
1790637152.239019,1.5973650151863694
1790637152.245197,1.6907340032048523
1790637152.25204,1.7254530102945864
1790637152.2595756,1.931685023009777
1790637152.2669406,1.729262003209442
1790637152.2703784,1.6006830264814198
1790637152.3188062,22.676091990433633
1790637152.319422,26.50978200836107
1790637152.3199391,17.355645017232746
1790637152.3200076,9.145963995251805
1790637152.3233469,1.2133550480939448
1790637152.3397532,1.5142280026338995
1790637152.346178,1.8922800081782043
1790637152.346988,1.7470609745942056
1790637152.3603845,1.4286449877545238
1790637152.375648,1.771644048858434
1790637152.38855,1.8119299784302711
1790637152.3908546,1.2251199805177748
1790637152.3938518,1.277672010473907
1790637152.4087899,7.704908028244972
1790637152.4305294,21.512295003049076
1790637152.4343174,21.21683902805671
1790637152.4349673,32.98433404415846
1790637152.43505,14.283814991358668
1790637152.4372327,1.9358600256964564
1790637152.4501178,1.8717710045166314
1790637152.474958,1.9318020204082131
1790637152.478065,2.8606090345419943
1790637152.478125,2.085334970615804
1790637152.5077662,23.72710400959477
1790637152.5083883,18.0796260247007
1790637152.509555,2.069242997094989
1790637152.5119114,1.5923809842206538
1790637152.5402677,1.992025994695723
1790637152.5713139,23.109289992135018
1790637152.5717652,26.7713229986839
1790637152.571859,11.287415982224047
1790637152.5721164,18.420610984321684
1790637152.5727143,3.4131149877794087
1790637152.588098,2.823018003255129
1790637152.5881884,3.760260995477438
1790637152.5973163,1.9959500059485435
1790637152.6001718,1.404642011038959
1790637152.621647,17.746721976436675
1790637152.621724,21.13409503363073
1790637152.6227684,18.341586051974446
1790637152.623458,14.34268499724567
1790637152.623542,18.48468102980405
1790637152.6464343,1.9803240429610014
1790637152.6560254,4.9932150286622345
1790637152.6560893,4.5108909835107625
1790637152.6667364,1.7651289817877114
1790637152.6766052,3.215275995898992
1790637152.6776507,2.213091996964067
1790637152.7022557,3.6232569837011397
1790637152.702719,24.417373002506793
1790637152.703574,1.3076309696771204
1790637152.7096097,1.275132002774626
1790637152.7352054,23.40379194356501
1790637152.736902,23.85903603862971
1790637152.7370517,24.739485001191497
1790637152.7581952,43.843434017617255
1790637152.760108,22.649065009318292
1790637152.76085,26.45934995962307
1790637152.76144,22.567099949810654
1790637152.7614956,5.706213996745646
1790637152.7916791,2.3850469733588398
1790637152.7941678,1.43601797753945
1790637152.819261,22.756216989364475
1790637152.8197818,16.764933010563254
1790637152.8204882,17.99147797282785
1790637152.8206894,11.142610979732126
1790637152.821017,9.70505498116836
1790637152.8242548,2.0778399775736034
1790637152.8243165,1.6509140259586275
1790637152.8290417,1.2228969717398286
1790637152.8668082,9.199548047035933
1790637152.8675408,8.994286006782204
1790637152.8676226,24.467087001539767
1790637152.8888674,22.57399697555229
1790637152.889141,7.564920990262181
1790637152.889207,3.8446629769168794
1790637152.9142742,13.612943992484361
1790637152.9148471,7.81788700260222
1790637152.915134,5.519686033949256
1790637152.9152045,24.761496984865516
1790637152.9219131,1.3174519990570843
1790637152.9342666,1.8036849796772003
1790637152.962837,23.9461199962534
1790637152.9770296,3.0699679628014565
1790637152.9772766,2.6748719974420965
1790637152.977768,2.179343020543456
1790637152.989918,3.7477370351552963
1790637152.9904022,3.274274989962578
1790637152.9904976,3.8769549573771656
1790637152.9941628,1.5626969980075955
1790637152.9947557,1.2988839880563319
1790637153.0011966,1.367273973301053
1790637153.00651,1.2600369518622756
1790637153.0083911,1.1400390067137778
1790637153.0128772,1.2183809885755181
1790637153.0181866,1.415921957232058
1790637153.0216968,1.413602032698691
1790637153.0255587,2.0551479537971318
1790637153.0425868,1.6299759736284614
1790637153.0803187,2.2196819772943854
1790637153.0962634,2.5065840454772115
1790637153.1150436,1.6152539756149054
1790637153.1500528,19.118998025078326
1790637153.1510801,23.54244701564312
1790637153.1522872,8.386442030314356
1790637153.1527696,9.455387946218252
1790637153.1528401,8.350077026989311
1790637153.153257,2.0122279529459774
1790637153.161247,1.6632939805276692
1790637153.171176,1.7324750078842044
1790637153.1823616,1.6768850036896765
1790637153.1829512,1.439240004401654
1790637153.2174652,22.053926018998027
1790637153.2180028,6.711253023240715
1790637153.2180805,24.155580962542444
1790637153.2183335,6.397874967660755
1790637153.239345,15.06681099999696
1790637153.250344,33.80225697765127
1790637153.2591643,30.604097002651542
1790637153.2595012,22.766845009755343
1790637153.307818,23.23377999709919
1790637153.308545,25.55757900699973
1790637153.308914,16.837177972774953
1790637153.308985,23.893286008387804
1790637153.3095312,3.6650609690696
1790637153.312256,1.6026400262489915
1790637153.3350537,10.757637966889888
1790637153.335128,22.628293023444712
1790637153.348849,1.9280569977127016
1790637153.3525693,1.3304780004546046
1790637153.354063,1.1913470225408673
1790637153.3947492,24.788716982584447
1790637153.4049113,25.136703974567354
1790637153.415869,27.296756976284087
1790637153.4179404,25.34550498239696
1790637153.4183958,4.59636899176985
1790637153.4185774,13.150439015589654
1790637153.4186814,3.7319239927455783
1790637153.4203255,3.8669490022584796
1790637153.420641,2.6921809767372906
1790637153.4207,1.786776992958039
1790637153.4233644,1.105424016714096
1790637153.4268265,1.540385012049228
1790637153.4496748,18.1556930183433
1790637153.4498012,21.324203989934176
1790637153.4910479,58.71341098099947
1790637153.4911463,37.07757301162928
1790637153.4966893,41.11450701020658
1790637153.5232954,63.83797398302704
1790637153.536723,76.08490699203685
1790637153.536993,81.92967996001244
1790637153.5373492,59.15903300046921
1790637153.5374718,55.54032197687775
1790637153.5589929,27.614943974185735
1790637153.5597906,52.84655198920518
1790637153.560345,20.034382992889732
1790637153.5604184,8.20378097705543
1790637153.564839,1.8172379932366312
1790637153.5763884,2.630347036756575
1790637153.585363,1.5468740020878613
1790637153.587522,1.3361030141822994
1790637153.5949306,1.4645080082118511
1790637153.6166105,2.3138149990700185
1790637153.6342168,5.586220999248326
1790637153.634411,4.344196990132332
1790637153.6369627,3.720546024851501
1790637153.637312,5.25663496227935
1790637153.657745,5.791978968773037
1790637153.6578107,5.006244988180697
1790637153.6582377,3.645188990049064
1790637153.6610608,1.1630809749476612
1790637153.6655633,1.3734130188822746
1790637153.6714034,1.4517719973810017
1790637153.675928,1.2677880004048347
1790637153.6802154,1.3089730055071414
1790637153.7264996,2.682113030459732
1790637153.763739,21.833696984685957
1790637153.7752235,36.45434003556147
1790637153.7753725,28.826399007812142
1790637153.785371,36.261636996641755
1790637153.7867093,19.719150965102017
1790637153.787183,11.800847016274929
1790637153.7873409,8.047737996093929
1790637153.7874367,30.694155022501945
1790637153.7889144,1.207420020364225
1790637153.7905107,1.1373329907655716
1790637153.806541,1.5145440120249987
1790637153.8244672,1.8686020048335195
1790637153.852029,1.813270035199821
1790637153.855858,1.6617130022495985
1790637153.8816466,21.356042998377234
1790637153.88219,1.756323967128992
1790637153.8857186,1.300685980822891
1790637153.921124,3.985067014582455
1790637153.92126,16.269699030090123
1790637153.9214032,23.040885047521442
1790637153.9282343,1.7063849954865873
1790637153.9661775,2.7637549792416394
1790637153.9713852,2.3333319695666432
1790637153.9767659,1.8744920380413532
1790637154.010101,18.97074800217524
1790637154.015837,29.50351597974077
1790637154.031414,26.772519981022924
1790637154.0319474,21.528932033106685
1790637154.042288,35.453687014523894
1790637154.0520072,23.94148602616042
1790637154.0522642,35.655101004522294
1790637154.0530522,12.843272997997701
1790637154.0531244,9.445267030969262
1790637154.053546,4.407030995935202
1790637154.057032,1.165873953141272
1790637154.0637338,1.6701019485481083
1790637154.0780852,2.897351048886776
1790637154.0781553,3.5850779968313873
1790637154.0785618,1.3980449875816703
1790637154.082636,1.5468209749087691
1790637154.1106257,1.9923420040868223
1790637154.1200197,2.2518420009873807
1790637154.1281831,1.6058129840530455
1790637154.1399505,1.9359689904376864
1790637154.1620355,1.942694012541324
1790637154.1650825,1.6581889940425754
1790637154.1755614,1.5734710032120347
1790637154.1804326,1.9292060169391334
1790637154.1939697,2.3650749935768545
1790637154.2072084,2.378418983425945
1790637154.233462,2.270213037263602
1790637154.2340314,2.1184260258451104
1790637154.239425,2.2733089863322675
1790637154.2433872,1.3090510037727654
1790637154.2483592,1.318174006883055
1790637154.2507355,1.6710740164853632
1790637154.2519565,1.2114470009692013
1790637154.2853217,16.575125977396965
1790637154.2860184,22.962049988564104
1790637154.2861059,16.267528000753373
1790637154.2927911,1.4626220217905939
1790637154.2966805,1.1963460128754377
1790637154.3067098,1.6808159998618066
1790637154.3067813,2.379949961323291
1790637154.31553,1.9083349616266787
1790637154.335652,2.1715700277127326
1790637154.337995,1.2937560095451772
1790637154.353695,3.355495980940759
1790637154.377419,4.238131979946047
1790637154.37811,4.148553998675197
1790637154.3782418,3.2493859762325883
1790637154.3893971,2.488474012352526
1790637154.3901653,2.1548420190811157
1790637154.393196,1.3534740428440273
1790637154.4083457,1.9536750041879714
1790637154.408445,2.6066560531035066
1790637154.4199,1.978754997253418
1790637154.43357,3.39092401554808
1790637154.433647,3.5479500074870884
1790637154.4370875,1.2447750195860863
1790637154.4404974,1.2098820297978818
1790637154.450968,3.325612982735038
1790637154.451466,2.444143989123404
1790637154.4588752,1.8931769882328808
1790637154.475594,1.7974309739656746
1790637154.4756615,2.4006239837035537
1790637154.4809542,2.0941169932484627
1790637154.481719,1.5748649602755904
1790637154.5146902,20.57908196002245
1790637154.515139,17.23866001702845
1790637154.5152402,23.51220400305465
1790637154.51531,9.934080997481942
1790637154.5165658,1.160938001703471
1790637154.5197926,1.2878410052508116
1790637154.5430121,3.75046901172027
1790637154.5448384,4.017239029053599
1790637154.5454612,2.237871987745166
1790637154.558264,2.0664450130425394
1790637154.5628896,1.6035179723985493
1790637154.5718257,1.955732994247228
1790637154.584844,1.9406439969316125
1790637154.5867984,1.8194550066255033
1790637154.5913785,1.253821945283562
1790637154.6129334,1.7828900017775595
1790637154.6151705,1.3229289907030761
1790637154.6183474,2.3492659674957395
1790637154.6265957,2.954779949504882
1790637154.627938,2.1184320212341845
1790637154.628003,2.9718729783780873
1790637154.6346765,1.5514300321228802
1790637154.6423163,1.3514970196411014
1790637154.6503818,3.405865980312228
1790637154.6945927,45.883251004852355
1790637154.6949959,27.10489003220573
1790637154.695071,39.86943099880591
1790637154.6960683,27.61433698469773
1790637154.6966414,13.35494703380391
1790637154.696732,5.060366995166987
1790637154.7031198,1.3380940072238445
1790637154.7231688,2.2344330209307373
1790637154.7563248,5.1513450453057885
1790637154.757366,2.4354199995286763
1790637154.7732966,2.506679971702397
1790637154.7798953,3.3465950400568545
1790637154.7957196,2.6903869584202766
1790637154.8096879,2.1547129726968706
1790637154.8214767,1.9721519784070551
1790637154.8246603,1.394253980834037
1790637154.8280838,1.8291769665665925
1790637154.83741,1.6111499862745404
1790637154.8466437,1.5327390283346176
1790637154.8681123,1.8593049608170986
1790637154.8768437,1.742799999192357
1790637154.8986633,16.182099003344774
1790637154.9036732,18.59478000551462
1790637154.9058132,25.50500095821917
1790637154.9065034,17.602015985175967
1790637154.9066203,8.936043013818562
1790637154.9072714,1.9980210345238447
1790637154.9196332,1.963843998964876
1790637154.92571,1.5916359843686223
1790637154.9292603,1.4446909772232175
1790637154.9570944,1.8592730048112571
1790637154.9575884,3.100716043263674
1790637154.9882302,12.842069030739367
1790637154.9944432,9.573281975463033
1790637154.9985244,22.51285099191591
1790637155.0272045,1.825489045586437
1790637155.0429578,2.351219009142369
1790637155.0487244,2.3681779857724905
1790637155.0488214,1.915045955684036
1790637155.0560691,1.6077220207080245
1790637155.0670736,1.6751649673096836
1790637155.0825868,1.6484569641761482
1790637155.0907562,1.7184449825435877
1790637155.1023877,2.461103955283761
1790637155.1028686,1.411442004609853
1790637155.1053333,1.8763700500130653
1790637155.105972,1.5430190251208842
1790637155.1125772,1.7476919456385076
1790637155.1632328,23.00060400739312
1790637155.182278,57.88039701292291
1790637155.1824756,34.24394002649933
1790637155.1939712,50.618494977243245
1790637155.206895,49.04628801159561
1790637155.2072828,44.86866795923561
1790637155.20738,45.65581603674218
1790637155.218084,50.16934097511694
1790637155.2287314,77.89740100270137
1790637155.234961,78.07516696630046
1790637155.2352386,56.17535498458892
1790637155.2413816,48.81509899860248
1790637155.2571695,63.13770799897611
1790637155.261431,81.06485800817609
1790637155.2619395,40.709408989641815
1790637155.2621727,12.379127030726522
1790637155.2632294,10.305831965524703
1790637155.2636633,7.828717993106693
1790637155.263761,7.415822008624673
1790637155.264158,3.757414990104735
1790637155.2689025,2.2771049989387393
1790637155.2800689,2.247141965199262
1790637155.2861452,2.0609269849956036
1790637155.3159125,1.8660250352695584
1790637155.3172917,1.3685509911738336
1790637155.3210998,1.6319860005751252
1790637155.329333,1.6673229984007776
1790637155.3331058,1.3523250236175954
1790637155.3705556,1.8556250142864883
1790637155.3814888,1.581762044224888
1790637155.3848615,1.4644910115748644
1790637155.403129,2.0816110190935433
1790637155.4221225,1.7990929773077369
1790637155.4273047,2.8633520123548806
1790637155.427424,2.191008999943733
1790637155.4585576,22.12654799222946
1790637155.4592066,22.25346100749448
1790637155.459277,10.608042997773737
1790637155.461167,1.2443760060705245
1790637155.477575,1.8216529861092567
1790637155.4950526,2.230271988082677
1790637155.5140903,2.0000250078737736
1790637155.522259,1.7687500221654773
1790637155.5613253,2.0370869897305965
1790637155.5788662,2.1930259536020458
1790637155.5899234,1.7965389997698367
1790637155.6069098,2.71515897475183
1790637155.6069798,2.8721520211547613
1790637155.628665,1.811262045521289
1790637155.6760292,40.127820044290274
1790637155.676689,45.592750946525484
1790637155.6774921,28.75891898293048
1790637155.6778724,47.421736002434045
1790637155.6787314,19.66838096268475
1790637155.6795442,18.567711987998337
1790637155.679877,13.171726954169571
1790637155.680156,28.651463973801583
1790637155.6802182,12.557239970192313
1790637155.6822233,1.7100849654525518
1790637155.6836731,2.1803239942528307
1790637155.6843276,1.5131530235521495
1790637155.6907256,1.732898992486298
1790637155.6968036,1.4044949784874916
1790637155.698536,1.2124679633416235
1790637155.7067404,1.524324994534254
1790637155.7164211,1.8865839811041951
1790637155.7184486,1.2974070268683136
1790637155.725323,2.1357859950512648
1790637155.7325947,1.5691079897806048
1790637155.735,1.9604390254244208
1790637155.7557678,21.64606301812455
1790637155.7600737,1.625285018235445
1790637155.7710984,1.6931709833443165
1790637155.7819555,1.8221510108560324
1790637155.7857769,1.5177589957602322
1790637155.8207111,23.05033797165379
1790637155.8211126,2.3188369814306498
1790637155.8211818,11.348425992764533
1790637155.8369472,1.847753010224551
1790637155.8373659,1.4526749728247523
1790637155.8392408,1.1740300105884671
1790637155.883368,24.256393022369593
1790637155.8893573,42.476930015254766
1790637155.911314,37.297641043551266
1790637155.9259436,49.754635023418814
1790637155.9260423,57.45747999753803
1790637155.926875,50.10910797864199
1790637155.9275568,48.474328010343015
1790637155.9281247,47.61568899266422
1790637155.9288824,44.236200978048146
1790637155.9293597,24.48902203468606
1790637155.9294817,21.48553798906505
1790637155.9295876,23.364200023934245
1790637155.975184,18.482592015061527
1790637155.9852111,27.88029599469155
1790637156.0007365,23.258664004970342
1790637156.001428,25.319738022517413
1790637156.0021052,15.716077003162354
1790637156.0027294,4.539280023891479
1790637156.0027885,5.59540098765865
1790637156.0033088,1.7298610182479024
1790637156.007987,2.064735977910459
1790637156.00888,1.6579419607296586
1790637156.0138676,1.9206419819965959
1790637156.0174806,1.6006820369511843
1790637156.0292506,2.0968460012227297
1790637156.0300562,1.5880310093052685
1790637156.053015,1.713902980554849
1790637156.0559874,2.1826709853485227
1790637156.0833688,3.277233976405114
1790637156.0857406,2.3609920172020793
1790637156.0858066,3.215248987544328
1790637156.1109686,18.350278958678246
1790637156.1114173,15.007971960585564
1790637156.1174593,31.229014974087477
1790637156.1228905,25.54734895238653
1790637156.1289647,22.86420698510483
1790637156.13425,13.81188997766003
1790637156.1343837,24.913880974054337
1790637156.1349173,5.356087989639491
1790637156.1431665,1.842978992499411
1790637156.1862466,43.025886989198625
1790637156.186345,35.21215502405539
1790637156.1872742,28.952284017577767
1790637156.187342,40.947938978206366
1790637156.1968274,1.6877360176295042
1790637156.2040718,1.8122129840776324
1790637156.2571437,19.420904980506748
1790637156.2572978,1074.945345055312
1790637156.2585251,13.272976968437433
1790637156.2586193,11.922058998607099
1790637156.258691,27.784770994912833
1790637156.277972,1.5717979986220598
1790637156.299727,1.8516679992899299
1790637156.2998164,2.8752299840562046
1790637156.3094804,1.5298780053853989
1790637156.311924,1.4232619432732463
1790637156.3168886,1.2592069688253105
1790637156.3208065,1.2103579938411713
1790637156.3260987,1.6466910019516945
1790637156.3306508,1.3586260029114783
1790637156.3554347,22.91888400213793
1790637156.3558657,15.309257025364786
1790637156.356135,9.609239001292735
1790637156.3779998,1.7879930092021823
1790637156.3841553,1.5179109759628773
1790637156.405465,2.0804659579880536
1790637156.4131074,1.443727989681065
1790637156.4233103,1.6403829795308411
1790637156.428684,1.5596410376019776
1790637156.4466531,2.4681100039742887
1790637156.4635534,1.783743966370821
1790637156.4800782,1.8326770514249802
1790637156.4875548,1.796049007680267
1790637156.4946058,1.5277290367521346
1790637156.517369,1.9529929850250483
1790637156.5536683,23.22647103574127
1790637156.5542974,10.466428997460753
1790637156.561303,1.5707470010966063
1790637156.5635197,1.3071629800833762
1790637156.5895844,1.867924991529435
1790637156.61248,3.117943007964641
1790637156.6125815,2.367351029533893
1790637156.6255267,1.696920022368431
1790637156.6454928,1.9941969658248127
1790637156.6499033,1.4130849740467966
1790637156.655877,1.571730012074113
1790637156.6611052,1.4156699762679636
1790637156.6663961,1.3169130543246865
1790637156.6722584,2.090932975988835
1790637156.6783738,1.4141249703243375
1790637156.679712,1.20040203910321
1790637156.6910706,1.8368689925409853
1790637156.701752,1.6538780182600021
1790637156.720542,1.894871995318681
1790637156.7247052,1.7317470046691597
1790637156.727131,1.432844961527735
1790637156.7287283,1.3830600073561072
1790637156.74296,1.634919026400894
1790637156.748278,1.682274043560028
1790637156.7802947,23.357105965260416
1790637156.781114,24.84870405169204
1790637156.782651,22.605250007472932
1790637156.782795,14.127666014246643
1790637156.7838314,1.962098991498351
1790637156.7919896,1.5170819824561477
1790637156.8028746,1.7527800519019365
1790637156.8178058,1.6209359746426344
1790637156.8262408,1.6849880339577794
1790637156.8533456,21.144008031114936
1790637156.85784,2.329639974050224
1790637156.8594708,1.4218409778550267
1790637156.868265,1.4727080124430358
1790637156.902944,28.457567968871444
1790637156.9038887,11.40633801696822
1790637156.9043791,6.775981979444623
1790637156.9044454,5.130377016030252
1790637156.962089,2.220302994828671
1790637156.9987705,1.899545022752136
1790637157.0113833,1.832137000747025
1790637157.018129,2.5735529488883913
1790637157.0200832,2.922572020906955
1790637157.0202265,3.6794960033148527
1790637157.0306776,2.2527340333908796
1790637157.0327003,2.8447500080801547
1790637157.0328174,3.5847430117428303
1790637157.033396,1.6172099858522415
1790637157.047507,2.0400959765538573
1790637157.0624096,2.227210032287985
1790637157.062989,1.5350119792856276
1790637157.0771248,1.8820930272340775
1790637157.0804627,1.7561120330356061
1790637157.0823488,1.393245009239763
1790637157.0969205,1.7444289987906814
1790637157.0984259,1.2909340439364314
1790637157.1158693,3.1032050028443336
1790637157.1160014,3.1313729705289006
1790637157.1542761,2.0768630201928318
1790637157.15692,1.7186980112455785
1790637157.157365,1.2827980099245906
1790637157.1675184,1.5236090403050184
1790637157.1714966,1.7279740422964096
1790637157.1923828,2.1145149949006736
1790637157.1966894,1.7009860021062195
1790637157.197078,1.4027230208739638
1790637157.2090359,2.8183800168335438
1790637157.2091434,2.4124690098688006
1790637157.216345,1.4797020121477544
1790637157.2179098,1.3032660353928804
1790637157.2200968,1.3231990160420537
1790637157.2523584,16.921130008995533
1790637157.2530077,24.39382200827822
1790637157.253081,16.84734201990068
1790637157.2749412,2.2289990447461605
1790637157.2796562,1.688351039774716
1790637157.299162,2.675294002983719
1790637157.2992842,2.2130899596959352
1790637157.3392663,24.868596985470504
1790637157.3422093,1.7311740084551275
1790637157.346749,1.4218389987945557
1790637157.350105,1.3954299502074718
1790637157.351339,1.2254900066182017
1790637157.3630488,1.5667830011807382
1790637157.3720727,2.0366369863040745
1790637157.373855,1.4542529825121164
1790637157.375773,1.453928998671472
1790637157.4045837,24.74525902653113
1790637157.4058414,2.497786015737802
1790637157.406423,1.4629309880547225
1790637157.4148903,1.8149770330637693
1790637157.4205246,1.317269983701408
1790637157.4260023,1.8169099930673838
1790637157.4265068,1.3169560115784407
1790637157.4306881,1.4084220165386796
1790637157.4397545,1.4094500220380723
1790637157.4447556,1.722462009638548
1790637157.47089,20.841493038460612
1790637157.4785416,31.000908988062292
1790637157.478923,24.11212195875123
1790637157.4792547,6.454240996390581
1790637157.4910913,2.012573997490108
1790637157.499652,2.378868986852467
1790637157.5043483,3.2996729714795947
1790637157.504431,3.552582988049835
1790637157.5327256,2.5593779864721
1790637157.5332701,2.460717980284244
1790637157.5414813,1.8223219667561352
1790637157.5437365,1.936907006893307
1790637157.5633125,2.0793969742953777
1790637157.571586,1.9889040268026292
1790637157.5756462,2.316057973075658
1790637157.5759804,2.0506359869614244
1790637157.5808382,2.471695013809949
1790637157.5902057,1.9935580203309655
1790637157.6143382,2.1786330034956336
1790637157.6207445,2.0107649615965784
1790637157.6225495,1.659095985814929
1790637157.6580145,2.5737390387803316
1790637157.6825264,1.867939019575715
1790637157.6992757,1.8582710181362927
1790637157.7024043,1.4707960071973503
1790637157.716266,1.776956021785736
1790637157.7189415,1.3064919621683657
1790637157.7340012,1.6465309890918434
1790637157.7464607,2.4668389814905822
1790637157.7483938,2.4813589989207685
1790637157.748471,1.8674450111575425
1790637157.749697,1.1498960084281862
1790637157.756276,1.3473049621097744
1790637157.7654426,1.5721249510534108
1790637157.7741668,1.5618320321664214
1790637157.7828865,2.1412360365502536
1790637157.7829964,2.784192969556898
1790637157.787099,1.3076570467092097
1790637157.7884185,1.1831980082206428
1790637157.8452766,27.05656294710934
1790637157.845789,24.710241006687284
1790637157.846528,17.18810200691223
1790637157.84707,14.169966045301408
1790637157.8471816,18.439282954204828
1790637157.8562186,1.6333319945260882
1790637157.8678827,1.8509699730202556
1790637157.87812,1.6802839818410575
1790637157.881232,1.2897279812023044
1790637157.8869255,2.0060499664396048
1790637157.8879192,1.7910010064952075
1790637157.8911877,1.510867034085095
1790637157.8973336,1.5377060044556856
1790637157.9047663,2.0426269620656967
1790637157.9061177,1.3397759757936
1790637157.958605,36.75791900604963
1790637157.9586957,33.888409030623734
1790637157.9698584,41.528772038873285
1790637157.9731114,43.818003963679075
1790637157.9737875,27.180071047041565
1790637157.973877,10.727740998845547
1790637157.9739697,48.60666301101446
1790637157.9921153,1.7780140042304993
1790637158.034379,2.7265289681963623
1790637158.035407,1.551777997519821
1790637158.0383778,1.7438890063203871
1790637158.0396247,1.7279880121350288
1790637158.0663693,27.574363979510963
1790637158.0667362,8.964061038568616
1790637158.0675745,2.9709060327149928
1790637158.0677264,8.018182998057455
1790637158.069883,1.2652819859795272
1790637158.1039388,24.30088398978114
1790637158.1208906,2.970719011500478
1790637158.121011,2.5367169873788953
1790637158.1299179,1.5919189900159836
1790637158.1375117,1.5617140452377498
1790637158.1459746,1.6695440281182528
1790637158.1643538,1.96679902728647
1790637158.166048,1.6832260298542678
1790637158.1763017,1.6182129620574415
1790637158.1870005,2.0381900249049067
1790637158.2202837,24.73816799465567
1790637158.247781,24.3255200330168
1790637158.2478552,17.327448003925383
1790637158.2482474,1.898090005852282
1790637158.2596877,2.0863190293312073
1790637158.265241,1.493154966738075
1790637158.268154,1.2876089895144105
1790637158.271687,1.7195440013892949
1790637158.2755253,1.426353002898395
1790637158.2898178,1.7009010189212859
1790637158.2948337,1.600871968548745
1790637158.2963312,1.2450310168787837
1790637158.3084009,1.951972022652626
1790637158.3151813,1.532871974632144
1790637158.3272173,1.6304749879054725
1790637158.3342524,1.4988690381869674
1790637158.3431022,3.384956973604858
1790637158.3656716,9.58067795727402
1790637158.366014,24.239775026217103
1790637158.3660734,1.7917639925144613
1790637158.388443,1.783446001354605
1790637158.390432,1.4807979459874332
1790637158.425401,19.878003979101777
1790637158.4258645,8.374052995350212
1790637158.4259276,23.555153980851173
1790637158.4329908,1.5509919612668455
1790637158.4509914,2.460403018631041
1790637158.4510503,3.0697910115122795
1790637158.459303,1.8119880114682019
1790637158.471247,1.6399059677496552
1790637158.4777923,1.3755169929936528
1790637158.4855587,1.9470499828457832
1790637158.5234675,1.9591519958339632
1790637158.5235648,2.6984080323018134
1790637158.529491,1.9843070185743272
1790637158.5701883,31.503043952398002
1790637158.5753078,41.88033298123628
1790637158.5805535,33.4287989535369
1790637158.580824,23.307921015657485
1790637158.5815954,22.18522096518427
1790637158.5819497,17.319287988357246
1790637158.5824857,14.927651965990663
1790637158.5825582,17.072383023332804
1790637158.5998187,2.508215024136007
1790637158.6009834,1.741491025313735
1790637158.6258523,1.990108983591199
1790637158.6401536,2.0438660285435617
1790637158.640237,2.70371901569888
1790637158.6806715,17.93955097673461
1790637158.6875136,3.5736989811994135
1790637158.687672,24.363279982935637
1790637158.6884305,1.8813880160450935
1790637158.6899357,1.148860959801823
1790637158.703563,1.6568339779041708
1790637158.7382019,23.756350972689688
1790637158.7403505,16.606151999440044
1790637158.7404368,17.31185696553439
1790637158.7405362,25.17745696241036
1790637158.740601,9.15441702818498
1790637158.744592,1.583500998094678
1790637158.7522433,1.9021129701286554
1790637158.7758024,24.483888992108405
1790637158.7765741,12.995520024560392
1790637158.776779,15.310866991057992
1790637158.777605,8.502140990458429
1790637158.7778869,13.405987992882729
1790637158.7779582,9.406827040947974
1790637158.7801592,1.509070978499949
1790637158.809748,2.328435017261654
1790637158.8098333,3.0193100101314485
1790637158.8267796,1.882196986116469
1790637158.8388913,1.9324409659020603
1790637158.841061,1.3770840014331043
1790637158.8444006,2.4392930208705366
1790637158.8445666,1.9207099685445428
1790637158.8454316,1.7820189823396504
1790637158.8492837,1.5637899632565677
1790637158.8669915,1.9815650302916765
1790637158.8726466,1.5142650227062404
1790637158.888986,1.716418017167598
1790637158.9006093,1.7637890414334834
1790637158.9296918,1.7907129949890077
1790637158.9540567,2.0145869930274785
1790637158.978731,2.0291010150685906
1790637159.0071647,24.866893945727497
1790637159.0075452,20.69514599861577
1790637159.0080147,10.616560990456492
1790637159.0086317,11.840595048852265
1790637159.00871,10.419587953947484
1790637159.0185688,1.734801975544542
1790637159.0274103,1.7345910309813917
1790637159.028681,1.3624989660456777
1790637159.0350144,1.643262046854943
1790637159.0383782,2.8199629741720855
1790637159.0384583,2.296107995789498
1790637159.0598698,21.105953957885504
1790637159.060497,23.154371010605246
1790637159.0613678,20.32891195267439
1790637159.0614285,18.43787299003452
1790637159.0689802,1.696950988844037
1790637159.0976768,1.9497110042721033
1790637159.1005642,1.7083329730667174
1790637159.1011279,1.6480580088682473
1790637159.1132433,2.7360859676264226
1790637159.1140678,2.1156659931875765
1790637159.1141279,2.934496966190636
1790637159.1286285,3.4037530422210693
1790637159.1461668,1.7420780495740473
1790637159.1647122,1.766105997376144
1790637159.17644,1.7579320119693875
1790637159.1922739,1.7774910083971918
1790637159.2209494,25.25537699693814
1790637159.2222383,27.21862302860245
1790637159.2228298,17.181764997076243
1790637159.223145,24.911214015446603
1790637159.2232192,3.355549997650087
1790637159.2232695,2.000064996536821
1790637159.2600396,23.847765987738967
1790637159.2601511,17.38756598206237
1790637159.2607608,9.054254973307252
1790637159.260818,2.476829045917839
1790637159.3064618,2.341322018764913
1790637159.3293111,1.7606650362722576
1790637159.3358974,1.5246679540723562
1790637159.3458123,1.8599870381876826
1790637159.355711,1.6597019857726991
1790637159.3726351,1.8811399932019413
1790637159.3824563,2.2465569782070816
1790637159.3833303,1.617886999156326
1790637159.4135358,24.002767982892692
1790637159.4252508,29.593229992315173
1790637159.4355335,34.86263897502795
1790637159.4418886,31.063258997164667
1790637159.4420211,43.0482350056991
1790637159.4424272,30.595202988479286
1790637159.4428282,28.078855015337467
1790637159.443855,18.220413010567427
1790637159.443928,19.587690010666847
1790637159.4603682,1.7443129909224808
1790637159.4873865,1.979011984076351
1790637159.4949174,1.7851220327429473
1790637159.505981,2.2120840149000287
1790637159.5220423,2.1293240133672953
1790637159.5280821,1.6174049815163016
1790637159.545372,2.1582210320048034
1790637159.5531116,2.0773939904756844
1790637159.5618515,3.267443971708417
1790637159.563149,1.9939219928346574
1790637159.563218,2.8074629954062402
1790637159.5687747,1.3690820196643472
1790637159.5759165,1.8623050418682396
1790637159.5973656,3.278565010987222
1790637159.5974615,3.1576919718645513
1790637159.6124778,2.1016569808125496
1790637159.6132092,1.6091890283860266
1790637159.6361828,2.2642029798589647
1790637159.6401188,1.5339169767685235
1790637159.6418262,1.4436140190809965
1790637159.6657367,1.9090999849140644
1790637159.684827,1.7150799976661801
1790637159.710418,2.425504964776337
1790637159.76479,17.19723001588136
1790637159.7649474,3.346504003275186
1790637159.7650275,24.89248604979366
1790637159.7655861,2.3657609708607197
1790637159.7684574,1.2143799685873091
1790637159.773866,1.66951899882406
1790637159.8052368,2.551301964558661
1790637159.8115447,2.6382410433143377
1790637159.8116584,2.2720210254192352
1790637159.8181853,1.7072369810193777
1790637159.8194165,1.2203989899717271
1790637159.83392,1.7483350238762796
1790637159.8366618,1.5250780270434916
1790637159.8811357,34.396746021229774
1790637159.881534,39.49761000694707
1790637159.8823266,43.083513039164245
1790637159.8824024,16.701316984836012
1790637159.882939,9.765034017618746
1790637159.8919103,1.6816089628264308
1790637159.9328022,1.9098130287602544
1790637159.9447215,1.7910230089910328
1790637159.9459803,1.2491800007410347
1790637159.9544346,2.07524502184242
1790637159.9801488,2.94012000085786
1790637160.0028474,23.340373998507857
1790637160.0029814,15.90551098342985
1790637160.003661,25.33859701361507
1790637160.0037332,2.2134430473670363
1790637160.0051959,1.284727011807263
1790637160.0364585,2.0368939731270075
1790637160.0410483,1.4895980129949749
1790637160.0557601,1.961718953680247
1790637160.0676436,1.844840997364372
1790637160.079914,1.578536001034081
1790637160.081681,1.4749920228496194
1790637160.0851705,1.3370719971135259
1790637160.0976937,2.0120510016568005
1790637160.111438,1.8193869618698955
1790637160.1203823,1.9951629801653326
1790637160.1227229,1.2664029491133988
1790637160.176742,1.7464669654145837
1790637160.186779,1.6608430305495858
1790637160.1927576,1.7867599963210523
1790637160.194052,1.2845820165239275
1790637160.2011216,1.3867979869246483
1790637160.2268798,1.823806029278785
1790637160.242243,1.8794269999489188
1790637160.2471044,1.5569409588351846
1790637160.2600374,1.9174080225639045
1790637160.2652812,1.657310000155121
1790637160.2672515,1.297478040214628
1790637160.27038,1.2812200002372265
1790637160.2897754,1.9816610147245228
1790637160.2982764,2.3395600146614015
1790637160.3152869,2.009121992159635
1790637160.3226154,1.856311981100589
1790637160.325287,1.7822749796323478
1790637160.3330827,1.786283974070102
1790637160.342978,1.9996939809061587
1790637160.3618653,1.7750109545886517
1790637160.3650522,1.5016620163805783
1790637160.3989913,1.8424459849484265
1790637160.40355,1.439422951079905
1790637160.4080145,1.3664340367540717
1790637160.4281094,1.8605550285428762
1790637160.505137,65.97784894984215
1790637160.5052207,68.80197499413043
1790637160.506558,38.92645798623562
1790637160.507631,24.828049005009234
1790637160.5081007,30.12958000181243
1790637160.5083272,68.58317198930308
1790637160.5084422,12.863211974035949
1790637160.508518,8.587686985265464
1790637160.5175977,1.6600939561612904
1790637160.5260572,1.7137930262833834
1790637160.5273416,1.1724320356734097
1790637160.567729,22.1098400070332
1790637160.5771556,1.6069249832071364
1790637160.5968513,2.0180270075798035
1790637160.5969198,2.755908004473895
1790637160.6265264,1.9593919860199094
1790637160.6303165,1.9030710100196302
1790637160.631212,1.9779090071097016
1790637160.6478276,1.827460015192628
1790637160.6505585,1.3505059760063887
1790637160.659526,1.5631630085408688
1790637160.6772685,1.7304919892922044
1790637160.6835012,1.5897690318524837
1790637160.6883256,1.4829980209469795
1790637160.7022986,1.8205670057795942
1790637160.709506,1.4295770088210702
1790637160.737265,19.164289988111705
1790637160.7373652,24.856271978933364
1790637160.7374444,16.558850998990238
1790637160.73827,10.36514202132821
1790637160.738348,13.75645399093628
1790637160.7472596,2.0417990162968636
1790637160.7941918,27.052461984567344
1790637160.8097613,48.72342600720003
1790637160.8115377,14.002743002492934
1790637160.8116705,34.71390501363203
1790637160.8117325,33.36500097066164
1790637160.8436193,1.9735009991563857
1790637160.8449333,2.218095993157476
1790637160.8454409,1.3812799588777125
1790637160.85216,1.3423750060610473
1790637160.8628788,1.8383520073257387
1790637160.8647604,1.7494059866294265
1790637160.8884056,16.422271030023694
1790637160.8905485,19.108348002191633
1790637160.8908083,15.345807012636214
1790637160.8909724,27.10509701864794
1790637160.8916883,5.599977041129023
1790637160.8921556,3.6380019737407565
1790637160.9153605,24.373897002078593
1790637160.9154348,14.328970981296152
1790637160.920919,1.6044260119087994
1790637160.9263701,1.511871989350766
1790637160.932715,1.3734909589402378
1790637160.9475627,1.7672560061328113
1790637160.9573703,2.038277976680547
1790637160.9623199,2.3084740387275815
1790637160.9649782,1.4278530143201351
1790637160.9666047,1.3653049827553332
1790637160.9702003,2.0529829780571163
1790637160.972082,3.4398610005155206
1790637160.9727702,3.193292999640107
1790637160.9956787,1.7283260240219533
1790637161.0024061,1.9597170175984502
1790637161.0030305,1.403336995281279
1790637161.0282793,21.870654018130153
1790637161.029144,14.705669018439949
1790637161.0294182,14.356811996549368
1790637161.0294757,2.2652019979432225
1790637161.0313945,1.3239140389487147
1790637161.0349343,1.5880310093052685
1790637161.0361145,1.9441749900579453
1790637161.0549476,1.8233060254715383
1790637161.0712616,1.7626770422793925
1790637161.0820088,1.8971579847857356
1790637161.0996485,1.7302740016020834
1790637161.1141427,1.724269997794181
1790637161.1158366,1.4380149659700692
1790637161.1198442,1.2583190109580755
1790637161.1451774,2.0913169719278812
1790637161.149816,1.685181981883943
1790637161.1585097,1.7540180124342442
1790637161.1624317,1.4768540277145803
1790637161.16987,1.4504839782603085
1790637161.1765945,1.7403139499947429
1790637161.187211,1.7839170177467167
1790637161.2004595,1.828434003982693
1790637161.2318084,1.821376965381205
1790637161.2382946,1.7284590285271406
1790637161.239574,1.2679420178756118
1790637161.2427576,1.2604210060089827
1790637161.2606938,2.572258992586285
1790637161.2611566,1.5128380036912858
1790637161.2644126,1.5425270539708436
1790637161.2777262,1.754797005560249
1790637161.281144,1.8073340179398656
1790637161.2980123,2.011150005273521
1790637161.323502,3.015586989931762
1790637161.323611,2.378020028118044
1790637161.3329525,1.7981510027311742
1790637161.3411708,1.7634470132179558
1790637161.3417401,1.6320209833793342
1790637161.3560457,1.7712590051814914
1790637161.36162,2.78122304007411
1790637161.3617167,3.3952780067920685
1790637161.3618493,2.258220047224313
1790637161.3668208,1.3618599623441696
1790637161.37076,1.6699510160833597
1790637161.3724086,1.246389001607895
1790637161.380825,1.401526969857514
1790637161.3943484,1.7877930076792836
1790637161.4018092,1.6920699854381382
1790637161.404809,1.3648419990204275
1790637161.429092,2.103949955198914
1790637161.4340613,1.810309011489153
1790637161.4351866,1.9184659468010068
1790637161.4461381,2.06804001936689
1790637161.46228,1.9116780022159219
1790637161.4642303,1.3460680493153632
1790637161.500747,1.8068840145133436
1790637161.516294,1.9281459972262383
1790637161.5360005,2.335074997972697
1790637161.5379813,2.123346959706396
1790637161.5464308,3.1380869913846254
1790637161.546512,3.1318069668486714
1790637161.5736632,18.377687025349587
1790637161.5738306,27.219661977142096
1790637161.5738997,9.555754018947482
1790637161.5776813,1.4763160143047571
1790637161.5817826,1.3890750124119222
1790637161.584759,1.4427140122279525
1790637161.5972064,1.961420988664031
1790637161.6033545,1.9653229974210262
1790637161.6078446,1.545092964079231
1790637161.61152,1.3683249708265066
1790637161.6501288,2.0705810165964067
1790637161.6557276,2.5593710015527904
1790637161.669796,2.0999429980292916
1790637161.6812444,2.0076960208825767
1790637161.6816776,2.957656979560852
1790637161.6948013,1.9748460035771132
1790637161.6991704,1.4340570196509361
1790637161.7021098,1.3211950426921248
1790637161.706353,1.3142870157025754
1790637161.7101486,1.392121019307524
1790637161.7226603,2.7866699965670705
1790637161.7311535,2.48811102937907
1790637161.7573316,3.0720540089532733
1790637161.7749896,2.0234359544701874
1790637161.794956,1.903570955619216
1790637161.7985065,1.4019760419614613
1790637161.8052752,1.4270349638536572
1790637161.8069806,1.6957849729806185
1790637161.808523,1.5310549642890692
1790637161.816581,1.6933250008150935
1790637161.8185549,1.5557360020466149
1790637161.8287256,1.9163709948770702
1790637161.8332195,1.5550450189039111
1790637161.8388386,1.592037035152316
1790637161.8472536,1.4195410185493529
1790637161.8518152,1.6043049981817603
1790637161.8800185,25.6052510230802
1790637161.880254,17.123917990829796
1790637161.8808482,16.575541987549514
1790637161.8820553,8.151782036293298
1790637161.8821442,15.80405404092744
1790637161.8822052,11.235308018513024
1790637161.895008,1.8591820262372494
1790637161.9034228,1.683792972471565
1790637161.9111986,1.7267700168304145
1790637161.9189842,1.530085050035268
1790637161.9235544,1.3884360087104142
1790637161.9509997,1.7781730275601149
1790637161.9515266,2.836422005202621
1790637161.954446,1.4273500419221818
1790637162.0014029,21.961043996270746
1790637162.0015955,14.034877996891737
1790637162.0020347,28.16469396930188
1790637162.0032516,1.6450710245408118
1790637162.0080688,1.7340549966320395
1790637162.0365455,24.422466987743974
1790637162.0367162,18.87894800165668
1790637162.0368044,25.122592982370406
1790637162.0370936,3.3177509903907776
1790637162.0372272,7.043500023428351
1790637162.0482993,3.828330955002457
1790637162.0483742,2.9673450044356287
1790637162.0489464,1.4156810357235372
1790637162.1114802,21.291301993187517
1790637162.1118727,16.203864011913538
1790637162.1120012,23.592134995851666
1790637162.1292915,1.8119559972546995
1790637162.1300368,1.5382029814645648
1790637162.1312745,1.2269759899936616
1790637162.134637,1.5824369620531797
1790637162.1354697,1.6315460088662803
1790637162.143529,1.484176958911121
1790637162.1476116,1.3129540020599961
1790637162.1531172,1.7117440002039075
1790637162.1633344,1.9117729971185327
1790637162.1707296,1.542332989629358
1790637162.1808715,1.579838979523629
1790637162.2050495,23.528278979938477
1790637162.205864,24.925877049099654
1790637162.227376,13.205619005020708
1790637162.22747,35.50903999712318
1790637162.23202,32.29724400443956
1790637162.2321105,17.12259597843513
1790637162.2351735,1.3544270186685026
1790637162.2430007,2.171756001189351
1790637162.2431657,2.817436004988849
1790637162.2436996,1.384117000270635
1790637162.252486,1.6885530203580856
1790637162.2750547,13.246837013866752
1790637162.2852786,17.62602396775037
1790637162.2886047,26.12423204118386
1790637162.289157,17.220978974364698
1790637162.2892232,19.81898001395166
1790637162.289536,16.936514992266893
1790637162.2898273,11.279870988801122
1790637162.2954018,1.9962970400229096
1790637162.310813,3.4547169925644994
1790637162.3108912,2.43010395206511
1790637162.3111444,1.5069760265760124
1790637162.3176858,1.318207010626793
1790637162.329897,1.8391009652987123
1790637162.3351672,1.762330997735262
1790637162.3556395,1.8143749912269413
1790637162.362211,1.7703149933367968
1790637162.3787942,2.2688059834763408
1790637162.379622,1.7066560103558004
1790637162.3847492,1.8943659961223602
1790637162.4027858,1.8732599564827979
1790637162.4074152,1.6685320297256112
1790637162.4137037,1.7423360259272158
1790637162.4196699,1.8353579798713326
1790637162.4253938,1.9077369943261147
1790637162.4321656,2.1224640076979995
1790637162.464185,1.8406810122542083
1790637162.471311,1.529914967250079
1790637162.4739826,1.8777090008370578
1790637162.4901671,1.7558169784024358
1790637162.4989543,1.4987819595262408
1790637162.5161297,1.7531129997223616
1790637162.5193534,1.9549659918993711
1790637162.5345545,2.819095039740205
1790637162.54103,2.7601260226219893
1790637162.5557418,2.3675989941693842
1790637162.5859885,3.0702389776706696
1790637162.5860744,2.570145996287465
1790637162.5915465,1.971917983610183
1790637162.600126,2.0359880290925503
1790637162.6217847,2.2310619824565947
1790637162.6569476,3.1583300442434847
1790637162.657568,2.5491209817118943
1790637162.6666672,1.8491530208848417
1790637162.6787527,2.410060027614236
1790637162.6788468,3.1112059950828552
1790637162.7233593,29.90090596722439
1790637162.7454305,58.61850397195667
1790637162.7582855,40.96067696809769
1790637162.7596455,34.73958099493757
1790637162.7797205,72.06399994902313
1790637162.7800457,24.07277497695759
1790637162.7811222,74.4933650130406
1790637162.781201,28.735061001498252
1790637162.781745,40.583499998319894
1790637162.7818723,48.55772602604702
1790637162.781949,23.350349976681173
1790637162.7830403,22.37222995609045
1790637162.7835968,19.02641699416563
1790637162.7840073,8.315584971569479
1790637162.7840621,5.118094966746867
1790637162.7841206,22.076689987443388
1790637162.785517,1.1886300053447485
1790637162.791578,1.5076780109666288
1790637162.7940946,1.724031986668706
1790637162.8214476,1.7874789773486555
1790637162.8267918,1.6808609943836927
1790637162.827639,1.6951409634202719
1790637162.8372874,1.967173011507839
1790637162.8496048,1.6513449954800308
1790637162.8525763,1.640603004489094
1790637162.8586981,1.3666159939020872
1790637162.872674,1.7876090132631361
1790637162.897666,13.44052399508655
1790637162.9053838,11.92358898697421
1790637162.9060051,25.746549014002085
1790637162.9063141,12.183543003629893
1790637162.9180298,2.0943130366504192
1790637162.9351268,1.937952998559922
1790637162.960813,12.195692048408091
1790637162.9618843,24.486858979798853
1790637162.9695647,1.4096579980105162
1790637162.974808,2.3037500213831663
1790637162.9785573,1.8999119638465345
1790637162.9893553,2.1661370410583913
1790637162.9895017,2.9396620229817927
1790637162.993248,1.3732860097661614
1790637162.9956086,1.3170060119591653
1790637163.0114174,1.8667440162971616
1790637163.0212126,1.7197660054080188
1790637163.0439491,1.7369189881719649
1790637163.063305,1.6128739807754755
1790637163.0638168,1.3430020189844072
1790637163.076558,1.661118003539741
1790637163.0787756,1.537320960778743
1790637163.089806,1.7702819895930588
1790637163.0929625,1.8224369850941002
1790637163.1004934,1.5189839759841561
1790637163.1041198,1.2239540228620172
1790637163.111468,1.7209629877470434
1790637163.1197264,1.5938139986246824
1790637163.1239774,1.9080410129390657
1790637163.1465642,1.6706660389900208
1790637163.1565692,2.0098749664612114
1790637163.1608012,1.4514020294882357
1790637163.1685462,1.5848320326767862
1790637163.1705868,1.615423010662198
1790637163.179849,1.5402830322273076
1790637163.1934733,2.058805024717003
1790637163.1963496,1.357664994429797
1790637163.2089074,2.0511079928837717
1790637163.2094495,1.6926740063354373
1790637163.2182305,1.6839590389281511
1790637163.2275877,1.5715149929746985
1790637163.2695405,23.364791995845735
1790637163.269625,24.548417946789414
1790637163.2700734,3.112634993158281
1790637163.2701542,8.682169020175934
1790637163.2851055,1.7927979934029281
1790637163.3148532,2.3252610117197037
1790637163.3150218,3.132974961772561
1790637163.3183403,2.314965007826686
1790637163.318399,1.8678410560823977
1790637163.3250892,2.0961370319128036
1790637163.325712,1.6020950279198587
1790637163.3439417,1.8541860044933856
1790637163.3619943,1.9586259732022882
1790637163.3885114,1.6988719580695033
1790637163.4073517,2.0802110084332526
1790637163.419426,2.070113958325237
1790637163.4229069,1.405075949151069
1790637163.4390996,1.987914030905813
1790637163.4471047,3.2211110228672624
1790637163.4481301,1.5997729497030377
1790637163.4653592,1.9623260013759136
1790637163.473304,2.4861660203896463
1790637163.4802594,2.5223210104741156
1790637163.4813714,1.6963219968602061
1790637163.4880884,2.68530601169914
1790637163.4957466,2.42760096443817
1790637163.5017955,3.2171549974009395
1790637163.5134373,4.160813987255096
1790637163.5136094,3.3230120316147804
1790637163.5179663,2.583175024483353
1790637163.530149,3.6533650127239525
1790637163.5308747,3.391811973415315
1790637163.5319536,2.587280992884189
1790637163.5381072,3.056769957765937
1790637163.5407374,2.610810974147171
1790637163.5636508,1.8960490124300122
1790637163.5699592,1.6211610054597259
1790637163.5814805,1.699741987977177
1790637163.5839055,1.290908025112003
1790637163.5910676,2.8983730007894337
1790637163.591153,2.3364140070043504
1790637163.6336114,24.766038986854255
1790637163.6338663,23.255617008544505
1790637163.633949,24.430603021755815
1790637163.6343036,5.272880021948367
1790637163.654162,1.7294890130870044
1790637163.6599796,1.5239869826473296
1790637163.6718576,1.7175419488921762
1790637163.6817412,1.7025410197675228
1790637163.6919014,1.6880459734238684
1790637163.696225,1.3643450220115483
1790637163.6985996,1.3613360351882875
1790637163.708969,1.4817609917372465
1790637163.711983,1.239116012584418
1790637163.729216,2.11831001797691
1790637163.7418187,2.0463039982132614
1790637163.7424617,1.9711400382220745
1790637163.7555468,2.4825760046951473
1790637163.7647796,1.541311969049275
1790637163.7654357,2.7267219847999513
1790637163.7718601,1.4809929998591542
1790637163.7739973,1.5700270305387676
1790637163.7769878,1.1255110148340464
1790637163.7865615,1.4340240159071982
1790637163.8006394,1.99171801796183
1790637163.8080025,1.6341179725714028
1790637163.8303845,15.365302038844675
1790637163.8338482,23.84125697426498
1790637163.8346817,4.1394500294700265
1790637163.8347657,16.155321965925395
1790637163.855615,22.37493300344795
1790637163.8569758,1.311032974626869
1790637163.8684037,1.6222309786826372
1790637163.8765578,2.9170970083214343
1790637163.8774674,1.4292189734987915
1790637163.8867698,1.463745953515172
1790637163.8906722,1.3719639973714948
1790637163.905046,1.7969200271181762
1790637163.9148228,1.819661003537476
1790637163.9185812,1.4411259908229113
1790637163.926229,1.9315409590490162
1790637163.937171,2.0656369742937386
1790637163.9416962,1.2774040224030614
1790637163.9577882,1.675955019891262
1790637163.9673193,1.9431200344115496
1790637163.9679034,1.4953470090404153
1790637163.9766388,1.506161002907902
1790637163.9790425,1.3470949488691986
1790637163.9833877,1.5564560308121145
1790637163.9857275,1.539006014354527
1790637163.9861753,1.3924069935455918
1790637164.0272534,9.207444032654166
1790637164.027374,23.41867401264608
1790637164.07983,5.862064950633794
1790637164.080544,3.203323984052986
1790637164.080637,5.759171966928989
1790637164.0807314,4.093942989129573
1790637164.0841084,1.2726940331049263
1790637164.0895998,1.6237790114246309
1790637164.0938575,1.321243995334953
1790637164.0951557,1.174206961877644
1790637164.1274436,1.899473019875586
1790637164.1287794,1.3259940315037966
1790637164.1461074,4.682043974753469
1790637164.1479797,4.8435519565828145
1790637164.1695073,1.8581980257295072
1790637164.1735137,1.331326027866453
1790637164.2161615,18.353466992266476
1790637164.2231903,24.47192301042378
1790637164.2236207,21.8101569917053
1790637164.248713,36.2553580198437
1790637164.2497246,38.347800029441714
1790637164.2507071,44.21028203796595
1790637164.2508612,34.662764985114336
1790637164.2526138,26.069413986988366
1790637164.2532585,33.153871016111225
1790637164.2533274,24.08771001501009
1790637164.253485,13.219755026511848
1790637164.278715,22.368498030118644
1790637164.2792513,17.459610011428595
1790637164.279382,16.848029976245016
1790637164.289182,1.5310979797504842
1790637164.2908747,1.5219709603115916
1790637164.3223622,24.119023990351707
1790637164.32312,18.40122096473351
1790637164.3235238,12.854028027504683
1790637164.3241634,13.954310037661344
1790637164.3252392,10.282350005581975
1790637164.3253007,6.492295011412352
1790637164.3316832,1.5275830519385636
1790637164.3384156,1.4660519664175808
1790637164.3433175,1.4256869908422232
1790637164.3545964,1.6885190270841122
1790637164.3554657,1.6989799914881587
1790637164.366268,1.953022030647844
1790637164.3854659,1.9866490038111806
1790637164.4225721,3.4732010099105537
1790637164.4226818,23.004918009974062
1790637164.4392197,1.5477249980904162
1790637164.4410334,1.2175230076536536
1790637164.4536593,1.8672439618967474
1790637164.471678,2.0585349993780255
1790637164.5003963,2.190760977100581
1790637164.517605,2.254966995678842
1790637164.5183966,2.124503953382373
1790637164.527556,2.021314052399248
1790637164.5279088,3.0074709793552756
1790637164.5295248,1.3436049921438098
1790637164.5351708,1.6608310397714376
1790637164.5469248,10.767773957923055
1790637164.5607228,26.302644982933998
1790637164.5610166,21.142669022083282
1790637164.561076,18.971462035551667
1790637164.5611324,8.736233052331954
1790637164.595816,3.2172389910556376
1790637164.639928,3.9030369953252375
1790637164.6420527,4.232381004840136
1790637164.6421285,2.987945976201445
1790637164.646479,1.7237919964827597
1790637164.6507013,1.144201960414648
1790637164.665956,1.8251860165037215
1790637164.6966922,2.21606798004359
1790637164.6980972,1.1989969643764198
1790637164.7021282,1.5273229801096022
1790637164.7097864,1.769964990671724
1790637164.717969,1.4093019999563694
1790637164.7225907,2.2728199837729335
1790637164.7291756,1.4120659907348454
1790637164.7292292,2.0079659880138934
1790637164.733384,1.1399280047044158
1790637164.7561529,21.915894001722336
1790637164.7562408,21.12654800293967
1790637164.7683191,1.7772489809431136
1790637164.7866025,2.052448980975896
1790637164.8113248,1.886687008664012
1790637164.8216069,1.6005370416678488
1790637164.8261232,1.295605965424329
1790637164.8344276,1.5985160134732723
1790637164.8429518,1.806457992643118
1790637164.864964,17.40381499985233
1790637164.8934197,45.116020017303526
1790637164.8943925,41.99758201139048
1790637164.894881,31.96748101618141
1790637164.8956993,17.88288605166599
1790637164.895817,15.346692991442978
1790637164.8958836,31.936431012582034
1790637164.896633,13.240416999906301
1790637164.8967636,4.890125012025237
1790637164.9005995,1.3711919891647995
1790637164.90431,1.1997150140814483
1790637164.9112976,1.280968019273132
1790637164.9204276,1.8075759871862829
1790637164.920983,1.494176045525819
1790637164.9411252,1.7905660206452012
1790637164.9465044,1.4190220390446484
1790637164.9550822,2.142234006896615
1790637164.9600246,1.6527989646419883
1790637164.9933786,22.328825027216226
1790637164.9938214,23.664608947001398
1790637164.993888,2.352697018068284
1790637165.0092053,2.1696939948014915
1790637165.010109,1.889011007733643
1790637165.019376,1.764543994795531
1790637165.0236428,1.8977340077981353
1790637165.028734,1.5059810248203576
1790637165.0434215,6.341018946841359
1790637165.0435367,5.956968991085887
1790637165.044463,1.9723400473594666
1790637165.0734022,26.738641026895493
1790637165.0882335,35.849368025083095
1790637165.088366,35.33927397802472
1790637165.0886738,25.44030104763806
1790637165.0897353,20.858176983892918
1790637165.0897894,16.03852299740538
1790637165.100165,2.351317962165922
1790637165.1136937,1.9678029930219054
1790637165.1137676,2.6122790295630693
1790637165.1384926,23.134289018344134
1790637165.1388702,8.74904403463006
1790637165.1389844,6.824203999713063
1790637165.1398354,4.125462961383164
1790637165.1398895,2.6847380213439465
1790637165.1611917,2.2096760221756995
1790637165.1693878,1.5849490300752223
1790637165.1781323,2.949114015791565
1790637165.1782832,3.2611070200800896
1790637165.178785,1.1864909902215004
1790637165.1911182,1.51898805052042
1790637165.2152548,1.9233039929531515
1790637165.2283468,2.005524991545826
1790637165.2864497,40.960557002108544
1790637165.291821,36.1195330042392
1790637165.2932208,16.078252985607833
1790637165.293566,26.052741974126548
1790637165.2938707,9.628807019907981
1790637165.3084395,6.736377952620387
1790637165.347326,31.665510032325983
1790637165.347416,46.26872099470347
1790637165.3475041,21.89454698236659
1790637165.3582816,50.90862198267132
1790637165.3694978,41.830958041828126
1790637165.3696802,38.66118099540472
1790637165.3699372,32.57536701858044
1790637165.3703969,29.230758955236524
1790637165.375647,32.63193101156503
1790637165.3906353,44.9310329859145
1790637165.4011147,50.473173963837326
1790637165.4132164,53.49191703135148
1790637165.4135633,58.56928299181163
1790637165.4143364,37.1740969712846
1790637165.4149945,33.3983029704541
1790637165.4151573,35.66101298201829
1790637165.415241,20.591216976754367
1790637165.4153073,54.859881987795234
1790637165.4158232,3.274974995292723
1790637165.4185646,2.1668539848178625
1790637165.427784,1.647296012379229
1790637165.431925,1.5910890069790184
1790637165.4409518,1.5300969826057553
1790637165.4425795,1.1546780006028712
1790637165.4682705,22.230731963645667
1790637165.4687326,23.266822972800583
1790637165.469213,21.469708997756243
1790637165.4692752,8.624185982625932
1790637165.469735,3.3529310021549463
1790637165.4731052,1.2669339776039124
1790637165.5027463,2.6318419841118157
1790637165.5046272,2.7885129675269127
1790637165.5046964,3.3616090076975524
1790637165.5080817,1.7383089871145785
1790637165.5100284,1.6993680037558079
1790637165.5107028,1.107247022446245
1790637165.5154672,1.2384930159896612
1790637165.5275767,1.7269319505430758
1790637165.5665703,3.929247963242233
1790637165.5671613,4.360262013506144
1790637165.5673246,3.463414963334799
1790637165.5753124,7.299800985492766
1790637165.5920885,23.57703197048977
1790637165.592772,20.340673974715173
1790637165.5928376,18.961096997372806
1790637165.5943072,4.10320598166436
1790637165.5944088,19.997372990474105
1790637165.5951602,2.036236983258277
1790637165.601039,1.4261409523896873
1790637165.6027966,1.1359010240994394
1790637165.6328127,21.085060958284885
1790637165.632892,20.484941953327507
1790637165.6329613,24.110192025545985
1790637165.634354,1.293845009058714
1790637165.636283,1.1469930177554488
1790637165.645203,1.5676270122639835
1790637165.6494937,1.3777869753539562
1790637165.676462,2.7590079698711634
1790637165.6779444,1.3405029894784093
1790637165.6824205,1.264551014173776
1790637165.6920211,2.4169840035028756
1790637165.6929054,1.320039969868958
1790637165.7084312,1.8643390503711998
1790637165.7137027,1.5406940365210176
1790637165.7251985,1.6771850059740245
1790637165.7374706,2.1877569961361587
1790637165.7383015,2.1108489600010216
1790637165.738767,1.2867979821749032
1790637165.7499378,1.5176510205492377
1790637165.7601674,1.6498980112373829
1790637165.783075,2.102757978718728
1790637165.7895644,1.61388999549672
1790637165.7901719,1.4592559891752899
1790637165.7954655,1.7880300292745233
1790637165.7963147,1.6105149989016354
1790637165.8286116,2.8490599943324924
1790637165.8293037,3.2965639838948846
1790637165.8293679,1.996357983443886
1790637165.8379848,2.1444300073198974
1790637165.8435888,1.8413060461170971
1790637165.844174,1.4178479905240238
1790637165.8476365,1.2662569642998278
1790637165.8560212,2.2123350063338876
1790637165.8616612,1.3167839497327805
1790637165.8832858,2.550268021877855
1790637165.8879266,1.6190189635381103
1790637165.9040885,2.081977028865367
1790637165.9046857,1.7247219802811742
1790637165.915607,4.316579026635736
1790637165.9171042,4.130696994252503
1790637165.9265587,1.4657569699920714
1790637165.9361825,1.8609800026752055
1790637165.9627779,1.8762469990178943
1790637165.9868665,3.2279809820465744
1790637165.98725,2.2666020086035132
1790637165.9873173,3.583092999178916
1790637166.008011,1.7132179928012192
1790637166.0219414,1.6171940369531512
1790637166.050046,24.333551002200693
1790637166.0503418,16.304268967360258
1790637166.050653,6.545729003846645
1790637166.0778422,22.236582008190453
1790637166.0785906,15.110953012481332
1790637166.0790608,14.96300200233236
1790637166.080153,3.9521310245618224
1790637166.080277,8.639880979899317
1790637166.0813146,2.241840003989637
1790637166.0817652,1.2530230451375246
1790637166.0888927,1.2002399889752269
1790637166.118029,2.0257179858163
1790637166.123921,1.687611045781523
1790637166.1255035,1.4460310339927673
1790637166.1303341,2.4532319512218237
1790637166.1304047,1.9462810014374554
1790637166.1366818,1.2093690456822515
1790637166.141403,1.4723230269737542
1790637166.148095,1.4606089680455625
1790637166.1943371,41.45163804059848
1790637166.195017,22.662853996735066
1790637166.1954238,16.63374697091058
1790637166.1959882,27.692828967701644
1790637166.196101,14.613333973102272
1790637166.1961706,40.21747800288722
1790637166.200059,1.3191470061428845
1790637166.2085428,1.5370070468634367
1790637166.244708,2.358170982915908
1790637166.2695873,2.461835043504834
1790637166.2823215,1.568564970511943
1790637166.2970119,1.5793050406500697
1790637166.3027723,1.6591140301898122
1790637166.3063836,2.058501006104052
1790637166.3127797,1.5816499944776297
1790637166.315354,1.3651520130224526
1790637166.3196032,1.3335520052351058
1790637166.3281338,1.8082279711961746
1790637166.3384285,1.6525989631190896
1790637166.3529513,1.6299209673888981
1790637166.3563266,1.4535319642163813
1790637166.3603983,1.3090510037727654
1790637166.3693478,1.4116259990260005
1790637166.3791378,1.5461970469914377
1790637166.3829455,1.3830129755660892
1790637166.3858888,1018.2025639805943
1790637166.385972,1021.1124980123714
1790637166.3901296,1.3789599761366844
1790637166.397155,1034.2220190213993
1790637166.397273,1030.9598550084047
1790637166.4039927,1.2968599912710488
1790637166.4088292,1.2654910096898675
1790637166.4136226,1.4820970245637
1790637166.4213445,1.492405019234866
1790637166.4425385,13.820501044392586
1790637166.4499283,11.007699999026954
1790637166.4501317,16.404256981331855
1790637166.4510531,25.7560980389826
1790637166.4511216,11.645851016510278
1790637166.4512742,2.4866880266927183
1790637166.4513538,10.658402985427529
1790637166.4673293,1.950101985130459
1790637166.476826,1.4659049920737743
1790637166.4851346,1.6439020400866866
1790637166.5111854,16.51441102148965
1790637166.5115032,22.508567024488002
1790637166.5117724,3.792843024712056
1790637166.5154035,2.2704179864376783
1790637166.5172436,2.4641089839860797
1790637166.5173242,3.39312304276973
1790637166.5176287,1.5287779970094562
1790637166.5340395,2.53414100734517
1790637166.5344093,3.5938179935328662
1790637166.549064,1.6557190101593733
1790637166.5540643,1.3045649975538254
1790637166.5560243,1.3433709973469377
1790637166.566096,2.2942080395296216
1790637166.5700436,1.3588769943453372
1790637166.5767138,2.3220579605549574
1790637166.5792677,1.1787560069933534
1790637166.5844684,1.2143870117142797
1790637166.5885575,1.2095269630663097
1790637166.6592155,21.086647000629455
1790637166.6598146,29.028461023699492
1790637166.660399,20.37366502918303
1790637166.661015,20.31041297595948
1790637166.6620944,12.430475966539234
1790637166.6622038,8.196278009563684
1790637166.6622677,5.733699013944715
1790637166.6730556,1.6976030310615897
1790637166.6874218,1.7238380387425423
1790637166.6964219,1.8469470087438822
1790637166.7002277,1.2628139811567962
1790637166.7167087,2.226376032922417
1790637166.7355595,2.3382530198432505
1790637166.7616417,2.0238960278220475
1790637166.7715235,3.5097229992970824
1790637166.7720997,2.145694976206869
1790637166.7772546,2.3331939592026174
1790637166.7773175,3.1495190341956913
1790637166.7801757,1.8175480072386563
1790637166.7807803,1.3525040121749043
1790637166.7858658,1.9553559832274914
1790637166.7876246,1.4610200305469334
1790637166.7975934,1.3862220221199095
1790637166.8020992,1.5531789977103472
1790637166.8027015,1.5484340256080031
1790637166.8193138,1.7732109990902245
1790637166.8267791,1.4351989957503974
1790637166.839172,2.0061059622094035
1790637166.8489625,1.6878049937076867
1790637166.85332,1.4849830185994506
1790637166.8738751,2.8131279977969825
1790637166.882272,3.336754976771772
1790637166.8827062,2.892852993682027
1790637166.884727,1.5248319832608104
1790637166.8860538,1.1991439969278872
1790637166.8960547,1.6286110039800406
1790637166.905625,1.4018589863553643
1790637166.9247644,2.296780003234744
1790637166.924836,2.930295013356954
1790637166.9364903,2.408934000413865
1790637166.9411361,1.6196719952858984
1790637166.9477186,1.4379870262928307
1790637166.965589,2.0857930066995323
1790637166.9665937,2.0106849842704833
1790637166.9683995,1.4074810314923525
1790637166.9742963,1.4853980392217636
1790637166.9838707,1.5425679739564657
1790637166.9987886,3.9244189974851906
1790637167.0023155,1.447092043235898
1790637167.0052512,1.325391000136733
1790637167.0124037,1.7324949731118977
1790637167.0188513,1.4040580135770142
1790637167.0464282,24.815024982672185
1790637167.0465596,17.261042026802897
1790637167.047082,7.932053005788475
1790637167.0471897,16.220928984694183
1790637167.0944507,3.8627810426987708
1790637167.1060307,1.8787850276567042
1790637167.120483,1.9743459997698665
1790637167.1324294,2.158022951334715
1790637167.1592433,21.153815963771194
1790637167.1694207,33.363703987561166
1790637167.1801357,19.19051696313545
1790637167.1810646,24.910665990319103
1790637167.1811912,2.412427042145282
1790637167.181246,14.677850995212793
1790637167.1825945,1.1803460074588656
1790637167.185623,1.217557000927627
1790637167.207856,1.7065019928850234
1790637167.2167654,1.6712689539417624
1790637167.2298946,1.7003660323098302
1790637167.2521427,20.41535801254213
1790637167.2522047,16.11858798423782
1790637167.287638,2.631468989420682
1790637167.3103137,2.2489619441330433
1790637167.3191018,3.4809819771908224
1790637167.3220217,1.7731020343489945
1790637167.3228137,1.7277509905397892
1790637167.354991,1.9751719664782286
1790637167.3708866,1.7901239916682243
1790637167.3970602,1.9077149918302894
1790637167.4205275,5.3782580071128905
1790637167.420942,3.3115589758381248
1790637167.4212449,7.15814798604697
1790637167.4410415,21.9690419617109
1790637167.4413404,7.4131349683739245
1790637167.4413958,2.785933029372245
1790637167.4771554,21.983149053994566
1790637167.4777792,14.131798991002142
1790637167.4778414,9.967284044250846
1790637167.5035195,1.793416973669082
1790637167.515274,2.0808010012842715
1790637167.5175326,1.5206810203380883
1790637167.5314136,3.5585909499786794
1790637167.5412557,3.150064032524824
1790637167.5417254,2.4307940038852394
1790637167.542323,1.599278999492526
1790637167.5696213,2.2853860282339156
1790637167.5704298,1.6526120016351342
1790637167.5721405,1.2438860139809549
1790637167.5814219,3.1451790127903223
1790637167.5815828,4.3531820410862565
1790637167.6157277,2.1922049927525222
1790637167.6321971,2.221299975644797
1790637167.6370738,1.9256460363976657
1790637167.644385,1.985181006602943
1790637167.6500034,2.0913389744237065
1790637167.6547704,2.030172967351973
1790637167.670198,2.196546003688127
1790637167.6821406,2.1890309872105718
1790637167.6903923,2.3489840095862746
1790637167.6940827,1.9129880238324404
1790637167.7193265,2.006712951697409
1790637167.7255065,2.0596100366674364
1790637167.7359872,1.8383970018476248
1790637167.759289,2.163110999390483
1790637167.7674232,1.8818749813362956
1790637167.780221,2.452945045661181
1790637167.7802904,1.7563619767315686
1790637167.7820914,1.3862049672752619
1790637167.7899275,1.5556259895674884
1790637167.7922204,1.211714989040047
1790637167.821268,20.436376973520964
1790637167.822446,23.619414016138762
1790637167.8225458,8.017211977858096
1790637167.8698432,2.9584449948742986
1790637167.9122283,5.287077045068145
1790637167.9183743,3.7775689852423966
1790637167.9317117,2.0402849768288434
1790637167.937456,2.1948409848846495
1790637167.941625,1.8631760030984879
1790637167.9472842,1.6573150060139596
1790637167.9565582,3.4270299947820604
1790637167.9567208,2.6973229832947254
1790637167.9570582,2.0283760386519134
1790637167.963767,2.661004022229463
1790637167.9874246,23.64074799697846
1790637167.9878545,14.278302958700806
1790637167.9885328,14.316932007204741
1790637167.9886181,25.601945002563298
1790637168.0038538,1.897253969218582
1790637168.006888,1.5337819932028651
1790637168.010538,2.183507021982223
1790637168.0235386,1.7663840553723276
1790637168.028824,2.1114060073159635
1790637168.0289278,2.7402410050854087
1790637168.0329165,1.4873130130581558
1790637168.0373418,1.5091240056790411
1790637168.0507355,1.6364529728889465
1790637168.0747097,23.501531046349555
1790637168.0747764,11.765770032070577
1790637168.0895,1.7723810160532594
1790637168.0913541,1.2776880175806582
1790637168.0953462,1.3685179874300957
1790637168.1232805,1.7162780277431011
1790637168.1288462,1.6803009784780443
1790637168.1549592,19.121765973977745
1790637168.1561642,11.117770976852626
1790637168.156392,24.433911021333188
1790637168.1565728,8.98393604438752
1790637168.1568763,7.335171045269817
1790637168.1696138,2.8395819826982915
1790637168.1697063,2.4419990368187428
1790637168.1731791,1.2289920123293996
1790637168.1773605,1.908664999064058
1790637168.1777952,1.8267250270582736
1790637168.184227,1.5662509831599891
1790637168.197072,3.2173670479096472
1790637168.1987038,3.55956400744617
1790637168.1988184,2.308483002707362
1790637168.2273395,19.252520985901356
1790637168.227895,23.95553997484967
1790637168.228816,5.6880940101109445
1790637168.2291903,3.66087700240314
1790637168.2292664,20.47101699281484
1790637168.234558,1.4339630142785609
1790637168.2388463,1.3716760440729558
1790637168.2556288,1.9019320025108755
1790637168.2650409,1.565788988955319
1790637168.2839777,1.9991209846921265
1790637168.2904792,1.6867720405571163
1790637168.308478,1.6788659850135446
1790637168.3165808,1.524288032669574
1790637168.3259587,2.3774649598635733
1790637168.3268962,1.984223024919629
1790637168.3292167,1.3346080086193979
1790637168.3487422,1.9002350163646042
1790637168.3647664,2.1804620046168566
1790637168.3875732,16.280609008390456
1790637168.3877046,24.208590970374644
1790637168.3972077,1.954837003722787
1790637168.4033036,1.8118729931302369
1790637168.4120235,1.5913090319372714
1790637168.417565,1.6891210107132792
1790637168.4331267,2.0856040064245462
1790637168.4377513,1.732812961563468
1790637168.4464011,2.359386009629816
1790637168.4472604,1.343508018180728
1790637168.458091,1.464652013964951
1790637168.4748871,1.9157429924234748
1790637168.4784327,1.8141780165024102
1790637168.4906433,1.639408990740776
1790637168.5081327,2.132682013325393
1790637168.5218117,1.5558020095340908
1790637168.5248258,1.594334957189858
1790637168.5416176,2.001238986849785
1790637168.5554352,1.7929530004039407
1790637168.5622454,1.4388709678314626
1790637168.5672154,1.3854639837518334
1790637168.5708933,1.7352380091324449
1790637168.5774646,1.3535319594666362
1790637168.5867527,1.796340977307409
1790637168.5894616,1.5207469696179032
1790637168.5928416,1.3119080103933811
1790637168.605892,2.03059398336336
1790637168.6277952,2.1812740014865994
1790637168.6502984,2.0957510569132864
1790637168.660182,1.8754209741018713
1790637168.661558,1.3634630013257265
1790637168.6756,1.7746959929354489
1790637168.6967278,7.01707397820428
1790637168.705181,25.02667997032404
1790637168.7060614,3.9484710432589054
1790637168.7061782,4.659103986341506
1790637168.7069476,1.7107970197685063
1790637168.71933,2.0769480033777654
1790637168.7478533,1.9957670010626316
1790637168.776637,1.749371993355453
1790637168.779876,1.716302998829633
1790637168.8085835,3.148528980091214
1790637168.8086727,20.558539021294564
1790637168.811106,1.5560020110569894
1790637168.8168375,1.5248960116878152
1790637168.832161,1.949002966284752
1790637168.8356187,1.5066879568621516
1790637168.861746,1.9859090098179877
1790637168.8771431,1.9763180171139538
1790637168.8817813,1.4621180016547441
1790637168.890399,1.5768689918331802
1790637168.9173005,22.448303003329784
1790637168.9221256,1.7016360070556402
1790637168.9271696,1.3656520168296993
1790637168.950333,1.763124018907547
1790637168.955275,1.5836230013519526
1790637168.9611545,1.7318020109087229
1790637168.9951818,18.252885958645493
1790637168.995494,22.256704978644848
1790637169.0187385,21.663245977833867
1790637169.0190475,4.614332981873304
1790637169.023735,1.967688964214176
1790637169.0277164,1.6380750457756221
1790637169.0339446,1.7490169848315418
1790637169.0390627,1.8000450218096375
1790637169.043917,1.3223179848864675
1790637169.0882494,2.3166179889813066
1790637169.0967484,2.0207050256431103
1790637169.0983982,1.4005490229465067
1790637169.09917,1.4669239753857255
1790637169.1028578,1.218373014125973
1790637169.1129885,1.869719009846449
1790637169.115437,1.6048529651015997
1790637169.1189022,1.521957980003208
1790637169.125271,1.5589009854011238
1790637169.154958,1.9963359809480608
1790637169.155943,1.8975550192408264
1790637169.171982,2.376348013058305
1790637169.172982,2.2594360052607954
1790637169.1855178,1.8705719849094748
1790637169.1871789,1.3500189525075257
1790637169.2132661,1.7439229995943606
1790637169.220455,1.992502948269248
1790637169.2329247,2.3683279869146645
1790637169.2375214,1.6732829972170293
1790637169.2380388,1.4504269929602742
1790637169.2580154,12.108001974411309
1790637169.271473,26.068723993375897
1790637169.2755232,1.523387967608869
1790637169.3130813,10.756518982816488
1790637169.3135443,23.997055017389357
1790637169.313673,21.691777976229787
1790637169.3140016,5.9698320110328496
1790637169.3143773,5.048675986472517
1790637169.3144503,2.6556599768809974
1790637169.3227375,2.9149759793654084
1790637169.3228383,2.5420240126550198
1790637169.3315444,1.6712179640308022
1790637169.3350441,1.3765530311502516
1790637169.3427114,1.6360480221919715
1790637169.3459365,1.3586709974333644
1790637169.374894,21.41115698032081
1790637169.3761346,19.801827962510288
1790637169.376203,20.480824983678758
1790637169.3765264,3.1452479888685048
1790637169.3765934,27.6147149852477
1790637169.4052527,2.054684970062226
1790637169.4173632,1.6476060263812542
1790637169.4318752,2.0424979738891125
1790637169.443744,2.0249980152584612
1790637169.4597814,2.008731011301279
1790637169.4768975,16.407852002885193
1790637169.500101,37.70219499710947
1790637169.5054247,46.66788800386712
1790637169.5059857,37.85377903841436
1790637169.5061817,30.996110988780856
1790637169.506269,30.415980028919876
1790637169.5065863,16.6248349705711
1790637169.51943,2.5909520336426795
1790637169.5198045,2.429796033538878
1790637169.5275788,1.7885140259750187
1790637169.5399778,2.88631598232314
1790637169.5410633,2.580407017376274
1790637169.541403,2.007907023653388
1790637169.5585725,2.5474400026723742
1790637169.5591958,2.2623579716309905
1790637169.5833395,25.43580101337284
1790637169.6022906,1.9569619907997549
1790637169.6029367,1.5869640046730638
1790637169.6233807,1.7741949995979667
1790637169.64785,18.1500919861719
1790637169.6481855,2.7318139909766614
1790637169.6482844,21.69992297422141
1790637169.6576753,1.637208042666316
1790637169.6822464,19.749566970858723
1790637169.6829367,24.220910971052945
1790637169.6843407,12.14390603126958
1790637169.6850045,3.8184059667401016
1790637169.6850867,12.100641033612192
1790637169.6855123,2.481939038261771
1790637169.6933908,1.3832160038873553
1790637169.71492,1.8148809904232621
1790637169.7455416,1.808441011235118
1790637169.7721233,1.7004149849526584
1790637169.7768302,1.4622279559262097
1790637169.8006215,2.4858959950506687
1790637169.8009396,2.0638639689423144
1790637169.8345597,2.2398110013455153
1790637169.8349342,3.2060540397651494
1790637169.8419328,1.451600983273238
1790637169.844101,1.1782520450651646
1790637169.8539906,1.614210952538997
1790637169.8565414,1.4612980303354561
1790637169.8645384,1.6424230416305363
1790637169.8777952,1.8329599988646805
1790637169.8979805,1.9590920419432223
1790637169.9231093,1.918960944749415
1790637169.9376903,1.9938999903388321
1790637169.9382434,1.6409099916927516
1790637169.9464116,1.6411840333603323
1790637169.960312,1.7206619959324598
1790637169.9711385,1.7095700022764504
1790637169.9754293,1.7554740188643336
1790637169.9815025,1.4046579599380493
1790637169.994004,1.5601789928041399
1790637170.0040283,1.7170050414279103
1790637170.0089598,1.587429956998676
1790637170.041778,17.321919032838196
1790637170.047677,8.866695978213102
1790637170.053127,11.334140959661454
1790637170.0532234,29.495081980712712
1790637170.054005,2.00276100076735
1790637170.0756712,1.9491800339892507
1790637170.0759282,2.7891559875570238
1790637170.0820227,1.641908020246774
1790637170.083506,1.292661007028073
1790637170.1005783,2.0438669598661363
1790637170.1008472,1.5788930468261242
1790637170.1433337,27.7885029790923
1790637170.143438,27.028781012631953
1790637170.143515,28.656053997110575
1790637170.1692233,25.518909969832748
1790637170.169348,27.406013978179544
1790637170.1696484,24.5910799712874
1790637170.1705542,6.581741967238486
1790637170.1714365,1.4829650172032416
1790637170.1802003,1.6281269490718842
1790637170.190912,1.891476975288242
1790637170.2079666,1.6754529788158834
1790637170.2178466,1.8904700409621
1790637170.2197194,1.4021749957464635
1790637170.241898,1.7395690083503723
1790637170.2573123,1.6408179653808475
1790637170.2604935,1.8426800379529595
1790637170.2674582,1.9395570270717144
1790637170.2679698,1.540868019219488
1790637170.3058739,1.8072620150633156
1790637170.311855,1.3941979850642383
1790637170.314723,1.4897629735060036
1790637170.3202891,1.5661939978599548
1790637170.34095,2.077115001156926
1790637170.3509023,1.6554979956708848
1790637170.3626122,1.7677839496172965
1790637170.363855,1.221652957610786
1790637170.3912432,20.840507000684738
1790637170.3932893,21.1803590063937
1790637170.3935986,24.761084001511335
1790637170.3938394,19.96076595969498
1790637170.3958316,1.7772139981389046
1790637170.4323533,2.0340749761089683
1790637170.4360833,1.3593570329248905
1790637170.4441104,2.98904103692621
1790637170.4442246,2.5499199982732534
1790637170.4919226,2.169697021599859
1790637170.4955807,1.431211014278233
1790637170.5028803,2.278322004713118
1790637170.5035093,1.7751780105754733
1790637170.5306346,15.493824030272663
1790637170.5371995,14.534457994159311
1790637170.5377324,24.887880019377917
1790637170.5381875,4.197717003989965
1790637170.538642,2.4391550105065107
1790637170.5615788,1.78842298919335
1790637170.5666833,1.4955319929867983
1790637170.5713062,1.3011619448661804
1790637170.6210465,19.78928700555116
1790637170.621971,25.319214968476444
1790637170.6227758,18.3389539597556
1790637170.6237063,16.662054986227304
1790637170.6238024,16.210021043661982
1790637170.6238725,8.293658029288054
1790637170.6317189,1.5203840448521078
1790637170.6593444,11.991021980065852
1790637170.6603003,22.71602797554806
1790637170.6651676,1.5548639930784702
1790637170.6701589,1.4151969808153808
1790637170.6767318,1.4879819937050343
1790637170.6818683,1.5610649716109037
1790637170.7062538,1.7752400017343462
1790637170.7081418,1.454668992664665
1790637170.7150805,1.621995004825294
1790637170.7208672,1.4569159829989076
1790637170.7774699,15.89250803226605
1790637170.7785065,14.636354986578226
1790637170.778627,24.466445960570127
1790637170.7788908,12.947975017596036
1790637170.8019197,22.792359988670796
1790637170.802517,12.979586026631296
1790637170.8027017,24.826968961860985
1790637170.802959,1.9109530257992446
1790637170.8047688,1.7263940535485744
1790637170.8078122,1.2177140451967716
1790637170.8126533,1.2836270034313202
1790637170.832987,2.353489981032908
1790637170.8370514,1.8535589915700257
1790637170.8504207,1.7595840035937726
1790637170.855079,1.7520890105515718
1790637170.8597732,2.015370992012322
1790637170.8844333,2.0830240100622177
1790637170.890753,1.5183720388449728
1790637170.9018989,1.7703920020721853
1790637170.9033318,1.2845559976994991
1790637170.9305854,16.777179029304534
1790637170.931338,22.53433904843405
1790637170.9315627,14.372479054145515
1790637170.9320593,11.384596000425518
1790637170.9538183,21.704906946979463
1790637170.9790938,1.9450639956630766
1790637170.991999,1.5596890007145703
1790637171.0148416,1.9439479801803827
1790637171.0171673,2.0133269717916846
1790637171.0326333,1.9837659783661366
1790637171.0380285,1.3552719610743225
1790637171.056617,1.7129890038631856
1790637171.0598073,1.6593469772487879
1790637171.09453,12.119604973122478
1790637171.0949237,23.50193599704653
1790637171.105668,1.703668967820704
1790637171.1238937,17.678908945526928
1790637171.1319594,22.928128018975258
1790637171.132819,25.950966053642333
1790637171.1331522,11.917032999917865
1790637171.1335106,6.516645022202283
1790637171.1389709,1.6921189962886274
1790637171.1544855,1.8267050036229193
1790637171.1590996,1.6911649727262557
1790637171.2036247,7.555308984592557
1790637171.2095783,9.475718950852752
1790637171.2207742,23.858022992499173
1790637171.2208626,10.191339999437332
1790637171.2213368,9.744265000335872
1790637171.2216415,4.837265005335212
1790637171.226856,1.2831920175813138
1790637171.2315862,1.7338210018351674
1790637171.2520945,1.9003089983016253
1790637171.255986,1.5665969694964588
1790637171.2565224,1.468201051466167
1790637171.2828276,24.101503018755466
1790637171.282916,25.962561019696295
1790637171.284327,21.005529968533665
1790637171.284759,12.75605900445953
1790637171.2848344,14.976031961850822
1790637171.2874541,1.3160340022295713
1790637171.298217,1.6307469923049212
1790637171.3032696,1.722850021906197
1790637171.3203857,2.031520998571068
1790637171.3204656,2.6653390377759933
1790637171.3233025,2.750229963567108
1790637171.323381,2.168448001611978
1790637171.3478034,21.144084981642663
1790637171.348561,11.845441011246294
1790637171.348744,25.256716995500028
1790637171.3492715,8.280008973088115
1790637171.3574212,1.3899999903514981
1790637171.377446,2.1452439832501113
1790637171.3775373,3.047392994631082
1790637171.3824515,1.6247239545919
1790637171.386504,1.4466129941865802
1790637171.4094086,2.2568809799849987
1790637171.4108937,1.2917349813506007
1790637171.4181542,2.0518070086836815
1790637171.4401333,23.041056003421545
1790637171.4402356,2.508269972167909
1790637171.4467857,1.6480630147270858
1790637171.4547887,1.6677459934726357
1790637171.4607992,1.3208280433900654
1790637171.4708042,1.594047003891319
1790637171.4741411,1.4385970425792038
1790637171.4898844,1.8935339758172631
1790637171.505895,2.173876971937716
1790637171.5161362,2.402397047262639
1790637171.533149,1.98480294784531
1790637171.5349376,1.4023890253156424
1790637171.538368,1.5999290044419467
1790637171.5676506,1.815697003621608
1790637171.6256852,3.0159300076775253
1790637171.6304545,1.965687028132379
1790637171.6601524,10.840011993423104
1790637171.6603045,26.695095002651215
1790637171.6626039,2.4366590077988803
1790637171.6627061,4.159432020969689
1790637171.6633716,2.2027509985491633
1790637171.6723642,2.1033670054748654
1790637171.6729028,1.9816900021396577
1790637171.679146,1.3848499511368573
1790637171.6907802,2.159643976483494
1790637171.691271,1.3318510027602315
1790637171.6970975,1.472183968871832
1790637171.7280834,1.7193759558722377
1790637171.7381015,1.8800629768520594
1790637171.7427435,2.0864149555563927
1790637171.7483816,1.4781199861317873
1790637171.7511065,1.1805809917859733
1790637171.7629046,1.6960289794951677
1790637171.7791772,1.6891059931367636
1790637171.7833085,1.3757929555140436
1790637171.7975838,2.008955052588135
1790637171.8260536,1.908891019411385
1790637171.8437665,1.7466439749114215
1790637171.8487642,1.915649976581335
1790637171.8490567,2.993967034853995
1790637171.8878624,2.2019980242475867
1790637171.8910103,1.43176200799644
1790637171.9087934,2.149862004444003
1790637171.9118314,1.6167379799298942
1790637171.928879,1.8431239877827466
1790637171.9317074,1.4786049723625183
1790637171.9397192,1.650022983085364
1790637171.9415636,1.452731026802212
1790637171.9521463,1.8380859983153641
1790637171.9572866,1.5652140136808157
1790637171.9599833,1.5005539753474295
1790637171.9921563,10.097405000124127
1790637171.992242,18.426658993121237
1790637171.9929204,26.515281992033124
1790637171.9929805,6.658629979938269
1790637172.0291805,2.229869016446173
1790637172.0317802,1.4369059936143458
1790637172.0322337,1.2611299753189087
1790637172.0375829,1.2259010109119117
1790637172.0395074,1.1528520262800157
1790637172.0448477,1.5926630003377795
1790637172.1061091,2.521590969990939
1790637172.106243,1.9990529981441796
1790637172.1104274,1.2420379789546132
1790637172.144309,1.976021972950548
1790637172.1463745,1.735913974698633
1790637172.176457,28.075609006918967
1790637172.1765478,13.487645017448813
1790637172.1800091,1.6177209909074008
1790637172.208388,1.8207320244982839
1790637172.241332,26.311166991945356
1790637172.2847815,25.257397966925055
1790637172.2848876,12.994446966331452
1790637172.2985814,1.910368970129639
1790637172.3004587,1.3307940098457038
1790637172.308848,1.6631039907224476
1790637172.3190434,1.8776780343614519
1790637172.322944,1.5344680286943913
1790637172.3353071,1.9008989911526442
1790637172.351757,1.9610599847510457
1790637172.3539255,1.4251740067265928
1790637172.3769855,1.6693969955667853
1790637172.398231,1.7531680059619248
1790637172.4018295,1.3993910397402942
1790637172.414045,1.6590880113653839
1790637172.428329,1.7667700303718448
1790637172.438891,1.7435600166209042
1790637172.4511733,3.5571930347941816
1790637172.4513931,2.6049219886772335
1790637172.4514697,3.2054950133897364
1790637172.4554465,1.3483990333043039
1790637172.4595513,1.4620699803344905
1790637172.4698758,1.988322997931391
1790637172.5109503,1.7954600043594837
1790637172.518089,1.8307090504094958
1790637172.5281973,1.6639510286040604
1790637172.548681,1.7164190066978335
1790637172.5509584,1.6597470385022461
1790637172.5517402,1.839430013205856
1790637172.565445,1.943740004207939
1790637172.5671616,1.7055440112017095
1790637172.5983129,17.495889973361045
1790637172.598904,24.253751034848392
1790637172.5989876,8.15193698508665
1790637172.6253657,12.456971977371722
1790637172.6255515,25.268423021771014
1790637172.6256528,10.094175988342613
1790637172.6415508,2.182707015890628
1790637172.6505456,1.9256509840488434
1790637172.6523166,1.5757799847051501
1790637172.7076437,2.2106969845481217
1790637172.7203743,2.820108027663082
1790637172.720452,3.0232210410758853
1790637172.7487946,3.3393980120308697
1790637172.7494698,3.2708310172893107
1790637172.7495663,2.79908103402704
1790637172.7564032,2.4248750414699316
1790637172.769325,1.8143660272471607
1790637172.7694364,3.1084349611774087
1790637172.7807965,2.01284303329885
1790637172.7854192,3.837188007310033
1790637172.7855055,3.008528030477464
1790637172.7895885,1.7730830004438758
1790637172.7938359,1.7374419840052724
1790637172.8155587,2.919775026384741
1790637172.8609993,1.7384350067004561
1790637172.872483,1.5672530280426145
1790637172.8781803,1.7668160144239664
1790637172.8782597,2.3887790157459676
1790637172.8855882,1.9015370053239167
1790637172.894644,1.7091759946197271
1790637172.9209886,1.987320021726191
1790637172.9230654,1.694368023891002
1790637172.9331868,2.4848480243235826
1790637172.9339318,2.249684010166675
1790637172.9370372,1.7986869788728654
1790637172.9391918,1.532731985207647
1790637172.9688358,1.9472629646770656
1790637172.9765637,2.011889999266714
1790637173.0008762,22.694655985105783
1790637173.0010042,23.419264005497098
1790637173.0013826,22.23653200780973
1790637173.0019867,11.14032999612391
1790637173.0026894,10.939945001155138
1790637173.003384,5.548993009142578
1790637173.003457,7.135791005566716
1790637173.031586,22.7108959807083
1790637173.0324907,22.318225994240493
1790637173.0326154,23.16082495963201
1790637173.0327697,17.488838988356292
1790637173.033082,11.366288003046066
1790637173.0358155,1.560258970130235
1790637173.058166,2.642790030222386
1790637173.0583074,3.307532984763384
1790637173.058844,1.6815789858810604
1790637173.0602465,1.1077949893660843
1790637173.0712574,1.6201890539377928
1790637173.0738683,1.6769819776527584
1790637173.0867612,1.6366110066883266
1790637173.1065392,2.3171870270743966
1790637173.1133444,1.6336559783667326
1790637173.114451,1.8825200386345387
1790637173.1354036,2.088005014229566
1790637173.1361785,1.7250639502890408
1790637173.1463315,2.0282609621062875
1790637173.1529212,1.4149619964882731
1790637173.1554542,1.4315589796751738
1790637173.2130423,2.018394006881863
1790637173.213491,1.603413955308497
1790637173.2165332,1.271094020921737
1790637173.219196,1.5964219928719103
1790637173.225013,2.1106760250404477
1790637173.2399898,1.8521749880164862
1790637173.2459974,1.7875529592856765
1790637173.2548687,1.7347079701721668
1790637173.2578592,1.5532830148003995
1790637173.2857254,2.043417014647275
1790637173.3409095,2.3787840036675334
1790637173.3414965,1.5094910049811006
1790637173.346956,1.416218001395464
1790637173.3546457,1.928618992678821
1790637173.3786032,14.915367995854467
1790637173.3786705,23.974853043910116
1790637173.3793943,2.1552760154008865
1790637173.3923578,2.067959983833134
1790637173.3929205,1.7248729709535837
1790637173.4052193,1.622660958673805
1790637173.4092858,1.359687012154609
1790637173.4157133,1.5267379931174219
1790637173.463228,2.0890349987894297
1790637173.4695084,1.8579989555291831
1790637173.4792063,1.6312950174324214
1790637173.4964736,2.0038910442963243
1790637173.5059955,1.890307990834117
1790637173.5073593,1.203462015837431
1790637173.5244422,1.724531000945717
1790637173.527013,1.9717870163731277
1790637173.5306563,1.388008997309953
1790637173.5351725,1.6361270099878311
1790637173.5367491,1.2678930070251226
1790637173.5695002,26.131545018870384
1790637173.570314,9.804826986510307
1790637173.570711,18.203866959083825
1790637173.5708728,8.474470989312977
1790637173.571722,6.714696995913982
1790637173.5719032,4.510162980295718
1790637173.5781562,1.4361140201799572
1790637173.5816214,1.4272109838202596
1790637173.6161811,1.9361829617992043
1790637173.6259687,1.9080379861406982
1790637173.6271036,1.9271330093033612
1790637173.6278594,1.4717630110681057
1790637173.6381917,2.1154460264369845
1790637173.639807,2.4440910201519728
1790637173.6411347,2.5052070268429816
1790637173.6475954,1.9071339629590511
1790637173.6496823,1.3964539975859225
1790637173.653516,1.4758110046386719
1790637173.6558554,1.427287992555648
1790637173.6617112,1.3049310073256493
1790637173.699098,2.0834400202147663
1790637173.7125115,2.5518860202282667
1790637173.712584,3.311495005618781
1790637173.7248628,1.694548991508782
1790637173.7349179,1.5767349977977574
1790637173.7633088,2.143113990314305
1790637173.7928214,22.977510991040617
1790637173.7930226,25.98269301233813
1790637173.7936952,21.369313006289303
1790637173.7938073,20.878998038824648
1790637173.7938797,26.05531003791839
1790637173.7985182,1.455717021599412
1790637173.8014288,1.3287729816511273
1790637173.809734,1.37986900517717
1790637173.8158207,1.5259170322678983
1790637173.8203568,1.3994240434840322
1790637173.8236148,1.4907679869793355
1790637173.8379073,1.5781819820404053
1790637173.8414981,1.2977709993720055
1790637173.8706114,1.677601016126573
1790637173.8888268,3.161792003083974
1790637173.8888974,2.69825296709314
1790637173.889409,2.119396987836808
1790637173.8908377,1.2069990043528378
1790637173.8991764,1.8113700207322836
1790637173.9319663,25.845030031632632
1790637173.9320662,11.911915964446962
1790637173.9321437,13.37590703042224
1790637173.954397,1.843762001954019
1790637173.985814,2.2387030185200274
1790637173.9874332,1.3276539975777268
1790637173.9888508,1.2020959984511137
1790637174.0146263,2.0607460173778236
1790637174.0419579,18.834277987480164
1790637174.0420535,25.814205000642687
1790637174.05474,2.124229969922453
1790637174.0797133,1.7487829900346696
1790637174.091359,1.746234018355608
1790637174.0964892,1.8110290402546525
1790637174.1208534,24.305843049660325
1790637174.1209254,17.893748998176306
1790637174.1435385,2.110695990268141
1790637174.143643,3.195148950908333
1790637174.1547842,1.7816339968703687
1790637174.16656,1.6673870268277824
1790637174.1793244,1.847796025685966
1790637174.1936119,2.351397997699678
1790637174.1942203,1.5862219734117389
1790637174.2085936,1.7309890245087445
1790637174.2351995,23.818044981453568
1790637174.2358575,10.092604032251984
1790637174.2368033,1.5283100074157119
1790637174.2443304,1.6629939782433212
1790637174.2839577,22.449224023148417
1790637174.2846227,24.389328027609736
1790637174.2846909,2.788372046779841
1790637174.2989194,1.6703259898349643
1790637174.306495,1.4550749910995364
1790637174.3341703,1.784194028005004
1790637174.3377123,1.5863949665799737
1790637174.354299,1.691297977231443
1790637174.359387,1.8351390026509762
1790637174.3751414,1.7874980112537742
1790637174.3809702,1.4497900265268981
1790637174.3824348,1.1896310024894774
1790637174.3886144,1.7920969985425472
1790637174.4037378,3.073005995247513
1790637174.405611,3.1476430012844503
1790637174.4205434,4.426376952324063
1790637174.422705,4.397595999762416
1790637174.42293,3.068162011913955
1790637174.4238448,2.8751380159519613
1790637174.4419045,3.155505983158946
1790637174.4606996,18.006263009738177
1790637174.4635067,23.21906603174284
1790637174.4645603,10.498072020709515
1790637174.464636,9.28370503243059
1790637174.4841068,1.6735870158299804
1790637174.5018413,1.8145130015909672
1790637174.5302346,25.677616999018937
1790637174.5303895,16.406250011641532
1790637174.5304797,7.943197968415916
1790637174.530553,25.18223598599434
1790637174.5308137,2.6865589898079634
1790637174.5405622,2.0359689951874316
1790637174.5521727,1.9642069819383323
1790637174.5542612,1.333163003437221
1790637174.555966,1.3332650414668024
1790637174.557773,1.2223399826325476
1790637174.5642443,1.5367770101875067
1790637174.567052,1.3973040040582418
1790637174.5870383,1.8401179695501924
1790637174.5894346,1.3901949860155582
1790637174.6062198,1.6883950447663665
1790637174.6084933,1.2332209735177457
1790637174.6267521,12.478869990445673
1790637174.6371562,23.519245034549385
1790637174.6690576,23.54655199451372
1790637174.6692436,23.22796097723767
1790637174.6701744,2.5358289713039994
1790637174.7058427,1.8689280259422958
1790637174.771256,1.8813000060617924
1790637174.7759686,1.5161950141191483
1790637174.7839632,1.5276510384865105
1790637174.7912867,1.5994780114851892
1790637174.8303266,27.685865003149956
1790637174.8307307,17.035886994563043
1790637174.8336449,1.5366149600595236
1790637174.8391972,1.5433549997396767
1790637174.8433807,1.267142011784017
1790637174.8520727,1.4994769589975476
1790637174.8561528,1.5791719779372215
1790637174.8648074,1.699269050732255
1790637174.886583,1.894831017125398
1790637174.916145,25.892720033880323
1790637174.9165852,3.141186956781894
1790637174.9320698,2.6954030035994947
1790637174.9327102,3.547712985891849
1790637174.9336271,3.0645690276287496
1790637174.9445393,1.7805819516070187
1790637174.9775555,2.006205962970853
1790637174.9812145,1.428891031537205
1790637174.9975774,1.9082590006291866
1790637175.0311155,26.345154037699103
1790637175.034087,2.9006070108152926
1790637175.0342216,2.4955549743026495
1790637175.059985,2.7465609600767493
1790637175.0752194,3.0177379958331585
1790637175.1008828,17.387453990522772
1790637175.102108,24.884174985345453
1790637175.1021838,13.978019007481635
1790637175.1193724,1.8836010131053627
1790637175.1246939,1.462289015762508
1790637175.1340609,1.7469539889134467
1790637175.1379673,1.3217009836807847
1790637175.1397502,1.5060629812069237
1790637175.1438599,1.7658649594523013
1790637175.1521719,1.575169968418777
1790637175.158385,1.7397810006514192
1790637175.1738687,1.836573996115476
1790637175.1780138,2.428815991152078
1790637175.2140043,22.22315000835806
1790637175.2141292,15.17383597092703
1790637175.2152574,2.334218006581068
1790637175.2265236,1.8637250177562237
1790637175.2300115,1.581682008691132
1790637175.2402153,1.7037540092132986
1790637175.2427387,1.7512150225229561
1790637175.3074179,1.9032260170206428
1790637175.3473415,3.1522950157523155
1790637175.3476877,2.827442018315196
1790637175.3487906,2.0851289737038314
1790637175.3561163,1.6369519871659577
1790637175.3623452,1.5368629829026759
1790637175.3713562,1.7515899962745607
1790637175.37417,1.216387958265841
1790637175.3768075,1.3488049735315144
1790637175.3806982,1.3594779884442687
1790637175.3872886,1.9557130290195346
1790637175.3877678,1.4018549700267613
1790637175.420889,2.0289549720473588
1790637175.4319065,1.7572470242157578
1790637175.4324334,1.5781510155647993
1790637175.4487348,2.3013040190562606
1790637175.4497693,3.87117697391659
1790637175.4498708,2.4216020246967673
1790637175.4835572,34.70964398002252
1790637175.489011,36.14193701650947
1790637175.495669,36.794425977859646
1790637175.497238,31.09095402760431
1790637175.4974577,45.07256700890139
1790637175.5074873,29.058126965537667
1790637175.5188692,6.177723000291735
1790637175.5224993,38.37847901741043
1790637175.5232236,26.5817969921045
1790637175.5233045,5.6309240171685815
1790637175.5516365,18.068549048621207
1790637175.5517092,19.392787013202906
1790637175.5671313,38.213896041270345
1790637175.5750253,28.801620996091515
1790637175.575846,36.98602499207482
1790637175.5762591,14.467581000644714
1790637175.576334,12.693531985860318
1790637175.5877717,1.8512440146878362
1790637175.5934896,2.1977770375087857
1790637175.5946767,1.732816977892071
1790637175.594933,2.801730006467551
1790637175.6030743,1.4742620405741036
1790637175.6128197,1.9099430064670742
1790637175.6459167,2.4873779620975256
1790637175.6615212,2.0016400376334786
1790637175.6637678,1.3780089793726802
1790637175.6731272,1.509445020928979
1790637175.701058,2.434061956591904
1790637175.7128997,1.7640599980950356
1790637175.7408705,22.771755990106612
1790637175.7476704,2.0729920361191034
1790637175.7699842,1.7617130069993436
1790637175.79893,1.9046859815716743
1790637175.8160043,1.8884559976868331
1790637175.8253572,1.7187899793498218
1790637175.8332005,1.9003889756277204
1790637175.8337715,1.6718559782020748
1790637175.8410242,1.9306259928271174
1790637175.8466597,1.4683740446344018
1790637175.8490326,1.1557379621081054
1790637175.8563426,2.284738002344966
1790637175.8648024,1.7729089595377445
1790637175.8751626,7.721925037913024
1790637175.8928423,18.481315986718982
1790637175.893342,11.256112018600106
1790637175.8937328,25.68979701027274
1790637175.8937938,10.943937988486141
1790637175.9019089,1.573487010318786
1790637175.9123683,1.7773050349205732
1790637175.91895,1.3857139856554568
1790637175.9352062,1.7805680399760604
1790637175.9368048,1.589139981660992
1790637175.9404,1.2984600034542382
1790637175.9451993,2.858784981071949
1790637175.9452667,2.347975969314575
1790637175.9486873,1.3339720317162573
1790637175.9652448,1.7516870284453034
1790637176.0114782,21.631688985507935
1790637176.0119424,13.14027700573206
1790637176.0120797,26.239873026497662
1790637176.0127137,12.627609947230667
1790637176.0282085,27.31358801247552
1790637176.035435,3.3419099636375904
1790637176.0355172,27.637395018246025
1790637176.0489185,2.096173004247248
1790637176.0747619,1.8508009961806238
1790637176.0943167,2.1621640189550817
1790637176.1045806,1.8664459930732846
1790637176.1438453,15.452452993486077
1790637176.1439278,25.148843007627875
1790637176.2028484,34.214886953122914
1790637176.2034664,53.2682909979485
1790637176.2096834,40.27522500837222
1790637176.2211187,68.10421199770644
1790637176.2217321,50.74501899071038
1790637176.222866,40.52018898073584
1790637176.2233088,35.52955202758312
1790637176.224221,12.755825009662658
1790637176.2242851,35.79295001691207
1790637176.2248404,9.433880972210318
1790637176.25224,24.694476975128055
1790637176.2527661,73.69744899915531
1790637176.253227,1.9811359816230834
1790637176.2562187,2.540118992328644
1790637176.2572198,2.2314380039460957
1790637176.262743,3.1157560297288
1790637176.2642536,2.7637399616651237
1790637176.2705455,2.230108017101884
1790637176.2737956,1.6519149648956954
1790637176.274884,1.8919490394182503
1790637176.2846894,2.150502987205982
1790637176.2852259,1.455609977710992
1790637176.2864976,1.2615550076588988
1790637176.3131368,2.0639029680751264
1790637176.3288894,2.0131519995629787
1790637176.3370016,2.037873025983572
1790637176.3378305,1.589032995980233
1790637176.3579834,1.8907869816757739
1790637176.3723617,3.1070420518517494
1790637176.3724325,2.277482009958476
1790637176.3821447,1.5873939846642315
1790637176.386984,1.2628489639610052
1790637176.423222,18.94761301809922
1790637176.4233005,23.388725996483117
1790637176.4305444,1.562122954055667
1790637176.4315696,1.710512035060674
1790637176.4322624,1.3388859806582332
1790637176.4442708,1.9255569786764681
1790637176.461377,1.8505029729567468
1790637176.4650204,1.7108360189013183
1790637176.4662368,1.2072509853169322
1790637176.4776256,1.8398799584247172
1790637176.5054607,10.572449013125151
1790637176.505533,24.182377033866942
1790637176.519319,1.9285749876871705
1790637176.533359,1.7611179500818253
1790637176.588974,44.339162996038795
1790637176.6120574,42.79702896019444
1790637176.612167,52.68757703015581
1790637176.6125138,43.80959103582427
1790637176.6127708,26.877210999373347
1790637176.6132693,27.45298098307103
1790637176.6135137,18.135433027055115
1790637176.6235826,1.9651479669846594
1790637176.633904,1.4107030001468956
1790637176.6384995,2.101388992741704
1790637176.6494634,1.4988649636507034
1790637176.6569083,1.5570929972454906
1790637176.6698763,1.8979149754159153
1790637176.6821778,1.5303129912354052
1790637176.700779,1.6079529887065291
1790637176.7164335,1.6476039891131222
1790637176.740536,1.683828013483435
1790637176.754556,1.6569590079598129
1790637176.8267398,44.06462801853195
1790637176.827474,26.553532981779426
1790637176.8287292,46.74006800632924
1790637176.8288646,41.39046597993001
1790637176.8298478,6.811277999076992
1790637176.82991,21.897828031796962
1790637176.8301854,4.072846961207688
1790637176.8302395,5.186456022784114
1790637176.8463612,1.6743860323913395
1790637176.870818,1.6727959737181664
1790637176.8759468,1.588893006555736
1790637176.8953533,2.155038993805647
1790637176.8974977,1.511128037236631
1790637176.902992,1.5725860139355063
1790637176.9030578,2.1467729820869863
1790637176.9112766,1.7619639984332025
1790637176.9212222,1.478443038649857
1790637176.9252677,1.315934001468122
1790637176.9365385,1.4770099660381675
1790637176.9404647,1.3525570393539965
1790637176.9469373,1.8030530191026628
1790637176.9625306,1.4822460361756384
1790637176.990589,2.383682003710419
1790637177.0059779,2.5067839887924492
1790637178.0103445,3.013821959029883
1790637178.010528,4.3158489861525595
1790637178.0216217,2.239447960164398
1790637178.0460916,16.42674201866612
1790637178.0465453,22.128359996713698
1790637178.0472555,8.990490052383393
1790637178.079925,36.09973902348429
1790637178.0808294,41.76474903943017
1790637178.0917401,28.856609016656876
1790637178.0922236,47.28253895882517
1790637178.098123,27.48364902799949
1790637178.0982103,24.142861017026007
1790637178.12623,32.8026789939031
1790637178.136957,61.12815102096647
1790637178.1384053,30.53721896139905
1790637178.1385176,35.52582598058507
1790637178.1394403,23.19135400466621
1790637178.1395252,18.655633029993623
1790637178.1396706,32.923245045822114
1790637178.1774583,20.024319004733115
1790637178.1779459,13.511967961676419
1790637178.1781135,30.444257019553334
1790637178.178195,11.392526037525386
1790637178.1897986,1.8984829657711089
1790637178.1949813,1.5929890214465559
1790637178.2129402,1.8410140182822943
1790637178.2183454,1.562463992740959
1790637178.239389,2.069671987555921
1790637178.2695112,1080.665842979215
1790637178.2704222,6.913188030011952
1790637178.2711926,4.971166024915874
1790637178.2846859,2.314179961103946
1790637178.2885144,1.5047259512357414
1790637178.3029764,2.5304000009782612
1790637178.3062415,1.6007919912226498
1790637178.3067417,1.221435028128326
1790637178.3085692,1.4094100333750248
1790637178.3094916,1.6853110282681882
1790637178.3253727,1.5731839812360704
1790637178.3489633,3.431756980717182
1790637178.3498268,2.367992012295872
1790637178.4170344,5.898053990676999
1790637178.4209056,1.616685010958463
1790637178.4329677,2.139895048458129
1790637178.4352028,1.8137649749405682
1790637178.4620078,12.3470010003075
1790637178.4620926,24.419777968432754
1790637178.4696412,1.3523709494620562
1790637178.482586,1.5902080340310931
1790637178.505125,3.6072719958610833
1790637178.517395,12.258026981726289
1790637178.54941,44.851724000182
1790637178.5506308,39.26564397988841
1790637178.5510113,41.25109000597149
1790637178.5516498,38.53287798119709
1790637178.5527725,32.91548398556188
1790637178.553049,21.22469898313284
1790637178.5538876,30.769907985813916
1790637178.5540123,15.298000012990087
1790637178.5540726,19.989674969110638
1790637178.5781167,23.13332405174151
1790637178.5781908,18.56970996595919
1790637178.5790887,18.43438600189984
1790637178.5798438,17.029062029905617
1790637178.5799513,9.112311992794275
1790637178.5916975,1.5425169840455055
1790637178.5949516,1.7551560304127634
1790637178.61823,2.2242279956117272
1790637178.624328,1.6985589754767716
1790637178.6641552,39.62593403412029
1790637178.6724317,40.38371902424842
1790637178.6736164,39.81940803350881
1790637178.6739523,40.995645977091044
1790637178.6740348,12.621308967936784
1790637178.6844027,21.707460982725024
1790637178.6955159,24.526858993340284
1790637178.6956124,50.73606199584901
1790637178.7020733,20.67324100062251
1790637178.7035372,13.652483001351357
1790637178.7037053,12.958567007444799
1790637178.7041607,6.6208679927513
1790637178.704334,38.402607024181634
1790637178.7048476,2.604830951895565
1790637178.709772,1.7345259548164904
1790637178.7128563,1.4663030160591006
1790637178.7347376,1.9235479994677007
1790637178.744099,2.4435300147160888
1790637178.7662728,18.440294021274894
1790637178.766433,17.93924003141001
1790637178.767543,24.405745032709092
1790637178.768863,16.390853037592024
1790637178.7691581,16.06036495650187
1790637178.769278,9.684238990303129
1790637178.7696626,8.536919951438904
1790637178.7697453,11.323588027153164
1790637178.7819598,3.7101630005054176
1790637178.7836022,3.6733870510943234
1790637178.7840018,3.1114770099520683
1790637178.7843764,3.101911977864802
1790637178.7902093,2.1627399837598205
1790637178.7907465,1.8012350192293525
1790637178.7965817,1.9132659654133022
1790637178.8082497,2.055321994703263
1790637178.8140619,2.010547963436693
1790637178.837825,22.302220982965082
1790637178.8386104,24.054005974903703
1790637178.838702,5.72667398955673
1790637178.848257,1.7488939920440316
1790637178.8541913,2.773138985503465
1790637178.855418,2.030160976573825
1790637178.856056,1.652222010307014
1790637178.866844,2.7916610124520957
1790637178.866916,2.1590020041912794
1790637178.8808498,2.3890979937277734
1790637178.8841233,2.293430035933852
1790637178.891487,2.9630220378749073
1790637178.8915973,2.9821970383636653
1790637178.9097288,3.3308830461464822
1790637178.9097943,3.8930719601921737
1790637178.9204636,1.5009519993327558
1790637178.9217856,1.2106780195608735
1790637178.9327064,1.9974550232291222
1790637178.941984,2.18377000419423
1790637178.9442244,1.3359509757719934
1790637178.9671926,4.860655986703932
1790637178.9706671,3.454799996688962
1790637179.0169246,3.3743249950930476
1790637179.046411,1.9257609965279698
1790637179.0502849,1.325429999269545
1790637179.0529623,1.2288559810258448
1790637179.0779777,2.7073620003648102
1790637179.086719,1.7981459968723357
1790637179.1020324,2.4050159845501184
1790637179.12578,1.860389020293951
1790637179.1280706,1.301585987675935
1790637179.1461532,2.1003970177844167
1790637179.1709206,2.3766339872963727
1790637179.171985,2.144178026355803
1790637179.1823347,2.0910289604216814
1790637179.1833074,1.6629309975542128
1790637179.2053688,2.421057957690209
1790637179.2071342,1.3373960391618311
1790637179.23506,16.264815989416093
1790637179.235172,23.604060988873243
1790637179.2357605,15.185769007075578
1790637179.2362614,15.147235011681914
1790637179.2363267,14.101048989687115
1790637179.259739,1.5998879680410028
1790637179.2683444,1.6376319690607488
1790637179.2941148,17.57175097009167
1790637179.2994468,17.80223398236558
1790637179.3006995,24.7905709547922
1790637179.3007662,15.010319009888917
1790637179.3045757,1.6000890173017979
1790637179.3285098,1.7670949455350637
1790637179.3361533,1.4505049912258983
1790637179.340916,1.4975809608586133
1790637179.3414602,1.3027029926888645
1790637179.3646474,1.9145599799230695
1790637179.3861222,1.7225170158781111
1790637179.3873298,1.1965309968218207
1790637179.4396088,38.77123800339177
1790637179.4397302,28.078405011910945
1790637179.4446888,25.401887018233538
1790637179.4447577,22.168975963722914
1790637179.4546921,2.0524559658952057
1790637179.4552205,1.3779449509456754
1790637179.4943914,20.027945982292295
1790637179.495176,24.123906972818077
1790637179.495354,10.21396100986749
1790637179.4955075,5.703282018657774
1790637179.4957798,3.4016870195046067
1790637179.5062363,1.5983200282789767
1790637179.507538,2.1434850059449673
1790637179.522064,7.0495380205102265
1790637179.5296233,22.932734980713576
1790637179.5412998,1.5046729822643101
1790637179.56621,2.3447200073860586
1790637179.588696,3.416624036617577
1790637179.5981805,1.8823379650712013
1790637179.6054177,2.879302017390728
1790637179.62326,2.1963309845887125
1790637179.6401696,1.8084169714711607
1790637179.6498024,2.9568650061264634
1790637179.6503472,2.852018049452454
1790637179.6530519,1.307336031459272
1790637179.655109,1.1273500276729465
1790637179.6588075,1.2001469731330872
1790637179.664614,2.4022539728321135
1790637179.6665492,1.276661001611501
1790637179.6736107,1.4593660016544163
1790637179.6796536,1.5832369681447744
1790637179.6812413,1.1558689875528216
1790637179.6860414,1.2987859663553536
1790637179.6917768,1.3655489892698824
1790637179.7010374,2.401965030003339
1790637179.7171714,3.2303169718943536
1790637179.739523,23.709063010755926
1790637179.7396069,14.408879040274769
1790637179.7606463,32.75611699791625
1790637179.76079,14.709367998875678
1790637179.7620623,1.2628709664568305
1790637179.767191,1.3836569851264358
1790637179.769633,1.218555960804224
1790637179.7946625,1.8091030069626868
1790637179.8349874,1.7328460235148668
1790637179.8380198,1.2506269849836826
1790637179.8554144,2.2167879506014287
1790637179.8769221,22.23671501269564
1790637179.877329,7.666309014894068
1790637179.8774087,6.0231039533391595
1790637179.8862815,1.5579849714413285
1790637179.8914983,1.4865280245430768
1790637179.8939338,1.2134999851696193
1790637179.8978205,1.2460139696486294
1790637179.9045799,1.3279549893923104
1790637179.9109237,1.7765400116331875
1790637179.9143803,1.5999289462342858
1790637179.9258935,1.5497280401177704
1790637179.9329388,1.6188800218515098
1790637179.9424968,1.5301040257327259
1790637179.9475904,1.3109269784763455
1790637179.9530773,2.5339610292576253
1790637179.9537277,2.681486017536372
1790637179.955728,1.4873160398565233
1790637179.964747,1.6691770288161933
1790637179.988325,1.6435750294476748
1790637179.9990568,2.2591770393773913
1790637180.0087914,2.0913880434818566
1790637180.0171506,3.0521299922838807
1790637180.017921,1.7929499736055732
1790637180.0397246,1.6512300353497267
1790637180.0527039,1.7282820190303028
1790637180.0549333,1.626470999326557
1790637180.061457,1.5907130436971784
1790637180.0708165,1.3231699704192579
1790637180.0739923,1.5078220167197287
1790637180.07751,1.1693600099533796
1790637180.08292,1.2750430032610893
1790637180.096651,1.8601419869810343
1790637180.1112213,2.8608229476958513
1790637180.1121094,2.116386021953076
1790637180.1141121,1.9939779886044562
1790637180.1323504,19.225260999519378
1790637180.1376579,17.571688978932798
1790637180.1387122,26.133359991945326
1790637180.1388156,15.947184001561254
1790637180.1422935,1.351880026049912
1790637180.1449068,1.5651110443286598
1790637180.1510727,1.5889839851297438
1790637180.1947575,21.798277040943503
1790637180.2023456,1.8029179773293436
1790637180.231425,20.312623004429042
1790637180.2314847,21.337336977012455
1790637180.249425,1.827239990234375
1790637180.2909002,2.184790966566652
1790637180.3014693,1.7929859459400177
1790637180.302861,1.3803939800709486
1790637180.3455138,4.629148985259235
1790637180.353577,2.7386590372771025
1790637180.3585029,2.1622260101139545
1790637180.3813307,3.0860420083627105
1790637180.3816538,2.4620519834570587
1790637180.3954375,1.8598830210976303
1790637180.397983,2.2193409968167543
1790637180.3980472,1.8016709946095943
1790637180.4228528,2.0227289642207325
1790637180.4574344,28.706109966151416
1790637180.4627857,37.23918896866962
1790637180.4705136,38.323929999023676
1790637180.4713824,36.686562991235405
1790637180.4717703,35.45572201255709
1790637180.4719994,42.11105400463566
1790637180.4723945,27.304788993205875
1790637180.4727697,22.822654980700463
1790637180.4730432,5.317618022672832
1790637180.4731028,4.3681240058504045
1790637180.475698,1.2977489968761802
1790637180.49877,21.93898503901437
1790637180.4988892,22.663198004011065
1790637180.49897,8.490862033795565
1790637180.5016773,1.3870209804736078
1790637180.5034807,1.128211966715753
1790637180.5209544,1.897368987556547
1790637180.5226119,1.2106390204280615
1790637180.530024,1.5870379866100848
1790637180.532309,1.293210021685809
1790637180.5379813,1.3672079658135772
1790637180.548228,1.6102360095828772
1790637180.5514174,1.3191699981689453
1790637180.5612712,1.8078290158882737
1790637180.5777204,8.612441015429795
1790637180.5787783,8.439316996373236
1790637180.5799198,5.536725977435708
1790637180.5935326,1.7287119990214705
1790637180.6224172,16.474284988362342
1790637180.6225595,22.936367022339255
1790637180.6412053,2.072083007078618
1790637180.646365,2.363872015848756
1790637180.6685352,3.1692429911345243
1790637180.6773665,2.7476429822854698
1790637180.678188,4.202229960355908
1790637180.6806757,1.1852009920403361
1790637180.684165,1.3478629989549518
1790637180.702972,3.041477990336716
1790637180.7288775,13.747613993473351
1790637180.7360802,24.627352016977966
1790637180.7363274,16.852556029334664
1790637180.7369754,15.8957609673962
1790637180.7371182,15.064363949932158
1790637180.7374315,11.459011991973966
1790637180.7689457,22.363764990586787
1790637180.7697546,16.774435993283987
1790637180.76985,22.753141005523503
1790637180.7699542,15.936326992232352
1790637180.7706237,16.072180005721748
1790637180.771236,8.964242006186396
1790637180.7712924,7.260522979777306
1790637180.7755017,1.2019579880870879
1790637180.7835531,1.5149429673328996
1790637180.7879744,1.4352540019899607
1790637180.8120112,23.445416009053588
1790637180.812238,13.142235984560102
1790637180.8125343,5.876963026821613
1790637180.812826,5.53075794596225
1790637180.8361611,18.556497991085052
1790637180.8364549,21.897721977438778
1790637180.836648,15.200923022348434
1790637180.838288,1.3068770058453083
1790637180.853142,1.6666000010445714
1790637180.8648736,2.928989997599274
1790637180.8654184,2.9810559935867786
1790637180.866277,1.3893930008634925
1790637180.8779905,1.3730329810641706
1790637180.949663,15.556981961708516
1790637180.949745,20.934786996804178
1790637180.9504113,10.378869017586112
1790637180.9506989,26.691002945881337
1790637180.9507504,4.160691983997822
1790637180.9622111,2.118182019330561
1790637180.9851413,19.826793984975666
1790637180.9853141,22.349737002514303
1790637180.9864511,19.095508032478392
1790637180.9865234,11.166376993060112
1790637180.9865851,7.016947027295828
1790637180.995607,1.7520930268801749
1790637181.0002213,1.519537006970495
1790637181.0084043,2.043095009867102
1790637181.017541,1.6372600221075118
1790637181.0180047,1.3340829755179584
1790637181.025279,1.4870419981889427
1790637181.038821,1.9531979924067855
1790637181.0410142,1.315413974225521
1790637181.0422409,1.1367850238457322
1790637181.0456636,1.470403978601098
1790637181.0457616,2.077887998893857
1790637181.0484507,1.150134950876236
1790637181.0743728,10.369838040787727
1790637181.0862496,21.211627987213433
1790637181.0869608,25.1650350401178
1790637181.0876238,8.510930987540632
1790637181.0884252,5.975292006041855
1790637181.0885658,3.0362560064531863
1790637181.0891545,1.1623320169746876
1790637181.0964715,1.315824978519231
1790637181.104443,1.474285963922739
1790637181.1189346,1.8210369744338095
1790637181.1206844,1.2787310406565666
1790637181.132909,1.5304500120691955
1790637181.1396368,1.7912400071509182
1790637181.1409938,1.344062970019877
1790637181.1491635,1.779076992534101
1790637181.1496074,1.4507909654639661
1790637181.1557972,1.1718319728970528
1790637181.16078,1.5382820274680853
1790637181.162359,1.4232350513339043
1790637181.1641328,1.241284015122801
1790637181.1716177,1.3738400302827358
1790637181.1831295,1.7691249959170818
1790637181.191797,3.056388988625258
1790637181.2015922,1.4021500246599317
1790637181.229078,22.83807098865509
1790637181.2291493,20.374439016450197
1790637181.229312,18.140161002520472
1790637181.2296252,12.043623020872474
1790637181.2411525,1.70987902674824
1790637181.2432868,1.3701739953830838
1790637181.2480567,1.3266000314615667
1790637181.2545764,1.7618790152482688
1790637181.2657952,2.0896809874102473
1790637181.2775917,1.6273509827442467
1790637181.3027363,22.95558003243059
1790637181.3080196,27.273082989268005
1790637181.318389,25.565665971953422
1790637181.3231075,25.663139997050166
1790637181.3355434,1.6539909993298352
1790637181.376892,2.233172010164708
1790637181.3804297,1.6619149828329682
1790637181.3873465,1.9538659835234284
1790637181.3892906,1.3848990201950073
1790637181.4276023,1.9528980483300984
1790637181.444512,1.741421001497656
1790637181.450724,1.4105279697105289
1790637181.4763794,2.5546359829604626
1790637181.508015,18.74504197621718
1790637181.512397,8.147079031914473
1790637181.5135136,28.145361982751638
1790637181.5140295,7.335769943892956
1790637181.514261,6.234878033865243
1790637181.5143626,8.346990041900426
1790637181.5155149,5.364037991967052
1790637181.5155692,3.160228952765465
1790637181.5156913,5.927057994995266
1790637181.5369473,8.565514988731593
1790637181.5370286,25.782809010706842
1790637181.5382915,7.629772007931024
1790637181.5386095,9.20012197457254
1790637181.5389495,1.7606570036150515
1790637181.5831723,22.915620997082442
1790637181.5833013,7.3349360027350485
1790637181.5848107,1.344471995253116
1790637181.588087,1.34029402397573
1790637181.5922804,1.123580033890903
1790637181.6347826,2.4302260135300457
1790637181.6405568,2.3820450296625495
1790637181.6417804,2.2839439916424453
1790637181.7163365,22.951774997636676
1790637181.7164314,14.370488992426544
1790637181.7177458,13.793374004308134
1790637181.7178147,4.6027060016058385
1790637181.7199862,1.6231380286626518
1790637181.7384374,13.20697896881029
1790637181.7557054,30.181809968780726
1790637181.755808,29.10129097290337
1790637181.7713032,40.76750500826165
1790637181.7714918,37.45340101886541
1790637181.7715888,43.21356501895934
1790637181.7719483,29.777441988699138
1790637181.7723687,4.439125012140721
1790637181.7917414,1.7346420208923519
1790637181.7945774,1.6591150197200477
1790637181.799044,1.5151139814406633
1790637181.8293586,1.8947399803437293
1790637181.830709,1.340626971796155
1790637181.831998,1.1982909636572003
1790637181.8561888,2.393411996308714
1790637181.8574178,2.1608699462376535
1790637181.8583016,1.7754349973984063
1790637181.8604703,1.3565419940277934
1790637181.8609507,1.2798200477845967
1790637181.867605,1.8668079865165055
1790637181.8871195,2.8585120453499258
1790637181.888255,2.0352359861135483
1790637181.9299424,38.95393997663632
1790637181.9314773,45.888243010267615
1790637181.9320445,44.74875098094344
1790637181.9325085,27.905692986678332
1790637181.9334984,24.781115003861487
1790637181.9339082,18.35349900647998
1790637181.9340045,21.4697839692235
1790637181.9350457,18.383631948381662
1790637181.9351118,6.630045012570918
1790637181.938056,1.9189940067008138
1790637181.938141,2.5577879860065877
1790637181.9398596,1.4506460283882916
1790637181.9473886,1.4140529674477875
1790637181.9502373,1.4258239534683526
1790637181.9900837,1.787366985809058
1790637182.019253,2.0129759795963764
1790637182.0203316,1.9950959831476212
1790637182.021733,1.392795005813241
1790637182.0445416,1.9626579596661031
1790637182.0487754,1.586225989740342
1790637182.0552878,1.5084079932421446
1790637182.0632195,2.0415220060385764
1790637182.0643249,1.8937030108645558
1790637182.0662208,1.4580489951185882
1790637182.0680017,1.6382929752580822
1790637182.0685034,1.4202070306055248
1790637182.0708554,1.1776929604820907
1790637182.0734189,1.3392660184763372
1790637182.0836337,1.9715349772013724
1790637182.1241047,1.8462869920767844
1790637182.1355386,1.6407390357926488
1790637182.1501079,2.356301003601402
1790637182.1508372,1.786446024198085
1790637182.166945,2.149083011317998
1790637182.167437,2.5505470111966133
1790637182.21832,25.650702009443194
1790637182.2337513,23.319616040680557
1790637182.2413893,48.12175501137972
1790637182.241883,20.82542103016749
1790637182.243012,31.56492003472522
1790637182.2434862,20.01241297693923
1790637182.2439208,13.728271005675197
1790637182.2447917,11.873094947077334
1790637182.2450464,9.016507945489138
1790637182.245169,9.632518980652094
1790637182.2601657,1.7570889904163778
1790637182.262138,1.4326450182124972
1790637182.2693772,1.640486007090658
1790637182.2748256,1.7483470146544278
1790637182.2804608,1.6477820463478565
1790637182.2868288,1.9090919522568583
1790637182.2920702,1.7516950028948486
1790637182.2924998,1.510690024588257
1790637182.302503,1.5266179689206183
1790637182.3056517,1.5949619701132178
1790637182.3124924,2.013541990891099
1790637182.3125532,2.7879379922524095
1790637182.3204958,1.6055009909905493
1790637182.3458776,2.1808220189996064
1790637182.3459902,3.149154013954103
1790637182.3465197,1.530339999590069
1790637182.3502407,1.2862479779869318
1790637182.3513327,1.0829580132849514
1790637182.3542295,1.6768540372140706
1790637182.3659928,1.867813989520073
1790637182.3675017,1.9162310054525733
1790637182.37719,2.2374039981514215
1790637182.3865016,2.909595030359924
1790637182.3913858,2.16066901339218
1790637182.4277892,17.870088980998844
1790637182.4330835,29.58870999282226
1790637182.4334114,6.36275700526312
1790637182.43347,19.36242397641763
1790637182.4371703,1.861619995906949
1790637182.4392445,1.3742540031671524
1790637182.4479284,1.6658700187690556
1790637182.457497,2.049155009444803
1790637182.4917922,1.7738370224833488
1790637182.4922798,1.4693260309286416
1790637182.506329,2.457280003000051
1790637182.5068262,1.4455289929173887
1790637182.5307558,22.86358503624797
1790637182.531702,3.3567610080353916
1790637182.5390372,1.605520024895668
1790637182.564492,2.109761000610888
1790637182.5870502,1.8581199692562222
1790637182.588744,1.283912977669388
1790637182.6125498,21.973454975523055
1790637182.612632,15.455525019206107
1790637182.6213458,2.4603460333310068
1790637182.621448,2.0803010556846857
1790637182.6300967,1.4911940088495612
1790637182.6473927,1.7356839962303638
1790637182.6501617,1.7366819665767252
1790637182.6652296,1.674368977546692
1790637182.6670496,1.2843380100093782
1790637182.6695225,1.2597159948199987
1790637182.6854296,1.756620011292398
1790637182.694109,2.0388130214996636
1790637182.7009263,2.4034539819695055
1790637182.7012122,2.788325014989823
1790637182.703168,1.1026290012523532
1790637182.7073007,1.2225360260345042
1790637182.7164001,1.4833949971944094
1790637182.7234733,2.054565993603319
1790637182.724077,1.8617039895616472
1790637182.769753,43.20784704759717
1790637182.7860568,34.370602981653064
1790637182.7911043,61.072399956174195
1790637182.7970574,40.02698400290683
1790637182.797167,32.893729978241026
1790637182.813767,48.3882250264287
1790637182.8196511,63.14501102315262
1790637182.8201885,55.30117801390588
1790637182.820283,33.197643992025405
1790637182.8203537,31.23242099536583
1790637182.8355277,2.0108140306547284
1790637182.8410993,1.5235409955494106
1790637182.872512,1.9562829984351993
1790637182.9033413,2.573965990450233
1790637182.903396,1.9690869958139956
1790637182.9299276,19.870297983288765
1790637182.932852,26.49415098130703
1790637182.9330995,20.141603017691523
1790637182.9338207,14.034576015546918
1790637182.9399316,17.862261040136218
1790637182.9451423,22.24735403433442
1790637182.961779,17.66305702039972
1790637182.962373,33.770554990042
1790637182.9632602,16.605651995632797
1790637182.9633434,9.820128965657204
1790637182.9911315,1.9298759871162474
1790637183.0132,1.813712005969137
1790637183.0141993,1.7641710001043975
1790637183.0275154,1.8044880125671625
1790637183.038901,1.8532249960117042
1790637183.0391748,2.636124030686915
1790637183.0501978,2.1609910181723535
1790637183.0526192,1.3931120047345757
1790637183.0569797,1.2644149828702211
1790637183.0670931,1.6479420010000467
1790637183.071604,1.3201640103943646
1790637183.1018922,15.209966979455203
1790637183.1020217,27.20657695317641
1790637183.1021116,2.0488660084083676
1790637183.1064024,1.3760679867118597
1790637183.127313,1.8496750271879137
1790637183.128687,1.2667860137298703
1790637183.140232,1.7276619910262525
1790637183.1500533,1.691375975497067
1790637183.1568155,1.6835930291563272
1790637183.1625533,1.695343991741538
1790637183.187353,25.63408500282094
1790637183.1878405,11.912952992133796
1790637183.1881924,7.296089024748653
1790637183.1882572,3.5578339593484998
1790637183.192745,1.4052120386622846
1790637183.1944728,1.3663300196640193
1790637183.1970558,1.3859780156053603
1790637183.203417,1.517373020760715
1790637183.2039695,1.3938900083303452
1790637183.2101946,1.3370849774219096
1790637183.2185216,1.4239680022001266
1790637183.2234263,1.2572559644468129
1790637183.2307491,2.833280013874173
1790637183.2308304,2.1419289987534285
1790637183.233907,1.3355659903027117
1790637183.254303,1.991316967178136
1790637183.2584364,2.6729399687610567
1790637183.2585418,2.6681619929149747
1790637183.272831,1.8056490225717425
1790637183.2749782,3.0340400408022106
1790637183.2754383,2.5964989908970892
1790637183.2966685,2.392105001490563
1790637183.3205996,22.54960802383721
1790637183.3220875,26.58520801924169
1790637183.32235,19.427666964475065
1790637183.3234208,9.347830025944859
1790637183.3235936,6.633236014749855
1790637183.3237636,5.80159795936197
1790637183.349477,2.0968790049664676
1790637183.3581188,1.54423201456666
1790637183.3652058,1.7154469969682395
1790637183.384809,1.820526027586311
1790637183.3894346,1.7472530016675591
1790637183.3973978,1.5110939857549965
1790637183.4876502,1.9619310041889548
1790637183.4943316,1.7924439744092524
1790637183.4957323,1.2101869797334075
1790637183.5092702,1.922345021739602
1790637183.514285,1.57184898853302
1790637183.517333,1.5101099852472544
1790637183.5198505,1.314405002631247
1790637183.5269923,1.3681859709322453
1790637183.5431275,1.7173239612020552
1790637183.548613,1.5427739708684385
1790637183.5621436,2.217479981482029
1790637183.5622323,3.0243450310081244
1790637183.5659902,1.2428360059857368
1790637183.5676432,1.2288690195418894
1790637183.5700264,1.1391789885237813
1790637183.5804965,1.780938997399062
1790637183.5823123,1.3208960299380124
1790637183.5853083,1.6873919521458447
1790637183.5991318,1.8259030184708536
1790637183.605016,1.529002038296312
1790637183.6238732,2.7622979832813144
1790637183.6239338,2.2208649897947907
1790637183.6322143,1.5003070002421737
1790637183.6498756,1.9854120328091085
1790637183.663695,2.172567998059094
1790637183.6651387,1.4286600053310394
1790637183.689184,1.7146579921245575
1790637183.6994934,1.76188099430874
1790637183.703011,1.3465509982779622
1790637183.7316217,1.8148870440199971
1790637183.733741,2.1080109872855246
1790637183.7344909,2.3575500235892832
1790637183.7361357,1.161464024335146
1790637183.7375903,1.0844890493899584
1790637183.7438076,2.382877981290221
1790637183.7607682,2.422833989840001
1790637183.7815802,2.2393519757315516
1790637183.7968526,1.8595680012367666
1790637183.801715,1.908103993628174
1790637183.8050463,1.7807750264182687
1790637183.8115022,1.8276090268045664
1790637183.81499,2.147526014596224
1790637183.816708,1.701243978459388
1790637183.8305054,2.3128970060497522
1790637183.8352551,1.7009119619615376
1790637183.8861623,45.94418598571792
1790637183.8864067,48.79108699969947
1790637183.8869877,39.53437798190862
1790637183.8876147,38.5228639934212
1790637183.8878896,8.60292901052162
1790637183.8879504,13.512604986317456
1790637183.9038544,2.149370964616537
1790637183.9156718,2.154966990929097
1790637183.9157693,2.9634329839609563
1790637183.9228835,2.2987249540165067
1790637183.92857,2.1118750446476042
1790637183.9923341,22.208467009477317
1790637183.992521,19.955908006522804
1790637183.9926043,23.169621010310948
1790637184.0083373,1.7352180439047515
1790637184.0183723,1.650058024097234
1790637184.0318692,1.7879409715533257
1790637184.032707,1.5796049847267568
1790637184.090445,1.778485020622611
1790637184.0948994,1.5267630224116147
1790637184.1100512,1.664375013206154
1790637184.1193218,1.8717899802140892
1790637184.1263757,1.6142090316861868
1790637184.1360893,1.581902033649385
1790637184.1467645,2.2607719874940813
1790637184.1477408,2.0842980011366308
1790637184.1540582,1.7626209883019328
1790637184.1582737,1.33570097386837
1790637184.1714582,1.939936017151922
1790637184.1735234,1.2645870447158813
1790637184.2096376,16.95847697556019
1790637184.2142062,25.853975035715848
1790637184.2142823,12.945947994012386
1790637184.2188969,1.5850680065341294
1790637184.2222219,1.1997409746982157
1790637184.2301033,1.7796149477362633
1790637184.239921,1.994937949348241
1790637184.2425077,1.3303349842317402
1790637184.2464721,2.0376599859446287
1790637184.246746,1.8594919820316136
1790637184.2605214,1.832730951718986
1790637184.2647903,1.6085730167105794
1790637184.2671015,1.6379189910367131
1790637184.2681475,1.7785440431907773
1790637184.2726843,1.4508099993690848
1790637184.2750263,1.2516060378402472
1790637184.2854168,1.7000819789245725
1790637184.3058126,2.579380990937352
1790637184.3059113,3.2050430309027433
1790637184.3267572,2.001641958486289
1790637184.3311784,1.6096580075100064
1790637184.3461673,1.730718999169767
1790637184.3764608,2.0614630193449557
1790637184.3853261,1.509295019786805
1790637184.3900208,1.7106139566749334
1790637184.392611,1.3300260179676116
1790637184.402248,2.2483700304292142
1790637184.4025319,1.4177460107021034
1790637184.4080887,2.011565025895834
1790637184.4087038,1.6649519675411284
1790637184.4147363,1.6503689694218338
1790637184.4151618,1.452763972338289
1790637184.4252093,1.8777049845084548
1790637184.435134,1.7610400100238621
1790637184.4645064,1.8490490037947893
1790637184.467184,1.476460020057857
1790637184.4754076,1.5756840002723038
1790637184.4848945,2.0789250265806913
1790637184.4863598,1.4528899919241667
1790637184.5005462,2.470435982104391
1790637184.5016744,2.066146000288427
1790637184.5434473,3.5214409581385553
1790637184.5435162,12.19233899610117
1790637184.5435967,28.8440230069682
1790637184.5752816,2.0455330377444625
1790637184.5831232,1.650951977353543
1790637184.5876288,1.615635002963245
1790637184.595629,1.8429099582135677
1790637184.5965228,1.6844570054672658
1790637184.5973456,1.598645991180092
1790637184.6177397,1.86882697744295
1790637184.6444118,19.810213998425752
1790637184.6445546,16.792711976449937
1790637184.6446385,25.161256024148315
1790637184.6452086,2.670318994205445
1790637184.6551445,2.4780129897408187
1790637184.65522,2.484685042873025
1790637184.6655583,1.7641190206632018
1790637184.6888409,1.851264969445765
1790637184.7539372,2.1301290253177285
1790637184.770751,2.119395008776337
1790637184.7757652,1.4238750445656478
1790637184.7838585,1.9185939454473555
1790637184.8081114,2.011000004131347
1790637184.8399096,17.47187098953873
1790637184.8402302,25.721621001139283
1790637184.8403063,8.43536900356412
1790637184.8543417,1.8282049568369985
1790637184.8563688,1.397877000272274
1790637184.867376,1.8064390169456601
1790637184.8685987,1.9879169994965196
1790637184.8729026,1.3719029957428575
1790637184.889441,1.8252769950777292
1790637184.9219756,1.8640299676917493
1790637184.9224403,1.4905279967933893
1790637184.9649968,18.02680903347209
1790637184.9656324,26.227177993860096
1790637184.9662845,6.652545998804271
1790637184.9663363,5.304622987750918
1790637184.9686284,1.5581890475004911
1790637184.978487,1.6509530250914395
1790637184.9927573,2.127454965375364
1790637184.995527,1.7172000370919704
1790637185.0058181,1.738274993840605
1790637185.0290654,1.9945119856856763
1790637185.03909,2.331712981685996
1790637185.039929,1.402774010784924
1790637185.0425754,1.2188150431029499
1790637185.0685675,1.7456680070608854
1790637185.0754862,1.428816991392523
1790637185.08024,1.908357022330165
1790637185.081059,1.7362750368192792
1790637185.0866485,1.4724059728905559
1790637185.1178222,3.36576096015051
1790637185.117909,27.588126016780734
1790637185.1305804,2.084416977595538
1790637185.131976,1.3828640221618116
1790637185.140445,1.8835759838111699
1790637185.1687326,2.136526978574693
1790637185.1773462,1.9163620308972895
1790637185.1793854,1.4367570402100682
1790637185.198282,1.8818579846993089
1790637185.246649,13.830341980792582
1790637185.2467177,11.160311987623572
1790637185.2467833,24.126122007146478
1790637185.2482948,1.351356040686369
1790637185.252502,1.4584669843316078
1790637185.273377,1.7296720179729164
1790637185.295673,1.8087599892169237
1790637185.2982101,1.5283680404536426
1790637185.3093367,2.2177069913595915
1790637185.3148274,1.8776650540530682
1790637185.3171597,1.4220160082913935
1790637185.3272004,2.4596360162831843
1790637185.3277035,3.5304189659655094
1790637185.3277907,2.501170034520328
1790637185.3290818,1.1997909750789404
1790637185.333202,1.3844509958289564
1790637185.3512115,2.5529720005579293
1790637185.353007,1.4223289908841252
1790637185.3681414,1.9448649836704135
1790637185.3730824,1.6875650035217404
1790637185.3756726,1.4947809977456927
1790637185.3870928,1.7520510009489954
1790637185.3991895,1.610661973245442
1790637185.4166172,1.9194749766029418
1790637185.4340594,1.7881249659694731
1790637185.4450881,2.2965900134295225
1790637185.4459617,1.6839589807204902
1790637185.4499986,2.2463659988716245
1790637185.4500988,1.7593930242583156
1790637185.454454,1.9137110211886466
1790637185.454554,2.648541994858533
1790637185.4763997,2.206964010838419
1790637185.4770072,1.6170319868251681
1790637185.4868317,2.194853965193033
1790637185.4929364,2.4782310356386006
1790637185.4937398,1.7696050344966352
1790637185.513224,1.7407559789717197
1790637185.5201752,1.6521619982086122
1790637185.5330358,1.7444909899495542
1790637185.5368633,1.6877439920790493
1790637185.5373552,1.4161120052449405
1790637185.546557,1.8708650022745132
1790637185.5500865,1.3107090489938855
1790637185.5651512,2.2068999824114144
1790637185.5660336,1.6397290164604783
1790637185.6093826,1.7746980302035809
1790637185.6213624,2.0956750377081335
1790637185.6288474,1.6147790011018515
1790637185.637683,2.064485044684261
1790637185.639317,1.4736230368725955
1790637185.6505115,1.4708240050822496
1790637185.6613345,1.5972409746609628
1790637185.6783447,1.6894220025278628
1790637185.6858146,2.0231709931977093
1790637185.6931822,1.7757290042936802
1790637185.7047422,1.9487669924274087
1790637185.747349,1.955259998794645
1790637185.7539172,1.5928610228002071
1790637185.7625823,1.8292609602212906
1790637185.7934644,1.9641299732029438
1790637185.808035,1.6763000166974962
1790637185.8102849,1.5727959689684212
1790637185.8270037,1.8160190084017813
1790637185.8378427,1.6188129666261375
1790637185.8457859,1.5421950374729931
1790637185.8515308,1.671838981565088
1790637185.8590043,1.4573889784514904
1790637185.8610263,1.24594900989905
1790637185.8838615,20.93029097886756
1790637185.8871706,25.547424040269107
1790637185.8872552,21.71935501974076
1790637185.9041774,2.2839700104668736
1790637185.9044635,1.9107460393570364
1790637185.9289594,2.086767985019833
1790637185.9390774,2.0467020221985877
1790637185.943805,1.968486001715064
1790637185.9663832,16.32204302586615
1790637185.9787447,20.406252006068826
1790637185.9854305,42.210554995108396
1790637185.9858494,20.944204996339977
1790637185.9922867,18.20116600720212
1790637185.9927063,31.710690003819764
1790637185.9932241,27.793226996436715
1790637185.9935567,9.323392994701862
1790637185.99459,2.0225930493324995
1790637186.0208268,14.19534400338307
1790637186.0214524,11.695737019181252
1790637186.0215242,22.412295045796782
1790637186.022953,1.33453804301098
1790637186.0253265,1.3404209748841822
1790637186.0364091,1.8452379736118019
1790637186.0529652,1.6272150096483529
1790637186.0794368,2.332773001398891
1790637186.0802598,1.6175489872694016
1790637186.0912392,1.5343989944085479
1790637186.0968666,1.5429169870913029
1790637186.097394,1.367235032375902
1790637186.1007822,1.3654950307682157
1790637186.1058617,2.007637987844646
1790637186.1458318,37.64540801057592
1790637186.161139,56.22483399929479
1790637186.1665516,54.11985702812672
1790637186.1759348,32.175177009776235
1790637186.1763563,32.50883298460394
1790637186.1767032,44.67406898038462
1790637186.1772387,23.508136975578964
1790637186.1778133,15.592055045999587
1790637186.177877,3.3974910038523376
1790637186.1805387,1.3205469585955143
1790637186.2156217,21.77430095616728
1790637186.2266002,1.5592100098729134
1790637186.2419658,1.95255596190691
1790637186.2498143,1.5613340074196458
1790637186.2618349,1.8389160395599902
1790637186.2872093,22.219214995857328
1790637186.287326,19.493307976517826
1790637186.287413,26.97498898487538
1790637186.290933,1.4040619716979563
1790637186.3014185,1.7538839601911604
1790637186.310596,1.651887025218457
1790637186.3191018,1.6944000381045043
1790637186.3246207,1.5335060306824744
1790637186.3681207,22.207344009075314
1790637186.371869,26.526660018134862
1790637186.3719838,21.15951501764357
1790637186.372056,9.99444501940161
1790637186.3728974,2.3812699946574867
1790637186.3992715,16.989841009490192
1790637186.4033065,26.520281040575355
1790637186.4042406,18.52444198448211
1790637186.404445,15.317447017878294
1790637186.404747,12.821534997783601
1790637186.4539366,47.31682100100443
1790637186.4544785,39.99247297178954
1790637186.454561,22.469158051535487
1790637186.456691,1.5454960521310568
1790637186.4647574,1.8280699732713401
1790637186.4718046,2.6038409559987485
1790637186.4720304,3.465153044089675
1790637186.4946856,24.09273898229003
1790637186.4983616,21.57353301299736
1790637186.4996223,29.381542990449816
1790637186.4999595,16.906639968510717
1790637186.5006433,18.66606797557324
1790637186.5012865,4.521844966802746
1790637186.5020497,1.9397690193727612
1790637186.502783,1.6026319935917854
1790637186.5142756,1.6635509673506021
1790637186.5391097,1.8073170213028789
1790637186.5402932,1.1729270336218178
1790637186.5516653,1.455232035368681
1790637186.5698388,1.803019957151264
1790637186.5793386,1.6368019860237837
1790637186.6075375,18.776179989799857
1790637186.6076322,25.744209007825702
1790637186.6115568,2.2403859766200185
1790637186.6125937,1.8517720163799822
1790637186.6225095,1.7923910054378211
1790637186.6311882,2.438724972307682
1790637186.6321876,1.474072050768882
1790637186.646323,2.5022320332936943
1790637186.646397,3.2902529928833246
1790637186.6522307,1.553684996906668
1790637186.6570735,1.4860830269753933
1790637186.6608076,1.2740829843096435
1790637186.6807163,2.0179699640721083
1790637186.6819663,1.2386059970594943
1790637186.6977367,1.6195530188269913
1790637186.7000113,1.362005015835166
1790637186.7074327,2.3228279897011817
1790637186.7081583,1.791519985999912
1790637186.7427223,14.52753902412951
1790637186.7434502,28.048667998518795
1790637186.7439473,11.149858008138835
1790637186.74454,9.648584004025906
1790637186.7451649,6.735988019499928
1790637186.7452471,6.2109439750202
1790637186.7473614,1.64048804435879
1790637186.7593443,1.9809180521406233
1790637186.7849405,1.9579700310714543
1790637186.7955277,1.5787550364620984
1790637186.8035476,1.5408130129799247
1790637186.8108876,1.3271559728309512
1790637186.8189013,1.9500170019455254
1790637186.8523173,25.73543001199141
1790637186.8525653,16.396152961533517
1790637186.853127,2.884939021896571
1790637186.8531919,3.725744958501309
1790637186.8568854,1.345484983175993
1790637186.8758035,1.7738810274749994
1790637186.9092774,17.69220898859203
1790637186.9093685,22.77292899088934
1790637186.9285035,1.8003510194830596
1790637186.9285727,2.6953250053338706
1790637186.9488199,1.8003570148721337
1790637186.9691045,1.9761360017582774
1790637186.982653,1.9751780200749636
1790637187.0153542,21.803479990921915
1790637187.0189342,1.5804420108906925
1790637187.023744,1.4945190050639212
1790637187.0261972,1.766447036061436
1790637187.027107,1.6614030464552343
1790637187.0353246,1.5000120038166642
1790637187.0375905,1.190465991385281
1790637187.0629742,24.08331399783492
1790637187.0632083,11.999762034974992
1790637187.0635405,4.677956982050091
1790637187.0669062,1.7274259589612484
1790637187.0715466,2.7835500077344477
1790637187.0997515,2.187836973462254
1790637187.1003847,1.5913399984128773
1790637187.1024282,1.6980469808913767
1790637187.109819,2.0793979638256133
1790637187.1127677,1.4187779743224382
1790637187.1207643,1.5009379712864757
1790637187.1243231,1.2970449752174318
1790637187.1275377,1.2285850243642926
1790637187.13915,1.5979360323399305
1790637187.147682,2.091124013531953
1790637187.1592157,1.4566339668817818
1790637187.1648047,1.5883810119703412
1790637187.1716666,1.6422269982285798
1790637187.187178,1.753445016220212
1790637187.1896532,1.5064310282468796
1790637187.2013261,3.185875015333295
1790637187.2014601,3.8494999753311276
1790637187.223027,23.037785955239087
1790637187.2231345,4.758328024763614
1790637187.2231996,19.21551499981433
1790637187.226071,1.3025570078752935
1790637187.2341888,1.9108469714410603
1790637187.2366183,1.365520991384983
1790637187.239336,1.4302809722721577
1790637187.263193,1.7641079612076283
1790637187.2655704,1.6359190340153873
1790637187.293049,1.9082229700870812
1790637187.3064716,1.6761519946157932
1790637187.3163068,2.0452700555324554
1790637187.3169236,1.721089007332921
1790637187.3402479,1.9143809913657606
1790637187.3410149,3.2536580110900104
1790637187.3418097,1.5498680295422673
1790637187.3466733,1.605892030056566
1790637187.35527,1.7923839623108506
1790637187.3775191,1.771532988641411
1790637187.4089081,1.7543440335430205
1790637187.4120767,1.4784510130994022
1790637187.417374,1.46109500201419
1790637187.4378471,3.6639259778894484
1790637187.4379396,3.190833958797157
1790637187.4384518,1.7183760064654052
1790637187.476986,21.278207015711814
1790637187.4770777,24.73080501658842
1790637187.4955487,1.9722669967450202
1790637187.503132,1.964365947060287
1790637187.5191224,2.040321007370949
1790637187.521019,1.2482309830375016
1790637187.5251694,1.3822059845551848
1790637187.5330994,1.63873698329553
1790637187.540728,1.672926009632647
1790637187.5587113,1.8325339769944549
1790637187.5688617,1.5013689990155399
1790637187.5775547,1.6995269688777626
1790637187.6159182,24.41798197105527
1790637187.61607,11.63412700407207
1790637187.616146,20.458307000808418
1790637187.6219976,1.5697290073148906
1790637187.6257305,1.3081830111332238
1790637187.6559978,17.692333029117435
1790637187.6564198,24.184015986975282
1790637187.6567867,14.801288954913616
1790637187.6571143,6.958056997973472
1790637187.6571977,12.167776003479958
1790637187.6644034,1.6382780158892274
1790637187.671625,1.5029200003482401
1790637187.709903,32.515032042283565
1790637187.7153082,38.460704032331705
1790637187.725113,31.126593006774783
1790637187.7257423,15.067941974848509
1790637187.725802,12.86736101610586
1790637187.731428,1.4651870005764067
1790637187.7327425,1.3041170313954353
1790637187.7440755,1.7071620095521212
1790637187.7493448,2.3133200011216104
1790637187.7494407,1.9185499986633658
1790637187.7542248,1.5872640069574118
1790637187.7566113,1.631229999475181
1790637187.7580707,1.4500179677270353
1790637187.758619,1.392612000927329
1790637187.7612553,1.3407369842752814
1790637187.7735574,1.6056500026024878
1790637187.77623,1.2628829572349787
1790637187.784878,1.7238259897567332
1790637187.7919545,1.5984250348992646
1790637187.814928,1.961158006452024
1790637187.8389041,1.9294810481369495
1790637187.8626575,22.898506023921072
1790637187.8629174,9.525975037831813
1790637187.8630114,25.065161986276507
1790637187.866043,1.5122420154511929
1790637187.8692088,1.555740018375218
1790637187.8711758,1.220386999193579
1790637187.8804982,2.029495022725314
1790637187.8856573,1.932915998622775
1790637187.8962095,1.8275820184499025
1790637187.91703,1.7638009740039706
1790637187.9322166,1.855681010056287
1790637187.9355462,2.1230599959380925
1790637187.9377806,1.8600169569253922
1790637187.9383564,1.7001290107145905
1790637187.955961,2.237359993159771
1790637187.9668932,1.9972959998995066
1790637188.0056033,3.1017959699966013
1790637188.005677,2.613710006698966
1790637188.0178957,1.583873003255576
1790637188.021695,1.4915549545548856
1790637188.0224645,1.506434055045247
1790637188.0254147,1.7249620286747813
1790637188.0284328,1.4209880027920008
1790637188.053485,1.9460289622657
1790637188.0643272,1.6339699504896998
1790637188.0677886,1.364772964734584
1790637188.0779624,2.1525199990719557
1790637188.078043,2.8689519967883825
1790637188.0846846,2.165967016480863
1790637188.0921183,1.5209189732559025
1790637188.0968149,1.432924997061491
1790637188.1307142,2.1765800192952156
1790637188.1358316,1.4969430048950016
1790637188.141978,1.566361985169351
1790637188.1465597,1.885690027847886
1790637188.1546621,1.8943620380014181
1790637188.156309,1.315071014687419
1790637188.1689036,1.5721049858257174
1790637188.1807888,1.819254015572369
1790637188.1889746,1.782841980457306
1790637188.2140977,2.317305014003068
1790637188.2149484,1.704650989267975
1790637188.2228172,1.5694309840910137
1790637188.2273679,1.7358119948767126
1790637188.228927,1.2267489801160991
1790637188.2333527,1.3057609903626144
1790637188.2375622,1.406503957696259
1790637188.2558146,1.7591019859537482
1790637188.2697997,2.8199839871376753
1790637188.2706082,1.8224800005555153
1790637188.2738297,1.8492439994588494
1790637188.2748399,1.4791709836572409
1790637188.275945,1.096819993108511
1790637188.2781606,1.1956850066781044
1790637188.311647,26.821780018508434
1790637188.3117867,15.474850020837039
1790637188.323431,2.183500037062913
1790637188.3250535,1.6105389804579318
1790637188.3279145,1.4228360378183424
1790637188.3372028,1.9925599917769432
1790637188.3624988,26.60145901609212
1790637188.3730597,16.146934998687357
1790637188.3908083,28.250034956727177
1790637188.391465,32.62376197380945
1790637188.3919778,10.358084982726723
1790637188.3988883,1.7827600240707397
1790637188.4036572,2.112088957801461
1790637188.4080837,1.9651499460451305
1790637188.4203513,1.7985690501518548
1790637188.424383,2.463490003719926
1790637188.424453,2.019642968662083
1790637188.4574704,5.877492018043995
1790637188.4576337,24.077716981992126
1790637188.4581375,1.9852310069836676
1790637188.4594805,1.1797240003943443
1790637188.4857209,1.62667001131922
1790637188.5108263,19.065582018811256
1790637188.5109737,27.54331100732088
1790637188.511065,5.179158004466444
1790637188.5131738,1.5324439737014472
1790637188.5238073,1.7302900087088346
1790637188.5260715,1.6321499715559185
1790637188.5294495,1.5248359995894134
1790637188.5429342,1.8534749979153275
1790637188.546632,1.3512480072677135
1790637188.5656266,2.5322859873995185
1790637188.5669217,1.879652962088585
1790637188.567129,2.9002210358157754
1790637188.5776541,1.6131880111061037
1790637188.5809968,1.57124298857525
1790637188.5898988,1.59235397586599
1790637188.5913417,1.4342920039780438
1790637188.5965903,1.4127350295893848
1790637188.6093876,1.8361490219831467
1790637188.6155734,1.6887019737623632
1790637188.6295977,2.693434013053775
1790637188.630223,1.707776973489672
1790637188.6348407,1.701948989648372
1790637188.637165,1.1989690246991813
1790637188.6545882,1.7922670231200755
1790637188.6864345,1.7909109592437744
1790637188.6906242,1.6630219761282206
1790637188.694362,1.793800969608128
1790637188.7359235,2.7050989447161555
1790637188.7613404,26.39007702236995
1790637188.7615213,23.75614899210632
1790637188.7615824,19.992998044472188
1790637188.76489,1.5565120265819132
1790637188.7828553,1.5985710197128356
1790637188.784874,1.618776994291693
1790637188.8074496,1.8951409729197621
1790637188.8353028,27.41906000301242
1790637188.8359292,6.554753985255957
1790637188.8360183,2.850647026207298
1790637188.8482208,2.2530040005221963
1790637188.876745,2.0885689882561564
1790637188.887533,2.3829480051063
1790637188.8903296,1.6694269725121558
1790637188.904091,2.2326449980027974
1790637188.9192924,2.329493989236653
1790637188.9338527,2.8798109851777554
1790637188.9342175,2.1883620065636933
1790637188.982612,2.837678010109812
1790637188.9827302,2.3565429728478193
1790637188.9913685,1.94438302423805
1790637189.0204716,27.5875210063532
1790637189.0282393,1.7729040118865669
1790637189.0370207,1.5635209856554866
1790637189.040057,1.3717919937334955
1790637189.0428581,1.6243610298261046
1790637189.0434425,1.3664180296473205
1790637189.0632548,1.686534029431641
1790637189.0637913,1.3575300108641386
1790637189.0837207,2.0096920197829604
1790637189.1115801,2.5014900020323694
1790637189.1366034,1.6778690041974187
1790637189.149633,1.7436909838579595
1790637189.205351,26.11524099484086
1790637189.2055144,18.037909001577646
1790637189.2056608,13.88837001286447
1790637189.20594,9.626997052691877
1790637189.2143848,1.9494520383886993
1790637189.2410634,1.8788599991239607
1790637189.2486672,1.9562130328267813
1790637189.255258,1.7380759818479419
1790637189.2632854,1.701135013718158
1790637189.2658424,1.556375005748123
1790637189.2666502,1.5382699784822762
1790637189.2809858,1.7696750001050532
1790637189.2950234,1.8743819673545659
1790637189.302564,1.8305820412933826
1790637189.3084688,1.8233280279673636
1790637189.3287172,2.2390600061044097
1790637189.3301105,1.381103997118771
1790637189.3607285,18.995704012922943
1790637189.3608313,22.858502983581275
1790637189.3616307,25.085871980991215
1790637189.3621643,19.200177979655564
1790637189.362227,10.657021950464696
1790637189.3661177,1.2816090020351112
1790637189.3781686,2.0566069870255888
1790637189.3898773,1.5983550110831857
1790637189.3952954,1.4651939854957163
1790637189.396957,1.1798569466918707
1790637189.4108634,1.7951899790205061
1790637189.415253,1.952418009750545
1790637189.4205537,1.8160159816034138
1790637189.4231355,1.4924639835953712
1790637189.4328325,1.943904033396393
1790637189.439198,1.7559290281496942
1790637189.4564445,2.3835640167817473
1790637189.457252,1.8595749861560762
1790637189.4738991,2.7312650345265865
1790637189.4744768,1.9200799870304763
1790637189.475945,1.3391120010055602
1790637189.4782925,1.2509750085882843
1790637189.4977012,2.5376859703101218
1790637189.4985979,1.3478389591909945
1790637189.511622,1.934185973368585
1790637189.5143754,1.71290198341012
1790637189.5160244,1.2274820473976433
1790637189.5297256,1.6533209709450603
1790637189.5367897,1.3556979829445481
1790637189.6134965,41.02389595936984
1790637189.617503,51.2806240003556
1790637189.6182666,41.58108099363744
1790637189.6183531,44.92292698705569
1790637189.6400514,40.265478019136935
1790637189.650653,31.73137700650841
1790637189.6748672,69.19805199140683
1790637189.6874306,23.21146597387269
1790637189.703666,37.638801033608615
1790637189.708996,88.86186097515747
1790637189.7230868,27.947906986810267
1790637189.7234542,43.645149969961494
1790637189.7239804,39.60115497466177
1790637189.724185,25.52526700310409
1790637189.724242,85.48143901862204
1790637189.7244358,19.84933199128136
1790637189.7249138,3.048247017432004
1790637189.7371614,1.7336769960820675
1790637189.742791,1.3873009593226016
1790637189.7451315,1.3775849947705865
1790637189.7777715,24.156901985406876
1790637189.778698,2.0559579716064036
1790637189.7851396,1.5457900008186698
1790637189.7912395,1.5112849650904536
1790637189.8019881,1.5063210157677531
1790637189.8519738,17.247228999622166
1790637189.852076,18.54090701090172
1790637189.859496,19.060377031564713
1790637189.8601718,28.70069001801312
1790637189.8602586,13.735140964854509
1790637189.868138,2.105309977196157
1790637189.8763318,1.7245319904759526
1790637189.8780487,1.4738759491592646
1790637189.9119937,1.787927991244942
1790637189.9181795,1.9961500074714422
1790637189.9190032,1.6209599561989307
1790637189.9205332,1.2178309843875468
1790637189.9410453,2.0604069577530026
1790637189.9645803,2.2646840079687536
1790637189.9677818,1.9767619669437408
1790637189.9678607,2.6470780139788985
1790637189.9931993,2.44029302848503
1790637190.0238566,3.03662201622501
1790637190.0240376,4.213957989122719
1790637190.044074,2.8974850429221988
1790637190.054857,2.465871977619827
1790637190.056002,2.7940039872191846
1790637190.0656483,1.6944709932431579
1790637190.0688818,1.4114539953880012
1790637190.0701714,1.2095749843865633
1790637190.077754,1.7427320126444101
1790637190.0778158,2.4107220233418047
1790637190.079741,1.2620040215551853
1790637190.1003077,1.8945959745906293
1790637190.1230366,1.8602869822643697
1790637190.1266737,1.5148380189202726
1790637190.1425264,1.8595519941300154
1790637190.1552682,1.582831027917564
1790637190.1663196,1.7658729921095073
1790637190.2084498,2.487050020135939
1790637190.209982,1.3710600323975086
1790637190.211632,1.3706660247407854
1790637190.2236047,1.9226769800297916
1790637190.2533267,2.276820014230907
1790637190.2534146,2.926006040070206
1790637190.2580774,2.3315459839068353
1790637190.2586186,2.137675997801125
1790637190.2606635,1.4014799962751567
1790637190.2641358,1.3716930407099426
1790637190.267576,1.2429290218278766
1790637190.2931104,13.661500008311123
1790637190.2934234,22.971500002313405
1790637190.2944477,2.69828800810501
1790637190.2945187,3.249595989473164
1790637190.30135,1.4117349637672305
1790637190.3049846,1.5836430247873068
1790637190.319989,1.832546025980264
1790637190.353367,23.55735603487119
1790637190.3537264,14.525819977279752
1790637190.354248,13.656119990628213
1790637190.355395,1.2498029973357916
1790637190.3631115,1.3961849617771804
1790637190.364699,1.2335539795458317
1790637190.3716261,1.3494280283339322
1790637190.3843424,1.812667993362993
1790637190.394428,1.5895400429144502
1790637190.395312,1.6421990003436804
1790637190.4445708,25.127645989414304
1790637190.4450283,21.43425797112286
1790637190.4451828,18.395102000795305
1790637190.4452827,26.55280998442322
1790637190.4498084,1.4501650002785027
1790637190.4572556,1.5517969732172787
1790637190.4958138,27.105932997073978
1790637190.5012116,42.622859007678926
1790637190.5021338,38.25679799774662
1790637190.5022194,19.873315992299467
1790637190.5279434,3.1065159710124135
1790637190.528016,23.70204497128725
1790637190.5344923,1.3970409636385739
1790637190.5383258,1.3966679689474404
1790637190.539065,1.4052990009076893
1790637190.5535638,1.7778650508262217
1790637190.591441,23.411568021401763
1790637190.607121,1.6866229707375169
1790637190.6179016,1.3727479963563383
1790637190.6310785,1.728441973682493
1790637190.6633937,20.29568498255685
1790637190.679783,28.300730977207422
1790637190.679962,44.84390403376892
1790637190.6802502,24.218815960921347
1790637190.6810193,40.789373975712806
1790637190.6864688,24.65867600403726
1790637190.71717,54.505235981196165
1790637190.721826,50.30156904831529
1790637190.7219057,35.99265799857676
1790637190.722166,9.417859022505581
1790637190.741176,1.7693580011837184
1790637190.7422464,1.8232549773529172
1790637190.7472415,1.5167149831540883
1790637190.7497475,1.1101900017820299
1790637190.7622383,1.7205480253323913
1790637190.7671006,1.4079399988986552
1790637190.768346,1.1422850075177848
1790637190.7705882,1.0804139892570674
1790637190.7802258,1.9619190134108067
1790637190.7807734,1.4290160033851862
1790637190.7937357,1.7500620451755822
1790637190.8103878,2.635726996231824
1790637190.8114705,2.8964069788344204
1790637190.8156064,3.2331299735233188
1790637190.8225112,2.0525489817373455
1790637190.8309984,1.8781860126182437
1790637190.8416424,2.217158966232091
1790637190.8534672,2.1102669998072088
1790637190.865477,1.6808779910206795
1790637190.8795238,1.7217010026797652
1790637190.884427,1.4781850040890276
1790637190.8919072,2.050946990493685
1790637190.9202092,2.7765979757532477
1790637190.9522586,4.2113050003536046
1790637190.9527798,4.0398340206593275
1790637190.9578228,1.5379299875348806
1790637190.9756038,1.7252489924430847
1790637190.9870856,1.678039028774947
1790637190.9955962,1.4531349879689515
1790637191.0215576,2.892674005124718
1790637191.031842,2.296913997270167
1790637191.03549,1.5275179757736623
1790637191.0385664,1.7622719751670957
1790637191.0390575,1.6304670134559274
1790637191.0689418,23.512259009294212
1790637191.0690246,3.9299880154430866
1790637191.06908,17.378053977154195
1790637191.0732222,1.4635230181738734
1790637191.0936763,2.252164005767554
1790637191.093764,2.9535969952121377
1790637191.0986402,1.316006004344672
1790637191.1277547,17.567496979609132
1790637191.127896,21.68714301660657
1790637191.1477396,2.5028150412254035
1790637191.149592,1.8419359694235027
1790637191.1498935,3.646303026471287
1790637191.1872451,22.919227019883692
1790637191.1874888,18.46295001450926
1790637191.1881442,14.291238971054554
1790637191.1882122,15.888344030827284
1790637191.1948967,1.8899369752034545
1790637191.2130222,1.6727930051274598
1790637191.2486048,21.76177001092583
1790637191.2892697,2.3421390214934945
1790637191.3006275,2.3623460438102484
1790637191.3296473,2.240105008240789
1790637191.334795,1.4989100163802505
1790637191.3452926,2.0268119988031685
1790637191.3478472,1.3786500203423202
1790637191.3789139,21.143404999747872
1790637191.3836331,1.4960190164856613
1790637191.3991513,1.432783028576523
1790637191.4144135,1.7750420374795794
1790637191.4229138,1.7623280291445553
1790637191.4380698,1.7226420459337533
1790637191.4622405,2.4115180131047964
1790637191.4623334,23.979380959644914
1790637191.4627185,2.2830769885331392
1790637191.4799864,1.9713060464709997
1790637191.480852,3.9060499984771013
1790637191.4809105,3.279733005911112
1790637191.4941247,2.1082449820823967
1790637191.496891,1.300353033002466
1790637191.499818,1.285782956983894
1790637191.5059223,1.3982959790155292
1790637191.5408576,23.471727967262268
1790637191.5528145,44.41849997965619
1790637191.552923,28.041380981449038
1790637191.5530386,13.027198030613363
1790637191.553097,10.476402996573597
1790637191.5611794,1.5461989678442478
1790637191.5861566,23.15718901809305
1790637191.5862718,12.839042989071459
1790637191.5868807,11.246329988352954
1790637191.5869732,5.875149974599481
1790637191.639114,25.70975001435727
1790637191.6394105,12.698262988124043
1790637191.6405473,9.511746990028769
1790637191.6406484,10.42315101949498
1790637191.6414306,1.4433609903790057
1790637191.6653087,1.7264250200241804
1790637191.675062,1.50892703095451
1790637191.7020793,22.69223501207307
1790637191.7025127,21.10109303612262
1790637191.702838,18.29277299111709
1790637191.7029607,24.010990047827363
1790637191.7034347,13.712967978790402
1790637191.7647908,19.437665003351867
1790637191.7659397,20.018979033920914
1790637191.7667458,25.490157015156
1790637191.7668102,7.258078025188297
1790637191.7867198,2.1108119981363416
1790637191.823325,2.422910009045154
1790637191.837286,1.9751880317926407
1790637191.859494,18.36276304675266
1790637191.8613677,24.02741595869884
1790637191.861526,8.76430602511391
1790637191.8617358,13.684876030310988
1790637191.8622313,2.611567033454776
1790637191.8929672,1.8320490489713848
1790637191.8973567,1.3925509992986917
1790637191.9106588,1.9840140012092888
1790637191.912437,1.3786399504169822
1790637191.9160647,1.2022490263916552
1790637191.9220922,2.6014780160039663
1790637191.9221487,1.9920270424336195
1790637191.9296432,1.4438889920711517
1790637191.9306183,1.7662179889157414
1790637191.9325469,1.1155270040035248
1790637191.939814,1.448434020858258
1790637191.9452245,1.2851990177296102
1790637191.9585662,1.7620190046727657
1790637191.9597647,1.1889319866895676
1790637191.9748974,3.7605799734592438
1790637191.9756033,3.4577770275063813
1790637191.9763434,4.559876979328692
1790637191.9771976,1.4224089682102203
1790637192.0023456,2.1562009933404624
1790637192.0029001,1.4874229673296213
1790637192.0280213,6.341999978758395
1790637192.028094,22.440721979364753
1790637192.038594,1.3437980087473989
1790637192.0622945,19.567791954614222
1790637192.0630424,11.546836991328746
1790637192.0633352,23.608176037669182
1790637192.0646868,11.894269031472504
1790637192.065094,13.088253966998309
1790637192.0651689,10.56310796411708
1790637192.1174464,32.586860994342715
1790637192.1294694,30.03782097948715
1790637192.1296775,31.84294403763488
1790637192.129753,25.07132600294426
1790637192.1300948,11.650295986328274
1790637192.1314182,6.501920986920595
1790637192.1317122,8.455055998638272
1790637192.1317875,4.8647510120645165
1790637192.158957,2.1004410227760673
1790637192.159727,1.5435760142281651
1790637192.1639514,1.574016991071403
1790637192.190721,22.553285991307348
1790637192.1907969,12.59013800881803
1790637192.191037,5.562105972785503
1790637192.2009122,1.9572629826143384
1790637192.226043,1.797237026039511
1790637192.228585,1.2659970088861883
1790637192.2334363,1.4391869772225618
1790637192.2394414,1.2910410296171904
1790637192.2486422,1.7990180058404803
1790637192.2650833,7.099002017639577
1790637192.2811515,22.498886042740196
1790637192.281516,12.123650987632573
1790637192.294971,1.6045999946072698
1790637192.3181899,23.87632295722142
1790637192.3183687,7.0390800246968865
1790637192.3192673,1.7240950255654752
1790637192.3197498,1.2595709995366633
1790637192.3355618,1.4503540005534887
1790637192.3810418,23.90877902507782
1790637192.3813248,6.489671010058373
1790637192.3858538,1.360620022751391
1790637192.4385123,27.60199998738244
1790637192.4395003,45.46662396751344
1790637192.439887,28.379742987453938
1790637192.4400525,43.71106799226254
1790637192.4403274,5.423829017672688
1790637192.473232,1.796044991351664
1790637192.4825575,1.4531250344589353
1790637192.500293,1.7715170397423208
1790637192.503314,1.3012170093134046
1790637192.5073934,1.4066720032133162
1790637192.5094328,1.4349750126712024
1790637192.5270402,1.7126399907283485
1790637192.541174,1.7025779816322029
1790637192.5551794,2.6200709980912507
1790637192.5573304,1.65988301159814
1790637192.5605972,1.4297569869086146
1790637192.5619977,1.1635199771262705
1790637192.564893,1.218741002958268
1790637192.59411,8.452577982097864
1790637192.5941823,23.67928804596886
1790637192.5996835,1.7411820008419454
1790637192.6185174,1.5729740262031555
1790637192.6330833,1.9662990234792233
1790637192.638489,1.4301949995569885
1790637192.6399307,1.1814690078608692
1790637192.6459644,1.4148339978419244
1790637192.676308,1.8391430494375527
1790637192.677917,1.2486200430430472
1790637192.6845493,2.2002519690431654
1790637192.693767,1.5775180072523654
1790637192.727141,2.4968230281956494
1790637192.752016,1.828617008868605
1790637192.767262,1.913742977194488
1790637192.778711,2.1704829996451735
1790637192.804529,23.175473033916205
1790637192.804833,22.901866992469877
1790637192.8048918,14.373006008099765
1790637192.8096478,1.5943230246193707
1790637192.8110592,1.30849500419572
1790637192.817548,1.4018210349604487
1790637192.820549,1.1987939942628145
1790637192.8265,1.4360399800352752
1790637192.830505,1.1934199719689786
1790637192.843201,1.8928649951703846
1790637192.8471076,1.5215780003927648
1790637192.8659196,2.3146290332078934
1790637192.8659983,3.086774959228933
1790637192.8701398,2.4665810051374137
1790637192.8907135,21.90391201293096
1790637192.8917198,5.8891199878416955
1790637192.8920922,6.768416962586343
1790637192.9007514,1.8819939577952027
1790637192.9043498,1.340591988991946
1790637192.9277914,2.3543110000900924
1790637192.9648442,26.815845048986375
1790637192.980587,43.15939301159233
1790637193.0283954,89.12554697599262
1790637193.028592,91.83857002062723
1790637193.0295436,80.01322601921856
1790637193.0298905,70.02365996595472
1790637193.0404696,65.64195704413578
1790637193.040986,64.92437398992479
1790637193.0511546,98.17706502508372
1790637193.0514948,53.52226202376187
1790637193.0520785,68.55859601637349
1790637193.0521462,6.116442033089697
1790637193.0582283,1.3595979544334114
1790637193.0736358,2.2757910192012787
1790637193.0957239,1.7413540044799447
1790637193.107069,1.6463890206068754
1790637193.125558,1.8083169707097113
1790637193.1372721,2.300530963111669
1790637193.1380947,2.5148990098387003
1790637193.1445978,1.5077959978953004
1790637193.2169328,3.5364750074222684
1790637193.2231207,2.4393430212512612
1790637193.2237177,1.8077960121445358
1790637193.2606115,21.98123501148075
1790637193.2615142,10.556158027611673
1790637193.261981,11.733216000720859
1790637193.281499,2.3592550423927605
1790637193.2822237,1.904992968775332
1790637193.286273,1.3106809929013252
1790637193.294694,1.5243999660015106
1790637193.3043442,2.0106019801460207
1790637193.3129685,1.6652639606036246
1790637193.3393974,22.8329700184986
1790637193.3395424,16.333808947820216
1790637193.3396065,7.329688989557326
1790637193.3558466,1.479554979596287
1790637193.3607175,1.3486340176314116
1790637193.3637319,1.5634589944966137
1790637193.364507,1.7448800499550998
1790637193.3682196,2.0888849976472557
1790637193.3741622,1.4267090009525418
1790637193.415004,3.3622269984334707
1790637193.4253888,3.8074650219641626
1790637193.4384744,2.1530259982682765
1790637193.4450984,1.5991610125638545
1790637193.4567335,1.9366709748283029
1790637193.4588554,1.270058040972799
1790637193.4684093,1.6698240069672465
1790637193.493683,18.564804980996996
1790637193.4982986,22.061834984924644
1790637193.499052,23.35729997139424
1790637193.4991965,21.550920035224408
1790637193.4998097,17.42212800309062
1790637193.5002267,7.114125997759402
1790637193.5002832,10.686214023735374
1790637193.506055,1.366676006000489
1790637193.5123086,1.4153640368022025
1790637193.512748,1.2378039536997676
1790637193.5156703,1.1555890087038279
1790637193.566454,24.3996320059523
1790637193.5665426,2.373923023696989
1790637193.6016119,2.4537910358048975
1790637193.6436977,17.781650996766984
1790637193.646928,27.69984200131148
1790637193.6471937,19.337992009241134
1790637193.647328,3.528409986756742
1790637193.647507,9.042079036589712
1790637193.647739,7.384600990917534
1790637193.6484792,2.9206930194050074
1790637193.6485622,4.260051005985588
1790637193.664916,2.4644939694553614
1790637193.6762547,2.304090012330562
1790637193.6765149,2.6978039531968534
1790637193.68552,2.344925014767796
1790637193.6898234,1.6398419975303113
1790637193.6956322,1.240716956090182
1790637193.7077434,2.3361589992418885
1790637193.7078176,2.9593859799206257
1790637193.7110279,1.1538660037331283
1790637193.7520583,22.321925964206457
1790637193.7529125,25.734112015925348
1790637193.7536936,20.908730977680534
1790637193.7537997,21.90477302065119
1790637193.7550669,15.023082960397005
1790637193.7553327,21.89768000971526
1790637193.7559986,2.005930000450462
1790637193.7799976,1.6677820240147412
1790637193.7906067,3.1348849879577756
1790637193.7911282,1.6714039957150817
1790637193.7969003,1.274237991310656
1790637193.8051932,1.9139089854434133
1790637193.822886,1.788262976333499
1790637193.8442109,21.27668500179425
1790637193.8451078,21.668680012226105
1790637193.8454745,18.41554301790893
1790637193.8460777,12.400368053931743
1790637193.8461359,3.2316010328941047
1790637193.8590055,2.1686069667339325
1790637193.8695202,4.031682037748396
1790637193.8977475,27.8915970120579
1790637193.8981676,24.072260013781488
1790637193.8991604,22.049794031772763
1790637193.8997583,32.2388110216707
1790637193.8998234,6.740429031196982
1790637193.907688,2.199982001911849
1790637193.9100213,1.811288995668292
1790637193.934169,23.878387990407646
1790637193.9342663,7.758592022582889
1790637193.9410186,2.606030961032957
1790637193.9415236,1.4973299694247544
1790637193.9521585,1.7342339851893485
1790637193.9648988,2.403763006441295
1790637193.9905925,21.19142602896318
1790637193.99089,24.346000980585814
1790637193.991231,9.590542002115399
1790637193.9942164,2.0317240268923342
1790637194.0045726,2.5088019901886582
1790637194.019593,1.9712230423465371
1790637194.0249772,1022.8763440391049
1790637194.0254958,1.7636879929341376
1790637194.0306432,1.966986048500985
1790637194.0328722,1.3536859769374132
1790637194.034559,1047.6435470045544
1790637194.039216,1.60806201165542
1790637194.067279,22.317250026389956
1790637194.0673923,25.027343013789505
1790637194.0677736,23.32858002046123
1790637194.068435,13.294796051923186
1790637194.0686939,4.556984000373632
1790637194.0707185,1.1606260086409748
1790637194.0719125,1.0859969770535827
1790637194.0978785,20.039137976709753
1790637194.0979414,21.982136007864028
1790637194.1287186,2.787602017633617
1790637194.1292536,2.6301449979655445
1790637194.1550965,2.8368669445626438
1790637194.1570299,1.5531170065514743
1790637194.1613598,1.3978310162201524
1790637194.1626244,1.165380992460996
1790637194.1701846,1.7178779817186296
1790637194.178266,1.593960972968489
1790637194.179688,1.188920985441655
1790637194.1829503,2.453027991577983
1790637194.1849947,1.236828975379467
1790637194.191436,1.3513980084098876
1790637194.1976533,1.6797889838926494
1790637194.2097762,1.568402978591621
1790637194.2312148,5.271606030873954
1790637194.233755,2.529303019400686
1790637194.2338293,3.7153949961066246
1790637194.254778,1.9168559811078012
1790637194.2709029,2.4157139705494046
1790637194.2709832,3.192075004335493
1790637194.293511,1.822936988901347
1790637194.326323,20.87376796407625
1790637194.327385,12.109216011594981
1790637194.327485,24.708116019610316
1790637194.351007,1.9039599574171007
1790637194.372655,20.263815007638186
1790637194.3736837,12.107374030165374
1790637194.3737557,11.604546976741403
1790637194.3738232,23.77878502011299
1790637194.3912194,2.5335130048915744
1790637194.3955925,2.2703040158376098
1790637194.396859,2.131719025783241
1790637194.4007459,2.197384019382298
1790637194.4098296,2.2074239677749574
1790637194.4146147,1.6608710284344852
1790637194.4473405,2.0985070150345564
1790637194.4804642,2.2573170135729015
1790637194.4811366,3.7304110010154545
1790637194.4942126,2.058718993794173
1790637194.5066335,1.6827089712023735
1790637194.5084941,1.3392969849519432
1790637194.5222566,1.7785170348361135
1790637194.5518396,1.9200780079700053
1790637194.5697246,1.901717041619122
1790637194.5720143,1.9340069848112762
1790637194.599958,2.2259800462052226
1790637194.6100893,2.3911120370030403
1790637194.6241627,1.7412969609722495
1790637194.627268,1.3482020003721118
1790637194.6483252,2.404378028586507
1790637194.6504068,2.070565999019891
1790637194.6551697,1.7044700216501951
1790637194.6806486,1.65026995819062
1790637194.6848795,3.227289009373635
1790637194.6852753,3.0743000097572803
1790637194.6853483,2.174094959627837
1790637194.6920772,1.9192920299246907
1790637194.6946166,1.5454509994015098
1790637194.7074685,1.5091240056790411
1790637194.7332244,1.852198038250208
1790637194.7592146,7.005128019955009
1790637194.7592943,23.56701495591551
1790637194.7619987,1.191797957289964
1790637194.7878008,9.746972005814314
1790637194.7880638,16.2398720276542
1790637194.788175,11.366089980583638
1790637194.7882292,24.49897601036355
1790637194.8201373,23.995749943424016
1790637194.8204925,21.20152994757518
1790637194.8222828,27.425120992120355
1790637194.822367,11.930050037335604
1790637194.8224764,10.707215988077223
1790637194.8226278,5.349309998564422
1790637194.8230708,2.4845160078257322
1790637194.8439746,1.9804550101980567
1790637194.8629515,1.6826679930090904
1790637194.891442,2.1230129641480744
1790637194.907064,1.9776449771597981
1790637194.9129546,1.4341939822770655
1790637194.984054,24.683677009306848
1790637194.984488,39.702043985016644
1790637194.9847589,47.22903098445386
1790637194.9858193,23.74542597681284
1790637194.9861135,16.181286016944796
1790637194.9862273,10.294904001057148
1790637194.9958668,1.7767719691619277
1790637195.0017695,1.4111140044406056
1790637195.006405,1.675050996709615
1790637195.0423858,19.17259197216481
1790637195.0425727,24.227723944932222
1790637195.0429265,13.505955983418971
1790637195.051066,1.8618690082803369
1790637195.0528874,1.4421470114029944
1790637195.0645497,2.1411810303106904
1790637195.0836117,2.302379987668246
1790637195.1067896,22.29980198899284
1790637195.1076953,20.937828987371176
1790637195.1077821,25.005957984831184
1790637195.1081276,19.89843900082633
1790637195.1085887,16.81064796866849
1790637195.108935,13.493696984369308
1790637195.1095269,12.416279991157353
1790637195.1101058,9.64919402031228
1790637195.1103842,7.336606038734317
1790637195.1142066,1.3815530110150576
1790637195.1270018,3.2184069859795272
1790637195.127069,2.730341046117246
1790637195.1278543,1.497649005614221
1790637195.1303933,1.2529459781944752
1790637195.152818,1.9065000233240426
1790637195.1569395,1.837299030739814
1790637195.170882,1.5791810001246631
1790637195.1850667,2.530489000491798
1790637195.193111,1.6359050059691072
1790637195.200776,1.4433949836529791
1790637195.2148786,1.751684001646936
1790637195.2271473,2.643859013915062
1790637195.2279334,1.9308910123072565
1790637195.228378,1.2197699979878962
1790637195.2449949,1.713828998617828
1790637195.2495885,1.4090120093896985
1790637195.2666118,1.6970710130408406
1790637195.2750652,1.7049400485120714
1790637195.2819173,1.5876309480518103
1790637195.285715,1.5953350230120122
1790637195.292951,2.0768860122188926
1790637195.2934163,1.4277570298872888
1790637195.296306,1.3755210093222558
1790637195.3302698,26.305912993848324
1790637195.330383,21.764219040051103
1790637195.3306508,6.380734965205193
1790637195.3307006,5.433839978650212
1790637195.33877,1.6895990120247006
1790637195.3412552,1.282154000364244
1790637195.3425646,1.1979840346612036
1790637195.3519113,1.5188130200840533
1790637195.3560855,1.4918940141797066
1790637195.37087,2.140211989171803
1790637195.3854647,3.0655390000902116
1790637195.3869631,3.0281569925136864
1790637195.3882422,2.365344960708171
1790637195.3889015,3.9219719474203885
1790637195.3889687,2.76764202862978
1790637195.3972306,1.8069759826175869
1790637195.397296,2.364624000620097
1790637195.4067974,1.6404910129494965
1790637195.4246993,1.859862997662276
1790637195.4512389,23.28185096848756
1790637195.4644358,2.291503013111651
1790637195.4679303,1.5341530088335276
1790637195.4830263,1.8658050103113055
1790637195.5041194,1.9206120050512254
1790637195.5229402,2.286500995978713
1790637195.551887,28.934837027918547
1790637195.5692194,47.30732599273324
1790637195.5692995,44.20660698087886
1790637195.5697467,42.98067401396111
1790637195.5698297,7.133621023967862
1790637195.570337,3.417895990423858
1790637195.5711057,3.2299020094797015
1790637195.5746005,1.7734159482643008
1790637195.5750577,1.646396005526185
1790637195.58312,1.5851270291022956
1790637195.5896163,1.4924349961802363
1790637195.5944345,1.368917990475893
1790637195.6192346,1.8020590068772435
1790637195.6234982,1.3394770212471485
1790637195.6442158,2.044997992925346
1790637195.6532881,1.6013439744710922
1790637195.654964,1.218892983160913
1790637195.662871,2.111686044372618
1790637195.6731546,1.8621580093167722
1790637195.6864967,2.1202589850872755
1790637195.6874292,1.8460260471329093
1790637195.6894262,1.41413405071944
1790637195.7027357,1.666319032665342
1790637195.731818,27.70731202326715
1790637195.7321591,14.157489000353962
1790637195.7328532,11.327183048706502
1790637195.7336676,5.561403988394886
1790637195.7345564,1.360588998068124
1790637195.7385898,1.4795419992879033
1790637195.7397575,1.1582729639485478
1790637195.7501442,1.5532889519818127
1790637195.7567053,1.6285980236716568
1790637195.7713246,1.6457419842481613
1790637195.8008623,1.7494320054538548
1790637195.827905,1.8163910135626793
1790637195.8372133,2.095805946737528
1790637195.840621,1.6332560335285962
1790637195.8427155,1.340340997558087
1790637195.8477933,1.3023229548707604
1790637195.851459,1.9363039755262434
1790637195.8515408,2.379095007199794
1790637195.8729167,3.589886997360736
1790637195.8734827,3.0998059664852917
1790637195.87355,2.6642659795470536
1790637195.8751674,1.188074005767703
1790637195.8929343,1.7406889819540083
1790637195.9027853,1.9072319846600294
1790637195.9071484,1.5011230134405196
1790637195.9345992,2.0298180170357227
1790637195.941018,1.4810340362600982
1790637195.9431012,1.8003869918175042
1790637195.9453285,1.2341339606791735
1790637195.9540136,1.9200919778086245
1790637195.959554,1.5197250177152455
1790637195.9651048,1.9091839785687625
1790637195.978268,1.6304089804179966
1790637196.0255656,1.691977959126234
1790637196.0314052,1.4613379607908428
1790637196.0335612,1.5608469839207828
1790637196.0354958,1.275867980439216
1790637196.0392768,1.8142089829780161
1790637196.076235,18.247800995595753
1790637196.0765433,17.359579040203243
1790637196.076686,25.063885957933962
1790637196.0780792,10.376669000834227
1790637196.078634,8.662821026518941
1790637196.0792537,6.236009998247027
1790637196.0793161,4.153378016781062
1790637196.0910954,1.657495042309165
1790637196.1228254,1.7375120078213513
1790637196.1310713,1.9505639793351293
1790637196.1548674,2.060220984276384
1790637196.1553793,1.488344045355916
1790637196.1776512,1.7848130082711577
1790637196.1847436,1.8369029858149588
1790637196.199909,2.0060669630765915
1790637196.2027135,1.8795140204019845
1790637196.202992,2.7525749756023288
1790637196.216313,1.6677530365996063
1790637196.220958,1.5311500173993409
1790637196.2277231,1.6854230198077857
1790637196.2371535,2.861479006242007
1790637196.2373223,3.521572973113507
1790637196.2416513,1.4595960383303463
1790637196.2531195,2.751908963546157
1790637196.2536058,2.719384036026895
1790637196.2548907,1.7516250372864306
1790637196.2631388,1.8258750205859542
1790637196.2654166,1.471600029617548
1790637196.2715673,1.4691909891553223
1790637196.279615,1.4331690035760403
1790637196.295766,1.730622025206685
1790637196.3508103,3.9887530147098005
1790637196.3510485,23.291049001272768
1790637196.3511255,1.8265960388816893
1790637196.3758,23.0634170002304
1790637196.3766263,24.367959005758166
1790637196.3770308,16.65066502755508
1790637196.377094,16.014238994102925
1790637196.3781025,11.789445008616894
1790637196.378741,4.845488001592457
1790637196.3787959,3.9216550067067146
1790637196.4124212,21.623318956699222
1790637196.420066,1.5888250200077891
1790637196.4419339,1.6928209806792438
1790637196.4440322,1.5678009949624538
1790637196.4504116,2.1728900028392673
1790637196.4608343,1.88235699897632
1790637196.463952,1.4541340060532093
1790637196.4729083,1.4683949993923306
1790637196.4953988,1.790061010979116
1790637196.497067,1.5374249778687954
1790637196.5245442,24.899576033931226
1790637196.5246353,14.364411996211857
1790637196.5246978,6.597043015062809
1790637196.5471272,2.747796999756247
1790637196.5472026,2.193596970755607
1790637196.577786,25.428906024899334
1790637196.5786617,23.381632985547185
1790637196.57903,8.946975984144956
1790637196.5808134,9.919881005771458
1790637196.581388,22.75225700577721
1790637196.5814762,11.895392963197082
1790637196.5815544,2.363240986596793
1790637196.5852726,2.1366470027714968
1790637196.58535,2.7832399937324226
1790637196.5857468,1.3474059524014592
1790637196.589893,1.943189010489732
1790637196.5903916,1.3632120098918676
1790637196.5926917,1.0742659796960652
1790637196.6001246,1.6836500144563615
1790637196.6172986,1.5691829612478614
1790637196.6441748,3.9818910299800336
1790637196.644264,3.447120019700378
1790637196.6443295,3.0492939986288548
1790637196.64558,1.1415240005590022
1790637196.6568882,1.6761239967308939
1790637196.6705966,1.5175010194070637
1790637196.7093089,1.9490440026856959
1790637196.7109897,1.4452729956246912
1790637196.718562,2.214611042290926
1790637196.721464,1.535968971438706
1790637196.7219906,1.3741189613938332
1790637196.723912,1.5377480303868651
1790637196.736314,1.752474985551089
1790637196.7385268,1.3007079833187163
1790637196.7681584,1.8364250427111983
1790637196.7786493,1.7859750078059733
1790637196.7813258,1.2859340058639646
1790637196.7925918,1.8194009899161756
1790637196.8426466,2.0773069700226188
1790637196.849054,1.40557496342808
1790637196.8547404,1.7409700085408986
1790637196.855197,1.4096489758230746
1790637196.861283,1.3447829987853765
1790637196.8751929,2.2494919830933213
1790637196.9142878,25.501092022750527
1790637196.9151464,19.791377999354154
1790637196.9152324,28.443070012144744
1790637196.9157786,9.124014992266893
1790637196.91585,4.633764969184995
1790637196.9300792,1.794476993381977
1790637196.9317782,1.4344080118462443
1790637196.9322395,1.2392810313031077
1790637196.936168,1.5639509656466544
1790637196.93664,1.3453899882733822
1790637196.94205,1.2357790255919099
1790637196.959955,3.3239800250157714
1790637196.9605832,3.3423620043322444
1790637196.9615192,2.1567479707300663
1790637196.9615803,3.2142840209417045
1790637196.9666395,1.295381982345134
1790637196.974036,1.7431640299037099
1790637196.9757447,1.4776440220884979
1790637196.9888058,2.24779499694705
1790637196.9889154,2.9603640432469547
1790637196.9967656,1.3413530541583896
1790637197.0056984,1.6198729863390326
1790637197.0243392,1.9633379997685552
1790637197.0609393,27.48307300498709
1790637197.0610762,23.187372949905694
1790637197.0615082,2.819826011545956
1790637197.0774372,1.7683180049061775
1790637197.0919554,1.7694230191409588
1790637197.0989017,1.4910269528627396
1790637197.1280537,2.236735017504543
1790637197.136682,1.8463600426912308
1790637197.1515095,1.7420929507352412
1790637197.1669335,1.9668349996209145
1790637197.1694906,1.6563760000281036
1790637197.1853106,1.7545089940540493
1790637197.1969175,1.7461540410295129
1790637197.1987736,1.46202597534284
1790637197.2036314,1.5568870003335178
1790637197.2082188,1.5105510246939957
1790637197.2163131,1.4087979798205197
1790637197.2589033,1.8982129986397922
1790637197.268352,1.761446997988969
1790637197.2698066,1.2967190123163164
1790637197.2748742,1.9044799846597016
1790637197.2840514,2.911010989919305
1790637197.2849224,1.8546709907241166
1790637197.2882643,1.3902009814046323
1790637197.3089604,2.3637430276721716
1790637197.3090365,3.02255799761042
1790637197.3122098,1.4089199830777943
1790637197.3145661,1.194572017993778
1790637197.3202028,1.4426609850488603
1790637197.3316615,1.716823026072234
1790637197.3344705,1.6454790020361543
1790637197.3363128,1.313800981733948
1790637197.3650186,22.252343012951314
1790637197.3651698,18.731400021351874
1790637197.3653636,4.539946967270225
1790637197.365675,2.4420340196229517
1790637197.3872387,1.7620360013097525
1790637197.409507,2.2025530342943966
1790637197.4095712,2.9467440326698124
1790637197.4110422,1.2398760300129652
1790637197.4179044,1.5281570376828313
1790637197.4234915,1.653346000239253
1790637197.4322405,1.4877600478939712
1790637197.44139,1.7376840114593506
1790637197.4804733,22.741002961993217
1790637197.481058,21.140043972991407
1790637197.4811358,12.028885015752167
1790637197.49296,1.800108002498746
1790637197.4958537,1.3350170338526368
1790637197.5443096,22.715583036188036
1790637197.5443847,21.741017000749707
1790637197.5447905,29.444871994201094
1790637197.5454104,21.109001012519002
1790637197.5456214,20.757640013471246
1790637197.5463111,20.17174701904878
1790637197.5466454,12.861663999501616
1790637197.618358,11.739519017282873
1790637197.6184595,27.165636012796313
1790637197.6185308,23.09683500789106
1790637197.618955,5.8852320071309805
1790637197.619463,2.824377967044711
1790637197.6219342,1.7078440287150443
1790637197.6225555,1.5143940108828247
1790637197.625015,1.430800009984523
1790637197.6264088,1.163849956355989
1790637197.6358614,1.6743139713071287
1790637197.6366363,1.7993050278164446
1790637197.6374328,1.5603959909640253
1790637197.688218,2.273077960126102
1790637197.6912196,1.5374270151369274
1790637197.6962314,1.4352150028571486
1790637197.7470062,17.57814100710675
1790637197.7470794,23.536754015367478
1790637197.7717218,1.7749459948390722
1790637197.7757306,1.7407730338163674
1790637197.7769575,1.2151310220360756
1790637197.8021338,24.50035698711872
1790637197.8022273,11.332207010127604
1790637197.8025718,10.122120031155646
1790637197.8026507,2.5782459997572005
1790637197.814215,1.8277670023962855
1790637197.8186336,1.379121036734432
1790637197.8227165,1.7548220348544419
1790637197.883519,1.9775360124185681
1790637197.8880455,1.4933220227248967
1790637197.9029067,2.0456730271689594
1790637197.9092817,1.4735140139237046
1790637197.9153905,2.509017998818308
1790637197.9164379,1.5284440014511347
1790637197.9358878,1.8873900407925248
1790637197.9375362,1.3383549521677196
1790637197.9510605,2.1312120370566845
1790637197.958408,1.6201650141738355
1790637197.9830441,23.408387962263077
1790637197.983528,10.069200012367219
1790637197.9876287,1.5245220274664462
1790637197.9920452,1.2545399949885905
1790637197.9982724,1.3744960306212306
1790637198.0125673,1.8725970294326544
1790637198.0130975,1.447157992515713
1790637198.032911,1.6458119498565793
1790637198.0348525,1.414802041836083
1790637198.0569167,2.7312100282870233
1790637198.0570195,2.103737962897867
1790637198.0573246,1.6291129868477583
1790637198.0854146,20.60966397402808
1790637198.0854826,23.09841604437679
1790637198.0919783,1.6944929957389832
1790637198.1035426,1.6652470221742988
1790637198.1133633,1.8370809848420322
1790637198.119608,1.3428549864329398
1790637198.1304097,1.6478290199302137
1790637198.1365736,1.6508889966644347
1790637198.139485,2.0023699617013335
1790637198.1404011,1.4668700168840587
1790637198.143422,1.1575209791772068
1790637198.1511414,1.9091640133410692
1790637198.1561782,1.914975990075618
1790637198.160683,1.7019929946400225
1790637198.1770203,1.7788399709388614
1790637198.1924436,1.9694690126925707
1790637198.217499,20.558415970299393
1790637198.2409024,1.7021140083670616
1790637198.2448993,2.6611099601723254
1790637198.2534165,1.64733303245157
1790637198.2622433,1.431700016837567
1790637198.2690775,1.674860017374158
1790637198.2838075,1.7677239957265556
1790637198.29322,1.575213042087853
1790637198.3161852,2.171689993701875
1790637198.3172376,1.8956299754790962
1790637198.3530087,17.683170968666673
1790637198.3544343,27.836165972985327
1790637198.3548775,19.722905999515206
1790637198.354992,17.59581599617377
1790637198.3558404,15.668620995711535
1790637198.3558984,7.616982038598508
1790637198.3572254,1.1789420386776328
1790637198.381755,2.2265849984250963
1790637198.3876452,1.6043749637901783
1790637198.3990834,1.9359219586476684
1790637198.4112763,1.6057859756983817
1790637198.428434,1.7597450059838593
1790637198.4350002,1.5480780275538564
1790637198.436742,1.2801430420950055
1790637198.447001,2.0342220086604357
1790637198.45012,1.3886819942854345
1790637198.4729202,1.9240680267103016
1790637198.4744167,1.4824889949522913
1790637198.4978387,1.7971469787880778
1790637198.506593,1.6930680139921606
1790637198.531737,2.1045050234533846
1790637198.5321195,1.463967957533896
1790637198.535336,1.2091039679944515
1790637198.5444562,1.598867995198816
1790637198.5472798,1.276399998459965
1790637198.549973,1.2091160169802606
1790637198.5577073,1.6681230044923723
1790637198.5587459,1.763642008882016
1790637198.580973,1.9828369840979576
1790637198.5857449,1.9700669799931347
1790637198.5860581,1.750941970385611
1790637198.6002457,1.759346981998533
1790637198.612846,1.725683978293091
1790637198.6371958,23.991763999219984
1790637198.6372726,19.177824025973678
1790637198.6375542,20.617750007659197
1790637198.6376896,23.625870002433658
1790637198.6389208,1.4496420044451952
1790637198.6585126,1.9397909636609256
1790637198.661893,1.6333170351572335
1790637198.700767,1.7918759840540588
1790637198.7078805,2.422440971713513
1790637198.7137434,7.4768069898709655
1790637198.7569177,49.70756697002798
1790637198.764564,53.199501999188215
1790637198.770233,59.476568014360964
1790637198.7823646,41.13946796860546
1790637198.7827184,43.73347299406305
1790637198.7830381,27.892897021956742
1790637198.783273,61.826634977478534
1790637198.78427,27.832761988975108
1790637198.7843413,11.250235023908317
1790637198.7855031,9.276124008465558
1790637198.7858796,6.307039002422243
1790637198.786567,1.8645449890755117
1790637198.8131816,25.061634019948542
1790637198.8136184,17.098501964937896
1790637198.813748,27.080141997430474
1790637198.8140566,15.499767032451928
1790637198.8212187,1.9171179737895727
1790637198.822066,1.6884710057638586
1790637198.8225853,1.244897022843361
1790637198.8380456,1.6850149841047823
1790637198.8786871,21.054108976386487
1790637198.8814108,25.839182955678552
1790637198.8815,21.286318020429462
1790637198.910721,2.5712320348247886
1790637198.9201958,2.636094985064119
1790637198.925101,3.1149390270002186
1790637198.9252167,2.3820719798095524
1790637198.939541,2.0637099514715374
1790637198.9442818,2.2020089672878385
1790637198.9493427,2.1161650074645877
1790637198.9521897,2.2015630383975804
1790637198.9554188,1.904279983136803
1790637199.017197,30.69147700443864
1790637199.0173612,19.905089982785285
1790637199.0174432,18.987930030561984
1790637199.0312483,2.0172049989923835
1790637199.0355396,2.051554969511926
1790637199.0668628,27.29595103301108
1790637199.0671403,17.020108993165195
1790637199.0680683,14.253762958105654
1790637199.0681353,11.313931026961654
1790637199.0714576,2.0257270080037415
1790637199.0746698,2.025082998443395
1790637199.0848203,2.714709029532969
1790637199.0860243,1.7902230028994381
1790637199.0911095,2.16371298301965
1790637199.102338,2.78331502340734
1790637199.1041603,3.050561004783958
1790637199.105545,2.5729049812071025
1790637199.1124995,2.252603997476399
1790637199.1504552,1.8523550243116915
1790637199.1590266,2.2280769771896303
1790637199.18798,20.754028984811157
1790637199.1880937,9.142839000560343
1790637199.1884346,24.108995974529535
1790637199.1884954,6.548508012201637
1790637199.216354,22.154786973260343
1790637199.2171087,22.25615398492664
1790637199.2175155,22.04173698555678
1790637199.2177432,7.360937015619129
1790637199.2180088,4.7489500138908625
1790637199.2277846,1.7942229751497507
1790637199.2401898,2.110264962539077
1790637199.2634878,2.0021130330860615
1790637199.2639754,3.1054000137373805
1790637199.277712,1.8946559866890311
1790637199.330059,28.62988697597757
1790637199.341141,35.34458001377061
1790637199.3431087,49.12374296691269
1790637199.34415,43.55584998847917
1790637199.3442988,31.085684022400528
1790637199.3466053,21.47095702821389
1790637199.3466914,20.200571976602077
1790637199.3467674,16.29617199068889
1790637199.3468451,25.244464981369674
1790637199.3477225,2.9212060035206378
1790637199.3702266,21.884838002733886
1790637199.370556,15.395864029414952
1790637199.370936,12.263868004083633
1790637199.3938887,2.00664100702852
1790637199.4184644,2.611549978610128
1790637199.4185288,3.4308460308238864
1790637199.4192362,1.807287975680083
1790637199.4252343,1.426503004040569
1790637199.435033,1.42260902794078
1790637199.4376066,1.5682160155847669
1790637199.481392,2.156582020688802
1790637199.4904947,1.683036971371621
1790637199.4913292,1.978949992917478
1790637199.4974911,1.7375180032104254
1790637199.498352,1.5213240403681993
1790637199.5082107,1.4012510073371232
1790637199.5097115,1.205370994284749
1790637199.5128863,1.7046639695763588
1790637199.524095,2.030912961345166
1790637199.5246868,1.9489970291033387
1790637199.5302129,1.554321963340044
1790637199.5322604,1.2326629948802292
1790637199.5837305,48.581923998426646
1790637199.584161,32.78359101386741
1790637199.5848298,31.51073498884216
1790637199.585472,41.175768012180924
1790637199.586126,9.297775977756828
1790637199.5864418,4.607440030667931
1790637199.586501,7.362447038758546
1790637199.5993447,3.1044920324347913
1790637199.5998557,2.1222130162641406
1790637199.5999846,3.113658051006496
1790637199.6021514,1.258915988728404
1790637199.6105292,1.5107769868336618
1790637199.6367671,1.9061220227740705
1790637199.639365,1.3543859822675586
1790637199.6468344,1.9053430296480656
1790637199.6776857,2.4010699708014727
1790637199.6832716,1.5396630042232573
1790637199.69617,2.133785979822278
1790637199.7377543,26.80429897736758
1790637199.7381856,21.65589894866571
1790637199.7382545,11.324320978019387
1790637199.7457428,1.537102973088622
1790637199.7478428,1.2479969882406294
1790637199.7541823,1.7682749894447625
1790637199.7557783,1.3567489804700017
1790637199.7799687,2.511009981390089
1790637199.7810445,2.0117720123380423
1790637199.7884607,1.8105549970641732
1790637199.7930515,1.3434590073302388
1790637199.816281,23.04671599995345
1790637199.816607,11.160478985402733
1790637199.8168366,3.9498309488408267
1790637199.8489993,2.5071700219996274
1790637199.8493638,3.0091480002738535
1790637199.875162,2.1406650193966925
1790637199.889002,2.185416000429541
1790637199.892519,1.3720680144615471
1790637199.896319,1.2971649994142354
1790637199.8979206,1.1435369960963726
1790637199.9269104,1.900627976283431
1790637199.9547217,2.2326040198095143
1790637199.959777,1.556193979922682
1790637199.9691098,1.6486499807797372
1790637199.971652,1.466621004510671
1790637199.9935095,19.937679986469448
1790637199.995592,5.711250007152557
1790637199.9956803,24.820688006002456
1790637199.9957585,20.922732015606016
1790637199.9975922,1.6960030188784003
1790637200.0111074,1.758870028425008
1790637200.0214458,1.5746389981359243
1790637200.0345228,2.138162963092327
1790637200.0409713,1.5644669765606523
1790637200.0568743,1.7935220384970307
1790637200.070805,2.107700041960925
1790637200.11783,17.969534965232015
1790637200.1185462,22.969904995989054
1790637200.118823,10.982024017721415
1790637200.1188776,2.638306003063917
1790637200.1400416,2.070532995276153
1790637200.1409543,1.8148149829357862
1790637200.1455643,1.6466809902340174
1790637200.2074192,25.423423969186842
1790637200.2075129,28.212392004206777
1790637200.2075756,17.6263700122945
1790637200.2082226,17.202474002260715
1790637200.208484,14.025944052264094
1790637200.2125309,1.811613969039172
1790637200.2135007,1.5114839770831168
1790637200.2141244,1.2992750271223485
1790637200.21529,1.0685460292734206
1790637200.2265155,1.707061950583011
1790637200.2270377,1.5219629858620465
1790637200.2286837,1.3795290142297745
1790637200.2361372,2.024722984060645
1790637200.2377758,2.043329004663974
1790637200.2385395,1.7290100222453475
1790637200.2650063,27.166738000232726
1790637200.2732475,3.3449369948357344
1790637200.2733204,2.8878500452265143
1790637200.282498,1.7068570014089346
1790637200.2873487,1.3484589871950448
1790637200.2897804,1.2595679727382958
1790637200.3031495,1.6269859625026584
1790637200.3217094,2.9020169749855995
1790637200.3218167,2.4177610175684094
1790637200.3278272,1.5289309667423368
1790637200.3321733,1.283378980588168
1790637200.3637486,21.00103796692565
1790637200.3759053,35.23929504444823
1790637200.3763661,30.070908018387854
1790637200.3878634,28.042817022651434
1790637200.3879573,26.38741600094363
1790637200.3905263,24.259841011371464
1790637200.3909087,40.53902602754533
1790637200.3910875,21.745247999206185
1790637200.3911605,20.658368011936545
1790637200.3963358,1.4948659809306264
1790637200.4379256,1.717272971291095
1790637200.452179,1.7800630303099751
1790637200.4608796,1.610065985005349
1790637200.4950707,1.998141990043223
1790637200.4965386,1.456425990909338
1790637200.522944,21.13414800260216
1790637200.5274525,26.936188980471343
1790637200.5281072,20.292424014769495
1790637200.5282266,21.57892700051889
1790637200.5296693,13.42449599178508
1790637200.530067,20.152112003415823
1790637200.530163,4.801483009941876
1790637200.5376794,1.6410439857281744
1790637200.5458183,1.9099980127066374
1790637200.5464115,1.896618981845677
1790637200.5653398,1.9335169927217066
1790637200.5791385,1.7661190358921885
1790637200.5911794,1.525167957879603
1790637200.6263895,22.616690024733543
1790637200.6268272,6.17564597632736
1790637200.6269245,5.536832031793892
1790637200.6454163,2.359090023674071
1790637200.6561859,1.7823060043156147
1790637200.6569998,1.6081469948403537
1790637200.6776857,1.8676709732972085
1790637200.6812453,1.697769039310515
1790637200.6997817,16.995688958559185
1790637200.7073083,25.056404003407806
1790637200.7074378,12.051997007802129
1790637200.7081718,2.4238290498033166
1790637200.7473881,11.897346994373947
1790637200.7488902,24.68947396846488
1790637200.7489636,4.124712024349719
1790637200.749261,1.8608139944262803
1790637200.7673867,1.8694570171646774
1790637200.8010743,15.038071025628597
1790637200.8017817,25.058015016838908
1790637200.8023849,14.797666983213276
1790637200.8028853,15.774776984471828
1790637200.8029397,6.9159179693087935
1790637200.8119614,1.6362150199711323
1790637200.8148932,1.4238900039345026
1790637200.8309538,1.819661003537476
1790637200.8495023,1.6813650145195425
1790637200.8788557,1.8283650279045105
1790637200.879451,1.4389260322786868
1790637200.8823395,1.224356994498521
1790637200.8854825,1.5573209966532886
1790637200.8901296,1.5501370071433485
1790637200.8916807,1.3393759727478027
1790637200.8936346,1.2958199949935079
1790637200.898067,1.3425549841485918
1790637200.949715,25.58320399839431
1790637200.9515097,12.069443007931113
1790637200.9518354,13.168101024348289
1790637200.9521577,14.501821948215365
1790637200.952252,11.350002023391426
1790637200.9525642,2.6952589978463948
1790637200.9526176,10.879225970711559
1790637200.9560127,1.2807660386897624
1790637200.9629683,1.3492159778252244
1790637200.976373,1.9181250245310366
1790637200.9772015,1.942813047207892
1790637200.9850943,1.8594259745441377
1790637200.985986,1.2834090157411993
1790637200.9957554,1.5311220195144415
1790637200.9994133,1.998069987166673
1790637201.0005214,2.0199339487589896
1790637201.030491,22.203669999726117
1790637201.030575,11.961752024944872
1790637201.0345623,1.5590499970130622
1790637201.0417945,1.7006260459311306
1790637201.0480597,1.5721070230938494
1790637201.077474,23.522929986938834
1790637201.0785255,12.28201697813347
1790637201.0789282,8.542584022507071
1790637201.0802686,1.3281750143505633
1790637201.11436,26.26533800503239
1790637201.1144547,20.624372991733253
1790637201.1259124,1.6069139819592237
1790637201.1339674,1.693352998699993
1790637201.1588733,1.8414779915474355
1790637201.172571,1.8163229688070714
1790637201.1861143,1.7184700118377805
1790637201.1979077,1.8616990419104695
1790637201.2112088,1.7820619978010654
1790637201.216887,1.3501790235750377
1790637201.230376,1.9009920069947839
1790637201.2408187,1.7997680115513504
1790637201.2475822,1.522572012618184
1790637201.257714,1.8772879848256707
1790637201.2639692,1.7688649822957814
1790637201.2750874,1.9437230075709522
1790637201.2755294,1.4075050130486488
1790637201.3149192,25.441398029215634
1790637201.3150668,3.9741150103509426
1790637201.315141,4.887513990979642
1790637201.3629878,34.45003001252189
1790637201.3737435,52.2276500123553
1790637201.3743405,48.58498403336853
1790637201.374432,46.53290600981563
1790637201.3907998,61.04061898076907
1790637201.4031847,64.07803698675707
1790637201.403571,67.70660902839154
1790637201.4041147,59.31846902240068
1790637201.4048662,10.18054800806567
1790637201.4050245,53.595175966620445
1790637201.4053879,10.001452988944948
1790637201.406703,1.3065770035609603
1790637201.4094846,1.616914989426732
1790637201.4125524,1.2329749879427254
1790637201.4274287,1.6007049707695842
1790637201.4400942,1.923313015140593
1790637201.4686308,7.69438996212557
1790637201.4693322,4.552312020678073
1790637201.4694216,26.12289896933362
1790637201.4740252,1.5164460055530071
1790637201.4808922,1.3960839714854956
1790637201.4876132,1.444924040697515
1790637201.4961333,1.6262949793599546
1790637201.5174747,2.1304699475876987
1790637201.5413053,18.123747024219483
1790637201.5425534,12.310847989283502
1790637201.5429583,26.44093899289146
1790637201.5430715,11.310367961414158
1790637201.5438,1.6823200276121497
1790637201.5453875,1.1253440170548856
1790637201.5522442,1.343101030215621
1790637201.5834875,23.022192006465048
1790637201.5835626,7.956226996611804
1790637201.586841,2.0100839901715517
1790637201.5872698,1.8531189998611808
1790637201.6193984,1.7559530097059906
1790637201.623467,1.6124789835885167
1790637201.632569,1.8675929750315845
1790637201.6367636,1.4568319893442094
1790637201.6997461,55.364710977301
1790637201.7129178,62.52826802665368
1790637201.7160614,61.94803101243451
1790637201.7168093,54.42915897583589
1790637201.717613,65.07451995275915
1790637201.7226827,53.985538019333035
1790637201.7459261,61.57411599997431
1790637201.7617593,71.39726803870872
1790637201.7624242,78.74723698478192
1790637201.7636092,65.00416697235778
1790637201.7643604,50.376483995933086
1790637201.7648504,39.30003196001053
1790637201.7651849,38.74275996349752
1790637201.7653012,31.813220994081348
1790637201.7654266,30.742733972147107
1790637201.7662344,17.763825017027557
1790637201.7664638,14.511235989630222
1790637201.7667577,14.253139030188322
1790637201.778301,1.5308859874494374
1790637201.7947986,2.0183069864287972
1790637201.7997835,1.3541930238716304
1790637201.8244758,2.2118689958006144
1790637201.858822,2.894870995078236
1790637201.8589995,4.057511978317052
1790637201.8598466,1.938472967594862
1790637201.8853366,26.262525003403425
1790637201.9119763,1.823086990043521
1790637201.9206235,2.049458969850093
1790637201.9262676,1.881648029666394
1790637201.9267693,1.4001060044392943
1790637201.9389222,1.6693199868313968
1790637201.955828,1.6970590222626925
1790637201.9678373,1.804111001547426
1790637201.9699092,1.5089750522747636
1790637201.9962187,17.50351901864633
1790637202.0027184,30.12341196881607
1790637202.002905,19.392300979234278
1790637202.003469,18.912717991042882
1790637202.0042076,7.094020023941994
1790637202.004293,14.241065015085042
1790637202.0180821,1.5574470162391663
1790637202.042165,1.8039899878203869
1790637202.0526495,1.7537259845994413
1790637202.0773842,1.7600910505279899
1790637202.1073074,2.150698972400278
1790637202.1304562,24.507622001692653
1790637202.1308112,5.687001976184547
1790637202.1577704,25.440014025662094
1790637202.1583943,22.68969197757542
1790637202.1585495,27.683962020091712
1790637202.1593373,18.57098302571103
1790637202.1594698,20.188972004689276
1790637202.1595294,7.362298027146608
1790637202.161695,1.482246967498213
1790637202.1699808,1.4699200401082635
1790637202.1830122,2.138479962013662
1790637202.240355,18.194672011304647
1790637202.2421758,15.178881003521383
1790637202.2425487,25.33612196566537
1790637202.242871,4.752334032673389
1790637202.2500463,1.7772300052456558
1790637202.2567482,1.8040380091406405
1790637202.2946758,1.8681290093809366
1790637202.2963796,1.296692993491888
1790637202.3191633,8.69066099403426
1790637202.3194416,21.59605798078701
1790637202.348663,14.9908650200814
1790637202.3487487,23.97943497635424
1790637202.3541794,2.1174190333113074
1790637202.3674605,2.171288011595607
1790637202.3716843,1.7599230050109327
1790637202.377392,1.6593170003034174
1790637202.383885,1.6924759838730097
1790637202.410817,26.879728015046567
1790637202.4109042,15.13418200192973
1790637202.41347,1.5816360246390104
1790637202.415404,1.3713579974137247
1790637202.4285243,1.7056880169548094
1790637202.4289901,1.4780329656787217
1790637202.435509,2.0910019520670176
1790637202.440839,1.9485949887894094
1790637202.44097,2.6684629847295582
1790637202.4623015,1.838380005210638
1790637202.4851253,21.9764820067212
1790637202.488013,25.567717966623604
1790637202.521579,21.587068971712142
1790637202.5226557,18.42912402935326
1790637202.5227697,24.597548006568104
1790637202.5235345,16.662917973008007
1790637202.5235984,14.908626966644078
1790637202.5444982,3.5415380261838436
1790637202.5450518,3.4123120130971074
1790637202.5451345,3.6314320168457925
1790637202.5678625,1.8039920250885189
1790637202.5717623,1.7143930308520794
1790637202.575198,1.225735992193222
1790637202.589612,1.7339609912596643
1790637202.591936,1.3030070113018155
1790637202.6061926,1.5654709422960877
1790637202.6170602,1.7623140010982752
1790637202.6201515,1.688470016233623
1790637202.6363897,1.5792459598742425
1790637202.6950457,14.149650000035763
1790637202.6955085,8.971449045930058
1790637202.695978,26.116397988516837
1790637202.6960616,4.557772015687078
1790637202.7614272,49.850159033667296
1790637202.761877,31.818344024941325
1790637202.7620964,49.62954402435571
1790637202.7621958,40.71779199875891
1790637202.762317,39.95036397827789
1790637202.7640834,4.679392033722252
1790637202.7642431,13.247056980617344
1790637202.7927194,23.686229018494487
1790637202.7956853,34.23872700659558
1790637202.800689,1.5990409883670509
1790637202.8317158,16.569149040151387
1790637202.8318636,1076.8336879555136
1790637202.8319318,22.990579018369317
1790637202.855468,2.1492239902727306
1790637202.8603988,1.505637017544359
1790637202.8626466,1.3298019766807556
1790637202.8880136,23.579357948619872
1790637202.8899007,21.22984896413982
1790637202.8900702,5.769578041508794
1790637202.8901453,20.942865987308323
1790637202.8907046,1.7141640419140458
1790637202.897814,1.2911090161651373
1790637202.940812,24.465761031024158
1790637202.9418533,13.759161985944957
1790637202.9427106,12.429351976606995
1790637202.943358,10.89652004884556
1790637202.9434385,7.252371986396611
1790637202.9491832,1.9371790112927556
1790637202.9572132,1.63219403475523
1790637202.9621425,1.4348149998113513
1790637203.0007086,2.3182829609140754
1790637203.0510614,22.341422038152814
1790637203.0522006,8.336361031979322
1790637203.0529346,28.636398958042264
1790637203.0537302,7.810572977177799
1790637203.0537975,3.7168660201132298
1790637203.0541568,1.9464219803921878
1790637203.0588572,1.2530219973996282
1790637203.0659006,1.655255036894232
1790637203.0856495,2.06346798222512
1790637203.0857115,2.7004339499399066
1790637203.1155572,14.742271974682808
1790637203.116354,24.626375001389533
1790637203.1166196,12.63647002633661
1790637203.1166735,10.704185988288373
1790637203.1238565,1.6966009861789644
1790637203.141945,2.099720004480332
1790637203.1438677,1.3461350463330746
1790637203.145797,1.196842989884317
1790637203.1616118,1.9130869768559933
1790637203.1665719,1.4566819882020354
1790637203.1693058,1.8727610004134476
1790637203.1701148,1.9306819885969162
1790637203.201093,1.9603780237957835
1790637203.2042341,1.3881580089218915
1790637203.2228227,1.8017360125668347
1790637203.227999,2.810070989653468
1790637203.2282212,2.419931988697499
1790637203.2344482,3.142399014905095
1790637203.234897,3.147813957184553
1790637203.2353501,2.058083948213607
1790637203.2491515,1.7494530184194446
1790637203.2509868,1.2992999982088804
1790637203.2535505,1.1351430439390242
1790637203.2725153,1.6745709581300616
1790637203.2845778,1.896624977234751
1790637203.2915802,2.8039939934387803
1790637203.321995,3.1239179661497474
1790637203.3271344,1.4964829897508025
1790637203.3313968,1.3129119761288166
1790637203.3375914,1.4051019679754972
1790637203.3512125,2.2890580003149807
1790637203.3528097,1.2171249836683273
1790637203.3637831,1.6294129891321063
1790637203.3901412,2.481143979821354
1790637203.3926744,1.5290899900719523
1790637203.3927712,2.2220039973035455
1790637203.3959863,1.9845250062644482
1790637203.3984163,1.1843829997815192
1790637203.406646,1.6487340326420963
1790637203.4130507,1.9738420378416777
1790637203.429916,2.106636995449662
1790637203.434405,1.8325349665246904
1790637203.44996,1.6393840196542442
1790637203.4517555,1.2497430434450507
1790637203.4564927,1.5924680046737194
1790637203.46492,3.2129290048033
1790637203.4658408,3.0687599792145193
1790637203.4748068,2.0804409869015217
1790637203.475516,1.7917550285346806
1790637203.510588,1.8994099809788167
1790637203.516255,1.7552250064909458
1790637203.5420556,12.382408021949232
1790637203.5421329,22.443623980507255
1790637203.5660646,3.27007396845147
1790637203.5672672,2.343285013921559
1790637203.5711908,1.466221990995109
1790637203.5783577,1.565793005283922
1790637203.587203,1.4766850508749485
1790637203.6046064,2.3806230165064335
1790637203.6238923,1.772160001564771
1790637203.6340225,1.3632559566758573
1790637203.6518607,2.7484640013426542
1790637203.6542861,2.4125270429067314
1790637203.667838,1.8879069830290973
1790637203.6932724,21.54953096760437
1790637203.6935823,22.694715997204185
1790637203.694168,18.056851986330003
1790637203.7043884,22.449304990004748
1790637203.730116,46.05452896794304
1790637203.7354133,33.49575703032315
1790637203.738204,14.525060018058866
1790637203.738853,9.789060975890607
1790637203.739153,50.061876012478024
1790637203.739226,4.448004998266697
1790637203.7433968,1.5451860381290317
1790637203.7507885,1.3742320006713271
1790637203.755389,1.35809404309839
1790637203.7602088,1.4743019710294902
1790637203.7761307,1.9128010026179254
1790637203.7766242,1.455821970012039
1790637203.7808628,1.1548300390131772
1790637203.8323715,23.26075197197497
1790637203.8350773,1.5556159778498113
1790637203.8359172,1.5439970302395523
1790637203.8474412,1.8217000178992748
1790637203.853803,1.3620469835586846
1790637203.85968,1.8200490158051252
1790637203.8679671,1.4676820137538016
1790637203.8717582,1.6629479941911995
1790637203.8722336,1.613474974874407
1790637203.892666,2.0685269846580923
1790637203.8986552,1.5548599767498672
1790637203.925611,3.846091974992305
1790637203.9288795,3.735512960702181
1790637203.9292986,5.849355016835034
1790637203.929705,3.6575490375980735
1790637203.9560916,2.6432460290379822
1790637203.9643667,1.534226001240313
1790637203.972133,1.7242020112462342
1790637203.976739,1.29911198746413
1790637203.9806328,1.2143499916419387
1790637203.9857671,4.718918993603438
1790637203.9860446,3.4075150033459067
1790637204.013423,2.5002670008689165
1790637204.0144584,2.0669810473918915
1790637204.0165727,1.3493520091287792
1790637204.0210593,2.1130500244908035
1790637204.0297906,2.27319699479267
1790637204.0657508,23.84713396895677
1790637204.0658333,9.739690984133631
1790637204.0780818,2.510887978132814
1790637204.0781755,3.1785769970156252
1790637204.0975747,13.01654102280736
1790637204.113867,26.015851995907724
1790637204.1254876,40.014061029069126
1790637204.1310704,23.382949992083013
1790637204.1342602,22.077438014093786
1790637204.1343467,37.979357002768666
1790637204.1393638,1.5923749888315797
1790637204.1510665,1.993513957131654
1790637204.161786,2.130906970705837
1790637204.1627219,1.7489190213382244
1790637204.1795828,2.1919910213910043
1790637204.2134523,1.9016669830307364
1790637204.2231562,1.8572070403024554
1790637204.2593534,9.692927007563412
1790637204.2609303,6.826969038229436
1790637204.2685049,1.9014709978364408
1790637204.2855597,2.927315013948828
1790637204.2889535,2.0865900442004204
1790637204.3075054,6.752721033990383
1790637204.307579,5.677700974047184
1790637204.3110564,1.2464080355130136
1790637204.3481095,17.899747006595135
1790637204.3550167,25.63521603588015
1790637204.3551855,12.23282900173217
1790637204.3557053,11.40339398989454
1790637204.3560028,4.092375049367547
1790637204.3628902,1.459561986848712
1790637204.366162,1.7310850089415908
1790637204.3667018,1.3053839793428779
1790637204.3678198,1.1096119997091591
1790637204.4021459,8.471717010252178
1790637204.4027572,23.42204505112022
1790637204.4028232,6.979701982345432
1790637204.4120586,1.6326909535564482
1790637204.4163172,1.2948630028404295
1790637204.4576776,16.725233988836408
1790637204.4577568,23.101845989003778
1790637204.4580128,13.997287955135107
1790637204.4599001,1.1743089999072254
1790637204.4619625,1.3060549972578883
1790637204.4746714,1.9505020463839173
1790637204.4861615,1.701432978734374
1790637204.48978,1.355355023406446
1790637204.4910338,1.1666929931379855
1790637204.5128372,3.301226010080427
1790637204.5129132,2.2954599699005485
1790637204.5516093,34.33133999351412
1790637204.5645204,33.660969987977296
1790637204.5658348,28.046613035257906
1790637204.566237,34.736162051558495
1790637204.5665371,21.134358015842736
1790637204.5672524,7.542392006143928
1790637204.5673194,14.69570299377665
1790637204.568125,1.4483259874396026
1790637204.5857532,2.4388980236835778
1790637204.6090596,21.787195990327746
1790637204.6139112,1.6296320245601237
1790637204.6174622,1.7705070204101503
1790637204.626721,2.18744802987203
1790637204.6267807,2.8064040234312415
1790637204.64138,3.311038017272949
1790637204.642331,2.1091249655000865
1790637204.642396,4.495433997362852
1790637204.6424665,3.2765360083431005
1790637204.6760151,3.7014710251241922
1790637204.677324,2.568380965385586
1790637204.6823432,1.3292860239744186
1790637204.7061822,2.2271249908953905
1790637204.71031,1.7416229820810258
1790637204.710769,1.2965110363438725
1790637204.7369328,3.037402988411486
1790637204.751327,1.915415981784463
1790637204.755293,1.4053269987925887
1790637204.7721455,1.9203569972887635
1790637204.7822373,4.703682032413781
1790637204.7828124,3.9416109793819487
1790637204.8043828,2.538150001782924
1790637204.804696,4.081872990354896
1790637204.8048034,4.380619968287647
1790637204.8071458,1.135560974944383
1790637204.8207588,1.5611880226060748
1790637204.8303902,1.8023709999397397
1790637204.83961,2.3500649840570986
1790637204.8410444,1.4134399825707078
1790637204.8425055,1.4529009931720793
1790637204.8667183,1.7286100191995502
1790637204.8997762,3.065503027755767
1790637204.916896,3.3039480331353843
1790637204.9204798,1.7517509986646473
1790637204.9429197,21.32740104570985
1790637204.9438343,22.97078398987651
1790637204.9442513,16.001234005670995
1790637204.9449556,16.079919005278498
1790637204.94503,14.903637988027185
1790637204.9659674,35.065705014858395
1790637204.9661386,27.228860999457538
1790637204.9665895,11.587296961806715
1790637204.9675162,1.3681079726666212
1790637204.9775262,1.6047019744291902
1790637204.9837804,1.5277030179277062
1790637204.995207,1.9196729990653694
1790637204.9974704,1.2589070247486234
1790637205.0269685,11.238384002353996
1790637205.0270588,23.18942197598517
1790637205.0339582,1.8803089624270797
1790637205.0348885,1.9267669995315373
1790637205.0379107,1.4410160365514457
1790637205.0798378,22.696147963870317
1790637205.0801065,20.2225599787198
1790637205.0801618,2.410379995126277
1790637205.1168842,14.831648033577949
1790637205.1251245,23.85290601523593
1790637205.1261961,21.981681988108903
1790637205.126296,27.140640013385564
1790637205.127058,15.707923041190952
1790637205.1325982,14.839536044746637
1790637205.1384928,18.863726989366114
1790637205.150085,22.235797019675374
1790637205.1509469,3.8598329992964864
1790637205.1511075,20.724769041407853
1790637205.1512084,27.433051029220223
1790637205.1517344,2.248862001579255
1790637205.186659,3.203818982001394
1790637205.18718,2.582285029347986
1790637205.1872373,3.162243985570967
1790637205.2192326,1.8106760107912123
1790637205.2403445,1.7064150306396186
1790637205.26319,2.6790170231834054
1790637205.2633362,3.5997870145365596
1790637205.2670834,1.8595669534988701
1790637205.268289,2.138571988325566
1790637205.2743344,1.6323680174537003
1790637205.3269036,14.981187996454537
1790637205.3279524,26.60166402347386
1790637205.328307,14.879580005072057
1790637205.3284059,17.01632497133687
1790637205.3544683,21.986166015267372
1790637205.3548298,13.094624038785696
1790637205.3549302,20.236301992554218
1790637205.3586988,1.2674580211751163
1790637205.360871,1.222080027218908
1790637205.3681955,1.369660021737218
1790637205.3717031,1.3119620271027088
1790637205.3955557,10.839979979209602
1790637205.397029,23.781249998137355
1790637205.3972862,6.080919993110001
1790637205.397349,5.661242001224309
1790637205.4054718,1.3332560192793608
1790637205.4139533,2.0594120142050087
1790637205.425299,1.56691501615569
1790637205.4466279,1.6423070337623358
1790637205.4533699,1.8576100119389594
1790637205.4673395,1.8769609741866589
1790637205.4779081,2.880990970879793
1790637205.4788458,1.9014050485566258
1790637205.4791052,2.7391499606892467
1790637205.4826932,3.484301967546344
1790637205.4828217,2.744666999205947
1790637205.4829013,2.339004015084356
1790637205.485953,1.3659140095114708
1790637205.5085843,20.76072001364082
1790637205.515109,1.426094037014991
1790637205.5739055,24.53033800702542
1790637205.574129,26.474462007172406
1790637205.5744655,9.889631997793913
1790637205.576156,5.576891009695828
1790637205.5763943,4.726626037154347
1790637205.5764918,4.118943004868925
1790637205.5805914,3.9533679955638945
1790637205.5807016,3.9444880094379187
1790637205.580764,2.7467519976198673
1790637205.5974302,1.7249929951503873
1790637205.5999722,1.9382259924896061
1790637205.605744,1.895215013064444
1790637205.6115382,1.478318008594215
1790637205.6148577,1.6074899467639625
1790637205.6178093,1.361376023851335
1790637205.646676,17.363861028570682
1790637205.6467578,21.795637032482773
1790637205.6507215,1.3484610244631767
1790637205.6861353,14.790413959417492
1790637205.6861987,20.405690011102706
1790637205.710743,47.377337992656976
1790637205.7111492,28.356725990306586
1790637205.7118268,27.446947991847992
1790637205.7122643,22.5301850005053
1790637205.7123747,4.825492040254176
1790637205.7124314,3.055150038562715
1790637205.7233567,2.292779041454196
1790637205.7243152,1.921703980769962
1790637205.724763,1.3089220155961812
1790637205.7410047,1.5782149857841432
1790637205.7725897,2.3686810163781047
1790637205.7887385,3.397741005755961
1790637205.8049011,8.727894979529083
1790637205.8053353,8.045497990678996
1790637205.8102818,2.7224989607930183
1790637205.8103478,3.410291043110192
1790637205.8118522,1.1680859606713057
1790637205.8182514,1.2259769719094038
1790637205.8404024,2.1350180031731725
1790637205.8516712,1.9492210121825337
1790637205.860494,1.6808219952508807
1790637205.8707833,4.243039002176374
1790637205.8734841,3.942637995351106
1790637205.8743417,6.6314260475337505
1790637205.9030046,15.040465979836881
1790637205.903507,21.90706500550732
1790637205.9043372,1.9369960064068437
1790637205.912284,1.6447899979539216
1790637205.9203045,1.6079030465334654
1790637205.9470952,3.5381069756112993
1790637205.9475796,1.3140469673089683
1790637205.9743948,2.152810979168862
1790637205.9957147,1.7551819910295308
1790637206.0048652,2.0599199924618006
1790637206.027235,13.642644975334406
1790637206.0351667,14.624269038904458
1790637206.0352721,20.536383031867445
1790637206.0356712,25.982720020692796
1790637206.0357354,13.152819010429084
1790637206.0386515,1.190651033539325
1790637206.04159,1.4266549842432141
1790637206.0426853,1.086917007341981
1790637206.0590785,1.825676008593291
1790637206.0599132,1.6310010105371475
1790637206.088305,23.211918014567345
1790637206.0892804,4.6439950237981975
1790637206.0893376,1.8843869911506772
1790637206.0999243,1.6449540271423757
1790637206.1187322,1.9169370061717927
1790637206.129979,1.7021800158545375
1790637206.1409383,1.6652190242893994
1790637206.1432116,1.5000859857536852
1790637206.170591,4.582056018989533
1790637206.1706886,3.6483380245044827
1790637206.17588,1.8421020358800888
1790637206.181951,1.2750240275636315
1790637206.193097,1.4759029727429152
1790637206.2422705,22.656505985651165
1790637206.2429466,18.876936985179782
1790637206.243733,7.378306007012725
1790637206.2441287,23.63835700089112
1790637206.244219,3.3936109975911677
1790637206.2588272,1.816438976675272
1790637206.2762964,1.7268299707211554
1790637206.3039663,2.1360049722716212
1790637206.3078158,1.365586998872459
1790637206.323911,4.977862990926951
1790637206.340267,2.1458230330608785
1790637206.3485835,2.592755015939474
1790637206.3578677,1.7263700137846172
1790637206.3579395,2.4527250207029283
1790637206.3751545,1.757107034791261
1790637206.3815334,1.7688319785520434
1790637206.396068,1.866332022473216
1790637206.4140983,5.819332029204816
1790637206.4224575,4.75478800944984
1790637206.4225988,3.782821004278958
1790637206.4337857,2.270734985359013
1790637206.4530427,2.126274979673326
1790637206.4798732,2.6582390419207513
1790637206.4861596,3.493733995128423
1790637206.4865787,4.850676981732249
1790637206.4920287,1.5195499872788787
1790637206.4996145,1.9867749651893973
1790637206.509505,1.6165809938684106
1790637206.5263882,2.2309970227070153
1790637206.5359643,2.003653033170849
1790637206.5426488,2.1049620117992163
1790637206.5613925,2.5933010037988424
1790637206.5850248,3.022952994797379
1790637206.5890605,2.314874029252678
1790637206.5934315,1.3718439731746912
1790637206.5955708,1.4748339890502393
1790637206.60754,1.4998340047895908
1790637206.6187322,2.1639600163325667
1790637206.6245484,2.564656955655664
1790637206.6271372,1.2486209743656218
1790637206.6311831,1.2047000345773995
1790637206.635478,2.5140889920294285
1790637206.6667228,2.2792420350015163
1790637206.6830842,2.8519569896161556
1790637206.683612,2.1554380073212087
1790637206.6902,1.51575799100101
1790637206.7156868,23.55907898163423
1790637206.715777,12.634640967007726
1790637206.7162113,23.664462962187827
1790637206.717074,2.135968010406941
1790637206.7314823,2.182625001296401
1790637206.7315428,2.857204992324114
1790637206.7320714,1.6416299622505903
1790637206.7415872,1.8324590055271983
1790637206.7430267,1.221815007738769
1790637206.7461727,2.172752982005477
1790637206.7469482,2.500130038242787
1790637206.7470107,1.9175320048816502
1790637206.7598023,1.4309249818325043
1790637206.7766466,1.6431929543614388
1790637206.7904077,1.9126049592159688
1790637206.7981691,1.7684469930827618
1790637206.8004653,1.5950549859553576
1790637206.819026,1.8008089973591268
1790637206.8213491,1.2924039619974792
1790637206.8381355,2.7041679713875055
1790637206.8383105,2.1827580058015883
1790637206.838763,2.0379340276122093
1790637206.8460402,1.5870410134084523
1790637206.869573,10.961933003272861
1790637206.8696535,22.5464430404827
1790637206.8756886,1.5576410223729908
1790637206.8792782,1.6854340210556984
1790637206.8932574,2.32710997806862
1790637206.9072185,1.4739750185981393
1790637206.9127133,1.5742639661766589
1790637206.921481,2.2816070122644305
1790637206.9284484,1.4762759674340487
1790637206.945447,1.652969978749752
1790637206.9558234,1.568936975672841
1790637206.9619818,1.5655740280635655
1790637206.9648473,1.5727930003777146
1790637206.9666593,1.4274619752541184
1790637207.0197241,22.4473659764044
1790637207.0300784,1.6759760328568518
1790637207.0629144,1.9623039988800883
1790637207.0629907,2.9416540055535734
1790637207.08974,1.9074389711022377
1790637207.1106312,1.7603419837541878
1790637207.116864,1.4158039703033864
1790637207.123099,1.3971019652672112
1790637207.130635,1.6695020021870732
1790637207.144331,1.975203980691731
1790637207.1646397,1.9261700217612088
1790637207.1765814,2.0035579800605774
1790637207.1859534,1.5925519983284175
1790637207.1947978,2.3649969953112304
1790637207.1992695,1.6273760120384395
1790637207.212465,1.8878940027207136
1790637207.2201664,1.7848809948191047
1790637207.2337027,2.1840979461558163
1790637207.2344337,2.3842600057832897
1790637207.2629719,1.7730789841152728
1790637207.275059,2.321541018318385
1790637207.2888937,2.6650119689293206
1790637207.2889712,2.035857003647834
1790637207.2957268,1.501119986642152
1790637207.3056138,1.6908179968595505
1790637207.3180952,2.970057015772909
1790637207.318165,2.4299450451508164
1790637207.3259346,1.5429410268552601
1790637207.3310242,1.988250995054841
1790637207.3527331,18.36385199567303
1790637207.3533564,23.05946999695152
1790637207.3789876,21.2883289786987
1790637207.379179,25.59196500806138
1790637207.3793187,5.592069996055216
1790637207.3845184,1.8601379706524312
1790637207.386333,1.373587001580745
1790637207.3956988,1.7589459894225001
1790637207.4044087,1.9057899480685592
1790637207.4069412,1.5231069992296398
1790637207.4120743,1.8278569914400578
1790637207.4158552,1.8882540171034634
1790637207.417897,1.385323004797101
1790637207.4518416,7.350910978857428
1790637207.4520378,25.05140600260347
1790637207.4564211,1.2832889915443957
1790637207.4716349,1.5250860014930367
1790637207.4897277,1.713463047053665
1790637207.4931705,1.4738590107299387
1790637207.5022986,1.580513024237007
1790637207.515342,2.152223023585975
1790637207.515893,1.3207640149630606
1790637207.5177672,1.2699709623120725
1790637207.549669,2.689441025722772
1790637207.550615,2.6903689722530544
1790637207.5823455,2.921139996033162
1790637207.5895915,2.403699967544526
1790637207.627087,2.2084600059315562
1790637207.658202,24.321831995621324
1790637207.6583314,16.370525991078466
1790637207.658389,14.453224022872746
1790637207.6621358,1.3449600082822144
1790637207.6719146,1.4354209997691214
1790637207.6757421,2.2421329631470144
1790637207.6798627,1.5909299836494029
1790637207.6853895,2.288367017172277
1790637207.6869888,1.575428992509842
1790637207.6878223,1.5277950442396104
1790637207.6917737,1.7861879896372557
1790637207.7056944,1.9340269500389695
1790637207.7088878,1.493607007432729
1790637207.7150767,1.79238902637735
1790637207.7164445,1.35700503597036
1790637207.7208276,1.4586549950763583
1790637207.7247658,1.6098360065370798
1790637207.7252302,1.3612750335596502
1790637207.748461,1.7930790199898183
1790637207.766848,2.8303780127316713
1790637207.8145883,4.4135949574410915
1790637207.8489337,25.527067948132753
1790637207.84936,28.259786951821297
1790637207.849645,18.90741300303489
1790637207.849812,12.43098103441298
1790637207.8500617,12.16824201401323
1790637207.8756373,1.697539002634585
1790637207.8767934,1.1465820134617388
1790637207.9087894,22.28523703524843
1790637207.9204934,2.048399008344859
1790637207.9241986,1.5220739878714085
1790637207.9354002,1.947444980032742
1790637207.936178,2.0283720223233104
1790637207.9503877,1.8061519949696958
1790637208.0038385,22.141028952319175
1790637208.0046048,12.665788002777845
1790637208.0050051,23.922760039567947
1790637208.0050626,12.103582033887506
1790637208.0065217,1.1358240153640509
1790637208.0258622,3.2065739505924284
1790637208.0260224,4.27033199230209
1790637208.0351627,1.9067259854637086
1790637208.0721536,19.12180398358032
1790637208.0778909,23.872706049587578
1790637208.0945766,56.96384800830856
1790637208.0957668,17.72476499900222
1790637208.095848,33.84708100929856
1790637208.0959468,41.14115296397358
1790637208.0964236,2.860678010620177
1790637208.1098356,2.3859870270825922
1790637208.117888,1.9790210062637925
1790637208.122323,1.7656020354479551
1790637208.122882,1.449930015951395
1790637208.145043,2.550568024162203
1790637208.1489623,2.3707360378466547
1790637208.1635382,1.754489028826356
1790637208.1873474,4.2098420090042055
1790637208.1874256,21.33196801878512
1790637208.2078953,1.7873929464258254
1790637208.2106926,1.8377749947831035
1790637208.2107692,2.465360041242093
1790637208.2116082,1.909065991640091
1790637208.2120154,1.1657010181806982
1790637208.2156901,1.2193149887025356
1790637208.22178,1.5762880211696029
1790637208.2248669,2.0816440228372812
1790637208.2256389,1.6448810347355902
1790637208.2496347,1.7485750140622258
1790637208.2693207,1.9681850099004805
1790637208.276154,2.3499710368923843
1790637208.2808363,1.4519140240736306
1790637208.3006966,1.7262239707633853
1790637208.3335378,2.1069379872642457
1790637208.355978,23.379654972814023
1790637208.3668103,1.6704589943401515
1790637208.3784103,1.747720001731068
1790637208.3846674,2.0115309744141996
1790637208.3882742,1.2880570138804615
1790637208.400408,1.684956019744277
1790637208.4078066,2.0476249628700316
1790637208.4083169,1.3697860413230956
1790637208.4364064,1.9078259938396513
1790637208.446405,1.5449770144186914
1790637208.4928014,24.72879900597036
1790637208.4937968,17.582325031980872
1790637208.4939885,11.784903006628156
1790637208.4943058,17.427904007490724
1790637208.4943883,11.29522902192548
1790637208.4946458,6.05847203405574
1790637208.517556,1.6671899938955903
1790637208.5232677,1.4660570304840803
1790637208.5321615,1.8710829899646342
1790637208.5407693,1.6352109960280359
1790637208.5637245,12.43536698166281
1790637208.5747652,21.837166976183653
1790637208.5765624,17.910406982991844
1790637208.5773222,26.641848031431437
1790637208.5774262,4.66679799137637
1790637208.5774877,7.804025954101235
1790637208.5878966,1.6970059950836003
1790637208.6029205,1.7767419922165573
1790637208.6033614,1.583650999236852
1790637208.6119,1.9982460071332753
1790637208.6175878,1.6320039867423475
1790637208.6345067,1.73958798404783
1790637208.6480513,1.8070139922201633
1790637208.650183,1.4718439779244363
1790637208.656151,1.5100640011951327
1790637208.658476,1.1459380039013922
1790637208.6608222,1.183672051411122
1790637208.6717453,2.040184976067394
1790637208.6724522,1.6682190471328795
1790637208.6765883,1.5029499772936106
1790637208.6796691,1.3760750298388302
1790637208.681962,1.5032889787107706
1790637208.6869268,1.7940880497917533
1790637208.718467,1.6805320046842098
1790637208.722902,1.418875006493181
1790637208.7279272,1.3191290199756622
1790637208.7559054,1.6271450440399349
1790637208.7692604,1.8201079801656306
1790637208.7693202,2.5210289750248194
1790637208.804081,6.794445973355323
1790637208.8215892,24.85580398933962
1790637208.8217509,6.525877979584038
1790637208.8218584,15.718801005277783
1790637208.8583255,17.908965004608035
1790637208.8612077,14.485994994174689
1790637208.861319,28.654447000008076
1790637208.8615818,13.40379600878805
1790637208.8687847,1.7228779615834355
1790637208.8750844,1.9943809602409601
1790637208.898273,23.99022300960496
1790637208.8991177,14.196009025909007
1790637208.8992093,16.72975899418816
1790637208.8997486,7.699160021729767
1790637208.8998482,13.60333402408287
1790637208.9121056,1.6002189950086176
1790637208.918285,2.0656890119425952
1790637208.9189157,1.7230759840458632
1790637208.924346,1.6886800294741988
1790637208.941219,1.8246190156787634
1790637208.9455454,1.4927340089343488
1790637208.9633265,1.9038500031456351
1790637208.9652948,1.8192610004916787
1790637208.965824,1.2360599939711392
1790637208.9725914,1.5442269505001605
1790637208.9862003,1.7090350156649947
1790637208.9867475,1.4758569886907935
1790637208.9879282,1.053554005920887
1790637209.0017247,1.764778047800064
1790637209.0194712,1.8314209883101285
1790637209.0297966,1.6353580285795033
1790637209.040756,2.522793016396463
1790637209.0707004,2.2466970258392394
1790637209.073249,2.1890169591642916
1790637209.0744722,2.1515029948204756
1790637209.0888298,2.235484018456191
1790637209.1130867,2.0491699688136578
1790637209.1251261,2.097752003464848
1790637209.126837,1.6970119904726744
1790637209.1614692,2.2367159835994244
1790637209.1802363,2.490026003215462
1790637209.1819866,1.7372380243614316
1790637209.1921608,2.791671024169773
1790637209.1922674,3.7033369881100953
1790637209.1994271,2.198561036493629
1790637209.2058127,2.2507369867525995
1790637209.213867,3.008715983014554
1790637209.2153668,3.8143969723023474
1790637209.222334,8.263126946985722
1790637209.233047,18.48698896355927
1790637209.24285,29.96645198436454
1790637209.2437768,13.651828980073333
1790637209.267359,22.897919989190996
1790637209.2689188,19.262826011981815
1790637209.2695184,10.643182031344622
1790637209.2696245,26.760707958601415
1790637209.2697265,9.715349006000906
1790637209.2700057,2.633536991197616
1790637209.2700593,3.960764966905117
1790637209.2954957,2.017944003455341
1790637209.3240535,23.00717303296551
1790637209.3593662,24.575704999733716
1790637209.3595204,13.531413045711815
1790637209.3605068,7.667953032068908
1790637209.3610075,7.540395017713308
1790637209.390469,24.405941017903388
1790637209.3905528,9.122189017944038
1790637209.39064,20.886811951640993
1790637209.3953629,1.4964269939810038
1790637209.402859,1.5008909977041185
1790637209.434654,2.8674890054389834
1790637209.434857,2.3336050217039883
1790637209.435341,2.1051299991086125
1790637209.4726365,9.92987200152129
1790637209.4730556,2.7222729986533523
1790637209.4732077,27.878433000296354
1790637209.4775217,1.4620369765907526
1790637209.4826207,1.29748199833557
1790637209.4880567,1.3444030191749334
1790637209.4912295,1.3192669721320271
1790637209.5201657,1.8819280085153878
1790637209.526142,1.5695880283601582
1790637209.5302649,1.5151759725995362
1790637209.5341053,2.1100440062582493
1790637209.5512743,2.252903999760747
1790637209.564509,1.7624559695832431
1790637209.570434,1.650501973927021
1790637209.5819118,1.6142000094987452
1790637209.6082191,1.7128209583461285
1790637209.6230462,1.705211994703859
1790637209.6254354,1.5334810013882816
1790637209.6283228,1.194940006826073
1790637209.6318216,2.2610800224356353
1790637209.6319149,1.796295982785523
1790637209.637695,1.3106900150887668
1790637209.6388025,1.0987509740516543
1790637209.6503015,1.8523209728300571
1790637209.672283,1.740024017635733
1790637209.6782637,2.2160160006023943
1790637209.680059,2.3784100194461644
1790637209.6810412,1.662644965108484
1790637209.6876307,1.2973329867236316
1790637209.7023258,1.7352909781038761
1790637209.7205067,1.8650469719432294
1790637209.7346919,2.004644018597901
1790637209.7368307,1.4645160408690572
1790637209.744455,1.7975100199691951
1790637209.7736456,22.605529986321926
1790637209.7812223,28.649889049120247
1790637209.7814746,19.363665021955967
1790637209.7819602,35.040100978221744
1790637209.7821321,24.872160982340574
1790637209.7979739,30.596051015891135
1790637209.8015985,26.44669497385621
1790637209.8023806,39.39578199060634
1790637209.8028977,3.479793027509004
1790637209.8030186,2.9688130016438663
1790637209.829246,18.803576997015625
1790637209.829401,24.65595700778067
1790637209.8295257,25.221927964594215
1790637209.8560905,2.1332339965738356
1790637209.8575547,1.4507680316455662
1790637209.8907354,1.8808510503731668
1790637209.8953972,1.7650869558565319
1790637209.9028685,2.166924998164177
1790637209.9095578,2.273675985634327
1790637209.9112358,2.431861008517444
1790637209.9120197,1.3210210017859936
1790637209.9201446,1.7166219768114388
1790637209.935271,3.179120016284287
1790637209.935349,2.296283026225865
1790637209.9508626,1.6818669973872602
1790637209.9526494,1.2705620029009879
1790637209.965371,2.063059015199542
1790637209.9666615,1.2789550237357616
1790637209.9708211,1.7022709944285452
1790637209.9734943,1.3320270227268338
1790637209.9782684,1.509934023488313
1790637210.002163,2.325757988728583
1790637210.0023286,3.0799939995631576
1790637210.0319512,23.10859999852255
1790637210.0324128,11.86413801042363
1790637210.032475,15.1001259800978
1790637210.0400326,1.6079999622888863
1790637210.0443847,1.31226796656847
1790637210.0560303,1.896294008474797
1790637210.0573475,1.4475660282187164
1790637210.0668168,1.595169014763087
1790637210.0752316,1.5182799543254077
1790637210.0935106,1.851675973739475
1790637210.1359634,1.766750996466726
1790637210.148319,2.018439001403749
1790637210.1504924,1.6522970399819314
1790637210.167553,1.7899820231832564
1790637210.1757658,1.8328250152990222
1790637210.1889362,1.6654389910399914
1790637210.1923745,2.181741001550108
1790637210.1928742,1.3597149518318474
1790637210.2104535,1.759722945280373
1790637210.2301028,2.330029965378344
1790637210.2307193,1.8743849941529334
1790637211.264505,1.8188580288551748
1790637211.2713392,1.7588760238140821
1790637211.2797213,1.984776055905968
1790637211.2798188,2.65805097296834
1790637211.2933178,1.7667090287432075
1790637211.3583786,46.73048004042357
1790637211.359281,49.74027303978801
1790637211.3603327,44.561031041666865
1790637211.3612788,47.89078299654648
1790637211.3637722,23.75346701592207
1790637211.3638916,17.57779298350215
1790637211.3640368,7.246242021210492
1790637211.3641882,15.95421100500971
1790637211.364269,30.640960962045938
1790637211.3643315,3.9883620338514447
1790637211.3650198,3.516527998726815
1790637211.3741176,1.655470987316221
1790637211.411032,33.02935400279239
1790637211.4251056,48.89507999178022
1790637211.425509,18.50270596332848
1790637211.42589,16.35736395837739
1790637211.426207,13.384133984800428
1790637211.4274673,13.354144990444183
1790637211.4275484,39.95468997163698
1790637211.4276083,8.584750990848988
1790637211.4529557,23.043534951284528
1790637211.4530783,9.612027963157743
1790637211.4532073,19.107088970486075
1790637211.4668152,1.664098002947867
1790637211.4726937,1.6557839699089527
1790637211.4733558,1.5141710173338652
1790637211.4750366,1.2402550200931728
1790637211.4836912,1.5337539953179657
1790637211.5120442,1.6784629551693797
1790637211.5735142,19.27344099385664
1790637211.5736008,22.70816103555262
1790637211.5761967,1.3121810043230653
1790637211.5806565,1.3454800355248153
1790637211.5893865,1.7046349821612239
1790637211.5925221,1.228239038027823
1790637211.5946395,1.2025189935229719
1790637211.6120424,1.7105989973060787
1790637211.6139402,1.3194990460760891
1790637211.6373641,1.9652239861898124
1790637211.6436028,2.144331985618919
1790637211.6487002,1.567772007547319
1790637211.6656857,2.040299994405359
1790637211.6773298,1.5712620224803686
1790637211.6851654,1.4410899602808058
1790637211.685962,1.6490219859406352
1790637211.6923463,1.850792032200843
1790637211.6937373,1.2328579905442894
1790637211.6954594,1.1764270020648837
1790637211.699587,2.61193496407941
1790637211.7234242,24.82996101025492
1790637211.7242074,12.849499005824327
1790637211.724531,5.295586015563458
1790637211.724719,26.78568399278447
1790637211.7248073,8.597137988545
1790637211.731893,1.5663049998693168
1790637211.736431,1.5084700426086783
1790637211.753117,1.6991260345093906
1790637211.7706704,1.7918790108524263
1790637211.8119347,2.124259015545249
1790637211.8195767,1.7287639784626663
1790637211.8376217,3.4521869965828955
1790637211.8376987,2.933337993454188
1790637211.8381493,1.7013250035233796
1790637211.84277,1.659547968301922
1790637211.8818378,20.115363993681967
1790637211.8819284,15.155353990849108
1790637211.8830109,26.841159036848694
1790637211.8840566,13.062966987490654
1790637211.8841362,13.744050986133516
1790637211.8842022,5.667833029292524
1790637211.8886104,1.5007519978098571
1790637211.896905,1.7281740438193083
1790637211.9453638,39.3496030010283
1790637211.945533,24.141250003594905
1790637211.9456215,43.876278039533645
1790637211.945735,23.765764955896884
1790637211.9571187,34.33100297115743
1790637211.968506,22.56655105156824
1790637211.9686325,21.257098007481545
1790637211.968684,28.706095996312797
1790637211.969476,2.3296800209209323
1790637211.969548,7.0871589705348015
1790637211.9999697,1.7627470078878105
1790637212.0183516,11.989116959739476
1790637212.0243044,8.400101971346885
1790637212.0341892,28.435183980036527
1790637212.0372965,1.7730940016917884
1790637212.0402925,1.399900997057557
1790637212.0577078,2.1224719821475446
1790637212.0626962,1.561302982736379
1790637212.071524,1.6561620286665857
1790637212.074251,1.6587020363658667
1790637212.0745966,1.4216200215741992
1790637212.0837228,1.5189569676294923
1790637212.086271,1.3351800153031945
1790637212.0919864,1.2915530242025852
1790637212.132704,1.8176070298068225
1790637212.1424222,2.146463026292622
1790637212.1487393,1.6519780037924647
1790637212.1548536,1.5553979901596904
1790637212.1636226,1.6598250367678702
1790637212.173305,1.7070220201276243
1790637212.1787431,1.5563560300506651
1790637212.2034366,3.276649978943169
1790637212.2035723,2.3768289829604328
1790637212.2249951,20.254443981684744
1790637212.2255905,23.140039993450046
1790637212.2257078,14.095493999775499
1790637212.2257798,19.671909976750612
1790637212.2308617,1.4146039611659944
1790637212.2521186,2.1410619956441224
1790637212.262259,1.8411179771646857
1790637212.2666676,1.3181159738451242
1790637212.275771,2.0657010027207434
1790637212.2761502,1.886283978819847
1790637212.2846155,1.7281429609283805
1790637212.2874525,1.273219007998705
1790637212.3672163,2.1401819540187716
1790637212.3732057,1.9604589906521142
1790637212.380495,1.8539110315032303
1790637212.3822381,1.7305020010098815
1790637212.3869245,1.6517439507879317
1790637212.3955014,1.737422018777579
1790637212.3955739,2.4651199928484857
1790637212.4017391,1.8427919712848961
1790637212.4026144,1.5239390195347369
1790637212.4085875,1.3841720065101981
1790637212.4148595,1.965899020433426
1790637212.415413,1.2852380168624222
1790637212.4171948,1.5142850461415946
1790637212.4294908,11.881243030074984
1790637212.4299822,11.811756994575262
1790637212.4507387,5.660157999955118
1790637212.4508805,34.40078999847174
1790637212.451286,2.253609010949731
1790637212.4704473,1.8860290292650461
1790637212.4773722,2.3867550189606845
1790637212.477439,1.9741050200536847
1790637212.486186,1.4872070169076324
1790637212.4979177,1.6714869998395443
1790637212.5060737,1.5814679791219532
1790637212.5065084,2.6153529761359096
1790637212.550678,22.738601022865623
1790637212.5929234,20.515031996183097
1790637212.5950685,24.707276024855673
1790637212.5951488,13.930849963799119
1790637212.6019654,1.667653035838157
1790637212.6246052,12.506694009061903
1790637212.6330605,16.852892003953457
1790637212.6331527,26.12306404625997
1790637212.6439776,1.8882110016420484
1790637212.645031,1.9266289891675115
1790637212.6464298,1.3856920413672924
1790637212.6493883,1.3997179921716452
1790637212.6601741,1.6298269620165229
1790637212.6672595,1.6375079867430031
1790637212.6724026,1.5846570022404194
1790637212.6837487,2.2165009868331254
1790637212.6841173,3.185924026183784
1790637212.6892455,1.65448896586895
1790637212.7041569,1.7219139845110476
1790637212.7056115,1.4410699950531125
1790637212.7172732,2.6638780254870653
1790637212.7182882,2.136046008672565
1790637212.7196789,1.3814110425300896
1790637212.7398427,2.241081965621561
1790637212.7403047,2.1351479808799922
1790637212.771131,21.663525025360286
1790637212.77121,16.298760951031
1790637212.775889,2.0554789807647467
1790637212.780037,1.8934030085802078
1790637212.7816236,2.4352900218218565
1790637212.7825623,1.8055239925161004
1790637212.799517,1.9649830064736307
1790637212.8310347,18.658009998034686
1790637212.8335006,25.05636401474476
1790637212.872392,2.0205419859848917
1790637212.8753579,1.4651649980805814
1790637212.878325,1.368397963233292
1790637212.9116037,3.3149640075862408
1790637212.9126549,1.6988400020636618
1790637212.923347,2.1746059646829963
1790637212.9334157,2.2838490549474955
1790637212.9429042,2.3908860166557133
1790637212.9541376,2.1544889896176755
1790637212.9706137,2.182575990445912
1790637212.972666,1.302293036133051
1790637212.995095,1.6965449904091656
1790637213.006666,1.8626520177349448
1790637213.0181785,1.8342469702474773
1790637213.0195308,1.3417070149444044
1790637213.0370476,2.355897973757237
1790637213.037954,1.4736850280314684
1790637213.0423546,1.4844330144114792
1790637213.0446384,1.5623210347257555
1790637213.0688972,2.4061170406639576
1790637213.091792,2.9695460107177496
1790637213.0918815,2.0406589610502124
1790637213.1078577,2.753702981863171
1790637213.156843,1.988055999390781
1790637213.168151,1.825626997742802
1790637213.1709614,1.2988109956495464
1790637213.1822758,1.7360770143568516
1790637213.2005944,2.082924998831004
1790637213.2037647,1.4962959685362875
1790637213.2104714,2.0252170506864786
1790637213.2116444,2.1482420270331204
1790637213.2171562,1.804076018743217
1790637213.217237,2.836713974829763
1790637213.2230043,1.5764639829285443
1790637213.2260973,1.4187950291670859
1790637213.2708154,23.239530972205102
1790637213.3007321,1.774071017280221
1790637213.3112693,2.5417329743504524
1790637213.3116052,2.3142839781939983
1790637213.3357892,1.8723789835348725
1790637213.3421447,1.5195499872788787
1790637213.349873,1.695309008937329
1790637213.365982,1.863473968114704
1790637213.3805985,1.6081169596873224
1790637213.3838212,1.4535230002366006
1790637213.388518,1.3692869688384235
1790637213.3909364,1.4766320236958563
1790637213.3963833,1.6740969731472433
1790637213.3992248,1.4688450028188527
1790637213.4085891,2.344932989217341
1790637213.4095004,2.161930955480784
1790637213.4250915,1.7853210447356105
1790637213.4452658,2.1192299900576472
1790637213.4461527,1.9054400036111474
1790637213.451627,2.021624008193612
1790637213.4519176,1.889605016913265
1790637213.4698594,2.3124419967643917
1790637213.4811952,3.181706997565925
1790637213.4817302,3.7971310084685683
1790637213.4817905,2.571490011177957
1790637213.4949453,1.5738190268166363
1790637213.5079598,1.9096139585599303
1790637213.5446315,2.411374996881932
1790637213.5495443,1.72444898635149
1790637213.578899,24.694880994502455
1790637213.5860353,1.6378949512727559
1790637213.5978172,2.4394760257564485
1790637213.5979817,2.0908929873257875
1790637213.6012623,3.271672991104424
1790637213.6014204,2.75530997896567
1790637213.6018357,2.1481800358742476
1790637213.6075807,1.7798710032366216
1790637213.6131701,1.6109840362332761
1790637213.61324,2.212677034549415
1790637213.6192374,1.5983679913915694
1790637213.6433136,1.8358200322836637
1790637213.6506371,1.7934280331246555
1790637213.6605217,1.7092350171878934
1790637213.6655018,1.442269014660269
1790637213.7143376,1.9481810159049928
1790637213.7537794,2.531078993342817
1790637213.754252,1.7300460021942854
1790637213.7590735,1.5522099565714598
1790637213.7819405,1.9706360180862248
1790637213.7826366,1.77553400862962
1790637213.784479,1.169272989500314
1790637213.8004715,2.385413972660899
1790637213.8140423,2.048049005679786
1790637213.8152626,1.6427740338258445
1790637213.8251162,1.4699879684485495
1790637213.859069,17.249070981051773
1790637213.8600156,24.759930034633726
1790637213.865561,22.524499974679202
1790637213.8713102,14.85674805007875
1790637213.8828416,28.902511985506862
1790637213.8835726,25.22841503378004
1790637213.8836656,22.967711032833904
1790637213.8917246,1.6825589700601995
1790637213.8923204,3.042994998395443
1790637213.8969593,1.455424993764609
1790637213.900332,1.3228500029072165
1790637213.906539,1.558277988806367
1790637213.9378357,19.400067976675928
1790637213.9381392,28.631674009375274
1790637213.9383235,12.688478047493845
1790637213.9485111,1.69025402283296
1790637213.9616494,2.9608079930767417
1790637213.9630697,3.1276679947040975
1790637213.9631786,2.6074210181832314
1790637213.9634504,1.7885399865917861
1790637213.9652026,1.2155110016465187
1790637213.971376,1.8957050051540136
1790637213.97442,1.8043250311166048
1790637213.9764354,1.6133140306919813
1790637213.9787717,1.8128029769286513
1790637213.9807978,1.5147009980864823
1790637213.9951348,1.6494080191478133
1790637214.000349,1.448428025469184
1790637214.0036128,1.4559830306097865
1790637214.0102997,1.7532079946249723
1790637214.0158665,1.3908270047977567
1790637214.0206048,1.6866550431586802
1790637214.021766,1.1513030040077865
1790637214.056928,1.6969560529105365
1790637214.058415,1.3636869844049215
1790637214.0756316,2.0047409925609827
1790637214.115313,38.7593389605172
1790637214.1450126,55.44025398558006
1790637214.1538298,43.887775973416865
1790637214.1549916,45.75318598654121
1790637214.1563213,43.26940199825913
1790637214.156465,15.002225001808256
1790637214.1565433,18.87894398532808
1790637214.1591487,1.312637992668897
1790637214.1729245,1.6378069994971156
1790637214.1766765,1.3854529825039208
1790637214.18766,1.8743539694696665
1790637214.1923716,1.6095719765871763
1790637214.1938221,1.2928509968332946
1790637214.2046666,1.5331929898820817
1790637214.2151918,2.2306389873847365
1790637214.2271523,1.619080954696983
1790637214.2287457,1.3447899837046862
1790637214.2321877,1.3136820052750409
1790637214.2548385,1.8107020296156406
1790637214.265714,1.9140560179948807
1790637214.272231,1.948499004356563
1790637214.276073,1.6463330248370767
1790637214.2847674,2.276970015373081
1790637214.2937214,2.1893679513596
1790637214.3096056,1.904148026369512
1790637214.315464,2.073886978905648
1790637214.34318,2.2489859838970006
1790637214.3447993,1.4864479890093207
1790637214.365134,2.1323480177670717
1790637214.3654718,3.007646999321878
1790637214.3700104,1.6369909862987697
1790637214.3737946,1.2632590369321406
1790637214.3805163,1.6724059823900461
1790637214.3896947,1.5478349523618817
1790637214.3934753,1.7614149837754667
1790637214.4272149,1.985302020329982
1790637214.432462,1.6891669947654009
1790637214.4365876,1.5497120330110192
1790637214.453034,1.8663639784790576
1790637214.4543667,1.3132540043443441
1790637214.46206,1.9010859541594982
1790637214.4626133,1.7238029977306724
1790637214.464755,1.1310100089758635
1790637214.4916,24.855677969753742
1790637214.5007577,1.5784130082465708
1790637214.5056386,1.9609000300988555
1790637214.5112689,2.945933025330305
1790637214.5113292,2.53155903192237
1790637214.5133815,1.35931302793324
1790637214.5220213,1.5574360149912536
1790637214.5281975,1.2812609784305096
1790637214.549285,1.8891860381700099
1790637214.5546272,1.4916820218786597
1790637214.5647893,1.8256970215588808
1790637214.570713,1.6116299666464329
1790637214.5758145,1.4627299970015883
1790637214.5801358,2.0687380456365645
1790637214.5906813,1.8034850363619626
1790637214.6057782,12.084336020052433
1790637214.6217928,27.58531697327271
1790637214.6432276,27.234309003688395
1790637214.6440783,26.044649013783783
1790637214.644177,15.080526995006949
1790637214.64429,35.888964019250125
1790637214.644371,14.465347048826516
1790637214.6448638,2.6834579766727984
1790637214.6671433,26.210498996078968
1790637214.6682394,9.392640960868448
1790637214.669444,5.011274013668299
1790637214.6695242,7.390419021248817
1790637214.670252,4.2319290223531425
1790637214.6703157,3.1045119976624846
1790637214.684224,1.7370930290780962
1790637214.699718,2.266809984575957
1790637214.702315,1.3109680148772895
1790637214.7038136,1.1903209961019456
1790637214.7413425,22.507393965497613
1790637214.745441,1.6928950208239257
1790637214.745897,2.7541780145838857
1790637214.7728333,1.9228050368838012
1790637214.8034937,2.0077460212633014
1790637214.8513463,2.2412719554267824
1790637214.8613338,2.0997810061089694
1790637214.8618305,1.6607060097157955
1790637214.8633285,1.3031670241616666
1790637214.880703,1.9322300213389099
1790637214.8935964,2.4821029510349035
1790637214.8946755,2.099337987601757
1790637214.8951647,1.3171309838071465
1790637214.904528,1.848012034315616
1790637214.9106247,1.5469680074602365
1790637214.9266388,2.0779029582627118
1790637214.9330182,2.878660976421088
1790637214.9331021,3.665270982310176
1790637214.937693,1.5275200130417943
1790637214.9461222,1.694114995189011
1790637214.9508772,1.7942750127986073
1790637214.9630837,1.77848304156214
1790637214.9631898,2.423197962343693
1790637214.9927638,15.750371036119759
1790637214.9931161,23.472533968742937
1790637214.9933054,22.995946987066418
1790637214.9933813,15.672327019274235
1790637214.9936185,2.5185499689541757
1790637214.9975054,1.2263910030014813
1790637215.0039167,1.3984479592181742
1790637215.0099196,1.6006260411813855
1790637215.014184,1.625063014216721
1790637215.0149512,1.5572700067423284
1790637215.0216024,2.309517003595829
1790637215.022304,1.7771910061128438
1790637215.0292091,3.297351999208331
1790637215.029592,3.0372499604709446
1790637215.036907,2.041255997028202
1790637215.0484254,1.9426989601925015
1790637215.0508695,1.7181740258820355
1790637215.0512114,2.7714879834093153
1790637215.0654678,2.476654015481472
1790637215.0658357,2.2336000110954046
1790637215.077219,2.0971419871784747
1790637215.0839288,1.579592004418373
1790637215.1011338,1.6802289756014943
1790637215.134726,2.0606989855878055
1790637215.1484375,2.338035963475704
1790637215.164368,2.1708330023102462
1790637215.1665907,1.653033948969096
1790637215.1813931,3.195674973540008
1790637215.1820805,3.026588005013764
1790637215.199183,2.122812031302601
1790637215.2880502,60.69488904904574
1790637215.2881477,58.531039976514876
1790637215.3010907,33.77800900489092
1790637215.302325,8.939057996030897
1790637215.302896,13.264106004498899
1790637215.3030355,5.702912982087582
1790637215.3031342,17.975277034565806
1790637215.3117626,1.8734459881670773
1790637215.31967,2.5238569942303
1790637215.3300555,1.9947069813497365
1790637215.3352451,1.5316340140998363
1790637215.398515,44.150889036245644
1790637215.3986592,25.819954986218363
1790637215.3992133,33.96836802130565
1790637215.3995318,13.9389350079
1790637215.399598,2.602063992526382
1790637215.4283438,25.72676003910601
1790637215.428432,25.141838006675243
1790637215.429177,28.168716991785914
1790637215.4344141,29.25817295908928
1790637215.4545743,44.255587039515376
1790637215.4580426,1.455088029615581
1790637215.4668815,1.4265439822338521
1790637215.4911287,1.7828139825724065
1790637215.492929,1.246693020220846
1790637215.4970508,1.3471150305122137
1790637215.5048416,1.5213669976219535
1790637215.510073,1.5334610361605883
1790637215.511829,1.2208229745738208
1790637215.5251698,1.8626039964146912
1790637215.5337667,1.6749739879742265
1790637215.5397236,1.6303349984809756
1790637215.548239,2.6101350085809827
1790637215.5582051,1.7155759851448238
1790637215.5586858,1.5245340182445943
1790637215.5798879,1.793609990272671
1790637215.585617,1.3183429837226868
1790637215.596166,1.7310279654338956
1790637215.6340506,30.221484950743616
1790637215.6344025,29.75627698469907
1790637215.6344757,10.823831020388752
1790637215.6648645,25.72799497283995
1790637215.6657984,21.446142985951155
1790637215.666404,22.543686034623533
1790637215.666626,6.092096969950944
1790637215.667228,4.105811996851116
1790637215.6673214,27.656584978103638
1790637215.670866,1.4392939629033208
1790637215.674815,1.4422420063056052
1790637215.6821196,1.590944011695683
1790637215.6833682,1.2389859766699374
1790637215.7292013,24.886165978386998
1790637215.7494643,2.324345987290144
1790637215.7766385,20.04396595293656
1790637215.7770927,19.318673002999276
1790637215.778032,14.995259989518672
1790637215.7782483,29.79176299413666
1790637215.7787797,16.32719300687313
1790637215.7788422,13.40873900335282
1790637215.7794032,11.556341021787375
1790637215.7873356,1.6565400292165577
1790637215.7951748,1.4747990062460303
1790637215.802013,1.6599950031377375
1790637215.8037555,1.3949010171927512
1790637215.8192472,1.7879680381156504
1790637215.8208492,1.3942799996584654
1790637215.8326466,1.975855033379048
1790637215.8400533,1.6798119759187102
1790637215.8465092,1.5188960242085159
1790637215.8482392,1.5442720032297075
1790637215.873239,19.796915003098547
1790637215.8733706,8.891633013263345
1790637215.8734376,24.109478981699795
1790637215.8753393,1.4497709926217794
1790637215.8925543,1.732931996230036
1790637215.8994486,1.5919540310278535
1790637215.9101012,7.699057052377611
1790637215.934897,20.097441971302032
1790637215.9357135,8.02179001038894
1790637215.9358058,32.859462953638285
1790637215.9409027,1.5534390113316476
1790637215.9457235,1.6158419894054532
1790637215.9594762,1.7892400501295924
1790637215.960052,1.6041850321926177
1790637216.0149689,39.79542799061164
1790637216.0179367,45.25068501243368
1790637216.0187333,31.483120983466506
1790637216.0196662,50.17523601418361
1790637216.020097,31.76683298079297
1790637216.0216525,28.7378549692221
1790637216.0218885,23.348040995188057
1790637216.0223582,28.821813000831753
1790637216.0224185,22.603296965826303
1790637216.022718,2.212397987022996
1790637216.035796,1.681856985669583
1790637216.0376177,1.3759979628957808
1790637216.039048,1.2116419966332614
1790637216.053162,2.0176239777356386
1790637216.0602145,2.0287830266170204
1790637216.0608547,1.6712610376998782
1790637216.0647416,2.4841370177455246
1790637216.065801,2.421046025119722
1790637216.0996163,1.972850994206965
1790637216.1022077,1.725262962281704
1790637216.1030512,1.8366060103289783
1790637216.1051886,1.5393959474749863
1790637216.1175017,2.0606640027835965
1790637216.1213322,1.818498014472425
1790637216.153325,1.7211849917657673
1790637216.1695585,1.9372759852558374
1790637216.1728473,1.5432669897563756
1790637216.2007117,23.37879198603332
1790637216.201186,22.29122002609074
1790637216.2018485,6.357909995131195
1790637216.2022896,5.988980992697179
1790637216.203445,2.0560360280796885
1790637216.2046604,1.2043159804306924
1790637216.2121325,1.5300579834729433
1790637216.235503,2.1104380139149725
1790637216.2613463,1.9247560412622988
1790637216.294998,30.124822980724275
1790637216.3174593,19.529029028490186
1790637216.3275592,27.653503988403827
1790637216.327654,49.14385901065543
1790637216.3400092,6.515055021736771
1790637216.3401232,38.95569697488099
1790637216.3588262,1.6318869893439114
1790637216.3595607,1.6202069818973541
1790637216.3653998,1.5845100278966129
1790637216.3760839,2.3762519704177976
1790637216.3768146,1.713321020361036
1790637216.3779166,1.0928649571724236
1790637216.3811746,1.6279459814541042
1790637216.3816266,1.371530001051724
1790637216.4339826,48.45896101323888
1790637216.434657,26.555869029834867
1790637216.4347634,12.055800994858146
1790637216.4360418,44.79171201819554
1790637216.436139,7.94049899559468
1790637216.4371412,7.635833986569196
1790637216.437251,7.116441032849252
1790637216.4391232,1.2959220330230892
1790637216.4717884,21.206595993135124
1790637216.4745922,20.217486016917974
1790637216.4751394,28.220508014783263
1790637216.4752278,9.74562601186335
1790637216.4754941,1.7408900312148035
1790637216.4915466,1.6222100239247084
1790637216.5034623,1.4989659539423883
1790637216.5281992,23.073117015883327
1790637216.5282855,4.662894003558904
1790637216.5311353,1.632608997169882
1790637216.531996,1.586188969668001
1790637216.5445354,1.6838129959069192
1790637216.5691862,2.0808850531466305
1790637216.5855799,2.384867984801531
1790637216.5863628,1.904285978525877
1790637216.5902233,2.5205379934050143
1790637216.6246943,16.348362958524376
1790637216.624766,27.82570698764175
1790637216.6319754,1.6673189820721745
1790637216.6438615,1.5390570042654872
1790637216.657899,1.6707530012354255
1790637216.6682425,1.697960018645972
1790637216.6742978,1.7613070085644722
1790637216.6779008,1.8697070190683007
1790637216.6851735,1.529887958895415
1790637216.686455,1.1890250025317073
1790637216.69984,2.026603033300489
1790637216.708125,2.1301350207068026
1790637216.7082052,2.6884410181082785
1790637216.7113483,1.8163310014642775
1790637216.7239437,1.6477269819006324
1790637216.7533436,25.45444096904248
1790637216.7536838,23.137855052482337
1790637216.754474,27.11014199303463
1790637216.7550879,15.09169302880764
1790637216.7555068,22.558925033081323
1790637216.7559533,7.179724983870983
1790637216.7560189,8.962374995462596
1790637216.7601135,1.3655680231750011
1790637216.7649274,1.4515839866362512
1790637216.7673807,1.1530800256878138
1790637216.7752578,1.7227409989573061
1790637216.7784193,1.303071971051395
1790637216.7818465,1.8894950044341385
1790637216.7819312,2.5964140077121556
1790637216.7862551,1.5506469644606113
1790637216.8225188,27.19202102161944
1790637216.8226004,11.363964003976434
1790637216.8300369,1.5438759583048522
1790637216.835206,1.541096018627286
1790637216.8410482,1.679265988059342
1790637216.8534596,1.771837007254362
1790637216.878806,1.7404439859092236
1790637216.8808408,1.2965959613211453
1790637216.8909655,1.735355006530881
1790637216.8953888,1.910068967845291
1790637216.914434,2.546901989262551
1790637216.915201,1.7906129942275584
1790637216.9854376,2.103856997564435
1790637217.0036454,1.7610620125196874
1790637217.0225604,1.8169429968111217
1790637217.0291607,1.7711470136418939
1790637217.030508,1.2317770160734653
1790637217.0398216,1032.3521220125258
1790637217.0509746,1.4570520143024623
1790637217.0583785,1.4840880176052451
1790637217.0723197,2.0303800120018423
1790637217.0783877,2.905900008045137
1790637217.1268606,40.291031007654965
1790637217.1376653,48.312381957657635
1790637217.1377878,54.04153297422454
1790637217.1383834,42.12275397730991
1790637217.1449194,56.31500104209408
1790637217.1642041,55.4425329901278
1790637217.16441,48.740040976554155
1790637217.16514,29.361168039031327
1790637217.1658828,21.893186029046774
1790637217.165999,4.036682017613202
1790637217.1663175,53.16096800379455
1790637217.1710763,1.3245180016383529
1790637217.1739006,1.6690990305505693
1790637217.192198,1.8283840036019683
1790637217.2264626,2.05458200071007
1790637217.2325006,1.4793879818171263
1790637217.2605827,1.959368004463613
1790637217.2640076,1.4291710103861988
1790637217.2675967,1.467114023398608
1790637217.3053498,1.8808250315487385
1790637217.317971,2.122398989740759
1790637217.3275962,1.795071002561599
1790637217.3333447,1.5708479913882911
1790637217.3413215,1.6929659759625793
1790637217.3487275,1.8225579988211393
1790637217.358196,1.9209299935027957
1790637217.3756583,1.7243860056623816
1790637217.3865452,3.2297599827870727
1790637217.386636,2.637931960634887
1790637217.410451,1.9754800014197826
1790637217.4241705,2.9491379973478615
1790637217.4314961,1.6317889676429331
1790637217.4365122,1.474472985137254
1790637217.4444828,3.509405010845512
1790637217.4445617,3.431981022004038
1790637217.4468834,1.4298369642347097
1790637217.4588296,1.888627011794597
1790637217.466943,2.4148719967342913
1790637217.472154,2.8326130122877657
1790637217.4860942,4.624666005838662
1790637217.4865983,4.109075991436839
1790637217.488388,3.6538579734042287
1790637217.4928868,4.277765052393079
1790637217.4929814,4.575705039314926
1790637217.4962842,2.5221899850293994
1790637217.4997153,3.0569660011678934
1790637217.5067778,2.858010004274547
1790637217.5161045,2.726650971453637
1790637217.5171306,2.564240014180541
1790637217.5186293,2.508806996047497
1790637217.5428772,4.143547033891082
1790637217.5429688,3.2096320064738393
1790637217.5697362,2.520905982237309
1790637217.5736516,1.6244600410573184
1790637217.5916638,2.199822978582233
1790637217.6066966,1.8051660154014826
1790637217.6127112,1.4076599618420005
1790637217.6214185,1.6524980310350657
1790637217.6327689,1.8604189972393215
1790637217.6391673,1.778781006578356
1790637217.660577,2.195774985011667
1790637217.6611197,1.594944973476231
1790637217.6735983,2.4521980085410178
1790637217.6875267,1.7429490108042955
1790637217.6923122,1.2747379951179028
1790637217.6943104,1.2112020049244165
1790637217.746374,44.002884009387344
1790637217.7467413,42.5074229715392
1790637217.7468164,14.03825602028519
1790637217.7601588,1.4758220058865845
1790637217.7737536,2.3645529872737825
1790637217.7746909,1.767346984706819
1790637217.7969089,1.8349639722146094
1790637217.8262985,2.09497899049893
1790637217.8335838,3.276323026511818
1790637217.833641,2.159052004572004
1790637217.8883991,23.496664012782276
1790637217.8885512,19.274111022241414
1790637217.8886807,7.586372958030552
1790637217.890036,1.3352250098250806
1790637217.90802,1.839785953052342
1790637217.911688,1.3571209856308997
1790637217.9134705,1.2097249855287373
1790637217.9197176,3.1410499941557646
1790637217.9198601,3.9386320277117193
1790637217.923312,1.8501660088077188
1790637217.9421952,1.5968899824656546
1790637217.9442852,1.3804640038870275
1790637217.9478667,1.1468330048955977
1790637217.951007,2.491261053364724
1790637217.9575996,1.4808289706707
1790637217.9639401,1.603457028977573
1790637217.9733834,1.5468249912373722
1790637217.9955492,1.8127409857697785
1790637218.0146055,2.181918011046946
1790637218.0235612,1.5748419682495296
1790637218.0261765,1.7027119756676257
1790637218.0303805,1.821625977754593
1790637218.0331593,1.7122009885497391
1790637218.0334218,2.578050014562905
1790637218.0398827,1.5043099992908537
1790637218.040395,1.3311459915712476
1790637218.1081884,2.8788240160793066
1790637218.1082602,4.265971947461367
1790637218.1109972,1.3066160026937723
1790637218.1559074,22.743193025235087
1790637218.1573284,25.269784964621067
1790637218.1574516,9.401129966136068
1790637218.157569,17.554563004523516
1790637218.1791182,23.154938011430204
1790637218.1953406,28.72492599999532
1790637218.2004797,36.631115013733506
1790637218.2015212,27.04185200855136
1790637218.2018287,18.302259035408497
1790637218.2022355,15.474136976990849
1790637218.21287,1.7850970034487545
1790637218.2131515,2.6302309706807137
1790637218.2216513,1.5084479819051921
1790637218.2245572,1.3664739672094584
1790637218.2659323,20.921141025610268
1790637218.2685401,22.243613959290087
1790637218.2686918,25.657728023361415
1790637218.2693303,13.742305978666991
1790637218.2696354,22.2952559706755
1790637218.281887,1.6486929962411523
1790637218.2850537,1.5451780054718256
1790637218.2908888,1.279424992389977
1790637218.358586,44.66656397562474
1790637218.3590398,39.817732002120465
1790637218.3600597,43.23046299396083
1790637218.360581,31.801658973563462
1790637218.3606844,35.71093897335231
1790637218.361716,33.52022898616269
1790637218.3622656,28.514089004602283
1790637218.3628113,16.052236955147237
1790637218.362949,24.825940956361592
1790637218.3635082,2.4233420263044536
1790637218.369476,1.3512049918062985
1790637218.378735,1.4728910173289478
1790637218.3860755,1.8056370317935944
1790637218.4011345,1.6087900148704648
1790637218.4217331,2.648949041031301
1790637218.429506,1.8113059923052788
1790637218.441475,1.5709929866716266
1790637218.4655688,14.655989012680948
1790637218.4656906,23.658149992115796
1790637218.4715416,1.7936420044861734
1790637218.4740117,1.4013899490237236
1790637218.476374,1.205898995976895
1790637218.5077546,22.586909995879978
1790637218.516286,1.756915997248143
1790637218.523205,1.4859700459055603
1790637218.541519,2.7809879975393414
1790637218.5478182,1.5586679801344872
1790637218.5511959,1.2812690110877156
1790637218.5560024,1.5347820008173585
1790637218.5571926,1.1825980036519468
1790637218.5943794,9.595059033017606
1790637218.5944686,22.5666249752976
1790637218.596218,1.4458890073001385
1790637218.623963,2.053179021459073
1790637218.6420858,1.6502899816259742
1790637218.6543872,1.8864530138671398
1790637218.6593213,1.382449991069734
1790637218.6653237,1.9802260212600231
1790637218.665397,2.569694013800472
1790637218.6778152,2.2646390134468675
1790637218.706847,2.793497988022864
1790637218.70693,3.5736029967665672
1790637218.7124257,1.5317020006477833
1790637218.715357,1.3908709515817463
1790637218.7351003,3.880551957990974
1790637218.7362728,3.198895021341741
1790637218.759444,23.739439027849585
1790637218.7595356,27.005611977074295
1790637218.7606816,26.469185017049313
1790637218.7610338,14.89927398506552
1790637218.7613647,14.609656005632132
1790637218.7620025,7.717768021393567
1790637218.7620738,4.161983961239457
1790637218.7633216,1.1520779808051884
1790637218.7679853,1.4997399994172156
1790637218.7683988,1.1401550145819783
1790637218.7720563,1.1808190029114485
1790637218.7967653,2.530460013076663
1790637218.8160944,2.344075997825712
1790637218.8206887,1.925261050928384
1790637218.8266804,2.243233029730618
1790637218.827545,1.677449035923928
1790637218.8544176,2.2784809698350728
1790637218.8551214,1.7903809784911573
1790637218.8695705,3.407746960874647
1790637218.8808067,2.8301950078457594
1790637218.8905344,2.7490700013004243
1790637218.8997643,2.479410031810403
1790637218.9077668,2.1038560080341995
1790637218.911048,1.7788019613362849
1790637218.9202967,3.063676005695015
1790637218.9204025,3.4300140105187893
1790637218.930888,1.8126399954780936
1790637218.9414904,1.5923699829727411
1790637218.9609349,4.171522043179721
1790637218.9876728,3.7697540246881545
1790637219.0088964,23.29191198805347
1790637219.009484,22.355434019118547
1790637219.0100782,14.692096970975399
1790637219.0103652,23.77237199107185
1790637219.0104218,12.104768014978617
1790637219.0125635,1.322766998782754
1790637219.0197382,1.4193339738994837
1790637219.023804,1.5076770214363933
1790637219.0275133,1.1609499924816191
1790637219.0431724,1.5657409676350653
1790637219.0685143,23.290798999369144
1790637219.0739317,1.6307130572386086
1790637219.0801442,1.6440949984826148
1790637219.121118,32.87393000209704
1790637219.1343236,33.8185970322229
1790637219.1349049,24.107102013658732
1790637219.1351578,31.41796396812424
1790637219.135399,22.65155001077801
1790637219.1354756,15.099609037861228
1790637219.137624,14.304601005278528
1790637219.13789,6.049842981155962
1790637219.1379607,5.291556008160114
1790637219.1380172,8.985774999018759
1790637219.160396,24.33976501924917
1790637219.160479,12.447287037502974
1790637219.1605499,9.316663956269622
1790637219.1665175,1.235257019288838
1790637219.193211,23.78606901038438
1790637219.1938684,3.0212539713829756
1790637219.193942,5.558225035201758
1790637219.205566,2.511426981072873
1790637219.2063534,2.054787997622043
1790637219.2166526,1.6478030011057854
1790637219.224008,1.3825080241076648
1790637219.2280054,1.3030709815211594
1790637219.236258,2.0759039907716215
1790637219.240897,1.2722830288112164
1790637219.2498138,1.7574040102772415
1790637219.257418,1.3966859551146626
1790637219.2640684,1.720595988444984
1790637219.2651622,1.8930300138890743
1790637219.2664282,2.2065219818614423
1790637219.2723527,1.2353259953670204
1790637219.2838883,1.8911220249719918
1790637219.3180315,1.652174978516996
1790637219.3251994,1.782399951480329
1790637219.3440456,1.683493028394878
1790637219.345399,1.2379320105537772
1790637219.3701534,1016.7968869791366
1790637219.3846304,1.966544019524008
1790637219.3963723,1.6641539987176657
1790637219.424904,1.9810469821095467
1790637219.427692,1.5745310229249299
1790637219.4660592,14.882143994327635
1790637219.4661949,24.868132022675127
1790637219.4662657,12.608927034307271
1790637219.476182,2.022816042881459
1790637219.4935002,2.089885005261749
1790637219.4939914,1.3526770053431392
1790637219.5097802,3.6161239841021597
1790637219.5102448,2.9757579904980958
1790637219.5145078,1.3279100530780852
1790637219.530388,2.110722998622805
1790637219.5468142,1.9468960235826671
1790637219.5753093,5.1173780229873955
1790637219.5754094,22.73437799885869
1790637219.5857542,1.4964269939810038
1790637219.5899413,1.6440179897472262
1790637219.5912156,1.2661060318350792
1790637219.5916972,1.257975003682077
1790637219.59667,1.6129700234159827
1790637219.5998216,1.8831859924830496
1790637219.6016893,1.4762440114282072
1790637219.6067796,1.264226040802896
1790637219.6118615,1.540903002023697
1790637219.618997,1.6686070011928678
1790637219.6411831,2.063659019768238
1790637219.6466193,2.3638010025024414
1790637219.6481135,2.5165300467051566
1790637219.6497498,2.0670529920607805
1790637219.6801875,25.2325710025616
1790637219.6802917,19.085946958512068
1790637219.6828625,1.4280009781941772
1790637219.6858022,2.0127560128457844
1790637219.6859124,1.633764011785388
1790637219.700318,1.2733259936794639
1790637219.7407064,3.6338819772936404
1790637219.7456422,2.284063957631588
1790637219.7887945,25.006635987665504
1790637219.8005857,2.014563011471182
1790637219.8038452,2.0111469784751534
1790637219.8041444,1.7738330061547458
1790637219.817269,1.5140139730647206
1790637219.8385713,9.224259003531188
1790637219.8487887,18.22922402061522
1790637219.8501081,17.884375003632158
1790637219.8501785,24.457755032926798
1790637219.8607175,2.280710032209754
1790637219.8607857,1.4782369835302234
1790637219.8805563,1.7684129998087883
1790637219.8868473,2.617902006022632
1790637219.8932836,1.5024549793452024
1790637219.9065363,1.8132609548047185
1790637219.9391928,23.641968960873783
1790637219.9402392,9.21188498614356
1790637219.940345,6.02706300560385
1790637219.9471805,1.6538320342078805
1790637219.9548347,1.4051939942874014
1790637219.9597862,1.3367579667828977
1790637219.9685683,1.3832200202159584
1790637220.0047472,2.2961230133660138
1790637220.0093787,1.8365069990977645
1790637220.0198803,1.8447389593347907
1790637220.0440505,3.0235349549911916
1790637220.0442307,2.2469839896075428
1790637220.0447302,2.0543470163829625
1790637220.0499203,1.3290240312926471
1790637220.0909646,23.603438981808722
1790637220.0915434,21.539271983783692
1790637220.091719,26.058277988340706
1790637220.0924678,14.761636033654213
1790637220.0925326,12.806454964447767
1790637220.092988,5.045763973612338
1790637220.1015437,1.514338015113026
1790637220.1047924,1.200548023916781
1790637220.1125994,1.7110329936258495
1790637220.1130896,1.6763259773142636
1790637220.1153872,1.1270169634371996
1790637220.152219,4.904148983769119
1790637220.1563392,1.8870430067181587
1790637220.1859612,2.585770038422197
1790637220.20365,3.1275770161300898
1790637220.2048771,2.4245509994216263
1790637220.2111802,1.9868480158038437
1790637220.2164445,2.3066099965944886
1790637220.2211292,2.2102059447206557
1790637220.2211905,2.976396994199604
1790637220.2390833,2.4838499957695603
1790637220.2391586,1.816056959796697
1790637220.2501972,1.8909610225819051
1790637220.281216,2.0079530077055097
1790637220.2862527,2.0471439929679036
1790637220.292069,2.0491480245254934
1790637220.3055825,2.1186480298638344
1790637220.3180246,2.149484003894031
1790637220.3204982,1.8659430206753314
1790637220.323488,2.3731549736112356
1790637220.32387,2.061658015009016
1790637220.3448555,1.8517120042815804
1790637220.3453894,1.6004100325517356
1790637220.38375,1.7921949620358646
1790637220.4107277,3.1366979819722474
1790637220.4124267,2.7995670097880065
1790637220.4124827,1.7453639884479344
1790637220.4494507,2.563247981015593
1790637220.4505293,2.746183949057013
1790637220.4539797,2.1122960024513304
1790637220.4548175,1.353901985567063
1790637220.459678,2.495830995030701
1790637220.4667513,2.2175530320964754
1790637220.4906762,23.64820596994832
1790637220.4911172,18.47936399281025
1790637220.4912214,25.54868202423677
1790637220.4919746,2.2886579972691834
1790637220.4961424,1.2586310040205717
1790637220.4988742,1.1723359930329025
1790637220.5013099,1.179286977276206
1790637220.5119216,2.2598709911108017
1790637220.5120904,1.7453700420446694
1790637220.5157301,1.6453290008939803
1790637220.516199,1.2870060163550079
1790637220.5576198,11.133328021969646
1790637220.574871,40.836194006260484
1790637220.5949068,42.114486976061016
1790637220.601458,38.055736979003996
1790637220.6218824,34.760201000608504
1790637220.6322796,38.46495097968727
1790637220.643835,74.37964604469016
1790637220.6547508,55.54233497241512
1790637220.6600032,61.651842028368264
1790637220.6823156,82.5097460183315
1790637220.7087371,108.06085501099005
1790637220.708886,91.93230996606871
1790637220.7095115,100.05748301045969
1790637220.7098904,86.09100698959082
1790637220.7119815,38.507744029629976
1790637220.7121532,82.03777903690934
1790637220.7122548,68.05064098443836
1790637220.7126956,29.87604303052649
1790637220.7127757,53.6741329706274
1790637220.758542,47.949490952305496
1790637220.759204,32.3852279689163
1790637220.7595243,40.3107309830375
1790637220.7600703,28.075230948161334
1790637220.7606978,21.550560020841658
1790637220.760782,17.27985101751983
1790637220.7741244,1.5797740197740495
1790637220.802249,1.9559900392778218
1790637220.8220084,3.743492008652538
1790637220.8276355,1.9342039595358074
1790637220.8331735,1.4204350300133228
1790637220.8352613,1.3536830083467066
1790637220.8374643,1.3537119957618415
1790637220.8523064,1.6724110464565456
1790637220.853095,1.5253989840857685
1790637220.8615248,1.99000199791044
1790637220.8628905,2.752442960627377
1790637220.8648076,1.3373160036280751
1790637220.8878968,23.04007700877264
1790637220.8927076,1.5893109957687557
1790637220.8971853,1.4982900465838611
1790637220.9107404,2.062170999124646
1790637220.9132912,1.3694919762201607
1790637220.9139168,2.4843979626893997
1790637220.9253974,1.88373401761055
1790637220.9300349,2.1945209591649473
1790637220.9301314,1.7542180139571428
1790637220.9332845,1.1801599757745862
1790637220.9614348,1.9605120178312063
1790637220.9727993,2.515088999643922
1790637220.9877658,1.7001989763230085
1790637220.993559,1.3772019883617759
1790637221.0126395,1.8162110354751348
1790637221.014034,1.296951959375292
1790637221.028385,2.1097810240462422
1790637221.0413477,2.061119012068957
1790637221.068155,2.001766988541931
1790637221.073352,1.8735660123638809
1790637221.074105,1.5855379751883447
1790637221.080991,1.473050971981138
1790637221.0904045,1.6275449888780713
1790637221.095031,1.4139360282570124
1790637221.0977483,1.2870540376752615
1790637221.1077435,1.3355039991438389
1790637221.1104438,1.222631020937115
1790637221.113596,1.2242350494489074
1790637221.1193788,1.527695043478161
1790637221.1324883,1.5798149979673326
1790637221.1445541,1.5544909983873367
1790637221.1478882,1.2363289715722203
1790637221.1556585,2.175643981900066
1790637221.1972241,6.859101005829871
1790637221.1973932,24.082674994133413
1790637221.1976352,21.453113004099578
1790637221.2280009,14.105278998613358
1790637221.2359917,26.311398949474096
1790637221.236658,21.20643900707364
1790637221.2368474,17.32849102700129
1790637221.2377894,14.907368982676417
1790637221.2382872,14.919988985639066
1790637221.2387557,8.712914946954697
1790637221.2388294,22.825407970231026
1790637221.238973,4.779172013513744
1790637221.2397506,1.4554480439983308
1790637221.245246,1.704690046608448
1790637221.2453454,2.429066982585937
1790637221.2695925,16.56638499116525
1790637221.2707384,22.581774974241853
1790637221.2711604,10.930300981272012
1790637221.27123,8.428284025285393
1790637221.2806349,1.45637895911932
1790637221.2847724,1.2251990265212953
1790637221.2893767,1.4623819733969867
1790637221.295177,1.4334209845401347
1790637221.3244324,1.9272250356152654
1790637221.3337176,1.6313840169459581
1790637221.3478878,1.714512996841222
1790637221.3492942,1.2822910211980343
1790637221.3517196,1.6327100456692278
1790637221.395342,2.414293005131185
1790637221.3962436,2.608258044347167
1790637221.396348,1.9616350182332098
1790637221.3975942,1.1380789801478386
1790637221.4069922,1.3234560028649867
1790637221.4384592,2.222426002845168
1790637221.4385636,2.9283789917826653
1790637221.4708414,1.6719939885661006
1790637221.4763265,1.9156630150973797
1790637221.4771464,2.0636929548345506
1790637221.4776852,1.3483199873007834
1790637221.4872742,1.4087900053709745
1790637221.5102181,2.622907981276512
1790637221.5165572,3.490186994895339
1790637221.5324452,18.778178025968373
1790637221.537289,12.562338029965758
1790637221.5374973,23.195750021841377
1790637221.5383506,2.4888140032999218
1790637221.5392098,1.5865549794398248
1790637221.5466292,1.334808999672532
1790637221.5611577,1.8326069694012403
1790637221.563527,1.30286201601848
1790637221.6128724,24.48344900039956
1790637221.6134288,23.697675031144172
1790637221.6138904,12.553247041068971
1790637221.6353512,1.6598139773122966
1790637221.64032,1.3046300155110657
1790637221.6481764,1.5089369844645262
1790637221.6507084,3.2457440393045545
1790637221.6520915,3.692008031066507
1790637221.6584866,1.5314180054701865
1790637221.6707435,1.5103589976206422
1790637221.6735485,1.2981310137547553
1790637221.6812596,1007.0508969947696
1790637221.681588,1016.5888800402172
1790637221.683787,1047.7323830127716
1790637221.6839547,1042.94094000943
1790637221.68432,1009.5997559837997
1790637221.6844068,2.8067579842172563
1790637221.6910856,1066.0585680161603
1790637221.691181,1056.4031550311483
1790637221.691257,1054.6444320352748
1790637221.69916,1.6451420378871262
1790637221.7004693,1.2990550021640956
1790637221.7179594,1.9539250060915947
1790637221.7756553,27.086863992735744
1790637221.775949,12.935903039760888
1790637221.776066,24.790060007944703
1790637221.7767432,1083.9918139972724
1790637221.77682,4.742763994727284
1790637221.7771952,4.050340037792921
1790637221.7774587,3.007782972417772
1790637221.7816277,1.4417899656109512
1790637221.7975066,1.6902130446396768
1790637221.80221,2.1881660213693976
1790637221.802279,1.6328939818777144
1790637221.814614,1.3084959937259555
1790637221.8248813,2.034277014899999
1790637221.8249986,2.698904019780457
1790637221.8391092,1.8125100177712739
1790637221.8509102,1.6227649757638574
1790637221.8769312,3.026194986887276
1790637221.8820553,2.3955930373631418
1790637221.9097319,2.396015974227339
1790637221.9177644,1.9899740000255406
1790637221.9365804,1.8917170236818492
1790637221.9613113,20.375435007736087
1790637221.9617565,26.076009962707758
1790637221.9619882,6.5553769818507135
1790637221.9620566,20.371299993712455
1790637221.962457,1.6416209982708097
1790637221.9794588,2.49506498221308
1790637221.9808347,1.496593002229929
1790637221.9894252,1.6565429978072643
1790637221.989525,2.4787270231172442
1790637221.9983797,1.5720679657533765
1790637222.025898,18.114559003151953
1790637222.026026,25.07745596813038
1790637222.0327306,1.4526559971272945
1790637222.0356593,1.4577030087821186
1790637222.0597928,22.02754298923537
1790637222.0603716,23.930148978251964
1790637222.0605242,12.899028020910919
1790637222.0615637,13.211634999606758
1790637222.0617104,12.670026044361293
1790637222.067661,1.613956002984196
1790637222.0742466,1.5354999923147261
1790637222.0790243,1.6511300345882773
1790637222.0897064,2.224536961875856
1790637222.0914285,1.6034889849834144
1790637222.1294239,21.009874006267637
1790637222.1299167,14.463361992966384
1790637222.1314087,30.480400018859655
1790637222.131606,14.426345005631447
1790637222.131825,5.603780969977379
1790637222.1321492,23.111924005206674
1790637222.132387,11.192262987606227
1790637222.1338527,6.323851004708558
1790637222.134018,3.2108019804582
1790637222.134099,5.289648950565606
1790637222.1341543,4.227835976053029
1790637222.1413317,1.364359981380403
1790637222.153688,2.0576580427587032
1790637222.2033908,44.67680800007656
1790637222.2094638,54.68981195008382
1790637222.2095315,36.34624200640246
1790637222.2205474,33.454579999670386
1790637222.2210064,47.24657698534429
1790637222.2213218,21.81444800226018
1790637222.2222075,1.6480080084875226
1790637222.2328696,1.7081120167858899
1790637222.2493262,1.8053320236504078
1790637222.2942023,1.9044509972445667
1790637222.2982337,1.8739229999482632
1790637222.3016238,1.474600052461028
1790637222.3185256,1.7827199772000313
1790637222.323353,1.5147660160437226
1790637222.3304682,2.58946098620072
1790637222.3401875,2.930899034254253
1790637222.3402433,2.362739003729075
1790637222.3429315,1.977419015020132
1790637222.3438396,1.7212249804288149
1790637222.374482,2.164139994420111
1790637222.3873591,2.6212779921479523
1790637222.3882303,2.687745960429311
1790637222.3884122,4.443868005182594
1790637222.389257,1.4059360255487263
1790637222.436567,1.7465389682911336
1790637222.4586976,2.0020559895783663
1790637222.4843297,3.3127719652839005
1790637222.508706,24.904026999138296
1790637222.5094242,26.622302015312016
1790637222.509544,7.032601977698505
1790637222.5096273,24.436617037281394
1790637222.5214446,1.7062820261344314
1790637222.526475,1.868601015303284
1790637222.532727,1.445817993953824
1790637222.566411,31.728788977488875
1790637222.566818,30.298638972453773
1790637222.5668976,10.692826996091753
1790637222.5818553,11.66865200502798
1790637222.5877147,34.00674200383946
1790637222.5880082,14.488539018202573
1790637222.592381,1.8188590183854103
1790637222.5931966,1.6056940075941384
1790637222.6086507,1.7312649870291352
1790637222.6222205,2.0735530415549874
1790637222.6421216,1.8368560122326016
1790637222.6441565,1.761169987730682
1790637222.644948,1.5347389853559434
1790637222.661506,1.705510017927736
1790637222.6710405,1.8610459519550204
1790637222.673836,2.150864980649203
1790637222.6739087,2.8557219775393605
1790637222.6768038,1.4564060256816447
1790637222.677651,1.6144319670274854
1790637222.683348,1.4095850056037307
1790637222.687548,1.4665020280517638
1790637222.7159204,1.7470470047555864
1790637222.721637,1.4221440069377422
1790637222.7270455,1.502419007010758
1790637222.7345822,1.5389900072477758
1790637222.7464223,1.9396900315769017
1790637222.7515652,1.7624599859118462
1790637222.7734292,1.8270799773745239
1790637222.8082442,23.259628971572965
1790637222.8083684,26.0380320250988
1790637222.8084483,14.58099199226126
1790637222.8115149,1.4217269490472972
1790637222.8473644,1.9875230500474572
1790637222.8513713,1.9193249754607677
1790637222.8519113,1.4911940088495612
1790637222.8748286,2.801650029141456
1790637222.874965,2.4570690002292395
1790637222.897401,16.59873896278441
1790637222.897994,26.499849976971745
1790637222.898065,11.047609965316951
1790637222.9148028,2.024115005042404
1790637222.9245274,1.7692619585432112
1790637222.9414847,1.7485099961049855
1790637222.9430628,1.568030973430723
1790637222.946962,1.4770569978281856
1790637222.9529796,1.509522960986942
1790637222.9577067,1.3290750212036073
1790637222.9658432,1.4129630289971828
1790637222.9730184,1.348704972770065
1790637222.9832811,2.529998018871993
1790637222.9836302,2.96571699436754
1790637223.0066113,1.88228499609977
1790637223.011963,1.5675290487706661
1790637223.0230584,1.6557479975745082
1790637223.0263877,1.708152994979173
1790637223.0305378,1.4840500080026686
1790637223.0547323,1.9699959666468203
1790637223.0605998,1.8001950229518116
1790637223.0654366,1.4668870135210454
1790637223.1141112,43.9348109648563
1790637223.1144853,37.58699900936335
1790637223.1150331,39.59414002019912
1790637223.1156075,21.511252969503403
1790637223.1161962,18.965894996654242
1790637223.1162713,5.074526998214424
1790637223.123124,1.7855879850685596
1790637223.1238644,1.7499509849585593
1790637223.1254997,1.2978949816897511
1790637223.1271207,1.1580309947021306
1790637223.146411,3.2032569870352745
1790637223.1464877,2.6344130164943635
1790637223.1485906,1.2046369956806302
1790637223.1512623,1.2198309996165335
1790637223.170943,2.8506870148703456
1790637223.1710103,2.102732949424535
1790637223.1752145,1.5575239667668939
1790637223.2044759,3.534247982315719
1790637223.2047772,3.9230280090123415
1790637223.2054935,1.639770984183997
1790637223.216317,1.5433109947480261
1790637223.2193346,1.5828769537620246
1790637223.2266426,1.6912569990381598
1790637223.2271311,1.347662997432053
1790637223.2307694,1.4186690095812082
1790637223.2491288,1.8740249797701836
1790637223.2512233,1.4743409701623023
1790637223.259848,1.589230028912425
1790637223.263349,1.4598569832742214
1790637223.273534,1.8938689609058201
1790637223.2914393,2.9134819633327425
1790637223.2915382,1.977598003577441
1790637223.2942412,1.2410740018822253
1790637223.2980115,1.6612919862382114
1790637223.300262,1.5204980154521763
1790637223.3200386,1.8008610350079834
1790637223.3269045,1.816663017962128
1790637223.3716002,22.26032700855285
1790637223.373255,25.48258297611028
1790637223.374103,18.107173033058643
1790637223.374222,22.13840704644099
1790637223.4000266,23.44762400025502
1790637223.4002569,27.406662004068494
1790637223.4003448,12.909663026221097
1790637223.4004824,4.941433959174901
1790637223.4008808,2.86218395922333
1790637223.423227,2.7034669765271246
1790637223.4253483,3.5811609704978764
1790637223.4254408,2.7772290050052106
1790637223.4258637,1.839119999203831
1790637223.4312391,1.4540179981850088
1790637223.4338698,1.2103960034437478
1790637223.4357183,1.291009015403688
1790637223.4413204,1.7039169906638563
1790637223.4420085,1.5325219719670713
1790637223.4429467,1.6148759750649333
1790637223.4569967,1.7704389756545424
1790637223.4921808,21.340998995583504
1790637223.4922593,27.297485969029367
1790637223.4986258,1.459639985114336
1790637223.513612,1.6533970483578742
1790637223.5186145,1.360500988084823
1790637223.5224266,2.215272979810834
1790637223.5241013,3.052766027394682
1790637223.5241816,2.3710650275461376
1790637223.5381417,12.553827022202313
1790637223.5488417,20.04469302482903
1790637223.5507905,15.625083993654698
1790637223.5509102,24.680883972905576
1790637223.60689,45.006152999121696
1790637223.6119998,49.467757053207606
1790637223.612084,36.44978202646598
1790637223.612404,29.693546006456017
1790637223.6134574,27.53540000412613
1790637223.6184611,29.153006966225803
1790637223.637983,29.437140037771314
1790637223.6388311,34.8041009856388
1790637223.6389258,19.874933001119643
1790637223.6397893,17.428609950002283
1790637223.6398528,5.082553019747138
1790637223.654694,1.601408002898097
1790637223.654783,2.531321020796895
1790637223.664607,1.63559103384614
1790637223.6812105,1.7331360140815377
1790637223.6946704,1.7693389672785997
1790637223.704602,2.134987968020141
1790637223.709922,1.774823002051562
1790637223.7122507,1.3646759907715023
1790637223.7372952,19.528740958776325
1790637223.7377074,25.226722995284945
1790637223.737825,15.744763019029051
1790637223.7447343,1.4258809969760478
1790637223.7479334,1.2990119867026806
1790637223.7538846,1.4296039589680731
1790637223.78431,1.8362380214966834
1790637223.7865026,1.280430005863309
1790637223.8113568,1.9672769703902304
1790637223.819962,1.7644889885559678
1790637223.8657117,2.0735880243591964
1790637223.8680007,1.3785140472464263
1790637223.8731797,1.6609419835731387
1790637223.8844488,1.7449629958719015
1790637223.8885756,1.4962480054236948
1790637223.8992279,1.5347209991887212
1790637223.921189,1.838108990341425
1790637223.9217484,1.5296519850380719
1790637223.9282544,1.3000949984416366
1790637223.9316761,1.4593179803341627
1790637223.933842,1.2306760181672871
1790637223.9432828,1.5150990220718086
1790637223.9497266,1.7386899562552571
1790637223.9726236,19.429453008342534
1790637223.9730155,18.111841985955834
1790637223.9794178,18.55800801422447
1790637223.9795134,32.05501096090302
1790637223.997786,33.57631794642657
1790637223.9979484,35.12804600177333
1790637223.9980304,24.590904009528458
1790637223.9983811,14.210933994036168
1790637224.0006666,1.6054309671744704
1790637224.00926,1.506456988863647
1790637224.0157392,1.3116509653627872
1790637224.0211778,1.5723939868621528
1790637224.0262182,2.0765530061908066
1790637224.026565,1.9066960085183382
1790637224.0646136,1.827945001423359
1790637224.0901704,21.84794598724693
1790637224.090837,25.237232039216906
1790637224.0908952,8.341000007931143
1790637224.0975032,1.8391790217719972
1790637224.1018639,1.4997249818407
1790637224.115417,1.6383560141548514
1790637224.1286874,1.9110699649900198
1790637224.130612,1.7585050081834197
1790637224.1314766,1.6039570327848196
1790637224.1429474,2.7975820121355355
1790637224.1430311,3.508538007736206
1790637224.1720808,1.8291309825144708
1790637224.1765842,1.6306739998981357
1790637224.1857336,1.5790220350027084
1790637224.1983984,1.6183870029635727
1790637224.2113388,1.739952014759183
1790637224.2210186,1.6291950014419854
1790637224.2351575,1.821533020120114
1790637224.248199,1.8570530228316784
1790637224.2670348,1.983881986234337
1790637224.2736492,1.5200420166365802
1790637224.2765555,1.9295579986646771
1790637224.277155,1.494725001975894
1790637224.2839186,1.6607519937679172
1790637224.307888,1.832769950851798
1790637224.31275,1.6761869774200022
1790637224.3204098,1.9161980017088354
1790637224.3210793,1.5710630104877055
1790637224.3619833,23.629526025615633
1790637224.3852687,2.003088011406362
1790637224.3880248,1.4863500255160034
1790637224.4088483,1.798443030565977
1790637224.4606152,26.081735035404563
1790637224.470842,40.119528013747185
1790637224.476559,30.729910009540617
1790637224.4810297,34.38851801911369
1790637224.4811144,44.10630697384477
1790637224.48326,35.869829007424414
1790637224.4833617,31.391136988531798
1790637224.5072093,53.61253401497379
1790637224.5074735,43.94271096680313
1790637224.5082943,36.4893110236153
1790637224.5099127,45.53138400660828
1790637224.5100317,21.172237989958376
1790637224.5101237,27.564755000639707
1790637224.5101972,5.695749947335571
1790637224.52367,1.6440069884993136
1790637224.534413,2.0826199906878173
1790637224.5571067,1.825100975111127
1790637224.579093,2.3102370323613286
1790637224.6117373,28.835038014221936
1790637224.6377795,51.82752897962928
1790637224.6438804,66.35713099967688
1790637224.644034,39.41399999894202
1790637224.649683,53.69522096589208
1790637224.6664648,55.74852298013866
1790637224.667223,73.3098880155012
1790637224.6681204,49.6328619774431
1790637224.668216,47.86167701240629
1790637224.668641,27.84151502419263
1790637224.685215,29.182473954278976
1790637224.6905298,38.11400703852996
1790637224.6940532,4.313462995924056
1790637224.6942856,30.222861969377846
1790637224.6995246,8.779737981967628
1790637224.704812,13.333739014342427
1790637224.717172,22.363485011737794
1790637224.7226114,29.656410042662174
1790637224.7392938,43.69355097878724
1790637224.7394483,38.40150800533593
1790637224.7395434,19.787083030678332
1790637224.7425818,1.6688189934939146
1790637224.743058,1.3848820235580206
1790637224.7603621,1.8038420239463449
1790637224.7651837,1.9727599574252963
1790637224.76567,1.36124697746709
1790637224.7812316,2.0221080048941076
1790637224.8435528,1.7789169796742499
1790637224.8441348,1.602269010618329
1790637224.8539703,1.8559700110927224
1790637224.888676,28.072094020899385
1790637224.907086,17.8541149944067
1790637224.9071848,26.278274948708713
1790637224.9227853,1.7617479898035526
1790637224.9247963,1.2959959567524493
1790637224.9360616,2.4090810329653323
1790637224.9361377,3.0139840091578662
1790637224.9412901,1.2785049621015787
1790637224.9611957,2.371764974668622
1790637224.9617496,1.8115410348400474
1790637224.9782884,1.9694549846462905
1790637224.9791348,1.8546379869803786
1790637224.9987845,1.8346889992244542
1790637225.0130398,1.9906209781765938
1790637225.0162303,1.2614200240932405
1790637225.0216897,1.6753149684518576
1790637225.022325,1.8237769836559892
1790637225.0270612,1.720797037705779
1790637225.050803,2.0308629609644413
1790637225.0632617,1.8145909998565912
1790637225.081613,1.9512340077199042
1790637225.1022284,1.8588349921628833
1790637225.10729,2.481952018570155
1790637225.1074004,2.1365999709814787
1790637225.1277802,1.9710269989445806
1790637225.128291,1.5323680127039552
1790637225.1536295,5.599215044640005
1790637225.153728,24.577075033448637
1790637225.156672,1.4170350041240454
1790637225.1601646,2.4159870226867497
1790637225.1603875,2.0592730143107474
1790637225.1616244,1.2292059836909175
1790637225.1623719,1.4216259587556124
1790637225.192308,2.529603021685034
1790637225.1932738,1.424785004928708
1790637225.200965,1.589227991644293
1790637225.209806,1.7896360368467867
1790637225.210679,1.6166529967449605
1790637225.2410107,28.3308980287984
1790637225.2417524,17.012333031743765
1790637225.2418532,20.51567699527368
1790637225.2420819,13.2058160379529
1790637225.24304,3.8283189642243087
1790637225.2443454,2.2520300117321312
1790637225.2481573,2.334053977392614
1790637225.2648675,1.980372006073594
1790637225.2692418,2.262271009385586
1790637225.2731917,1.8227740074507892
1790637225.2817187,1.6717580147087574
1790637225.2901819,1.6856910078786314
1790637225.3363712,2.0022080279886723
1790637225.3861494,22.067168029025197
1790637225.3865812,4.802586976438761
1790637225.3866622,27.43877802276984
1790637225.3908246,1.9845119677484035
1790637225.42362,2.1709020365960896
1790637225.4272296,3.3307860139757395
1790637225.427543,3.5733969998545945
1790637225.427632,2.6505099958740175
1790637225.4294395,1.6157960053533316
1790637225.4344864,1.8157470040023327
1790637225.4417262,2.0053640473634005
1790637225.4480858,2.346182009205222
1790637225.4594066,2.122685022186488
1790637225.4694934,1.739625004120171
1790637225.4718926,1.3308830093592405
1790637225.4951782,2.1619800245389342
1790637225.497864,1.5086359926499426
1790637225.5001252,1.2837470276281238
1790637225.5206616,1055.7221519993618
1790637225.5207307,1041.673214000184
1790637225.53112,1056.3921160064638
1790637225.5311968,1060.217646008823
1790637225.5325568,1.5509420190937817
1790637225.534691,1.324075972661376
1790637225.5365674,1.2671740259975195
1790637225.5949922,37.90964302606881
1790637225.5951352,47.173274972010404
1790637225.6001246,34.309787035454065
1790637225.6225185,48.20173099869862
1790637225.6237047,58.41068999143317
1790637225.6238036,13.977023016195744
1790637225.6238937,24.786907015368342
1790637225.627619,1.5170869883149862
1790637225.6490054,2.2593309986405075
1790637225.649675,2.0132469944655895
1790637225.6505399,1.687600975856185
1790637225.6516693,1.1211659875698388
1790637225.6604037,1.6683400026522577
1790637225.6909437,17.609907023143023
1790637225.691043,27.258037007413805
1790637225.6985664,1.6028900281526148
1790637225.7195399,1.8541599856689572
1790637225.7231002,1.5591930132359266
1790637225.7247815,1.2070040102116764
1790637225.7545393,18.839507014490664
1790637225.7549667,24.273506947793067
1790637225.7555883,25.594612990971655
1790637225.7557979,20.768204994965345
1790637225.7560828,15.607327048201114
1790637225.7627127,1.600434014108032
1790637225.7658398,1.4052540063858032
1790637225.77952,1.755309000145644
1790637225.7895756,1.9535259925760329
1790637225.7918947,1.395532046444714
1790637225.8185012,1.6304109594784677
1790637225.8335083,1.7765320371836424
1790637225.8335805,2.398593001998961
1790637225.8466718,1.5546110225841403
1790637225.8533757,1.917189045343548
1790637225.8569837,1.421610009856522
1790637225.8612053,1.7840259824879467
1790637225.8620026,1.2089909869246185
1790637225.8691857,1.9166970159858465
1790637225.8769262,2.2959879715926945
1790637225.8776052,1.9731110078282654
1790637225.8796265,1.7634760006330907
1790637225.9158156,24.338510003872216
1790637225.915995,17.220385023392737
1790637225.916569,29.99916800763458
1790637225.9179325,13.021327031310648
1790637225.9181173,9.287649998441339
1790637225.9182339,11.60026399884373
1790637225.9290843,18.378115026280284
1790637225.9439268,29.141216014977545
1790637225.9451654,2.2395839914679527
1790637225.976326,2.062597020994872
1790637225.9773524,2.048366004601121
1790637225.9878814,1.7452170141041279
1790637226.005398,2.0652509992942214
1790637226.0312407,22.197641956154257
1790637226.0344868,24.542692000977695
1790637226.0356278,27.30109600815922
1790637226.0357647,20.934446016326547
1790637226.0413098,20.48796700546518
1790637226.070916,39.33647699886933
1790637226.085741,45.02315097488463
1790637226.085843,62.02691199723631
1790637226.086384,32.248968025669456
1790637226.0868218,60.54186396067962
1790637226.0870187,17.519532004371285
1790637226.0879211,17.62426004279405
1790637226.0893068,7.289616041816771
1790637226.089392,8.525305020157248
1790637226.0894625,8.76895000692457
1790637226.093038,1.3979659997858107
1790637226.0973816,1.4147330075502396
1790637226.0982382,1.491063041612506
1790637226.106343,1.7469730228185654
1790637226.1167839,1.8324850243516266
1790637226.122913,2.2230439935810864
1790637226.1229818,1.7414710018783808
1790637226.1280746,1.593152992427349
1790637226.128575,1.3723429874517024
1790637226.1356194,1.5225890092551708
1790637226.151566,1.7999589908868074
1790637226.1699755,1.9511170103214681
1790637226.1730309,1.6231780173256993
1790637226.1767817,1.4907050062902272
1790637226.2446883,39.96643703430891
1790637226.246711,49.243954999838024
1790637226.2478323,53.78676299005747
1790637226.2486348,24.428978038486093
1790637226.2487104,32.62735897442326
1790637226.248826,30.31653497600928
1790637226.2489672,17.342204984743148
1790637226.249175,15.864626038819551
1790637226.249559,3.4916920121759176
1790637226.2649205,1.8241240177303553
1790637226.265834,1.7891030292958021
1790637226.2926457,1.8439970444887877
1790637226.3069422,1.7214989638887346
1790637226.3130548,1.310377032496035
1790637226.31914,1.7233549733646214
1790637226.3358035,1.8013579538092017
1790637226.3370907,2.3335119476541877
1790637226.3379552,1.3669870095327497
1790637226.3430448,1.5631889691576362
1790637226.3730042,15.993976034224033
1790637226.373103,11.18959003360942
1790637226.3731742,26.724493014626205
1790637226.3748167,9.479845990426838
1790637226.3749259,8.988360990770161
1790637226.3750052,7.2475699707865715
1790637226.3772526,1.8639540066942573
1790637226.377731,1.3662460260093212
1790637226.390168,1.9855349673889577
1790637226.411183,2.0127780153416097
1790637226.4112766,2.8012149850837886
1790637226.4150865,1.22038897825405
1790637226.4271295,1.730319985654205
1790637226.44627,1.7015099874697626
1790637226.4507704,1.7818320193327963
1790637226.5138562,1.896249013952911
1790637226.521072,2.0118480315431952
1790637226.5236669,1.3850940158590674
1790637226.5485315,22.61409000493586
1790637226.5486944,12.67922599799931
1790637226.549155,3.483010979834944
1790637226.5727324,1.908433041535318
1790637226.5838015,1.7332510324195027
1790637226.5896301,1.5692610177211463
1790637226.5911393,1.499239995609969
1790637226.5916445,1.3862799969501793
1790637226.6051962,1.5815620427019894
1790637226.6120644,1.8012839718721807
1790637226.643519,23.06996495462954
1790637226.643851,5.4407750139944255
1790637226.6606622,2.1785200224258006
1790637226.6853452,1.8105200142599642
1790637226.6956556,1.7152079963125288
1790637226.7011921,1.4422470121644437
1790637226.7125561,1.6765500186011195
1790637226.7318237,1.8327049911022186
1790637226.7344003,1.6148160211741924
1790637226.7344718,2.1841980051249266
1790637226.7821949,21.50534902466461
1790637226.7823782,29.804074962157756
1790637226.7826078,13.980913965497166
1790637226.7830675,8.271912985946983
1790637226.817236,2.8851039824075997
1790637226.8180304,2.5811480008997023
1790637226.8245723,2.347222005482763
1790637226.824937,1.8943679751828313
1790637226.8313413,1.5441690338775516
1790637226.8360515,1.3397340080700815
1790637226.854902,2.061954000964761
1790637226.8577342,1.4553189976140857
1790637226.8742948,2.0711140241473913
1790637226.8818183,1.4940910041332245
1790637226.9136093,2.0108760218136013
1790637226.932089,1.872383989393711
1790637226.9368598,1.910779974423349
1790637226.9564908,2.132877998519689
1790637226.9578037,1.4386249822564423
1790637226.970133,1.8088159849867225
1790637226.986898,2.816087973769754
1790637226.986956,2.352906041778624
1790637227.0062323,1.738496997859329
1790637227.0239205,2.2545679821632802
1790637227.0245357,1.5582889900542796
1790637227.0393152,1.8944309558719397
1790637227.076159,13.441577029880136
1790637227.076258,27.857918990775943
1790637227.0823817,1.7247649957425892
1790637227.0892649,1.589180959854275
1790637227.095743,1.8637679750099778
1790637227.0964496,1.6679560067132115
1790637227.1080003,1.6034489963203669
1790637227.1112263,1.3832140248268843
1790637227.115639,1.643437019083649
1790637227.1266062,1.5975669957697392
1790637227.1332896,1.543933991342783
1790637227.1386662,1.3246620073914528
1790637227.1437411,1.4409769792109728
1790637227.1632495,1.804038998670876
1790637227.1668735,1.707112998701632
1790637227.1988964,1.9391700043343008
1790637227.2040932,1.6035729786381125
1790637227.2375765,1.9832439720630646
1790637227.238481,1.7664519837126136
1790637227.248249,1.7148330225609243
1790637227.253893,2.066365967039019
1790637227.26332,1.9236259977333248
1790637227.2796636,2.0370150450617075
1790637227.2817543,1.3895140145905316
1790637227.2856326,1.5412490465678275
1790637227.2915387,1.690078992396593
1790637227.2953224,1.5699999639764428
1790637227.2984047,1.3631400070153177
1790637227.302281,1.2961890315636992
1790637227.3217056,1.7840380314737558
1790637227.3516417,1.837444957345724
1790637227.372331,2.0278189913369715
1790637227.3770995,1.8324819975532591
1790637227.3786376,1.2775519862771034
1790637227.3833451,1.2911169906146824
1790637227.3847957,1.1518189567141235
1790637227.3877447,1.4665359631180763
1790637227.4074018,15.26625402038917
1790637227.4234593,7.926190039142966
1790637227.423567,34.08072498859838
1790637227.4395745,2.5804719771258533
1790637227.4418461,2.092574955895543
1790637227.4422083,3.1014999840408564
1790637227.4439502,1.5915300464257598
1790637227.4589057,1.813267997931689
1790637227.4613523,1.2628189870156348
1790637227.4729955,1.7346749664284289
1790637227.474729,1.2722219689749181
1790637227.487293,1.6110250144265592
1790637227.4979308,1.6909819678403437
1790637227.5415099,24.84435896622017
1790637227.5418527,4.105689004063606
1790637227.5424378,3.6113199894316494
1790637227.5427268,4.135946044698358
1790637227.5561168,1.6827679937705398
1790637227.5633342,2.417312003672123
1790637227.5634005,1.82193802902475
1790637227.5720198,1.8722540116868913
1790637227.5720987,2.6314580463804305
1790637227.6311321,24.419339024461806
1790637227.6360524,1.929217018187046
1790637227.6472218,1.9819930312223732
1790637227.6741536,2.7230980340391397
1790637227.6742542,3.485433990135789
1790637227.7164414,24.16765398811549
1790637227.717538,10.384215973317623
1790637227.717795,8.06551199639216
1790637227.718322,7.7175950282253325
1790637227.7184005,3.4224679693579674
1790637227.7452157,1.9028509850613773
1790637227.7676706,1.736181031446904
1790637227.7874188,1.8356580403633416
1790637227.7912242,1.6509770066477358
1790637227.7939076,1.4247409999370575
1790637227.805039,1.629386970307678
1790637227.8178082,2.0026510464958847
1790637227.8310995,1.70964899007231
1790637227.8435142,2.190581988543272
1790637227.8614907,16.805221035610884
1790637227.8685975,11.642613972071558
1790637227.870086,27.535977016668767
1790637227.8704236,9.620579017791897
1790637227.8705194,5.801138002425432
1790637227.8928566,2.2640430252067745
1790637227.8935282,2.3656090488657355
1790637227.9024684,1.5164130018092692
1790637227.9048693,1.5563690103590488
1790637227.907635,1.2204099912196398
1790637227.9171433,1.540988974738866
1790637227.9176767,1.2907980126328766
1790637227.9241655,1.2558060116134584
1790637227.9282916,1.2231810251250863
1790637227.9382062,2.021125052124262
1790637227.983454,41.902593977283686
1790637227.9864967,21.13753603771329
1790637227.9874318,18.649069010280073
1790637227.991499,38.064081978518516
1790637228.0118687,42.16277098748833
1790637228.0119655,33.914193976670504
1790637228.0130959,25.558069988619536
1790637228.0131564,32.859555969480425
1790637228.0143785,25.50897898618132
1790637228.0152187,19.066832028329372
1790637228.0156987,11.690386978443712
1790637228.015845,9.431111975573003
1790637228.016193,2.274353988468647
1790637228.0346658,1.9260479602962732
1790637228.0561721,2.053890028037131
1790637228.067131,1.8901900039054453
1790637228.0800605,1.9981840159744024
1790637228.0902612,1.8913160311058164
1790637228.1004062,1.7685489729046822
1790637228.1145627,2.1654110169038177
1790637228.1202798,2.419119991827756
1790637228.1211493,1.813184004276991
1790637228.1232948,1.2725390261039138
1790637228.130593,1.6388740041293204
1790637228.1616747,1.9234850187785923
1790637228.162349,1.7727049998939037
1790637228.1695418,1.5399380354210734
1790637228.172014,1.2853220105171204
1790637228.179327,1.822607999201864
1790637228.186075,1.6155879711732268
1790637228.1966329,2.5344780297018588
1790637228.1967134,3.3419780083931983
1790637228.2025316,1.534749986603856
1790637228.2412953,1.6804009792394936
1790637228.2524364,1.6736059915274382
1790637228.25288,1.338798028882593
1790637228.291507,33.725482993759215
1790637228.296826,33.730402996297926
1790637228.304895,35.29651102144271
1790637228.3050663,22.90704700862989
1790637228.305595,23.929346003569663
1790637228.305654,5.7283309870399535
1790637228.307143,1.3328850036486983
1790637228.3154318,1.5323029947467148
1790637228.3182235,1.6746370238251984
1790637228.3187904,1.4217550051398575
1790637228.3265574,1.898863003589213
1790637228.3381395,3.1115320161916316
1790637228.3382566,3.820261044893414
1790637228.3393202,2.255431958474219
1790637228.3508866,2.2808390203863382
1790637228.3595953,1.6499750199727714
1790637228.3728893,2.0843289676122367
1790637228.3763778,1.6499559860676527
1790637228.413381,2.0573330111801624
1790637228.4430904,17.609915987122804
1790637228.4486895,18.50720401853323
1790637228.4491234,29.167975997552276
1790637228.4593475,27.542130963411182
1790637228.4719508,24.586289015132934
1790637228.4720373,11.162900016643107
1790637228.4754803,1.5501870075240731
1790637228.4899633,1.9844520138576627
1790637228.4926925,1.5387379680760205
1790637228.5033648,1.6893750289455056
1790637228.5059607,1.354717998765409
1790637228.5073566,1.3865780201740563
1790637228.5157187,1.5604029758833349
1790637228.5354278,1.8987570074386895
1790637228.5623398,14.306597993709147
1790637228.5676744,22.563771985005587
1790637228.5691218,15.849373012315482
1790637228.5696268,12.07344001159072
1790637228.5697296,20.694073988124728
1790637228.5705383,1.6401869943365455
1790637228.5943422,2.010087016969919
1790637228.59479,1.6622800030745566
1790637228.5994387,1.6134349862113595
1790637228.6093254,1.8326289718970656
1790637228.6304014,3.145304974168539
1790637228.6314266,2.090624999254942
1790637228.6317592,2.9847390251234174
1790637228.6534493,1.9596519996412098
1790637228.6611998,1.6237610252574086
1790637228.6829603,1.7436689813621342
1790637228.6851742,1.7709559760987759
1790637228.6882763,1.2879700516350567
1790637228.703668,1.6578949871473014
1790637228.7142262,1.4960499829612672
1790637228.7502747,1.937618013471365
1790637228.7698731,2.028377028182149
1790637228.7760775,1.959780987817794
1790637228.789785,1.820695004425943
1790637228.7983055,1.816072966903448
1790637228.8122125,1.7065390129573643
1790637228.824209,1.8203899962827563
1790637228.8264828,1.3343580067157745
1790637228.8346546,1.5207999967969954
1790637228.8468623,1.9075290183536708
1790637228.8503473,1.5436719986610115
1790637228.85993,1.5724939876236022
1790637228.8761935,2.0507790031842887
1790637228.8796074,1.5296750352717936
1790637228.8914175,1.684884016867727
1790637228.908059,1.7185750184580684
1790637228.9134684,1.4934299979358912
1790637228.9148,1.2378940009512007
1790637228.9239104,1.5444980235770345
1790637228.9280272,1.4820959768258035
1790637228.929306,1.270128006581217
1790637228.9417226,2.10778001928702
1790637228.9572523,2.1564459893852472
1790637228.9722962,2.3219470167532563
1790637228.9840717,2.2210919996723533
1790637228.9848146,1.5927100321277976
1790637228.9947212,2.229425997938961
1790637228.9955716,1.3311569928191602
1790637229.0056546,1.5634450246579945
1790637229.0108318,1.3813929981552064
1790637229.0292485,1.9224800053052604
1790637229.036424,1.7301500192843378
1790637229.0369544,1.362834998872131
1790637229.0650184,1.7141109565272927
1790637229.0898054,3.5382939968258142
1790637229.0898924,23.94944499246776
1790637229.1068041,2.1940290462225676
1790637229.1280596,1.857054012361914
1790637229.136073,1.9086089450865984
1790637229.1409428,1.3704229495488107
1790637229.1473238,1.3866910012438893
1790637229.1853833,23.377031029667705
1790637229.1862028,26.013750000856817
1790637229.1868422,12.944076035637408
1790637229.187394,11.635427013970912
1790637229.187461,11.20023598195985
1790637229.1899846,1.4508029562421143
1790637229.1954713,1.5024099848233163
1790637229.2034824,1.595271984115243
1790637229.22753,1.8999630119651556
1790637229.234183,1.7927369917742908
1790637229.241898,1.7261069733649492
1790637229.242601,1.7302109627053142
1790637229.2593634,1.8150039832107723
1790637229.2964723,32.9281099839136
1790637229.309992,33.910278987605125
1790637229.310077,33.23577099945396
1790637229.3104324,40.82320595625788
1790637229.3159149,33.85373903438449
1790637229.3344462,42.02194500248879
1790637229.3345385,46.254487009719014
1790637229.334834,41.837484983261675
1790637229.3350983,33.000981027726084
1790637229.3354254,30.59061599196866
1790637229.3360362,21.419922006316483
1790637229.3430533,1.6487259999848902
1790637229.350415,1.9110320135951042
1790637229.3591273,1.599729002919048
1790637229.3999186,39.566164021380246
1790637229.4063077,26.105290045961738
1790637229.4072316,24.333013978321105
1790637229.40874,31.50443104095757
1790637229.408983,8.159902994520962
1790637229.4093862,16.151331015862525
1790637229.409528,2.282273955643177
1790637229.4533377,37.417734041810036
1790637229.45389,47.32471896568313
1790637229.45423,33.917187014594674
1790637229.4548557,33.15825999015942
1790637229.4553974,31.301081995479763
1790637229.4662287,41.557371034286916
1790637229.4663873,30.819111969321966
1790637229.4802263,38.68366399547085
1790637229.480454,39.06045597977936
1790637229.4809215,22.812513983808458
1790637229.481695,10.100214974954724
1790637229.4821908,11.755109997466207
1790637229.4822738,11.141012015286833
1790637229.4852679,1.4046819997020066
1790637229.4946954,2.2796510020270944
1790637229.4947605,1.8106450443156064
1790637229.5183382,22.439995023887604
1790637229.518477,23.00702698994428
1790637229.5191743,22.054385975934565
1790637229.519413,19.657642988022417
1790637229.5202248,13.21813598042354
1790637229.5203454,9.060624986886978
1790637229.5246437,1.8280940130352974
1790637229.535306,1.8749330192804337
1790637229.5410812,1.8651540158316493
1790637229.5417545,1.4994570519775152
1790637229.5558784,1.6627099830657244
1790637229.557944,1.3102240045554936
1790637229.5830045,1.8186820088885725
1790637229.5906053,2.188748971093446
1790637229.5932524,1.3155500055290759
1790637229.6020987,2.3166839964687824
1790637229.6021762,3.0437280074693263
1790637229.659581,27.622614987194538
1790637229.6596758,25.538040965329856
1790637229.6607795,27.73202594835311
1790637229.6610985,16.876020992640406
1790637229.6612208,18.707937968429178
1790637229.67115,21.613213990349323
1790637229.6880052,30.583693005610257
1790637229.6886623,28.974672954063863
1790637229.6894293,33.5393360001035
1790637229.6899202,18.755307013634592
1790637229.690326,16.56518504023552
1790637229.6903954,13.54477199492976
1790637229.6953444,1.8427459872327745
1790637229.7029052,1.8588840030133724
1790637229.7062879,2.386513981036842
1790637229.706778,2.2157109924592078
1790637229.7305021,2.4369079619646072
1790637229.7400925,2.1095609990879893
1790637229.743612,1.5142029733397067
1790637229.7462995,1.463606022298336
1790637229.7542584,2.022086991928518
1790637229.8168848,37.76761598419398
1790637229.8434544,42.17402101494372
1790637229.8438056,45.678918017074466
1790637229.8468318,22.051492996979505
1790637229.8476875,61.012160032987595
1790637229.848157,17.35120901139453
1790637229.84828,12.763430015183985
1790637229.849687,2.8399740112945437
1790637229.8505356,1.295046997256577
1790637229.8777103,26.25523804454133
1790637229.8778167,14.375412021763623
1790637229.87819,10.862183989956975
1790637229.878262,9.59034898551181
1790637229.881147,2.040127001237124
1790637229.8917043,2.301095984876156
1790637229.8990214,1.7116619856096804
1790637229.9032302,1.5179030015133321
1790637229.9136963,1.622299023438245
1790637229.919695,1.5490779769606888
1790637229.923918,1.3591150054708123
1790637229.941515,2.530026016756892
1790637229.9420753,1.450670009944588
1790637229.9497514,1.615863002371043
1790637230.003956,23.64098303951323
1790637230.0040326,4.256665997672826
1790637230.0122085,1.9449469982646406
1790637230.0483756,1.9506459939293563
1790637230.0531363,1.7355539603158832
1790637230.05887,1.5947229694575071
1790637230.0721428,1.8658640328794718
1790637230.0726814,1.4410250005312264
1790637230.0904894,2.349958987906575
1790637230.095557,2.6555099757388234
1790637230.0956497,2.2800200385972857
1790637230.1088166,1.8913139938376844
1790637230.1215594,2.0431509474292397
1790637230.1433852,1.8838359974324703
1790637230.1709695,25.269212026614696
1790637230.1710885,12.569475977215916
1790637230.1711628,8.565506024751812
1790637230.172547,1.2910469667986035
1790637230.1840668,1.7920079990290105
1790637230.1885936,1.8604859942570329
1790637230.1896677,1.882954966276884
1790637230.1966672,2.1214010193943977
1790637230.2212193,3.0691869906149805
1790637230.2465441,3.132007026579231
1790637230.2494156,2.4302679812535644
1790637230.2519937,2.4134019622579217
1790637230.2985454,3.4568000119179487
1790637230.298662,2.863219997379929
1790637230.3283277,28.346146980766207
1790637230.3284523,20.14619397232309
1790637230.33055,1.910894992761314
1790637230.3342836,1.9893350545316935
1790637230.3369622,2.2524790256284177
1790637230.36247,18.470379000063986
1790637230.362959,26.995243970304728
1790637230.385882,18.077949003782123
1790637230.391267,29.186988016590476
1790637230.409648,28.458242944907397
1790637230.4097943,29.352474957704544
1790637230.4100993,26.542295003309846
1790637230.4102201,18.59321299707517
1790637230.4111612,9.254824020899832
1790637230.4114945,10.264346026815474
1790637230.4124196,1.7639540019445121
1790637230.4304168,2.1957149729132652
1790637230.4464083,2.420537988655269
1790637230.5036566,1060.0131059763953
1790637230.5041733,26.620823016855866
1790637230.5159101,1.8674969905987382
1790637230.5224988,2.4180649779736996
1790637230.5243473,2.3059079539962113
1790637230.5244055,2.431702974718064
1790637230.5443277,1.6676789964549243
1790637230.5617282,1.8635080195963383
1790637230.5654168,3.3767319982871413
1790637230.5654762,2.862625988200307
1790637230.6042168,24.50024295831099
1790637230.6043208,18.336497014388442
1790637230.6043756,16.058976005297154
1790637230.610378,1.460833998862654
1790637230.6239073,1.5981640317477286
1790637230.6458924,2.041013038251549
1790637230.6666791,2.5438119773752987
1790637230.6697485,1.5164219657890499
1790637230.6926923,2.833876002114266
1790637230.703267,2.263495000079274
1790637230.7349112,23.692830000072718
1790637230.735883,16.841471020597965
1790637230.7359588,14.962312998250127
1790637230.7362394,2.7522019809111953
1790637230.763508,1.931121980305761
1790637230.774535,1.8035669927485287
1790637230.7992496,14.593405998311937
1790637230.8003364,23.205876990687102
1790637230.8009408,11.192463978659362
1790637230.80103,4.723274032585323
1790637230.8106945,2.345415996387601
1790637230.812111,3.078944981098175
1790637230.8121843,2.3650050279684365
1790637230.8185692,1.4348729746416211
1790637230.8211346,1.1908219894394279
1790637230.8296356,1.7246659845113754
1790637230.835896,1.2847409816458821
1790637230.8439016,2.842082001734525
1790637230.848838,2.1897039841860533
1790637230.8496196,2.2175860358402133
1790637230.8522952,1.1493060155771673
1790637230.8996723,2.079244004562497
1790637230.9054372,1.780916005373001
1790637230.9112918,1.511766982730478
1790637230.9204657,1.3935629976913333
1790637230.9443848,1.827574975322932
1790637230.9925911,34.16430403012782
1790637230.9997387,45.79305596416816
1790637231.010252,37.32962696813047
1790637231.0152323,41.71794600551948
1790637231.0201974,42.552335013169795
1790637231.021915,39.68624904518947
1790637231.0222626,27.097699989099056
1790637231.0228653,25.504401011858135
1790637231.0230541,22.420966997742653
1790637231.023368,22.221054998226464
1790637231.023929,20.51640598801896
1790637231.0289085,1.3076849863864481
1790637231.0308232,1.1580470018088818
1790637231.0435073,1.509034016635269
1790637231.070226,2.5468250387348235
1790637231.0784798,1.753774005919695
1790637231.0844657,1.6286529717035592
1790637231.088385,2.3486309801228344
1790637231.088451,1.8150360556319356
1790637231.1211872,2.3571019992232323
1790637231.1290786,2.954676980152726
1790637231.131594,1.4485259889625013
1790637231.1345713,1.8938020220957696
1790637231.1351702,1.3663829886354506
1790637231.1415772,1.2563539785332978
1790637231.156656,1.94229296175763
1790637231.1703584,1.9403559854254127
1790637231.217367,2.6473390171304345
1790637231.230487,2.723534998949617
1790637231.2512987,14.687429007608443
1790637231.253313,24.014757946133614
1790637231.253553,9.65815398376435
1790637231.2536683,15.371399000287056
1790637231.2537992,12.405178975313902
1790637231.2541494,2.1892990334890783
1790637231.2625058,1.3160000089555979
1790637231.2927155,27.023498027119786
1790637231.3083029,22.84687099745497
1790637231.308369,22.37231400795281
1790637231.314108,1.5936529962345958
1790637231.3345404,1.5372989582829177
1790637231.3463748,1.9371689995750785
1790637231.3541422,1.7103390418924391
1790637231.363367,1.4415280311368406
1790637231.3679185,1.3267199974507093
1790637231.3754818,1.800001016817987
1790637231.3785088,1.7534760409034789
1790637231.3953285,2.171528001781553
1790637231.3962176,1.823124010115862
1790637231.4043646,1.6837040311656892
1790637231.4263375,1.9004559726454318
1790637231.434508,1.7353490111418068
1790637231.4893034,3.170701034832746
1790637231.4981303,2.050873008556664
1790637231.4987254,1.5369709581136703
1790637231.5140748,1.7934099887497723
1790637231.5212033,2.2073769941926003
1790637231.524542,1.5191460261121392
1790637231.525892,1.340974005870521
1790637231.5353477,1.8773360061459243
1790637231.5367315,1.2641280191019177
1790637231.5374873,1.4996499521657825
1790637231.5562918,1.664444978814572
1790637231.6019077,23.096957011148334
1790637231.6020534,19.80698201805353
1790637231.6021767,6.445491046179086
1790637231.6056476,1.476715027820319
1790637231.6187088,1.7824679962359369
1790637231.6282716,1.586241996847093
1790637231.6348283,1.722385990433395
1790637231.6356103,1.541249977890402
1790637231.6466372,1.7499050009064376
1790637231.6558979,2.293504017870873
1790637231.656064,2.971968031488359
1790637231.6600113,1.515753974672407
1790637231.662089,1.3426300138235092
1790637231.6866398,19.657119002658874
1790637231.6874764,23.288305033929646
1790637231.6876633,18.173980992287397
1790637231.687816,18.82629399187863
1790637231.6892982,1.7688189982436597
1790637231.702984,1.4374200254678726
1790637231.7053795,1.2426400207914412
1790637231.727372,19.83586500864476
1790637231.727624,21.94958203472197
1790637231.7284317,16.09158201608807
1790637231.7285721,8.515098015777767
1790637231.7290685,8.198872965294868
1790637231.7299626,4.6663369867019355
1790637231.7300313,8.609353972133249
1790637231.7373285,1.414384983945638
1790637231.7385757,1.1305190273560584
1790637231.7600517,2.548540011048317
1790637231.7627206,1.2431340292096138
1790637231.7641985,1.317428017500788
1790637231.7775195,1.570724998600781
1790637231.7807918,1.6778309945948422
1790637231.7860205,1.2444430030882359
1790637231.7915106,1.5623669605702162
1790637231.803655,1.550432003568858
1790637231.8091867,1.7869850271381438
1790637231.8146908,1.4477430377155542
1790637231.8636901,3.277235955465585
1790637231.8639631,3.3269949490204453
1790637231.881457,3.1500839977525175
1790637231.8837907,1.427801966201514
1790637231.8857138,1.2452719965949655
1790637231.8888607,1.47645000834018
1790637231.8915415,1.161050982773304
1790637231.9145372,16.907577984966338
1790637231.914627,22.693687991704792
1790637231.9163654,1.2277549831196666
1790637231.9330828,1.6158020007424057
1790637231.9424822,2.1505350014194846
1790637231.9429133,1.6950300196185708
1790637231.9453917,1.1393509921617806
1790637231.9803672,2.16088502202183
1790637231.9912102,2.9549100436270237
1790637231.9913275,3.9198569720610976
1790637231.995641,1.5556479920633137
1790637231.9989157,1.3813110417686403
1790637232.0192983,2.0866510458290577
1790637232.0216048,1.4840989606454968
1790637232.0343769,1.9995600450783968
1790637232.0481856,1.6772039816714823
1790637232.0610578,2.31888797134161
1790637232.0729537,1.641268958337605
1790637232.0761666,2.099575998727232
1790637232.0788333,2.3657080018892884
1790637232.079388,1.7743679927662015
1790637232.079472,2.5998320197686553
1790637232.0924838,1.9248150056228042
1790637232.095608,1.3044689549133182
1790637232.1042295,1.4300659531727433
1790637232.1139758,2.1091109956614673
1790637232.1208339,2.3542039562016726
1790637232.1262057,1.4170160284265876
1790637232.140654,1.563775003887713
1790637232.1738837,7.903465011622757
1790637232.173965,22.799506958108395
1790637232.177209,1.1647259816527367
1790637232.186501,1.6191999893635511
1790637232.2184362,2.1453790250234306
1790637232.2193465,1.7090109759010375
1790637232.2307484,1.5163030475378036
1790637232.249512,1.910091028548777
1790637232.2730782,1.8675930332392454
1790637232.278743,1.3410539831966162
1790637232.2817335,1.250725006684661
1790637232.2830029,1.1350330314598978
1790637232.305453,2.0151399658061564
1790637232.3103435,1.4256020076572895
1790637232.327434,1.5867219772189856
1790637232.329482,1.5999129973351955
1790637232.3553164,22.119798988569528
1790637232.355748,16.101787972729653
1790637232.3558092,10.318649001419544
1790637232.392664,1.838486990891397
1790637232.4050481,2.037215977907181
1790637232.4137642,1.7447940190322697
1790637232.4162974,1.574678986798972
1790637232.4234905,1.4043939881958067
1790637232.4264293,1.288240950088948
1790637232.4322557,1.2119910097680986
1790637232.4344525,1.0829399689100683
1790637232.440801,1.4490400208160281
1790637232.446442,1.4545340090990067
1790637232.4766543,2.141289005521685
1790637232.4963028,2.826860989443958
1790637232.4982264,1.9097080221399665
1790637232.5095801,1.914902008138597
1790637232.5244539,1.7216270207427442
1790637232.5501819,2.3066549911163747
1790637232.5604706,3.309067978989333
1790637232.5607357,2.839174005202949
1790637232.5785153,2.2587059647776186
1790637232.579465,1.8676810432225466
1790637232.6099298,9.899800992570817
1790637232.6100068,25.341278000269085
1790637232.6309695,17.038421996403486
1790637232.6324558,8.11230600811541
1790637232.6326947,7.6882189605385065
1790637232.632833,24.100754992105067
1790637232.6333132,1.861628028564155
1790637232.659728,21.81067201308906
1790637232.6604753,23.55120802531019
1790637232.6657054,14.998315018601716
1790637232.6822152,24.81145499041304
1790637232.6823146,30.96032398752868
1790637232.6826954,11.312368034850806
1790637232.7415528,24.1803849930875
1790637232.7424176,25.760372984223068
1790637232.7424974,12.215166992973536
1790637232.742703,27.19670900842175
1790637232.7497413,1.4050400350242853
1790637232.7648644,1.6945120296441019
1790637232.7713842,1.6074609593488276
1790637232.7760682,1.6372979735024273
1790637232.7768142,1.4151110081002116
1790637232.7996035,2.0652899984270334
1790637232.801013,1.3977420167066157
1790637232.821503,2.0416119950823486
1790637232.823764,1.6457769670523703
1790637232.8418388,1.696770021226257
1790637232.8590863,3.0740589718334377
1790637232.8598547,2.9330969555303454
1790637232.8633034,1.5908450004644692
1790637232.8764405,2.000161970499903
1790637232.890677,1.6595140332356095
1790637232.902157,1.3558089849539101
1790637232.9442072,24.154711980372667
1790637232.9442782,17.443742020986974
1790637232.948481,22.195515979547054
1790637232.9647021,32.545975991524756
1790637232.964867,33.60132803209126
1790637232.9659495,28.801342996302992
1790637232.966122,25.050427997484803
1790637232.9664721,24.136600957717746
1790637232.9668856,22.491265030112118
1790637232.997853,36.74666897859424
1790637233.0096762,25.40052804397419
1790637233.0108938,32.08728099707514
1790637233.0112474,26.503151981160045
1790637233.0117638,26.418337016366422
1790637233.012132,17.745884018950164
1790637233.0122027,16.54271502047777
1790637233.0196488,2.2502170177176595
1790637233.0200875,1.485941989813
1790637233.0297236,1.5536680002696812
1790637233.035121,1.349186000879854
1790637233.0427704,1.353339001070708
1790637233.0502915,2.0490369643084705
1790637233.0573816,2.4206620291806757
1790637233.0667772,1.4772670110687613
1790637233.068713,1.2338529922999442
1790637233.0742857,1.9548950367607176
1790637233.0780022,1.3820449821650982
1790637233.090252,2.1653929725289345
1790637233.0948744,1.3299559941515326
1790637233.1018064,1.3980380026623607
1790637233.1113248,1.4098479878157377
1790637233.1193645,1.5714559704065323
1790637233.1287062,1.5193339786492288
1790637233.1381888,1.5089449589140713
1790637233.180085,4.8421420506201684
1790637233.1825972,4.86646598437801
1790637233.2309644,24.722248024772853
1790637233.2312946,4.1861149948090315
1790637233.2313883,20.632611005567014
1790637233.2314537,26.52469597524032
1790637233.2375567,2.227827033493668
1790637233.238455,1.7409449792467058
1790637233.24086,1.1195310507901013
1790637233.2526877,1.6278160037472844
1790637233.2574027,1.2007530312985182
1790637233.2752473,1.8366180011071265
1790637233.3158553,41.52691998751834
1790637233.3216257,33.11580902663991
1790637233.3319688,53.88787802075967
1790637233.340954,36.63247002987191
1790637233.3411767,44.42039498826489
1790637233.346188,36.28883900819346
1790637233.3572383,27.051906974520534
1790637233.3641803,24.3951550219208
1790637233.3642666,33.33567804656923
1790637233.3649638,46.14816204411909
1790637233.3653858,4.880285006947815
1790637233.3659387,22.46199198998511
1790637233.3912017,25.72561096167192
1790637233.391369,3.4734949585981667
1790637233.3914294,8.143279992509633
1790637233.3924577,1.8075340194627643
1790637233.392528,2.97779799439013
1790637233.3946965,1.206197019200772
1790637233.396585,1.1279929894953966
1790637233.4033995,1.4993170043453574
1790637233.4155023,1.5959389857016504
1790637233.4425106,1.9819049630314112
1790637233.45068,1.80370599264279
1790637233.4654224,2.3554229992441833
1790637233.4737396,1.5740160015411675
1790637233.4829986,1.8051129882223904
1790637233.4836032,1.5615400043316185
1790637233.4935925,1.833935035392642
1790637233.507303,1.969306031242013
1790637233.5080903,1.6530980356037617
1790637233.5169303,1.4034759951755404
1790637233.519156,1.619446964468807
1790637233.5209577,1.1817690101452172
1790637233.5920327,53.216645028442144
1790637233.5969472,51.42689700005576
1790637233.6071937,65.48604398267344
1790637233.612918,47.422967036254704
1790637233.6181085,67.83271895255893
1790637233.6248996,33.879330032505095
1790637233.6250656,52.517742034979165
1790637233.625689,54.22079999698326
1790637233.6260686,10.378719016443938
1790637233.626402,10.050886950921267
1790637233.6284242,1.417789957486093
1790637233.6309834,1.3232610072009265
1790637233.635938,1.20599998626858
1790637233.6450496,1.4677260187454522
1790637233.6810324,21.933144016657025
1790637233.690388,1.6579049988649786
1790637233.6975164,1.552157977130264
1790637233.7135177,1.7059040255844593
1790637233.7394223,23.445407976396382
1790637233.7399285,18.140772997867316
1790637233.7405279,17.68476696452126
1790637233.7408843,2.8629990410991013
1790637233.754385,2.094701980240643
1790637233.754485,2.6942120166495442
1790637233.7871864,18.546249950304627
1790637233.7975905,33.060458954423666
1790637233.8082619,30.37591394968331
1790637233.8087316,39.36056699603796
1790637233.80887,7.200466003268957
1790637233.8230295,1.4247569488361478
1790637233.8771422,2.2225769935175776
1790637233.8873022,1.7722310149110854
1790637233.890233,1.5216110041365027
1790637233.8931842,1.1746350210160017
1790637233.9045715,1.4601040165871382
1790637233.9093828,1.4667320065200329
1790637233.9106698,1.144427980761975
1790637233.9344041,1.775538024958223
1790637233.9348996,1.4052620390430093
1790637233.9484646,2.248351986054331
1790637233.949027,2.185925026424229
1790637233.9704263,2.109261986333877
1790637233.9818408,1.8064400064758956
1790637234.0032825,1.9757539848797023
1790637234.0064702,2.727882005274296
1790637234.0065434,2.285084978211671
1790637234.0172932,1.5023199957795441
1790637234.0202286,1.7297790036536753
1790637234.021568,1.1869640438817441
1790637234.0271204,1.3352909591048956
1790637234.0323615,1.3180070091038942
1790637234.0521457,1.9674890208989382
1790637234.0640888,1.5686620026826859
1790637234.065799,1.28985196352005
1790637234.0693076,1.3910249690525234
1790637234.114431,14.6604860201478
1790637234.114505,22.629085986409336
1790637234.1259735,2.069197013042867
1790637234.1322863,2.2145609837025404
1790637234.142879,3.096065018326044
1790637234.143265,2.779989968985319
1790637234.1455593,2.010602969676256
1790637234.1465178,1.722880988381803
1790637234.1490557,2.2346979822032154
1790637234.1711917,18.568527011666447
1790637234.171845,19.975803035777062
1790637234.177752,23.1581199914217
1790637234.1784513,14.465658983681351
1790637234.1785185,25.13672603527084
1790637234.1790185,11.608456959947944
1790637234.1857905,1.674035971518606
1790637234.2022078,2.0158460247330368
1790637234.222692,1.7751429695636034
1790637234.2367005,2.017250983044505
1790637234.2372053,1.53355801012367
1790637234.2711596,2.1278560161590576
1790637234.2745564,1.3635350042022765
1790637234.2794902,2.9048590222373605
1790637234.2810009,1.2549179955385625
1790637234.2869735,1.205136999487877
1790637234.300829,3.1532489811070263
1790637234.3018336,2.6678210124373436
1790637234.323112,20.88125399313867
1790637234.3263528,1.6097070183604956
1790637234.3343594,1.6113250167109072
1790637234.3457372,1.519828976597637
1790637234.350036,1.4210310182534158
1790637234.3613236,1.494954980444163
1790637234.3726215,1.7511930200271308
1790637234.392559,1.8293660250492394
1790637234.414152,2.519738976843655
1790637234.4243352,1.4807999832555652
1790637234.4322214,5.965866963379085
1790637234.432557,5.489455012138933
1790637234.4326563,4.220885050017387
1790637234.4337125,3.0928889755159616
1790637234.4404278,1.720111002214253
1790637234.4428918,1.408377953339368
1790637234.4587443,1.9829400116577744
1790637234.4679427,1.8923589959740639
1790637234.473033,2.2341670119203627
1790637234.4783475,2.3179400013759732
1790637234.4789798,1.665743999183178
1790637234.48631,1.7437479691579938
1790637234.4882555,1.775679993443191
1790637234.4891696,1.804712985176593
1790637234.5047297,2.0308999810367823
1790637234.516042,1.9734189845621586
1790637234.5372498,1.6787960194051266
1790637234.5483584,1.7819339991547167
1790637234.5514987,1.6287239850498736
1790637234.5544856,1.4313169522210956
1790637234.5688202,2.008953015320003
1790637234.5698445,2.06325197359547
1790637234.5706282,1.2200339697301388
1790637234.5719836,1.0935899917967618
1790637234.5826752,1.4509279862977564
1790637234.5932732,1.9373990362510085
1790637234.6153486,3.653807973023504
1790637234.6215637,3.789109003264457
1790637234.6341405,2.8285749722272158
1790637234.640573,2.2332309745252132
1790637234.6666884,2.0341590279713273
1790637234.6819882,2.171131956856698
1790637234.6897523,2.6526880101300776
1790637234.6898324,3.5865370300598443
1790637234.6997552,2.1890639909543097
1790637234.70633,2.3422359954565763
1790637234.7195323,2.0896869827993214
1790637234.722206,1.9030430121347308
1790637234.7546806,22.793686017394066
1790637234.7550108,5.490796989761293
1790637234.7550693,4.1632470092736185
1790637234.7667894,1.6384440241381526
1790637234.7687526,1.5135720022954047
1790637234.7733555,1.4358379994519055
1790637234.7779388,1.516513992100954
1790637234.802544,2.9770280234515667
1790637234.8026483,22.602981014642864
1790637234.805509,1.5512569807469845
1790637234.817382,1.67834700550884
1790637234.8178082,1.3195599894970655
1790637234.8309596,1.6284470329992473
1790637234.8480504,2.1868469775654376
1790637234.8694656,2.2082849754951894
1790637234.8740597,1.5598470345139503
1790637234.8827038,1.857916999142617
1790637234.8847368,1.2872510123997927
1790637234.9110305,8.422269020229578
1790637234.9111438,26.191802986431867
1790637234.933277,2.1779819508083165
1790637234.9344308,2.024117042310536
1790637234.9370594,1.4356969622895122
1790637234.9371445,1.9799830042757094
1790637234.952002,1.7115919617936015
1790637234.9556284,1.6063390066847205
1790637234.9696367,1.9475030130706728
1790637234.9847717,1.7625489854253829
1790637235.0204716,23.337264952715486
1790637235.021043,5.300446995534003
1790637235.0225058,1.4504819991998374
1790637235.0238476,1.3314819661900401
1790637235.033168,1.6213119961321354
1790637235.0357647,1.2571330298669636
1790637235.0408566,1.6032140119932592
1790637235.0469468,1.5856989775784314
1790637235.057997,1.6757710254751146
1790637235.06565,1.7499499954283237
1790637235.0712128,1.4161349972710013
1790637235.0960526,23.703712038695812
1790637235.0962112,12.597510998602957
1790637235.0963023,17.084274033550173
1790637235.0965889,13.452865008730441
1790637235.0971599,11.584891006350517
1790637235.1253304,25.167413987219334
1790637235.1259062,7.9095379915088415
1790637235.128798,1.5583090134896338
1790637235.1316023,1.2138610472902656
1790637235.1377735,1.5514440019614995
1790637235.1671057,1.9386719795875251
1790637235.1780875,1.6350069781765342
1790637235.1814494,1.4483180129900575
1790637235.2017326,1.7478200024925172
1790637235.2115028,1.866336038801819
1790637235.2139382,1.5472170198336244
1790637235.2252257,1.872604014351964
1790637235.231281,2.2280029952526093
1790637235.2361648,1.7665679915808141
1790637235.2382214,1.9170339801348746
1790637235.2609081,1.7110719927586615
1790637235.2658336,1.5141989570111036
1790637235.2717566,1.7487379955127835
1790637235.2792323,1.8513250397518277
1790637235.2811866,1.287837978452444
1790637235.290786,1.7638980061747134
1790637235.2928488,1.2757410295307636
1790637235.3355622,14.756395015865564
1790637235.336099,8.019766013603657
1790637235.3361638,26.91497397609055
1790637235.3366356,7.838551013264805
1790637235.3518052,2.332027012016624
1790637235.3519175,3.2841929933056235
1790637235.3581197,1.3281749561429024
1790637235.375298,2.359523030463606
1790637235.381086,3.7207399727776647
1790637235.3811858,2.954217023216188
1790637235.3965049,1.9231439800933003
1790637235.4312072,1.9933650037273765
1790637235.4383254,1.9487609970383346
1790637235.4681714,23.212515050545335
1790637235.4900775,2.4450530181638896
1790637235.498907,2.179861010517925
1790637235.508034,1.8949689692817628
1790637235.51051,2.077211975120008
1790637235.515017,2.1731089800596237
1790637235.5229146,2.2599269868806005
1790637235.5795,22.915462963283062
1790637235.579748,20.114664977882057
1790637235.5804307,5.8898949646390975
1790637235.5805056,15.101224009413272
1790637235.581005,3.2401499920524657
1790637235.588523,1.6698180115781724
1790637235.588633,2.3238100111484528
1790637235.5976045,1.6558050410822034
1790637235.6128871,1.7431750311516225
1790637235.6325665,1.7653399845585227
1790637235.636875,1.6229029861278832
1790637235.66399,1.814204966649413
1790637235.6681888,1.4926129952073097
1790637235.6735764,1.397093990817666
1790637235.6896718,1.8944350304082036
1790637235.6956196,1.6933970036916435
1790637235.7270708,17.425911966711283
1790637235.7275348,3.521887003444135
1790637235.7276027,23.41676998184994
1790637235.7503748,22.522596002090722
1790637235.7505152,19.695060036610812
1790637235.7512028,15.361215977463871
1790637235.7512693,6.9896040367893875
1790637235.7556963,1.2660769862122834
1790637235.7717242,2.4390219477936625
1790637235.7722962,1.733079960104078
1790637235.7753477,1.3499000342562795
1790637235.7832656,1.4361940557137132
1790637235.7856622,1.9152279710397124
1790637235.7863913,1.6627240111120045
1790637235.7878244,1.1817929917015135
1790637235.7910497,1.4432070311158895
1790637235.7962089,1.9395139534026384
1790637235.796527,1.7490210011601448
1790637235.8074765,1.5159519971348345
1790637235.8145058,1.612316002137959
1790637235.821763,1.6132660093717277
1790637235.8319597,1.8882459844462574
1790637235.8427482,1.614436972886324
1790637235.8655436,7.452805002685636
1790637235.8713202,27.966965979430825
1790637235.871465,10.635351005475968
1790637235.8804216,2.131608023773879
1790637235.8820257,1.5941279707476497
1790637235.8824916,1.4153849915601313
1790637235.8966465,1.6150220180861652
1790637235.9213586,2.2488459944725037
1790637235.9218976,1.4869290171191096
1790637235.9296625,1.963850052561611
1790637235.930688,1.8310720333829522
1790637235.932985,1.1820319923572242
1790637235.9487953,3.5413490259088576
1790637235.9489043,2.73660704260692
1790637235.9490187,2.2259500110521913
1790637235.9676747,2.0073159830644727
1790637235.994563,17.34059100272134
1790637236.0011375,24.44687398383394
1790637236.0012016,16.350182006135583
1790637236.0066261,1.3363409671001136
1790637236.022696,2.6906299754045904
1790637236.0227945,3.3316879998892546
1790637236.029342,1.5785879804752767
1790637236.0390139,1.7169640050269663
1790637236.0559163,2.2960409987717867
1790637236.0573337,1.406349998433143
1790637236.0662556,1.706886978354305
1790637236.081359,2.232220023870468
1790637236.0820735,2.110994013492018
1790637236.0972083,1.8819169490598142
1790637236.1062398,1.9512169528752565
1790637236.1068099,1.421721011865884
1790637236.1199484,1.848607964348048
1790637236.1340787,1.7132110078819096
1790637236.1600537,1.8647219985723495
1790637236.163488,1.3643009588122368
1790637236.1780193,4.266328003723174
1790637236.178138,3.5157300299033523
1790637236.178207,4.580683016683906
1790637236.181846,1.2722109677270055
1790637236.1901143,3.12692899024114
1790637236.1902444,2.795826003421098
1790637236.1906369,1.5114989946596324
1790637236.2109916,2.002477995119989
1790637236.2182474,1.4126149471849203
1790637236.2222435,1.3002670020796359
1790637236.2414327,2.216055989265442
1790637236.2417605,1.771643990650773
1790637236.2502143,1.5562820481136441
1790637236.2518146,1.248528016731143
1790637236.2672133,1.9056290038861334
1790637236.2959154,19.55831894883886
1790637236.2967405,25.43676702771336
1790637236.2968311,19.74165200954303
1790637236.3057976,1.5231029829010367
1790637236.3092344,1.4136210083961487
1790637236.3160691,1.8682540394365788
1790637236.3204427,1.4726970111951232
1790637236.3271823,1.3141779927536845
1790637236.3340366,2.0093999919481575
1790637236.336086,1.3203760026954114
1790637236.3471696,2.003837958909571
1790637236.39357,20.587801001966
1790637236.3939056,24.858610006049275
1790637236.3943436,22.057877969928086
1790637236.3947377,19.875274039804935
1790637236.3949769,7.167544972617179
1790637236.405797,1.7378070042468607
1790637236.41925,1.7841289518401027
1790637236.4387648,1.736439997330308
1790637236.4605672,1.8099810113199055
1790637236.4696364,1.871268032118678
1790637236.4721897,1.31358701037243
1790637236.4733963,1.1968759936280549
1790637236.4943209,1.9765360048040748
1790637236.4978144,1.9321200088597834
1790637236.5020764,1.5064579783938825
1790637236.5274408,24.17070302180946
1790637236.5275836,17.346735985483974
1790637236.5289793,7.845649030059576
1790637236.529374,6.838786997832358
1790637236.5294628,17.02285901410505
1790637236.5308359,1.2723170220851898
1790637236.5530255,1.6530939610674977
1790637236.558834,1.6132689779624343
1790637236.5594974,1.624689029995352
1790637236.5727232,2.048082009423524
1790637236.5981817,2.1240129717625678
1790637236.6024075,1.829928020015359
1790637236.6201422,2.167017024476081
1790637236.6237228,1.4856659690849483
1790637236.6297305,1.8245449755340815
1790637236.6538823,23.553220962639898
1790637236.6544187,19.1562149557285
1790637236.6544857,8.829754020553082
1790637236.6553767,1.4169929781928658
1790637236.6697314,2.5565159739926457
1790637236.6770756,1.5429339837282896
1790637236.6873617,1.505455991718918
1790637236.692241,1.3653429923579097
1790637236.696529,1.27894600154832
1790637236.7008595,1.6741359722800553
1790637236.714991,1.6689460026100278
1790637236.7460082,22.808738984167576
1790637236.7509663,18.646688957232982
1790637236.7547271,19.802171969786286
1790637236.7551932,33.66112901130691
1790637236.7553735,13.964551966637373
1790637236.7554672,14.936081017367542
1790637236.7556195,7.131519028916955
1790637236.7556915,4.056312027387321
1790637236.7747703,2.3412620066665113
1790637236.783883,1.9242879934608936
1790637236.8108764,26.858316035941243
1790637236.811068,18.54633097536862
1790637236.8112104,7.6676020398736
1790637236.8328717,2.9839969938620925
1790637236.832941,22.927600017283112
1790637236.8591638,2.1860349806956947
1790637236.8637571,1.6706379828974605
1790637236.8642123,1.4521590201184154
1790637236.8965867,2.2451559780165553
1790637236.8971796,1.5546560171060264
1790637236.9089105,1.9237769884057343
1790637236.9149115,1.7648699576966465
1790637236.921636,1.6509180422872305
1790637236.939168,1.902785967104137
1790637236.9547045,1.6425959765911102
1790637236.9832356,25.62427899101749
1790637236.983329,11.625706974882632
1790637236.997456,1.8518660217523575
1790637237.0178246,17.378922028001398
1790637237.0469213,47.835021978244185
1790637237.0475526,45.536111982073635
1790637237.0481565,44.646829017437994
1790637237.04845,44.395498000085354
1790637237.0488102,29.158591001760215
1790637237.0493264,6.105958018451929
1790637237.049632,10.259441041853279
1790637237.0499969,4.965774016454816
1790637237.0505092,4.390640999190509
1790637237.0617962,1.8740009982138872
1790637237.0836263,1.9752189982682467
1790637237.0892432,1.8788090092130005
1790637237.0957143,1.399750995915383
1790637237.0981903,1.3454229920171201
1790637237.0997756,1.5749610029160976
1790637237.1009798,1.194757001940161
1790637237.1165688,1.8468350172042847
1790637237.117467,1.742349995765835
1790637237.1305435,1.9743549637496471
1790637237.1363082,1.7389250569976866
1790637237.1452596,1.681444002315402
1790637237.159571,1.9626900320872664
1790637237.165335,2.0858969655819237
1790637237.1654055,2.6544680004008114
1790637237.1927834,1.759725040756166
1790637237.2002828,1.9400069722905755
1790637237.2043643,1.7275259597226977
1790637237.2125356,1.605999015737325
1790637237.2154458,1.2390560004860163
1790637237.2334445,2.0904529956169426
1790637237.2552893,2.016982005443424
1790637237.2747476,2.2355509572662413
1790637237.2756708,1.7041940009221435
1790637237.2819636,1.9992580055259168
1790637237.2938259,2.124049002304673
1790637237.2938967,2.8466410003602505
1790637237.3091497,1.872980035841465
1790637237.3172448,1.9458060269244015
1790637237.326453,1.6645260038785636
1790637237.3466322,2.0886639831587672
1790637237.3484936,1.399035973008722
1790637237.3537169,1.5188160468824208
1790637237.3627453,2.0057010115124285
1790637237.376428,2.3968059686012566
1790637237.384754,1.941091031767428
1790637237.4020002,1.986643997952342
1790637237.431094,12.304287985898554
1790637237.4311988,10.457137017510831
1790637237.4312668,27.91034698020667
1790637237.4331648,1.6460089827887714
1790637237.4734461,1.7475690110586584
1790637237.487885,1.659167988691479
1790637237.4908412,1.4653720427304506
1790637237.510245,2.20276799518615
1790637237.5299804,2.3126070154830813
1790637237.5364666,1.5351470210589468
1790637237.5384865,1.4807659899815917
1790637237.5408428,1.4506640145555139
1790637237.58719,2.2937169997021556
1790637237.5872948,1.825065992306918
1790637237.5908504,1.2774750357493758
1790637237.650228,39.08339102054015
1790637237.6503778,44.912794954143465
1790637237.6574395,43.26255799969658
1790637237.6579776,47.803220979403704
1790637237.6586173,41.11882398137823
1790637237.6593132,33.919893961865455
1790637237.6607866,30.49086802639067
1790637237.6613572,23.617842001840472
1790637237.6614573,10.44647698290646
1790637237.6615255,7.335445028729737
1790637237.690669,2.202093950472772
1790637237.7266235,26.575218013022095
1790637237.7269878,18.483399995602667
1790637237.7270896,15.654619957786053
1790637237.7420633,1.874743029475212
1790637237.752859,1.662166032474488
1790637237.7689843,1.8586459918878973
1790637237.776394,1.4266260550357401
1790637237.7965515,2.041726023890078
1790637237.797224,1.7471960163675249
1790637237.80107,1.3095730100758374
1790637237.8131592,1.5997589798644185
1790637237.8199568,1.7364600207656622
1790637237.8235612,1.585005025845021
1790637237.8561456,22.722630004864186
1790637237.8574097,2.654537034686655
1790637237.8625464,1.7138459952548146
1790637237.8748884,1.9269330077804625
1790637237.8909438,1.8094749539159238
1790637237.8972268,1.6098369960673153
1790637237.9020352,1.6439119935967028
1790637237.9064722,1.5010290080681443
1790637237.913316,1.4546019956469536
1790637237.9164326,1.303945027757436
1790637237.9303339,2.0210499642416835
1790637237.9363282,1.5881700091995299
1790637237.9588993,1.819617988076061
1790637237.962003,1.7950969631783664
1790637237.9665735,1.42262305598706
1790637237.9798048,1.8823129939846694
1790637237.9810784,1.2608799734152853
1790637237.9966753,1.7026959685608745
1790637238.0014458,1.4118389808572829
1790637238.0168498,1.6838409937918186
1790637238.0229318,1.6846790094859898
1790637238.023003,2.3050399613566697
1790637238.0297177,1.6808010404929519
1790637238.0444088,1.7766699893400073
1790637238.0515974,1.6990859876386821
1790637238.0602598,1.9219599780626595
1790637238.0747335,1.8879660055972636
1790637238.1102018,1.920284004881978
1790637238.1438236,2.2609909647144377
1790637238.1629808,2.0119399996474385
1790637238.163524,1.5698210336267948
1790637238.166406,1.3130309525877237
1790637238.1723871,1.6479080077260733
1790637238.1742709,1.4620819711126387
1790637238.190107,2.5168919819407165
1790637238.1935935,1.468008034862578
1790637238.2000883,2.606597961857915
1790637238.2005262,2.5677370140329003
1790637238.2013454,1.2469689827412367
1790637238.230357,2.0028079743497074
1790637238.2361612,2.0562360296025872
1790637238.2385902,1.4975870144553483
1790637238.2446554,1.32643902907148
1790637238.2536216,1.6201789840124547
1790637238.300591,45.370363048277795
1790637238.3006897,23.025033005978912
1790637238.3024774,19.489739963319153
1790637238.302763,15.20319702103734
1790637238.3028157,29.256968991830945
1790637238.315594,1.8503100145608187
1790637238.3312669,1.6792900278232992
1790637238.3328948,1.4786370447836816
1790637238.3359299,1.2695729965344071
1790637238.340708,1.4259290182963014
1790637238.34803,1.5622780192643404
1790637238.3590846,1.9041699706576765
1790637238.3609693,1.7490189638920128
1790637238.3742523,2.4209219845943153
1790637238.3743565,1.9071370479650795
1790637238.3771927,1.3016779557801783
1790637238.427798,30.172408965881914
1790637238.4382873,27.499698975589126
1790637238.4444613,28.623289021197706
1790637238.4491668,28.167359996587038
1790637238.4506981,26.619740994647145
1790637238.4507806,39.28853099932894
1790637238.456726,27.443112980108708
1790637238.4618878,31.2589579843916
1790637238.4622788,30.754382023587823
1790637238.4746788,7.465425005648285
1790637238.4749792,6.949611997697502
1790637238.4751096,40.22382397670299
1790637238.4774582,1.4708859962411225
1790637238.4933562,2.0808419794775546
1790637238.4943979,1.9130969885736704
1790637238.5201397,23.448567953892052
1790637238.5202303,21.14045701455325
1790637238.526767,1.7702599870972335
1790637238.536572,1.6114420141093433
1790637238.5456994,1.598035974893719
1790637238.5515432,1.5043829916976392
1790637238.554789,1.3852800475433469
1790637238.611668,1.9276330131106079
1790637238.6193402,1.965984993148595
1790637238.629007,1.731590018607676
1790637238.6578927,1.9117000047117472
1790637238.699021,24.163422000128776
1790637238.7210786,56.59363098675385
1790637238.72177,41.38744302326813
1790637238.722336,31.74991998821497
1790637238.7242427,27.70870301174
1790637238.7243664,16.361109970603138
1790637238.7244463,37.91975905187428
1790637238.724778,2.306264010258019
1790637238.7288263,1.8508599605411291
1790637238.7327485,2.0537920063361526
1790637238.7669647,1.8688369891606271
1790637238.7795599,1.8103039474226534
1790637238.8237767,25.56907298276201
1790637238.8238902,20.563944010064006
1790637238.8495178,44.36769598396495
1790637238.850735,46.78191296989098
1790637238.8512607,21.529268007725477
1790637238.851596,38.6010889778845
1790637238.8519301,19.660737016238272
1790637238.8520162,24.949958955403417
1790637238.8527532,19.859135034494102
1790637238.8530424,19.15622502565384
1790637238.858358,1.5872700023464859
1790637238.865451,1.7078809905797243
1790637238.8707008,1.5302040264941752
1790637238.8802922,1.6933269798755646
1790637238.890413,1.6868870006874204
1790637238.90064,1.8605019431561232
1790637238.9240475,21.931419032625854
1790637238.9241831,11.968643055297434
1790637238.9324155,1.7888919683173299
1790637238.9420333,1.7082690028473735
1790637238.9538436,1.6015419969335198
1790637238.9642763,1.9937470206059515
1790637238.9700398,1.590839005075395
1790637238.9816191,1.6352509846910834
1790637238.996832,2.1917480044066906
1790637239.0087845,1.7139759729616344
1790637239.0135844,1.635753025766462
1790637239.0153549,1.2425900204107165
1790637239.0230756,2.160208998247981
1790637239.0323598,1.6523509984835982
1790637239.0669644,24.50503100408241
1790637239.0719197,1.8000040436163545
1790637239.092619,2.147591032553464
1790637239.094575,1.7970140324905515
1790637239.1004124,1.906385994516313
1790637239.101289,1.7032939940690994
1790637239.1125329,1.914527965709567
1790637239.1219218,1.5884230379015207
1790637239.1323678,1.5983509947545826
1790637239.1498582,1.9772879895754158
1790637239.168851,3.2200790010392666
1790637239.1701896,3.097822016570717
1790637239.1702645,2.086804946884513
1790637239.1818054,1.6848379746079445
1790637239.1850774,1.3770029763691127
1790637239.2062776,2.019634994212538
1790637239.214994,1.5841340064071119
1790637239.2314274,2.099259989336133
1790637239.2554798,22.192164964508265
1790637239.2563846,4.76912094745785
1790637239.2564604,26.005487015936524
1790637239.2582583,1.4282050542533398
1790637239.2599027,1.6334570245817304
1790637239.2745314,1.8843200523406267
1790637239.279131,1.9849109812639654
1790637239.330924,20.186489971820265
1790637239.339086,26.093881053384393
1790637239.3394363,24.533405026886612
1790637239.339726,19.245377043262124
1790637239.3398907,32.15639101108536
1790637239.3527162,2.1965060150250793
1790637239.3560624,2.0418009953573346
1790637239.3603666,1.864565012510866
1790637239.3627374,1.5648059779778123
1790637239.3749568,2.1663689985871315
1790637239.3753407,1.90900603774935
1790637239.3792944,1.9094200106337667
1790637239.4221814,3.052334999665618
1790637239.4222517,2.444376004859805
1790637239.4469366,1.948569028172642
1790637239.4473648,1.3890810078009963
1790637239.4554484,1.5450430219061673
1790637239.4586143,2.3172060027718544
1790637239.458729,1.897782029118389
1790637239.466005,1.8261580262333155
1790637239.4770103,1.9108799751847982
1790637239.5005991,1.8056639819405973
1790637239.5043812,1.7388169653713703
1790637239.5615413,2.458976989146322
1790637239.56371,2.039063023403287
1790637239.5637877,2.7397400117479265
1790637239.5763774,1.8657039618119597
1790637239.6276772,21.448763029184192
1790637239.6283658,8.92150797881186
1790637239.6287386,27.810742962174118
1790637239.6288042,10.158778983168304
1790637239.6350029,1.4228670042939484
1790637239.6413174,1.8351540202274919
1790637239.6471126,1.6786149935796857
1790637239.6554823,1.7250309465453029
1790637239.663047,1.5847560134716332
1790637239.6687646,2.4412290076725185
1790637239.668844,2.0029829465784132
1790637239.6959968,1.9494550069794059
1790637239.6966321,1.5925569459795952
1790637239.7077904,1.6980789951048791
1790637239.7083094,1.4703059569001198
1790637239.710163,1.073503983207047
1790637239.715874,1.5222609508782625
1790637239.7263823,1.5777010121382773
1790637239.747409,2.4178160238079727
1790637239.7942057,17.09317701170221
1790637239.7951286,12.33810797566548
1790637239.7952244,23.379652993753552
1790637239.8165002,25.729763030540198
1790637239.8177621,20.998010004404932
1790637239.8181634,26.2827459955588
1790637239.818314,19.64010897791013
1790637239.8203878,19.288996991235763
1790637239.820567,7.305554987397045
1790637239.8206375,12.074341007973999
1790637239.820977,1.837996009271592
1790637239.8441498,16.5000680135563
1790637239.844246,21.554126986302435
1790637239.857066,1.8533399561420083
1790637239.8715522,1.7399570206180215
1790637239.8753986,1.3722809962928295
1790637239.8782153,1.2371080229058862
1790637239.9072711,2.3997040116228163
1790637239.9078262,1.7210270161740482
1790637239.9397695,25.565553980413824
1790637239.940805,23.797535977791995
1790637239.9518814,38.68603199953213
1790637239.952051,32.52395603340119
1790637239.9650476,38.217603985685855
1790637239.965958,33.36971497628838
1790637239.9662356,37.516355980187654
1790637239.9668334,25.157089985441417
1790637239.9669921,21.361095015890896
1790637239.9677422,23.10772897908464
1790637239.968045,17.64734199969098
1790637239.9683504,14.278941962402314
1790637239.9692183,12.400053965393454
1790637239.9692874,13.220330001786351
1790637239.9738092,1.5097660361789167
1790637239.9808154,1.5965959755703807
1790637240.01571,13.444402953609824
1790637240.016212,23.943605017848313
1790637240.017402,4.418104013893753
1790637240.0176034,13.71778902830556
1790637240.0180707,1.8006289610639215
1790637240.0221498,1.7483159899711609
1790637240.025672,1.2553089763969183
1790637240.0303302,1.4683130430057645
1790637240.0428813,1.6584810218773782
1790637240.0545626,2.1728519932366908
1790637240.0558486,2.123920014128089
1790637240.0777838,22.812823008280247
1790637240.0778596,6.367334979586303
1790637240.0904343,2.5569339632056653
1790637240.1127973,2.4831320042721927
1790637240.1452882,2.967687032651156
1790637240.1453748,25.44560399837792
1790637240.1476321,1.3742599985562265
1790637240.1545217,1.561413984745741
1790637240.1589172,1.3881500344723463
1790637240.1720114,2.834165992680937
1790637240.1720986,2.840731991454959
1790637240.1862745,1.65681098587811
1790637240.1903691,1.7235029954463243
1790637240.1939209,1.5053109964355826
1790637240.2211952,14.998426951933652
1790637240.2215316,18.045275006443262
1790637240.2318072,33.38400000939146
1790637240.2377343,26.84188896091655
1790637240.2465658,34.482957038562745
1790637240.246682,37.166265945415944
1790637240.2480638,9.876889002043754
1790637240.2481277,19.071604998316616
1790637240.248184,22.086556011345237
1790637240.2802422,23.641217034310102
1790637240.2847085,29.061292007099837
1790637240.2956645,31.88202896853909
1790637240.3016703,42.6046650391072
1790637240.3029666,45.68267898866907
1790637240.3034506,36.92671499447897
1790637240.3137178,45.46006896998733
1790637240.3256516,51.61847296403721
1790637240.3259323,56.70755001483485
1790637240.3272371,47.92665201239288
1790637240.3277159,34.426397003699094
1790637240.3278744,24.413773033302277
1790637240.328244,8.988267974928021
1790637240.3285372,6.858264969196171
1790637240.3344562,1.856835966464132
1790637240.335201,1.456838974263519
1790637240.3409119,1.5586279914714396
1790637240.3439019,2.113423019181937
1790637240.344732,2.2517269826494157
1790637240.3448348,1.8860330455936491
1790637240.3483267,1.2035620165988803
1790637240.3507202,1.178914972115308
1790637240.3878543,13.595429016277194
1790637240.3879504,22.55010895896703
1790637240.3880293,18.389393982943147
1790637240.4124372,1.7339990008622408
1790637240.4186757,2.2732799989171326
1790637240.422335,1.9428819650784135
1790637240.433992,2.441457996610552
1790637240.4384258,2.0770419505424798
1790637240.4519897,2.713490976020694
1790637240.453298,2.4230609997175634
1790637240.4644434,2.7328499709255993
1790637240.4645457,2.1207279642112553
1790637240.4775865,2.1569529781118035
1790637240.496052,1.995388010982424
1790637240.4977584,1.4677370199933648
1790637240.5032032,1.8710760050453246
1790637240.5227284,2.0737129962071776
1790637240.5336168,2.539596986025572
1790637240.5345767,3.3733739983290434
1790637240.5613952,11.801315995398909
1790637240.5614824,26.619564974680543
1790637240.561609,24.568004009779543
1790637240.5628543,2.5670130271464586
1790637240.5663867,2.0110089681111276
1790637240.567006,1.8317829817533493
1790637240.5750632,2.123989979736507
1790637240.5822527,2.9513610061258078
1790637240.5836544,2.6381099596619606
1790637240.5849397,2.155715017579496
1790637240.5903842,2.1089869551360607
1790637240.622899,18.981055007316172
1790637240.6300337,30.09633399778977
1790637240.6405423,37.2891949955374
1790637240.6521392,34.41873594420031
1790637240.6530406,38.969537999946624
1790637240.653362,5.871069966815412
1790637240.6534367,18.59073102241382
1790637240.657095,1.3921369682066143
1790637240.6627936,1.6047470271587372
1790637240.6747534,1.5613340074196458
1790637240.6887643,1.8521050224080682
1790637240.7065718,1.792864000890404
1790637240.7082546,1.5672059962525964
1790637240.710843,1.412039971910417
1790637240.7382724,22.92309602489695
1790637240.7384214,17.764069023542106
1790637240.7389717,27.00375800486654
1790637240.739807,2.652192022651434
1790637240.7398748,5.013874964788556
1790637240.7720804,1.847717969212681
1790637240.7741048,1.4760029735043645
1790637240.8112638,2.104179991874844
1790637240.8145149,1.663916977122426
1790637240.8181953,1.931568025611341
1790637240.8313015,3.0386190046556294
1790637240.831383,2.5205370038747787
1790637240.834355,1.8908369820564985
1790637240.8394873,2.3405629908666015
1790637240.8594432,1.8537110299803317
1790637240.8672616,2.021435007918626
1790637240.8745387,1.6582089592702687
1790637240.8865414,1.6387809882871807
1790637240.909923,1.9962170044891536
1790637240.9426577,2.0318159949965775
1790637240.9612882,1.7716989968903363
1790637240.9760199,2.2090469719842076
1790637240.9946206,1.8292829627171159
1790637241.0047884,2.3944859858602285
1790637241.0058734,2.2591869928874075
1790637241.005953,2.882148022763431
1790637241.0299587,1.8298999639227986
1790637241.033291,1.4299880131147802
1790637241.0698035,1109.5590390032157
1790637241.0723748,29.884386982303113
1790637241.0731208,23.470060026738793
1790637241.0732315,8.905449998565018
1790637241.0733047,6.986966996919364
1790637241.0734315,4.962953040376306
1790637241.098627,20.879661024082452
1790637241.0991545,28.25497800949961
1790637241.0992837,18.346033990383148
1790637241.0998979,16.84260700130835
1790637241.1005409,4.563770955428481
1790637241.1006465,12.19292898895219
1790637241.115825,1.8727729911915958
1790637241.1537912,31.795173999853432
1790637241.1661618,46.42973898444325
1790637241.1664023,42.99453098792583
1790637241.1664891,50.394101010169834
1790637241.1694102,39.51751999557018
1790637241.1697307,44.165512023027986
1790637241.1700382,42.943022039253265
1790637241.170694,36.62983502727002
1790637241.1710289,34.39626400358975
1790637241.1711512,3.9988249773159623
1790637241.1715734,4.263972979970276
1790637241.1864007,2.6800550404004753
1790637241.1923785,2.70600599469617
1790637241.1962693,2.639351994730532
1790637241.2286828,18.12885602703318
1790637241.231359,21.74427203135565
1790637241.2314408,26.049654989037663
1790637241.2474132,1.8521799938753247
1790637241.2517893,1.4664799673482776
1790637241.258388,1.4958189567551017
1790637241.2608793,1.8311230232939124
1790637241.2806363,1005.0700360443443
1790637241.2807157,1005.558695003856
1790637241.2887104,1.509829016868025
1790637241.3002272,1.7946760053746402
1790637241.3046684,1.4368140255101025
1790637241.324573,1.9146520062349737
1790637241.3264866,1.284056983422488
1790637241.3474164,1.749749993905425
1790637241.3491433,1.3894799631088972
1790637241.3528712,1.6302239964716136
1790637241.3605006,1.8564679776318371
1790637241.3610728,1.5097630093805492
1790637241.3706594,1087.5033850315958
1790637241.3707345,2.684991981368512
1790637241.3847344,1.6376699786633253
1790637241.4055967,2.0913449698127806
1790637241.4210932,1.9899840117432177
1790637241.4765074,31.69985202839598
1790637241.4771314,10.847878002095968
1790637241.4772103,15.508817974478006
1790637241.480159,1.5734349726699293
1790637241.4887965,2.1819720277562737
1790637241.5179865,1.857066003140062
1790637241.5322604,1.8817000091075897
1790637241.5327418,1.3891489943489432
1790637241.538471,1.3242160202935338
1790637241.5420818,1.3245860463939607
1790637241.5677552,1.8203100189566612
1790637241.5831673,2.0232059760019183
1790637241.5837085,3.3273580484092236
1790637241.6070397,1.7666270141489804
1790637241.6432886,2.065181965008378
1790637241.647584,1.5235850005410612
1790637241.6521623,1.3099099742248654
1790637241.6662884,1.7096130177378654
1790637241.6755168,1.5298849903047085
1790637241.722788,30.00068897381425
1790637241.7281096,45.475873979739845
1790637241.7286205,45.43361201649532
1790637241.7292964,22.099690977483988
1790637241.733723,38.47847500583157
1790637241.7610312,2.469502971507609
1790637241.7784317,1.9332190277054906
1790637241.839349,53.49490599473938
1790637241.839468,44.418960984330624
1790637241.8409562,62.47430696384981
1790637241.8410606,29.1617939947173
1790637241.841261,43.579127988778055
1790637241.84189,10.009896010160446
1790637241.8419719,28.203882975503802
1790637241.8739564,1.9988699932582676
1790637241.8871806,1.6624419949948788
1790637241.8959885,1.4678800362162292
1790637241.9009156,1.4246429782360792
1790637241.925023,1.775268989149481
1790637241.9289494,1.684168993961066
1790637241.9314816,1.2235480244271457
1790637241.947024,1.8618869944475591
1790637241.9614065,2.5823480100370944
1790637241.9622648,1.849818043410778
1790637241.9640107,1.173187978565693
1790637241.9854438,1.6889619873836637
1790637242.0144124,1.9579819636419415
1790637242.0377803,5.227765010204166
1790637242.0378482,20.795096992515028
1790637242.04316,1.4748260146006942
1790637242.0474453,1.3173400075174868
1790637242.049475,1.9163629622198641
1790637242.0500467,1.664067036472261
1790637242.0584228,1.6434930148534477
1790637242.0729346,1.8182969652116299
1790637242.1116562,25.3049079910852
1790637242.111734,22.60879601817578
1790637242.112401,9.828009991906583
1790637242.112534,9.22603701474145
1790637242.1237962,18.169246963225305
1790637242.149901,41.034672991372645
1790637242.1596084,50.08093803189695
1790637242.1599977,39.610677980817854
1790637242.1600764,32.974677975289524
1790637242.1656432,37.83228003885597
1790637242.189323,40.86503497092053
1790637242.206304,68.78221000079066
1790637242.2082977,1066.894025017973
1790637242.2090034,45.56711501209065
1790637242.2091007,1066.3598149549216
1790637242.2095783,1072.301146981772
1790637242.209989,35.89069499867037
1790637242.2112594,37.80669701518491
1790637242.2115717,27.413434989284724
1790637242.211883,26.33960999082774
1790637242.2121654,6.947561982087791
1790637242.2191675,2.114700968377292
1790637242.220861,1.5505980118177831
1790637242.2229373,1.1861599632538855
1790637242.2317035,2.011092030443251
1790637242.2355928,1.4971199561841786
1790637242.237771,1.4804779784753919
1790637242.237856,2.0574109512381256
1790637242.2395217,1.246920961420983
1790637242.2624738,1.9959750352427363
1790637242.2748406,1.6688150353729725
1790637242.2944455,2.50830699224025
1790637242.2996182,1.6214899951592088
1790637242.3153632,1.6810360248200595
1790637242.3335404,1.690401986707002
1790637242.3595815,2.036485995631665
1790637242.3624744,1.3275269884616137
1790637242.3848248,1.8109650118276477
1790637242.3940992,6.948229973204434
1790637242.3942034,7.604539976455271
1790637242.4129097,19.965302024502307
1790637242.4142725,26.402905001305044
1790637242.4144197,7.523698965087533
1790637242.4144974,8.326757000759244
1790637242.418499,1.4811299624852836
1790637242.434535,1.8357739900238812
1790637242.469332,2.2502699866890907
1790637242.474396,2.6591329951770604
1790637242.4810572,1.99997698655352
1790637242.4831755,1.6801950405351818
1790637242.5388632,20.70814196486026
1790637242.5389676,24.428876000456512
1790637242.5581064,1.8485449836589396
1790637242.55819,2.621600986458361
1790637242.6037428,1.750315015669912
1790637242.6273568,2.2046490339562297
1790637242.6512673,1.8911900115199387
1790637242.6788895,2.226219978183508
1790637242.7000299,2.387305023148656
1790637242.7036965,1.6253420035354793
1790637242.7056816,1.5537820290774107
1790637242.706348,1.5882610459811985
1790637242.7084377,1.9400869496166706
1790637242.756712,48.78627002472058
1790637242.7608225,8.97893903311342
1790637242.7610166,36.05652099940926
1790637242.7615974,1.8443390144966543
1790637242.7653716,1.4759019832126796
1790637242.7717648,1.398439984768629
1790637242.7732756,1.2915550032630563
1790637242.7840533,1.725687994621694
1790637242.7872195,1.4701680047437549
1790637242.7936492,1.4734060387127101
1790637242.7993596,1.5526309725828469
1790637242.8021476,1.532646012492478
1790637242.8040588,1.6267540049739182
1790637242.8390422,1.9969409913755953
1790637242.8426049,1.4708859962411225
1790637242.8474162,1.770967966876924
1790637242.8636508,1.778857025783509
1790637242.9045446,23.377361008897424
1790637242.9151962,1.6533580492250621
1790637242.9229236,1.746077963616699
1790637242.939064,1.7748660175129771
1790637242.941773,1.5882609877735376
1790637242.9476416,1.3008700334466994
1790637242.950476,1.2602839851751924
1790637242.956059,2.0259859738871455
1790637242.9765823,1.7858690116554499
1790637242.982584,1.50279700756073
1790637242.9925926,2.882614964619279
1790637242.992661,3.785134991630912
1790637243.0117984,2.20079900464043
1790637243.0380182,3.7277369992807508
1790637243.0454676,3.1672579934820533
1790637243.059356,3.166523005347699
1790637243.060227,3.041823976673186
1790637243.064609,2.7304570539854467
1790637243.099142,24.842902028467506
1790637243.126723,54.4485819991678
1790637243.1296692,34.76568101905286
1790637243.130037,52.938428008928895
1790637243.1308386,21.17240900406614
1790637243.1309614,16.492953000124544
1790637243.1312435,8.589548000600189
1790637243.1422207,2.1394199575297534
1790637243.1442354,1.371823949739337
1790637243.1518235,1.968436990864575
1790637243.158456,1.7304709763266146
1790637243.1706898,1.6954890452325344
1790637243.1723647,1.4383969828486443
1790637243.1895082,2.754002984147519
1790637243.2006912,1013.9593459898606
1790637243.245282,8.26247502118349
1790637243.2655468,3.4972900175489485
1790637243.265615,3.361061040777713
1790637243.299888,4.217531008180231
1790637243.3264534,12.198494980111718
1790637243.3267777,15.214329003356397
1790637243.3513653,20.91353904688731
1790637243.3519382,30.658211035188287
1790637243.355314,17.834441969171166
1790637243.3557885,24.464604968670756
1790637243.356924,12.084344984032214
1790637243.357352,11.678754992317408
1790637243.3574684,4.7798550222069025
1790637243.384719,23.759795003570616
1790637243.3981953,1.4765349915251136
1790637243.4020586,1.4871219755150378
1790637243.4276586,2.354160009417683
1790637243.4277322,22.542788996361196
1790637243.434524,1.4892899780534208
1790637243.4395812,1.4688430237583816
1790637243.4447248,1.3134840410202742
1790637243.4539015,1.520998019259423
1790637243.4626174,1.4274590066634119
1790637243.469712,1.9749609637074172
1790637243.4927928,22.08600495941937
1790637244.5323036,22.811834001913667
1790637244.5331597,16.97581500047818
1790637244.5338538,14.624522998929024
1790637244.534083,7.094681961461902
1790637244.534602,27.08620100747794
1790637244.534658,3.7600750220008194
1790637244.5636983,1.654461957514286
1790637244.5913851,4.260449961293489
1790637244.607942,3.2991160405799747
1790637244.6320264,15.559556020889431
1790637244.6326728,22.19378895824775
1790637244.6328735,11.006921995431185
1790637244.6449459,1.4033190091140568
1790637244.6566107,1.686139963567257
1790637244.6618276,1.3229910400696099
1790637244.669613,1.4584140153601766
1790637244.722938,27.250699000433087
1790637244.723297,21.409211040008813
1790637244.723594,19.40316701075062
1790637244.7398384,35.8303960529156
1790637244.745773,38.554262020625174
1790637244.7476816,37.732059019617736
1790637244.747811,39.06710003502667
1790637244.7498834,35.24030704284087
1790637244.750444,21.994512004312128
1790637244.75058,18.10445002047345
1790637244.7509224,2.3995450465008616
1790637244.7510085,6.217574002221227
1790637244.7706215,2.1387599990703166
1790637244.7885847,5.454803991597146
1790637244.791536,6.458221992943436
1790637244.811288,1.759083999786526
1790637244.8265748,1.9612250034697354
1790637244.8335621,1.6704199952073395
1790637244.840205,1.460083993151784
1790637244.8429573,1.360249996650964
1790637244.8523498,2.17309599975124
1790637244.8613896,1.6835809801705182
1790637244.8662553,1.4909690362401307
1790637244.8733642,1.5978310257196426
1790637244.891192,1.6855690046213567
1790637244.9281473,1.9194419728592038
1790637244.9294972,1.247545995283872
1790637244.9359045,1.404048001859337
1790637244.9503343,3.109559998847544
1790637244.9568946,1.5089520020410419
1790637244.9789867,7.2038370417431
1790637244.9848912,19.198305963072926
1790637244.9866276,25.304936978500336
1790637244.9867911,11.051452020183206
1790637244.9872947,10.454386007040739
1790637244.9922624,1.3918370241299272
1790637245.0185773,18.865099002141505
1790637245.0196764,18.732974014710635
1790637245.0202522,18.862468015868217
1790637245.0203366,27.61537197511643
1790637245.0207245,13.829787028953433
1790637245.0208619,13.00522597739473
1790637245.0209289,15.35743399290368
1790637245.0217147,5.140269990079105
1790637245.021815,13.03570403251797
1790637245.0221407,4.300692991819233
1790637245.042574,1.83112605009228
1790637245.067295,22.224122018087655
1790637245.0674105,10.014244995545596
1790637245.0870922,21.193048043642193
1790637245.0874007,22.568627959117293
1790637245.1001728,1.946665986906737
1790637245.1124127,1.4459780068136752
1790637245.1141963,1.1633430258370936
1790637245.117678,1.2363080168142915
1790637245.144498,24.152639030944556
1790637245.1452136,11.778211977798492
1790637245.145791,7.621242024470121
1790637245.1458516,4.172109998762608
1790637245.161104,2.0276419818401337
1790637245.1655862,1.4129719929769635
1790637245.1772966,1.4399010105989873
1790637245.1854548,1.5921500162221491
1790637245.1886103,1.3554529868997633
1790637245.2346368,13.243374996818602
1790637245.2355309,11.008418980054557
1790637245.2364647,24.45671905297786
1790637245.2366426,8.058840990997851
1790637245.2371283,4.890884039923549
1790637245.238394,1.2546199723146856
1790637245.2424974,1.248151995241642
1790637245.2493618,1.243622973561287
1790637245.2740247,15.511861012782902
1790637245.2741249,10.746678977739066
1790637245.2742116,24.221039027906954
1790637245.2959816,1.8520589801482856
1790637245.3235304,2.3616609978489578
1790637245.3236,3.2262710155919194
1790637245.3486497,20.674217958003283
1790637245.3597932,34.30025902343914
1790637245.3653693,20.665235992055386
1790637245.3700402,22.81788201071322
1790637245.371048,26.436492975335568
1790637245.3712313,19.66253202408552
1790637245.371323,2.089052984956652
1790637245.3738966,1.4508069725707173
1790637245.3811781,1.7224090406671166
1790637245.419544,17.07720896229148
1790637245.4254766,24.06329900259152
1790637245.4255617,15.62018395634368
1790637245.4261584,3.5508149885572493
1790637245.4264452,2.5087909889407456
1790637245.453708,1.7008750000968575
1790637245.4800987,3.7234770134091377
1790637245.4945192,1.7306680092588067
1790637245.5006473,1.4260539901442826
1790637245.5044909,2.1519589936360717
1790637245.505831,1.3302830047905445
1790637245.5124671,1.708310970570892
1790637245.5128937,1.4101930428296328
1790637245.5210557,1.2741289683617651
1790637245.5351133,1.6959510394372046
1790637245.5437584,1.7408800194971263
1790637245.5552497,2.183898992370814
1790637245.5685523,2.3386190296150744
1790637245.5865328,2.0142040448263288
1790637245.593508,1.5804200083948672
1790637245.610763,1.7443730030208826
1790637245.617566,1.8994539859704673
1790637245.6266277,1.6711409552954137
1790637245.6389368,1.6388450167141855
1790637245.6403637,1.1799950152635574
1790637245.6442947,1.721993030514568
1790637245.6665714,2.0000639487989247
1790637245.675637,2.313281991519034
1790637245.6769052,2.8594420291483402
1790637245.6984978,4.703193961177021
1790637245.698597,22.4534859880805
1790637245.7060251,1.991193974390626
1790637245.706624,1.5087429783307016
1790637245.7120423,1.1922449921257794
1790637245.7305954,1.8221009522676468
1790637245.7311842,1.60447001690045
1790637245.7907968,23.98454101057723
1790637245.792649,1.4279420138336718
1790637245.7960489,1.402654976118356
1790637245.7998545,1.367276010569185
1790637245.8114526,1.7574530211277306
1790637245.8321466,2.2690430050715804
1790637245.8414574,2.4087479687295854
1790637245.8417103,1.7784240189939737
1790637245.8887472,1.8368969904258847
1790637245.8947594,1.2812020140700042
1790637245.9263167,2.159835014026612
1790637245.9280703,1.2793329660780728
1790637245.9445436,3.0124049517326057
1790637245.945732,3.1199640361592174
1790637245.9482744,1.7301689949817955
1790637245.9777818,14.354430022649467
1790637245.9788036,23.5432640183717
1790637245.980411,6.9257080322131515
1790637245.9805765,13.168645033147186
1790637245.9806738,16.638245026115328
1790637245.981685,2.812297025229782
1790637245.9821692,1.2310720048844814
1790637245.9903016,1.901337003801018
1790637245.996764,1.3488300028257072
1790637245.9990156,1.2389919720590115
1790637245.9995456,1.2566979858092964
1790637246.005595,1.4372010482475162
1790637246.0072947,1.2046860065311193
1790637246.039866,2.0739660249091685
1790637246.0523953,2.5332089862786233
1790637246.0842612,3.2727689831517637
1790637246.085154,2.4322750396095216
1790637246.1103215,20.889576990157366
1790637246.1108758,19.82713199686259
1790637246.110965,23.567866999655962
1790637246.1110988,19.33986000949517
1790637246.1115358,17.40170898847282
1790637246.1122947,17.557191022206098
1790637246.1127155,4.7070260043255985
1790637246.1357915,18.00247502978891
1790637246.1362464,22.341652016621083
1790637246.136787,5.279542994685471
1790637246.1511364,1.9593070028349757
1790637246.1603456,1.6969729913398623
1790637246.167014,1.6529129934497178
1790637246.1807716,2.008099982049316
1790637246.1816058,1.604431017767638
1790637246.1847534,1.735687954351306
1790637246.2014973,1.7743429634720087
1790637246.2029057,2.220396010670811
1790637246.2037148,1.4402929809875786
1790637246.2230551,2.4347679573111236
1790637246.2642434,18.28764902893454
1790637246.2712283,22.980257985182106
1790637246.272044,25.53121600067243
1790637246.2723281,20.668398996349424
1790637246.2780933,23.05590099422261
1790637246.2951016,35.5649670236744
1790637246.295809,26.455536019057035
1790637246.2965927,35.267255967482924
1790637246.2971513,21.948797977529466
1790637246.2972293,24.609090003650635
1790637246.2972891,18.34378798957914
1790637246.3084934,3.0242149950936437
1790637246.3086655,3.2751020044088364
1790637246.3095503,1.9072380382567644
1790637246.3102832,1.1080679832957685
1790637246.3146224,1.3023680076003075
1790637246.3151941,1.2368150055408478
1790637246.324595,1.379756024107337
1790637246.3287017,1.2797740055248141
1790637246.3320527,1.2291239690966904
1790637246.340065,1.6711810021661222
1790637246.347115,1.6126420232467353
1790637246.3477037,1.3839500024914742
1790637246.353538,1.3602400431409478
1790637246.3794713,2.1428230102173984
1790637246.3810298,1.5425289748236537
1790637246.4344432,45.0291259912774
1790637246.4352958,30.461515998467803
1790637246.4361122,12.935752980411053
1790637246.4368148,21.00633201189339
1790637246.4372182,6.995264964643866
1790637246.4373512,44.65190501650795
1790637246.4379792,1.6362949972972274
1790637246.4562643,2.112362999469042
1790637246.4811413,2.3047029972076416
1790637246.496278,2.5213969638571143
1790637246.5040796,3.8632790092378855
1790637246.5119033,2.672925009392202
1790637246.518764,2.7446720050647855
1790637246.52266,2.2891780245117843
1790637246.523152,1.9302089931443334
1790637246.5276992,1.8641080241650343
1790637246.5293465,1.6342719900421798
1790637246.5346484,1.992392004467547
1790637246.5381358,2.424734993837774
1790637246.5382154,1.9137570052407682
1790637246.562589,2.1467659971676767
1790637246.5761328,2.0862059900537133
1790637246.6059666,2.1172749693505466
1790637246.6082723,1.5420580166392028
1790637246.622466,2.1528020151890814
1790637246.6702263,2.2873340058140457
1790637246.6779354,3.063698997721076
1790637246.6780376,2.348237030673772
1790637246.681167,2.2580650402233005
1790637246.708008,25.42722999351099
1790637246.708519,11.71457301825285
1790637246.7086463,9.898721997160465
1790637246.730731,21.70678199036047
1790637246.7312996,30.444534961134195
1790637246.7313652,8.319771033711731
1790637246.7455974,1.9861679757013917
1790637246.7564495,2.038046019151807
1790637246.7629235,1.5736509812995791
1790637246.7932026,2.7864599833264947
1790637246.8008387,2.130464999936521
1790637246.8302543,23.054316989146173
1790637246.852847,46.15931399166584
1790637246.8532858,44.12123095244169
1790637246.854037,22.441952023655176
1790637246.854819,8.69733898434788
1790637246.8548799,9.935473965015262
1790637246.8555384,7.962327043060213
1790637246.8564367,5.86088199634105
1790637246.856778,5.44430100126192
1790637246.857655,1.8868929473683238
1790637246.8883865,6.892943987622857
1790637246.8891516,7.521941035520285
1790637246.8894105,6.81742001324892
1790637246.8916328,6.180581985972822
1790637246.8917117,3.3145900233648717
1790637246.9217362,1.8505840562283993
1790637246.9263043,1.6058500041253865
1790637246.9293933,1.347621961031109
1790637246.9315362,1.109684002585709
1790637246.9338949,1.1495010112412274
1790637246.941917,1.4736460288986564
1790637246.9763622,21.462039032485336
1790637246.9764287,15.629135014023632
1790637246.998454,19.500161986798048
1790637246.9985685,22.000848955940455
1790637247.0025334,1.3747370103374124
1790637247.0059962,1.3788630021736026
1790637247.0133939,1.403436006512493
1790637247.0344234,1.872630964498967
1790637247.0382178,1.3769969809800386
1790637247.045135,2.0849849679507315
1790637247.0751922,2.024243993218988
1790637247.1088214,1.9613329786807299
1790637247.1470556,1.6800480079837143
1790637247.153474,3.0343910329975188
1790637247.1540031,2.811253012623638
1790637247.168917,2.03985400730744
1790637247.1695957,1.516477030236274
1790637247.1827645,1.6767370398156345
1790637247.1866863,1.4076779480092227
1790637247.1997643,1.5134320128709078
1790637247.2042599,1.4065459836274385
1790637247.2132516,1.8048069905489683
1790637247.2145996,1.2217969633638859
1790637247.2309709,1.535831019282341
1790637247.2611704,6.29324303008616
1790637247.2612367,24.019333999603987
1790637247.2675366,1.4627130003646016
1790637247.2696674,1.3952139997854829
1790637247.2766972,1.7224100301973522
1790637247.3094647,32.28129004128277
1790637247.320464,28.82433799095452
1790637247.354639,2.941926009953022
1790637247.3709545,2.13215802796185
1790637247.3831253,2.3895110352896154
1790637247.387626,1.8700050422921777
1790637247.393345,1.7005569534376264
1790637247.3998387,1.5094910049811006
1790637247.4095008,1.7587540205568075
1790637247.435048,22.23694499116391
1790637247.4356282,4.725555016193539
1790637247.442295,1.321431016549468
1790637247.444168,1.1546739842742682
1790637247.449266,1.3022860512137413
1790637247.4511092,1.3845189823769033
1790637247.4598918,1.5398230170831084
1790637247.4777017,1.949572004377842
1790637247.4789906,1.2781620025634766
1790637247.486837,1.646952994633466
1790637247.4945762,1.832578971516341
1790637247.4968233,1.6845070058479905
1790637247.497368,1.2742449762299657
1790637247.5213466,17.942043021321297
1790637247.521643,23.748186009470373
1790637247.5217528,9.69117198837921
1790637247.5227933,7.1536339819431305
1790637247.5228453,3.1569789862260222
1790637247.5473351,1.8788530142046511
1790637247.5506184,1.6047529643401504
1790637247.551917,1.2879190035164356
1790637247.598628,35.76710296329111
1790637247.5987275,35.24482098873705
1790637247.598807,44.15012401295826
1790637247.6234877,3.393263032194227
1790637247.6238112,2.84923700382933
1790637247.6238673,2.2376179695129395
1790637247.639489,1.8556650029495358
1790637247.643571,1.3916660100221634
1790637247.646287,1.6602390096522868
1790637247.6658504,3.1199799850583076
1790637247.6671605,2.8536239988170564
1790637247.696678,2.507873985450715
1790637247.7220154,2.1858790423721075
1790637247.7414875,2.536460990086198
1790637247.743875,1.9877529703080654
1790637247.7457356,1.5117559814825654
1790637247.7481234,1.4732119743712246
1790637247.7668793,15.174028987530619
1790637247.7723386,10.936917969956994
1790637247.7733078,24.06878798501566
1790637247.7734542,10.153985989745706
1790637247.7743733,8.056920021772385
1790637247.7749221,9.664629003964365
1790637247.7759626,1.5779630048200488
1790637247.7818415,1.285859034396708
1790637247.7842004,1.1025089770555496
1790637247.785723,1.4204320032149553
1790637247.8150501,1.9746199832297862
1790637247.8259172,1.751907984726131
1790637247.829211,1.367691031191498
1790637247.8723552,13.055931020062417
1790637247.8849895,15.389567008242011
1790637247.8854713,25.49468696815893
1790637247.8858514,9.423904994037002
1790637247.8864152,7.97740399139002
1790637247.886573,7.467148010618985
1790637247.886869,4.73861099453643
1790637247.9005978,1.689175027422607
1790637247.9027188,1.2062829919159412
1790637247.9075794,1.304842997342348
1790637247.9139416,1.1694549466483295
1790637247.92523,1.8405879964120686
1790637247.9335139,1.6335119726136327
1790637247.9758394,43.134432984516025
1790637247.9869535,53.16686100559309
1790637247.987246,52.91335401125252
1790637247.996909,54.59941801382229
1790637247.9976377,61.316929990425706
1790637247.9987028,40.038663952145725
1790637247.9990947,3.3573340042494237
1790637247.999206,14.01243795407936
1790637247.9993446,32.54859399748966
1790637248.0008123,1.4590619830414653
1790637248.0016603,1.5824089641682804
1790637248.006421,1.5431729843840003
1790637248.0288408,21.752538974396884
1790637248.038788,1.7684890190139413
1790637248.0417767,1.3701010029762983
1790637248.0470152,1.373401959426701
1790637248.0596805,1.4174039824865758
1790637248.0687542,1.683006004896015
1790637248.0843177,1.5524440095759928
1790637248.0895216,2.465368015691638
1790637248.0944605,2.0887089776806533
1790637248.1157975,7.786966976709664
1790637248.116517,23.39309500530362
1790637248.1165779,2.8392589883878827
1790637248.128268,1.48851698031649
1790637248.1353383,1.8005109741352499
1790637248.1607533,20.241293008439243
1790637248.1614509,23.353206051979214
1790637248.1615205,10.783059988170862
1790637248.1615982,8.570448029786348
1790637248.1651473,1.3315610121935606
1790637248.1679883,1.6870080144144595
1790637248.1680627,2.213411033153534
1790637248.1727965,1.1865930282510817
1790637248.1797888,1.928082958329469
1790637248.1941004,1.8734339973889291
1790637248.2034318,1.4726250083185732
1790637248.2063165,1.3832729891873896
1790637248.2171266,1.8180040060542524
1790637248.2585876,24.233231029938906
1790637248.259152,15.04515903070569
1790637248.2598412,6.493119988590479
1790637248.2600558,3.0782800167798996
1790637248.3072171,2.70144798560068
1790637248.3073146,2.7074359823018312
1790637248.3091857,1.296725997235626
1790637248.3188877,1.6750440117903054
1790637248.3286757,2.4853950017131865
1790637248.3318574,3.1653200276196003
1790637248.332864,2.0683809998445213
1790637248.3396668,1.7926449654623866
1790637248.3562155,1.897634007036686
1790637248.3647554,1.803969033062458
1790637248.3696253,1.587581995408982
1790637248.377206,1.578274997882545
1790637248.3786614,1.3490919955074787
1790637248.3800318,1.1768749682232738
1790637248.388381,1.330728002358228
1790637248.4071157,1.670525991357863
1790637248.416273,1.8388030002824962
1790637248.4353445,3.2988309976644814
1790637248.435429,2.655193966347724
1790637248.440229,1.358565001282841
1790637248.4794102,13.68489902233705
1790637248.479557,30.44129000045359
1790637248.4805908,5.1947159809060395
1790637248.481014,2.7740770019590855
1790637248.4815695,4.280449007637799
1790637248.4870675,2.616067009512335
1790637248.5130942,27.936002996284515
1790637248.5132024,17.080162011552602
1790637248.5138423,13.605791958980262
1790637248.5229414,2.4513989919796586
1790637248.5253966,2.590500982478261
1790637248.5342085,1.9001660402864218
1790637248.5458558,2.08757899235934
1790637248.5514212,1.7809700220823288
1790637248.5549788,1.63637800142169
1790637248.5657573,2.122790028806776
1790637248.5694072,2.3589140037074685
1790637248.5860112,1.695775950793177
1790637248.606341,11.911618988960981
1790637248.6195374,25.787339021917433
1790637248.6196613,21.159402967896312
1790637248.6197178,14.174064970575273
1790637248.6265156,1.4734339783899486
1790637248.6385398,2.865294984076172
1790637248.6386364,2.329154987819493
1790637248.6504374,7.619839976541698
1790637248.6663506,22.11211301619187
1790637248.666722,23.832809005398303
1790637248.6838999,1.9173049950040877
1790637248.6922283,1.9230309990234673
1790637248.7225397,20.34439501585439
1790637248.7227218,26.95524401497096
1790637248.7228065,21.671371010597795
1790637248.7460525,42.10800997680053
1790637248.7467492,28.64267403492704
1790637248.7468622,25.738585041835904
1790637248.7473152,17.714557994622737
1790637248.7492497,1.4266289654187858
1790637248.7520354,1.704918046016246
1790637248.7718623,1.7913929768837988
1790637248.7894044,2.3689469671808183
1790637248.7900476,1.7407950363121927
1790637248.7974007,2.002845983952284
1790637248.7989762,1.5644720406271517
1790637248.8202326,2.5528590194880962
1790637248.8203678,2.0049570011906326
1790637248.830045,1.8327260040678084
1790637248.8324068,1.5084129991009831
1790637248.838103,1.5720949741080403
1790637248.8450263,1.47637800546363
1790637248.8567014,2.8479330358095467
1790637248.8578162,1.5462369774468243
1790637248.866236,1.7292710253968835
1790637248.8768487,1.6651999903842807
1790637248.8799222,1.3121750089339912
1790637248.92601,26.222057989798486
1790637248.9366329,2.3936600191518664
1790637248.9372103,1.4355790335685015
1790637248.9394212,1.53736601350829
1790637248.9665527,22.626430029049516
1790637248.9729862,1.9260389963164926
1790637248.9761786,1.560679986141622
1790637248.9795365,1.3594119809567928
1790637249.0064144,5.198763974476606
1790637249.0066872,4.036514961626381
1790637249.0079887,3.058872011024505
1790637249.0089855,1.503247010987252
1790637249.015651,1.5335790230892599
1790637249.0442736,25.739216012880206
1790637249.0445795,27.97814895166084
1790637249.0450091,7.59320700308308
1790637249.0451064,12.933403020724654
1790637249.0455866,1.8018949776887894
1790637249.0540335,1.4064370188862085
1790637249.0869756,2.1016609971411526
1790637249.0983546,1.536911993753165
1790637249.1345472,2.138802025001496
1790637249.1602387,13.535945035982877
1790637249.171499,28.81352399708703
1790637249.172361,11.94920705165714
1790637249.1730556,11.31743099540472
1790637249.1731424,9.948479011654854
1790637249.1922255,2.0739390165545046
1790637249.2014031,1.4822910306975245
1790637249.2057292,1.5079349977895617
1790637249.2112243,1.6357729909941554
1790637249.216294,1.6256889794021845
1790637249.2235332,1.513412978965789
1790637249.2299247,1.3628759770654142
1790637249.2316644,1.260372984688729
1790637249.237277,2.095480973366648
1790637249.2398884,1.2376279919408262
1790637249.2453756,1.5681059448979795
1790637249.269693,1.8967210198752582
1790637249.293632,1.8341010436415672
1790637249.3079917,1.7348419642075896
1790637249.3761005,8.630993019323796
1790637249.3762448,26.13261202350259
1790637249.3763416,17.86721096141264
1790637249.3780208,1.5335659845732152
1790637249.3823118,1.5726369456388056
1790637249.3869317,1.501442980952561
1790637249.3964772,1.983082969672978
1790637249.4044645,1.8837670213542879
1790637249.4209101,1.7289170064032078
1790637249.4793394,5.639854003675282
1790637249.4795318,25.47910896828398
1790637249.479793,4.800309950951487
1790637249.488095,1.454746990930289
1790637249.5135863,20.564235979691148
1790637249.5139747,22.521576029248536
1790637249.5143847,3.3377769868820906
1790637249.543164,2.0764090004377067
1790637249.5439763,2.239823981653899
1790637249.5452955,1.3102029915899038
1790637249.5693283,2.3013149620965123
1790637249.5698588,1.8746689893305302
1790637249.5743124,1.4851950109004974
1790637249.6059668,1.8477150006219745
1790637249.6361737,7.742339977994561
1790637249.655073,23.055323981679976
1790637249.6551576,26.065919955726713
1790637249.6863296,52.644430950749665
1790637249.7,14.614792016800493
1790637249.7000995,46.70497798360884
1790637249.7006857,11.6001270362176
1790637249.7008247,50.79070199280977
1790637249.7172537,23.90786597970873
1790637249.7252002,30.373849964234978
1790637249.7257276,23.04907498182729
1790637249.7258592,34.532985009718686
1790637249.7265744,24.435615981929004
1790637249.7280655,19.564100948628038
1790637249.7281506,15.723291027825326
1790637249.728666,11.00309198955074
1790637249.728735,4.774052009452134
1790637249.7584112,2.58842995390296
1790637249.7585118,2.775239001493901
1790637249.7891963,18.414145044516772
1790637249.7929113,26.412019971758127
1790637249.804943,1.8087780335918069
1790637249.8062906,1.3367700157687068
1790637249.8092046,1.4253639965318143
1790637249.8122199,1.2335230130702257
1790637249.8150916,1.5254580066539347
1790637249.8180556,1.141807995736599
1790637249.8201272,1.36106600984931
1790637249.82063,1.3021589838899672
1790637249.8225513,1.0641179978847504
1790637249.824065,1.1951889609917998
1790637249.8482234,1.808631990570575
1790637249.8511236,1.490472990553826
1790637249.8526337,1.381173962727189
1790637249.8848245,18.68300704518333
1790637249.8855522,24.941189971286803
1790637249.8859107,13.918637996539474
1790637249.8876436,1.5991319669410586
1790637249.8925865,1.7674610135145485
1790637249.8997142,2.634823031257838
1790637249.9003024,3.1497689778916538
1790637249.9051607,1.4226640341803432
1790637249.909699,1.4141930150799453
1790637249.9238849,1.753145013935864
1790637249.92606,1.9954780000261962
1790637249.927092,1.4645670307800174
1790637249.9327514,1.6968880081549287
1790637249.9405124,1.4917490188963711
1790637249.942664,1.274205045774579
1790637249.9547327,1.8381999689154327
1790637249.9566739,1.2803409481421113
1790637249.961078,1.33697094861418
1790637249.9736094,1.667656993959099
1790637249.98166,2.069342997856438
1790637249.999763,1.7025439883582294
1790637250.0014477,1.421595981810242
1790637250.006627,1.8582000047899783
1790637250.0076118,1.9033970311284065
1790637250.0081506,1.4001840027049184
1790637250.0133607,1.5967939980328083
1790637250.0174744,1.273891015443951
1790637250.0565095,11.548527050763369
1790637250.0565984,28.398913040291518
1790637250.0668938,2.971439971588552
1790637250.0669773,2.4642960052005947
1790637250.0881271,1.7821359797380865
1790637250.1156564,2.3552249767817557
1790637250.1230915,1.8860279815271497
1790637250.1310582,1.5392700443044305
1790637250.1364744,1.3243299908936024
1790637250.1683197,19.07450199360028
1790637250.1686857,27.300315035972744
1790637250.1692643,5.7743279612623155
1790637250.1706681,1.3928640400990844
1790637250.1759684,1.5950420056469738
1790637250.1933618,1.7509080353192985
1790637250.1939135,1.5620519989170134
1790637250.1972625,1.283974968828261
1790637250.230413,17.220294976141304
1790637250.2722383,66.13198400009423
1790637250.278788,61.002821021247655
1790637250.2791564,53.82686498342082
1790637250.2897294,62.051231041550636
1790637250.2961662,30.63271497376263
1790637250.296865,70.28722198447213
1790637250.2970212,27.74259599391371
1790637250.2979696,16.377547988668084
1790637250.2989604,12.203284015413374
1790637250.2991238,8.192509994842112
1790637250.3277657,2.0608340273611248
1790637250.3406935,1.6508320113644004
1790637250.3564086,1.8277080380357802
1790637250.3949144,22.415773943066597
1790637250.3950207,13.716335990466177
1790637250.3984818,26.939154020510614
1790637250.4229712,24.42016900749877
1790637250.4230905,17.751400999259204
1790637250.4231684,26.171886012889445
1790637250.4382067,2.607337024528533
1790637250.4394956,1.8600960029289126
1790637250.4609878,2.7141349855810404
1790637250.4621215,1.7551379860378802
1790637250.473606,1.9827979849651456
1790637250.5014677,2.456148969940841
1790637250.5015366,2.650962967891246
1790637250.507401,1.5284040127880871
1790637250.5127103,2.4276479962281883
1790637250.5127716,2.683363971300423
1790637250.5165966,1.3116260524839163
1790637250.5534143,25.383391010109335
1790637250.5535157,20.05875203758478
1790637250.5536125,13.045097992289811
1790637250.5610628,1.509196008555591
1790637250.5853994,2.0550639601424336
1790637250.6147764,15.738048998173326
1790637250.6153414,23.882697976659983
1790637250.6164322,13.214720005635172
1790637250.6165128,11.09691901365295
1790637250.6165802,2.9780130134895444
1790637250.6420834,1.6592139727436006
1790637250.648312,1.5511229867115617
1790637250.6594706,2.0916610374115407
1790637250.6678615,1.4934990322217345
1790637250.6817806,1.7435449990443885
1790637250.6822436,1.3618399971164763
1790637250.7071965,22.588733001612127
1790637250.7072744,6.297791027463973
1790637250.7091727,1.6678600222803652
1790637250.7171118,1.4897590153850615
1790637250.745366,19.376660988200456
1790637250.745688,9.682881995104253
1790637250.745766,25.515758024994284
1790637250.7466857,1.8873839871957898
1790637250.7506015,1.3803530018776655
1790637250.7569354,1.3560010120272636
1790637250.7863362,19.06991598661989
1790637250.7868357,23.997495009098202
1790637250.786918,8.27547098742798
1790637250.8138256,21.022562053985894
1790637250.818292,1.6403039917349815
1790637250.843571,2.0002549863420427
1790637250.8543146,1.6320280265063047
1790637250.8604178,2.0870710141025484
1790637250.8657742,1.843389996793121
1790637250.8751552,1.768135989550501
1790637250.8932247,2.2527260007336736
1790637250.8937287,1.589788997080177
1790637250.895607,1.292427012231201
1790637250.8982165,1.3790280208922923
1790637250.9055536,1.8747280118986964
1790637250.9264338,1.7974330112338066
1790637250.9385397,1.5295439516194165
1790637250.9775326,2.0364680094644427
1790637250.987208,1.5992829576134682
1790637251.0006528,1.6847520018927753
1790637251.0687928,26.59089502412826
1790637251.068883,22.55336899543181
1790637251.07687,1.6811429522931576
1790637251.0966947,6.899467029143125
1790637251.1162732,26.977170957252383
1790637251.1163476,18.144779023714364
1790637251.1639266,17.22923095803708
1790637251.1643748,26.707408018410206
1790637251.1656525,10.783435020130128
1790637251.1657634,14.193615992553532
1790637251.165824,5.98114199237898
1790637251.195589,20.827739033848047
1790637251.1956742,22.179503983352333
1790637251.2221594,1.9329289789311588
1790637251.225834,1.8279369687661529
1790637251.2268593,1.4472079928964376
1790637251.246843,1.6758869751356542
1790637251.2609315,1.9134900067001581
1790637251.2665336,2.2005380014888942
1790637251.2777352,1.638586982153356
1790637251.307709,21.950547001324594
1790637251.3087716,11.72252802643925
1790637251.3088522,29.933879035525024
1790637251.3089604,7.334671972785145
1790637251.3093896,13.988366990815848
1790637251.3094664,2.549374010413885
1790637251.311501,1.9510250422172248
1790637251.311568,1.5701630036346614
1790637251.3163714,1.486697990912944
1790637251.322353,1.2507690116763115
1790637251.3330047,1.6801850288175046
1790637251.3382692,1.587537000887096
1790637251.3529062,1.6521450015716255
1790637251.355734,1.6872170381247997
1790637251.3597686,1.2717379722744226
1790637251.3875377,18.33592902403325
1790637251.3970058,27.020896959584206
1790637251.397957,9.58922499557957
1790637251.3989248,1.7092189518734813
1790637251.3990247,2.4732890306040645
1790637251.4046986,1.5086409985087812
1790637251.4205816,1.858064963016659
1790637251.4347248,2.006571041420102
1790637251.4348578,3.363270021509379
1790637251.4354815,1.8143150373362005
1790637251.440333,1.2711169547401369
1790637251.4668558,1.7737260204739869
1790637251.4926918,14.42192797549069
1790637251.500477,14.473260031081736
1790637251.5005395,26.258222002070397
1790637251.5156746,2.026389993261546
1790637251.5201702,1.4154419768601656
1790637251.548882,2.2536040050908923
1790637251.578658,19.721313030458987
1790637251.579064,31.408464012201875
1790637251.5794919,11.9423060095869
1790637251.579568,10.93855599174276
1790637251.579969,7.070158026181161
1790637251.5885084,2.350643975660205
1790637251.5979264,2.2523680236190557
1790637251.6040306,2.0552329951897264
1790637251.6114717,2.024993998929858
1790637251.6383789,24.22746701631695
1790637251.639307,16.844080993905663
1790637251.639383,9.558316029142588
1790637251.6518419,2.056096971500665
1790637251.6613832,2.6188080082647502
1790637251.6648176,3.6052450304850936
1790637251.664924,2.894256031140685
1790637251.6899972,22.038276016246527
1790637251.7026765,28.75660895369947
1790637251.7079532,41.485071007627994
1790637251.72261,41.307843988761306
1790637251.7227726,33.65647699683905
1790637251.7235358,24.206958012655377
1790637251.7236533,16.940133995376527
1790637251.7304456,2.1059149876236916
1790637251.737037,1.8292340100742877
1790637251.7657268,14.038916968274862
1790637251.7658496,9.09085595048964
1790637251.7659247,26.804498047567904
1790637251.7876275,1.8972549587488174
1790637251.8274977,39.61814899230376
1790637251.8559778,50.376467988826334
1790637251.8560684,63.87959996936843
1790637251.856135,55.79669703729451
1790637251.8564816,30.075891001615673
1790637251.856748,24.188905023038387
1790637251.857648,3.344262018799782
1790637251.8633716,1.4401189982891083
1790637251.8860831,2.4181680055335164
1790637251.8987873,1.8100680317729712
1790637251.9081728,1.8406659946776927
1790637251.9143019,2.2105269599705935
1790637251.9152007,1.4033049810677767
1790637251.920493,1.469614973757416
1790637251.9323306,1.5136710135266185
1790637251.961822,19.16781603358686
1790637251.9620323,20.265511993784457
1790637251.9626696,18.715095007792115
1790637251.9633474,28.48385297693312
1790637251.9634593,14.125096960924566
1790637251.9639015,12.088273011613637
1790637251.9639742,7.371227955445647
1790637251.9656143,1.4192790258675814
1790637251.974915,1.4656499843113124
1790637252.0006914,2.002366993110627
1790637252.0020006,1.4323400100693107
1790637252.0508816,20.412905025295913
1790637252.0803185,47.975065011996776
1790637252.0807352,52.66864103032276
1790637252.1020265,53.373918985016644
1790637252.1036239,48.89807500876486
1790637252.1038728,53.89669397845864
1790637252.1040182,51.721033989451826
1790637252.1051316,52.23677301546559
1790637252.1064258,49.17379003018141
1790637252.1071773,24.756991013418883
1790637252.107333,36.86951205600053
1790637252.1076715,47.421539027709514
1790637252.1137536,25.077303987927735
1790637252.1242218,30.11249896371737
1790637252.131264,28.624735947232693
1790637252.1318254,27.460051991511136
1790637252.1321208,4.055884026456624
1790637252.135667,1.5304220141842961
1790637252.1447968,1.5890799695625901
1790637252.160446,1.7667750362306833
1790637252.1716926,1.7591320211067796
1790637252.199161,22.100658039562404
1790637252.1996298,8.88821599073708
1790637252.1997042,10.776213021017611
1790637252.205107,1.663355971686542
1790637252.2214766,1.7916299984790385
1790637252.2230663,1.243592007085681
1790637252.2307754,1.4798010233789682
1790637252.238608,1.7100410186685622
1790637252.2401152,1.2643429799936712
1790637252.258188,1.7796249594539404
1790637252.3037505,22.694994986522943
1790637252.320926,46.97469400707632
1790637252.3213375,9.780159976799041
1790637252.3215015,35.30872700503096
1790637252.3618314,23.812494007870555
1790637252.361898,17.056812008377165
1790637252.367549,1.3941159704700112
1790637252.3720958,1.7012060270644724
1790637252.3771548,1.3571440358646214
1790637252.397951,1.9860320026054978
1790637252.4018989,2.2569039720110595
1790637252.402203,2.0307140075601637
1790637252.439047,22.275872994214296
1790637252.4403965,25.400020007509738
1790637252.4404812,10.55295899277553
1790637252.4413216,1.5883060405030847
1790637252.4437292,1.2600020272657275
1790637252.4695559,2.024959016125649
1790637252.4986515,1.8891459912993014
1790637252.4987082,2.5778900017030537
1790637252.5248067,21.573718986473978
1790637252.525753,25.08913801284507
1790637252.525832,13.559693994466215
1790637252.5267568,11.16311299847439
1790637252.5269659,12.401369982399046
1790637252.5336251,1.8054319662041962
1790637252.5383358,1.9672350026667118
1790637252.5598454,2.007709990721196
1790637252.581771,2.3274209816008806
1790637252.6418657,2.1387329907156527
1790637252.651976,2.216645982116461
1790637252.6521134,2.8991959989070892
1790637252.6647947,1.476160017773509
1790637252.6681666,1.4212899841368198
1790637252.6824229,2.688737993594259
1790637252.682489,2.203615033067763
1790637252.6866295,1.4730730326846242
1790637252.696652,1.7884299741126597
1790637252.712384,2.07013898761943
1790637252.724189,1.7957290401682258
1790637252.731449,2.331850992050022
1790637252.7358944,1.6899089678190649
1790637252.7419388,1.6361420275643468
1790637252.7553837,2.140739990863949
1790637252.7878528,1.7978749820031226
1790637252.7901437,1.2723829713650048
1790637252.7927063,1.3688149629160762
1790637252.807946,2.1697620395570993
1790637252.8152487,1.841024961322546
1790637252.8198407,2.042016014456749
1790637252.8203542,1.5042610466480255
1790637252.8476079,15.136032016016543
1790637252.8483055,14.19571798760444
1790637252.8483868,26.98848000727594
1790637252.8595412,1.8400599947199225
1790637252.8840222,16.43664902076125
1790637252.884131,25.63509898027405
1790637252.8931265,1.7223790055140853
1790637252.895745,1.4258050359785557
1790637252.9030275,1.3984930119477212
1790637252.9385753,1.9813720136880875
1790637252.9411201,1.3089459971524775
1790637252.949218,1.814983959775418
1790637252.9946597,31.1627599876374
1790637253.0250373,1.989439013414085
1790637253.0525758,19.680024008266628
1790637253.0526476,23.51179299876094
1790637253.0581434,1.7156810499727726
1790637253.0588229,1.6952630248852074
1790637253.0601997,1.4700149768032134
1790637253.085258,25.986284017562866
1790637253.0855603,18.89580796705559
1790637253.0858917,7.827527995686978
1790637253.0859523,15.770338999573141
1790637253.0962012,1035.0970149738714
1790637253.10991,2.1062709856778383
1790637253.1144383,1.5676579787395895
1790637253.1222265,1.466286019422114
1790637253.1688306,1.8758359947241843
1790637253.1767576,1081.2872989918105
1790637253.1769402,1076.1458320193924
1790637253.1772366,2.8186049894429743
1790637253.1827054,1.4371389988809824
1790637253.2149992,2.60476500261575
1790637253.2159977,4.816299013327807
1790637253.216068,2.892681979574263
1790637253.2312064,1.7012760508805513
1790637253.2671447,15.741015027742833
1790637253.2678378,24.431931029539555
1790637253.268107,3.4039680031128228
1790637253.295077,2.0772810094058514
1790637253.3105228,1.8673529848456383
1790637253.3110077,1.415701990481466
1790637253.3129835,1.2952089891768992
1790637253.3243248,1.7312330310232937
1790637253.3275247,1.7372110160067677
1790637253.3383398,1.654051011428237
1790637253.3490853,1.4734129654243588
1790637253.3557742,1.61047896835953
1790637253.3891597,2.2312200162559748
1790637253.393033,1.7123380093835294
1790637253.3981676,1.7649069777689874
1790637253.3998334,1.2806589948013425
1790637253.4108944,1.4972779899835587
1790637253.4297936,1.720268977805972
1790637253.4312024,1.3035099836997688
1790637253.444357,2.0049000158905983
1790637253.4545124,2.2011169930920005
1790637253.4557378,2.182740019634366
1790637253.4676714,1.9227589946240187
1790637253.4722354,1.806809043046087
1790637253.481137,1.5185159863904119
1790637253.4940243,1.7266839859075844
1790637253.496936,1.4984600129537284
1790637253.4982748,2.008525945711881
1790637253.5080304,1.6367610078305006
1790637253.5289257,1.683897979091853
1790637253.5805333,4.418416996486485
1790637253.5810637,4.335869976785034
1790637253.5811677,4.26398596027866
1790637253.5822022,1.6576269990764558
1790637253.5827477,1.3356150011532009
1790637253.6088655,7.750390039291233
1790637253.6090105,25.649624993093312
1790637253.6097882,1.7336190212517977
1790637253.6123734,1.234807015862316
1790637253.6205983,1.3841409818269312
1790637253.6252394,2.060216967947781
1790637253.6261008,1.7354220035485923
1790637253.6284158,1.6914400039240718
1790637253.6434288,2.3883740068413317
1790637253.643989,2.38173600519076
1790637253.6465843,1.258305972442031
1790637253.6536357,1.757115009240806
1790637253.6554663,1.6520709614269435
1790637253.6720462,1.8258990021422505
1790637253.70314,25.242456991691142
1790637253.7042034,15.311399009078741
1790637253.7043374,4.555196035653353
1790637253.7044678,5.149149976205081
1790637253.705868,1.392320031300187
1790637253.7070541,1.177579048089683
1790637253.7230515,1.7702080076560378
1790637253.7319405,1.5380230033770204
1790637253.7386832,1.5876260004006326
1790637253.7430289,1.4734379947185516
1790637253.7550957,1.7875130288302898
1790637253.7830224,1.8821029807440937
1790637253.8169332,23.66074500605464
1790637253.8170052,14.6208549849689
1790637253.831124,2.8667219448834658
1790637253.8311946,2.4104879703372717
1790637253.839883,1.6338739660568535
1790637253.847176,1.3869829708710313
1790637253.90856,21.685914020054042
1790637253.9091465,13.321726000867784
1790637253.9099767,26.974007952958345
1790637253.9106805,13.732758990954608
1790637253.9115796,12.651733006350696
1790637253.9116797,7.009646040387452
1790637253.9120271,5.702232010662556
1790637253.9350653,18.355424981564283
1790637253.9441226,26.24884498072788
1790637253.9447403,26.14850999088958
1790637253.9448156,32.718933012802154
1790637253.966479,42.52618097234517
1790637253.9698834,28.349090018309653
1790637253.9699852,43.60750695923343
1790637253.970575,42.38545201951638
1790637253.9708762,27.700838982127607
1790637253.970957,25.984535983297974
1790637253.9721026,25.74175497284159
1790637253.9721823,26.55844803666696
1790637254.0267048,43.4043689747341
1790637254.0394263,66.30759401014075
1790637254.0407987,65.28662901837379
1790637254.041812,47.90230799699202
1790637254.0430129,46.7775069992058
1790637254.0432107,54.31382899405435
1790637254.0433092,25.29666799819097
1790637254.04337,42.03020501881838
1790637254.0906475,24.88828601781279
1790637254.090967,14.987418020609766
1790637254.0910466,15.590701950713992
1790637254.0913186,4.447191022336483
1790637254.1248202,19.9250639998354
1790637254.1252964,27.291300997603685
1790637254.1253676,11.461329006124288
1790637254.1529849,20.163989043794572
1790637254.1631155,29.541536001488566
1790637254.1632595,36.35752701666206
1790637254.201144,50.17561401473358
1790637254.201527,57.344808999914676
1790637254.2016015,51.84287601150572
1790637254.202287,53.31340502016246
1790637254.202649,50.890345009975135
1790637254.2033184,37.3445269651711
1790637254.203398,2.936355012934655
1790637254.2098083,2.617447986267507
1790637254.2113843,2.481698989868164
1790637254.2114353,2.1149980020709336
1790637254.2141163,1.6888109967112541
1790637254.2146106,1.2421290157362819
1790637254.2174647,1.2446970213204622
1790637254.2211368,1.209857000503689
1790637254.2547565,1.7293610144406557
1790637254.2575948,1.4365339884534478
1790637254.2603784,1.3299600104801357
1790637254.2642498,1.684135990217328
1790637254.2649276,1.5960489981807768
1790637254.2744176,2.2273469949141145
1790637254.2768726,1.4131010393612087
1790637254.2920628,1.743579050526023
1790637254.3005884,1.835428993217647
1790637254.3176682,1.7297770245932043
1790637254.334419,2.196346002165228
1790637254.3363168,1.5367050073109567
1790637254.339719,1.2903980095870793
1790637254.3485687,1.8429949996061623
1790637254.3587124,1.6270799678750336
1790637254.4000251,25.303760019596666
1790637254.4003015,16.364480019547045
1790637254.4017568,17.03389297472313
1790637254.4019804,6.221566000021994
1790637254.4021385,13.998362992424518
1790637254.402612,2.5012220139615238
1790637254.429439,19.50340997427702
1790637254.4303026,24.06841702759266
1790637254.4304214,18.22765002725646
1790637254.4307525,10.591545957140625
1790637254.43104,2.3279269807972014
1790637254.4349926,1.3398470473475754
1790637254.459981,2.2120779613032937
1790637254.4604938,1.4695999561809003
1790637254.4786232,1.894904999062419
1790637254.488192,1.8372390186414123
1790637254.490228,1.2380980188027024
1790637254.5008576,1.6619130037724972
1790637254.5103605,1.6830319655127823
1790637254.5261133,11.819987965282053
1790637254.5379848,14.571943960618228
1790637254.5385263,24.846816959325224
1790637254.5391433,14.969757990911603
1790637254.5392227,10.457527008838952
1790637254.578285,1.7209899961017072
1790637254.5815804,1.3103400124236941
1790637254.5891163,1.5247759874910116
1790637254.6219923,3.634018008597195
1790637254.622158,3.2811450073495507
1790637254.6228647,1.9875930156558752
1790637254.635654,1.9822429749183357
1790637254.6399832,1.681027002632618
1790637254.6453924,1.841778983362019
1790637254.652262,2.3284389753825963
1790637254.6759017,2.4410319747403264
1790637254.6872091,1.9469690159894526
1790637254.694071,1.7228660290129483
1790637254.7154193,1.9400630262680352
1790637254.7185712,1.3805709895677865
1790637254.7971199,1.8872600048780441
1790637254.8103645,3.28517600428313
1790637254.8104534,2.4202580098062754
1790637254.821072,2.150435990188271
1790637254.822013,3.644887008704245
1790637254.8230033,1.7127160099335015
1790637254.8326519,2.0336430170573294
1790637254.8660626,1.7565710004419088
1790637254.8696344,1.5905589680187404
1790637254.8697674,2.226662007160485
1790637254.8708813,1.1049589957110584
1790637254.9086232,1.7657249700278044
1790637254.9171312,1.961912028491497
1790637254.9285538,2.3857229971326888
1790637254.9340773,7.1833039983175695
1790637254.9452803,16.284340992569923
1790637254.9529052,12.62040197616443
1790637254.9529915,25.330138974823058
1790637255.0031233,46.23021895531565
1790637255.0090702,36.83344798628241
1790637255.010159,42.81455301679671
1790637255.0106149,13.83354200515896
1790637255.0106936,10.66593499854207
1790637255.0219111,21.304595982655883
1790637255.0272782,14.738529978785664
1790637255.0388365,31.215462018735707
1790637255.038934,3.8391209673136473
1790637255.0390093,12.805940001271665
1790637255.0454645,1.937463996000588
1790637255.070378,2.7318510110490024
1790637255.0712423,1.9511490245349705
1790637255.0895452,1.914118998683989
1790637255.11225,1.8246069666929543
1790637255.1178849,1.7054079798981547
1790637255.120149,1.2950689997524023
1790637255.1277156,1.5364810242317617
1790637255.1430397,2.0919160451740026
1790637255.1765177,2.137217961717397
1790637255.1801314,1.4897530199959874
1790637255.1827538,1.7591769574210048
1790637255.2048934,1.7378769698552787
1790637255.2106395,3.737249004188925
1790637255.212776,3.442289016675204
1790637255.2290084,19.15689802262932
1790637255.2373748,21.880850021261722
1790637255.2379577,27.2624590434134
1790637255.238199,26.8584790173918
1790637255.2391446,10.992843948770314
1790637255.2392216,16.682779998518527
1790637255.2554572,2.1697540068998933
1790637255.2620716,1.8899829592555761
1790637255.2714815,1.7226719646714628
1790637255.2786365,1.4710809919051826
1790637255.3171513,3.2631950452923775
1790637255.3172123,2.5922770146280527
1790637255.322802,1.4475160278379917
1790637255.3369887,1.8144709756597877
1790637255.3412483,1.8434039666317403
1790637255.3498461,1.5136909787543118
1790637255.35582,1.7253169789910316
1790637255.3808372,1.7323459614999592
1790637255.387292,1.5804359572939575
1790637255.3962972,1.914647000376135
1790637255.4184747,1.811433001421392
1790637255.419868,1.3735630200244486
1790637255.4237928,2.7555470005609095
1790637255.4238708,2.346860012039542
1790637255.4257047,1.3387770159170032
1790637255.4295576,1.5568149974569678
1790637255.4947965,30.514293001033366
1790637255.5005066,40.48502701334655
1790637255.5084302,40.330440970137715
1790637255.509192,31.717569974716753
1790637255.5103042,31.893993029370904
1790637255.5103834,45.14526895945892
1790637255.5109785,19.758726994041353
1790637255.5110476,11.675034009385854
1790637255.5312438,1.707336981780827
1790637255.5424225,1.632861967664212
1790637255.5540059,1.6542299999855459
1790637255.5850642,23.32022099290043
1790637255.5901415,15.049957029987127
1790637255.59091,29.67378799803555
1790637255.590982,14.28726699668914
1790637255.6184356,1.7776869935914874
1790637255.6222126,2.4791390169411898
1790637255.6225245,2.2356960107572377
1790637255.6230285,2.086459018755704
1790637255.6245794,1.2233169982209802
1790637255.632275,1.5217119944281876
1790637255.6382618,1.3990550069138408
1790637255.6470187,2.06604297272861
1790637255.6533568,1.6099089989438653
1790637255.7005548,21.56309300335124
1790637255.7016392,14.00572998682037
1790637255.7026992,25.613192992750555
1790637255.704385,10.760737000964582
1790637255.7045097,2.856570004951209
1790637255.7046409,11.80413702968508
1790637255.7052963,2.4710000143386424
1790637255.7125933,1.9405130296945572
1790637255.7419884,2.250068006105721
1790637255.7420719,3.0141950119286776
1790637255.7474482,1.5448860358446836
1790637255.7571356,1.5998109593056142
1790637255.7635438,1.568678009789437
1790637255.7663176,1.487777044530958
1790637255.7694385,1.2397259706631303
1790637255.7735252,1.6354990075342357
1790637255.7741175,1.3969350256957114
1790637255.7896998,1.6692460048943758
1790637255.7994518,1.6485020169056952
1790637255.8020434,1.4725209912285209
1790637255.8029213,1.6175530035980046
1790637255.8078737,1.570905966218561
1790637255.810739,1.472868025302887
1790637255.813883,1.3970809523016214
1790637255.8543768,1.7566699534654617
1790637255.8915818,17.896777018904686
1790637255.8945956,19.07697698334232
1790637255.8948648,27.94163703219965
1790637255.896341,14.106062997598201
1790637255.8965306,3.1051429687067866
1790637255.8966131,18.07898801052943
1790637255.9031708,2.1630109986290336
1790637255.9032426,1.6856070142239332
1790637255.91397,1.6317240078933537
1790637255.9219768,1.5340360114350915
1790637255.9379184,1.8770539900287986
1790637255.9665537,19.51634604483843
1790637255.9668138,7.947410980705172
1790637255.967416,3.7683359696529806
1790637255.9675088,26.203465007711202
1790637255.975811,1.6358320135623217
1790637255.9786544,1.238879980519414
1790637255.9842856,1.3069810229353607
1790637256.007803,2.459243987686932
1790637256.0087311,1.3722069561481476
1790637256.0237286,1.723547000437975
1790637256.0282774,1.7145859892480075
1790637256.0418866,1.737079001031816
1790637256.0578885,1.8251760047860444
1790637256.0756233,2.318581973668188
1790637256.0762923,1.879218965768814
1790637256.1231165,2.5572070153430104
1790637256.1231952,3.2265890040434897
1790637256.158699,1.7513979692012072
1790637256.161832,1.8307330319657922
1790637256.1647449,1.350501028355211
1790637256.1662705,1.4056150102987885
1790637256.168145,1.5126900398172438
1790637256.1882489,2.0471200114116073
1790637256.21529,1.9680309924297035
1790637256.2252629,2.0120859844610095
1790637256.2269092,1.6364270122721791
1790637256.2363937,1.6123910318128765
1790637256.2795725,30.890920024830848
1790637256.2801962,39.949431957211345
1790637256.2862198,33.07892003795132
1790637256.2870255,33.34952599834651
1790637256.287105,32.28660597233102
1790637256.2879677,23.959772021044046
1790637256.288095,14.212330977898091
1790637256.288168,22.112136997748166
1790637256.3125741,18.95182899897918
1790637256.3146083,13.351946021430194
1790637256.3160005,26.71125199412927
1790637256.3169703,5.294190952554345
1790637256.3175397,9.61095601087436
1790637256.3176856,8.719134028069675
1790637256.3177652,6.594554986804724
1790637256.3181908,3.3951880177482963
1790637256.3298833,1.8899479764513671
1790637256.3335118,2.679308003280312
1790637256.3335984,2.182675991207361
1790637256.3375988,1.4491979964077473
1790637256.3624227,22.961479029618204
1790637256.368348,28.330171946436167
1790637256.368492,26.513018005061895
1790637256.368677,12.03096000244841
1790637256.3690548,5.055285000707954
1790637256.3737786,1.621627015992999
1790637256.3874316,1.8014119705185294
1790637256.3931863,1.6437140293419361
1790637256.4305515,23.928051989059895
1790637256.4596653,20.01830196240917
1790637256.4604166,26.02321101585403
1790637256.4609303,19.30533704580739
1790637256.4612544,8.081123000010848
1790637256.4613502,8.251858002040535
1790637256.4656827,1.5250679571181536
1790637256.4688525,2.443077974021435
1790637256.4701781,1.7776680178940296
1790637256.4887724,1.9694299553520977
1790637256.4943316,1.5575020224787295
1790637256.519856,24.108978046569973
1790637256.5199485,15.893450006842613
1790637256.5215507,16.88628800911829
1790637256.521986,14.228476968128234
1790637256.5221062,15.456220018677413
1790637256.5221758,4.482089017983526
1790637256.5255322,1.438973005861044
1790637256.5286038,1.9797319546341896
1790637256.5505738,1.7031320021487772
1790637256.5541718,1.3972469605505466
1790637256.5562432,1.3270750059746206
1790637256.5970156,17.17608596663922
1790637256.5981586,26.89868799643591
1790637256.6205246,3.679525980260223
1790637256.6208858,3.11000196961686
1790637256.6382866,3.605813020840287
1790637256.638373,3.027162980288267
1790637256.639833,2.136958995833993
1790637256.6761663,1.9802660099230707
1790637256.6820824,1.9801629823632538
1790637256.6922026,1.8739079823717475
1790637256.7061734,2.249218989163637
1790637256.710134,2.381635014899075
1790637256.7113147,2.294939011335373
1790637256.7456348,23.674312978982925
1790637256.745985,26.285919011570513
1790637256.7472682,22.283253958448768
1790637256.7473795,18.873316992539912
1790637256.7474494,6.2428939854726195
1790637256.7549047,2.288960968144238
1790637256.7554874,2.1999659948050976
1790637256.7869666,17.327426001429558
1790637256.7870607,26.06068301247433
1790637256.7871928,9.341493947431445
1790637256.7875657,6.61332398885861
1790637256.7970035,1.83075200766325
1790637256.8000736,1.610474952030927
1790637256.8028219,1.542096957564354
1790637256.810226,2.0418459898792207
1790637256.8136978,2.171743952203542
1790637256.8196049,2.0139170228503644
1790637256.8463128,2.0749319810420275
1790637256.8614004,3.349730046465993
1790637256.894001,31.178382982034236
1790637256.894108,23.71770201716572
1790637256.8942077,24.770467018242925
1790637256.8943698,23.8144290051423
1790637256.8944476,4.297795996535569
1790637256.900809,3.86588997207582
1790637256.9054334,2.9723859624937177
1790637256.9089365,2.5999529752880335
1790637256.9456415,11.305879976134747
1790637256.9464889,26.184142974670976
1790637256.9466558,5.989005963783711
1790637256.9467673,7.35133996931836
1790637256.947107,2.6241519954055548
1790637256.9509113,1.68242200743407
1790637256.968038,2.101877995301038
1790637256.9884224,2.0693489932455122
1790637257.0067832,2.768663049209863
1790637257.0114639,4.281574976630509
1790637257.0139768,1.8505530315451324
1790637257.053743,20.981889974791557
1790637257.054187,20.385839976370335
1790637257.054654,9.998255991376936
1790637257.0548122,27.75055600795895
1790637257.0682182,1.5052059898152947
1790637257.0877998,2.824933035299182
1790637257.0886006,2.4783160188235343
1790637257.0903256,1.196212018840015
1790637257.1005993,1.7013319884426892
1790637257.1103823,1.602745964191854
1790637257.1108792,1.425637979991734
1790637257.1365066,3.240721009206027
1790637257.1365848,3.446443995926529
1790637257.147946,3.9799879887141287
1790637257.149098,1.58622395247221
1790637257.1493762,3.5655490355566144
1790637257.152358,1.555176975671202
1790637257.152411,2.0620800205506384
1790637257.1556013,1.3591829920187593
1790637257.1848576,24.115731997881085
1790637257.185975,17.856854014098644
1790637257.1864202,8.126769040245563
1790637257.186523,12.802110984921455
1790637257.2009678,1.5962679754011333
1790637257.2041154,1.9605500274337828
1790637257.2213292,2.0631509833037853
1790637257.2304199,1.6107860137708485
1790637257.2381697,1.3513569720089436
1790637257.2403967,1.465470006223768
1790637257.2432518,1.2511039967648685
1790637257.261736,1.7525890143588185
1790637257.2659876,1.3905689702369273
1790637257.2962503,2.4490520008839667
1790637257.315778,2.7626020018942654
1790637257.315871,2.1924780448898673
1790637257.3207736,1.5585009823553264
1790637257.3242218,1.6027270467020571
1790637257.3428376,1.8127189832739532
1790637257.3496716,1.4164900057949126
1790637257.365917,1.718555053230375
1790637257.3699777,1.7659830045886338
1790637257.3720531,1.2794440262950957
1790637257.3858943,1.728300005197525
1790637257.411337,21.879949956201017
1790637257.4162378,26.282607985194772
1790637257.417883,13.598043995443732
1790637257.4179628,27.071529999375343
1790637257.418032,29.230030020698905
1790637257.4235153,1.4837199705652893
1790637257.4444082,1.9106229883618653
1790637257.4569037,1.512697956059128
1790637257.482335,2.7978630387224257
1790637257.482437,2.2870959946885705
1790637257.492919,1.6974739846773446
1790637257.4989781,1.6247970052063465
1790637257.5069995,1.3535649632103741
1790637257.5464704,2.556600025855005
1790637257.5503247,1.7125739832408726
1790637257.5676777,2.4104249896481633
1790637257.5725877,2.2176469792611897
1790637257.5726676,2.990746987052262
1790637257.5805287,2.255125029478222
1790637257.584655,1.5698920469731092
1790637257.5874329,1.2616129824891686
1790637257.6071644,1.559069030918181
1790637257.6197057,1.6042060451582074
1790637257.6357865,2.1874140365980566
1790637257.648796,1.6703110304661095
1790637257.6549911,2.1657489705830812
1790637257.655759,2.3617619881406426
1790637257.6575334,1.21355801820755
1790637257.658838,1.2970790266990662
1790637257.6707664,1.7337619792670012
1790637257.6738079,1.2422819854691625
1790637257.6995263,1.9686930463649333
1790637257.725359,2.5702539714984596
1790637257.730096,1.9032470299862325
1790637257.7308173,1.2634380254894495
1790637257.7632124,4.829630022868514
1790637257.7641842,4.981875012163073
1790637257.7644374,2.3864529794082046
1790637257.7768645,3.049489052500576
1790637257.8069918,4.203989985398948
1790637257.837756,23.26446503866464
1790637257.8385236,25.508198013994843
1790637257.839234,22.095643973443657
1790637257.8393502,23.18498195381835
1790637257.8394022,9.205250011291355
1790637257.86963,2.189397986512631
1790637257.8718202,1.3707460020668805
1790637257.8845677,2.0388279808685184
1790637257.8902555,1.6145409899763763
1790637257.8920355,1.487025001551956
1790637257.8924675,1.3573549804277718
1790637257.9146678,4.007236042525619
1790637257.9151385,3.0858690151944757
1790637257.915193,2.300838998053223
1790637257.917672,1.213620009366423
1790637257.9304101,1.8593790009617805
1790637257.9377046,1.4814379974268377
1790637257.9392307,1.21474196203053
1790637257.9465828,1.357340021058917
1790637257.9488652,1.3759409775957465
1790637257.9568386,1.9357000128366053
1790637257.961008,1.7809619894251227
1790637257.9647715,1.8650689744390547
1790637257.966426,1.636976026929915
1790637257.9719763,1.5848380280658603
1790637257.9764867,1.831288042012602
1790637257.9835365,1.59292301395908
1790637257.987203,1.3281769934110343
1790637257.9983153,1.6086070099845529
1790637257.9996593,1.3339560246095061
1790637258.0074391,1.711404009256512
1790637258.0171645,1.6195370117202401
1790637258.02031,1.3020589831285179
1790637258.0215728,1.1247690417803824
1790637258.0230527,1.1494329664856195
1790637258.0290992,1.3277929974719882
1790637258.051667,1.6593050095252693
1790637258.056077,1.8889200291596353
1790637258.0577385,1.2406770256347954
1790637258.0638518,1.4469290035776794
1790637258.089629,22.243080020416528
1790637258.0905206,7.431947975419462
1790637258.0905848,3.751281008590013
1790637258.0974157,1.2669280404224992
1790637258.1136987,1.7823099624365568
1790637258.1228247,1.594341010786593
1790637258.139607,1.659316010773182
1790637258.1421726,1.4397019986063242
1790637258.1542308,1.6785659827291965
1790637258.1638734,1.7687859944999218
1790637258.1684139,1.6795650008134544
1790637258.1723125,1.2600209447555244
1790637258.1763787,1.2610309640876949
1790637258.1792676,1.4373179874382913
1790637258.1818054,1.6370629891753197
1790637258.1904166,1.9083640072494745
1790637258.1909678,1.572305045556277
1790637258.194031,1.1607719934545457
1790637258.196759,1.9672730122692883
1790637258.1976416,1.9052749848924577
1790637258.204416,1.266794977709651
1790637258.2195516,1.769474009051919
1790637258.2343924,1.9550590077415109
1790637258.234973,1.399628003127873
1790637258.2435322,1.634211977943778
1790637258.259004,1.792567956726998
1790637258.2612362,1.42795400461182
1790637258.262678,1.2111049727536738
1790637258.2647886,1.2331170146353543
1790637258.2766132,1.7893650219775736
1790637258.2987232,21.8633939512074
1790637258.2992954,5.839039979036897
1790637258.3081734,1.486174005549401
1790637258.3473125,2.5977789773605764
1790637258.3506632,1.807577966246754
1790637258.3516715,1.922218012623489
1790637258.3544426,1.1376760085113347
1790637258.3660135,3.064894990529865
1790637258.3661063,2.585876965895295
1790637258.383787,1.782322011422366
1790637258.3928216,2.6136509841307998
1790637258.4004986,1.8524789484217763
1790637258.403258,1.245910010766238
1790637258.405696,1.2807180173695087
1790637258.4216168,2.5920079788193107
1790637258.4217134,2.1668699919246137
1790637258.4314637,1.6940549830906093
1790637258.4451396,1.8273250316269696
1790637258.4534886,2.6192659861408174
1790637258.457097,1.5383959980681539
1790637258.4668446,1.4948060270398855
1790637258.4764493,2.003666013479233
1790637258.4776354,1.1772160069085658
1790637258.480765,1.3880250044167042
1790637258.4812298,1.3585889828391373
1790637258.4857693,1.4765920350328088
1790637258.4869149,1.1368909617885947
1790637258.4942715,1.2122089974582195
1790637258.5295053,3.2236420083791018
1790637258.5402205,2.044369000941515
1790637258.5454264,2.3926260182633996
1790637258.5482883,1.2329980381764472
1790637258.5502636,1.2078970321454108
1790637258.5546994,1.376389991492033
1790637258.5634463,1.4138820115476847
1790637258.599227,1.947487995494157
1790637258.610027,1.7568999901413918
1790637258.6189163,2.3658989812247455
1790637258.6338096,2.3332160199061036
1790637258.6437123,1.6191480099223554
1790637258.6456316,1.4391220174729824
1790637258.658221,1.6151259769685566
1790637258.6651576,1.6953560407273471
1790637258.6663115,1.1446119751781225
1790637258.6836655,2.8092970023863018
1790637258.6837726,1.7615550314076245
1790637258.706382,3.1951459823176265
1790637258.7075188,2.2084180382080376
1790637258.7259777,3.173439996317029
1790637258.7293923,1.4091680059209466
1790637258.741936,1.966387964785099
1790637258.7420304,2.7266969555057585
1790637258.751216,1.5201129717752337
1790637258.7557735,1.6419199528172612
1790637258.756937,1.1534870136529207
1790637258.7697701,2.3093500058166683
1790637258.7810557,2.3006820119917393
1790637258.7814894,1.402572961524129
1790637258.797232,2.078304998576641
1790637258.799367,1.5049169887788594
1790637258.803736,1.4596849796362221
1790637258.8570082,9.34462295845151
1790637258.8570836,23.86644098442048
1790637258.8951387,1.8962860340252519
1790637258.899092,2.5406350032426417
1790637258.9072099,2.859173051547259
1790637258.90727,2.3325540241785347
1790637258.9098396,1.2434799573384225
1790637258.9126503,1.7540139961056411
1790637258.9132595,1.3378659496083856
1790637258.9205034,1.5827299794182181
1790637258.9272096,1.404747017659247
1790637258.9369087,1.8029000493697822
1790637258.9513931,1.6725549940019846
1790637258.9778295,1.9314269884489477
1790637258.9838686,1.5309089794754982
1790637258.9957185,1.9867650116793811
1790637259.0028074,2.6645290199667215
1790637259.0352643,1.96444196626544
1790637259.0407236,1.727438997477293
1790637259.0734239,1.7700219759717584
1790637259.0810728,1.4647009666077793
1790637259.09195,1.8049950012937188
1790637259.0954614,1.307533006183803
1790637259.1071036,1.675640989560634
1790637259.1282663,2.370548027101904
1790637259.1303122,2.025952038820833
1790637259.1359463,1.5757119981572032
1790637259.138799,1.4148819609545171
1790637259.1524634,5.083275027573109
1790637259.1578703,5.3788209916092455
1790637259.159022,3.3730450086295605
1790637259.1756675,2.048140042461455
1790637259.1822994,2.3619039566256106
1790637259.1849062,1.9056860473938286
1790637259.2100403,2.144836005754769
1790637259.2115023,1.3070839922875166
1790637259.2190957,1.8263820093125105
1790637259.220666,1.3112550368532538
1790637259.22861,2.082242979668081
1790637259.23539,1.970156969036907
1790637259.252582,6.542104005347937
1790637259.2995846,10.654960002284497
1790637259.3051863,12.722438026685268
1790637259.307377,2.9639920103363693
1790637259.3078895,3.9583820034749806
1790637259.307995,6.229647027794272
1790637259.3203015,2.094911993481219
1790637259.3444743,23.788749997038394
1790637259.3683634,21.663152030669153
1790637259.3689425,23.12766999239102
1790637259.3690088,21.810191043186933
1790637259.3706412,1.4574649976566434
1790637259.3871908,1.4911189791746438
1790637259.4082844,2.053195028565824
1790637259.417053,1.5563970082439482
1790637259.4426951,3.0053179943934083
1790637259.443546,1.667202974203974
1790637259.4592717,2.2605489939451218
1790637259.4600046,1.5277230413630605
1790637259.460098,3.004326019436121
1790637259.5109046,17.164851014968008
1790637259.5116768,24.42666399292648
1790637259.5127306,17.80625799437985
1790637259.5135565,13.599849015008658
1790637259.5138316,11.281732993666083
1790637259.5139525,4.594056983478367
1790637259.5146358,2.60219001211226
1790637259.550999,20.439637009985745
1790637259.551252,20.62237699283287
1790637259.5516741,24.05272301984951
1790637259.5523987,10.466484993230551
1790637259.5524828,9.081754018552601
1790637259.5646107,1.3959200005047023
1790637259.5685642,1.8421290442347527
1790637259.5933287,25.648301001638174
1790637259.5934384,10.335191967897117
1790637259.5935006,12.325398973189294
1790637259.5965345,1.5754929627291858
1790637259.6032503,1.3508310075849295
1790637259.6046371,1.1633940157480538
1790637259.6068025,1.5572130214422941
1790637259.6186504,1.6406330396421254
1790637259.6351612,1.6396869905292988
1790637259.643304,1.436770020518452
1790637259.6572545,1.7776360036805272
1790637259.6985946,3.3731249859556556
1790637259.716314,2.20026500755921
1790637259.7176595,1.3242770219221711
1790637259.728104,1.5604360378347337
1790637259.735996,1.803321996703744
1790637259.7656229,1.9409829983487725
1790637259.7673817,1.4850779552944005
1790637259.785124,1.7163970042020082
1790637259.7875423,1.6551349544897676
1790637259.7951946,2.062381012365222
1790637259.79691,1.2868099729530513
1790637259.8019314,2.2264170111157
1790637259.8027947,1.3076189788989723
1790637259.8056207,1.461923005990684
1790637259.8150694,1.6676289960741997
1790637259.8372123,5.466297967359424
1790637259.8373222,23.321621993090957
1790637259.8419356,1.2672999873757362
1790637259.866546,22.247480985242873
1790637259.8775423,1.8063850002363324
1790637259.8913846,1.9454900175333023
1790637259.8977273,1.728295988868922
1790637259.9101253,2.1516120177693665
1790637259.9101908,2.7742599486373365
1790637259.9457946,23.13628699630499
1790637259.9689362,1.8737469799816608
1790637259.970607,1.4633520040661097
1790637259.9823773,3.144332964438945
1790637259.982545,2.798737958073616
1790637259.9831915,2.0335129811428487
1790637259.985234,1.3366049970500171
1790637259.9936755,1.5860600396990776
1790637260.0000644,1.307029975578189
1790637260.013479,2.292517980094999
1790637260.014349,1.9213339546695352
1790637260.039995,1.6699979896657169
1790637260.0445776,1.7898870282806456
1790637260.0452058,1.3958149938844144
1790637260.0737853,10.164372972212732
1790637260.073884,22.446517017669976
1790637260.0739455,8.589394041337073
1790637260.0834727,1.542626996524632
1790637260.0901246,1.5553930425085127
1790637260.1186252,2.4578310549259186
1790637260.1278603,1.7294770223088562
1790637260.1304524,1.3325390173122287
1790637260.134964,1.3021089835092425
1790637260.157418,1.9915219745598733
1790637260.1638513,1.752585987560451
1790637260.1890361,20.114173996262252
1790637260.1899333,9.325058956164867
1790637260.1902776,8.890324039384723
1790637260.1904826,25.3737680031918
1790637260.1919816,1.4455809723585844
1790637260.1966891,1.33718695724383
1790637260.2034843,1.3253270299173892
1790637260.2087364,1.4822550001554191
1790637260.223589,1.8680229550227523
1790637260.264777,19.86472198041156
1790637260.2709403,29.05796404229477
1790637260.271032,25.53790603997186
1790637260.2847073,38.37146901059896
1790637260.2861884,30.052048969082534
1790637260.2862804,36.05274704750627
1790637260.2865171,13.719569018576294
1790637260.2875538,13.960757001768798
1790637260.2876136,9.774154983460903
1790637260.2877183,4.48891002452001
1790637260.3225527,2.1251660073176026
1790637260.3503222,17.70046300953254
1790637260.3572674,23.35271198535338
1790637260.3579748,14.981945976614952
1790637260.3584967,26.89304295927286
1790637260.3594422,11.83813001262024
1790637260.3595269,5.644432036206126
1790637260.359619,5.2044730400666595
1790637260.3638837,1.3850590330548584
1790637260.3694596,1.268404012080282
1790637260.3717499,1.3321579899638891
1790637260.3808084,1.9699260010384023
1790637260.4007268,14.39016597578302
1790637260.4008,20.878710027318448
1790637260.4040577,1.4821490040048957
1790637260.408884,1.5318490331992507
1790637260.4151757,1.4684500056318939
1790637260.4210286,1.5317369834519923
1790637260.4490461,21.150231012143195
1790637260.4497101,1.9030449911952019
1790637260.4595375,1.6189130255952477
1790637260.4708042,1.7688570078462362
1790637260.477984,2.042743959464133
1790637260.4987109,1.8968969816341996
1790637260.5547915,3.023903991561383
1790637260.5549555,24.014860042370856
1790637260.5588348,1.3047560350969434
1790637260.561411,1.3570280279964209
1790637260.5675669,1.6862190095707774
1790637260.5694675,1.308428996708244
1790637260.5931816,1.7683079931885004
1790637260.611626,2.003926958423108
1790637260.6329398,20.081349997781217
1790637260.633217,15.081703022588044
1790637260.6333392,21.66334498906508
1790637260.6560078,29.80071399360895
1790637260.6561852,31.18020499823615
1790637260.6770048,22.89515401935205
1790637260.67713,22.900238051079214
1790637260.6772077,21.745444042608142
1790637260.6857069,1.729894953314215
1790637260.6915743,1.494901953265071
1790637260.6973646,1.356020977254957
1790637260.7387075,19.492477003950626
1790637260.7388341,18.376298947259784
1790637260.7392313,17.339327023364604
1790637260.7399065,17.481142946053296
1790637260.740188,16.00966800469905
1790637260.7404902,8.88321700040251
1790637260.7405589,26.77787799621001
1790637260.7659755,17.773491039406508
1790637260.7673295,11.200478009413928
1790637260.767407,23.44388997880742
1790637260.76888,1.2058430002070963
1790637260.7838783,2.075455035082996
1790637260.7846062,1.7149990308098495
1790637260.8376958,16.187885019462556
1790637260.8383636,23.907686001621187
1790637260.8391595,13.464137038681656
1790637260.839298,15.854550001677126
1790637260.8398857,7.067530008498579
1790637260.8399541,3.8892870070412755
1790637260.8441129,1.3631379697471857
1790637260.8448353,1.3546510017476976
1790637260.877033,1.7775080050341785
1790637260.8808386,1.339095993898809
1790637260.8838017,1.800607016775757
1790637260.8942413,1.504555984865874
1790637260.9003563,1.7959209508262575
1790637260.9174674,1.6110819997265935
1790637260.9228005,1.336722052656114
1790637260.9410875,1.7278179875575006
1790637260.946893,1.4256589929573238
1790637260.9522731,1.3935629976913333
1790637260.957498,2.0448389695957303
1790637260.972275,2.399271004833281
1790637260.9763205,1.9235889776609838
1790637260.9774046,1.5915569965727627
1790637260.9987018,22.03683095285669
1790637261.0066087,2.014980011153966
1790637261.0295591,1.5038810088299215
1790637261.0390167,1.9334949902258813
1790637261.0745115,2.692219044547528
1790637261.0801265,4.657776968088001
1790637261.1161308,2.085820015054196
1790637261.1162395,25.684341962914914
1790637261.12012,1.49999198038131
1790637261.1226304,1.6585119883529842
1790637261.161922,33.28414499992505
1790637261.1669567,43.927218997851014
1790637261.1688218,30.215967039112
1790637261.169612,45.69343198090792
1790637261.1702013,26.87914902344346
1790637261.170563,22.325169993564487
1790637261.170624,9.672834014054388
1790637261.176024,1.286455022636801
1790637261.1831918,1.6900949995033443
1790637261.1986024,1.995155995246023
1790637261.2114007,5.657987028826028
1790637261.2342625,24.31463304674253
1790637261.2392359,17.97456300118938
1790637261.2621868,50.61306600691751
1790637261.2649353,36.58128797542304
1790637261.265057,28.89936399878934
1790637261.2663562,14.717179990839213
1790637261.2666752,41.22799402102828
1790637261.2667491,3.7468980299308896
1790637261.2923367,2.348923997487873
1790637261.3321688,25.757163006346673
1790637261.3328054,10.118692007381469
1790637261.3340838,1.8502849852666259
1790637261.334205,2.7156180003657937
1790637261.3464313,1.456652011256665
1790637261.3526535,1.4177740085870028
1790637261.3777802,15.142052958253771
1790637261.3779979,22.673225030303
1790637261.4000335,1.9706719904206693
1790637261.4006495,1.6114930040203035
1790637261.4216492,1.6676560044288635
1790637261.4480927,19.731902983039618
1790637261.4488993,16.00904401857406
1790637261.4490743,24.602184945251793
1790637261.4492319,8.09073803247884
1790637261.4496913,2.6137850363738835
1790637261.4537318,1.6288989572785795
1790637261.454103,1.3492750003933907
1790637261.4555035,1.2717199861072004
1790637261.4650419,2.444280020426959
1790637261.4792578,2.798777015414089
1790637261.5129766,26.329618995077908
1790637261.5130532,12.370770040433854
1790637261.5134647,3.6487450124695897
1790637261.5135422,4.903670051135123
1790637261.528572,1.8286670092493296
1790637261.5330062,1.4245850034058094
1790637261.5494652,1.941364025697112
1790637261.5675118,1.7197109991684556
1790637261.5809407,2.000255975872278
1790637261.5972126,2.443527046125382
1790637261.5972848,1.5565930516459048
1790637261.5993555,1.1475809733383358
1790637261.600786,1.1299870093353093
1790637261.6065013,1.6608050209470093
1790637261.6071599,1.524213992524892
1790637261.6095178,1.2889850186184049
1790637261.6212552,1.7088419990614057
1790637261.626194,1.3940639910288155
1790637261.6308494,1.2882169685326517
1790637261.6346123,1.622334006242454
1790637261.6369588,1.2099440209567547
1790637261.668017,1.885675999801606
1790637261.6932392,3.0227829702198505
1790637261.693346,3.8393489667214453
1790637261.738923,12.63480499619618
1790637261.750508,25.0647270004265
1790637261.7509265,16.128069022670388
1790637261.7729928,34.76552298525348
1790637261.7754686,29.40915198996663
1790637261.7756224,32.98270102823153
1790637261.7778897,18.595639034174383
1790637261.7780247,19.84749099938199
1790637261.7795727,16.628779005259275
1790637261.779642,7.680520007852465
1790637261.7797978,3.615809022448957
1790637261.7810252,2.08087801001966
1790637261.8312526,2.259448985569179
1790637261.861761,1.7880010418593884
1790637261.8760982,2.4897020193748176
1790637261.8766685,1.6167579451575875
1790637261.8940914,2.5840059970505536
1790637261.8946767,1.515679992735386
1790637261.8971817,1.3887750101275742
1790637261.918752,2.0985229639336467
1790637261.931021,1.7094510258175433
1790637261.9445844,1.7130740452557802
1790637261.9648638,2.660736965481192
1790637261.9652843,3.609656007029116
1790637261.9653568,2.0747199887409806
1790637262.006635,17.424504971131682
1790637262.0073438,29.018797969911247
1790637262.0080185,18.15278100548312
1790637262.0083182,17.800239962525666
1790637262.0087013,15.094755974132568
1790637262.0088184,20.231666043400764
1790637262.0116193,1.5997430309653282
1790637262.01211,1.4215889968909323
1790637262.0287917,2.0544359576888382
1790637262.0291536,2.9582930146716535
1790637262.0469534,1.7538769752718508
1790637262.0644803,1.812639005947858
1790637262.0669332,1.3641509576700628
1790637262.0774357,1.8627860117703676
1790637262.108403,25.817707006353885
1790637262.1191175,37.11188497254625
1790637262.13251,43.049578031059355
1790637262.1330724,29.252761974930763
1790637262.1340024,36.353392992168665
1790637262.1495967,38.06850197724998
1790637262.1570227,30.347894004080445
1790637262.1572993,2.1754560293629766
1790637262.1714795,1.8873160006478429
1790637262.1739612,1.5522289904765785
1790637262.1990066,1.9140889635309577
1790637262.1991012,2.704150974750519
1790637262.2012877,1.1831300216726959
1790637262.228276,1.8986639915965497
1790637262.2338731,2.019441977608949
1790637262.2348325,1.7746349913068116
1790637262.2510026,1.801759994123131
1790637262.256207,1.6468099784106016
1790637262.2615824,1.6350849764421582
1790637262.2624593,1.824262028094381
1790637262.2698052,1.5277080237865448
1790637262.2726862,1.380212022922933
1790637262.281248,1.6225510044023395
1790637262.2890859,1.6457380261272192
1790637262.2973788,1.669487974140793
1790637262.2995439,1.3631830224767327
1790637262.3309681,29.222317971289158
1790637262.331108,28.833474963903427
1790637262.3323567,20.070205035153776
1790637262.3329244,21.895374986343086
1790637262.333359,32.174269028473645
1790637262.3334355,21.66108600795269
1790637262.3342242,1.8565579666756094
1790637262.347849,1.7663059988990426
1790637262.3777068,1.665226009208709
1790637262.3913805,1.9478789763525128
1790637262.4059527,1.8396140076220036
1790637262.415286,1.8643749644979835
1790637262.4383945,3.236437973100692
1790637262.4402995,3.071808023378253
1790637262.440397,4.65344701660797
1790637262.4617884,23.21137604303658
1790637262.4619691,22.431279008742422
1790637262.4620955,7.746852992568165
1790637262.4628224,2.7049100026488304
1790637262.4769979,2.197089954279363
1790637262.4928825,1.9156169728375971
1790637262.500798,1.6896070446819067
1790637262.5047817,1.6929100384004414
1790637262.5360856,2.3214740213006735
1790637262.5572147,1.8206550157628953
1790637262.5635285,1.422498025931418
1790637262.567633,1.3858269667252898
1790637262.5816317,1.7133280052803457
1790637262.6060658,18.40251695830375
1790637262.60736,25.23482101969421
1790637262.6074357,7.093261985573918
1790637262.6097517,2.8507880051620305
1790637262.609821,2.244615985546261
1790637262.612744,1.720519969239831
1790637262.6473753,2.1336229983717203
1790637262.6495273,1.5250080032274127
1790637262.6553764,1.6891949926503003
1790637262.659934,1.4398550265468657
1790637262.68713,2.2261820267885923
1790637262.6908004,1.7048390000127256
1790637262.705431,1.9198409863747656
1790637262.7455173,4.9926849897019565
1790637262.7458143,26.07205498497933
1790637262.7459254,12.954728968907148
1790637262.746524,2.4024650338105857
1790637262.7616527,2.1502209710888565
1790637262.7704844,1.505894004367292
1790637262.780795,1.622032024897635
1790637262.7822652,1.3624440180137753
1790637262.800541,1.810465008020401
1790637262.8454714,2.0730679971165955
1790637262.863075,1.8046270124614239
1790637262.868547,1.6105840331874788
1790637262.8713243,1.404007023666054
1790637262.8872576,2.0428349962458014
1790637262.892785,1.4301560004241765
1790637262.9239607,2.0225929911248386
1790637262.9325633,1.6443090280517936
1790637262.963693,2.07147398032248
1790637262.984162,18.026668985839933
1790637262.984366,16.68125600554049
1790637262.9935193,24.00664403103292
1790637262.9936132,28.167298005428165
1790637263.0059848,1.6232210327871144
1790637263.0205312,1.9930999842472374
1790637263.0512135,2.6881310041062534
1790637263.0523214,2.3466739803552628
1790637263.0524025,3.1906599760986865
1790637263.054093,1.2099580490030348
1790637263.0630422,1.7972300411202013
1790637263.0746686,1.5801679692231119
1790637263.0767171,1.5598179888911545
1790637263.0781136,1.3853919808752835
1790637263.0814157,1.3596009812317789
1790637263.125403,37.46478701941669
1790637263.1359453,48.51003404473886
1790637263.1556687,59.653742995578796
1790637263.1557882,46.05258099036291
1790637263.1558597,8.337820996530354
1790637263.1615472,1.5885189641267061
1790637263.167125,1.3848100206814706
1790637263.196726,26.321273995563388
1790637263.1976683,19.753799948375672
1790637263.197832,12.414223980158567
1790637263.2036898,33.84609997738153
1790637263.220492,32.0144509896636
1790637263.2206995,29.405770008452237
1790637263.227681,26.751644967589527
1790637263.2286904,17.182623967528343
1790637263.2288938,5.892254994250834
1790637263.228978,38.578388979658484
1790637263.2347095,1.9386899657547474
1790637263.2366693,1.4601849834434688
1790637263.2629986,20.078481000382453
1790637263.2651055,23.913395998533815
1790637263.2656264,17.18093897216022
1790637263.265775,13.490066980011761
1790637263.2658644,5.591407010797411
1790637263.2659934,22.020235017407686
1790637263.3321161,65.25669002439827
1790637263.332626,64.19928598916158
1790637263.3336449,69.63469000766054
1790637263.3340094,63.17480199504644
1790637263.3341744,34.44150899304077
1790637263.335447,33.94846303854138
1790637263.3357074,31.489040004089475
1790637263.3362846,26.055063004605472
1790637263.3367262,23.0744419968687
1790637263.341516,1.564558013342321
1790637263.376724,22.553842049092054
1790637263.376787,15.084602986462414
1790637263.3827069,1.6187980072572827
1790637263.3940227,1.698661013506353
1790637263.418743,1.6520539647899568
1790637263.420185,1.2633349979296327
1790637263.426228,1.595420006196946
1790637263.4315069,1.6271659987978637
1790637263.433192,1.6742389998398721
1790637263.4419146,1.6912450082600117
1790637263.4441903,2.158366027288139
1790637263.4451315,1.3510609860531986
1790637263.4610555,2.3108699824661016
1790637263.4620368,1.42261094879359
1790637263.4822726,2.1207380341365933
1790637263.487568,1.6463079955428839
1790637263.4947743,1.357305038254708
1790637263.501773,1.6426780493929982
1790637263.5039122,1.3233069912530482
1790637263.5104883,1.6881400370039046
1790637263.539889,20.84137301426381
1790637263.54103,19.9566800147295
1790637263.5424714,26.85300901066512
1790637263.5427108,12.198023032397032
1790637263.5429447,11.445813986938447
1790637263.5435374,2.4975150008685887
1790637263.5491574,1.5851340140216053
1790637263.5516975,2.2974229650571942
1790637263.552038,2.0585019956342876
1790637263.5524688,1.4390680007636547
1790637263.5625381,1.7583509907126427
1790637263.5759113,1.8383259885013103
1790637263.5815587,1.52850296581164
1790637263.5905418,2.063059015199542
1790637263.5906818,2.8798150015063584
1790637263.5928102,1.3076310278847814
1790637263.6364944,1.9601249950937927
1790637263.6615865,21.675973024684936
1790637263.6657698,16.55932399444282
1790637263.666314,27.572560007683933
1790637263.6664474,14.570232015103102
1790637263.6668808,2.4210119736380875
1790637263.6773598,1.466700981836766
1790637263.6812367,2.0968709723092616
1790637263.6821125,2.4321050150319934
1790637263.6821656,1.9631340401247144
1790637263.698489,1.7207189812324941
1790637263.7029302,1.411224016919732
1790637263.7548828,17.978942021727562
1790637263.771466,45.60143803246319
1790637263.773509,21.641098021063954
1790637263.7745943,29.14325101301074
1790637263.7757568,15.874091011937708
1790637263.7764506,9.512583957985044
1790637263.7765489,10.20439196145162
1790637263.776891,1.8481259467080235
1790637263.8155558,2.255484985653311
1790637263.8253043,1.7542109708301723
1790637263.831076,1.6432669945061207
1790637263.8326116,1.5261080116033554
1790637263.835197,1.7568619805388153
1790637263.8358755,1.887812977656722
1790637263.8476408,1.670570985879749
1790637263.8829243,1.9727869657799602
1790637263.9083078,24.640902993269265
1790637263.9087386,26.667678030207753
1790637263.9093893,24.63518996955827
1790637263.9100606,24.594863993115723
1790637263.9210536,35.02777102403343
1790637263.9319093,28.112743981182575
1790637263.9554565,65.82039402564988
1790637263.9590766,39.125718001741916
1790637263.959296,44.15085801156238
1790637263.9610658,21.99241501512006
1790637263.961248,31.474556017201394
1790637263.9613175,28.930461034178734
1790637263.9617622,2.3110269685275853
1790637263.9797692,1.8803460407070816
1790637264.0158312,1.8589660176075995
1790637264.019133,1.662795024458319
1790637264.0599747,19.55608604475856
1790637264.0615675,12.75130599969998
1790637264.061686,4.9508519587107
1790637264.06176,24.792084004729986
1790637264.0646925,1.1925270082429051
1790637264.0701115,1.798507000785321
1790637264.070619,1.3655400252901018
1790637264.079241,1.6832230030559003
1790637264.0956635,2.446600003167987
1790637264.0965471,1.9038800382986665
1790637264.0970304,1.254068047273904
1790637264.1054652,1.9009970128536224
1790637264.106315,1.6790769877843559
1790637264.1184394,1.6032200073823333
1790637264.1276045,1.8116969731636345
1790637264.140022,1.515017997007817
1790637264.1465302,1.570394029840827
1790637264.1499755,1.315784000325948
1790637264.1540341,1.5223610098473728
1790637264.1554632,1.4198690187186003
1790637264.1618512,1.4988670009188354
1790637264.1667976,1.499813050031662
1790637264.1786902,1.940875023137778
1790637264.1845028,1.5308739966712892
1790637264.2176354,23.515565029811114
1790637264.2189002,2.4120250018313527
1790637264.2189837,3.038342052605003
1790637264.2274125,3.275492985267192
1790637264.2289205,2.0309819956310093
1790637264.2289953,2.5664109853096306
1790637264.262399,3.2719040173105896
1790637264.2624931,3.2823559595271945
1790637264.2629592,1.4850919833406806
1790637264.2767148,2.0030270097777247
1790637264.2880743,1.6952790319919586
1790637264.2937896,1.346312987152487
1790637264.3093817,1.6540669603273273
1790637264.3227987,1.7052030307240784
1790637264.3359146,2.2629369632340968
1790637264.3389196,1.3371749664656818
1790637264.3454382,1.9002140033990145
1790637264.379201,2.073233015835285
1790637264.3870504,1.545951992738992
1790637264.4025648,1.765707042068243
1790637264.4319773,14.963092980906367
1790637264.432089,28.074713016394526
1790637264.4326925,13.485857984051108
1790637264.4335349,13.447367993649095
1790637264.4336202,6.863432005047798
1790637264.4349747,1.233927032444626
1790637264.4432592,1.5615960001014173
1790637264.4671576,2.7417789679020643
1790637264.4672477,2.098047989420593
1790637264.484429,1.8033389933407307
1790637264.4863393,1.4639499713666737
1790637264.4916737,1.2479989673011005
1790637264.4983287,1.43052899511531
1790637264.5057452,1.5740819508209825
1790637264.5148666,1.7678790027275681
1790637264.5503995,15.995166031643748
1790637264.55852,26.00053499918431
1790637264.55877,18.20650597801432
1790637264.55977,11.725485033821315
1790637264.5598433,18.58539303066209
1790637264.6456287,45.40078999707475
1790637264.6459649,51.97177600348368
1790637264.646205,34.62721797404811
1790637264.6470656,44.39530603121966
1790637264.6471267,25.09689802536741
1790637264.6475718,22.17249502427876
1790637264.6479769,13.185560994315892
1790637264.6488287,7.929373998194933
1790637264.6493335,5.919385002925992
1790637264.6493874,6.561084999702871
1790637264.712109,48.51437400793657
1790637264.7124898,45.7859979942441
1790637264.766059,3.1016190187074244
1790637264.7661545,3.87533096363768
1790637264.7842872,1.703449001070112
1790637264.791398,1.6569109866395593
1790637264.7943769,1.3991939486004412
1790637264.8212235,1.8821149715222418
1790637264.8510458,25.33539797877893
1790637264.851694,22.34892302658409
1790637264.8526025,1.5046060434542596
1790637264.896084,37.356912973336875
1790637264.9023998,34.36686901841313
1790637264.902842,29.065890004858375
1790637264.902933,33.35875296033919
1790637264.9210858,2.090923022478819
1790637264.9583752,19.371828995645046
1790637264.958742,27.957454964052886
1790637264.9590275,18.292167980689555
1790637264.9807255,2.3144009755924344
1790637264.998417,1.7234510160051286
1790637265.0243793,1.924014010000974
1790637265.0327802,1.6819550073705614
1790637265.0384731,1.9214749918319285
1790637265.0471504,2.683530969079584
1790637265.0484529,2.2395490086637437
1790637265.0490534,1.7216730047948658
1790637265.0640645,1.7032900359481573
1790637265.071603,1.7610500217415392
1790637265.0784209,1.4371020370163023
1790637265.0925176,1.8712810124270618
1790637265.1175869,1.7050440073944628
1790637265.1252704,1.9019059836864471
1790637265.1367931,1.757298014126718
1790637265.1418316,1.4894200139679015
1790637265.1436188,1.2093050172552466
1790637265.1584811,2.0236140117049217
1790637265.1616523,1.8535370472818613
1790637265.1630142,1.3512590085156262
1790637265.1734567,1.8932849634438753
1790637265.1804705,1.389171986375004
1790637265.2054362,21.107278997078538
1790637265.2055037,19.065534987021238
1790637265.2081645,1.3010769616812468
1790637265.219498,1.6878669848665595
1790637265.2256734,1.9288110197521746
1790637265.2371602,1.9850590033456683
1790637265.2490613,1.6078390181064606
1790637265.2902224,37.858814001083374
1790637265.3012643,24.385771015658975
1790637265.3041327,45.45285803033039
1790637265.304539,44.837085995823145
1790637265.3052087,10.777706978842616
1790637265.305298,27.81379799125716
1790637265.3154051,1.8799490062519908
1790637265.3183515,1.6244880389422178
1790637265.3263128,1.6697660321369767
1790637265.3511608,2.7706680120900273
1790637265.3512256,1.8386970041319728
1790637265.3537354,1.2238220078870654
1790637265.3786042,1.7168489866890013
1790637265.3979774,2.608254028018564
1790637265.3980641,3.3940100111067295
1790637265.4185336,1.815760973840952
1790637265.4215124,1.3654680224135518
1790637265.428764,1.498415949754417
1790637265.4306216,1.3396269641816616
1790637265.4435456,1.7806580290198326
1790637265.4563842,2.123245969414711
1790637265.4593995,1.5579529572278261
1790637265.4683483,1.4787070103920996
1790637265.4957113,1.752775046043098
1790637265.502449,1.4622440212406218
1790637265.5300362,12.860646995250136
1790637265.531274,13.309781032148749
1790637265.5313704,7.6869900221936405
1790637265.5315301,23.684077023062855
1790637265.5485325,2.055638993624598
1790637265.5707388,1.9425399950705469
1790637265.598791,14.73930396605283
1790637265.5993629,23.594162019435316
1790637265.5994434,6.921327963937074
1790637265.601207,1.4105410082265735
1790637265.6133714,1.6867319936864078
1790637265.6168349,1.3864290085621178
1790637265.6380713,2.4745569680817425
1790637265.6382763,3.3452759962528944
1790637265.6400335,1.4083629939705133
1790637265.6440983,1.5221500070765615
1790637265.6516304,1.4603790477849543
1790637265.6607637,1.9842369947582483
1790637265.6612227,1.5712070162408054
1790637265.674965,2.62147601461038
1790637265.6750698,2.2077200119383633
1790637265.697091,1.6808839864097536
1790637265.7268767,1.8869529594667256
1790637265.7278821,1.9221700495108962
1790637265.7334778,1.7461960087530315
1790637265.7507098,2.440641983412206
1790637265.7755442,14.837258029729128
1790637265.7763202,11.192643025424331
1790637265.7764456,8.614948019385338
1790637265.7765157,26.33041702210903
1790637265.791991,1.5883679734542966
1790637265.7953928,1.5743990079499781
1790637265.809234,1.7166230245493352
1790637265.8114135,1.5326989814639091
1790637265.8218665,2.6175910024903715
1790637265.821951,2.1833740174770355
1790637265.8264565,1.5185729716904461
1790637265.8481739,1.9192610052414238
1790637265.8615184,2.0035839988850057
1790637265.8700716,2.491710998583585
1790637265.8796692,2.1640529739670455
1790637265.9062154,26.488950999919325
1790637265.9063559,16.781615966465324
1790637265.906433,13.404655968770385
1790637265.914514,1.8542380421422422
1790637265.9234238,1.7400179640389979
1790637265.9252858,1.7038389923982322
1790637265.9264705,1.1751290294341743
1790637265.929839,1.2992260162718594
1790637265.9463599,2.100729034282267
1790637265.947781,1.4092039782553911
1790637265.9790666,2.120285003911704
1790637266.012517,18.662756017874926
1790637266.0132427,23.06422300171107
1790637266.0220754,1.5990109532140195
1790637266.026077,1.6796329873614013
1790637266.0265481,1.5516990097239614
1790637266.0279005,1.1631629895418882
1790637266.0770977,27.466460946016014
1790637266.120157,60.44084101449698
1790637266.1203501,41.79344198200852
1790637266.1218166,48.61441004322842
1790637266.1220858,37.302631011698395
1790637266.1229968,31.63954004412517
1790637266.1237836,21.80851501179859
1790637266.1242585,59.90397499408573
1790637266.1243978,33.69212296092883
1790637266.124455,12.772634974680841
1790637266.1422975,1.6926010139286518
1790637266.144642,1.5040370053611696
1790637266.1460874,1.3012929703108966
1790637266.1561227,1.9472860149107873
1790637266.1851504,22.774590994231403
1790637266.1852388,10.033903003204614
1790637266.1858149,9.882592014037073
1790637266.1901762,1.39761803438887
1790637266.1941724,1.277145987842232
1790637266.1959085,1.3002930209040642
1790637266.1991625,2.0840620272792876
1790637266.1996975,3.5953859915025532
1790637266.1997583,3.1607040436938405
1790637266.2058966,1.5560920001007617
1790637266.2275758,15.834778023418039
1790637266.2276897,22.58150198031217
1790637266.2433686,29.8125590197742
1790637266.2524445,39.46461796294898
1790637266.2529004,37.16298600193113
1790637266.2541156,37.582204036880285
1790637266.2542248,34.049292968120426
1790637266.2546072,32.547487993724644
1790637266.2546766,23.06666597723961
1790637266.2557764,18.582329037599266
1790637266.2558606,23.745121026877314
1790637266.271933,2.984558988828212
1790637266.2720368,3.0015059746801853
1790637266.273626,1.489419024437666
1790637266.277263,1.274014008231461
1790637266.2920196,1.5602080384269357
1790637266.3162434,2.0513220224529505
1790637266.318073,1.426501024980098
1790637266.3280015,1.6745919710956514
1790637266.3327765,1.732781995087862
1790637266.354503,2.1374609787017107
1790637266.3550823,1.7354039591737092
1790637266.366757,2.5909619871526957
1790637266.3836493,1.8814049544744194
1790637266.387263,1.3741590082645416
1790637266.4123173,2.1688289707526565
1790637266.4164503,1.5456079854629934
1790637266.4395432,2.0925930002704263
1790637266.4413786,1.8244599923491478
1790637266.441747,1.593301014509052
1790637266.4554696,1.9999989890493453
1790637266.4576085,1.279879012145102
1790637266.4766388,2.5668879970908165
1790637266.4943843,1.699375978205353
1790637266.4985652,1.7760200425982475
1790637266.5215685,2.0724150235764682
1790637266.5216393,2.750732994172722
1790637266.5234332,1.1740209884010255
1790637266.5299773,1.5476970002055168
1790637266.5353172,1.6839849995449185
1790637266.552544,2.1437070099636912
1790637266.5603788,1.6266609891317785
1790637266.5636744,1.4595010434277356
1790637266.565852,1.316673995461315
1790637266.5844946,2.164379053283483
1790637266.6067727,21.380852966103703
1790637266.6069527,23.486374004278332
1790637266.6070538,7.678784022573382
1790637266.607424,4.958709992934018
1790637266.6186914,1.980394998099655
1790637266.6370573,15.792180027347058
1790637266.6426044,12.192028982099146
1790637266.6449523,12.673622986767441
1790637266.6452324,11.251603020355105
1790637266.6453128,25.306495022960007
1790637266.6463573,4.780250950716436
1790637266.6464336,7.609446009155363
1790637266.6532617,2.2463880013674498
1790637266.6539736,1.8069060170091689
1790637266.6746335,2.115046954713762
1790637266.675428,1.9738689879886806
1790637266.6920788,3.8514890475198627
1790637266.693356,3.3556160051375628
1790637266.69454,2.44637398282066
1790637266.694636,3.120613982900977
1790637266.699055,2.1940110018476844
1790637266.707439,7.566566986497492
1790637266.7265081,18.92616704571992
1790637266.7269287,26.387390971649438
1790637266.7271256,4.617799015250057
1790637266.7292595,2.1169009851291776
1790637266.7333748,1.6013519489206374
1790637266.7476223,2.064742031507194
1790637266.7481742,1.5051199588924646
1790637266.7939453,45.34637299366295
1790637266.7941961,45.044450962450355
1790637266.797522,33.86796696577221
1790637266.7995334,19.780572969466448
1790637266.8004115,47.773096011951566
1790637266.800499,36.11842100508511
1790637266.8005948,18.702665984164923
1790637266.801123,8.425154024735093
1790637266.8013978,4.93699696380645
1790637266.8014698,3.441350010689348
1790637266.8071506,1.8342569819651544
1790637266.817284,2.1116730058565736
1790637266.8215759,2.047538000624627
1790637266.823679,1.765547029208392
1790637266.844272,2.0606250036507845
1790637266.8518834,2.1569940145127475
1790637266.8526268,1.879444986116141
1790637266.8643072,2.0599000272341073
1790637266.871727,1.9065910018980503
1790637266.8879657,1.7102269921451807
1790637266.8935282,1.5216530300676823
1790637266.9405885,24.84322397504002
1790637266.94184,25.367693975567818
1790637266.9419286,21.237997978460044
1790637266.9425747,10.112501971889287
1790637266.9428813,5.780034000054002
1790637266.9430768,3.9562599849887192
1790637266.9431524,6.702826009131968
1790637266.9432163,2.3017339990474284
1790637266.9680872,2.077506040222943
1790637266.9703937,1.6675289953127503
1790637266.9834466,3.0817300430499017
1790637266.9835162,2.3682290338911116
1790637266.9861145,1.380347996018827
1790637266.9879787,1.217918994370848
1790637266.9967535,1.404186012223363
1790637267.0035036,2.1369910100474954
1790637267.0044868,2.4658720358274877
1790637267.004544,1.8674079910852015
1790637267.015983,1.7224009498022497
1790637267.0195804,1.4687780058011413
1790637267.0284152,1.8266660044901073
1790637267.0324187,1.7731959815137088
1790637267.0332136,1.198986021336168
1790637267.0560193,2.233025967143476
1790637267.0586474,1.9895820296369493
1790637267.0822759,1.7308189999312162
1790637267.0843432,1.3709510094486177
1790637267.137429,25.497504975646734
1790637267.137577,21.50804497068748
1790637267.1379611,18.587866972666234
1790637267.1380668,2.6392140425741673
1790637267.1679246,1.7086390289478004
1790637267.169737,1.6377750434912741
1790637267.172576,1.2954330304637551
1790637267.1755667,1.4820780488662422
1790637267.1761034,1.3716390240006149
1790637267.1890354,1.8141689943149686
1790637267.191562,1.5986679936759174
1790637267.1980505,1.6671890043653548
1790637267.2520025,33.84304296923801
1790637267.2626336,19.026963971555233
1790637267.2715738,27.179808996152133
1790637267.2720575,26.238397986162454
1790637267.2725616,1025.997858028859
1790637267.273464,1.3965399703010917
1790637267.2777474,1.2996859732083976
1790637267.289164,2.0401490037329495
1790637267.289827,1.5299569931812584
1790637267.2940779,1.3804840273223817
1790637267.3143902,1.9609509618021548
1790637267.3178236,1.445445988792926
1790637267.3224099,1.3409419916570187
1790637267.3268075,2.291142998728901
1790637267.3272169,2.090302004944533
1790637267.3416429,1.9621350220404565
1790637267.3504183,1.7501210095360875
1790637267.3567095,2.4172539706341922
1790637267.3568223,2.0284600323066115
1790637267.3604925,1.6163859982043505
1790637267.3621147,1.599675975739956
1790637267.3974018,32.605071959551424
1790637267.409367,42.06897900439799
1790637267.41683,39.023078978061676
1790637267.4169877,24.55868397373706
1790637267.4180486,48.726200009696186
1790637267.4181192,16.837191011290997
1790637267.4192042,15.967821003869176
1790637267.4192927,13.787897012662143
1790637267.419845,13.493195991031826
1790637267.4201953,7.046229962725192
1790637267.4219117,1.5998100279830396
1790637267.4371667,1.9441330223344266
1790637267.4510045,1.743480039294809
1790637267.4651895,1.9996929913759232
1790637267.4656296,1.5812920173630118
1790637267.5069687,24.137292988598347
1790637267.5071037,13.081326032988727
1790637267.507427,12.311498983763158
1790637267.5074944,14.224354992620647
1790637267.5116267,1.3097460032440722
1790637267.5136297,1.3007940142415464
1790637267.5150785,1.2073409743607044
1790637267.5253334,1.796556985937059
1790637267.5315797,1.4045760035514832
1790637267.5359573,1.4798850170336664
1790637267.5536196,1.8935559783130884
1790637267.5640783,1.6794499824754894
1790637267.5656984,1.7205660114996135
1790637267.5663898,1.5533369733020663
1790637267.5741482,1.437850994989276
1790637267.601773,17.640906968154013
1790637267.60689,24.39804800087586
1790637267.612483,37.70004998659715
1790637267.6191978,30.12557199690491
1790637267.6197774,29.82055296888575
1790637267.619914,31.95976000279188
1790637267.6557999,53.32349502714351
1790637267.6657054,66.27828802447766
1790637267.6665313,63.025337003637105
1790637267.666905,27.784083038568497
1790637267.6673503,6.253548956010491
1790637267.6674414,13.806442962959409
1790637267.6724339,1.5877090045250952
1790637267.6768746,1.361033006105572
1790637267.6792262,1.3343230239115655
1790637267.689655,2.889239985961467
1790637267.6909158,2.2122759837657213
1790637267.6983695,1.4407499693334103
1790637267.723595,1.8469479982741177
1790637267.7306533,1.68633897555992
1790637267.7606833,23.4159620013088
1790637267.7610495,22.462696011643857
1790637267.7619221,25.793078006245196
1790637267.7622492,21.98627096368
1790637267.7628431,23.704332998022437
1790637267.7629147,18.75816099345684
1790637267.7635937,14.203049999196082
1790637267.7636971,16.823437996208668
1790637267.8138435,2.030472969636321
1790637267.8191457,1.9405470229685307
1790637267.840452,1.9901009509339929
1790637267.8410053,1.5276930062100291
1790637267.8437538,1.2594260042533278
1790637267.845366,1.4669869560748339
1790637267.8629346,2.0537350210361183
1790637267.871152,1.61070900503546
1790637267.8768275,1.5194930019788444
1790637267.9112506,21.803797979373485
1790637267.9136882,1.775115029886365
1790637267.9458194,1.9347170018590987
1790637267.9517004,1.4046540018171072
1790637267.9660912,1.9035119912587106
1790637267.9724915,1.5328599838539958
1790637267.9791207,1.570758002344519
1790637267.9944544,1.717054983600974
1790637268.0157123,1.7562619759701192
1790637268.0223956,1.8685460090637207
1790637268.0561445,2.4120049783959985
1790637268.0608165,2.2605329868383706
1790637268.0660021,2.1257229964248836
1790637268.0677273,1.3930369750596583
1790637268.1097739,25.814745982643217
1790637268.1106346,27.89453702280298
1790637268.1106968,26.16447099717334
1790637268.112711,1.2018579873256385
1790637268.1159046,2.158641000278294
1790637268.115958,1.7010680167004466
1790637268.1173522,1.0509089916013181
1790637268.1533587,2.369195979554206
1790637268.1534426,3.21129901567474
1790637268.1590154,1.582346041686833
1790637268.1644173,1.7881269450299442
1790637268.1742373,2.1586879738606513
1790637268.1808095,1.4565400197170675
1790637268.1901534,1.6227899468503892
1790637268.200148,2.1522040478885174
1790637268.2153933,2.178666996769607
1790637268.2486448,1.9406960345804691
1790637268.262346,1.7459579976275563
1790637268.2772572,1.7871250165626407
1790637268.2819655,1.5340810059569776
1790637268.2870965,1.3514140155166388
1790637268.3223467,24.98901600483805
1790637268.322583,22.041712945792824
1790637268.323177,13.342805032152683
1790637268.3237305,7.364799967035651
1790637268.3238058,9.297300013713539
1790637268.3282356,1.4119159895926714
1790637268.3328903,1.258757954929024
1790637268.3507357,2.031060983426869
1790637268.357354,1.7940370016731322
1790637268.35961,1.536460011266172
1790637268.3691094,2.0144800073467195
1790637268.3759384,2.142981975339353
1790637268.376639,2.3413790040649474
1790637268.3881674,1.79401901550591
1790637268.399161,1.9145010155625641
1790637268.3992844,2.691366011276841
1790637268.401229,1.4248170191422105
1790637268.4012837,1.9901180057786405
1790637268.4106598,1.9045789958909154
1790637268.4131923,1.4424610417336226
1790637268.4208815,1.645423995796591
1790637268.4228935,1.2052940437570214
1790637268.4496553,1.7492559854872525
1790637268.45928,2.1422519930638373
1790637268.470192,1.567769970279187
1790637268.4927177,2.329658018425107
1790637268.4935281,1.8058709683828056
1790637268.496041,1.5664990060031414
1790637268.5183818,1.9831489771604538
1790637268.5296538,1.685777970124036
1790637268.5335152,1.9166870042681694
1790637268.53754,1.3896360178478062
1790637268.5458608,1.563133962918073
1790637268.554173,1.8379049724899232
1790637268.5573897,1.4231100212782621
1790637268.602682,24.296529009006917
1790637268.6028214,13.734256033785641
1790637268.6029139,25.07208095630631
1790637268.6057863,1.9186859717592597
1790637268.6113253,2.6868279674090445
1790637268.6117423,4.201458999887109
1790637268.6118114,4.141525947488844
1790637268.6118875,5.219604994636029
1790637268.6481452,29.182771977502853
1790637268.6535816,39.36241497285664
1790637268.6615815,18.20962899364531
1790637268.6619174,40.31632299302146
1790637268.661997,17.789893958251923
1790637268.6621323,3.6541339941322803
1790637268.663326,2.8818610007874668
1790637268.6662076,1.6092949663288891
1790637268.6787462,1.7648100038059056
1790637268.6788237,2.494021027814597
1790637268.6859393,1.4075899962335825
1790637268.693829,1.5047049964778125
1790637268.6962283,1.711140968836844
1790637268.696727,1.3154520420357585
1790637268.7042468,2.4105129996314645
1790637268.704347,1.92229199456051
1790637268.714864,1.9060570048168302
1790637268.7242358,1.4290279941633344
1790637268.7383096,1.6476750024594367
1790637268.7402825,1.254286034964025
1790637268.7684414,2.171772997826338
1790637268.770251,1.5373880160041153
1790637268.7727273,1.3267580070532858
1790637268.7742903,1.46315002348274
1790637268.7763205,1.884221041109413
1790637268.7796328,1.8434649682603776
1790637268.799688,1.7089020111598074
1790637268.807172,1.7480190144851804
1790637268.8110192,1.350114995148033
1790637268.8172796,1.603982993401587
1790637268.834453,1.8370909965597093
1790637268.838749,1.7681769677437842
1790637268.8408916,1.4784520026296377
1790637268.8442955,1.5594010474160314
1790637268.8502378,1.9105980172753334
1790637268.8662128,2.1060690050944686
1790637268.8717177,1.6749409842304885
1790637268.8742187,1.326474011875689
1790637268.8771095,1.9482210045680404
1790637268.8773794,2.770808001514524
1790637268.8851633,1.5873679658398032
1790637268.8927066,1.49745203088969
1790637268.895534,1.5044669853523374
1790637268.9145083,2.270473982207477
1790637268.9244454,1.9870189717039466
1790637268.9249535,1.8826189916580915
1790637268.9340448,1.548053987789899
1790637268.9623895,21.751627034973353
1790637268.9643955,24.591306049842387
1790637268.9645464,10.304312978405505
1790637268.9658601,1.30408100085333
1790637268.9904747,22.87956402869895
1790637269.023626,25.798770016990602
1790637269.024044,20.035227003972977
1790637269.0242841,18.23699299711734
1790637269.0245783,13.37310898816213
1790637269.026165,1.4298399910330772
1790637269.035303,1.8589090323075652
1790637269.0595906,2.002208959311247
1790637269.0661635,1.5895949909463525
1790637269.066548,1.3052240246906877
1790637269.0822532,3.889812040142715
1790637269.0827436,3.8465199759230018
1790637269.0829196,2.409118984360248
1790637269.0873635,1.5800630208104849
1790637269.1025128,2.183475997298956
1790637269.1190667,2.2411940153688192
1790637269.1420114,1.7527200398035347
1790637269.1583455,4.398681048769504
1790637269.1586294,2.965254010632634
1790637269.1592402,2.1813829662278295
1790637269.1593213,2.677133015822619
1790637269.167551,2.227487973868847
1790637269.178082,1.8436050158925354
1790637269.1951175,2.2363359457813203
1790637269.2004664,2.0488619920797646
1790637269.2088094,1.7986290040425956
1790637269.2124224,1.6871379921212792
1790637269.2266471,1.942728995345533
1790637269.2358942,3.0656189774163067
1790637269.2359977,2.617717022076249
1790637269.2451208,1.5262489905580878
1790637269.2495346,1.702925015706569
1790637269.250205,1.3309200294315815
1790637269.2515092,1.2014799867756665
1790637269.255117,1.3204389833845198
1790637269.2612767,1.8827730091288686
1790637269.263639,1.69713597279042
1790637269.268255,1.7312319832853973
1790637269.286845,1.7302260384894907
1790637269.2895277,1.3728649937547743
1790637269.305165,1.842216996010393
1790637269.3205132,1.7290959949605167
1790637269.3235157,1.3603669940494
1790637269.3409286,1.7002139938995242
1790637269.3429341,1.8733079778030515
1790637269.3436656,1.5611249837093055
1790637269.351458,1.7955989460460842
1790637269.3692534,1.63319701096043
1790637269.3930347,2.193286025431007
1790637269.3980775,2.4410689948126674
1790637269.398671,1.497076009400189
1790637269.4011397,1.1838789796456695
1790637269.4075596,2.1878720144741237
1790637269.4086182,2.21487000817433
1790637269.4093578,1.590430038049817
1790637269.4212573,2.2698749671690166
1790637269.4296985,2.1868280018679798
1790637269.430334,1.6588550060987473
1790637269.4323797,1.2082570465281606
1790637269.4467998,2.0141159766353667
1790637269.4545703,1.6916810418479145
1790637269.4610648,1.6969029675237834
1790637269.4653108,1.5371569897979498
1790637269.4738429,1.5702410019002855
1790637269.477038,1.2554839486256242
1790637269.4871683,3.8485529948957264
1790637269.487486,3.1794070382602513
1790637269.48827,1.9845180213451385
1790637269.5021327,1.859640993643552
1790637269.518353,2.584480040241033
1790637269.5190866,1.9403169862926006
1790637269.548273,4.266509029548615
1790637269.548467,3.47804999910295
1790637269.5555713,2.980606979690492
1790637269.5597968,2.760831965133548
1790637269.5724814,3.8668459746986628
1790637269.5777254,2.853464044164866
1790637269.593843,2.1230290294624865
1790637269.6163404,2.230363024864346
1790637269.6244047,1.6919110203161836
1790637269.6390333,2.3422890226356685
1790637269.6498888,3.658027038909495
1790637269.650291,3.269105975050479
1790637269.6503701,3.270168963354081
1790637269.6705227,1.9061670172959566
1790637269.680976,1.5099269803613424
1790637269.702605,1.7865060362964869
1790637269.7047088,1.5199020272120833
1790637269.7052815,1.3099079951643944
1790637269.7224672,4.048287984915078
1790637269.7418113,2.9128860333003104
1790637269.7430851,3.3504239981994033
1790637269.7693322,6.8253090139478445
1790637269.7696564,6.338048027828336
1790637269.772559,1.5712929889559746
1790637269.7836645,2.3544380092062056
1790637269.7882187,1.5716850175522268
1790637269.8090284,5.151293997187167
1790637269.8174875,3.9537540287710726
1790637269.8390281,11.974218010436743
1790637269.8399694,9.988422971218824
1790637269.8445365,4.394473973661661
1790637269.8447418,6.8420880124904215
1790637269.8473964,1.731173018924892
1790637269.857575,1.6223160200752318
1790637269.868289,1.5832859789952636
1790637269.8717122,2.1801720140501857
1790637269.8812225,1.7402739613316953
1790637269.897353,3.337959002237767
1790637269.9035263,4.803963995072991
1790637269.9215624,3.203739004675299
1790637269.929414,2.023565990384668
1790637269.9367256,1.9807570497505367
1790637269.9455352,2.3581060231663287
1790637269.9518874,2.3390050046145916
1790637269.9612217,2.181977964937687
1790637269.9674711,1.5580590115860105
1790637269.9827912,2.327430003788322
1790637269.9856944,1.6131979646161199
1790637269.9895382,1.7133840010501444
1790637270.01129,2.361249993555248
1790637270.0297546,1.686036994215101
1790637270.0609434,2.1764489938504994
1790637270.077188,2.3182210279628634
1790637270.0884838,2.1495569963008165
1790637270.0933678,2.0289489766582847
1790637270.093443,2.638072008267045
1790637270.102028,2.017031016293913
1790637270.1126738,1.8829560140147805
1790637270.13677,1.8445689929649234
1790637270.1553743,2.098689030390233
1790637270.1612098,2.3346669622696936
1790637270.162517,1.2792649795301259
1790637270.1673937,1.4772529830224812
1790637270.1719334,2.467579033691436
1790637270.1722188,2.2764019668102264
1790637270.1807754,1.3907609973102808
1790637270.1823022,1.3885550433769822
1790637270.1852612,1.2819439871236682
1790637270.1859667,1.3992729946039617
1790637270.1884146,1.7811370198614895
1790637270.1953423,2.1763190161436796
1790637270.1959045,3.24823398841545
1790637270.1959562,2.2262870334088802
1790637270.1993968,1.5751090249978006
1790637270.239349,1.9246209994889796
1790637270.253955,1.7717359587550163
1790637270.2544706,1.3903169892728329
1790637270.2591782,1.2168160174041986
1790637270.2738876,1.6624760464765131
1790637270.287458,1.5437569818459451
1790637270.3077002,2.397421048954129
1790637270.3136432,1.9811340025626123
1790637270.3168106,1.520627993158996
1790637270.3328545,2.536318963393569
1790637270.3499737,2.687742991838604
1790637270.3509614,1.8865939928218722
1790637270.36153,1.4183719758875668
1790637270.3671787,1.2505610357038677
1790637270.3717453,1.4381319633685052
1790637270.404555,3.5417149774730206
1790637270.4055674,2.307248010765761
1790637270.4174747,1.5686799888499081
1790637270.4196398,1.5050219953991473
1790637270.437882,1.8195510492660105
1790637270.450832,1.900934032164514
1790637270.461662,2.0700939930975437
1790637270.4687424,1.5635970048606396
1790637270.4843001,1.8398559768684208
1790637270.5076442,1.6847439692355692
1790637270.523193,4.060539999045432
1790637270.5235202,3.5943519906140864
1790637270.5449283,2.003376022912562
1790637270.548929,1.7858020146377385
1790637270.5635345,1.8049089703708887
1790637270.5689735,2.4492870434187353
1790637270.5690496,2.4487730115652084
1790637270.583761,1.8672749865800142
1790637270.598399,1.9121270161122084
1790637270.6351807,2.1185450023040175
1790637270.6511059,2.1000379929319024
1790637270.670447,2.221359987743199
1790637270.6747646,1.4481880352832377
1790637270.6835363,1.5005559544079006
1790637270.7051258,2.0271450048312545
1790637270.7110894,1.8741799867711961
1790637270.71838,1.7911960021592677
1790637270.74626,6.023304013069719
1790637270.7504396,7.898518990259618
1790637270.7507162,5.30376797541976
1790637270.7707303,1.9748799968510866
1790637270.7878003,2.971527981571853
1790637270.795848,1.953316037543118
1790637270.8044353,1.9882299820892513
1790637270.823545,2.1281579975038767
1790637270.836175,2.757570007815957
1790637270.8420386,4.8153429524973035
1790637270.8422205,4.206084995530546
1790637270.8545508,1.660587964579463
1790637270.8576453,2.755645022261888
1790637270.8631299,1.4847450074739754
1790637270.8664405,1.8663490191102028
1790637270.8670373,1.850328000728041
1790637270.8686833,1.1558890109881759
1790637270.8714125,1.3595169875770807
1790637270.8794718,1.5552460099570453
1790637270.8852105,1.4592609950341284
1790637270.889684,1.3239160180091858
1790637270.9124722,2.940081001725048
1790637270.913507,2.08173698047176
1790637270.9305358,4.5233810087665915
1790637270.9317799,2.4801120162010193
1790637270.9433982,2.1117939613759518
1790637270.946067,1.793350966181606
1790637270.9487207,1.4443909749388695
1790637270.9507587,1.092528982553631
1790637270.95372,2.313478966243565
1790637270.9877617,2.1133770351298153
1790637271.0041907,1.651583006605506
1790637271.0115743,1.6400690074078739
1790637271.02777,2.1678360062651336
1790637271.031017,1.307779981289059
1790637271.035772,3.0971879605203867
1790637271.045486,1.6283639706671238
1790637271.0467007,1.2025440228171647
1790637271.0864916,2.7426989981904626
1790637271.0876648,1.8152680131606758
1790637271.1004012,1.519543002359569
1790637271.1209671,3.3577140420675278
1790637271.1210704,3.5524590057320893
1790637271.1434555,1.887317979708314
1790637271.156461,1.9858669838868082
1790637271.1622322,1.651135040447116
1790637271.1704671,3.1774320523254573
1790637271.171465,1.5736249624751508
1790637271.1869228,2.665101957973093
1790637271.1869955,3.600858966819942
1790637271.1988328,1.9684600410982966
1790637271.2083945,1.3863459462299943
1790637271.213099,2.058412996120751
1790637271.2192872,1.7531219637021422
1790637271.2195356,2.7013530489057302
1790637271.2238688,1.1762399808503687
1790637271.2251165,1.1386130354367197
1790637271.2385008,1.7079400131478906
1790637271.2508848,1.8032100051641464
1790637271.2528281,2.938534948043525
1790637271.252933,1.7119449912570417
1790637271.2537255,1.573793007992208
1790637271.2842205,2.0901800016872585
1790637271.2851286,1.7027780413627625
1790637271.2949145,1.600121962837875
1790637271.3006728,1.430116011761129
1790637271.3015785,1.5911200316622853
1790637271.3210633,1.7078990349546075
1790637271.3225389,1.2674829922616482
1790637271.329463,1.4570420025847852
1790637271.3383257,1.8222550279460847
1790637271.3389356,1.457959006074816
1790637271.3472474,3.023414989002049
1790637271.3488073,3.8872219738550484
1790637271.3525941,2.583733992651105
1790637271.358875,1.7349470290355384
1790637271.385074,1.8368049641139805
1790637271.4037688,2.4511590017937124
1790637271.4068677,1.3260359992273152
1790637271.417197,1.562313991598785
1790637271.4247837,2.34045903198421
1790637271.4257348,1.8100670422427356
1790637271.431426,1.8127569928765297
1790637271.4323628,1.6879549948498607
1790637271.434562,1.1431080056354403
1790637271.4514496,2.037919999565929
1790637271.4605918,2.0798990153707564
1790637271.4747312,1.9033750286325812
1790637271.4923472,3.2777159940451384
1790637271.496879,1.9498980254866183
1790637271.4988809,1.3103869860060513
1790637271.5004466,1.2154510477557778
1790637271.5049949,2.9448390123434365
1790637271.5051868,2.0402499940246344
1790637271.5157678,1.8501890008337796
1790637271.5303931,1.6517920303158462
1790637271.5409596,1.7654219991527498
1790637271.5507824,1.661553978919983
1790637271.566209,1.8358390079811215
1790637271.5842474,2.722762990742922
1790637271.5862958,1.666861993726343
1790637271.5868294,1.4869289589114487
1790637271.6098373,2.320517029147595
1790637271.6165724,1.3590769958682358
1790637271.638406,3.4153219894506037
1790637271.6389844,2.048783004283905
1790637271.6483417,1.8383230199106038
1790637271.654154,1.5857780235819519
1790637271.6567514,1.263214973732829
1790637271.6722944,1.9677070085890591
1790637271.6765099,3.156167978886515
1790637271.6940968,2.145475009456277
1790637271.7128258,4.3268720037303865
1790637271.712926,4.622529027983546
1790637271.72929,3.882784047164023
1790637271.7299695,3.8904770044609904
1790637271.7311363,1.8319280352443457
1790637271.7527063,2.312305965460837
1790637271.7642384,1.8609039834700525
1790637271.7715027,1.8847679602913558
1790637271.7786527,1.99052196694538
1790637271.782891,1.8502980237826705
1790637271.8041646,1.9838190055452287
1790637271.823379,2.3126970045268536
1790637271.8245704,4.150241962634027
1790637271.8246725,2.6064899866469204
1790637271.8263109,2.917865989729762
1790637271.827586,1.9431019900366664
1790637271.8293612,1.76514801569283
1790637271.82973,1.4436250203289092
1790637271.8387444,2.340158971492201
1790637271.8660147,2.2102909861132503
1790637271.884172,2.0241779857315123
1790637271.9098535,1.8145840149372816
1790637271.9129415,1.8711070297285914
1790637271.9378703,1.715174992568791
1790637271.9452443,1.4962789718993008
1790637271.9675539,2.6031550369225442
1790637272.001568,2.626079018227756
1790637272.0140033,2.5196970091201365
1790637272.03274,1.8824489670805633
1790637272.0457888,2.128259977325797
1790637272.0478563,1.7869370058178902
1790637272.048365,1.3944910024292767
1790637272.0661163,1.738646999001503
1790637272.0717363,1.5284880064427853
1790637272.0908713,2.778594964183867
1790637272.09124,2.948794048279524
1790637272.1119022,1.9038120517507195
1790637272.1166422,1.500968006439507
1790637272.1195285,1.349563943222165
1790637272.1214743,1.1553270160220563
1790637272.1429667,1.74428999889642
1790637272.1592119,1.8245700048282743
1790637272.1796608,1.866704027634114
1790637272.183468,1.3930450077168643
1790637272.2064314,2.7697099721990526
1790637272.2065864,3.816076961811632
1790637272.2556436,4.446356033440679
1790637272.2596867,1.650834979955107
1790637272.260844,1.1482849949970841
1790637272.2702546,2.0302439806982875
1790637272.2781782,1.728608040139079
1790637272.279086,2.071215014439076
1790637272.2810376,1.2249400024302304
1790637272.2891886,1.633735024370253
1790637272.3216252,2.1079660509712994
1790637272.3397639,2.226324984803796
1790637272.3546023,2.9200290446169674
1790637272.3565326,1.9162120297551155
1790637272.3623931,1.8107729847542942
1790637272.388943,2.7382660191506147
1790637272.3890066,3.6396420327946544
1790637272.3927062,1.5567019581794739
1790637272.402958,1.9262880086898804
1790637272.4186513,2.506527991499752
1790637272.429048,1.8702360102906823
1790637272.4307947,1.4626700431108475
1790637272.4365923,1.47301604738459
1790637272.4386084,1.1689059901982546
1790637272.4513404,2.0262529724277556
1790637272.4830246,2.5351920048706234
1790637272.4831116,3.3152519608847797
1790637272.5164144,2.319086983334273
1790637272.531371,2.9246319900266826
1790637272.5314696,2.9455519979819655
1790637272.5442836,2.06783099565655
1790637272.5578,1.4784340164624155
1790637272.5675855,1.4523239806294441
1790637272.608114,2.073401992674917
1790637272.621821,1.963360991794616
1790637272.6367824,4.11117501789704
1790637272.657164,2.8993120067752898
1790637272.6634276,2.2959019988775253
1790637272.664348,1.3895939919166267
1790637272.6654792,1.1220439919270575
1790637272.6858299,2.3057630169205368
1790637272.6919916,3.295870963484049
1790637272.6949124,1.5526050119660795
1790637272.7068179,1.4645030023530126
1790637272.7099955,1.3232879573479295
1790637272.7146173,1.2651270371861756
1790637272.7371595,2.259021974168718
1790637272.7461503,2.069545036647469
1790637272.7907367,2.936243952717632
1790637272.802274,2.115837996825576
1790637272.8178384,2.368854999076575
1790637272.82703,1.5338609809987247
1790637272.8333888,1.4625429757870734
1790637272.8361595,1.5132440021261573
1790637272.8474958,1.7540549742989242
1790637272.8591228,2.310540003236383
1790637272.866331,1.9167340360581875
1790637272.8867831,3.7297060480341315
1790637272.8873942,4.928898997604847
1790637272.8875227,4.023057990707457
1790637272.9082925,1.7624160391278565
1790637272.9527993,2.280161017552018
1790637272.957198,2.2056729649193585
1790637272.9584117,2.286891976837069
1790637272.9637766,1.6103140078485012
1790637272.9719443,1.3240990228950977
1790637272.9742029,1.4832740416750312
1790637272.9762957,1.7128059989772737
1790637273.0197442,2.4064360186457634
1790637273.0272067,1.7611930379644036
1790637273.039308,2.7039150008931756
1790637273.0526888,1.817445969209075
1790637273.0560071,1.6131550073623657
1790637273.0560787,2.2813110263086855
1790637273.0717688,2.7428980101831257
1790637273.0824816,3.9216899895109236
1790637273.0826612,3.0234040459617972
1790637273.0831196,2.5365009787492454
1790637273.0885248,1.2388210161589086
1790637273.096503,2.7372330077923834
1790637273.110423,2.325545996427536
1790637273.1156342,1.493674993980676
1790637273.1294317,1.7513629863969982
1790637273.1338837,1.5121609903872013
1790637273.1456676,1.8736590282060206
1790637273.159334,2.898348029702902
1790637273.1594837,2.25903996033594
1790637273.1599026,1.8711540033109486
1790637273.1698928,1.3803290203213692
1790637273.176672,1.7906040302477777
1790637273.1997056,1.7585399909876287
1790637273.220445,1.8681299989111722
1790637273.2220724,1.4026960125193
1790637273.225997,1.5834470395930111
1790637273.2406635,1.706022012513131
1790637273.2492285,1.9414330017752945
1790637273.254044,1.5824020374566317
1790637273.2682383,1.9261069828644395
1790637273.2958684,3.799200989305973
1790637273.2959814,4.0231310413219035
1790637273.296044,2.6903300313279033
1790637273.3119612,1.656740962062031
1790637273.3257627,2.267859992571175
1790637273.3426754,1.7252450343221426
1790637273.3427744,2.464391989633441
1790637273.35367,3.325340978335589
1790637273.3546305,2.3393650189973414
1790637273.3646114,1.6220080433413386
1790637273.3719265,1.661903050262481
1790637273.3806212,1.4142239815555513
1790637273.3908515,2.5227220030501485
1790637273.3909323,1.9952260190621018
1790637273.404283,2.3807070101611316
1790637273.4072015,3.9764149696566164
1790637273.4072719,2.97916098497808
1790637273.4079256,2.247980039101094
1790637273.4199922,1.4935160288587213
1790637273.4279358,2.2210379829630256
1790637273.436682,1.6407250077463686
1790637273.4558077,2.392508031334728
1790637273.4621768,1.683417009189725
1790637273.4639313,1.4004069962538779
1790637273.4836698,2.3651719675399363
1790637273.484375,2.1784179843962193
1790637273.4962728,1.8437860417179763
1790637273.499069,1.5562690095975995
1790637273.5050552,1.4262350159697235
1790637273.5112858,1.5044579631648958
1790637273.519338,1.5694890171289444
1790637273.5306907,1.4259470044635236
1790637273.5371401,1.3155470369383693
1790637273.5875897,2.142774988897145
1790637273.6018105,2.1174069843254983
1790637273.611072,3.142300993204117
1790637273.618974,1.7890330054797232
1790637273.6216033,1.2666889815591276
1790637273.663114,2.8035109862685204
1790637273.6924582,3.237950033508241
1790637273.697353,2.444782992824912
1790637273.704355,1.4216260169632733
1790637273.7579694,3.532882023137063
1790637273.7616513,2.109416003804654
1790637273.7645817,1.740440959110856
1790637273.7649992,1.26041000476107
1790637273.7798378,1.4441250241361558
1790637273.7812388,1.130145974457264
1790637273.8076005,2.540807006880641
1790637273.8076692,3.4497680026106536
1790637273.8174915,1.9525039824657142
1790637273.8253067,1.9223769777454436
1790637273.8442452,1.7583650187589228
1790637273.848009,1.4608580386266112
1790637273.864874,1.8681130022741854
1790637273.8672924,2.250904042739421
1790637273.873098,1.734429970383644
1790637273.8884766,1.4839680516161025
1790637273.9220846,2.7123919571749866
1790637273.9375732,3.7068550009280443
1790637273.9471414,6.090502021834254
1790637273.9499078,4.799827001988888
1790637273.9500492,6.097459990996867
1790637273.970094,2.1898759878240526
1790637273.9769788,2.0231230300851166
1790637273.9870412,2.1422019926831126
1790637273.9924083,1.837023999541998
1790637273.9988127,2.514346968382597
1790637274.0039277,3.1916130101308227
1790637274.0335805,1.7393099842593074
1790637274.044993,2.8453979757614434
1790637274.045098,3.8330929819494486
1790637274.0569723,1.7240269808098674
1790637274.065019,1.5867060283198953
1790637274.0855286,1.9970170105807483
1790637274.1186435,1.7694219714030623
1790637274.124445,1.6367750358767807
1790637274.1365843,1.8193249707110226
1790637274.138321,1.6121800290420651
1790637274.1848006,1.7722039483487606
1790637274.1901839,1.7186049954034388
1790637274.1992016,1.727021997794509
1790637274.2265189,1.9327940535731614
1790637274.228271,1.5697720227763057
1790637274.2332397,2.3477880167774856
1790637274.2337756,2.046841022092849
1790637274.2369158,2.0065989810973406
1790637274.2639956,2.072921022772789
1790637274.2790794,1.827157975640148
1790637274.2864106,1.8805969739332795
1790637274.3065298,2.11637798929587
1790637274.314535,1.7997230170294642
1790637274.3242116,2.5409309891983867
1790637274.3260355,1.9571770098991692
1790637274.326323,3.141112974844873
1790637274.3453956,1.8610970000736415
1790637274.3722146,2.1694210008718073
1790637274.4200633,1.8358179950155318
1790637274.4242604,1.705351984128356
1790637274.4633849,2.8068399988114834
1790637274.4639585,2.4181550252251327
1790637274.4793339,1.6657799715176225
1790637274.4852524,1.7452819738537073
1790637274.4995518,1.8736610072664917
1790637274.5027847,2.49141501262784
1790637274.502858,2.0694980048574507
1790637274.511398,1.7593929660506546
1790637274.5160894,1.4206980122253299
1790637274.53158,1.6965520335361362
1790637274.5627637,1.646005955990404
1790637274.5827923,2.1277820342220366
1790637274.5861104,1.7649690271355212
1790637274.6218448,1.793876988813281
1790637274.6442847,1.9038669997826219
1790637274.650013,1.7181540024466813
1790637274.6699944,1.7543919966556132
1790637274.6868708,1.6751060029491782
1790637274.7092845,1.8914539832621813
1790637274.7242439,2.649053989443928
1790637274.7243254,2.81468901084736
1790637274.729548,2.453026012517512
1790637274.729619,1.9546279800124466
1790637274.7390122,3.1722799758426845
1790637274.739144,2.0689759985543787
1790637274.739833,3.2567200250923634
1790637274.74065,1.214291958604008
1790637274.7673337,1.755676988977939
1790637274.7695718,1.9899430335499346
1790637274.7777398,1.5822520363144577
1790637274.797178,2.5105729582719505
1790637274.7977722,1.4797390322200954
1790637274.8071218,1.8051119986921549
1790637274.808864,1.4070940087549388
1790637274.8389955,1.9952569855377078
1790637274.8417199,1.7315979930572212
1790637274.8467789,1.4458840014413
1790637274.8625174,1.7746200319379568
1790637274.8817275,1.833618967793882
1790637274.895127,1.7088790191337466
1790637274.9121413,2.1016740356571972
1790637274.9129457,1.5834580408409238
1790637274.9213684,1.918709953315556
1790637274.9261448,1.686411036644131
1790637274.933574,1.4138590195216238
1790637274.9390051,1.281477976590395
1790637274.9610996,1.944654039107263
1790637274.9647393,1.5795280341990292
1790637274.9736793,1.6504880040884018
1790637274.9799685,2.0131299970671535
1790637274.986175,1.8023219890892506
1790637275.002332,2.6316959992982447
1790637275.0024037,2.788045967463404
1790637275.017774,2.030196017585695
1790637275.0835993,1.9695859518833458
1790637275.08599,1.268749008886516
1790637275.0940666,1.7096129595302045
1790637275.0944884,1.5663139638490975
1790637275.0962698,1.4769230037927628
1790637275.1136365,1.9371439702808857
1790637275.1178575,1.3925720122642815
1790637275.121907,1.4460129896178842
1790637275.137036,1.7909330199472606
1790637275.156619,2.031383046414703
1790637275.1594224,1.5427620382979512
1790637275.1627443,1.4830859727226198
1790637275.1698315,1.517147000413388
1790637275.187455,1.9755049725063145
1790637275.1880052,1.8912869854830205
1790637275.2208488,1.8738259677775204
1790637275.2234075,1.575654954649508
1790637275.2360344,1.592104963492602
1790637275.2717977,1.8402840360067785
1790637275.282375,2.229854988399893
1790637275.2829385,1.8381699919700623
1790637275.3396657,1.8667710246518254
1790637275.3459537,1.8048090278171003
1790637275.3555386,1.5592040144838393
1790637275.3589575,1.2781949480995536
1790637275.3629081,1.280333031900227
1790637275.3819778,1.7829130520112813
1790637275.3869455,1.9856180297210813
1790637275.387589,1.518378034234047
1790637275.408664,1.6803719918243587
1790637275.4166908,2.0751580013893545
1790637275.4300134,2.0643569878302515
1790637275.440449,2.672452013939619
1790637275.440555,2.177453017793596
1790637275.486364,2.120580989867449
1790637275.4941905,2.0621970179490745
1790637275.4942858,2.6763920322991908
1790637275.5111086,2.3437380441464484
1790637275.5120652,1.4619239955209196
1790637275.531886,1.9691609777510166
1790637275.537911,1.802987011615187
1790637275.5655978,2.182463009376079
1790637275.5677428,1.7194090178236365
1790637275.581203,2.087316010147333
1790637275.5840552,2.2004450438544154
1790637275.5841308,2.8179609798826277
1790637275.5928135,2.490884973667562
1790637275.5928833,2.04779498744756
1790637275.6084492,2.350265975110233
1790637275.6094253,1.8041600123979151
1790637275.6142783,1.6270999913103878
1790637275.6255562,2.228945028036833
1790637275.627486,1.677436986938119
1790637275.646754,1.6224309802055359
1790637275.650001,1.4807949773967266
1790637275.6513884,1.2412089854478836
1790637275.6749449,3.0967979691922665
1790637275.6750674,2.4193160352297127
1790637275.6754837,1.664705981966108
1790637275.6938188,1.7722609918564558
1790637275.6978464,1.65285897674039
1790637275.7327693,2.1748309955000877
1790637275.7388554,1.8622660427354276
1790637275.75588,1.9659639801830053
1790637275.7564602,1.7060640384443104
1790637275.7621207,1.7915409989655018
1790637275.7701452,1.4609150239266455
1790637275.7918432,1.7263010377064347
1790637275.8006997,1.6163759864866734
1790637275.8020096,1.2983959750272334
1790637275.8112798,1.7728589591570199
1790637275.828514,1.8388059688732028
1790637275.8367724,2.0292020053602755
1790637275.8574564,1.822570979129523
1790637275.8624725,1.5003019943833351
1790637275.8698237,1.914191001560539
1790637275.8724375,1.4294449938461185
1790637275.879526,1.83916901005432
1790637275.8839772,1.5501129673793912
1790637275.9059281,2.187443955335766
1790637275.907558,1.6159500228241086
1790637275.9211671,1.840881013777107
1790637275.9273727,2.1559459855780005
1790637275.9357362,2.032661053817719
1790637275.9374003,1.492601993959397
1790637275.9564757,2.299877000041306
1790637275.9744172,2.3912189644761384
1790637275.9760716,2.2361219744198024
1790637275.976363,1.9367909990251064
1790637275.9765072,3.60380596248433
1790637275.9829,1.454962999559939
1790637275.9951603,1.850518980063498
1790637275.9961674,1.835978007875383
1790637276.0042086,1.7972660134546459
1790637276.0069885,1.2599760084412992
1790637276.0220425,1.799704972654581
1790637276.0472066,1.7727300291880965
1790637276.0493846,2.073850017040968
1790637276.0523415,2.3632730008102953
1790637276.0596168,2.1237630280666053
1790637276.0601907,1.354451000224799
1790637276.090534,1.7863370012491941
1790637276.0990298,1.5536760329268873
1790637276.1069279,1.9462259951978922
1790637276.125837,1.7375900060869753
1790637276.1288304,1.7237960128113627
1790637276.1424258,1.589904015418142
1790637276.1464577,1.342823961749673
1790637276.1519375,1.3131609885022044
1790637276.1737585,1.8839479889720678
1790637276.178924,1.6676909872330725
1790637276.1903734,1.78356101969257
1790637276.1908472,1.5678239869885147
1790637276.217714,2.5950410054065287
1790637276.2178133,2.900750027038157
1790637276.236306,2.000030013732612
1790637276.2625597,1.9697470124810934
1790637276.2640893,1.3687280006706715
1790637276.2732286,2.017342019826174
1790637276.2737951,1.8999759922735393
1790637276.2789888,1.8151390249840915
1790637276.2825017,1.455457997508347
1790637276.282936,1.342542003840208
1790637276.3194056,2.6617259718477726
1790637276.319601,2.277268038596958
1790637276.3230681,1.4031320461072028
1790637276.3353388,1.490565948188305
1790637276.3445926,1.6954389866441488
1790637276.359431,1.8459730199538171
1790637276.3611336,1.2879360001534224
1790637276.382752,1.6915400046855211
1790637276.3922188,1.8391719786450267
1790637276.4023392,1.7362830112688243
1790637276.4159286,2.0069199963472784
1790637276.4239016,1.9841250032186508
1790637276.4286063,1.7345629748888314
1790637276.4506576,1.9222830305807292
1790637276.454067,1.456086989492178
1790637276.4706833,1.6917429747991264
1790637276.4758427,1.610228035133332
1790637276.481542,2.640835999045521
1790637276.4816177,2.781206974759698
1790637276.4837747,1.837786054238677
1790637276.4914784,1.5604699729010463
1790637276.5178208,1.6237370437011123
1790637276.522041,1.8457630067132413
1790637276.5373046,1.9729800405912101
1790637276.5398552,1.317312999162823
1790637276.550883,1.765552966389805
1790637276.5876827,1.6935169696807861
1790637276.5913906,1.3713659718632698
1790637276.6042163,2.583439985755831
1790637276.6053681,2.352925017476082
1790637276.6180649,1.663952018134296
1790637276.6434147,1.9711620407178998
1790637276.6593099,1.6459299949929118
1790637276.6709611,1.8809949979186058
1790637276.6933725,2.1288529969751835
1790637276.7013662,1.9035589648410678
1790637276.708065,1.443984976503998
1790637276.7180974,1.9064980442635715
1790637276.7297578,1.9436519942246377
1790637276.7671988,2.2036859882064164
1790637277.8408704,1.964643015526235
1790637277.8461232,2.251712023280561
1790637277.8473318,2.1900840220041573
1790637277.8603032,2.2269480396062136
1790637277.8685713,2.1701930090785027
1790637277.8754656,2.004083013162017
1790637277.8820403,1.8314049812033772
1790637277.8896184,2.2380389855243266
1790637277.8983772,2.022002008743584
1790637277.9066176,2.297597995493561
1790637277.9099998,1.830856956075877
1790637277.916024,2.0153509685769677
1790637277.922949,2.6118719833903015
1790637277.9250216,1.9279679981991649
1790637277.9487078,2.0352029823698103
1790637277.956676,2.281201013829559
1790637277.9683871,1.8745980341918766
1790637277.9721482,2.2614950430579484
1790637277.9766045,2.3410189896821976
1790637277.9784803,1.6971980221569538
1790637277.9885266,2.2388219949789345
1790637278.0020678,2.337016980163753
1790637278.0165787,2.0539590041153133
1790637278.023958,1.569569983985275
1790637278.0285013,1.440614985767752
1790637278.0343122,1.3150739832781255
1790637278.0520854,1.7312720301561058
1790637278.0981631,1.8032920197583735
1790637278.1097147,1.744209963362664
1790637278.1193185,3.7296059890650213
1790637278.1203513,4.866725008469075
1790637278.1204162,3.159095998853445
1790637278.138458,1.8575499998405576
1790637278.149898,3.190705960150808
1790637278.149972,2.5583870010450482
1790637278.160858,1.734983001369983
1790637278.1783154,1.6752720111981034
1790637278.1801908,1.2651759898290038
1790637278.1930537,1.9088639528490603
1790637278.2119665,1.7688330262899399
1790637278.2399657,1.796575030311942
1790637278.2541523,1.7834579921327531
1790637278.2563806,1.3098649797029793
1790637278.25792,1.3670210028067231
1790637278.263805,2.3835949832573533
1790637278.264675,2.112954971380532
1790637278.2647345,2.7290750294923782
1790637278.2886093,2.339511993341148
1790637278.2887304,3.054280998185277
1790637278.2906134,1.6053470317274332
1790637278.3017976,1.9608020083978772
1790637278.3057373,1.6389640513807535
1790637278.3116918,1.6538829659111798
1790637278.3383746,1.85470498399809
1790637278.3564777,1.8148199887946248
1790637278.365162,2.24236398935318
1790637278.3743033,1.5196159947663546
1790637278.3899937,1.6793390386737883
1790637278.4025133,2.3703749757260084
1790637278.4025946,3.0539989820681512
1790637278.4143229,1.8681780202314258
1790637278.4248676,2.6757799787446856
1790637278.4250338,2.2777330013923347
1790637278.4270406,1.6066970420069993
1790637278.4301348,1.4915399951860309
1790637278.444074,2.8081349446438253
1790637278.4442186,2.7918510022573173
1790637278.4517937,1.779343991074711
1790637278.45414,1.2834810186177492
1790637278.4569464,1.5292299794964492
1790637278.465023,2.0100869587622583
1790637278.4658384,1.870280015282333
1790637278.471328,1.3448639656417072
1790637278.4744008,1.354573993012309
1790637278.4815652,1.634132000617683
1790637278.5036025,1.8585039651952684
1790637278.5187743,2.1401080302894115
1790637278.5188522,3.005318983923644
1790637278.5247028,2.1188529790379107
1790637278.5247862,1.7422759556211531
1790637278.5303614,1.5215979656204581
1790637278.5387125,1.8284829566255212
1790637278.5548062,1.9959720084443688
1790637278.5568943,1.4653420075774193
1790637278.5830777,1.6891640261746943
1790637278.5877135,1.8703920068219304
1790637278.5896792,1.4192679664120078
1790637278.600237,1.4957240200601518
1790637278.6109226,1.5492899692617357
1790637278.6362581,1.8850630149245262
1790637278.6549153,1.752914977259934
1790637278.659509,1.9714729860424995
1790637278.6766033,2.355384989641607
1790637278.6772027,1.728043018374592
1790637278.6839795,1.8607020028866827
1790637278.6859603,1.3852179981768131
1790637278.6878994,1.2756349751725793
1790637278.6979768,1.5121690230444074
1790637278.7029884,1.2401919811964035
1790637278.7060633,1.92913698265329
1790637278.7061236,2.622683998197317
1790637278.7140086,1.6298959963023663
1790637278.7309945,1.9412270048633218
1790637278.7315774,1.7336159944534302
1790637278.73805,1.5852279611863196
1790637278.760714,1.6312730149365962
1790637278.8060281,1.834855997003615
1790637278.808637,1.3416139991022646
1790637278.8225765,1.6900509945116937
1790637278.8285947,2.441768010612577
1790637278.8291812,1.7964020371437073
1790637278.835376,1.466361980419606
1790637278.861032,2.0991460187360644
1790637278.878062,1.7689279629848897
1790637278.895956,1.7599330167286098
1790637278.904932,1.8767580040730536
1790637278.907943,1.4045890420675278
1790637278.9315777,1.9008730305358768
1790637278.9360216,1.5049470239318907
1790637278.9437442,1.5703390236012638
1790637278.9483616,2.188251994084567
1790637278.9622421,1.5781060210429132
1790637279.0016878,1.9016120349988341
1790637279.0032575,1.3398079900071025
1790637279.0086675,2.062451036181301
1790637279.0262713,1.9130639848299325
1790637279.0279233,2.4886790197342634
1790637279.0280118,1.5590550028719008
1790637279.030328,1.2004980235360563
1790637279.057459,2.2144250106066465
1790637279.066223,2.3449999862350523
1790637279.0832367,2.304414054378867
1790637279.0862932,1.8315549823455513
1790637279.0891104,1.6309759812429547
1790637279.1181824,2.138835028745234
1790637279.1188102,1.5898059937171638
1790637279.1239226,1.5246010152623057
1790637279.1356106,1.564939972013235
1790637279.1478026,2.2007939987815917
1790637279.14936,1.3336780248209834
1790637279.1514356,1.2578860041685402
1790637279.1977558,1.9548090058378875
1790637279.2056649,1.5686710248701274
1790637279.2085164,1.9481360213831067
1790637279.2301934,2.099529025144875
1790637279.2356696,1.8262090161442757
1790637279.2381716,1.5922560123726726
1790637279.241083,1.2689729919657111
1790637279.2436984,1.1809790157712996
1790637279.2575302,1.6128089628182352
1790637279.2682426,2.0527360029518604
1790637279.274697,1.6373969847336411
1790637279.3340447,2.4410149781033397
1790637279.3426745,1.88784598140046
1790637279.3459547,1.4254929847083986
1790637279.3730466,1.7162910080514848
1790637279.3794184,1.7675249837338924
1790637279.390392,1.6435359721072018
1790637279.4116783,1.962090958841145
1790637279.4243581,2.266132039949298
1790637279.4277735,1.756737008690834
1790637279.4310977,1.605138008017093
1790637279.4444904,1.8496359698474407
1790637279.4515023,1.9836350111290812
1790637279.4570181,1.8822229467332363
1790637279.4576306,1.4664800255559385
1790637279.4596832,1.1163859744556248
1790637279.4818397,1.8492710078135133
1790637279.4819188,2.5412399554625154
1790637279.507434,1.8177750171162188
1790637279.5108914,1.8289809813722968
1790637279.520691,1.6773879760876298
1790637279.5222478,1.4137059915810823
1790637279.5469604,1.8926439806818962
1790637279.5509086,1.4252440305426717
1790637279.5529976,1.2115119607187808
1790637279.572618,1.678447995800525
1790637279.6026442,2.069456037133932
1790637279.6164193,1.6498189652338624
1790637279.6232874,1.856488990597427
1790637279.6362772,1.9229570170864463
1790637279.6381254,1.2761010439135134
1790637279.6711984,1.8337530200369656
1790637279.6740568,1.660170964896679
1790637279.7033584,1.9472730346024036
1790637279.7217867,1.9699279800988734
1790637279.7247987,1.4253260451368988
1790637279.746529,2.0873360335826874
1790637279.7671854,1.810127985663712
1790637279.794962,3.519620979204774
1790637279.795083,2.67885799985379
1790637279.7953959,1.7552990466356277
1790637279.8227124,1.7730160034261644
1790637279.8498669,1.8376790103502572
1790637279.8514025,1.5249739517457783
1790637279.853426,1.5739869559183717
1790637279.8574638,1.4078979729674757
1790637279.8642552,2.2191579919308424
1790637279.8959827,1.8369199824519455
1790637279.8960626,2.6062440010719
1790637279.90045,1.5755640342831612
1790637279.9014118,1.6366339987143874
1790637279.9068494,1.5009400085546076
1790637279.9180732,2.1995980059728026
1790637279.919781,1.4410929870791733
1790637279.92133,1.1848599533550441
1790637279.9276211,1.7467740108259022
1790637279.9327753,1.442047010641545
1790637279.9482665,1.6405499773100019
1790637279.9580452,1.6543600359000266
1790637279.9728556,2.2305489983409643
1790637279.990209,1.726838992908597
1790637280.0051038,1.9444869831204414
1790637280.013072,1.774035976268351
1790637280.0156467,1.8926439806818962
1790637280.0174859,1.827176020015031
1790637280.028731,1.519750978332013
1790637280.0564191,1.864043006207794
1790637280.0585217,1.4068710152059793
1790637280.0718064,2.456757996696979
1790637280.0729547,2.617707010358572
1790637280.0730834,1.9130909931845963
1790637280.0742307,1.1386820115149021
1790637280.0763388,1.2994579738005996
1790637280.081217,1.225070038344711
1790637280.0870624,1.3987200218252838
1790637280.091451,1.683796988800168
1790637280.1019475,1.7241349560208619
1790637280.1369565,4.370434035081416
1790637280.1370904,5.172981007490307
1790637280.1371737,3.6696739844046533
1790637280.1379213,3.004327998496592
1790637280.1379883,4.984038998372853
1790637280.1674085,2.129818021785468
1790637280.1679058,1.625915989279747
1790637280.2033994,2.5864330236800015
1790637280.2043397,1.827326021157205
1790637280.2044132,2.5164930266328156
1790637280.2126577,1.90761499106884
1790637280.238712,2.155455993488431
1790637280.240245,1.6491890419274569
1790637280.240913,1.3475819723680615
1790637280.2696266,1.7919939709827304
1790637280.2763917,1.9913289579562843
1790637280.2800434,1.4426900306716561
1790637280.2830746,1.3484620139934123
1790637280.2859395,1.28974299877882
1790637280.2993853,1.7637379933148623
1790637280.303603,1.8046670011244714
1790637280.3041458,1.6284940065816045
1790637280.3053825,1.11928500700742
1790637280.309783,1.639035006519407
1790637280.3112893,1.2696519843302667
1790637280.3186843,1.8488889909349382
1790637280.3347955,1.795187999960035
1790637280.366096,1.7774629523046315
1790637280.3687344,1.5552669647149742
1790637280.3754447,1.4889960293658078
1790637280.3828218,1.7249410157091916
1790637280.3833783,1.3463550130836666
1790637280.3980656,2.184537996072322
1790637280.4061465,1.5075139817781746
1790637280.414669,1.743326021824032
1790637280.4183357,1.3130870065651834
1790637280.4238763,1.7802799702621996
1790637280.4308488,1.9371649832464755
1790637280.445569,2.1064759930595756
1790637280.4461226,1.4077459927648306
1790637280.454675,1.636007975321263
1790637280.4679751,1.8643270013853908
1790637280.47765,1.8322020187042654
1790637280.491079,3.22133197914809
1790637280.4911635,2.7446040185168386
1790637280.4955432,1.3025089865550399
1790637280.4970338,1.3138609938323498
1790637280.5012336,1.4408340211957693
1790637280.5030005,1.4157620025798678
1790637280.5053735,1.4200099976733327
1790637280.5319693,1.9949370180256665
1790637280.5470817,2.1928760106675327
1790637280.55578,1.5530340024270117
1790637280.571279,1.7173529486171901
1790637280.642512,1.816331990994513
1790637280.6605513,1.885191013570875
1790637280.6646576,1.5323770348913968
1790637280.6702194,1.5100199962034822
1790637280.6719065,1.6747540212236345
1790637280.673377,1.4534110086970031
1790637280.6786704,1.2576560257002711
1790637280.7096362,2.0320609910413623
1790637280.7114575,1.2888310011476278
1790637280.7183628,1.6340099973604083
1790637280.722451,1.3942510122433305
1790637280.7321002,1.7850809963420033
1790637280.7348387,1.2106650392524898
1790637280.7696614,3.0112569802440703
1790637280.7697406,2.4746250128373504
1790637280.7727373,1.2123140040785074
1790637280.7935016,1.759678008966148
1790637280.7957346,1.463941007386893
1790637280.7971177,1.3725190074183047
1790637280.8199441,2.457851020153612
1790637280.8250396,1.5210749697871506
1790637280.8408015,2.372938033659011
1790637280.8416002,1.8062680028378963
1790637280.8501492,1.711153017822653
1790637280.8524365,1.3221830013208091
1790637280.8547294,1.5104159829206765
1790637280.8551428,1.431688026059419
1790637280.8752317,1.704488997347653
1790637280.8825128,1.7847829731181264
1790637280.8865912,1.6653880011290312
1790637280.8887281,1.5069159562699497
1790637280.908109,1.7675230046734214
1790637280.9316096,1.9346489571034908
1790637280.9364495,1.5872570220381021
1790637280.9390683,1.3516030157916248
1790637280.9495485,1.726384973153472
1790637280.9504604,1.7658840515650809
1790637280.9512336,1.379090012051165
1790637281.0011113,1.725977985188365
1790637281.0112538,1.7202150193043053
1790637281.0311954,1.819909957703203
1790637281.0517244,2.0988009637221694
1790637281.0536096,1.3004039647057652
1790637281.0560532,1.2387529714033008
1790637281.059761,1.3371009845286608
1790637281.0976276,1.869649044238031
1790637281.1168356,1.8936110427603126
1790637281.1308193,1.8148929812014103
1790637281.1326025,1.55805196845904
1790637281.1382096,1.6311810468323529
1790637281.1472933,1.7697489820420742
1790637281.1644268,1.8929149955511093
1790637281.178881,2.3930639727041125
1790637281.1890848,2.2487500100396574
1790637281.210663,2.5953410076908767
1790637281.210787,3.4600929939188063
1790637281.2202592,2.5127120316028595
1790637281.2312412,2.3300040047615767
1790637281.242026,2.400732017122209
1790637281.2554648,2.2293900256045163
1790637281.2878067,2.3524189600721
1790637281.309089,1.7886200221255422
1790637281.3215227,1.7820940120145679
1790637281.3276033,1.5704089892096817
1790637281.3400748,2.500403963495046
1790637281.3423078,1.3523449888452888
1790637281.34891,1.3990210136398673
1790637281.358834,2.4652680149301887
1790637281.359756,1.3826119829900563
1790637281.3933353,1.8362929695285857
1790637281.4389377,1.897756999824196
1790637281.4461648,1.5339890378527343
1790637281.4491663,1.377734006382525
1790637281.4766808,1.9643849809654057
1790637281.4913328,2.04927398590371
1790637281.510689,1.8108770018443465
1790637281.5156965,1.587697013746947
1790637281.5318263,1.7970660119317472
1790637281.5381558,1.532308990135789
1790637281.545119,1.7071570036932826
1790637281.565071,1.7099559772759676
1790637281.5677605,2.0318919559940696
1790637281.568607,1.922221970744431
1790637281.597647,2.099625999107957
1790637281.611031,2.235973021015525
1790637281.6190135,2.4527229834347963
1790637281.6196108,1.8137259758077562
1790637281.6242926,1.787034037988633
1790637281.6248434,1.377448032144457
1790637281.6393278,2.4985920172184706
1790637281.641202,1.8608620157465339
1790637281.6563935,2.0119320251978934
1790637281.65869,2.113975991960615
1790637281.659304,1.85059302020818
1790637281.6610286,1.573910005390644
1790637281.6626782,1.5324639971368015
1790637281.6631694,1.2735900236293674
1790637281.6884222,2.5176950148306787
1790637281.7053323,1.9004750065505505
1790637281.7314785,1.941460999660194
1790637281.7382362,1.5685770194977522
1790637281.7405798,1.327635021880269
1790637281.7618604,2.161627053283155
1790637281.7692575,1.5768540324643254
1790637281.7814026,1.5877950354479253
1790637281.7992957,1.781315018888563
1790637281.8019001,1.4026029966771603
1790637281.8084755,1.8187370151281357
1790637281.813286,1.7481860122643411
1790637281.8252964,2.558539970777929
1790637281.8253646,2.4942969903349876
1790637281.8332808,1.416968007106334
1790637281.8495896,2.7274260064586997
1790637281.8513105,2.7602780028246343
1790637281.8515525,3.7463540211319923
1790637281.851999,1.7649689689278603
1790637281.8640797,1.6902440111152828
1790637281.8641794,2.294855017680675
1790637281.8661373,1.283974968828261
1790637281.9142258,3.049938997719437
1790637281.9273434,2.579530992079526
1790637281.9444304,2.1534760016947985
1790637281.9482992,2.1716199698857963
1790637281.9638603,2.0267849904485047
1790637281.9940686,1.8139490275643766
1790637282.0124044,2.3090659524314106
1790637282.0180728,2.194157976191491
1790637282.024996,2.1891590440645814
1790637282.0295477,2.1300060325302184
1790637282.0432775,1.557322044391185
1790637282.0559998,2.088495995849371
1790637282.0718586,1.781728002242744
1790637282.0812619,1.6223089769482613
1790637282.1563835,2.336374018341303
1790637282.1569352,1.5346169820986688
1790637282.1589947,1.469832961447537
1790637282.1933103,2.030587987974286
1790637282.1939468,1.6000939649529755
1790637282.2077608,2.142779005225748
1790637282.222439,1.6869319952093065
1790637282.2345474,2.2135039907880127
1790637282.2363157,1.6270779888145626
1790637282.246227,1.4793690061196685
1790637282.2564094,2.2690839832648635
1790637282.256731,2.1016760147176683
1790637282.2710893,2.4490570067428052
1790637282.2727091,2.7327699935995042
1790637282.274406,2.809581987094134
1790637282.2744732,3.3675520098768175
1790637282.2890944,1.789695001207292
1790637282.3135767,1.800046011339873
1790637282.3187497,1.43857003422454
1790637282.3266132,1.985109003726393
1790637282.3820353,2.4670929997228086
1790637282.3821654,3.219163976609707
1790637282.385623,1.374854997266084
1790637282.3965824,1.708274008706212
1790637282.40405,1.4618790009990335
1790637282.425064,1.8437569960951805
1790637282.427288,1.3935319730080664
1790637282.4468038,3.0030800262466073
1790637282.4469118,2.513219020329416
1790637282.461802,1.7468309961259365
1790637282.4800327,1.6910459962673485
1790637282.4818707,1.23724399600178
1790637282.5043352,1.7218259745277464
1790637282.5260727,1.8056549597531557
1790637282.5457768,1.7853680183179677
1790637282.552577,1.4740629703737795
1790637282.5781536,1.6498859622515738
1790637282.6046236,1.7144039738923311
1790637282.6159694,1.830051012802869
1790637282.621105,1.9928569672629237
1790637282.6297474,1.6759650316089392
1790637282.6505854,1.8244380480609834
1790637282.6512938,1.7570620402693748
1790637282.656953,1.4690520474687219
1790637282.6821437,1.8030460341833532
1790637282.6868093,1.623086049221456
1790637282.7029312,1.9489270052872598
1790637282.7050939,1.30812096176669
1790637282.7263691,1.9205049611628056
1790637282.7489388,1.7386269755661488
1790637282.753781,1.5829899930395186
1790637282.7742746,1.8393939826637506
1790637282.7803757,1.3554919860325754
1790637282.7969506,2.6879910146817565
1790637282.810481,2.0198050187900662
1790637282.8264542,2.076519012916833
1790637282.8271863,1.9319910206831992
1790637282.833444,1.8989630043506622
1790637282.833712,2.7653799625113606
1790637282.836493,1.480781997088343
1790637282.8374345,1.6633259947411716
1790637282.842884,1.4396199840120971
1790637282.8639646,2.1349380258470774
1790637282.8659022,1.4190420042723417
1790637282.865991,2.0142709836363792
1790637282.8785481,1.6006680089049041
1790637282.882327,1.4614569954574108
1790637282.8873782,1.4134650118649006
1790637282.8897645,1.4507559826597571
1790637282.8955915,2.07996997050941
1790637282.9092472,2.215624030213803
1790637282.9200292,2.4635689915157855
1790637282.9390574,2.2336329566314816
1790637282.9495213,2.153826004359871
1790637282.9516346,2.0933529594913125
1790637282.963558,2.3538870154879987
1790637282.964738,2.10350303677842
1790637282.9718916,2.0831020083278418
1790637282.985659,2.062815008684993
1790637283.0171936,2.4918460403569043
1790637283.0263355,2.6432109880261123
1790637283.03061,1.9594249897636473
1790637283.037136,2.4499919964000583
1790637283.0477684,2.1301110391505063
1790637283.051695,1.9505230011418462
1790637283.0721679,2.4686630349606276
1790637283.0727212,1.6025250079110265
1790637283.087394,2.635145967360586
1790637283.098613,1.9612479954957962
1790637283.1005185,1.2550699757412076
1790637283.102724,1.7418020288459957
1790637283.1031265,1.313321990892291
1790637283.1054103,1.299606985412538
1790637283.1087723,1.402879017405212
1790637283.1199257,1.739175000693649
1790637283.147788,1.945383963175118
1790637283.1509519,1.438722014427185
1790637283.1558726,1.3119640061631799
1790637283.1853232,2.0089829922653735
1790637283.1986773,1.9358930294401944
1790637283.2155442,2.576744998805225
1790637283.2199802,2.476755005773157
1790637283.226929,3.1674830242991447
1790637283.2452564,2.8612150344997644
1790637283.2563417,4.724055994302034
1790637283.2570388,5.171397002413869
1790637283.2587767,3.3600429887883365
1790637283.264268,2.6771650300361216
1790637283.2740014,3.192278032656759
1790637283.284734,1.9276540260761976
1790637283.2872605,1.832246023695916
1790637283.2903576,1.4577250112779438
1790637283.3005717,1.4998189872130752
1790637283.3058665,1.7629559733904898
1790637283.3217626,2.406281011644751
1790637283.3218405,3.3937100088223815
1790637283.3269448,2.422287012450397
1790637283.3299327,1.891549036372453
1790637283.3474147,1.979611988645047
1790637283.358236,2.2178799845278263
1790637283.3699658,3.8743740296922624
1790637283.370103,2.677104959730059
1790637283.3704731,1.8558049923740327
1790637283.3871539,1.7838900093920529
1790637283.401674,1.7184719908982515
1790637283.4024618,1.7130289925262332
1790637283.4101772,1.599832030478865
1790637283.443229,2.059546997770667
1790637283.451105,1.5009489725343883
1790637283.4530191,3.9851219626143575
1790637283.4549315,2.4795110221020877
1790637283.4560106,1.763460983056575
1790637283.4736657,4.005020018666983
1790637283.4748082,1.6896260203793645
1790637283.5000243,2.176328969653696
1790637283.5213785,3.7638189969584346
1790637283.5219023,2.959076955448836
1790637283.5226672,4.384334955830127
1790637283.5227175,1.907397003378719
1790637283.5275598,1.8489210051484406
1790637283.5276303,2.4020650307647884
1790637283.5494564,2.4024529848247766
1790637283.5517092,2.0312099950388074
1790637283.553049,1.8020999850705266
1790637283.560365,2.3570559569634497
1790637283.577378,2.995622984599322
1790637283.5791903,1.3973329914733768
1790637283.5891078,1.3515659957192838
1790637283.5920463,1.2836279929615557
1790637283.59401,1.576075970660895
1790637283.5945678,1.3162679970264435
1790637283.5998654,1.490322989411652
1790637283.6135218,1.6704309964552522
1790637283.6252563,1.7248369986191392
1790637283.642744,2.243532973807305
1790637283.66038,2.145521983038634
1790637283.6883013,2.3512690095230937
1790637283.6952643,1.958427019417286
1790637283.7081237,2.4279089993797243
1790637283.71727,2.486201992724091
1790637283.717328,3.2964140409603715
1790637283.7297685,1.439831976313144
1790637283.7394137,3.701773995999247
1790637283.7439327,1.9167110440321267
1790637283.7466612,1.388411968946457
1790637283.7610774,2.7547680074349046
1790637283.761152,2.2379750153049827
1790637283.775667,1.8373019993305206
1790637283.77668,1.947181997820735
1790637283.8121846,2.6501790271140635
1790637283.812705,2.4922279990278184
1790637283.8131356,2.1730400039814413
1790637283.8191628,1.5631779679097235
1790637283.844639,2.1637880126945674
1790637283.8471072,3.467258997261524
1790637283.8506742,1.5553889679722488
1790637283.855716,1.5795640065334737
1790637283.8814383,2.285824972204864
1790637283.8973386,4.420380981173366
1790637283.908803,1.7855609767138958
1790637283.9184985,1.8601169576868415
1790637283.9308095,1.9617460202425718
1790637283.9436347,4.483485012315214
1790637283.9452426,4.80223202612251
1790637283.9568696,1.7110549961216748
1790637283.9632459,1.76338100573048
1790637283.9708352,3.7279740208759904
1790637283.9717264,5.638181988615543
1790637283.971887,4.100200021639466
1790637283.97194,3.318481962196529
1790637283.9746296,1.6806309577077627
1790637283.975104,1.297704002354294
1790637283.9784951,1.1761290370486677
1790637283.9906402,1.6056099557317793
1790637283.9923725,1.4770630514249206
1790637283.9942784,1.8926969496533275
1790637283.994605,1.7600120045244694
1790637284.0113456,2.9354850412346423
1790637284.0149333,1.640259986743331
1790637284.0170407,1.232201000675559
1790637284.0201023,1.2732390314340591
1790637284.0471363,1.9463059725239873
1790637284.0833092,1.873769040685147
1790637284.0845182,2.127639017999172
1790637284.1031766,1.6798049909994006
1790637284.112257,1.4337300090119243
1790637284.1276755,1.966020034160465
1790637284.1424713,1.5034970128908753
1790637284.1575665,1.7725490033626556
1790637284.1595373,1.32247299188748
1790637284.1840968,1.800599042326212
1790637284.198548,1.7147139878943563
1790637284.2198982,2.1792069892399013
1790637284.232623,2.5033870479092
1790637284.2336512,1.9758359994739294
1790637284.2424955,2.4151609977707267
1790637284.2428796,2.8993460000492632
1790637284.2432244,3.685144998598844
1790637284.2482636,1.2525540078058839
1790637284.268602,3.4734189976006746
1790637284.2954066,3.3534790272824466
1790637284.3056622,1.9562409725040197
1790637284.3089652,1.313087996095419
1790637284.3157682,1.4579800190404058
1790637284.334572,1.8433069926686585
1790637284.3444588,2.5092389550991356
1790637284.3455698,2.943462983239442
1790637284.3462522,1.6447840025648475
1790637284.3535995,1.3654469512403011
1790637284.360515,1.5526610077358782
1790637284.3637261,1.4394749887287617
1790637284.3735616,2.072567993309349
1790637284.3858764,1.588391955010593
1790637284.3877985,1.912024978082627
1790637284.3905253,2.1547789801843464
1790637284.390712,1.8568679806776345
1790637284.4100199,2.181612013373524
1790637284.4169035,1.6061729984357953
1790637284.438368,2.917660982348025
1790637284.439429,1.8476960249245167
1790637284.4409897,1.1468619923107326
1790637284.4510343,1.6941060312092304
1790637284.4526017,1.391044002957642
1790637284.4603503,1.4536940143443644
1790637284.48401,1.754305965732783
1790637284.488189,1.583913981448859
1790637284.4886339,1.2226600083522499
1790637284.4902523,1.128548989072442
1790637284.500615,1.4227099600248039
1790637284.504552,1.6193690244108438
1790637284.516393,1.623139949515462
1790637284.5197268,1.3089069980196655
1790637284.5346262,1.9741040305234492
1790637284.57643,2.418278018012643
1790637284.5866199,1.9263550057075918
1790637284.5975208,2.4936689878813922
1790637284.5978038,1.8402119749225676
1790637284.5985835,1.503176987171173
1790637284.6339014,2.1247619879432023
1790637284.6435146,1.7568689654581249
1790637284.6487355,1.963667047675699
1790637284.6545925,2.395276038441807
1790637284.6581278,1.5546829672530293
1790637284.6673808,1.6925300005823374
1790637284.667473,2.2758099948987365
1790637284.6686356,1.0758860153146088
1790637284.6954355,1.7111750203184783
1790637284.6955042,2.502421964891255
1790637284.7034693,1.3546269619837403
1790637284.71019,1.3229260221123695
1790637284.7273822,1.8221940263174474
1790637284.7331645,1.499923993833363
1790637284.7505662,1.8401200068183243
1790637284.758397,2.4390430189669132
1790637284.7649283,1.5184529474936426
1790637284.7705069,1.6736779944039881
1790637284.7779763,1.660773006733507
1790637284.786931,1.995978003833443
1790637284.7875164,1.588541956152767
1790637284.7926853,1.2113809934817255
1790637284.8016677,1.7077299999073148
1790637284.834988,1.9537199987098575
1790637284.8500547,1.6021250048652291
1790637284.8633828,3.5483770188875496
1790637284.8636181,3.142109024338424
1790637284.8690457,1.6111250151880085
1790637284.8828027,1.510941016022116
1790637284.887813,2.086759021040052
1790637284.8961189,1.4517690287902951
1790637284.901461,1.5025180182419717
1790637284.9034183,1.7708890372887254
1790637284.908864,1.5184259973466396
1790637284.9233768,1.6820629825815558
1790637284.9261234,1.5246819821186364
1790637284.933054,1.3618720113299787
1790637284.9363303,1.6137870261445642
1790637284.953635,2.00367602519691
1790637284.9578216,2.245126001071185
1790637284.9608996,1.2959869927726686
1790637284.9781919,1.6921369824558496
1790637284.9975476,2.042280975729227
1790637285.0020022,1.6684700385667384
1790637285.0228803,2.3114419891498983
1790637285.0794873,2.5200030067935586
1790637285.0808976,1.3981780502945185
1790637285.0897882,1.6051880083978176
1790637285.0921736,1.2532999971881509
1790637285.0994833,1.6042260103859007
1790637285.103883,1.3847139780409634
1790637285.1064038,1.2659409549087286
1790637285.1082773,1.4355930034071207
1790637285.1085892,2.177032991312444
1790637285.1097898,1.1926870211027563
1790637285.1279564,2.358174999244511
1790637285.1533842,2.2758329869247973
1790637285.1775758,1.8469379865564406
1790637285.2000332,2.037854981608689
1790637285.2059162,1.8610369879752398
1790637285.212506,2.07251199753955
1790637285.2300942,3.966481948737055
1790637285.232552,2.4198259925469756
1790637285.2329714,1.2835729867219925
1790637285.2518616,2.3902980028651655
1790637285.2543132,1.7974019865505397
1790637285.2579381,1.3623230042867362
1790637285.2591085,1.1617019772529602
1790637285.2620304,1.2710719602182508
1790637285.2801757,1.7481559771113098
1790637285.2824743,1.3799609732814133
1790637285.2943928,1.972509955521673
1790637285.308218,2.9441050137393177
1790637285.3212945,5.341898009646684
1790637285.323326,5.396712978836149
1790637285.323474,6.32877298630774
1790637285.3241005,2.7881450369022787
1790637285.3324773,2.759090973995626
1790637285.339147,2.5429839733988047
1790637285.359754,1.9959310302510858
1790637285.367689,2.119073993526399
1790637285.3757498,2.0002240198664367
1790637285.3832214,1.6657970263622701
1790637285.393203,1.80781603557989
1790637285.3998868,1.4167639892548323
1790637285.4059844,2.237804001197219
1790637285.4066389,1.8509499495849013
1790637285.4180624,2.2863189806230366
1790637285.4205472,2.2108330158516765
1790637285.427151,1.4921179972589016
1790637285.4320118,1.314764958806336
1790637285.4418173,1.8920989823527634
1790637285.4535463,2.578393032308668
1790637285.4568696,1.8278369680047035
1790637285.4737782,2.2190200397744775
1790637285.4775774,1.577757007908076
1790637285.4794147,1.689403026830405
1790637285.4896789,2.0425620023161173
1790637285.4964898,1.950625970494002
1790637285.4970276,1.3571279705502093
1790637285.5045986,1.1930940090678632
1790637285.5242138,2.0914000342600048
1790637285.5336382,2.307347021996975
1790637285.5503218,2.6352580171078444
1790637285.5557616,3.3085999893955886
1790637285.5568705,5.269050016067922
1790637285.5576859,1.8864099984057248
1790637285.572138,2.0747110247612
1790637285.5967145,4.070376977324486
1790637285.6073685,1.897340000141412
1790637285.621646,2.956016978714615
1790637285.6217122,2.2757200058549643
1790637285.6319985,2.2983779781498015
1790637285.6495245,4.714857961516827
1790637285.665159,4.240940965246409
1790637285.6693408,3.5047970013692975
1790637285.6709042,3.7027359940111637
1790637285.6725705,3.19194101030007
1790637285.67338,2.131796965841204
1790637285.6833022,1.8060349975712597
1790637285.6945517,1.8358739907853305
1790637285.7139163,2.945528016425669
1790637285.736938,2.996021998114884
1790637285.7416606,1.6975239850580692
1790637285.7455957,1.5122020267881453
1790637285.7473614,1.2534509878605604
1790637285.7561233,1.4025380369275808
1790637285.7603312,1.450527983251959
1790637285.7888129,2.1789399906992912
1790637285.790447,1.3581319944933057
1790637285.8156471,2.444748010020703
1790637285.8167665,1.8764340202324092
1790637285.825999,1.4610269572585821
1790637285.8339112,1.4972370117902756
1790637285.8350925,1.1720859911292791
1790637285.848397,1.927412988152355
1790637285.8541512,1.3216400402598083
1790637285.8849587,2.427580999210477
1790637285.8964574,3.4231850295327604
1790637285.8965507,3.771008981857449
1790637285.8968844,2.8715080115944147
1790637285.9013386,1.3056030147708952
1790637285.911167,1.6416240250691772
1790637285.9118433,1.4163250452838838
1790637285.9239795,1.9028540118597448
1790637285.9428012,2.056566998362541
1790637285.9584625,2.776389999780804
1790637285.9696865,1.8625450320541859
1790637285.9742339,1.437550992704928
1790637285.980957,1.3693859800696373
1790637285.995654,2.1135040442459285
1790637285.9990118,1.3560850056819618
1790637286.0046177,1.4160709688439965
1790637286.0057917,1.1642369790934026
1790637286.0078812,1.8168800161220133
1790637286.0081406,1.6109729767777026
1790637286.0321143,1.916276989504695
1790637286.0338678,1.2785810395143926
1790637286.0453765,2.3089139722287655
1790637286.0463548,1.4002820244058967
1790637286.0519238,2.7343439869582653
1790637286.0519948,2.08908598870039
1790637286.0576901,1.572181994561106
1790637286.0652063,1.3635930372402072
1790637286.0853918,1.969273027498275
1790637286.1582682,4.472240048926324
1790637286.1583848,3.659420006442815
1790637286.1682954,2.191555977333337
1790637286.1873677,2.3613059893250465
1790637286.1966262,2.404873026534915
1790637286.2189784,2.2310190252028406
1790637286.2948847,2.9259990551508963
1790637286.2965662,2.7312160236760974
1790637286.3003433,1.2934990227222443
1790637286.32841,2.5280449772253633
1790637286.3486323,2.9379530460573733
1790637286.353958,1.387819997034967
1790637286.375856,2.139460004400462
1790637286.381393,1.6342669841833413
1790637286.3829896,1.3350860099308193
1790637286.3900597,1.6211309703066945
1790637286.391518,1.4390340074896812
1790637286.3967967,1.742693013511598
1790637286.4284928,2.3816649918444455
1790637286.4385047,1.8110100063495338
1790637286.4467504,2.371067996136844
1790637286.4469604,2.401236037258059
1790637286.453252,2.492083003744483
1790637286.4533288,2.0328820100985467
1790637286.4681344,1.9555159960873425
1790637286.482251,1.8498579738661647
1790637286.5007381,1.7478630179539323
1790637286.5092676,2.6253300020471215
1790637286.5174544,1.6730499919503927
1790637286.5234396,1.5462800511159003
1790637286.5324655,1.6470839618705213
1790637286.540649,1.467933994717896
1790637286.5474854,1.7518239910714328
1790637286.5681927,1.818341959733516
1790637286.5746734,2.1577129955403507
1790637286.583762,1.6561869997531176
1790637286.5953407,1.792666967958212
1790637286.6067345,2.0671950187534094
1790637286.619167,1.7736239824444056
1790637286.6465592,2.6688080397434533
1790637286.6504366,1.8025509780272841
1790637286.6780138,2.910647017415613
1790637286.6835434,2.6588800246827304
1790637286.6836417,2.085475018247962
1790637286.7089372,1.8613730208016932
1790637286.7185948,1.8619479960761964
1790637286.719104,1.5003820299170911
1790637286.7526128,3.739610023330897
1790637286.7547362,4.411705012898892
1790637286.7557049,2.390558016486466
1790637286.7606678,1.2923629838041961
1790637286.7621393,1.166319998446852
1790637286.7649324,1.307265949435532
1790637286.768951,1.2660479987971485
1790637286.7707493,1.1798390187323093
1790637286.772557,1.576852984726429
1790637286.7729242,1.505601976532489
1790637286.7794487,1.2039440334774554
1790637286.7834094,1.417940016835928
1790637286.8027942,2.0030640298500657
1790637286.809447,1.4126029564067721
1790637286.8128934,1.481536019127816
1790637286.8145232,1.3921740464866161
1790637286.8332005,2.1987169748172164
1790637286.833707,1.5359880053438246
1790637286.8535254,4.456437949556857
1790637286.8537195,4.134604998398572
1790637286.8542151,3.382641007192433
1790637286.8883753,3.4244339913129807
1790637286.8901772,1.4147860347293317
1790637286.8947906,1.556148985400796
1790637286.8966951,1.302171964198351
1790637286.921704,2.676978998351842
1790637286.9244664,1.7423219978809357
1790637286.9438288,2.6881969533860683
1790637286.94397,3.5139870014972985
1790637286.955446,1.6832950059324503
1790637286.957053,1.270167005714029
1790637286.9743419,3.109963028691709
1790637286.9817352,2.0640940056182444
1790637286.9987214,2.392313035670668
1790637287.0056906,1.9826029893010855
1790637287.0129488,1.8701819935813546
1790637287.0555148,1.9577390048652887
1790637287.0704207,1.757103018462658
1790637287.081849,1.5634449664503336
1790637287.086524,1.671917038038373
1790637287.0911114,1.2715060147456825
1790637287.1085744,1.6905940137803555
1790637287.1151905,2.3582850117236376
1790637287.1198127,1.8694219761528075
1790637287.1198723,2.3072509793564677
1790637287.1370497,1.9929819973185658
1790637287.139811,1.336633984465152
1790637287.1423109,1.3288500485941768
1790637287.1606362,1.985557028092444
1790637287.2003856,2.418099029455334
1790637287.2057214,2.8747019823640585
1790637287.2106128,1.803104009013623
1790637287.2247372,1.7677750438451767
1790637287.2278047,1.4933609636500478
1790637287.2342799,1.3293439988046885
1790637287.2390876,1.3019370380789042
1790637287.2522414,1.6151610179804265
1790637287.2703016,1.9153570174239576
1790637287.2813852,1.8455939716659486
1790637287.2863595,2.445769030600786
1790637287.287235,1.9852189579978585
1790637287.2901564,1.215954020153731
1790637287.299253,2.256579988170415
1790637287.2993667,1.8958349828608334
1790637287.3094184,1.3720549759455025
1790637287.3125064,1.4420350198633969
1790637287.3219547,2.3081309627741575
1790637287.3497322,3.259792982134968
1790637287.3515675,4.039990017190576
1790637287.3516288,3.8896819460205734
1790637287.356387,1.32971495622769
1790637287.3671906,1.631774997804314
1790637287.3768156,1.9429409876465797
1790637287.3920164,1.8602139898575842
1790637287.4082196,1.5465080505236983
1790637287.4240153,2.512620994821191
1790637287.4355125,1.905029988847673
1790637287.4414344,1.4626139891333878
1790637287.449213,2.4181060143746436
1790637287.450571,2.3663429892621934
1790637287.4508557,1.4895839849486947
1790637287.451561,2.476606983691454
1790637287.4545052,1.7046380089595914
1790637287.4586034,1.6431770054623485
1790637287.4661844,1.4089359901845455
1790637287.5017834,2.7372059994377196
1790637287.5077858,1.8032959778793156
1790637287.523066,1.9026939989998937
1790637287.5235581,1.6500279889442027
1790637287.529343,1.680630026385188
1790637287.532907,1.217664044816047
1790637287.5430257,2.511505037546158
1790637287.5488667,1.714650948997587
1790637287.5705473,2.2145879920572042
1790637287.5892954,2.566372975707054
1790637287.5945644,1.6797680291347206
1790637287.6256022,3.253603004850447
1790637287.6257029,3.1296800007112324
1790637287.6317148,2.0402040099725127
1790637287.6416707,1.7487589502707124
1790637287.6629717,2.4881939752958715
1790637287.6631093,3.227457986213267
1790637287.6657605,1.5059009892866015
1790637287.6702237,1.655509986449033
1790637287.6728818,1.5409759944304824
1790637287.7082064,2.471668994985521
1790637287.7468035,2.1476250258274376
1790637287.758698,1.8006539903581142
1790637287.7595835,1.69652997283265
1790637287.7750204,2.1501389564946294
1790637287.7974904,1.9586929702199996
1790637287.7997632,1.2539869640022516
1790637287.8094501,1.7471270402893424
1790637287.8290567,1.7495719948783517
1790637287.8566658,1.8659610068425536
1790637287.8697274,1.7041779938153923
1790637287.872408,1.2354839709587395
1790637287.8871639,1.7892880132421851
1790637287.912952,2.0052019972354174
1790637287.921252,1.6065490199252963
1790637287.922714,1.4471839531324804
1790637287.9757426,2.0947949960827827
1790637287.9790654,1.5502540045417845
1790637287.997958,2.461191965267062
1790637288.001038,1.7846859991550446
1790637288.0075169,2.114479022566229
1790637288.0099638,1.5360380057245493
1790637288.0120785,1.6922070062719285
1790637288.0371985,2.002946042921394
1790637288.0372803,2.716876973863691
1790637288.0474515,2.07446696003899
1790637288.0491166,1.7960289842449129
1790637288.062198,2.7400559629313648
1790637288.0622594,2.156912989448756
1790637288.0692043,2.1085040061734617
1790637288.0740764,1.797531032934785
1790637288.0880578,2.4136140127666295
1790637288.0970871,2.455755020491779
1790637288.0974844,2.074879012070596
1790637288.119331,2.276403014548123
1790637288.1256232,1.9778389832936227
1790637288.1820214,1.7495820065960288
1790637288.1973736,1.7044899868778884
1790637288.2000253,1.3127060374245048
1790637288.2323983,1.9133489695377648
1790637288.2330158,1.6376139828935266
1790637288.245729,2.099798002745956
1790637288.2460134,1.82361900806427
1790637288.2599916,1.6408649971708655
1790637288.2643604,1.4655209961347282
1790637288.2819352,1.7162850126624107
1790637288.2996016,1.7400799551978707
1790637288.3059485,1.5623150393366814
1790637288.3140996,1.8371290061622858
1790637288.3181489,1.3752670492976904
1790637288.3290498,1.5596859739162028
1790637288.3366797,1.4364520320668817
1790637288.345282,1.898679998703301
1790637288.3545687,1.9668000168167055
1790637288.3573709,1.4267450314946473
1790637288.3616538,1.221332000568509
1790637288.3750606,1.8704539979808033
1790637288.3771975,1.8587230006232858
1790637288.3777113,1.6432389966212213
1790637288.3857114,1.6100250068120658
1790637288.400734,1.5470099751837552
1790637288.4184194,2.748375991359353
1790637288.4184937,1.8603990320116282
1790637288.4198904,1.3032880378887057
1790637288.4278927,2.007180009968579
1790637288.4324925,1.3512200093828142
1790637288.453723,1.7892110045067966
1790637288.460893,1.6207849839702249
1790637288.4732041,1.4573840308003128
1790637288.4847248,1.6241730190813541
1790637288.498507,1.9280050182715058
1790637288.4989583,1.3467040262185037
1790637288.515563,4.47589298710227
1790637288.5163774,3.537676006089896
1790637288.5165448,4.501871997490525
1790637288.5166192,2.0440660300664604
1790637288.5237865,1.4481809921562672
1790637288.5299537,1.800680998712778
1790637288.5420055,1.461696985643357
1790637288.5502026,1.9296910031698644
1790637288.5652268,2.0161590073257685
1790637288.5666182,1.3805110356770456
1790637288.571272,1.2662939843721688
1790637288.5799491,2.2618029615841806
1790637288.58038,2.1585930371657014
1790637288.588925,1.6059689805842936
1790637288.6042488,1.6974990139715374
1790637288.609804,1.539051008876413
1790637288.610816,1.7402789671905339
1790637288.611274,1.2594040017575026
1790637288.6341312,2.569478005170822
1790637288.647494,2.0230450318194926
1790637288.6533177,1.4547149767167866
1790637288.6762502,2.0335380104370415
1790637288.6785533,1.3701720163226128
1790637288.6830552,1.2590319965966046
1790637288.7110355,1.69934902805835
1790637288.7197573,1.8178789759986103
1790637288.721271,1.490534981712699
1790637288.7243793,1.6032090061344206
1790637288.7344825,1.469506009016186
1790637288.7380366,1.3689339975826442
1790637288.7497132,1.8496940028853714
1790637288.7669356,2.0038430229760706
1790637288.768663,1.3559889630414546
1790637288.7730885,1.3552950113080442
1790637288.7747667,1.14860397297889
1790637288.7777638,1.3363219914026558
1790637288.7880814,1.8222940270788968
1790637288.7939508,1.3517939951270819
1790637288.795734,1.4584260061383247
1790637288.8016486,1.5228439588099718
1790637288.8219237,1.6735089593566954
1790637288.8238065,1.7747919773682952
1790637288.8244424,1.6241510165855289
1790637288.8360896,1.908471982460469
1790637288.8418775,1.5337090007960796
1790637288.8474483,1.3957730261608958
1790637288.8539867,1.3928199768997729
1790637288.8567803,1.4566960162483156
1790637288.8679554,1.8440160201862454
1790637288.8712249,1.5709770377725363
1790637288.8807473,1.5708889695815742
1790637288.8873172,1.6911340062506497
1790637288.902935,1.8520079902373254
1790637288.9125242,2.0034899935126305
1790637288.9136345,2.139432996045798
1790637288.9289968,3.0922890291549265
1790637288.9293418,2.116035029757768
1790637288.9302373,1.8278229981660843
1790637288.9466944,1.755345962010324
1790637288.9498732,1.6929719713516533
1790637288.9506216,1.4641730231232941
1790637288.953218,1.0700419661588967
1790637288.9560728,1.223526953253895
1790637288.9576378,1.288467028643936
1790637288.964102,1.3089879648759961
1790637288.9668908,1.3495939783751965
1790637288.9800813,1.6599679947830737
1790637288.9827461,1.3339229626581073
1790637289.0265622,2.0937270019203424
1790637289.0270169,1.500398968346417
1790637289.0632567,2.84358998760581
1790637289.0637999,1.6308860504068434
1790637289.0698485,1.4429070288315415
1790637289.0789757,1.5361810219474137
1790637289.0968125,2.169776998925954
1790637289.0977316,1.9890450057573617
1790637289.1232,1.9158970098942518
1790637289.123996,2.136351016815752
1790637289.1297007,1.2726489803753793
1790637289.1520953,1.791335002053529
1790637289.1597283,1.4488479937426746
1790637289.164934,1.3913720031268895
1790637289.1782146,1.6541719669476151
1790637289.1851084,1.7575150122866035
1790637289.205489,1.6658770036883652
1790637289.2141151,1.8845470040105283
1790637289.2222316,1.5686819679103792
1790637289.2228436,1.4858150389045477
1790637289.2283933,1.6186509747058153
1790637289.231241,1.4177830307744443
1790637289.2345722,1.3731709914281964
1790637289.2437143,1.4576819958165288
1790637289.2477005,1.3650899636559188
1790637289.2695372,1.9546829862520099
1790637289.2716875,1.4185309992171824
1790637289.2903771,1.6020909533835948
1790637289.3086178,2.544280025176704
1790637289.3086889,3.2187760225497186
1790637289.3402338,1.9543329835869372
1790637289.3416624,1.4181479928083718
1790637289.376943,2.1165969665162265
1790637289.39325,1.773250987753272
1790637289.4066482,2.442689030431211
1790637289.4067204,3.0254849698394537
1790637289.4267375,1.7429220024496317
1790637289.429291,1.792500028386712
1790637289.440403,1.8682550289668143
1790637289.4481373,1.8365629948675632
1790637289.4489653,1.6280220006592572
1790637289.4611118,1.8156829755753279
1790637289.4615726,1.4649350196123123
1790637289.4669712,2.6242720196023583
1790637289.4670732,2.271421020850539
1790637289.4704883,1.3120140065439045
1790637289.488866,1.6664399881847203
1790637289.5090537,1.8371549667790532
1790637289.5206277,3.1487499945797026
1790637289.5207064,2.326257003005594
1790637289.5299654,1.9502249779179692
1790637289.5523438,1.7339219921268523
1790637289.568451,1.782591047231108
1790637289.5892591,1.7069379682652652
1790637289.5975475,1.7217790009453893
1790637289.6028981,1.6090269782580435
1790637289.6156867,2.24583299132064
1790637289.6307292,1.8763620173558593
1790637289.644334,2.0013650064356625
1790637289.6525507,1.72527099493891
1790637289.6539986,1.303785014897585
1790637289.6588511,3.028502978850156
1790637289.6595395,3.5945780109614134
1790637289.6596043,2.5831509847193956
1790637289.6632402,1.468950998969376
1790637289.6741414,2.0420480286702514
1790637289.6747527,1.384383998811245
1790637289.696574,1.6627649893052876
1790637289.7102578,2.3038070066832006
1790637289.7157261,1.5395369846373796
1790637289.7314248,2.17025401070714
1790637289.7315426,2.8255790239199996
1790637289.7756128,1.7254689591936767
1790637289.7910712,1.704314025118947
1790637289.8157513,2.000309992581606
1790637289.8234417,1.6279069823212922
1790637289.8322613,1.5771779580973089
1790637289.8376102,1.4881269889883697
1790637289.8539386,1.7947939923033118
1790637289.855673,1.4773199800401926
1790637289.8620424,1.4570780331268907
1790637289.8656218,2.564048976637423
1790637289.865735,2.1736989729106426
1790637289.875618,1.6163619584403932
1790637289.8775232,1.8078149878419936
1790637289.882728,1.3955770409666002
1790637289.8841503,1.1841550003737211
1790637289.9194531,2.0636150147765875
1790637289.9229882,1.4167309855110943
1790637289.930715,1.7018279759213328
1790637289.9347072,1.499163976404816
1790637289.9443254,1.5004999586381018
1790637289.9469988,1.5440619899891317
1790637289.9586174,1.7720680334605277
1790637289.9633722,1.4488250017166138
1790637289.9722474,1.609025988727808
1790637289.9764495,2.0732759730890393
1790637289.9770527,2.0247530192136765
1790637289.9830391,1.994601043406874
1790637289.9858787,1.377059961669147
1790637289.9945486,1.7213959945365787
1790637290.0150945,1.8995869904756546
1790637290.0181348,1.3050229754298925
1790637290.0220423,1.589566993061453
1790637290.0254035,1.2924320180900395
1790637290.0466533,1.98910798644647
1790637290.0482795,1.3096019974909723
1790637290.0680604,3.486819041427225
1790637290.069708,3.121918998658657
1790637290.0717323,2.0147780305705965
1790637290.0891683,2.6891540037468076
