timestamp,rtt
1790628229.5381434,4.957131983246654
1790628229.538838,4.804599971976131
1790628229.5396101,3.6589140072464943
1790628229.5401752,2.019662002567202
1790628229.617059,1.770632981788367
1790628229.6430993,1.7822509980760515
1790628229.652566,1.8464080058038235
1790628229.7012987,2.4255120079033077
1790628229.7302256,1.8151039839722216
1790628229.745684,2.131799003109336
1790628229.7843,2.0849850261583924
1790628229.8606114,1.7968430183827877
1790628229.879538,2.2688779863528907
1790628229.9508047,1.8477640114724636
1790628230.0293067,2.4604220525361598
1790628230.0361674,1.8193090218119323
1790628230.0577414,1.7965899896807969
1790628230.0604117,1.4146220055408776
1790628230.063604,1.3960190117359161
1790628230.0848043,3.0066989711485803
1790628230.0858858,2.8037489973939955
1790628230.091294,1.5860260464251041
1790628230.11885,1.8551560351625085
1790628230.12198,1.5292780008167028
1790628230.1311142,2.215614018496126
1790628230.1403794,1.9042300409637392
1790628230.156931,1.9204429700039327
1790628230.2090554,2.733917033765465
1790628230.2226837,1.7432190361432731
1790628230.2272887,1.726510003209114
1790628230.2330575,1.5369700267910957
1790628230.2372932,2.48335103970021
1790628230.2599084,1.7986580496653914
1790628230.3348637,2.9444809770211577
1790628230.3349562,3.1959270127117634
1790628230.3661022,1.8529220251366496
1790628230.3979824,1.9630210008472204
1790628230.4080265,3.1024490017443895
1790628230.4270623,2.370467991568148
1790628230.4847686,1.881052041426301
1790628230.4904275,1.4585090102627873
1790628230.4930851,1.3899949844926596
1790628230.5778391,1.8177099991589785
1790628230.5892768,1.7875910270959139
1790628230.5946782,1.4838359784334898
1790628230.606754,2.0555290393531322
1790628230.61497,1.8853920046240091
1790628230.6367464,1.8139510066248477
1790628230.6679573,2.5158280041068792
1790628230.6836,2.304908004589379
1790628230.7065475,2.3407789994962513
1790628230.7187362,1.8731009913608432
1790628230.737501,2.059203980024904
1790628230.7477975,1.7700580065138638
1790628230.7854173,1.9280359847471118
1790628230.8100471,2.2168459836393595
1790628230.8426187,2.2951470455154777
1790628230.8591769,2.127522020600736
1790628230.8765314,2.4333179462701082
1790628230.877339,1.556052011437714
1790628230.8861918,2.1231299615465105
1790628230.9141243,2.738929004408419
1790628230.917237,1.4616629923693836
1790628230.9359233,2.177717979066074
1790628230.9452415,1.8231290159747005
1790628230.9482045,1.9333829986862838
1790628231.043311,1.8185449880547822
1790628231.0694268,1.8165360088460147
1790628231.0856497,1.992399978917092
1790628231.099759,2.350668015424162
1790628231.1063087,1.701611967291683
1790628231.1176405,1.8385130097158253
1790628231.1242642,1.5974550042301416
1790628231.1634126,1.8611980485729873
1790628231.3258133,2.7975449920631945
1790628231.3265853,3.0715439934283495
1790628231.3380146,1.7195629770867527
1790628231.351955,2.5051350239664316
1790628231.4510965,1.790736976545304
1790628231.461879,1.6765070031397045
1790628231.4808986,2.1822789567522705
1790628231.486009,1.6321379807777703
1790628231.4916992,1.6186559805646539
1790628231.4986222,1.712049008347094
1790628231.5200307,2.1453499794006348
1790628231.5303068,1.9264720031060278
1790628231.5325673,1.8178480095230043
1790628231.5518432,2.028012997470796
1790628231.6126313,2.2645469871349633
1790628231.6205812,1.6993290046229959
1790628231.6232166,2.0984960137866437
1790628231.623537,2.3562589776702225
1790628231.6536856,2.128865977283567
1790628231.6655035,1.9232620252296329
1790628231.6770303,1.635450986213982
1790628231.7061324,2.0024320110678673
1790628231.7081795,1.3057559845037758
1790628231.7188578,1.5676839975640178
1790628231.7391253,2.392680966295302
1790628231.7517304,1.7475649947300553
1790628231.760346,2.269699005410075
1790628231.7642686,1.5208630356937647
1790628231.806417,1.8349619931541383
1790628231.8215702,1.8292419845238328
1790628231.9277043,1.9157130154781044
1790628231.9709904,1.9519510096870363
1790628231.9845624,2.0385770476423204
1790628232.0252378,3.089370031375438
1790628232.0315065,2.5230040191672742
1790628232.036543,1.7204370233230293
1790628232.085304,1.789469039067626
1790628232.0982604,1.9638179801404476
1790628232.1253066,2.00691499048844
1790628232.1326337,1.619107963051647
1790628232.1382222,2.124631020706147
1790628232.1746526,2.7218699688091874
1790628232.2179737,1.7339210025966167
1790628232.2508879,1.8061959999613464
1790628232.254259,1.4649240183643997
1790628232.2912524,1.7177480040118098
1790628232.309419,1.8497990095056593
1790628232.3107119,1.283610996324569
1790628232.3202212,1.872083987109363
1790628232.3250177,1.4247600338421762
1790628232.4159942,2.4700459907762706
1790628232.480096,2.029521041549742
1790628232.5012076,1.9829639932140708
1790628232.5262246,2.1595030557364225
1790628232.5601108,1.9631570321507752
1790628232.5672622,1.9513299921527505
1790628232.5990512,1.9502030336298048
1790628232.6349263,2.0834889728575945
1790628232.649342,2.1422080462798476
1790628232.6706796,1.883919001556933
1790628232.6957493,2.15089600533247
1790628232.6984348,1.4310329570434988
1790628232.715447,2.005540009122342
1790628232.7295775,2.0491849863901734
1790628232.7524095,2.255848958157003
1790628232.754982,1.864119025412947
1790628232.7667346,2.5502860080450773
1790628232.7908306,1.728711009491235
1790628232.7926087,1.7651100060902536
1790628232.8085735,1.8495670519769192
1790628232.8245142,2.792065031826496
1790628232.824609,2.4038650444708765
1790628232.8771164,1.7475940403528512
1790628232.9178836,2.0694590057246387
1790628232.9698749,1.8296850030310452
1790628232.973118,1.664821000304073
1790628232.9864604,1.7675480339676142
1790628233.0006013,1.9340139697305858
1790628233.0427866,2.264526963699609
1790628233.0628502,2.2910769912414253
1790628233.067964,2.0907180150970817
1790628233.1205523,2.5180859956890345
1790628233.1694195,2.2261470439843833
1790628233.1812062,2.6151560014113784
1790628233.1900265,2.114124014042318
1790628233.194125,2.228516968898475
1790628233.2217245,2.3763609933666885
1790628233.2438016,1.9157269853167236
1790628233.2516773,1.7015159828588367
1790628233.343432,2.094229042995721
1790628233.3481438,1.8039080314338207
1790628233.3564577,3.233027004171163
1790628233.357969,2.146256039850414
1790628233.3580217,3.355849999934435
1790628233.3889751,1.839199976529926
1790628233.4073193,1.9655729993246496
1790628233.444879,1.8465719767846167
1790628233.4875855,2.068570989649743
1790628233.4967818,1.9043220090679824
1790628233.5105,1.7270540120080113
1790628233.52025,1.9014310091733932
1790628233.5312471,1.8168379901908338
1790628233.5386553,2.164003031793982
1790628233.5654037,1.935307984240353
1790628233.5753706,1.9678300013765693
1790628233.5845132,1.717511040624231
1790628233.5877573,1.3488309923559427
1790628233.6019044,1.9341030274517834
1790628233.6446497,1.9660089747048914
1790628233.6538537,1.5656300238333642
1790628233.7049844,2.579980995506048
1790628233.731085,1.7908929730765522
1790628233.740055,1.7030349699780345
1790628233.776461,2.4318399955518544
1790628233.8078794,2.154138986952603
1790628233.8154175,2.0497520454227924
1790628233.838514,1.9351959927007556
1790628233.8919911,2.0034430199302733
1790628233.8926768,1.7480020178481936
1790628233.9102125,1.816340023651719
1790628233.920894,2.240767003968358
1790628233.9630253,1.7120129778049886
1790628233.9669209,1.6530180000700057
1790628233.9829361,1.5807599993422627
1790628233.997921,2.4423240101896226
1790628234.0265274,4.417686956003308
1790628234.0743237,1.8723809625953436
1790628234.0783348,1.5005850000306964
1790628234.085123,1.5351480105891824
1790628234.091494,1.7722849734127522
1790628234.1292582,1.991007011383772
1790628234.1717927,2.0723530324175954
1790628234.2127278,2.3165190359577537
1790628234.231232,1.9745500176213682
1790628234.2523713,2.6996859814971685
1790628234.2734675,2.01807904522866
1790628234.3353014,1.953202998265624
1790628234.346969,1.659250003285706
1790628234.3603563,2.0837379852309823
1790628234.3778112,3.561632998753339
1790628234.3789659,2.802379021886736
1790628234.3843303,2.545041963458061
1790628234.3923733,3.881436015944928
1790628234.41011,2.860569045878947
1790628234.4559884,2.858269028365612
1790628234.456063,3.131182980723679
1790628234.4659293,2.007598988711834
1790628234.4846396,2.041078987531364
1790628234.4963443,2.1786459838040173
1790628234.5027845,2.131575020030141
1790628234.5079806,1.464125991333276
1790628234.5137043,1.4735559816472232
1790628234.5580795,2.0912959589622915
1790628234.5748134,1.9716839888133109
1790628234.6049104,1.7999120173044503
1790628234.618935,2.07038497319445
1790628234.653113,5.946979974396527
1790628234.6539466,3.8603569846600294
1790628234.6858962,2.947746019344777
1790628234.77923,2.853542973753065
1790628234.7926762,2.950972004327923
1790628234.7951806,1.440094958525151
1790628234.8035057,1.8670549616217613
1790628234.852266,3.1625780393369496
1790628234.8523269,5.855004012119025
1790628234.8710656,2.3294080165214837
1790628234.9364254,1.927971956320107
1790628234.9881382,4.072912037372589
1790628234.98828,4.074077995028347
1790628235.0033705,2.3697870201431215
1790628235.0204692,2.1617800230160356
1790628235.0476222,2.0202510058879852
1790628235.0771725,2.362124971114099
1790628235.1309981,2.759234979748726
1790628235.1699214,4.338124999776483
1790628235.171923,1.6807280480861664
1790628235.1981921,3.733640012796968
1790628235.2212875,5.315757007338107
1790628235.2235215,2.2151130251586437
1790628235.2916882,4.52265702188015
1790628235.2977047,1.5990709653124213
1790628235.3320918,3.6903489963151515
1790628235.3553288,2.8147639823146164
1790628235.3617506,2.30499601457268
1790628235.4058664,2.4577570147812366
1790628235.4111369,1.754147990141064
1790628235.4313939,2.9755879659205675
1790628235.4642005,6.648372975178063
1790628235.4653542,5.364372977055609
1790628235.4654484,3.143753972835839
1790628235.4714005,1.3705479796044528
1790628235.480582,2.2622120450250804
1790628235.4980278,1.934102037921548
1790628235.5126793,2.068825007881969
1790628235.5302887,1.9613670301623642
1790628235.6005774,2.58499599294737
1790628235.6345768,2.4013679940253496
1790628235.6585498,4.7346799983642995
1790628235.6731076,3.0998250003904104
1790628235.6926985,2.570857002865523
1790628235.7134712,3.510449023451656
1790628235.7135453,2.903337008319795
1790628235.7218633,1.5641520149074495
1790628235.7687898,2.187236037570983
1790628235.7875464,3.1226639985106885
1790628235.788224,2.827781019732356
1790628235.8079603,2.0050820312462747
1790628235.8127043,1.5143990167416632
1790628235.8196309,1.459300983697176
1790628235.831948,1.4678070438094437
1790628235.8667133,1.6971899894997478
1790628235.8966117,2.248049946501851
1790628235.9439847,3.924784017726779
1790628235.9479616,2.9479729710146785
1790628235.9574807,4.516889050137252
1790628236.0000951,7.833587995264679
1790628236.0274935,9.01675398927182
1790628236.0777347,2.6882319943979383
1790628236.080007,1.6445189830847085
1790628236.0847425,1.993111043702811
1790628236.1620977,3.0360459932126105
1790628236.22777,2.7348700095899403
1790628236.228406,3.1831320375204086
1790628236.2568681,2.387818996794522
1790628236.2587905,1.4357409672811627
1790628236.2637808,1.2715240009129047
1790628236.269278,1.3306689797900617
1790628236.3422089,1.8905249889940023
1790628236.3461587,1.726918970234692
1790628236.3694413,1.8890940118581057
1790628236.3738844,1.5344119747169316
1790628236.4024212,1.7436380148865283
1790628236.4130192,1.7093869973905385
1790628236.4144132,1.3842139742337167
1790628236.4821603,2.971982001326978
1790628236.4835782,1.87663797987625
1790628236.4855366,1.945915981195867
1790628236.4856257,3.0753599712625146
1790628236.4995658,1.7715180292725563
1790628236.500852,1.2765810242854059
1790628236.5121005,1.962317037396133
1790628236.517087,1.5005540335550904
1790628236.5309284,1.9350440124981105
1790628236.6344635,1.8496669945307076
1790628236.6477392,1.89490697812289
1790628236.6523952,1.3619940145872533
1790628236.6643333,2.202359028160572
1790628236.6713333,1.5876460238359869
1790628236.680065,3.974570019636303
1790628236.7195659,2.139503019861877
1790628236.7331498,2.231998019851744
1790628236.7406158,1.7481200047768652
1790628236.7795877,1.7829500138759613
1790628236.838733,2.0887660211883485
1790628236.8466704,2.8432730468921363
1790628236.8628964,2.0058309892192483
1790628236.865573,1.6678779502399266
1790628236.880968,1.7990499618463218
1790628236.8960135,2.167108003050089
1790628236.9025393,1.7235520062968135
1790628236.9175537,1.7760779592208564
1790628236.9230464,2.499625028576702
1790628236.9580216,2.1740809897892177
1790628237.5205927,1.9230160396546125
1790628237.587936,3.4966199891641736
1790628237.5886223,2.7853610226884484
1790628237.6140823,2.148707048036158
1790628237.615378,1.2828549952246249
1790628237.6316218,1.7942549893632531
1790628237.64029,1.9383670296519995
1790628237.6697013,3.1454379786737263
1790628237.6731043,1.6440380131825805
1790628237.6979957,2.247572992928326
1790628237.7490442,7.107232988346368
1790628237.7507496,7.158480992075056
1790628237.7598188,2.2094539599493146
1790628237.8360515,3.600657975766808
1790628237.8410232,2.4291949812322855
1790628237.8487954,2.332714037038386
1790628237.8816957,4.767205042298883
1790628237.9075072,2.4993629776872694
1790628237.959034,3.7066490040160716
1790628237.9607744,3.5218580160290003
1790628237.972389,2.2684580180794
1790628238.00145,2.677340991795063
1790628238.0718591,3.075146989431232
1790628238.1060486,1.791186979971826
1790628238.1551325,2.7656289748847485
1790628238.1795924,4.817590001039207
1790628238.1980178,2.3021450033411384
1790628238.1993535,1.3255139929242432
1790628238.2105138,1.8918890273198485
1790628238.2450223,2.2825580090284348
1790628238.2666361,1.9743380253203213
1790628238.3069181,2.18709500040859
1790628238.3327782,1.7416810151189566
1790628238.3585875,2.219855959992856
1790628238.395654,1.827574975322932
1790628238.4689126,3.040509996935725
1790628238.4713082,1.7042179824784398
1790628238.473927,1.4690330135636032
1790628238.4916322,1.7051700269803405
1790628238.5576394,2.4402100243605673
1790628238.5583186,2.3677099961787462
1790628238.588193,1.7270480166189373
1790628238.595075,1.3788090436719358
1790628238.6261284,1.7754430300556123
1790628238.6379998,1.4505760045722127
1790628238.6715775,1.9109240383841097
1790628238.7337523,2.1408189786598086
1790628238.7829397,2.0804989617317915
1790628238.7850726,1.5199729823507369
1790628238.809727,2.2690669866278768
1790628238.8215015,2.2765700123272836
1790628238.837322,2.6597590185701847
1790628238.882418,2.289313997607678
1790628238.8829432,1.651402038987726
1790628238.8940423,2.465378027409315
1790628238.8995187,2.10188195342198
1790628238.9170785,1.653524988796562
1790628238.9207187,1.4423280372284353
1790628238.982112,7.971891027409583
1790628239.049313,6.399848032742739
1790628239.1062691,2.9121109982952476
1790628239.1067815,2.173346991185099
1790628239.1127093,1.8614429864101112
1790628239.1129744,1.6467870445922017
1790628239.1523488,2.9042980168014765
1790628239.1585705,2.2506259847432375
1790628239.1669447,1.5911189839243889
1790628239.2029467,2.554375969339162
1790628239.2134135,2.67179700313136
1790628239.2204838,1.8752599717117846
1790628239.2387998,2.1862240391783416
1790628239.2684412,1.9956990145146847
1790628239.2744758,2.294749952852726
1790628239.318704,1.821145007852465
1790628239.346318,3.924911958165467
1790628239.3466582,3.50679102120921
1790628239.3687878,2.900063991546631
1790628239.39989,3.5906509729102254
1790628239.40494,3.8221319555304945
1790628239.4357123,3.4527090028859675
1790628239.4400556,3.0011070193722844
1790628239.476176,1.8775810021907091
1790628239.4821227,2.1127730142325163
1790628239.4907515,2.036471967585385
1790628239.5150242,2.021223015617579
1790628239.5433705,2.024493005592376
1790628239.5566125,1.8485820037312806
1790628239.5779371,1.885371981188655
1790628239.6160228,1.72541500069201
1790628239.6359792,2.137074014171958
1790628239.668794,1.9666019943542778
1790628239.7022612,2.0179079729132354
1790628239.7260845,1.7813979648053646
1790628239.7401,2.3077750229276717
1790628239.7680676,1.863081008195877
1790628239.7824118,2.0944830030202866
1790628239.7863011,1.680165994912386
1790628239.8311481,1.808562024962157
1790628239.833147,1.6457909950986505
1790628239.8339741,1.594647008460015
1790628239.8439481,1.7495969659648836
1790628239.8610547,1.6774960095062852
1790628239.8643975,1.4748320099897683
1790628239.933273,2.112644026055932
1790628239.985252,1.9982749945484102
1790628240.001152,2.0610300125554204
1790628240.0501423,2.335399971343577
1790628240.0663934,2.1193440188653767
1790628240.078738,1.9552390440367162
1790628240.1080666,2.2460390464402735
1790628240.1101787,1.7265240312553942
1790628240.1219485,1.7586449976079166
1790628240.1371138,1.7631379887461662
1790628240.1425157,1.9440989708527923
1790628240.1635745,2.143735997378826
1790628240.1663022,1.423133013304323
1790628240.1753433,1.998737978283316
1790628240.2563214,1.9610750023275614
1790628240.302749,2.3173679946921766
1790628240.303783,1.4926129952073097
1790628240.358517,1.8966009956784546
1790628240.362973,1.780089980456978
1790628240.3664584,1.6532950103282928
1790628240.3992972,1.8882490112446249
1790628240.411706,1.8096569692716002
1790628240.411817,2.8188619762659073
1790628240.4159217,1.5620210324414074
1790628240.4782379,1.8360870308242738
1790628240.4847,1.4725489891134202
1790628240.5141525,2.0890430314466357
1790628240.5266922,2.426545019261539
1790628240.527667,2.884585002902895
1790628240.5277386,2.044311026111245
1790628240.5351772,1.7843639943748713
1790628240.5385766,1.3169890153221786
1790628240.5683303,1.998263003770262
1790628240.5807598,1.7681070021353662
1790628240.6460714,1.8996419967152178
1790628240.6559153,1.8309139995835721
1790628240.663645,1.619299000594765
1790628240.6896975,2.0666709751822054
1790628240.696947,2.05427804030478
1790628240.7332122,2.287543029524386
1790628240.7478297,1.8645949894562364
1790628240.7680688,1.8213579896837473
1790628240.792708,1.846414990723133
1790628240.8065038,1.7090010223910213
1790628240.8124828,1.3560799998231232
1790628240.888151,2.299850049894303
1790628240.888746,1.6410619718953967
1790628240.9006455,1.6837490256875753
1790628240.9226956,1.8585750367492437
1790628240.942949,1.7848170245997608
1790628240.963344,1.895950990729034
1790628240.9648397,1.2845000019297004
1790628240.9691331,1.8271459848619998
1790628240.9700618,1.3705079909414053
1790628240.9883595,2.5915809674188495
1790628240.9884305,2.094274968840182
1790628240.9904532,1.2639869819395244
1790628240.995792,1.7167649930343032
1790628241.0033436,1.5934399561956525
1790628241.0214777,2.263555012177676
1790628241.0341291,2.035333018284291
1790628241.0387437,1.4037819928489625
1790628241.0504029,1.7761909984983504
1790628241.066017,2.0256939460523427
1790628241.1189187,1.695048005785793
1790628241.1709042,1.901300041936338
1790628241.177189,3.752677992451936
1790628241.1779032,3.5197450197301805
1790628241.178015,3.7149700219742954
1790628241.1952815,1.7579169943928719
1790628241.2133846,2.2095460444688797
1790628241.220886,1.6343719908036292
1790628241.2402754,2.169315004721284
1790628241.2511165,1.8869390478357673
1790628241.260542,1.4628689968958497
1790628241.28582,1.9389120279811323
1790628241.3109255,1.8997610313817859
1790628241.3277586,1.9594600307755172
1790628241.3339202,1.6008089878596365
1790628241.341107,1.880797033663839
1790628241.3474698,1.4733009738847613
1790628241.3608525,2.050086040981114
1790628241.3751972,1.6959899803623557
1790628241.3880727,2.1662010112777352
1790628241.4506912,1.8458780250512064
1790628241.4699779,1.7581769498065114
1790628241.5204098,1.9639849779196084
1790628241.595407,2.5951219722628593
1790628241.5965347,1.9864999921992421
1790628241.6184177,1.7491649487055838
1790628241.6534722,2.3259089794009924
1790628241.6546745,1.6500249621458352
1790628241.6552424,1.6230400069616735
1790628241.6621406,2.3506960133090615
1790628241.682567,2.0464410190470517
1790628241.7122276,1.88782304758206
1790628241.7337165,2.050815965048969
1790628241.78693,2.1687220432795584
1790628241.8200433,2.268429030664265
1790628241.8359323,2.1670240093953907
1790628241.848991,1.6526770195923746
1790628241.8871927,1.7967629828490317
1790628241.907302,1.8551829853095114
1790628242.0011692,2.5417740107513964
1790628242.0099225,2.0526089938357472
1790628242.0099883,2.7146770153194666
1790628242.034125,1.9672950147651136
1790628242.0760763,2.3835210013203323
1790628242.1381445,1.9152799504809082
1790628242.188118,2.1334830089472234
1790628242.1894631,1.3330370420590043
1790628242.2046983,1.7493980121798813
1790628242.2418804,1.966541982255876
1790628242.2677305,1.917029032483697
1790628242.2918112,1.8548829830251634
1790628242.2953732,1.3776900013908744
1790628242.3163142,1.960481982678175
1790628242.3297963,1.7617199919186532
1790628242.3579261,1.788718975149095
1790628242.3726976,2.2998800268396735
1790628242.3845446,1.8216039752587676
1790628242.3867772,1.5799069660715759
1790628242.4191027,1.8348279991187155
1790628242.4217582,1.3980779913254082
1790628242.432078,1.724559988360852
1790628242.444398,2.6313270209357142
1790628242.4502132,1.8709399737417698
1790628242.479497,1.8759790109470487
1790628242.4837577,1.5997319715097547
1790628242.501788,1.8982929759658873
1790628242.6052628,3.2356270239688456
1790628242.6053379,2.6983220013789833
1790628242.6552951,2.7290419675409794
1790628242.6673942,2.0178669947199523
1790628242.676169,1.688618038315326
1790628242.7632692,1.8119759624823928
1790628242.770782,1.8417999963276088
1790628242.7928212,1.673339051194489
1790628242.8036041,1.9129200372844934
1790628242.8069553,1.3476809835992754
1790628242.8293233,2.4610080290585756
1790628242.8300247,1.8807380110956728
1790628242.8334656,1.4559549745172262
1790628242.8439598,1.8241069628857076
1790628242.9103131,1.9823960028588772
1790628242.91908,1.9406159990467131
1790628242.940964,2.1153519628569484
1790628242.9440105,1.6504810191690922
1790628242.9658291,1.8609570106491446
1790628242.9789474,2.2570110158994794
1790628242.9812207,1.9666129956021905
1790628242.9820867,1.627568039111793
1790628242.9901788,1.6164029948413372
1790628243.0151143,1.863812969531864
1790628243.0515885,1.7282330081798136
1790628243.0755694,1.8734789919108152
1790628243.1441295,2.1161279873922467
1790628243.2392678,2.109149005264044
1790628243.2587585,1.9314690143801272
1790628243.2638187,1.6083730151876807
1790628243.265204,1.2157890014350414
1790628243.3605225,2.102052967529744
1790628243.3909338,1.7671069945208728
1790628243.414559,1.8549719825387
1790628243.4798968,2.1163549972698092
1790628243.4884276,1.9282269640825689
1790628243.5131366,2.04747001407668
1790628243.5369208,3.8193700020201504
1790628243.5369918,2.8512970311567187
1790628243.5747375,1.9317710539326072
1790628243.6187055,2.4178429739549756
1790628243.6195195,1.704161986708641
1790628243.6364954,2.034532022662461
1790628243.6593947,2.0393450395204127
1790628243.6758075,2.389058005064726
1790628243.6946454,2.2920530172996223
1790628243.695548,1.7041899845935404
1790628243.7030206,1.4823820092715323
1790628243.7047153,1.340300019364804
1790628243.7138357,1.4760139747522771
1790628243.7221122,1.6251959605142474
1790628243.765329,1.6936970059759915
1790628243.7706738,1.4443649561144412
1790628243.8446395,2.522667986340821
1790628243.8555014,3.09157301671803
1790628243.8555782,2.3335879668593407
1790628243.8644187,2.435315982438624
1790628243.8769944,1.9742540316656232
1790628243.879883,1.8808009917847812
1790628243.8817875,1.5573460259474814
1790628243.888568,1.8987110233865678
1790628244.0334218,1.7905650311149657
1790628244.0504916,1.7091849585995078
1790628244.0675633,1.7651550006121397
1790628244.0752547,1.7155730165541172
1790628244.088971,2.3919049999676645
1790628244.08903,1.9016520236618817
1790628244.092119,1.1905059800483286
1790628244.121932,1.7468429869040847
1790628244.2245853,2.3580719716846943
1790628244.2737784,1.8151700496673584
1790628244.2988915,2.2405090276151896
1790628244.306877,1.7489040037617087
1790628244.3140879,1.8951439997181296
1790628244.324607,1.6936669708229601
1790628244.4046268,2.5863859918899834
1790628244.432318,2.0887660211883485
1790628244.4598575,2.2652220213785768
1790628244.4670317,1.783747982699424
1790628244.4898283,1.7586150206625462
1790628244.5165725,1.984027971047908
1790628244.5209517,1.5525720082223415
1790628244.575159,1.7936700023710728
1790628244.602209,1.7402119701728225
1790628244.6071737,1.6292929649353027
1790628244.6597815,2.194591041188687
1790628244.6937177,2.2049600374884903
1790628244.7109814,1.7711390391923487
1790628244.7210937,1.835681963711977
1790628244.7377856,1.7769770347513258
1790628244.7500143,1.66177999926731
1790628244.7539995,2.0568310283124447
1790628244.798315,1.7619850113987923
1790628244.8037658,1.555493043269962
1790628244.8047483,1.7728219972923398
1790628244.8185506,1.9165319972671568
1790628244.8308175,2.6945500285364687
1790628244.830891,3.371578990481794
1790628244.850607,1.814690011087805
1790628244.8724341,1.6585220000706613
1790628244.8806314,1.7200179863721132
1790628244.899058,1.6485920059494674
1790628244.9123285,1.9188200240023434
1790628244.9288664,1.8178509781137109
1790628244.9347706,1.4340580091811717
1790628244.9957979,1.9088659901171923
1790628245.0020974,1.4423520187847316
1790628245.015019,1.906157995108515
1790628245.0184016,1.3638889649882913
1790628245.098002,2.295251004397869
1790628245.1007006,1.6196239739656448
1790628245.101248,1.383707975037396
1790628245.1677241,1.898307993542403
1790628245.1777232,1.8326429999433458
1790628245.21724,1.963804999832064
1790628245.2571301,1.9572170567698777
1790628245.2706625,1.859112991951406
1790628245.2737305,1.866280974354595
1790628245.2920501,1.8052689847536385
1790628245.3162956,2.145395032130182
1790628245.360452,2.010798023547977
1790628245.3624878,1.287318009417504
1790628245.4111273,2.0914250053465366
1790628245.4121103,1.8844360020011663
1790628245.452842,2.01057200320065
1790628245.478831,2.0668369834311306
1790628245.4869547,1.7269839881919324
1790628245.5223234,1.9145919941365719
1790628245.5532804,2.02062597963959
1790628245.6609032,2.3637620033696294
1790628245.7024908,2.1362979896366596
1790628245.7075303,1.7295369761995971
1790628245.7220826,1.7356839962303638
1790628245.7446873,1.9833800033666193
1790628245.7584803,1.8102090107277036
1790628245.7780268,4.2503029690124094
1790628245.8008125,2.7528400532901287
1790628245.83059,2.23167595686391
1790628245.8491547,2.1167699596844614
1790628245.8492265,2.739790012128651
1790628245.9019163,1.8159050378017128
1790628245.9083562,1.896218047477305
1790628245.9597156,1.7409549909643829
1790628245.9623072,1.3547030393965542
1790628246.0118759,3.0810610041953623
1790628246.0120769,3.8705600309185684
1790628246.0176337,1.5502320020459592
1790628246.0373945,2.3829140118323267
1790628246.0380218,2.02483800239861
1790628246.0701947,2.146270009689033
1790628246.1002684,1.8908160272985697
1790628246.139852,1.6945160459727049
1790628246.1946936,2.058612008113414
1790628246.240755,1.9350229995325208
1790628246.259738,2.62519798707217
1790628246.2605066,2.815676969476044
1790628246.3365452,1.8241179641336203
1790628246.4156418,2.9551800107583404
1790628246.4337602,2.4613820132799447
1790628246.4472375,2.3012009914964437
1790628246.4820762,1.7255760030820966
1790628246.5004413,1.75740901613608
1790628246.5569394,2.5000289897434413
1790628246.5643103,1.6610299935564399
1790628246.5899165,1.7704259953461587
1790628246.600211,1.9456259906291962
1790628246.6142416,1.752171025145799
1790628246.635365,1.7545520095154643
1790628246.651637,1.7123129800893366
1790628246.667091,2.003872999921441
1790628246.7023232,3.6897099926136434
1790628246.7024138,3.010928980074823
1790628246.7033207,2.473241009283811
1790628246.7277825,2.2183849941939116
1790628246.746981,2.132873982191086
1790628246.784127,1.907547004520893
1790628246.8098261,1.922406954690814
1790628246.8347023,2.1435220260173082
1790628246.851954,2.2501370403915644
1790628246.87369,2.132484980393201
1790628246.888687,2.4770089657977223
1790628246.8893225,1.6799340373836458
1790628246.891766,1.3071559951640666
1790628246.9222221,2.0828790147788823
1790628246.9438264,2.1166810183785856
1790628246.9836571,2.124195045325905
1790628247.007537,1.8233679584227502
1790628247.057027,1.9289269694127142
1790628247.067872,1.7010069568641484
1790628247.072049,1.5098220319487154
1790628247.0857196,2.232924976851791
1790628247.0865467,1.7690509557724
1790628247.1772666,1.900073024444282
1790628247.2081575,2.287201990839094
1790628247.2103503,1.2948099756613374
1790628247.2235124,1.742091029882431
1790628247.2450814,2.113346999976784
1790628247.2719836,1.8120489548891783
1790628247.274321,1.6040130285546184
1790628247.3313985,2.0102410344406962
1790628247.3621254,1.7808540142141283
1790628247.4240954,2.0329540129750967
1790628247.4907317,2.0532020134851336
1790628247.5202453,2.7234540320932865
1790628247.5866401,2.5340220308862627
1790628247.5867388,3.5039869835600257
1790628247.7008948,2.0040409872308373
1790628247.738097,1.7772979917936027
1790628247.739831,1.2837800313718617
1790628247.7666936,1.8699269858188927
1790628247.7673056,1.830686000175774
1790628247.7847614,2.2304049925878644
1790628247.8168154,1.974006008822471
1790628247.8598278,2.4086079793050885
1790628247.8763492,3.531600988935679
1790628247.886689,3.0643329955637455
1790628247.913961,2.444190962705761
1790628247.9385502,2.958448021672666
1790628247.984562,2.0408770069479942
1790628248.0013807,1.7230139928869903
1790628248.009702,1.8261870136484504
1790628248.0512793,2.0928159938193858
1790628248.0597594,2.398648008238524
1790628248.1238575,2.6303550112061203
1790628248.1727304,2.41843203548342
1790628248.2327332,2.681679034139961
1790628248.240136,2.4221089552156627
1790628248.2898936,2.6667899801395833
1790628248.3184233,2.2403979673981667
1790628248.3218446,1.8071620143018663
1790628248.3316395,2.5195979978889227
1790628248.3739474,2.692050999030471
1790628248.4096878,2.51856999238953
1790628248.410183,1.5844639856368303
1790628248.4534116,2.914833021350205
1790628248.4654684,1.7652370152063668
1790628248.4893143,1.852380984928459
1790628248.505182,1.6319769783876836
1790628248.5651193,2.129668020643294
1790628248.5849316,2.1761609823442996
1790628248.5976105,1.7820069915615022
1790628248.6046722,2.636094985064119
1790628248.6163745,1.832059002481401
1790628248.6630113,2.5750439963303506
1790628248.6891103,2.628700982313603
1790628248.7181766,2.5744139566086233
1790628248.7373075,2.262000984046608
1790628248.765956,2.1138080046512187
1790628248.7715058,1.583048957400024
1790628248.8061485,2.325841982383281
1790628248.8108907,1.4345659874379635
1790628248.8168945,1.5464639873243868
1790628248.8357916,3.265721956267953
1790628248.836478,2.573921054136008
1790628248.8781133,2.9682129970751703
1790628248.8789005,6.001971021760255
1790628248.8791325,2.63960100710392
1790628248.9578562,2.9674689867533743
1790628248.9632337,1.965944014955312
1790628249.0100632,2.0271080429665744
1790628249.0246792,2.078821009490639
1790628249.053027,1.9841149915009737
1790628249.0995796,1.9501600181683898
1790628249.1357286,2.14728299761191
1790628249.1831274,1.7443859833292663
1790628249.1983829,1.7206439515575767
1790628249.204062,4.207987047266215
1790628249.2106435,1.7634619725868106
1790628249.2206519,3.6841470282524824
1790628249.224593,2.3296570288948715
1790628249.2707846,4.565395996905863
1790628249.2862098,4.082635976374149
1790628249.2869647,2.2360379807651043
1790628249.2900925,1.945690019056201
1790628249.2954175,2.544068032875657
1790628249.2964373,2.8194119804538786
1790628249.3209815,2.8672770131379366
1790628249.3692255,2.139449992682785
1790628249.4010623,1.6958769992925227
1790628249.4382298,3.7920830072835088
1790628249.439816,3.6355299525894225
1790628249.4409485,2.2499950136989355
1790628249.4834406,2.9434809694066644
1790628249.5277107,2.7557340217754245
1790628249.5627794,2.6582800201140344
1790628249.573618,2.346027991734445
1790628249.5745285,1.8660060013644397
1790628249.6022282,1.7874690238386393
1790628249.6614754,4.195951973088086
1790628249.678306,4.505314980633557
1790628249.6846895,2.8995180036872625
1790628249.6879983,2.0518030505627394
1790628249.6888132,2.142681973055005
1790628249.736568,8.692439005244523
1790628249.7449987,14.57429100992158
1790628249.7470262,5.535691976547241
1790628249.7721214,2.470157982315868
1790628249.786255,2.3467200226150453
1790628249.838182,2.6524810236878693
1790628249.8388038,1.5568130183964968
1790628249.8760164,4.679287958424538
1790628249.9048004,3.2958099618554115
1790628249.9245133,2.1811359911225736
1790628249.9493117,3.611330990679562
1790628249.9511764,1.849694992415607
1790628249.9843307,2.2345790057443082
1790628249.99178,1.6298660193569958
1790628249.9961138,1.814690011087805
1790628250.0172606,1.8924190080724657
1790628250.0576699,2.3324269568547606
1790628250.0741584,2.1339209633879364
1790628250.3812895,304.2058919672854
1790628250.383943,305.8896439615637
1790628250.3840392,236.43244098639116
1790628250.3848627,305.80725800246
1790628250.385977,209.15596501436085
1790628250.386697,306.18025799049065
1790628250.3867815,259.4796629855409
1790628250.3876505,281.51617001276463
1790628250.3884816,204.36725101899356
1790628250.389145,135.32154902350157
1790628250.3893757,100.72537499945611
1790628250.38947,195.85605600150302
1790628250.3895266,190.5521369772032
1790628250.3895786,23.77647301182151
1790628250.3919134,1.638313988223672
1790628250.4452105,2.929891983512789
1790628250.4482944,2.68433999735862
1790628250.4577868,2.0243769977241755
1790628250.4835737,3.8305080379359424
1790628250.5132692,3.0890009948052466
1790628250.5428643,3.991437959484756
1790628250.5429533,4.975938005372882
1790628250.5474162,1.810171001125127
1790628250.5516737,1.6143640386871994
1790628250.5672243,2.012592973187566
1790628250.6440513,22.169664967805147
1790628250.6722002,73.76065303105861
1790628250.7045038,31.566474004648626
1790628250.7050412,66.70777499675751
1790628250.705777,33.44423801172525
1790628250.7058325,3.302977012936026
1790628250.7247531,1.6490870038978755
1790628250.7468925,2.035240991972387
1790628250.7935464,22.929427039343864
1790628250.823648,59.64714498259127
1790628250.8364482,1.853022025898099
1790628250.8844762,3.213370975572616
1790628250.9486454,10.274301981553435
1790628250.9488826,6.603815010748804
1790628250.9491923,6.7098489962518215
1790628250.9519966,1.1876299977302551
1790628251.009429,32.83929801546037
1790628251.0227132,54.801816993858665
1790628251.0227854,4.348447953816503
1790628251.026289,1.563290017656982
1790628251.0355587,1.476601988542825
1790628251.0433252,1.8456780235283077
1790628251.0573306,1.6029229736886919
1790628251.1031702,22.484418004751205
1790628251.1250439,28.363780991639942
1790628251.125379,22.858307987917215
1790628251.1261034,60.2220079745166
1790628251.126221,10.786747036036104
1790628251.1262815,19.64721502736211
1790628251.1514237,1.9336810219101608
1790628251.154691,1.4413419994525611
1790628251.1551504,1.3383119949139655
1790628251.171446,1.6344779869541526
1790628251.2468405,3.075140994042158
1790628251.297442,11.550530965905637
1790628251.2981017,16.30441501038149
1790628251.310189,3.613103006500751
1790628251.3308127,4.54065902158618
1790628251.338367,7.537679048255086
1790628251.4010408,1084.930451004766
1790628251.4114645,83.16741202725098
1790628251.4117744,1096.7239789897576
1790628251.4225936,1145.6553749740124
1790628251.4337106,27.177969983313233
1790628251.4382465,21.072475996334106
1790628251.4384122,1101.2196539668366
1790628251.4391084,4.3239189544692636
1790628251.444055,1076.1939799995162
1790628251.4536617,1.525439030956477
1790628251.4556756,1.2678899802267551
1790628251.4912913,23.92699901247397
1790628251.5080333,24.166257004253566
1790628251.5157375,24.00805603247136
1790628251.5164423,52.43546300334856
1790628251.5166242,17.948160995729268
1790628251.5733223,2.5450839893892407
1790628251.5883305,1.8306340207345784
1790628251.5940807,1.5675959875807166
1790628251.6492765,2.7854269719682634
1790628251.6493714,51.21692700777203
1790628251.707668,2.4450739729218185
1790628251.7176387,2.159802010282874
1790628251.74468,2.042656997218728
1790628251.799959,27.79066504444927
1790628251.8051052,24.89072602475062
1790628251.805814,53.312335978262126
1790628251.8431766,1.81779102422297
1790628251.849208,1.76761404145509
1790628251.8828297,1.8657890032045543
1790628251.909051,2.0963759743608534
1790628251.9567597,2.3441650555469096
1790628251.9697087,1.9986180122941732
1790628252.0420809,5.80079696374014
1790628252.0489144,2.4571389658376575
1790628252.0645237,2.8840259765274823
1790628252.071556,4.239574016537517
1790628252.1078396,2.0418079802766442
1790628252.1465511,3.2660639844834805
1790628252.1466208,4.347231995780021
1790628252.2056067,39.22116197645664
1790628252.2265563,60.792132979258895
1790628252.2266412,5.169053969439119
1790628252.3173795,49.277240002993494
1790628252.3221338,1.565318030770868
1790628252.333281,1.7484330455772579
1790628252.3513572,2.839998051058501
1790628252.3529096,1.438601000700146
1790628252.368444,1.838035008404404
1790628252.3689306,2.8004230116494
1790628252.395183,2.285049995407462
1790628252.4208446,2.558454987592995
1790628252.435498,2.351807022932917
1790628252.5237167,2.3085380089469254
1790628252.5243392,1.4681419706903398
1790628252.5327961,1.5682580415159464
1790628252.5509033,1.7862560343928635
1790628252.5730577,2.328488975763321
1790628252.5731356,2.9762070043943822
1790628252.5911489,2.2696530213579535
1790628252.6171398,1.9344359752722085
1790628252.6351004,2.0079140085726976
1790628252.651415,1.8256490002386272
1790628252.6801684,2.1188509999774396
1790628252.722222,1.6983759705908597
1790628252.7382703,1.7219380242750049
1790628252.7865212,1.9260129774920642
1790628252.8209178,1.8851329805329442
1790628252.8236725,1.892627973575145
1790628252.8346648,1.9591840100474656
1790628252.8562698,2.3027490242384374
1790628252.8671281,1.9173730397596955
1790628252.9039264,1.887957041617483
1790628252.9363399,1.7278679879382253
1790628252.9724302,1.9348039641045034
1790628253.0114322,35.235246003139764
1790628253.0324924,58.61388903576881
1790628253.0345256,1.6244150465354323
1790628253.0982454,2.0605879835784435
1790628253.1222556,1.8949839868582785
1790628253.2049723,54.834142967592925
1790628253.2074456,1.5047590131871402
1790628253.2205424,1.6819859738461673
1790628253.2664733,2.0761280320584774
1790628253.2805939,2.0884969853796065
1790628253.3496337,2.0696520223282278
1790628253.36953,2.191066974774003
1790628253.4222147,1.8119739834219217
1790628253.437245,2.1767349680885673
1790628253.4531446,1.7112140194512904
1790628253.4617367,2.8614249895326793
1790628253.4618356,2.440283016767353
1790628253.5241375,1.7673250404186547
1790628253.5379746,2.157918002922088
1790628253.5380692,3.376040025614202
1790628253.5383232,1.8469709903001785
1790628253.5485396,1.715452002827078
1790628253.5521312,1.960446999873966
1790628253.5958169,1.7471570172347128
1790628253.65402,1.9883679924532771
1790628253.6787443,1.8502200255170465
1790628253.68804,1.618886017240584
1790628253.743248,38.12759800348431
1790628253.7479973,51.82857799809426
1790628253.7480745,31.713508011307567
1790628253.764417,1.9171269959770143
1790628253.7770543,1.7313089920207858
1790628253.8273096,28.256408986635506
1790628253.8334165,53.90380503376946
1790628253.839173,1.8705149996094406
1790628253.882175,1.9778709975071251
1790628253.8896282,1.912248961161822
1790628253.913167,1.8256920157000422
1790628253.9278107,1.8299000221304595
1790628253.9297457,1.2784780119545758
1790628254.0169024,1.8101050518453121
1790628254.026725,2.138537005521357
1790628254.0557246,2.1327220019884408
1790628254.090318,2.6491169701330364
1790628254.1024675,2.669861016329378
1790628254.1810632,2.0906649879179895
1790628254.1938038,2.2513699950650334
1790628254.2200902,1.9266039598733187
1790628254.2282486,2.3502320400439203
1790628254.3100936,1.8076879787258804
1790628254.3284981,1.758978993166238
1790628254.3346934,1.7436409834772348
1790628254.3508506,1.9179380033165216
1790628254.3710089,1.9954979652538896
1790628254.398789,1.8189490074291825
1790628254.4195051,2.1361969993449748
1790628254.5530615,120.32483797520399
1790628254.6027765,62.961484014522284
1790628254.608423,95.53897497244179
1790628254.6141274,152.28547796141356
1790628254.6296446,86.92919398890808
1790628254.6390812,37.62814897345379
1790628254.639163,135.7318899827078
1790628254.6396205,132.4157909839414
1790628254.640063,13.958601979538798
1790628254.683247,2.335517026949674
1790628254.7171628,1.8256490002386272
1790628254.8016775,2.3235249682329595
1790628254.8431299,2.551945042796433
1790628254.84434,2.3412919836118817
1790628254.8707626,2.885212015826255
1790628254.8708699,2.3608600022271276
1790628254.9129858,2.0123900030739605
1790628254.9167092,1.4978349790908396
1790628254.962527,2.0080620306544006
1790628254.9647808,1.4458390069194138
1790628255.0547774,2.102968981489539
1790628255.0550947,3.0568810179829597
1790628255.0612676,1.3635079958476126
1790628255.0661018,1.8290220177732408
1790628255.1297767,38.341783976648
1790628255.134975,38.67376100970432
1790628255.1351063,55.87875097990036
1790628255.1351826,33.34241802804172
1790628255.146205,1.5951059758663177
1790628255.1540747,2.372574992477894
1790628255.1613328,2.076791017316282
1790628255.1806576,1.8552629626356065
1790628255.1967142,1.6822410398162901
1790628255.2884772,31.612939026672393
1790628255.2938378,87.98037300584838
1790628255.3068528,82.82224100548774
1790628255.3252857,1.8786829896271229
1790628255.35201,1.9665239960886538
1790628255.3736143,2.294825972057879
1790628255.3949814,2.172695007175207
1790628255.4172156,1.928729994688183
1790628255.4809186,1.9980950164608657
1790628255.485235,1.4308100217022002
1790628255.511672,2.2948780097067356
1790628255.589014,2.0051239989697933
1790628255.6188653,2.033655997365713
1790628255.619601,2.048843016382307
1790628255.6204739,1.5953960246406496
1790628255.6582572,1.9698089454323053
1790628255.6938715,1.9416059949435294
1790628255.7236166,2.1583630004897714
1790628255.731388,2.993031986989081
1790628255.7314615,2.541310037486255
1790628255.737221,1.3430729741230607
1790628255.7527542,1.8468740163370967
1790628255.7533388,1.5936100389808416
1790628255.786853,1.804901985451579
1790628255.8689835,2.605615009088069
1790628255.8918247,1.9331219955347478
1790628255.9360616,2.088413981255144
1790628255.942295,1.9863939960487187
1790628256.0158308,2.0635079708881676
1790628256.1100626,2.0219340221956372
1790628256.1116903,1.6124129761010408
1790628256.1121535,1.3622829574160278
1790628256.1622758,1.8783420091494918
1790628256.165145,2.0291809923946857
1790628256.1655736,2.9663610039278865
1790628256.167044,1.4606969780288637
1790628256.302976,103.97248697699979
1790628256.3065495,38.56035304488614
1790628256.30738,103.54927397565916
1790628256.308332,34.273466968443245
1790628256.30887,8.078491955529898
1790628256.308933,33.27814495423809
1790628256.3186033,2.3811199935153127
1790628256.3225548,1.396194042172283
1790628256.3473163,2.0906199933961034
1790628256.348701,1.373330014757812
1790628256.363154,1.8590210238471627
1790628256.3658004,1.2220319476909935
1790628256.3836994,2.022750035393983
1790628256.394012,1.7079819808714092
1790628256.3976235,1.458742015529424
1790628256.4480307,1.9827670184895396
1790628256.4635549,1.8773850169964135
1790628256.5136597,1.8781310063786805
1790628256.5158813,1.5853570075705647
1790628256.5211349,1.7430039588361979
1790628256.5319862,2.147274964954704
1790628256.584674,1.7984400037676096
1790628256.5890696,1.6690809861756861
1790628256.5915492,1.590200001373887
1790628256.6179476,2.041527011897415
1790628256.6577601,11.785542010329664
1790628256.6947618,28.977834968827665
1790628256.730963,46.37951101176441
1790628256.731039,102.83892398001626
1790628256.731322,78.80991097772494
1790628256.7414339,1.883509976323694
1790628256.7488978,1.6315460088662803
1790628256.8392987,27.319194981828332
1790628256.8442097,61.77667697193101
1790628256.8501728,20.194584038108587
1790628256.8556879,20.1540490379557
1790628256.913822,54.27146697184071
1790628256.9345443,71.86719099991024
1790628256.9458303,60.34887098940089
1790628256.9514668,56.68560101184994
1790628256.9518967,111.27668200060725
1790628256.9523013,16.045796975959092
1790628256.9532886,98.19488297216594
1790628256.953419,27.385420980863273
1790628256.9534829,12.984169006813318
1790628256.9639368,1.6672289930284023
1790628257.0067375,2.1979029988870025
1790628257.040708,1.8631269922479987
1790628257.1045566,1.941465015988797
1790628257.1216617,2.2371200029738247
1790628257.1323066,1.9334119861014187
1790628257.1890907,27.626775961834937
1790628257.1975336,54.54377899877727
1790628257.1976473,28.57143001165241
1790628257.2268746,1.7795760068111122
1790628257.2559948,1.7952320049516857
1790628257.3110063,2.384025021456182
1790628257.3842156,2.128356951288879
1790628257.3884816,1.9571890006773174
1790628257.4119291,2.1528249490074813
1790628257.4742143,2.0983939757570624
1790628257.511914,1.8568160012364388
1790628257.541983,2.168012026231736
1790628257.61118,1.7409160500392318
1790628257.6426904,1.758722006343305
1790628257.6907713,2.398052019998431
1790628257.7054684,1.9848719821311533
1790628257.7623053,3.0602309852838516
1790628257.778979,18.175887991674244
1790628257.7955108,31.374956015497446
1790628257.8074713,26.189866999629885
1790628257.807552,18.146143993362784
1790628257.8127968,37.84965700469911
1790628257.8225746,60.91399601427838
1790628257.8227344,30.61257494846359
1790628257.8261597,1.749373972415924
1790628257.83525,1.5576499863527715
1790628257.8378668,1.7073189956136048
1790628257.8821864,1.8385360017418861
1790628257.9237006,2.283324021846056
1790628257.9667315,31.360143970232457
1790628257.9900823,56.40268902061507
1790628258.0984056,80.50590299535543
1790628258.1095517,38.40703901369125
1790628258.1280823,45.568914036266506
1790628258.128172,90.10157902957872
1790628258.1285393,44.620756001677364
1790628258.1298904,40.304592985194176
1790628258.1306481,39.724611036945134
1790628258.130729,31.515960989054292
1790628258.1896145,2.38175003323704
1790628258.1904852,1.3904150109738111
1790628258.222267,1.7758100293576717
1790628258.2605038,2.1022490109317005
1790628258.2714887,2.385030034929514
1790628258.2717855,2.051902993116528
1790628258.302451,1.9825919880531728
1790628258.3333886,1.9720819545909762
1790628258.3837023,2.081051003187895
1790628258.4070487,2.0312240230850875
1790628258.4178565,1.9910970004275441
1790628258.4201996,1.6657600062899292
1790628258.428003,2.124135964550078
1790628258.4320695,1.8997470033355057
1790628258.4329767,1.7567080212756991
1790628258.4482176,2.132475026883185
1790628258.506447,27.237778005655855
1790628258.5145001,51.8143399967812
1790628258.5190413,1.8474410171620548
1790628258.521815,1.7251360113732517
1790628258.604822,56.90714198863134
1790628258.621457,1.9982910016551614
1790628258.64491,2.5397390127182007
1790628258.6663463,2.0027669961564243
1790628258.6689591,1.476867008022964
1790628258.723334,50.65456999000162
1790628258.7428691,2.0628109923563898
1790628258.7729793,1.9141529919579625
1790628258.7943823,1.84222700772807
1790628258.8043435,1.7647130298428237
1790628258.863336,29.97889497783035
1790628258.8778193,49.78552903048694
1790628258.8782105,31.607614015229046
1790628258.8786695,23.952799034304917
1790628258.9195683,1.6768710338510573
1790628258.9255092,1.4044840354472399
1790628258.9592257,1.9334940006956458
1790628258.9894695,2.062884974293411
1790628259.0234125,2.018020022660494
1790628259.0391319,2.271965960972011
1790628259.0396876,1.8435170059092343
1790628259.0452785,1.516402990091592
1790628259.0505188,1.418692001607269
1790628259.0699286,2.173840010073036
1790628259.102416,1.8723029643297195
1790628259.2044134,1.8367220181971788
1790628259.2144141,2.351764007471502
1790628259.2286735,3.704503003973514
1790628259.2288115,3.006751008797437
1790628259.276348,32.63099899049848
1790628259.2907941,57.629054004792124
1790628259.2908897,21.464841964188963
1790628259.2913368,17.677007999736816
1790628259.292416,7.218368991743773
1790628259.292491,8.19806003710255
1790628259.3013308,2.299784973729402
1790628259.3917317,2.0492260227911174
1790628259.4097004,2.5868029915727675
1790628259.4113185,2.8439760208129883
1790628259.437087,1.7696029972285032
1790628259.5007951,1.7863609828054905
1790628259.5542061,51.14402499748394
1790628259.5697646,1.7709980020299554
1790628259.6103954,1.8137299921363592
1790628259.6489625,1.757844991516322
1790628259.6651711,1.9471340347081423
1790628259.7390554,63.91186598921195
1790628259.7444973,22.258233977481723
1790628259.7597823,36.63363301893696
1790628259.7760384,22.555044037289917
1790628259.7826042,67.83052900573239
1790628259.7833884,20.90241597034037
1790628259.783962,13.792958983685821
1790628259.78442,7.509357004892081
1790628259.784486,2.8025920037180185
1790628259.8287587,30.349817010574043
1790628259.8449378,22.381521004717797
1790628259.8524725,56.63085600826889
1790628259.8530004,1.6164809931069613
1790628259.859416,1.514261995907873
1790628259.9040728,1.7512530321255326
1790628259.9055429,1.31189200328663
1790628259.9411416,2.5101990322582424
1790628259.98293,26.768448995426297
1790628259.9939198,27.844347001519054
1790628259.9959903,22.65755902044475
1790628259.9961085,56.12655298318714
1790628260.065968,2.052300958894193
1790628260.0741043,2.177326998207718
1790628260.0810328,2.487971039954573
1790628260.0815957,1.7089740140363574
1790628260.1313007,2.219982969108969
1790628260.1354697,1.753963006194681
1790628260.1407719,1.7287899972870946
1790628260.1523256,1.7480800161138177
1790628260.204314,2.019318984821439
1790628260.2266061,2.3094849893823266
1790628260.227064,1.38789601624012
1790628260.229074,1.3103309902362525
1790628260.2314463,1.1076090158894658
1790628260.2442026,2.06618697848171
1790628260.2709873,1.8294170149601996
1790628260.2773085,1.6351459780707955
1790628260.2912698,1.706732960883528
1790628260.311054,2.2362620220519602
1790628260.3140144,1.578085997607559
1790628260.3338883,2.054303011391312
1790628260.3460703,1.631402992643416
1790628260.404658,2.5436420110054314
1790628260.4469116,38.40775502612814
1790628260.4576588,54.03690098319203
1790628260.461198,1.6399939777329564
1790628260.5130916,2.381323021836579
1790628260.5273755,1.8665559473447502
1790628260.546722,2.4736049817875028
1790628260.629317,3.2734209671616554
1790628260.629409,51.02098995121196
1790628260.7099035,1.797530974727124
1790628260.7246625,2.693692978937179
1790628260.741617,2.0136889652349055
1790628260.7700696,2.043273998424411
1790628260.7875574,2.4914590176194906
1790628260.842312,47.85270499996841
1790628260.855801,1.7537480453029275
1790628260.8663452,1.771832990925759
1790628260.8677993,1.4432829921133816
1790628260.9302354,3.0465159798040986
1790628260.965842,2.5391069939360023
1790628261.0238867,2.136144961696118
1790628261.0295203,2.0722339977510273
1790628261.0559943,1.7118380055762827
1790628261.0854053,1.9561969675123692
1790628261.0873578,1.3153809704817832
1790628261.10881,4.465425969101489
1790628261.1448424,3.552519017830491
1790628261.1970296,51.10020004212856
1790628261.197121,8.136635005939752
1790628261.2112994,2.382130012847483
1790628261.211628,3.183086053468287
1790628261.3047092,21.76175097702071
1790628261.3047974,53.04420797619969
1790628261.3116522,1.4394380268640816
1790628261.3199306,1.495838980190456
1790628261.332601,1.9760850118473172
1790628261.3545403,2.2987359552644193
1790628261.3848047,2.886118018068373
1790628261.385311,2.6005689869634807
1790628261.4074037,1.892666972707957
1790628261.429381,2.1178179886192083
1790628261.454071,1.8613419961184263
1790628261.4599152,1.5062520396895707
1790628261.478653,1.861326047219336
1790628261.5472095,3.2546219881623983
1790628261.5905335,22.13463099906221
1790628261.6034138,52.231498004402965
1790628261.6034791,10.794000991154462
1790628261.6179748,1.6762670129537582
1790628261.628243,1.6461409977637231
1790628261.6691723,2.6773970457725227
1790628261.6696665,1.6008979873731732
1790628261.720146,2.1717959898523986
1790628261.7286506,1.5032539959065616
1790628261.7511811,2.229559002444148
1790628261.7807915,4.195884976070374
1790628261.845832,3.0208639800548553
1790628261.8483014,1.9155879854224622
1790628261.8767524,3.132303012534976
1790628261.887412,2.39102600608021
1790628261.909443,2.0331349805928767
1790628261.9525728,2.3010970326140523
1790628262.0754461,2.609524002764374
1790628262.083052,1.713376957923174
1790628262.1233447,2.746751008089632
1790628262.2238235,47.456167987547815
1790628262.243546,1.828620966989547
1790628262.253511,1.7486870056018233
1790628262.270158,2.110433008056134
1790628262.2862325,2.472784020937979
1790628262.3009615,1.7927360022440553
1790628262.3520653,2.8937640017829835
1790628262.355074,2.105280989781022
1790628262.4331148,2.438638999592513
1790628262.495493,4.135461000259966
1790628262.5113666,2.6781490305438638
1790628262.6050138,2.850901975762099
1790628262.6166005,3.28749802429229
1790628262.6794434,1.96074100676924
1790628262.6998336,1.8225530511699617
1790628262.707064,2.3518080124631524
1790628262.721331,1.9324690219946206
1790628262.7408824,2.2517660399898887
1790628262.7704356,2.035594021435827
1790628262.7718303,1.3849479728378356
1790628262.7901504,2.1588639938272536
1790628262.7926054,1.2831130297854543
1790628262.837902,2.4466479662805796
1790628262.8402739,2.034352975897491
1790628262.8408,1.5218300395645201
1790628262.858297,1.7572970245964825
1790628262.8647034,1.7357990145683289
1790628262.8932738,2.2187340073287487
1790628262.9799275,2.135261020157486
1790628263.0566125,1.9521409994922578
1790628263.0850463,2.203744021244347
1790628263.0917597,2.894725010264665
1790628263.0928516,2.1648789988830686
1790628263.113072,2.086289052385837
1790628263.1316476,1.920386974234134
1790628263.133988,1.5159299946390092
1790628263.1523466,2.1877739927731454
1790628263.2230976,3.2944659469649196
1790628263.2438471,3.3840370015241206
1790628263.2565732,3.030928026419133
1790628263.3070798,4.916207981295884
1790628263.3071911,3.193986020050943
1790628263.3126407,3.3080419525504112
1790628263.313126,3.072521009016782
1790628263.3443544,1.9730970379896462
1790628263.353058,2.1625790395773947
1790628263.3591514,1.5306800487451255
1790628263.3705013,1.8817409873008728
1790628263.400415,2.802882983814925
1790628263.4218853,2.1409610053524375
1790628263.4480274,1.7415000475011766
1790628263.4719675,3.114240011200309
1790628263.4961116,1.8448149785399437
1790628263.5051117,1.703300978988409
1790628263.5258014,1.6942379879765213
1790628263.5297952,1.3082099612802267
1790628263.5454125,1.7426909762434661
1790628263.547584,1.2746360152959824
1790628263.5833147,3.6036199890077114
1790628263.6051283,2.116883988492191
1790628263.610274,1.5937520074658096
1790628263.645059,2.0155839738436043
1790628263.6766574,2.600717998575419
1790628263.6769187,2.1524709882214665
1790628263.6853266,1.4796400209888816
1790628263.6901064,1.8396450323052704
1790628263.6901734,2.531852980609983
1790628263.7012954,1.6337439883500338
1790628263.725286,1.83475500671193
1790628263.7272325,1.2029199860990047
1790628263.7477894,1.7269430099986494
1790628263.7586498,1.429597963578999
1790628263.7798917,1.8319960217922926
1790628263.7961488,2.680608013179153
1790628263.8030257,1.6509370179846883
1790628263.845357,2.828302967827767
1790628263.858112,1.7105669830925763
1790628263.9141471,2.266919007524848
1790628263.9819868,2.8764059534296393
1790628263.9930136,2.293969038873911
1790628264.0281343,2.107444975990802
1790628264.0357542,2.0932540064677596
1790628264.0375066,1.2687749695032835
1790628264.0976703,2.6535139768384397
1790628264.142808,4.943533975165337
1790628264.1525614,2.014802012126893
1790628264.1827414,27.41969400085509
1790628264.1882532,30.225666996557266
1790628264.2034798,35.42980499332771
1790628264.2035425,51.97279300773516
1790628264.2282903,1.7271310207433999
1790628264.2631376,3.688543976750225
1790628264.26327,2.3779249750077724
1790628264.2747316,1.5660240314900875
1790628264.283544,2.134984009899199
1790628264.3111048,1.9242370035499334
1790628264.3319962,2.211258979514241
1790628264.3457925,2.744197961874306
1790628264.348671,1.8786390428431332
1790628264.3916707,27.788892039097846
1790628264.446203,90.52252303808928
1790628264.4623332,67.77710298774764
1790628264.46395,66.96001498494297
1790628264.467983,65.20698999520391
1790628264.469376,49.673961009830236
1790628264.469729,6.841215013992041
1790628264.4703436,76.33490400621668
1790628264.470657,22.99149101600051
1790628264.4707444,2.742569020483643
1790628264.485255,1.9966059480793774
1790628264.5038977,2.12646002182737
1790628264.5235517,1.9962380174547434
1790628264.5447166,2.3114110226742923
1790628264.5725927,2.1237849723547697
1790628264.5769577,1.7276949947699904
1790628264.578177,1.2103820336051285
1790628264.6310833,50.376765022519976
1790628264.6427722,2.0949739846400917
1790628264.645107,1.3744949828833342
1790628264.6530693,1.7152709770016372
1790628264.7256403,50.15532503603026
1790628264.7257266,12.112916039768606
1790628264.7339728,1.658980967476964
1790628264.787821,49.633533984888345
1790628264.7911327,1.4889860176481307
1790628264.8166409,1.9856090075336397
1790628264.8265002,1.4977820101194084
1790628264.8316796,1.3995079789310694
1790628264.850248,2.177325019147247
1790628264.8836493,22.70408399635926
1790628264.9019501,2.0283160265535116
1790628264.9020941,51.965235034003854
1790628264.9176188,1.4677620492875576
1790628264.9407918,1.7116719973273575
1790628264.9455352,1.5245669637806714
1790628264.945642,2.176245965529233
1790628264.9502409,1.5230620047077537
1790628264.9861102,2.5534459855407476
1790628264.9893165,1.6624089912511408
1790628265.0004387,1.8816550145857036
1790628265.0259743,2.5856629945337772
1790628265.0603752,2.4828469613566995
1790628265.0619297,1.4448619913309813
1790628265.0640428,1.2981249601580203
1790628265.089804,1.9366269698366523
1790628265.1054873,1.73812301363796
1790628265.1323094,2.0005350233986974
1790628265.240128,12.791911023668945
1790628265.2797034,14.244912017602473
1790628265.2797883,62.491171003784984
1790628265.2798605,14.497899974230677
1790628265.3108304,1.6928969998843968
1790628265.333255,2.0139150437898934
1790628265.3976169,1.7677290015853941
1790628265.438795,2.9863170348107815
1790628265.442988,1.6613350016996264
1790628265.5515273,4.850772966165096
1790628265.5521924,1.8979540327563882
1790628265.5786333,2.888465009164065
1790628265.5809555,1.8185900407843292
1790628265.6089022,2.5200530071742833
1790628265.6859672,41.19169700425118
1790628265.6869051,36.98643599636853
1790628265.687665,22.82898098928854
1790628265.6877818,51.88421695493162
1790628265.6878707,6.658546044491231
1790628265.7074904,1.7791640129871666
1790628265.8494875,6.868739030323923
1790628265.9009125,10.888813994824886
1790628265.9009771,51.72922695055604
1790628265.9031107,1.2971460237167776
1790628265.9070456,1.2118149898014963
1790628265.927118,2.057038014754653
1790628265.9355028,1.9637910299934447
1790628265.9647443,5.119948007632047
1790628265.9669383,5.132196994964033
1790628265.9670246,6.390790978912264
1790628266.0100327,2.464680001139641
1790628266.083826,7.991455961018801
1790628266.1279488,3.3752289600670338
1790628266.1676114,5.00638602534309
1790628266.225013,28.458754008170217
1790628266.2374175,35.08475696435198
1790628266.237517,36.66301898192614
1790628266.238468,64.83633298194036
1790628266.2385333,35.508119966834784
1790628266.346743,2.0789040136151016
1790628266.3532958,2.015196019783616
1790628266.4200916,1.7580600106157362
1790628266.459674,2.212198043707758
1790628266.4702568,1.8557209987193346
1790628266.4847937,1.7531939665786922
1790628266.4896603,1.5160280163399875
1790628266.4948769,1.3478659675456583
1790628266.4995575,1.4351130230352283
1790628266.5212388,2.0360940252430737
1790628266.5322158,1.8813490169122815
1790628266.5629973,1.8359499517828226
1790628266.5733447,2.8820110019296408
1790628266.5735638,2.397665986791253
1790628266.614124,2.064922999124974
1790628266.6233423,1.8535429844632745
1790628266.6524155,2.067764988169074
1790628266.6927562,1.7263939953409135
1790628266.7130754,2.164520032238215
1790628266.7642708,47.80681798001751
1790628266.7653506,2.120441000442952
1790628266.7960174,2.1414729999378324
1790628266.8025424,1.995724975131452
1790628266.8082316,1.462175976485014
1790628266.8160865,1.5679759671911597
1790628266.8235512,1.4829069841653109
1790628266.9012017,2.170935971662402
1790628266.9667935,1.8090920057147741
1790628266.9916883,1.9136600312776864
1790628267.0207503,1.8055189866572618
1790628267.0318103,1.688831951469183
1790628267.0927677,2.158585994038731
1790628267.184477,2.137976000085473
1790628267.3008127,2.5974329910241067
1790628267.3785994,2.4246230022981763
1790628267.422289,2.0946760196238756
1790628267.442255,1.6734389937482774
1790628267.4665978,2.198802016209811
1790628267.4730709,1.6676909872330725
1790628267.4796786,1.5326180146075785
1790628267.4891813,2.162163960747421
1790628267.5157788,2.3758640163578093
1790628267.5335054,1.8104159971699119
1790628267.566707,1.7260099994018674
1790628267.602541,2.0229449728503823
1790628267.6907418,1.928239013068378
1790628267.718034,1.7760960035957396
1790628267.7319007,1.9649130408652127
1790628267.7364767,1.5861130086705089
1790628267.7822297,1.9756999681703746
1790628267.8410199,1.8444269662722945
1790628267.9230347,1.9588390132412314
1790628267.9313676,2.0673819817602634
1790628267.9387858,1.5481039881706238
1790628267.9614491,1.9544040551409125
1790628267.964345,1.9232920021750033
1790628268.0037568,22.84565003355965
1790628268.003913,18.282859993632883
1790628268.0195749,33.02787203574553
1790628268.020032,53.68538497714326
1790628268.0201433,29.201441968325526
1790628268.0262666,1.5884879976511002
1790628268.036096,1.802209997549653
1790628268.038001,1.5850880299694836
1790628268.0596223,1.8837139941751957
1790628268.0865624,1.742047956213355
1790628268.1484292,2.089176035951823
1790628268.1667347,1.6611270257271826
1790628268.1821249,1.8577399896457791
1790628268.2442086,1.9428340019658208
1790628268.2490864,1.3923359801992774
1790628268.2519593,1.7508440068922937
1790628268.273097,1.9143680110573769
1790628268.2980733,1.796900003682822
1790628268.3082023,1.5513090183958411
1790628268.3353906,1.7995399539358914
1790628268.3574793,2.021807013079524
1790628268.3641598,1.555255032144487
1790628268.3919814,1.816301024518907
1790628268.3964393,1.3934249873273075
1790628268.4498594,27.57670299615711
1790628268.4610305,36.49084799690172
1790628268.471305,31.30764700472355
1790628268.4714155,55.424680991563946
1790628268.5016546,1.77036999957636
1790628268.5499458,1.9708999898284674
1790628268.5541089,2.934908028692007
1790628268.5549273,2.541170979384333
1790628268.5557692,1.6478169709444046
1790628268.6269147,1.8061059527099133
1790628268.649889,1.9121450022794306
1790628268.7737684,22.354396991431713
1790628268.7896552,58.47263598116115
1790628268.7897506,14.90833202842623
1790628268.8269002,2.24990799324587
1790628268.850925,2.0123780122958124
1790628268.880846,2.160562959033996
1790628268.8859856,1.6914010047912598
1790628268.889549,1.3381459866650403
1790628268.9976048,1.7906560096889734
1790628268.9996486,1.5172279672697186
1790628269.0458558,2.452559012454003
1790628269.0620782,1.9685659790411592
1790628269.094341,2.2444709902629256
1790628269.1426976,2.0251100067980587
1790628269.1444006,1.5910769579932094
1790628269.145695,1.2836719979532063
1790628269.1535594,1.7392439767718315
1790628269.154974,1.4023500261828303
1790628269.16449,1.9499780028127134
1790628269.1667187,1.3451980194076896
1790628269.2254646,2.1172550041228533
1790628269.231623,1.482322986703366
1790628269.3087084,2.3423320380970836
1790628269.369641,1.9015209982171655
1790628269.427003,2.2369190119206905
1790628269.4767742,2.8442939510568976
1790628269.487436,2.4410749902017415
1790628269.5091126,2.592675038613379
1790628269.5794783,2.2847619839012623
1790628269.6175504,2.144408004824072
1790628269.619986,1.8322389805689454
1790628269.6304188,2.0551260095089674
1790628269.6747339,2.1305870031937957
1790628269.6762788,1.271163986530155
1790628269.6952543,2.41926999296993
1790628269.714962,1.7231969977729023
1790628269.7188506,1.5002149739302695
1790628269.7315114,1.5419499832205474
1790628269.7512422,2.971758949570358
1790628269.751301,2.221227972768247
1790628270.3534539,3.455652971751988
1790628270.363605,1.61929294699803
1790628270.3656385,1.6738619888201356
1790628270.4251468,2.033865952398628
1790628270.4322917,1.7535269726067781
1790628270.4351141,1.5714470064267516
1790628270.4577973,2.078707970213145
1790628270.472106,1.6770639922469854
1790628270.4819434,1.6513169975951314
1790628270.5024405,1.7266659997403622
1790628270.6462233,1.7215730040334165
1790628270.7089465,2.0537139498628676
1790628270.7678766,1.8392910133115947
1790628270.7710228,1.5776680083945394
1790628270.7817454,2.982585981953889
1790628270.7818654,2.280769986100495
1790628270.8455625,2.5161870289593935
1790628270.9007802,24.489214993081987
1790628270.9049697,16.108042967971414
1790628270.9050944,57.08369496278465
1790628270.905614,8.26846098061651
1790628270.9156837,2.0889840088784695
1790628270.9936056,50.8882169960998
1790628271.05287,16.931548016145825
1790628271.0790613,49.67734502861276
1790628271.0998976,1.8019159906543791
1790628271.127504,2.218968002125621
1790628271.1283798,1.7458649817854166
1790628271.147741,1.8259870121255517
1790628271.166007,1.7616270342841744
1790628271.2011626,2.071683993563056
1790628271.2790306,1.954287989065051
1790628271.2845566,1.5172350103966892
1790628271.4017267,71.22866198187694
1790628271.4317975,73.18265800131485
1790628271.4319587,6.355457007884979
1790628271.4320376,14.741787977982312
1790628271.4602263,1.7339920159429312
1790628271.4754834,1.846606028266251
1790628271.488537,1.5631199930794537
1790628271.4964797,1.6073279548436403
1790628271.5125802,1.8796580261550844
1790628271.5297055,1.9682379788719118
1790628271.5302336,1.4513619826175272
1790628271.535577,2.0302750053815544
1790628271.568705,12.005900964140892
1790628271.5843399,49.67128299176693
1790628271.653911,2.317968988791108
1790628271.7038527,1.9669439643621445
1790628271.731595,1.818300981540233
1790628271.7393994,1.6099970089271665
1790628271.7484488,1.6455219592899084
1790628271.7517915,1.6757010016590357
1790628271.837831,2.3798239999450743
1790628271.8628697,1.9626430002972484
1790628271.8801537,1.8611890263855457
1790628271.904468,2.0517780212685466
1790628271.914521,1.8048129859380424
1790628271.9190087,1.5881499857641757
1790628272.0419734,50.729629991110414
1790628272.0443733,1.6600540257059038
1790628272.0562594,1.6819459851831198
1790628272.059618,1.4176330296322703
1790628272.0870528,1.693397993221879
1790628272.0897405,1.4197889831848443
1790628272.1092057,2.6331539847888052
1790628272.109817,1.6414870042353868
1790628272.1163292,1.4398490311577916
1790628272.1671784,1.9435810390859842
1790628272.2167659,22.415557992644608
1790628272.22789,25.57276497827843
1790628272.2300901,61.57486099982634
1790628272.2990332,2.3532630293630064
1790628272.2991483,1.7633739626035094
1790628272.3006115,1.1926449951715767
1790628272.3064203,1.4684130437672138
1790628272.3078802,1.2661130167543888
1790628272.403037,24.141311005223542
1790628272.4087777,16.97136298753321
1790628272.427256,24.384385033044964
1790628272.4278862,53.257455001585186
1790628272.4282217,21.348872047383338
1790628272.4285169,7.070231018587947
1790628272.4749558,1.872186956461519
1790628272.4807367,2.0139500265941024
1790628272.5034707,1.802469021640718
1790628272.511098,1.7623530002310872
1790628272.5449688,1.9405350321903825
1790628272.5670772,2.3491409956477582
1790628272.5691352,1.4280049945227802
1790628272.612152,1.9069280242547393
1790628272.621324,2.081938029732555
1790628272.6954947,13.695452944375575
1790628272.6963131,50.244473037309945
1790628272.6963902,13.970782980322838
1790628272.6969948,13.28900596126914
1790628272.7190354,1.8919680151157081
1790628272.7354336,1.9511469872668386
1790628272.8334405,12.447836983483285
1790628272.840392,16.28754398552701
1790628272.8407068,54.90260198712349
1790628272.8413393,8.690255985129625
1790628272.8414023,13.9366690418683
1790628272.8415527,3.8210409693419933
1790628272.8419702,3.1232379842549562
1790628272.8698215,1.7488269950263202
1790628272.881455,1.7523000133223832
1790628272.9180465,1.9262900459580123
1790628272.9622157,22.232947987504303
1790628273.0070887,80.48157999292016
1790628273.0179718,65.08452101843432
1790628273.0180736,42.330177035182714
1790628273.0386024,15.993811946827918
1790628273.0389092,76.46715402370319
1790628273.0392396,3.747809969354421
1790628273.064159,1.9373319810256362
1790628273.1186345,36.797720997128636
1790628273.1337154,53.49665699759498
1790628273.1398509,1.7803949886001647
1790628273.1536317,1.6458879690617323
1790628273.2108335,2.048321010079235
1790628273.267733,1.8651369609870017
1790628273.2908573,1.764279033523053
1790628273.3423471,1.7686419887468219
1790628273.3799553,1.9846889772452414
1790628273.431893,17.281269014347345
1790628273.4481368,31.15775599144399
1790628273.4684465,36.24739695806056
1790628273.4685352,43.82477299077436
1790628273.4893851,80.60756395570934
1790628273.5127027,76.61919901147485
1790628273.6149738,2.2271430352702737
1790628273.651748,1.9319779821671546
1790628273.6561825,1.9653990166261792
1790628273.7467916,1.8147299997508526
1790628273.7681012,3.770584997255355
1790628273.8088195,1.872193010058254
1790628273.8567045,2.7160910540260375
1790628273.8575144,1.3436470180749893
1790628273.8780866,2.1895620157010853
1790628273.9049878,1.9421930192038417
1790628273.9122589,1.6413889825344086
1790628273.960036,21.67282602749765
1790628273.9706647,38.345809967722744
1790628273.9763887,35.069186007604
1790628273.9831529,19.65051598381251
1790628273.9837644,58.16151900216937
1790628273.9838283,9.82103100977838
1790628274.0202,1.8871650099754333
1790628274.0623264,2.0519199897535145
1790628274.1197493,54.911222017835826
1790628274.1628344,1.9967500120401382
1790628274.1728404,1.5576540026813745
1790628274.2364569,22.630168998148292
1790628274.2745333,35.84789700107649
1790628274.285214,84.33260797755793
1790628274.3510773,117.58522497257218
1790628274.371637,92.40136801963672
1790628274.4918222,2.2539509809575975
1790628274.5797162,1.701759989373386
1790628274.6066973,1.948073972016573
1790628274.658627,2.363150008022785
1790628274.6616511,2.013967023231089
1790628274.662054,1.7777089960873127
1790628274.6794116,1.9109250279143453
1790628274.7796378,67.4985820078291
1790628274.7898176,94.34137400239706
1790628274.8013685,99.08601397182792
1790628274.856091,1.8532780231907964
1790628274.859839,1.6253369976766407
1790628274.892365,2.4889049818739295
1790628274.9830103,51.32856999989599
1790628274.9831712,12.994884978979826
1790628275.0194232,1.923570001963526
1790628275.0320623,2.3068920127116144
1790628275.0489736,1.7846190021373332
1790628275.1533413,92.32080401852727
1790628275.2224548,80.88127797236666
1790628275.2304978,76.83800399536267
1790628275.2358027,91.12673299387097
1790628275.2364275,142.11882697418332
1790628275.2365794,131.0964089934714
1790628275.2366633,54.72560104681179
1790628275.2369819,14.705683977808803
1790628275.24037,2.0274199778214097
1790628275.2471457,2.20287695992738
1790628275.2474947,3.2130290055647492
1790628275.259399,2.1885900059714913
1790628275.2800653,2.39313900237903
1790628275.2825434,1.9473960273899138
1790628275.285586,2.4531339877285063
1790628275.432532,138.10524001019076
1790628275.4326293,135.34162903670222
1790628275.4326952,31.946862989570946
1790628275.475767,2.4937599664554
1790628275.4879084,2.0990720367990434
1790628275.5114806,2.263174974359572
1790628275.5731258,3.198217018507421
1790628275.6185935,2.778391004540026
1790628275.6520896,2.518179011531174
1790628275.6649027,1.6541769728064537
1790628275.6848013,2.443420991767198
1790628275.7153943,2.202040981501341
1790628275.7797024,22.0922400476411
1790628275.7827482,51.463556999806315
1790628275.7944605,1.874022011179477
1790628275.800277,1.5752059989608824
1790628275.8030744,1.1614430113695562
1790628275.8178937,2.0776299643330276
1790628275.8497372,2.3755679721944034
1790628275.8575444,2.2904810030013323
1790628275.8687212,1.9773090025410056
1790628275.877639,1.6245599836111069
1790628275.904165,2.810878970194608
1790628275.9971771,1.894055982120335
1790628276.0258148,1.9737359834834933
1790628276.0423238,1.6707300092093647
1790628276.0917668,4.5485980226658285
1790628276.1003418,2.2866289946250618
1790628276.1050289,1.5928660286590457
1790628276.1449566,35.73903697542846
1790628276.1572576,23.108427005354315
1790628276.1576307,50.30171701218933
1790628276.1597192,1.4890350284986198
1790628276.194351,2.4716509506106377
1790628276.2662551,2.1069259964860976
1790628276.2989225,2.3414900060743093
1790628276.3012617,1.6380520537495613
1790628276.313347,1.92105898167938
1790628276.3302271,3.301160002592951
1790628276.3303573,2.940102946013212
1790628276.3333273,1.1486730072647333
1790628276.3901043,22.39055000245571
1790628276.4002163,50.81198801053688
1790628276.4076989,1.5863989829085767
1790628276.416891,2.391021989751607
1790628276.519699,2.0824260427616537
1790628276.571737,4.733571026008576
1790628276.6004696,2.2477589664049447
1790628276.6344326,2.2222860134206712
1790628276.6761265,3.4833549871109426
1790628276.7164698,3.5459420178085566
1790628276.7214375,2.1116079878993332
1790628276.751919,2.6124640135094523
1790628276.7588878,1.6738420235924423
1790628276.7684655,1.6751469811424613
1790628276.8011913,3.1036940054036677
1790628276.8182874,2.107507025357336
1790628276.8488412,4.445068014319986
1790628276.8495038,3.2078700023703277
1790628276.8672707,2.0932749612256885
1790628276.8729336,1.662603986915201
1790628276.8860257,2.4875670205801725
1790628276.9890223,2.4294439936056733
1790628276.9947946,1.7404649988748133
1790628277.0061297,1.7821959918364882
1790628277.009649,1.3841500040143728
1790628277.011477,1.3174249907024205
1790628277.0231946,2.8854309930466115
1790628277.0233388,3.5023479722440243
1790628277.0238094,1.8086950294673443
1790628277.053227,1.9300209823995829
1790628277.0618768,1.7844969988800585
1790628277.0703373,1.993337005842477
1790628277.1082509,4.702731966972351
1790628277.157799,12.351575016509742
1790628277.1895607,41.465391987003386
1790628277.1944249,20.674163999501616
1790628277.1962378,51.707984996028244
1790628277.2230945,1.8246969557367265
1790628277.2359946,1.7281260224990547
1790628277.2772338,4.568047996144742
1790628277.2778962,2.2240859689190984
1790628277.2891695,4.205193021334708
1790628277.2892406,4.184876044746488
1790628277.2893035,2.3900929954834282
1790628277.318349,2.3460600059479475
1790628277.338974,2.857290965039283
1790628277.3547628,1.7666600178927183
1790628277.3692377,3.703290014527738
1790628277.3728282,1.6072189901024103
1790628277.3858225,2.0830309949815273
1790628277.3904095,1.626854995265603
1790628277.409905,2.0193590316921473
1790628277.4272952,2.6586580206640065
1790628277.4428654,2.2547299740836024
1790628277.4772596,2.187801990658045
1790628277.5206947,2.6523819542489946
1790628277.5494356,2.376760996412486
1790628277.5668173,1.7825289978645742
1790628277.5757349,2.1620820043608546
1790628277.5813446,2.0319450413808227
1790628277.5836003,1.4254070119932294
1790628277.6035755,2.1335320197977126
1790628277.6103752,1.949090976268053
1790628277.7615855,9.69808700028807
1790628277.7617054,53.30960702849552
1790628277.761839,7.879524026066065
1790628277.7765965,1.6827660147100687
1790628277.893981,2.8498939936980605
1790628277.9049335,2.1409470355138183
1790628277.9242284,2.0370150450617075
1790628277.9905064,3.283602010924369
1790628278.0067978,2.503667026758194
1790628278.028099,1.8785459687933326
1790628278.1121304,3.084695024881512
1790628278.13316,2.054481999948621
1790628278.1469767,1.6651980113238096
1790628278.1516461,1.4195349649526179
1790628278.153776,1.4530069893226027
1790628278.1630485,1.3452149578370154
1790628278.220108,2.348390989936888
1790628278.2332547,2.126870967913419
1790628278.2347238,1.359610992949456
1790628278.2395842,1.665820018388331
1790628278.2866254,2.1427860483527184
1790628278.3021233,3.0010289628989995
1790628278.3065329,1.614596985746175
1790628278.3180025,1.9267219468019903
1790628278.3486845,2.733356028329581
1790628278.364028,2.2155799670144916
1790628278.3803623,3.5484199761413038
1790628278.4119823,33.9250709512271
1790628278.4298139,50.340234010946006
1790628278.44143,1.5725439880043268
1790628278.4677932,3.526439017150551
1790628278.5205595,2.6962980045937
1790628278.544012,2.6547900051809847
1790628278.544113,2.0937519730068743
1790628278.5561016,2.24936701124534
1790628278.5689971,1.98272499255836
1790628278.6455433,2.1706900442950428
1790628278.7003324,11.982652998995036
1790628278.713812,22.47351099504158
1790628278.7138867,49.34058099752292
1790628278.7174056,1.4684789930470288
1790628278.7371736,1.5725689590908587
1790628278.8361592,28.135997999925166
1790628278.850859,31.675892998464406
1790628278.8511646,18.336364009883255
1790628278.8512335,54.28036296507344
1790628278.869527,2.0710150129161775
1790628278.9169488,47.37054998986423
1790628278.9387403,1.7633469542488456
1790628278.9577713,2.871214004699141
1790628278.9641364,1.6721439897082746
1790628278.965843,1.6955879982560873
1790628278.978861,1.7377720214426517
1790628278.9836633,1.5591320116072893
1790628279.0397882,2.5588319986127317
1790628279.059276,1.7568530165590346
1790628279.0823264,2.0049349986948073
1790628279.0899992,1.7449829610995948
1790628279.1193035,2.727320999838412
1790628279.1720293,2.0991910132579505
1790628279.2746522,48.210175009444356
1790628279.2747188,11.197767045814544
1790628279.3187373,2.0015640184283257
1790628279.3274379,1.8072520033456385
1790628279.3540506,2.2764350287616253
1790628279.4023874,2.2809620131738484
1790628279.4176369,1.8000599811784923
1790628279.4356613,1.7745340010151267
1790628279.4398413,1.510086003690958
1790628279.4945686,49.03023998485878
1790628279.4947448,29.77646200452
1790628279.5453362,28.818219958338886
1790628279.5467312,24.33658397058025
1790628279.5478482,11.577540019061416
1790628279.5479827,15.381576959043741
1790628279.5480812,52.13693098630756
1790628279.572523,1.6463670181110501
1790628279.6317718,2.3123500286601484
1790628279.6351993,1.668438024353236
1790628279.6483595,2.1792929619550705
1790628279.7022967,2.250290010124445
1790628279.7141488,1.659365021623671
1790628279.7252154,1.8170410185121
1790628279.8335545,67.37807800527662
1790628279.8359947,1.7679599695838988
1790628279.8784637,2.743162971455604
1790628279.8833313,2.1699650096707046
1790628279.8993988,1.7661239835433662
1790628279.9418309,2.2419700399041176
1790628280.044541,2.0806549582630396
1790628280.0455167,1.8874840461649
1790628280.0714276,2.0881830132566392
1790628280.0806403,1.7969149630516768
1790628280.0841165,1.5987289953045547
1790628280.1187778,1.867893966846168
1790628280.1502519,1.9271900528110564
1790628280.2264287,33.027811034116894
1790628280.2742965,86.49313397472724
1790628280.290475,48.61169698415324
1790628280.2956226,56.17811199044809
1790628280.2984564,37.091812992002815
1790628280.2994866,101.2701399740763
1790628280.299568,30.21136694587767
1790628280.3001666,29.7201219946146
1790628280.3003402,22.06403500167653
1790628280.3007247,16.415045014582574
1790628280.3694358,2.189015969634056
1790628280.459762,61.71912496211007
1790628280.4659586,14.405191002879292
1790628280.5057304,27.01074699871242
1790628280.510877,77.55159505177289
1790628280.5319407,40.27981997933239
1790628280.547791,43.23003499303013
1790628280.6280282,128.87518800562248
1790628280.6656682,46.3793320232071
1790628280.6658394,124.76770498324186
1790628280.6659093,78.27933097723871
1790628280.665967,155.8009060099721
1790628280.6684606,1.428621995728463
1790628280.7206573,22.495260986033827
1790628280.72157,52.96030396129936
1790628280.7223225,23.266583972144872
1790628280.7223885,8.838084002491087
1790628280.7444813,12.199999007862061
1790628280.7821357,35.24840797763318
1790628280.7825446,26.615185022819787
1790628280.7827423,58.517147961538285
1790628280.7830684,3.4414089750498533
1790628280.9174054,1.7949139582924545
1790628280.929642,1.731169002596289
1790628280.993935,25.876117986626923
1790628280.9945214,39.67373602790758
1790628280.9946501,11.923031997866929
1790628280.994722,54.30303601315245
1790628281.0765235,31.301577982958406
1790628281.077611,53.930205991491675
1790628281.0777254,4.172825021669269
1790628281.160594,32.64268999919295
1790628281.163268,53.430369996931404
1790628281.1916835,2.4683800293132663
1790628281.2061026,1.5753910411149263
1790628281.2759302,1.7600750434212387
1790628281.4007144,17.496260988991708
1790628281.4054375,52.745885972399265
1790628281.4055133,10.199162003118545
1790628281.4144857,1.622518990188837
1790628281.4178722,1.6893580323085189
1790628281.4520516,1.770859002135694
1790628281.495398,1.950473990291357
1790628281.5039222,1.5955250128172338
1790628281.5972142,1.8243170343339443
1790628281.719952,86.94008295424283
1790628281.720057,95.68922000471503
1790628281.7250957,81.98387501761317
1790628281.7287831,94.59021699149162
1790628281.7295532,82.91084098163992
1790628281.7297034,24.476965016219765
1790628281.730098,9.688883030321449
1790628281.730576,3.6981749581173062
1790628281.770637,2.001931017730385
1790628281.840349,60.93337800120935
1790628281.8542078,1.9303790177218616
1790628281.863397,2.002440975047648
1790628281.9031975,1.964480965398252
1790628281.9332597,1.9659249810501933
1790628281.9736645,1.9503060029819608
1790628282.06434,1.9548130221664906
1790628282.2273617,28.090973966754973
1790628282.2379823,33.34896301385015
1790628282.2383819,29.704408021643758
1790628282.2393162,55.262651992961764
1790628282.3071022,2.3566120071336627
1790628282.3238313,1.8346059950999916
1790628282.3484902,1.9869350362569094
1790628282.3494835,3.6818539956584573
1790628282.3825467,2.283890964463353
1790628282.4113212,2.0751170231960714
1790628282.4196403,1.661557995248586
1790628282.4238927,1.4864789554849267
1790628282.44399,1.7270129756070673
1790628282.464126,1.9317429978400469
1790628282.4777484,1.6987849958240986
1790628282.4946373,2.101760997902602
1790628282.5009792,1.4773989678360522
1790628282.5433316,1.790805021300912
1790628282.5491145,1.5342730330303311
1790628282.554297,1.3507609837688506
1790628282.6517165,22.672897030133754
1790628282.6748376,11.961464013438672
1790628282.6749597,55.72936998214573
1790628282.6844902,2.030160976573825
1790628282.6865165,1.5305220149457455
1790628282.7058928,2.4738750071264803
1790628282.7311149,2.12660594843328
1790628282.752106,1.7961629782803357
1790628282.7969835,1.8948029610328376
1790628282.83112,22.239905025344342
1790628282.8576028,31.696472025942057
1790628282.8577652,48.19638200569898
1790628282.858672,9.624679980333894
1790628282.858756,11.613645998295397
1790628282.88867,1.8967820215038955
1790628282.891927,2.183204051107168
1790628282.895828,2.520320995245129
1790628282.902077,2.182887983508408
1790628282.9114354,2.5008870288729668
1790628282.950993,2.011128992307931
1790628282.9525948,1.310736988671124
1790628282.9685643,1.5813439968042076
1790628283.1074367,51.425475045107305
1790628283.1075182,22.127321979496628
1790628283.1163275,1.7379979835823178
1790628283.1191845,1.4249130035750568
1790628283.1223102,1.353822008240968
1790628283.1659014,1.9586640410125256
1790628283.168704,1.4551219646818936
1790628283.2060823,2.32324399985373
1790628283.2252903,1.8309649894945323
1790628283.2911508,32.74540102574974
1790628283.291303,51.38619401259348
1790628283.3855138,55.89493096340448
1790628283.3856184,17.639235011301935
1790628283.432757,28.641961980611086
1790628283.432906,14.306322031188756
1790628283.432974,60.92782301129773
1790628283.4338083,9.455854014959186
1790628283.4338765,8.376320998650044
1790628283.4798818,1.7909040325321257
1790628283.5012553,1.8707199487835169
1790628283.5188394,2.1488710190169513
1790628283.5575233,1.9278870313428342
1790628283.5776417,1.796527998521924
1790628283.601475,1.9295589881949127
1790628283.6230333,2.0192799856886268
1790628283.6475487,1.6448040260002017
1790628283.6565256,1.7060760292224586
1790628283.6661882,1.93937704898417
1790628283.7017922,1.775415032170713
1790628283.7085502,1.5009460039436817
1790628283.7112358,1.5020639984868467
1790628283.7778373,2.0468930015340447
1790628283.7863305,1.794908952433616
1790628283.7976518,1.8303670221939683
1790628283.806848,1.696761988569051
1790628283.8404582,2.36377096734941
1790628283.8588333,1.8260320066474378
1790628283.8648,1.5877059777267277
1790628283.8766596,1.8823539721779525
1790628283.8921843,1.8377549713477492
1790628283.9037569,1.8485129694454372
1790628283.9328108,7.538926030974835
1790628283.9826002,25.385681015904993
1790628283.9853053,59.4417589600198
1790628283.985414,35.58821202022955
1790628283.9857037,7.284922990947962
1790628283.994804,1.9233329803682864
1790628284.0180466,1.7201289883814752
1790628284.1027796,2.407205000054091
1790628284.1048336,2.036391000729054
1790628284.12029,2.5146229891106486
1790628284.1348093,1.9440209725871682
1790628284.1353917,1.7445459961891174
1790628284.1502168,1.6490219859406352
1790628284.1903105,2.045374014414847
1790628284.2619884,1.9171249587088823
1790628284.2679267,1.7251480021513999
1790628284.2767508,1.4490900211967528
1790628284.3283794,2.4755140184424818
1790628284.3473623,2.4160270113497972
1790628284.3477294,3.4807479823939502
1790628284.347963,1.9614649936556816
1790628284.3642454,1.8303170218132436
1790628284.3690166,1.6734299715608358
1790628284.39905,2.418661955744028
1790628284.4364169,2.1531389793381095
1790628284.4672785,2.8659110539592803
1790628284.467358,2.3577390238642693
1790628284.4840658,1.6913970466703176
1790628284.5301566,2.177041955292225
1790628284.5730453,2.2510599810630083
1790628284.5806453,1.7785950331017375
1790628284.662042,1.8439659615978599
1790628284.6693308,1.7992379725910723
1790628284.6890085,2.012642042245716
1790628284.6923115,1.4691179967485368
1790628284.7120812,2.1494009997695684
1790628284.7153013,1.9783859606832266
1790628284.7465742,1.7931149923242629
1790628284.8170586,2.041186031419784
1790628284.8435695,1.978785963729024
1790628284.8499994,1.5934709808789194
1790628284.8902476,1.9402089528739452
1790628284.942197,3.253114002291113
1790628284.9432304,2.506627992261201
1790628284.962811,1.6358760185539722
1790628284.9822364,1.8540919991210103
1790628285.0027163,1.7096640076488256
1790628285.037182,28.909950982779264
1790628285.0613997,17.797043023165315
1790628285.0615351,23.946194036398083
1790628285.0630126,58.45150601817295
1790628285.0635774,20.682439964730293
1790628285.0636702,19.19019501656294
1790628285.0642233,5.615407018922269
1790628285.066224,1.4341089990921319
1790628285.1059654,1.6782780294306576
1790628285.1504395,1.884529017843306
1790628285.157988,1.933368039317429
1790628285.1767328,1.7717229784466326
1790628285.1849172,2.0445779664441943
1790628285.1849911,2.7997639845125377
1790628285.2760563,48.69467101525515
1790628285.2767615,29.019779001828283
1790628285.2818718,13.188862998504192
1790628285.2819493,32.310791953932494
1790628285.2823048,19.903202017303556
1790628285.2823722,55.91905600158498
1790628285.2875252,1.4267999795265496
1790628285.3006258,1.7471390310674906
1790628285.3459609,1.813534996472299
1790628285.3775442,2.2995470208115876
1790628285.4174612,1.9003120250999928
1790628285.4359171,2.3137860116548836
1790628285.4791162,2.524691983126104
1790628285.5137866,2.4799260427244008
1790628285.5924888,3.329322033096105
1790628285.592588,2.4641220225021243
1790628285.59729,2.538427012041211
1790628285.5976493,3.63227998604998
1790628285.6352978,3.0340489465743303
1790628285.665809,2.1699490025639534
1790628285.6850631,1.884452998638153
1790628285.7126448,1.8082780297845602
1790628285.7129529,2.696126000955701
1790628285.7151027,1.3519009808078408
1790628285.7536204,2.393722999840975
1790628285.763156,1.9512909930199385
1790628285.7968817,1.6958779888227582
1790628285.8333793,2.4592559784650803
1790628285.8335025,3.196100005879998
1790628285.837665,1.456916972529143
1790628285.8554714,2.0104320137761533
1790628285.9146361,1.78999500349164
1790628285.954497,2.08951102104038
1790628285.970707,1.9192100153304636
1790628286.067255,2.015011035837233
1790628286.0818658,1.7897470388561487
1790628286.0942545,1.8309960141777992
1790628286.1191516,2.073191979434341
1790628286.1320446,2.0367969991639256
1790628286.1564534,2.202906005550176
1790628286.1769264,1.6858279705047607
1790628286.1819355,1.7964380094781518
1790628286.212177,3.7030800012871623
1790628286.2126682,3.6414299975149333
1790628286.213782,2.383673971053213
1790628286.2270129,2.1581489709205925
1790628286.2329519,1.6098010237328708
1790628286.239564,1.3613699702546
1790628286.248154,1.8003889708779752
1790628286.279871,1.7677860450930893
1790628286.2982552,2.057485980913043
1790628286.36442,18.470844021067023
1790628286.3652356,51.52904096757993
1790628286.3660655,1.631371967960149
1790628286.3968809,2.1526369964703918
1790628286.4078896,1.8041959847323596
1790628286.4220831,1.6612770268693566
1790628286.4332194,2.9651160002686083
1790628286.433284,3.8827130338177085
1790628286.4337451,1.465695968363434
1790628286.4680407,2.7400610269978642
1790628286.4687066,1.904820033814758
1790628286.5000725,17.03946804627776
1790628286.5274346,54.480187012813985
1790628286.527745,33.69315399322659
1790628286.5278049,10.673077020328492
1790628286.5394385,1.7399039934389293
1790628286.5427918,1.359123969450593
1790628286.5545137,1.8745970446616411
1790628286.5703027,1.7467789584770799
1790628286.5840018,1.8329370068386197
1790628286.5890634,1.3534470344893634
1790628286.641485,2.089534013066441
1790628286.6658266,1.7860649968497455
1790628286.6801007,2.010613039601594
1790628286.716722,1.9313939847052097
1790628286.7683077,1.8198360339738429
1790628286.77909,1.8800249672494829
1790628286.7829008,1.3004019856452942
1790628286.787501,1.4426260022446513
1790628286.8078547,2.208439982496202
1790628286.8362997,1.7527879681438208
1790628286.8444717,2.0427429699338973
1790628286.8480012,1.293141976930201
1790628286.9122062,2.402807993348688
1790628286.912281,3.1409450457431376
1790628286.919501,1.4408890274353325
1790628286.9293778,1.4034489868208766
1790628286.950509,1.6906789969652891
1790628286.9757752,2.025031019002199
1790628287.0124485,1.7922260449267924
1790628287.0168045,1.5818829997442663
1790628287.034334,1.7740309704095125
1790628287.042068,1.8032279913313687
1790628287.055385,1.9030799739994109
1790628287.05853,1.5755380154587328
1790628287.0807476,2.124692953657359
1790628287.126767,2.24659702507779
1790628287.1430936,1.8484420143067837
1790628287.1808908,1.8753180047497153
1790628287.1939254,2.1768740261904895
1790628287.206081,2.856757026165724
1790628287.223162,1.777239958755672
1790628287.2396066,1.7383440281264484
1790628287.3148665,36.44779999740422
1790628287.3313925,54.41304395208135
1790628287.347469,2.2730170167051256
1790628287.3667183,1.7124810256063938
1790628287.3740711,1.5201579662971199
1790628287.3795986,1.9308450282551348
1790628287.4308152,2.2132759913802147
1790628287.4308903,2.853245008736849
1790628287.4330552,1.2250940199010074
1790628287.4509559,1.961903995834291
1790628287.4830315,2.272957004606724
1790628287.4963615,1.7126899911090732
1790628287.5320768,22.14436896611005
1790628287.5583138,50.39586900966242
1790628287.5594883,2.1777930087409914
1790628287.565307,2.2195499623194337
1790628287.57137,1.5476089902222157
1790628287.616578,2.7832540217787027
1790628287.6166553,3.818430006504059
1790628287.6460478,1.9946569809690118
1790628287.677074,2.0432910532690585
1790628287.7689745,2.2241349797695875
1790628287.8227751,4.8916490050032735
1790628287.8276634,33.93173002405092
1790628287.846779,60.031108034309
1790628287.8475504,23.16912094829604
1790628287.8476255,23.922285996377468
1790628287.8478978,10.824733995832503
1790628287.8479772,15.617300989106297
1790628287.888469,1.883068005554378
1790628287.8939464,1.764352957252413
1790628287.9393585,2.839768014382571
1790628287.940362,1.9718559924513102
1790628287.951863,1.672765996772796
1790628287.9915757,2.2739170235581696
1790628288.0056906,2.326412999536842
1790628288.0857456,1.984660979360342
1790628288.1232896,2.00263800797984
1790628288.1561065,1.8004250014200807
1790628288.178605,2.04925105208531
1790628288.1844354,2.2784669999964535
1790628288.2323236,47.50005801906809
1790628288.2353501,38.56246900977567
1790628288.2360594,52.49111697776243
1790628288.2372541,9.843642998021096
1790628288.23737,11.244249006267637
1790628288.23744,11.187477968633175
1790628288.2494006,2.0382849615998566
1790628288.25049,1.9130000146105886
1790628288.2626638,1.666422002017498
1790628288.2791767,1.8368830205872655
1790628288.2843156,1.8666439573280513
1790628288.2910914,1.8035469693131745
1790628288.29363,1.6100999782793224
1790628288.30238,2.357352990657091
1790628288.355798,2.775047963950783
1790628288.3734472,2.936268982011825
1790628288.378044,2.232794009614736
1790628288.4001324,1.8674349994398654
1790628288.4073186,1.546401996165514
1790628288.50471,51.01122200721875
1790628288.505364,4.362287989351898
1790628288.5054724,12.134774005971849
1790628288.5348415,1.949582016095519
1790628288.5349402,2.6472840108908713
1790628288.5408282,1.512621995061636
1790628288.5562034,1.8323829863220453
1790628288.596275,2.2788349888287485
1790628288.6117887,2.241690002847463
1790628288.6345735,2.2654979838989675
1790628288.647914,3.1996979960240424
1790628288.709881,48.63699496490881
1790628288.7099445,4.645974957384169
1790628288.7404282,1.7729540122672915
1790628288.7606,2.1427570027299225
1790628288.8073828,2.1468139602802694
1790628288.832685,2.099235018249601
1790628288.8347096,1.403039030265063
1790628288.8653717,2.1021650172770023
1790628288.8874116,2.4359129602089524
1790628288.9215353,2.020557993091643
1790628288.9309509,1.6523089725524187
1790628288.943949,1.7186959739774466
1790628289.002033,38.28160202829167
1790628289.0384521,58.1184639595449
1790628289.0477123,88.82741100387648
1790628289.0581477,38.59620000002906
1790628289.060586,100.74591502780095
1790628289.060905,25.34705400466919
1790628289.067531,1.4001399977132678
1790628289.0865371,1.780897960998118
1790628289.0879214,1.3743499875999987
1790628289.1052394,2.1965859923511744
1790628289.1131186,1.6364780021831393
1790628289.2089086,3.153391007799655
1790628289.22778,2.442791999783367
1790628289.2401361,1.9799019792117178
1790628289.2768745,4.6714869677089155
1790628289.2771182,4.230867954902351
1790628289.2812324,2.0311130210757256
1790628289.308586,2.2163749672472477
1790628289.3552558,38.93186501227319
1790628289.36765,50.558849005028605
1790628289.3694942,1.4505499857477844
1790628289.421698,37.15465497225523
1790628289.4252183,49.80239400174469
1790628289.4253125,6.489466002676636
1790628289.4256353,1.8162020132876933
1790628289.4639192,1.8632019637152553
1790628289.4803436,1.8482639570720494
1790628289.5585682,3.6923770094290376
1790628289.5715976,2.320687985047698
1790628289.5769324,1.601141004357487
1790628289.5934196,2.733026980422437
1790628289.5984957,1.6848680097609758
1790628289.6522102,2.9045279952697456
1790628289.6596847,2.1195189910940826
1790628289.6893404,1.9183660042472184
1790628289.7220304,3.1776149990037084
1790628289.728794,1.8636269960552454
1790628289.737113,1.6583569813519716
1790628289.762241,2.731208980549127
1790628289.7717605,2.7115480042994022
1790628289.7796326,1.5330550377257168
1790628289.7971191,1.6906210221350193
1790628289.8207119,3.115553001407534
1790628289.8264263,3.4749279730021954
1790628289.8555026,3.9469600305892527
1790628289.8629632,1.6438300372101367
1790628289.870493,1.875376037787646
1790628289.8712268,1.5447360347025096
1790628289.8765738,1.2166299857199192
1790628289.8990295,3.416621999349445
1790628289.9343436,2.883741050027311
1790628289.9498105,3.8531000027433038
1790628290.005515,22.22725102910772
1790628290.0276885,9.18479502433911
1790628290.027771,52.69152903929353
1790628290.033611,1.4916869695298374
1790628290.0451124,1.6743649612180889
1790628290.0565658,1.438296982087195
1790628290.0699427,1.9795640255324543
1790628290.0919423,1.6686380258761346
1790628290.126534,2.322401967830956
1790628290.151593,2.4645099765621126
1790628290.1911263,22.282944002654403
1790628290.2205482,53.2622630125843
1790628290.2209496,35.52827803650871
1790628290.2212987,23.239262984134257
1790628290.2269757,1.3789739459753036
1790628290.247088,2.0135039812885225
1790628290.2986012,30.752790975384414
1790628290.298699,33.603537012822926
1790628290.3023083,31.634457991458476
1790628290.3024275,53.27197501901537
1790628290.3025115,30.106327030807734
1790628290.310036,1.3302940060384572
1790628290.3143222,1.40557496342808
1790628290.3637743,2.4972499813884497
1790628290.391268,2.409575041383505
1790628290.3991683,1.8375509534962475
1790628290.4176607,2.829010016284883
1790628290.418712,2.4475149693898857
1790628290.4293916,1.8666769610717893
1790628290.4298847,1.3251780183054507
1790628290.4531226,2.1924489992670715
1790628290.4687557,2.3001389927230775
1790628290.4735126,1.558703021146357
1790628290.4848266,1.8385860021226108
1790628290.5261412,13.949973974376917
1790628290.5315878,17.175077984575182
1790628290.5421586,27.025939023587853
1790628290.56319,43.48305496387184
1790628290.563272,54.54608198488131
1790628290.5903525,2.620443992782384
1790628290.6264858,1.8617139430716634
1790628290.6328301,1.8201640341430902
1790628290.6441247,2.300367981661111
1790628290.670959,2.798155997879803
1790628290.6760507,2.1921329898759723
1790628290.693201,2.1199319744482636
1790628290.710749,2.202083996962756
1790628290.7748172,2.3833090090192854
1790628290.8186257,2.4184950161725283
1790628290.8567662,3.0219160253182054
1790628290.8634202,3.3593300031498075
1790628290.8989084,3.4167449921369553
1790628290.9606328,2.5049149990081787
1790628290.97579,5.169879994355142
1790628290.9889374,5.141614994499832
1790628290.9903421,2.6258149882778525
1790628291.068649,3.19256994407624
1790628291.087024,1.9670890178531408
1790628291.098318,2.0962709677405655
1790628291.1170087,2.079877012874931
1790628291.1195493,1.6227900050580502
1790628291.1724408,29.60237895604223
1790628291.17306,51.21019500074908
1790628291.1731367,5.116153042763472
1790628291.1987848,3.4610460279509425
1790628291.2002406,1.5800350229255855
1790628291.2795367,22.14643103070557
1790628291.3109508,33.3457890083082
1790628291.3363836,96.53167700162157
1790628291.336465,17.304502020124346
1790628291.3367405,100.09647399419919
1790628291.4853163,2.1571769611909986
1790628291.513858,1.7241349560208619
1790628291.519601,1.6156319761648774
1790628291.5307815,1.5809130272828043
1790628291.5331063,1.2308789882808924
1790628291.5377858,1.3999069924466312
1790628291.563412,1.7391190049238503
1790628291.5877001,3.913560009095818
1790628291.603738,1.756206969730556
1790628291.661209,4.940557002555579
1790628291.6958625,2.2469250252470374
1790628291.7409887,5.73662098031491
1790628291.748733,2.345690969377756
1790628291.801741,34.922216029372066
1790628291.814452,51.37289996491745
1790628291.8145301,16.12858899170533
1790628291.8357728,1.521298021543771
1790628291.8591487,2.084837993606925
1790628291.859977,1.6895029693841934
1790628291.8702488,1.3626589789055288
1790628291.8860664,2.3653829703107476
1790628291.912078,2.5901280459947884
1790628292.001803,3.263717982918024
1790628292.038813,3.0247889808379114
1790628292.0678785,2.4509079521521926
1790628292.1102388,1.7357200267724693
1790628292.163543,3.714235033839941
1790628292.1640737,2.352397015783936
1790628292.1646454,1.8330090097151697
1790628292.1748433,1.8371689948253334
1790628292.1948857,1.9703730358742177
1790628292.1994212,1.4743829960934818
1790628292.2038338,1.369928999338299
1790628292.2265334,2.104336046613753
1790628292.2654083,1.930743979755789
1790628292.2796845,1.6624130075797439
1790628292.3600717,50.73146999347955
1790628292.3605125,16.659463988617063
1790628292.3608947,5.246516957413405
1790628292.3609684,2.6141669950447977
1790628292.394809,2.1271409932523966
1790628292.4428446,2.141940000001341
1790628292.4591906,2.337972982786596
1790628292.4600759,1.6841330216266215
1790628292.4941776,2.6863329694606364
1790628292.4969957,1.9730060012079775
1790628292.503513,1.5938630094751716
1790628292.551639,3.2528209849260747
1790628292.563062,2.0189639762975276
1790628292.573455,2.6884870021604
1790628292.5838873,2.124201972037554
1790628292.5979643,1.7237860010936856
1790628292.6543324,4.0064260247163475
1790628292.654441,5.934863991569728
1790628292.6657255,2.238702028989792
1790628292.6747274,1.6988469869829714
1790628292.6752033,1.5340429963544011
1790628292.7183204,2.5630840100347996
1790628292.747029,3.2634640228934586
1790628292.767482,1.7454359913244843
1790628292.7971313,3.3992690150626004
1790628292.814489,2.170282998122275
1790628292.8293698,6.443453021347523
1790628292.8550346,2.031243988312781
1790628292.8580372,1.9849769887514412
1790628292.9029849,1.9345019827596843
1790628292.914091,2.2889819811098278
1790628292.9575608,1.7687439685687423
1790628292.9902594,2.18695099465549
1790628293.018333,1.9492549472488463
1790628293.0746312,28.261455008760095
1790628293.0932086,9.475338039919734
1790628293.0938716,60.2200569701381
1790628293.0949643,1.7442310345359147
1790628293.1247623,4.022217995952815
1790628293.1248922,3.4159310162067413
1790628293.1348262,2.034917997661978
1790628293.147374,1.6848359955474734
1790628293.153899,1.5948290238156915
1790628293.1560607,1.6125920228660107
1790628293.25881,75.72174700908363
1790628293.2907047,45.959435985423625
1790628293.2907732,68.0085769854486
1790628293.2908437,45.13144103111699
1790628293.2984588,1.7874549957923591
1790628293.3469415,33.92331098439172
1790628293.3529236,16.93206198979169
1790628293.3627715,54.10788796143606
1790628293.4215229,1.7921789549291134
1790628293.4414964,1.8189650145359337
1790628293.4652312,1.9008790259249508
1790628293.500535,2.112097979988903
1790628293.533114,1.9794100080616772
1790628293.5395455,2.422588993795216
1790628293.5606666,21.105409017764032
1790628293.5981238,40.32250598538667
1790628293.599356,61.188635998405516
1790628293.5999594,6.295185012277216
1790628293.609808,2.1973809925839305
1790628293.6683226,35.7431240263395
1790628293.6683922,51.26986897084862
1790628293.6793146,1.6235490329563618
1790628293.6931617,1.7484449781477451
1790628293.7086844,2.2063780343160033
1790628293.7637901,32.514433027245104
1790628293.7778404,52.04013304319233
1790628293.7797632,1.651437021791935
1790628293.8073058,1.7545159789733589
1790628293.8368475,1.7613000236451626
1790628293.8597267,2.1636710152961314
1790628293.8701363,2.5278860121034086
1790628293.8704412,1.7199619906023145
1790628293.8714855,1.7912299954332411
1790628293.9276032,23.476674978155643
1790628293.942683,36.4766150014475
1790628293.9430501,53.318127000238746
1790628293.9455905,1.3799600419588387
1790628293.9529297,1.4274190180003643
1790628293.967526,1.8311360036022961
1790628293.9743466,1.546666957437992
1790628294.0020444,1.7127420287579298
1790628294.0878391,2.2657410008832812
1790628294.1239245,2.0258139702491462
1790628294.1322787,1.5408470062538981
1790628294.146455,1.7358710174448788
1790628294.1550446,1.8829669570550323
1790628294.188447,1.9729689811356366
1790628294.2147589,1.9771640072576702
1790628294.240134,1.7298950115218759
1790628294.2473166,1.5230499557219446
1790628294.254487,1.7074680072255433
1790628294.2913597,1.8270290456712246
1790628294.300701,1.481429033447057
1790628294.3145707,2.144367026630789
1790628294.3701437,24.413882987573743
1790628294.3714974,55.63440697733313
1790628294.3715804,12.883246992714703
1790628294.371783,16.638310975395143
1790628294.3726346,3.825071034952998
1790628294.372885,1.9503750372678041
1790628294.398835,1.8604330252856016
1790628294.4395914,27.61039399774745
1790628294.4508383,6.544541043695062
1790628294.4509265,50.57888705050573
1790628294.4597843,1.553241047076881
1790628294.4739833,2.012128010392189
1790628294.5220153,2.3360819905065
1790628294.5257914,1.5710149891674519
1790628294.5659091,2.253121987450868
1790628294.5742657,1.4928759774193168
1790628294.617246,1.8378280219621956
1790628294.6372578,1.9983149832114577
1790628294.6546621,2.006586000788957
1790628294.6649532,2.023259992711246
1790628294.6677747,1.2979430030100048
1790628294.6824663,2.1391940535977483
1790628294.7324302,2.148122002836317
1790628294.7609534,1.8430500058457255
1790628294.7755942,2.1002900321036577
1790628294.8302834,1.8412169883958995
1790628294.8458376,1.6590559971518815
1790628294.867265,1.8606219673529267
1790628294.872688,1.6680880216881633
1790628294.88122,1.6003610217012465
1790628294.8994007,1.6066859825514257
1790628294.9435947,2.132399007678032
1790628294.9566164,1.6398309962823987
1790628294.9583893,1.6189489979296923
1790628294.9609134,1.261755998712033
1790628295.0096786,1.980214030481875
1790628295.0320842,1.776467019226402
1790628295.0443053,2.0626659970730543
1790628295.0911071,13.068645959720016
1790628295.1017525,16.876207024324685
1790628295.111266,19.800914044026285
1790628295.1113508,54.94468502001837
1790628295.135762,1.8336480134166777
1790628295.1876934,50.96529901493341
1790628295.1878946,25.344480003695935
1790628295.2050655,2.270169963594526
1790628295.2109127,1.7140340059995651
1790628295.2128258,1.308055012486875
1790628295.2317166,1.9889390096068382
1790628295.2874994,1.9914929871447384
1790628295.3325076,17.446215031668544
1790628295.3329396,18.41763802804053
1790628295.336259,49.83832698781043
1790628295.3365262,17.085529980249703
1790628295.337368,14.240449003409594
1790628295.3374238,8.485356986057013
1790628295.3661292,1.7785319942049682
1790628295.4425535,64.6651120041497
1790628295.448207,23.73280795291066
1790628295.479167,31.592436018399894
1790628295.4840093,28.60858099302277
1790628295.4850564,7.713177008554339
1790628295.4851801,81.35857700835913
1790628295.4852402,12.550283980090171
1790628295.49807,1.7744710203260183
1790628295.5102007,1.8633430008776486
1790628295.5767097,20.979445020202547
1790628295.5773273,34.86626502126455
1790628295.578162,53.56582999229431
1790628295.5782778,6.274706975091249
1790628295.5783608,8.864008006639779
1790628295.6319113,2.052428957540542
1790628295.693842,1.7630230286158621
1790628295.6991642,1.6017149901017547
1790628295.73316,2.06475896993652
1790628295.7363024,2.1295989863574505
1790628295.7459013,2.683576021809131
1790628295.7530243,2.8521749773062766
1790628295.7531393,2.1141350152902305
1790628295.759186,2.074144023936242
1790628295.8293889,2.833447011653334
1790628295.8305988,1.8417809624224901
1790628295.8340383,2.15625501004979
1790628295.857781,2.453052962664515
1790628295.8786058,1.8793080234900117
1790628295.8827152,1.9039500039070845
1790628295.9007022,1.8994260462932289
1790628295.9104302,1.7941149999387562
1790628295.9158692,1.4945649891160429
1790628295.9413624,15.390698972623795
1790628295.974624,50.525150960311294
1790628296.0104969,1.6178229707293212
1790628296.0105953,2.573446021415293
1790628296.0232882,2.0129720214754343
1790628296.063078,1.8402059795334935
1790628296.1288755,2.1914729732088745
1790628296.2232568,49.63756300276145
1790628296.2528036,2.199036011006683
1790628296.254671,1.8530489760451019
1790628296.2633371,1.5405099838972092
1790628296.2769272,1.5984339988790452
1790628296.2951694,1.9844479975290596
1790628296.3084397,1.5992309781722724
1790628296.3119383,1.6052720020525157
1790628296.3781064,1.987682015169412
1790628296.4045625,2.0327999955043197
1790628296.4610155,1.9328520284034312
1790628296.4798634,2.055438992101699
1790628296.5144148,2.078558027278632
1790628296.5711353,3.47121903905645
1790628296.57313,2.738206007052213
1790628296.5864305,2.0869110012426972
1790628296.6088457,1.638129004277289
1790628296.617426,1.7217400018125772
1790628296.6197374,1.3668519677594304
1790628296.6284015,1.4029880403541028
1790628296.6404853,2.245500043500215
1790628296.6691077,1.9728829502128065
1790628296.6874967,1.757817983161658
1790628296.6882937,1.8342339899390936
1790628296.7493317,49.11563900532201
1790628296.7719429,1.9299330306239426
1790628296.8404334,2.138886018656194
1790628296.84672,1.9822309841401875
1790628296.8661115,1.873097033239901
1790628296.8681111,1.3068380067124963
1790628296.9061794,1.9153030007146299
1790628296.9083986,1.9563189707696438
1790628296.9251006,2.2821410093456507
1790628296.925969,1.7338600009679794
1790628297.0373433,1.8550289678387344
1790628297.0543609,2.0083109848201275
1790628297.1075335,12.98814598703757
1790628297.1182704,19.934780953917652
1790628297.1423976,38.12580701196566
1790628297.1430466,33.354095998220146
1790628297.1438508,67.86663102684543
1790628297.1439176,33.266848011408
1790628297.1440227,30.711808998603374
1790628297.174401,2.111597976181656
1790628297.2079263,1.8731570453383029
1790628297.2339823,1.9396439893171191
1790628297.243965,1.840702025219798
1790628297.2815456,1.936991000548005
1790628297.2861493,1.5482089947909117
1790628297.2892828,1.3212660560384393
1790628297.3169951,2.53832497401163
1790628297.317742,2.269198012072593
1790628297.324645,1.9351939554326236
1790628297.328498,1.5787039883434772
1790628297.3343499,1.7244190094061196
1790628297.390708,1.9334169919602573
1790628297.3934832,1.4775149757042527
1790628297.4414473,1.8988040392287076
1790628297.4520328,3.0978700378909707
1790628297.4521506,2.40498996572569
1790628297.477538,2.010918047744781
1790628297.4798954,1.51318300049752
1790628297.5180874,1.8011420033872128
1790628297.5498323,4.697246011346579
1790628297.5501914,3.4538249601610005
1790628297.5504313,4.720847005955875
1790628297.5516932,3.807790984865278
1790628297.5517771,3.00421699648723
1790628297.5659158,2.204076969064772
1790628297.5900223,1.7041779938153923
1790628297.6028333,1.750450988765806
1790628297.6495047,1.7777530010789633
1790628297.698499,1.8010319909080863
1790628297.8154109,51.97424296056852
1790628297.8198948,1.8341809627600014
1790628297.8274899,2.2639050148427486
1790628297.8415546,2.3282739566639066
1790628297.8416681,2.983507001772523
1790628297.8869057,1.9151800079271197
1790628297.9016435,1.921100018080324
1790628297.939439,1.7504559946246445
1790628297.9614027,1.9007200025953352
1790628297.9787776,2.147014020010829
1790628297.998267,1.733448007144034
1790628298.008973,1.7016300116665661
1790628298.027974,1.9808890065178275
1790628298.0565076,1.8858099938370287
1790628298.0914617,1.797828997951001
1790628298.1030467,1.8835989758372307
1790628298.130016,1.7936179647222161
1790628298.1482155,2.5046869996003807
1790628298.1510153,1.5423430013470352
1790628298.1863825,1.951558981090784
1790628298.196831,1.9152539898641407
1790628298.1982708,1.4275339781306684
1790628298.2389736,2.00271001085639
1790628298.2423446,1.567066996358335
1790628298.275487,1.808367029298097
1790628298.3244562,2.1126880310475826
1790628298.3664243,1.9917520112358034
1790628298.3987207,2.027791051659733
1790628298.424303,1.8754170159809291
1790628298.432544,2.034804958384484
1790628298.4826102,39.82816397910938
1790628298.4827406,41.43460199702531
1790628298.488277,33.81491801701486
1790628298.4939833,29.030712030362338
1790628298.4949696,56.46604101639241
1790628298.495069,22.699681983795017
1790628298.495138,28.659744013566524
1790628298.585714,19.153058994561434
1790628298.5980642,30.123061034828424
1790628298.6139722,22.34679297544062
1790628298.6199017,57.4576579965651
1790628298.6325717,1.740190025884658
1790628298.6408072,1.6742529696784914
1790628298.6833694,2.2552600130438805
1790628298.7174983,1.780382008291781
1790628298.7587125,2.3135990486480296
1790628298.807185,1.8897090340033174
1790628298.8134854,1.5211569843813777
1790628298.8482811,2.0600309944711626
1790628298.8587618,1.683234004303813
1790628298.8632417,1.4712679549120367
1790628298.8768957,1.7592500080354512
1790628298.890978,1.7006199923343956
1790628298.8994915,1.8550800159573555
1790628298.9136071,2.104310959111899
1790628298.9153497,1.3673729845322669
1790628298.9433808,2.1379009704105556
1790628298.9924743,48.96771797211841
1790628298.9943492,2.009723975788802
1790628299.0374167,7.074466033373028
1790628299.0646434,51.16069799987599
1790628299.0688734,1.574097026605159
1790628299.0856197,2.0192110096104443
1790628299.0894718,1.9325800240039825
1790628299.093812,1.422976958565414
1790628299.107371,1.9837109721265733
1790628299.1520193,2.8436110005714
1790628299.1521091,2.345094981137663
1790628299.1823463,1.882802986074239
1790628299.2128031,2.4558129953220487
1790628299.2704256,2.6979499962180853
1790628299.2714603,1.938586006872356
1790628299.3773763,17.328488000202924
1790628299.3852515,16.06710400665179
1790628299.3858569,57.4976839707233
1790628299.3859444,22.505112050566822
1790628299.3926487,1.57311896327883
1790628299.4917042,12.6090919948183
1790628299.500582,59.24649600638077
1790628299.5006678,17.73957599652931
1790628299.525602,1.7775199958123267
1790628299.6073003,1.9344260217621922
1790628299.613457,2.2596519556827843
1790628299.6283252,2.2392409737221897
1790628299.6343222,1.8498260178603232
1790628299.7052314,28.825180022977293
1790628299.705728,53.78722900059074
1790628299.7058353,27.50168601050973
1790628299.706068,25.607026007492095
1790628299.7075534,19.769578997511417
1790628299.7077491,13.481743982993066
1790628299.7083142,1.831010973546654
1790628299.7293563,1.6495779855176806
1790628299.763845,1.8007149919867516
1790628299.7710943,1.9967160187661648
1790628299.789882,2.01303802896291
1790628299.7936165,1.6150370356626809
1790628299.7959545,1.3101239455863833
1790628299.8103433,1.623112999368459
1790628299.818991,1.8944750190712512
1790628299.8194842,1.5112239634618163
1790628299.821926,1.2925780029036105
1790628299.8463817,2.086812979541719
1790628299.8971894,4.8328410484828055
1790628299.916329,47.30743996333331
1790628299.9168477,53.23383095674217
1790628299.9415493,1.7680570017546415
1790628299.9462385,1.563998986966908
1790628299.9512806,1.4566219761036336
1790628299.9659574,1.8435079837217927
1790628299.9711313,1.755573961418122
1790628299.9944053,2.356605022214353
1790628299.994907,1.5979820163920522
1790628300.024328,1.9504749798215926
1790628300.0353518,2.4380130344070494
1790628300.0561173,1.8084850162267685
1790628300.1848667,2.285853959619999
1790628300.223222,1.9240649999119341
1790628300.2302206,1.5753129846416414
1790628300.25778,1.950320031028241
1790628300.2597747,1.529478991869837
1790628300.383046,1.9881930202245712
1790628300.4367847,2.1259990171529353
1790628300.4947243,2.123272977769375
1790628300.506312,1.976552011910826
1790628300.5357447,2.697225019801408
1790628300.5369313,2.079012047033757
1790628300.5381684,1.2278599897399545
1790628300.551098,2.018061000853777
1790628300.6107006,2.2899910109117627
1790628300.6218843,1.748780021443963
1790628300.6414635,1.981810957659036
1790628300.6754277,1.741781015880406
1790628300.7061431,1.7202430171892047
1790628300.7247574,1.9265260198153555
1790628300.7381063,1.892375003080815
1790628300.8070886,50.778993987478316
1790628300.8196797,36.39686602400616
1790628300.8313062,87.40551205119118
1790628300.831559,28.301762009505183
1790628300.8316388,37.05961996456608
1790628300.83908,31.148323032539338
1790628300.8586628,42.897556035313755
1790628300.8587642,41.64118197513744
1790628300.8789794,125.78676297562197
1790628300.8897612,37.66681003617123
1790628300.9168727,42.91415703482926
1790628300.9170263,14.97513399226591
1790628300.9171004,78.79444101126865
1790628300.92906,2.127590007148683
1790628300.9786217,2.185433986596763
1790628301.0431004,2.793152001686394
1790628301.044648,2.249351004138589
1790628301.0503032,1.4887690194882452
1790628301.0615184,1.6660019755363464
1790628301.08698,2.2651649778708816
1790628301.1218767,1.8733470351435244
1790628301.1223953,1.384192961268127
1790628301.1471608,1.959960034582764
1790628301.1686358,2.1634339937008917
1790628301.176863,1.480300968978554
1790628301.191899,2.1540679736062884
1790628301.191974,2.811233978718519
1790628301.2698576,1.756843994371593
1790628301.2897027,2.112212998326868
1790628301.301406,2.683105005417019
1790628301.3015535,3.6079760175198317
1790628301.3020906,1.2990349787287414
1790628301.3332844,2.7921299915760756
1790628301.4102056,2.2192909964360297
1790628301.4381683,2.0453790202736855
1790628301.488708,2.0737939630635083
1790628301.5109408,2.3557269596494734
1790628301.5971463,2.847697993274778
1790628301.6402977,5.233821051660925
1790628301.6732237,3.3464329899288714
1790628301.6809928,1.9788080244325101
1790628301.7368355,17.36506598535925
1790628301.7554426,51.46086402237415
1790628301.756035,19.91670101415366
1790628301.7561357,35.12402897467837
1790628301.7596216,1.3505169772543013
1790628301.789019,1.7681149765849113
1790628301.7931929,1.9004939822480083
1790628301.8052,1.659208966884762
1790628301.8359814,1.7173989908769727
1790628301.887886,2.122342004440725
1790628301.9569802,16.905614000279456
1790628301.969325,49.58541999803856
1790628301.9880602,1.6871790285222232
1790628302.0870633,2.327485999558121
1790628302.115335,25.776229973416775
1790628302.1385074,28.107660997193307
1790628302.1404116,52.2957609500736
1790628302.1408854,28.605203959159553
1790628302.1410298,17.994338006246835
1790628302.1411026,15.507116040680557
1790628302.141579,10.224664001725614
1790628302.1749115,2.0561860292218626
1790628302.232642,3.404839022550732
1790628302.246724,3.0463829752989113
1790628302.302049,2.213306026533246
1790628302.3041747,1.797840988729149
1790628302.3289673,2.765258017461747
1790628302.35103,6.1508649960160255
1790628302.352634,4.893774981610477
1790628302.3985698,2.094064955599606
1790628302.4246948,2.611031988635659
1790628302.4357796,3.1373469973914325
1790628302.4727836,26.422752998769283
1790628302.4786499,17.843594017904252
1790628302.4948277,22.736830986104906
1790628302.4960566,52.04948899336159
1790628302.496873,11.945698002818972
1790628302.49715,5.958228022791445
1790628302.4974034,3.99577000644058
1790628302.5035927,1.205864013172686
1790628302.5426962,2.199363021645695
1790628302.566632,2.8344239690341055
1790628302.58398,2.0057029905728996
1790628302.593029,2.1923029562458396
1790628303.2378209,2.503903000615537
1790628303.2464354,1.9166989950463176
1790628303.2897012,2.2178670042194426
1790628303.2975454,1.4165270258672535
1790628303.29982,1.2074580299668014
1790628303.3343544,2.0371530554257333
1790628303.3663104,2.8898509917780757
1790628303.3762717,1.6416499856859446
1790628303.3824944,1.5520029701292515
1790628303.3913147,1.509221037849784
1790628303.3986845,1.5826819580979645
1790628303.4193769,1.585109974257648
1790628303.4517167,2.1302440436556935
1790628303.4850898,3.576015995349735
1790628303.4889977,1.919939008075744
1790628303.5225718,2.733013010583818
1790628303.5361602,2.3161930148489773
1790628303.5504305,2.060997998341918
1790628303.5959644,3.090589016210288
1790628303.5982122,1.5889760106801987
1790628303.6155255,1.6893830033950508
1790628303.6196835,1.4095500227995217
1790628303.6465564,2.9152059578336775
1790628303.6534576,1.750498020555824
1790628303.7007616,2.4339209776371717
1790628303.7443788,3.580590011551976
1790628303.7468219,1.5001959982328117
1790628303.7708857,1.9905210356228054
1790628303.810077,2.027323003858328
1790628303.8582418,2.7466669562272727
1790628303.896531,2.320981991942972
1790628303.9308283,2.2518120240420103
1790628303.9484382,1.6925979871302843
1790628303.9850528,1.9712320063263178
1790628303.9900515,1.6642810078337789
1790628304.0936527,2.57306604180485
1790628304.1478236,23.136597010307014
1790628304.1497555,14.897358021698892
1790628304.1498363,50.011283019557595
1790628304.1892748,2.729445055592805
1790628304.2112622,2.6723109767772257
1790628304.257792,4.465946985874325
1790628304.258813,3.499743004795164
1790628304.2597432,1.9340419676154852
1790628304.2705424,1.8029380007646978
1790628304.3321455,23.34736898774281
1790628304.34096,32.03301300527528
1790628304.3410735,52.07208305364475
1790628304.3418064,1.8484520260244608
1790628304.363361,1.9572090241126716
1790628304.4644797,22.120843001175672
1790628304.4761152,48.895986983552575
1790628304.4835684,1.5883790329098701
1790628304.5225575,2.7152049588039517
1790628304.5733202,2.3878480424173176
1790628304.57356,3.5590649931691587
1790628304.5879984,1.7845979891717434
1790628304.589198,2.05826701130718
1790628304.6459653,5.507373018190265
1790628304.6480992,5.549877998419106
1790628304.6506655,1.7767669633030891
1790628304.6662087,2.1684919483959675
1790628304.672479,2.940998994745314
1790628304.6732194,1.9424689817242324
1790628304.688583,1.520399993751198
1790628304.7016683,1.988771022297442
1790628304.731753,3.050645987968892
1790628304.7440267,1.9393509719520807
1790628304.8430736,55.81224104389548
1790628304.8431616,18.606796977110207
1790628304.8432527,21.112263028044254
1790628304.9255645,1.9617739599198103
1790628304.92893,1.607782964129001
1790628304.9703383,2.4190309923142195
1790628304.9809172,1.7711169784888625
1790628305.0237885,3.039505972992629
1790628305.0374346,2.310382027644664
1790628305.060086,3.2845130190253258
1790628305.0868125,2.804752963129431
1790628305.1060586,2.519188041333109
1790628305.117533,2.3057290236465633
1790628305.1862957,2.741225005593151
1790628305.2042272,2.6084669516421854
1790628305.2069645,1.757213962264359
1790628305.2255263,1.8688099808059633
1790628305.2472093,2.059007005300373
1790628305.2733073,2.5979590136557817
1790628305.2893655,2.7914739912375808
1790628305.2901328,2.2644970449618995
1790628305.2948408,1.526593987364322
1790628305.3023074,1.3584680273197591
1790628305.3038538,1.2717579957097769
1790628305.3224163,2.291648997925222
1790628305.3262258,1.6129249706864357
1790628305.3366613,1.406477007549256
1790628305.424884,15.818468993529677
1790628305.4249623,21.089749003294855
1790628305.5012872,44.79058302240446
1790628305.507272,32.74576098192483
1790628305.5073855,82.30062102666125
1790628305.5074525,102.56299201864749
1790628305.509654,1.2603249633684754
1790628305.5335245,1.868224993813783
1790628305.5492961,1.751322008203715
1790628305.5618439,1.8694669706746936
1790628305.6390996,3.670845995657146
1790628305.7074962,2.1516470005735755
1790628305.7934937,4.566297982819378
1790628305.8243842,3.160111024044454
1790628305.8621306,2.992746012751013
1790628305.9338105,2.5120850186794996
1790628305.9732683,2.2330079809762537
1790628305.9775336,2.2021629847586155
1790628305.9794555,1.3444129726849496
1790628305.9962378,1.5297089703381062
1790628306.0442476,28.292518050875515
1790628306.0616808,50.12996302684769
1790628306.078159,1.6984330140985548
1790628306.0804226,1.570463995449245
1790628306.1134317,27.498424984514713
1790628306.137931,16.23398798983544
1790628306.1380334,52.58408997906372
1790628306.1880262,2.2166009875945747
1790628306.226336,2.4023400037549436
1790628306.2405372,2.4655750021338463
1790628306.31064,22.26469200104475
1790628306.3209789,2.5210760068148375
1790628306.321047,51.209899014793336
1790628306.3234396,1.5822009881958365
1790628306.356344,1.7107090097852051
1790628306.3745534,2.118067000992596
1790628306.4183455,2.2351969964802265
1790628306.4650474,1.8478140118531883
1790628306.4860535,2.324567991308868
1790628306.551,2.350864000618458
1790628306.617536,51.93233099998906
1790628306.672292,2.0779779879376292
1790628306.6845703,2.0182739826850593
1790628306.711932,1.8452939693816006
1790628306.7779095,6.434818962588906
1790628306.82649,2.9870219877921045
1790628306.856044,2.898619044572115
1790628306.8964353,2.739490009844303
1790628306.9849267,1.884673023596406
1790628307.0337172,2.183040021918714
1790628307.042533,2.1541400346904993
1790628307.0620053,2.1236520260572433
1790628307.0699778,2.071515016723424
1790628307.1655858,5.696072999853641
1790628307.2112443,1.8749210285022855
1790628307.2130837,1.3353400281630456
1790628307.2284527,1.7724029603414237
1790628307.2588584,2.5625010021030903
1790628307.2877386,3.4657809883356094
1790628307.290726,3.2883790554478765
1790628307.3218222,1.9584500114433467
1790628307.3413596,2.688622975256294
1790628307.4357073,84.00950400391594
1790628307.455526,77.99756596796215
1790628307.4906793,1.862101024016738
1790628307.5110474,1.8901759758591652
1790628307.5632124,54.64185099117458
1790628307.5650601,1.659880974330008
1790628307.5853934,2.1000209962949157
1790628307.6537209,22.737432969734073
1790628307.6748798,36.87010600697249
1790628307.6798809,29.409716022200882
1790628307.6857233,74.45503398776054
1790628307.7320297,28.780616994481534
1790628307.7321026,18.77395494375378
1790628307.7321835,22.537618991918862
1790628307.7322822,70.46330801676959
1790628307.7690508,1.9277460523881018
1790628307.7721548,1.445663976483047
1790628307.7790732,1.7270600073970854
1790628307.7956154,2.115457959007472
1790628307.8249812,1.8872100044973195
1790628307.8418972,1.7017349600791931
1790628307.9389606,1.936076965648681
1790628307.954674,1.8264719983562827
1790628307.9935908,2.0606819889508188
1790628308.017447,1.7957030213437974
1790628308.022252,1.5278519713319838
1790628308.0358698,1.8845300073735416
1790628308.0741005,12.469544017221779
1790628308.0972838,52.76584200328216
1790628308.110088,1.744468987453729
1790628308.139872,1.9212780171073973
1790628308.1532319,1.7589139752089977
1790628308.1968212,1.8399240216240287
1790628308.2005262,1.8258090130984783
1790628308.2158177,1.9219530513510108
1790628308.2615502,1.8678600317798555
1790628308.2916498,2.00917903566733
1790628308.3020272,1.9175949855707586
1790628308.32525,2.3505909484811127
1790628308.344982,1.9880000036209822
1790628308.3533478,1.8871640204451978
1790628308.3617158,1.6752589726820588
1790628308.3707502,1.5759119996801019
1790628308.3750558,1.802209997549653
1790628308.3849108,1.8346510478295386
1790628308.3885837,1.5892169903963804
1790628308.3987944,1.4832900487817824
1790628308.4137032,1.9498050096444786
1790628308.4455018,2.0898680086247623
1790628308.4874027,1.84912997065112
1790628308.497116,1.6921660280786455
1790628308.5241024,1.8330179736949503
1790628308.5398197,1.978387008421123
1790628308.572383,1.8482680316083133
1790628308.617353,1.9151229644194245
1790628308.6388867,1.7207199707627296
1790628308.6476846,2.0368349505588412
1790628308.6972857,11.970115010626614
1790628308.703976,51.518701016902924
1790628308.7079375,2.167500031646341
1790628308.728316,1.7095920047722757
1790628308.7525842,1.7780979978851974
1790628308.8014803,2.1688640117645264
1790628308.802859,1.365116040688008
1790628308.8382628,1.9525180105119944
1790628308.8496442,1.680658955592662
1790628308.8541481,1.6483269864693284
1790628308.8662107,1.8728700233623385
1790628308.875308,1.423695997800678
1790628308.9208832,2.285993017721921
1790628308.9291127,2.0271760295145214
1790628309.0094693,32.31456800131127
1790628309.0096426,59.702605998609215
1790628309.0221825,1.6717310063540936
1790628309.0307875,2.6277300203219056
1790628309.0309396,2.199411974288523
1790628309.0871038,1.7778340261429548
1790628309.1045508,2.46480101486668
1790628309.1229124,2.58306396426633
1790628309.1643384,17.26346998475492
1790628309.1737812,52.054418018087745
1790628309.1842022,2.1409810287877917
1790628309.1866548,1.2689110008068383
1790628309.1970813,1.5837079845368862
1790628309.2165992,2.0648540230467916
1790628309.217315,1.7178449779748917
1790628309.2184803,1.1565600289031863
1790628309.2547765,2.385182015132159
1790628309.2756126,1.8415540107525885
1790628309.282045,1.6122470260597765
1790628309.3736799,2.432982961181551
1790628309.3879876,1.6864680219441652
1790628309.392915,1.4188250061124563
1790628309.4539697,1.879206974990666
1790628309.4561749,1.4332930441014469
1790628309.475943,1.737490005325526
1790628309.5277383,1.9601969979703426
1790628309.5418615,1.8493979587219656
1790628309.566148,1.9571830052882433
1790628309.5689735,1.2836529640480876
1790628309.605111,1.7228060169145465
1790628309.6258953,1.8710930016823113
1790628309.639721,1.6885219956748188
1790628309.6921904,2.262486028485
1790628309.740984,32.375460024923086
1790628309.7556534,52.11515002883971
1790628309.7716377,1.9569850410334766
1790628309.7927814,1.7090659821406007
1790628309.8145912,1.957974978722632
1790628309.82436,1.7214859835803509
1790628309.8277965,1.5732580213807523
1790628309.8426738,1.7796300235204399
1790628309.9104753,2.419562020804733
1790628309.9202027,1.9152600434608757
1790628309.9418788,2.232771017588675
1790628310.0067554,1.8248350243084133
1790628310.0169744,1.83359399670735
1790628310.0296893,2.0561820128932595
1790628310.0310643,1.3634070055559278
1790628310.0457454,2.7931950171478093
1790628310.0466645,1.847267965786159
1790628310.0523155,1.5536299906671047
1790628310.075331,1.7157920519821346
1790628310.1246839,26.127255987375975
1790628310.1301298,31.507337000221014
1790628310.1517327,32.23597299074754
1790628310.1537306,23.302329995203763
1790628310.1541545,57.35393799841404
1790628310.1542337,5.770086019765586
1790628310.154589,3.864697995595634
1790628310.1651227,1.6611299943178892
1790628310.1775007,2.1494539687409997
1790628310.1817598,1.6112140147015452
1790628310.1973648,1.6736359684728086
1790628310.2613192,1.7717660521157086
1790628310.264412,2.0953569910489023
1790628310.265086,1.7034250195138156
1790628310.2688763,1.451160991564393
1790628310.2831254,1.658199995290488
1790628310.2972353,2.125323982909322
1790628310.3008351,1.446041977033019
1790628310.3190715,1.8272639717906713
1790628310.3246763,1.8243739614263177
1790628310.3435361,1.8965789931826293
1790628310.3504393,1.6722599975764751
1790628310.3664117,1.6647650045342743
1790628310.470389,52.711214986629784
1790628310.47046,16.610560996923596
1790628310.505132,30.1062089856714
1790628310.515459,34.449473954737186
1790628310.5230865,7.6145739876665175
1790628310.5238717,52.173717005643994
1790628310.523951,7.066480000503361
1790628310.5443304,2.221935021225363
1790628310.5471632,1.3865599757991731
1790628310.5627387,1.9857340375892818
1790628310.6356168,2.4290180299431086
1790628310.6777604,1.9212100305594504
1790628310.7425997,20.9596449858509
1790628310.7433438,18.095067993272096
1790628310.7434723,54.04131399700418
1790628310.8231978,2.8892430127598345
1790628310.8232532,1.9507629913277924
1790628310.8436277,2.2435629507526755
1790628310.8465607,1.4775280142202973
1790628310.8829298,1.9707069732248783
1790628310.9170647,1.781957980711013
1790628310.9693112,23.28378305537626
1790628310.9696882,7.742569025140256
1790628310.969768,50.04700203426182
1790628310.9943116,1.9635669887065887
1790628311.007256,2.139930031262338
1790628311.0270252,1.7623889725655317
1790628311.0289173,1.5479869907721877
1790628311.0361981,1.9885370275005698
1790628311.0362897,3.2917900243774056
1790628311.040838,1.6522000078111887
1790628311.0988903,1.9032250274904072
1790628311.1091592,2.2510919952765107
1790628311.144591,2.020884945522994
1790628311.1707559,1.945019990671426
1790628311.2046573,1.928467012476176
1790628311.241862,2.108428976498544
1790628311.3752182,1.9118799827992916
1790628311.379417,1.7521799891255796
1790628311.3798392,1.479098980780691
1790628311.3918023,1.9371570087969303
1790628311.418713,1.8610680126585066
1790628311.4355912,2.191157022025436
1790628311.4469352,1.922345021739602
1790628311.4474268,1.3124169781804085
1790628311.511539,1.7842669622041285
1790628311.5224502,1.930290018208325
1790628311.5313911,1.5877910191193223
1790628311.5425959,2.050848037470132
1790628311.5774615,1.8313650507479906
1790628311.5926695,1.7553669749759138
1790628311.6168575,2.428409003186971
1790628311.6228719,2.1388299646787345
1790628311.6518078,2.554760954808444
1790628311.6644733,2.4601430050097406
1790628311.6868896,2.1247990080155432
1790628311.6892269,1.7715909634716809
1790628311.6926415,1.6927930410020053
1790628311.7279365,2.0518620149232447
1790628311.7497656,2.6351570268161595
1790628311.7739162,2.2943459916859865
1790628311.7785728,2.1571649704128504
1790628311.8180718,2.082116960082203
1790628311.827417,1.4849120052531362
1790628311.8310516,1.5030709910206497
1790628311.8319721,1.717470004223287
1790628311.8596957,1.8577899900265038
1790628311.8982065,2.266503986902535
1790628311.8982668,1.547345018479973
1790628311.924857,2.062004990875721
1790628311.9275048,1.3031790149398148
1790628311.9947867,33.102670044172555
1790628312.0015588,9.698074019979686
1790628312.0065389,17.768496996723115
1790628312.0102217,59.85517404042184
1790628312.0124257,1.6129399882629514
1790628312.0686727,25.02737002214417
1790628312.0688,53.35609498433769
1790628312.0690544,11.369540996383876
1790628312.1119394,1.9016789738088846
1790628312.1352816,1.9920840277336538
1790628312.1932452,20.03790100570768
1790628312.1985037,34.31041195290163
1790628312.2048113,32.665253966115415
1790628312.205093,20.755165023729205
1790628312.205164,56.519867037422955
1790628312.2054741,16.752503986936063
1790628312.2063463,14.256438007578254
1790628312.237739,1.9723200239241123
1790628312.2983112,1.8687190022319555
1790628312.3049495,1.6509420238435268
1790628312.3206732,1.8397129606455564
1790628312.3593442,25.646098016295582
1790628312.385488,53.65824099862948
1790628312.3855636,10.32766402931884
1790628312.415615,2.51020397990942
1790628312.4441504,2.617229998577386
1790628312.4495203,2.1127539803273976
1790628312.468752,1.7583270091563463
1790628312.4789755,1.6294799861498177
1790628312.483665,1.4513960340991616
1790628312.5467145,1.8651389982551336
1790628312.5757716,1.9481810159049928
1790628312.5889869,1.5881250146776438
1790628312.6240995,2.2837910219095647
1790628312.6418464,1.9710520282387733
1790628312.6711285,1.775741984602064
1790628312.6832795,2.013934019487351
1790628312.7291203,1.8119190353900194
1790628312.8191164,1.8656409811228514
1790628312.9430912,1.9238770473748446
1790628313.0000448,2.249717013910413
1790628313.0037315,1.6258409596048295
1790628313.0310626,1.7370949499309063
1790628313.0377455,2.0627789781428874
1790628313.038874,1.9155420013703406
1790628313.0514982,1.8623499781824648
1790628313.0560436,1.5209889970719814
1790628313.0666354,1.9142029923386872
1790628313.0689003,1.3604910345748067
1790628313.0940483,2.0226199994795024
1790628313.108771,1.7552510253153741
1790628313.1697366,2.1173269487917423
1790628313.1750636,1.5022600418888032
1790628313.2267945,2.154870016966015
1790628313.2506065,2.0345040247775614
1790628313.3261662,2.516065025702119
1790628313.3271794,1.464130007661879
1790628313.3850899,1.794123963918537
1790628313.3966794,2.0451510208658874
1790628313.3987434,1.414583995938301
1790628313.4281085,2.0336720044724643
1790628313.4373357,1.6133299795910716
1790628313.440889,1.6495690215379
1790628313.4534948,1.7112420173361897
1790628313.4796534,2.834985964000225
1790628313.4797335,2.7630500262603164
1790628313.4951878,1.728030969388783
1790628313.4996185,1.3924530358053744
1790628313.5151637,2.3236990091390908
1790628313.5508091,3.0165559728629887
1790628313.6265886,2.1332079777494073
1790628313.6627269,1.9011879921890795
1790628313.7184553,49.319554993417114
1790628313.7521915,18.080522015225142
1790628313.768069,22.372385021299124
1790628313.7715,9.837897028774023
1790628313.771589,54.03406801633537
1790628313.7949228,2.100749989040196
1790628313.842465,2.1800199756398797
1790628313.9931667,53.25267597800121
1790628313.9960465,1.5950670349411666
1790628314.0090861,1.5166630037128925
1790628314.0315924,1.7992130015045404
1790628314.0778913,1.8152110278606415
1790628314.1002064,1.9253089558333158
1790628314.1006768,1.3530229916796088
1790628314.1317186,2.1995939896441996
1790628314.1637914,2.279672014992684
1790628314.1860938,1.8782300176098943
1790628314.1934857,1.6364759649150074
1790628314.1971076,1.8267189734615386
1790628314.2794256,2.322597021702677
1790628314.328017,2.20661296043545
1790628314.336302,1.684134011156857
1790628314.3463478,1.9858520245179534
1790628314.392253,1.856908027548343
1790628314.4377167,2.1524879848584533
1790628314.4406235,1.4585099997930229
1790628314.4567213,1.7021189560182393
1790628314.507024,16.09531801659614
1790628314.5071044,49.5010309969075
1790628314.509177,1.4313579886220396
1790628314.5119364,1.1991049977950752
1790628314.5142343,1.6008180100470781
1790628314.5158517,1.1688319500535727
1790628314.6116574,33.92101498320699
1790628314.6429422,63.51400999119505
1790628314.6533668,73.23204103158787
1790628314.6643937,104.12336600711569
1790628314.664739,43.95330400438979
1790628314.6736383,32.53158397274092
1790628314.6737459,100.52266903221607
1790628314.674304,2.85136402817443
1790628314.6879792,1.9319479470141232
1790628314.73907,2.291584969498217
1790628314.749296,1.7305130022577941
1790628314.7635243,2.336996025405824
1790628314.76435,1.36017199838534
1790628314.8073027,1.6909450059756637
1790628314.8224144,1.9429250387474895
1790628314.9669785,2.330011979211122
1790628314.9800444,1.78905000211671
1790628315.0155609,1.7768420511856675
1790628315.031542,2.010261989198625
1790628315.0336668,1.672702026553452
1790628315.0461564,1.8111799727194011
1790628315.0515513,1.7769469995982945
1790628315.0563493,1.4118760009296238
1790628315.080748,2.0101210102438927
1790628315.1002486,1.7267249641008675
1790628315.1278422,2.412644971627742
1790628315.1703248,2.7752950554713607
1790628315.1704054,2.274503989610821
1790628315.1727648,1.3672910281457007
1790628315.1829162,2.073909039609134
1790628315.2136347,2.191237988881767
1790628315.2303305,1.8193310243077576
1790628315.2588453,1.728861010633409
1790628315.3368177,50.18966400530189
1790628315.4110994,31.535007001366466
1790628315.4111927,49.72341802204028
1790628315.4369736,2.38312897272408
1790628315.4387722,1.590580039191991
1790628315.4721003,1.9249719916842878
1790628315.4756196,1.7757040332071483
1790628315.5124183,2.147131017409265
1790628315.5313585,1.791261020116508
1790628315.5825255,1.769358990713954
1790628315.5977888,1.9065940286964178
1790628315.599087,1.285066013224423
1790628315.601878,1.6389070078730583
1790628315.6708736,1.933621009811759
1790628315.7832153,2.388753986451775
1790628315.8364763,3.6766420234926045
1790628315.838048,3.073261003009975
1790628315.840541,1.9496009917929769
1790628315.8434036,2.8434669948183
1790628315.8446102,2.3869849974289536
1790628315.8837547,2.630000002682209
1790628315.8922243,1.9345349865034223
1790628315.896425,1.6418200102634728
1790628315.9102201,1.7851489828899503
1790628315.9171984,1.6039550537243485
1790628315.9517536,2.72379198577255
1790628315.9805057,2.1221089991740882
1790628315.9899766,1.9427320221439004
1790628316.0038524,1.7627679626457393
1790628316.0053504,1.3388439547270536
1790628316.0176427,1.6394000267609954
1790628316.051602,9.493686025962234
1790628316.0531816,7.0088449865579605
1790628316.1087813,39.85797701170668
1790628316.1136804,41.77989898016676
1790628316.1294343,77.5881219888106
1790628316.1503649,34.21911795157939
1790628316.153139,2.1203940268605947
1790628316.1532266,74.77751997066662
1790628316.154155,2.4347950238734484
1790628316.1613355,1.4913359773345292
1790628316.1652467,1.6549949650652707
1790628316.1889057,2.0026249694637954
1790628316.1901867,1.2699689832516015
1790628316.281572,33.343076007440686
1790628316.2816494,53.69794700527564
1790628316.294946,1.7799200140871108
1790628316.302429,1.4282719930633903
1790628316.313703,1.6734320088289678
1790628316.3319683,2.772409003227949
1790628316.3321033,3.081828006543219
1790628316.3621469,1.944046001881361
1790628316.4139535,3.585204016417265
1790628316.4162037,1.8217500182799995
1790628316.445892,3.595406946260482
1790628316.4540014,2.2589609725400805
1790628316.4636436,2.3966700537130237
1790628316.4646366,1.498978992458433
1790628316.4877415,1.9728339975699782
1790628316.4880693,3.014925983734429
1790628316.551379,48.45990601461381
1790628316.5966806,2.928993955720216
1790628316.6056914,2.367444976698607
1790628316.6397245,3.0282619991339743
1790628316.6545038,2.5941130006685853
1790628316.6569293,2.2059479961171746
1790628316.6618323,1.4481589896604419
1790628316.7126913,17.694681009743363
1790628316.717933,20.723477005958557
1790628316.7195833,51.04512901743874
1790628316.7255986,1.603492011781782
1790628316.7506652,2.6304959901608527
1790628316.7507555,3.4556640312075615
1790628316.7807784,2.041383006144315
1790628316.815323,2.183342003263533
1790628316.8756607,2.1595999714918435
1790628316.884428,2.343269996345043
1790628316.8987403,2.2259579855017364
1790628316.9629467,54.042106959968805
1790628316.9858632,2.068625995889306
1790628317.0626547,33.29038101946935
1790628317.0627432,25.691833987366408
1790628317.0672505,55.645099026151
1790628317.0713089,1.7435560002923012
1790628317.0831544,2.1901059662923217
1790628317.0857117,1.5377660165540874
1790628317.1364167,2.8175570187158883
1790628317.137402,2.0696629653684795
1790628317.21711,2.2438179585151374
1790628317.2319953,1.843223988544196
1790628317.2990713,22.944967029616237
1790628317.30579,51.33319500600919
1790628317.3106089,1.8141200416721404
1790628317.3219075,1.7677069990895689
1790628317.3519225,5.715673032682389
1790628317.3529224,3.302869969047606
1790628317.4726071,2.1398139651864767
1790628317.4826944,1.7794169834814966
1790628317.528811,2.7770520537160337
1790628317.5504682,2.3842229857109487
1790628317.6013143,24.14991200203076
1790628317.6016192,50.213432987220585
1790628317.6016917,15.109062020201236
1790628317.6055832,1.407883013598621
1790628317.658381,47.71163797704503
1790628317.6677513,1.552484987769276
1790628317.67105,1.9887189846485853
1790628317.6919913,1.7345210071653128
1790628317.7386682,1.8541759927757084
1790628317.7449205,1.470664981752634
1790628317.747863,2.31107696890831
1790628317.755831,1.5385219594463706
1790628317.756238,1.2728699948638678
1790628317.8247175,27.133280993439257
1790628317.8306675,49.36806403566152
1790628317.8307388,15.088932996150106
1790628317.838432,1.5471609658561647
1790628317.8539662,1.6965619870461524
1790628317.8641877,1.849397027399391
1790628317.8968782,1.8795219948515296
1790628317.9611702,2.759742026682943
1790628318.0023706,1.8646150128915906
1790628318.006918,1.734160992782563
1790628318.0638316,29.60817504208535
1790628318.0639606,49.103536002803594
1790628318.0640311,17.290299001615494
1790628318.0692906,1.7585349851287901
1790628318.0922432,1.9660309772007167
1790628318.1680589,7.559694990050048
1790628318.1954787,21.038756996858865
1790628318.2111344,32.52966498257592
1790628318.2178802,13.977438968140632
1790628318.217944,53.115022950805724
1790628318.2246995,1.4682419714517891
1790628318.2711,32.216852996498346
1790628318.282941,51.062871993053705
1790628318.3284466,2.531680976971984
1790628318.3425052,1.9652490154840052
1790628318.3786135,4.533983010333031
1790628318.4085922,2.252282982226461
1790628318.4207487,2.53889401210472
1790628318.4563963,4.780080984346569
1790628318.518726,3.1948250252753496
1790628318.5464325,1.937500957865268
1790628318.554986,2.0336590241640806
1790628318.6020591,22.474901983514428
1790628318.6142092,52.851142012514174
1790628318.6143165,29.977903002873063
1790628318.6437497,1.8929429934360087
1790628318.74137,17.114909016527236
1790628318.7507615,13.835480029229075
1790628318.7513795,55.701615987345576
1790628318.801182,42.6287529990077
1790628318.8214653,76.13439997658134
1790628318.8224556,54.51998597709462
1790628318.8229542,35.62774695456028
1790628318.8493242,33.58351701172069
1790628318.8639102,36.31277004024014
1790628318.879453,119.16006001411006
1790628318.9002457,53.50270896451548
1790628318.904805,1.614482025615871
1790628318.9484942,3.1533309957012534
1790628318.9526637,2.8944629593752325
1790628318.9528124,2.3301300243474543
1790628319.0215123,4.120616998989135
1790628319.0499775,2.014847006648779
1790628319.0709786,2.834954997524619
1790628319.0712543,2.3774809669703245
1790628319.121566,1.940425019711256
1790628319.129722,1.6609890153631568
1790628319.149082,1.8508049543015659
1790628319.1694808,2.4093420361168683
1790628319.1704018,1.7150180065073073
1790628319.242388,1.9951789872720838
1790628319.2575347,2.2457970189861953
1790628319.267798,1.6502010403200984
1790628319.3223972,17.395595961716026
1790628319.346116,30.100048054009676
1790628319.3464978,21.489015023689717
1790628319.3470497,55.36516197025776
1790628319.347727,13.990140985697508
1790628319.3477998,12.28371897013858
1790628319.3714712,2.166120975743979
1790628319.3723886,1.7567059840075672
1790628319.3773253,1.3838069862686098
1790628319.3799596,1.476799021475017
1790628319.402488,1.6185319982469082
1790628319.4465938,2.2862309706397355
1790628319.4928465,27.457140968181193
1790628319.4983966,51.13506596535444
1790628319.498515,9.651874017436057
1790628319.513143,1.6578729846514761
1790628319.5203054,1.4943659771233797
1790628319.5710468,1.8976610153913498
1790628319.5809736,1.9364500185474753
1790628319.629402,1.7385550308972597
1790628319.6898437,2.6082980330102146
1790628319.7549875,48.40285301906988
1790628319.7752953,1.69277103850618
1790628319.7933908,1.7106920131482184
1790628319.8038633,2.0537819946184754
1790628319.8576798,2.0069259917363524
1790628319.884548,1.8299029907211661
1790628319.8950615,1.5525800408795476
1790628319.9093838,2.672923030331731
1790628319.9105504,2.191965002566576
1790628319.9726896,17.094017995987087
1790628319.9727685,48.213505011517555
1790628319.9783309,1.4486779691651464
1790628320.0059154,1.8789739697240293
1790628320.0252585,2.590842021163553
1790628320.0418038,3.383532981388271
1790628320.0419757,2.5530370185151696
1790628320.0424418,2.172456996049732
1790628320.0523353,1.4739089529030025
1790628320.112336,54.165972978807986
1790628320.1124291,15.562098997179419
1790628320.112829,13.436667970381677
1790628320.1131706,2.424950012937188
1790628320.1455362,2.431767003145069
1790628320.1464243,1.6718549886718392
1790628320.2160108,5.798792990390211
1790628320.2170813,3.1238910160027444
1790628320.2500548,7.200560008641332
1790628320.2523336,3.100972971878946
1790628320.2822382,2.4970960221253335
1790628320.3186681,3.412552992813289
1790628320.3201644,3.065885975956917
1790628320.3586786,2.53419199725613
1790628320.3746665,2.0415129838511348
1790628320.3804498,2.3292559781111777
1790628320.4253228,33.394376980140805
1790628320.4259026,23.700694961007684
1790628320.4309433,29.815586050972342
1790628320.4384701,59.24905795836821
1790628320.4385312,16.934889019466937
1790628320.4622517,1.776302990037948
1790628320.4842591,2.12268898030743
1790628320.48514,1.685699971858412
1790628320.4991007,1.705204020254314
1790628320.5334656,2.170111984014511
1790628320.602779,2.4262500228360295
1790628320.6046462,1.6759809805080295
1790628320.6741486,28.10754399979487
1790628320.6781096,28.166045027319342
1790628320.679017,57.70354997366667
1790628320.679942,27.626870025414973
1790628320.6800566,16.3029030081816
1790628320.6801455,10.018670000135899
1790628320.7483964,36.59395198337734
1790628320.7485008,51.44590197596699
1790628320.792901,1.8349040183238685
1790628320.8143816,2.3123709834180772
1790628320.8204792,2.212365041486919
1790628320.8758724,1.7665399936959147
1790628320.949155,1.869465981144458
1790628320.9497085,1.6471369890496135
1790628321.004739,1.7433670000173151
1790628321.053955,20.896016038022935
1790628321.0994685,68.22715298039839
1790628321.1094768,32.34377899207175
1790628321.1366396,24.060096009634435
1790628321.1367273,67.82901502447203
1790628321.157491,2.08426098106429
1790628321.2422702,2.4023299920372665
1790628321.2445319,1.4613870298489928
1790628321.249185,1.4360180357471108
1790628321.2763124,1.738338964059949
1790628321.306103,28.96112104644999
1790628321.3107603,31.13333199871704
1790628321.3270416,40.642370004206896
1790628321.3370626,47.17558203265071
1790628321.3592646,81.66676701512188
1790628321.3594832,18.946494965348393
1790628321.3596528,41.49602400138974
1790628321.3837194,12.869950965978205
1790628321.3838131,91.7321770102717
1790628321.3863719,1.32788997143507
1790628321.4122145,2.3732309928163886
1790628321.413105,1.347954967059195
1790628321.4436083,2.060994040220976
1790628321.4684923,2.0052410545758903
1790628321.500943,1.793315983377397
1790628321.5177777,2.090596011839807
1790628321.5219483,1.6978540224954486
1790628321.5384035,1.8249140121042728
1790628321.703468,2.0999900298193097
1790628321.7271028,1.9472030107863247
1790628321.7711635,3.398544038645923
1790628321.7724931,2.4202289641834795
1790628321.7795413,1.4043900300748646
1790628321.8128836,1.6985599650070071
1790628321.8345869,1.8521940219216049
1790628321.8623807,2.2897630115039647
1790628321.878218,2.139510994311422
1790628321.8999012,1.9656309741549194
1790628321.920864,2.067252993583679
1790628321.9307606,2.089357003569603
1790628321.9405644,2.8999950154684484
1790628321.9406435,2.0856059854850173
1790628321.9465346,1.9363510073162615
1790628321.9914205,28.13932200660929
1790628322.013342,57.70137801300734
1790628322.0995562,79.31388303404674
1790628322.1218882,100.88936501415446
1790628322.1235068,109.19901903253049
1790628322.1242228,101.75173199968413
1790628322.126248,108.8438979932107
1790628322.1264231,61.15495599806309
1790628322.1271594,54.27014600718394
1790628322.1324825,27.73304400034249
1790628322.1431043,35.682510992046446
1790628322.1590078,46.34562600404024
1790628322.1818416,56.77702702814713
1790628322.181924,73.80722399102524
1790628322.199174,1.6419540042988956
1790628322.208309,1.7961310222744942
1790628322.213197,1.7059409874491394
1790628322.2147229,1.5130959800444543
1790628322.3197048,17.82780495705083
1790628322.3248038,17.8467960213311
1790628322.328578,61.2520610447973
1790628322.328899,5.918274051509798
1790628322.3534703,2.0884930272586644
1790628322.360604,1.830120978411287
1790628322.3801174,1.6869240207597613
1790628322.450388,2.221509988885373
1790628322.4505534,2.9534310451708734
1790628322.4694297,2.0877490169368684
1790628322.486307,1.7246140050701797
1790628322.4889839,1.2443209998309612
1790628322.5367532,2.1605369984172285
1790628322.5495667,1.5490429941564798
1790628322.55416,1.5286310226656497
1790628322.5568902,1.3942570076324046
1790628322.5766098,1.6979689826257527
1790628322.5900507,1.8535650451667607
1790628322.6279805,2.100474026519805
1790628322.6696236,1.885119010694325
1790628322.7272377,1.920053968206048
1790628322.7486072,2.2908630198799074
1790628322.7672274,1.7117669922299683
1790628322.7761157,1.747391012031585
1790628322.8619335,1.9884479697793722
1790628322.8654058,1.712117053102702
1790628322.9069102,2.191640029195696
1790628322.9267776,1.7716499860398471
1790628322.9340425,1.9230510224588215
1790628322.9922407,1.8252910231240094
1790628322.9956675,1.3931060093455017
1790628323.0055382,1.653711951803416
1790628323.0117607,1.6142150270752609
1790628323.0247498,1.703118032310158
1790628323.0663362,22.199322003871202
1790628323.0845184,13.832519005518407
1790628323.084881,54.75212098099291
1790628323.0880678,1.468383998144418
1790628323.1460385,2.053833974059671
1790628323.1481767,1.3217759551480412
1790628323.1940444,2.0904650446027517
1790628323.2023818,1.7657250282354653
1790628323.2101154,1.5468589845113456
1790628323.2442026,2.1947320201434195
1790628323.2524447,2.1274620085023344
1790628323.2786486,1.9393039983697236
1790628323.2918296,1.7294790013693273
1790628323.296399,1.375869964249432
1790628323.2980034,1.2513449764810503
1790628323.3893793,1.848092011641711
1790628323.4593759,1.9898989703506231
1790628323.5048816,2.0052340114489198
1790628323.5457523,2.215070999227464
1790628323.5629814,1.8541640019975603
1790628323.5645115,1.5199579647742212
1790628323.5751302,1.5038899728097022
1790628323.6145492,1.8794300267472863
1790628323.692546,2.000250038690865
1790628323.7016518,1.8542319885455072
1790628323.721017,2.0060890237800777
1790628323.7389336,1.76525698043406
1790628323.7413373,1.6306150355376303
1790628323.7625594,1.794811978470534
1790628323.7668114,1.4594409731216729
1790628323.8182542,13.037112017627805
1790628323.8292096,17.801208945456892
1790628323.8555987,37.32972696889192
1790628323.8577461,22.091773978900164
1790628323.8591003,58.471724041737616
1790628323.8593266,13.019689999055117
1790628323.8593917,12.203738035168499
1790628323.8598568,21.34223497705534
1790628323.9156294,27.551440987735987
1790628323.9160397,56.92612600978464
1790628323.9338577,2.3671750095672905
1790628323.935258,1.2843469739891589
1790628323.9399571,1.255847979336977
1790628323.9415915,1.1540649575181305
1790628324.0165324,29.508090985473245
1790628324.0391831,8.694035990629345
1790628324.0392556,55.3495780332014
1790628324.0712426,2.1577010047622025
1790628324.1349735,49.87329099094495
1790628324.1362374,2.2927310201339424
1790628324.1458967,1.929798978380859
1790628324.1550965,1.9290469936095178
1790628324.2036624,17.35390699468553
1790628324.225186,19.30751296458766
1790628324.225535,58.79630200797692
1790628324.2258427,3.0216050217859447
1790628324.241672,1.7524309805594385
1790628324.253044,1.7037939978763461
1790628324.327098,14.232493005692959
1790628324.3327188,54.35625399695709
1790628324.3328767,12.431611015927047
1790628324.4569352,39.356405031867325
1790628324.457257,16.84834499610588
1790628324.4573412,67.09362601395696
1790628324.4857202,2.444662037305534
1790628324.492466,1.4118810067884624
1790628324.5138958,2.0847120322287083
1790628324.5183473,1.396384963300079
1790628324.530539,1.6622940311208367
1790628324.5578377,1.7358839977532625
1790628324.5603786,2.433685993310064
1790628324.5604525,1.9555769977159798
1790628324.6199312,1.7799449851736426
1790628324.6780152,1.933949999511242
1790628324.814662,120.22183701628819
1790628324.8185134,108.46476600272581
1790628324.8242092,144.79519496671855
1790628324.8400965,121.84326496208087
1790628324.840562,135.24931098800153
1790628324.8412144,137.93755398364738
1790628324.84154,118.0231049656868
1790628324.8416626,108.81025303388014
1790628324.8525326,100.37283902056515
1790628324.8787267,99.45484297350049
1790628324.892213,121.12498399801552
1790628324.9080498,1.6816899878904223
1790628324.9466062,1.7739850445650518
1790628324.9905531,2.0633679814636707
1790628325.0628874,2.072867995593697
1790628325.0711057,1.8889069906435907
1790628325.1318598,51.85327696381137
1790628325.131996,16.091751982457936
1790628325.1320748,17.51785899978131
1790628325.1326294,10.792324028443545
1790628325.1951764,2.0417439518496394
1790628325.2464843,1.7139700357802212
1790628325.2604165,1.8346289871260524
1790628325.2700732,1.8978610169142485
1790628325.2941983,1.8110380042344332
1790628325.3216662,1.699372020084411
1790628325.3236396,1.3193879858590662
1790628325.3340583,1.8987350049428642
1790628325.349074,1.7409190186299384
1790628325.3605368,1.6880729817785323
1790628325.451293,27.367301983758807
1790628325.4585326,58.30542801413685
1790628325.458616,8.962635009083897
1790628325.4626853,1.6331789665855467
1790628325.4853098,1.8006209866143763
1790628325.5050523,2.0642949966713786
1790628325.5067008,1.397878979332745
1790628325.5852163,49.764431023504585
1790628325.5857654,3.3803670085035264
1790628325.625707,2.3102500126697123
1790628325.687194,1.7308960086666048
1790628325.7034667,2.551846031565219
1790628325.7140288,1.7085209838114679
1790628325.7398255,1.9253119826316833
1790628325.7459364,1.8869189661927521
1790628325.7482076,1.3727169716730714
1790628325.7701483,1.839015050791204
1790628325.8439567,22.307839011773467
1790628325.8618324,12.071142031345516
1790628325.8644862,52.19549295725301
1790628325.8649087,14.00622696382925
1790628325.8868117,1.8254030146636069
1790628325.9165123,1.7494380008429289
1790628325.9279578,1.8313589971512556
1790628325.9516134,1.7806740361265838
1790628325.985504,2.374542993493378
1790628325.9890478,1.5090290107764304
1790628325.9921758,1.4157709665596485
1790628326.0056455,1.6985239926725626
1790628326.0704184,1.9588370341807604
1790628326.0775938,1.8362440168857574
1790628326.0781164,1.419842999894172
1790628326.111165,2.0025779958814383
1790628326.2054672,35.26851302012801
1790628326.215473,32.761187001597136
1790628326.2174313,59.7656550235115
1790628326.4184556,1.8987410003319383
1790628326.4547336,2.0236099953763187
1790628326.5011783,1.9782729796133935
1790628326.5105817,1.708341995254159
1790628326.5390918,2.196632034610957
1790628326.5593512,2.2250170004554093
1790628326.561319,1.5705450205132365
1790628326.5712092,2.3235389962792397
1790628326.5784876,1.9032469717785716
1790628326.5874496,2.0072869956493378
1790628326.6052833,1.7299369792453945
1790628326.6161394,1.8339889938943088
1790628326.6583993,2.0286020007915795
1790628326.6657715,1.5211270074360073
1790628326.706958,2.2920980118215084
1790628326.7098968,1.4257539878599346
1790628326.7856026,1.690710021648556
1790628326.8135672,2.1343620028346777
1790628326.8903992,1.98772904695943
1790628326.9075496,2.086398017127067
1790628326.9204938,1.8551620305515826
1790628326.950118,1.815017021726817
1790628327.0161839,22.8806390077807
1790628327.028598,31.468196015339345
1790628327.0339258,32.83353999722749
1790628327.038488,31.896032043732703
1790628327.0393429,62.524832028429955
1790628327.0394435,24.641584022901952
1790628327.090455,2.2067149984650314
1790628327.0942705,2.2844040067866445
1790628327.0986307,1.9513089791871607
1790628327.1315556,2.0303429919295013
1790628327.1819036,2.0909089944325387
1790628327.2216182,1.8048950005322695
1790628327.2284641,1.6706559690646827
1790628327.2453685,1.701803004834801
1790628327.2726336,22.91021798737347
1790628327.2727396,24.23913701204583
1790628327.2988284,48.95195103017613
1790628327.3057034,57.014200021512806
1790628327.3068278,20.00006497837603
1790628327.306952,55.55174499750137
1790628327.3070202,51.31107097258791
1790628327.3178704,1.8259049975313246
1790628327.3553956,1.8585550133138895
1790628327.4520886,16.649369965307415
1790628327.4522188,51.16715899202973
1790628327.4525354,2.224243013188243
1790628327.463915,1.7027679714374244
1790628327.468022,1.4247230137698352
1790628327.5094926,1.9596140482462943
1790628327.5532217,2.0220219739712775
1790628327.591112,2.2790840012021363
1790628327.6690283,1.8772799521684647
1790628327.6775308,1.7409719876013696
1790628327.7456079,58.926911966409534
1790628327.786685,85.27520397910848
1790628327.7880776,109.44937000749633
1790628327.7887034,85.55998397059739
1790628327.7891932,57.8731510322541
1790628327.7898188,94.48166901711375
1790628327.7899349,40.966632950585335
1790628327.790025,66.14850100595504
1790628327.7903445,7.125821954105049
1790628327.822461,1.9590120064094663
1790628327.8904984,2.0341190393082798
1790628327.9154046,2.090732043143362
1790628327.9230843,1.7089819884859025
1790628327.9301856,2.411798050161451
1790628327.958105,2.013690012972802
1790628327.9694052,1.6433899872936308
1790628328.0123622,2.7696180040948093
1790628328.0124557,3.457681043073535
1790628328.018877,1.4481939724646509
1790628328.0571864,1.8133969861082733
1790628328.0692375,1.7841620137915015
1790628328.0994368,2.500686969142407
1790628328.123478,1.8635789747349918
1790628328.1358292,1.7566730384714901
1790628328.1886497,1.9198039663024247
1790628328.205961,1.6624049749225378
1790628328.210065,1.2824320001527667
1790628328.2397058,2.13214399991557
1790628328.3414812,2.5483780191279948
1790628328.4396224,50.738913007080555
1790628328.4497159,1.8535199924372137
1790628328.4532652,1.6300349961966276
1790628328.4625163,1.9300230196677148
1790628328.4668417,1.889977022074163
1790628328.470935,1.4775579911656678
1790628328.4959056,2.992730005644262
1790628328.5142806,2.1660979837179184
1790628328.5442984,2.0852400339208543
1790628328.544401,3.097575972788036
1790628328.5449896,2.1041849977336824
1790628328.6371121,2.204003045335412
1790628328.7135334,1.9783619791269302
1790628328.7148924,1.348520047031343
1790628328.8137324,2.9357619932852685
1790628328.9179392,59.3905039713718
1790628328.9267488,1.793348987121135
1790628328.9627616,22.12659001816064
1790628328.9846456,12.322438997216523
1790628328.9847174,52.55881999619305
1790628329.0643575,39.194846991449594
1790628329.1037338,82.94971799477935
1790628329.1199596,49.814083031378686
1790628329.1238956,71.17226294940338
1790628329.1240146,26.269684021826833
1790628329.124081,16.639844980090857
1790628329.1281528,1.3443410280160606
1790628329.2143686,19.32374096941203
1790628329.214717,49.75386901060119
1790628329.2215579,1.388635952025652
1790628329.2525606,2.294753969181329
1790628329.2913382,3.7423649919219315
1790628329.3232436,4.356149001978338
1790628329.4162972,65.27264800388366
1790628329.4272988,44.910967990290374
1790628329.4274158,43.59050502534956
1790628329.4523008,66.09679904067889
1790628329.4531312,69.8000899865292
1790628329.4534488,65.48164098057896
1790628329.4555984,46.23612604336813
1790628329.4559484,21.597050013951957
1790628329.4560084,22.59492495795712
1790628329.4561293,2.8523430228233337
1790628329.4568746,1.8822019919753075
1790628329.4695625,1.6264089499600232
1790628329.492339,20.145974995102733
1790628329.497258,20.554310991428792
1790628329.5135226,25.04264103481546
1790628329.5214357,13.679026975296438
1790628329.5215,51.81298096431419
1790628329.6157448,2.89569899905473
1790628329.6180239,1.895019959192723
1790628329.6526182,2.6039090007543564
1790628329.705173,36.90430102869868
1790628329.7111988,9.430477977730334
1790628329.7422845,38.3288330049254
1790628329.758169,91.82942699408159
1790628329.7635171,31.341881025582552
1790628329.7697036,17.009850009344518
1790628329.7722752,97.63531794305891
1790628329.8215723,2.3856660118326545
1790628329.9037204,26.70223597669974
1790628329.9264007,12.4767089728266
1790628329.9264836,50.57993798982352
1790628329.9755068,2.018710016272962
1790628329.978032,1.3385979691520333
1790628329.9857817,1.5839810366742313
1790628329.9917283,1.4764710213057697
1790628330.0395763,2.815775980707258
1790628330.078739,2.020590996835381
1790628330.0817091,1.9223529961891472
1790628330.0925272,1.6584929544478655
1790628330.1070454,1.6903720097616315
1790628330.1313257,4.3771619675680995
1790628330.1313894,3.626164048910141
1790628330.1470141,2.4036969989538193
1790628330.1816857,27.20084600150585
1790628330.23112,66.23942399164662
1790628330.2364986,87.58267998928204
1790628330.2415142,48.62313199555501
1790628330.2490733,64.91463998099789
1790628330.249687,36.19387501385063
1790628330.250503,30.428860045503825
1790628330.2505946,34.33157398831099
1790628330.2563138,1.5505280462093651
1790628330.2627935,1.332737971097231
1790628330.298928,2.552153018768877
1790628330.3179824,2.1019010455347598
1790628330.341423,1.8999650492332876
1790628330.3550234,1.7596699763089418
1790628330.3604138,1.3819930027239025
1790628330.3746448,1.697703031823039
1790628330.394725,2.0471540046855807
1790628330.4760404,3.066911012865603
1790628330.476605,2.294581034220755
1790628330.4788716,1.320163020864129
1790628330.4802017,1.2077880091965199
1790628330.5016458,1.8891039653681219
1790628330.5132864,1.7255269922316074
1790628330.524906,1.7762599745765328
1790628330.54134,1.9097840413451195
1790628330.5905285,24.289635999593884
1790628330.612039,49.61801000172272
1790628330.655926,3.665114985778928
1790628330.8126268,2.1527400240302086
1790628330.8665843,2.708807005546987
1790628330.9138215,3.883838013280183
1790628330.9140246,5.369636986870319
1790628330.9180562,1.4050969621166587
1790628330.991661,27.31393900467083
1790628330.9917517,49.87637902377173
1790628331.0778248,43.125041003804654
1790628331.0820804,34.70957902027294
1790628331.082182,53.30772104207426
1790628331.0830333,1.9988149870187044
1790628331.195429,5.692979961168021
1790628331.2055519,2.455582027323544
1790628331.2145283,1.9707750179804862
1790628331.2255194,2.725430007558316
1790628331.2261634,1.8581110052764416
1790628331.2858002,29.11349997157231
1790628331.285912,49.45081699406728
1790628331.3614173,34.06299202470109
1790628331.3617392,19.197679997887462
1790628331.3617995,50.835333997383714
1790628331.4267478,2.719854994211346
1790628331.4676325,2.582510991487652
1790628331.56591,85.45582502847537
1790628331.5659835,96.29635803867131
1790628331.5796297,1.5616689925082028
1790628331.6858978,3.9565699989907444
1790628331.6868553,4.261879017576575
1790628331.6869106,3.5873239976353943
1790628331.6939518,1.4504059799946845
1790628331.7766178,1.9837170257233083
1790628331.8544064,2.414474030956626
1790628331.8942835,2.2522489889524877
1790628331.902588,1.6372509999200702
1790628331.9800324,9.292246017139405
1790628332.0482934,82.11808500345796
1790628332.0666215,21.110153989866376
1790628332.0667562,78.37311999173835
1790628332.0668352,27.09180099191144
1790628332.1246321,1.999124011490494
1790628332.1412096,1.8917900160886347
1790628332.1444452,2.0662949536927044
1790628332.1709337,2.1788160083815455
1790628332.2665148,1.941911003086716
1790628332.2851465,2.07819597562775
1790628332.2960725,1.787483983207494
1790628332.305953,3.1430930248461664
1790628332.306036,2.5457949959672987
1790628332.3154578,1.4909220044501126
1790628332.3323998,3.177885024342686
1790628332.4022205,2.8858649893663824
1790628332.4127321,2.5406869826838374
1790628332.4812655,2.002539054956287
1790628332.5287085,2.21522303763777
1790628332.5390275,2.7921220171265304
1790628332.5739558,3.0257690232247114
1790628332.5965264,3.0374950147233903
1790628332.6284647,2.161505981348455
1790628332.649662,2.133597037754953
1790628332.6535456,2.077587996609509
1790628332.6554372,1.871845975983888
1790628332.675863,2.4767540162429214
1790628332.6950366,2.152777975425124
1790628332.7045796,1.5016919933259487
1790628332.7181578,4.214301006868482
1790628332.7194161,2.9162029968574643
1790628332.7779408,48.475928022526205
1790628332.778516,1.8079199944622815
1790628332.809914,2.743296034168452
1790628332.8339298,3.6594269913621247
1790628332.8687742,3.7945000221952796
1790628332.8856041,2.510245016310364
1790628332.894266,2.2961090435273945
1790628332.9022858,1.9099470227956772
1790628332.9277465,2.6630209758877754
1790628332.9369652,2.0481329993344843
1790628332.9582756,2.0818550256080925
1790628332.9670055,1.698556006886065
1790628332.9761133,2.5168340071104467
1790628333.0139368,2.8146550175733864
1790628333.0699773,31.494913971982896
1790628333.0747116,27.172050962690264
1790628333.075651,5.1066079759038985
1790628333.07573,52.96477401861921
1790628333.1244314,27.193199028261006
1790628333.1455042,21.874518017284572
1790628333.1459322,56.336377980187535
1790628333.146014,23.277810018043965
1790628333.1746879,1.9524460076354444
1790628333.1760995,1.4005069970153272
1790628333.2372234,48.213081958238035
1790628333.237288,8.362677996046841
1790628333.2379084,3.1863920157775283
1790628333.2379687,6.398059020284563
1790628333.2660496,2.446455997414887
1790628333.3325677,2.22975603537634
1790628333.392742,27.743227023165673
1790628333.3992379,57.775090041104704
1790628333.403494,1.7436009948141873
1790628333.4161084,1.6063559451140463
1790628333.467656,32.101920049171895
1790628333.4712172,54.75842900341377
1790628333.4712923,6.608012015931308
1790628333.4743285,1.3325149775482714
1790628333.4845717,1.566430029924959
1790628333.5039332,2.2667600424028933
1790628333.5169032,1.7996250535361469
1790628333.520917,1.9346770131960511
1790628333.5416028,1.7880380037240684
1790628333.5499475,1.568190986290574
1790628333.572356,1.825606042984873
1790628333.680339,52.52420896431431
1790628333.7054625,2.1313700126484036
1790628333.7559106,47.86977299954742
1790628333.7569585,5.338420975022018
1790628333.7570486,4.425869963597506
1790628333.769319,2.089507004711777
1790628333.774568,1.5885749598965049
1790628333.7950592,1.9593730103224516
1790628333.8454103,1.7446170095354319
1790628333.8772838,2.0477380021475255
1790628333.8826184,1.9755850080400705
1790628333.9084516,2.220018010120839
1790628333.9182615,1.6915110172703862
1790628333.9534338,2.7341829845681787
1790628333.9622238,1.7674440168775618
1790628334.054142,1.9733799854293466
1790628334.1087942,2.1798679954372346
1790628334.153906,2.4828760069794953
1790628334.1549058,1.5101769822649658
1790628334.2357998,14.676866994705051
1790628334.272144,53.92015597317368
1790628334.2722201,31.136328005231917
1790628334.3190103,19.995915004983544
1790628334.330079,19.844735972583294
1790628334.3353128,31.847148027736694
1790628334.3493643,12.596399988979101
1790628334.3494341,53.21299401111901
1790628334.3594005,2.1445429883897305
1790628334.3599155,1.5033050440251827
1790628334.3760817,1.6963430098257959
1790628334.4182994,17.098914016969502
1790628334.431829,17.469263984821737
1790628334.4322557,4.851655976381153
1790628334.4323285,54.26133697619662
1790628334.464746,2.0284729544073343
1790628334.4683144,2.0931679755449295
1790628334.469153,1.4113959623500705
1790628334.4903214,1.7179249553009868
1790628334.4924078,1.471417024731636
1790628334.5190454,2.358398982323706
1790628334.5522172,1.860945951193571
1790628334.575358,2.0766020170412958
1790628334.597693,2.827820018865168
1790628334.6708686,1.8530139932408929
1790628334.7036507,1.8450799980200827
1790628334.723948,2.186731027904898
1790628334.7328115,1.8176360172219574
1790628334.7763846,1.9773439853452146
1790628334.7865534,1.7087890300899744
1790628334.788829,1.4863300020806491
1790628334.8064327,1.763833046425134
1790628334.8138533,1.6415200079791248
1790628334.8755617,2.0787339890375733
1790628334.9842048,82.85939699271694
1790628335.0083385,94.03759601991624
1790628335.0150373,1.918944006320089
1790628335.0688121,43.30182104604319
1790628335.0740683,14.713882002979517
1790628335.074149,54.035960987675935
1790628335.090696,1.8083230243064463
1790628335.0986145,1.949383004102856
1790628335.1397305,3.1452749972231686
1790628335.1399944,2.1014660014770925
1790628335.1402588,3.097504028119147
1790628335.1489816,1.4902710099704564
1790628335.2205515,2.139695978257805
1790628335.231985,1.8443629960529506
1790628335.2670064,1.969787001144141
1790628335.3565927,46.998887963127345
1790628335.9525719,94.16084596887231
1790628335.9526608,68.22890799958259
1790628335.955728,100.5548580433242
1790628335.9609385,115.77798100188375
1790628335.9614584,10.046637966297567
1790628335.961523,11.741963971871883
1790628335.9708772,1.6245109727606177
1790628336.1083055,47.31687298044562
1790628336.163775,109.34689600253478
1790628336.1801157,111.17178399581462
1790628336.1906097,72.89774605305865
1790628336.2134125,87.85081002861261
1790628336.2143998,147.43543602526188
1790628336.2150786,156.26009501283988
1790628336.2154205,5.265292013064027
1790628336.2154915,69.3839630112052
1790628336.2155626,49.00178697425872
1790628336.2249355,1.447229995392263
1790628336.246323,1.9091780413873494
1790628336.2503192,1.6340750153176486
1790628336.2634344,1.7153840162791312
1790628336.2856472,1.794659998267889
1790628336.328471,1.795399992261082
1790628336.373409,1.8443440203554928
1790628336.404749,25.20956698572263
1790628336.4747672,94.66425300342962
1790628336.479633,54.498947982210666
1790628336.480588,13.514613034203649
1790628336.4809067,33.50368601968512
1790628336.4810176,66.07070902828127
1790628336.48108,103.98175800219178
1790628336.4834387,1.2928890064358711
1790628336.528434,37.9653440322727
1790628336.5370867,45.35353899700567
1790628336.5371692,52.562732016667724
1790628336.542799,1.4894880005158484
1790628336.6038551,32.16347302077338
1790628336.6043413,15.064648992847651
1790628336.6044364,30.54144699126482
1790628336.6045675,55.55269296746701
1790628336.6172795,2.043559041339904
1790628336.646703,1.935823995154351
1790628336.652167,1.9384680199436843
1790628336.6581056,1.482834981288761
1790628336.7293942,2.0837580086663365
1790628336.751149,1.9725399906747043
1790628336.817914,2.1120249875821173
1790628336.8471868,1.9364490290172398
1790628336.8513396,1.5654530143365264
1790628336.8704097,1.824930019211024
1790628336.9209237,1.744962006341666
1790628336.930925,2.759351977147162
1790628336.9310725,3.6497030523605645
1790628336.9313662,2.0486399880610406
1790628336.9827402,22.787904017604887
1790628336.9928565,52.543838042765856
1790628337.005104,1.684027025476098
1790628337.031912,1.967581978533417
1790628337.042872,1.9278869731351733
1790628337.0505629,1.9998839707113802
1790628337.101905,52.40822094492614
1790628337.1022844,4.058910999447107
1790628337.1023588,25.461644981987774
1790628337.1367934,1.8110889941453934
1790628337.1748369,1.9581150263547897
1790628337.1986804,1.704129041172564
1790628337.2220511,1.9182480173185468
1790628337.227185,1.6232529887929559
1790628337.294014,2.0756860030815005
1790628337.321098,2.0297379815019667
1790628337.3678594,2.2203390253707767
1790628337.4314747,24.97769199544564
1790628337.4365857,15.343095001298934
1790628337.4557748,53.17895900225267
1790628337.4677076,1.9491040147840977
1790628337.4802182,1.8843069556169212
1790628337.5524514,2.037124999333173
1790628337.557821,2.121908008120954
1790628337.5699246,1.698782027233392
1790628337.5770886,2.0549219916574657
1790628337.7369075,56.56926502706483
1790628337.7370334,19.4619539543055
1790628337.7376258,2.0661489688791335
1790628337.757214,2.475497021805495
1790628337.7704253,1.9169030128978193
1790628337.7767189,2.73655797354877
1790628337.8192012,2.3274869890883565
1790628337.8630862,2.1852150093764067
1790628337.8797865,2.636522985994816
1790628337.890065,1.8653430161066353
1790628337.906638,2.8249279712326825
1790628337.90675,3.615192021243274
1790628337.9569879,2.6940390234813094
1790628337.976412,2.618656028062105
1790628337.988238,1.758333994075656
1790628337.996625,1.951746002305299
1790628338.0301657,2.614209952298552
1790628338.0303032,1.9045209628529847
1790628338.0953712,2.03176197828725
1790628338.1156242,2.455614972859621
1790628338.146882,1.9420050084590912
1790628338.178502,2.10607802728191
1790628338.180459,1.3911949936300516
1790628338.1825175,1.3852310366928577
1790628338.2972972,50.445363973267376
1790628338.2974553,30.465843970887363
1790628338.2975197,22.27631100686267
1790628338.299614,1.4441360253840685
1790628338.3407614,1.7938910168595612
1790628338.3439887,1.3166610151529312
1790628338.384619,2.4787349975667894
1790628338.388138,1.6139399958774447
1790628338.4363546,1.8216529861092567
1790628338.4379678,1.3086939579807222
1790628338.4917128,12.231203028932214
1790628338.494795,6.714727962389588
1790628338.4949038,54.411771008744836
1790628338.5062518,2.023295033723116
1790628338.5493574,1.9903560169041157
1790628338.5555532,1.802733982913196
1790628338.5670886,2.387929998803884
1790628338.5751488,1.5588630340062082
1790628338.5786967,1.3606760185211897
1790628338.5846083,1.4062809641472995
1790628338.64806,28.686420992016792
1790628338.6484041,34.15776399197057
1790628338.6539495,28.741396963596344
1790628338.6609535,21.442221011966467
1790628338.661931,56.3785019912757
1790628338.662531,10.995869000907987
1790628338.662603,20.46563202748075
1790628338.729232,1.9696989911608398
1790628338.7360177,1.7147550242953002
1790628338.7460961,1.9618849619291723
1790628338.8177466,1.9309860072098672
1790628338.8282495,2.398773969616741
1790628338.835393,1.5178060275502503
1790628338.9450612,12.145143991801888
1790628338.9553363,51.62933794781566
1790628339.0017521,1.8187050009146333
1790628339.0164943,1.8755330238491297
1790628339.0295427,1.8027170444838703
1790628339.062999,2.8021790203638375
1790628339.0630798,3.013434004969895
1790628339.124466,1.9660729449242353
1790628339.1306574,1.4785649836994708
1790628339.1318774,1.2091879616491497
1790628339.1379292,1.8710960284806788
1790628339.1642854,1.783106999937445
1790628339.166913,1.6943200025707483
1790628339.1704936,1.2550060055218637
1790628339.200474,1.682974980212748
1790628339.2232552,1.833452028222382
1790628339.223327,2.6773340068757534
1790628339.287176,2.149339998140931
1790628339.310514,1.8241920042783022
1790628339.338858,2.374463016167283
1790628339.339362,1.5096309944055974
1790628339.4084477,37.75108599802479
1790628339.41085,54.216270975302905
1790628339.411225,2.3965919972397387
1790628339.429658,1.8513730028644204
1790628339.4499831,2.138579962775111
1790628339.469253,1.846933038905263
1790628339.622271,63.36912699043751
1790628339.6225626,104.38255098415539
1790628339.6247907,23.190208012238145
1790628339.624946,111.41815496375784
1790628339.6250625,108.95304899895564
1790628339.625146,48.46632800763473
1790628339.6515741,1.919201051350683
1790628339.6679947,2.015646023210138
1790628339.676823,1.5584999928250909
1790628339.7354476,1.895176013931632
1790628339.7702692,4.5918720425106585
1790628339.7703445,3.3034179941751063
1790628339.7704182,3.9028869941830635
1790628339.7958233,1.8136660219170153
1790628339.8553529,53.06356603978202
1790628339.8870444,2.5156820192933083
1790628339.8986452,2.028049959335476
1790628339.9406953,1.8019650015048683
1790628339.9524105,1.8227630062028766
1790628339.9769523,2.0200819708406925
1790628340.0441043,32.62970398645848
1790628340.0650413,54.48780400911346
1790628340.065196,16.490641981363297
1790628340.0652733,31.703625980298966
1790628340.1023483,2.3492040345445275
1790628340.120469,2.1122199832461774
1790628340.1274717,2.337793994229287
1790628340.136443,2.709503984078765
1790628340.1369112,2.407507970929146
1790628340.1659968,1.8653779989108443
1790628340.1706412,1.5835859812796116
1790628340.177505,2.4265479878522456
1790628340.188071,1.7766450182534754
1790628340.1906905,1.4873049804009497
1790628340.2567785,1.9969650311395526
1790628340.2667744,2.0051010069437325
1790628340.269784,1.5081170131452382
1790628340.2787085,1.3340309960767627
1790628340.2802124,1.3978820061311126
1790628340.3055422,1.762119005434215
1790628340.318548,2.213362022303045
1790628340.3510652,2.649818954523653
1790628340.396276,2.1835200022906065
1790628340.4517484,36.69823397649452
1790628340.4518402,35.861793032381684
1790628340.4693954,51.25478201080114
1790628340.469464,56.34072201792151
1790628340.4838233,1.730279007460922
1790628340.5052824,2.0174559904262424
1790628340.5106115,1.400803041178733
1790628340.5233443,1.6452440177090466
1790628340.6108449,7.397231995128095
1790628340.6109416,38.07798301568255
1790628340.6110702,52.85615602042526
1790628340.6111403,40.25035200174898
1790628340.6675391,17.847125011030585
1790628340.672626,13.18021200131625
1790628340.673032,54.907207028009
1790628340.6731193,4.273747035767883
1790628340.6996922,1.7511839978396893
1790628340.7271066,2.464596997015178
1790628340.7497156,1.9517599721439183
1790628340.8042703,2.0887250429950655
1790628340.8103478,1.5842670109122992
1790628340.8220332,1.8185109947808087
1790628340.825194,1.45194202195853
1790628340.865523,2.1568189840763807
1790628340.870914,1.4534560032188892
1790628340.9029863,2.0858500502072275
1790628340.914091,1.8425440066494048
1790628340.9407272,2.0516079966910183
1790628340.9508252,1.5976399881765246
1790628340.9781601,4.276358988136053
1790628340.9782581,5.37460099440068
1790628340.9786832,3.6418730160221457
1790628340.9957314,2.660029975231737
1790628340.9985526,2.4257669574581087
1790628341.003649,2.5382110034115613
1790628341.029353,1.8634809530340135
1790628341.045325,1.9689290202222764
1790628341.0483582,1.6220799880102277
1790628341.050392,1.5361910336650908
1790628341.0504591,2.0911599858663976
1790628341.0681224,1.9019560422748327
1790628341.0724418,1.5654469607397914
1790628341.1341407,1.7973589710891247
1790628341.1374905,1.7030580202117562
1790628341.162795,1.8219549674540758
1790628341.2135756,49.77823398075998
1790628341.3128104,27.915532991755754
1790628341.3186693,32.26894896943122
1790628341.3376517,53.61316300695762
1790628341.3387659,7.915825000964105
1790628341.3391922,52.137123013380915
1790628341.3392863,7.464192982297391
1790628341.3442626,2.0574459922499955
1790628341.3453035,1.6756249824538827
1790628341.356102,1.9440560135990381
1790628341.3652577,1.5474549727514386
1790628341.3699582,1.7197949928231537
1790628341.3755963,1.4360990026034415
1790628341.453495,2.1843930007889867
1790628341.4881947,2.358154975809157
1790628341.4911003,1.3295459793880582
1790628341.4963474,1.7886650166474283
1790628341.4971745,1.9712559878826141
1790628341.5029435,1.566199993249029
1790628341.5167263,1.855786016676575
1790628341.63395,2.02786095906049
1790628341.6377013,1.455614052247256
1790628341.6468523,1.8773790216073394
1790628341.6942785,1.9450820400379598
1790628341.760324,22.264297993388027
1790628341.7959871,49.99773303279653
1790628341.8013732,71.53103599557653
1790628341.8066308,49.154436972457916
1790628341.8123553,27.94643398374319
1790628341.8174503,66.99717696756124
1790628341.8375416,59.72479697084054
1790628341.8972096,12.474938994273543
1790628341.9152875,52.386253024451435
1790628341.9189427,1.7888460424728692
1790628341.9293108,2.6329520042054355
1790628341.9293962,3.389317018445581
1790628341.9452596,1.862658013124019
1790628341.9848502,2.302825974766165
1790628342.0037925,1.7311639967374504
1790628342.0086315,1.3862790074199438
1790628342.0125532,1.6492049908265471
1790628342.0269692,1.91864202497527
1790628342.0358644,1.982006011530757
1790628342.064693,2.245103009045124
1790628342.065806,2.0289549720473588
1790628342.0704684,1.4770710258744657
1790628342.0859842,1.8971990211866796
1790628342.1289644,1.75272801425308
1790628342.1486654,1.8652690341696143
1790628342.1652436,1.6271760105155408
1790628342.1682246,1.8075929838232696
1790628342.1682904,2.6237579877488315
1790628342.222045,1.764726999681443
1790628342.2404234,2.028134011197835
1790628342.355143,2.3801479837857187
1790628342.3582597,1.562547986395657
1790628342.3924406,3.4780919668264687
1790628342.3970504,2.9552470077760518
1790628342.39766,4.576387000270188
1790628342.4414163,18.862535012885928
1790628342.4469802,23.04832497611642
1790628342.481572,79.1318109841086
1790628342.481682,14.111960947047919
1790628342.4825852,2.2828230285085738
1790628342.5693662,51.017766003496945
1790628342.5694413,11.848683992866427
1790628342.614226,2.3669219808652997
1790628342.621522,1.505300053395331
1790628342.6372907,2.0824939711019397
1790628342.7178767,20.589246007148176
1790628342.7185194,51.83488200418651
1790628342.7186198,22.047691978514194
1790628342.718888,6.800068018492311
1790628342.7444913,2.7562830364331603
1790628342.7456276,2.1691289730370045
1790628342.7457416,2.881455991882831
1790628342.7525916,1.7902780091390014
1790628342.793876,2.2022579796612263
1790628342.8127196,1.5956589486449957
1790628342.9436922,2.237468957901001
1790628342.956695,2.4004039587453008
1790628342.9687974,1.9458130118437111
1790628343.0092452,28.455478022806346
1790628343.014747,17.290593998041004
1790628343.026093,21.37674199184403
1790628343.0262742,55.75249902904034
1790628343.0266762,15.188027988187969
1790628343.0417233,1.9512079888954759
1790628343.157226,3.180764033459127
1790628343.1596398,2.030088973697275
1790628343.2097588,1.8068529898300767
1790628343.2197607,1.483033993281424
1790628343.328752,3.9641160401515663
1790628343.3590581,2.320803003385663
1790628343.3673759,2.180801995564252
1790628343.4101336,2.629959024488926
1790628343.4237137,2.2875299910083413
1790628343.4410582,2.6072320179082453
1790628343.4539118,2.1033709635958076
1790628343.482495,2.471533021889627
1790628343.4896638,1.4175489777699113
1790628343.5085683,2.292067976668477
1790628343.5402584,22.281588986516
1790628343.557363,24.356896989047527
1790628343.5574837,37.94916800688952
1790628343.5613685,51.83529999339953
1790628343.5995944,1.8015130190178752
1790628343.628889,3.0461220303550363
1790628343.6375806,1.7686350038275123
1790628343.6505902,2.601897984277457
1790628343.6564078,1.667695993091911
1790628343.6623154,1.8057419802062213
1790628343.6896148,1.8325400305911899
1790628343.7283344,2.180455019697547
1790628343.7497213,3.0867329915054142
1790628343.7499106,2.2287630126811564
1790628343.7735138,1.9275640370324254
1790628343.7798326,1.44109595566988
1790628343.7843366,1.3356300187297165
1790628343.8003619,1.6578439972363412
1790628343.8087397,2.321746025700122
1790628343.8570845,48.00652398262173
1790628343.8571818,9.792294993530959
1790628343.886893,2.52203899435699
1790628343.9218087,1.952888967934996
1790628343.9412813,2.2123049711808562
1790628344.0022063,2.388814988080412
1790628344.0064194,1.8416339880786836
1790628344.0491755,2.254950988572091
1790628344.0677555,2.9621419962495565
1790628344.1053474,3.8420059718191624
1790628344.159578,32.77698397869244
1790628344.1744323,52.942590962629765
1790628344.18567,78.47596000647172
1790628344.190656,45.358738978393376
1790628344.207113,54.33029599953443
1790628344.2090714,67.6693239947781
1790628344.2094476,48.64525701850653
1790628344.209681,47.4948930204846
1790628344.209934,33.23251800611615
1790628344.2156994,30.723305011633784
1790628344.2593398,63.471655012108386
1790628344.2594264,34.538305015303195
1790628344.2629614,1.513552968390286
1790628344.3130925,2.1917479461990297
1790628344.313414,12.801565055269748
1790628344.344686,51.67796998284757
1790628344.3577497,1.628357043955475
1790628344.374368,1.6804860206320882
1790628344.3887625,3.5745000350289047
1790628344.3899074,1.6896460438147187
1790628344.3899875,2.345197950489819
1790628344.4056625,1.7138919793069363
1790628344.4213977,1.6087350086309016
1790628344.4393008,2.017861988861114
1790628344.4605777,3.628520993515849
1790628344.4610484,6.576818006578833
1790628344.501632,1.9587400020100176
1790628344.5146742,1.7195399850606918
1790628344.5452733,3.624501987360418
1790628344.5541337,3.937095985747874
1790628344.596558,2.1789329475723207
1790628344.6049273,1.7158889677375555
1790628344.629492,1.9312200020067394
1790628344.6474502,1.7704570200294256
1790628344.6684508,1.9970290013588965
1790628344.7000086,2.4746760027483106
1790628344.7533753,52.15383501490578
1790628344.7675009,1.7634319956414402
1790628344.8146813,26.118409994523972
1790628344.8147442,18.75595498131588
1790628344.8573222,70.77234098687768
1790628344.887022,26.602694008033723
1790628344.887125,31.6414600238204
1790628344.8872037,71.0661219782196
1790628344.9388626,22.213661985006183
1790628344.9428844,8.862159971613437
1790628344.9429839,50.484913983382285
1790628345.055765,2.3731619585305452
1790628345.0953467,2.0098849781788886
1790628345.0977929,1.8046540208160877
1790628345.114785,2.5203500408679247
1790628345.147768,3.9500219863839447
1790628345.1848683,3.318645991384983
1790628345.199271,2.0278790034353733
1790628345.2396991,4.287919960916042
1790628345.240439,3.08024202240631
1790628345.2449741,1.700008986517787
1790628345.2502453,1.5593140269629657
1790628345.2673888,2.883197972550988
1790628345.3040957,3.3299779752269387
1790628345.3052018,4.26911300746724
1790628345.3243897,2.1621690248139203
1790628345.338512,2.8715149965137243
1790628345.3801544,3.1731490162201226
1790628345.393485,2.0075200009159744
1790628345.3961763,1.388202013913542
1790628345.4441912,21.028641029261053
1790628345.4543993,25.809720973484218
1790628345.4706848,14.386677008587867
1790628345.4718575,51.31266301032156
1790628345.471933,10.722186998464167
1790628345.473259,1.21590297203511
1790628345.5346496,29.281106952112168
1790628345.5347674,17.02651899540797
1790628345.5352674,9.782765002455562
1790628345.535331,50.99723499733955
1790628345.538566,1.2381389969959855
1790628345.5974753,24.92066298145801
1790628345.6213098,17.04457402229309
1790628345.6214123,51.64880200754851
1790628345.6354163,1.5957789728417993
1790628345.64252,1.509941997937858
1790628345.6935327,2.8012770344503224
1790628345.6991787,3.1870139646343887
1790628345.7381685,3.5606169840320945
1790628345.7921422,3.3789629815146327
1790628345.795874,2.096337964758277
1790628345.8115692,1.747169008012861
1790628345.8327982,2.2344779572449625
1790628345.8483136,2.4716249899938703
1790628345.8580518,2.886581001803279
1790628345.8858683,3.039714996702969
1790628345.8901706,2.1397179807536304
1790628345.9020975,1.9157949718646705
1790628345.9086168,1.3419889728538692
1790628345.930806,1.9921510247513652
1790628346.0169492,1.8679979839362204
1790628346.0683355,2.403317019343376
1790628346.068408,3.162963956128806
1790628346.0725493,1.4587639598175883
1790628346.092567,1.7892920295707881
1790628346.093867,1.2905580224469304
1790628346.1271968,1.9893510034307837
1790628346.1530395,2.3308610543608665
1790628346.1609068,4.935072036460042
1790628346.1610854,5.817532015498728
1790628346.1696136,1.740660984069109
1790628346.1698809,2.466601028572768
1790628346.2029796,3.474681987427175
1790628346.2037978,2.8814830002374947
1790628346.2279186,1.9597559585236013
1790628346.2526746,3.5899669746868312
1790628346.2539136,2.8202030225656927
1790628346.2540123,3.779108985327184
1790628346.2802682,2.6206359616480768
1790628346.3344722,2.480941009707749
1790628346.3349757,1.4578739646822214
1790628346.3492587,1.667122996877879
1790628346.3525012,1.2863180018030107
1790628346.3691566,1.9906989764422178
1790628346.413402,28.283226012717932
1790628346.4237807,35.92272603418678
1790628346.4281685,8.3184780087322
1790628346.4287093,54.02814701665193
1790628346.4287813,3.601164964493364
1790628346.4530635,1.7031370080076158
1790628346.4906301,2.1319190273061395
1790628346.502254,2.074642980005592
1790628346.5105124,2.144447003956884
1790628346.5198927,1.6695749945938587
1790628346.5593367,3.005066013429314
1790628346.5593932,2.139552030712366
1790628346.6117213,37.27853001328185
1790628346.6138105,18.889365019276738
1790628346.6139662,51.25338799552992
1790628346.671576,56.66040501091629
1790628346.6931365,71.14994403673336
1790628346.7003202,53.18308301502839
1790628346.7144883,108.18565502995625
1790628346.7155359,65.75755501398817
1790628346.7158232,51.52141803409904
1790628346.7159593,45.24686199147254
1790628346.7161136,109.24622003221884
1790628346.7320673,58.170100033748895
1790628346.7588582,71.52744702761993
1790628346.774938,28.15662499051541
1790628346.8089309,133.96369299152866
1790628346.8681355,147.41878904169425
1790628346.8685083,12.399095052387565
1790628346.8685832,109.11592101911083
1790628346.875523,1.6789419460110366
1790628346.902992,1.7897639772854745
1790628346.9159875,1.8774979980662465
1790628346.9283102,2.3224149481393397
1790628346.9534616,2.614297962281853
1790628346.9572334,1.8293239991180599
1790628346.9747698,1.8351150210946798
1790628347.0109048,4.013778991065919
1790628347.0491476,2.882961998693645
1790628347.0530589,1.7226170166395605
1790628347.0883653,3.1100650085136294
1790628347.1893742,1.8956040148623288
1790628347.2407122,2.410555025562644
1790628347.2702284,21.79333398817107
1790628347.290683,23.324672016315162
1790628347.3075848,64.75002504885197
1790628347.3183208,39.19909102842212
1790628347.338896,44.130876020062715
1790628347.3395731,58.534903975669295
1790628347.3887734,17.693599977064878
1790628347.4212742,49.59424101980403
1790628347.4557629,1.905632030684501
1790628347.4612224,1.9063529907725751
1790628347.5033932,2.10266700014472
1790628347.5034626,2.863511035684496
1790628347.5123222,1.484895998146385
1790628347.5419824,1.7501370166428387
1790628347.6099806,2.2040000185370445
1790628347.6394484,2.1098440047353506
1790628347.6820095,2.0866579725407064
1790628347.6887295,1.418464002199471
1790628347.6906433,1.6805679770186543
1790628347.6975646,1.587874023243785
1790628347.7674048,1077.5876910192892
1790628347.7892416,1.8520280136726797
1790628347.7936747,1.4219849836081266
1790628347.867348,33.23352796724066
1790628347.8835912,63.06743901222944
1790628347.8837018,6.990663998294622
1790628347.9225774,2.18518398469314
1790628347.9816952,2.0857739727944136
1790628347.9940665,1.71812396729365
1790628348.0182788,2.055047021713108
1790628348.0826447,18.907252000644803
1790628348.082716,58.8612100109458
1790628348.1197631,2.5574059691280127
1790628348.1220994,2.3198280250653625
1790628348.1530845,2.4482900043949485
1790628348.169631,1.9809790537692606
1790628348.213065,2.4137860164046288
1790628348.2642977,1.9770340295508504
1790628348.292149,2.003930974751711
1790628348.3154855,1.7412159941159189
1790628348.3849032,27.211164007894695
1790628348.3851316,56.24503496801481
1790628348.3854637,2.0922080148011446
1790628348.4232323,1.9794779946096241
1790628348.441085,2.4348970036953688
1790628348.4810297,1.8163350177928805
1790628348.4877696,1.5411279746331275
1790628348.5082421,1.6488039982505143
1790628348.5132532,1.82907102862373
1790628348.5262985,1.7219349974766374
1790628348.578806,2.151274005882442
1790628348.623591,1.797195989638567
1790628348.6329532,1.7183329910039902
1790628348.6507277,1.6782080056145787
1790628348.7420356,1.6770089860074222
1790628348.7421398,2.7288160054013133
1790628348.7528434,1.9259419641457498
1790628348.7868927,2.0090279867872596
1790628348.803423,1.7582480213604867
1790628348.8422606,2.2141230292618275
1790628348.899297,23.075125995092094
1790628348.9058273,59.68955403659493
1790628348.9058948,21.60027698846534
1790628348.9576125,2.0947830053046346
1790628348.979925,2.388141001574695
1790628348.9800534,3.0771419988013804
1790628348.992887,1.9809849909506738
1790628349.0661578,1.8372729537077248
1790628349.0667136,3.044206998310983
1790628349.0724044,1.3840479659847915
1790628349.0787401,1.699679996818304
1790628349.087229,1.9014609861187637
1790628349.095299,2.0493310294114053
1790628349.1181586,1.7596699763089418
1790628349.1368828,1.7267600051127374
1790628349.1749797,1.9008570234291255
1790628349.2055163,2.048110996838659
1790628349.232788,2.095295989420265
1790628349.2356508,1.4953790232539177
1790628349.2809832,1.9318039994686842
1790628349.36098,1.906636985950172
1790628349.3676403,1.6946970135904849
1790628349.3963733,1.965707982890308
1790628349.3987334,1.2464130413718522
1790628349.4369879,1.9147489801980555
1790628349.4506927,1.8104350310750306
1790628349.4895885,22.238448029384017
1790628349.511227,53.433510998729616
1790628349.5113096,4.732405010145158
1790628349.5508876,1.9094239687547088
1790628349.562206,1.9631169852800667
1790628349.5664306,1.3812200049869716
1790628349.5847013,1.5552389668300748
1790628349.7100875,59.21610997756943
1790628349.7102072,12.584463984239846
1790628349.7318048,1.7998070106841624
1790628349.7462165,2.00006301747635
1790628349.7737586,2.0634650136344135
1790628349.800307,2.1072139497846365
1790628349.8133512,1.8327749567106366
1790628349.84221,1.8865239690057933
1790628349.9254215,17.385536979418248
1790628349.938535,56.48600502172485
1790628349.9464304,2.361088991165161
1790628349.9585602,2.2720370325259864
1790628349.965088,1.672473968937993
1790628349.9868505,1.897557987831533
1790628349.9934242,1.6057500033639371
1790628350.0164514,2.1263640373945236
1790628350.0382767,2.2055020090192556
1790628350.0730157,2.1156269940547645
1790628350.0974476,2.202848030719906
1790628350.1114678,2.1015909733250737
1790628350.1210136,1.7858280334621668
1790628350.1477735,1.7706910148262978
1790628350.19579,1.7970810295082629
1790628350.2193446,2.1405229927040637
1790628350.265106,2.7995669515803456
1790628350.3050508,1.7224790062755346
1790628350.3279378,2.321062027476728
1790628350.3363454,1.7455859924666584
1790628350.3947556,2.5396659621037543
1790628350.4140513,2.0377759938128293
1790628350.4296632,1.698184001725167
1790628350.516268,56.234689021948725
1790628350.5324185,52.85680800443515
1790628350.543862,108.89649600721896
1790628350.545915,54.46456803474575
1790628350.5462518,88.65058200899512
1790628350.5466542,32.5880849850364
1790628350.5468647,17.4326510168612
1790628350.5472412,4.994534014258534
1790628350.5474563,18.730229989159852
1790628350.5477936,4.050039977300912
1790628350.5491114,1.308793027419597
1790628350.5533109,1.5017410041764379
1790628350.5554466,1.2415290111675858
1790628350.5591269,1.9218529923819005
1790628350.5956793,1.8705230322666466
1790628350.598236,1.4580599963665009
1790628350.744681,2.144745027180761
1790628350.7478132,1.6120350337587297
1790628350.7617393,1.8009199993684888
1790628350.7989137,22.02419296372682
1790628350.8200743,57.38415301311761
1790628350.8364096,17.210036050528288
1790628350.8668356,53.76890301704407
1790628350.9187663,2.0410980214364827
1790628350.9306355,1.815098978113383
1790628350.9487817,1.7632550443522632
1790628350.954032,1.755689037963748
1790628350.967458,1.9409950473345816
1790628350.9849265,2.750017971266061
1790628350.9999676,1.939220994245261
1790628351.0042882,1.870215986855328
1790628351.016299,2.0514679490588605
1790628351.0703733,1.7672620015218854
1790628351.08495,1.6860599862411618
1790628351.0869,1.3278070255182683
1790628351.1080542,1.725497015286237
1790628351.1123555,1.4743429492227733
1790628351.1265368,2.641119994223118
1790628351.1427915,1.8831270281225443
1790628351.1767545,2.0161180291324854
1790628351.1852183,1.7640329897403717
1790628351.1964905,1.8374370411038399
1790628351.221287,1.7592060030438006
1790628351.2810318,52.85516398726031
1790628351.281122,11.988883023150265
1790628351.3176167,22.2772000124678
1790628351.3429608,27.947122987825423
1790628351.3435664,55.35562802106142
1790628351.3440142,4.4088170398026705
1790628351.357953,1.701568951830268
1790628351.3716204,1.838898053392768
1790628351.37418,1.2737609795294702
1790628351.3849783,1.4875950291752815
1790628351.398484,1.944568008184433
1790628351.414005,1.8896880210377276
1790628351.4838374,1.9686399609781802
1790628351.5373046,2.1145279752090573
1790628351.5566297,1.89142394810915
1790628351.5779288,1.938287983648479
1790628351.5847769,1.708196010440588
1790628351.6072056,2.2286009625531733
1790628351.700459,21.94656600477174
1790628351.7165415,19.281162996776402
1790628351.728696,13.684252044185996
1790628351.7290478,53.32649900810793
1790628351.7291434,7.410168997012079
1790628351.7528865,1.8215960008092225
1790628351.7658,7.410004967823625
1790628351.8127155,18.887484970036894
1790628351.8131182,54.03577198740095
1790628351.8136814,18.786601023748517
1790628351.8142774,13.311237969901413
1790628351.8281784,2.0742019987665117
1790628351.8640115,3.4998899791389704
1790628351.8652513,1.8150770338252187
1790628351.8653262,3.189679002389312
1790628351.8677309,1.1670230305753648
1790628351.9324436,1.8729380099102855
1790628351.9472682,1.8428000039421022
1790628351.9821434,2.083803992718458
1790628352.0176938,1.9307149923406541
1790628352.0342367,1.7899450031109154
1790628352.0763807,2.5081459898501635
1790628352.1144867,2.0631899824365973
1790628352.1343007,1.7468539881519973
1790628352.169187,1.8567690276540816
1790628352.212766,2.0638179848901927
1790628352.245097,2.304126974195242
1790628352.2545474,1.7217759741470218
1790628352.3017638,1.9075589952990413
1790628352.3055089,1.5930560184642673
1790628352.3879113,2.39580002380535
1790628352.394972,1.6060820198617876
1790628352.3997512,1.44144898513332
1790628352.4119852,1.8112009856849909
1790628352.4167712,1.5289370203390718
1790628352.5418365,1.8572609988041222
1790628352.56709,2.1852279896847904
1790628352.569241,1.4998569968156517
1790628352.6241982,27.487858023960143
1790628352.6274593,58.170577976852655
1790628352.6275322,5.0069630378857255
1790628352.7700293,65.67042198730633
1790628352.7857184,2.349511021748185
1790628352.79109,1.7959839897230268
1790628352.8277376,2.2065339726395905
1790628352.8321211,1.7921950202435255
1790628352.834218,1.3418489834293723
1790628352.8471384,1.9331950461491942
1790628352.9007883,2.204354968853295
1790628352.9170597,2.211930986959487
1790628352.9590974,2.036634017713368
1790628352.991001,1.7834840109571815
1790628353.0005014,2.6802989887073636
1790628353.0005834,2.9384850058704615
1790628353.0022302,1.1971640051342547
1790628353.0136163,1.7476020148023963
1790628353.0595694,2.2378030116669834
1790628353.1045778,3.046259982511401
1790628353.1058276,1.7908160225488245
1790628353.1450942,3.2431280124001205
1790628353.1537054,2.7358700172044337
1790628353.1998043,1.9248370081186295
1790628353.2240765,2.1370690083131194
1790628353.2371862,2.0722499466501176
1790628353.2492611,2.1471490035764873
1790628353.305601,3.236193966586143
1790628353.3059244,2.8516650199890137
1790628353.3085527,1.7373719601891935
1790628353.3241339,1.8458239501342177
1790628353.3336186,1.6090190038084984
1790628353.3564193,2.0480299717746675
1790628353.3589127,1.5785970026627183
1790628353.3816428,1.9476619781926274
1790628353.394904,2.030832984019071
1790628353.3994215,1.6217150259763002
1790628353.4092073,1.6857989830896258
1790628353.41792,1.7082809936255217
1790628353.446113,2.723713987506926
1790628353.446637,1.7142840079031885
1790628353.468797,1.9164340337738395
1790628353.533855,2.329458948224783
1790628353.551667,1.8141759792342782
1790628353.5672956,2.826031995937228
1790628353.5680234,1.9984290120191872
1790628353.5729072,1.5220500063151121
1790628353.574686,1.3033970026299357
1790628353.6344092,27.331941993907094
1790628353.6498706,14.413001015782356
1790628353.6499581,55.900148989167064
1790628353.651526,1.419658015947789
1790628353.6636753,1.982610032428056
1790628353.6854327,1.7943110433407128
1790628353.7372234,33.193034993018955
1790628353.7629263,50.336367974523455
1790628353.7704546,43.151844991371036
1790628353.7921503,95.87985096732154
1790628353.7975476,52.913054008968174
1790628353.802823,53.08935703942552
1790628353.8075142,85.0493049947545
1790628353.8231313,70.73803996900097
1790628353.8534098,32.015655015129596
1790628353.8592732,28.302158985752612
1790628353.8597567,57.54753202199936
1790628353.8813233,1.7289159586653113
1790628353.900574,2.372040005866438
1790628353.906409,1.8705630209296942
1790628353.9072473,1.6824419726617634
1790628353.9407501,1.6836560098454356
1790628353.970057,2.219721965957433
1790628353.9717562,1.3896409654989839
1790628354.0291708,1.7936400254257023
1790628354.044961,1.9362230086699128
1790628354.0773249,2.82106501981616
1790628354.0782185,1.5932369860820472
1790628354.1177657,2.038016973529011
1790628354.1248662,1.4799709897488356
1790628354.15146,3.2243250170722604
1790628354.1515353,2.2255139774642885
1790628354.156179,1.3045529485680163
1790628354.2267916,53.24249400291592
1790628354.2494454,88.83181400597095
1790628354.2495804,23.715830000583082
1790628354.2555113,26.115613989531994
1790628354.2623045,84.54656199319288
1790628354.299556,39.15915498510003
1790628354.3000672,31.75937704509124
1790628354.3110864,31.847317004576325
1790628354.318755,8.479180047288537
1790628354.318862,64.27758396603167
1790628354.3431044,2.024749992415309
1790628354.3580658,2.0390740246511996
1790628354.3799365,1.851562992669642
1790628354.4050095,1.838149968534708
1790628354.5268705,2.8294260264374316
1790628354.5340889,1.9869570387527347
1790628354.5455241,1.5995629946701229
1790628354.552024,1.7957219970412552
1790628354.561273,1.6392029938288033
1790628354.5670164,1.4712439733557403
1790628354.59356,1.9407759536989033
1790628354.5948722,1.3016830198466778
1790628354.5985873,1.25606800429523
1790628354.608732,1.8782750121317804
1790628354.6183867,2.6750080287456512
1790628354.6184556,2.069191017653793
1790628354.6997168,2.313823963049799
1790628354.7005455,1.8273150199092925
1790628354.7504778,49.13041100371629
1790628354.75522,1.7890740418806672
1790628354.8336835,37.71494497777894
1790628354.8419788,54.13450603373349
1790628354.8783588,2.185955992899835
1790628354.8804822,1.5067889471538365
1790628354.9503114,22.08769996650517
1790628354.9654236,21.61965798586607
1790628354.965534,50.562136981170624
1790628354.9663358,1.9614870543591678
1790628354.982265,1.8024899763986468
1790628355.0261803,2.0553520298562944
1790628355.0298972,1.9501380156725645
1790628355.036781,1.706401992123574
1790628355.0481691,1.597103022504598
1790628355.0917547,2.019538020249456
1790628355.1765566,2.4765210109762847
1790628355.1774688,2.2628690348938107
1790628355.1877317,1.888927014078945
1790628355.227481,1.9852499826811254
1790628355.241663,2.2415590356104076
1790628355.3484037,2.0972409984096885
1790628355.3530934,1.7161759897135198
1790628355.355922,1.6838960000313818
1790628355.401381,2.006430004257709
1790628355.5116847,30.23414796916768
1790628355.5182078,29.422469960991293
1790628355.5232918,27.462937985546887
1790628355.5233629,28.502136992756277
1790628355.5322967,35.66008998313919
1790628355.5374658,59.72021899651736
1790628355.5857866,33.76550099346787
1790628355.5858707,38.25147601310164
1790628355.5869377,58.968793018721044
1790628355.5870988,11.410232982598245
1790628355.5873668,3.216502023860812
1790628355.58929,1.1775880120694637
1790628355.6088982,1.8416729872114956
1790628355.6646888,1.8169049872085452
1790628355.6843238,1.8629200058057904
1790628355.69766,1.7484219861216843
1790628355.8058622,8.538836031220853
1790628355.805943,53.18327702116221
1790628355.9158063,22.35892100725323
1790628355.9163818,55.8483469649218
1790628355.987349,1.8230039859190583
1790628356.0588872,1.8894459935836494
1790628356.0776427,2.1195519948378205
1790628356.0801182,1.5134639688767493
1790628356.1606266,2.272490004543215
1790628356.2177567,2.059811959043145
1790628356.2231164,1.875073998235166
1790628356.2556436,4.9497950240038335
1790628356.2579515,2.0931659964844584
1790628356.268643,1.686036994215101
1790628356.276487,1.6408610390499234
1790628356.2890751,2.7857570094056427
1790628356.2891557,2.279521955642849
1790628356.311203,1.8214949523098767
1790628356.3337097,2.080189995467663
1790628356.3532145,1.7255109851248562
1790628356.381813,1.8744809785857797
1790628356.396501,2.232883998658508
1790628356.424457,2.9832079890184104
1790628356.4315498,2.7946970076300204
1790628356.4416482,2.790925034787506
1790628356.4490848,3.481827036011964
1790628356.4698193,2.559176995418966
1790628356.483739,2.023421984631568
1790628356.514164,2.3126439773477614
1790628356.5313578,2.1807439625263214
1790628356.5748296,3.4961929777637124
1790628356.5936892,3.5076700150966644
1790628356.651271,3.1974189914762974
1790628356.6823294,2.8753220103681087
1790628356.689898,1.8233319860883057
1790628356.69135,1.3323859893716872
1790628356.7416155,26.17754100356251
1790628356.7520704,22.34516601311043
1790628356.7535443,51.90043797483668
1790628356.7542157,4.6353579964488745
1790628356.754294,5.93278300948441
1790628356.7985213,2.0258500007912517
1790628356.8519123,2.1335939527489245
1790628356.8753936,2.4495039833709598
1790628356.902473,2.078428049571812
1790628356.9088829,1.6663729911670089
1790628356.9245267,2.177352027501911
1790628356.9263458,1.439318002667278
1790628356.9873087,3.399306966457516
1790628357.011043,2.761213982012123
1790628357.0826755,14.800324977841228
1790628357.0827808,48.26297203544527
1790628357.0828419,20.901017996948212
1790628357.1344008,2.181886986363679
1790628357.162005,1.5315820346586406
1790628357.1679397,1.5558440354652703
1790628357.2280514,2.337059995625168
1790628357.3350616,38.68540097028017
1790628357.3355446,99.3000739836134
1790628357.3359182,91.88874799292535
1790628357.3363721,36.88069002237171
1790628357.3364475,26.00859897211194
1790628357.4108734,1.9615080091170967
1790628357.4337776,1.9386530038900673
1790628357.4440308,1.5975050046108663
1790628357.454319,1.7070689937099814
1790628357.4615583,1.7869409639388323
1790628357.5476413,1.914941007271409
1790628357.5530105,1.6287699691019952
1790628357.5632517,2.2945309756323695
1790628357.6038845,31.994033022783697
1790628357.615384,52.0772350137122
1790628357.616045,7.778183033224195
1790628357.6161234,5.810791975818574
1790628357.6369474,1.766818983014673
1790628357.7580929,7.238750054966658
1790628357.7581816,51.137102011125535
1790628357.774163,1.966355019249022
1790628357.8636832,5.44814596651122
1790628357.8638778,4.590847995132208
1790628357.8643503,3.0912720249034464
1790628357.865899,1.1909970198757946
1790628357.8753061,1.697768981102854
1790628357.9051275,1.786954002454877
1790628358.0003152,47.73377702804282
1790628358.028747,4.00219700532034
1790628358.028869,4.24430804559961
1790628358.0388522,2.006131981033832
1790628358.0897303,2.2066959645599127
1790628358.0979784,1.7838149797171354
1790628358.1193566,3.7082989583723247
1790628358.1207654,1.3969819992780685
1790628358.1390924,1.9279239932075143
1790628358.1952367,30.18829901702702
1790628358.1955435,20.82806301768869
1790628358.195601,52.160238032229245
1790628358.3052208,33.67097896989435
1790628358.3209305,55.10804301593453
1790628358.3210325,26.344474987126887
1790628358.32311,1.5925270272418857
1790628358.3353946,2.0935650100000203
1790628358.351309,2.4277259944938123
1790628358.3763726,2.625575987622142
1790628358.3912737,2.269705990329385
1790628358.465187,53.47274802625179
1790628358.4662178,7.2054109768942
1790628358.466818,2.882324974052608
1790628358.4880676,1.7029079608619213
1790628358.4992015,1.5020060236565769
1790628358.5315397,4.037995997350663
1790628358.5782497,3.6163939512334764
1790628358.5906918,2.088683017063886
1790628358.5944343,1.8708169809542596
1790628358.5977452,1.3564659748226404
1790628358.6226063,2.0755690056830645
1790628358.6733634,27.99808798590675
1790628358.6835766,32.06492098979652
1790628358.6924815,66.97881798027083
1790628358.6980033,29.820076015312225
1790628358.7190104,40.961487975437194
1790628358.7280397,66.63426401792094
1790628358.7287865,49.59617997519672
1790628358.728868,35.555404028855264
1790628358.7402608,1.8081610323861241
1790628358.7701638,2.081029990222305
1790628358.7732685,1.3724790187552571
1790628358.8108895,22.477218008134514
1790628358.816372,20.95373801421374
1790628358.834941,52.36407899064943
1790628358.835346,29.681263957172632
1790628358.8354187,30.397432972677052
1790628358.8673234,2.1170650143176317
1790628358.8714879,1.353887957520783
1790628358.8730378,1.4348949771374464
1790628358.9128416,2.0410919678397477
1790628358.9183815,1.4705550274811685
1790628358.9341383,1.8163589993491769
1790628359.0285714,1.971611985936761
1790628359.0915468,25.689274014439434
1790628359.0916543,49.00488303974271
1790628359.0957787,1.441445027012378
1790628359.1159143,1.6384179471060634
1790628359.151652,2.2614930057898164
1790628359.1722035,1.8987850053235888
1790628359.1923766,1.6447969828732312
1790628359.2129142,1.7696419963613153
1790628359.256841,2.0499449456110597
1790628359.3033533,2.3324890062212944
1790628359.3268156,1.8916549743153155
1790628359.340687,2.0190569921396673
1790628359.3454206,2.2113159648142755
1790628359.435259,21.483720978721976
1790628359.491106,81.60043304087594
1790628359.4963138,73.28723301179707
1790628359.516128,46.1144219734706
1790628359.5162544,93.70644303271547
1790628359.518684,1.818196033127606
1790628359.525937,1.6620639944449067
1790628359.5666199,1.7921709804795682
1790628359.6082914,4.565024981275201
1790628359.6160433,2.068399975541979
1790628359.6167367,1.611828978639096
1790628359.6415484,2.195072011090815
1790628359.6552043,3.0303020030260086
1790628359.6912022,2.0651270169764757
1790628359.7216933,1.9684690050780773
1790628359.727329,1.5187629614956677
1790628359.7481637,1.7564489971846342
1790628359.7690287,1.8737490172497928
1790628359.779865,2.1860399865545332
1790628359.8169491,1.890511019155383
1790628359.8979983,2.5139470235444605
1790628359.905175,1.9105359679087996
1790628359.9363425,2.5860010064207017
1790628359.9501176,1.7392319859936833
1790628359.9808114,1.9311640062369406
1790628360.0538218,2.4265989777632058
1790628360.0558174,1.3210559845902026
1790628360.0929003,2.061667968519032
1790628360.1407342,49.1266290191561
1790628360.1408167,5.144269031006843
1790628360.1572044,1.7826479743234813
1790628360.1625793,1.443643996026367
1790628360.1844816,2.024449990130961
1790628360.201057,1.6765939653851092
1790628360.2381985,2.6313469861634076
1790628360.2593036,2.6487179566174746
1790628360.260251,2.030573959928006
1790628360.271429,1.8927659839391708
1790628360.27409,1.3090939610265195
1790628360.276936,1.3570740120485425
1790628360.2983193,3.070581005886197
1790628360.332872,7.532306015491486
1790628360.333434,6.984336010646075
1790628360.3568888,3.0083800083957613
1790628360.3767812,3.0695960158482194
1790628360.4015374,3.3843189594335854
1790628360.4095073,3.063172975089401
1790628360.4108388,3.3312499872408807
1790628360.4408646,3.7599829956889153
1790628360.4765413,3.282057004980743
1790628360.4985533,3.0919850105419755
1790628360.5614457,2.6131310150958598
1790628360.5675507,1.652105012908578
1790628360.5785646,1.5742090181447566
1790628360.5842323,1.6796640120446682
1790628360.650991,2.5992730516009033
1790628360.7216837,50.78718101140112
1790628360.7220423,30.770561017561704
1790628360.7221396,34.59291800390929
1790628360.722209,15.762677998282015
1790628360.7768636,32.332263013813645
1790628360.785083,50.363823014777154
1790628360.8198266,1.7062720144167542
1790628360.8255641,1.357399974949658
1790628360.828049,1.5903959865681827
1790628360.8312066,1.7395379836671054
1790628360.8644428,1.9760130089707673
1790628360.942328,2.4442190187983215
1790628361.0173304,54.91872603306547
1790628361.0174038,11.978677997831255
1790628361.0580304,2.0406199619174004
1790628361.0963051,2.2635370260104537
1790628361.1193354,2.119540993589908
1790628361.170713,2.947933040559292
1790628361.1843224,2.2711189812980592
1790628361.2002513,2.5001969770528376
1790628361.206686,2.0469019655138254
1790628361.209345,1.7796859610825777
1790628361.2276623,1.8385950243100524
1790628361.2336671,2.2962960065342486
1790628361.233765,1.9345170003362
1790628361.2418485,2.39578599575907
1790628361.2683897,2.8775709797628224
1790628361.268477,2.1854820079170167
1790628361.2973924,2.0870709558948874
1790628361.3227208,2.015948004554957
1790628361.3581443,1.9375510164536536
1790628361.3651667,2.1718450007028878
1790628361.384215,2.28749105008319
1790628361.3935602,2.1410390036180615
1790628361.44943,2.218708978034556
1790628361.483289,1.9768800120800734
1790628361.505113,1.7947630258277059
1790628361.5191038,1.89707096433267
1790628361.5412078,1.7596580437384546
1790628361.5576897,1.9623460248112679
1790628361.580447,2.5412749964743853
1790628361.5819228,1.4552909997291863
1790628361.5893729,1.629206002689898
1790628361.5922406,1.3488450204022229
1790628361.620154,1.7264240304939449
1790628361.631726,1.6204440034925938
1790628361.6341894,1.3236149679869413
1790628361.639036,1.4259649906307459
1790628361.663453,2.2921959753148258
1790628361.6671758,1.83287903200835
1790628361.7043219,1.9038569880649447
1790628361.762541,1.9733249791897833
1790628361.829592,29.66353204101324
1790628361.835448,10.90801804093644
1790628361.8461256,75.35936502972618
1790628361.8767204,26.792770018801093
1790628361.8768554,61.9125830125995
1790628361.8771565,9.556439006701112
1790628361.9065473,2.0276049617677927
1790628361.9441612,2.5012039695866406
1790628361.9456618,2.1112270187586546
1790628361.9928837,38.57222996884957
1790628361.9971633,13.173336046747863
1790628361.9972713,52.92463698424399
1790628361.9973953,28.292224975302815
1790628362.029902,2.01032601762563
1790628362.0737057,16.96662197355181
1790628362.0909908,49.68958895187825
1790628362.1089454,1.8049580394290388
1790628362.1124651,1.7135260277427733
1790628362.119907,1.6577380010858178
1790628362.1535048,1.9428470404818654
1790628362.1878915,1.9594290060922503
1790628362.190689,1.57188402954489
1790628362.2378552,2.0659510046243668
1790628362.2416377,1.814870978705585
1790628362.2564542,1.9075529999099672
1790628362.279563,1.9855750142596662
1790628362.3738902,2.0147599861957133
1790628362.4827003,27.599975001066923
1790628362.5151699,52.171505987644196
1790628362.5325284,62.609485001303256
1790628362.5664663,119.13766496581957
1790628362.5822747,85.94618400093168
1790628362.5931215,94.31093401508406
1790628362.6127095,143.72361201094463
1790628362.6133254,116.27934197895229
1790628362.61351,84.70643701730296
1790628362.62396,65.30864594969898
1790628362.6449823,81.04979200288653
1790628362.6630373,73.68995400611311
1790628362.6844044,2.245345967821777
1790628362.7189705,1.7738559981808066
1790628362.767931,29.447174980305135
1790628362.7862382,45.137314999010414
1790628362.7863321,51.049133006017655
1790628362.793597,1.6989290015771985
1790628362.835718,2.3477949434891343
1790628362.8365667,1.9151230226270854
1790628362.8704362,1.7806299729272723
1790628362.8779838,1.4622299931943417
1790628362.887414,1.7978919786401093
1790628362.8874798,2.9384889639914036
1790628362.8986847,7.06385902594775
1790628362.9418733,50.407547038048506
1790628362.9486947,1.8705310067161918
1790628362.9534783,2.0403950475156307
1790628362.9544494,1.8622030038386583
1790628363.0048738,2.165667014196515
1790628363.0198352,1.805413980036974
1790628363.0295188,1.7468350124545395
1790628363.0614204,1.8403379945084453
1790628363.0935395,2.5235009961761534
1790628363.0947337,1.730007992591709
1790628363.097604,1.3803819892928004
1790628363.1239486,1.800940022803843
1790628363.2139437,52.84133198438212
1790628363.2682276,2.2143389796838164
1790628363.2812645,1.76498998189345
1790628363.2901742,1.6717760008759797
1790628363.3172905,2.650653012096882
1790628363.3178682,1.6425850335508585
1790628363.3314278,1.7081580008380115
1790628363.3887115,2.3311179829761386
1790628363.4278345,2.1854700171388686
1790628363.5036151,2.2283720318228006
1790628363.5323074,2.26273899897933
1790628363.5720596,1.9267559982836246
1790628363.577989,1.981905021239072
1790628363.587004,1.7036719946190715
1790628363.59513,1.53817399404943
1790628363.6105828,1.7384159727953374
1790628363.6131003,1.6660019755363464
1790628363.6131577,2.4116919958032668
1790628363.6633713,2.1405310253612697
1790628363.6921592,2.027157985139638
1790628363.7173157,2.2556509939022362
1790628363.7209353,1.816434960346669
1790628363.728708,1.5676870243623853
1790628363.7402856,1.6322319861501455
1790628363.8081682,2.299838000908494
1790628363.9452114,22.55285100545734
1790628363.9560537,22.890579013619572
1790628363.9605217,51.564565976150334
1790628364.0476332,2.3147310130298138
1790628364.049651,2.002563967835158
1790628364.0506377,1.9739959971047938
1790628364.0892186,2.048477006610483
1790628364.0954993,1.4037879882380366
1790628364.1253805,3.0040309648029506
1790628364.1254864,3.0233520083129406
1790628364.1748455,2.135889953933656
1790628364.1823967,2.74524197448045
1790628364.1837747,1.3560279621742666
1790628364.2164066,1.9665940199047327
1790628364.2674327,2.0968939643353224
1790628364.279737,1.7560870037414134
1790628364.2851822,1.4350899728015065
1790628364.29684,1.9895639852620661
1790628364.3013656,1.4525949954986572
1790628364.3211653,2.196782035753131
1790628364.384014,1.9120589713566005
1790628364.3984644,1.7362459911964834
1790628364.401497,1.3925630482845008
1790628364.4167485,1.9394630216993392
1790628364.4509854,1.936241053044796
1790628364.5317786,48.88395901070908
1790628364.5320742,9.430904989130795
1790628364.532373,5.340069008525461
1790628364.6204941,1.9602400134317577
1790628364.6233253,1.883807999547571
1790628364.6459997,1.857123977970332
1790628364.6966572,1.8022779840976
1790628364.7152822,1.7880229861475527
1790628364.7722738,2.1724849939346313
1790628364.786699,1.8818640382960439
1790628364.8028042,2.3429470020346344
1790628364.8247173,2.0678240107372403
1790628364.8467715,2.0803920342586935
1790628364.9363394,2.379201992880553
1790628364.9459212,1.8368280143477023
1790628364.957858,2.118209027685225
1790628364.9758005,1.902760996017605
1790628365.0085032,1.9975919858552516
1790628365.0719745,1.9243379938416183
1790628365.0847628,1.6341760056093335
1790628365.0901906,1.7057390068657696
1790628365.216382,53.042993997223675
1790628365.2201571,1.5668550040572882
1790628365.2667725,1.8903369782492518
1790628365.3772929,60.9788810252212
1790628365.3776479,78.94680701429024
1790628365.398907,46.507677994668484
1790628365.4023,79.21567797893658
1790628365.4024496,33.15808100160211
1790628365.4100642,1.6501780482940376
1790628365.4101305,2.2705160081386566
1790628365.430497,2.1413800423033535
1790628365.43137,1.7495680367574096
1790628365.5283694,1.8501589656807482
1790628365.595685,1.998818013817072
1790628365.6415431,1.9790860242210329
1790628365.666338,2.1396889933384955
1790628365.6825843,2.1590139949694276
1790628365.6877491,1.973562000785023
1790628365.6978302,1.923535019159317
1790628365.7077522,1.8424029694870114
1790628365.7122643,1.357784029096365
1790628365.745064,1.789422007277608
1790628365.7457528,1.660398964304477
1790628365.7618558,2.4480059510096908
1790628365.7620032,1.9643750274553895
1790628365.7721913,1.5383290010504425
1790628365.7970452,3.098779998254031
1790628365.7971156,2.4878199910745025
1790628365.823839,1.8447909969836473
1790628365.8316677,1.5571920084767044
1790628365.84919,1.9602740067057312
1790628365.8816128,31.258852977771312
1790628365.8921247,26.186487986706197
1790628365.9022918,7.727553020231426
1790628365.9023664,54.16960397269577
1790628366.0085576,2.0920030074194074
1790628366.042467,24.408975965343416
1790628366.0637324,39.0394750284031
1790628366.0638528,23.65139900939539
1790628366.0702639,56.124730966985226
1790628366.0780761,2.4312110035680234
1790628366.0787385,1.6156909987330437
1790628366.1111999,1.6985959955491126
1790628366.1396766,2.4682279909029603
1790628366.1402712,1.6799279837869108
1790628366.1440353,1.309401006437838
1790628366.1609879,1.885122968815267
1790628366.2020354,1.935704960487783
1790628366.2475867,1.8006160389631987
1790628366.2891655,2.063252031803131
1790628366.3123364,1.813257986214012
1790628366.3164513,1.5251610311679542
1790628366.320906,1.7032530158758163
1790628366.3664622,1.8529929802753031
1790628366.3706672,1.896626956295222
1790628366.3739793,1.7375979805365205
1790628366.3857188,1.9555469625629485
1790628366.4007995,2.007829025387764
1790628366.408801,2.2585620172321796
1790628366.4206364,1.6135270125232637
1790628366.427315,1.5845950110815465
1790628366.4468515,2.2246260195970535
1790628366.543856,33.490698027890176
1790628366.5494447,24.969517020508647
1790628366.5513144,52.45530395768583
1790628366.5514169,23.84704997530207
1790628366.6267157,1.8320049857720733
1790628366.6939137,2.1054419921711087
1790628366.6945088,1.5310529852285981
1790628366.7145584,1.7921149847097695
1790628366.7519734,1.9985190010629594
1790628366.778492,2.025903027970344
1790628366.7928727,1.8126480281352997
1790628366.8547676,50.33233895665035
1790628366.961342,12.026435986626893
1790628366.9696753,7.910980028100312
1790628366.97117,57.38904100144282
1790628366.9712698,4.189385974314064
1790628366.9713342,3.3053579973056912
1790628366.976393,1.4771330170333385
1790628367.0058079,22.25563395768404
1790628367.0357268,58.474219986237586
1790628367.0359564,18.239894998259842
1790628367.0365932,2.29730800492689
1790628367.095451,2.051029005087912
1790628367.0984137,1.350618025753647
1790628367.1092608,1.938781002536416
1790628367.1128817,1.8799139652401209
1790628367.1153157,1.5017280238680542
1790628367.123498,1.7323250067420304
1790628367.1302645,1.3974959729239345
1790628367.1878586,1.9944190280511975
1790628367.2384722,2.3006420233286917
1790628367.2585557,2.106110972817987
1790628367.3296852,17.458854999858886
1790628367.3480496,59.325081994757056
1790628367.3481426,35.05248104920611
1790628367.3541765,38.50996302207932
1790628367.3696384,25.589767028577626
1790628367.4362352,92.67059899866581
1790628367.452959,9.561750979628414
1790628367.453047,68.64503800170496
1790628367.4531236,55.857042025309056
1790628367.478186,1.7645999905653298
1790628367.4800453,1.3025529915466905
1790628367.5289805,22.551455011125654
1790628367.5498612,38.77091401955113
1790628367.5602124,60.31976704252884
1790628367.5603766,4.215795022901148
1790628367.5890496,1.7078790115192533
1790628367.6155882,1.8318830407224596
1790628367.6235762,2.3949859896674752
1790628367.633716,1.6020630137063563
1790628367.6652508,1.7983359866775572
1790628367.6688344,1.6459649777971208
1790628367.6967866,1.8226320389658213
1790628367.7289448,3.1203359831124544
1790628367.7300575,2.4083320167846978
1790628367.7337997,1.3936899485997856
1790628367.8377619,2.5185560225509107
1790628367.838271,1.5821830020286143
1790628367.8534482,1.819541968870908
1790628367.901314,2.2075080196373165
1790628367.939125,1.8363409908488393
1790628367.9764352,2.4899980053305626
1790628368.0384839,5.9417999582365155
1790628368.0385854,57.45818198192865
1790628368.0661967,2.1138940355740488
1790628368.0778396,2.550115983467549
1790628368.1083255,1.8921580049209297
1790628368.131341,1.7687180079519749
1790628368.1830955,32.68318803748116
1790628368.7913842,68.17212898749858
1790628368.7914984,18.447124981321394
1790628368.7944157,1.5534330159425735
1790628368.7963917,1.5226540272124112
1790628368.8032124,1.5602830098941922
1790628368.8725965,2.004884008783847
1790628368.8919952,1.9608080037869513
1790628368.9091449,2.1466389880515635
1790628368.965538,1.8889069906435907
1790628369.017581,2.1381030092015862
1790628369.0203166,1.5853890217840672
1790628369.0781045,22.818383004050702
1790628369.0894785,58.77604498527944
1790628369.0899153,27.167720953002572
1790628369.0905218,26.353565976023674
1790628369.090616,24.0548099973239
1790628369.104867,1.9680150435306132
1790628369.1082077,1.9839209853671491
1790628369.1188574,2.193342021200806
1790628369.1535497,2.079037018120289
1790628369.1973376,2.057745005004108
1790628369.2292364,2.198890026193112
1790628369.284056,1.8174779834225774
1790628369.296382,1.6624439740553498
1790628369.3263555,1.9261599518358707
1790628369.3493276,1.853289024438709
1790628369.4251397,66.08671497087926
1790628369.4356601,40.43508297763765
1790628369.4606693,64.49166999664158
1790628369.4611077,15.788887976668775
1790628369.4622822,1.9596730126067996
1790628369.5189276,1.8251959700137377
1790628369.5339723,2.6757970335893333
1790628369.5380614,1.9448919920250773
1790628369.5417395,1.6883580246940255
1790628369.613913,1.8039330025203526
1790628369.6873527,23.402610968332738
1790628369.7176533,59.81836898718029
1790628369.7998044,72.50613596988842
1790628369.8162878,28.414744010660797
1790628369.8299255,26.19618404423818
1790628369.8300061,64.08214598195627
1790628369.8326283,1.388715987559408
1790628369.8385496,1.568819978274405
1790628369.866015,14.165127009619027
1790628369.8819761,19.620353006757796
1790628369.899048,20.78655903460458
1790628369.9045541,9.772301011253148
1790628369.904673,56.91617401316762
1790628369.9493413,2.395166957285255
1790628369.9494178,3.062519012019038
1790628369.9596872,1.6523209633305669
1790628369.9716582,2.0966900046914816
1790628370.0272558,2.603663015179336
1790628370.0445356,3.2354789436794817
1790628370.08047,2.60644598165527
1790628370.1527386,2.1939650177955627
1790628370.1707044,1.8037609988823533
1790628370.1920402,1.7524890135973692
1790628370.2410123,1.9202289986424148
1790628370.2849324,2.2434390266425908
1790628370.2992723,2.723571960814297
1790628370.2993581,3.718680003657937
1790628370.3192005,2.587704046163708
1790628370.3558302,6.333747005555779
1790628370.3593175,1.7495700158178806
1790628370.3641267,2.182656025979668
1790628370.364858,1.9221489783376455
1790628370.385889,1.7913189949467778
1790628370.5017745,2.573257021140307
1790628370.5262184,2.356901008170098
1790628370.5369105,2.567221992649138
1790628370.5625622,2.2542260121554136
1790628370.5728965,2.990378998219967
1790628370.5742164,1.3098519993945956
1790628370.643293,22.124085982795805
1790628370.6541746,16.54543000040576
1790628370.6658087,27.4727990035899
1790628370.666065,8.245636010542512
1790628370.666127,51.735385961364955
1790628370.75224,3.263952035922557
1790628370.7582877,3.5215329844504595
1790628370.76318,2.3027650313451886
1790628370.797474,1.8266760162077844
1790628370.823402,1.8676979816518724
1790628370.8719177,3.174076962750405
1790628370.8853722,1.7945260042324662
1790628370.9793878,81.39414200559258
1790628370.990395,22.880938951857388
1790628370.9953663,28.39330700226128
1790628370.9966817,79.8580709961243
1790628371.0058043,1.6346219927072525
1790628371.0094843,1.3576390338130295
1790628371.0723312,27.51989895477891
1790628371.084046,50.95775699010119
1790628371.0943525,1.750572002492845
1790628371.1194906,1.8947540083900094
1790628371.1208348,1.3331110239960253
1790628371.1826525,2.027672016993165
1790628371.2156138,3.32373398123309
1790628371.2157304,2.537029969971627
1790628371.2384458,2.0700989989563823
1790628371.3084164,2.2859639720991254
1790628371.3234885,1.766478002537042
1790628371.3514478,1.9399489974603057
1790628371.387279,2.1221890347078443
1790628371.4004498,1.625210978090763
1790628371.4235117,1.7178150010295212
1790628371.4746602,2.583511988632381
1790628371.4747167,1.915875996928662
1790628371.5176494,3.120745997875929
1790628371.531264,1.9963009981438518
1790628371.5416737,2.8107570251449943
1790628371.546136,1.6192079638130963
1790628371.5514894,1.3481819769367576
1790628371.6148016,3.488491987809539
1790628371.6229348,3.930478007532656
1790628371.6230164,2.41745199309662
1790628371.627378,1.4926860458217561
1790628371.656356,2.9455480398610234
1790628371.657339,2.2092339931987226
1790628371.7139034,2.4284879909828305
1790628371.7202141,1.7765630036592484
1790628371.7261925,2.423436031676829
1790628371.7533183,2.280865970533341
1790628371.8993807,93.87875499669462
1790628371.900141,77.41404901025817
1790628371.9002488,99.75895698880777
1790628371.90058,96.62185702472925
1790628371.9006455,42.72983403643593
1790628371.9239295,1.9108839915134013
1790628371.9295177,1.5523339970968664
1790628371.976067,1.9233819912187755
1790628371.9931312,1.8710040021687746
1790628372.0305665,2.860238018911332
1790628372.0392015,1.8473240197636187
1790628372.0761049,1.6675199731253088
1790628372.1391044,6.8346509942784905
1790628372.1483183,3.3932009828276932
1790628372.1660023,1.9442790071479976
1790628372.170246,1.6013520071282983
1790628372.177027,1.6923759831115603
1790628372.1777275,1.4725099899806082
1790628372.202506,2.9364590300247073
1790628372.2599468,4.972275986801833
1790628372.261614,4.5037560048513114
1790628372.3641775,3.1531209824606776
1790628372.3691955,1.871671003755182
1790628372.3978386,3.3432929776608944
1790628372.4109392,2.5795630062930286
1790628372.4141836,2.632447984069586
1790628372.4559288,42.44658199604601
1790628372.4620993,33.571292005945
1790628372.4624527,49.91511697880924
1790628372.4637334,34.38452602131292
1790628372.4638243,31.101230008061975
1790628372.4638884,16.503472987096757
1790628372.4883368,1.7055619973689318
1790628372.4940543,1.3882049825042486
1790628372.5245397,2.4624820216558874
1790628372.5299194,1.9033789867535233
1790628372.5469835,2.0167449838481843
1790628372.603722,49.1343829780817
1790628372.6047795,1.961792993824929
1790628372.6135142,1.7982929712161422
1790628372.647089,1.803297025617212
1790628372.673008,3.701945999637246
1790628372.6740878,3.245619998779148
1790628372.6756206,1.1645350023172796
1790628372.6928499,1.875780988484621
1790628372.8278012,14.022111019585282
1790628372.8284628,52.169600035995245
1790628372.8285494,11.387309001293033
1790628372.8316805,1.5634570154361427
1790628372.8403468,1.3980490039102733
1790628372.8547122,1.5006560133770108
1790628372.941822,38.32167905056849
1790628372.9554029,31.62874298868701
1790628372.955484,57.158808049280196
1790628372.9757,1.6751399962231517
1790628373.033665,9.698151028715074
1790628373.0346084,5.211498006246984
1790628373.0415761,1.9732349901460111
1790628373.0808585,1.7082890262827277
1790628373.0947695,1.9519429770298302
1790628373.1096277,3.2017549965530634
1790628373.1476157,2.1171149564906955
1790628373.1656415,1.9422400509938598
1790628373.2113016,3.347998019307852
1790628373.2401845,2.8377510025165975
1790628373.3298314,39.76310999132693
1790628373.3299127,52.062670001760125
1790628373.329979,28.808145958464593
1790628373.335018,1.5880470164120197
1790628373.3381307,1.571912958752364
1790628373.3803244,1.9894609577022493
1790628373.3905182,1.5735939959995449
1790628373.4010277,1.6195939970202744
1790628373.4191651,1.9832630059681833
1790628373.504295,2.0633169915527105
1790628373.5555007,1.789695001207292
1790628373.6895247,2.4587439838796854
1790628373.6900682,1.5942789614200592
1790628373.6917694,1.145408023148775
1790628373.7010975,3.8233870291151106
1790628373.7371786,2.0255359704606235
1790628373.752454,2.1928560454398394
1790628373.799862,2.4103359901346266
1790628373.8006587,1.5508270007558167
1790628373.8393314,2.660782018210739
1790628373.8669353,2.7447639731690288
1790628373.8875182,1.8099920125678182
1790628373.906517,2.1130600362084806
1790628373.908391,1.457432983443141
1790628373.9844775,3.78317799186334
1790628373.9852374,2.293093013577163
1790628374.0399995,33.38497696677223
1790628374.0501478,37.30600199196488
1790628374.0518055,50.97429401939735
1790628374.064331,2.003073983360082
1790628374.110904,2.347386034671217
1790628374.1780636,4.561546957120299
1790628374.1855688,3.2286180066876113
1790628374.2667506,37.95090795028955
1790628374.2755258,53.46310400636867
1790628374.2756531,12.295091000851244
1790628374.2757235,4.757382033858448
1790628374.2813637,2.128824999090284
1790628374.2900012,2.3582049761898816
1790628374.338254,2.2098979679867625
1790628374.3834865,1.8676640465855598
1790628374.3940861,2.0826050313189626
1790628374.455411,1.8232110305689275
1790628374.4793532,2.114475006237626
1790628374.4981163,2.1734099718742073
1790628374.4991214,1.4194539980962873
1790628374.530905,2.0643009920604527
1790628374.5740411,2.493825973942876
1790628374.5882344,2.0909959566779435
1790628374.647983,54.26299199461937
1790628374.6761503,1.8461289582774043
1790628374.7520673,2.5971310096792877
1790628374.7670548,2.1141699980944395
1790628374.7675362,1.590126019436866
1790628374.786401,1.890612009447068
1790628374.7881567,1.3767899945378304
1790628374.7922482,1.3571000308729708
1790628374.8256967,1.9884940120391548
1790628374.8388834,1.9235129584558308
1790628374.8587577,12.911372992675751
1790628374.8805933,28.266910987440497
1790628374.898098,35.871019994374365
1790628374.8983612,56.64500599959865
1790628374.8987532,23.784876975696534
1790628374.8988683,4.9545359797775745
1790628374.9108312,2.245394978672266
1790628374.9126163,1.7713159904815257
1790628374.9375687,1.7994650406762958
1790628374.9430337,1.808487984817475
1790628374.9759383,2.056222001556307
1790628375.0223427,1.8790810136124492
1790628375.0224264,2.791432023514062
1790628375.0237644,1.176966994535178
1790628375.0531566,1.9994070171378553
1790628375.10533,1.8211869755759835
1790628375.1226602,1.6810199595056474
1790628375.1718414,1.788634981494397
1790628375.1846704,2.4035709793679416
1790628375.247927,17.20521500101313
1790628375.2910068,80.04848100244999
1790628375.3118742,37.62564901262522
1790628375.3187582,77.23353995243087
1790628375.3194911,23.908331990242004
1790628375.3200452,21.16115897661075
1790628375.320645,14.948280993849039
1790628375.320805,6.024636037182063
1790628375.3704708,28.419865004252642
1790628375.3812304,25.542433955706656
1790628375.393378,36.56784602208063
1790628375.394189,58.507375011686236
1790628375.3947387,14.370115997735411
1790628375.3950536,12.829952989704907
1790628375.395759,8.4900269866921
1790628375.3958144,4.280292021576315
1790628375.4002674,1.5656809555366635
1790628375.4130623,1.6327609773725271
1790628375.4189813,1.6642760019749403
1790628375.476801,22.179841005709022
1790628375.4978006,38.93007704755291
1790628375.510081,42.00434900121763
1790628375.5104406,56.8272810196504
1790628375.5196414,1.895994006190449
1790628375.5247502,1.4760639751330018
1790628375.575846,1.8777860095724463
1790628375.5904353,2.097246004268527
1790628375.6661427,22.86025695502758
1790628375.6710896,38.029381015803665
1790628375.6764839,55.09082297794521
1790628375.706577,1.8654909799806774
1790628375.713075,1.5778570086695254
1790628375.7386158,1.9735869718715549
1790628375.7467,2.8137589688412845
1790628375.7468436,2.442093042191118
1790628375.768535,2.1686790278181434
1790628375.7692556,2.114939969033003
1790628375.8432214,23.09665596112609
1790628375.8482387,51.771864003967494
1790628375.8483238,5.983105977065861
1790628375.8585787,1.6395739512518048
1790628375.8838491,2.013599965721369
1790628375.9247842,2.3384240339510143
1790628375.942652,1.7112639616243541
1790628375.9613945,2.1658489713445306
1790628375.9940844,2.1723019890487194
1790628376.021111,2.057825040537864
1790628376.02597,1.8079460132867098
1790628376.0421703,1.9370870431885123
1790628376.0450914,1.3179329689592123
1790628376.103415,1.7217110143974423
1790628376.1408849,2.354219031985849
1790628376.1525123,1.9234069623053074
1790628376.2309186,1.8110430100932717
1790628376.2479658,1.7612999654375017
1790628376.253336,2.4711440200917423
1790628376.253629,2.239350986201316
1790628376.279026,2.656775002833456
1790628376.3022625,1.8884290475398302
1790628376.311581,2.6902600075118244
1790628376.321109,3.2971350010484457
1790628376.3212104,2.632786985486746
1790628376.3447938,1.850531029049307
1790628376.3507006,1.38405297184363
1790628376.3940413,1.727215014398098
1790628376.4418929,1.8521189922466874
1790628376.4874816,1.7720520263537765
1790628376.497335,2.2294159862212837
1790628376.4991124,1.6808950458653271
1790628376.5052383,1.6103259986266494
1790628376.5240533,1.8059180001728237
1790628376.5398743,2.1588479867205024
1790628376.5942943,32.99124602926895
1790628376.5968263,51.982072996906936
1790628376.695055,1.8117160070687532
1790628376.7168424,2.020479994826019
1790628376.7472258,2.093956049066037
1790628376.7994165,2.1406940068118274
1790628376.8220599,1.908654987346381
1790628376.8305464,2.1060979925096035
1790628376.8725421,2.266283961944282
1790628376.8770041,1.7271169926971197
1790628376.8976617,1.8798320088535547
1790628377.0038145,26.32935397559777
1790628377.003899,51.06601899024099
1790628377.0181873,1.8149929819628596
1790628377.153388,48.58323000371456
1790628377.165889,2.47770402347669
1790628377.1876965,2.222227049060166
1790628377.2018201,1.8764970009215176
1790628377.2098556,1.588249986525625
1790628377.2128046,2.4513090029358864
1790628377.2129004,1.9244260038249195
1790628377.221719,2.0990140037611127
1790628377.2228873,2.0003520185127854
1790628377.2669148,1.7781319911591709
1790628377.3155284,16.346840013284236
1790628377.3532913,23.342932981904596
1790628377.3534005,55.92118302593008
1790628377.3813443,1.7596249817870557
1790628377.4083579,7.0298470091074705
1790628377.4247482,20.650781982112676
1790628377.4408827,23.46829796442762
1790628377.4573174,18.716663995292038
1790628377.460333,17.23078201757744
1790628377.4606779,60.12231798376888
1790628377.4608326,16.781289014033973
1790628377.461527,8.261959999799728
1790628377.5103335,1.7990730120800436
1790628377.5450118,1.897259964607656
1790628377.6119864,1.84902100590989
1790628377.6211185,1.9123299862258136
1790628377.62181,3.1600460060872138
1790628377.6714861,2.3541219998151064
1790628377.6814733,1.6195480129681528
1790628377.7680516,2.2350099752657115
1790628377.7742352,1.7014920013025403
1790628377.7784503,2.1577110164798796
1790628377.809924,12.824661040212959
1790628377.8482277,50.384850008413196
1790628377.8483527,21.393283968791366
1790628377.8734088,1.7691730172373354
1790628377.8765855,1.580621988978237
1790628377.8885899,1.861838041804731
1790628377.909325,1.9197450019419193
1790628377.9142873,1.4210669905878603
1790628377.9168777,1.5054040122777224
1790628377.9415262,1.765805995091796
1790628377.9446769,1.4783160295337439
1790628377.9519827,1.695387007202953
1790628377.9951112,1.9224529969505966
1790628378.0104923,1.9124459940940142
1790628378.0173016,1.6519909841008484
1790628378.0177379,1.3540909858420491
1790628378.0215478,1.4802279765717685
1790628378.0532002,2.060753002297133
1790628378.0862691,1.8432830111123621
1790628378.1136487,1.9231949700042605
1790628378.1685233,1.869550033006817
1790628378.2068548,2.174068009480834
1790628378.244179,1.7175740213133395
1790628378.3058622,27.522318996489048
1790628378.311481,21.119770011864603
1790628378.3153508,51.397859991993755
1790628378.322182,1.7748120008036494
1790628378.3622668,1.8130299868062139
1790628378.3779032,2.1247239783406258
1790628378.377979,2.7997689903713763
1790628378.4339018,1.985846960451454
1790628378.4722614,2.446202968712896
1790628378.5250118,12.365784030407667
1790628378.5482526,58.19645500741899
1790628378.5700724,7.805145985912532
1790628378.6119,40.836663043592125
1790628378.6899667,65.50158699974418
1790628378.6957977,132.8151899506338
1790628378.7161462,69.00486798258498
1790628378.7164526,38.40813698479906
1790628378.7168674,137.14818301377818
1790628378.7175426,12.872441962826997
1790628378.717646,152.50163403106853
1790628378.762549,2.3939800448715687
1790628378.7843864,2.122309000696987
1790628378.7876425,1.510386005975306
1790628378.8412971,2.033110009506345
1790628378.907129,23.529231024440378
1790628378.9122753,43.67444000672549
1790628378.9186175,45.1499359915033
1790628378.9193609,56.523003964684904
1790628378.9196658,5.453602992929518
1790628378.9534328,1.9936710014007986
1790628378.9578328,1.6322930459864438
1790628378.9805455,1.9940499914810061
1790628378.9887967,1.885229954496026
1790628378.9932077,1.427654002327472
1790628379.0261157,12.164010026026517
1790628379.0521436,32.239823951385915
1790628379.0596788,51.99460400035605
1790628379.1116018,38.053529046010226
1790628379.116817,27.548365003895015
1790628379.1195827,55.6037689675577
1790628379.147135,1.893859007395804
1790628379.1535456,1.790215028449893
1790628379.1579623,1.6134970355778933
1790628379.207932,1.9462829804979265
1790628379.2294421,3.1301919952966273
1790628379.229732,2.78360495576635
1790628379.2494242,2.17158196028322
1790628379.2519639,1.5218519838526845
1790628379.26133,1.5866049798205495
1790628379.2682824,1.6838859883137047
1790628379.2802699,2.1432210342027247
1790628379.2910497,2.556864987127483
1790628379.3051436,2.1085419575683773
1790628379.343458,2.401364967226982
1790628379.3629735,2.1393460338003933
1790628379.365448,1.6563910176046193
1790628379.389383,2.645119035150856
1790628379.3907607,2.4160059983842075
1790628379.3922632,1.488303008954972
1790628379.4106863,2.1261259680613875
1790628379.4466615,2.935521013569087
1790628379.4705026,2.061487000901252
1790628379.5176158,1.920660026371479
1790628379.5700045,2.4801400140859187
1790628379.5770102,1.6562719829380512
1790628379.5812936,1.8676209729164839
1790628379.5825448,1.2414049706421793
1790628379.5965984,1.6579459770582616
1790628379.6515493,27.28715696139261
1790628379.6832829,57.44673399021849
1790628379.7300863,111.30806402070448
1790628379.7660062,134.20028000837192
1790628379.7747912,132.5474539771676
1790628379.7751877,84.2936999979429
1790628379.7758121,133.0203390098177
1790628379.7764304,62.381134019233286
1790628379.776522,33.868859987705946
1790628379.7779317,31.9335320382379
1790628379.778021,5.143404996488243
1790628379.8205845,1.7014059703797102
1790628379.888272,1.8118489533662796
1790628379.891025,1.3822029577568173
1790628379.9751055,2.6876970077864826
1790628380.0059388,2.784518990665674
1790628380.007221,1.8429739866405725
1790628380.0219333,1.9954179879277945
1790628380.027465,1.6850120155140758
1790628380.042565,1.9240310066379607
1790628380.0842066,2.083088969811797
1790628380.088682,1.727241964545101
1790628380.129252,1.9448280218057334
1790628380.161715,2.3644379689358175
1790628380.1724596,2.687178028281778
1790628380.1734025,1.5618969919160008
1790628380.1798902,1.716426049824804
1790628380.1819603,2.06103699747473
1790628380.182554,1.5237769694067538
1790628380.2137969,2.6951770414598286
1790628380.2139463,3.5759080201387405
1790628380.2165177,1.4478680095635355
1790628380.2563002,2.1535380510613322
1790628380.2697952,1.8471020157448947
1790628380.2822094,1.7296120058745146
1790628380.294407,2.23363604163751
1790628380.3275912,1.9474309519864619
1790628380.3285775,1.725016045384109
1790628380.379121,2.1001180284656584
1790628380.4453871,17.429728992283344
1790628380.4721098,14.375907951034606
1790628380.4726264,56.52164400089532
1790628380.475545,1.744245004374534
1790628380.4784737,1.8606209778226912
1790628380.4965434,2.045636996626854
1790628380.5530415,2.3469789884984493
1790628380.57635,1.8703689565882087
1790628380.5782979,1.6038579633459449
1790628380.5838153,1.8051130464300513
1790628380.5956736,1.572819019202143
1790628380.6125803,1.7640320002101362
1790628380.6333125,1.8298020004294813
1790628380.638835,1.6225369763560593
1790628380.6430259,1.5602310304529965
1790628380.705521,1.839228963945061
1790628380.714359,1.6427660011686385
1790628380.7170901,1.496405981015414
1790628380.7208602,1.2621149653568864
1790628380.7524014,2.012985001783818
1790628380.8093238,28.23053696192801
1790628380.8202517,30.568152957130224
1790628380.826977,59.01299201650545
1790628380.8770814,2.0915959612466395
1790628380.9273112,1.7950679757632315
1790628380.9603817,1.838893978856504
1790628380.9811652,2.8117719921283424
1790628380.981249,3.5105940187349916
1790628381.015452,2.0255830022506416
1790628381.041466,1.7595890094526112
1790628381.0451515,1.8339910311624408
1790628381.060917,2.095222007483244
1790628381.0972865,1.8205340020358562
1790628381.1195624,1.7675249837338924
1790628381.1428895,1.945805037394166
1790628381.1528697,2.0920750102959573
1790628381.1655207,1.962978974916041
1790628381.177197,1.719995983876288
1790628381.1982188,1.9838280277326703
1790628381.244844,1.800747006200254
1790628381.260697,1.8719210056588054
1790628381.3115244,1.9370770314708352
1790628381.3578496,1.931414008140564
1790628381.444355,17.94163603335619
1790628381.4593077,5.207996000535786
1790628381.459425,55.86756695993245
1790628381.4844716,1.8511259695515037
1790628381.5009115,1.8869650084525347
1790628381.523439,1.865276019088924
1790628381.5461843,1.899959985166788
1790628381.5623643,1.9744099699892104
1790628381.612579,1.8751120078377426
1790628381.6231992,1.5939909499138594
1790628381.6449778,2.6605609455145895
1790628381.6460629,2.3674280382692814
1790628381.6518035,1.8175640143454075
1790628381.6535249,1.1915579671040177
1790628381.6950755,2.1313870092853904
1790628381.6986198,1.5880800201557577
1790628381.7013292,2.6916330098174512
1790628381.712106,1.9379410077817738
1790628381.7223427,1.7327250097878277
1790628381.724728,1.4187320484779775
1790628381.7529926,25.10192699264735
1790628381.7634323,21.005314018111676
1790628381.7984765,73.27885902486742
1790628381.8149068,67.25630897562951
1790628381.8311398,79.40314098959789
1790628381.8325536,80.0434430129826
1790628381.8428798,99.07355904579163
1790628381.8753018,95.34328104928136
1790628381.8804533,66.49112096056342
1790628381.8852658,35.76426499057561
1790628381.895744,124.83079603407532
1790628381.911583,49.23323600087315
1790628381.9393818,67.65453005209565
1790628381.94012,88.07749603874981
1790628381.986948,33.435429038945585
1790628381.9942186,53.79366298438981
1790628381.9946399,6.438463053200394
1790628381.9947083,24.85838602297008
1790628381.995364,3.7261180114001036
1790628382.0023248,1.811288995668292
1790628382.0340924,1.7365020466968417
1790628382.0397985,1.975177030544728
1790628382.0710504,2.036367019172758
1790628382.1206396,2.0280040334910154
1790628382.1227136,1.5339310048148036
1790628382.1259763,1.3703409931622446
1790628382.1539814,2.0454360055737197
1790628382.2081091,2.319463004823774
1790628382.213506,1.6882859636098146
1790628382.222775,1.9255789811722934
1790628382.2287757,1.8029939965344965
1790628382.23255,1.889189996290952
1790628382.2330809,1.4967139577493072
1790628382.2468667,1.8260569777339697
1790628382.2913976,1.884072960820049
1790628382.2962162,1.6040250193327665
1790628382.3519766,2.1777210058644414
1790628382.395371,17.405708029400557
1790628382.4003632,22.944766969885677
1790628382.4123547,55.23972702212632
1790628382.412436,30.957300041336566
1790628382.415833,1.5753949992358685
1790628382.445122,2.0827489788644016
1790628382.5076885,2.173551998566836
1790628382.5325422,3.1288230093196034
1790628382.5326233,2.537847962230444
1790628382.5804343,27.35824597766623
1790628382.5992923,9.61821700911969
1790628382.5996542,55.75089197373018
1790628382.5999503,7.632952998392284
1790628382.6876106,4.086787987034768
1790628382.689196,3.576573042664677
1790628382.751481,28.633757028728724
1790628382.7567039,32.24100498482585
1790628382.7568748,14.277972979471087
1790628382.7659776,59.72823698539287
1790628382.8250716,75.80238697119057
1790628382.8574724,37.52528800396249
1790628382.9207654,64.20253298711032
1790628382.9264572,68.27005802188069
1790628382.9265544,113.38016099762172
1790628382.9574614,156.3360599684529
1790628382.983568,25.976358039770275
1790628383.0205626,22.8656810359098
1790628383.0505342,157.2266780422069
1790628383.0556643,56.87496700556949
1790628383.0657144,20.650163991376758
1790628383.0708442,203.8390950183384
1790628383.0930831,44.44656003033742
1790628383.0998092,38.57555898139253
1790628383.1001093,202.58836698485538
1790628383.100306,33.77088694833219
1790628383.1017957,3.3293779706582427
1790628383.1029248,2.3180689895525575
1790628383.129199,3.1418930157087743
1790628383.1478183,1.7683019977994263
1790628383.1499996,1.3002060004509985
1790628383.2086585,52.80110100284219
1790628383.2158554,1.6672269557602704
1790628383.217304,1.4375059981830418
1790628383.2221365,1.3199049863032997
1790628383.2484486,1.876309048384428
1790628383.3009424,3.3069750061258674
1790628383.353635,51.27856199396774
1790628383.3579795,1.6063479706645012
1790628383.4208562,1.8344849813729525
1790628383.4334986,1.8084030016325414
1790628383.4531171,2.206133969593793
1790628383.454382,1.2538210139609873
1790628383.4594958,1.6507579712197185
1790628383.4706204,1.5679339994676411
1790628383.4803605,4.276860971003771
1790628383.480448,3.8471309817396104
1790628383.516419,2.293825033120811
1790628383.5174105,2.157840004656464
1790628383.5201485,1.3981899828650057
1790628383.5213385,1.179556013084948
1790628383.573632,2.0823130034841597
1790628383.6007,1.9142869859933853
1790628383.6138508,2.0335359731689095
1790628383.6165342,1.3727490440942347
1790628383.6483042,1.920692971907556
1790628383.6801767,2.368037006817758
1790628383.6888099,1.8323489930480719
1790628383.7150807,6.969921989366412
1790628383.728744,2.058861020486802
1790628383.7447183,2.7344070258550346
1790628383.7512622,1.8997570150531828
1790628383.7550943,1.9047199748456478
1790628383.761594,1.4938110252842307
1790628383.827561,52.85832303343341
1790628383.83443,1.9665270228870213
1790628383.8796244,2.4442679714411497
1790628383.9286997,2.235467021819204
1790628383.958484,2.010081021580845
1790628383.9620764,1.4804969541728497
1790628383.9666185,2.280334010720253
1790628383.9827347,2.80394300352782
1790628384.0316367,2.248301054351032
1790628384.0390043,1.7589969793334603
1790628384.0433762,1.4416460180655122
1790628384.0688756,3.0327520216815174
1790628384.1073658,38.262001995462924
1790628384.107437,40.06723203929141
1790628384.121004,54.189143993426114
1790628384.122144,27.846185956150293
1790628384.122285,6.871132995001972
1790628384.12266,12.722841987852007
1790628384.122769,5.342900985851884
1790628384.1349113,1.6568319988436997
1790628384.2513149,22.80882402556017
1790628384.2724404,30.473239021375775
1790628384.2752986,51.65192898130044
1790628384.2756286,10.167919972445816
1790628384.279589,1.3569750008173287
1790628384.2978966,1.7730069812387228
1790628384.337297,2.7265300159342587
1790628384.3414083,1.6682219575159252
1790628384.3828766,3.340922005008906
1790628384.469137,24.65907303849235
1790628384.4748995,29.4990090187639
1790628384.4772286,30.14373598853126
1790628384.4779248,60.083354997914284
1790628384.478049,14.253981993533671
1790628384.4791176,2.802973031066358
1790628384.5262897,2.167835016734898
1790628384.576723,2.1977780270390213
1790628384.5949855,1.7399880453012884
1790628384.6151452,2.5317249819636345
1790628384.6156585,1.5101789613254368
1790628384.646937,2.7427710010670125
1790628384.6885202,5.0633110222406685
1790628384.6982994,2.9654460377059877
1790628384.74667,4.648444009944797
1790628384.8003314,3.7552700378000736
1790628384.8488998,40.84314900683239
1790628384.8570065,18.54941004421562
1790628384.857103,38.16241497406736
1790628384.8571863,53.27583901816979
1790628384.8575494,19.007051014341414
1790628384.8719838,1.8707659910432994
1790628384.8932362,2.6398809859529138
1790628384.9170117,2.921360020991415
1790628384.9590147,3.463512985035777
1790628384.9778225,1.861965050920844
1790628384.9865296,2.255111001431942
1790628384.9944925,2.6477950159460306
1790628384.994589,3.7197800120338798
1790628385.0848398,71.28792395815253
1790628385.1103542,3.181438019964844
1790628385.1330795,2.855015976820141
1790628385.1424983,2.921784995123744
1790628385.236915,39.01439800392836
1790628385.262351,99.62974902009591
1790628385.2624817,23.978280019946396
1790628385.315504,9.301735961344093
1790628385.3156583,76.07769401511177
1790628385.3967323,2.0308690145611763
1790628385.401573,1.8351459875702858
1790628385.4192727,2.5266820448450744
1790628385.43155,2.809863945003599
1790628385.4322495,4.619699961040169
1790628385.4365492,2.98332201782614
1790628385.4480882,2.3610609932802618
1790628385.4950745,28.25092797866091
1790628385.5199094,12.22617196617648
1790628385.520047,60.617052018642426
1790628385.5233765,2.7012500213459134
1790628385.552752,2.465419005602598
1790628385.5701802,2.745347039308399
1790628385.6634662,2.5058509781956673
1790628385.7399874,31.324168026912957
1790628385.7401125,53.89697098871693
1790628385.7415228,2.711779030505568
1790628385.742141,1.4169359928928316
1790628385.7646825,1.7804719973355532
1790628385.8024197,4.067191970534623
1790628385.8116949,2.3191400105133653
1790628385.8750632,52.209225948899984
1790628385.875223,28.032896982040256
1790628385.875903,2.0805420354008675
1790628385.879804,1.3117310008965433
1790628385.93261,32.8840019647032
1790628385.9523253,20.32583300024271
1790628385.9527838,15.53717500064522
1790628385.9537404,53.47794096451253
1790628385.954008,4.324120993260294
1790628385.9540622,2.6769820251502097
1790628385.957971,1.3461100170388818
1790628386.0250015,3.0097049893811345
1790628386.0419366,2.753712993580848
1790628386.0914485,7.586051011458039
1790628386.101649,3.891215950716287
1790628386.1255448,3.720578970387578
1790628386.1327655,1.7704369965940714
1790628386.1517785,4.493045969866216
1790628386.2297473,22.51231699483469
1790628386.2358003,53.21328202262521
1790628386.2358932,7.586922030895948
1790628386.2362132,2.068959001917392
1790628386.240582,1.2007129844278097
1790628386.2483974,1.414288009982556
1790628386.2664316,1.6961690271273255
1790628386.2972434,2.571437042206526
1790628386.3165305,3.0647320090793073
1790628386.3166208,2.4478340055793524
1790628386.3250527,1.7376819741912186
1790628386.333044,1.8559549935162067
1790628386.3382878,1.3699880219064653
1790628386.3539295,1.647242985200137
1790628386.3588467,1.5210210112854838
1790628386.366785,1.707558985799551
1790628386.3682709,1.2984340428374708
1790628386.3869448,1.6660550027154386
1790628386.4192307,2.0799830090254545
1790628386.4197352,1.5571140102110803
1790628386.4478364,5.778735037893057
1790628386.4479225,6.848421995528042
1790628386.5599115,5.147139017935842
1790628386.5678563,5.645653000101447
1790628386.5695596,4.506405966822058
1790628386.6377332,5.715585022699088
1790628386.6387622,10.880615969654173
1790628386.6790142,11.729610967449844
1790628386.7194939,34.19425699394196
1790628386.7240112,12.909266981296241
1790628386.7326057,60.983030998613685
1790628386.7326736,14.138874015770853
1790628386.7501435,1.6717250109650195
1790628386.811407,19.949292007368058
1790628386.8114784,52.96028801240027
1790628386.8480496,2.0992690115235746
1790628386.857003,2.1173279965296388
1790628386.8603153,1.7943040002137423
1790628386.8608828,1.30136200459674
1790628386.893573,2.0602819859050214
1790628386.9326203,17.201467999257147
1790628386.9461658,18.519101024139673
1790628386.946777,10.195750975981355
1790628386.9468935,51.30330700194463
1790628386.9505758,1.8475159886293113
1790628386.951258,3.623844007961452
1790628386.951362,2.000103995669633
1790628386.9545834,1.3528939452953637
1790628387.0172498,3.481043968349695
1790628387.0174243,4.6651890152134
1790628387.0732143,2.2098980261944234
1790628387.0905552,1.6608250443823636
1790628387.1078851,1.9162929966114461
1790628387.1146328,2.02966999495402
1790628387.1159914,2.708768006414175
1790628387.1357884,1.9024659995920956
1790628387.1485891,2.4927729973569512
1790628387.148647,1.929022022522986
1790628387.159558,2.2081159986555576
1790628387.1780345,2.2249980247579515
1790628387.2618945,1.9675809890031815
1790628387.284541,2.946671040263027
1790628387.3055253,2.5204839766956866
1790628387.3088844,1.595349982380867
1790628387.3627443,2.1481039584614336
1790628387.44496,2.8139599598944187
1790628387.5423357,3.06669098790735
1790628387.5533361,2.046904992312193
1790628387.5533993,2.862124005332589
1790628387.585488,1.683840004261583
1790628387.621446,2.154888992663473
1790628387.6251142,1.4880239614285529
1790628387.658438,2.1625790395773947
1790628387.686902,1.926593016833067
1790628387.7159393,2.4562510079704225
1790628387.7517958,2.354962984099984
1790628387.76207,1.6725820023566484
1790628387.7667007,1.3677490060217679
1790628387.8162796,46.88433604314923
1790628387.881666,28.268876019865274
1790628387.8830764,18.954160972498357
1790628387.883155,27.110736002214253
1790628387.883226,60.42245699791238
1790628387.936949,2.0337830064818263
1790628387.951147,2.497840963769704
1790628387.970437,1.8586530350148678
1790628387.9809265,1.639474998228252
1790628387.9865835,1.5372699708677828
1790628388.0032532,1.9476209999993443
1790628388.0559711,2.450919011607766
1790628388.1075213,3.2349940156564116
1790628388.1207864,2.628739981446415
1790628388.126335,1.9490400445647538
1790628388.1568146,3.4902780316770077
1790628388.1572738,6.865033996291459
1790628388.1672468,1.938224013429135
1790628388.167609,1.7833640449680388
1790628388.2031586,2.4230999988503754
1790628388.261197,12.093500990886241
1790628388.2632143,50.49649399006739
1790628388.263281,5.111991020385176
1790628388.2660742,1.3815199490636587
1790628388.2831364,1.5992089756764472
1790628388.2904754,1.48937595076859
1790628388.3243532,2.3982389830052853
1790628388.3388362,2.2181649692356586
1790628388.3928216,2.603882981929928
1790628388.441403,2.3307420196942985
1790628388.5019593,2.6606249739415944
1790628388.5729225,1.8978039734065533
1790628388.6470447,48.89769299188629
1790628388.654135,2.2315739770419896
1790628388.6699457,2.3859229986555874
1790628388.6708267,1.9161750096827745
1790628388.728398,32.41842798888683
1790628388.7372172,59.531981009058654
1790628388.745587,1.6901650233194232
1790628388.7473876,1.524851017165929
1790628388.758574,1.6073930310085416
1790628388.766967,1.9351330120116472
1790628388.812393,1.8619089969433844
1790628388.8154607,1.3215109938755631
1790628388.8242736,1.7643129685893655
1790628388.8508086,1.8716680351644754
1790628388.8631668,1.7673020483925939
1790628388.8692236,1.9323389860801399
1790628388.874873,1.4075299841351807
1790628388.9136353,1.9159709918312728
1790628388.9311855,1.8082659807987511
1790628389.0064332,2.004096983000636
1790628389.0748403,48.754992021713406
1790628389.0749621,4.464777011889964
1790628389.0754848,2.4364719865843654
1790628389.1073298,25.80231794854626
1790628389.1129227,24.37889197608456
1790628389.139281,59.84512501163408
1790628389.1394033,21.411892026662827
1790628389.139964,5.397475964855403
1790628389.141856,1.3253559591248631
1790628389.145125,1.433716039173305
1790628389.1535869,1.4745800290256739
1790628389.1592615,1.680319954175502
1790628389.1635194,1.7140900017693639
1790628389.1937912,2.2231820039451122
1790628389.1951997,1.3949170242995024
1790628389.2024126,1.3748360215686262
1790628389.2203124,1.7027169815264642
1790628389.225634,1.5691969892941415
1790628389.2619393,27.161541976965964
1790628389.2832556,54.80064795119688
1790628389.2833273,2.144741010852158
1790628389.2857223,1.228378969244659
1790628389.3262305,28.647855040617287
1790628389.3312438,32.54758799448609
1790628389.3400793,53.050038986839354
1790628389.3476217,1.9846759969368577
1790628389.3476954,2.7772359899245203
1790628389.3549273,1.3498109765350819
1790628389.3608372,1.5547460061497986
1790628389.3651829,1.31982599850744
1790628389.386836,1.8910070066340268
1790628389.4379895,1.7700879834592342
1790628389.443419,1.6669239848852158
1790628389.4621782,2.0782570354640484
1790628389.4801416,1.8400629633106291
1790628389.5232797,2.2182899992913008
1790628389.533995,2.742888987995684
1790628389.5934103,2.331968047656119
1790628389.5962737,1.6831780085340142
1790628389.6231492,3.142152971122414
1790628389.6232235,3.1130120041780174
1790628389.6313686,2.2640759707428515
1790628389.6411808,2.334927034098655
1790628389.7076128,2.4032589863054454
1790628389.7552936,27.414714044425637
1790628389.7702901,8.536287990864366
1790628389.7704077,58.853629976511
1790628389.8198364,48.277163004968315
1790628389.852528,1.7477339715696871
1790628389.8880315,1.8088069627992809
1790628389.889779,1.3039500336162746
1790628389.8941517,1.9304630113765597
1790628389.9556537,17.029575014021248
1790628389.9668417,15.670366992708296
1790628389.977613,54.79198897955939
1790628389.9784439,12.686325004324317
1790628389.9789863,11.365048994775862
1790628389.9930096,2.5540200294926763
1790628390.0007496,2.3998700198717415
1790628390.0075128,2.2173699690029025
1790628390.017227,2.0728730014525354
1790628390.0354452,1.9624939886853099
1790628390.0518432,1.7854430479928851
1790628390.1008425,1.9207399454899132
1790628390.1186354,2.3137680254876614
1790628390.1191542,1.5225870301946998
1790628390.149993,2.0211469964124262
1790628390.2205424,1.9965589744970202
1790628390.2426429,2.1172119886614382
1790628390.246474,1.4681509928777814
1790628390.283991,1.8059649737551808
1790628390.3490858,1.9770979997701943
1790628390.3577347,1.9176059868186712
1790628390.3657768,1.4830970321781933
1790628390.3890336,1.8969100201502442
1790628390.4038236,1.7294450080953538
1790628390.408767,1.7410680302418768
1790628390.4385889,2.9433860327117145
1790628390.4386683,2.3471990134567022
1790628390.4457347,1.9787410274147987
1790628390.4843862,2.060105965938419
1790628390.515388,2.226746000815183
1790628390.5484276,2.316520956810564
1790628390.5563607,1.7313779680989683
1790628390.6024213,2.8174520120956004
1790628390.6238914,2.402372017968446
1790628390.6266675,1.5856740064918995
1790628390.6315491,1.6328530036844313
1790628390.6544077,2.815919986460358
1790628390.6544669,2.2001289762556553
1790628390.6720455,1.860765041783452
1790628390.7025585,2.1182719501666725
1790628390.7060273,2.1024239831604064
1790628390.707437,1.3948630075901747
1790628390.713515,1.908321981318295
1790628390.7139642,1.324111013673246
1790628390.751891,2.0046299905516207
1790628390.870499,2.0874610054306686
1790628390.8846757,1.9608360016718507
1790628390.8867424,1.5013149823062122
1790628390.9383159,1.9645870197564363
1790628390.9526758,1.9777400302700698
1790628390.976708,1.8475170363672078
1790628391.0149527,1.8657859764061868
1790628391.016222,1.2588300160132349
1790628391.0290678,2.044458989985287
1790628391.059276,28.802421991713345
1790628391.0852807,32.77069597970694
1790628391.1544983,123.5016790451482
1790628391.1703424,128.3466149470769
1790628391.1815872,85.45050700195134
1790628391.197904,97.8506559622474
1790628391.2035108,144.860609958414
1790628391.2443962,130.15398796414956
1790628391.2445257,102.45850501814857
1790628391.2451797,87.48111402383074
1790628391.245235,69.01050102896988
1790628391.3109279,17.341304977890104
1790628391.3418808,21.57413901295513
1790628391.3420048,30.870033951941878
1790628391.342084,57.04263597726822
1790628391.4553645,22.86164800170809
1790628391.4761765,27.614190010353923
1790628391.4763095,14.821721997577697
1790628391.4763958,58.27922699972987
1790628391.481222,1.729076961055398
1790628391.4835267,2.286411006934941
1790628391.4840965,1.4732740237377584
1790628391.557435,17.839965992607176
1790628391.56122,75.62585797859356
1790628391.5667567,1.895334047731012
1790628391.684883,21.65574097307399
1790628391.7015727,31.495731964241713
1790628391.7123642,19.950527988839895
1790628391.7179542,23.554063984192908
1790628391.750072,88.3124090032652
1790628391.7818522,25.317602965515107
1790628391.7906816,10.799830022733659
1790628391.7907634,69.1321279737167
1790628391.8108013,2.258630993310362
1790628391.826851,2.045047003775835
1790628391.9075928,2.0746960071846843
1790628391.9140227,1.8266779952682555
1790628391.9421813,1.8533350084908307
1790628391.9608543,2.234246989246458
1790628391.9768987,2.427011029794812
1790628391.9833004,2.000765991397202
1790628392.0454996,32.5927630183287
1790628392.0502164,53.226392017677426
1790628392.0625389,1.8693800084292889
1790628392.0834587,2.1379460231401026
1790628392.110761,2.891327952966094
1790628392.1205325,2.0333779975771904
1790628392.176758,28.070173982996494
1790628392.1776266,55.262523994315416
1790628392.1776922,27.61414198903367
1790628392.1900206,1.9278390100225806
1790628392.2061179,2.0534300128929317
1790628392.2449067,1.8793269991874695
1790628392.2507386,2.6379579794593155
1790628392.2650952,2.5288289762102067
1790628392.2656913,1.8372919876128435
1790628392.2741437,1.423918001819402
1790628392.2845626,1.856754010077566
1790628392.304793,1.6801159945316613
1790628392.3510675,1.9470870029181242
1790628392.4563968,1.850457047112286
1790628392.4624355,1.4140389976091683
1790628392.4648097,2.0580749842338264
1790628392.481752,2.178405993618071
1790628392.4994223,1.876003050711006
1790628392.5074673,1.548621046822518
1790628392.520223,1.680833986029029
1790628392.571521,2.0530240144580603
1790628392.664653,2.104748971760273
1790628392.6669781,1.5669029671698809
1790628392.6727538,1.5100780292414129
1790628392.7081559,1.945235999301076
1790628392.731065,1.838074007537216
1790628392.810824,1.7688400112092495
1790628392.8467586,2.6386029785498977
1790628392.8841562,1.8437430262565613
1790628392.9350395,1.7663220060057938
1790628392.946174,2.1371840266510844
1790628392.9782562,2.0143130095675588
1790628392.9822488,1.887027989141643
1790628392.9916613,1.789612986613065
1790628393.017253,2.1157420123927295
1790628393.0763419,2.117896976415068
1790628393.0879345,2.1929130307398736
1790628393.1003623,1.5446330071426928
1790628393.1283817,1.828139997087419
1790628393.2919486,2.2149269934743643
1790628393.2951376,2.267592994030565
1790628393.2961211,1.5431410283781588
1790628393.3261716,2.2618770017288625
1790628393.3406558,1.6287030302919447
1790628393.385523,1.9279200350865722
1790628393.4174533,2.152102009858936
1790628393.4286833,1.7400780343450606
1790628393.4812062,1.881684991531074
1790628393.4910622,2.1016719983890653
1790628393.514849,1.7594069940969348
1790628393.6076286,1.9982130033895373
1790628393.6138754,2.0522590493783355
1790628393.6339693,1.9117879564873874
1790628393.6746304,2.589767042081803
1790628393.6747365,3.278810007032007
1790628393.6816156,1.848568965215236
1790628393.6858966,1.485651999246329
1790628393.7239401,1.7790219862945378
1790628393.7450776,1.9484690274111927
1790628393.7722223,1.7585709574632347
1790628393.7772667,1.5905419713817537
1790628393.7944803,1.827122992835939
1790628393.7963266,1.5174979926086962
1790628393.7996824,1.3891920098103583
1790628393.8146052,1.646915974561125
1790628393.8198297,1.5222399961203337
1790628393.8535469,1.8364349962212145
1790628393.8967748,2.1781160030514
1790628393.918932,1.7261369503103197
1790628393.938362,2.203617012128234
1790628393.9942439,1.9855099963024259
1790628394.0219047,1.8454859964549541
1790628394.0561628,1.8385390285402536
1790628394.0737352,1.9346039625816047
1790628394.0815692,1.7293510027229786
1790628394.1126482,2.0151750068180263
1790628394.169691,1.813011011108756
1790628394.2023454,1.835903967730701
1790628394.2077293,1.476203033234924
1790628394.248756,2.174624998588115
1790628394.2517264,1.7534890212118626
1790628394.2615268,2.0235140109434724
1790628394.2978318,2.1448920015245676
1790628394.3061662,1.5909549547359347
1790628394.3998203,1.9803429604507983
1790628394.4165754,1.9739550189115107
1790628394.441541,1.7601389554329216
1790628394.452339,2.049574046395719
1790628394.4539719,1.3245349982753396
1790628394.4576151,1.2821099953725934
1790628394.4999478,2.1589219686575234
1790628394.5346022,1.8282230012118816
1790628394.537709,1.4833390014246106
1790628394.545781,2.1773430053144693
1790628394.5570474,1.8064759788103402
1790628394.5685427,2.0420619985088706
1790628394.6091928,2.4260200443677604
1790628394.6311448,2.1615350269712508
1790628394.6670475,2.3086760193109512
1790628394.6707838,2.2542760125361383
1790628394.7148995,2.066675981041044
1790628394.7447667,2.1505390177480876
1790628394.7591817,2.8698460082523525
1790628394.7690015,2.0849049906246364
1790628394.7695649,3.2559820101596415
1790628394.837151,2.075639960821718
1790628394.8704996,1.7189430072903633
1790628394.8951302,1.8776279757730663
1790628394.911023,1.9945940002799034
1790628394.9395504,1.8381060217507184
1790628394.964784,2.004953974392265
1790628394.979683,1.7255110433325171
1790628395.0091877,2.2696529631502926
1790628395.0276654,1.7524139839224517
1790628395.0523632,2.157260023523122
1790628395.076823,2.0047149737365544
1790628395.077739,1.7759830225259066
1790628395.0854845,2.4947389611043036
1790628395.0860796,1.6177929937839508
1790628395.1308997,2.333032025489956
1790628395.135869,1.8399519613012671
1790628395.1410022,1.5888960333541036
1790628395.1428523,1.2504339683800936
1790628395.1872115,2.3916070349514484
1790628395.1914964,1.4940439723432064
1790628395.2063794,1.9767269841395319
1790628395.2097301,1.548831001855433
1790628395.2742095,1.8080559675581753
1790628395.3366156,2.561872999649495
1790628395.3369203,1.923718024045229
1790628395.342579,1.618168957065791
1790628395.3662622,1.7685070051811635
1790628395.382495,1.8167279777117074
1790628395.386307,1.6189119778573513
1790628395.3971362,1.8206390086561441
1790628395.409152,1.8642219947651029
1790628395.4146554,1.6123719979077578
1790628395.4218817,1.5434380038641393
1790628395.4627306,2.2692570346407592
1790628395.4755013,1.5736789791844785
1790628395.4820535,1.4463330153375864
1790628395.534012,1.7612359952181578
1790628395.5606387,1.9720449927262962
1790628395.5654633,2.1072440431453288
1790628395.633457,1.9503069925121963
1790628395.6414378,1.9495190354064107
1790628395.6502311,2.0308750099502504
1790628395.669577,2.274587983265519
1790628395.6888702,2.0828369888477027
1790628395.7105064,1.9481880008243024
1790628395.7147272,1.5977490111254156
1790628395.7467616,1.9419330055825412
1790628395.7488487,1.3721949653699994
1790628395.8198464,2.4870230117812753
1790628395.8384824,2.231487014796585
1790628395.8636446,2.349968010094017
1790628395.891218,2.490554004907608
1790628395.9145665,2.251307014375925
1790628395.9817438,1.7296639853157103
1790628396.007387,2.315199002623558
1790628396.1276946,2.240678993985057
1790628396.2152066,2.6275000418536365
1790628396.2299905,1.9630509777925909
1790628396.241443,1.7303350032307208
1790628396.2720997,1.821262005250901
1790628396.2895746,1.8288359860889614
1790628396.301495,1.8305160338059068
1790628396.3136349,1.836689014453441
1790628396.342255,1.7915350035764277
1790628396.411345,2.288186049554497
1790628396.4531822,1.8586929654702544
1790628396.461571,1.7712010303512216
1790628396.5086613,1.8043110030703247
1790628396.5268269,3.380067995749414
1790628396.6004922,1.8903829623013735
1790628396.6254056,2.213680010754615
1790628396.6386302,1.8428709590807557
1790628396.648632,1.7054810305126011
1790628396.6633325,1.7779269837774336
1790628396.667101,1.4666509814560413
1790628396.7071602,1.9129510037600994
1790628396.713365,1.48198998067528
1790628396.7207081,1.738009974360466
1790628396.7471137,1.8413320067338645
1790628396.7774987,2.64755601529032
1790628396.7775705,1.9404340418986976
1790628396.7910793,1.6272380016744137
1790628396.8194513,2.00705201132223
1790628396.8740745,1.8502590246498585
1790628396.8906267,1.8084390321746469
1790628396.8947134,1.4661730383522809
1790628396.943106,2.9607120086438954
1790628396.9551477,2.843392954673618
1790628396.9834683,2.4291890440508723
1790628396.988007,1.738313992973417
1790628397.043184,1.7742160125635564
1790628397.0753202,2.1686970139853656
1790628397.091562,2.3501390242017806
1790628397.1011186,2.8711080085486174
1790628397.1484833,3.0928149935789406
1790628397.161172,3.8697189884260297
1790628397.18158,2.9618930420838296
1790628397.2033443,1.9889810355380177
1790628397.320113,2.3833289742469788
1790628397.3214784,1.3530449941754341
1790628397.3523793,1.824295031838119
1790628397.3614614,1.7972089699469507
1790628397.367948,1.4980789856053889
1790628397.3834016,2.0475799683481455
1790628397.431044,1.9656490185298026
1790628397.4575822,3.4784599556587636
1790628397.457642,3.6416130024008453
1790628397.4606004,1.6911569982767105
1790628397.4909477,2.439105010125786
1790628397.565638,1.8077320419251919
1790628397.5910513,2.9338879976421595
1790628397.591651,1.5869810013100505
1790628397.6139843,1.6888189711607993
1790628397.6321752,2.338746970053762
1790628397.643677,1.8056819681078196
1790628397.6475108,1.5726879937574267
1790628397.6480637,1.357736997306347
1790628397.6595738,1.500223996117711
1790628397.7261515,1.907006953842938
1790628397.7668316,1.8304669647477567
1790628397.770505,1.5169469988904893
1790628397.7762952,1.6748079797253013
1790628397.7780075,1.2099089799448848
1790628397.8178663,2.5924459914676845
1790628397.8209994,1.9921649945899844
1790628397.8367772,1.8129210220649838
1790628397.848644,2.258675987832248
1790628397.9262226,2.796465007122606
1790628397.9360526,2.3597319959662855
1790628397.9421473,1.674645987804979
1790628397.9422474,2.420273027382791
1790628398.0041683,2.7368460432626307
1790628398.027107,1.9536609761416912
1790628398.0321958,2.0232669776305556
1790628398.0454993,1.8019090057350695
1790628398.0738554,2.2491069976240396
1790628398.0888429,1.7988079925999045
1790628398.0925221,1.46980001591146
1790628398.1607568,2.622464031446725
1790628398.188426,4.165688005741686
1790628398.1909788,1.879215007647872
1790628398.2055,1.750163035467267
1790628398.2203872,1.5754419728182256
1790628398.2344053,1.8127999501302838
1790628398.2389877,1.5194860170595348
1790628398.2456517,1.7056019860319793
1790628398.2636106,3.359620983246714
1790628398.2708158,1.8257920164614916
1790628398.2713683,1.5645160456188023
1790628398.312541,2.346774039324373
1790628398.4339588,2.4827669840306044
1790628398.4340518,1.9459369941614568
1790628398.448634,1.9320620340295136
1790628398.4686737,2.124006045050919
1790628398.5517464,2.2002070327289402
1790628398.5908577,2.713286958169192
1790628398.6867442,1.8052880186587572
1790628398.7450132,1.9785769982263446
1790628398.7556808,2.153029025066644
1790628398.8146832,2.2434169659391046
1790628398.8327584,2.281836001202464
1790628398.8611846,1.8460700521245599
1790628398.9089549,2.355773001909256
1790628398.9315648,2.189874998293817
1790628398.9401054,1.6810839879326522
1790628398.9719608,3.3492270158603787
1790628398.9724774,2.361932012718171
1790628398.9859605,1.7422759556211531
1790628399.034882,2.753157983534038
1790628399.0986028,3.1548290280625224
1790628399.109832,3.3942380105145276
1790628399.109909,2.595605968963355
1790628399.1116304,1.1261579929850996
1790628399.1478262,3.120137960650027
1790628399.1793873,2.5935560115613043
1790628399.1882772,1.5973299741744995
1790628399.2152007,4.602768982294947
1790628399.2223418,1.778409001417458
1790628399.231249,1.3847260270267725
1790628399.2338321,1.3221100089140236
1790628399.3288813,2.584446978289634
1790628399.3328748,1.642988994717598
1790628399.337576,1.491440983954817
1790628399.3754508,2.350316965021193
1790628399.4248662,4.2865159921348095
1790628399.430168,2.0159370033070445
1790628399.4325187,1.3239020481705666
1790628399.4759123,3.1348619959317148
1790628399.4798,2.8100849594920874
1790628399.4973533,2.363927022088319
1790628399.5012608,1.6613089828751981
1790628399.580914,1.9061809871345758
1790628399.5855536,1.340528018772602
1790628399.6028469,2.2024810314178467
1790628399.6100516,1.9511179998517036
1790628399.6179216,1.3971829903312027
1790628399.6460655,1.7588720074854791
1790628399.6609998,1.6194829950109124
1790628399.690441,1.9185420242138207
1790628399.7051387,2.243797993287444
1790628399.705422,2.6013089809566736
1790628399.7220662,2.4351939791813493
1790628399.7464933,2.6020040386356413
1790628399.779914,2.4163579801097512
1790628399.796091,2.1593979909084737
1790628399.812202,2.3581639979965985
1790628399.8218873,2.064684987999499
1790628399.85059,2.983062993735075
1790628399.8968003,2.3480919771827757
1790628399.914641,1.815444033127278
1790628399.917092,1.4431250165216625
1790628399.9855957,5.697486980352551
1790628399.9883008,6.22618303168565
1790628399.9901056,1.7909390153363347
1790628399.99203,1.7925520078279078
1790628400.0169432,3.1696369987912476
1790628400.0351276,2.900290011893958
1790628400.0474124,2.795231994241476
1790628400.0544171,1.7609280184842646
1790628400.0544841,2.4381100083701313
1790628400.0977747,3.0033059883862734
1790628400.1314816,1.9092310103587806
1790628400.2716906,2.106214000377804
1790628400.294848,3.500227991025895
1790628400.3290672,5.287881009280682
1790628400.3318539,1.3820379972457886
1790628400.3404624,2.0438689971342683
1790628400.3604774,1.8261009827256203
1790628400.482393,2.128791995346546
1790628400.5004725,2.4782579857856035
1790628400.5253956,2.8691799961961806
1790628400.560678,2.548570977523923
1790628400.5607407,3.297930001281202
1790628400.5835423,3.1490499968640506
1790628400.656237,3.767109999898821
1790628400.6669543,2.276923041790724
1790628400.676089,2.0868389983661473
1790628400.7147622,1.8927700002677739
1790628400.736404,4.576410981826484
1790628400.7570162,2.3058809456415474
1790628400.8148565,2.109933993779123
1790628400.8233492,1.6535440227016807
1790628400.8377163,1.9090200075879693
1790628400.8514035,2.927199995610863
1790628401.0064662,2.1274530445225537
1790628401.0135913,2.3243670002557337
1790628401.015827,1.321566989645362
1790628401.0231369,1.298209943342954
1790628401.6180384,1.7079709796234965
1790628401.6279867,1.4532459899783134
1790628401.7365437,2.227788034360856
1790628401.8126907,3.060531977098435
1790628401.812779,3.8756480207666755
1790628401.8650541,2.031969022937119
1790628401.8800056,2.156724047381431
1790628401.9063883,2.2392559912987053
1790628401.9190233,2.489578037057072
1790628401.9345846,3.5215080133639276
1790628401.9424198,1.8729440052993596
1790628401.9553194,2.108004002366215
1790628401.9770265,2.1452339715324342
1790628402.0129144,2.2105739917606115
1790628402.036885,2.0772790303453803
1790628402.0585763,2.6366550009697676
1790628402.0789726,2.291897020768374
1790628402.108252,2.3106710286810994
1790628402.1111116,1.869981992058456
1790628402.1673055,1.8128370284102857
1790628402.1748745,1.560417003929615
1790628402.1950755,1.8878990085795522
1790628402.2119305,1.849585969466716
1790628402.2629538,2.0840330398641527
1790628402.2646637,1.5885260072536767
1790628402.2853334,1.8398090032860637
1790628402.3122606,1.77115696715191
1790628402.342483,1.8890660139732063
1790628402.368831,1.9174229819327593
1790628402.4125462,2.0451120217330754
1790628402.5112264,3.0904319719411433
1790628402.5114977,2.7169460081495345
1790628402.546272,1.7942870035767555
1790628402.5997355,1.770186994690448
1790628402.6152954,1.8636150052770972
1790628402.6790502,2.043073996901512
1790628402.7203183,3.650247002951801
1790628402.7204044,2.9723059851676226
1790628402.741716,1.7922730185091496
1790628402.756611,1.868529012426734
1790628402.7686357,2.0634770044125617
1790628402.8208773,1.8785620341077447
1790628402.8492265,2.554754028096795
1790628402.8631225,1.798879005946219
1790628402.8956268,1.711940043605864
1790628402.9026716,1.9433150300756097
1790628402.907963,1.4719419996254146
1790628402.9150085,2.6453580358065665
1790628403.0458367,2.072164963465184
1790628403.057329,2.919072052463889
1790628403.0584064,2.433977962937206
1790628403.0687206,1.828432024922222
1790628403.156776,2.125093014910817
1790628403.1583786,1.5079479780979455
1790628403.231533,1.9541590008884668
1790628403.3170407,1.8049260252155364
1790628403.3231792,1.6758529818616807
1790628403.3883164,1.9756139954552054
1790628403.3906038,2.1138410083949566
1790628403.4126394,1.959059969522059
1790628403.4191127,1.8135430291295052
1790628403.447572,1.725119014736265
1790628403.5619087,1.7519189859740436
1790628403.5819705,1.791965973097831
1790628403.5898001,1.6319429851137102
1790628403.6080012,2.11963098263368
1790628403.6241722,2.4983829935081303
1790628403.62464,1.495662028901279
1790628403.6338058,1.6426589572802186
1790628403.6642978,2.1463329903781414
1790628403.7031004,1.9309589988552034
1790628403.7079222,1.4818570343777537
1790628403.7379377,1.7495030188001692
1790628403.7568674,1.7037190264090896
1790628403.8340514,2.1761549869552255
1790628403.8536067,2.465508005116135
1790628403.8599634,2.0392360165715218
1790628403.8940754,1.965113973710686
1790628403.90422,2.037330996245146
1790628403.918683,1.8839859985746443
1790628403.9636326,2.134825976099819
1790628404.033155,1.9519850029610097
1790628404.0359173,1.3961289660073817
1790628404.0508642,1.8831089837476611
1790628404.1131847,2.054771000985056
1790628404.1206782,1.751160016283393
1790628404.134076,1.7573770019225776
1790628404.1543164,2.2307069739326835
1790628404.159309,2.187996986322105
1790628404.1802366,2.0266410429030657
1790628404.2624128,1.9318910199217498
1790628404.2729237,1.7646069754846394
1790628404.2824035,2.0410490105859935
1790628404.284546,1.8743319669738412
1790628404.3081124,2.130025008227676
1790628404.308672,1.4314689906314015
1790628404.316139,1.406912982929498
1790628404.3198924,1.44649000139907
1790628404.3853235,1.747427973896265
1790628404.3868482,1.4064350398257375
1790628404.4060233,2.252024016343057
1790628404.4196355,1.8877619877457619
1790628404.4282887,1.5090390224941075
1790628404.445436,1.749372051563114
1790628404.456948,2.148970030248165
1790628404.4570293,2.749382983893156
1790628404.4716907,1.7641140148043633
1790628404.4932175,1.927011995576322
1790628404.4993467,1.7042930121533573
1790628404.5388408,1.8001109710894525
1790628404.5448506,1.7739069880917668
1790628404.5494525,1.5341640100814402
1790628404.6217554,2.1517780260182917
1790628404.640233,2.2111969883553684
1790628404.702411,3.1932960264384747
1790628404.703755,2.6497580111026764
1790628404.7039711,3.5411990247666836
1790628404.7064922,1.257161027751863
1790628404.7731745,1.870926993433386
1790628404.7921789,2.1846540039405227
1790628404.8290713,2.118178003001958
1790628404.8856606,2.481506031472236
1790628404.8969846,1.5241169603541493
1790628404.9207447,1.7903810366988182
1790628404.9292383,1.703032001387328
1790628404.9325774,1.2584979995153844
1790628404.9384162,1.3089280109852552
1790628405.008014,2.3636980331502855
1790628405.0089283,1.7793219885788858
1790628405.034289,1.9630389870144427
1790628405.0412707,1.5790800098329782
1790628405.0665562,1.8023120355792344
1790628405.0917058,1.7621080041863024
1790628405.1162643,1.7695429851301014
1790628405.1211028,1.5099389711394906
1790628405.172051,1.9740040297619998
1790628405.1753194,1.732142991386354
1790628405.2079809,1.9697409588843584
1790628405.246351,1.8721500528044999
1790628405.2647042,1.6962469671852887
1790628405.283642,2.321939042303711
1790628405.2950094,1.9214159692637622
1790628405.3513086,1.8901890143752098
1790628405.3849108,2.2520999773405492
1790628405.3951926,1.711966993752867
1790628405.4271753,2.0783490035682917
1790628405.460411,2.608514972962439
1790628405.4618683,2.0118950051255524
1790628405.7364304,2.269666991196573
1790628405.7798865,2.05628399271518
1790628405.830338,2.020246989559382
1790628405.849697,1.6354620456695557
1790628405.881602,1.9578560022637248
1790628405.8880804,1.67109101312235
1790628405.9073982,1.8419529660604894
1790628405.9130175,1.6316139954142272
1790628405.9810803,1.9392789690755308
1790628405.9878125,1.5779149834997952
1790628406.0569289,2.0649200305342674
1790628406.137691,2.077160985209048
1790628406.1497195,1.7268910305574536
1790628406.1541996,1.6879540053196251
1790628406.1753643,1.9001829787157476
1790628406.1825874,1.5471329679712653
1790628406.2285666,2.445966994855553
1790628406.2295222,2.136841998435557
1790628406.2720635,1.9699269905686378
1790628406.29371,2.047508955001831
1790628406.3057687,1.9625790300779045
1790628406.3654633,2.2916620364412665
1790628406.3875961,2.1645399974659085
1790628406.4694436,2.3085619905032218
1790628406.484547,1.9702959689311683
1790628406.4861577,1.4893219922669232
1790628406.4933603,1.467290974687785
1790628406.4938889,1.381288981065154
1790628406.4998746,1.5787110314704478
1790628406.5400796,1.7972509958781302
1790628406.6300411,2.0973869832232594
1790628406.6743298,1.9907820387743413
1790628406.6790054,1.5441339928656816
1790628406.7047596,2.1579209715127945
1790628406.7063289,1.2899060384370387
1790628406.7194796,2.265413000714034
1790628406.7523615,2.331203955691308
1790628406.7524374,3.2484690309502184
1790628406.7636764,1.926815020851791
1790628406.7681243,1.7094920040108263
1790628406.7960308,2.3017500061541796
1790628406.7968187,2.4188170209527016
1790628406.8000662,1.3124729739502072
1790628406.866904,2.3852959857322276
1790628406.9078722,1.8269580323249102
1790628406.9178395,1.9453170243650675
1790628406.9226322,1.606496050953865
1790628406.9766371,1.9768739584833384
1790628407.0055912,1.798739016521722
1790628407.0310402,2.1123100304976106
1790628407.0571666,1.7925979918800294
1790628407.0835328,2.022797998506576
1790628407.1069932,2.097364980727434
1790628407.148025,1.7508559976704419
1790628407.1537814,1.47571403067559
1790628407.1626644,1.6496590105816722
1790628407.2272444,2.306740963831544
1790628407.2650194,1.9269130425527692
1790628407.3016264,1.8713169847615063
1790628407.3173428,1.70267402427271
1790628407.3341987,1.8787059816531837
1790628407.3939133,2.274414000567049
1790628407.4004667,1.5225820243358612
1790628407.445358,1.8870920175686479
1790628407.4658432,1.7302909982390702
1790628407.5245302,2.0213090465404093
1790628407.626302,2.4247999535873532
1790628407.6354973,2.390799985732883
1790628407.682899,1.9750730134546757
1790628407.7063506,1.7053839983418584
1790628407.7306654,1.832995971199125
1790628407.7459223,1.7858879873529077
1790628407.7852159,3.5621580318547785
1790628407.8512213,1.805637963116169
1790628407.8707352,1.744768989738077
1790628407.8970478,2.0431799930520356
1790628407.934197,1.7337159952148795
1790628407.9407346,1.538447046186775
1790628407.980589,2.0504940184764564
1790628408.0087712,2.0826340187340975
1790628408.0311599,1.9511360442265868
1790628408.040079,1.746463996823877
1790628408.0576053,1.8842019489966333
1790628408.0709207,1.9164140103384852
1790628408.079633,2.2186230053193867
1790628408.104862,1.7464389675296843
1790628408.1121004,2.149011008441448
1790628408.1278691,2.125039987731725
1790628408.1403792,1.8011979991570115
1790628408.2163763,2.659347024746239
1790628408.2186291,1.6612560139037669
1790628408.2580621,1.915758999530226
1790628408.2665884,2.101538993883878
1790628408.2925973,2.0154889789409935
1790628408.2943482,1.2999430182389915
1790628408.327515,1.7845610273070633
1790628408.3327248,1.9090439891442657
1790628408.3382273,1.5025620232336223
1790628408.3702445,2.252404985483736
1790628408.38226,1.6213469789363444
1790628408.4247518,1.7045490094460547
1790628408.4330745,1.8325339769944549
1790628408.4416718,1.6846029902808368
1790628408.452183,2.037458005361259
1790628408.484887,2.020757005084306
1790628408.4960299,1.7938159871846437
1790628408.5073698,1.5570250106975436
1790628408.5117314,2.212034014519304
1790628408.5248168,1.7762889619916677
1790628408.5779538,1.9723299774341285
1790628408.5978103,2.2091519786044955
1790628408.6251698,2.0289570093154907
1790628408.6983683,2.1349600283429027
1790628408.7389114,1.851369976066053
1790628408.7744005,1.9049939583055675
1790628408.8281558,1.786924956832081
1790628408.8448741,1.8830770277418196
1790628408.8714175,2.080096979625523
1790628408.9204605,2.3078780504874885
1790628408.9210377,1.6119290376082063
1790628408.9802556,1.8533359980210662
1790628408.9992447,1.8300629453733563
1790628409.0129278,1.885980018414557
1790628409.032029,2.0136969978921115
1790628409.039856,1.5884949825704098
1790628409.089907,2.382064994890243
1790628409.1002362,2.02051002997905
1790628409.1239586,1.9942530198022723
1790628409.1523278,1.9440560135990381
1790628409.2376876,2.892180986236781
1790628409.2385316,3.895181987900287
1790628409.2576914,1.9895940204150975
1790628409.2825284,2.888265997171402
1790628409.282659,3.7195910117588937
1790628409.316373,1.9353540265001357
1790628409.3441064,1.7796929460018873
1790628409.357227,1.9899969920516014
1790628409.3599253,1.298889983445406
1790628409.382745,1.7354059964418411
1790628409.5080354,1.8612350104376674
1790628409.5116649,1.4088869793340564
1790628409.5199785,2.5951999705284834
1790628409.5200548,1.7830029828473926
1790628409.553902,2.0883369725197554
1790628409.6246493,1.997036044485867
1790628409.6918147,1.7833199817687273
1790628409.7260902,1.8881270079873502
1790628409.7360709,1.812327012885362
1790628409.75026,1.947448996361345
1790628409.7725263,3.23867000406608
1790628409.773315,2.240162983071059
1790628409.8038657,2.1041230065748096
1790628409.8143659,2.1090719965286553
1790628409.8266363,1.9008140079677105
1790628409.8575478,2.2289850166998804
1790628409.859315,1.5016170218586922
1790628409.8657296,1.6560170333832502
1790628409.8682215,1.287468010559678
1790628409.8694086,1.1778189800679684
1790628409.8921077,2.5697689852677286
1790628409.8942964,1.8601949559524655
1790628409.8971596,1.4948410098440945
1790628409.9075785,2.499208028893918
1790628409.9218237,2.7254829765297472
1790628409.9399052,1.7548099858686328
1790628409.9429555,1.6655389918014407
1790628409.9719887,1.7385459505021572
1790628409.9952164,3.006725979503244
1790628409.9983084,1.9761599833145738
1790628410.0612063,2.021774009335786
1790628410.0626419,1.4229349908418953
1790628410.1101904,1.8940999871119857
1790628410.1247244,2.0761319901794195
1790628410.1545403,2.162193995900452
1790628410.2273707,2.0616180263459682
1790628410.2417734,2.1549249649979174
1790628410.3280432,2.2083109943196177
1790628410.348178,2.1083130268380046
1790628410.3591008,2.0701109897345304
1790628410.388055,2.8362200246192515
1790628410.3889155,2.1863500005565584
1790628410.3917778,2.301313972566277
1790628410.4668775,2.081668993923813
1790628410.502399,1.9535739556886256
1790628410.5368187,2.529413963202387
1790628410.5440342,2.50055396463722
1790628410.5459044,1.7289320239797235
1790628410.5490518,2.6177909458056092
1790628410.5504613,2.578255021944642
1790628410.676072,2.1985729690641165
1790628410.6789355,1.9322430016472936
1790628410.6819649,1.592840999364853
1790628410.7225242,2.2297180257737637
1790628410.7269676,2.405249048024416
1790628410.7351267,1.5911399968899786
1790628410.8082936,6.811186030972749
1790628410.8562152,3.6789069999940693
1790628410.875734,3.086911980062723
1790628410.9302018,4.938659956678748
1790628410.9932597,2.0311339758336544
1790628411.0020633,1.8432870274409652
1790628411.0400653,3.7859210278838873
1790628411.040138,3.122924012131989
1790628411.0419736,1.2125440407544374
1790628411.0464358,1.2568300007842481
1790628411.0649457,2.5676690274849534
1790628411.079963,2.417743962723762
1790628411.0921683,2.1008169860579073
1790628411.1490455,4.060043022036552
1790628411.149122,3.300590964499861
1790628411.1540291,1.6767620109021664
1790628411.172442,2.818704000674188
1790628411.1892254,2.0155730308033526
1790628411.2255514,2.364184008911252
1790628411.2280884,1.5095480484887958
1790628411.2388375,1.6291739884763956
1790628411.264625,2.040283987298608
1790628411.370038,3.2595759839750826
1790628411.403888,2.8653310146182775
1790628411.4721084,3.23187600588426
1790628411.4761531,2.8160960064269602
1790628411.4984055,2.429861982818693
1790628411.4989367,2.352791023440659
1790628411.5139346,1.824931998271495
1790628411.5199394,1.4854680048301816
1790628411.5251722,1.6244930448010564
1790628411.5390549,1.6869850223883986
1790628411.5446026,1.3402150361798704
1790628411.5780814,2.1531700040213764
1790628411.5985615,2.695696020964533
1790628411.6242392,10.359940002672374
1790628411.6246889,7.408592966385186
1790628411.6454616,2.161488984711468
1790628411.654388,2.5177260395139456
1790628411.7042673,5.308380990754813
1790628411.736527,4.3685720302164555
1790628411.741481,1.9297749968245625
1790628411.7885363,5.125705036334693
1790628411.8052762,3.3245629747398198
1790628411.824732,2.808590012136847
1790628411.8674076,6.824381998740137
1790628411.8830392,2.1941859740763903
1790628412.0778782,2.7584420167841017
1790628412.1562338,9.77001100545749
1790628412.1878188,4.414216033183038
1790628412.1909637,2.242369984742254
1790628412.210428,3.7321270210668445
1790628412.2110822,2.3128879838623106
1790628412.2630842,2.510090998839587
1790628412.2841556,2.9740919708274305
1790628412.289457,1.991947996430099
1790628412.3201768,2.0671889651566744
1790628412.3419986,2.016563026700169
1790628412.3532963,2.1982569596730173
1790628412.3880663,2.3624729947187006
1790628412.4641159,3.4734520013444126
1790628412.46655,1.990977965760976
1790628412.5041993,1.9177799695171416
1790628412.51415,2.44394299807027
1790628412.5258775,1.6055640298873186
1790628412.532202,1.5127119841054082
1790628412.556607,2.545994007959962
1790628412.6013503,2.3894719779491425
1790628412.6089249,2.489776990842074
1790628412.61624,1.3248429750092328
1790628412.6364799,1.7744929646141827
1790628412.673786,2.2712479694746435
1790628412.6738734,3.1980889616534114
1790628412.796155,3.188622009474784
1790628412.7991047,1.5206580283120275
1790628412.801084,1.2050349614582956
1790628412.815112,1.6013399581424892
1790628412.840491,2.3367750109173357
1790628412.8861525,2.7588140219449997
1790628412.8953826,2.009954012464732
1790628412.8960886,3.3963440218940377
1790628412.9160671,2.9053419711999595
