timestamp,rtt
1790389676.9485414,4.581112996675074
1790389676.9488244,6.057496997527778
1790389676.9496286,4.371154005639255
1790389676.9497027,2.8189299919176847
1790389676.9731853,1.8610729894135147
1790389676.9878972,1.8314150220248848
1790389677.013024,2.148986008251086
1790389677.0239294,2.0968099997844547
1790389677.0252328,1.2922780006192625
1790389677.0292454,1.62569698295556
1790389677.0326438,1.7572469951119274
1790389677.0589159,2.2418900043703616
1790389677.0609403,1.4709760143887252
1790389677.0681715,2.0175960089545697
1790389677.0912259,2.198639005655423
1790389677.1093907,1.814168004784733
1790389677.1244202,2.081061014905572
1790389677.12961,2.096857992000878
1790389677.1329453,1.7870619776658714
1790389677.1335135,1.6780139994807541
1790389677.136113,1.6445479996036738
1790389677.1427376,1.7554610094521195
1790389677.144267,1.298068993492052
1790389677.1548028,1.7642699822317809
1790389677.1597822,1.8235530005767941
1790389677.1659105,2.3414589813910425
1790389677.1700823,1.92207598593086
1790389677.176732,2.1929569775238633
1790389677.1834102,1.814573974115774
1790389677.2027757,2.573532023234293
1790389677.2117627,2.1435040107462555
1790389677.2156506,1.730798016069457
1790389677.227236,2.441887016175315
1790389677.2287614,1.51393300620839
1790389677.2336755,1.8167870002798736
1790389677.2395318,2.14705997495912
1790389677.2652516,2.2096569882705808
1790389677.2952576,1.8293109897058457
1790389677.3043532,1.867624989245087
1790389677.3519082,2.4737050116527826
1790389677.3524456,2.3430009896401316
1790389677.3547347,1.99277198407799
1790389677.3720834,1.9523519731592387
1790389677.3729498,1.7508410091977566
1790389677.3894632,1.904809003463015
1790389677.40195,1.9403540063649416
1790389677.426525,2.3987379972822964
1790389677.4279435,1.3954140013083816
1790389677.43429,1.8489049980416894
1790389677.4388998,1.7909849993884563
1790389677.4416075,1.767612004186958
1790389677.4557488,2.3044400149956346
1790389677.4715867,2.214915002696216
1790389677.478376,1.6397020081058145
1790389677.4798863,1.362275012070313
1790389677.5012043,2.51551900873892
1790389677.501965,2.652149007190019
1790389677.5058002,1.855073991464451
1790389677.5147417,2.0472249889280647
1790389677.5285406,2.43919002241455
1790389677.5291708,1.6997969942167401
1790389677.5501015,2.3519029782619327
1790389677.550597,1.690599019639194
1790389677.5613728,2.118459000485018
1790389677.5776525,1.9613379845395684
1790389677.612013,2.0800060010515153
1790389677.62459,1.9456650188658386
1790389677.6772716,2.0892150059808046
1790389677.6939056,2.0449069852475077
1790389677.6959143,1.6389410011470318
1790389677.6965265,1.359957008389756
1790389677.7183297,2.083886996842921
1790389677.735118,1.9053239957429469
1790389677.743445,1.8044460157398134
1790389677.7589695,2.268223004648462
1790389677.7675295,1.9901150080841035
1790389677.7823334,2.0420180226210505
1790389677.7848544,1.5286680136341602
1790389677.7900786,1.558913994813338
1790389677.7954812,1.4334449952002615
1790389677.8180537,1.959437009645626
1790389677.818595,1.6216359799727798
1790389677.835086,1.9686029991135001
1790389677.858237,3.0873219948261976
1790389677.8583255,3.8024079985916615
1790389677.8750517,2.138400013791397
1790389677.8850434,2.612373005831614
1790389677.885113,2.0338539907243103
1790389677.917851,2.017423015786335
1790389677.9390006,3.3270319981966168
1790389677.9391122,2.9033230093773454
1790389677.9400306,1.9123209931422025
1790389677.9437175,1.3680289848707616
1790389677.953104,1.9909290131181479
1790389677.9537523,2.005475020268932
1790389677.9612544,1.7147049948107451
1790389677.9641395,1.3551119773183018
1790389677.995096,1.9878630118910223
1790389677.9966714,1.3706590107176453
1790389678.0028355,1.4716790174134076
1790389678.0074327,1.412150013493374
1790389678.018354,1.975013001356274
1790389678.0383499,1.9641999970190227
1790389678.041877,1.5118629962671548
1790389678.0684285,2.511697995942086
1790389678.0861642,3.7446600035764277
1790389678.086244,2.789986989228055
1790389678.0969462,1.8533650145400316
1790389678.1010463,2.4275570176541805
1790389678.1049604,1.7554129881318659
1790389678.1206012,1.8805740110110492
1790389678.1278822,1.9993699970655143
1790389678.1446824,2.27939200703986
1790389678.1538885,1.6258760006166995
1790389678.162281,2.7050120115745813
1790389678.1631534,1.784980995580554
1790389678.1657248,1.4988819893915206
1790389678.1692777,1.7989549960475415
1790389678.2251673,2.0914780034217983
1790389678.26006,1.8647219985723495
1790389678.3146942,2.1837609820067883
1790389678.3432589,2.22455698531121
1790389678.343326,3.039606992388144
1790389678.3987274,1.8126509967260063
1790389678.4038162,1.9922830106224865
1790389678.4039311,2.6897829957306385
1790389678.468435,2.305139001691714
1790389678.4748678,1.8934750114567578
1790389678.4936945,2.1987130166962743
1790389678.4939828,1.7522640118841082
1790389678.4991727,1.5803880232851952
1790389678.5067027,2.364510000916198
1790389678.519771,1.7921260150615126
1790389678.531694,2.9756420117337257
1790389678.5320575,1.9109630084130913
1790389678.5322146,2.967170992633328
1790389678.541326,2.0063869887962937
1790389678.545789,1.6127430135384202
1790389678.552118,1.8701640074141324
1790389678.585148,3.05604501045309
1790389678.6052785,2.7444139996077865
1790389678.6076534,2.179161994718015
1790389678.6114285,1.9905570079572499
1790389678.6333253,1.8590550171211362
1790389678.668872,2.316363010322675
1790389678.6813562,1.9071620190516114
1790389678.6929333,2.071740018436685
1790389678.7320244,4.1858940094243735
1790389678.7326508,2.4832289782352746
1790389678.7333143,1.906498015159741
1790389678.7441802,1.9540810026228428
1790389678.7717912,1.8628929974511266
1790389678.7865195,2.844205009751022
1790389678.8215566,1.8897170084528625
1790389678.8231292,1.2849619961343706
1790389678.8315468,1.6680179978720844
1790389678.8343933,1.5029640053398907
1790389678.841255,1.9562390225473791
1790389678.8532298,2.253945014672354
1790389678.880947,1.8371529877185822
1790389678.897096,1.8119490123353899
1790389678.8976014,1.3635120121762156
1790389678.902934,1.560972013976425
1790389678.9106722,1.8652690050657839
1790389678.9312027,2.3968589957803488
1790389678.9610858,2.215506014181301
1790389678.961665,1.538593991426751
1790389678.9643745,1.243848993908614
1790389678.968534,1.2701560044661164
1790389678.98416,1.9023040076717734
1790389678.9994383,1.8353310006204993
1790389679.0223842,1.7774149891920388
1790389679.0290384,1.306291000219062
1790389679.0386498,1.524132996564731
1790389679.0451226,1.3658379903063178
1790389679.061534,2.0339059992693365
1790389679.078374,1.6785000043455511
1790389679.105227,1.73546900623478
1790389679.1266682,1.7563680012244731
1790389679.1477458,1.7604540043976158
1790389679.1716304,2.94330099131912
1790389679.1728127,2.0510949834715575
1790389679.1858876,1.9955159805249423
1790389679.1963785,1.893263979582116
1790389679.2101293,1.6678490210324526
1790389679.230893,1.9747469923458993
1790389679.2424378,2.2750759962946177
1790389679.2451928,1.4617109845858067
1790389679.2607238,1.9258930115029216
1790389679.2965107,1.6157259815372527
1790389679.3297973,1.8706510018091649
1790389679.352705,1.669938996201381
1790389679.3654008,1.8283429963048548
1790389679.3701036,1.5567750087939203
1790389679.3713007,2.0912489853799343
1790389679.3723106,1.89412702457048
1790389679.3899994,2.0107759919483215
1790389679.3932803,1.5439109993167222
1790389679.415325,1.905185985378921
1790389679.4239573,1.6334390093106776
1790389679.4667227,1.8593819986563176
1790389679.4753196,1.7060149984899908
1790389679.4785542,1.9399269949644804
1790389679.4997385,1.8400970147922635
1790389679.5060728,1.7721070034895092
1790389679.506759,1.8472880183253437
1790389679.5145986,1.775183976860717
1790389679.5386317,1.715896010864526
1790389679.5457914,1.6199170204345137
1790389679.5504181,1.7588150221854448
1790389679.5515735,1.1464260169304907
1790389679.5618498,1.3874779979232699
1790389679.5726893,2.007480012252927
1790389679.5860074,1.6612560139037669
1790389679.6075804,1.8042600131593645
1790389679.609253,1.3048879918642342
1790389679.6262999,1.7911870090756565
1790389679.6536105,1.6753269883338362
1790389679.6696646,2.3125689767766744
1790389679.6703892,1.9196750072296709
1790389679.673966,1.2366930022835732
1790389679.6788566,1.396907988237217
1790389679.6819327,1.6117090126499534
1790389679.6911283,2.1726439881604165
1790389679.6919742,1.9576810009311885
1790389679.6991427,1.4136079989839345
1790389679.7043936,1.3112040178384632
1790389679.7114866,1.5572800184600055
1790389679.729403,2.1651689894497395
1790389679.7769144,1.7867230053525418
1790389679.7980936,1.9437260052654892
1790389679.810141,1.6431959811598063
1790389679.8213663,1.8355280044488609
1790389679.8522258,1.698070002021268
1790389679.872141,3.167746006511152
1790389679.8722353,3.8002519868314266
1790389679.8878117,1.6113260062411427
1790389679.8939734,1.4916479995008558
1790389679.8951535,1.088492019334808
1790389679.9046373,1.959843997610733
1790389679.9204276,2.04583301092498
1790389679.9233015,1.4264960191212595
1790389679.9354177,2.140797005267814
1790389679.9831219,1.6779169964138418
1790389679.9877026,1.5191409911494702
1790389679.9936752,1.6634550120215863
1790389680.02259,1.9490320119075477
1790389680.033745,1.45945098483935
1790389680.035602,1.222331979079172
1790389680.0404856,1.3803140027448535
1790389680.071583,2.059248014120385
1790389680.0989983,1.6499560151714832
1790389680.1091905,1.681964989984408
1790389680.1289456,1.7350050038658082
1790389680.1618655,2.190213999710977
1790389680.1644683,2.307110989931971
1790389680.1648846,2.279060980072245
1790389680.1892047,1.9765000033657998
1790389680.2111986,1.9027660018764436
1790389680.2137456,1.5033230010885745
1790389680.215462,1.2530959793366492
1790389680.225329,1.4963479770813137
1790389680.2484396,2.022414992097765
1790389680.2494476,2.2180920059327036
1790389680.2719955,1.9557149789761752
1790389680.2753568,1.979908993234858
1790389680.2759101,1.6476490127388388
1790389680.3294477,1.6469349793624133
1790389680.3493307,1.9250019977334887
1790389680.3497689,1.2611590209417045
1790389680.3524501,1.0791659879032522
1790389680.3580446,1.5387540042866021
1790389680.3652472,2.0166399772278965
1790389680.3667572,1.2530510139185935
1790389680.4066124,2.0542179991025478
1790389680.4376512,2.053870994132012
1790389680.448529,2.196181012550369
1790389680.4615948,1.854625006671995
1790389680.4684162,1.7434429901186377
1790389680.4959657,1.8908780184574425
1790389680.511561,1.8599549948703498
1790389680.5181594,1.3534610043279827
1790389680.545027,1.6804899787530303
1790389680.562559,1.6827789950184524
1790389680.5644803,1.7912680050358176
1790389680.5699477,1.642922987230122
1790389680.5758843,1.788863999536261
1790389680.5766275,1.1758480104617774
1790389680.5910501,1.5947789943311363
1790389680.5953116,1.8148620147258043
1790389680.6043715,1.4738400059286505
1790389680.672405,2.0784949883818626
1790389680.714734,1.7745509976521134
1790389680.7173536,1.395965984556824
1790389680.719175,1.3236030063126236
1790389680.721593,1.5364190039690584
1790389680.723348,1.1386930127628148
1790389680.731967,1.6279119881801307
1790389680.7401595,1.645276992348954
1790389680.7555182,1.720823987852782
1790389680.7782202,2.996974013512954
1790389680.779227,2.103288017679006
1790389680.7842057,1.9725600141100585
1790389680.7877321,1.7614719981793314
1790389680.7887993,1.7164369928650558
1790389680.805628,1.7134069930762053
1790389680.8289754,2.5454960123170167
1790389680.8307886,1.7984230071306229
1790389680.851253,1.8241840007249266
1790389680.8686745,1.9144519756082445
1790389680.8953452,1.9509740232024342
1790389680.9069288,1.7313119897153229
1790389680.9302826,2.6924489939119667
1790389680.9314866,2.514830994186923
1790389680.9321837,1.6235779912676662
1790389680.9335387,1.2640329950954765
1790389680.9664729,2.1661510108970106
1790389680.9790347,2.0505319989752024
1790389680.979731,1.7385219980496913
1790389680.9828932,1.643251976929605
1790389680.9941995,4.508373007411137
1790389680.9943035,4.482151009142399
1790389681.0480268,1.821676007239148
1790389681.051504,1.5007949841674417
1790389681.05439,1.3041310012340546
1790389681.0711226,2.2075209999457
1790389681.0711868,1.5936160052660853
1790389681.0891793,2.170222986023873
1790389681.095363,1.494798983912915
1790389681.1272817,1.8389490141998976
1790389681.1283238,2.140432014130056
1790389681.1945612,2.0702490000985563
1790389681.2150536,1.9400139863137156
1790389681.2509186,1.810906978789717
1790389681.26453,1.7317589954473078
1790389681.2844841,1.6030770202632993
1790389681.2972958,1.6340370057150722
1790389681.3425193,1.9586980051826686
1790389681.3556905,2.2755710233468562
1790389681.3557746,2.8865039930678904
1790389681.362301,1.41368099139072
1790389681.386217,1.6662789857946336
1790389681.3897495,1.4711859985254705
1790389681.395826,1.6633839986752719
1790389681.4048173,2.1354909986257553
1790389681.4122975,1.3431900006253272
1790389681.4240706,2.4569910019636154
1790389681.424867,2.3169750056695193
1790389681.4252367,1.8138649757020175
1790389681.4293156,1.429856987670064
1790389681.4771712,3.4502510097809136
1790389681.4788477,3.6017200036440045
1790389681.4795632,3.1753549992572516
1790389681.4801488,2.605822985060513
1790389681.5010166,1.8071919912472367
1790389681.502179,1.1528829927556217
1790389681.5475128,1.754828990669921
1790389681.5544815,1.515943993581459
1790389681.5661755,1.9732140062842518
1790389681.5695865,1.6608760051894933
1790389681.5747569,1.4777820033486933
1790389681.6002626,1.849218999268487
1790389681.6105258,2.741161995800212
1790389681.611017,1.4666260103695095
1790389681.6198213,1.6933349834289402
1790389681.6409764,1.7552610079292208
1790389681.6494124,1.484756008721888
1790389681.6570544,2.8642599936574697
1790389681.6577075,2.6238599966745824
1790389681.6584468,1.3805140042677522
1790389681.6852763,1.6553500026930124
1790389681.6875389,1.4409149880521
1790389681.6888406,1.1177550186403096
1790389681.7046418,1.6180850216187537
1790389681.7167645,1.9985440012533218
1790389681.7306612,1.7373560112901032
1790389681.7505143,2.2352529922500253
1790389681.7600439,1.9251430057920516
1790389681.7701805,1.6591199964750558
1790389681.7801282,1.6316359979100525
1790389681.798483,1.66496800375171
1790389681.804031,2.1404980216175318
1790389681.8250914,1.7404919781256467
1790389681.8583992,2.261609013658017
1790389681.8796587,2.2952949802856892
1790389681.8889837,1.6610150050837547
1790389681.8932283,2.08766499417834
1790389681.8932965,2.9626119940076023
1790389681.9267945,1.7360160127282143
1790389681.937087,1.545575010823086
1790389681.9758143,1.8998289888259023
1790389681.9766364,1.6622199909761548
1790389681.978088,1.153274002717808
1790389681.983038,1.3231020129751414
1790389681.9946837,2.370661008171737
1790389682.004207,1.5102069883141667
1790389682.0119002,1.6108770214486867
1790389682.016661,2.383584011113271
1790389682.0167212,1.9978779891971499
1790389682.025239,1.9642770057544112
1790389682.025649,3.0632420093752444
1790389682.0342205,1.6618389927316457
1790389682.071425,1.671052013989538
1790389682.0809891,1.965639996342361
1790389682.1301422,2.38843698753044
1790389682.1850464,1.8065609910991043
1790389682.1871443,1.4516869850922376
1790389682.189513,1.1876249918714166
1790389682.191355,1.2794340145774186
1790389682.2112048,2.1045489993412048
1790389682.2191164,2.4884270096663386
1790389682.2191818,3.2310549868270755
1790389682.2211213,1.2915539846289903
1790389682.2230227,1.8933939863927662
1790389682.223948,1.80175100103952
1790389682.232056,1.7677700088825077
1790389682.2409277,1.905148004880175
1790389682.2464738,1.6036219894886017
1790389682.2696052,1.5804749855306
1790389682.2952228,1.5430969942826778
1790389682.302579,1.5312519972212613
1790389682.3067558,2.448302984703332
1790389682.3072674,3.5678240237757564
1790389682.3073223,2.672759990673512
1790389682.3097577,1.4824889949522913
1790389682.3301632,1.88798998715356
1790389682.335163,2.5142950180452317
1790389682.3438108,1.852354995207861
1790389682.3487875,2.2357119887601584
1790389682.3593974,1.9204540003556758
1790389682.3604157,1.8467659829184413
1790389682.3737466,2.294709993293509
1790389682.3750699,2.745372010394931
1790389682.3751652,1.96713101468049
1790389682.401252,3.3789409790188074
1790389682.4013307,3.2284160261042416
1790389682.4083076,1.6415400023106486
1790389682.409662,1.3445869844872504
1790389682.4237218,1.8296959751751274
1790389682.429446,1.5295920020435005
1790389682.4308577,1.2584409851115197
1790389682.4785159,1.7802079964894801
1790389682.4821029,1.2673620076384395
1790389682.4954667,1.7433850152883679
1790389682.4962847,1.9861769978888333
1790389682.5011837,1.4360909990500659
1790389682.5119328,1.6901609778869897
1790389682.5176733,1.323734992183745
1790389682.5233874,1.3150140002835542
1790389682.5252392,1.087520009605214
1790389682.5286558,1.3027550012338907
1790389682.5420144,1.9998810021206737
1790389682.586508,1.8263760139234364
1790389682.590178,1.3401900068856776
1790389682.591529,1.2769890017807484
1790389682.6004615,1.5266349946614355
1790389682.6024914,1.3819749874528497
1790389682.6192012,1.5720949741080403
1790389682.628616,1.506089000031352
1790389682.6431925,1.877155009424314
1790389682.668906,1.844501995947212
1790389682.6905963,1.8028030171990395
1790389682.7241373,1.9370800000615418
1790389682.72725,1.3577250065281987
1790389682.7313738,1.376431988319382
1790389682.7752955,1.9286480091977865
1790389682.81368,1.747995993355289
1790389682.8403783,1.9918220059480518
1790389682.841801,1.4123909932095557
1790389682.8680859,1.8129870004486293
1790389682.8993814,1.9491470011416823
1790389682.9007967,1.377819018671289
1790389682.9054568,1.4199149736668915
1790389682.9081047,1.2163070205133408
1790389682.93886,1.7061250109691173
1790389682.9467318,1.8821659905370325
1790389682.9581294,1.5293819888029248
1790389683.0057852,1.8126380164176226
1790389683.008677,1.7017649952322245
1790389683.009134,1.4796460163779557
1790389683.017852,1.490463997470215
1790389683.054563,2.456658985465765
1790389683.055419,1.8099129956681281
1790389683.0744925,1.5943880134727806
1790389683.0872512,1.8184130021836609
1790389683.094941,1.314666005782783
1790389683.103438,4.127623979002237
1790389683.1041214,3.533568000420928
1790389683.1044538,4.51699600671418
1790389683.1048498,2.3161460121627897
1790389683.1049075,3.8262790185399354
1790389683.1187727,1.7262170149479061
1790389683.1488643,1.8114550039172173
1790389683.169655,2.122133009834215
1790389683.178467,1.7832779849413782
1790389683.206032,1.727509981719777
1790389683.2136552,1.64512699120678
1790389683.2203672,1.8511480011511594
1790389683.29011,2.02111600083299
1790389683.3120024,1.6103780071716756
1790389683.3274362,3.2204900053329766
1790389683.3608441,1.781736995326355
1790389683.364018,1.1915290087927133
1790389683.3838508,1.852799003245309
1790389683.4059553,1.9192129839211702
1790389683.4228396,3.280433011241257
1790389683.422925,2.6918959920294583
1790389683.4236388,1.2006800097879022
1790389683.439793,1.5722030075266957
1790389683.4624965,1.6061660135164857
1790389683.4661167,1.4207390195224434
1790389683.5021763,2.5434219860471785
1790389683.5023725,3.5797619784716517
1790389683.5041611,1.7761439958121628
1790389683.5155292,2.024035988142714
1790389683.549085,2.0062320108991116
1790389683.558755,1.9054629956372082
1790389683.5603623,1.4928090095054358
1790389683.585057,2.2806040069554
1790389683.5875974,1.8508169741835445
1790389683.5921426,1.7422490054741502
1790389683.5940256,1.7529370088595897
1790389683.5957286,1.8056750122923404
1790389683.5997896,1.7464030242990702
1790389683.6027555,1.8154449935536832
1790389683.6288393,2.500398986740038
1790389683.6299307,1.9692180212587118
1790389683.6485224,2.0631390216294676
1790389683.6521575,1.7866730049718171
1790389683.6608021,1.8141689943149686
1790389683.6862295,1.804378000088036
1790389683.69071,1.5001030114945024
1790389683.7002678,1.4839130162727088
1790389683.7217133,1.9850649987347424
1790389683.7257245,1.4300210168585181
1790389683.7380028,1.5901349834166467
1790389683.7786636,2.0056520006619394
1790389683.7899847,1.6409230011049658
1790389683.7929502,1.6057909815572202
1790389683.8051155,1.6936010215431452
1790389683.8077536,1.2446869804989547
1790389683.8151872,1.669110992224887
1790389683.857699,1.8169760005548596
1790389683.8635776,1.646807009819895
1790389683.9123607,1.9623660191427916
1790389683.9137566,2.387357992120087
1790389683.9150126,2.64290499035269
1790389683.9151864,2.1773119806312025
1790389683.9400222,1.7430399893783033
1790389683.941812,1.3153390027582645
1790389683.9431252,1.036659989040345
1790389684.0006523,1.7447629943490028
1790389684.0021968,1.42907997360453
1790389684.007379,1.3623150007333606
1790389684.0131702,1.2275280023459345
1790389684.0148418,1.077206979971379
1790389684.0230427,1.8538139993324876
1790389684.0249665,1.2113960110582411
1790389684.0290189,1.2200470082461834
1790389684.0336752,1.4940059918444604
1790389684.0384483,1.3899400073569268
1790389684.0414553,1.1453309853095561
1790389684.0655081,1.6959219938144088
1790389684.0679688,1.8219519988633692
1790389684.0855386,1.571997010614723
1790389684.090326,2.500671020243317
1790389684.092255,3.3188440138474107
1790389684.092352,2.68922999384813
1790389684.0927498,1.5795019862707704
1790389684.1326056,2.169715997297317
1790389684.1334753,1.7698759911581874
1790389684.1366694,2.355344971874729
1790389684.1367273,1.9156289927195758
1790389684.1869717,2.4098330177366734
1790389684.1909106,1.9690600165631622
1790389684.208239,1.8549179949332029
1790389684.2136266,1.6263969882857054
1790389684.2228012,2.1293709869496524
1790389684.2238061,1.392537000356242
1790389684.2550576,1.6211860056500882
1790389684.2610865,1.5425150049850345
1790389684.2641864,1.4265140052884817
1790389684.2739298,1.5151700063142926
1790389684.2772837,1.3004020147491246
1790389684.2896671,1.9152059976477176
1790389684.3014843,1.7891809984575957
1790389684.309025,1.4031640021130443
1790389684.3118942,1.2522470206022263
1790389684.3150773,2.02306397841312
1790389684.3238466,1.6428950184490532
1790389684.357721,1.5891549992375076
1790389684.3628998,1.854788017226383
1790389684.3868313,1.6725989989936352
1790389684.420025,1.849027001298964
1790389684.437314,2.0637090201489627
1790389684.4684837,1.6807609936222434
1790389684.4765077,1.4823300007265061
1790389684.485871,1.3592710020020604
1790389684.4875698,1.4060899848118424
1790389684.494651,1.6599330119788647
1790389684.509139,1.9530839927028865
1790389684.5100195,1.638331013964489
1790389684.5215557,1.4409499999601394
1790389684.5332448,1.613369007827714
1790389684.5430639,1.8053340027108788
1790389684.5805225,1.9605570123530924
1790389684.580991,1.5858889964874834
1790389684.5921037,1.5327560249716043
1790389684.5940478,1.4595850079786032
1790389684.5973418,1.213920011650771
1790389684.6040854,3.527502005454153
1790389684.605906,4.042599000968039
1790389684.60596,3.411457990296185
1790389684.6160574,1.5085060149431229
1790389684.6242113,1.6277289832942188
1790389684.634067,1.83149499935098
1790389684.6379912,1.2949999945703894
1790389684.6468828,1.4741269988007843
1790389684.6581593,2.1893299999646842
1790389684.6656978,2.3009449942037463
1790389684.6954007,2.2178580111358315
1790389684.6959748,1.4878330111969262
1790389684.7101245,2.1156499860808253
1790389684.71286,2.6319019962102175
1790389684.7129607,2.1814429783262312
1790389684.734851,1.7525289731565863
1790389684.7365766,1.3454359723255038
1790389684.7700799,1.9457969756331295
1790389684.7847626,1.807656022720039
1790389684.7891612,1.2723630061373115
1790389684.8445253,1.6139509971253574
1790389684.870788,1.7079089884646237
1790389684.8734148,1.8833840149454772
1790389684.8978488,1.9185480196028948
1790389684.9030063,1.942092989338562
1790389684.90374,1.618290989426896
1790389684.9293318,2.760796982329339
1790389684.9293938,2.7116209967061877
1790389684.9386573,1.7235409759450704
1790389684.9470968,1.6760060098022223
1790389684.9563928,1.3481959758792073
1790389684.966818,1.6577010101173073
1790389684.97676,1.6816050047054887
1790389684.9813268,1.955885993083939
1790389684.9848626,1.204839994898066
1790389684.993908,1.6692520002834499
1790389685.0014887,1.973632985027507
1790389685.0018783,2.8822589956689626
1790389685.0145507,1.7396030016243458
1790389685.0273447,1.5300489903893322
1790389685.0405397,2.3039079969748855
1790389685.0437987,1.7432179884053767
1790389685.0794804,1.8779349920805544
1790389685.1036024,1.7059629899449646
1790389685.1265142,1.6559200012125075
1790389685.1310313,1.4558480179402977
1790389685.147325,1.7626070184633136
1790389685.1607132,1.6633670020382851
1790389685.1632922,1.291385997319594
1790389685.201301,2.0475329947657883
1790389685.2789385,1.8394489889033139
1790389685.2871544,1.8037499976344407
1790389685.2876055,1.516474992968142
1790389685.2935662,1.5249700227286667
1790389685.3295286,1.7059019883163273
1790389685.35726,2.078521007206291
1790389685.3676353,2.094414987368509
1790389685.3703077,1.3668780156876892
1790389685.3852198,1.5781540132593364
1790389685.4174771,3.1328839831985533
1790389685.4175417,2.6661349984351546
1790389685.4180107,1.8275980255566537
1790389685.4330478,1.8566579965408891
1790389685.4349225,1.3092260051053017
1790389685.439131,1.2246939877513796
1790389685.4448407,1.6995669866446406
1790389685.4453256,1.635558990528807
1790389685.453408,1.657112006796524
1790389685.4545636,1.147344009950757
1790389685.4855533,1.6204759886022657
1790389685.500612,1.5985400241333991
1790389685.5141928,1.6565260011702776
1790389685.5345614,1.592921995325014
1790389685.5408702,2.7423930005170405
1790389685.540924,2.1548059885390103
1790389685.5492828,1.7415760084986687
1790389685.5664911,2.3265130002982914
1790389685.5667505,2.688101987587288
1790389685.5888996,2.0407419942785054
1790389685.595042,1.4089919859543443
1790389685.5977638,1.115393009968102
1790389685.60699,1.4505879953503609
1790389685.6236062,1.9687360036186874
1790389685.6239054,1.7630250076763332
1790389685.645923,1.9854950078297406
1790389685.657417,1.4373559970408678
1790389685.6722937,1.6468680114485323
1790389685.683406,1.552717003505677
1790389685.7184262,1.816510979551822
1790389685.773053,1.887516991700977
1790389685.7735434,1.4583510055672377
1790389685.8194535,1.8476599943824112
1790389685.8328176,1.5871629875618964
1790389685.8346627,1.3743409945163876
1790389685.835434,1.5091320092324167
1790389685.8359432,1.1865230044350028
1790389685.8446023,1.6366569907404482
1790389685.844873,2.439055999275297
1790389685.8667605,2.004444017075002
1790389685.8670793,1.4232289977371693
1790389685.8744602,1.526937005110085
1790389685.8852954,1.549950015032664
1790389685.9160128,1.7445629928261042
1790389685.9164464,1.4176190015859902
1790389685.9366336,2.0465769921429455
1790389685.9369457,1.8348489829804748
1790389685.93836,1.1149299971293658
1790389685.968131,1.6735089884605259
1790389685.973739,1.5700969961471856
1790389685.996312,1.5784020069986582
1790389686.0044668,1.5445589961018413
1790389686.0068212,1.2065150076523423
1790389686.0238042,1.754608005285263
1790389686.0304785,1.596851012436673
1790389686.0327623,1.2833400105591863
1790389686.0552852,1.7325679946225137
1790389686.0712416,2.224945987109095
1790389686.071311,1.6407360089942813
1790389686.0784163,1.5820520056877285
1790389686.0787148,2.3017719795461744
1790389686.127699,1.534815994091332
1790389686.1591284,2.1121230092830956
1790389686.1749425,2.138695999747142
1790389686.1888666,2.803374984068796
1790389686.188974,2.2400550078600645
1790389686.192894,1.7196020053233951
1790389686.1948237,1.3991699961479753
1790389686.1962426,1.4070660108700395
1790389686.2006762,1.580549986101687
1790389686.2057927,1.375683001242578
1790389686.233594,1.5899999998509884
1790389686.2438402,1.4602620212826878
1790389686.2550516,1.517376018455252
1790389686.2745845,1.7438950017094612
1790389686.2815473,2.008965006098151
1790389686.2830029,1.4463989937212318
1790389686.294608,1.6247370222117752
1790389686.3081956,1.7110979824792594
1790389686.3313732,1.7986680031754076
1790389686.3493268,1.5591310220770538
1790389686.3685837,1.6099060012493283
1790389686.370844,1.5028280031401664
1790389686.3787253,1.490271999500692
1790389686.4009383,2.3398770135827363
1790389686.43658,1.6530550201423466
1790389686.440793,1.542746991617605
1790389686.4571006,2.9806449892930686
1790389686.4577758,2.225128991995007
1790389686.4762082,1.8185890221502632
1790389686.4789586,1.3898990000598133
1790389686.5205498,1.8237569893244654
1790389686.5255823,1.6988769930321723
1790389686.539843,2.7047859912272543
1790389686.5399718,2.3194100067485124
1790389686.5489807,1.5401279961224645
1790389686.5559387,1.8052100203931332
1790389686.5587466,1.5202010108623654
1790389686.5653918,1.2968670052941889
1790389686.5900762,1.8743109831120819
1790389686.5940468,1.3962600205559283
1790389686.622823,1.5989349922165275
1790389686.6341043,1.517224998679012
1790389686.6411407,2.8085410012863576
1790389686.6412165,2.4416270025540143
1790389686.6531444,1.5788369928486645
1790389686.6590965,1.3673490029759705
1790389686.6914892,1.8112980178557336
1790389686.7045124,1.5507189964409918
1790389686.706113,1.3839969760738313
1790389686.708284,1.2073550024069846
1790389686.7131627,1.265445986064151
1790389686.7142072,1.037306006764993
1790389686.715828,1.203312975121662
1790389686.725257,2.024562010774389
1790389686.7263687,2.013933000853285
1790389686.7381892,1.657904009334743
1790389686.742415,1.4536859816871583
1790389686.7428246,1.1628350184764713
1790389686.7886453,1.6865479992702603
1790389686.798542,2.316198020707816
1790389686.8025424,1.578052993863821
1790389686.8047369,1.1791779834311455
1790389686.809326,1.365000003715977
1790389686.8112402,1.109308999730274
1790389686.8140273,1.1137250112369657
1790389686.8299325,1.7227199859917164
1790389686.8370032,2.1688400011043996
1790389686.8376212,2.2541009820997715
1790389686.855245,1.720145985018462
1790389686.896722,1.5892099763732404
1790389686.9003363,1.3627200096379966
1790389686.9057124,1.268471998628229
1790389686.9184558,2.1448410116136074
1790389686.9293957,1.7860000079963356
1790389686.9528258,1.872041990282014
1790389686.9538782,1.8419820116832852
1790389686.9588947,1.6606329882051796
1790389686.975693,1.6023450007196516
1790389686.9814036,1.3688479957636446
1790389686.9874332,1.403486996423453
1790389687.002617,1.5880340069998056
1790389687.0298507,2.1707429841626436
1790389687.0437582,1.673964987276122
1790389687.0551636,1.7548410105518997
1790389687.059026,1.6696410020813346
1790389687.0663707,1.313177024712786
1790389687.0700073,1.570021006045863
1790389687.0949593,1.771342009305954
1790389687.0989168,1.3343419996090233
1790389687.1147132,1.5776620130054653
1790389687.1262312,1.730921008856967
1790389687.1316242,1.8426589958835393
1790389687.1550643,1.6698700201231986
1790389687.1793509,1.6338239947799593
1790389687.1827924,1.3703999866265804
1790389687.1923704,2.398896001977846
1790389687.214193,1.557350013172254
1790389687.2538157,1.6441420011688024
1790389687.2638783,1.835533999837935
1790389687.2672722,1.4827400154899806
1790389687.2857754,1.5797610103618354
1790389687.3044784,1.9034989818464965
1790389687.305258,1.526968990219757
1790389687.3103004,1.4277159934863448
1790389687.3131523,1.271354005439207
1790389687.3649662,1.715290010906756
1790389687.376524,1.8509410147089511
1790389687.3794632,1.5937049756757915
1790389687.385578,1.629279984626919
1790389687.38608,1.4102690038271248
1790389687.3911898,2.0783779909834266
1790389687.3919163,1.242438011104241
1790389687.3963873,1.1524180008564144
1790389687.42699,1.7596039979252964
1790389687.436509,1.6651389887556434
1790389687.4400148,1.4449040172621608
1790389687.4436066,1.3322829909157008
1790389687.447353,1.1205050104763359
1790389687.4616737,1.6491360147483647
1790389687.4659615,1.8274050089530647
1790389687.4664278,1.3383360055740923
1790389687.4727542,1.25189297250472
1790389687.4774253,1.4046790020074695
1790389687.4814446,1.1956910020671785
1790389687.494571,2.124598016962409
1790389687.500938,1.688162999926135
1790389687.533452,1.8361129914410412
1790389687.5803738,2.140180004062131
1790389687.5809567,1.7628610075917095
1790389687.586781,1.682595000602305
1790389687.6083298,1.6141429950948805
1790389687.6307197,2.0091629994567484
1790389687.6336336,1.4682429900858551
1790389687.6441684,1.341188995866105
1790389687.6544755,1.4540219854097813
1790389687.6625874,1.8725800036918372
1790389687.667925,1.4794849848840386
1790389687.6695166,1.1684259807225317
1790389687.684366,1.5953030087985098
1790389687.7032688,3.337435016874224
1790389687.7033722,2.300424996064976
1790389687.7034643,2.98702999134548
1790389687.7190778,1.69527402613312
1790389687.7208495,1.658569002756849
1790389687.7216852,1.47745999856852
1790389687.7281032,1.2335579958744347
1790389687.7495062,1.8554610142018646
1790389687.7837088,2.3603890149388462
1790389687.784505,1.5781180118210614
1790389687.8109958,1.8195630109403282
1790389687.864492,1.5753069892525673
1790389687.8917296,1.8198990146629512
1790389687.90274,1.6020420007407665
1790389687.9048324,1.8703700043261051
1790389687.9144168,1.7063549894373864
1790389687.9250257,1.5320070087909698
1790389687.9348254,1.8396380182821304
1790389687.9417045,1.6427509835921228
1790389687.9424338,1.4223869948182255
1790389687.9468083,1.3012669805902988
1790389687.962804,3.606562997447327
1790389687.963551,2.5501030031591654
1790389687.9716592,1.4939639950171113
1790389687.980897,1.7275899881497025
1790389687.9987023,1.7521900008432567
1790389688.002607,1.383603987051174
1790389688.0138855,1.8897999834734946
1790389688.0305638,2.180859009968117
1790389688.048774,1.6909149999264628
1790389688.0647645,1.423623994924128
1790389688.0779817,1.5434680099133402
1790389688.1217446,2.6216109981760383
1790389688.1298192,2.170847001252696
1790389688.1530933,1.7198730201926082
1790389688.2066803,1.7458840156905353
1790389688.2199461,1.7213950050063431
1790389688.2529461,2.009993011597544
1790389688.2557483,1.633429987123236
1790389688.2572646,1.4185140025801957
1790389688.2617726,2.240201982203871
1790389688.29451,2.14002700522542
1790389688.3045688,1.823458995204419
1790389688.3085592,1.7018579819705337
1790389688.318339,2.226735989097506
1790389688.3198714,1.5204589872155339
1790389688.334576,2.1230429993011057
1790389688.3348606,1.59026199253276
1790389688.3362415,1.2687179842032492
1790389688.3470783,1.7928779998328537
1790389688.3619356,2.3768859973642975
1790389688.3680198,2.136650000466034
1790389688.4117625,3.571630018996075
1790389688.4119892,2.881976979551837
1790389688.414142,2.1384670108091086
1790389688.4251835,2.486537996446714
1790389688.4258273,3.6033109936397523
1790389688.4258895,2.507764002075419
1790389688.4518974,1.6271230124402791
1790389688.4534037,1.340938004432246
1790389688.4555001,1.5111689863260835
1790389688.4609885,1.4167999906931072
1790389688.467621,1.354299980448559
1790389688.4762936,1.521115016657859
1790389688.4877338,1.6568409919273108
1790389688.4976609,1.4708289818372577
1790389688.5071604,1.5362880076281726
1790389688.5086296,1.4604260213673115
1790389688.5158908,1.6407439834438264
1790389688.5321114,2.1721440134570003
1790389688.5326366,1.3648250023834407
1790389688.5909722,2.315790974535048
1790389688.6036034,1.7445760022383183
1790389688.6042259,1.490127993747592
1790389688.6188688,1.6303120064549148
1790389688.6545522,1.6385650087613612
1790389688.6655273,1.493118004873395
1790389688.6893673,1.9059060141444206
1790389688.6952674,1.9134359899908304
1790389688.7349355,1.7571040079928935
1790389688.743771,1.7116679809987545
1790389688.7582328,1.8601490010041744
1790389688.7705183,2.07448098808527
1790389688.77194,1.4110890042502433
1790389688.7747989,1.1602170125115663
1790389688.7946184,1.786434993846342
1790389688.8083544,1.8166209920309484
1790389688.8102973,1.5169710095506161
1790389688.8213394,1.7005330009851605
1790389688.825374,1.255283015780151
1790389688.8426926,1.5365139988716692
1790389688.8547351,1.7242350149899721
1790389688.8589196,1.9713820074684918
1790389688.8596249,1.8082300084643066
1790389688.8706808,1.8041799776256084
1790389688.8810258,1.599467999767512
1790389688.8830242,1.165791996754706
1790389688.8927357,1.6902420029509813
1790389688.8946517,1.2352100166026503
1790389688.8965864,1.0838739981409162
1790389688.9120865,1.5516359999310225
1790389688.9181383,1.4132910000625998
1790389688.925417,1.669377990765497
1790389688.9323127,1.473530981456861
1790389688.9403229,2.107581007294357
1790389688.9416013,1.2702190142590553
1790389688.9420688,1.179325015982613
1790389688.9600184,1.9156920025125146
1790389688.9727159,1.4460879901889712
1790389688.9843447,1.7262999899685383
1790389688.998105,1.510452013462782
1790389689.0564365,1.8376620137132704
1790389689.0585728,1.2513929978013039
1790389689.0736926,1.720712025417015
1790389689.0899632,1.7133979999925941
1790389689.1266072,2.3179590061772615
1790389689.127597,1.8973559781443328
1790389689.1500967,1.788188994396478
1790389689.1574118,1.6873309796210378
1790389689.1582491,1.709276984911412
1790389689.1595454,1.1684380006045103
1790389689.167683,1.7203290190082043
1790389689.1925933,1.7732159758452326
1790389689.2002008,1.42421800410375
1790389689.215683,1.6421640175394714
1790389689.2206335,2.215004002209753
1790389689.248781,2.348182984860614
1790389689.2505507,1.4004310069140047
1790389689.2564423,1.456983998650685
1790389689.2961106,1.658466993831098
1790389689.306608,1.554286980535835
1790389689.3126812,1.5772859915159643
1790389689.3272467,1.5972690016496927
1790389689.3496783,2.033655997365713
1790389689.3513591,1.2551230029202998
1790389689.35827,1.8600459734443575
1790389689.3593068,1.7039870144799352
1790389689.3608832,1.5670939756091684
1790389689.3652167,1.4219889999367297
1790389689.3686612,1.8278109782841057
1790389689.3693888,1.6448829846922308
1790389689.3807423,1.717201987048611
1790389689.4009218,1.7801430076360703
1790389689.405135,1.5326019783969969
1790389689.4263217,1.8017740221694112
1790389689.4267986,1.4560330018866807
1790389689.462752,1.6281020070891827
1790389689.475274,1.7011990130413324
1790389689.4773211,1.4375920000020415
1790389689.5090656,1.710022013867274
1790389689.520802,1.9338569836691022
1790389689.536889,2.104790008161217
1790389689.5479472,1.584039011504501
1790389689.5628922,2.8369019855745137
1790389689.562955,2.420827018795535
1790389689.629962,1.7748139798641205
1790389689.6316314,1.25809499877505
1790389689.639026,1.3697060057893395
1790389689.6529455,1.653682003961876
1790389689.6624532,2.405343984719366
1790389689.6625776,2.4630190164316446
1790389689.664304,1.12939698738046
1790389689.6693444,1.2081860040780157
1790389689.6826625,2.3859560023993254
1790389689.6827555,3.1987709808163345
1790389689.7188706,2.1600349864456803
1790389689.7319746,1.485649001551792
1790389689.7369385,1.2387979950290173
1790389689.7380724,1.1248629889450967
1790389689.7464144,1.6589980223216116
1790389689.753635,1.553311012685299
1790389689.7595124,1.6224760038312525
1790389689.7853367,2.738148992648348
1790389689.7944546,1.564523990964517
1790389689.816695,1.7412900051567703
1790389689.8631678,1.5497159911319613
1790389689.8719049,1.6396800056099892
1790389689.8737032,1.1728279932867736
1790389689.9063365,1.7349670233670622
1790389689.9218092,2.6828869886230677
1790389689.9337811,2.072395000141114
1790389689.9437568,2.1206819801591337
1790389689.9491282,1.8775119970086962
1790389689.9641047,2.430585998808965
1790389689.980073,1.9274279766250402
1790389689.988456,1.853256020694971
1790389689.9932861,1.6638750093989074
1790389690.001119,1.7532499914523214
1790389690.0019393,1.6154210024978966
1790389690.002362,1.12002799869515
1790389690.0239809,1.4960590051487088
1790389690.0346246,2.1466289763338864
1790389690.035288,1.6091900179162621
1790389690.0473833,2.8047079977113754
1790389690.0557537,2.428965992294252
1790389690.0584414,1.507998997112736
1790389690.062071,1.303294993704185
1790389690.074655,1.4104039873927832
1790389690.0777087,1.3006579829379916
1790389690.0948026,4.243839008267969
1790389690.0948577,3.605032979976386
1790389690.1010218,1.7272779950872064
1790389690.1040885,1.3612839975394309
1790389690.1086078,1.4771980058867484
1790389690.1170297,1.6631589969620109
1790389690.123318,1.9396860152482986
1790389690.1238747,1.4586850011255592
1790389690.1342115,1.7196039843838662
1790389690.1415842,2.065224020043388
1790389690.1422522,1.5935600094962865
1790389690.1430173,1.3593350013252348
1790389690.1468184,1.035199995385483
1790389690.1516798,1.3109360006637871
1790389690.1524324,1.2963819899596274
1790389690.172894,1.7065669817384332
1790389690.184102,2.39559801411815
1790389690.1895177,1.8654580053407699
1790389690.1912067,1.137171988375485
1790389690.1949773,1.3085620012134314
1790389690.1991544,2.526672004023567
1790389690.1992037,2.052725001703948
1790389690.2193003,2.510947990231216
1790389690.2537289,2.619670005515218
1790389690.2625313,6.466542981797829
1790389690.264647,3.041830990696326
1790389690.2646976,5.317730974638835
1790389690.270216,2.649290021508932
1790389690.28985,2.5035759899765253
1790389690.2915952,1.3749919889960438
1790389690.302471,2.2231780167203397
1790389690.3032923,1.7448860162403435
1790389690.3405116,5.259667988866568
1790389690.3423252,5.76834098319523
1790389690.3483825,2.2106329852249473
1790389690.3690066,2.2888329986017197
1790389690.3865426,3.2238959975074977
1790389690.3959372,2.9198290139902383
1790389690.3978908,1.1871969909407198
1790389690.4002728,1.174025994259864
1790389690.4049196,1.1868900037370622
1790389690.4117062,1.3312690134625882
1790389690.4350626,1.93458900321275
1790389690.452012,1.7142529832199216
1790389690.4571943,1.4572640066035092
1790389690.4947414,3.5798799945041537
1790389690.4948003,2.400850993581116
1790389690.4977183,1.2396239908412099
1790389690.5062904,1.819134980905801
1790389690.5321019,1.576699985889718
1790389690.5404441,1.612437015864998
1790389690.5514069,1.406546012731269
1790389690.5563052,1.4461620012298226
1790389690.5956225,1.694709004368633
1790389690.6007545,1.6169989830814302
1790389690.6028545,1.2635330203920603
1790389690.6108468,1.4536640082951635
1790389690.6275835,1.5648400003556162
1790389690.696542,1.8911049992311746
1790389690.7164567,2.2098759945947677
1790389690.73629,1.6142000094987452
1790389690.7377849,1.1041699908673763
1790389690.762355,1.8009199993684888
1790389690.7734582,1.7619529971852899
1790389690.775446,1.145878981333226
1790389690.7849412,1.234627008670941
1790389690.7902727,2.366872999118641
1790389690.8390443,3.2051549933385104
1790389690.8401206,2.1346440189518034
1790389690.851163,2.7401050028856844
1790389690.8519769,1.3015389849897474
1790389690.887499,3.134597005555406
1790389690.9105282,1.8338069785386324
1790389690.9374082,1.5965149796102196
1790389690.9454687,1.373965002130717
1790389690.960718,2.434650989016518
1790389690.977268,1.7108359897974879
1790389690.979401,1.2678960047196597
1790389690.9864051,1.4091839839238673
1790389690.9891503,1.3737289991695434
1790389690.9976833,1.511982991360128
1790389691.0170083,1.7579170234967023
1790389691.018512,1.2211530120112002
1790389691.023545,1.2695440091192722
1790389691.03443,1.825038023525849
1790389691.040653,2.986833016620949
1790389691.0459082,1.247677020728588
1790389691.0801935,2.934020012617111
1790389691.1072083,1.7423729877918959
1790389691.1078153,1.4618179993703961
1790389691.1204247,2.5401649763807654
1790389691.1616476,1.7147689941339195
1790389691.1668665,1.9147020066156983
1790389691.1680615,2.0569179905578494
1790389691.1686132,1.4341990172397345
1790389691.1773407,1.2938620056957006
1790389691.1936896,1.8857080140151083
1790389691.2100294,1.9732700020540506
1790389691.249962,2.6375250017736107
1790389691.260458,2.344791020732373
1790389691.27105,1.555416005430743
1790389691.2756639,1.5428389888256788
1790389691.316287,4.253880004398525
1790389691.316459,3.6388449952937663
1790389691.3167033,5.960437993053347
1790389691.3200061,1.531495014205575
1790389691.3249087,1.2697839993052185
1790389691.3259454,1.0289430210832506
1790389691.3446202,1.8571210093796253
1790389691.3525755,1.4622870075982064
1790389691.3758945,1.7004779947455972
1790389691.379617,1.580891985213384
1790389691.396362,2.3993630020413548
1790389691.397195,1.7739280010573566
1790389691.3990018,1.4628840144723654
1790389691.422402,1.6142870008479804
1790389691.424714,1.7977880197577178
1790389691.4248202,2.408483996987343
1790389691.430038,1.62348200683482
1790389691.4543712,1.7650469962973148
1790389691.460499,1.4894029882270843
1790389691.4664898,1.2603719951584935
1790389691.4695044,1.5801730041857809
1790389691.500623,3.229328984161839
1790389691.522382,1.6934970044530928
1790389691.5313938,1.533255010144785
1790389691.537227,1.4861070085316896
1790389691.5477989,1.6458029858767986
1790389691.5516782,2.2450890101026744
1790389691.5609195,1.8263689999002963
1790389691.5654786,1.6905849915929139
1790389691.5655377,2.2778610000386834
1790389691.5677793,1.1929600150324404
1790389691.5809896,1.4321570051833987
1790389691.6002164,2.9021530062891543
1790389691.6010895,1.4820189971942455
1790389691.6075766,1.5344939893111587
1790389691.6224897,9.109981008805335
1790389691.6226945,6.868514989037067
1790389691.6228683,7.827933004591614
1790389691.627901,1.5251919976435602
1790389691.633224,1.577188988449052
1790389691.640103,1.6825490165501833
1790389691.6671534,2.500750997569412
1790389691.6752868,1.5571480034850538
1790389691.7030835,2.494946005754173
1790389691.7413554,3.310110012535006
1790389691.751976,2.158789982786402
1790389691.757286,1.3683810248039663
1790389691.7715292,1.692760008154437
1790389691.7908833,2.2098580084275454
1790389691.795101,1.477458979934454
1790389691.797583,1.1332129943184555
1790389691.8383224,2.369873021962121
1790389691.838438,4.721384990261868
1790389691.8565423,1.9511999853421003
1790389691.861461,2.287476003402844
1790389691.861948,1.5037640114314854
1790389691.8650873,1.413238001987338
1790389691.8774092,1.9014640129171312
1790389691.8787758,1.2326980067882687
1790389691.8970304,1.6993219905998558
1790389691.9574747,3.005388018209487
1790389691.9581301,1.8977879954036325
1790389691.973895,2.7256530011072755
1790389691.9844398,1.4881739916745573
1790389692.000252,1.7476979992352426
1790389692.0399141,1.843192003434524
1790389692.0498018,1.9529510173015296
1790389692.062022,1.6763930034358054
1790389692.0886517,2.436031005345285
1790389692.0896904,2.0214919932186604
1790389692.1029117,1.8822510028257966
1790389692.1099062,1.85093202162534
1790389692.1198292,1.8981409957632422
1790389692.1215477,1.294966001296416
1790389692.1280057,2.5498309987597167
1790389692.1284416,3.638665977632627
1790389692.139446,1.7303649801760912
1790389692.153057,1.5475450200028718
1790389692.1716845,1.6470270056743175
1790389692.1827054,1.3234009966254234
1790389692.1915052,4.255967010976747
1790389692.1916459,3.467250004177913
1790389692.2172687,2.442163007799536
1790389692.2275946,3.848295018542558
1790389692.2482584,2.476945985108614
1790389692.2876294,5.621894990326837
1790389692.2933388,8.14982398878783
1790389692.3313904,2.0833849848713726
1790389692.3319075,1.731480995658785
1790389692.3434567,1.956221996806562
1790389692.3522727,1.7479329835623503
1790389692.3766825,2.306420006789267
1790389692.3893433,2.227857999969274
1790389692.4116025,2.123256999766454
1790389692.422888,1.8655399908311665
1790389692.444608,1.530068984720856
1790389692.453095,1.5717120259068906
1790389692.4631624,2.6565850130282342
1790389692.4649107,1.4499000099021941
1790389692.473289,1.2964490160811692
1790389692.4829485,1.5056279953569174
1790389692.4887443,1.7590410134289414
1790389692.4887946,2.3662179883103818
1790389692.4967349,1.5358059899881482
1790389692.5115664,1.406511990353465
1790389692.525189,1.597333000972867
1790389692.5324485,1.8432760261930525
1790389692.5639424,3.0551470117643476
1790389692.5660543,1.9324290042277426
1790389692.5700796,1.5242869849316776
1790389692.5964453,2.458904986269772
1790389692.605459,2.8123289812356234
1790389692.6055453,4.007401992566884
1790389692.6056006,3.493406984489411
1790389692.6172974,1.4310810074675828
1790389692.6480987,2.142281999113038
1790389692.6647894,1.9265980226919055
1790389692.6868575,3.164972993545234
1790389692.7282948,8.817847003228962
1790389692.7285147,6.25640302314423
1790389692.7321968,3.3664130023680627
1790389692.7378058,1.3992750027682632
1790389692.750784,1.929393009049818
1790389692.7570803,3.872741013765335
1790389692.7628863,1.8717439961619675
1790389692.76484,1.6236960073001683
1790389692.8451204,1.871216984000057
1790389692.8609424,1.7054540221579373
1790389692.8683677,1.4852900058031082
1790389692.874649,1.399400003720075
1790389692.8818758,1.4848739956505597
1790389692.9008038,1.9031559932045639
1790389692.935395,2.0938249945174903
1790389692.9464798,2.8132119914516807
1790389692.960937,2.9244949982967228
1790389692.9615004,2.2670309990644455
1790389692.977285,1.8118130101356655
1790389692.983598,1.8636099994182587
1790389692.9957812,1.8682569789234549
1790389693.0028956,1.7042489780578762
1790389693.0058076,1.4961629931349307
1790389693.0222182,1.9468870013952255
1790389693.0312707,1.7320530023425817
1790389693.0495226,2.2581710072699934
1790389693.049606,2.9698619910050184
1790389693.0564234,1.7814970051404089
1790389693.0806377,2.124846010701731
1790389693.0979693,1.9370410009287298
1790389693.1014016,1.4094750222284347
1790389693.1064155,1.7811019788496196
1790389693.1120589,1.7781950009521097
1790389693.115951,2.256912994198501
1790389693.1160288,3.0201929912436754
1790389693.1247501,2.0792169962078333
1790389693.1386368,1.6061200003605336
1790389693.1478994,1.7548509931657463
1790389693.1568582,1.253872993402183
1790389693.1683385,4.719126998679712
1790389693.1686091,5.069222999736667
1790389693.169145,2.072327013593167
1790389693.1733086,1.2951229873578995
1790389693.174951,1.1493769998196512
1790389693.216842,4.187871003523469
1790389693.234222,2.7210030239075422
1790389693.234426,4.489857004955411
1790389693.2677846,1.603978016646579
1790389693.2849164,1.9867739756591618
1790389693.3145986,2.429013984510675
1790389693.3159978,2.720078977290541
1790389693.3413415,2.4449759803246707
1790389693.3668642,2.0678100117947906
1790389693.3718545,3.0341980163939297
1790389693.378099,1.451685995562002
1790389693.3861165,2.509843005100265
1790389693.3922315,1.7040859966073185
1790389693.438981,1.8262109952047467
1790389693.4624739,1.6357699932996184
1790389693.463006,1.4905499992892146
1790389693.4697464,1.5620950143784285
1790389693.4846272,1.6042290080804378
1790389693.4922729,1.4656959974672645
1790389693.5051644,1.5385109873022884
1790389693.535513,2.006896014790982
1790389693.5512676,1.7792450089473277
1790389693.5721126,1.8210130219813436
1790389693.597706,1.6776439733803272
1790389693.604773,1.633276988286525
1790389693.6313426,1.7110790067818016
1790389693.6317368,1.2734989868476987
1790389693.6336505,1.143222994869575
1790389693.6356819,1.1591000074986368
1790389693.6435926,1.311561994953081
1790389693.6714096,2.143274003174156
1790389693.677103,1.646054006414488
1790389693.714695,2.2249509929679334
1790389693.7224214,2.403774007689208
1790389693.731864,1.457656006095931
1790389693.761449,3.8002369983587414
1790389693.7657113,1.502081984654069
1790389693.7877,2.1220770140644163
1790389693.794482,1.6386980132665485
1790389693.8264835,1.8270960135851055
1790389693.8652894,2.3947209992911667
1790389693.8756475,2.583541994681582
1790389693.8858197,2.259064989630133
1790389693.8941019,4.025792004540563
1790389693.9052713,1.6751729999668896
1790389693.921759,1.751798001350835
1790389693.9359381,1.8361890106461942
1790389693.990138,11.918094998691231
1790389693.9949524,13.176125008612871
1790389693.9971688,12.63882202329114
1790389693.9988952,1.68839399702847
1790389694.016256,3.8298039871733636
1790389694.0193443,1.977035019081086
1790389694.0508795,2.081179991364479
1790389694.0556152,1.4288689999375492
1790389694.0675502,2.6846300170291215
1790389694.0680695,2.1060889994259924
1790389694.068453,1.419286010786891
1790389694.1035898,2.1460040006786585
1790389694.1053596,1.3071570137981325
1790389694.1145825,1.9305750029161572
1790389694.120265,2.538235014071688
1790389694.1324081,1.6465789813082665
1790389694.1523764,6.7672030127141625
1790389694.1855047,2.6794360019266605
1790389694.2016191,2.757868991466239
1790389694.2073152,1.9681999983731657
1790389694.2346935,2.2781399893574417
1790389694.2362437,1.537778996862471
1790389694.246898,2.532638987759128
1790389694.2487173,1.9780099974013865
1790389694.2506716,1.9404420163482428
1790389694.260884,1.9362849998287857
1790389694.2709444,1.9187240104656667
1790389694.3083415,1.6907029785215855
1790389694.3106606,1.6628130106255412
1790389694.3178566,1.7015860066749156
1790389694.3322275,1.5833349898457527
1790389694.347378,1.4918870001565665
1790389694.3566442,1.5942830068524927
1790389694.3581424,1.3104100071359426
1790389694.36542,1.4858549984637648
1790389694.381121,1.5864919987507164
1790389694.3918235,1.5229200071189553
1790389694.4216053,1.9629239977803081
1790389694.4410577,1.972138008568436
1790389694.4608068,1.9049670081585646
1790389694.47136,1.811391004594043
1790389694.4756079,1.4309669786598533
1790389694.4865248,1.4770589768886566
1790389694.4884524,1.1470509925857186
1790389694.4972305,2.165254991268739
1790389694.5269003,1.9094159943051636
1790389694.5273771,1.4515960065182298
1790389694.5333784,1.2351720070000738
1790389694.5382195,1.1597280099522322
1790389694.5540724,2.379263984039426
1790389694.5548527,1.9523869850672781
1790389694.5583258,1.1280330072622746
1790389694.5679355,1.488712994614616
1790389694.5771654,1.4465580170508474
1790389694.582391,1.2679460051003844
1790389694.5990107,1.780380989657715
1790389694.6068168,1.634251995710656
1790389694.6240892,1.7128140025306493
1790389694.657543,1.7320119950454682
1790389694.691815,1.5742469986435026
1790389694.7056901,1.5655989991500974
1790389694.7177556,1.5076609852258116
1790389694.7237628,1.665011019213125
1790389694.7251992,1.4251839893404394
1790389694.7282605,1.2773530033882707
1790389694.7575362,1.8779159872792661
1790389694.762603,1.2819280091207474
1790389694.7647722,1.4066539879422635
1790389694.788615,1.7348879773635417
1790389694.8135598,2.214542997535318
1790389694.8269472,2.0231870003044605
1790389694.8328233,1.3374350091908127
1790389694.90005,1.6559780051466078
1790389694.937307,1.6464410000480711
1790389694.9429731,1.3294360251165926
1790389694.9729943,1.5742669929750264
1790389694.9968731,2.076172997476533
1790389695.0021644,1.614742010133341
1790389695.0022416,2.29908199980855
1790389695.0092514,1.665457006311044
1790389695.026014,1.7848080024123192
1790389695.0371275,2.5655119970906526
1790389695.0371964,2.176170004531741
1790389695.0510628,2.08808301249519
1790389695.0582285,1.3566020061261952
1790389695.059821,1.4765030064154416
1790389695.0807936,2.1740110241807997
1790389695.0829651,1.5219550114125013
1790389695.0930414,1.6339709982275963
1790389695.1358023,1.7512789927423
1790389695.2261448,1.722095999866724
1790389695.2346337,1.8444970191922039
1790389695.2422035,1.4140910061541945
1790389695.2779772,1.9260919943917543
1790389695.2811313,1.531946996692568
1790389695.2830913,1.1808899871539325
1790389695.2857301,1.208853005664423
1790389695.2876866,1.1396339978091419
1790389695.2995822,1.680960995145142
1790389695.3050158,1.5849729825276881
1790389695.3146102,1.5091170207597315
1790389695.352812,1.6132399905472994
1790389695.357648,1.313499000389129
1790389695.3653142,1.7880390223581344
1790389695.3720448,1.5268250135704875
1790389695.3812928,1.667052012635395
1790389695.3828127,1.294031011639163
1790389695.4076536,1.5690680011175573
1790389695.4324205,1.837058982346207
1790389695.4480348,1.6763750172685832
1790389695.4621878,1.8210469861514866
1790389695.463355,1.1483370035421103
1790389695.4852386,2.0387499826028943
1790389695.49068,1.894162007374689
1790389695.493519,1.2089029769413173
1790389695.496259,1.1343740043230355
1790389695.5082347,1.673635997576639
1790389695.539584,1.7373539740219712
1790389695.549394,1.544455997645855
1790389695.6161306,1.6126680129673332
1790389695.6285863,1.6046739765442908
1790389695.6404698,1.812414004234597
1790389695.6667104,1.5904369938652962
1790389695.670009,1.825407991418615
1790389695.715376,1.78830701042898
1790389695.7259946,1.8256699841003865
1790389695.727541,1.2253029854036868
1790389695.7454355,1.8488530186004937
1790389695.7716699,1.5955250128172338
1790389695.8030057,1.8377200176473707
1790389695.80455,1.5338129887823015
1790389695.8462408,1.811102993087843
1790389695.8574848,1.6783669998403639
1790389695.8600514,1.5148849925026298
1790389695.8665786,1.6607309808023274
1790389695.8819191,1.7057159857358783
1790389695.8906355,2.0153170044068247
1790389695.917105,1.6982269880827516
1790389695.9308646,2.7133430121466517
1790389695.9309304,2.2564649989362806
1790389695.95472,1.9329579954501241
1790389695.9569995,1.3891620037611574
1790389695.973017,1.9181290117558092
1790389695.9801254,1.978376996703446
1790389695.9862323,1.7076709773391485
1790389695.9896896,1.4681489847134799
1790389695.9965832,2.43497098563239
1790389695.997396,1.6466680099256337
1790389696.0016756,1.6558950010221452
1790389696.0062563,1.6837959992699325
1790389696.0107057,1.7082580015994608
1790389696.012667,1.2256790068931878
1790389696.0154955,1.3149450242053717
1790389696.0318055,1.6124560206662863
1790389696.039749,1.3997690111864358
1790389696.0466306,1.5365019789896905
1790389696.05034,1.3938820047769696
1790389696.0588434,1.3433380227070302
1790389696.0635166,1.376986998366192
1790389696.0883837,1.898015005281195
1790389696.0908072,1.634365995414555
1790389696.0926967,1.149992982391268
1790389696.1028626,1.5493830142077059
1790389696.1054602,1.3518880004994571
1790389696.1073682,1.5800120017956942
1790389696.1404202,1.9576240156311542
1790389696.1466436,2.202930976636708
1790389696.1469054,1.8908579950220883
1790389696.175989,1.641048991587013
1790389696.1791859,1.2982850021217018
1790389696.2222762,2.0117100211791694
1790389696.2271357,1.42638199031353
1790389696.238944,1.4787040126975626
1790389696.2633033,1.6293249791488051
1790389696.2657912,1.2996959849260747
1790389696.282257,1.8671739962883294
1790389696.288213,1.4635849802289158
1790389696.3089714,1.7500070098321885
1790389696.3161378,1.5774740022607148
1790389696.326658,2.071910013910383
1790389696.3350601,1.7589000053703785
1790389696.3367434,1.216873002704233
1790389696.3471065,1.4916509971953928
1790389696.3628693,1.6639530076645315
1790389696.3708313,1.642098999582231
1790389696.383931,1.8328570004086941
1790389696.3883476,1.528988010250032
1790389696.4034467,1.4398799976333976
1790389696.41748,1.6106519906315953
1790389696.4287121,1.6842500190250576
1790389696.441136,1.7867230053525418
1790389696.45164,2.1990429959259927
1790389696.4823017,1.6164529952220619
1790389696.4935298,1.6465829976368695
1790389696.4964006,1.560571021400392
1790389696.4965506,2.1975699928589165
1790389696.5288553,1.5835420053917915
1790389696.5467546,1.718616986181587
1790389696.5570784,1.6788110078778118
1790389696.5641277,1.6852820117492229
1790389696.5648057,1.4759390032850206
1790389696.5685294,1.2326620053499937
1790389696.5731146,1.2330009776633233
1790389696.5758288,1.1328090040478855
1790389696.582869,1.514673000201583
1790389696.6373734,1.6441190091427416
1790389696.6402106,2.487746998667717
1790389696.6403022,2.1232310100458562
1790389696.6635516,1.9430510001257062
1790389696.6854217,1.9165260018780828
1790389696.6868849,1.4522359997499734
1790389696.6953452,1.6750030044931918
1790389696.7051687,1.6217920056078583
1790389696.7144017,1.4263640041463077
1790389696.7509437,1.6377500141970813
1790389696.766022,1.7243020120076835
1790389696.7716434,1.305206009419635
1790389696.7773986,2.2804629988968372
1790389696.7774572,1.754266006173566
1790389696.7888484,2.3443649988621473
1790389696.7889214,1.9251999910920858
1790389696.791695,1.5147310041356832
1790389696.797311,1.3175969943404198
1790389696.804881,1.5841420099604875
1790389696.8131447,1.245944993570447
1790389696.8204927,1.8787450098898262
1790389696.8279028,1.3823549961671233
1790389696.8335042,1.3535469770431519
1790389696.8487487,1.7522069974802434
1790389696.8645582,1.7795309831853956
1790389696.8812857,1.924612995935604
1790389696.9015985,1.886168000055477
1790389696.9326348,1.8154080025851727
1790389696.955758,17.10593802272342
1790389696.956807,21.748740022303537
1790389696.9575703,11.651338019873947
1790389696.9581306,11.418353009503335
1790389696.95994,6.047872011549771
1790389696.9600072,7.744282018393278
1790389696.96026,5.76482099131681
1790389696.9660456,1.24512700131163
1790389696.9739647,1.375495980028063
1790389696.9980671,1.6065940144471824
1790389697.0007095,1.6455059812869877
1790389697.001417,1.3651589979417622
1790389697.0260758,1.7577219987288117
1790389697.0455406,2.08025801111944
1790389697.049904,1.599420007551089
1790389697.0608218,2.4334689951501787
1790389697.0616415,1.5800439869053662
1790389697.0685787,1.247436011908576
1790389697.0915513,3.115250001428649
1790389697.0927684,2.7597619919106364
1790389697.0928276,1.8479680002201349
1790389697.0980995,1.2071469973307103
1790389697.112902,1.4863050018902868
1790389697.1279767,1.707410003291443
1790389697.1755385,1.8784230051096529
1790389697.1756349,20.051614992553368
1790389697.1928785,1.6348510107491165
1790389697.2479076,31.61203398485668
1790389697.2480507,42.368692986201495
1790389697.2481146,38.87258798931725
1790389697.248735,25.55787199526094
1790389697.2489853,22.775021992856637
1790389697.2498932,18.88326701009646
1790389697.250037,14.387364004505798
1790389697.2513309,1.176870020572096
1790389697.2533514,1.191136980196461
1790389697.2795649,1.8983809859491885
1790389697.280906,1.3296730176080018
1790389697.2831526,1.1154139938298613
1790389697.288342,1.5021070139482617
1790389697.298195,2.050987008260563
1790389697.2989132,1.2718990037683398
1790389697.3032475,1.1269770038779825
1790389697.3274899,21.727417974034324
1790389697.3805413,32.75602200301364
1790389697.388121,20.44201799435541
1790389697.3948991,1.649646001169458
1790389697.3986974,1.2783060083165765
1790389697.418192,1.838936994317919
1790389697.4389372,23.04320698021911
1790389697.4624894,25.314839993370697
1790389697.462593,28.613438975298777
1790389697.4627607,11.234510981012136
1790389697.4628294,33.97621298790909
1790389697.4630778,10.97703501000069
1790389697.5042596,1.5730299928691238
1790389697.509675,1.9807489879895002
1790389697.5116904,2.0029360020998865
1790389697.5126166,1.6501229838468134
1790389697.5413892,1.636826986214146
1790389697.5523906,1.4744969957973808
1790389697.5600333,1.7304150096606463
1790389697.5736096,1.5277089842129499
1790389697.578324,1.3138180074747652
1790389697.5919523,1.5997750160750002
1790389697.6254847,2.727449988014996
1790389697.6266472,1.7318949976470321
1790389697.6287243,1.9528649863786995
1790389697.6526942,2.4018460244406015
1790389697.6527798,3.2799739856272936
1790389697.663548,2.2311669890768826
1790389697.6685936,1.9207999866921455
1790389697.6787603,1.7664069891907275
1790389697.6844902,1.6693069774191827
1790389697.692728,2.309206989593804
1790389697.7401822,2.4260369827970862
1790389697.7450826,2.3278199951164424
1790389697.747363,1.9369870133232325
1790389697.7951977,2.411608991678804
1790389697.8116162,1.694139005849138
1790389697.8155732,1.3547999842558056
1790389697.836962,1.7027069989126176
1790389697.8609378,2.1188420068938285
1790389697.8763673,1.5566959918942302
1790389697.878555,1.1567760084290057
1790389697.8859775,1.6611640166956931
1790389697.9526374,1.7254689882975072
1790389697.9706988,1.7451379972044379
1790389697.9953995,20.528987020952627
1790389697.9959514,7.1898819878697395
1790389697.99601,23.303941008634865
1790389698.0059988,2.240153989987448
1790389698.0224562,1.7830370052251965
1790389698.0285587,1.4799660129938275
1790389698.033402,1.270758977625519
1790389698.035588,1.320896000834182
1790389698.0441475,1.4245579950511456
1790389698.0536008,1.5670369903091341
1790389698.0853205,26.408325007651
1790389698.1151695,21.524666983168572
1790389698.1153028,19.624943000962958
1790389698.1156917,6.201764976140112
1790389698.1157796,25.609026983147487
1790389698.1190286,1.6939800116233528
1790389698.1336823,2.947971021058038
1790389698.1351163,2.0375599851831794
1790389698.1351721,2.952957001980394
1790389698.1500905,2.1885430032853037
1790389698.1834455,1.6818229923956096
1790389698.215748,13.050464011030272
1790389698.2240186,25.71346898912452
1790389698.2240946,19.485074997646734
1790389698.2272408,1.508510991698131
1790389698.2332788,1.5037559787742794
1790389698.2578583,1.702370005659759
1790389698.2852917,23.48325398634188
1790389698.2855918,17.6195319800172
1790389698.2856874,11.507634015288204
1790389698.298822,1.719632011372596
1790389698.3339953,10.903241985943168
1790389698.3340876,23.852548009017482
1790389698.3346531,10.123578016646206
1790389698.3370233,1.4235390117391944
1790389698.3510275,1.9595710036810488
1790389698.367414,3.5730839881580323
1790389698.367493,2.810156991472468
1790389698.373991,1.386810006806627
1790389698.408433,21.89078100491315
1790389698.408537,9.295014024246484
1790389698.4189432,1.686332980170846
1790389698.4208953,1.3931690191384405
1790389698.4427567,1.9263490103185177
1790389698.4444764,1.7074510105885565
1790389698.449063,1.4403010136447847
1790389698.4963744,1.8745269917417318
1790389698.5191,20.647234981879592
1790389698.5192087,22.77288498589769
1790389698.519267,10.614610015181825
1790389698.5242708,1.5120769967325032
1790389698.555442,21.84932999080047
1790389698.5806315,26.226902002235875
1790389698.6002817,12.400373991113156
1790389698.6009002,35.625988006358966
1790389698.6015725,9.396137989824638
1790389698.6029418,1.9713370129466057
1790389698.611811,1.3775159895885736
1790389698.6293397,1.8553140107542276
1790389698.658997,21.65300102205947
1790389698.659291,27.547887002583593
1790389698.6593568,10.70358298602514
1790389698.6695805,1.6066200041677803
1790389698.6714547,1.6968119889497757
1790389698.674485,1.3356420095078647
1790389698.674895,1.209999987622723
1790389698.6888382,1.6715219826437533
1790389698.6941707,1.372326019918546
1790389698.7641108,44.23564099124633
1790389698.7642758,36.33844401338138
1790389698.7754843,36.06443098396994
1790389698.7818792,52.4193279852625
1790389698.7855897,42.280772991944104
1790389698.787017,42.29899699566886
1790389698.7871153,37.37636498408392
1790389698.7887287,7.451806013705209
1790389698.7887998,32.06939800293185
1790389698.788879,37.002702010795474
1790389698.7891977,5.829210014780983
1790389698.7892482,4.297486011637375
1790389698.791914,1.3155179913155735
1790389698.7965937,1.620949013158679
1790389698.804903,1.414572005160153
1790389698.8054225,2.4174280115403235
1790389698.8081648,1.3676189992111176
1790389698.8202896,1.6428959788754582
1790389698.8207538,1.3555499899666756
1790389698.8607895,23.016619990812615
1790389698.8609383,22.572553978534415
1790389698.8610423,18.451320996973664
1790389698.8648834,1.3278300175443292
1790389698.8709543,1.8703429959714413
1790389698.8813028,1.530860987259075
1790389698.906229,20.422538014827296
1790389698.9078069,1.7259469896089286
1790389698.9261086,1.7399440112058073
1790389698.9463823,1.899122988106683
1790389698.9638767,1.6888680111151189
1790389698.9762936,1.9614300108514726
1790389699.0002105,2.258225984405726
1790389699.0082192,1.8782019906211644
1790389699.028539,1.701575005427003
1790389699.074503,41.59272200195119
1790389699.0796876,42.29086299892515
1790389699.09041,56.385579984635115
1790389699.0905166,51.31120601436123
1790389699.102419,53.388409985927865
1790389699.102527,54.831071000080556
1790389699.1026547,49.67400399618782
1790389699.103248,42.971686023520306
1790389699.1033962,23.12748398981057
1790389699.104099,18.53645799565129
1790389699.1058867,1.5685069956816733
1790389699.1070213,1.878801005659625
1790389699.147704,19.21478600706905
1790389699.1487083,17.593498021597043
1790389699.149132,60.210489988094196
1790389699.149514,16.368081007385626
1790389699.1495707,14.241453987779096
1790389699.1496308,4.955616983352229
1790389699.161089,1.7302589840255678
1790389699.1643815,1.534601004095748
1790389699.1840901,1.9863260095007718
1790389699.1846375,1.626991986995563
1790389699.1894484,2.755159017397091
1790389699.189568,2.210454986197874
1790389699.2309103,12.783407000824809
1790389699.2314575,8.607444993685931
1790389699.2315264,23.229215992614627
1790389699.237299,1.7177769914269447
1790389699.2430246,1.5036430268082768
1790389699.2712436,22.11618798901327
1790389699.2715807,19.171304011251777
1790389699.2723446,16.66874799411744
1790389699.2724915,3.206141002010554
1790389699.2814577,1.7894880147650838
1790389699.299637,2.3284159833565354
1790389699.3067496,1.8050310027319938
1790389699.308427,1.3399389863479882
1790389699.3182528,2.0927950099576265
1790389699.3183117,2.750485989963636
1790389699.3301818,1.7112689965870231
1790389699.3400376,1.5135240100789815
1790389699.3650224,1.6801579913590103
1790389699.3684173,1.3585809792857617
1790389699.3879936,2.060180006083101
1790389699.3915365,1.5366259904112667
1790389699.3951674,1.744075008900836
1790389699.4036727,1.5397930110339075
1790389699.4093335,1.31997000426054
1790389699.4227824,1.634810003452003
1790389699.4733722,15.297840000130236
1790389699.4843874,15.632994007319212
1790389699.4845004,28.81610201438889
1790389699.484769,8.801496995147318
1790389699.5320263,1.866626989794895
1790389699.5451477,1.6603140102233738
1790389699.547702,1.5834769874345511
1790389699.5631106,1.8176000157836825
1790389699.578328,1.7048769805114716
1790389699.5915656,1.5788169985171407
1790389699.614546,1.6534099995624274
1790389699.639606,1.9104570092167705
1790389699.6427045,1.7558649997226894
1790389699.6483319,1.7731820116750896
1790389699.652276,1.3420619943644851
1790389699.6817336,6.990144989686087
1790389699.6818914,21.902510023210198
1790389699.6830287,1.9354260002728552
1790389699.6831021,3.4125820093322545
1790389699.7414403,2.021902007982135
1790389699.7661178,21.681857004296035
1790389699.7667317,11.685848992783576
1790389699.7667913,3.3961469889618456
1790389699.7711854,1.345304015558213
1790389699.8101654,37.226957007078454
1790389699.815987,38.518065004609525
1790389699.817158,37.853606016142294
1790389699.8177123,40.36255402024835
1790389699.81802,39.28029700182378
1790389699.8180952,30.916971998522058
1790389699.8183765,31.584165000822395
1790389699.818804,21.557720989221707
1790389699.8200676,4.06693498371169
1790389699.8201458,9.192422992782667
1790389699.8220127,1.7523819988127798
1790389699.8239522,1.9267099851276726
1790389699.8249798,1.853438006946817
1790389699.8256426,1.3615429925266653
1790389699.8347604,1.3827240036334842
1790389699.840352,1.486466993810609
1790389699.8494856,1.3928090047556907
1790389699.8553314,1.783786981832236
1790389699.9037771,1.7238360014744103
1790389699.9076204,1.3546989939641207
1790389699.9142087,1.4554660010617226
1790389699.9175956,1.7107149760704488
1790389699.9580402,36.91158699803054
1790389699.9581184,31.419011007528752
1790389699.990533,41.0001169948373
1790389699.9906266,66.16112199844792
1790389700.0229635,69.94760199449956
1790389700.0368125,26.63812300306745
1790389700.0370092,76.46642698091455
1790389700.0576413,37.549684988334775
1790389700.0577977,10.108223999850452
1790389700.0578618,29.729054018389434
1790389700.0579188,95.9222580131609
1790389700.1230917,1.9402180041652173
1790389700.1311233,1.786254026228562
1790389700.160464,3.0228800023905933
1790389700.1605418,21.711266017518938
1790389700.1673634,1.4372830046340823
1790389700.1709335,1.8446379981469363
1790389700.17156,1.42272500670515
1790389700.1764843,1.3932570000179112
1790389700.1831706,2.4165099894162267
1790389700.183431,3.2222339941654354
1790389700.2094305,27.276953012915328
1790389700.225194,43.505748006282374
1790389700.2467372,62.02697701519355
1790389700.2471793,39.15642498759553
1790389700.2472756,54.670723009621724
1790389700.2478578,61.05588699574582
1790389700.2484858,35.87908600457013
1790389700.2490048,24.91459299926646
1790389700.2491443,8.945548994233832
1790389700.261501,1.4621250156778842
1790389700.266091,1.6328019846696407
1790389700.3017688,1.8010289932135493
1790389700.3023064,1.454401994124055
1790389700.3076334,1.3146910059731454
1790389700.3112805,1.603127981070429
1790389700.314858,1.754002005327493
1790389700.3416908,18.350841011852026
1790389700.3417668,21.505959011847153
1790389700.3696501,25.138099998002872
1790389700.3749475,27.448709995951504
1790389700.3871326,44.62723099277355
1790389700.3872256,28.51776799070649
1790389700.3909755,10.70421698386781
1790389700.3910472,22.89183798711747
1790389700.4364378,29.455818992573768
1790389700.4529164,36.761663999641314
1790389700.4541686,16.817383002489805
1790389700.454359,26.960624003550038
1790389700.4546819,2.590578980743885
1790389700.4638438,1.7199889989569783
1790389700.4831498,1.9254600047133863
1790389700.499388,1.654354011407122
1790389700.5002398,1.6318509879056364
1790389700.5056584,1.5204770024865866
1790389700.5321078,1.813455979572609
1790389700.5330486,1.8169950053561479
1790389700.534597,1.926932978676632
1790389700.5348828,1.7527930031064898
1790389700.5620854,1.7116389935836196
1790389700.5855134,3.569934022380039
1790389700.5858092,3.6176599969621748
1790389700.6070652,22.52509299432859
1790389700.6185815,1.6883019998203963
1790389700.642306,19.404552003834397
1790389700.6524754,32.44551399257034
1790389700.6678271,18.993161007529125
1790389700.6784546,44.940511987078935
1790389700.686115,24.787967005977407
1790389700.6865122,32.37360398634337
1790389700.6970072,34.80921799200587
1790389700.710034,27.711267990525812
1790389700.7101216,37.468013004399836
1790389700.733974,23.445054015610367
1790389700.7348852,17.440832016291097
1790389700.7353618,6.730210006935522
1790389700.735449,5.039048992330208
1790389700.7382114,1.1877849756274372
1790389700.7397764,1.1683329939842224
1790389700.7994597,2.1324229892343283
1790389700.8053627,2.230186975793913
1790389700.8130553,1.4218720025382936
1790389700.8347576,1.9311859796289355
1790389700.858043,23.048321978421882
1790389700.8634243,17.386245977832004
1790389700.8788507,27.352862991392612
1790389700.8789399,38.26496299006976
1790389700.8852327,35.78190499683842
1790389700.885356,31.553368986351416
1790389700.89659,37.33235501567833
1790389700.9021356,38.65075399517082
1790389700.902267,19.07154801301658
1790389700.9023342,18.166286987252533
1790389700.903219,10.599267989164218
1790389700.903464,7.850549998693168
1790389700.9055035,1.3929220149293542
1790389700.9303992,22.5875340111088
1790389700.935806,12.90592597797513
1790389700.9681172,44.59115499048494
1790389700.9739037,23.502461990574375
1790389700.9806366,29.58924201084301
1790389700.997651,50.367216987069696
1790389700.999661,47.598946024663746
1790389700.9998112,21.55023202067241
1790389701.0003166,33.95157499471679
1790389701.000457,35.671015008119866
1790389701.001556,3.5660850116983056
1790389701.0052168,1.6155110206454992
1790389701.0125678,1.6935080057010055
1790389701.0270016,1.707226998405531
1790389701.0315995,1.4556779933627695
1790389701.0351782,1.241754973307252
1790389701.040318,1.6470730188302696
1790389701.0605433,1.7516039952170104
1790389701.078225,1.785461005056277
1790389701.119675,40.18621100112796
1790389701.150175,59.99296499066986
1790389701.1505609,58.70625498937443
1790389701.1511781,67.729624977801
1790389701.1520991,59.58128598285839
1790389701.1572337,50.77715398510918
1790389701.1836436,66.74875598400831
1790389701.1963425,73.46138401771896
1790389701.1972778,52.78037500102073
1790389701.1977005,58.34616199717857
1790389701.1978052,19.380721001653
1790389701.1978824,9.50528698740527
1790389701.198214,4.185391997452825
1790389701.1984775,3.5135970101691782
1790389701.216577,1.7946110165212303
1790389701.2224874,2.0461039966903627
1790389701.223284,1.5728829894214869
1790389701.2626495,23.931078001623973
1790389701.2627459,21.164793986827135
1790389701.2629347,18.79107000422664
1790389701.2714393,1.5887210029177368
1790389701.2718766,1.2393970100674778
1790389701.2859983,2.207112993346527
1790389701.3061225,20.544453989714384
1790389701.306207,15.834364981856197
1790389701.3155875,1.4250050007831305
1790389701.3328378,1.994456019019708
1790389701.342374,2.117987023666501
1790389701.3429198,1.8420880078338087
1790389701.3462417,1.4033849874977022
1790389701.3466985,1.1605180043261498
1790389701.3672664,1.7237589927390218
1790389701.3946376,1.9895250152330846
1790389701.3995838,1.411802979419008
1790389701.42129,21.482101001311094
1790389701.4216626,18.2590140029788
1790389701.421979,9.908008010825142
1790389701.4560592,23.985775012988597
1790389701.456275,13.848977017914876
1790389701.456387,6.8100219941698015
1790389701.4564977,12.611447978997603
1790389701.4567878,2.6194739912170917
1790389701.4814293,1.830082997912541
1790389701.4862788,1.3817349972669035
1790389701.4886901,2.3284150229301304
1790389701.4887857,1.924692012835294
1790389701.5003479,1.7148049955721945
1790389701.5087595,1.5825270093046129
1790389701.5109904,1.3768289936706424
1790389701.5158367,1.2332549958955497
1790389701.5232341,1.578057010192424
1790389701.5455506,19.05116898706183
1790389701.5461707,22.261728008743376
1790389701.5467803,16.408292984124273
1790389701.5473378,12.60179199744016
1790389701.5478897,5.081751005491242
1790389701.5480175,12.337705993559211
1790389701.5736787,1.6406170034315437
1790389701.589968,1.7688749940134585
1790389701.5928257,1.4964549918659031
1790389701.6048093,1.5308700094465166
1790389701.6218698,2.18933800351806
1790389701.625762,1.5549260133411735
1790389701.6273696,1.2690950243268162
1790389701.6321473,1.3319879944901913
1790389701.6650147,1.855451992014423
1790389701.6739266,1.5946509956847876
1790389701.6775064,1.601294003194198
1790389701.690955,1.8024329910986125
1790389701.71084,1.8672579899430275
1790389701.7475877,21.461580996401608
1790389701.7476606,28.178551991004497
1790389701.7501695,1.6595479974057525
1790389701.7984748,42.261985974619165
1790389701.8239336,15.170500002568588
1790389701.8240569,40.5285430024378
1790389701.8241274,60.25632400996983
1790389701.8468971,19.835035025607795
1790389701.8475955,22.178515006089583
1790389701.8477411,9.299736993853003
1790389701.8482656,2.7063290181104094
1790389701.8568385,1.6009169921744615
1790389701.8784883,2.2934199951123446
1790389701.8785949,21.663661987986416
1790389701.8860767,1.5726580168120563
1790389701.905775,1.7856719787232578
1790389701.942381,1.6126459813676775
1790389701.9651685,1.8883380107581615
1790389701.9706144,1.6281869902741164
1790389701.9749446,1.4587290061172098
1790389702.0024045,1.8159350147470832
1790389702.0414667,22.815845994045958
1790389702.042056,7.343028992181644
1790389702.0657113,2.305369998794049
1790389702.0766308,1.9473050197120756
1790389702.0828576,1.8803239800035954
1790389702.097765,2.046928013442084
1790389702.0994916,1.7120470001827925
1790389702.1100254,1.7549959884490818
1790389702.1147838,1.5796730003785342
1790389702.1364462,1.7255099955946207
1790389702.142907,1.4431509771384299
1790389702.1577122,1.698709005722776
1790389702.173953,1.589071995113045
1790389702.1787715,1.4266550133470446
1790389702.1894007,1.7716389847919345
1790389702.1945443,1.5099039883352816
1790389702.2092524,1.8413180077914149
1790389702.2158995,1.9986460101790726
1790389702.2256837,1.5540029853582382
1790389702.2274773,1.2124339991714805
1790389702.2364244,2.2872280096635222
1790389702.2372935,1.7177870031446218
1790389702.2791138,15.138658985961229
1790389702.279296,23.346066009253263
1790389702.2793658,7.847208005841821
1790389702.280169,2.4874070077203214
1790389702.2809916,1.488372014136985
1790389702.2852957,1.2368159950710833
1790389702.3346293,40.562280017184094
1790389702.335001,30.224599002394825
1790389702.3356164,36.258904001442716
1790389702.336369,17.135482019511983
1790389702.3366523,16.029327001888305
1790389702.3369348,9.99128000694327
1790389702.338899,1.2753820046782494
1790389702.373062,1.7480030073784292
1790389702.4081314,1.9292340148240328
1790389702.417909,1.514976000180468
1790389702.4295063,1.6319809947162867
1790389702.4427905,1.6179060039576143
1790389702.4551582,1.8019209965132177
1790389702.4979632,16.93903500563465
1790389702.4980583,24.368940998101607
1790389702.52665,2.0009469881188124
1790389702.5286906,1.3102020020596683
1790389702.5317287,1.6376739949919283
1790389702.5339098,1.7065670108422637
1790389702.5345037,1.3544269895646721
1790389702.5400176,1.6943679947871715
1790389702.550136,2.377384982537478
1790389702.581163,1.9310190109536052
1790389702.586498,2.272529003676027
1790389702.6096117,2.037438011029735
1790389702.6357026,1.9168190192431211
1790389702.6438258,2.039879997028038
1790389702.6459112,1.781876984750852
1790389702.64657,1.7138559778686613
1790389702.6607938,2.633704978507012
1790389702.661282,3.2378360047005117
1790389702.674014,2.5142670201603323
1790389702.6887074,2.5357819977216423
1790389702.7143633,28.281668986892328
1790389702.715199,16.652948019327596
1790389702.7156863,19.62246000766754
1790389702.715755,15.81384299788624
1790389702.7162664,3.1601360242348164
1790389702.7163692,13.055724994046614
1790389702.7165005,5.2855529938824475
1790389702.7165778,6.683223007712513
1790389702.770542,22.932582010980695
1790389702.7749457,1.6661949921399355
1790389702.7901263,2.0898799994029105
1790389702.7917051,1.5692169836256653
1790389702.7961612,1.5837280079722404
1790389702.8131015,1.8597339803818613
1790389702.8654869,2.3432750022038817
1790389702.8936667,8.163662016158924
1790389702.9145334,46.296321001136675
1790389702.91462,23.317916988162324
1790389702.9206848,1.901158015243709
1790389702.9212646,1.4724580105394125
1790389702.9239194,1.193856995087117
1790389702.9282882,1.2464289902709424
1790389702.977386,29.037622996838763
1790389702.9935036,36.06108101666905
1790389702.9989898,42.12785098934546
1790389702.9998085,30.723291012691334
1790389703.0011854,41.783970984397456
1790389703.0016005,30.396955989999697
1790389703.001938,26.32937498856336
1790389703.0022361,23.80034202360548
1790389703.0028315,22.052977001294494
1790389703.0029366,5.109677993459627
1790389703.0034404,4.439899988938123
1790389703.0123706,1.3852960255462676
1790389703.0164368,1.4113810029812157
1790389703.0262542,1.624680997338146
1790389703.035585,1.5587910020258278
1790389703.0409567,1.3923719816375524
1790389703.0414639,2.352602983592078
1790389703.072699,1.6585050034336746
1790389703.0851014,1.8186160014010966
1790389703.0870152,1.5926910273265094
1790389703.105849,1.9232739869039506
1790389703.1099331,1.5238829946611077
1790389703.1223283,2.15128599666059
1790389703.129979,1.7361729987896979
1790389703.1359682,1.9159090006724
1790389703.1924891,18.59320598305203
1790389703.2184489,48.93529799301177
1790389703.2308366,39.109481003833935
1790389703.2769718,66.43676100065932
1790389703.298382,62.56699201185256
1790389703.3040323,87.42521298700012
1790389703.325004,90.64283600309864
1790389703.3362143,86.12760400865227
1790389703.3363585,69.6943319926504
1790389703.3365738,65.87673499598168
1790389703.3372786,97.27933400426991
1790389703.3383737,57.97659300151281
1790389703.3384805,48.474370007170364
1790389703.3386128,28.652847016928717
1790389703.3391912,14.94008200825192
1790389703.3394952,10.98104499396868
1790389703.3458567,3.8477710040751845
1790389703.3459587,4.065771005116403
1790389703.367039,2.0648069912567735
1790389703.3923745,17.00495698605664
1790389703.39287,22.630259016295895
1790389703.398654,15.555196005152538
1790389703.4192276,34.741053998004645
1790389703.4377046,51.45335299312137
1790389703.438288,12.865362979937345
1790389703.4389026,48.450305010192096
1790389703.4393299,9.871879999991506
1790389703.4394407,10.802582983160391
1790389703.4456384,1.4469909947365522
1790389703.4588575,1.7344630032312125
1790389703.4706607,2.229431993328035
1790389703.4929576,12.277276982786134
1790389703.4946125,12.842882017139345
1790389703.494713,22.499913990031928
1790389703.495474,4.224522010190412
1790389703.4955723,5.3492340084631
1790389703.5048158,1.5874480013735592
1790389703.5368981,1.5991520194802433
1790389703.5690494,20.063181989826262
1790389703.5697918,10.614759987220168
1790389703.5705369,3.5205660096835345
1790389703.5706356,24.380401009693742
1790389703.5753284,1.3539250066969544
1790389703.5855074,1.6812919930089265
1790389703.5932057,1.5966740029398352
1790389703.6121035,2.8436040156520903
1790389703.6121702,3.6924239830113947
1790389703.6240287,2.5902359921019524
1790389703.6244013,3.4493390121497214
1790389703.626764,1.4805560058448464
1790389703.6316135,1.8349640013184398
1790389703.631863,1.511652022600174
1790389703.6624143,17.29916300973855
1790389703.669109,30.484118993626907
1790389703.669752,4.376417986350134
1790389703.6698508,8.084156987024471
1790389703.696652,20.626056008040905
1790389703.7599118,1.8464259919710457
1790389703.7718174,2.037057012785226
1790389703.7755063,1.2734959891531616
1790389703.7915437,1.7285480280406773
1790389703.8225884,18.62337999045849
1790389703.8230724,14.459311991231516
1790389703.8247309,9.706372977234423
1790389703.8248844,25.628589995903894
1790389703.825043,8.417746023042127
1790389703.8255267,2.131924993591383
1790389703.8308132,1.9385649939067662
1790389703.8378155,1.939757028594613
1790389703.852134,1.600962015800178
1790389703.867239,2.1269790013320744
1790389703.8705616,1.4469450106844306
1790389703.9101446,1.9295400124974549
1790389703.9636228,47.92213600012474
1790389704.0103667,86.50660197599791
1790389704.0232966,93.47737699863501
1790389704.0320535,87.79143000720069
1790389704.0430212,87.58758901967667
1790389704.0574238,111.25126999104396
1790389704.057765,64.32579300599173
1790389704.0581062,92.98361398396082
1790389704.0582466,77.13529700413346
1790389704.0585399,44.36919602449052
1790389704.0597186,46.26431397628039
1790389704.0601525,38.24916001758538
1790389704.0845609,49.92704399046488
1790389704.084692,15.455324988579378
1790389704.0848107,40.25885398732498
1790389704.0940921,1.5101439785212278
1790389704.1104598,1.8616480228956789
1790389704.115528,2.0426159899216145
1790389704.122974,1.7731180123519152
1790389704.1371014,2.2267659951467067
1790389704.166512,27.643831999739632
1790389704.1697319,1.6218789969570935
1790389704.175633,1.4320490008685738
1790389704.1832812,1.4892160252202302
1790389704.2018123,1.6185270214919
1790389704.2089503,1.8443450098857284
1790389704.2099097,1.6996960039250553
1790389704.2237446,1.629617006983608
1790389704.2250106,1.2564939970616251
1790389704.2273638,1.730307994876057
1790389704.2274191,2.1559210144914687
1790389704.238357,1.7537550011184067
1790389704.2467697,1.9733579829335213
1790389704.2714167,1.8632049905136228
1790389704.287646,1.7127699975389987
1790389704.289976,1.6416269936598837
1790389704.3272364,1.691016019321978
1790389704.3286915,1.1831499869003892
1790389704.3423412,1.832615991588682
1790389704.3441489,1.2103510089218616
1790389704.3729405,9.91495800553821
1790389704.3730261,21.8600410153158
1790389704.3743749,5.670029000611976
1790389704.3744617,5.042500008130446
1790389704.3764403,1.1515139776747674
1790389704.3825495,1.6588420257903636
1790389704.4079454,22.634888999164104
1790389704.4085495,1.9344270112924278
1790389704.4477384,22.495050012366846
1790389704.4481828,3.5573009809013456
1790389704.448247,4.256034007994458
1790389704.4615967,1.6947340045589954
1790389704.4794338,1.9803309987764806
1790389704.5223076,16.45783899584785
1790389704.5224237,44.22649598564021
1790389704.522491,31.58327902201563
1790389704.5335388,1.6268480103462934
1790389704.546906,1.5519789885729551
1790389704.560697,2.440809999825433
1790389704.5644543,1.4479850069619715
1790389704.5718215,2.05927700153552
1790389704.5942442,9.311811008956283
1790389704.594402,23.026531998766586
1790389704.5949802,2.0574259979184717
1790389704.6166499,2.552589983679354
1790389704.616734,3.1706189911346883
1790389704.6188965,1.3001890038140118
1790389704.6377785,17.733433982357383
1790389704.6430285,21.044399996753782
1790389704.6816325,61.11553398659453
1790389704.6871388,62.352548993658274
1790389704.6886613,40.216684981714934
1790389704.6898851,45.43847401509993
1790389704.6903386,31.579244998283684
1790389704.690978,1.7709060048218817
1790389704.7209368,16.742306004744023
1790389704.7209969,22.278632008237764
1790389704.7266994,1.4444740081671625
1790389704.7287111,1.3500019849743694
1790389704.766925,24.246798013336957
1790389704.767019,22.011059016222134
1790389704.767359,9.342772013042122
1790389704.76743,14.546521997544914
1790389704.7948275,22.379775997251272
1790389704.8022666,1.645987998927012
1790389704.8098817,1.90775899682194
1790389704.8103855,1.3127110141795129
1790389704.8153827,1.4054090133868158
1790389704.8227236,1.6792019887361676
1790389704.8235788,1.6548889980185777
1790389704.8649797,36.323417007224634
1790389704.873909,40.55817602784373
1790389704.8740327,3.4366909821983427
1790389704.8741732,14.923992013791576
1790389704.8769035,1.5765470161568373
1790389704.884702,1.496450015110895
1790389704.8876138,1.589977997355163
1790389704.889031,1.1920169927179813
1790389704.8944552,1.366149983368814
1790389704.9082458,1.5881920116953552
1790389704.9180388,1.9396689895074815
1790389704.9364536,1.6886859957594424
1790389704.939587,1.431955985026434
1790389704.960789,2.090065012453124
1790389704.9734154,1.6666660085320473
1790389704.9757411,1.5666710096411407
1790389704.9910522,1.9863929774146527
1790389704.9976022,1.522755017504096
1790389705.0030963,1.4973079960327595
1790389705.0481794,40.362794999964535
1790389705.0483382,20.546118990750983
1790389705.057231,42.607926996424794
1790389705.0573463,11.1165159905795
1790389705.0835066,27.49261900316924
1790389705.099176,35.77344099176116
1790389705.0992606,36.591367999790236
1790389705.0998812,27.989102993160486
1790389705.1105518,28.008327004499733
1790389705.121714,37.673920014640316
1790389705.1218503,18.1415060069412
1790389705.1219778,13.805922004394233
1790389705.1227825,2.68475100165233
1790389705.1345818,1.7234190017916262
1790389705.1644273,12.36556697404012
1790389705.1846957,37.400707020424306
1790389705.1847973,22.051921987440437
1790389705.1897342,14.944757014745846
1790389705.189802,22.553297982085496
1790389705.2038848,1.714808982796967
1790389705.2338624,19.235646002925932
1790389705.2339392,22.321336989989504
1790389705.2891765,51.15481399116106
1790389705.289273,42.29260899592191
1790389705.2897365,44.36419901321642
1790389705.2910361,33.8234230002854
1790389705.2966654,36.40241900575347
1790389705.307462,46.63093600538559
1790389705.3172045,38.37719597504474
1790389705.317302,47.950078995199874
1790389705.3173726,14.903927978593856
1790389705.3225775,1.3450099795591086
1790389705.3268256,1.2532510154414922
1790389705.3522048,1.9385030027478933
1790389705.357606,2.125182014424354
1790389705.3577156,1.7497309891041368
1790389705.4032905,13.623634993564337
1790389705.4033866,24.18671900522895
1790389705.4036677,11.355775000993162
1790389705.409577,2.2115649771876633
1790389705.4110992,1.6798219876363873
1790389705.47216,60.18443001084961
1790389705.472239,58.43193401233293
1790389705.4766927,60.86578199756332
1790389705.4812741,46.36590299196541
1790389705.492683,26.14361999440007
1790389705.4978385,71.15440900088288
1790389705.505197,29.572532017482445
1790389705.5052905,56.86825601151213
1790389705.5118074,30.28388399980031
1790389705.5118935,22.98881797469221
1790389705.530771,42.53820699523203
1790389705.5319374,5.734639998991042
1790389705.532029,14.087674004258588
1790389705.533092,1.7321000050287694
1790389705.533585,1.2407510075718164
1790389705.5470595,1.9603469991125166
1790389705.547569,1.3651880144607276
1790389705.5784762,1.8605180084705353
1790389705.5847692,1.7643889877945185
1790389705.5873747,1.2661349901463836
1790389705.6145577,21.57609397545457
1790389705.6148114,26.589501998387277
1790389705.614874,15.509657998336479
1790389705.6201608,1.669154007686302
1790389705.6266222,2.0710259850602597
1790389705.6267614,2.901744010159746
1790389705.6271427,1.9456220034044236
1790389705.6539419,1.9879619940184057
1790389705.6800385,20.12005599681288
1790389705.6806667,1.6379499866161495
1790389705.6975782,1.7231710080523044
1790389705.7416437,2.008590003242716
1790389705.746182,1.596470014192164
1790389705.7576122,1.873645989689976
1790389705.7830603,10.367519978899509
1790389705.7831626,24.267742002848536
1790389705.7897108,1.7107820021919906
1790389705.816747,15.552527998806909
1790389705.8179524,22.655361011857167
1790389705.8182647,13.207932992372662
1790389705.8184438,10.166052001295611
1790389705.8188975,1.757847989210859
1790389705.822383,1.5828059986233711
1790389705.8524134,7.683367992285639
1790389705.871301,14.579852984752506
1790389705.8713937,26.066516002174467
1790389705.8817246,1.6499049961566925
1790389705.8974092,1.9484359945636243
1790389705.9051027,1.8627920071594417
1790389705.908042,1.5281419910024852
1790389705.9513376,35.964874987257645
1790389705.9605355,46.28817900083959
1790389705.9607158,19.35096300439909
1790389705.9611561,35.60068699880503
1790389705.961238,27.77569499448873
1790389705.9617338,17.004244989948347
1790389705.998517,22.01729200896807
1790389705.999116,1.8521320016589016
1790389706.0526462,47.421785013284534
1790389706.0532424,36.769769998500124
1790389706.0539246,2.329589013243094
1790389706.066266,1.5966429782565683
1790389706.0740147,1.7218520224560052
1790389706.0820138,2.210070990258828
1790389706.0822861,1.5432380023412406
1790389706.1054792,2.0066850120201707
1790389706.1224737,1.8925389740616083
1790389706.132361,1.6523119993507862
1790389706.133045,1.6191829927265644
1790389706.1357207,1.1302369821351022
1790389706.1411285,1.5171309933066368
1790389706.1484237,2.1316760103218257
1790389706.2029645,45.63223701552488
1790389706.205772,35.70435199071653
1790389706.2377403,8.644778979942203
1790389706.237868,5.942877993220463
1790389706.23796,29.571637976914644
1790389706.2650025,23.278628999833018
1790389706.26756,19.598717015469447
1790389706.2676885,27.993230003630742
1790389706.2679505,9.337058989331126
1790389706.2919507,28.94479298265651
1790389706.2920487,18.015480018220842
1790389706.3137128,1.7060739919543266
1790389706.3499806,2.9662399902008474
1790389706.3500504,2.948265988379717
1790389706.3584774,3.205824992619455
1790389706.3587003,2.6589900080580264
1790389706.3598218,2.7634400175884366
1790389706.3599374,2.309512987267226
1790389706.3663108,1.574060006532818
1790389706.3861983,7.03476500348188
1790389706.3942063,10.677067999495193
1790389706.3942907,25.242934003472328
1790389706.3948095,6.4027019834611565
1790389706.4268057,1.9332789815962315
1790389706.4580123,25.97731098649092
1790389706.4709573,1.98967001051642
1790389706.4913285,2.151463006157428
1790389706.5048199,1.835272996686399
1790389706.5330539,19.922794977901503
1790389706.5340977,9.914063004544005
1790389706.5341835,24.125993018969893
1790389706.5342398,3.5775660071521997
1790389706.5487125,1.7537210078444332
1790389706.5516787,2.245354000478983
1790389706.5518777,3.017962008016184
1790389706.576397,2.842970978235826
1790389706.5764658,3.001585981110111
1790389706.5797315,1.313098007813096
1790389706.594881,2.6197609840892255
1790389706.6103344,1.88873999286443
1790389706.6142697,1.3953440065961331
1790389706.6182683,1.5791140031069517
1790389706.6260097,1.6426219954155385
1790389706.6805954,1.9022189953830093
1790389706.6977434,1.8301020027138293
1790389706.7075627,3.3926040050573647
1790389706.707927,4.30529800360091
1790389706.7088718,2.770897001028061
1790389706.7110703,1.4503720158245414
1790389706.7340662,22.446463000960648
1790389706.7341864,18.159302999265492
1790389706.747171,2.1769079903606325
1790389706.748275,1.9160739902872592
1790389706.767857,7.759454980259761
1790389706.7784388,23.05788898956962
1790389706.78572,1.9200039969291538
1790389706.7893064,1.306224992731586
1790389706.8030288,3.420060995267704
1790389706.803112,2.897026017308235
1790389706.8047106,1.2348069867584854
1790389706.8062897,1.231533009558916
1790389706.819514,2.324700995814055
1790389706.820409,2.1337020152714103
1790389706.8325572,1.714475976768881
1790389706.8771067,21.361721999710426
1790389706.877484,25.34813800593838
1790389706.878481,11.411116982344538
1790389706.87862,15.062538004713133
1790389706.8799257,2.045255998382345
1790389706.9041393,2.0664510084316134
1790389706.9303756,20.92429099138826
1790389706.947311,20.741636981256306
1790389706.953163,49.9330630118493
1790389709.2225623,33.99762199842371
1790389709.2229521,33.73694999027066
1790389709.2239254,38.058123987866566
1790389709.2355294,42.7711569936946
1790389709.235605,40.8852570108138
1790389709.2464628,33.90198800479993
1790389709.2465649,17.070908972527832
1790389709.2654507,56.435525009874254
1790389709.2660606,31.89995200955309
1790389709.2756622,21.023053996032104
1790389709.2758646,35.061614005826414
1790389709.275987,42.352860007667914
1790389709.2765834,14.094825979555026
1790389709.281246,1.87700500828214
1790389709.3158624,24.17230900027789
1790389709.3159378,25.477168994257227
1790389709.33577,1.8328180012758821
1790389709.343494,1.7979060066863894
1790389709.3553777,1.5850170166231692
1790389709.3916857,2.352704992517829
1790389709.3919928,1.9540019857231528
1790389709.3946903,1.5905429900158197
1790389709.396082,1.2484930048231035
1790389709.397881,1.2329580204095691
1790389709.4009054,1.5795689832884818
1790389709.4141674,1.7210739897564054
1790389709.431302,1.7720400064717978
1790389709.4426744,1.9132370071019977
1790389709.479031,2.194988017436117
1790389709.479226,24.193428980652243
1790389709.483089,1.8230749992653728
1790389709.511793,1.9094470189884305
1790389709.5135517,1.3157599896658212
1790389709.522122,1.904885983094573
1790389709.5282161,1.6871420084498823
1790389709.5398426,2.1783449919894338
1790389709.5680566,28.901362005854025
1790389709.6053116,66.76003499887884
1790389709.6080234,54.544601996894926
1790389709.6083176,59.9616959807463
1790389709.6192117,68.82718202541582
1790389709.6325445,69.47162401047535
1790389709.6332102,67.3657470033504
1790389709.6336973,62.12594598764554
1790389709.634042,42.80907899374142
1790389709.6344879,35.37706402130425
1790389709.6574664,11.269089998677373
1790389709.6575756,32.606444001430646
1790389709.6895876,22.93176099192351
1790389709.691848,25.83213700563647
1790389709.691942,7.789191993651912
1790389709.692256,4.99321598908864
1790389709.732751,21.344412001781166
1790389709.7328324,3.237034019548446
1790389709.7539752,1.993029989534989
1790389709.7817895,1.8678999913390726
1790389709.8051014,1.8979120068252087
1790389709.862778,20.662741997512057
1790389709.8640375,30.318332981551066
1790389709.8643572,8.06741398992017
1790389709.864421,6.97871099691838
1790389709.8931036,10.821445990586653
1790389709.8940074,28.043262020219117
1790389709.8943868,18.07345901033841
1790389709.906131,14.45292099379003
1790389709.917226,23.97714098333381
1790389709.9173138,22.68821600591764
1790389709.9435732,3.1704410212114453
1790389709.9449778,2.5547549885232
1790389709.946876,1.8851849890779704
1790389709.9558234,1.9902980129700154
1790389709.964976,2.2910450061317533
1790389709.9882905,2.1867899922654033
1790389709.9929907,2.3222379968501627
1790389709.9987662,2.0837449992541224
1790389710.026674,27.89659600239247
1790389710.027123,29.581759008578956
1790389710.0273912,23.01980700576678
1790389710.0277195,7.871962006902322
1790389710.0411015,1.754894998157397
1790389710.049634,1.6973860037978739
1790389710.0817337,16.093501006253064
1790389710.0828013,6.3866339914966375
1790389710.0828757,24.069239996606484
1790389710.0837793,1.6413230041507632
1790389710.0873432,1.3465210213325918
1790389710.0938058,1.4376519829966128
1790389710.1048083,1.8247480038553476
1790389710.1076424,1.3403080229181796
1790389710.1124449,1.5845420130062848
1790389710.1424062,25.077155994949862
1790389710.1529794,31.51137797976844
1790389710.1585665,46.93996300920844
1790389710.1729846,37.48971701133996
1790389710.1789806,56.994221988134086
1790389710.2046645,56.62311700871214
1790389710.2073956,28.964776982320473
1790389710.2075071,56.772424024529755
1790389710.2090797,1.445439993403852
1790389710.2168696,2.479896997101605
1790389710.234395,1.814540009945631
1790389710.2399635,1.3713350053876638
1790389710.2733507,2.4616139999125153
1790389710.2744918,2.0412220037542284
1790389710.3015656,2.1327610011212528
1790389710.3036594,1.6129639989230782
1790389710.3196661,1.9071580027230084
1790389710.320231,1.5459650021512061
1790389710.3260505,1.5554670244455338
1790389710.4021494,2.460277988575399
1790389710.4188375,2.0822770020458847
1790389710.4241529,2.1187899983488023
1790389710.449903,16.017221001675352
1790389710.449986,26.311250985600054
1790389710.4501529,17.839511012425646
1790389710.4742494,7.81983500928618
1790389710.4927647,19.371625006897375
1790389710.4933777,13.474245002726093
1790389710.4934762,26.197733008302748
1790389710.5149271,34.30945100262761
1790389710.520408,1.6382269968744367
1790389710.5343664,1.8763109983410686
1790389710.5469253,2.655813004821539
1790389710.5723114,24.85477499430999
1790389710.5728164,27.457406016765162
1790389710.573077,10.889415978454053
1790389710.573273,26.859388017328456
1790389710.5737793,3.1811929948162287
1790389710.581421,1.6150589799508452
1790389710.6426055,2.0908710139337927
1790389710.6523466,2.119259996106848
1790389710.6542108,1.6381850000470877
1790389710.656465,1.3238279789220542
1790389710.6816251,23.186820006230846
1790389710.6929178,1.9474349974188954
1790389710.6969676,1.4989339979365468
1790389710.703761,1.477804995374754
1790389710.7186444,2.134462003596127
1790389710.7204278,1.9227470038458705
1790389710.7638524,1.8420470005366951
1790389710.7972345,24.19206700869836
1790389710.7973413,5.104726005811244
1790389710.8106954,2.016071986872703
1790389710.8110714,1.710547017864883
1790389710.8131719,1.1472789919935167
1790389710.8676245,47.74292299407534
1790389710.8677907,47.38254798576236
1790389710.8688097,34.60886498214677
1790389710.8690002,30.179142020642757
1790389710.869333,28.82702898932621
1790389710.8694806,18.113812984665856
1790389710.885196,25.224759010598063
1790389710.8900514,24.5046479976736
1790389710.8906045,4.675525997299701
1790389710.9040062,2.4008830077946186
1790389710.9131613,1.5506359923165292
1790389710.935714,2.701825986150652
1790389710.9361532,1.8609550024848431
1790389710.9556587,1.6831079847179353
1790389710.9603922,1.799372024834156
1790389710.9721637,1.8780069949571043
1790389711.0397038,21.53364199330099
1790389711.0476341,36.84644299210049
1790389711.0573459,15.79227001639083
1790389711.0576491,8.089922019280493
1790389711.0577142,31.2421609996818
1790389711.0615659,1.9763140007853508
1790389711.1325006,26.389267994090915
1790389711.132591,7.0727170095779
1790389711.1453817,2.136441005859524
1790389711.146197,1.6711280040908605
1790389711.1668286,1.8529670196585357
1790389711.170584,1.5942509926389903
1790389711.1779675,1.67476202477701
1790389711.2294543,2.636099001392722
1790389711.2556148,19.0864090109244
1790389711.2558126,27.71533900522627
1790389711.2778308,40.14529500273056
1790389711.2782078,41.156449005939066
1790389711.278758,30.746714008273557
1790389711.280004,26.20276901870966
1790389711.2808259,22.745958995074034
1790389711.280991,6.977545999689028
1790389711.281072,17.487678996985778
1790389711.2891417,2.0035579800605774
1790389711.2896483,1.3976180052850395
1790389711.3031325,1.7998149851337075
1790389711.3087082,1.4153170050121844
1790389711.3236477,2.202325005782768
1790389711.352383,21.35847500176169
1790389711.3575451,1.9995940092485398
1790389711.3579533,1.5726340061519295
1790389711.4084787,2.3004950198810548
1790389711.4347067,21.81850900524296
1790389711.439786,2.22022199886851
1790389711.4646916,20.80639498308301
1790389711.5036864,23.378008016152307
1790389711.5037942,21.29531401442364
1790389711.5047204,5.96122199203819
1790389711.5053043,9.50341098359786
1790389711.507206,2.757606009254232
1790389711.507708,1.6682949790265411
1790389711.5086045,3.2906899868976325
1790389711.533831,25.837891007540748
1790389711.5339336,24.946121004177257
1790389711.533996,4.65900098788552
1790389711.542247,1.8005180172622204
1790389711.5554543,2.2457400045823306
1790389711.5555096,2.907530026277527
1790389711.5815952,17.70400200621225
1790389711.5822508,23.958842997672036
1790389711.5823226,4.576539009576663
1790389711.5851493,1.2074399855919182
1790389711.592581,1.447873975848779
1790389711.5979447,2.1718159841839224
1790389711.6231015,1.7666210187599063
1790389711.6359198,1.8860080162994564
1790389711.7055252,69.31046798126772
1790389711.705628,63.220657990314066
1790389711.706061,54.01596397859976
1790389711.7067652,58.0361969769001
1790389711.7069862,28.509677009424195
1790389711.707373,43.52488100994378
1790389711.7075138,19.82698598294519
1790389711.7080042,7.265826017828658
1790389711.735907,1.991794997593388
1790389711.7588642,17.326597997453064
1790389711.7678397,26.92097899853252
1790389711.7683332,17.849727999418974
1790389711.768435,5.107898003188893
1790389711.8002553,2.3746640072204173
1790389711.8564682,47.43290500482544
1790389711.8571653,32.85067100659944
1790389711.8574383,33.830561995273456
1790389711.8581567,17.367674998240545
1790389711.8587012,13.38987800409086
1790389711.8587742,4.011899000033736
1790389711.8665745,2.0576899987645447
1790389711.9099846,12.616096006240696
1790389711.9461324,48.100932996021584
1790389711.9462383,32.08445099880919
1790389711.9462996,49.45339501136914
1790389711.9470446,3.6655589938163757
1790389711.972168,2.111062000039965
1790389711.998776,2.0874349866062403
1790389711.9988573,21.860338980332017
1790389712.0158436,2.519525005482137
1790389712.0326016,13.93168600043282
1790389712.0636086,48.52615500567481
1790389712.0636966,41.894520982168615
1790389712.064982,22.604178986512125
1790389712.0914726,53.27514698728919
1790389712.1163886,50.00228399876505
1790389712.1168466,54.638664005324244
1790389712.116986,60.837038996396586
1790389712.118237,24.360756011446938
1790389712.118598,49.102060991572216
1790389712.118967,4.358320991741493
1790389712.1190388,11.344948987243697
1790389712.1394768,1.6767179768066853
1790389712.15278,2.236166998045519
1790389712.1732278,16.624158975901082
1790389712.1733317,21.34138799738139
1790389712.1908064,2.0375900203362107
1790389712.1917398,1.6776089905761182
1790389712.2184873,2.7534220134839416
1790389712.2422981,10.387522022938356
1790389712.2423918,25.766495993593708
1790389712.2742276,26.331745990319178
1790389712.2753203,2.1621550258714706
1790389712.2754092,12.811485008569434
1790389712.2879727,1.6688210016582161
1790389712.300504,6.711925991112366
1790389712.3149345,20.603875018423423
1790389712.3152628,2.9131349874660373
1790389712.3153262,11.066379986004904
1790389712.346917,20.53556000464596
1790389712.3469934,14.532158005749807
1790389712.3541977,1.7502190021332353
1790389712.355061,1.2540490133687854
1790389712.365898,1.890690007712692
1790389712.3675606,2.6629010098986328
1790389712.3888643,1.9116830080747604
1790389712.3939714,1.8303010147064924
1790389712.4041386,1.8349610036239028
1790389712.419769,2.185963006922975
1790389712.4213774,1.5078510041348636
1790389712.429475,1.9711879722308367
1790389712.4691935,24.154793994966894
1790389712.4695508,11.17031098692678
1790389712.4696136,2.621818974148482
1790389712.4738178,1.2475370022002608
1790389712.5165725,39.64370701578446
1790389712.5166726,37.10941498866305
1790389712.528481,47.94408401357941
1790389712.5291603,50.21995000424795
1790389712.5301497,23.31757202045992
1790389712.5302289,41.13192998920567
1790389712.5303347,34.29409599630162
1790389712.530592,2.864802023395896
1790389712.5326734,1.7841810185927898
1790389712.56414,28.13208699808456
1790389712.5691738,19.161768024787307
1790389712.5947247,38.89986700960435
1790389712.5999095,18.070268008159474
1790389712.6007519,3.18182201590389
1790389712.6008224,30.058756994549185
1790389712.631648,4.936607001582161
1790389712.6698418,2.6937180082313716
1790389712.6785817,2.460355986841023
1790389712.6903336,2.5701999838929623
1790389712.6904259,5.693289014743641
1790389712.713208,19.801632006419823
1790389712.7248108,1.9484749936964363
1790389712.7464309,1.8997069855686277
1790389712.7606685,2.1880049898754805
1790389712.7642808,1.8118589941877872
1790389712.8021936,27.63275700272061
1790389712.802289,32.9331390094012
1790389712.818141,36.066330008907244
1790389712.8231642,26.30725799826905
1790389712.8232963,47.9003110085614
1790389712.8387783,30.483123002341017
1790389712.8496525,1.7950540059246123
1790389712.8528602,1.3711990031879395
1790389712.8688822,6.760450982255861
1790389712.883693,19.41450798767619
1790389712.88407,22.51185497152619
1790389712.8842053,5.5613100121263415
1790389712.8847167,1.5204130031634122
1790389712.891701,1.9745060126297176
1790389712.9109132,1.678716012975201
1790389712.9172482,2.069626993034035
1790389712.940508,11.98356700479053
1790389712.9453437,21.893391996854916
1790389712.94544,9.901690995320678
1790389712.9591508,1.7105510050896555
1790389712.9806917,11.117073998320848
1790389712.9807754,22.574597998755053
1790389712.9876919,1.486762019339949
1790389713.0130217,2.140820026397705
1790389713.0349908,2.1646340028382838
1790389713.040371,2.313828998012468
1790389713.042733,1.2554530112538487
1790389713.0457995,1.1790019925683737
1790389713.0703757,2.4416070082224905
1790389713.0724967,1.482574996771291
1790389713.1127079,21.827024989761412
1790389713.1128666,7.574841001769528
1790389713.1131148,5.182456981856376
1790389713.1267388,1.5562149928882718
1790389713.147836,1.7453199834562838
1790389713.150069,1.4566789905074984
1790389713.188537,9.704177995445207
1790389713.2027965,22.876411996548995
1790389713.2028875,16.707244009012356
1790389713.22998,6.154537986731157
1790389713.2300634,21.396281983470544
1790389713.2859905,19.51224499498494
1790389713.2901304,11.017287004506215
1790389713.3098655,29.558412003098056
1790389713.3099885,43.42150001320988
1790389713.3101149,25.47490000142716
1790389713.3110194,28.45221199095249
1790389713.3110828,4.300181986764073
1790389713.317248,1.4198540011420846
1790389713.3271275,2.1949690126348287
1790389713.3454278,19.227391021559015
1790389713.3458285,3.4664919949136674
1790389713.3458972,20.30050501343794
1790389713.3910146,39.97048101155087
1790389713.3961718,50.10309600038454
1790389713.418042,36.59898598561995
1790389713.43241,45.11443999945186
1790389713.4430099,42.48489602468908
1790389713.4474568,67.35817098524421
1790389713.4536047,59.09969602362253
1790389713.4536715,49.51052297838032
1790389713.4593928,29.97807099018246
1790389713.459454,54.105832998175174
1790389713.4751167,41.31790797691792
1790389713.4894426,60.620867006946355
1790389713.4901555,30.602675018599257
1790389713.4907362,42.495221976423636
1790389713.4909139,22.527244000229985
1790389713.4916515,29.36369300005026
1790389713.492265,20.68429099745117
1790389713.4923778,7.782280998071656
1790389713.512122,20.334872999228537
1790389713.5121932,13.95623802090995
1790389713.5141282,1.357077999273315
1790389713.5252979,2.013849007198587
1790389713.5434334,1.776502002030611
1790389713.548235,1.3022510102018714
1790389713.5700634,20.73410397861153
1790389713.591346,19.846179988235235
1790389713.612828,1.749407994793728
1790389713.6151316,1.382888003718108
1790389713.6371083,2.2182149987202138
1790389713.664153,19.20757899642922
1790389713.664265,21.44617700832896
1790389713.6647766,12.803121004253626
1790389713.6705232,16.290239000227302
1790389713.7088907,53.58976899879053
1790389713.7102516,51.554232981288806
1790389713.710783,17.081483005313203
1790389713.7116735,55.897299986099824
1790389713.71176,2.6066139980684966
1790389713.7118332,11.220535001484677
1790389713.7118943,6.006404000800103
1790389713.713872,1.0879279871005565
1790389713.7565355,12.621536996448413
1790389713.7568717,4.949806985678151
1790389713.7569826,24.176222999813035
1790389713.7573779,2.0118709944654256
1790389713.7629714,1.5412269858643413
1790389713.7690122,1.2214980088174343
1790389713.7982423,1.6458679747302085
1790389713.816391,1.6290470084641129
1790389713.8180683,1.3980770017951727
1790389713.8236196,1.1945760052185506
1790389713.8330798,1.825308019760996
1790389713.843122,1.60969901480712
1790389713.8531017,2.125091996276751
1790389713.8600981,1.2765589926857501
1790389713.8658023,1.314217981416732
1790389713.8938534,1.9540050125215203
1790389713.900658,1.9387389766052365
1790389713.902956,2.679363009519875
1790389713.9030764,2.277678984683007
1790389713.903545,1.0979720100294799
1790389713.9358025,31.38151901657693
1790389713.9441574,39.03951999382116
1790389713.9442804,37.99475097912364
1790389713.9443538,40.408845990896225
1790389713.9720235,20.547407999401912
1790389713.978512,2.088984998408705
1790389713.980975,1.5617499884683639
1790389713.981737,1.6158109938260168
1790389713.9884799,1.643506984692067
1790389713.9930267,1.213059003930539
1790389714.0116231,3.7204840045887977
1790389714.0116823,2.798702975269407
1790389714.0149243,1.3840209867339581
1790389714.0401163,2.5393090036232024
1790389714.0436945,1.3098890194669366
1790389714.0562263,1.9625750137493014
1790389714.0823338,17.294957011472434
1790389714.083333,22.87637401605025
1790389714.0883849,20.41743099107407
1790389714.1023269,32.45925600640476
1790389714.1113102,1.5523270121775568
1790389714.1309829,1.915676984935999
1790389714.1378467,1.3228830066509545
1790389714.142789,3.1490740075241774
1790389714.1442761,4.048826987855136
1790389714.1447606,1.9461749761831015
1790389714.1538048,1.4722560008522123
1790389714.1610703,1.6816380084492266
1790389714.215965,12.783237005351111
1790389714.2161129,25.062316010007635
1790389714.216365,26.50586498202756
1790389714.2164972,8.219405019190162
1790389714.2166336,6.581606023246422
1790389714.2169971,2.5423269835300744
1790389714.221191,1.4292160049080849
1790389714.2306545,1.7911120085045695
1790389714.2442932,1.4585029857698828
1790389714.2509298,1.6405050118919462
1790389714.25284,1.2237660121172667
1790389714.2639372,2.079341997159645
1790389714.2647743,1.6315029934048653
1790389714.275548,2.1191609848756343
1790389714.307998,1.850114989792928
1790389714.313648,1.8526019994169474
1790389714.3146126,1.7489550227764994
1790389714.3252795,2.013802994042635
1790389714.325349,2.5959610065910965
1790389714.338102,1.4942669949959964
1790389714.342181,1.4043830160517246
1790389714.3747323,32.349500979762524
1790389714.3803325,13.285252993227914
1790389714.3840542,34.78229299071245
1790389714.384991,14.114121993770823
1790389714.3850985,2.4397729721385986
1790389714.385167,36.362328013638034
1790389714.392486,2.0410260185599327
1790389714.3970213,1.250845001777634
1790389714.4160495,1.9731729989871383
1790389714.4168792,1.5411649947054684
1790389714.4317374,1.7076169897336513
1790389714.4562368,20.15981200383976
1790389714.4571533,1.366422016872093
1790389714.494679,21.0653489921242
1790389714.4950118,20.44801600277424
1790389714.495409,2.201864990638569
1790389714.4955857,9.425153984921053
1790389714.4993548,1.5755659842398018
1790389714.503745,1.2902599992230535
1790389714.50639,1.252159010618925
1790389714.543972,2.728600986301899
1790389714.5496213,1.7290840041823685
1790389714.5510383,1.405085000442341
1790389714.561819,1.6877710004337132
1790389714.595498,1.9534240127541125
1790389714.6158645,2.424126985715702
1790389714.6346805,2.189869002904743
1790389714.6437807,3.0730949947610497
1790389714.6570985,1.6799250151962042
1790389714.6604497,1.4389530115295202
1790389714.6673293,1.3618709926959127
1790389714.6903255,9.689091006293893
1790389714.6904604,20.884197001578286
1790389714.690729,4.342651984188706
1790389714.7033114,2.5591620069462806
1790389714.7043078,1.4188050117809325
1790389714.7378175,19.16324600460939
1790389714.7381253,4.751742002554238
1790389714.7382147,21.039950021076947
1790389714.7452765,2.232256985735148
1790389714.7713172,22.031444997992367
1790389714.7715871,21.63187399855815
1790389714.7717066,26.373852015240118
1790389714.7731895,3.9362719980999827
1790389714.7792437,2.3355800076387823
1790389714.785921,2.500458009308204
1790389714.7936113,2.8174280014354736
1790389714.8013015,1.9205659918952733
1790389714.8018394,1.6317609988618642
1790389714.8077898,1.8604230135679245
1790389714.8085825,1.5110519889276475
1790389714.8137379,1.1811520089395344
1790389714.8244221,1.740592997521162
1790389714.8573775,1.9088260014541447
1790389714.8595915,2.203028998337686
1790389714.862176,3.1291699851863086
1790389714.9052474,32.25504999863915
1790389714.9053478,45.01633299514651
1790389714.9120443,50.867445999756455
1790389714.9125822,37.45186101878062
1790389714.9131377,47.626496001612395
1790389714.9141836,30.915839015506208
1790389714.9198618,30.438898014836013
1790389714.9306374,42.7875489986036
1790389714.9369354,35.405091010034084
1790389714.9370747,33.10844500083476
1790389714.9384804,31.845872988924384
1790389714.9595292,21.757537993835285
1790389714.9596038,29.65376601787284
1790389714.989206,26.997767010470852
1790389715.005744,23.85894299368374
1790389715.0102038,1.90417401609011
1790389715.0260746,2.2871510009281337
1790389715.0371652,2.203924988862127
1790389715.0504394,2.920323982834816
1790389715.0507536,2.6179660053458065
1790389715.0619018,1.8356360087636858
1790389715.082078,2.4287819978781044
1790389715.0870783,1.8263740057591349
1790389715.0923457,1.3487079995684326
1790389715.1180751,17.764107004040852
1790389715.1181495,8.946421003201976
1790389715.11823,22.253002010984346
1790389715.1248965,1.3181859976612031
1790389715.134572,1.4545449812430888
1790389715.1542616,1.7831709992606193
1790389715.165264,1.3725390017498285
1790389715.168251,1.215261989273131
1790389715.1736114,1.527726009953767
1790389715.2043016,1.8049610080197453
1790389715.2102182,1.75541898352094
1790389715.2212737,1.9462369964458048
1790389715.2231297,3.0078959825914353
1790389715.2343574,13.073483016341925
1790389715.2443182,10.517515009269118
1790389715.2446887,22.045921010430902
1790389715.2447522,3.7768619949929416
1790389715.2613814,1.608656981261447
1790389715.2874413,4.781174997333437
1790389715.3027694,2.8854039846919477
1790389715.3265896,19.74625399452634
1790389715.3556683,50.48415099736303
1790389715.3557456,46.249749982962385
1790389715.3651698,50.91778901987709
1790389715.3761842,62.796249985694885
1790389715.3817177,56.93977599730715
1790389715.3817894,60.34417700720951
1790389715.3851984,35.51964700454846
1790389715.3860521,58.51146898930892
1790389715.3862586,26.37825399870053
1790389715.3871355,7.4908569804392755
1790389715.387253,23.70685900677927
1790389715.387305,3.9563710161019117
1790389715.3910816,1.4253119879867882
1790389715.400354,1.4479620149359107
1790389715.4134016,1.4979529951233417
1790389715.4245343,1.4933269994799048
1790389715.4305038,1.4009430014993995
1790389715.444307,2.084050007397309
1790389715.4467297,1.3315300166141242
1790389715.4679291,21.152212022570893
1790389715.4725196,1.4613679959438741
1790389715.4966435,1.9620759994722903
1790389715.5225945,21.16706600645557
1790389715.5230103,15.694089990574867
1790389715.5234387,6.881637003971264
1790389715.5269217,1.4893750194460154
1790389715.5391035,1.6297739930450916
1790389715.5547338,7.381683011772111
1790389715.568865,21.007342991651967
1790389715.607494,53.02735700388439
1790389715.6188982,55.97159199533053
1790389715.61922,26.00132700172253
1790389715.6284423,19.43175302585587
1790389715.6285632,18.633792002219707
1790389715.6292143,15.809531992999837
1790389715.6292694,22.519985999679193
1790389715.6297808,9.8183189984411
1790389715.6466143,13.977879978483543
1790389715.6506283,23.728654021397233
1790389715.6509101,10.776496987091377
1790389715.6527724,1.3415889989119023
1790389715.6682518,1.5506529889535159
1790389715.6802504,1.7389670247212052
1790389715.690018,1.5408289909828454
1790389715.6952646,1.5991539985407144
1790389715.6970806,1.1364800157025456
1790389715.7026708,2.5668869784567505
1790389715.7328503,21.7974949919153
1790389715.732915,5.282336001982912
1790389715.7587667,13.00022701616399
1790389715.759314,7.495657977415249
1790389715.7603729,23.091041017323732
1790389715.760503,3.530883986968547
1790389715.7605774,5.26288797846064
1790389715.7620423,1.2681710068136454
1790389715.7926292,17.514986015157774
1790389715.7927015,20.96547302789986
1790389715.7965832,1.4015430060680956
1790389715.7993438,1.2551610125228763
1790389715.800805,1.1413799948059022
1790389715.8449879,32.415825000498444
1790389715.8556101,25.501329015241936
1790389715.8558998,23.902797984192148
1790389715.856151,23.35715899243951
1790389715.8570125,14.983430999564007
1790389715.8570862,19.6923479961697
1790389715.857635,5.868510983418673
1790389715.8590715,1.0972529998980463
1790389715.8644466,1.2318800145294517
1790389715.8664138,1.2096439895685762
1790389715.8986373,26.821518986253068
1790389715.8991134,30.465062998700887
1790389715.90523,13.999242015415803
1790389715.9084365,24.05551401898265
1790389715.9090626,13.645505998283625
1790389715.9093156,4.958397010341287
1790389715.9118054,1.2394640070851892
1790389715.9352202,20.164281013421714
1790389715.935305,7.606679981108755
1790389715.938143,1.299939991440624
1790389715.9633508,1.8807279993779957
1790389715.9716883,1.763642008882016
1790389715.9996412,2.262098016217351
1790389716.0155528,1.9196169741917402
1790389716.022696,1.3696450041607022
1790389716.0589533,21.262572990963235
1790389716.0590272,11.11279200995341
1790389716.0640132,1.3661950069945306
1790389716.0860262,1.862892007920891
1790389716.0875025,1.3604429841507226
1790389716.097888,2.295256999786943
1790389716.1096764,2.007928997045383
1790389716.1295488,20.657978020608425
1790389716.1599796,25.42082901345566
1790389716.174825,28.785994014469907
1790389716.1755617,14.94334198650904
1790389716.175845,8.580016001360491
1790389716.1765573,7.437258027493954
1790389716.1766336,8.397831988986582
1790389716.2159395,22.313633002340794
1790389716.2160423,21.844276983756572
1790389716.2165568,11.75578500260599
1790389716.2175984,7.511069008614868
1790389716.217657,6.505017983727157
1790389716.220933,1.2022469891235232
1790389716.247433,1.5861949941609055
1790389716.2624185,2.801248978357762
1790389716.265223,2.954382012831047
1790389716.265317,2.386346983257681
1790389716.2767863,1.5195159940049052
1790389716.305842,20.820147008635104
1790389716.3267918,20.314439985668287
1790389716.3283284,26.414174993988127
1790389716.3328207,1.8991190008819103
1790389716.3543298,1.5404389996547252
1790389716.369051,1.6315749962814152
1790389716.3829608,2.203195996116847
1790389716.386566,1.196700002765283
1790389716.3919647,1.51277901022695
1790389716.4022539,1.4440470258705318
1790389716.4271085,2.789483987726271
1790389716.427654,2.7050580247305334
1790389716.4291968,1.1070329928770661
1790389716.4415457,3.283902013208717
1790389716.4416187,2.680197008885443
1790389716.4437625,1.161464984761551
1790389716.451112,1.9915390003006905
1790389716.4523149,1.3167079887352884
1790389716.4938703,30.34559899242595
1790389716.5033317,36.606952984584495
1790389716.5037425,40.83216001163237
1790389716.5050237,30.995038978289813
1790389716.5054045,13.797181018162519
1790389716.505559,13.37202699505724
1790389716.5064545,7.889069005614147
1790389716.5065098,6.070855015423149
1790389716.516969,1.4242339821066707
1790389716.5254564,4.796738008735701
1790389716.525591,4.250992002198473
1790389716.526044,3.3330190053675324
1790389716.5623765,38.97859700373374
1790389716.5631516,38.13371399883181
1790389716.5632303,17.5095209851861
1790389716.579575,1.9546230032574385
1790389716.6476245,21.114916016813368
1790389716.6527674,32.99094902467914
1790389716.6609867,26.782280998304486
1790389716.6614394,11.392162996344268
1790389716.661489,18.13834300264716
1790389716.6637847,1.661257992964238
1790389716.7014244,20.126807008637115
1790389716.7023115,8.27945998753421
1790389716.7023795,9.374328015837818
1790389716.719872,2.0323969947639853
1790389716.7245944,2.3920710082165897
1790389716.7247772,2.2124230163171887
1790389716.7306523,1.6111019940581173
1790389716.7307336,2.2345650068018585
1790389716.7469065,2.0055990025866777
1790389716.748925,1.354275009362027
1790389716.7823882,2.0465209963731468
1790389716.8051567,2.533845021389425
1790389716.8274581,2.0959140092600137
1790389716.8285818,1.9235440122429281
1790389716.8303902,1.5934969997033477
1790389716.838658,1.2789950123988092
1790389716.8549073,1.7345609958283603
1790389716.882125,1.807922002626583
1790389716.9087229,1.6056390013545752
1790389716.913383,1.9959610071964562
1790389716.9134421,1.991901983274147
1790389716.9228103,1.1773039877880365
1790389716.9265115,1.2110960087738931
1790389716.9423044,2.801653987262398
1790389716.9424121,3.5099049855489284
1790389716.9474127,1.0963130043819547
1790389716.9704485,19.754595996346325
1790389716.9707518,4.242303024511784
1790389717.025979,44.00530000566505
1790389717.0260596,48.450461006723344
1790389717.0261753,36.28266102168709
1790389717.026709,22.225800988962874
1790389717.0268476,10.053343023173511
1790389717.0277514,8.824953984003514
1790389717.0279844,8.37575801415369
1790389717.0283027,3.982783993706107
1790389717.0319855,1.658155000768602
1790389717.0391476,2.214681007899344
1790389717.0454855,2.373886003624648
1790389717.079681,21.886598988203332
1790389717.1116219,19.825058989226818
1790389717.1117003,6.8617019860539585
1790389717.114665,1.2411490024533123
1790389717.124736,1.5557610022369772
1790389717.1298828,1.7572320066392422
1790389717.1316223,1.327287987805903
1790389717.1350656,1.4664150075986981
1790389717.1897192,19.409623986575752
1790389717.2022965,2.0209339854773134
1790389717.2262645,21.337448997655883
1790389717.2265308,11.54583299648948
1790389717.226614,5.934746004641056
1790389717.248482,1.586609985679388
1790389717.2532778,1.3858279853593558
1790389717.2699413,2.0196050172671676
1790389717.2725925,1.675842999247834
1790389717.2843392,2.052853989880532
1790389717.315609,11.707089026458561
1790389717.3156664,20.368572004372254
1790389717.3176048,1.8197280005551875
1790389717.3191857,1.9498719775583595
1790389717.3196392,2.4491780204698443
1790389717.344694,19.450183986919
1790389717.3464813,1.425599999492988
1790389717.3524575,1.4074889768380672
1790389717.36158,1.9240580149926245
1790389717.3722496,1.626928016776219
1790389717.3966653,18.10289899003692
1790389717.3970778,10.305134986992925
1790389717.3971457,22.980573994573206
1790389717.4271991,15.973263012710959
1790389717.4272575,2.956633019493893
1790389717.4273403,22.4133119918406
1790389717.4340196,1.449928997317329
1790389717.4436793,1.7132670036517084
1790389717.469613,18.348716985201463
1790389717.4697387,22.24234800087288
1790389717.471237,2.7227850223425776
1790389717.471325,6.951720977667719
1790389717.471386,7.711320999078453
1790389717.4764097,1.5541189932264388
1790389717.4840074,1.3627290027216077
1790389717.4863875,1.360283000394702
1790389717.516691,1.6951280122157186
1790389717.526743,1.4962230052333325
1790389717.533666,1.9122170051559806
1790389717.5394657,2.1332729957066476
1790389717.561735,1.9021789776161313
1790389717.5862103,9.53335699159652
1790389717.5862973,20.99828197970055
1790389717.5923896,1.5444849850609899
1790389717.6108909,1.912324980366975
1790389717.6203382,1.6078769986052066
1790389717.62074,1.2435299868229777
1790389717.62365,1.9134159956593066
1790389717.624003,1.5001300198491663
1790389717.6244822,1.2929619988426566
1790389717.6645832,2.3732979898341
1790389717.666242,2.2382519964594394
1790389717.6662912,1.5692779852543026
1790389717.672234,1.5779520035721362
1790389717.706121,1.69137999182567
1790389717.7315736,1.829512999393046
1790389717.7354865,1.3802280009258538
1790389717.7629714,17.68174400785938
1790389717.7676904,17.91878102812916
1790389717.768105,3.0574449920095503
1790389717.7681863,22.1873160044197
1790389717.790328,17.995936010265723
1790389717.7917554,23.426227999152616
1790389717.7918158,14.064388000406325
1790389717.7934778,1.148943993030116
1790389717.7974315,1.2048360076732934
1790389717.810216,1.8530089873820543
1790389717.8333085,1.9775209948420525
1790389717.8348527,1.5318549994844943
1790389717.8432527,1.5022939769551158
1790389717.86945,15.870152012212202
1790389717.875364,29.507151019060984
1790389717.8807044,17.35447600367479
1790389717.8922548,28.297130978899077
1790389717.8926926,27.097362995846197
1790389717.8929706,26.27218299312517
1790389717.893329,19.724690006114542
1790389717.8933957,3.1103839864954352
1790389717.8936093,16.860379982972518
1790389717.931851,21.999503020197153
1790389717.9341416,1.5270700096152723
1790389717.973291,1.803663995815441
1790389717.9800112,1.7175870016217232
1790389717.9859092,1.4420450024772435
1790389718.0415416,49.7041379858274
1790389718.0420096,51.58260100870393
1790389718.0421345,52.23496799590066
1790389718.0423567,28.987303987378255
1790389718.0433466,24.57850700011477
1790389718.0436969,12.875524000264704
1790389718.043769,12.277704023290426
1790389718.0605605,1.7715500143822283
1790389718.1168184,18.713558005401865
1790389718.1176212,47.23421699600294
1790389718.1225083,44.01198498089798
1790389718.1488407,43.34095399826765
1790389718.1584842,42.94437399948947
1790389718.1585612,40.78105799271725
1790389718.1696372,52.4146810057573
1790389718.1744382,60.01641199691221
1790389718.1810534,56.8310719972942
1790389718.187017,59.55341600929387
1790389718.2019434,80.21158998599276
1790389718.2021372,72.32052300241776
1790389718.2024646,58.28002898488194
1790389718.20253,52.978680992964655
1790389718.2034328,28.249825991224498
1790389718.2041512,26.733145001344383
1790389718.204421,24.246402987046167
1790389718.2047992,15.316109987907112
1790389718.2242491,19.05607301159762
1790389718.2243319,3.6470939812716097
1790389718.2274811,1.1720279871951789
1790389718.2713914,1.8513519898988307
1790389718.3498693,53.00546501530334
1790389718.3602202,58.67840501014143
1790389718.361777,55.65617899992503
1790389718.3661122,49.82085298979655
1790389718.3961818,80.4798640019726
1790389718.4455547,123.48012300208211
1790389718.4456894,74.45219700457528
1790389718.453754,93.51603902177885
1790389718.4546938,47.98104299698025
1790389718.4547935,77.36449598451145
1790389718.4555697,45.87257499224506
1790389718.4558647,33.35442699608393
1790389718.4568567,64.62261299020611
1790389718.4569178,21.683743980247527
1790389718.456981,19.532272999640554
1790389718.4632645,1.561985001899302
1790389718.4780235,1.8333879997953773
1790389718.4815733,1.3808620278723538
1790389718.4905427,1.8754210032057017
1790389718.5044527,1.617432018974796
1790389718.537516,1.7271609976887703
1790389718.5380936,1.4137520047370344
1790389718.5430055,1.568526990013197
1790389718.568221,1.5735329943709075
1790389718.5705225,1.6734350065235049
1790389718.5843792,1.6526629915460944
1790389718.6145785,23.789828992448747
1790389718.6151917,12.04770800541155
1790389718.6154704,11.32480098749511
1790389718.6157048,4.636326979380101
1790389718.6385276,4.09880600636825
1790389718.6385953,20.576078997692093
1790389718.6606758,1.7689430096652359
1790389718.6669416,1.377960987156257
1790389718.689949,17.10461199400015
1790389718.6902385,14.763054001377895
1790389718.690305,22.396701999241486
1790389718.6956058,1.415955979609862
1790389718.6998858,1.523751998320222
1790389718.7135963,2.525362011510879
1790389718.7145064,2.0467779831960797
1790389718.7183998,3.0356189818121493
1790389718.7331526,1.9651500042527914
1790389718.7560444,1.7172800144180655
1790389718.7596629,1.2672180018853396
1790389718.7641652,1.3596009812317789
1790389718.7716794,1.5353300259448588
1790389718.796746,20.160415006102994
1790389718.7968822,8.686816989211366
1790389718.7969708,9.274008014472201
1790389718.8148923,2.190496015828103
1790389718.8164935,1.5880190185271204
1790389718.8661494,27.42902797763236
1790389718.8664863,6.894313002703711
1790389718.8784037,1.5963329933583736
1790389718.8803582,1.3629739987663925
1790389718.9388275,21.283945010509342
1790389718.938911,17.215200001373887
1790389718.9410582,1.3134579930920154
1790389718.9444993,1.4799070195294917
1790389718.9671268,1.7178340058308095
1790389719.0121832,1.6773249953985214
1790389719.017704,2.3273199913091958
1790389719.0179894,2.1731890155933797
1790389719.0181882,1.872757013188675
1790389719.030374,1.575733971549198
1790389719.032739,1.3086760009173304
1790389719.04277,1.477021985920146
1790389719.0825477,23.279551009181887
1790389719.0827146,15.40370300062932
1790389719.083153,11.108594975667074
1790389719.0921981,1.7664199986029416
1790389719.114954,1.919495000038296
1790389719.116654,1.3111500011291355
1790389719.1193643,1.189267000881955
1790389719.127688,1.3507310068234801
1790389719.1492832,19.844130001729354
1790389719.14962,8.722592989215627
1790389719.1500068,8.356612990610301
1790389719.1712043,18.445163004798815
1790389719.1805925,1.661671994952485
1790389719.2023404,1051.116935996106
1790389719.2024257,8.516014000633731
1790389719.2024825,1056.092067999998
1790389719.244798,13.977196009363979
1790389719.2453895,6.765691010514274
1790389719.2454658,23.374867014354095
1790389719.2521892,1073.834654991515
1790389719.2526436,1.364698982797563
1790389719.2548072,1.2688410060945898
1790389719.2703629,2.2387070057448
1790389719.2704344,2.827759017236531
1790389719.285939,2.181135001592338
1790389719.2986655,1.5210889978334308
1790389719.3029418,1.6038060130085796
1790389719.303836,1.6170779999811202
1790389719.30741,1.2864430027548224
1790389719.3120115,1.3754809915553778
1790389719.3229,1.3812200049869716
1790389719.3613765,2.123281010426581
1790389719.3672023,1.4856399793643504
1790389719.3911579,1.6607739962637424
1790389719.4224699,2.733385976171121
1790389719.422523,2.9137450037524104
1790389719.4955308,27.168030006578192
1790389719.4956043,12.060339009622112
1790389719.4976292,3.1432669784408063
1790389719.4977124,2.098605007631704
1790389719.5152895,1.827992993639782
1790389719.5177581,1.4237190189305693
1790389719.534598,1.470706018153578
1790389719.5378716,1.273481990210712
1790389719.5504758,1.6477569879498333
1790389719.567585,1.5138049784582108
1790389719.5703206,1.276896015042439
1790389719.6204524,22.004187980201095
1790389719.620971,43.81985898362473
1790389719.6211069,36.6358739847783
1790389719.6212003,36.08894598437473
1790389719.621742,9.38764598686248
1790389719.6457636,21.503111987840384
1790389719.6458569,4.517182998824865
1790389719.671417,27.594964019954205
1790389719.6729398,21.090041991556063
1790389719.6772764,17.929274996276945
1790389719.6938736,22.334843000862747
1790389719.694682,26.523464999627322
1790389719.6950414,4.355854995083064
1790389719.6951072,22.996954998234287
1790389719.6985886,1.705288013909012
1790389719.7219267,1.86897098319605
1790389719.7379646,2.991318004205823
1790389719.7382705,3.409384982660413
1790389719.738329,2.2682370035909116
1790389719.747215,2.0062339899595827
1790389719.7602043,2.0407359988894314
1790389719.7668726,2.1633039868902415
1790389719.770015,1.9678119861055166
1790389719.7741702,2.1827160089742392
1790389719.7763193,1.8845800077542663
1790389719.8007138,20.939890993759036
1790389719.8008046,20.255153998732567
1790389719.8021784,6.51982199633494
1790389719.802278,16.05557501898147
1790389719.8262277,2.283924986841157
1790389719.8290958,1.6587210120633245
1790389719.8318887,1.9510010024532676
1790389719.837918,2.221172006102279
1790389719.840718,1.3240319967735559
1790389719.8514829,1.8631250131875277
1790389719.8554714,1.4285530196502805
1790389719.8774264,17.397228977642953
1790389719.878214,17.367802996886894
1790389719.8785515,21.839258988620713
1790389719.8788905,16.302109987009317
1790389719.8792868,7.953974010888487
1790389719.8794606,10.358429019106552
1790389719.8798153,6.952603987883776
1790389719.8803866,3.92562901834026
1790389719.8835227,1.1061140103265643
1790389719.8923106,1.3945040118414909
1790389719.9622924,41.272559989010915
1790389719.9633179,20.667348988354206
1790389719.9641714,38.78889500629157
1790389719.964226,18.982887995662168
1790389719.985381,11.322328995447606
1790389719.985466,22.13644699077122
1790389719.9855382,31.915189989376813
1790389719.9908762,1.5351299953181297
1790389720.020451,20.39874900947325
1790389720.0270205,1.441922999219969
1790389720.0284176,1.2511359818745404
1790389720.031125,1.1381030199117959
1790389720.0613189,1.652672013733536
1790389720.0711384,2.41586597985588
1790389720.0755048,1.7834389873314649
1790389720.1062706,22.59563800180331
1790389720.108384,18.70158698875457
1790389720.108645,21.906773006776348
1790389720.1092489,8.381445979466662
1790389720.1097503,6.473054003436118
1790389720.1098557,18.954018014483154
1790389720.11,29.301385016879067
1790389720.1100805,8.372857002541423
1790389720.1101432,3.859341988572851
1790389720.1133337,1.6017700254451483
1790389720.1187057,1.4318989997263998
1790389720.1244624,1.3370109954848886
1790389720.1270697,1.2396500096656382
1790389720.1384928,1.3714270025957376
1790389720.1431396,1.4610179932788014
1790389720.1503966,1.7992669891100377
1790389720.170468,1.8051069928333163
1790389720.1809154,1.8427299801260233
1790389720.2670765,12.979793013073504
1790389720.2671707,24.090188991976902
1790389720.2907956,35.17461899900809
1790389720.290874,2.276517014252022
1790389720.3081403,1.7413669847883284
1790389720.3136394,1.7268459778279066
1790389720.325527,1.6118939965963364
1790389720.3300004,1.340262999292463
1790389720.3400824,2.162452001357451
1790389720.3437767,1.8926640041172504
1790389720.3669245,2.02245099353604
1790389720.3686032,1.6656450170557946
1790389720.3841808,1.5396539820358157
1790389720.3902094,1.3958509953226894
1790389720.430027,1.7846499977167696
1790389720.4385517,2.0758390019182116
1790389720.4390948,1.3867969973944128
1790389720.4650722,22.96349301468581
1790389720.4654574,15.080955025041476
1790389720.465519,15.837082988582551
1790389720.4917853,1.6868949751369655
1790389720.4971714,1.4264679921325296
1790389720.512247,1.8823350255843252
1790389720.5508976,2.1344769920688123
1790389720.5562658,1.612278982065618
1790389720.5871615,22.157245984999463
1790389720.5883954,20.828864013310522
1790389720.5885642,20.376931002829224
1790389720.5886264,6.1696589982602745
1790389720.5941741,10.18475100863725
1790389720.6103551,25.45660999021493
1790389720.6105793,23.406663996865973
1790389720.6114006,22.215752978809178
1790389720.6120133,10.154785006307065
1790389720.6121254,2.940307022072375
1790389720.6121998,6.460598000558093
1790389720.6446745,16.845810983795673
1790389720.6451662,20.15910600312054
1790389720.6461825,13.550089992349967
1790389720.6462567,5.829230998642743
1790389720.6654878,3.508662019157782
1790389720.6655846,24.028748011915013
1790389720.7003894,1.9804360053967685
1790389720.7069736,1.4316140150185674
1790389720.7109478,1.4115259982645512
1790389720.740352,1.7839789798017591
1790389720.7872453,2.0106229931116104
1790389720.8099174,2.3287349904421717
1790389720.81049,1.6281080024782568
1790389720.8157911,1.672290003625676
1790389720.8341281,1.5649029810447246
1790389720.8502078,1.6690089832991362
1790389720.8879445,1.634655985981226
1790389720.8916752,1.5166479861363769
1790389720.9203272,21.433660003822297
1790389720.9218822,16.13304199418053
1790389720.9219937,23.977502976777032
1790389720.9220705,10.34054599585943
1790389720.9537137,30.79022400197573
1790389720.9655385,44.68036998878233
1790389720.9656243,40.73821401107125
1790389720.9871242,46.455517993308604
1790389720.9872358,61.300051980651915
1790389720.9874976,67.80926400097087
1790389720.9879098,42.24637898732908
1790389720.9890554,1.2521730095613748
1790389721.0172431,21.386701992014423
1790389721.0175235,6.932162999873981
1790389721.020503,1.4464690175373107
1790389721.0222113,1.2609449913725257
1790389721.0239425,1.1368509731255472
1790389721.0252984,1.3483299990184605
1790389721.0439928,1.7623460153117776
1790389721.0846078,21.30920998752117
1790389721.1004865,2.1157230075914413
1790389721.1022017,1.3181859976612031
1790389721.1098356,1.5837409882806242
1790389721.1164196,1.6002680058591068
1790389721.1367297,1.9827700161840767
1790389721.144223,1.4017159992363304
1790389721.1638553,19.52126299147494
1790389721.1642132,5.421772977570072
1790389721.1956267,22.734936996130273
1790389721.1966982,14.045985997654498
1790389721.1983485,25.955324003007263
1790389721.1989584,2.4199140025302768
1790389721.1993966,1.9119020143989474
1790389721.1999135,2.6049070002045482
1790389721.2155766,1.7114919901359826
1790389721.2180157,1.228353998158127
1790389721.2227545,1.2693169992417097
1790389721.2251682,1.5364499995484948
1790389721.2332833,1.3375849812291563
1790389721.2424881,1.6262930002994835
1790389721.2540534,1.4488330052699894
1790389721.26192,1.3327769993338734
1790389721.2680302,1.6145610134117305
1790389721.2730017,1.6529129934497178
1790389721.278543,1.3752129743807018
1790389721.2790017,1.121294975746423
1790389721.298618,1.7090300098061562
1790389721.3102493,1.8909389909822494
1790389721.357115,19.553129008272663
1790389721.3732946,1.7708679952193052
1790389721.42347,20.665335992816836
1790389721.4306529,1.7309330287389457
1790389721.4392583,2.060462982626632
1790389721.4501672,12.299630005145445
1790389721.4582603,19.840016000671312
1790389721.4791346,6.557389977388084
1790389721.493425,21.387274988228455
1790389721.5472794,47.35742398770526
1790389721.5522618,57.01973001123406
1790389721.5562806,50.21405499428511
1790389721.5564525,57.364115986274555
1790389721.5618377,49.58370700478554
1790389721.578195,49.20801997650415
1790389721.5921097,37.44746698066592
1790389721.6129565,94.35691800899804
1790389721.625995,52.68733200500719
1790389721.6261168,57.78056802228093
1790389721.6262057,59.202828007983044
1790389721.6269896,45.2013089961838
1790389721.6271296,35.958866006694734
1790389721.6281364,17.97712399275042
1790389721.6284795,17.70924500306137
1790389721.6285634,19.14082301664166
1790389721.629046,17.16438800212927
1790389721.643559,1.6012800042517483
1790389721.6473484,2.032622986007482
1790389721.6482177,1.802882004994899
1790389721.6489227,1.369931997032836
1790389721.654345,1.137408020440489
1790389721.6696837,1.4178090204950422
1790389721.6777754,1.5519270091317594
1790389721.6863914,1.3324540050234646
1790389721.6880794,1.129487995058298
1790389721.7030516,1.845097984187305
1790389721.722284,1.6696979873813689
1790389721.7432995,1.5868770133238286
1790389721.7528787,2.9899399960413575
1790389721.7534,2.869660995202139
1790389721.7534535,2.3911230091471225
1790389721.7546105,1.0652339842636138
1790389721.769636,2.361582010053098
1790389721.795441,11.601425998378545
1790389721.795991,16.801282996311784
1790389721.79611,7.070967985782772
1790389721.7961872,26.999625988537446
1790389721.7971969,3.4229019947815686
1790389721.7972507,1.7984579899348319
1790389721.807254,1.6540820070076734
1790389721.8570664,26.104577002115548
1790389721.8744617,35.5828529864084
1790389721.8746939,24.789946008240804
1790389721.8747675,11.279391997959465
1790389721.8778327,1.584300014656037
1790389721.8783321,1.302743999985978
1790389721.9060884,23.068301990861073
1790389721.9066,23.99081998737529
1790389721.9068685,3.3283310185652226
1790389721.935476,18.86284298961982
1790389721.940442,22.89781198487617
1790389721.9420319,23.250875005032867
1790389721.942909,22.22686100867577
1790389721.9432497,26.717133005149662
1790389721.9436054,20.620802009943873
1790389721.943882,9.479027998168021
1790389721.963812,24.25310600665398
1790389721.9640152,27.419482998084277
1790389721.964878,23.889150004833937
1790389721.9649618,12.778317992342636
1790389722.0028262,22.149341995827854
1790389722.0029137,13.545301015255973
1790389722.0118532,1.6139459912665188
1790389722.0124261,1.4402170199900866
1790389722.042985,1.5942119935061783
1790389722.0605454,1.981223002076149
1790389722.0621345,1.3516249891836196
1790389722.076236,1.7360630154144019
1790389722.0966845,19.535850995453075
1790389722.096958,21.665403997758403
1790389722.0970368,14.641785994172096
1790389722.102168,1.49383200914599
1790389722.1087544,1.3778260035905987
1790389722.118932,1.5884210006333888
1790389722.1272647,1.440841006115079
1790389722.1433682,1.640336005948484
1790389722.1655674,20.62050098902546
1790389722.1861916,1.7668279760982841
1790389722.189561,1.2774660135619342
1790389722.1911209,1.2311789905652404
1790389722.2187164,16.90236499416642
1790389722.2194471,27.033199003199115
1790389722.2195776,6.012342986650765
1790389722.2199602,4.0545130032114685
1790389722.2408054,24.092825973639265
1790389722.2433193,10.372713004471734
1790389722.2435083,26.08268498443067
1790389722.248618,1.5676070179324597
1790389722.2570236,1.4546480088029057
1790389722.2784882,1.8937640124931931
1790389722.2799652,1.3359799922909588
1790389722.2814565,1.271774002816528
1790389722.2839754,1.4089050237089396
1790389722.2857661,1.5023040177766234
1790389722.296603,1.4265539939515293
1790389722.3238244,20.79928500461392
1790389722.3370976,1.7364879895467311
1790389722.4158044,19.522620015777647
1790389722.4158962,20.930790022248402
1790389722.4174783,1.2880330032203346
1790389722.4599404,24.843816994689405
1790389722.4603436,27.138201985508204
1790389722.460847,3.0614610004704446
1790389722.4816701,20.724108995636925
1790389722.4867868,1.4328410034067929
1790389722.5298896,22.416906984290108
1790389722.530307,25.360805011587217
1790389722.5303853,10.945774003630504
1790389722.5337796,1.37673199060373
1790389722.5379229,1.2179490004200488
1790389722.5430706,1.608878985280171
1790389722.5442047,1.1262519983574748
1790389722.5756261,1.7611189978197217
1790389722.5884206,1.8689459830056876
1790389722.6018546,1.592840999364853
1790389722.6359468,2.1136809955351055
1790389722.6364653,1.6330020152963698
1790389722.671069,22.941103001357988
1790389722.6711752,14.056978019652888
1790389722.6750326,1.3296410033944994
1790389722.688165,1.7483489937148988
1790389722.6921537,1067.8557349892799
1790389722.692634,1.3666860177181661
1790389722.6984775,1.1798660270869732
1790389722.7083917,1.5005260065663606
1790389722.7328663,1.7667239881120622
1790389722.7487526,1.8459029961377382
1790389722.7580192,1.7110549961216748
1790389722.7794182,1.5440600109286606
1790389722.8072298,2.3518609814345837
1790389722.8079827,1.5451429935637861
1790389722.8186247,1.5302450046874583
1790389722.8324153,1.632861007237807
1790389722.858687,2.3976349912118167
1790389722.871309,2.0600050047505647
1790389722.8785756,1.6489050176460296
1790389722.88176,1.4244689955376089
1790389722.901922,4.225073993438855
1790389722.9019947,19.602622982347384
1790389722.9225237,19.49353000964038
1790389722.942431,1.6584340191911906
1790389722.965875,20.41595199261792
1790389722.9662707,8.483922021696344
1790389722.966947,7.7445269853342324
1790389722.967022,4.1960149828810245
1790389722.9988384,21.518043999094516
1790389723.029645,1.5935359988361597
1790389723.0547233,1.5896309923846275
1790389723.0762303,1.860610005678609
1790389723.109447,1.6888029931578785
1790389723.112646,1.5317080251406878
1790389723.1309233,2.3132310016080737
1790389723.158249,24.289511988172308
1790389723.158613,28.741901012836024
1790389723.179708,1.718326995614916
1790389723.1941662,1.6726109897717834
1790389723.1946266,1.426014001481235
1790389723.2082179,1.659059984376654
1790389723.2172577,1.4769110130146146
1790389723.2452767,11.115411994978786
1790389723.2455328,24.55690299393609
1790389723.245615,21.365143009461462
1790389723.2540913,1.5485059993807226
1790389723.2582412,1.3421840267255902
1790389723.2843292,23.986108019016683
1790389723.2846475,24.902181001380086
1790389723.2896717,1.5669999993406236
1790389723.3014703,1.7348570108879358
1790389723.3034909,1.3159049849491566
1790389723.3061311,2.1257939806673676
1790389723.3062077,1.714352983981371
1790389723.3095362,1.3870910042896867
1790389723.309935,1.1885449930559844
1790389723.3315086,1.799401012249291
1790389723.3453622,1.7954789800569415
1790389723.3508441,1.4973270008340478
1790389723.3654373,1.6678289975970984
1790389723.389886,22.451083990745246
1790389723.411688,1.8351759936194867
1790389723.4343634,1.6326849872712046
1790389723.4391544,1.3665470178239048
1790389723.4434052,1.771684008417651
1790389723.4490159,1.5194599982351065
1790389723.4513507,1.5696929767727852
1790389723.4534054,1.1166660115122795
1790389723.4695132,1.7376949836034328
1790389723.4884946,1.521250989753753
1790389723.495762,1.5113099943846464
1790389723.5351157,1.6690930060576648
1790389723.5948534,1.757671998348087
1790389723.6194253,1.680998015217483
1790389723.6323571,1.639554015127942
1790389723.6635673,20.210741000482813
1790389723.6636817,18.5415479936637
1790389723.664003,13.406268990365788
1790389723.666639,1.4596029941458255
1790389723.6820512,1.628911995794624
1790389723.685462,1.279496995266527
1790389723.691509,1.450415002182126
1790389723.716088,18.92045998829417
1790389723.7161784,13.843418011674657
1790389723.7168162,6.046167982276529
1790389723.7169034,24.284151004394516
1790389723.722974,1.6116620099637657
1790389723.7232165,2.3939560051076114
1790389723.7614667,27.70098697510548
1790389723.773007,46.4266850030981
1790389723.775963,30.27059999294579
1790389723.7763023,22.992244019405916
1790389723.7767365,41.524012980517
1790389723.777654,20.221962011419237
1790389723.7779799,7.273046008776873
1790389723.778056,24.245312000857666
1790389723.7795749,1.2029469944536686
1790389723.7819078,1.3255950179882348
1790389723.7894015,1.2601580237969756
1790389723.7932913,1.5866799803916365
1790389723.8007953,1.4303599891718477
1790389723.8407657,20.575463015120476
1790389723.8521945,1.5543579938821495
1790389723.8635302,1.8610819824971259
1790389723.891553,14.033187995664775
1790389723.8916235,23.05731299566105
1790389723.9056797,1.8825920124072582
1790389723.9126241,1.6388770018238574
1790389723.928355,1.5185530064627528
1790389723.9327583,1.3529270072467625
1790389723.9607742,1.7658470023889095
1790389723.9661317,1.615228014998138
1790389724.00492,22.952031024033204
1790389724.0066414,21.299234009347856
1790389724.0067697,25.31877500587143
1790389724.006828,4.502062016399577
1790389724.0286143,17.121673008659855
1790389724.0289493,16.247988009126857
1790389724.0348725,16.811859008157626
1790389724.0401738,34.81101000215858
1790389724.0452354,12.163552979473025
1790389724.050604,26.288240012945607
1790389724.050971,5.54533998365514
1790389724.07262,6.063877983251587
1790389724.0727005,20.333391992608085
1790389724.092242,3.5794979776255786
1790389724.0923288,24.682610004674643
1790389724.0996025,1.3088069972582161
1790389724.132248,2.3694919946137816
1790389724.1627185,15.569611015962437
1790389724.1628015,22.419249027734622
1790389724.1722834,1.7693849804345518
1790389724.1884825,1.6904389776755124
1790389724.1910965,1.3894650037400424
1790389724.2004452,1.8807869928423315
1790389724.2162197,18.165632005548105
1790389724.222111,22.825432009994984
1790389724.223026,11.993040010565892
1790389724.2231083,11.080017022322863
1790389724.2242715,6.746408995240927
1790389724.2243922,5.162554996786639
1790389724.2253163,1.6830349923111498
1790389724.246256,1.9637279910966754
1790389724.2491071,1.217918994370848
1790389724.253874,1.228198001626879
1790389724.259635,1.241457008291036
1790389724.2614174,1.2346729927230626
1790389724.2686486,1.2700240185949951
1790389724.3199902,1.6979800129774958
1790389724.3739119,12.580275011714548
1790389724.3895729,25.84837202448398
1790389724.3902855,29.722106992267072
1790389724.391325,18.13288000994362
1790389724.3915443,19.2876209912356
1790389724.3916821,16.048643010435626
1790389724.3921156,2.965506981126964
1790389724.3981051,1.6399169981013983
1790389724.3985612,1.3087780098430812
1790389724.4044404,1.8652369908522815
1790389724.4076025,1.8502039893064648
1790389724.4129956,1.7096480005420744
1790389724.4321458,1.8814210197888315
1790389724.4591134,1.708347990643233
1790389724.467718,2.0405150135047734
1790389724.5119975,23.688838991802186
1790389724.5196068,1.8630939885042608
1790389724.5267708,2.2891859989613295
1790389724.554527,22.397324006306008
1790389724.5568032,26.07566400547512
1790389724.5569203,22.11615999112837
1790389724.5678108,20.862516976194456
1790389724.5986352,44.05982801108621
1790389724.598894,33.90732599655166
1790389724.5991552,47.737828019307926
1790389724.5992203,3.1461349863093346
1790389724.59981,2.123033016687259
1790389724.6360555,20.999633998144418
1790389724.6364534,6.5319520072080195
1790389724.636525,6.5234730136580765
1790389724.6398146,1.289100997382775
1790389724.6427774,1.9640290120150894
1790389724.6436942,1.9564389949664474
1790389724.651663,1.5146310033742338
1790389724.6597416,1.8893230007961392
1790389724.6606123,1.6331050137523562
1790389724.6939073,19.172517000697553
1790389724.6940653,18.67468300042674
1790389724.6947734,27.19283101032488
1790389724.6952107,17.07898802123964
1790389724.6957214,15.24104899726808
1790389724.6958046,12.924828013638034
1790389724.6962032,8.466683008009568
1790389724.6967783,7.598274009069428
1790389724.7091138,1.9890539988409728
1790389724.7146468,2.1580140164587647
1790389724.721063,1.578132010763511
1790389724.725027,1.7059670062735677
1790389724.725483,1.348633988527581
1790389724.7451313,1.895026012789458
1790389724.754833,2.081351005472243
1790389724.7807627,2.306665002834052
1790389724.8026805,21.24749298673123
1790389724.8031926,23.22267898125574
1790389724.8038414,5.048591992817819
1790389724.8208783,17.60788800311275
1790389724.8259912,20.97341199987568
1790389724.8273036,25.157427007798105
1790389724.8276517,19.222324015572667
1790389724.8277304,17.621935985516757
1790389724.8293133,1.4711930125486106
1790389724.8502731,10.685966000892222
1790389724.850358,21.69699699152261
1790389724.8576334,1.543492020573467
1790389724.859273,1.1869669833686203
1790389724.859705,2.062747022137046
1790389724.8905268,1.6177119978237897
1790389724.9020317,2.610470983199775
1790389724.9024024,2.903779997723177
1790389724.9122403,2.1810359903611243
1790389724.9210346,1.4362620131578296
1790389724.9512951,1.8212849972769618
1790389724.9683216,1.8088830111082643
1790389724.9755692,1.3797680148854852
1790389724.9890814,2.187514997785911
1790389724.9943225,1.304988982155919
1790389725.0455003,23.183960001915693
1790389725.0456455,43.8700029917527
1790389725.046087,22.4637660139706
1790389725.046197,43.09674701653421
1790389725.0462642,23.259395005879924
1790389725.046511,21.993828006088734
1790389725.0522168,20.202533982228488
1790389725.068445,33.0435200012289
1790389725.0689754,10.151356982532889
1790389725.0690553,17.517882981337607
1790389725.0806878,2.255219005746767
1790389725.1069582,27.082757995231077
1790389725.1246886,8.958397986134514
1790389725.1250293,3.9411299803759903
1790389725.1251802,29.74123999592848
1790389725.1257555,3.9863649872131646
1790389725.140779,2.390070992987603
1790389725.141634,1.5982829791028053
1790389725.151387,1.8574490095488727
1790389725.1685493,11.86304198927246
1790389725.1996686,42.43436601245776
1790389725.1998694,31.97894399636425
1790389725.2009146,33.99150099721737
1790389725.201211,28.428976016584784
1790389725.2015233,27.027399017242715
1790389725.2015884,28.41048300615512
1790389725.2077575,1.4374989841599017
1790389725.2151005,1.4693010016344488
1790389725.2360263,18.592626991448924
1790389725.2371838,3.3557270071469247
1790389725.2372503,21.281190973240882
1790389725.2375934,15.248539013555273
1790389725.2379372,1.9004720088560134
1790389725.2411792,1.5173919964581728
1790389725.259155,1.5739729860797524
1790389725.2639492,1.6431429830845445
1790389725.2646992,1.3951399887446314
1790389725.2835863,2.1574629936367273
1790389725.2896864,1.4875550114084035
1790389725.311688,16.748101013945416
1790389725.3120794,12.986940011614934
1790389725.3121488,20.476898993365467
1790389725.312783,9.018151991767809
1790389725.3132503,4.661059007048607
1790389725.318084,1.5212050057016313
1790389725.3264852,1.591170992469415
1790389725.3279214,1.2302649847697467
1790389725.4007127,23.000201996183023
1790389725.417919,1.5400300035253167
1790389725.4711463,22.97133899992332
1790389725.471302,22.482676024083048
1790389725.4722264,1.6204260173253715
1790389725.476466,1.269269996555522
1790389725.4793541,1.2171150010544807
1790389725.484708,1.560238015372306
1790389725.4872696,1.354758016532287
1790389725.4888,1.1797790066339076
1790389725.5169575,1.8857299874071032
1790389725.5290277,1.5339489909820259
1790389725.5623994,21.369429014157504
1790389725.5627615,8.344409987330437
1790389725.5691473,1.3856310106348246
1790389725.5724828,1.3871090195607394
1790389725.628064,12.998170015634969
1790389725.628135,23.288649012101814
1790389725.6347625,1.2936640123371035
1790389725.688992,1.8218839832115918
1790389725.6992512,2.0378009940031916
1790389725.6998975,1.6549949941691011
1790389725.7227147,2.1190840052440763
1790389725.72357,1.650279009481892
1790389725.7317035,6.991700996877626
1790389725.7469888,18.272516987053677
1790389725.7470603,21.769990999018773
1790389725.756632,1.6151019954122603
1790389725.8133912,43.54336499818601
1790389725.8241656,45.59960498590954
1790389725.835862,53.81092400057241
1790389725.8365698,53.205828997306526
1790389725.836696,36.88185298233293
1790389725.837585,30.95510500133969
1790389725.837961,20.65006399061531
1790389725.8388917,66.26624500495382
1790389725.8393495,16.608000005362555
1790389725.8397057,9.839575010119006
1790389725.8397815,11.742381000658497
1790389725.9169006,2.175116998841986
1790389725.9267669,2.1148840023670346
1790389725.933523,1.5926670166663826
1790389725.941519,1.5763090050313622
1790389725.9716265,15.457920002518222
1790389726.0105724,53.49754501366988
1790389726.0106962,56.481994019122794
1790389726.0239108,42.688693007221445
1790389726.0241013,57.511124992743134
1790389726.024245,30.84815602051094
1790389726.0245411,2.6732799888122827
1790389726.0249429,2.423612982966006
1790389726.048652,11.278036021394655
1790389726.0487223,21.797307999804616
1790389726.0497236,9.567896981025115
1790389726.0497866,6.472134991781786
1790389726.0691547,17.905657005030662
1790389726.0700278,25.62057299655862
1790389726.0705884,3.300720010884106
1790389726.0706894,14.084212016314268
1790389726.0707483,1.582830009283498
1790389726.0787916,6.767704006051645
1790389726.092645,20.180630002869293
1790389726.0927398,17.711291991872713
1790389726.0930183,12.573164014611393
1790389726.1035457,1.6602260002400726
1790389726.1130204,1.5006109897512943
1790389726.1146362,1.5146119985729456
1790389726.1226645,2.0382099901326
1790389726.1463487,20.13663700199686
1790389726.146695,23.981865000678226
1790389726.1680703,1.6796980053186417
1790389726.1720712,1.6134180186782032
1790389726.2352488,1.9816209969576448
1790389726.2380824,1.3600889942608774
1790389726.255085,1.540346012916416
1790389726.2726004,1.8987130024470389
1790389726.2739778,1.2681279913522303
1790389726.2754843,1.2026690237689763
1790389726.293729,1.9858309824485332
1790389726.3425722,48.79134500515647
1790389726.3567266,55.55199601803906
1790389726.3733566,70.6792069831863
1790389726.3737712,64.57251898245886
1790389726.3831608,59.48292798711918
1790389726.3991616,88.70120500796475
1790389726.405038,58.22729002102278
1790389726.40841,42.440752004040405
1790389726.4089656,83.90317298471928
1790389726.4091058,33.13803198398091
1790389726.419985,29.608003998873755
1790389726.4424942,32.642921985825524
1790389726.4475007,53.25810899375938
1790389726.4533036,60.10928901378065
1790389726.4537294,42.29235899401829
1790389726.4538574,29.963931010570377
1790389726.457661,1.4974100049585104
1790389726.4583902,1.441002998035401
1790389726.4598029,1.212502014823258
1790389726.4653559,1.3524630048777908
1790389726.4713697,1.4431469899136573
1790389726.4807708,1.533294009277597
1790389726.50034,1.9753300002776086
1790389726.52688,1.5912739909254014
1790389726.5334132,1.494383002864197
1790389726.5377483,1.763793989084661
1790389726.55749,1.7013780015986413
1790389726.5578809,1.2870620121248066
1790389726.5888412,22.772122989408672
1790389726.6051514,35.79441399779171
1790389726.605236,37.16886101756245
1790389726.611548,33.618848014157265
1790389726.6149476,34.13991298293695
1790389726.6152515,38.99795998586342
1790389726.6153538,33.931467012735084
1790389726.615686,5.561133992159739
1790389726.6158123,20.634397980757058
1790389726.6275938,1.6683659923728555
1790389726.6599073,1.761283987434581
1790389726.6659262,1.816888980101794
1790389726.678757,1.994933991227299
1790389726.6944754,1.7296609876211733
1790389726.7140205,1.5806079900357872
1790389726.7246096,1.5496450068894774
1790389726.730231,1.3961709919385612
1790389726.7379603,1.7011050076689571
1790389726.7450936,1.5900339931249619
1790389726.7640202,1.7707099905237556
1790389726.7754874,1.6388180083595216
1790389726.7770927,1.2240849900990725
1790389726.8048775,2.6109900209121406
1790389726.8049788,3.214333002688363
1790389726.8301659,1.8208760011475533
1790389726.86872,3.157217986881733
1790389726.8688161,2.3575039813295007
1790389726.885209,9.759202977875248
1790389726.8914244,24.398118985118344
1790389726.8915122,14.406995993340388
1790389726.904468,1.8770550086628646
1790389726.958663,55.165718018542975
1790389726.9748566,62.21437800559215
1790389726.9798281,52.46908401022665
1790389726.9861755,58.31495500751771
1790389726.9865334,49.58719798014499
1790389726.9918046,59.22892899252474
1790389727.0276837,64.36953198863193
1790389727.0285425,51.179173024138436
1790389727.0287335,54.59512901143171
1790389727.029015,35.306528996443376
1790389727.0290685,49.94641002849676
1790389727.0318093,1.397134008584544
1790389727.0351872,1.2492879759520292
1790389727.05042,1.5014370146673173
1790389727.066135,1.5544589841738343
1790389727.0823026,1.6816980205476284
1790389727.099039,1.8972779798787087
1790389727.1100833,1.628867001272738
1790389727.1161025,1.4739940233994275
1790389727.1182163,1.3766879856120795
1790389727.132512,1.6325860051438212
1790389727.1623912,22.138383996207267
1790389727.1837852,44.16626601596363
1790389727.1842031,26.171748992055655
1790389727.1842895,26.954352972097695
1790389727.2042854,1.7718750168569386
1790389727.2323587,19.484251009998843
1790389727.2324438,23.23335298569873
1790389727.2578876,1.6959589847829193
1790389727.3078282,31.902599992463365
1790389727.3253825,34.764557000016794
1790389727.325463,17.579651990672573
1790389727.3257673,42.09974597324617
1790389727.3258297,1.8099379958584905
1790389727.3467195,2.194814005633816
1790389727.3497188,1.2947490031365305
1790389727.3573844,1.488526992034167
1790389727.3819387,3.950423008063808
1790389727.382052,21.23212200240232
1790389727.3892395,2.0184069871902466
1790389727.3927922,1.4490959874819964
1790389727.4538136,46.81837800308131
1790389727.4643435,64.24905499443412
1790389727.470576,71.00595999509096
1790389727.476125,50.54073702194728
1790389727.4872108,58.67898999713361
1790389727.488595,26.762180001242086
1790389727.4889421,23.09114602394402
1790389727.504961,34.15579401189461
1790389727.508042,32.66661299858242
1790389727.5084832,82.3315890156664
1790389727.5139048,26.566963002551347
1790389727.514297,32.69906202331185
1790389727.5299838,34.78189499583095
1790389727.5300996,20.96778099075891
1790389727.5301688,36.64419997949153
1790389727.5623376,1.6371829842682928
1790389727.5817618,1.9614920020103455
1790389727.5927439,1.6289470077026635
1790389727.61784,19.126365979900584
1790389727.6210444,8.270813996205106
1790389727.6211913,25.44810899416916
1790389727.6526787,1.7177000117953867
1790389727.659689,1.4286370133049786
1790389727.6616375,1.4740360202267766
1790389727.6782796,1.873280998552218
1790389727.69841,1.7569639894645661
1790389727.708928,1.7234880069736391
1790389727.7090328,2.55523799569346
1790389727.7140317,1.3283010048326105
1790389727.7165415,1.1515850201249123
1790389727.7235696,1.7440119991078973
1790389727.7498686,15.2650439995341
1790389727.7600908,33.09276100480929
1790389727.7734685,31.58489501220174
1790389727.7776842,1.5916519914753735
1790389727.7862833,1.934025000082329
1790389727.786851,1.5804309805389494
1790389727.7956574,1.448649010853842
1790389727.8000622,1.1870849994011223
1790389727.8063962,1.683654001681134
1790389727.8240318,1.7118469986598939
1790389727.8292882,1.6522249788977206
1790389727.848903,1.9000130123458803
1790389727.8518422,1.5239949862007052
1790389727.8546891,1.500180980656296
1790389727.8614922,2.006506983889267
1790389727.8648624,1.4435129996854812
1790389727.8664687,1.180590013973415
1790389727.8984969,2.178369992179796
1790389727.8990796,1.5873720112722367
1790389727.9055066,1.6127010167110711
1790389727.9200833,1.7755130247678608
1790389727.9226115,1.5658180054742843
1790389727.9246092,1.1765249946620315
1790389727.9400055,1.6955930041149259
1790389727.9611483,1.8664310046005994
1790389727.9730923,1.4971650089137256
1790389727.9823208,1.9101600046269596
1790389728.024811,1.5678229974582791
1790389728.048645,19.421156990574673
1790389728.0643,1.7168050108011812
1790389728.1151729,22.113421990070492
1790389728.1158743,4.399258992634714
1790389728.1159532,16.0949970013462
1790389728.1206105,1.375788007862866
1790389728.1257706,1.2732040195260197
1790389728.1393054,1.9214650092180818
1790389728.1505492,1.951189013198018
1790389728.1606162,1.9055070006288588
1790389728.1620018,1.3750100042670965
1790389728.1673152,1.225015992531553
1790389728.2170613,24.36414998373948
1790389728.2390995,28.51481398101896
1790389728.2397606,16.831019980600104
1790389728.2401383,4.957867000484839
1790389728.240235,7.708897988777608
1790389728.2402937,3.8016129983589053
1790389728.288864,43.428260018117726
1790389728.292856,39.76093899109401
1790389728.29828,48.65586501546204
1790389728.316533,29.552243009675294
1790389728.3220823,58.685053983936086
1790389728.3273177,38.3237799978815
1790389728.3382857,43.84539800230414
1790389728.3386788,48.00610299571417
1790389728.3387723,42.863284004852176
1790389728.3391047,45.24331900756806
1790389728.3394299,36.39031600323506
1790389728.339547,15.520824992563576
1790389728.3691168,43.556251999689266
1790389728.3744123,50.84131998592056
1790389728.377707,12.355313025182113
1790389728.3782547,50.52081000758335
1790389728.3783295,13.525157002732158
1790389728.3817208,1.3650770124513656
1790389728.3872864,1.7195310210809112
1790389728.3878555,1.570613996591419
1790389728.4294128,20.20099898800254
1790389728.4666967,35.44977700221352
1790389728.4674213,28.27656498993747
1790389728.4728534,33.523146994411945
1790389728.4880793,44.47100299876183
1790389728.488435,43.1366560223978
1790389728.4993002,46.10190898529254
1790389728.5049255,55.08279398782179
1790389728.505175,38.332094001816586
1790389728.5141563,42.72562998812646
1790389728.515041,42.933438991894946
1790389728.51534,49.5915170176886
1790389728.5155604,45.31108500668779
1790389728.5160394,24.644004995934665
1790389728.516094,14.63110899203457
1790389728.5252454,1.5870810020714998
1790389728.549581,1.7777970060706139
1790389728.5846167,12.178822013083845
1790389728.590396,28.279171005124226
1790389728.5908887,5.520498001715168
1790389728.5909975,9.274868993088603
1790389728.5957613,1.498276978963986
1790389728.5975149,1.1604739993344992
1790389728.6074078,1.6345539770554751
1790389728.6752043,15.747767989523709
1790389728.675293,16.465074993902817
1790389728.675367,25.753045018063858
1790389728.6932154,1.781870989361778
1790389728.6975036,1.4638380089309067
1790389728.7286618,20.02863201778382
1790389728.7289624,4.03731400729157
1790389728.7349837,1.3733040250372142
1790389728.754689,2.400455006863922
1790389728.7553957,2.4352649925276637
1790389728.7786732,2.1048309863545
1790389728.787008,1.4962469867896289
1790389728.7891607,1.3249490002635866
1790389728.8110902,19.470601982902735
1790389728.8321846,13.023931009229273
1790389728.8325253,21.42161299707368
1790389728.8326044,2.645985980052501
1790389728.8411255,1.619111018953845
1790389728.850201,1.5578129969071597
1790389728.8708375,1.5859039849601686
1790389728.878729,1.3650749751832336
1790389728.8807545,1.2353219790384173
1790389728.898103,1.772427000105381
1790389728.9014747,1.4037899964023381
1790389728.9129865,2.273110003443435
1790389728.9142685,1.27038499340415
1790389728.9509132,1.7778359760995954
1790389728.967169,1.7334790027234703
1790389729.009995,11.930958018638194
1790389729.0123944,27.304104005452245
1790389729.0126884,12.172333983471617
1790389729.04164,1.8239300115965307
1790389729.0665092,1.6989109863061458
1790389729.0709622,1.5592770068906248
1790389729.1180246,33.26610798831098
1790389729.132667,37.286809005308896
1790389729.1460059,1.7789859848562628
1790389729.153169,2.071926021017134
1790389729.1705956,2.217800007201731
1790389729.2579262,1.9473580177873373
1790389729.2892227,25.4914179968182
1790389729.289581,5.217596975853667
1790389729.3180473,19.110631983494386
1790389729.3183198,22.258636978222057
1790389729.3186173,4.66749700717628
1790389729.3490996,25.076977006392553
1790389729.363984,28.748009994160384
1790389729.3647525,6.3076869992073625
1790389729.3648229,15.299758990295231
1790389729.3650622,7.133664999855682
1790389729.3670697,1.1952340137213469
1790389729.3766234,1.7028269940055907
1790389729.3829734,1.6956640174612403
1790389729.3848715,1.4889099984429777
1790389729.3862865,1.2120720057282597
1790389729.4123268,2.0385209936648607
1790389729.4218433,1.8881599826272577
1790389729.4347892,1.5066690102685243
1790389729.444108,1.8623749783728272
1790389729.455348,1.5740790113341063
1790389729.4708118,1.92778799100779
1790389729.4738128,1.5709289873484522
1790389729.4768076,1.382151007419452
1790389729.5153112,1.8071109952870756
1790389729.5409467,1.7656339914537966
1790389729.6090074,29.23770999768749
1790389729.6289194,11.91665098303929
1790389729.6289976,31.64308299892582
1790389729.629348,7.2260560118593276
1790389729.6294582,39.550671994220465
1790389729.6296852,3.8545690185856074
1790389729.672027,19.79393800138496
1790389729.6721294,22.501825005747378
1790389729.6755674,1.58971399650909
1790389729.6891696,1.8348390003666282
1790389729.696688,1.5828530013095587
1790389729.7105381,1.875252986792475
1790389729.711323,1.6030760016292334
1790389729.7183712,1.7894720076583326
1790389729.719904,1.3062070065643638
1790389729.7228608,1.262686011614278
1790389729.7274172,1.6296220128424466
1790389729.745798,1.650058024097234
1790389729.7509437,1.5442989824805409
1790389729.7722764,2.1071619994472712
1790389729.8131783,38.46085898112506
1790389729.8183146,28.746830008458346
1790389729.8189273,34.83344498090446
1790389729.819032,22.496360004879534
1790389729.8252766,1.6626400174573064
1790389729.8408554,1.4913410122971982
1790389729.8767712,11.863105988595635
1790389729.8772962,20.57113399496302
1790389729.87755,3.900377021636814
1790389729.882567,1.6278599796351045
1790389729.909169,1.9187669968232512
1790389729.9171078,1.771198003552854
1790389729.950442,23.33654899848625
1790389729.951346,9.703490999527276
1790389729.9514403,6.351035990519449
1790389729.9694214,1.647555996896699
1790389729.990043,1.6550070140510798
1790389730.0070057,1.7223649774678051
1790389730.018355,1.5775890205986798
1790389730.0361896,1.9990260188933462
1790389730.0370283,1.827200991101563
1790389730.0486157,1.7035780183505267
1790389730.0585237,1.5491879894398153
1790389730.0842524,1.7570409981999546
1790389730.08821,2.248745004180819
1790389730.0892699,2.6052420143969357
1790389730.0893264,2.0059419912286103
1790389730.0960824,1.4253910048864782
1790389730.0989368,1.2248230050317943
1790389730.1255941,21.53421801631339
1790389730.1359696,34.16717200889252
1790389730.1467505,30.79324500868097
1790389730.1578805,42.464561003725976
1790389730.194808,62.77746500563808
1790389730.2099109,92.58109101210721
1790389730.2104084,90.2520910021849
1790389730.221847,64.80799699784257
1790389730.2268958,88.87178997974843
1790389730.2330794,70.0368269754108
1790389730.2355628,94.65995398932137
1790389730.2362616,68.08046001242474
1790389730.236676,64.47828898672014
1790389730.2372446,45.79106200253591
1790389730.237297,32.01482800068334
1790389730.2405388,1.268924999749288
1790389730.2448072,1.6466380038764328
1790389730.2455857,1.4602390001527965
1790389730.2504086,1.761109015205875
1790389730.2529178,2.041147992713377
1790389730.253675,1.5493329847231507
1790389730.2665946,1.613130996702239
1790389730.288722,1.550775981741026
1790389730.291883,1.5006960020400584
1790389730.303042,2.4868830223567784
1790389730.303098,2.0055240020155907
1790389730.3065045,1.3602940016426146
1790389730.3407216,1.8161949992645532
1790389730.348082,1.465435983845964
1790389730.3508377,1.4019010122865438
1790389730.3899798,17.396878014551476
1790389730.39014,22.202067979378626
1790389730.3902233,15.849735995288938
1790389730.3911378,2.7073130186181515
1790389730.401511,1.6390630044043064
1790389730.4118872,1.9984960090368986
1790389730.4182763,1.3460449990816414
1790389730.4506752,1.8162170017603785
1790389730.4636219,2.1478720009326935
1790389730.5145342,34.12881199619733
1790389730.517501,44.80226099258289
1790389730.5187747,30.629635002696887
1790389730.519185,22.949997015530244
1790389730.51931,19.128058978822082
1790389730.5194004,45.89628198300488
1790389730.5426822,2.536398998927325
1790389730.5427597,3.0937169794924557
1790389730.5475826,1.2159589969087392
1790389730.5665717,1.7680840101093054
1790389730.6024292,15.3583440114744
1790389730.6030896,24.977162975119427
1790389730.6033204,11.945890000788495
1790389730.6196547,27.132615010486916
1790389730.630702,30.069450003793463
1790389730.6308472,34.39028299180791
1790389730.632138,22.092959989095107
1790389730.632329,11.406014993553981
1790389730.6331975,10.200795019045472
1790389730.633506,6.8447350058704615
1790389730.6652741,21.898478007642552
1790389730.6659248,15.042693994473666
1790389730.6659827,2.6441930094733834
1790389730.699516,1.5905620239209384
1790389730.706679,1.6893320134840906
1790389730.7520487,33.4433359967079
1790389730.7522032,45.47648801235482
1790389730.7632113,38.009907002560794
1790389730.763368,53.648718021577224
1790389730.7957268,67.5287039775867
1790389730.7959175,23.137129988754168
1790389730.7960145,11.494083009893075
1790389730.7960777,52.146937989164144
1790389730.799768,1.4222729951143265
1790389730.8236823,1.8844520091079175
1790389730.830866,1.4396560145542026
1790389730.8669844,2.1498619753401726
1790389730.8899007,21.49224901222624
1790389730.9204032,1.702103007119149
1790389730.9531705,23.183432989753783
1790389730.9535804,14.27913800580427
1790389730.9536967,12.072131008608267
1790389730.954181,2.623050007969141
1790389730.9889054,25.01794500858523
1790389730.9955544,1.6535789764020592
1790389731.020899,1.977863983483985
1790389731.027652,1.8005379824899137
1790389731.0415294,2.0251820096746087
1790389731.0665944,4.9532630073372275
1790389731.0666842,23.138604999985546
1790389731.1322913,31.561654002871364
1790389731.137011,30.16337798908353
1790389731.1380346,42.80763299902901
1790389731.1381323,38.45488597289659
1790389731.1431062,33.24981400510296
1790389731.158159,40.191998006775975
1790389731.158841,6.052487995475531
1790389731.1589298,4.306652001105249
1790389731.16358,1.555816998006776
1790389731.1689982,1.5065850166138262
1790389731.1760318,1.87752497731708
1790389731.178856,1.3764130126219243
1790389731.1994624,1.8183100037276745
1790389731.242088,1.7986750171985477
1790389731.2465315,2.0509460009634495
1790389731.2470512,1.3685899903066456
1790389731.295125,22.19463000074029
1790389731.2985365,24.78409599279985
1790389731.298674,9.532598982332274
1790389731.2987344,27.372690004995093
1790389731.3017793,1.6619850066490471
1790389731.3037777,1.2343869893811643
1790389731.31606,1.468194997869432
1790389731.3458903,22.434907004935667
1790389731.3460069,15.033645002404228
1790389731.3460765,21.641687984811142
1790389731.401344,1.9644589920062572
1790389731.4173827,2.186563011491671
1790389731.4427512,1.9807860080618411
1790389731.4449978,1.318433991400525
1790389731.4595711,1.6781679878477007
1790389731.4684563,1.7522400012239814
1790389731.4731212,1.5252540179062635
1790389731.493043,1.8737110076472163
1790389731.5434725,17.363713996019214
1790389731.5436025,26.517847989453003
1790389731.5437086,47.03066201182082
1790389731.5437682,20.804055995540693
1790389731.5542805,24.52171000186354
1790389731.5660145,12.82408699626103
1790389731.5661688,28.208345000166446
1790389731.5664468,1.6798260039649904
1790389731.5875437,1.635369990253821
1790389731.6028428,1.933352992637083
1790389731.6032326,2.8484069916885346
1790389731.607857,1.4382500085048378
1790389731.649744,18.346519995247945
1790389731.6504235,20.82340099150315
1790389731.6507664,11.998656002106145
1790389731.6510458,4.528996010776609
1790389731.6566203,1.253085007192567
1790389731.6736114,1.5709910076111555
1790389731.6790922,1.431696000508964
1790389731.6818266,1.5760370006319135
1790389731.6938124,1.4558139955624938
1790389731.7224097,1.7806010146159679
1790389731.7367957,1.8357079825364053
1790389731.748162,1.8034650129266083
1790389731.7625864,1.6783959872554988
1790389731.7647529,1.1863739928230643
1790389731.7941918,2.545360999647528
1790389731.7942967,2.079739992041141
1790389731.81005,1.6652889898978174
1790389731.8161292,1.516995020210743
1790389731.8951545,24.914043984608725
1790389731.8952215,14.149547991110012
1790389731.917784,26.141623995499685
1790389731.9178958,17.807667987653986
1790389731.9366279,1.8332790059503168
1790389731.9408574,2.049984992481768
1790389731.941994,2.0251389942131937
1790389731.9742696,1.7823639791458845
1790389731.992317,2.246926014777273
1790389732.0002847,1.6297429974656552
1790389732.014052,2.619446982862428
1790389732.0144286,2.2030439868103713
1790389732.0149632,1.6476690070703626
1790389732.0247712,1.836171984905377
1790389732.0410628,1.8351970065850765
1790389732.0513859,2.2818830038886517
1790389732.0554526,1.5477729903068393
1790389732.0923996,15.478979010367766
1790389732.0931656,24.89866499672644
1790389732.0932658,13.33834501565434
1790389732.0933363,22.0244950032793
1790389732.0962772,1.2519530137069523
1790389732.1028056,1.4630850055254996
1790389732.1076674,1.6421799955423921
1790389732.1080685,2.5007319927681237
1790389732.108442,1.8306659767404199
1790389732.122029,1.7636310076341033
1790389732.1335065,1.5371500048786402
1790389732.1540182,1.6833099944051355
1790389732.1579432,1.4214370166882873
1790389732.183665,1.5967120125424117
1790389732.1858838,2.0630709768738598
1790389732.190609,1.321353018283844
1790389732.1967063,1.5611319977324456
1790389732.1972659,1.2652550067286938
1790389732.2278783,2.0527319866232574
1790389732.230347,2.2814469994045794
1790389732.2335997,1.3539970095735043
1790389732.2703118,34.83379297540523
1790389732.2753687,29.81314397766255
1790389732.2776704,24.166797986254096
1790389732.2884328,24.435520987026393
1790389732.302513,15.78059300663881
1790389732.3028784,30.39186299429275
1790389732.3267298,1.9432109838817269
1790389732.3336573,1.9642990082502365
1790389732.3493416,2.320570987649262
1790389732.3503127,1.5407500031869859
1790389732.3697875,1.9476259767543525
1790389732.4052844,17.057596007362008
1790389732.4139984,6.085625005653128
1790389732.414103,26.421928982017562
1790389732.4286091,2.3926360008772463
1790389732.4353652,2.2578219941351563
1790389732.443932,2.942233986686915
1790389732.4574823,1.6684599977452308
1790389732.4578958,1.3434299908112735
1790389732.4929187,6.498333998024464
1790389732.492993,21.033516997704282
1790389732.4932396,2.9804710065945983
1790389732.4991696,1.505481981439516
1790389732.499236,2.073019975796342
1790389732.5239863,2.1761950047221035
1790389732.5447817,2.030219999141991
1790389732.5453377,1.5241240034811199
1790389732.5470545,1.1695619905367494
1790389732.5654225,1.8165379879064858
1790389732.5866597,2.047982008662075
1790389732.6067064,1.8355959909968078
1790389732.618652,2.4458940024487674
1790389732.6309047,2.044820983428508
1790389732.6405122,1.668329001404345
1790389732.6705174,1.942956994753331
1790389732.6716423,2.0051319734193385
1790389732.6726477,1.8765750282909721
1790389732.7039485,15.784004994202405
1790389732.7043734,21.365951019106433
1790389732.7047753,17.065146006643772
1790389732.7052686,14.041284011909738
1790389732.7053523,9.867761022178456
1790389732.7080402,1.393569982610643
1790389732.7266462,1.4333580038510263
1790389732.747113,19.63388701551594
1790389732.7500656,1.5927350032143295
1790389732.7531059,1.205810985993594
1790389732.7701678,1.636533997952938
1790389732.774164,1.3759679859504104
1790389732.7793412,1.2994729913771152
1790389732.7834375,1.1809080024249852
1790389732.78563,1.0752870002761483
1790389732.7957382,1.6341939917765558
1790389732.806824,1.716571016004309
1790389732.8370512,14.104383997619152
1790389732.837153,15.316206001443788
1790389732.837216,23.33669099607505
1790389732.8374603,5.200687010074034
1790389732.8526645,1.5154909924603999
1790389732.9057405,21.23305297573097
1790389732.9074817,1.5019699931144714
1790389732.9295251,20.59536799788475
1790389732.929621,21.485075005330145
1790389732.930271,16.92395901773125
1790389732.9303355,2.2905530058778822
1790389732.9482334,1.7229749937541783
1790389733.031677,2.213472005678341
1790389733.0437791,1.5426750178448856
1790389733.066255,1.8036770052276552
1790389733.0739942,1.81947200326249
1790389733.0840893,1.498939993325621
1790389733.087463,1.3207510055508465
1790389733.113355,21.814392996020615
1790389733.1135223,9.264794003684074
1790389733.1139226,5.782710009953007
1790389733.1183627,1.3733020168729126
1790389733.122506,1.195660006487742
1790389733.144318,2.022476983256638
1790389733.191476,39.60402600932866
1790389733.1916053,35.056046006502584
1790389733.191679,30.680637020850554
1790389733.2058454,2.0118810061831027
1790389733.2134619,1.2998419988434762
1790389733.2152228,1.5355890209320933
1790389733.2385328,1.6457419842481613
1790389733.2626503,13.590255985036492
1790389733.2629254,23.23185998830013
1790389733.2630444,12.859790993388742
1790389733.294156,1.7741050105541945
1790389733.3029208,1.3091610162518919
1790389733.3169634,1.6944500093813986
1790389733.3490658,24.0023480146192
1790389733.3494332,14.216010982636362
1790389733.3595996,1.7711760010570288
1790389733.3610368,1.322237978456542
1790389733.3703876,1.4898820081725717
1790389733.3743489,1.8590399995446205
1790389733.374805,1.342836010735482
1790389733.3826706,1.4932560152374208
1790389733.385238,1.2787700106855482
1790389733.3969555,1.6146569978445768
1790389733.4052608,1.408712996635586
1790389733.4146476,1.4897840155754238
1790389733.4165077,1.4676330029033124
1790389733.4248726,2.1232790022622794
1790389733.4553792,1.6418870072811842
1790389733.4805844,1.8414210062474012
1790389733.5076501,15.625442989403382
1790389733.5083997,22.79471600195393
1790389733.5091436,10.454752016812563
1790389733.5092845,10.022697999374941
1790389733.509722,5.347867001546547
1790389733.5167146,2.098041004501283
1790389733.548314,1.8219490011688322
1790389733.5572267,7.193583995103836
1790389733.5962982,45.80615702434443
1790389733.6072602,54.98470098245889
1790389733.6223297,68.84824301232584
1790389733.633499,71.07611899846233
1790389733.6337516,70.20875599118881
1790389733.6599727,90.0371590105351
1790389733.660335,88.18508801050484
1790389733.6604493,77.24189801956527
1790389733.6610713,82.24180800607428
1790389733.6615024,45.68467100034468
1790389733.662234,44.44125201553106
1790389733.6630726,22.06279299571179
1790389733.663206,38.65314502036199
1790389733.6632774,12.00409300508909
1790389733.6919186,23.6081620096229
1790389733.6920094,4.432840010849759
1790389733.6965637,1.4116540260147303
1790389733.6992729,1.3462140050251037
1790389733.7104077,2.2865390055812895
1790389733.710829,1.9881899934262037
1790389733.7340631,24.677588982740417
1790389733.734381,13.105192017974332
1790389733.7609067,22.67033699899912
1790389733.7615714,8.731176989385858
1790389733.7617345,9.989020007196814
1790389733.7680976,1.224421022925526
1790389733.777875,2.6498349907342345
1790389733.777955,2.146365004591644
1790389733.7994237,20.266659004846588
1790389733.8026922,1.9894279830623418
1790389733.8027828,219.9528359924443
1790389733.806065,1.3498129846993834
1790389733.8095484,1.3745079922955483
1790389733.8107553,1.1985869787167758
1790389733.8131807,1.3360459997784346
1790389733.8272927,1.6166290151886642
1790389733.8559349,21.0794500017073
1790389733.8559995,7.4688530003186315
1790389733.8684027,1.4950910117477179
1790389733.8790114,1.3354569964576513
1790389733.8986077,2.602934982860461
1790389733.9316583,22.87158599938266
1790389733.9317904,22.35185299650766
1790389733.950528,2.06302001606673
1790389733.9578278,2.252948994282633
1790389733.961223,1.962729002116248
1790389733.9944603,1.8778329831548035
1790389734.0229986,22.306886996375397
1790389734.0259292,2.0410959841683507
1790389734.033462,2.5617509963922203
1790389734.0355425,2.0684319897554815
1790389734.0365124,1.8105230119545013
1790389734.0557408,2.1541329915635288
1790389734.09163,15.141203999519348
1790389734.0917332,4.49410401051864
1790389734.0918083,28.03885700996034
1790389734.123279,24.635431997012347
1790389734.1234136,4.4169200118631124
1790389734.1235008,21.918652986641973
1790389734.1573918,2.4181000189855695
1790389734.1605682,1.3982620148453861
1790389734.1901429,9.605059982277453
1790389734.1902852,22.916567977517843
1790389734.1911538,24.894845992093906
1790389734.1912603,6.130917987320572
1790389734.1963732,1.9263270078226924
1790389734.203897,1.7220049921888858
1790389734.224063,2.303138986462727
1790389734.238097,2.204973978223279
1790389734.2627485,2.305381989572197
1790389734.2756927,1.6906920063775033
1790389734.2894874,1.9444310164544731
1790389734.3192778,21.08014200348407
1790389734.3196547,7.1276689996011555
1790389734.3207335,6.460995995439589
1790389734.325756,10.613335995003581
1790389734.3408837,24.20890802750364
1790389734.3409457,24.710263998713344
1790389734.3417127,22.046118014259264
1790389734.3451104,1.3178189983591437
1790389734.362863,1.5996299916878343
1790389734.3645473,1.1690670216921717
1790389734.3968623,1.760875020409003
1790389734.4201016,21.2002879998181
1790389734.4243617,1.3597359939012676
1790389734.4487417,1.584357989486307
1790389734.4538765,1.2686490081250668
1790389734.4636283,1.7974719812627882
1790389734.4655988,1.2142400082666427
1790389734.4994833,1.909893995616585
1790389734.5046313,1.4414089964702725
1790389734.5223598,3.5902810050174594
1790389734.522489,3.6261240020394325
1790389734.5238729,1.2448900088202208
1790389734.528042,2.9310190002433956
1790389734.5281248,2.6219600113108754
1790389734.5283756,2.2172089957166463
1790389734.541342,1.689969009021297
1790389734.5754693,20.834916998865083
1790389734.5757408,17.006159003358334
1790389734.586006,23.995556985028088
1790389734.5958877,28.94232200924307
1790389734.5962975,27.7168300235644
1790389734.596955,27.25411200663075
1790389734.5973103,6.7965830094181
1790389734.6131265,1006.5955930040218
1790389734.6132605,1020.4593380040023
1790389734.6133616,1013.1425659928937
1790389734.6304488,1.7805070092435926
1790389734.6317945,1.3350319932214916
1790389734.659835,20.077983994269744
1790389734.6599085,22.47193900984712
1790389734.6604068,21.203655982390046
1790389734.6611996,11.676613008603454
1790389734.6613173,7.967737998114899
1790389734.6904051,21.32743102265522
1790389734.701597,2.306765003595501
1790389734.7220864,2.131310000550002
1790389734.7239552,1.567920990055427
1790389734.7282073,2.2135050094220787
1790389734.728999,1.7428189748898149
1790389734.738888,2.273228979902342
1790389734.7389512,1.6968599811661988
1790389734.7927632,40.80395799246617
1790389734.7929235,36.3075339992065
1790389734.7932067,22.445331007475033
1790389734.79327,10.20885500474833
1790389734.8155704,1.5574480057694018
1790389734.824809,1.42366299405694
1790389734.8684237,31.498240976361558
1790389734.877564,30.70324199507013
1790389734.87783,20.773872995050624
1790389734.8781986,20.155030011665076
1790389734.8976207,34.8443110124208
1790389734.8978643,13.455690001137555
1790389734.8985744,9.203568013617769
1790389734.8987434,8.753129979595542
1790389734.8989773,7.790055999066681
1790389734.9068203,1.5341980033554137
1790389734.9134188,1.3310569920577109
1790389734.9373136,1.9937879987992346
1790389734.9397647,1.4943349815439433
1790389734.962977,3.6549869982991368
1790389734.9724634,1.5799679968040437
1790389734.9961827,1.6471729904878885
1790389735.0070498,2.381126018008217
1790389735.0132282,1.618254987988621
1790389735.0233455,1.7560440173838288
1790389735.0291705,1.3720740098506212
1790389735.068793,2.4424299772363156
1790389735.075535,2.892815013183281
1790389735.0756023,3.483250009594485
1790389735.076361,3.2214010134339333
1790389735.0999477,12.616568012163043
1790389735.1000173,20.834294002270326
1790389735.1221545,20.322831987868994
1790389735.1427686,1.6860890027601272
1790389735.1687021,21.383893996244296
1790389735.1690764,22.81834199675359
1790389735.1928775,23.018744017463177
1790389735.1931562,21.710876986617222
1790389735.2033958,24.815295008011162
1790389735.212342,24.08076700521633
1790389735.2134356,23.301724024349824
1790389735.2135847,8.508431987138465
1790389735.2141073,4.762997006764635
1790389735.2347033,14.596190012525767
1790389735.2446647,26.860988000407815
1790389735.2497547,19.309702009195462
1790389735.2594683,22.826909000286832
1790389735.2604282,3.663072013296187
1790389735.2604887,14.639398985309526
1790389735.2827,14.861374977044761
1790389735.293383,31.484736973652616
1790389735.2934842,14.212404988938943
1790389735.304568,22.924980003153905
1790389735.304899,21.87527500791475
1790389735.3049686,25.01154801575467
1790389735.3144894,1.4615789987146854
1790389735.3421712,2.3411900037899613
1790389735.3440254,1.5599119942635298
1790389735.3445237,1.489198999479413
1790389735.364168,3.064860007725656
1790389735.375606,1.4475579955615103
1790389735.4401724,1.6940240166150033
1790389735.4421413,1.8201259954366833
1790389735.4483075,1.2897890119347721
1790389735.4570322,1.6460609913337976
1790389735.464252,1.2908070057164878
1790389735.4699867,2.374808012973517
1790389735.4717295,1.7212670063599944
1790389735.48504,2.6348399987909943
1790389735.4858766,1.8343240080866963
1790389735.488174,1.1219879961572587
1790389735.4933395,2.114570001140237
1790389735.4946046,2.558567008236423
1790389735.4946682,1.9356870034243912
1790389735.517154,12.163478008005768
1790389735.5366108,40.72497002198361
1790389735.5367053,21.145742008229718
1790389735.5672126,25.900451000779867
1790389735.604218,40.83612700924277
1790389735.6044486,51.38762999558821
1790389735.6050768,40.27641797438264
1790389735.6060786,18.913447012891993
1790389735.606532,13.413540000328794
1790389735.6065931,45.633219997398555
1790389735.6066592,21.646297973347828
1790389735.642947,22.58358200197108
1790389735.6430383,19.911478011636063
1790389735.6434314,20.75273700756952
1790389735.6435277,11.77706100861542
1790389735.6594384,14.63540201075375
1790389735.6630566,28.892186004668474
1790389735.6637754,12.716747005470097
1790389735.6642323,2.4826070002745837
1790389735.670804,1.502755010733381
1790389735.670878,2.0634780230466276
1790389735.673971,1.4700519968755543
1790389735.7085264,12.204356986330822
1790389735.7086146,20.77629999257624
1790389735.7401345,1.9412580004427582
1790389735.7424798,1.4958559768274426
1790389735.7489424,2.2548749984707683
1790389735.7688231,20.788568013813347
1790389735.769165,13.413131993729621
1790389735.769261,3.8388420070987195
1790389735.8125553,34.27748699323274
1790389735.8314226,54.334115993697196
1790389735.8365285,60.457174986368045
1790389735.8567753,62.26827000500634
1790389735.8727264,70.81819299492054
1790389735.8730652,70.55025300360285
1790389735.8779166,64.32092597242445
1790389735.8979454,92.38318499410525
1790389735.8996189,83.84470600867644
1790389735.89969,36.48357599740848
1790389735.9006915,38.05730800377205
1790389735.9011102,33.84513402124867
1790389735.9012098,30.7430170068983
1790389735.9021597,24.22966400627047
1790389735.9028096,4.265641997335479
1790389735.9029005,7.194881996838376
1790389735.9036183,1.2821079872082919
1790389735.9318128,1.9996929913759232
1790389735.942972,1.5148480015341192
1790389735.9734201,2.011839998885989
1790389735.9789526,1.6929660050664097
1790389735.990012,1.7171820218209177
1790389736.0042505,1.5992139815352857
1790389736.0088432,1.352026010863483
1790389736.0099626,1.1110950144939125
1790389736.0289986,2.3031099990475923
1790389736.0346103,1.326210011029616
1790389736.0933876,3.2705139892641455
1790389736.136893,3.1175029871519655
1790389736.1435122,1.5126100042834878
1790389736.1539261,1.6560020158067346
1790389736.1551778,1.2426759931258857
1790389736.1963913,27.34272598172538
1790389736.2123027,32.35080200829543
1790389736.2126455,24.96038199751638
1790389736.2127845,11.804521986050531
1790389736.2141242,1.9184639968443662
1790389736.2209058,1.2988840171601623
1790389736.2244427,1.277739997021854
1790389736.277437,3.175666992319748
1790389736.277779,4.487201978918165
1790389736.278553,3.3501700090710074
1790389736.3025048,2.291426993906498
1790389736.3490467,23.401525017106906
1790389736.3491366,20.467382011702284
1790389736.3699372,19.86362400930375
1790389736.3700166,20.774339995114133
1790389736.3750165,1.5232650039251894
1790389736.4022586,2.6542609848547727
1790389736.4241889,1.9397949799895287
1790389736.4320683,1.8444969900883734
1790389736.4451609,3.2143839925993234
1790389736.4455407,2.705827006138861
1790389736.453681,3.2905990083236247
1790389736.4539797,2.383768995059654
1790389736.464641,1.5031200018711388
1790389736.4703193,1.4847790007479489
1790389736.472578,1.2268289865460247
1790389736.4895563,2.7280719950795174
1790389736.4901407,1.509634021203965
1790389736.4976408,1.485428016167134
1790389736.504345,1.804380997782573
1790389736.5115771,1.7875860212370753
1790389736.5252497,2.0588079933077097
1790389736.5317698,1.9446929800324142
1790389736.5601563,2.2212280018720776
1790389736.5644298,1.5878169797360897
1790389736.6123872,18.639401998370886
1790389736.6219857,28.119772003265098
1790389736.66265,45.782870991388336
1790389736.67171,57.41970898816362
1790389736.6718426,64.52858698321506
1790389736.6779811,41.97737600770779
1790389736.679113,11.448388977441937
1790389736.6794765,60.36849299562164
1790389736.6804338,7.9914830275811255
1790389736.6805184,7.532118994276971
1790389736.680581,10.943825007416308
1790389736.6846638,1.5096339921001345
1790389736.6870987,1.3717100082430989
1790389736.6980004,2.8804510075133294
1790389736.698099,3.902877011569217
1790389736.7076974,2.750043000560254
1790389736.7110207,2.3873180034570396
1790389736.7238164,1.7669579829089344
1790389736.7255187,1.35520999901928
1790389736.7319272,1.6200730169657618
1790389736.742699,2.4625080113764852
1790389736.7474072,1.563378027640283
1790389736.7627368,2.005367015954107
1790389736.7661412,1.5127090155147016
1790389736.768659,1.6120420186780393
1790389736.7938824,26.251818984746933
1790389736.793952,7.320538017665967
1790389736.7940269,25.13044301304035
1790389736.8233614,2.037566009676084
1790389736.8558784,17.345651984214783
1790389736.855945,21.758568997029215
1790389736.8711884,1.5590969996992499
1790389736.8796773,2.1923639869783074
1790389736.9053724,21.097504999488592
1790389736.9070594,18.880887975683436
1790389736.9072535,24.794175988063216
1790389736.9075854,6.428403983591124
1790389736.908064,5.569064000155777
1790389736.9243062,1.8621879862621427
1790389736.9261124,1.7963589925784618
1790389736.9267602,1.8587270169518888
1790389736.9275415,2.2348579950630665
1790389736.9466598,2.8774410020560026
1790389736.9954965,39.73946601036005
1790389736.9956052,38.310917996568605
1790389737.0127842,54.473478987347335
1790389737.0238066,53.46009900677018
1790389737.0242796,44.5746369950939
1790389737.0243592,55.234338011359796
1790389737.0346632,23.587020026752725
1790389737.0534492,22.872202011058107
1790389737.0587447,38.566303002880886
1790389737.0682447,35.80021800007671
1790389737.0683544,24.875790026271716
1790389737.072674,1.3625400024466217
1790389737.079526,1.3175639905966818
1790389737.088345,2.245743991807103
1790389737.0888622,1.4357510081026703
1790389737.0967922,2.4035440001171082
1790389737.097445,3.6014460201840848
1790389737.0975068,2.5398519937880337
1790389737.131981,1.775862998329103
1790389737.1492589,2.0603910088539124
1790389737.175847,2.1675470052286983
1790389737.2051897,20.944406976923347
1790389737.229339,2.16440501390025
1790389737.2396402,2.019189007114619
1790389737.2819104,2.5645069836173207
1790389737.2825274,1.610042992979288
1790389737.298665,1.762483996571973
1790389737.3052013,1.5080829907674342
1790389737.3166919,1.6469100082758814
1790389737.3216732,1.6056380118243396
1790389737.3469508,1.8380760157015175
1790389737.3471675,2.6096289802808315
1790389737.3494573,1.2747140135616064
1790389737.3556385,1.4808349951636046
1790389737.3780682,1.7746379890013486
1790389737.4017177,1.9402829930186272
1790389737.4105945,2.150596003048122
1790389737.4109304,1.8118339939974248
1790389737.4117785,2.120349003234878
1790389737.4170892,1.263512996956706
1790389737.449349,11.3500660227146
1790389737.4498556,24.678646004758775
1790389737.4502945,4.01217897888273
1790389737.45043,4.7122950199991465
1790389737.4731307,1.8174019933212548
1790389737.5031607,22.12282898835838
1790389737.5038052,23.54260502033867
1790389737.5038848,8.650006988318637
1790389737.5177982,1.7317729943897575
1790389737.5197122,1.4533379871863872
1790389737.521806,1.2675680045504123
1790389737.5403385,1.9620370003394783
1790389737.5470488,1.6377999854739755
1790389737.5723023,6.137090997071937
1790389737.5724382,23.95931602222845
1790389737.572596,13.968889019452035
1790389737.5750031,1.5168739773798734
1790389737.5840259,1.6542660014238209
1790389737.6130052,1.9618119986262172
1790389737.6469855,1.7470700258854777
1790389737.652412,1.439313986338675
1790389737.672239,19.6631709986832
1790389737.7339568,39.19729599147104
1790389737.763029,50.333452003542334
1790389737.763387,54.65751301380806
1790389737.7637448,39.7611900116317
1790389737.7638128,2.385330997640267
1790389737.7717178,1.344972028164193
1790389737.8224401,35.377179010538384
1790389737.8295097,43.572480004513636
1790389737.8299189,45.751068013487384
1790389737.8304873,30.205129005480558
1790389737.8356605,26.245284010656178
1790389737.8909686,72.42309700814076
1790389737.9120643,81.52487501502037
1790389737.9121387,86.10804000636563
1790389737.9177597,66.99963301070966
1790389737.9197176,59.336417994927615
1790389737.9197922,86.76718198694289
1790389737.920391,42.669566988479346
1790389737.9218686,40.36196801462211
1790389737.9220073,37.118312990060076
1790389737.9333875,44.237713009351864
1790389737.9335535,37.73224100586958
1790389737.9463046,13.661335979122669
1790389737.9469962,28.57638700515963
1790389737.9470859,5.279719014652073
1790389737.9646113,1.716901984764263
1790389737.9976697,24.947572994278744
1790389737.9977455,14.6099999838043
1790389737.9978082,7.2698830044828355
1790389738.0026634,1.4080939872656018
1790389738.003222,1.3711880019400269
1790389738.0249896,1.7604139866307378
1790389738.032337,1.8653959850780666
1790389738.040622,1.9642130064312369
1790389738.0407028,2.5325439928565174
1790389738.0459569,1.469401002395898
1790389738.048161,1.2628020194824785
1790389738.0564427,1.5240820066537708
1790389738.0599394,1.3236470113042742
1790389738.084733,14.497006020974368
1790389738.085391,23.113903997000307
1790389738.0856311,8.94198301830329
1790389738.0859275,7.308802014449611
1790389738.0969229,1.601997995749116
1790389738.1112711,1.8571789842098951
1790389738.1492312,2.177118993131444
1790389738.151879,1.513517985586077
1790389738.1871665,4.3756360246334225
1790389738.1872635,25.124804000370204
1790389738.1901166,2.27246101712808
1790389738.1902602,1.9374739786144346
1790389738.212536,2.0481349783949554
1790389738.2308695,18.230927002150565
1790389738.2363327,22.495727986097336
1790389738.2378225,24.563712009694427
1790389738.238498,15.730515005998313
1790389738.246048,1.6248370229732245
1790389738.248396,1.4193000097293407
1790389738.2539568,1.6076850006356835
1790389738.2551403,1.1748539982363582
1790389738.2645135,1.6318910056725144
1790389738.2889564,17.20712400856428
1790389738.2894104,23.769642983097583
1790389738.2900472,15.147817000979558
1790389738.2901714,6.597620988031849
1790389738.2913113,4.24585398286581
1790389738.2913966,6.848012999398634
1790389738.3308582,23.822299001039937
1790389738.3359945,32.49967598821968
1790389738.3584945,26.176365005085245
1790389738.3687384,44.90075900685042
1790389738.368903,33.82340699317865
1790389738.3699489,8.12118302565068
1790389738.3700175,14.86955297878012
1790389738.4090598,28.942854987690225
1790389738.4276927,34.826752002118155
1790389738.4287815,33.803233003709465
1790389738.429111,49.87026200979017
1790389738.4295194,31.944572983775288
1790389738.4402122,45.85616401163861
1790389738.445783,34.429139021085575
1790389738.4798765,54.7507329902146
1790389738.485024,84.4706500065513
1790389738.4944243,67.4843369924929
1790389738.4945016,59.51681899023242
1790389738.4952447,23.250475991517305
1790389738.4953258,32.344717998057604
1790389738.5085223,1.9663969869725406
1790389738.5498354,24.642846023198217
1790389738.5633724,2.05111998366192
1790389738.568679,2.380374993663281
1790389738.5694745,1.5889829955995083
1790389738.602322,21.602387976599857
1790389738.6030145,18.431100994348526
1790389738.6030886,17.896131001180038
1790389738.6198382,1.830077002523467
1790389738.6256528,1.8981730099767447
1790389738.6264932,1.543074002256617
1790389738.629963,1.3604960113298148
1790389738.6458812,1.7220779845956713
1790389738.6693895,20.057318004546687
1790389738.6709638,19.24099199823104
1790389738.6718268,15.788993012392893
1790389738.6724808,12.131171009968966
1790389738.6727676,12.897128995973617
1790389738.6728253,25.82140499725938
1790389738.674797,1.2871979852207005
1790389738.6767144,1.2817590031772852
1790389738.6802013,1.3972430024296045
1790389738.7128978,13.003121013753116
1790389738.712998,14.669171010609716
1790389738.7190914,24.11787398159504
1790389738.7195628,16.819103999296203
1790389738.720144,5.615672998828813
1790389738.7202046,3.8625489978585392
1790389738.7412446,19.726108002942055
1790389738.7431176,1.450338022550568
1790389738.7474961,1.2945030175615102
1790389738.7580848,1.515124982688576
1790389738.7731013,2.2334320237860084
1790389738.79652,19.126264000078663
1790389738.7988636,24.506793008185923
1790389738.805071,1.7495719948783517
1790389738.8281353,17.40937799331732
1790389738.8367345,20.96550300484523
1790389738.8368628,26.620735006872565
1790389738.8369427,11.570100992685184
1790389738.8387558,1.3516100007109344
1790389738.8850577,21.67178998934105
1790389738.885145,27.574329025810584
1790389738.9316485,44.88875900278799
1790389738.9326181,44.21320999972522
1790389738.9327936,68.67725698975846
1790389738.9328809,42.66872099833563
1790389738.9345684,31.95585700450465
1790389738.935678,23.21444998960942
1790389738.9357944,8.843653020448983
1790389738.9786627,1081.4565249893349
1790389739.010197,77.15111499419436
1790389739.0166454,58.71149100130424
1790389739.031665,96.90850900369696
1790389739.0321941,79.96947801439092
1790389739.0327027,67.72745802300051
1790389739.0329602,72.11809800355695
1790389739.0343058,62.16732002212666
1790389739.0344112,40.28456800733693
1790389739.0345814,33.827740990091115
1790389739.0355692,33.95467597874813
1790389739.0357895,29.800668999087065
1790389739.0361292,20.514793985057622
1790389739.0545592,2.660641010152176
1790389739.0652194,2.212054008850828
1790389739.0739207,2.602917025797069
1790389739.0871685,2.837574982549995
1790389739.0878868,1.9110589928459376
1790389739.0901537,1.8375889922026545
1790389739.1199052,1.7113299982156605
1790389739.1518128,25.914990983437747
1790389739.1777368,43.234705983195454
1790389739.1826732,53.609846014296636
1790389739.1899004,46.49114000494592
1790389739.1910472,29.878585977712646
1790389739.1916246,48.93002400058322
1790389739.1919317,30.21019499283284
1790389739.1925187,6.236746994545683
1790389739.192583,29.085927992127836
1790389739.2186525,20.533164002699777
1790389739.2283168,2.3142849968280643
1790389739.259101,2.3614689998794347
1790389739.2595835,1.5734290063846856
1790389739.2792604,2.122006000718102
1790389739.2818823,1.4708700182382017
1790389739.3026335,2.051468996796757
1790389739.310581,1.8364140123594552
1790389739.314188,1.3376150163821876
1790389739.3242977,1.5231739962473512
1790389739.3258636,1.2125379871577024
1790389739.3534763,1.8833659996744245
1790389739.3788352,2.669076027814299
1790389739.3789911,2.408258995274082
1790389739.3791342,3.5988550225738436
1790389739.3993304,1.8899269925896078
1790389739.4115744,1.830866007367149
1790389739.4135427,1.3539460196625441
1790389739.4313447,2.2238910023588687
1790389739.4327538,2.3244819894898683
1790389739.4328358,2.929105015937239
1790389739.4710493,2.23616897710599
1790389739.4719596,1.683829992543906
1790389739.483717,1.960374996997416
1790389739.4845445,1.6512940055690706
1790389739.5075276,15.598500001942739
1790389739.508616,23.831957019865513
1790389739.5089853,7.329765008762479
1790389739.5095282,3.4377049887552857
1790389739.5096138,5.813994008349255
1790389739.5270858,1.7387480183970183
1790389739.5520282,24.01868099696003
1790389739.5557578,1.7058050143532455
1790389739.5667741,1.7614190001040697
1790389739.5769823,1.7151319771073759
1790389739.581545,2.045116008957848
1790389739.5816174,2.625636989250779
1790389739.583133,1.29945800290443
1790389739.6004686,1.646429009269923
1790389739.6115887,1.594162022229284
1790389739.6186957,1.5020270075183362
1790389739.6334946,1.7656080017331988
1790389739.63743,1.2803920253645629
1790389739.6413288,1.4095400110818446
1790389739.6452794,1.5252619923558086
1790389739.6504426,1.3643080019392073
1790389739.6784096,2.5244129938073456
1790389739.6786673,1.898681017337367
1790389739.7493253,8.419326011789963
1790389739.7497058,22.976933018071577
1790389739.7528496,1.3453429855871946
1790389739.7681446,1.7582440050318837
1790389739.7729805,1.5512499958276749
1790389739.7800612,1.830116001656279
1790389739.8030672,2.1352219919208437
1790389739.8259883,22.046947007765993
1790389739.826094,13.827674003550783
1790389739.8261843,8.44641201547347
1790389739.838066,1.6273559886030853
1790389739.840117,1.488645008066669
1790389739.8526793,2.041903993813321
1790389739.8891358,23.600309999892488
1790389739.8894906,17.5178220088128
1790389739.8900962,17.3471340094693
1790389739.8916287,1.6722089785616845
1790389739.8981235,2.230685990070924
1790389739.8991573,1.8965649942401797
1790389739.906316,1.3244120054878294
1790389739.910924,2.6005539984907955
1790389739.9110203,2.056807017652318
1790389739.9124193,1.2294049956835806
1790389739.915354,1.323485979810357
1790389739.9169455,1.5828940086066723
1790389739.9390764,20.550320972688496
1790389739.9397013,18.3261510101147
1790389739.940607,13.568622001912445
1790389739.9408264,24.58186200237833
1790389739.9409094,5.030091997468844
1790389739.9534018,1.7194539832416922
1790389740.010088,22.98977700411342
1790389740.015798,1.5805739967618138
1790389740.0331063,2.8925759834237397
1790389740.033191,2.4263879749923944
1790389740.0422866,1.7976139788515866
1790389740.050191,1.5748830046504736
1790389740.0522761,1034.131233987864
1790389740.0669959,1.6290819912683219
1790389740.0697732,1.361895992886275
1790389740.0871987,1.9038119935430586
1790389740.1190286,2.6918340008705854
1790389740.119995,1.4894180058036
1790389740.1452508,1.9355039985384792
1790389740.1466093,2.120043005561456
1790389740.148567,2.92699399869889
1790389740.174784,26.87610298744403
1790389740.1748986,24.507578986231238
1790389740.1750145,17.55775499623269
1790389740.177981,1.622784009668976
1790389740.2155674,14.342012000270188
1790389740.2156568,22.978862980380654
1790389740.215776,13.465151976561174
1790389740.2239125,1.575659989612177
1790389740.2328546,2.4702619994059205
1790389740.2329323,3.0165839998517185
1790389740.2348282,1.161956024589017
1790389740.2503731,2.621694002300501
1790389740.2504692,2.2215149947442114
1790389740.2508612,1.8601820047479123
1790389740.2579756,1.5699840150773525
1790389740.2743678,2.763861994026229
1790389740.2744248,2.293485013069585
1790389740.2865405,1.5723970136605203
1790389740.2962742,1.9271250057499856
1790389740.3180628,1.6584690019953996
1790389740.319668,1.3718570116907358
1790389740.3445566,12.804944009985775
1790389740.344631,20.810815010918304
1790389740.3649387,1.6469509864691645
1790389740.371547,1.8962969770655036
1790389740.3838837,1.751875999616459
1790389740.386174,1.4104869915172458
1790389740.391835,2.2233840136323124
1790389740.3918889,1.7534930084366351
1790389740.4349484,24.425244017038494
1790389740.4350276,7.128953002393246
1790389740.4561014,18.608434009365737
1790389740.4567175,21.27441400079988
1790389740.4568017,18.736666010227054
1790389740.4576397,14.135403005639091
1790389740.4577196,15.29589100391604
1790389740.4660635,1.7746709927450866
1790389740.468631,1.3426709920167923
1790389740.4928274,2.067263994831592
1790389740.4978676,1.6165499982889742
1790389740.5017428,1.7652630049269646
1790389740.509773,1.5887320041656494
1790389740.5138466,1.47678900975734
1790389740.514281,1.3633800263050944
1790389740.5308368,1.7679110169410706
1790389740.5877604,23.517071007518098
1790389740.5883443,6.951871997443959
1790389740.5988674,1.8242750084027648
1790389740.6032908,1.4590919890906662
1790389740.6170197,1.978418993530795
1790389740.6627696,4.4565639982465655
1790389740.6628447,30.689960025483742
1790389740.6831388,2.3021989909466356
1790389740.7060387,1.9896610174328089
1790389740.7156413,2.149652980733663
1790389740.7164154,2.4224200169555843
1790389740.717313,1.6611720202490687
1790389740.7289126,2.132527995854616
1790389740.7303655,1.3269759947434068
1790389740.7511961,2.1433049987535924
1790389740.7531166,1.8223010119982064
1790389740.780258,27.785671991296113
1790389740.8229373,51.94159899838269
1790389740.823681,27.546619006898254
1790389740.8241854,41.54683998785913
1790389740.8244865,10.059580992674455
1790389740.8245673,23.821853013942018
1790389740.8297887,2.008707990171388
1790389740.8505023,14.992198994150385
1790389740.856456,17.670475994236767
1790389740.8589423,25.95799000118859
1790389740.8941107,10.082090011565015
1790389740.8942294,25.108570989686996
1790389740.895153,1.8627370009198785
1790389740.9011192,1.550847984617576
1790389740.962928,53.679106989875436
1790389740.9640443,36.483117000898346
1790389740.9643888,28.019086981657892
1790389740.9649014,29.418055986752734
1790389740.9657533,28.389814018737525
1790389740.9669104,27.01379099744372
1790389740.966996,27.98419800819829
1790389740.9674196,9.858367993729189
1790389740.9703856,1.3838130107615143
1790389741.0075734,13.81174399284646
1790389741.007658,24.62361301877536
1790389741.0110164,1.495030999649316
1790389741.0531263,38.15418400336057
1790389741.0590453,24.390689010033384
1790389741.0596833,41.948575992137194
1790389741.0604093,24.801347026368603
1790389741.060482,10.474483016878366
1790389741.0883226,2.0571470085997134
1790389741.0947013,1.7470979946665466
1790389741.1532826,1.810939982533455
1790389741.1560125,1.462407992221415
1790389741.1631625,1.7771910061128438
1790389741.1882567,20.51923898397945
1790389741.189174,19.773370993789285
1790389741.1898422,25.419459998374805
1790389741.189978,15.808961994480342
1790389741.1900368,15.031512011773884
1790389741.2271774,1.7669750086497515
1790389741.2426047,2.0891239983029664
1790389741.2764623,1.993301004404202
1790389741.285964,2.238378016045317
1790389741.2865357,1.530862005893141
1790389741.2966166,1.8715819751378149
1790389741.3234148,1.8668379925657064
1790389741.3252134,1.3138779904693365
1790389741.3347332,1.7642340098973364
1790389741.3556592,1.7243339971173555
1790389741.3633354,1.8701079825405031
1790389741.4272456,1.772170013282448
1790389741.4292011,1.4138330006971955
1790389741.4460971,1.8891259969677776
1790389741.4631352,2.0123239955864847
1790389741.4678783,1.6708059993106872
1790389741.468728,1.7060080135706812
1790389743.7677557,1.9148220017086715
1790389743.7799852,1.7798249900806695
1790389743.798937,1.947112992638722
1790389743.8037932,1.579014991875738
1790389743.8106716,1.7140549898613244
1790389743.8332694,2.819279005052522
1790389743.834445,1.736667996738106
1790389743.8347058,2.8361879813019186
1790389743.855517,12.922941998112947
1790389743.8654287,17.394311988027766
1790389743.8655853,27.551050996407866
1790389743.8656676,7.713242986937985
1790389743.8790581,1.612758991541341
1790389743.8889003,1.7968130123335868
1790389743.893738,1.4104120200499892
1790389743.9043653,1.940118003403768
1790389743.9082208,1.3620560057461262
1790389743.9151297,1.7497700173407793
1790389743.9543478,2.071861003059894
1790389743.9587026,1.8765880085993558
1790389743.9802907,2.1185569930821657
1790389743.9851282,1.6938219778239727
1790389744.040834,40.053202013950795
1790389744.0462584,37.720460997661576
1790389744.0487185,32.22111699869856
1790389744.0492413,29.480887984391302
1790389744.0498815,35.22917800000869
1790389744.0499527,10.656554979505017
1790389744.0619605,1.6748180205468088
1790389744.0818381,1.9512849976308644
1790389744.1074936,18.41420101118274
1790389744.107608,24.538444995414466
1790389744.1085486,1.5924079925753176
1790389744.133835,23.09953499934636
1790389744.1385663,1.8462560256011784
1790389744.1615705,1.9122009980492294
1790389744.1741626,1.794580020941794
1790389744.178105,1.7675009730737656
1790389744.1788793,1.6205520078074187
1790389744.180293,1.1930289911106229
1790389744.1892252,2.5383890024386346
1790389744.2151437,1.9018700113520026
1790389744.2171257,1.4905210118740797
1790389744.2242787,1.713695004582405
1790389744.2713964,23.715180985163897
1790389744.2714942,19.978955999249592
1790389744.2961664,18.422245018882677
1790389744.2965007,24.65227199718356
1790389744.2965994,14.405191992409527
1790389744.3193429,1.8440819985698909
1790389744.341761,1.7923630075529218
1790389744.345307,1.4897290093358606
1790389744.349923,1.4938089880160987
1790389744.3619058,1.644193020183593
1790389744.4080055,39.97588198399171
1790389744.408098,24.318509007571265
1790389744.4188852,55.71333802072331
1790389744.4339783,62.167527998099104
1790389744.4349678,47.44558400125243
1790389744.4353867,45.30739100300707
1790389744.436121,38.156831986270845
1790389744.4364023,35.37327199592255
1790389744.4367273,34.74099200684577
1790389744.462263,1.9919359765481204
1790389744.4670856,1.7385850078426301
1790389744.4740965,2.59143699076958
1790389744.4741676,1.9986809929832816
1790389744.4815533,1.4696840080432594
1790389744.4953392,2.3836469918023795
1790389744.501542,1.7579770064912736
1790389744.5079727,1.385279989335686
1790389744.51286,1.6826000064611435
1790389744.5147128,1.24696601415053
1790389744.519973,1.8838619871530682
1790389744.520843,1.5786949952598661
1790389744.5387065,1.746150985127315
1790389744.562921,1.9420949975028634
1790389744.5880668,1.7396110051777214
1790389744.6299016,23.192180990008637
1790389744.6300623,20.08397300960496
1790389744.6303952,12.272975000087172
1790389744.6305017,3.0434920045081526
1790389744.6353216,1.4303060015663505
1790389744.6634169,2.715879993047565
1790389744.665071,1.3588790025096387
1790389744.6721907,1.6552380111534148
1790389744.6737695,1.5661719953641295
1790389744.6828263,1.577379007358104
1790389744.6871834,1.743697008350864
1790389744.695647,1.7519960238132626
1790389744.716623,1.9097640179097652
1790389744.725779,1.7131879867520183
1790389744.7933886,40.05920598865487
1790389744.8165648,65.58808099362068
1790389744.8167136,44.122419989435
1790389744.828967,37.29735699016601
1790389744.8335009,65.84520198521204
1790389744.8433,44.81564598972909
1790389744.843461,46.39393798424862
1790389744.8458958,33.10035899630748
1790389744.8460424,27.096951991552487
1790389744.8463197,41.57559701707214
1790389744.8464224,4.6943920024205
1790389744.8473926,3.338823007652536
1790389744.8483548,1.7534549988340586
1790389744.8778772,24.04370700241998
1790389744.8786757,11.62002599448897
1790389744.8787706,6.092227005865425
1790389744.8819182,1.2988320086151361
1790389744.8878825,1.6037730092648417
1790389744.9068012,1.795939024304971
1790389744.9334707,1.8535209819674492
1790389744.9359722,1.7117090173996985
1790389744.9372091,1.22602898045443
1790389744.9906862,40.04039699793793
1790389744.9999845,48.489270004210994
1790389745.0003636,41.287422995083034
1790389745.0017204,32.370793021982536
1790389745.001846,48.6376500048209
1790389745.00194,37.020721996668726
1790389745.0084696,1.8315360066480935
1790389745.0187833,1.739248022204265
1790389745.0330532,11.811058007879183
1790389745.043786,23.037159990053624
1790389745.0538547,1.531943998998031
1790389745.0597415,1.5812589845154434
1790389745.0638144,1.8177780148107558
1790389745.0849497,1.8219159974250942
1790389745.1105623,1.8101499881595373
1790389745.1307175,1.8804999999701977
1790389745.1476207,1.905973011162132
1790389745.1591244,2.8899500030092895
1790389745.1599836,2.5715789815876633
1790389745.1987274,40.065183013211936
1790389745.2074444,35.57176102185622
1790389745.2086916,35.33695900114253
1790389745.209785,28.354442009003833
1790389745.210101,22.111664002295583
1790389745.2101579,6.4016210089903325
1790389745.2149608,2.8359400166664273
1790389745.215043,2.3338940227404237
1790389745.2477906,21.693724003853276
1790389745.2486238,2.0916399953421205
1790389745.2825124,22.568488988326862
1790389745.2848132,1.7847830022219568
1790389745.2948546,2.0711309916805476
1790389745.3062496,2.264540991745889
1790389745.3156817,2.0286960061639547
1790389745.3220646,1.4424640103243291
1790389745.332115,1.5568719827570021
1790389745.367227,2.064090018393472
1790389745.3771424,2.475671994034201
1790389745.421846,35.42600400396623
1790389745.4272184,39.8076840210706
1790389745.4332614,42.48814898892306
1790389745.4335806,10.819571005413309
1790389745.4336803,7.663070020498708
1790389745.4345253,2.389005006989464
1790389745.434615,3.909078019205481
1790389745.468578,31.69018801418133
1790389745.47984,32.439650996821
1790389745.4799285,29.336678999243304
1790389745.5019448,40.5883879866451
1790389745.502458,45.49907898763195
1790389745.50258,37.36494301119819
1790389745.5026815,36.095882998779416
1790389745.503115,30.007263994775712
1790389745.529551,46.80630099028349
1790389745.5299,56.10702600097284
1790389745.5299685,15.913126000668854
1790389745.541274,1.5266720147337765
1790389745.5573845,1.7422969976905733
1790389745.563424,1.5950230008456856
1790389745.5897841,26.19144698837772
1790389745.5901847,8.565182011807337
1790389745.61957,1.7754010041244328
1790389745.6509643,21.679714001948014
1790389745.6813216,21.0172199876979
1790389745.6829867,23.29032399575226
1790389745.6840284,9.491919015999883
1790389745.6841104,26.566010987153277
1790389745.71386,21.266693016514182
1790389745.7151213,24.849278008332476
1790389745.7160459,3.3062080037780106
1790389745.716129,11.555385979590937
1790389745.7162175,6.396896002115682
1790389745.7196772,1.2579570175148547
1790389745.7291243,1.5273360186256468
1790389745.7378023,2.5903689966071397
1790389745.7412977,1.5471309889107943
1790389745.7434704,1.5112510009203106
1790389745.7862065,29.494816000806168
1790389745.7916737,40.90835800161585
1790389745.7997122,36.25743099837564
1790389745.8005,16.123695007991046
1790389745.800574,29.78109600371681
1790389745.8260293,38.929482019739226
1790389745.8261313,22.8654210222885
1790389745.8264375,17.63241397566162
1790389745.8327544,1.6651369805913419
1790389745.8340154,1.2522819743026048
1790389745.837322,1.2853560037910938
1790389745.8699977,1.870998996309936
1790389745.8991957,23.875712999142706
1790389745.927965,49.1357890132349
1790389745.928089,45.53511700942181
1790389745.9386091,39.39819100196473
1790389745.96397,91.36885599582456
1790389745.9688995,88.4394720196724
1790389746.0129864,104.72762701101601
1790389746.0131297,94.28393901907839
1790389746.0229764,91.52578300563619
1790389746.023343,113.43255298561417
1790389746.0242536,87.70294600981288
1790389746.024661,74.61595899076201
1790389746.0250247,96.76893698633648
1790389746.0258572,48.386291979113594
1790389746.0261612,46.679773018695414
1790389746.0477614,35.929643985582516
1790389746.0490136,52.92636400554329
1790389746.0493584,35.17701799864881
1790389746.0494795,5.298393021803349
1790389746.0495782,110.62253400450572
1790389746.0620425,1.8657779728528112
1790389746.063582,1.3232680212240666
1790389746.0720956,1.5156620065681636
1790389746.0880642,1.7813119920901954
1790389746.1189642,23.651822993997484
1790389746.1196184,17.905425978824496
1790389746.1199436,13.6670499923639
1790389746.125373,17.671551002422348
1790389746.1458135,11.396830988815054
1790389746.145924,30.75034500216134
1790389746.1721642,18.555076007032767
1790389746.1726756,24.234743003034964
1790389746.2167075,25.21233999868855
1790389746.2168884,24.808622983982787
1790389746.2173347,1.8753850017674267
1790389746.2388082,2.0157439867034554
1790389746.2428358,1.4866599813103676
1790389746.2720006,24.640792020363733
1790389746.2728052,15.071887988597155
1790389746.2736366,28.904513019369915
1790389746.273757,11.124127981020138
1790389746.2743335,17.308263981249183
1790389746.2748797,6.905731017468497
1790389746.274952,9.825057000853121
1790389746.278177,1.3730389764532447
1790389746.279597,1.2905910261906683
1790389746.3011332,2.484858996467665
1790389746.3062685,2.3857849882915616
1790389746.3143165,2.80680600553751
1790389746.3558636,21.7897399852518
1790389746.3564253,27.40912200533785
1790389746.3568246,29.590812016976997
1790389746.3569124,23.635063000256196
1790389746.3572004,15.212759986752644
1790389746.367324,1.975649007363245
1790389746.3704188,1.7537479870952666
1790389746.382849,2.09010299295187
1790389746.3834276,1.6063479997683316
1790389746.3964012,2.3002729867585003
1790389746.402054,2.248520002467558
1790389746.4042945,1.6363549802917987
1790389746.4211597,3.1657349900342524
1790389746.42123,2.76591899455525
1790389746.4274373,1.8527290085330606
1790389746.440202,2.4523209722246975
1790389746.442181,1.82170799234882
1790389746.4467926,2.3593280056957155
1790389746.455315,2.207395009463653
1790389746.468064,2.5713079958222806
1790389746.4821894,2.0151160133536905
1790389746.4851625,1.6993670142255723
1790389746.4895597,1.6283870209008455
1790389746.4936924,2.3384209780488163
1790389746.5016482,2.48630199348554
1790389746.514417,2.0118030079174787
1790389746.54777,34.66915199533105
1790389746.5573525,21.535092004342005
1790389746.5584338,43.084594974061474
1790389746.5585132,7.659686001716182
1790389746.561777,1.4487529988400638
1790389746.5775492,1.8568920204415917
1790389746.5780697,1.4497230004053563
1790389746.58707,1.6243429854512215
1790389746.6043456,1.88452799920924
1790389746.6544423,1.910192018840462
1790389746.6612203,1.7830880242399871
1790389746.6630404,1.5981410106178373
1790389746.6634908,1.4352659927681088
1790389746.711766,23.45216099638492
1790389746.7118623,16.34392299456522
1790389746.714193,1.8439569976180792
1790389746.7159653,1.5234280144795775
1790389746.7223992,1.5222379879560322
1790389746.7282636,1.330510014668107
1790389746.745085,1.7682779871392995
1790389746.7736228,2.0883239922113717
1790389746.7780812,1.8676250183489174
1790389746.7782073,2.6956330111715943
1790389746.7814145,2.636958990478888
1790389746.78172,2.3772669956088066
1790389746.8243148,1.976399013074115
1790389746.8303857,1.9861829932779074
1790389746.8332062,1.616238005226478
1790389746.8400488,1.498321013059467
1790389746.8482244,1.6702230204828084
1790389746.8533607,1.3211679761298
1790389746.8598175,1.668555982178077
1790389746.8688374,1.7811139987315983
1790389746.8896916,1.7388509877491742
1790389746.8984625,1.960232009878382
1790389746.9029837,2.523953007766977
1790389746.9036953,1.7719620082061738
1790389746.9061487,1.269037980819121
1790389746.9093707,1.4061040128581226
1790389746.9281895,1.912203006213531
1790389746.9333825,1.7831299919635057
1790389746.9608123,1.868491992354393
1790389746.972728,1.7836709739640355
1790389746.9728098,2.614572993479669
1790389746.9788346,1.5113679983187467
1790389746.9924529,1.860649004811421
1790389746.9985247,1.415442005963996
1790389747.004041,1.5653930022381246
1790389747.0122352,1.4557690010406077
1790389747.0306897,1.6803769976831973
1790389747.050917,1.9217980152461678
1790389747.054409,1.217173004988581
1790389747.0944524,2.225225995061919
1790389747.0963778,1.3762460148427635
1790389747.1187298,1.892933010822162
1790389747.1235676,2.8969730192329735
1790389747.1236944,3.492124000331387
1790389747.1261868,1.8183689971920103
1790389747.1263018,3.012443979969248
1790389747.1269755,1.9149270083289593
1790389747.1434913,1.6566970152780414
1790389747.1661677,21.326965012121946
1790389747.1666574,22.727389994543046
1790389747.1671622,11.99266201001592
1790389747.1672146,4.353294993052259
1790389747.1782346,1.436324993846938
1790389747.1967971,1.8975490238517523
1790389747.2244773,26.27817098982632
1790389747.224936,5.519475002074614
1790389747.2250545,2.5267629825975746
1790389747.2251074,18.89508799649775
1790389747.2730072,43.51734899682924
1790389747.273203,46.55484901741147
1790389747.2732894,22.29038902441971
1790389747.2735002,23.557314998470247
1790389747.2739072,19.759135000640526
1790389747.2742348,3.2591369817964733
1790389747.2785656,1.5936250274535269
1790389747.323405,18.934223015094176
1790389747.3352528,30.176668020430952
1790389747.3449612,24.91810399806127
1790389747.3450518,25.856749998638406
1790389747.345116,44.28153598564677
1790389747.3528135,1.3803530018776655
1790389747.3707042,1.857961993664503
1790389747.383477,1.6663389978930354
1790389747.3860528,1.7189770005643368
1790389747.3884842,1.476001983974129
1790389747.393389,1.62352598272264
1790389747.4156156,13.90776300104335
1790389747.4238195,22.868834988912567
1790389747.4246457,13.589073991170153
1790389747.4255154,7.539334998000413
1790389747.425639,27.737877011531964
1790389747.4263053,1.6498250188305974
1790389747.4393613,1.8470860086381435
1790389747.4662302,19.986414001323283
1790389747.4693215,25.612667988752946
1790389747.4702744,13.152615982107818
1790389747.4778886,2.1303620014805347
1790389747.477964,3.0923000012990087
1790389747.480997,1.2969420058652759
1790389747.48771,1.271058979909867
1790389747.4938114,1.8765550048556179
1790389747.494744,1.326286990661174
1790389747.5080838,2.1469689963851124
1790389747.5198371,2.6526610017754138
1790389747.5385976,2.037694997852668
1790389747.5872822,1.6919939953368157
1790389747.594705,1.5210350102279335
1790389747.6037245,1.458442013245076
1790389747.6125267,1.7684809863567352
1790389747.6311512,1.781358994776383
1790389747.648533,2.008962008403614
1790389747.6621215,1.753178017679602
1790389747.6897268,10.209977015620098
1790389747.6897984,20.815127005334944
1790389747.6998587,1.5242579975165427
1790389747.7083635,1.788050984032452
1790389747.709654,1.280844007851556
1790389747.721444,1.4561380085069686
1790389747.7250648,1.5864080050960183
1790389747.759186,2.0384569943416864
1790389747.7646723,1.8067909986712039
1790389747.7702541,1.716491999104619
1790389747.8081796,26.8688699870836
1790389747.8256102,42.478709015995264
1790389747.8472054,49.60671497974545
1790389747.847279,67.41362399770878
1790389747.8564646,57.87396800587885
1790389747.887833,84.31887402548455
1790389747.8947434,93.46182100125588
1790389747.895878,64.07505599781871
1790389747.906446,66.29872199846432
1790389747.9122026,79.27631700295024
1790389747.9180236,126.19778199587017
1790389747.919299,74.58915599272586
1790389747.9196513,70.23070901050232
1790389747.9200017,51.049191009951755
1790389747.920555,63.16788401454687
1790389747.9214313,31.31722498801537
1790389747.9215271,58.97979802102782
1790389747.922045,28.10893999412656
1790389747.922321,24.408483994193375
1790389747.9223816,15.77929500490427
1790389747.9265287,1.4417720085475594
1790389747.9492583,1.6095099854283035
1790389747.9527597,1.2819229741580784
1790389747.9799855,21.29096499993466
1790389747.9800608,10.086512978887185
1790389748.0030556,29.403590015135705
1790389748.0247986,42.878767009824514
1790389748.0252273,50.9858260047622
1790389748.026378,26.138696004636586
1790389748.0264947,8.646523987408727
1790389748.026838,33.076891995733604
1790389748.0269008,3.7936910230200738
1790389748.0340862,2.5703970168251544
1790389748.03418,2.0655480038840324
1790389748.051355,1.741749991197139
1790389748.075773,1.8933349929284304
1790389748.0958095,2.2642789990641177
1790389748.097233,1.4123180008027703
1790389748.1019146,1.5455239918082952
1790389748.1392653,3.18921500002034
1790389748.1393385,2.477539994288236
1790389748.1784117,22.201663989108056
1790389748.178852,25.48216699506156
1790389748.1789665,20.093422004720196
1790389748.184561,20.770293980604038
1790389748.2022731,26.839683996513486
1790389748.2029018,12.240669020684436
1790389748.2029839,8.912170014809817
1790389748.2033644,3.9964909956324846
1790389748.2417848,23.95611902466044
1790389748.2418847,16.881440998986363
1790389748.2422833,12.785501021426171
1790389748.2444742,1.45804401836358
1790389748.2786918,13.745746982749552
1790389748.2788813,29.91019599721767
1790389748.2789476,27.718539990019053
1790389748.2792287,6.762703007552773
1790389748.2953234,1.9356429984327406
1790389748.2987404,1.3089970161672682
1790389748.311591,1.624122989596799
1790389748.3130047,1.1468860029708594
1790389748.3206086,1.5256759943440557
1790389748.3350031,1.7353660077787936
1790389748.3472385,2.169262006646022
1790389748.3473287,2.8611279849428684
1790389748.3926036,1.6559259966015816
1790389748.4071999,1.6367280040867627
1790389748.408942,1.205175998620689
1790389748.4172606,1.7722990014590323
1790389748.440219,20.148293988313526
1790389748.4488957,1.922483992530033
1790389748.4567337,1.5387969906441867
1790389748.4708862,1.547702995594591
1790389748.5176282,36.46721999393776
1790389748.5466104,48.07669101865031
1790389748.5468702,55.497508990811184
1790389748.5687861,52.54057300044224
1790389748.5738382,23.42035897891037
1790389748.5739245,35.48904400668107
1790389748.5745876,35.554686008254066
1790389748.575908,64.5957310043741
1790389748.5767913,9.437095985049382
1790389748.5770164,22.143852023873478
1790389748.5771222,5.636878981022164
1790389748.57766,23.854895000113174
1790389748.578112,1.8959630106110126
1790389748.578785,1.9834789854940027
1790389748.6049514,1.9265809969510883
1790389748.6155448,2.0479469967540354
1790389748.6178136,1.375569001538679
1790389748.6318197,1.8892380176112056
1790389748.644163,1.6855540161486715
1790389748.6483185,1.5359419921878725
1790389748.654248,1.7912080220412463
1790389748.6551824,1.6887410019990057
1790389748.6945977,2.0262679900042713
1790389748.7211707,22.043853998184204
1790389748.722039,17.937023018021137
1790389748.7224348,24.213211989263073
1790389748.7225971,15.014088014140725
1790389748.7233717,10.037347004981712
1790389748.7236397,3.4290970070287585
1790389748.7526162,18.057537003187463
1790389748.759569,13.350663997698575
1790389748.7596416,24.277841002913192
1790389748.7631507,1.6706839960534126
1790389748.7797844,1.6901360068004578
1790389748.790196,1.7019940132740885
1790389748.8020456,1.7175269895233214
1790389748.8425286,12.001629016594961
1790389748.8534973,23.644641012651846
1790389748.853638,9.878675016807392
1790389748.8537345,15.92050798353739
1790389748.8592472,1.627483987249434
1790389748.8616118,1.8220880010630935
1790389748.8672605,1.6020970069803298
1790389748.8808076,1.49457500083372
1790389748.8857355,1011.9899699930102
1790389748.8875961,1.4359249908011407
1790389748.9132612,20.75300199794583
1790389748.9133592,23.743488010950387
1790389748.9134989,19.50027799466625
1790389748.9183354,1.3091859873384237
1790389748.97068,22.558221011422575
1790389748.9913917,1.6522759979125112
1790389748.9961216,1.6300069983117282
1790389749.0212448,23.747591010760516
1790389749.0213766,15.933265996864066
1790389749.0216465,1.742501015542075
1790389749.0621424,1.9067199900746346
1790389749.0827546,2.7351099997758865
1790389749.0840168,1.713941979687661
1790389749.1060536,22.027603001333773
1790389749.1062374,21.78019698476419
1790389749.106302,23.251992010045797
1790389749.1079128,1.296545990044251
1790389749.1205742,2.1386260050348938
1790389749.1213953,1.2412649812176824
1790389749.142797,1.6847079969011247
1790389749.1640353,1.6197730146814138
1790389749.1956944,29.546219011535868
1790389749.2069545,2.5076269812416285
1790389749.2070196,2.0107150194235146
1790389749.230676,23.298307991353795
1790389749.2307458,8.285471005365252
1790389749.2459214,2.018386992858723
1790389749.2515438,1.856571005191654
1790389749.2657585,1.926971977809444
1790389749.2664292,3.268679982284084
1790389749.2672129,1.4439989754464477
1790389749.2740839,1.295018009841442
1790389749.2863147,1.906822988530621
1790389749.3725307,38.09362999163568
1790389749.3766894,30.80367299844511
1790389749.4031255,60.761870990972966
1790389749.41436,41.133966005872935
1790389749.4195096,58.255321986507624
1790389749.4196527,47.7619819866959
1790389749.4197278,39.792697003576905
1790389749.4203076,40.86754500167444
1790389749.420678,32.5900960015133
1790389749.4216933,27.09888300159946
1790389749.4217463,27.794363006250933
1790389749.4483774,5.353613989427686
1790389749.4484527,4.668252018745989
1790389749.4485295,23.406100983265787
1790389749.4597173,2.4885440070647746
1790389749.4670444,1.819094002712518
1790389749.4727147,1.4504819991998374
1790389749.526313,2.8118390182498842
1790389749.526381,2.283868001541123
1790389749.5315616,1.369993988191709
1790389749.536691,1.5245679824147373
1790389749.5582988,1.9136900082230568
1790389749.5679703,2.3573189973831177
1790389749.5683095,3.4850699885282665
1790389749.5737262,1.7461270035710186
1790389749.576535,1.6948819975368679
1790389749.5921173,2.179584000259638
1790389749.6024172,2.0039960218127817
1790389749.6072636,1.6694579971954226
1790389749.6177266,1.9667940214276314
1790389749.6225357,1.3871780247427523
1790389749.6622915,33.614232001127675
1790389749.682689,51.00267298985273
1790389749.6927638,53.722256008768454
1790389749.6928935,49.67466302332468
1790389749.6935468,17.881292005768046
1790389749.6938055,7.67205998999998
1790389749.6938617,39.83024298213422
1790389749.7286196,1.8851039931178093
1790389749.7291772,1.557979005156085
1790389749.7312422,1.0901520145125687
1790389749.7340114,1.3706269965041429
1790389749.7621546,11.554538999916986
1790389749.763293,20.112817001063377
1790389749.778013,1.6546019760426134
1790389749.8032668,2.1440279961097986
1790389749.8056571,2.1381569968070835
1790389749.8075778,1.2813959910999984
1790389749.815523,2.020722022280097
1790389749.8166094,1.99223798699677
1790389749.8254957,1.5211910067591816
1790389749.8354545,1.683756010606885
1790389749.8500466,2.9981819970998913
1790389749.8501546,3.18311300361529
1790389749.8555765,1.4097320090513676
1790389749.8912723,1.854786998592317
1790389749.9037273,1.6961719957180321
1790389749.9042375,1.5214570157695562
1790389749.9153688,1.9704220176208764
1790389749.936638,1.6528779815416783
1790389749.9595447,1.7545569862704724
1790389749.9669566,1.693878002697602
1790389749.9758914,1.8740489904303104
1790389749.9778914,1.2875499960500747
1790389749.9797413,1.2706659908872098
1790389750.0190063,1.6993749886751175
1790389750.0317392,1.7045180138666183
1790389750.0333307,1.4168079942464828
1790389750.0451667,1.7004279943648726
1790389750.0582807,1.8068290082737803
1790389750.0651124,1.486354012740776
1790389750.0878003,1.9932930008508265
1790389750.0961432,2.003675006562844
1790389750.0963387,2.7069190109614283
1790389750.0968866,1.819812023313716
1790389750.1075768,1.4648060023318976
1790389750.130241,1.8434820231050253
1790389750.133848,1.893707987619564
1790389750.1416237,1.3714339875150472
1790389750.1546202,1.8522999889682978
1790389750.1560855,1.4495390059892088
1790389750.1568248,1.5289430157281458
1790389750.1797066,1.9103279919363558
1790389750.187718,1.8026379984803498
1790389750.1914732,1.7109379987232387
1790389750.2306955,1.964558003237471
1790389750.2318387,2.3346949892584234
1790389750.2394903,1.3574339973274618
1790389750.242646,1.4410210133064538
1790389750.252521,1.611535990377888
1790389750.255967,1.500773010775447
1790389750.264849,1.6896309971343726
1790389750.2783372,1.9350659858901054
1790389750.3026304,12.798618990927935
1790389750.3031664,12.122259009629488
1790389750.3032758,23.865530005423352
1790389750.3384857,19.06789600616321
1790389750.3455992,25.412257993593812
1790389750.3457086,24.874358001397923
1790389750.352089,2.1114409901201725
1790389750.352913,1.4440150116570294
1790389750.364393,2.421196986688301
1790389750.3648293,2.130570006556809
1790389750.365315,1.9947969994973391
1790389750.3727746,1.562324003316462
1790389750.3771338,1.4004090044181794
1790389750.387452,1.4087979798205197
1790389750.3887165,1.1332609865348786
1790389750.420366,21.316224010661244
1790389750.4204302,4.067592992214486
1790389750.4505477,20.94954901258461
1790389750.4508882,20.914988999720663
1790389750.4509985,21.944047999568284
1790389750.451437,14.84832598362118
1790389750.4545197,1.3943020021542907
1790389750.4749076,1.9744760065805167
1790389750.4834793,2.0787199900951236
1790389750.5073931,17.72343402262777
1790389750.512366,22.19007900566794
1790389750.5124621,17.562178982188925
1790389750.5125153,20.98203299101442
1790389750.5133767,14.883308002026752
1790389750.5134287,13.462114991853014
1790389750.5381308,23.21351401042193
1790389750.5382266,11.134161992231384
1790389750.5385017,5.804172978969291
1790389750.539379,5.03667799057439
1790389750.5395105,4.525094002019614
1790389750.56807,19.587300979765132
1790389750.5712748,1.5025940083432943
1790389750.586274,1.8641809874679893
1790389750.6088276,1.723769004456699
1790389750.6212695,1.8912850064225495
1790389750.6227539,1.4714030257891864
1790389750.6438906,1.7421420197933912
1790389750.6822772,5.158289015525952
1790389750.682713,3.187566006090492
1790389750.6831238,2.576967002823949
1790389750.7099957,20.867727987933904
1790389750.7112713,6.904703011969104
1790389750.7113783,9.854749019723386
1790389750.7114496,12.857963010901585
1790389750.7505162,1.8301309901289642
1790389750.7576025,1.8150349787902087
1790389750.764527,1.8054000101983547
1790389750.7822542,1.6461689956486225
1790389750.7967765,1.7466270073782653
1790389750.8000748,1.4249689993448555
1790389750.8326392,21.06465899851173
1790389750.8423893,1.472534000640735
1790389750.8450212,1.3135889894329011
1790389750.8824008,20.69018699694425
1790389750.8825765,13.886918022762984
1790389750.882682,12.475072988308966
1790389750.8832366,10.697267018258572
1790389750.8843856,1.1393939785193652
1790389750.8994696,1.5919040015432984
1790389750.9642441,1.9122230005450547
1790389751.002223,1.863565994426608
1790389751.0042155,1.8125730275642127
1790389751.0048397,1.4601929869968444
1790389751.032854,1.8043540185317397
1790389751.0360217,1.3890870031900704
1790389751.0419397,1.3921819918323308
1790389751.054108,1.9719680130947381
1790389751.081436,1.7968000029213727
1790389751.0877852,1.3378750008996576
1790389751.0893068,1.3077289913780987
1790389751.1040478,1.8782170081976801
1790389751.1242418,14.34730101027526
1790389751.1288986,23.407188011333346
1790389751.1294472,11.548519978532568
1790389751.1304567,1.5005760069470853
1790389751.158852,2.1627249952871352
1790389751.165623,1.600660994881764
1790389751.194531,1.9185710116289556
1790389751.2354243,1.8195589946117252
1790389751.2460053,2.034887991612777
1790389751.2797608,22.327442973619327
1790389751.279846,21.680226986063644
1790389751.2801006,1.8423179863020778
1790389751.2997797,2.016452985117212
1790389751.309989,2.216091990703717
1790389751.354501,24.09663499565795
1790389751.3546185,13.546489994041622
1790389751.3656816,2.316355996299535
1790389751.3891852,2.1580200118478388
1790389751.3959754,1.8997089937329292
1790389751.3986087,1.5652889851480722
1790389751.4077163,2.520114998333156
1790389751.407778,1.9841720059048384
1790389751.4140522,2.162894990760833
1790389751.4215405,1.7328069952782243
1790389751.424105,1.5141920011956245
1790389751.4476218,20.656828011851758
1790389751.4476957,4.306443006498739
1790389751.46278,1.5558869927190244
1790389751.4653342,1.4318789762910455
1790389751.4664931,1.1495820072013885
1790389751.522073,1.77403399720788
1790389751.538603,2.067350986180827
1790389751.5414436,1.5128639934118837
1790389751.5586057,16.601484996499494
1790389751.5654118,23.925196001073346
1790389751.5657911,22.73195600719191
1790389751.5669994,22.014065005350858
1790389751.567808,18.92540298285894
1790389751.568328,4.1924690012820065
1790389751.5684006,9.392192005179822
1790389751.5684724,18.72973600984551
1790389751.608197,1.613733998965472
1790389751.6221545,1.7998440016526729
1790389751.639004,1.654496998526156
1790389751.6592014,19.817596999928355
1790389751.6730416,2.2978799825068563
1790389751.6738622,1.2929409858770669
1790389751.687054,1.910863007651642
1790389751.694697,1.5032950032036752
1790389751.7211444,24.399384012212977
1790389751.743137,44.36415701638907
1790389751.7432497,18.271888984600082
1790389751.7433174,45.953595981700346
1790389751.7433922,36.471581988735124
1790389751.7440066,2.730431006057188
1790389751.7498887,1.437226979760453
1790389751.7832503,1.681777008343488
1790389751.788795,1.4657819992862642
1790389751.7920454,1.3892609858885407
1790389751.7998002,1.5039329882711172
1790389751.84169,19.39559300080873
1790389751.8499224,30.979292991105467
1790389751.865946,42.33589500654489
1790389751.867394,40.05982601665892
1790389751.867458,37.48749798978679
1790389751.87198,1.5669460117351264
1790389751.8771467,1.3909999979659915
1790389751.8878028,1.5998049930203706
1790389751.8906846,1.190904004033655
1790389751.8999004,1.7172320222016424
1790389751.950427,1.6486730019096285
1790389751.9544783,1.3751339865848422
1790389751.9686484,3.3868429891299456
1790389751.9693968,3.216894983779639
1790389751.97022,2.521626011002809
1790389751.9702857,3.5628280020318925
1790389751.9897728,1.6508190019521862
1790389752.0078886,1.8879490089602768
1790389752.0116665,1.325239019934088
1790389752.0390885,21.96933497907594
1790389752.0391605,16.19893900351599
1790389752.0400176,1.481043000239879
1790389752.0509875,1.469696988351643
1790389752.0580297,1.2436209945008159
1790389752.0605686,1.2630360142793506
1790389752.09558,2.2257809760048985
1790389752.1160765,1.7232770042028278
1790389752.117883,1.1498709791339934
1790389752.121103,1.248568994924426
1790389752.1322765,1.3711500214412808
1790389752.1368926,1.7221189918927848
1790389752.1374152,1.3099279894959182
1790389752.1522937,1.7728460079524666
1790389752.1606274,1.4539390103891492
1790389752.1688094,1.5577490266878158
1790389752.182814,1.6594959888607264
1790389752.210348,1.7055539938155562
1790389752.22299,1.6712869983166456
1790389752.2293658,1.4491509937215596
1790389752.24765,1.5585410001222044
1790389752.2477138,2.2706329764332622
1790389752.2549796,1.484115986386314
1790389752.2667665,1.55487799202092
1790389752.2764993,1.5494980034418404
1790389752.2892272,1.7546850140206516
1790389752.290568,1.331370003754273
1790389752.31801,17.357486009132117
1790389752.3184173,13.098413997795433
1790389752.3184948,23.256409011082724
1790389752.3190074,8.203142002457753
1790389752.3216107,1.9200769893359393
1790389752.3221536,1.2835789821110666
1790389752.3327463,1.680365006905049
1790389752.3524709,19.63398599764332
1790389752.3541272,2.6169059856329113
1790389752.3549898,1.902004994917661
1790389752.374353,1.8922110029961914
1790389752.3896675,1.747422997141257
1790389752.3949032,1.5352159971371293
1790389752.3963363,1.424476009560749
1790389752.4003327,1.1360549833625555
1790389752.4117,1.7689259839244187
1790389752.414119,1.2964129855390638
1790389752.4256399,1.691123005002737
1790389752.434728,1.5524300106335431
1790389752.44528,2.3238189751282334
1790389752.4683022,24.678148998646066
1790389752.4684265,20.12161898892373
1790389752.4686098,23.317760991631076
1790389752.4902985,15.605174994561821
1790389752.4906535,22.858192009152845
1790389752.4915452,17.521080997539684
1790389752.4923205,8.28921899665147
1790389752.4926496,7.3487969930283725
1790389752.4927049,15.252470999257639
1790389752.5302472,15.179404988884926
1790389752.5303752,9.318497992353514
1790389752.53066,22.856990981381387
1790389752.5307264,7.62833098997362
1790389752.5709662,1.7058939847629517
1790389752.5750413,1.6372599930036813
1790389752.578843,1.4229590015020221
1790389752.5801427,1.1182180023752153
1790389752.6251774,39.478357997722924
1790389752.6258621,40.85925500839949
1790389752.627008,30.237516009947285
1790389752.627216,45.434106985339895
1790389752.6272857,33.04321100586094
1790389752.6332262,35.80621798755601
1790389752.6333132,32.06553100608289
1790389752.6487834,44.718948018271476
1790389752.6489053,40.69492901908234
1790389752.650417,15.683235018514097
1790389752.6505969,16.397452011005953
1790389752.6510007,1.7251330136787146
1790389752.7141898,31.37158098979853
1790389752.7272067,31.232275010552257
1790389752.7275026,28.833774995291606
1790389752.7276497,23.961541999597102
1790389752.7386954,31.89491300145164
1790389752.760252,41.026544000487775
1790389752.7720835,64.4962590013165
1790389752.7727695,33.812776004197076
1790389752.7728746,38.64136800984852
1790389752.773478,14.93963398388587
1790389752.7737737,12.700534978648648
1790389752.7742944,53.23819399927743
1790389752.7743683,4.349967988673598
1790389752.7818172,1.9160499796271324
1790389752.8044622,17.555074009578675
1790389752.8045392,13.846171990735456
1790389752.804597,23.621799977263436
1790389752.8178225,1.4907619915902615
1790389752.823019,1.2505970080383122
1790389752.845948,9.639988013077527
1790389752.8460612,20.194261014694348
1790389752.8461359,2.4823150015436113
1790389752.8698242,2.6378869952168316
1790389752.876375,1.466077024815604
1790389752.880639,1.5527989889960736
1790389752.907608,1.6838820010889322
1790389752.9240727,1.78523498470895
1790389752.958709,1.5887119807302952
1790389752.9705653,1.7896789941005409
1790389752.982038,1.6972299781627953
1790389752.986265,1.3569009897764772
1790389753.012591,1.892853993922472
1790389753.024498,2.031454991083592
1790389753.0259452,2.4164270143955946
1790389753.0473542,5.452957993838936
1790389753.0474322,20.73396000196226
1790389753.067404,1.8606259836815298
1790389753.076754,1.6056910098996013
1790389753.0820336,1.70090701431036
1790389753.0874803,1.2600389891304076
1790389753.109846,1.797828997951001
1790389753.1332693,1.8303959805052727
1790389753.1425471,1.6084869857877493
1790389753.1818345,2.156742993975058
1790389753.212706,1.9513329898472875
1790389753.2271276,3.0170589743647724
1790389753.2278287,3.0162059993017465
1790389753.2279541,2.5756509858183563
1790389753.2283218,1.7395850154571235
1790389753.2379487,1.7566679744049907
1790389753.2391558,1.1977430258411914
1790389753.2672856,3.0553129909094423
1790389753.2783594,12.962836015503854
1790389753.288437,22.414787992602214
1790389753.2885122,4.3328540050424635
1790389753.3016787,1.5802299894858152
1790389753.3058934,1.5926360210869461
1790389753.340949,1.5784739807713777
1790389753.3613157,1.8117099825758487
1790389753.3796992,1.9022429769393057
1790389753.3872497,1.3314320240169764
1790389753.3915007,1.3215570070315152
1790389753.4009182,1.566322986036539
1790389753.439318,21.741874021245167
1790389753.4394755,18.323572992812842
1790389753.4505246,1.4873270120006055
1790389753.4529626,1.2129980023019016
1790389753.4876714,9.106335986871272
1790389753.4880729,22.548742010258138
1790389753.4883409,10.822910000570118
1790389753.519157,1.765032997354865
1790389753.5470958,22.938998008612543
1790389753.5477297,9.148961020400748
1790389753.5478022,12.471713998820633
1790389753.548247,8.189740008674562
1790389753.5729654,21.941153012448922
1790389753.5919793,21.144848986295983
1790389753.592187,20.488295995164663
1790389753.592248,23.954784992383793
1790389753.5932047,20.712900994112715
1790389753.5936956,20.662049995735288
1790389753.594433,11.103127006208524
1790389753.5945442,17.188956000609323
1790389753.6434176,50.14715201104991
1790389753.6545994,53.88883702107705
1790389753.6551654,59.49041398707777
1790389753.6557033,45.55155799607746
1790389753.655797,38.598315994022414
1790389753.6558611,39.51907900045626
1790389753.6564283,31.11246001208201
1790389753.656485,13.006513996515423
1790389753.69984,15.874195989454165
1790389753.7049713,30.92633097548969
1790389753.7294173,1117.6072949892841
1790389753.7390141,30.67184900282882
1790389753.7390912,21.109009016072378
1790389753.7659214,20.907375001115724
1790389753.776158,31.95379799581133
1790389753.7861774,38.66504298639484
1790389753.7863898,26.06288599781692
1790389753.7867622,25.396557000931352
1790389753.7872686,17.996314010815695
1790389753.8201177,1.6827610088512301
1790389753.8374963,1.5973450208548456
1790389753.8432035,1.7194329993799329
1790389753.8530927,1.5286930138245225
1790389753.8699973,1.781205995939672
1790389753.8834088,1.8586690130177885
1790389753.8868344,1.413572987075895
1790389753.8963537,1.567769009852782
1790389753.899938,1.4308059762697667
1790389753.90678,1.6633589984849095
1790389753.947255,2.313479984877631
1790389753.985095,23.189949977677315
1790389753.9854116,10.828216007212177
1790389753.985483,23.657434998312965
1790389754.0053358,26.45193101488985
1790389754.0058095,12.11339098517783
1790389754.0075533,1.732103992253542
1790389754.0467439,31.78854801808484
1790389754.0468426,29.489867010852322
1790389754.0605967,14.727216999744996
1790389754.0606701,42.7779009914957
1790389754.0797997,1.5285580011550337
1790389754.0828037,2.2751539945602417
1790389754.0833642,1.7338269972242415
1790389754.0974743,1.8210500129498541
1790389754.0979614,1.4094910002313554
1790389754.1034608,1.3373499969020486
1790389754.1065254,1.1421669914852828
1790389754.113121,1.9081280042883009
1790389754.139489,2.4616439768578857
1790389754.140381,1.7994960071519017
1790389754.15408,1.8505709886085242
1790389754.1780012,22.970051009906456
1790389754.1780965,20.174541015876457
1790389754.1834183,1.5771519974805415
1790389754.1975672,1.8934129911940545
1790389754.1976354,2.4840899859555066
1790389754.2196054,1.8592549895402044
1790389754.222532,1.226472988491878
1790389754.224273,1.5685039979871362
1790389754.2340891,1.6496469906996936
1790389754.2370439,1.402088993927464
1790389754.3007548,2.3877609928604215
1790389754.3012264,1.5448199992533773
1790389754.3261242,2.1193749853409827
1790389754.3409395,1.6102090012282133
1790389754.3456523,1.6432779957540333
1790389754.3507524,1.665520016103983
1790389754.3724732,1.7391320143360645
1790389754.3778868,1.3651989866048098
1790389754.4015427,1.5950410161167383
1790389754.4468143,16.95822601323016
1790389754.4470313,7.521666993852705
1790389754.4470975,29.311193007742986
1790389754.4587235,1.6527579864487052
1790389754.483272,20.313113025622442
1790389754.4833708,23.044412984745577
1790389754.4901247,1.586012018378824
1790389754.4928026,1.3588079891633242
1790389754.513941,20.305226993514225
1790389754.5140262,21.088085020892322
1790389754.5339024,1.7652370152063668
1790389754.5822706,21.300601976690814
1790389754.5825615,3.873613983159885
1790389754.620528,1.7193779931403697
1790389754.6229951,2.114844013703987
1790389754.623098,1.6078600019682199
1790389754.6260462,1.1087050079368055
1790389754.631139,1.231935020769015
1790389754.6442847,1.665931980824098
1790389754.6588228,1.7013730248436332
1790389754.663739,1.3497959880623966
1790389754.6859846,8.513403998222202
1790389754.686141,11.298514000372961
1790389754.6862013,14.314018015284091
1790389754.6862957,21.882030996493995
1790389754.7002337,1.4329389960039407
1790389754.7265952,23.332840006332844
1790389754.7267675,9.516726015135646
1790389754.7268522,19.270197983132675
1790389754.7537706,21.96558698778972
1790389754.7539215,20.763390988577157
1790389754.7540207,24.076070985756814
1790389754.7635522,1.8253089801874012
1790389754.7768722,1.531240006443113
1790389754.7787359,1.5117049915716052
1790389754.8244905,40.37573598907329
1790389754.8299701,29.203751008026302
1790389754.8477428,44.4103570189327
1790389754.8746188,90.07438900880516
1790389754.8752017,66.5551440033596
1790389754.8773036,50.36335499607958
1790389754.8774822,55.925940978340805
1790389754.878433,58.107310003833845
1790389754.8785343,40.61389301205054
1790389754.87915,16.763283987529576
1790389754.8792236,31.03549001389183
1790389754.8796577,3.4218800137750804
1790389754.8797283,16.163545020390302
1790389754.8870108,1.698853011475876
1790389754.898938,1.6582100070081651
1790389754.901046,1.4179200225044042
1790389754.9193344,1.7555520171299577
1790389754.922131,1.263885002117604
1790389754.9413238,16.35976298712194
1790389754.942069,19.84022100805305
1790389754.942123,16.434674995252863
1790389754.9449406,1.6907630197238177
1790389754.950566,1.599415991222486
1790389754.951672,1.0968279966618866
1790389754.9803226,1.769895025063306
1790389754.9954317,2.0906570134684443
1790389754.9980838,1.4971579948905855
1790389755.0066807,3.505045984638855
1790389755.006783,2.9514360066968948
1790389755.0076616,2.5192249740939587
1790389755.0077107,1.9986180122941732
1790389755.0560117,41.056143993046135
1790389755.0664651,40.60138599015772
1790389755.077404,48.102369997650385
1790389755.077546,26.428037002915516
1790389755.120115,1.923685980727896
1790389755.1259613,1.9867359951604158
1790389755.1476333,2.095828007441014
1790389755.1698697,1.766218978445977
1790389755.1813822,1.6458060126751661
1790389755.2060573,19.58146202377975
1790389755.2172482,2.1880799904465675
1790389755.2852242,49.89286800264381
1790389755.2856784,59.26960599026643
1790389755.285774,57.92841600487009
1790389755.285832,58.61680000089109
1790389755.2990685,1.7723589844536036
1790389755.316574,2.186386991525069
1790389755.3182604,1.6737719997763634
1790389755.3213196,2.2029129904694855
1790389755.335843,1.6420010069850832
1790389755.3496401,1.6125270049087703
1790389755.3790874,2.077893994282931
1790389755.384248,1.574162015458569
1790389755.385078,1.5472359955310822
1790389755.3905146,1.2600580230355263
1790389755.4166207,7.014863018412143
1790389755.4166994,20.03074501408264
1790389755.4253778,1.4271930267568678
1790389755.4599578,2.478261012583971
1790389755.4733958,2.5752880028449
1790389755.4833066,2.4811369949020445
1790389755.4841726,2.0280439930502325
1790389755.496952,1.751467993017286
1790389755.5005293,1.401765999617055
1790389755.5482514,1.6947879921644926
1790389755.576434,1.980061992071569
1790389755.601761,1.6831190150696784
1790389755.6275234,13.328791974345222
1790389755.6280494,20.94291101093404
1790389755.6283767,3.2616689859423786
1790389755.6284413,10.978030011756346
1790389755.642455,1.8368649762123823
1790389755.6431055,1.4658430009149015
1790389755.6525881,1.4670260134153068
1790389755.6636052,1.7056289943866432
1790389755.6662462,1.2399120023474097
1790389755.697536,20.50125299138017
1790389755.6997209,23.329076007939875
1790389755.6999443,10.155551979551092
1790389755.700392,5.937857000390068
1790389755.7009134,9.450583020225167
1790389755.7015395,3.935158019885421
1790389755.7018256,2.7003809809684753
1790389755.7018726,1.4710690011270344
1790389755.721932,2.5167830171994865
1790389755.722018,1.9447270024102181
1790389755.732138,1.2941340100951493
1790389755.7586033,2.550735982367769
1790389755.7709312,1.6751819930505008
1790389755.7966661,2.0941980183124542
1790389755.8020842,1.4055089850444347
1790389755.8185618,2.041978994384408
1790389755.83377,2.038176986388862
1790389755.8344014,1.615679997485131
1790389755.8423939,1.257263997104019
1790389755.8467073,1.8056870030704886
1790389755.8912227,13.851619994966313
1790389755.8917725,22.608586004935205
1790389755.8918605,13.908733992138878
1790389755.8939657,1.3266390014905483
1790389755.9251266,2.1420099947135895
1790389755.9257412,1.60248699830845
1790389755.9285038,1.248555985512212
1790389755.9297361,1.2242570228409022
1790389755.9433198,1.460119994590059
1790389755.9804242,1.8129250092897564
1790389756.022095,2.569467993453145
1790389756.0231512,2.1795390057377517
1790389756.0562532,1.9040410115849227
1790389756.0690749,2.118923992384225
1790389756.0790074,2.141686010872945
1790389756.0855293,1.843934995122254
1790389756.1586947,28.81215000525117
1790389756.1631396,43.10686301323585
1790389756.1634533,42.735213006380945
1790389756.164255,28.475945990066975
1790389756.1649618,1.3941150100436062
1790389756.1771076,1.4188759960234165
1790389756.2090805,22.039672010578215
1790389756.2093463,18.62582500325516
1790389756.209505,14.269837003666908
1790389756.2097628,13.250282994704321
1790389756.2180994,1.4818189956713468
1790389756.2616687,4.125873005250469
1790389756.265002,2.4031370121520013
1790389756.2816145,2.0444520050659776
1790389756.2846386,1.2646540126297623
1790389756.2895417,1.5968649822752923
1790389756.3122363,1.7564300214871764
1790389756.3144505,1.2714230106212199
1790389756.3209755,1.482060004491359
1790389756.3675063,45.9569719969295
1790389756.3785715,46.44470100174658
1790389756.3792183,45.62696799985133
1790389756.3795085,39.4285999936983
1790389756.3798838,18.521237972890958
1790389756.3964198,35.6451089901384
1790389756.401125,35.14580300543457
1790389756.401223,36.06694901827723
1790389756.4020536,33.45034099766053
1790389756.4371552,46.89025698462501
1790389756.437229,65.45598400407471
1790389756.44207,46.06581502594054
1790389756.447261,51.92922000424005
1790389756.4527116,45.270436006831005
1790389756.4608214,50.039124995237216
1790389756.4617198,49.28096799994819
1790389756.4622917,44.55975300516002
1790389756.4624078,45.75496100005694
1790389756.4627786,29.00882498943247
1790389756.477832,1.4388150011654943
1790389756.480301,1.1918109958060086
1790389756.481854,1.0350620141252875
1790389756.4898312,1.53029800276272
1790389756.4989617,1.652336010010913
1790389756.5394707,19.771132996538654
1790389756.560399,2.071965020149946
1790389756.5656142,1.946991978911683
1790389756.567313,1.3136070047039539
1790389756.5747514,1.5513859980273992
1790389756.594584,16.85383199946955
1790389756.5946608,19.473989988910034
1790389756.6229885,1.5679860080126673
1790389756.6289525,1.571215019794181
1790389756.6754825,29.610700003104284
1790389756.6842427,23.426380997989327
1790389756.6893876,26.4687440067064
1790389756.7196178,56.85909400926903
1790389756.7232428,21.61331899696961
1790389756.7233334,13.28035700134933
1790389756.7312589,1.4838629867881536
1790389756.76372,30.10793699650094
1790389756.7688699,24.559789977502078
1790389756.7737777,26.993716979632154
1790389756.7738538,26.68650500709191
1790389756.774114,6.001631001709029
1790389756.78171,1.635069987969473
1790389756.7926445,1.5253750025294721
1790389756.8445475,48.93409999203868
1790389756.854794,51.33930000010878
1790389756.855099,33.646725001744926
1790389756.8551562,44.7311419993639
1790389756.8736978,36.239820008631796
1790389756.8846343,1.4989989867899567
1790389756.8927248,2.109378023305908
1790389756.8949997,1.442827982828021
1790389756.9146543,18.147745984606445
1790389756.9354568,1.6775059921201319
1790389756.9379547,1.2935039994772524
1790389756.9734697,17.318904981948435
1790389756.9735498,20.742110995342955
1790389756.9783115,2.328995004063472
1790389756.9784417,2.0062580006197095
1790389756.9880157,1.4766899985261261
1790389756.9915526,1.2906369811389595
1790389756.99892,2.250258985441178
1790389756.99923,1.9354800169821829
1790389757.0046277,2.3538249952252954
1790389757.0053651,1.555266004288569
1790389757.0510118,20.756841986440122
1790389757.0513687,10.351637989515439
1790389757.0514386,14.987158996518701
1790389757.0612948,1.5560080064460635
1790389757.0722342,1.4224149927031249
1790389757.0992136,2.6371999992989004
1790389757.0992875,21.394748997408897
1790389757.1349955,2.30742699932307
1790389757.144084,2.0564179867506027
1790389757.1653786,21.852314996067435
1790389757.1709404,16.781273996457458
1790389757.1918693,36.91798201180063
1790389757.2034667,47.94937599217519
1790389757.203866,42.65163000673056
1790389757.2143495,29.667127004358917
1790389757.2160578,30.687710997881368
1790389757.2234595,50.24964798940346
1790389757.2340367,37.19274900504388
1790389757.2422504,51.332132978131995
1790389757.2427733,43.545944994548336
1790389757.243368,28.868326015071943
1790389757.2440763,14.010918006533757
1790389757.2444413,10.518653987674043
1790389757.2445135,7.521693012677133
1790389757.2454016,6.446245999541134
1790389757.2458427,6.193477020133287
1790389757.2459033,4.248778976034373
1790389757.2534485,1.4083400019444525
1790389757.2730882,1.8991600081790239
1790389757.275709,2.0805269887205213
1790389757.2764175,1.8585640063975006
1790389757.280453,1.3111720036249608
1790389757.296752,1.554816000862047
1790389757.318714,1.8808729946613312
1790389757.344239,17.62405497720465
1790389757.34445,13.95892901928164
1790389757.3445675,22.773852018872276
1790389757.34572,2.026059984927997
1790389757.3534534,1.2313319894019514
1790389757.3631968,3.0253120057750493
1790389757.364349,2.884352026740089
1790389757.3644073,1.62543699843809
1790389757.3871322,1.848098007030785
1790389757.3897429,1.5650739951524884
1790389757.3919601,1.5334709896706045
1790389757.408182,1.4999810082372278
1790389757.4324434,4.46226101485081
1790389757.4325175,20.443757995963097
1790389757.4399846,1.6716070240363479
1790389757.4620564,1026.2929069867823
1790389757.4688995,1050.168901012512
1790389757.4786513,27.34444901579991
1790389757.49223,36.979861004510894
1790389757.4930916,38.023511006031185
1790389757.494111,21.49107400327921
1790389757.4942513,14.932423015125096
1790389757.494535,13.39494899730198
1790389757.495164,27.34857000177726
1790389757.4952471,6.551072001457214
1790389757.5311263,19.64814300299622
1790389757.5364828,16.002762014977634
1790389757.5503953,27.023916016332805
1790389757.551187,28.397667017998174
1790389757.5700479,34.761860995786265
1790389757.571821,15.306930989027023
1790389757.5720673,21.554244012804702
1790389757.57231,32.836569007486105
1790389757.5735376,2.982938982313499
1790389757.5736763,2.508437988581136
1790389757.5807838,1.3647600135300308
1790389757.6059663,2.103170001646504
1790389757.612098,1.4271529798861593
1790389757.6326885,17.511910991743207
1790389757.6330383,19.25913998275064
1790389757.6337354,6.803623982705176
1790389757.634189,4.221688024699688
1790389757.6342497,3.2278409926220775
1790389757.6358483,1.1835840123239905
1790389757.6565735,16.52488499530591
1790389757.6570976,19.340585015015677
1790389757.6571684,9.314860013546422
1790389757.676391,2.5315280072391033
1790389757.676812,1.4661539753433317
1790389757.7043865,5.416441010311246
1790389757.7052982,4.774939006892964
1790389757.7053673,5.829817004268989
1790389757.7210016,18.498171004466712
1790389757.725355,7.78670801082626
1790389757.7254329,21.556850988417864
1790389757.7259867,1.813668990507722
1790389757.7382135,1.6321319853886962
1790389757.7640421,2.8112689906265587
1790389757.790273,17.238453991012648
1790389757.7903304,20.03696101019159
1790389757.796849,1.230897003551945
1790389757.799303,1.7532409983687103
1790389757.8000789,1.601439988007769
1790389757.8250442,21.29809799953364
1790389757.8251257,8.443926984909922
1790389757.8351696,1.7672289977781475
1790389757.8364925,1.3123680255375803
1790389757.8408177,1.418995001586154
1790389757.842238,1.4125260058790445
1790389757.8597965,1.7271149845328182
1790389757.8623042,1.2417800026014447
1790389757.866532,1.286118000280112
1790389757.8812902,1.6320679860655218
1790389757.882754,1.1627260246314108
1790389757.8869214,1.1628039937932044
1790389757.9355378,3.398483997443691
1790389757.9401228,1.6407970106229186
1790389757.9492893,1.3412900152616203
1790389757.9850206,30.788262985879555
1790389757.9852176,17.610189999686554
1790389757.9931574,21.48118501645513
1790389757.993222,6.7931000085081905
1790389758.0241551,19.334923999849707
1790389758.0469863,2.557586005423218
1790389758.047083,3.227784007322043
1790389758.053301,1.378074986860156
1790389758.0588512,1.2304909760132432
1790389758.0603,1.1870489979628474
1790389758.0769627,1.768993999576196
1790389758.10728,2.0595389942172915
1790389758.1358972,8.065414003795013
1790389758.1360154,6.728899024892598
1790389758.1793115,2.3393560259137303
1790389758.1815243,1.7037960060406476
1790389758.210874,7.148836011765525
1790389758.211926,5.688359990017489
1790389758.2140098,1.8604329961817712
1790389758.2410994,20.985888986615464
1790389758.2457097,24.626322992844507
1790389758.2602837,20.00250801211223
1790389758.2660875,40.79487099079415
1790389758.277027,33.4939049789682
1790389758.2807217,34.753876010654494
1790389758.2810938,31.40591099509038
1790389758.281602,14.793465990805998
1790389758.2816904,10.451089008711278
1790389758.282924,1.3128660211805254
1790389758.2868326,1.7516319931019098
1790389758.2873461,1.7086069856304675
1790389758.3097858,1.5294929908122867
1790389758.3269272,1.712493016384542
1790389758.3482218,2.1199430048000067
1790389758.3533282,1.3020450132898986
1790389758.3682652,1.4237790019251406
1790389758.3887289,18.66081400658004
1790389758.408802,19.20315102324821
1790389758.4141805,1.468949019908905
1790389758.4352577,2.235989988548681
1790389758.4404752,1.326018973486498
1790389758.4450266,2.502402989193797
1790389758.4503865,1.349823985947296
1790389758.4563074,1.2333139893598855
1790389758.4916058,24.970066006062552
1790389758.5041945,22.15650398284197
1790389758.5049722,20.86107700597495
1790389758.505038,14.610779006034136
1790389758.5385273,11.40881798346527
1790389758.53937,21.55019500060007
1790389758.539439,5.355230008717626
1790389758.539495,9.376094996696338
1790389758.5599668,17.996445996686816
1790389758.5609436,16.429455019533634
1790389758.5610824,14.79146900237538
1790389758.5611377,23.205774021334946
1790389758.5621128,14.35977898654528
1790389758.562178,14.844230987364426
1790389758.5715687,1.5992560074664652
1790389758.5735447,1.1710910184774548
1790389758.5777001,1.2544129858724773
1790389758.6079001,1.5253820165526122
1790389758.6429825,29.768419975880533
1790389758.6523356,24.80523200938478
1790389758.6524398,25.48010999453254
1790389758.6524992,16.572438995353878
1790389758.6716545,23.12584000173956
1790389758.67172,6.325821013888344
1790389758.6717858,28.635716007556766
1790389758.6804047,1.476195000577718
1790389758.7371275,19.8744350054767
1790389758.7371967,10.608477983623743
1790389758.7649896,2.48039499274455
1790389758.7676108,1.488675974542275
1790389758.769199,1.3132070016581565
1790389758.7748334,1.5408879844471812
1790389758.817445,2.5147590204142034
1790389758.8283648,1.6393010155297816
1790389758.8435402,2.272880985401571
1790389758.8478203,1.28248700639233
1790389758.8626237,1.5140449977479875
1790389758.8644266,1.6568920109421015
1790389758.8647106,1.5244919923134148
1790389758.8743212,1.6951450088527054
1790389758.8760753,1.6199509846046567
1790389758.8822463,1.2263369862921536
1790389758.9248142,1.9220500253140926
1790389758.929962,1.3153099862392992
1790389758.936304,1.3510389835573733
1790389758.952956,1.811205002013594
1790389758.966305,2.0936230139341205
1790389758.9682586,1.135864993557334
1790389758.9783678,1.755013974616304
1790389758.9926772,1.3492900179699063
1790389758.9982655,1.2278149952180684
1790389759.0318484,3.8884799869265407
1790389759.03213,19.54396700602956
1790389759.0386114,1.766662986483425
1790389759.0563262,1.8369730096310377
1790389759.0734797,1.5938169963192195
1790389759.1024864,20.489490998443216
1790389759.10312,10.079661995405331
1790389759.1033936,3.971458994783461
1790389759.1034524,20.52193699637428
1790389759.1096718,1.723738998407498
1790389759.1100974,1.5016279940027744
1790389759.114916,1.3736619730480015
1790389759.119958,1.3300349819473922
1790389759.1494763,1.5358899836428463
1790389759.1565368,1.4198349963407964
1790389759.1686995,1.5056570118758827
1790389759.192372,19.995601003756747
1790389759.2235386,19.220096000935882
1790389759.244504,19.793010025750846
1790389759.2455857,2.5410280213691294
1790389759.2466702,1.8845820159185678
1790389759.2470694,1.3062430080026388
1790389759.260126,1.9004629866685718
1790389759.2693996,1.2448060151655227
1790389759.2788153,1.5016160032246262
1790389759.302812,2.0344250078778714
1790389759.3151112,1.60152098396793
1790389759.3198192,1.3559279905166477
1790389759.3291163,1.2703220127150416
1790389759.331368,1.3944850070402026
1790389759.350511,1.7907459987327456
1790389759.3550475,1.6345690237358212
1790389759.3683903,1.3711150095332414
1790389759.3725827,1.4842620003037155
1790389759.3830352,1.8782049883157015
1790389759.4024181,20.336090005002916
1790389759.4032083,12.98494398361072
1790389759.4032748,2.662216022145003
1790389759.410276,1.469653012463823
1790389759.4173512,1.7686740029603243
1790389759.4274516,2.436434995615855
1790389759.4445453,1.8935890111606568
1790389759.4454107,1.6706190072000027
1790389759.4509914,1.5767950098961592
1790389759.4546766,1.410510012647137
1790389759.4738045,1.5700010117143393
1790389759.4768403,1.2535949936136603
1790389759.4818172,1.1235860001761466
1790389759.504388,1.6150250157807022
1790389759.504447,2.5631899770814925
1790389759.5116394,1.4494119968730956
1790389759.5205762,1.9604490080382675
1790389759.5558803,23.505546007072553
1790389759.5559864,36.25645299325697
1790389759.5801609,41.48922298918478
1790389759.5804713,35.8752150204964
1790389759.580957,27.330090990290046
1790389759.592057,39.983791997656226
1790389759.5923688,19.167796010151505
1790389759.5924542,27.41831200546585
1790389759.6129048,14.521450008032843
1790389759.6135702,24.072820000583306
1790389759.6140614,13.645962986629456
1790389759.6150076,1.3718539848923683
1790389759.6427307,23.080029990524054
1790389759.6463547,1.4819749922025949
1790389759.6662774,1.7265289789065719
1790389759.6747236,2.1665400126948953
1790389759.6754622,2.4428780016023666
1790389759.6762173,1.1696470028255135
1790389759.6987863,1.616902998648584
1790389759.7328675,1.6996709746308625
1790389759.7362254,1.7856420017778873
1790389759.7478533,1.6518109769094735
1790389759.7656646,1.9630160240922123
1790389759.7825484,2.1797559747938067
1790389759.782747,2.9174840019550174
1790389759.806635,23.818462999770418
1790389759.806793,19.18414101237431
1790389759.8073838,18.184574000770226
1790389759.808395,9.237271005986258
1790389759.8084743,14.793011010624468
1790389759.840113,41.48542697657831
1790389759.8513207,36.119366995990276
1790389759.852139,29.999772988958284
1790389759.8525245,33.4572309802752
1790389759.8526375,28.69490798912011
1790389759.8532887,17.29911201982759
1790389759.8533385,12.107005022699013
1790389759.860172,1.9829680095426738
1790389759.8602533,1.6009329992812127
1790389759.868688,1.4028300065547228
1790389759.872185,1.2304949923418462
1790389759.9117959,2.1212080027908087
1790389759.922773,1.5935949923004955
1790389759.9422026,1.7756689921952784
1790389759.9471965,1.6110340075101703
1790389759.9542625,1.3027609966229647
1790389759.9976156,1.8525730120018125
1790389760.0225954,1.6361409798264503
1790389760.0378008,1.5457490226253867
1790389760.0516987,2.032416989095509
1790389760.0530148,1.3032410060986876
1790389760.0595317,1.7064659914467484
1790389760.0744555,2.0928489975631237
1790389760.0809932,1.4040649984963238
1790389760.094946,1.6721739957574755
1790389760.105631,1.6578130016569048
1790389760.1233582,12.489555985666811
1790389760.1289446,22.430327022448182
1790389760.133208,1.338944013696164
1790389760.1401763,1.3165200070943683
1790389760.145436,1.5488539938814938
1790389760.1476417,1.583803998073563
1790389760.1876218,39.93078600615263
1790389760.1881876,38.678726996295154
1790389760.1886818,23.447044019121677
1790389760.1892173,23.337388993240893
1790389760.1897945,32.60904402122833
1790389760.1900816,15.889938978943974
1790389760.1903892,15.525739989243448
1790389760.190862,11.944308003876358
1790389760.191455,9.498588013229892
1790389760.191689,7.663241995032877
1790389760.1933522,1.5379789983853698
1790389760.194099,1.12783900112845
1790389760.2325149,21.079311991343275
1790389760.2336729,4.668334004236385
1790389760.2337487,3.941869013942778
1790389760.25215,1.9139060168527067
1790389760.2600284,2.4145669885911047
1790389760.2600758,2.011682983720675
1790389760.2696264,1.5865910099819303
1790389760.2909422,19.763496005907655
1790389760.3028278,1.6261290002148598
1790389760.3060765,1.4111830096226186
1790389760.3101625,1.5851579955779016
1790389760.3386438,1.5682439843658358
1790389760.3792,2.187064994359389
1790389760.3801963,1.536200987175107
1790389760.409042,1.9034519791603088
1790389760.4223125,2.095250994898379
1790389760.4277194,1.4633919927291572
1790389760.450388,1.7570219933986664
1790389760.4574442,1.7675030103418976
1790389760.4615283,1.5918079880066216
1790389760.4739628,1.7402560042683035
1790389760.5045493,20.63770400127396
1790389760.5047085,8.554739993996918
1790389760.5287669,1.6101470100693405
1790389760.53657,1.7630890069995075
1790389760.5416346,1.9733609806280583
1790389760.5437288,1.2083800102118403
1790389760.5547972,1.62924500182271
1790389760.5602372,1.2805969745386392
1790389760.5650098,1.6024420037865639
1790389760.5866852,1.7892129835672677
1790389760.5892951,1.3565259869210422
1790389760.6185586,20.17343998886645
1790389760.6318355,1.8746159912552685
1790389760.653624,7.859436998842284
1790389760.6538293,4.028630995890126
1790389760.6539247,21.036057005403563
1790389760.6548128,4.41636799951084
1790389760.655615,1.3138199865352362
1790389760.6980953,15.82812299602665
1790389760.6981893,23.801543982699513
1790389760.7129939,2.8001749888062477
1790389760.7214715,1.883629010990262
1790389760.73503,1.7103849968407303
1790389760.737902,1.6253749781753868
1790389760.7445326,1.9210739992558956
1790389760.749878,1.783297979272902
1790389760.7816315,2.1880980057176203
1790389760.792981,2.040788996964693
1790389760.799729,1.944310002727434
1790389760.8159318,1.775559998350218
1790389760.8244865,1.656256994465366
1790389760.8318295,2.3550080077257007
1790389760.8899488,23.327109985984862
1790389760.898561,38.744416990084574
1790389760.898692,24.972520011942834
1790389760.899394,29.733300994848832
1790389760.9004493,11.719964997610077
1790389760.9065244,7.090535014867783
1790389760.923837,22.515941003803164
1790389760.9239123,23.995622992515564
1790389760.9275358,1.6047569806687534
1790389760.943191,2.12113099405542
1790389760.9463823,1.9825769995804876
1790389760.9469552,1.4011779858265072
1790389760.9532945,1.39738799771294
1790389760.9761145,1.8298540089745075
1790389760.9944324,1.7150169878732413
1790389761.0016148,2.0070680184289813
1790389761.0064125,1.6253790236078203
1790389761.010779,1.5877439873293042
1790389761.0253985,1.7753520223777741
1790389761.0343096,1.5455470129381865
1790389761.0419688,1.5750559978187084
1790389761.0757859,1.6342689923476428
1790389761.124114,41.14729198045097
1790389761.124778,38.684525003191084
1790389761.1248436,5.026742001064122
1790389761.1344657,1.6123710083775222
1790389761.1430435,1.5191490238066763
1790389761.1546855,1.7126259917858988
1790389761.1623518,1.671274018008262
1790389761.1784623,1.794014999177307
1790389761.1820219,1.704424008494243
1790389761.1913664,1.6338260029442608
1790389761.1982784,1.4248189982026815
1790389761.2029996,1.2693200260400772
1790389761.2077386,1.514673000201583
1790389761.2399561,12.171534006483853
1790389761.245253,22.42084199679084
1790389761.2466364,16.253784007858485
1790389761.2471516,16.190483001992106
1790389761.2475615,12.509184016380459
1790389761.247632,17.685290018562227
1790389761.2508316,1.223111990839243
1790389761.2586398,1.311638014158234
1790389761.2717159,1.7347079992759973
1790389761.2800748,1.5058699937071651
1790389761.2865207,1.5516889980062842
1790389761.2983918,1.5065630141180009
1790389761.3152428,2.756422007223591
1790389761.3258276,12.144637992605567
1790389761.3383334,13.236716011306271
1790389761.3384168,25.409563997527584
1790389761.3420844,1.3825760106556118
1790389761.3890789,18.418621009914204
1790389761.3891704,22.907810984179378
1790389761.399548,1.736969978082925
1790389761.4305778,1.8120479944627732
1790389761.4414685,1.8443499866407365
1790389761.473238,13.17319498048164
1790389761.4739134,14.443067979300395
1790389761.474063,21.66851397487335
1790389761.474625,8.189562009647489
1790389761.4747112,5.200749001232907
1790389761.4905758,1.5699170180596411
1790389761.5543478,13.310676004039124
1790389761.554424,23.17673500510864
1790389761.5821648,7.385326025541872
1790389761.5824628,23.653973010368645
1790389761.5855436,1.4433020260185003
1790389761.5890644,2.02599901240319
1790389761.5891223,1.579997013323009
1790389761.6189866,24.637418013298884
1790389761.619171,24.30569301941432
1790389761.6237812,1.533448026748374
1790389761.6243079,1.3975859910715371
1790389761.6421227,1.775935001205653
1790389761.6578882,2.8155379986856133
1790389761.6579654,2.379571000346914
1790389761.664671,1.3538009952753782
1790389761.6992831,1.8466549809090793
1790389761.717091,2.2343939926940948
1790389761.7184432,1.245305989868939
1790389761.7310905,1.5418590046465397
1790389761.7712348,30.365111015271395
1790389761.7716663,23.60696400864981
1790389761.7803898,41.586156003177166
1790389761.7821348,23.125658015487716
1790389761.7824852,32.60266198776662
1790389761.7825873,17.00766201247461
1790389761.7826385,10.65895997453481
1790389761.7895474,1.327100006164983
1790389761.792185,1.840087992604822
1790389761.793406,2.502404007827863
1790389761.7934542,1.6424689965788275
1790389761.8070748,1.5222509973682463
1790389761.817108,1.7011150193866342
1790389761.8610282,2.1371489856392145
1790389761.887518,27.008054981706664
1790389761.9041164,35.48448599758558
1790389761.9206507,45.80794702633284
1790389761.925917,40.84205400431529
1790389761.9285405,63.93643899355084
1790389761.929167,20.664834999479353
1790389761.929231,30.054415023187175
1790389761.9292955,16.139804996782914
1790389761.9404995,1.4441630046349019
1790389761.9649897,1.7165559984277934
1790389762.009177,15.138268005102873
1790389762.01027,22.460184001829475
1790389762.0150666,19.115131988655776
1790389762.0624356,65.95659299637191
1790389762.075955,67.94042000547051
1790389762.0875807,52.40404399228282
1790389762.0877924,78.73736700275913
1790389762.0988543,61.73092999961227
1790389762.1144233,77.93365497491322
1790389762.1306572,87.2739430051297
1790389762.136538,89.68428199295886
1790389762.1402664,72.15623598312959
1790389762.1405523,78.96479801274836
1790389762.1406686,64.59736300166696
1790389762.1416423,57.41867201868445
1790389762.1432343,48.55454099015333
1790389762.143339,44.375947007210925
1790389762.1438303,17.36217801226303
1790389762.143904,15.953166992403567
1790389762.1463602,1.2195269810035825
1790389762.1544151,1.30868999985978
1790389762.168003,1.567737985169515
1790389762.1914113,22.1994339954108
1790389762.1917858,16.897875000722706
1790389762.1970575,20.512997987680137
1790389762.213956,13.289987982716411
1790389762.214614,35.746317997109145
1790389762.2147105,5.333659006282687
1790389762.2244296,1.4886989956721663
1790389762.2600589,1.6127150156535208
1790389762.2659898,1.68324401602149
1790389762.2914197,15.31433401396498
1790389762.2993925,25.33666099770926
1790389762.2999904,18.068081990350038
1790389762.3001013,20.424062007805333
1790389762.33048,18.911974009824917
1790389762.330705,24.41246699891053
1790389762.3315907,18.185360997449607
1790389762.3317287,18.925989017589018
1790389762.3320596,10.922576009761542
1790389762.3324869,7.163889007642865
1790389762.3342922,1.2733250041492283
1790389762.3488135,1.6394609992858022
1790389762.3874512,1.6438940074294806
1790389762.40658,1.6719980048947036
1790389762.4080386,1.3139430084265769
1790389762.4509063,35.15921998769045
1790389762.456031,46.50389900780283
1790389762.4561129,37.06012599286623
1790389762.4593124,41.57466598553583
1790389762.4596097,38.110138004412875
1790389762.4602478,29.959234001580626
1790389762.460607,2.532665996113792
1790389762.4611495,26.716238993685693
1790389762.4612088,3.7126610113773495
1790389762.469505,1.686823001364246
1790389762.4786534,1.708451978629455
1790389762.4789178,2.739443996688351
1790389762.4881408,1.306826015934348
1790389762.5013201,1.7142069991678
1790389762.5044484,1.5949529770296067
1790389762.5159583,2.3984919826034456
1790389762.5163627,2.197779016569257
1790389762.5271301,1.747684000292793
1790389762.5294306,1.3190169993322343
1790389762.5422094,1.5369979955721647
1790389762.5590484,2.0387399999890476
1790389762.5592904,1.7183349991682917
1790389762.5716877,1.6464929794892669
1790389762.6088965,1.7501699912827462
1790389762.631737,1.8369320023339242
1790389762.641376,1.7377749900333583
1790389762.6640656,17.654824012424797
1790389762.6780612,36.62125099799596
1790389762.6835847,34.270567004568875
1790389762.7025657,60.65645199851133
1790389762.7217238,48.65911498200148
1790389762.7504368,60.17123200581409
1790389762.7506995,48.78986900439486
1790389762.7509077,69.55746302264743
1790389762.7509882,83.35409802384675
1790389762.7514522,48.05009099072777
1790389762.7524154,3.1753980147186667
1790389762.7525117,5.2303609845694155
1790389762.8020182,39.603993005584925
1790389762.827262,62.11421298212372
1790389762.8276362,51.93740001413971
1790389762.8279116,51.45345799974166
1790389762.8287115,27.21399100846611
1790389762.828818,38.17174001596868
1790389762.8290503,19.244127004640177
1790389762.8366828,2.000220993068069
1790389762.8371422,1.5393820067401975
1790389762.8543642,1.5963760088197887
1790389762.8880024,1.7101280100177974
1790389762.8880708,2.484864991856739
1790389762.9060354,2.046067005721852
1790389762.939629,25.722947000758722
1790389762.9553368,29.604873998323455
1790389762.956315,21.08060900354758
1790389762.9566092,26.652291999198496
1790389762.9620962,14.807403989834711
1790389762.9784195,3.8469980063382536
1790389762.9785416,31.332345999544486
1790389762.982527,1.6371649981010705
1790389763.0100555,22.27769701858051
1790389763.01139,18.19556500413455
1790389763.0115032,10.036230989499018
1790389763.0216606,17.6448879938107
1790389763.0275426,17.115266004111618
1790389763.0500073,41.64245200809091
1790389763.0576503,10.733886010712013
1790389763.0577378,35.30392001266591
1790389763.0582287,40.457769006025046
1790389763.0582955,6.921029009390622
1790389763.0650253,1.3222770066931844
1790389763.1041117,17.582198983291164
1790389763.1076214,40.49566501635127
1790389763.1079614,18.95014100591652
1790389763.1087632,16.181071987375617
1790389763.1090322,10.213402012595907
1790389763.109086,37.0059400156606
1790389763.1562366,1055.521817994304
1790389763.1708174,1098.5772960120812
1790389763.175965,32.77705199434422
1790389763.1862125,54.50950100203045
1790389763.1934788,1124.0520470018964
1790389763.1943014,44.076746999053285
1790389763.1994812,44.51632598647848
1790389763.2158587,37.145561014767736
1790389763.2179186,60.1336529944092
1790389763.218016,39.87373199197464
1790389763.2180786,5.703344009816647
1790389763.24927,22.458044986706227
1790389763.2493389,17.356045020278543
1790389763.256055,1.4444559928961098
1790389763.2676258,2.0404340175446123
1790389763.2882278,1.602107979124412
1790389763.2955806,1.518200006103143
1790389763.3133411,1.7323629872407764
1790389763.3243134,2.510578982764855
1790389763.3244498,3.8707439962308854
1790389763.32526,2.27701201220043
1790389763.3572931,22.391989012248814
1790389763.3778687,23.001984984148294
1790389763.37823,25.48163299798034
1790389763.3784702,20.04067800589837
1790389763.3785262,13.81616000435315
1790389763.3957613,1.5917500131763518
1790389763.3978968,1.2267199927009642
1790389763.4041603,1.6443830099888146
1790389763.4494107,1.644444011617452
1790389763.4513621,1.412867015460506
1790389763.4521139,1.555636990815401
1790389763.4660149,2.294689998961985
1790389763.4712627,1.9044610089622438
1790389763.4777708,2.4418070097453892
1790389763.4778478,3.1275850196834654
1790389763.495134,1.7023399996105582
1790389763.498078,1.275838993024081
1790389763.5020885,1.394355989759788
1790389763.5145807,2.0561990095302463
1790389763.5146632,2.5987219996750355
1790389763.5308108,1.5033649979159236
1790389763.5355647,1.4525129809044302
1790389763.5443914,1.5908580098766834
1790389763.546322,1.1729419929906726
1790389763.5569892,1.6851570107974112
1790389763.5628493,1.6586880083195865
1790389763.572792,2.8206190036144108
1790389763.5729105,3.1612140010111034
1790389763.629358,25.485515012405813
1790389763.629871,7.754262973321602
1790389763.6299624,15.049905981868505
1790389763.6396935,1.8444050219841301
1790389763.6582735,1.6938800108619034
1790389763.6756773,2.243142982479185
1790389763.6773057,1.6133350145537406
1790389763.7097752,23.518649017205462
1790389763.7098534,26.234004995785654
1790389763.7155948,1.4610099897254258
1790389763.728115,1.9209199817851186
1790389763.7563586,20.830379013204947
1790389763.7604415,1.5707080019637942
1790389763.8059292,9.26121001248248
1790389763.8060007,37.008300016168505
1790389763.8060672,20.973794016754255
1790389763.828637,19.2477090167813
1790389763.8294501,2.618402009829879
1790389763.829518,23.36198801640421
1790389763.8570297,2.4762199900578707
1790389763.8571959,3.13066499074921
1790389763.8577633,1.9784670148510486
1790389763.8610573,1.1139770213048905
1790389763.8984156,18.803439976181835
1790389763.8988547,23.127326014218852
1790389763.9403064,28.69874399038963
1790389763.9403872,9.32041701162234
1790389763.9405022,19.85846398747526
1790389763.9424527,2.0556150120683014
1790389763.9830856,41.70539602637291
1790389763.9838371,17.700544005492702
1790389763.983955,17.082809994462878
1790389763.984013,35.72330198949203
1790389763.9871914,1.4177820121403784
1790389763.998151,2.0159890118520707
1790389763.9982674,2.768214006209746
1790389764.031242,1.833859016187489
1790389764.0576496,2.2985319956205785
1790389764.057717,2.983206999488175
1790389764.076357,1.9731770153157413
1790389764.085807,1.5991469845175743
1790389764.0932014,1.7088060267269611
1790389764.1263015,21.42887600348331
1790389764.1379814,1.937124994583428
1790389764.1626458,2.003823989070952
1790389764.1689117,1.7674120026640594
1790389764.1768253,1.5220300119835883
1790389764.1933463,1.7754680011421442
1790389764.2181647,1.7400860087946057
1790389764.2239816,1.335812994511798
1790389764.2411516,1.5914450050331652
1790389764.247292,2.069133013719693
1790389764.2657397,1.657159999012947
1790389764.2733142,1.8859280098695308
1790389764.2768333,1.6176959907170385
1790389764.2839646,1.4282119809649885
1790389764.2895358,1.4915050123818219
1790389764.2904394,1.6006559890229255
1790389764.2912347,1.4922890113666654
1790389764.308832,2.2431449906434864
1790389764.3089144,2.985852013807744
1790389764.3135571,1.7253989935852587
1790389764.3154676,1.2719029909931123
1790389764.357967,33.989731018664315
1790389764.3893785,64.3475430260878
1790389764.389789,63.05069298832677
1790389764.3952544,70.80973600386642
1790389764.4014454,67.54434600588866
1790389764.406962,66.12802401650697
1790389764.4145324,34.02391498093493
1790389764.414639,17.502786999102682
1790389764.4147897,22.5886529951822
1790389764.4163392,1.312940992647782
1790389764.426702,1.7637340060900897
1790389764.5077493,71.5899070200976
1790389764.5078745,73.89788201544434
1790389764.5079906,65.60981398797594
1790389764.5080547,66.63655300508253
1790389764.5180936,60.64092699671164
1790389764.5314429,65.83947999752127
1790389764.531628,72.57233498967253
1790389764.531712,68.96362898987718
1790389764.5328147,2.7685130189638585
1790389764.532942,33.573763008462265
1790389764.5330057,9.22362899291329
1790389764.5330553,24.281070014694706
1790389764.5539463,13.234382000518963
1790389764.5570688,20.11742800823413
1790389764.558108,4.948079993482679
1790389764.5581803,9.321128018200397
1790389764.560475,1.0650540061760694
1790389764.5647895,1.4172169903758913
1790389764.573984,1.6479349869769067
1790389764.5955071,15.793005004525185
1790389764.5956206,20.38247400196269
1790389764.5965924,16.334790998371318
1790389764.596651,13.712898013181984
1790389764.648059,21.42753198859282
1790389764.668647,1.585268008057028
1790389764.6752946,1.585785998031497
1790389764.6780474,1.3802000030409545
1790389764.7065034,2.315126999747008
1790389764.7078145,1.300379983149469
1790389764.7271178,1.6416609869338572
1790389764.7608309,1.6054099833127111
1790389764.771699,1.6665380098856986
1790389764.7968602,23.2273549772799
1790389764.7969458,15.53379200049676
1790389764.8206577,1.5717250062152743
1790389764.8321126,1.642921008169651
1790389764.8336203,1.3234459911473095
1790389764.840871,1.4112330100033432
1790389764.862617,1.782298000762239
1790389764.8650243,1.3025829975958914
1790389764.870753,1.8909070058725774
1790389764.8708196,2.5551379949320108
1790389764.8794804,1.4773299917578697
1790389764.8842368,1.6259289986919612
1790389764.885139,1.2718660000246018
1790389764.9042912,2.2995460021775216
1790389764.9050303,1.545172999612987
1790389764.9106705,1.25028399634175
1790389764.9173815,2.8656450158450752
1790389764.9318798,1.7259699816349894
1790389764.9389088,1.3471310085151345
1790389764.9789062,1.8609039834700525
1790389764.9910808,1.6091820143628865
1790389765.0276034,11.217198014492169
1790389765.0281634,22.589559986954555
1790389765.0282786,6.830603000707924
1790389765.047687,1.8747090070974082
1790389765.048179,1.6691430064383894
1790389765.0677264,1.7058099911082536
1790389765.085479,2.5232560001313686
1790389765.0912766,1.7992049979511648
1790389765.092821,2.233336999779567
1790389765.0935664,1.3798980216961354
1790389765.099545,1.5541139873676002
1790389765.1002843,1.0907720134127885
1790389765.1217074,1.6012109990697354
1790389765.140258,3.2938850054051727
1790389765.1403735,3.5513410111889243
1790389765.1555297,1.7706420039758086
1790389765.159925,1.3054570008534938
1790389765.1801383,1.5707770071458071
1790389765.1989553,1.7886199930217117
1790389765.2326362,2.003083995077759
1790389765.2680469,2.364907006267458
1790389765.2951715,1.9699200056493282
1790389765.2989776,1.5038170095067471
1790389765.308953,2.454806992318481
1790389765.3139942,1.9666530133690685
1790389765.315676,1.3627050211653113
1790389765.329668,1.5991890104487538
1790389765.368619,16.61273097852245
1790389765.3687527,22.997378022409976
1790389765.3688238,25.36499098641798
1790389765.369355,11.301777005428448
1790389765.3803258,2.1352040057536215
1790389765.3814452,1.9994099857285619
1790389765.383694,2.237573004094884
1790389765.385945,2.403441001661122
1790389765.3873324,1.8186850065831095
1790389765.389654,1.709017000393942
1790389765.3913963,1.7291909898631275
1790389765.4163024,2.1485369943547994
1790389765.4409966,23.21365600801073
1790389765.4493773,2.035145997069776
1790389765.4527693,1.7977120005525649
1790389765.4680748,1.8058109853882343
1790389765.4733145,2.12201799149625
1790389765.4882658,2.1910459909122437
1790389765.4993234,1.865246013039723
1790389765.5463362,25.5101399961859
1790389765.546741,28.484842012403533
1790389765.547741,2.0270009990781546
1790389765.5669715,1.7582629807293415
1790389765.6008348,1.8161040206905454
1790389765.6336284,1.850783999543637
1790389765.643858,2.0758140017278492
1790389765.6449726,3.8522719987668097
1790389765.6462088,3.235103009501472
1790389765.64704,1.8879990093410015
1790389765.647105,2.686930005438626
1790389765.6680994,2.22754999413155
1790389765.6715717,2.1076550183352083
1790389765.67274,1.1493779893498868
1790389765.7051961,17.750792991137132
1790389765.7052734,23.200900002848357
1790389765.7169843,1.4975600061006844
1790389765.718828,1.3952550070825964
1790389765.7221458,1.144495006883517
1790389765.7420042,1.6183209954760969
1790389765.7642977,1.875489018857479
1790389765.77058,1.590870990185067
1790389765.7729757,1.1989409977104515
1790389765.7885077,1.969050004845485
1790389765.7998502,1.5606609813403338
1790389765.8289697,2.0831989822909236
1790389765.8513134,1.74940301803872
1790389765.873974,21.934045013040304
1790389765.8740637,15.596085984725505
1790389765.8779924,1.3469130208250135
1790389765.883747,1.261947996681556
1790389765.9326859,16.492800001287833
1790389765.9327977,41.40202997950837
1790389765.9337554,32.896263001021
1790389765.9338956,9.964394004782662
1790389765.9339616,6.764049001503736
1790389765.9595978,10.63479998265393
1790389765.9597087,21.85012400150299
1790389765.9899957,23.338102007983252
1790389765.9900877,9.741063026012853
1790389765.9972064,1.6752119990997016
1790389766.002985,1.275991991860792
1790389766.0265899,21.55976399080828
1790389766.0356872,1.939564972417429
1790389766.0443547,2.193088992498815
1790389766.0553753,2.038325008470565
1790389766.0567806,1.2153360003139824
1790389766.05827,1.1056599905714393
1790389766.1036596,31.593886989867315
1790389766.1147044,21.289547003107145
1790389766.1529317,61.87818999751471
1790389766.1645658,65.1774360158015
1790389766.1646566,47.615987015888095
1790389766.1655338,61.49871399975382
1790389766.1660936,35.72991502005607
1790389766.1661942,35.0043700018432
1790389766.166529,12.911153986351565
1790389766.1995742,22.866280982270837
1790389766.2055943,2.1626719972118735
1790389766.2067413,2.1421619749162346
1790389766.2073116,1.4353070000652224
1790389766.223393,1.7056119977496564
1790389766.2286403,1.3417220034170896
1790389766.2594838,13.211713987402618
1790389766.261012,10.724012012360618
1790389766.2610826,4.585507995216176
1790389766.2611582,24.377957975957543
1790389766.2814841,2.203434007242322
1790389766.299411,1.7154279921669513
1790389766.3132367,1.6374900005757809
1790389766.33117,1.7408029816579074
1790389766.358959,21.063298016088083
1790389766.359727,1.9433440174907446
1790389766.3613756,1.3572390016634017
1790389766.393808,24.243359017418697
1790389766.3943388,18.724261986790225
1790389766.3952925,27.520863979589194
1790389766.3955922,13.636151998071
1790389766.395675,16.100698994705454
1790389766.4431155,19.032100011827424
1790389766.4432023,25.38420000928454
1790389766.4570117,2.043371001491323
1790389766.4613695,1.7805480165407062
1790389766.4641528,1.7739209870342165
1790389766.4907331,22.9899030236993
1790389766.4908304,8.243850985309109
1790389766.4908986,12.513833004049957
1790389766.5006878,2.1534080151468515
1790389766.5012553,1.4537879906129092
1790389766.523551,1.8930000078398734
1790389766.5236526,2.5221800024155527
1790389766.5465622,1.65798602392897
1790389766.5598295,2.0453940087463707
1790389766.5789316,1.8213420116808265
1790389766.6163592,2.391230984358117
1790389766.6211088,1.4951619959902018
1790389766.6253965,1.423685986083001
1790389766.629235,1.840851007727906
1790389766.6538844,8.923265006160364
1790389766.6539724,23.25739900697954
1790389766.6819148,23.22406502207741
1790389766.6822743,8.86924599763006
1790389766.7190156,1.7241839959751815
1790389766.7208498,1.5677080082241446
1790389766.7418113,1.873428001999855
1790389766.7433746,1.2973889824934304
1790389766.7816389,8.1535019853618
1790389766.7821875,21.412469999631867
1790389766.78227,5.739663989515975
1790389766.7938557,1.5431919891852885
1790389766.811246,2.218196983449161
1790389766.8164637,1.6635539941489697
1790389766.8297164,1.5535809798166156
1790389766.8640785,1.6465199878439307
1790389766.8792806,1.9303830049466342
1790389766.9005926,20.89171000989154
1790389766.9404655,21.73819101881236
1790389766.940771,7.58547501754947
1790389766.9436336,1.9162959943059832
1790389766.9444952,1.581752992933616
1790389766.9922621,2.032017015153542
1790389766.9944685,1.5294649929273874
1790389766.998703,1.4195250114426017
1790389767.0267835,26.162976981140673
1790389767.027222,27.03087800182402
1790389767.0275922,17.49541799654253
1790389767.0276518,14.13355499971658
1790389767.0298672,1.6208830056712031
1790389767.042665,1.6116370097734034
1790389767.045649,1.4389339776244015
1790389767.0565434,2.130684006260708
1790389767.063002,2.246913005365059
1790389767.0632763,2.5904939975589514
1790389767.0731514,1.5571669791825116
1790389767.1134577,1.924386975588277
1790389767.1141012,1.7720169853419065
1790389767.1362283,1.8966170027852058
1790389767.1698956,1.7239770095329732
1790389767.195062,2.8061449993401766
1790389767.1954195,3.308545012259856
1790389767.221414,20.007575018098578
1790389767.2219927,13.455970009090379
1790389767.2220554,22.325753001496196
1790389767.2530107,14.413052005693316
1790389767.2535293,22.876616014400497
1790389767.2536483,5.911023996304721
1790389767.2537253,14.598439011024311
1790389767.2557082,1.2876669934485108
1790389767.2961528,1.8696590268518776
1790389767.3576753,13.805991999106482
1790389767.357845,23.928840004373342
1790389767.378792,51.11979099456221
1790389767.3796387,35.03101799287833
1790389767.3802404,18.51603901013732
1790389767.3803284,19.473401975119486
1790389767.3877275,1.6242919955402613
1790389767.3913057,1.3242030108813196
1790389767.4224994,1.7650510126259178
1790389767.4257112,1.998713007196784
1790389767.4402623,1.8051379884127527
1790389767.4527001,1.7305700166616589
1790389767.4597313,1.4858150098007172
1790389767.4650636,1.4863530232105404
1790389767.4880965,1.7739509930834174
1790389767.4959686,1.3869419926777482
1790389767.4983842,1.5654380258638412
1790389767.5403132,41.82267899159342
1790389767.5407133,35.74658097932115
1790389767.5424154,42.36462700646371
1790389767.5431051,25.855201995000243
1790389767.543257,23.18710499093868
1790389767.5433092,9.199735010042787
1790389767.5597131,11.538168007973582
1790389767.566995,25.281790003646165
1790389767.582982,1.930402999278158
1790389767.5935178,1.935970998601988
1790389767.6105797,1.5398029936477542
1790389767.646179,2.4918529961723834
1790389767.6466672,3.5208579793106765
1790389767.6578324,1.6308609920088202
1790389767.697715,1.9776249828282744
1790389767.7251542,2.8338379925116897
1790389767.726431,3.3215150178875774
1790389767.7265167,2.865014015696943
1790389767.7468932,1.5342720143962651
1790389767.7588818,1.602375996299088
1790389767.7933195,22.98331298516132
1790389767.7937038,17.35627802554518
1790389767.793979,13.638392993016168
1790389767.7950141,11.974910012213513
1790389767.795073,11.370344989700243
1790389767.8120496,1.70979299582541
1790389767.815692,2.2699719993397593
1790389767.8157456,1.839877018937841
1790389767.8350046,2.294014993822202
1790389767.8355584,2.2507350076921284
1790389767.8556376,2.046242996584624
1790389767.8988385,2.477014990290627
1790389767.950364,2.055799006484449
1790389767.955231,1.6312770021613687
1790389767.9658992,2.7775400085374713
1790389767.9660177,2.3459479853045195
1790389767.988605,21.958334022201598
1790389767.9892192,9.89320399821736
1790389767.9892743,2.2358029964379966
1790389767.9942994,1.5502739988733083
1790389768.0042846,2.5341209839098155
1790389768.004389,2.1356900106184185
1790389768.0159686,2.2126469993963838
1790389768.016461,2.1502939925994724
1790389768.0618944,42.102164996322244
1790389768.072466,31.602249015122652
1790389768.0731528,42.432831978658214
1790389768.0989332,40.573426987975836
1790389768.108549,63.40447999536991
1790389768.1190922,56.50550499558449
1790389768.1239119,56.38321000151336
1790389768.124704,60.20996900042519
1790389768.1360774,43.60549399279989
1790389768.1361644,60.88797698612325
1790389768.1452568,43.84833198855631
1790389768.145342,43.39353198884055
1790389768.1459699,32.317123987013474
1790389768.1460247,7.761946995742619
1790389768.1497726,1.5147630183491856
1790389768.160618,1.3607729924842715
1790389768.1671424,1.5338200028054416
1790389768.194403,21.571293007582426
1790389768.1948211,16.226003994233906
1790389768.1949449,23.138995020417497
1790389768.1960566,17.873592005344108
1790389768.1961486,14.521219010930508
1790389768.196644,9.954977984307334
1790389768.2050803,1.4894689957145602
1790389768.2327538,1.8812759954016656
1790389768.2352738,1.4424449764192104
1790389768.255238,1.7664699989836663
1790389768.2662826,1.9345479959156364
1790389768.2671835,1.7219989967998117
1790389768.2714252,1.2180490011814982
1790389768.2763643,1.413722027791664
1790389768.2974732,1.5865050081629306
1790389768.334046,1.618659996893257
1790389768.3376298,1.3878019817639142
1790389768.3399563,1.9718690018635243
1790389768.4149415,2.053215983323753
1790389768.4310741,1.7854819889180362
1790389768.4616642,1.7239319859072566
1790389768.4831238,2.1856569801457226
1790389768.4831927,2.9024300165474415
1790389768.5048814,1.888741011498496
1790389768.5252328,1.7951409972738475
1790389768.5287385,1.689327007625252
1790389768.5385566,1.817270996980369
1790389768.5424829,1.486810011556372
1790389768.5491297,2.524104987969622
1790389768.5542595,1.3314250099938363
1790389768.591369,1.8847750034183264
1790389768.6528895,40.58529599569738
1790389768.6530316,43.12168402248062
1790389768.653212,40.47007000190206
1790389768.6532862,41.493163007544354
1790389768.6541536,24.80176798417233
1790389768.65446,18.18088098661974
1790389768.6545296,31.539457995677367
1790389768.6568353,1.2479430006351322
1790389768.6663933,1.6907259996514767
1790389768.6704175,1.4641929883509874
1790389768.6708992,1.233463000971824
1790389768.6855059,2.0555460068862885
1790389768.6860871,1.4867220015730709
1790389768.6956556,1.6579589864704758
1790389768.7019365,1.480826991610229
1790389768.7045069,1.1651090171653777
1790389768.7127967,1.589412015164271
1790389768.7373996,2.5190050073433667
1790389768.7473965,1.6691960045136511
1790389768.7740517,20.029958977829665
1790389768.774246,18.96924400352873
1790389768.77431,22.00618397910148
1790389768.7866905,1.4765940140932798
1790389768.7893937,1.3434469874482602
1790389768.8271184,1.7268740048166364
1790389768.8311431,1.442940003471449
1790389768.8462708,1.5858050028327852
1790389768.865623,1.7182670126203448
1790389768.8911452,3.049624996492639
1790389768.8916607,2.678545017261058
1790389768.8917131,3.7376729887910187
1790389768.9037619,1.500927988672629
1790389768.9135754,1.8969770171679556
1790389768.929112,1.7741080082487315
1790389768.9322312,1.4234789996407926
1790389768.9352298,1.3139960065018386
1790389768.9598436,2.214055974036455
1790389768.9658747,1.647358003538102
1790389768.9989862,12.092959979781881
1790389768.9990675,24.37349798856303
1790389769.003682,15.904015017440543
1790389769.0204444,26.869105990044773
1790389769.0205424,31.623907008906826
1790389769.0212457,23.725220991764218
1790389769.0221796,11.76128099905327
1790389769.0225673,11.657483992166817
1790389769.02264,21.92278200527653
1790389769.027247,1.3213619822636247
1790389769.0341675,1.5302380197681487
1790389769.0415196,1.338474015938118
1790389769.0992465,26.213909994112328
1790389769.1210577,41.20887900353409
1790389769.1211495,24.938998016295955
1790389769.1259723,28.58603702043183
1790389769.1389797,53.392332018120214
1790389769.1399791,37.605379009619355
1790389769.1414654,38.675496994983405
1790389769.141589,17.74168701376766
1790389769.1416588,30.43649101164192
1790389769.1417093,38.124663988128304
1790389769.1571333,1.954915001988411
1790389769.172627,1.78322201827541
1790389769.1739178,1.2801499979104847
1790389769.1811197,1.4553219953086227
1790389769.1895895,1.633581006899476
1790389769.1937876,1.4387969858944416
1790389769.1956806,1.544839993584901
1790389769.2013102,1.2518409930635244
1790389769.2153895,1.6623260162305087
1790389769.262799,24.165673996321857
1790389769.273465,32.317837001755834
1790389769.2785864,39.378257002681494
1790389769.2843084,36.79745300905779
1790389769.2848065,3.814029012573883
1790389769.2889686,1.896444009616971
1790389769.2991002,1.9813459948636591
1790389769.301943,1.4133539807517081
1790389769.3030956,1.1436670029070228
1790389769.3105698,1.3293810188770294
1790389769.3173685,1.4946279989089817
1790389769.3201313,1.3776859850622714
1790389769.3253005,1.485237997258082
1790389769.3278787,2.567988005466759
1790389769.327965,2.102443017065525
1790389769.3453567,1.9029540126211941
1790389769.3498821,1.313159998971969
1790389769.3532867,1.30393699510023
1790389769.3643076,2.2658800007775426
1790389769.3656733,1.9409719971008599
1790389769.3657537,2.7643100183922797
1790389769.3789253,1.6932400176301599
1790389769.409218,26.831908005988225
1790389769.4093475,20.75654297368601
1790389769.4096265,14.197192998835817
1790389769.4144738,1.7315000004600734
1790389769.4351034,2.8604149993043393
1790389769.4703698,1.7355000018142164
1790389769.514966,41.897407005308196
1790389769.515325,41.62037299829535
1790389769.5161037,44.69548899214715
1790389769.5165722,27.95489301206544
1790389769.5171497,27.87896798690781
1790389769.517213,19.901402993127704
1790389769.5206902,3.064732998609543
1790389769.534507,1.8362209957558662
1790389769.5449452,2.2008790110703558
1790389769.5464363,1.330738014075905
1790389769.5546055,2.0483869884628803
1790389769.5546699,1.6117460036184639
1790389769.572383,1.8199670012108982
1790389769.5834363,1.721171021927148
1790389769.5850797,1.2482900056056678
1790389769.5899365,1.397458981955424
1790389769.5933545,1.5052110247779638
1790389769.6084957,1.827430009143427
1790389769.6164002,1.49017502553761
1790389769.6589942,39.43428298225626
1790389769.6641567,18.202150997240096
1790389769.666271,31.31664701504633
1790389769.6771333,1.846408995334059
1790389769.696667,1.6382289759349078
1790389769.6987371,1.3518350024241954
1790389769.7709417,38.589036994380876
1790389769.7710855,30.17090298817493
1790389769.7712817,35.785093990853056
1790389769.7713573,46.479276003083214
1790389769.7722163,2.8055049770046026
1790389769.779054,1.4095329970587045
1790389769.7908182,1.5333070186898112
1790389769.805721,1.84535700827837
1790389769.806277,1.401803980115801
1790389769.8262064,19.47004601242952
1790389769.8308892,1.5465970209334046
1790389769.8419988,1.4675190031994134
1790389769.8528132,1.6014169959817082
1790389769.858405,1.575095986481756
1790389769.8761218,6.870468001579866
1790389769.8909767,22.14829801232554
1790389769.9012833,26.94938299828209
1790389769.9109478,32.061951991636306
1790389769.924257,2.088399982312694
1790389769.9298666,1.7003429820761085
1790389769.9337585,1.6894559958018363
1790389769.948548,1.7594370001461357
1790389769.9502435,1.3672030181623995
1790389769.9570765,1.2648300034925342
1790389769.9896927,24.895862996345386
1790389769.9897926,15.498594992095605
1790389770.0061536,2.2100129863247275
1790389770.0079536,1.6480179911013693
1790389770.0379815,25.787594000576064
1790389770.0538921,43.41955701238476
1790389770.055166,39.575256989337504
1790389770.0552905,35.79662600532174
1790389770.0555751,31.20448300614953
1790389770.0559545,30.30336002120748
1790389770.056448,27.61979997740127
1790389770.072091,2.9901450034230947
1790389770.0721605,2.54906399641186
1790389770.0765195,1.3535310281440616
1790389770.080267,1.3150500017218292
1790389770.0822964,1.1939389805775136
1790389770.0875711,1.462293992517516
1790389770.0980096,1.777237979695201
1790389770.1154976,1.7429250001441687
1790389770.1347027,2.1810749894939363
1790389770.1481698,1.82313600089401
1790389770.149147,1.8974579870700836
1790389770.1613212,1.52969901682809
1790389770.1659884,1.5419959963764995
1790389770.1729274,1.6306189936585724
1790389770.1776204,1.3210229808464646
1790389770.1818109,1.3855709985364228
1790389770.2052686,15.113768982701004
1790389770.2140336,18.46385301905684
1790389770.2142003,26.80459199473262
1790389770.2143219,16.688198986230418
1790389770.2144237,14.583993994165212
1790389770.2195685,1.2613550061360002
1790389770.227993,1.8948279903270304
1790389770.2493765,1.9462690106593072
1790389770.2603931,1.6127509879879653
1790389770.2738802,2.2917379974387586
1790389770.2899542,1.9588669820223004
1790389770.315179,2.242617978481576
1790389770.3176854,1.8550629902165383
1790389770.333772,2.0157670078333467
1790389770.3587275,2.045236004050821
1790389770.3917766,15.986282000085339
1790389770.3926196,28.191433986648917
1790389770.392708,15.397473995108157
1790389770.3930533,9.467275987844914
1790389770.4023006,2.6812260039150715
1790389770.4149463,2.235454972833395
1790389770.4197001,2.0073280029464513
1790389770.4241385,2.0055870118085295
1790389770.4376714,1.9454940047580749
1790389770.4578984,3.3540060103405267
1790389770.4579632,3.2902320090215653
1790389770.4760256,1.61717101582326
1790389770.518246,12.214525020681322
1790389770.520983,23.665617016376927
1790389770.5236075,1.4373549784068018
1790389770.5286424,1.3487020041793585
1790389770.5398743,1.6347490018233657
1790389770.542069,1.2280420050956309
1790389770.5434606,1.382628979627043
1790389770.5537164,1.8572819826658815
1790389770.5639696,1.6371129895560443
1790389770.56912,1.5767290024086833
1790389770.5790777,1.6007219965104014
1790389770.5798364,1.5490829828195274
1790389770.589463,1.6691630007699132
1790389770.6111836,21.139427000889555
1790389770.6115735,23.10711401514709
1790389770.6127975,21.279709006194025
1790389770.6243033,32.35157401650213
1790389770.629188,16.922598995734006
1790389770.6324356,28.74583500670269
1790389770.6325052,11.71256200177595
1790389770.63345,5.837884993525222
1790389770.6335182,6.7144070053473115
1790389770.6522949,1.6257649986073375
1790389770.65839,1.6241089906543493
1790389770.6604629,1.3593649782706052
1790389770.6662009,1.453773002140224
1790389770.6918528,1.9159140065312386
1790389770.713938,1.8795249925460666
1790389770.715725,1.7727209778968245
1790389770.7449324,2.322800981346518
1790389770.7636173,1.9367309869267046
1790389770.771597,1.7984829901251942
1790389770.7808192,1.5384500147774816
1790389770.786268,1.5464730095118284
1790389770.8094742,1.870967011200264
1790389770.8138676,1.3045250088907778
1790389770.8218246,1.565604005008936
1790389770.8507178,22.42830500472337
1790389770.8511577,4.968107998138294
1790389770.8728478,23.330776020884514
1790389770.9089115,32.91747998446226
1790389770.9227157,34.61231800611131
1790389770.9232047,31.04822401655838
1790389770.9237096,28.059291013050824
1790389770.9237816,25.121260987361893
1790389770.9298036,1.3708439946640283
1790389770.9399903,1.5764270210638642
1790389770.9761727,21.64182800333947
1790389770.9768968,12.147998990258202
1790389770.9784956,11.300304002361372
1790389770.9786675,5.277210992062464
1790389770.9787495,25.273425999330357
1790389770.9805324,1.2648080009967089
1790389770.9871018,1.3087979750707746
1790389770.9973428,1.4496349904220551
1790389771.0578613,42.32133299228735
1790389771.0589356,32.730365986935794
1790389771.0593572,3.934708976885304
1790389771.0594585,3.3917179971467704
1790389771.0615094,1.1301070044282824
1790389771.068984,1.497446995927021
1790389771.07364,1.3677309907507151
1790389771.0768297,1.2113309931010008
1790389771.1206605,15.17184599651955
1790389771.1217084,9.296881995396689
1790389771.121809,25.915014994097874
1790389771.121865,4.191120009636506
1790389771.142389,2.70050999824889
1790389771.1472616,1.6868360107764602
1790389771.1600337,1.9280670094303787
1790389771.160567,1.4512249908875674
1790389771.1675959,1.3255070080049336
1790389771.1706686,1.3333729875739664
1790389771.1711605,1.2674529862124473
1790389771.1742167,1.4698940212838352
1790389771.1970909,1.837549003539607
1790389771.233253,22.293799003819004
1790389771.2432005,2.017833001445979
1790389771.2436655,1.2894330138806254
1790389771.2744708,3.7129970150999725
1790389771.2745543,22.440489992732182
1790389771.2975967,15.30163999996148
1790389771.3018942,16.7803909862414
1790389771.3022845,25.162006000755355
1790389771.3031797,7.1801690210122615
1790389771.3032508,13.658311014296487
1790389771.3230743,26.31014698999934
1790389771.3238328,2.8804180037695915
1790389771.341529,1.8126580107491463
1790389771.3481772,1.4786050014663488
1790389771.3621466,2.0372900180518627
1790389771.3652086,1.5478430141229182
1790389771.37921,2.1859149856027216
1790389771.3801072,1.3522430090233684
1790389771.387395,1.3536880142055452
1790389771.3956537,2.214982989244163
1790389771.4211736,1.876672002254054
1790389771.4264326,1.771045004716143
1790389771.4282448,1.2318000080995262
1790389771.4375818,1.7671099922154099
1790389771.4454837,1.9482810166664422
1790389771.4578505,2.250015997560695
1790389771.4782515,2.0544810104183853
1790389771.4813094,1.5004939923528582
1790389771.4912965,2.0462060056161135
1790389771.515797,1.666084019234404
1790389771.527125,1.5337479999288917
1790389771.5328553,1.3197759981267154
1790389771.552379,1.7207720084115863
1790389771.5810866,23.378731013508514
1790389771.5817597,3.4714819921646267
1790389771.5818188,14.610047976020724
1790389771.5968282,1.7047360015567392
1790389771.6009552,1.4342280046548694
1790389771.6424913,1.7307949892710894
1790389771.6696374,1.7669599910732359
1790389771.6718657,1.5111250104382634
1790389771.6751091,1.2290070008020848
1790389771.6845846,1.6248760221060365
1790389771.71048,2.25567098823376
1790389771.7303765,2.0362110226415098
1790389771.730849,1.6813810216262937
1790389771.7329822,1.3432109844870865
1790389771.7334151,1.2733860057778656
1790389771.7509,1.7845520051196218
1790389771.807606,1.6978730272967368
1790389771.8279908,2.0348149992059916
1790389771.8303125,1.8189660040661693
1790389771.8309445,1.6603159892838448
1790389771.8580337,7.612748013343662
1790389771.8581128,22.539307014085352
1790389771.89593,23.37314301985316
1790389771.8970664,18.62061899737455
1790389771.8972788,24.115559994243085
1790389771.8973806,23.669179005082697
1790389771.8974519,9.823379019508138
1790389771.9016123,1.453806005883962
1790389771.9486644,1.7797990003600717
1790389771.965414,1.9464549841359258
1790389771.99552,13.036460004514083
1790389771.995608,22.684666997520253
1790389772.011783,1.6222090052906424
1790389772.0227075,1.5796440129633993
1790389772.0331502,1.7610770009923726
1790389772.0835438,7.3464080051053315
1790389772.0841727,4.25743599771522
1790389772.0842648,24.380439979722723
1790389772.1173668,22.06638199277222
1790389772.1177611,3.828787012025714
1790389772.1178322,1.840275013819337
1790389772.1683257,22.96550400205888
1790389772.1684124,16.30988300894387
1790389772.1686795,11.951620981562883
1790389772.174686,2.0365070085972548
1790389772.1997988,25.000018998980522
1790389772.2000635,18.308094993699342
1790389772.2012024,3.3182550105266273
1790389772.2015975,2.6965220167767256
1790389772.2016616,1.587473991094157
1790389772.2148306,2.1737329952884465
1790389772.2156804,1.3107979902997613
1790389772.2171886,1.0524519893806428
1790389772.2263167,1.598833012394607
1790389772.2264032,2.3016709892544895
1790389772.2312315,1.360057998681441
1790389772.2533383,22.899447998497635
1790389772.2534826,17.057057993952185
1790389772.2540252,15.631133981514722
1790389772.2541182,12.776125979144126
1790389772.3055913,21.790645987493917
1790389772.305738,27.731094014598057
1790389772.3226333,33.29015598865226
1790389772.3227336,13.31497001228854
1790389772.3249137,1.474363001761958
1790389772.3337016,1.7858170031104237
1790389772.3493338,1.9961110083386302
1790389772.3607137,2.248165983473882
1790389772.3620038,1.2785169819835573
1790389772.4210107,32.60367800248787
1790389772.421118,40.274177998071536
1790389772.4265678,35.8531870006118
1790389772.4266503,37.2897670022212
1790389772.4275925,33.712001983076334
1790389772.4278507,29.03860399965197
1790389772.42824,12.838788010412827
1790389772.4385154,1.7465999990236014
1790389772.467385,22.64428700436838
1790389772.4683046,25.254228006815538
1790389772.4781582,33.93017500638962
1790389772.4875104,42.1217399998568
1790389772.4876096,40.47821898711845
1790389772.4888043,25.910544994985685
1790389772.4891815,10.293301980709657
1790389772.4892657,21.868345997063443
1790389772.4965904,1.4609560021199286
1790389772.5239537,1.6871569969225675
1790389772.558113,31.61589498631656
1790389772.5916793,33.26314000878483
1790389772.5922816,61.58394998055883
1790389772.5923915,32.476402004249394
1790389772.592454,7.115257001714781
1790389772.5975013,1.3308530033100396
1790389772.6044657,1.455760997487232
1790389772.6446543,38.63240301143378
1790389772.648547,26.60933299921453
1790389772.6494272,16.139732993906364
1790389772.649487,8.381104009458795
1790389772.6513076,1.2086339993402362
1790389772.6865182,2.570549986558035
1790389772.6866493,3.4384329919703305
1790389772.686907,1.7908079898916185
1790389772.725805,1.7004119872581214
1790389772.7417943,1.6541420191060752
1790389772.7547877,1.9789089856203645
1790389772.8152194,44.452036992879584
1790389772.8159258,38.77670899964869
1790389772.8160205,35.3204520069994
1790389772.8174222,28.232059004949406
1790389772.81753,22.27124900673516
1790389772.817603,16.840341995703056
1790389772.825805,1.952232007170096
1790389772.8270032,2.1350629976950586
1790389772.8485863,1.9982309895567596
1790389772.850275,1.3621620018966496
1790389772.8708496,1.5974949928931892
1790389772.900491,18.684436014154926
1790389772.9005992,22.855316987261176
1790389772.90067,8.990048983832821
1790389772.9183905,2.226766024250537
1790389772.9192176,1.3001089973840863
1790389772.9335885,1.6309360216837376
1790389772.9385996,1.4026279968675226
1790389772.9870186,24.91615098551847
1790389773.0080824,43.9617800002452
1790389773.0095866,32.89323500939645
1790389773.0096502,41.24801198486239
1790389773.018216,1.4455640048254281
1790389773.035341,2.1800209942739457
1790389773.0650985,23.46677699824795
1790389773.0654259,15.127845981623977
1790389773.065522,19.229882018407807
1790389773.0817273,18.849758023861796
1790389773.091337,27.26887699100189
1790389773.1084132,21.132716996362433
1790389773.1093297,20.477116020629182
1790389773.1097393,42.85442997934297
1790389773.1102526,14.024019008502364
1790389773.1117601,14.506993000395596
1790389773.1130927,14.924849005183205
1790389773.1132042,11.937233997741714
1790389773.1134133,14.716758014401421
1790389773.113923,2.151347987819463
1790389773.1454325,31.46269600256346
1790389773.1455638,22.707494004862383
1790389773.1553576,25.124078994849697
1790389773.1554997,30.847012996673584
1790389773.155575,19.859435997204855
1790389773.1559458,19.398917007492855
1790389773.1590567,1.2593099963851273
1790389773.1617832,1.1413469910621643
1790389773.166899,1.3851720141246915
1790389773.1774886,1.6211599868256599
1790389773.2227044,38.06918699410744
1790389773.2428112,40.83047798485495
1790389773.2530105,58.95723699359223
1790389773.2788894,62.64204898616299
1790389773.2801478,62.522943975636736
1790389773.280545,45.179978013038635
1790389773.2806177,60.07618099101819
1790389773.2811327,25.44497200869955
1790389773.2811933,14.492457994492725
1790389773.3063028,1.7559560074005276
1790389773.3076248,1.311294996412471
1790389773.310843,1.46441999822855
1790389773.342722,1.787030982086435
1790389773.3860905,22.481584979686886
1790389773.3861892,24.295859009725973
1790389773.3944492,1.7662360041867942
1790389773.420216,1.8161939806304872
1790389773.4254699,2.0098699897062033
1790389773.4447174,1.7620190046727657
1790389773.4995162,34.01434200350195
1790389773.5102282,30.653140012873337
1790389773.5269554,34.19034698163159
1790389773.5362947,32.59115299442783
1790389773.5363843,55.80060600186698
1790389773.5483618,57.48521999339573
1790389773.564112,56.56686599832028
1790389773.5645366,47.00305001460947
1790389773.5646336,55.683121987385675
1790389773.5762918,41.05379100656137
1790389773.5861537,39.54936098307371
1790389773.5871692,71.29536900902167
1790389773.5961173,2.4472099903505296
1790389773.5961733,1.9658009987324476
1790389773.6008952,1.3818180013913661
1790389773.6038108,1.363679999485612
1790389773.613747,1.583253004355356
1790389773.6461873,17.232451995369047
1790389773.6463082,12.552578991744667
1790389773.646387,27.88076500291936
1790389773.6491387,1.221405022079125
1790389773.6735575,15.074433002155274
1790389773.678997,18.414140009554103
1790389773.68372,17.600893013877794
1790389773.6847782,29.185594990849495
1790389773.684943,3.108613018412143
1790389773.6884243,1.6583279939368367
1790389773.6962667,1.655100000789389
1790389773.7116342,1.6062340000644326
1790389773.747572,1.6771969967521727
1790389773.750507,1.3214500213507563
1790389773.757326,1.6050320118665695
1790389773.768337,1.6375010018236935
1790389773.7696292,1.2814720103051513
1790389773.8072765,1.6882180061656982
1790389773.839929,8.913336001569405
1790389773.84005,28.530771000077948
1790389773.840127,5.1998810085933656
1790389773.8425653,1.8053899984806776
1790389773.88013,25.378569000167772
1790389773.88047,9.21388401184231
1790389773.880548,3.256619005696848
1790389773.8835192,1.3345179904717952
1790389773.8975682,1.715972990496084
1790389773.8981795,1.4725819928571582
1790389773.9066913,1.4480490062851459
1790389773.9312766,1.8164299835916609
1790389773.9345095,1.387044001603499
1790389773.9564607,1.9092580187134445
1790389773.9651842,1.6121590160764754
1790389773.995029,20.993996993638575
1790389773.996352,21.465811994858086
1790389773.996704,24.52897297916934
1790389773.997055,7.019754993962124
1790389773.9975922,4.254150990163907
1790389773.9977512,6.577334977919236
1790389773.9995542,1.2017150002066046
1790389774.0124302,1.7110579938162118
1790389774.0250251,2.328286995179951
1790389774.025297,1.8244280072394758
1790389774.0382557,2.401701989583671
1790389774.038958,1.6635149950161576
1790389774.0491512,1.6013569838833064
1790389774.0659482,2.083761995891109
1790389774.069494,1.2793770001735538
1790389774.079181,1.479664002545178
1790389774.0809436,1.1943630233872682
1790389774.0981805,1.7515280051156878
1790389774.1204216,17.42958399700001
1790389774.127366,23.477041977457702
1790389774.1274943,25.11159799178131
1790389774.1286378,22.51387998694554
1790389774.1289449,19.29179800208658
1790389774.1290605,8.13276701956056
1790389774.1404133,1.6813869879115373
1790389774.164145,1.7172890075016767
1790389774.174413,1.8210390117019415
1790389774.1777413,1.340264017926529
1790389774.203696,22.980234993156046
1790389774.2048228,25.224282988347113
1790389774.2049224,5.566815001657233
1790389774.2050114,4.981261008651927
1790389774.2361436,3.94788000266999
1790389774.2362392,24.905244004912674
1790389774.2583842,1.7759779875632375
1790389774.2590797,1.6464179789181799
1790389774.2704225,2.534783008741215
1790389774.3209326,27.98083602101542
1790389774.321014,6.871624005725607
1790389774.331064,1.796155993361026
1790389774.3363142,1.4101809938438237
1790389774.3521404,1.7401609802618623
1790389774.3529687,1.6414230049122125
1790389774.3684585,1.9934040028601885
1790389774.3685465,2.572827012045309
1790389774.3916967,1.8836880044545978
1790389774.3965633,1.4470620080828667
1790389774.398965,1.295163994655013
1790389774.4219117,1.8328430014662445
1790389774.4234428,1.5201869828160852
1790389774.4400702,1.7404889804311097
1790389774.4405224,1.3712439977098256
1790389774.4677525,22.841673984657973
1790389774.4688323,8.65847899694927
1790389774.4690323,26.992892991984263
1790389774.4694035,8.504046010784805
1790389774.4703968,9.579100995324552
1790389774.4709976,9.213135985191911
1790389774.4711084,3.341174015076831
1790389774.4717872,1.3811849930789322
1790389774.498394,1.674347004154697
1790389774.5069053,1.6057280008681118
1790389774.5114102,1.4490489847958088
1790389774.5261247,6.752959016012028
1790389774.5421495,23.359451006399468
1790389774.5422392,15.764932992169634
1790389774.5568922,1.5535499842371792
1790389774.5591667,1.315149012953043
1790389774.5674143,1.5255309990607202
1790389774.6001294,23.171717999503016
1790389774.6002634,6.804521020967513
1790389774.6003306,19.327943999087438
1790389774.60339,1.2837570102419704
1790389774.6289673,2.4649749975651503
1790389774.6293037,2.2205399873200804
1790389774.6467843,1.7483550182078034
1790389774.6812365,2.418796007987112
1790389774.7047353,21.00098700611852
1790389774.7591863,1.698370004305616
1790389774.7694933,1.667616976192221
1790389774.8548393,38.025401008781046
1790389774.855439,26.426739001180977
1790389774.8624249,28.387455007759854
1790389774.8625062,29.17471999535337
1790389774.862793,17.474488995503634
1790389774.8628755,20.237988996086642
1790389774.868097,1.64586998289451
1790389774.8987195,2.213753992691636
1790389774.9246397,23.311650002142414
1790389774.9320982,1.9189830054529011
1790389774.9836261,2.329912007553503
1790389774.9918935,1.822196994908154
1790389775.056686,21.40806900570169
1790389775.0629952,2.6961569965351373
1790389775.063079,2.2843780170660466
1790389775.0658271,1.4307270175777376
1790389775.0862849,2.203288982855156
1790389775.097027,1.956679014256224
1790389775.1005259,1.5603039937559515
1790389775.13141,2.3530899779871106
1790389775.167952,21.660816011717543
1790389775.1680405,24.892761022783816
1790389775.2636425,51.038997975410894
1790389775.2701616,45.67750499700196
1790389775.2716408,46.86591899371706
1790389775.2724354,42.20905099646188
1790389775.2725372,43.205505004152656
1790389775.274175,38.92506900592707
1790389775.2747202,38.19545698934235
1790389775.2754734,10.669406998204067
1790389775.275631,38.20058700512163
1790389775.28318,2.454353991197422
1790389775.2954037,3.0082209850661457
1790389775.3081677,2.5085080123972148
1790389775.3189163,2.386592997936532
1790389775.3464613,2.6770560070872307
1790389775.358249,3.060576011193916
1790389775.3694727,1.9222509872633964
1790389775.3860965,2.2849939996376634
1790389775.4090946,13.262093008961529
1790389775.4093463,22.8803509962745
1790389775.4193625,2.401116013061255
1790389775.423769,2.6591619825921953
1790389775.4318666,1.765508990501985
1790389775.4642887,24.552197981392965
1790389775.4643574,8.580089983297512
1790389775.468785,1.3731420040130615
1790389775.4935458,2.34524899860844
1790389775.5483408,38.59391299192794
1790389775.5490775,44.07286600326188
1790389775.5491548,28.26703098253347
1790389775.560829,1.622488023713231
1790389775.5782204,1.7007880087476224
1790389775.5924335,1.6488730034325272
1790389775.607681,2.0692010002676398
1790389775.6187787,2.159597002901137
1790389775.6249874,2.2041719930712134
1790389775.637811,2.5594699836801738
1790389775.6639583,27.166181011125445
1790389775.6640384,12.781208992237225
1790389775.6803532,1.834233000408858
1790389775.6849356,1.4504080172628164
1790389775.71138,23.97734101396054
1790389775.7115202,21.099122997839004
1790389775.7115948,13.142870011506602
1790389775.7207696,1.4778749900870025
1790389775.7307944,1.5795660146977752
1790389775.734043,1.327470992691815
1790389775.7361748,1.1689230159390718
1790389775.7724144,25.2862979832571
1790389775.7725115,27.457968011731282
1790389775.7725842,14.341050002258271
1790389775.7748156,1.73463998362422
1790389775.8095715,2.5970579881686717
1790389775.8196054,2.071260998491198
1790389775.8295102,5.759902996942401
1790389775.842239,2.1275579929351807
1790389775.8743122,21.048555994639173
1790389775.874417,23.940005019539967
1790389775.8750682,5.626352998660877
1790389775.890524,1.651701983064413
1790389775.91918,17.537024017656222
1790389775.9192789,22.709888988174498
1790389775.9204204,1.7809699929784983
1790389775.9205134,3.228024987038225
1790389775.9230309,1.1772300058510154
1790389775.9458704,2.0429290016181767
1790389775.951684,1.6080990026239306
1790389775.9786603,22.147534997202456
1790389775.9970062,1.8961630121339113
1790389778.3159034,1.840213022660464
1790389778.3233912,1.7329140100628138
1790389778.3457065,23.146414023358375
1790389778.3457885,12.065307004377246
1790389778.3488317,1.3902469945605844
1790389778.3505094,1.3307379849720746
1790389778.3518937,1.2706549896392971
1790389778.3532107,1.118422020226717
1790389778.3585627,1.2022150040138513
1790389778.3927639,2.0227280037943274
1790389778.4177544,2.4429920013062656
1790389778.429903,2.0271910179872066
1790389778.4313588,1.3109480205457658
1790389778.4335105,1.465887005906552
1790389778.4371126,1.4314519939944148
1790389778.4634967,7.174427999416366
1790389778.463596,23.962171020684764
1790389778.475803,2.593015000456944
1790389778.484698,1.6861750045791268
1790389778.4886675,1.4771419810131192
1790389778.500702,1.4649909862782806
1790389778.525935,22.40049300598912
1790389778.5267465,25.429705012356862
1790389778.5269794,5.545193998841569
1790389778.5480363,9.596650983439758
1790389778.5481036,22.60859901434742
1790389778.563532,1.860685006249696
1790389778.6048532,24.25593399675563
1790389778.6049347,11.549196002306417
1790389778.6712844,1113.9387449948117
1790389778.6713572,54.97927500982769
1790389778.6818671,55.72795998887159
1790389778.684923,54.40800701035187
1790389778.685513,35.73324499302544
1790389778.6858916,26.98351800790988
1790389778.6861708,17.50254799844697
1790389778.7171957,23.562178015708923
1790389778.718099,23.655108001548797
1790389778.7192802,26.243875006912276
1790389778.7193456,5.8635939785744995
1790389778.7194622,10.834429995156825
1790389778.7195153,24.018308002268896
1790389778.7320051,1.6676310042385012
1790389778.7464314,1.96135402075015
1790389778.7526665,1.420257001882419
1790389778.7567885,1.5756770153529942
1790389778.7777402,2.3220499861054122
1790389778.8297374,12.927667994517833
1790389778.8433197,27.777110983151942
1790389778.8434696,15.86817399947904
1790389778.8435462,22.40402699680999
1790389778.8438108,2.575011021690443
1790389778.862037,1.9824330229312181
1790389778.8869636,23.939752019941807
1790389778.8871918,16.82523498311639
1790389778.88731,15.156701992964372
1790389778.8873773,21.03322299080901
1790389778.9017496,2.7532739914022386
1790389778.9026704,2.014219993725419
1790389778.9306366,22.83745602471754
1790389778.930722,23.74807800515555
1790389778.9310038,21.254902007058263
1790389778.9313319,10.264611017191783
1790389778.9681704,2.4931849911808968
1790389778.9689364,1.780800987035036
1790389778.993303,19.977724994532764
1790389778.994205,24.519781989511102
1790389778.9945555,8.924634021241218
1790389778.995136,7.544340012827888
1790389778.9952028,5.745771020883694
1790389778.997073,1.3724490127060562
1790389779.0191736,2.9153420182410628
1790389779.0192807,2.8868660156149417
1790389779.0264676,1.6430709802079946
1790389779.053691,11.129295016871765
1790389779.0541828,8.271220984170213
1790389779.054282,23.7351699906867
1790389779.0543551,6.406811997294426
1790389779.0653808,1.8404379952698946
1790389779.0660307,1.4507350279018283
1790389779.0708423,2.0984789880458266
1790389779.0743818,1.8495369877200574
1790389779.081154,1.6594550106674433
1790389779.08701,1.7401079821866006
1790389779.0870745,2.318632003152743
1790389779.1166165,1.5903979947324842
1790389779.1168072,2.6707789802458137
1790389779.1305962,1.8223290098831058
1790389779.144812,2.6557649835012853
1790389779.1958117,33.011216000886634
1790389779.1962125,43.26843601302244
1790389779.1963205,12.582772003952414
1790389779.1963809,20.194231008645147
1790389779.2100008,1.4972849749028683
1790389779.2483916,15.01807797467336
1790389779.2489808,23.3460110030137
1790389779.2496593,2.4474799865856767
1790389779.2498338,14.280075003625825
1790389779.2513616,1.3637199881486595
1790389779.315628,3.3011530176736414
1790389779.315717,2.418632007902488
1790389779.322273,1.445214991690591
1790389779.3308408,1.77750299917534
1790389779.376223,38.684432016452774
1790389779.3765712,39.76258198963478
1790389779.3771145,30.327174987178296
1790389779.3836274,28.37483398616314
1790389779.3842494,46.1005849938374
1790389779.3843122,20.77727799769491
1790389779.397156,1.7375120078213513
1790389779.415971,1.8298680079169571
1790389779.4311872,2.684502018382773
1790389779.431546,3.9285879756789654
1790389779.452516,2.167305996408686
1790389779.4625394,2.1190760016907007
1790389779.4669678,3.7580560019705445
1790389779.4670384,4.485645011300221
1790389779.485047,1.9675030198413879
1790389779.495668,2.0464139815885574
1790389779.5006132,4.081987019162625
1790389779.5282438,1.8160479958169162
1790389779.5305073,1.4355399762280285
1790389779.543935,2.189465012634173
1790389779.5637302,21.250863006571308
1790389779.5971713,3.6067600012756884
1790389779.5974092,5.33514199196361
1790389779.5980127,2.592150995042175
1790389779.6001134,1.6010880062822253
1790389779.6054695,1.7363290244247764
1790389779.641266,22.547461005160585
1790389779.66399,22.58219101349823
1790389779.6640658,6.675587996141985
1790389779.6709933,1.421346009010449
1790389779.6753764,1.4166950131766498
1790389779.686511,1.9999069918412715
1790389779.7034018,2.0440350053831935
1790389779.7417796,22.46086098602973
1790389779.7629066,45.64524398301728
1790389779.7637594,44.97862499556504
1790389779.7638648,41.52817800058983
1790389779.769687,45.214855985250324
1790389779.7805147,48.65488497307524
1790389779.8116825,76.09489699825644
1790389779.8124876,72.55049899686128
1790389779.8127518,52.35225000069477
1790389779.8136356,46.42079002223909
1790389779.8190408,50.420238985680044
1790389779.8347204,32.14664099505171
1790389779.8357596,64.74501598859206
1790389779.835844,26.247137982863933
1790389779.8517087,29.971543001011014
1790389779.8573596,32.614218012895435
1790389779.8721147,1.8341800023335963
1790389779.9002643,2.84048801404424
1790389779.9085143,2.0192579831928015
1790389779.9312282,2.6018450153060257
1790389779.9505494,2.079073019558564
1790389779.9510448,1.744966022670269
1790389779.9523087,1.2528400111477822
1790389779.9573033,1.4155300159472972
1790389779.970815,1.6894930158741772
1790389779.9951272,23.127506021410227
1790389779.9952059,8.38988201576285
1790389780.001239,1.5305220149457455
1790389780.003704,1.2523650075308979
1790389780.0096314,1.2466209882404655
1790389780.0442567,23.191168991615996
1790389780.0448704,20.749591989442706
1790389780.0454519,12.538542010588571
1790389780.0455344,6.018440006300807
1790389780.046848,1.2134200078435242
1790389780.0518832,1.3673539797309786
1790389780.0764472,22.480911022285
1790389780.0766299,19.759960006922483
1790389780.0776074,21.575746010057628
1790389780.0788162,8.945816021878272
1790389780.0788765,19.969058979768306
1790389780.0789742,6.528577010612935
1790389780.0848165,1.4290590188466012
1790389780.0918632,1.643594994675368
1790389780.1029248,1.5418159891851246
1790389780.125034,3.121941990684718
1790389780.1765673,3.279302007285878
1790389780.1857283,1.6084210074041039
1790389780.209245,6.388415000401437
1790389780.2105465,3.690085024572909
1790389780.242992,2.473778004059568
1790389780.254806,2.543920010793954
1790389780.2672594,2.116227988153696
1790389780.2787066,1.7797960026655346
1790389780.2813451,1.697397994576022
1790389780.2983348,2.5615280028432608
1790389780.3397639,23.598889005370438
1790389780.339838,6.676304998109117
1790389780.3488863,1.4982110005803406
1790389780.36565,2.303758985362947
1790389780.3673117,1.4962879940867424
1790389780.3965898,20.699733984656632
1790389780.3969946,25.77137600746937
1790389780.3971417,21.92187000764534
1790389780.3972838,10.686024994356558
1790389780.3977103,5.461775988806039
1790389780.4077697,1.3455210137180984
1790389780.4102664,1.4107089955359697
1790389780.4403136,1.9588940194807947
1790389780.446273,1.7703650228213519
1790389780.4551945,2.2627919970545918
1790389780.4802194,2.5485630030743778
1790389780.5195775,20.03351299208589
1790389780.5196838,31.573288986692205
1790389780.5197396,10.55008202092722
1790389780.5381036,1.747580012306571
1790389780.545701,2.142436016583815
1790389780.570745,21.25125701422803
1790389780.5711029,23.12677601003088
1790389780.5711825,8.781570009887218
1790389780.5771856,2.1903169981669635
1790389780.5774543,1.9893409917131066
1790389780.5850925,1.4940419932827353
1790389780.5974658,1.5432889922522008
1790389780.6159506,2.3472369939554483
1790389780.628074,1.60555902402848
1790389780.7035663,2.647702000103891
1790389780.7285285,21.499815018614754
1790389780.730004,21.465099998749793
1790389780.7356682,25.150166999083012
1790389780.7415383,35.52968500298448
1790389780.7721016,57.952941016992554
1790389780.772384,57.64408802497201
1790389780.7745793,47.785333008505404
1790389780.7750144,14.773615024751052
1790389780.7752547,34.32719499687664
1790389780.7763846,3.2668960047885776
1790389780.776447,3.4556189784780145
1790389780.7803698,1.241647987626493
1790389780.7880154,1.7157380061689764
1790389780.7887304,1.5600190090481192
1790389780.7894657,1.4399140200112015
1790389780.8040144,1.8778310040943325
1790389780.808381,2.0070939790457487
1790389780.8231266,2.0260029996279627
1790389780.8332024,1.9128590065520257
1790389780.8502638,2.2047779930289835
1790389780.850807,1.9915979937650263
1790389780.8553722,1.8392810015939176
1790389780.8629084,1.27222400624305
1790389780.8666558,1.167551992693916
1790389780.871632,1.4155859826132655
1790389780.872758,1.1164530005771667
1790389780.8764493,1.8047280027531087
1790389780.8769088,1.2214489979669452
1790389780.8924348,2.072097995551303
1790389780.9029195,2.076453994959593
1790389780.9058518,1.272026012884453
1790389780.9131572,1.7853270110208541
1790389780.924783,1.4223269827198237
1790389780.9275634,1.466404995881021
1790389780.9337978,1.432147022569552
1790389780.9525511,1.8026609905064106
1790389780.955739,1.416402985341847
1790389780.971688,3.115939995041117
1790389780.9925728,23.437150986865163
1790389780.9926744,3.3253190049435943
1790389780.9927397,15.476811997359619
1790389780.9952967,1.1715650034602731
1790389781.0008228,1.3363400066737086
1790389781.0328195,31.594439002219588
1790389781.0375462,34.24422998796217
1790389781.042303,32.13573599350639
1790389781.0426073,25.747418985702097
1790389781.04281,23.66940601496026
1790389781.043085,10.931890981737524
1790389781.0464888,1.4705770008731633
1790389781.063034,1.6881450137589127
1790389781.0854106,1.5355850046034902
1790389781.0874174,1.4650369994342327
1790389781.112431,1.7937459924723953
1790389781.1642992,1.9134909962303936
1790389781.2006907,22.046528989449143
1790389781.2014704,21.39099800842814
1790389781.2028618,2.0014460023958236
1790389781.2033083,1.1919999960809946
1790389781.212586,1.5071440138854086
1790389781.2183993,1.2431179929990321
1790389781.2258525,1.4497969823423773
1790389781.249924,1.8470539944246411
1790389781.2786236,12.903013994218782
1790389781.2796862,22.9349959990941
1790389781.2799985,6.941380997886881
1790389781.280066,13.238785992143676
1790389781.293415,1.8330090097151697
1790389781.3197143,2.194403001340106
1790389781.3237755,1.6521780053153634
1790389781.3293602,1.5284190012607723
1790389781.3298008,1.2861400027759373
1790389781.331299,1.0412910196464509
1790389781.3423245,2.1394819777924567
1790389781.360874,1.6161339881364256
1790389781.362964,1.2219420168548822
1790389781.3683093,1.2866429751738906
1790389781.3903642,17.050147987902164
1790389781.3945348,17.569975985679775
1790389781.3946025,21.831985999597237
1790389781.4074292,1.716272992780432
1790389781.4619942,22.3406009899918
1790389781.470241,2.5435839779675007
1790389781.47032,3.1538949988316745
1790389781.473573,1.3076169998385012
1790389781.4921887,1.6925219970289618
1790389781.5243871,1.585933001479134
1790389781.544133,2.707140985876322
1790389781.564685,16.540962998988107
1790389781.5653641,22.322011995129287
1790389781.5766492,20.51904800464399
1790389781.5870812,27.365607995307073
1790389781.5961862,32.72142499918118
1790389781.5970597,35.19485899596475
1790389781.6025627,13.627922016894445
1790389781.6062937,14.449981012148783
1790389781.6065989,36.18657201877795
1790389781.6067328,11.354223010130227
1790389781.6080728,1.3290919887367636
1790389781.6261349,1.9283949804957956
1790389781.6271832,1.8402290006633848
1790389781.6548734,2.605591987958178
1790389781.6964831,19.866321003064513
1790389781.6974764,23.457225994206965
1790389781.6976457,19.100464007351547
1790389781.6980283,20.277303003240377
1790389781.6986144,14.797509997151792
1790389781.6987312,7.4077250028494745
1790389781.7016563,1.537018979433924
1790389781.7200532,1.7631319933570921
1790389781.7409997,1.6159270016942173
1790389781.7652047,1.702520006801933
1790389781.767388,1.484406995587051
1790389781.7752976,1.351169019471854
1790389781.78335,1.9670659967232496
1790389781.7946742,1.6525090031791478
1790389781.8004105,1.7807719996199012
1790389781.8060591,1.4702570042572916
1790389781.8097217,1.1611179797910154
1790389781.8924649,2.9285970085766166
1790389781.9020317,1.5128259838093072
1790389781.9033759,1.16681499639526
1790389781.9528084,41.45459100254811
1790389781.953612,46.10826598946005
1790389781.9536998,33.034441992640495
1790389781.9641478,51.57184900599532
1790389781.9693956,43.814056989504024
1790389781.9741595,39.823414001148194
1790389781.9742823,43.03701999015175
1790389781.975401,31.97479699156247
1790389781.9757261,25.550374994054437
1790389781.9757884,28.594283008715138
1790389781.976628,18.5679130081553
1790389781.976692,22.870362998219207
1790389782.0250168,19.8536179959774
1790389782.0561955,15.860446990700439
1790389782.0575058,16.459962993394583
1790389782.05766,22.913912980584428
1790389782.058082,7.078356022248045
1790389782.0581527,11.238112987484783
1790389782.0606668,1.4076930237933993
1790389782.0656989,1.4156000106595457
1790389782.0715563,1.2066930066794157
1790389782.0798168,2.9054539918433875
1790389782.0809898,3.3442919957451522
1790389782.1219087,22.128041018731892
1790389782.122023,22.339860995998606
1790389782.1221318,10.358994011767209
1790389782.1224837,8.519355993485078
1790389782.1229403,5.957540008239448
1790389782.1350403,1.36192498030141
1790389782.177343,30.65376600716263
1790389782.1815379,40.091754985041916
1790389782.1834471,16.62843700614758
1790389782.1835911,33.82948998478241
1790389782.1836529,35.173465992556885
1790389782.1840444,1.8996059952769428
1790389782.197221,1.4161259750835598
1790389782.2125237,3.7349319900386035
1790389782.2125826,2.799756999593228
1790389782.230648,2.703077014302835
1790389782.2308385,2.231346006738022
1790389782.231294,2.0314120047260076
1790389782.2553697,17.237961990758777
1790389782.2602062,20.145591988693923
1790389782.260364,22.765462985262275
1790389782.2607274,20.221870014211163
1790389782.2612486,10.037950007244945
1790389782.3177838,1.9061290076933801
1790389782.3200905,1.4720250037498772
1790389782.3315094,2.8771150100510567
1790389782.3659005,34.991762979188934
1790389782.36635,26.202055014437065
1790389782.3770952,45.37015300593339
1790389782.3778749,31.63655797834508
1790389782.3786304,9.556448989314958
1790389782.379075,10.651368007529527
1790389782.3898127,14.962981978897005
1790389782.4026158,26.645386999007314
1790389782.4031773,2.661940990947187
1790389782.4033074,5.069506005384028
1790389782.4036083,2.17981098103337
1790389782.40745,1.3281889841891825
1790389782.4085603,1.101264002500102
1790389782.4243147,1.668765995418653
1790389782.4378197,1.5336110081989318
1790389782.4648538,19.35126501484774
1790389782.46569,25.71341599104926
1790389782.466078,2.8844009793829173
1790389782.4661348,19.314775010570884
1790389782.4772012,1.6834890120662749
1790389782.4881501,1.7627279739826918
1790389782.4940019,1.5096470015123487
1790389782.4988258,1.431730983313173
1790389782.509574,1.792149996617809
1790389782.510825,1.2403969885781407
1790389782.5197406,1.839244010625407
1790389782.5427663,22.261815989622846
1790389782.542883,23.015108017716557
1790389782.5429506,12.112597993109375
1790389782.5525625,2.0908419974148273
1790389782.5558133,1.4454780030064285
1790389782.557614,1.3598240038845688
1790389782.5929856,2.041041007032618
1790389782.6197295,22.649133985396475
1790389782.6537673,1.73973198980093
1790389782.6683705,2.051262999884784
1790389782.6843624,2.6401229843031615
1790389782.685508,2.073748008115217
1790389782.696624,2.7332730242051184
1790389782.7055418,2.199690992711112
1790389782.7066803,2.116278017638251
1790389782.7103674,1.9928690162487328
1790389782.7460818,19.624164007836953
1790389782.746148,26.41677000792697
1790389782.7708962,21.24506901600398
1790389782.770986,23.317429004237056
1790389782.7777593,2.2666909790132195
1790389782.834896,49.781213980168104
1790389782.8366184,36.099719000048935
1790389782.8368049,47.036844975082204
1790389782.8371801,45.8165259915404
1790389782.8373783,22.405712981708348
1790389782.8374615,36.843648995272815
1790389782.837787,18.823749996954575
1790389782.8625236,16.8720799847506
1790389782.8631961,11.397915019188076
1790389782.8632672,21.989925007801503
1790389782.9069412,37.80788800213486
1790389782.9121866,32.58614501100965
1790389782.9341452,57.74454999482259
1790389782.934762,15.20554200396873
1790389782.9353414,20.04235898493789
1790389782.9354515,6.586511997738853
1790389782.9355214,54.461974010337144
1790389782.9795585,1.7127119936048985
1790389783.0166564,15.564753004582599
1790389783.0174053,2.922985004261136
1790389783.017485,24.80737800942734
1790389783.023753,1.7072189948521554
1790389783.0540943,10.096951009472832
1790389783.0541873,1089.56416498404
1790389783.0698214,1.7710640095174313
1790389783.0749028,1.5175279986578971
1790389783.0870697,1.74822099506855
1790389783.1202064,23.991991998627782
1790389783.1209838,21.16671300609596
1790389783.1213238,20.005815982585773
1790389783.1214333,24.50755299651064
1790389783.1258435,1.3545459951274097
1790389783.1502771,2.0971469930373132
1790389783.156466,1.5297040226869285
1790389783.1720603,1.803131977794692
1790389783.1859438,2.1552930120378733
1790389783.186436,1.9739219860639423
1790389783.1889796,1.2548859813250601
1790389783.2161026,1.604621997103095
1790389783.231231,1.6815600101836026
1790389783.2394483,2.3110649781301618
1790389783.2403948,1.4489830064121634
1790389783.2625191,13.572591997217387
1790389783.263019,23.35503400536254
1790389783.263172,13.181924994569272
1790389783.2632446,10.965786990709603
1790389783.2633002,12.822679011151195
1790389783.290952,12.650082993786782
1790389783.2910767,21.87323899124749
1790389783.293411,15.672053006710485
1790389783.293527,11.382714001229033
1790389783.2935843,12.03520002309233
1790389783.2937734,4.534549982054159
1790389783.2941835,2.46512598823756
1790389783.3499775,33.408332004910335
1790389783.3544517,49.51957700541243
1790389783.3546093,30.517864011926576
1790389783.3547006,24.682699993718415
1790389783.3768115,45.00967697822489
1790389783.3775468,43.019411008572206
1790389783.3782144,46.91102099604905
1790389783.378389,39.12915900582448
1790389783.37964,33.837210008641705
1790389783.380055,30.693174980115145
1790389783.380125,10.632496007019654
1790389783.391826,1.9784379983320832
1790389783.4041703,1.734081975882873
1790389783.4574273,1.6729500202927738
1790389783.4738448,1.6331879887729883
1790389783.480184,1.4827499981038272
1790389783.5023143,21.026080998126417
1790389783.502937,1.774067000951618
1790389783.534548,1.707641000393778
1790389783.5660233,21.964256011415273
1790389783.56619,25.302247988292947
1790389783.5671039,1.8967799842357635
1790389783.5787492,6.722530990373343
1790389783.5946453,21.680708014173433
1790389783.594706,23.41894499841146
1790389783.6062844,1.8102700123563409
1790389783.6266437,1.7216730047948658
1790389783.6307628,1.3776789710391313
1790389783.6356158,1.8557469884399325
1790389783.6580756,2.595224999822676
1790389783.6582153,21.30494700395502
1790389783.6643062,2.501025010133162
1790389783.6643858,2.10044501000084
1790389783.6738646,1.6444610082544386
1790389783.6838706,1.7310780240222812
1790389783.7449312,23.088398011168465
1790389783.745078,7.041762990411371
1790389783.7557762,15.927104017464444
1790389783.7714212,31.06548500363715
1790389783.7719164,13.253215001896024
1790389783.7721214,21.198537026066333
1790389783.7767644,2.2576430055778474
1790389783.822379,24.424090021057054
1790389783.8226247,10.281194990966469
1790389783.8232524,6.740868993801996
1790389783.8235595,2.9476439813151956
1790389783.8440716,1.560682983836159
1790389783.8503776,1.2988300004508346
1790389783.8563826,2.0402510126587003
1790389783.869018,1.638508023461327
1790389783.8803854,1.592963992152363
1790389783.892638,1.718025014270097
1790389783.924605,21.136355004273355
1790389783.9247243,24.969863006845117
1790389783.9252548,19.212498009437695
1790389783.9259584,19.182527001248673
1790389783.9260306,9.063528996193781
1790389783.9308302,1.389285986078903
1790389783.9328873,1.3726679899264127
1790389783.9582713,22.351940016960725
1790389783.9586458,15.465186006622389
1790389783.9587102,22.071963001508266
1790389783.9592407,5.951454018941149
1790389783.9799721,1.6487259999848902
1790389784.0126631,26.080474024638534
1790389784.0127385,9.738376014865935
1790389784.0164075,1.4494599890895188
1790389784.0217378,1.5213130100164562
1790389784.026395,1.3746419863309711
1790389784.0286155,1.3436060107778758
1790389784.0339096,1.904999982798472
1790389784.035104,1.1851649906020612
1790389784.0420108,1.5409879852086306
1790389784.0526335,1.8613959837239236
1790389784.0753691,21.42563697998412
1790389784.0773048,1.5891790098976344
1790389784.079944,1.3478959735948592
1790389784.081532,1.250141009222716
1790389784.09845,1.7969509935937822
1790389784.1073534,1.6339180001523346
1790389784.1327019,22.673760016914457
1790389784.1329215,4.957694007316604
1790389784.1333897,2.2663289855699986
1790389784.159085,1.994713005842641
1790389784.1684265,1.6385810158681124
1790389784.1739573,1.9252409983891994
1790389784.1791942,1.739734987495467
1790389784.1912012,1.5491880185436457
1790389784.2201498,1.9810390076600015
1790389784.220885,1.6661309928167611
1790389784.2242186,1.248834014404565
1790389784.22604,1.4304819924291223
1790389784.2487633,1.8009539926424623
1790389784.266728,2.105231018504128
1790389784.2917209,1.850625005317852
1790389784.3118324,1.9361829909030348
1790389784.3301282,1.7777800094336271
1790389784.3768182,18.32588398247026
1790389784.3824573,17.32585800345987
1790389784.3830705,23.984282015589997
1790389784.3837063,14.525712002068758
1790389784.393095,1042.3033169936389
1790389784.3932145,1040.4703470121603
1790389784.4490483,18.961298977956176
1790389784.4494405,26.552584022283554
1790389784.4495227,8.867609984008595
1790389784.4648333,1.540802011732012
1790389784.4975262,1.89572898671031
1790389784.5023541,1.6275139932986349
1790389784.5165398,2.931800001533702
1790389784.537486,21.484986995346844
1790389784.554468,21.367534005548805
1790389784.5613382,22.037475020624697
1790389784.5618281,11.725477990694344
1790389784.5621307,30.845287023112178
1790389784.5628319,5.619640985969454
1790389784.5628896,3.4388380008749664
1790389784.5935655,21.104295999975875
1790389784.594134,19.379092002054676
1790389784.5942035,3.349536011228338
1790389784.6220071,17.50091600115411
1790389784.62209,18.275604001246393
1790389784.6228895,25.259480986278504
1790389784.6231432,15.961016993969679
1790389784.623208,14.82487900648266
1790389784.7005234,1.7223729810211807
1790389784.7072792,1.9893099961336702
1790389784.7073426,2.665531006641686
1790389784.7105584,1.501970982644707
1790389784.745517,1.7469869926571846
1790389784.7509973,1.7059870006050915
1790389784.774236,24.06311998493038
1790389784.7743142,16.87463201233186
1790389784.7773407,1.4547650062013417
1790389784.7860146,1.5633559960406274
1790389784.7943587,1.4438959769904613
1790389784.8466527,23.054004996083677
1790389784.8467295,13.548397982958704
1790389784.915993,45.44370700023137
1790389784.919143,37.26216501672752
1790389784.9193497,44.354290002956986
1790389784.919869,31.23281098669395
1790389784.920227,27.861092996317893
1790389784.9205198,13.719801005208865
1790389784.9209418,10.095637000631541
1790389784.9362125,1.973826001631096
1790389784.9404044,1.4535560039803386
1790389784.9465363,1.8008050101343542
1790389784.9484155,1.2381120177451521
1790389784.9508517,1.4371179859153926
1790389784.9607232,1.8530230154283345
1790389784.99231,1.9122589728794992
1790389784.9961858,1.3003259955439717
1790389785.0104764,1.7576469981577247
1790389785.0406475,24.44184699561447
1790389785.0407317,20.39671500097029
1790389785.062561,28.589007997652516
1790389785.0640194,31.10103399376385
1790389785.0643756,28.45591801451519
1790389785.0647545,15.515851002419367
1790389785.0648282,23.608371993759647
1790389785.0653808,2.6841269864235073
1790389785.0654812,8.794449997367337
1790389785.0671666,1.2554220156744123
1790389785.0871012,2.2641189862042665
1790389785.1037834,1.9204049895051867
1790389785.127901,24.043705983785912
1790389785.1279788,15.037475008284673
1790389785.1622913,1.674636994721368
1790389785.1776674,1.6484679945278913
1790389785.2057502,1.7167750047519803
1790389785.215414,1.8355120264459401
1790389785.224275,1.702214009128511
1790389785.2248194,1.4213579997885972
1790389785.2417052,1.9437239971011877
1790389785.2470918,1.3190559984650463
1790389785.2502515,1.4929109893273562
1790389785.2513785,1.117594016250223
1790389785.311973,14.070243982132524
1790389785.3123813,21.123744983924553
1790389785.3248153,1.6466740053147078
1790389785.326009,1.182542007882148
1790389785.331653,1.3718629779759794
1790389785.3534703,22.604972997214645
1790389785.3550234,4.413782007759437
1790389785.3555486,7.594006019644439
1790389785.3556473,12.693454016698524
1790389785.3564222,1.3879110047128052
1790389785.366706,1.6019989852793515
1790389785.3768957,1.8297230126336217
1790389785.3829482,1.4502390113193542
1790389785.3856218,1.3069139968138188
1790389785.3946445,1.551749010104686
1790389785.410952,1.8079750007018447
1790389785.419552,1.5336769865825772
1790389785.42636,1.7142780125141144
1790389785.4309828,1.5343679988291115
1790389785.4323308,1.2398859835229814
1790389785.45759,1.6567670099902898
1790389785.4700947,1.6552390006836504
1790389785.4931645,1.921475981362164
1790389785.4970953,1.542857993626967
1790389785.4983132,1.2077949941158295
1790389785.534444,23.876892984844744
1790389785.5349543,22.17241100152023
1790389785.535559,12.34358799410984
1790389785.5360072,10.202839999692515
1790389785.5360584,3.473827993730083
1790389785.5402067,1.3161420065443963
1790389785.564004,12.990290997549891
1790389785.5671399,13.30480701290071
1790389785.567814,2.001149987336248
1790389785.5679147,21.50058202096261
1790389785.614409,1.6077049949672073
1790389785.6238558,1.6764789761509746
1790389785.6268072,1.419700012775138
1790389785.6401854,2.5556980108376592
1790389785.6409075,1.6028850222937763
1790389785.6426394,1.5704199904575944
1790389785.659484,1.7238899890799075
1790389785.6632082,1.4257399889174849
1790389785.6728332,2.314907993422821
1790389785.672998,3.1939340115059167
1790389785.6793237,1.7734259890858084
1790389785.684469,1.8634290026966482
1790389785.687157,2.2053749999031425
1790389785.6879785,1.3077699986752123
1790389785.7038918,1.8801270052790642
1790389785.7175732,2.3640319996047765
1790389785.7346673,1.875485002528876
1790389785.7364025,1.3898150064051151
1790389785.7500653,1.9688830070663244
1790389785.763893,1.739542989525944
1790389785.7866766,2.433335001114756
1790389785.8096101,1.9159749790560454
1790389785.829066,2.0216049742884934
1790389785.871478,22.055708017433062
1790389785.8748384,3.2663030142430216
1790389785.8750474,2.4882929865270853
1790389785.8753881,3.6612919939216226
1790389785.9070175,11.985895980615169
1790389785.9076064,11.679489980451763
1790389785.907674,24.597591982455924
1790389785.9082973,1.2691440060734749
1790389785.927021,1.5656799951102585
1790389785.9402514,1.589940016856417
1790389785.9521203,2.6739359891507775
1790389785.9835365,24.67364599579014
1790389785.9836364,13.065981009276584
1790389785.983699,6.7902169830631465
1790389786.0175593,23.189272003946826
1790389786.0453262,23.25556700816378
1790389786.0454648,9.578908997355029
1790389786.045554,22.385864023817703
1790389786.0863807,39.87097498611547
1790389786.0923505,28.34711200557649
1790389786.0924335,31.0239200189244
1790389786.1029773,33.071323996409774
1790389786.1117575,39.4849400036037
1790389786.1355665,1.7464269767515361
1790389786.141933,2.129887026967481
1790389786.142002,2.7964499895460904
1790389786.1769855,2.061176986899227
1790389786.1773636,1.2733879848383367
1790389786.191891,1.8952520040329546
1790389786.212221,1.8671549914870411
1790389786.2336795,2.023552020546049
1790389786.2841396,33.77146500861272
1790389786.2917545,50.11906402069144
1790389786.2922158,31.8455719971098
1790389786.292585,27.319953020196408
1790389786.2926497,13.208594027673826
1790389786.344475,1.885164005216211
1790389786.3493733,1.4032080071046948
1790389786.351898,1.3405870122369379
1790389786.3797467,1.7376960022374988
1790389786.4108508,15.992513013770804
1790389786.4109266,5.442350986413658
1790389786.411179,24.767996015725657
1790389786.4331737,2.6239840080961585
1790389786.4332314,2.1731400047428906
1790389786.436431,1.581268006702885
1790389786.4366913,1.3698630209546536
1790389786.43919,1.045066979713738
1790389786.46081,3.0180120083969086
1790389786.4609077,2.572762983618304
1790389786.4697537,1.350012986222282
1790389786.4752748,1.6241769772022963
1790389786.4772449,1.1880839883815497
1790389786.4787874,1.0806249920278788
1790389786.5181599,1.7373130249325186
1790389786.5306752,1.8022629956249148
1790389786.5388074,1.3882679922971874
1790389786.5431132,1.9758990092668682
1790389786.5433805,2.7701159997377545
1790389786.5710769,21.821168018504977
1790389786.5820553,1.7226820054929703
1790389786.587926,1.410396973369643
1790389786.5934327,1.4030760212335736
1790389786.6323965,1.8315619963686913
1790389786.637795,1.2875469983555377
1790389786.6390514,1.1791700089816004
1790389786.6595984,1.6649820026941597
1790389786.7409627,19.507580989738926
1790389786.7411053,23.595975013449788
1790389786.7413929,4.7751860111020505
1790389786.7525005,2.1180390031076968
1790389786.7713964,1.7522530106361955
1790389786.805086,16.442633990664035
1790389786.8208475,21.181936986977234
1790389786.8212109,43.95670702797361
1790389786.822384,32.83102298155427
1790389786.8224561,18.319848022656515
1790389786.8225074,16.56268400256522
1790389786.8293738,1.3191770121920854
1790389786.8360531,2.024631015956402
1790389786.8363361,1.8404540023766458
1790389786.8453927,1.6546880069654435
1790389786.8816552,21.279060980305076
1790389786.8819876,13.990068982820958
1790389786.8820643,20.52733101299964
1790389786.8824005,13.209586992161348
1790389786.8825903,7.533161988249049
1790389786.8828957,6.190194981172681
1790389786.883359,5.7397699856664985
1790389786.88742,1.2752789771184325
1790389786.9196844,1.598563976585865
1790389786.9233294,1.5539310115855187
1790389786.9245381,1.1995869863312691
1790389786.9254987,1.5616610180586576
1790389786.9530332,2.1910860086791217
1790389786.977061,24.98073599417694
1790389786.9936943,26.77411600598134
1790389786.9938214,27.444248989922926
1790389786.9938939,5.281173012917861
1790389786.9968596,1.2292760075069964
1790389787.030464,21.55521701206453
1790389787.030563,21.579307009233162
1790389787.0368369,1.7207299824804068
1790389787.0437126,2.4574759881943464
1790389787.0439909,2.031414012890309
1790389787.0468788,1.178771024569869
1790389787.0718918,1.7260000167880207
1790389787.0826104,1.7987600003834814
1790389787.0886233,1.5428050246555358
1790389787.105768,2.5603880058042705
1790389787.1063526,1.8380649853497744
1790389787.1104014,1.3237230014055967
1790389787.1317334,1.9339320133440197
1790389787.1521587,21.536190004553646
1790389787.1523123,16.367236006772146
1790389787.1737905,15.706826001405716
1790389787.1739209,8.152319001965225
1790389787.1742213,23.60238099936396
1790389787.1743221,7.536231016274542
1790389787.1822193,2.410251006949693
1790389787.1823027,2.0269519882276654
1790389787.1922736,1.9058640173170716
1790389787.1950989,1.4519349788315594
1790389787.1956253,1.3736399996560067
1790389787.2214513,25.31672897748649
1790389787.221911,26.099643990164623
1790389787.2219696,24.308938009198755
1790389787.2229924,24.649903003592044
1790389787.2233684,13.167199998861179
1790389787.2234302,12.519460986368358
1790389787.2349632,1.5320559905376285
1790389787.237222,1.201400998979807
1790389787.2642887,12.404067005263641
1790389787.2643712,25.22857900476083
1790389787.2646646,9.238091995939612
1790389787.2677913,1.235485018696636
1790389787.268974,1.0965629771817476
1790389787.2794886,1.4759069890715182
1790389787.3376598,22.59877699543722
1790389787.3478968,38.081301987404004
1790389787.3528786,31.799887015949935
1790389787.3530648,15.301916020689532
1790389787.3533967,7.070366991683841
1790389787.3645463,1.5267790004145354
1790389787.4014742,26.847303000977263
1790389787.4294412,46.51886198553257
1790389787.4397151,47.88508600904606
1790389787.4398062,46.63419499411248
1790389787.4457905,48.4872050001286
1790389787.4591324,27.287908014841378
1790389787.4596884,1.5209699922706932
1790389787.4855337,14.672643999801949
1790389787.4863725,24.127248994773254
1790389787.5078826,32.91837198776193
1790389787.5138664,31.990975985536352
1790389787.5139804,32.846318994415924
1790389787.5140917,11.226750997593626
1790389787.522506,2.046190988039598
1790389787.5270677,3.2611170026939362
1790389787.5271685,4.014285019366071
1790389787.5784197,35.186241002520546
1790389787.5792649,46.67029602569528
1790389787.579383,42.59898900636472
1790389787.5794532,7.270382979186252
1790389787.5883572,1.934560015797615
1790389787.628796,18.087335978634655
1790389787.6391199,32.80442499089986
1790389787.6541543,23.977990000275895
1790389787.6551256,36.488200013991445
1790389787.6559408,11.782057990785688
1790389787.65615,20.376792992465198
1790389787.6568942,2.555415005190298
1790389787.6839814,24.157282983651385
1790389787.72926,35.80676999990828
1790389787.729559,34.9811410123948
1790389787.7298281,18.772543990053236
1790389787.77344,69.4558740069624
1790389787.7840896,60.926303995074704
1790389787.7844312,74.05882398597896
1790389787.7906654,47.00035401037894
1790389787.7982786,44.55693901400082
1790389787.799874,57.46947298757732
1790389787.8045688,34.32825900381431
1790389787.815875,44.09912400296889
1790389787.8249245,32.58377101155929
1790389787.825028,38.14960498129949
1790389787.8255394,28.567240020493045
1790389787.8258238,26.35259399539791
1790389787.8487084,1.7242459871340543
1790389787.8534515,1.7498450179118663
1790389787.9217024,22.890644002472982
1790389787.921791,19.38946999143809
1790389787.9379802,1.6608779842499644
1790389787.9959202,56.94502600817941
1790389788.0009716,59.44001200259663
1790389788.0054054,33.19740202277899
1790389788.005895,11.762022011680529
1790389788.0064244,11.207015020772815
1790389788.0134995,1.3875750009901822
1790389788.038066,23.499346018070355
1790389788.0510874,2.1685179963242263
1790389788.0997007,20.230197987984866
1790389788.111565,1.710890996037051
1790389788.1210244,1.684497983660549
1790389788.1326628,1.7118190007749945
1790389788.1929786,56.426222989102826
1790389788.1982546,56.90510600106791
1790389788.2270844,76.02694400702603
1790389788.2282522,82.36566599225625
1790389788.228333,81.01293799700215
1790389788.2287533,69.37431599362753
1790389788.229097,57.30372600373812
1790389788.2297065,56.951881997520104
1790389788.230072,52.287662983871996
1790389788.230652,33.32187098567374
1790389788.2307947,17.650677007623017
1790389788.2312508,5.4528400069102645
1790389788.2488468,1.812108006561175
1790389788.2520876,1.5322899853345007
1790389788.2606297,1.7280800093431026
1790389788.2648482,1.2023030139971524
1790389788.2873285,1.6417100268881768
1790389788.3166847,21.39564699609764
1790389788.316776,22.47061301022768
1790389788.3171792,9.757413004990667
1790389788.3213174,1.4521970006171614
1790389788.3424845,1.652139995712787
1790389788.3441951,1.4002390089444816
1790389788.3491628,1.6393170226365328
1790389788.3735936,21.53667699894868
1790389788.373675,15.096396004082635
1790389788.3862486,1.8599950126372278
1790389788.386321,2.5325570022687316
1790389788.3968225,1.3537880149669945
1790389788.4084978,1.671395992161706
1790389788.4127104,1.6957960033323616
1790389788.4537814,30.252352997194976
1790389788.453887,29.778921976685524
1790389788.4702482,17.113620997406542
1790389788.483901,24.314298992976546
1790389788.4839845,58.50265800836496
1790389788.51032,1.598188013304025
1790389788.515378,1.9458159804344177
1790389788.5658588,15.903614985290915
1790389788.5659459,26.475399994524196
1790389788.5667834,8.41715102433227
1790389788.56708,3.8661090075038373
1790389788.5783217,1.4369429845828563
1790389788.5832727,1.6361399902962148
1790389788.5978503,1.6383320034947246
1790389788.620068,1.7376299947500229
1790389788.629916,1.4444290136452764
1790389788.6565943,1.8754900083877146
1790389788.6608598,1.409908989444375
1790389788.6624198,1.4090310141909868
1790389788.6706524,1.4806620019953698
1790389788.6864245,1.675345003604889
1790389788.7161186,1.8310519808437675
1790389788.729295,1.597136986674741
1790389788.7368984,1.5291630115825683
1790389788.7872803,34.24308600369841
1790389788.7960656,33.54949300410226
1790389788.7965064,30.547183996532112
1790389788.7965848,29.30842401110567
1790389788.7971027,9.321794990682974
1790389788.8630464,50.068147014826536
1790389788.8822467,59.993187023792416
1790389788.8824692,66.77644301089458
1790389788.883643,41.85403202427551
1790389788.8837278,53.74724301509559
1790389788.8892791,30.397719994653016
1790389788.8943112,44.97295600594953
1790389788.909667,39.0735830005724
1790389788.9233108,1.6870730032678694
1790389788.9308207,1.6077659965958446
1790389788.9375484,1.318220020039007
1790389788.956317,2.1336490171961486
1790389788.9810016,19.5203649927862
1790389788.9819922,3.124946990283206
1790389788.9820619,25.476152019109577
1790389789.0078201,1.9934290030505508
1790389789.028039,1.68005601153709
1790389789.0435336,1.548086991533637
1790389789.0738435,1.5998170129023492
1790389789.076384,1.6976020124275237
1790389789.0812666,1.426417991751805
1790389789.1041725,1.4418939827010036
1790389789.1160548,1.7610460054129362
1790389789.1325388,1.583874982316047
1790389789.183717,43.236625991994515
1790389789.1842403,42.36690900870599
1790389789.1843104,37.87126601673663
1790389789.1896489,40.55873298784718
1790389789.2066126,21.00825699744746
1790389789.2067013,52.78049400658347
1790389789.2067568,47.029042994836345
1790389789.2146382,1.5884840104263276
1790389789.227309,1.5492479724343866
1790389789.2308607,1.572295994265005
1790389789.2322664,1.288050989387557
1790389789.252129,1.9740780116990209
1790389789.2985907,1097.9129560000729
1790389789.3041677,14.168775000143796
1790389789.3050241,1090.9082349971868
1790389789.3086667,1.6949780110735446
1790389789.321807,2.25282198516652
1790389789.3623302,1.9014269928447902
1790389789.4041748,22.609161998843774
1790389789.414316,1.582533004693687
1790389789.4162712,1.4982970023993403
1790389789.4176323,1.1601459991652519
1790389789.4194133,1.1102179996669292
1790389789.4265497,1.464244007365778
1790389789.440893,1.8471989897079766
1790389789.447745,1.4577599940821528
1790389789.4634829,1.5529499796684831
1790389789.4761572,1.7643460014369339
1790389789.488964,1.5965979837346822
1790389789.496537,1.6600060043856502
1790389789.504875,1.4262630138546228
1790389789.5285187,1.6026079829316586
1790389789.5331151,1.231453992659226
1790389789.5411873,2.095300005748868
1790389789.5422006,2.267243020469323
1790389789.5677943,1.6003210039343685
1790389789.594855,17.65779298148118
1790389789.5952992,16.501217003678903
1790389789.6025844,26.172616984695196
1790389789.6032286,1.6463359934277833
1790389789.622342,2.3338079918175936
1790389789.6419637,1.8238670018035918
1790389789.6506867,1.5635880117770284
1790389789.6617224,1.9314169767312706
1790389789.663262,1.7014830082189292
1790389789.669997,1.3047709944657981
1790389789.6843746,1.9471359846647829
1790389789.7223582,2.4262389924842864
1790389789.7292385,1.5743880067020655
1790389789.7399962,1.5254500031005591
1790389789.7496457,1.354908017674461
1790389789.7758837,19.743793993256986
1790389789.7877722,1.9335129763931036
1790389789.8017156,1.9242599955759943
1790389789.8082163,1.4637040148954839
1790389789.8389916,24.280654994072393
1790389789.853882,41.135273000691086
1790389789.8542538,35.0184970011469
1790389789.869814,53.22655898635276
1790389789.8836534,49.50148399802856
1790389789.8837445,37.303534016245976
1790389789.884043,56.15291799767874
1790389789.8842912,37.114459002623335
1790389789.8890665,1.6447620000690222
1790389789.8932216,1.3099150091875345
1790389789.8961008,1.362226001219824
1790389789.9046957,1.58414599718526
1790389789.9140809,1.448695024009794
1790389789.917448,1.7332599963992834
1790389789.930841,1.8008369952440262
1790389789.979793,41.91109200473875
1790389789.9801939,26.66189899900928
1790389789.9803264,39.52160300104879
1790389790.002183,30.44708797824569
1790389790.0024097,45.95193901332095
1790389790.0027316,27.96139899874106
1790389790.0028827,24.534335010685027
1790389790.0031798,7.4320870044175535
1790389790.0306942,29.72886900533922
1790389790.0412693,19.660211022710428
1790389790.0413923,44.633551995502785
1790389790.0471375,36.99148498708382
1790389790.0474072,20.028797996928915
1790389790.0537677,2.296949998708442
1790389790.053832,1.738243008730933
1790389790.080841,21.70706700417213
1790389790.0810533,3.5761879989877343
1790389790.0811348,9.257797006284818
1790389790.0905297,1.7302140186075121
1790389790.1285565,26.678433001507074
1790389790.1518939,38.52722101146355
1790389790.1640463,27.858154993737116
1790389790.166584,1.6730219940654933
1790389790.18924,1.822498976252973
1790389790.193681,1.7137950053438544
1790389790.198454,1.5472880040761083
1790389790.2243881,21.649178001098335
1790389790.2249348,7.416307023959234
1790389790.2250097,8.345289999851957
1790389790.24187,2.016534999711439
1790389790.2646308,19.076383992796764
1790389790.2646956,21.791793027659878
1790389790.290492,1.6103599919006228
1790389790.3424585,15.295699005946517
1790389790.3427875,21.663641004124656
1790389790.3431158,15.403811004944146
1790389790.3431807,4.360530991107225
1790389790.3541522,1.644119998672977
1790389790.4096994,39.50973099563271
1790389790.4109833,35.45022098114714
1790389790.4111216,10.409512993646786
1790389790.4112484,9.478005988057703
1790389790.418218,1.5660880017094314
1790389790.4586349,1.6632949991617352
1790389790.4656498,1.541064993944019
1790389790.4711177,1.6781670274212956
1790389790.4844186,1.5835689846426249
1790389790.4863045,1.4237450086511672
1790389790.497435,2.6878110074903816
1790389790.4975052,2.2208699956536293
1790389790.52139,1.874436013167724
1790389790.5341322,1.5311110182665288
1790389790.56851,22.821427992312238
1790389790.5690463,13.664369005709887
1790389790.569125,12.844289012718946
1790389790.6167614,1.778149016899988
1790389790.6382604,12.221674987813458
1790389790.638325,20.504804007941857
1790389790.6451719,1.6189489979296923
1790389790.647218,1.277080998988822
1790389790.6505156,1.1460740061011165
1790389790.6544564,1.3598130026366562
1790389790.6565635,1.3274459925014526
1790389790.6770613,2.334229997359216
1790389790.6773756,1.7668119980953634
1790389790.6856568,1.3756439730059355
1790389790.7207036,28.101156989578158
1790389790.7374616,22.783779015298933
1790389790.737588,34.44656601641327
1790389790.7517796,43.71311698923819
1790389790.7570043,28.497697989223525
1790389790.7673457,34.53929099487141
1790389790.7726915,56.47209699964151
1790389790.7834563,46.77522700512782
1790389790.7835906,45.269535010447726
1790389790.7937284,53.186789009487256
1790389790.8022814,47.193665988743305
1790389790.8023572,45.087072998285294
1790389790.8033187,43.041833996539935
1790389790.813548,29.94702701107599
1790389790.8237474,11.414242995670065
1790389790.824043,6.714846007525921
1790389790.824121,9.832430980168283
1790389790.8241904,28.493200021330267
1790389790.8246162,1.8579640018288046
1790389790.8280404,1.5499659930355847
1790389790.8288052,1.4148240152280778
1790389790.843578,1.4550180057995021
1790389790.8557713,1.8078520079143345
1790389790.8640432,1.5800459950696677
1790389790.8829932,1.9760129798669368
1790389790.9022713,21.986523002851754
1790389790.9023502,20.480325998505577
1790389790.9139733,1.761655992595479
1790389790.9149354,1.708202005829662
1790389790.9438303,1.6410660173278302
1790389790.9576743,1.9434569985605776
1790389790.9615154,1.2508609797805548
1790389790.979929,1.5986149956006557
1790389790.989608,1.5787160082254559
1790389790.9930692,1.3064579979982227
1790389791.0209086,22.532380011398345
1790389791.0430112,2.273210004204884
1790389791.0437107,1.5340849931817502
1790389791.082045,14.68926900997758
1790389791.0821247,23.208458995213732
1790389791.0838091,1.4951320190448314
1790389791.0868723,1.7285410140175372
1790389791.0872848,1.5022160077933222
1790389791.104842,5.069091013865545
1790389791.1049864,4.718371987110004
1790389791.105047,5.7488110032863915
1790389791.1114078,2.540746994782239
1790389791.1114728,2.1383080165833235
1790389791.1331594,1.8219479825347662
1790389791.13461,1.2669150019064546
1790389791.138218,1.1835939949378371
1790389791.1480236,1.566948980325833
1790389791.1546543,1.596399990376085
1790389791.163384,6.776298978365958
1790389791.1812258,24.148714990587905
1790389791.181941,9.181237022858113
1790389791.1820126,4.567683994537219
1790389791.2415178,10.37188500049524
1790389791.2416806,5.866516992682591
1790389791.2417781,20.513853000011295
1790389791.24948,1.3558610226027668
1790389791.2654166,1.9735179957933724
1790389791.2659662,1.3747490011155605
1790389791.272676,1.7095830116886646
1790389791.2911732,1.8217899778392166
1790389791.2934966,1.2455529940780252
1790389791.2949042,1.3255509838927537
1790389791.3068662,1.5346500149462372
1790389791.312903,1.727733004372567
1790389791.3133793,1.2409259798005223
1790389791.314565,1.088641001842916
1790389791.3285418,1.6131999727804214
1790389791.3443081,1.6897559980861843
1790389791.3509765,1.6457489982713014
1790389791.365476,2.384517982136458
1790389791.365821,2.1739460062235594
1790389791.3879135,10.248560982290655
1790389791.38801,23.659306985791773
1790389791.402129,1.885005010990426
1790389791.4033024,1.163637003628537
1790389791.425318,15.90513699920848
1790389791.4281414,21.71152498340234
1790389791.4282274,9.125324984779581
1790389791.4512258,1.7637450073380023
1790389791.4533699,1.3738369743805379
1790389791.4788673,1.9748240010812879
1790389791.4818618,1.6700990090612322
1790389791.491051,1.5558820159640163
1790389791.5011556,1.6297649999614805
1790389791.5071077,1.8436699756421149
1790389791.5289316,1.6073170118033886
1790389791.5566218,21.809696016134694
1790389791.5689816,1.6035829903557897
1790389791.5750074,1.3647879823110998
1790389791.6013854,19.884951994754374
1790389791.601551,23.223393014632165
1790389791.602522,1.9473010033834726
1790389791.6062758,1.4302920026239008
1790389791.6095796,1.178912993054837
1790389791.6152356,1.3244900037534535
1790389791.630339,1.6028379905037582
1790389791.6368413,1.7087080050259829
1790389791.674563,25.705649983137846
1790389791.6851227,39.57646098569967
1790389791.690108,32.705774006899446
1790389791.6906388,11.189384997123852
1790389791.6912804,4.970343987224624
1790389791.691547,4.4114999764133245
1790389791.7143874,1.6399179876316339
1790389791.7185602,1.612722990103066
1790389791.7200227,1.3613199989777058
1790389791.758962,31.04623401304707
1790389791.76958,30.189913988579065
1790389791.770318,35.61473800800741
1790389791.7705956,28.58705000835471
1790389791.771272,24.980186979519203
1790389791.771625,24.767830007476732
1790389791.7726293,23.962651001056656
1790389791.7830484,29.175800998928025
1790389791.7950678,33.47665900946595
1790389791.7952292,7.313095004064962
1790389791.7957299,1.8826349987648427
1790389791.8000598,1.3175730127841234
1790389791.820891,1.6286709869746119
1790389791.8551953,1.6000059840735048
1790389791.8737042,1.823317026719451
1790389791.8796003,1.290890999371186
1790389791.8846705,1.8110410019289702
1790389791.8882358,1.4861979871056974
1790389791.911633,1.8573729903437197
1790389791.9196994,1.6482489882037044
1790389791.9265592,1.7942229751497507
1790389791.9320915,1.7727749946061522
1790389791.9326227,1.3624519924633205
1790389791.9353464,1.0387040092609823
1790389791.9740896,13.87600798625499
1790389791.9805655,23.75886798836291
1790389791.9810932,11.122783995233476
1790389791.9817097,17.93621899560094
1790389791.98179,6.220298993866891
1790389791.9837806,1.2079770094715059
1790389792.0135584,1.5900350117590278
1790389792.0520713,20.16832699882798
1790389792.0526786,22.293003974482417
1790389792.0838025,16.784639010438696
1790389792.0843036,25.092828000197187
1790389792.0851586,8.88237199978903
1790389792.1060922,29.041325993603095
1790389792.1095116,24.34030402218923
1790389792.1098542,31.29650600021705
1790389792.1100483,27.568873978452757
1790389792.1104379,19.16531499591656
1790389792.1105108,2.548435004428029
1790389792.1509297,1.887357997475192
1790389792.1583107,2.14679999044165
1790389792.1661248,1.573159999679774
1790389792.1768832,1.4336489839479327
1790389792.1994178,1.8501710146665573
1790389792.2454913,19.089487992459908
1790389792.2458544,7.764788024360314
1790389792.245969,23.764924000715837
1790389792.2685254,27.99433100153692
1790389792.2687514,22.070084000006318
1790389792.2690327,14.188010973157361
1790389792.3067439,3.007057006470859
1790389792.3068542,23.288548982236534
1790389792.3096294,1.7842719971667975
1790389792.3148255,1.859337993664667
1790389792.3503058,1.9718550029210746
1790389792.3594575,2.1865029993932694
1790389792.4078944,2.7326660056132823
1790389792.4079506,2.1529369987547398
1790389792.4246156,1.5619200130458921
1790389792.4277046,1.338731002761051
1790389792.4326162,1.3667080202139914
1790389792.4565358,1.7511509940959513
1790389792.463039,1.510353002231568
1790389792.4662142,1.3647500018123537
1790389792.4735165,1.4352160214912146
1790389792.4774942,1.5480959846172482
1790389792.5218227,28.988557984121144
1790389792.5267804,27.350014017429203
1790389792.540399,30.629268992925063
1790389792.5414312,30.982862022938207
1790389792.5418699,43.01835398655385
1790389792.5419593,18.32411700161174
1790389792.5605855,1.6517640033271164
1790389792.5882206,18.459762999555096
1790389792.598236,30.644514976302162
1790389792.6071193,33.33849101909436
1790389792.6081865,14.192775008268654
1790389792.608484,32.10267800022848
1790389792.6085558,5.093034997116774
1790389792.6235924,1.5042730083223432
1790389792.6304066,1.4001989911776036
1790389792.6421378,1.653931976761669
1790389792.6534097,1.9414050038903952
1790389792.6641173,1.4139390259515494
1790389792.666084,1.1385029938537627
1790389792.6818552,1.7416469927411526
1790389792.684017,1.4203450118657202
1790389792.6847591,1.373058999888599
1790389792.7030315,1.8126989889424294
1790389792.7085967,1.2817330134566873
1790389792.7260118,1.5314430056605488
1790389792.7446673,1.6878049937076867
1790389792.7534895,1.4287710073404014
1790389792.768764,1.573491987073794
1790389792.7723799,1.595277019077912
1790389792.776358,1.319634000537917
1790389792.8001697,21.0266959911678
1790389792.802608,1041.6002470010426
1790389792.81696,1.8446010071784258
1790389792.8221138,1.6402540204580873
1790389792.8291688,1.47686802665703
1790389792.8295846,1.3333559909369797
1790389792.8515859,1.9064340158365667
1790389792.8747516,20.36162299918942
1790389792.874914,10.073408018797636
1790389792.8751976,10.897654021391645
1790389792.8984272,18.00467201974243
1790389792.9026604,22.68948100390844
1790389792.9035048,11.234053992666304
1790389792.9043021,10.101480002049357
1790389792.9043767,2.5586250121705234
1790389792.9045818,11.16503999219276
1790389792.919262,1.5807230083737522
1790389792.9289026,1.549773005535826
1790389792.9330504,1.558966003358364
1790389792.9458816,1.5082710015121847
1790389792.969252,15.901748993201181
1790389792.9858506,24.618216004455462
1790389792.986481,34.64354501920752
1790389792.991557,14.701601001434028
1790389792.9993322,27.88288300507702
1790389792.9994087,23.081724997609854
1790389793.0355647,23.69976497720927
1790389793.0356562,23.68104999186471
1790389793.042985,1.8388459866400808
1790389793.0446577,1.3459250039886683
1790389793.0502431,1.3596530188806355
1790389793.0579162,1.5638000040780753
1790389793.071222,1.6779529978521168
1790389793.0783682,1.5970260137692094
1790389793.0809548,1.2425610038917512
1790389793.089328,1.6585839912295341
1790389793.1132205,23.030109994579107
1790389793.113315,15.128647995879874
1790389793.1139336,2.7550380036700517
1790389793.1223824,1.7432580061722547
1790389793.1382198,1.6124119865708053
1790389793.181313,1.7573570075910538
1790389793.2206364,16.275628993753344
1790389793.2256198,35.964838025392964
1790389793.2296755,28.79241300979629
1790389793.2297308,25.54677499574609
1790389793.2503815,1.6144200053531677
1790389793.2518165,1.4255410060286522
1790389793.255283,1.7641219892539084
1790389793.25537,2.683144004549831
1790389793.2653878,1.4721069892402738
1790389793.270382,1.9911940034944564
1790389793.270449,2.5191979948431253
1790389793.2722838,1.4407580019906163
1790389793.2853782,1.80907899630256
1790389793.3335044,1.9566880073398352
1790389793.414241,62.275815987959504
1790389793.4143636,55.27806401369162
1790389793.4394214,65.54604400298558
1790389793.4395156,68.34523999714293
1790389793.4398835,72.20281098852865
1790389793.4502585,72.91095200343989
1790389793.4815414,96.93956200499088
1790389793.492101,73.11330400989391
1790389793.5065904,106.36812500888482
1790389793.5070333,78.83412798400968
1790389793.5119114,62.76448699645698
1790389793.5184972,105.35706198425032
1790389793.5495777,91.3072309922427
1790389793.5566134,71.20714700431563
1790389793.5569067,106.44327301997691
1790389793.5572367,92.77091600233689
1790389793.5584674,69.6182860119734
1790389793.5585523,55.21741198026575
1790389793.6119013,104.82366298674606
1790389793.6120644,86.10531900194474
1790389793.6217475,73.41741700656712
1790389793.622427,76.40744899981655
1790389793.6279724,108.0937160004396
1790389793.6335492,74.75518999854103
1790389793.634402,28.347562009003013
1790389793.6400564,27.52341900486499
1790389793.6680722,92.18983299797401
1790389793.6723192,27.156548982020468
1790389793.6821663,65.5292629962787
1790389793.682239,32.328331988537684
1790389793.6927028,39.75333701237105
1790389793.7030923,43.59612599364482
1790389793.7126281,46.97135600144975
1790389793.713371,42.206804995657876
1790389793.7145104,40.84336900268681
1790389793.71469,42.35941398655996
1790389793.7151008,27.900262997718528
1790389793.7152197,18.165094021242112
1790389793.715777,15.330775990150869
1790389793.716222,13.689896994037554
1790389793.7512786,2.162085991585627
1790389793.759709,1.725495996652171
1790389793.7953434,1.990449003642425
1790389793.8029077,1.4196590054780245
1790389793.8116128,1.6903450014069676
1790389793.8621483,17.600913997739553
1790389793.8628325,45.460084977094084
1790389793.8631313,46.32870201021433
1790389793.863317,4.8190449888352305
1790389793.8640282,4.950981994625181
1790389793.8641458,4.125284991459921
1790389793.87611,1.6340980073437095
1790389793.9030006,21.667226974386722
1790389793.9085407,28.27810900635086
1790389793.9252264,25.980111997341737
1790389793.9417515,2.2355490073096007
1790389793.94895,1.4706799993291497
1790389793.958121,1.6075720195658505
1790389793.96749,1.402093010256067
1790389794.0130582,40.40344699751586
1790389794.0136313,7.426486990880221
1790389794.0137062,35.19930099719204
1790389794.0173237,1.2723889958579093
1790389794.0223162,1.8135030113626271
1790389794.0315404,1.5872280055191368
1790389794.0623279,2.102092985296622
1790389794.0865047,1.8625509983394295
1790389794.1025996,2.25344201317057
1790389794.1083891,1.5433310181833804
1790389794.1338115,13.016187003813684
1790389794.1339266,20.80250799190253
1790389794.145562,1.3878890022169799
1790389794.159799,1.657563989283517
1790389794.179601,1.6983809764496982
1790389794.1841013,2.880775020457804
1790389794.1841693,2.2068620019126683
1790389794.2062697,1.9274679943919182
1790389794.2100954,2.5795139954425395
1790389794.2260935,1.6467139939777553
1790389794.2393444,2.472755004419014
1790389794.255434,15.277120983228087
1790389794.2600083,21.788364014355466
1790389794.2799408,20.788922003703192
1790389794.2804747,13.535111997043714
1790389794.2805383,7.0017479883972555
1790389794.3256347,18.826546001946554
1790389794.326056,27.096423000330105
1790389794.3267057,21.175521978875622
1790389794.326873,13.062140991678461
1790389794.3280787,3.1764989835210145
1790389794.3281436,2.698421012610197
1790389794.3528621,12.02577500953339
1790389794.359204,22.461783984908834
1790389794.359279,16.88154198927805
1790389794.359368,24.488452007062733
1790389794.3597317,2.866119990358129
1790389794.3599923,2.0946690056007355
1790389794.399169,21.138242998858914
1790389794.3995585,2.6881949743255973
1790389794.3996344,27.053273021010682
1790389794.4287767,19.807239004876465
1790389794.4304554,1.3746019976679236
1790389794.4669323,1.542810001410544
1790389794.4713664,1.7370319983456284
1790389794.4766953,1.4025330019649118
1790389794.4904506,1.8146280199289322
1790389794.49286,2.062741987174377
1790389794.4929237,1.625951990718022
1790389794.504295,1.548492000438273
1790389794.5047963,1.4132520009297878
1790389794.5197163,1.9254120124969631
1790389794.5201433,1.3497469772119075
1790389794.5505073,1.6450310067739338
1790389794.5519583,1.2834439985454082
1790389794.563394,1055.0200149882585
1790389794.5634935,1050.1369500125293
1790389794.5862432,1.5793210186529905
1790389794.5923114,1.6333649982698262
1790389794.5974224,1.6138040227815509
1790389794.5980952,1.5254240133799613
1790389794.6036544,1.488558977143839
1790389794.6101222,1.3645720027852803
1790389794.623367,1.6466130036860704
1790389794.658696,1.8726659764070064
1790389794.6726704,12.104876019293442
1790389794.6854918,24.43294200929813
1790389794.7017398,1.7272620170842856
1790389794.7128527,1024.4489439937752
1790389794.7137992,1.8601840129122138
1790389794.7268372,1.5893339877948165
1790389794.7436264,1.6551339940633625
1790389794.7491899,1.4934679784346372
1790389794.7683482,1.6425309877377003
1790389794.7745607,1.538176991743967
1790389794.7793112,1.4206510095391423
1790389794.8232942,31.164950982201844
1790389794.8236642,16.25382699421607
1790389794.8582492,22.103646013420075
1790389794.8586802,41.12121899379417
1790389794.8689587,47.73761401884258
1790389794.878071,28.46674801548943
1790389794.8829713,1.7264220223296434
1790389794.9000607,1.7362690123263747
1790389794.9095652,1.4350319979712367
1790389794.9185479,1.8738129874691367
1790389794.9186544,2.473241009283811
1790389794.9238844,1.3594169868156314
1790389794.925434,1.5408839972224087
1790389794.9472935,1.6911349957808852
1790389794.986908,2.1681619982700795
1790389795.0080388,1.8433259974699467
1790389795.0171864,1.9673070055432618
1790389795.0431523,1.6369529766961932
1790389795.0749512,1.6135600162670016
1790389795.0768712,1.3516100007109344
1790389795.0815718,1.7893250042106956
1790389795.109846,22.768034017644823
1790389795.1101785,25.616621016524732
1790389795.1102514,17.72257700213231
1790389795.1213577,20.66957499482669
1790389795.1328022,27.943129010964185
1790389795.1331425,27.752490976126865
1790389795.1332362,21.17856900440529
1790389795.133596,20.80112398834899
1790389795.1574914,1.6718160186428577
1790389795.1694045,1.6615439963061363
1790389795.1703289,1.6363859758712351
1790389795.171089,1.4817769988439977
1790389795.1841538,1.7138230032287538
1790389795.1877527,1.269258005777374
1790389795.1931577,1.6419980092905462
1790389795.19467,1.1366360122337937
1790389795.2040465,1.5957889845594764
1790389795.2044902,1.2213199806865305
1790389795.2082317,1.6326179902534932
1790389795.2335289,21.723466023104265
1790389795.2341847,1.7682320030871779
1790389795.241898,1.4446089917328209
1790389795.244466,1.1602860176935792
1790389795.2578156,1.8450449861120433
1790389795.2685156,1.4574799861293286
1790389795.3031926,1.842705998569727
1790389795.3241386,2.7021190035156906
1790389795.3471956,15.742680989205837
1790389795.3474188,24.193871999159455
1790389795.348904,12.214038986712694
1790389795.3496783,14.23989501199685
1790389795.3497536,9.647897008107975
1790389795.3792956,8.428058004938066
1790389795.3793626,20.71605101809837
1790389795.3829384,1.5788259916007519
1790389795.3929682,1.7302769992966205
1790389795.409973,1.5564179921057075
1790389795.4178526,1.711296004941687
1790389795.4208372,1.403255999321118
1790389795.4230444,1.6663589922245592
1790389795.4235215,1.1449700105004013
1790389795.4465752,2.0565770100802183
1790389795.4597788,1.518820005003363
1790389795.483247,1.8159030005335808
1790389795.4883356,1.6855110006872565
1790389795.5070848,1.593751017935574
1790389795.5200322,1.5554659767076373
1790389795.5471377,20.63365202047862
1790389795.5493414,1.471753988880664
1790389795.5593328,2.0102710113860667
1790389795.5917492,6.787297024857253
1790389795.5918272,24.45274399360642
1790389795.6195092,9.064523997949436
1790389795.6198728,3.6469319893512875
1790389795.6199386,22.23776699975133
1790389795.6232708,1.2299820082262158
1790389795.6289089,1.8078509892802685
1790389795.6308646,1.3377319846767932
1790389795.636889,1.2454859970603138
1790389795.6457386,1.6018809983506799
1790389795.6529691,1.777577999746427
1790389795.6553617,2.308007999090478
1790389795.6554694,2.8982619987800717
1790389795.6561973,1.2633019941858947
1790389795.6595445,1.6730169882066548
1790389795.667329,1.3214980135671794
1790389795.6698296,1.5138770104385912
1790389795.6868093,1.5325510175898671
1790389795.6987097,1.6699529951438308
1790389795.709446,1.7568600014783442
1790389795.712601,1.4003730029799044
1790389795.72121,1.7530889890622348
1790389795.7254047,1.6193460032809526
1790389795.7257957,1.327592006418854
1790389795.7317502,1.483403000747785
1790389795.7663226,1.8293720204383135
1790389795.7744002,2.3515470093116164
1790389795.7749112,2.1837780077476054
1790389795.8112676,1.6921980131883174
1790389795.8135676,1.3027449895162135
1790389795.8612468,13.982884003780782
1790389795.861408,28.815952013246715
1790389795.8616,11.06157700996846
1790389795.8619585,6.768084014765918
1790389795.8633428,1.2674549943767488
1790389795.8686674,1.3926609826739877
1790389795.8934267,17.929777008248493
1790389795.8935068,22.37607102142647
1790389795.894023,8.54366400744766
1790389795.8973033,1.2688550050370395
1790389795.951736,43.15803901408799
1790389795.9521453,36.78212998784147
1790389795.9526622,34.40883499570191
1790389795.9528203,20.897534996038303
1790389795.9528842,35.17622998333536
1790389795.9588609,17.441294010495767
1790389795.9645877,19.799269997747615
1790389795.9744906,17.275437974603847
1790389795.9751298,35.09872799622826
1790389795.9754405,14.84491498558782
1790389795.975497,13.055154995527118
1790389795.9911625,1.8855780072044581
1790389796.014444,22.437417996115983
1790389796.0145435,16.97412200155668
1790389796.0145986,7.353722001425922
1790389796.0188649,1.2849030026700348
1790389796.0266864,2.274144993862137
1790389796.026781,2.834135026205331
1790389796.0499399,2.032627002336085
1790389796.0640519,1.942781003890559
1790389796.0663834,1.8090190133079886
1790389796.0664573,2.394510986050591
1790389796.0699508,1.3156579807400703
1790389796.0739665,1.389962009852752
1790389796.095749,1.6541109944228083
1790389796.1274161,1.667047996306792
1790389796.1617217,23.554221988888457
1790389796.1618698,20.806599990464747
1790389796.162455,24.80870598810725
1790389796.1625323,8.91652301652357
1790389796.164143,1.193121017422527
1790389796.2200406,34.38710799673572
1790389796.2299225,29.55645800102502
1790389796.23055,33.10041700024158
1790389796.2309084,18.216616997960955
1790389796.2312322,2.8110019920859486
1790389796.243676,1.6281739808619022
1790389796.2455888,1.5172139974310994
1790389796.2460692,1.1343180085532367
1790389796.2494934,1.1607009801082313
1790389796.2533855,1.4505859871860594
1790389796.261335,1.6735490062274039
1790389796.2768404,1.832687994465232
1790389796.2929611,2.166941005270928
1790389796.2982671,1.6397899889852852
1790389796.3017805,1.9932750146836042
1790389796.302411,1.5831150230951607
1790389796.3197799,1.5967189974617213
1790389796.3485658,1.686977018835023
1790389796.3528295,1.7664709885139018
1790389796.3604198,1.5209709818009287
1790389796.3899367,27.737708995118737
1790389796.4108086,37.5326540088281
1790389796.4242978,43.94734598463401
1790389796.424883,36.709802981931716
1790389796.425831,11.209939984837547
1790389796.4267392,1.535306015284732
1790389796.434595,1.4646159834228456
1790389796.4350202,1.279273012187332
1790389796.453154,2.0389819983392954
1790389796.4558704,1.3088640116620809
1790389796.4766846,1.532424008473754
1790389796.4928901,2.0519960089586675
1790389796.4961972,2.137305011274293
1790389796.49702,1.6939699999056756
1790389796.5017962,1.5208609984256327
1790389796.508578,1.7534960061311722
1790389796.5475502,21.69422499719076
1790389796.5480964,23.476420989027247
1790389796.5482302,6.245581025723368
1790389796.5701501,11.662052012979984
1790389796.570644,5.131332000019029
1790389796.5707254,23.746071005007252
1790389796.5766902,1.407261996064335
1790389796.5983655,18.644812022102997
1790389796.5984497,21.595970989437774
1790389796.604174,1.577901013661176
1790389796.6132646,1.9413679838180542
1790389796.6138318,1.5174559957813472
1790389796.6154644,1.2522090109996498
1790389796.6166575,1.0941560030914843
1790389796.6452057,1.621653005713597
1790389796.648327,1.307225989876315
1790389796.6563015,1.5142179909162223
1790389796.6681724,1.825853978516534
1790389796.6907024,1.783528015948832
1790389796.6975121,1.5169679827522486
1790389796.6981716,2.6422789960633963
1790389796.722673,1.8111509853042662
1790389796.7256079,1.2536940048448741
1790389796.7430537,1.7353400180581957
1790389796.745554,1.4967229799367487
1790389796.771925,17.294321005465463
1790389796.77445,24.684058007551357
1790389796.7815425,1.4404809917323291
1790389796.7838104,1.214817981235683
1790389796.791019,2.1898069826420397
1790389796.7967315,1.3290889910422266
1790389796.8274288,23.10442499583587
1790389796.8360884,1.7092729976866394
1790389796.8585393,19.91121598985046
1790389796.8586056,14.751741022337228
1790389796.8593004,7.727098010946065
1790389796.8593934,22.603469988098368
1790389796.8596542,9.413224004674703
1790389796.8597066,2.5532750005368143
1790389796.8675425,1.6557580092921853
1790389796.8676074,2.2940729977563024
1790389796.8954592,21.673928014934063
1790389796.9067404,34.651930996915326
1790389796.918335,32.73642898420803
1790389796.9184368,32.15980899403803
1790389796.9185338,31.05600699200295
1790389796.9185944,5.482467007823288
1790389796.959506,16.15528200636618
1790389796.9610085,15.393382986076176
1790389796.961264,12.956336024217308
1790389796.9613385,33.15909698721953
1790389796.9619606,2.440076001221314
1790389796.983812,2.1857499959878623
1790389796.9872396,1.696730003459379
1790389796.9970744,1.9966819963883609
1790389797.0017328,4.402769001899287
1790389797.0023715,4.5840349921491
1790389797.0240645,22.313761000987142
1790389797.0241914,20.973540988052264
1790389797.024271,24.057525995885953
1790389797.0334623,2.0717130100820214
1790389797.0727117,2.276001003338024
1790389797.0904157,2.9170860070735216
1790389797.0904908,3.0726930126547813
1790389797.1135154,15.074055001605302
1790389797.1135898,24.192643992137164
1790389797.113855,21.62087900796905
1790389797.1139078,2.251316007459536
1790389797.144877,1.8639240006450564
1790389797.2100573,59.393360977992415
1790389797.2105045,58.47959397942759
1790389797.2108264,41.31517498171888
1790389797.2166507,49.11263400572352
1790389797.2174454,34.511612000642344
1790389797.218277,26.31411701440811
1790389797.2189202,9.930408006766811
1790389797.2198086,8.764311001868919
1790389797.2200618,2.6048659929074347
1790389797.2201614,21.9417359912768
1790389797.22022,7.142666989238933
1790389797.2489736,11.723307019565254
1790389797.265358,36.66840499499813
1790389797.2690294,23.862811998696998
1790389797.2694192,26.126754994038492
1790389797.269962,18.89945298898965
1790389797.2704694,4.396737000206485
1790389797.2705333,14.079224987654015
1790389797.2838855,1.5198399778455496
1790389797.3180065,1.8701269873417914
1790389797.3855467,16.538121999474242
1790389797.3858924,17.997795017436147
1790389797.3865561,24.681606999365613
1790389797.3869677,11.995594017207623
1790389797.4130867,34.64460500981659
1790389797.4429963,59.144526021555066
1790389797.4517245,39.995425002416596
1790389797.4525456,49.36021601315588
1790389797.4533565,66.26531900838017
1790389797.4537752,53.88112098444253
1790389797.4538836,32.43626200128347
1790389797.4545822,12.292450992390513
1790389797.4546728,24.51161199132912
1790389797.4547288,3.6821109824813902
1790389797.462357,1.471341005526483
1790389797.4646623,1.294224988669157
1790389797.4902823,12.129269016440958
1790389797.4908965,24.58500798093155
1790389797.4911792,7.020788005320355
1790389797.491237,11.06515500578098
1790389797.4974046,1.6136759950313717
1790389797.5075521,1.8285230034962296
1790389797.509003,1.28682900685817
1790389797.535608,1.7813009908422828
1790389797.545974,1.3015430013183504
1790389797.5543642,1.3217419909778982
1790389797.5616527,1.6774969990365207
1790389797.5669293,1.9015349971596152
1790389797.5940962,13.635153998620808
1790389797.594401,7.545458996901289
1790389797.594459,22.586372011573985
1790389797.6001225,1.5849799965508282
1790389797.600168,2.040918974671513
1790389797.6094723,1.6479880141559988
1790389797.648194,2.5529710110276937
1790389797.6598923,2.2607459977734834
1790389797.660488,1.8772989860735834
1790389797.676612,2.350509981624782
1790389797.6973882,1.922739000292495
1790389797.7029524,1.8685649847611785
1790389797.7062657,1.6755599936004728
1790389797.7167635,1.6689809854142368
1790389797.7175508,1.5133809938561171
1790389797.720105,1.2316889769863337
1790389797.7462163,23.176926013547927
1790389797.7474468,22.321083990391344
1790389797.74751,15.795601007994264
1790389797.7670112,1.5936249983496964
1790389797.7698445,1.9305000023450702
1790389797.7782054,1.501044986071065
1790389797.795255,1.5249419957399368
1790389797.7993035,1.4111549826338887
1790389797.804445,2.014263009186834
1790389797.8080668,1.4591319777537137
1790389797.8124652,1.8973739934153855
1790389797.827809,2.2115260071586818
1790389797.8309693,2.2611870081163943
1790389797.8410861,2.2914729779586196
1790389797.8622577,2.6189440104644746
1790389797.8682141,2.277441992191598
1790389797.8986206,1.6867059748619795
1790389797.9000177,1.3874159776605666
1790389797.901441,1.2970390089321882
1790389797.929783,25.42553501552902
1790389797.9349186,25.958148995414376
1790389797.9640758,48.62304500420578
1790389797.9645698,39.569551998283714
1790389797.964997,20.25336300721392
1790389797.965092,45.40798702510074
1790389797.966451,22.237550001591444
1790389797.9669814,11.29818000481464
1790389797.9674952,7.958108006278053
1790389797.9675567,6.46586500806734
1790389797.9727495,1.4195460244081914
1790389797.9768734,1.160348008852452
1790389798.0000696,2.3172220098786056
1790389798.010721,1.8781880207825452
1790389798.0195017,1.7019710212480277
1790389798.0342762,1.6448030073661357
1790389798.0658016,23.834535997593775
1790389798.0749016,40.0026639981661
1790389798.0752547,28.90252199722454
1790389798.0762422,30.932549008866772
1790389798.076341,19.312265008920804
1790389798.076394,4.895643010968342
1790389798.0809247,1.1746819945983589
1790389798.0828152,1.118913001846522
1790389798.0896475,1.1109719926025718
1790389798.1052978,2.536582003813237
1790389798.106566,3.2818939944263548
1790389798.106787,2.9715359851252288
1790389798.1438599,1.5193700091913342
1790389798.1474447,1.1942760029342026
1790389798.1566536,1.4937380037736148
1790389798.1701758,2.0744109933730215
1790389798.1943684,5.053167988080531
1790389798.2250946,6.054942001355812
1790389798.2302625,4.157401010161266
1790389798.2312102,2.9541190015152097
1790389798.2372892,2.504717995179817
1790389798.2657702,3.3821300021372736
1790389798.269419,4.128781001782045
1790389798.2696922,6.082385021727532
1790389798.2708707,3.1346119940280914
1790389798.3054748,24.770658987108618
1790389798.3082283,38.02789599285461
1790389798.3092754,36.10162500990555
1790389798.3093536,25.524846016196534
1790389798.309419,21.148517000256106
1790389798.3363261,2.3080200189724565
1790389798.3364284,1.646849006647244
1790389798.358841,1.9609710143413395
1790389798.3702629,3.7177920166868716
1790389798.3844512,1.5835049853194505
1790389798.3976748,1.8523279868531972
1790389798.4060597,1.489461021265015
1790389798.423778,3.855677990941331
1790389798.4245877,3.43710501329042
1790389798.443827,1.8166430236306041
1790389798.455689,2.4937010020948946
1790389798.4557395,2.0436029881238937
1790389798.4698675,1.5696930058766156
1790389798.471494,1.1728759855031967
1790389798.4768667,1.3531479926314205
1790389798.4848094,1.6117659979499876
1790389798.491089,2.0736650039907545
1790389798.49249,1.3868740061298013
1790389798.514207,2.019748993916437
1790389798.514737,1.6424280183855444
1790389798.5198772,1.3672640197910368
1790389798.544683,2.9382760112639517
1790389798.544763,3.878450981574133
1790389798.5791306,21.578417014097795
1790389798.579416,21.25691800029017
1790389798.5796885,7.389837002847344
1790389798.5962064,1.6589539882261306
1790389798.629228,14.269208011683077
1790389798.6293113,19.95512898429297
1790389798.6314228,1.3581379898823798
1790389798.670297,2.1671899885404855
1790389798.7143939,26.370961975771934
1790389798.7144713,13.460866000968963
1790389798.7275243,7.9092060041148216
1790389798.7277806,27.489899017382413
1790389798.7282085,1.6905090014915913
1790389798.7318134,1.57839001622051
1790389798.7363806,1.3733039959333837
1790389798.7409048,1.2385370209813118
1790389798.744904,1.2433590018190444
1790389798.7787728,21.843186987098306
1790389798.7789626,9.67560798744671
1790389798.780884,1.901746989460662
1790389798.7810884,1.6854119894560426
1790389798.788047,1.2151670234743506
1790389798.815831,8.468286017887294
1790389798.8158996,21.105828986037523
1790389798.8162982,7.974141975864768
1790389798.817475,1.1685130011755973
1790389798.8196042,1.2283230025786906
1790389798.8251648,1.392423000652343
1790389798.8291845,1.325317978626117
1790389798.8343568,1.3351740199141204
1790389798.8376482,1.2404840090312064
1790389798.873271,1.7986829916480929
1790389798.8906367,2.3472360044252127
1790389798.915918,3.133278019959107
1790389798.9163613,2.0873169996775687
1790389798.945661,2.594118006527424
1790389798.974998,23.082302999682724
1790389798.9751112,2.1771870087832212
1790389798.9751918,8.061914006248116
1790389798.999119,19.07528398442082
1790389799.0181608,19.575289014028385
1790389799.0186217,3.550013992935419
1790389799.0228043,1.3319249846972525
1790389799.0591314,2.0872000022791326
1790389799.072683,2.7625370130408555
1790389799.095049,14.895300002535805
1790389799.09555,11.910578003153205
1790389799.0969937,10.139993013581261
1790389799.0972152,8.662204985739663
1790389799.0973358,23.03390300949104
1790389799.0979097,1.7610140203032643
1790389799.1093333,1.4611409860663116
1790389799.1136572,1.363534014672041
1790389799.1489384,21.283169015077874
1790389799.1493318,8.853738981997594
1790389799.150695,1.3521609944291413
1790389799.1712782,1.9206689903512597
1790389799.188458,1.565203012432903
1790389799.1932733,1.321796007687226
1790389799.2410946,21.37790698907338
1790389799.2411828,22.560858022188768
1790389799.2798254,1.862473989604041
1790389799.284878,1.4839190116617829
1790389799.288257,1.2717329955194145
1790389799.3212311,21.993315021973103
1790389799.3221378,19.800303998636082
1790389799.32226,16.575062996707857
1790389799.3223348,22.631359985098243
1790389799.3391793,1.7408310086466372
1790389799.3446205,1.541099016321823
1790389799.3446822,2.086714986944571
1790389799.3628364,1.796227996237576
1790389799.3658543,1.3623239938169718
1790389799.407343,2.271771983942017
1790389799.4209359,5.1363600068725646
1790389799.420993,2.416042989352718
1790389799.424261,1.3072479923721403
1790389799.43394,1.869314000941813
1790389799.4345963,1.3617950025945902
1790389799.4632547,6.876989005832002
1790389799.4638307,5.034078989410773
1790389799.4638987,19.703266996657476
1790389799.4709702,1.4254130073823035
1790389799.47968,1.8676229810807854
1790389799.48044,1.1487500160001218
1790389799.4868112,1.1556130193639547
1790389799.509091,21.577869018074125
1790389799.5361507,13.399048009887338
1790389799.536255,22.40030898246914
1790389799.5464265,2.9504940030165017
1790389799.5540178,1.608432998182252
1790389799.5638056,2.038789010839537
1790389799.5643277,1.4721699990332127
1790389799.5680158,1.3182830007281154
1790389799.584322,1.5837959945201874
1790389799.605233,2.6126769953407347
1790389799.6053329,3.3760239894036204
1790389799.6297057,18.017551017692313
1790389799.643351,39.911523985210806
1790389799.644173,29.111401992850006
1790389799.644486,27.286379976430908
1790389799.6449478,26.983363990439102
1790389799.6450408,21.865835995413363
1790389799.6794922,53.65449099917896
1790389799.6822736,52.02421700232662
1790389799.6825576,48.13694002223201
1790389799.6826947,44.97423701104708
1790389799.6831214,42.306379007641226
1790389799.6835423,7.313730020541698
1790389799.6962895,2.095864008879289
1790389799.7029302,1.5787949960213155
1790389799.7038956,3.039344010176137
1790389799.7147155,1.4570780040230602
1790389799.7479928,1.996425009565428
1790389799.7751296,2.447311009746045
1790389799.800526,2.090093999868259
1790389799.848074,2.7463949809316546
1790389799.8549762,1.8636599997989833
1790389799.9300265,41.08486798941158
1790389799.9303658,22.854243026813492
1790389799.9308958,25.38995200302452
1790389799.931535,19.748619000893086
1790389799.9321883,4.7397070156876
1790389799.9322898,8.668569003930315
1790389799.9470537,1.9146970007568598
1790389799.9632628,2.1484750031959265
1790389799.9685316,2.0581359858624637
1790389799.9714375,1.4300299808382988
1790389800.0223765,39.98220298672095
1790389800.0257432,21.3280480238609
1790389800.026114,22.46236999053508
1790389800.0261846,27.48156400048174
1790389800.027108,19.402954989345744
1790389800.0272758,10.988462017849088
1790389800.027574,8.829268015688285
1790389800.0308037,1.261010009329766
1790389800.0448692,1.607646991033107
1790389800.0640292,19.864159025019035
1790389800.079811,2.652066992595792
1790389800.079874,2.166605001548305
1790389800.1201372,4.2662330088205636
1790389800.1425838,2.428181003779173
1790389800.1665103,1.6073660226538777
1790389800.1712263,2.2762430016882718
1790389800.1819956,1.8656880129128695
1790389800.1937816,2.01099700643681
1790389800.2069292,1.7345079977530986
1790389800.2269406,1.6425380017608404
1790389800.2386959,2.0584859885275364
1790389800.23952,1.6418530140072107
1790389800.2464845,2.0303069904912263
1790389800.2534568,1.4127260074019432
1790389800.2565324,1.454412005841732
1790389800.2614417,1.5468670171685517
1790389800.2630897,1.510599977336824
1790389800.3443077,26.39119600644335
1790389800.3498883,26.790019008331
1790389800.3502643,34.690447995672
1790389800.3506856,19.82925902120769
1790389800.3772342,50.27873502695002
1790389800.38135,26.428982004290447
1790389800.381727,49.59631699603051
1790389800.3818128,49.222219007788226
1790389800.3943684,1.651739003136754
1790389800.3966227,1.1550560011528432
1790389800.433056,20.88536199880764
1790389800.444785,2.435917005641386
1790389800.4449222,2.0429500145837665
1790389800.4534175,2.3212390078697354
1790389800.45723,2.423918020213023
1790389800.4580507,1.8336469947826117
1790389800.4674768,3.3041109854821116
1790389800.4679017,3.565690014511347
1790389800.4684741,1.5117530128918588
1790389800.4751735,1.3482980139087886
1790389800.4799874,1.3583549880422652
1790389800.48841,1.6412900004070252
1790389800.4907424,1.1643980105873197
1790389800.495422,1.732996985083446
1790389800.5460384,22.498884005472064
1790389800.5469944,19.053666008403525
1790389800.5471485,18.16204600618221
1790389800.5474985,13.198708009440452
1790389800.5478408,23.625111003639176
1790389800.5486243,13.72040799469687
1790389800.5488741,9.95581501047127
1790389800.548931,10.349655989557505
1790389800.5728822,2.156012982595712
1790389800.5841267,3.320693998830393
1790389800.5864868,1.3702529831789434
1790389800.6141508,2.0923319971188903
1790389800.617585,1.2933719845023006
1790389800.6402752,20.602697011781856
1790389800.6403725,12.812811997719109
1790389800.6786299,2.2144480026327074
1790389800.6881578,1.8566259823273867
1790389800.7191877,7.834235992049798
1790389800.7192748,1076.5543300076388
1790389800.7390568,21.760429022833705
1790389800.7392454,25.934019999112934
1790389800.740308,13.81995200063102
1790389800.7403622,19.99779700418003
1790389800.757227,1.8025900062639266
1790389800.7643986,1.2442140141502023
1790389800.7834163,2.1066430199425668
1790389800.784876,1.329715014435351
1790389800.795387,2.0848960266448557
1790389800.815891,15.490396996028721
1790389800.8160286,21.57081599580124
1790389800.8163006,10.129704023711383
1790389800.816362,12.887985009001568
1790389800.8188686,1.1535699886735529
1790389800.825493,1.31358701037243
1790389800.8327253,1.9884390057995915
1790389800.8522387,1.75965201924555
1790389800.8542783,1.2454279931262136
1790389800.887835,2.3728210071567446
1790389800.9048133,2.7673209842760116
1790389800.9347856,3.5324929922353476
1790389800.9426827,2.819001005263999
1790389800.943397,2.461162017425522
1790389800.9594982,2.56209698272869
1790389800.9694822,2.236034022644162
1790389801.023349,3.4811449877452105
1790389801.0342872,2.013843011809513
1790389801.0398135,1.645532000111416
1790389801.0659318,2.2033340064808726
1790389801.0947175,1.860859978478402
1790389801.1296382,3.1412070093210787
1790389801.1297119,3.0624969804193825
1790389801.161338,2.461586002027616
1790389801.1850252,1.7345309897791594
1790389801.1898532,1.3414629793260247
1790389801.201504,1.6727639886084944
1790389801.2241075,2.1789789898321033
1790389801.2246077,1.319530012551695
1790389801.2514732,2.60441901627928
1790389801.2515683,1.9929000118281692
1790389801.262927,1.586195983691141
1790389801.2650185,1.251812995178625
1790389801.2713852,1.5773530176375061
1790389801.2732124,1.3206129951868206
1790389801.3011808,2.2404839983209968
1790389801.3231533,2.0242989994585514
1790389801.3410742,1.8384559953119606
1790389801.3426018,1.410396012943238
1790389801.3503036,1.6035170119721442
1790389801.3758798,23.629097995581105
1790389801.3774095,17.695488000754267
1790389801.377523,8.059865009272471
1790389801.3992343,27.72100397851318
1790389801.399482,30.821854976238683
1790389801.399561,22.90796599118039
1790389801.4001184,17.42474501952529
1790389801.4003842,6.643386004725471
1790389801.4059632,2.2703750000800937
1790389801.4070718,1.6535550239495933
1790389801.4125187,1.5367279993370175
1790389801.430595,1.7700839962344617
1790389801.444078,1.7579520063009113
1790389801.4498136,1.8130149983335286
1790389801.4538302,1.6298370028380305
1790389801.4749374,2.8153739986009896
1790389801.4927144,1.923272997373715
1790389801.4956393,1.953096012584865
1790389801.5127015,2.604417997645214
1790389801.5202157,2.202956995461136
1790389801.5337255,1.958173990715295
1790389801.5540154,2.807003998896107
1790389801.5621657,1.795713003957644
1790389801.5648632,1.4494289935100824
1790389801.6071231,16.680501983501017
1790389801.6072798,13.34463999955915
1790389801.6077173,22.427652002079412
1790389801.6085413,1.2509440130088478
1790389801.626401,2.2060860064812005
1790389801.6380944,1.403709000442177
1790389801.6754224,5.879678996279836
1790389801.689391,15.254559984896332
1790389801.6945024,23.230277001857758
1790389801.7066438,30.824565998045728
1790389801.707401,5.530391004867852
1790389801.7078702,2.705143007915467
1790389801.7242496,1.9616820209193975
1790389801.7284505,1.9111529982183129
1790389801.788232,28.02810599678196
1790389801.7933505,32.26017800625414
1790389801.823745,60.477371007436886
1790389801.8295581,82.76775598642416
1790389801.836799,69.2530189990066
1790389801.847038,59.77805197471753
1790389801.8574877,58.44901700038463
1790389801.857588,57.551589008653536
1790389801.8582203,56.18882802082226
1790389801.8595884,56.173571007093415
1790389801.8596501,48.7753490160685
1790389801.860178,43.85898500913754
1790389801.8603506,25.320631015347317
1790389801.861009,15.02489999984391
1790389801.8939044,32.40054601337761
1790389801.9086657,38.90483800205402
1790389801.9135869,43.1915279768873
1790389801.9188495,50.70339801022783
1790389801.9246497,38.12893500435166
1790389801.9257581,38.72535898699425
1790389801.9258633,27.707950008334592
1790389801.9259286,44.54059601994231
1790389801.926687,2.6422110095154494
1790389802.0161145,19.531171972630545
1790389802.0212522,28.430406004190445
1790389802.0388608,31.710310984635726
1790389802.0395646,40.76049002469517
1790389802.0404096,11.003483989043161
1790389802.0406022,17.855200014309958
1790389802.0409727,4.291131976060569
1790389802.041086,4.226727003697306
1790389802.044088,1.5045149775687605
1790389802.0562282,2.1307049901224673
1790389802.0832577,29.305389994988218
1790389802.0989394,43.91946899704635
1790389802.0996482,40.795876004267484
1790389802.0997343,42.03169699758291
1790389802.1158066,52.0224719948601
1790389802.1192799,48.82804802036844
1790389802.1199172,13.677576993359253
1790389802.1199834,51.92513400106691
1790389802.1275558,1.5135710127651691
1790389802.1428401,1.512888993602246
1790389802.1481977,1.2251829903107136
1790389802.165386,3.508691006572917
1790389802.1833377,13.66569401579909
1790389802.2088807,37.616138986777514
1790389802.2143624,50.060942012351006
1790389802.2195594,38.11029699863866
1790389802.2670264,52.022171003045514
1790389802.2676845,45.44765199534595
1790389802.2687557,52.150732022710145
1790389802.2693534,45.75001000193879
1790389802.2708304,42.39103800500743
1790389802.2719162,29.98973400099203
1790389802.2727504,24.32412901544012
1790389802.2729025,26.734915998531505
1790389802.2733486,5.990653997287154
1790389802.2735534,3.7291629996616393
1790389802.27364,8.773258014116436
1790389802.280856,1.906045014038682
1790389802.3103967,23.97845301311463
1790389802.3104846,19.1895579919219
1790389802.3480358,17.757049994543195
1790389802.3535867,28.413688007276505
1790389802.35383,9.8716470238287
1790389802.354148,5.683475988917053
1790389802.3542178,2.2285279992502183
1790389802.3791087,1.6593399923294783
1790389802.384482,1.4797440089751035
1790389802.4165788,22.255959978792816
1790389802.4168859,22.656743007246405
1790389802.4171748,17.51163200242445
1790389802.4172943,8.539700007531792
1790389802.4180002,5.661620001774281
1790389802.4391017,21.52386898524128
1790389802.455441,1.6611810133326799
1790389802.4598963,1.421941997250542
1790389802.4688308,1.6306120087392628
1790389802.5032725,20.723961992189288
1790389802.5037246,25.89617599733174
1790389802.5038373,25.484419980784878
1790389802.5039115,20.872695982689038
1790389802.5090802,1.835092989495024
1790389802.5100152,1.809934008633718
1790389802.5602262,27.198358991881832
1790389802.5609844,43.82559299119748
1790389802.5611072,9.727567987283692
1790389802.5611877,32.49075700296089
1790389802.5649364,1.338360016234219
1790389802.5836613,1.7593530064914376
1790389802.6146286,2.057902980595827
1790389802.6309695,1.9432420085649937
1790389802.6357353,1.6665139992255718
1790389802.647177,1.6856009897310287
1790389802.6746063,1.6883270000107586
1790389802.6992297,2.003942005103454
1790389802.7294142,21.84175100410357
1790389802.732035,25.364787026774138
1790389802.7321134,15.623429993866012
1790389802.7577395,44.00012700352818
1790389802.7699776,44.89411000395194
1790389802.775602,43.26232601306401
1790389802.7766922,41.85411101207137
1790389802.7771785,29.218777985079214
1790389802.787748,34.12996599217877
1790389802.8209894,66.67488199309446
1790389802.8220623,59.906687994953245
1790389802.8276818,63.789744017412886
1790389802.833107,62.41284898715094
1790389802.8446877,29.905534989666194
1790389802.8447814,47.72619699360803
1790389802.8457906,8.074989018496126
1790389802.8465655,48.3721430064179
1790389802.8466523,4.783242999110371
1790389802.8631845,1.8022239964921027
1790389802.872966,1036.0743349883705
1790389802.8734443,1055.1388390013017
1790389802.9081447,20.352524996269494
1790389802.9087214,22.475549019873142
1790389802.9088247,3.699164022691548
1790389802.9095337,2.0604070159606636
1790389802.9369009,1.6065879899542779
1790389802.9481564,1.510573987616226
1790389802.9957678,1.6301170107908547
1790389803.0086458,2.0791059941984713
1790389803.0232387,1.6801120073068887
1790389803.0268414,1.2336770014371723
1790389803.0359018,1.662015973124653
1790389803.039829,1.4549970219377428
1790389803.0423613,1.2926310009788722
1790389803.0607653,1.799519988708198
1790389803.083218,1.9293809891678393
1790389803.0929756,1.7011210147757083
1790389803.100648,1.5953779802657664
1790389803.1374419,32.88948201225139
1790389803.150714,35.07366802659817
1790389803.1512082,25.991021015215665
1790389803.1518555,29.103267996106297
1790389803.15355,19.803576986305416
1790389803.153795,18.754429009277374
1790389803.1541317,12.253324006451294
1790389803.154236,52.77153302449733
1790389803.1543202,11.511888005770743
1790389803.1585057,2.0442400127649307
1790389803.1587887,1.7730339895933867
1790389803.1670523,1.7131719796452671
1790389803.2012856,30.80560200032778
1790389803.2109363,10.642387002008036
1790389803.2110202,21.417109994217753
1790389803.2140093,1.4838629867881536
1790389803.215935,1.2560870090965182
1790389803.237829,1.6962969966698438
1790389803.2396376,1.668102020630613
1790389803.250432,1.7245490162167698
1790389803.251625,1.1832409945782274
1790389803.2573826,1.2277710193302482
1790389803.273892,2.0399399800226092
1790389803.2875667,12.567197001772001
1790389803.294242,9.092252992559224
1790389803.3142886,38.50742900976911
1790389803.326341,38.294558005873114
1790389803.343895,48.03137099952437
1790389803.3495338,42.297809006413445
1790389803.3496673,25.822858995525166
1790389803.3545501,57.871860975865275
1790389803.365856,23.718290001852438
1790389803.366692,36.03491699323058
1790389803.3667774,5.256499018287286
1790389803.473818,21.629491995554417
1790389803.474488,5.428148986538872
1790389803.484878,1.6921090136747807
1790389803.5069222,19.979174016043544
1790389803.5510836,45.49678400508128
1790389803.5514987,33.371021010680124
1790389803.551587,38.60025401809253
1790389803.5601616,1.7410930013284087
1790389803.5636466,1.3294309901539236
1790389803.592791,1.8674269958864897
1790389803.625725,1.9693140056915581
1790389803.6282606,1.7196040134876966
1790389803.6476388,1.9461860065348446
1790389803.6943786,32.94140798971057
1790389803.6949327,46.643295005196705
1790389803.6954799,47.727102995850146
1790389803.6955736,31.95633998257108
1790389803.6964529,31.25760701368563
1790389803.696525,28.92035400145687
1790389803.7108414,1.8966810021083802
1790389803.7115393,1.5711300075054169
1790389803.732632,13.559601007727906
1790389803.73273,21.144334983546287
1790389803.733283,2.3083389969542623
1790389803.778184,1.5153469867073
1790389803.7876713,1.867935003247112
1790389803.79714,1.9097570038866252
1790389803.7972434,2.5905990041792393
1790389803.7992766,1.042086980305612
1790389803.823511,22.235175012610853
1790389803.8489125,1.6815400158520788
1790389803.8591657,1.6454089782200754
1790389803.872789,1.7510070174466819
1790389803.927231,1.85249702190049
1790389803.93784,2.031551004620269
1790389803.944114,1.940799003932625
1790389803.9446971,1.6539130010642111
1790389804.0013354,1.853466994361952
1790389804.0066683,3.2320930040441453
1790389804.006884,2.8652710025198758
1790389804.038605,32.71362301893532
1790389804.0639622,45.00421698321588
1790389804.0689247,52.625879005063325
1790389804.0755098,36.756351008079946
1790389804.0759664,28.979597991565242
1790389804.076077,27.29639899916947
1790389804.1085572,1.8862549914047122
1790389804.1784308,63.79556600586511
1790389804.1790636,48.10270699090324
1790389804.1796455,62.52537399996072
1790389804.1802857,58.449465985177085
1790389804.1804163,37.07228900748305
1790389804.1804953,43.41305297566578
1790389804.2061164,19.876403006492183
1790389804.2064466,17.949532018974423
1790389804.2069356,5.482537002535537
1790389804.2070405,22.901974996784702
1790389804.2299368,2.2828450019005686
1790389804.2326655,1.9772849918808788
1790389804.2474566,2.0401880028657615
1790389804.2518823,1.5276140184141695
1790389804.2769556,1.7202080052811652
1790389804.277526,1.3731850194744766
1790389804.3054159,2.050943992799148
1790389804.312422,2.025824011070654
1790389804.3131146,1.5775049978401512
1790389804.3354852,21.09550399472937
1790389804.3361306,7.011452980805188
1790389804.336188,2.5663340056780726
1790389804.3389874,2.226754993898794
1790389804.3391173,1.8190730188507587
1790389804.339824,1.6050559934228659
1790389804.3563282,1.7760620103217661
1790389804.359755,1.4101869892328978
1790389804.3785574,2.593223995063454
1790389804.3849568,2.080211997963488
1790389804.4036243,1.6630930185783654
1790389804.4132552,1.745629997458309
1790389804.4226747,1.9841500034090132
1790389804.424093,1.4080039982218295
1790389804.4340985,1.6571840096730739
1790389804.4384768,1.569763000588864
1790389804.4603782,1.7412519955541939
1790389804.471968,1.7744709912221879
1790389804.49104,1.7121470009442419
1790389804.5212967,1.821523008402437
1790389804.5567193,2.1152939880266786
1790389804.5647666,1.6785140032880008
1790389804.596482,18.096118001267314
1790389804.597031,17.26375299040228
1790389804.6022055,28.953575994819403
1790389804.6214762,18.640653986949474
1790389804.6227438,38.05968299275264
1790389804.6234186,18.370562000200152
1790389804.6239018,13.440302020171657
1790389804.6240778,7.932879001600668
1790389804.6242442,9.829496004385874
1790389804.6256049,1.3503230002243072
1790389804.6482527,1.6803389880806208
1790389804.6806073,23.27109398902394
1790389804.6914413,33.55767799075693
1790389804.6918983,33.33738900255412
1790389804.6968744,33.64898997824639
1790389804.7057407,37.62557901791297
1790389804.7059257,44.19679500279017
1790389804.7063854,33.53991999756545
1790389804.7223916,32.97536598984152
1790389804.7287858,14.96360098826699
1790389804.733929,20.72557498468086
1790389804.7525241,26.83789501315914
1790389804.7528539,60.8086540014483
1790389804.753749,26.769457006594166
1790389804.7538102,38.02471101516858
1790389804.7699585,37.90571499848738
1790389804.7760372,33.73676599585451
1790389804.7763836,36.67694699834101
1790389804.7766986,30.886080989148468
1790389804.77757,7.208830997115001
1790389804.777634,23.370455019176006
1790389804.7814152,1.2614319857675582
1790389804.8078973,1.774889009539038
1790389804.8342776,1.7697230214253068
1790389804.8514416,2.4236669996753335
1790389804.8524013,1.7527650052215904
1790389804.8618286,2.423513011308387
1790389804.8994257,33.77076899050735
1790389804.9105475,17.95018301345408
1790389804.911336,38.52341900346801
1790389804.911412,4.123374004848301
1790389804.9172397,1.3144219992682338
1790389804.969557,12.897050997707993
1790389804.9696329,23.59828498447314
1790389804.9889593,2.069303998723626
1790389804.989413,1.5478009881917387
1790389804.9928048,1.554768008645624
1790389805.0019255,1.503538980614394
1790389805.0037096,1.2608130055014044
1790389805.0062299,1.1130310012958944
1790389805.0201697,1.9126429979223758
1790389805.0346475,1.7018590006045997
1790389805.071509,10.792282992042601
1790389805.0720255,23.896024998975918
1790389805.072246,23.612190008861944
1790389805.073598,2.0754580036737025
1790389805.0736594,3.951210994273424
1790389805.0788214,1.4041379909031093
1790389805.1194656,26.773281017085537
1790389805.1353881,35.93670899863355
1790389805.1369436,8.116323995636776
1790389805.1370456,24.904519988922402
1790389805.1372206,10.676819016225636
1790389805.1377494,2.0995289960410446
1790389805.1628366,21.274614991853014
1790389805.201613,17.12574000703171
1790389805.202112,7.57742699352093
1790389805.2021973,23.008824995486066
1790389805.2138371,1.7801539797801524
1790389805.250379,2.012443990679458
1790389805.2789795,1.7154770030174404
1790389805.3051991,23.010128003079444
1790389805.3052711,11.317052994854748
1790389805.325942,9.478446008870378
1790389805.3260398,11.924928985536098
1790389805.3260963,21.35998901212588
1790389805.3342328,1.9662179984152317
1790389805.3411067,1.4886239951010793
1790389805.3425794,1.291724998736754
1790389805.3540459,1.7769630067050457
1790389805.3806682,20.408618001965806
1790389805.3837981,1.4366359973791987
1790389805.393802,1.812040020013228
1790389805.4273942,21.91652698093094
1790389805.4284048,25.17283399356529
1790389805.4285226,23.587008996400982
1790389805.4285958,21.35787802399136
1790389805.458651,27.740710007492453
1790389805.4789283,40.675941010704264
1790389805.4838057,35.4337049939204
1790389805.4941568,33.31684900331311
1790389805.499252,37.75938000762835
1790389805.4995165,21.326866000890732
1790389805.499624,4.774278990225866
1790389805.4997065,2.390523994108662
1790389805.4997687,12.360180990071967
1790389805.5114338,1.8001650169026107
1790389805.5171893,1.5621969942003489
1790389805.5411654,1.9592760072555393
1790389805.5545392,1.8193289870396256
1790389805.5615711,1.512362010544166
1790389805.5675666,1.7592849908396602
1790389805.5791852,1.7573249933775514
1790389805.6249807,22.83079401240684
1790389805.6257696,19.479053997201845
1790389805.625858,19.019232015125453
1790389805.6261754,5.210734001593664
1790389805.640273,1.8306600104551762
1790389805.642479,1.3467110111378133
1790389805.6552987,1.8888329796027392
1790389805.6689332,1.7084999999497086
1790389805.6698546,1.6716989921405911
1790389805.675923,1.4287980156950653
1790389805.6864889,1.9655530049931258
1790389805.6870065,1.3164709962438792
1790389805.7106125,1.7105480073951185
1790389805.7227232,1.8091679958160967
1790389805.7502315,26.369480998255312
1790389805.7503214,17.91594599490054
1790389805.7505808,19.23747902037576
1790389805.750856,16.491352987941355
1790389805.7511978,17.274462996283546
1790389805.7524176,17.210152989719063
1790389805.752636,16.785923013230786
1790389805.7534003,16.33001898881048
1790389805.7539206,9.6214119985234
1790389805.7540536,5.371632025344297
1790389805.7545295,3.321322990814224
1790389805.7619987,1.6528519918210804
1790389805.8076825,32.17170899733901
1790389805.8077447,23.99515701108612
1790389805.8187006,30.697073001647368
1790389805.819452,26.81306400336325
1790389805.8201313,6.509402999654412
1790389805.820428,19.902009022189304
1790389805.8204842,6.251732003875077
1790389805.8276474,1.621400995645672
1790389805.8671455,36.550913006067276
1790389805.8734832,7.506572001148015
1790389805.873557,39.25207597785629
1790389805.8812153,1.4034949999768287
1790389805.93143,20.0634450011421
1790389805.9587758,20.114317972911522
1790389805.959388,22.49254600610584
1790389805.959467,10.737060016253963
1790389805.9678314,1.5362130070570856
1790389806.0020025,22.39662199281156
1790389806.002591,11.475436011096463
1790389806.002649,2.7876230014953762
1790389806.0038168,1.077763008652255
1790389806.057823,1.9253159989602864
1790389806.0722315,1.9470590050332248
1790389806.1160579,31.62642498500645
1790389806.1324484,37.44808500050567
1790389806.1528356,59.92969800718129
1790389806.1545107,53.419451985973865
1790389806.155206,9.107463993132114
1790389806.1553369,5.044838995672762
1790389806.1561887,2.588442002888769
1790389806.1607134,1.757099002134055
1790389806.1950955,21.722589997807518
1790389806.1952207,22.511096991365775
1790389806.19607,1.9241099944338202
1790389806.2167096,1.8286819977220148
1790389806.2318988,2.011402975767851
1790389806.2881975,47.70069400547072
1790389806.288689,45.06185097852722
1790389806.2892234,13.797002990031615
1790389806.2897158,21.877913997741416
1790389806.2898057,13.478022010531276
1790389806.2898777,47.90168700856157
1790389806.3102775,8.769430016400293
1790389806.3104613,24.91430501686409
1790389806.3105385,22.99391501583159
1790389806.350338,42.51043198746629
1790389806.3506792,41.5385760134086
1790389806.3511744,47.805239009903744
1790389806.3624554,51.72168998979032
1790389806.3719075,44.244488002732396
1790389806.37201,58.27154399594292
1790389806.3821888,44.345721980789676
1790389806.3928485,46.805257006781176
1790389806.4006305,1.7029799928423017
1790389806.4158762,1.7091150220949203
1790389806.4447224,1.690028002485633
1790389806.4552872,1.8246040272060782
1790389806.4756222,1.8242319929413497
1790389806.5096917,25.30622499762103
1790389806.5100887,9.83918597921729
1790389806.5101788,18.214501003967598
1790389806.5212505,1.4598770067095757
1790389806.550707,1.739404018735513
1790389806.5675235,2.1585799986496568
1790389806.5924096,11.099311988800764
1790389806.5925605,23.560792003991082
1790389806.5941246,1.514314004452899
1790389806.6288826,2.1153400011826307
1790389806.6343737,2.113494003424421
1790389806.6405458,2.1287580020725727
1790389806.6480553,2.08615098381415
1790389806.6690037,16.55488699907437
1790389806.6775668,26.553342991974205
1790389806.678172,23.3453769760672
1790389806.6786091,24.275000003399327
1790389806.6788979,22.52287499140948
1790389806.679222,12.667049013543874
1790389806.701097,1.9561299995984882
1790389806.7935886,22.194745019078255
1790389806.7941332,28.53235401562415
1790389806.7954187,11.105356010375544
1790389806.7955894,4.900743020698428
1790389806.7964354,1.9408499938435853
1790389806.80365,1.6687159950379282
1790389806.811392,2.0745100046042353
1790389806.8119018,1.6067270189523697
1790389806.8248796,1.725374982925132
1790389806.858701,21.325187000911683
1790389806.8590643,16.324288997566327
1790389806.8591244,15.930983005091548
1790389806.875596,29.55193698289804
1790389806.8793516,31.933865015162155
1790389806.8795125,13.0771339754574
1790389806.8804018,6.155679002404213
1790389806.8804636,5.5641140206716955
1790389806.8825736,1.461250998545438
1790389806.888023,1.3127709971740842
1790389806.9314492,38.16372898290865
1790389806.9358637,27.918809006223455
1790389806.9359438,33.73282798565924
1790389806.936273,21.76085999235511
1790389806.9377115,5.961413990007713
1790389806.9378662,5.239934980636463
1790389806.9601963,7.327879982767627
1790389806.9603388,23.70038299704902
1790389806.960417,14.04849300161004
1790389807.0120664,33.627063006861135
1790389807.027284,37.06611800589599
1790389807.0289583,28.35126902209595
1790389807.0292962,33.205116022145376
1790389807.0300972,17.550930992001668
1790389807.0302556,26.334860012866557
1790389807.0303109,22.531255992362276
1790389807.0507097,23.060313978930935
1790389807.0507808,16.432373988209292
1790389807.0511513,2.0799110061489046
1790389807.0651894,2.0837869960814714
1790389807.0661893,1.4555339876096696
1790389807.0901628,21.205210010521114
1790389807.090941,6.184703990584239
1790389807.0910273,7.156578998547047
1790389807.0942588,1.4942770067136735
1790389807.0972536,1.310858002398163
1790389807.1339161,1.7531830235384405
1790389807.1355379,1.4910489844623953
1790389807.1381233,1.1927930172532797
1790389807.1809175,22.171070013428107
1790389807.1810691,21.58874599263072
1790389807.185753,1.293100998736918
1790389807.2136931,20.670186000643298
1790389807.213772,22.616413014475256
1790389807.2255685,1.9655780051834881
1790389807.2450595,2.3221520241349936
1790389807.2458913,1.9166099955327809
1790389807.247762,1.1195130064152181
1790389807.249892,1.3076300092507154
1790389807.278034,22.98159498604946
1790389807.2780967,16.622121998807415
1790389807.278192,22.584712016396224
1790389807.278243,2.22016399493441
1790389807.2887626,1.6204429848585278
1790389807.2987647,3.404701012186706
1790389807.2988417,2.893365017371252
1790389807.3109336,1.6830770182423294
1790389807.3235188,12.176445015938953
1790389807.3350954,23.2123089954257
1790389807.3353205,15.078058000653982
1790389807.3354058,20.67471100599505
1790389807.3408022,1.7644859908614308
1790389807.341735,1.6480920021422207
1790389807.3677104,23.97267599008046
1790389807.3682647,14.682984008686617
1790389807.3694863,2.1377020166255534
1790389807.384357,1.8399969849269837
1790389807.3927639,1.9151269807480276
1790389807.439332,46.43809099798091
1790389807.4398513,39.72563199931756
1790389807.4399421,36.02115600369871
1790389807.4405124,25.83853100077249
1790389807.440608,24.702186026843265
1790389807.442852,1.444171997718513
1790389807.4685333,1.6083410009741783
1790389807.4974167,1.9420190074015409
1790389807.5465696,23.92321400111541
1790389807.607489,49.91673098993488
1790389807.6190343,53.00414998782799
1790389807.624243,56.532930000685155
1790389807.6282296,61.14010000601411
1790389807.6283321,56.14674399839714
1790389807.62884,46.578042005421594
1790389807.6298947,42.194058012682945
1790389807.630344,17.09068100899458
1790389807.6304102,3.656985005363822
1790389807.6349945,1.545876992167905
1790389807.639318,1.8610690021887422
1790389807.6401842,1.298071991186589
1790389807.6422265,1.206650020321831
1790389807.6448267,1.5086840139701962
1790389807.6630783,1.9991190056316555
1790389807.6959863,22.163118002936244
1790389807.6961308,18.062271003145725
1790389807.696868,14.863683987641707
1790389807.6969876,23.744349979097024
1790389807.6970534,2.6946639991365373
1790389807.7125356,2.0763989887200296
1790389807.7398949,22.668724006507546
1790389807.7402735,22.522029990796
1790389807.7406344,19.600529019953683
1790389807.751169,27.990202012006193
1790389807.7817652,47.885862994007766
1790389807.7825134,50.717324018478394
1790389807.7829163,41.97214901796542
1790389807.7829878,34.36301898909733
1790389807.8083255,1.7291349940933287
1790389807.8545797,42.959632992278785
1790389807.8549714,35.0557409983594
1790389807.855415,43.165892973775044
1790389807.8555179,27.117513003759086
1790389807.855587,19.844408991048113
1790389807.8581574,1.201072009280324
1790389807.8667219,1.4078659878578037
1790389807.8680406,1.1924110003747046
1790389807.888514,1.8481849983800203
1790389807.9050708,1.687835989287123
1790389807.9142106,1.5560289903078228
1790389807.9237223,1.4314299914985895
1790389807.955962,2.158620016416535
1790389807.97839,23.38304399745539
1790389807.9784763,17.8029139933642
1790389808.0022488,1.9476540037430823
1790389808.008973,1.5841560089029372
1790389808.009724,1.530376001028344
1790389808.0207746,1.478214981034398
1790389808.0492253,1.9001330074388534
1790389808.0507174,1.2040630099363625
1790389808.0562742,1.399641012540087
1790389808.08022,1.9210400059819221
1790389808.0822332,1.3918880140408874
1790389808.0849576,1.3096410257276148
1790389808.1274645,16.821243974845856
1790389808.127543,21.896728983847424
1790389808.1381032,1.9100850040558726
1790389808.1425457,1.58353999722749
1790389808.147898,1.7260320018976927
1790389808.171489,1.952076010638848
1790389808.1881704,1.8834160000551492
1790389808.211399,24.272599985124543
1790389808.2128673,7.803743006661534
1790389808.2129576,5.858338001416996
1790389808.2511973,29.59438500693068
1790389808.2569284,14.297345012892038
1790389808.268462,18.665619019884616
1790389808.270093,10.086522990604863
1790389808.270499,31.771596026374027
1790389808.295839,1.63488500402309
1790389808.3621047,41.87429099692963
1790389808.3624678,33.90748900710605
1790389808.3631303,38.99554899544455
1790389808.3633187,33.35043098195456
1790389808.3635843,11.409190017729998
1790389808.3706365,1.7509319877717644
1790389808.3929818,23.420883022481576
1790389808.4032924,1.6141689848154783
1790389808.41339,1.5723149990662932
1790389808.463656,30.422032985370606
1790389808.469348,38.263112015556544
1790389808.4742396,36.897971003782004
1790389808.474901,41.180088999681175
1790389808.4753985,25.849471014225855
1790389808.475473,15.472116007003933
1790389808.4777389,1.1553209915291518
1790389808.480051,1.432215009117499
1790389808.4949787,1.7870749870780855
1790389808.514126,1.8106290081050247
1790389808.542854,1.8619750044308603
1790389808.5468547,1.6167150170076638
1790389808.5580025,2.3954189964570105
1790389808.5623105,1.5618040051776916
1790389808.5854397,22.009166015777737
1790389808.5859802,1.530528999865055
1790389808.6062484,19.823881011689082
1790389808.6118658,2.1983129845466465
1790389808.6119342,2.9190389905124903
1790389808.6216075,1.6954599996097386
1790389808.646064,21.355050994316116
1790389808.6831152,25.334423000458628
1790389808.683445,12.088959018001333
1790389808.6845062,10.506990016438067
1790389808.6847117,9.081302996492013
1790389808.6852794,8.822479983791709
1790389808.686249,1.5274760080501437
1790389808.7173436,1.7300920153502375
1790389808.7229893,1.519079989520833
1790389808.7262504,1.4945860020816326
1790389808.7336557,1.6099839995149523
1790389808.7583656,2.089534013066441
1790389808.7586417,1.671692996751517
1790389808.7663887,1.6114540048874915
1790389808.7669234,2.613744989503175
1790389808.7794132,1.4778210024815053
1790389808.7959447,4.123004007851705
1790389808.7960906,3.4603370004333556
1790389808.807733,2.5525710079818964
1790389808.8077865,2.061142004095018
1790389808.8267214,1.8268680141773075
1790389808.8426712,1.6290770145133138
1790389808.8840888,18.2543869887013
1790389808.8843162,22.522370010847226
1790389808.8858883,14.450206974288449
1790389808.8866606,2.273661026265472
1790389808.9110906,25.786705984501168
1790389808.9114258,10.442848986713216
1790389808.9187222,1.882658019894734
1790389808.9188247,2.4377150111831725
1790389808.9473186,1.7684650083538145
1790389808.959693,1.6925310192164034
1790389808.9611099,1.2893930252175778
1790389808.989671,1.7625849868636578
1790389808.9996114,2.1532850223593414
1790389809.0111454,2.8556509932968765
1790389809.0112238,2.2799370053689927
1790389809.0115852,1.8324780103284866
1790389809.0340223,1.629842008696869
1790389809.034118,2.296445018146187
1790389809.065845,22.176454978762195
1790389809.066345,18.490699992980808
1790389809.0681276,1.4876899949740618
1790389809.0739248,1.5593379794154316
1790389809.1017873,10.30564701068215
1790389809.1018894,27.908855001442134
1790389809.126823,27.12715999223292
1790389809.1374388,27.884245006134734
1790389809.1375601,31.99817199492827
1790389809.148996,29.2051839933265
1790389809.150541,29.817456990713254
1790389809.1563249,37.191062001511455
1790389809.1620677,39.752785000018775
1790389809.175482,34.01053400011733
1790389809.176843,45.33833501045592
1790389809.1772468,18.364373012445867
1790389809.1773684,16.034077998483554
1790389809.1785486,15.29829201172106
1790389809.1787055,10.128302994417027
1790389809.1791182,6.298950000200421
1790389809.2156782,10.378322011092678
1790389809.2157655,28.1984570028726
1790389809.2178524,1.4277909940574318
1790389809.226829,1.862554025137797
1790389809.2325294,1.643848983803764
1790389809.2639759,1.891663996502757
1790389809.3683176,24.700281996047124
1790389809.3688965,22.389900987036526
1790389809.3689816,29.72164101083763
1790389809.3691933,13.824426976498216
1790389809.369505,2.416445000562817
1790389809.3789072,1.5441249997820705
1790389809.3949795,1.8251869769301265
1790389809.4032085,1.9730660133063793
1790389809.4051933,1.4860609953757375
1790389809.4478717,28.44544398249127
1790389809.4698212,30.215075006708503
1790389809.4700255,53.519682987825945
1790389809.4862323,32.68167801434174
1790389809.4928486,37.13435400277376
1790389809.493624,70.07528099347837
1790389809.4943423,35.97774499212392
1790389809.4948688,30.449766985839233
1790389809.4949343,19.38952400814742
1790389809.5087914,1.6739919956307858
1790389809.5421124,1.8570509855635464
1790389809.5814974,29.87457998096943
1790389809.5816648,31.432044983375818
1790389809.5829084,19.140011980198324
1790389809.5830112,25.33290200517513
1790389809.5830784,23.224406002555043
1790389809.5878222,1.4175730175338686
1790389809.63856,40.0231670064386
1790389809.647229,31.80622900254093
1790389809.6473236,46.561194001697004
1790389809.6480887,50.08025001734495
1790389809.6486132,29.758907010545954
1790389809.650563,22.899062983924523
1790389809.6506343,26.113027008250356
1790389809.6509235,21.789634018205106
1790389809.6510055,22.597809991566464
1790389809.651683,2.6520170213188976
1790389809.7135036,47.24871399230324
1790389809.7189732,50.74905601213686
1790389809.7193348,10.35534098627977
1790389809.7194624,28.958866983884946
1790389809.74204,2.260146982735023
1790389809.7424061,24.911940010497347
1790389809.771961,2.4636420130264014
1790389809.7770772,1.994941005250439
1790389809.7842607,1.668132987106219
1790389809.7933438,1.7478100198786706
1790389809.8061097,1.7425839905627072
1790389809.8344214,24.04181400197558
1790389809.8348894,11.52924299822189
1790389809.8349762,6.466407008701935
1790389809.8473165,1.692727004410699
1790389809.8500752,1.462776999687776
1790389809.8713639,1.9062409992329776
1790389809.8716552,2.8061479970347136
1790389809.8740797,1.6090089920908213
1790389809.9055164,2.10328699904494
1790389809.9058123,3.036957001313567
1790389809.9078622,1.541987992823124
1790389809.9145422,1.5365959843620658
1790389809.9166648,1.2445049942471087
1790389809.9366639,1.8839820113498718
1790389809.9399405,1.432813995052129
1790389809.962322,1.948269986314699
1790389809.9868774,1.8628209945745766
1790389809.9965367,1.4589849743060768
1790389810.0176466,2.0757059974130243
1790389810.0207486,1.7927729932125658
1790389810.0319877,1.8886640027631074
1790389810.0691512,7.027507992461324
1790389810.0693078,25.36335602053441
1790389810.069646,3.2107530278153718
1790389810.0754988,1.4321189955808222
1790389810.0869033,1.8330769962631166
1790389810.113248,2.2281600104179233
1790389810.1193712,1.4771950081922114
1790389810.123656,1.5778919914737344
1790389810.131264,1.7696989816613495
1790389810.1340313,1.8981059838552028
1790389810.1623557,23.528588004410267
1790389810.1629586,11.65587198920548
1790389810.1693196,1.6013130079954863
1790389810.1972163,1.9962300139013678
1790389810.2029486,1.9812859827652574
1790389810.2130742,2.249395998660475
1790389810.2187502,2.908497001044452
1790389810.218837,2.392808994045481
1790389810.231147,1.6910230042412877
1790389810.2490504,1.7554039950482547
1790389810.252655,1.7581459833309054
1790389810.2565715,1.33042800007388
1790389810.2962296,22.6479510019999
1790389810.3118372,26.236714998958632
1790389810.3180552,45.258868020027876
1790389810.323171,35.21042602369562
1790389810.3333695,47.02319300849922
1790389810.3516574,60.063375014578924
1790389810.352781,65.35987701499835
1790389810.352867,53.75172299682163
1790389810.352943,40.757803013548255
1790389810.4072118,32.140889001311734
1790389810.418789,33.122520020697266
1790389810.4191575,46.26359400572255
1790389810.4195352,30.26042299461551
1790389810.4466786,46.58777901204303
1790389810.4490056,37.842783000087366
1790389810.4490795,40.86356301559135
1790389810.449145,28.18955000839196
1790389810.449256,46.91880597965792
1790389810.449345,56.92687298869714
1790389810.4511576,1.3178109948057681
1790389810.45795,1.3396110152825713
1790389810.4653459,2.162980003049597
1790389810.4797266,2.0864800026174635
1790389810.48738,2.2798310092184693
1790389810.487707,2.114678005455062
1790389810.496078,2.3797579924575984
1790389810.4983838,1.4908520097378641
1790389810.5483127,22.84452601452358
1790389810.5487874,18.54025200009346
1790389810.5489807,3.0787630239501595
1790389812.9061024,14.14706400828436
1790389812.9062471,26.04674900067039
1790389812.9063485,20.66303201718256
1790389812.9085915,1.4572629879694432
1790389812.9137006,1.5878289996180683
1790389812.91656,1.29220201051794
1790389812.9179857,1.4155609824229032
1790389812.9401648,1.82387899258174
1790389812.9653888,1.90395099343732
1790389812.9879081,2.404677012236789
1790389812.990012,1.4712349802721292
1790389813.0177197,21.25594802782871
1790389813.0192854,4.519625013926998
1790389813.0194068,25.164527003653347
1790389813.0194938,16.33737701922655
1790389813.032102,2.24753501242958
1790389813.0359893,1.5295420016627759
1790389813.0490546,2.3179939889814705
1790389813.0530896,1.426950009772554
1790389813.0562391,1.3866410008631647
1790389813.0597317,1.558922987896949
1790389813.0944595,22.466081980383024
1790389813.1029973,1.8048100173473358
1790389813.1222522,2.0963109855074435
1790389813.151904,1.8081330053973943
1790389813.1649349,1.7125140002463013
1790389813.1722038,1.7161299765575677
1790389813.1765273,1.8551709945313632
1790389813.1922219,2.1959599980618805
1790389813.1922903,3.028721985174343
1790389813.2386863,17.066425003577024
1790389813.238813,25.640661013312638
1790389813.2453032,1.591841981280595
1790389813.2736387,22.819989011622965
1790389813.2748609,27.572115999646485
1790389813.275519,23.669821996008977
1790389813.2757752,19.68908400158398
1790389813.2766666,11.573083989787847
1790389813.2767632,18.829703010851517
1790389813.2924044,2.4434030055999756
1790389813.293533,2.1621390187647194
1790389813.335595,15.146068995818496
1790389813.335676,26.134110987186432
1790389813.3378077,1.4703059860039502
1790389813.3515208,1.6464420186821371
1790389813.3528998,1.3697899994440377
1790389813.3573284,1.9677219970617443
1790389813.3578012,1.2843710137531161
1790389813.3676717,1.7627380148041993
1790389813.368501,1.6424809873569757
1790389813.4011338,1.8067880009766668
1790389813.4182823,2.040951978415251
1790389813.4414146,1.9681249978020787
1790389813.449115,2.325403009308502
1790389813.451398,1.5504949842579663
1790389813.4576411,1.4561970019713044
1790389813.489433,2.236888016341254
1790389813.5189326,28.22473901323974
1790389813.5252788,3.3761810045689344
1790389813.5373251,25.743605016032234
1790389813.5379868,3.0895050149410963
1790389813.5648916,25.27831101906486
1790389813.5649784,6.522112002130598
1790389813.5667362,1.6308930062223226
1790389813.5748193,1.8643340154085308
1790389813.5812793,1.6405210189986974
1790389813.6339467,23.274279985344037
1790389813.6474242,1.789797010133043
1790389813.7046082,23.015441984171048
1790389813.7063026,1.6212979971896857
1790389813.7161958,2.3731180117465556
1790389813.7217731,1.7265969945583493
1790389813.7551572,24.849676992744207
1790389813.755835,2.394079987425357
1790389813.7755075,1.900486007798463
1790389813.8438847,24.041923024924472
1790389813.8475816,20.446593989618123
1790389813.8485885,27.876506006577983
1790389813.8487117,8.153126982506365
1790389813.8487947,4.496156005188823
1790389813.8553042,1.956035994226113
1790389813.8647218,1.874106004834175
1790389813.8712626,1.477426994824782
1790389813.8750978,1.9420000026002526
1790389813.8900003,2.6724329800345004
1790389813.911762,22.795232012867928
1790389813.9132357,3.1357189873233438
1790389813.9133346,3.0604009807575494
1790389813.9555395,2.5405079941265285
1790389813.9565399,1.4474550262093544
1790389813.9899926,19.205049000447616
1790389813.9900777,32.70805400097743
1790389813.9906304,1.8784200074151158
1790389814.0129309,1.7502970003988594
1790389814.0209208,1.6807079955469817
1790389814.026646,1.5931329980958253
1790389814.0419872,2.575658989371732
1790389814.0452223,2.558129985118285
1790389814.081595,2.0260840246919543
1790389814.1069024,2.604514971608296
1790389814.1167932,1.993407990084961
1790389814.1434422,24.4471869955305
1790389814.1602027,27.869447018019855
1790389814.1694677,32.37443100078963
1790389814.1699457,36.84549601166509
1790389814.1754413,36.61935101263225
1790389814.200369,41.153502999804914
1790389814.2004833,19.628919020760804
1790389814.2006145,49.39363300218247
1790389814.2027688,1.8546399951446801
1790389814.205898,2.0403969974722713
1790389814.2237082,1.9523640221450478
1790389814.2266695,1.6746589972171932
1790389814.2276332,1.8752309842966497
1790389814.2322838,2.003872999921441
1790389814.2694407,2.1477410045918077
1790389814.279435,2.1526970085687935
1790389814.3426325,47.62831298285164
1790389814.3431466,15.603963023750111
1790389814.3436577,10.93093300005421
1790389814.3440907,42.404868989251554
1790389814.3603373,1.8076519772876054
1790389814.3740048,2.0477759826462716
1790389814.3894346,2.34317101421766
1790389814.4346228,44.37012400012463
1790389814.434755,36.28207399742678
1790389814.435262,6.373097014147788
1790389814.4443462,1.8205759988632053
1790389814.4585726,1.9797499990090728
1790389814.4596095,1.9129269930999726
1790389814.4649272,1.7171440122183412
1790389814.4676492,1.4781559875700623
1790389814.470011,1.3598949881270528
1790389814.4718492,1.271946995984763
1790389814.4769304,1.6611450118944049
1790389814.48551,1.8080240115523338
1790389814.490869,1.9712699868250638
1790389814.4992914,2.10545799927786
1790389814.5151548,2.399380988208577
1790389814.516046,1.6297590045724064
1790389814.5297506,1.8028600024990737
1790389814.537168,2.1528340002987534
1790389814.547037,1.6781059966888279
1790389814.5662303,2.1380830148700625
1790389814.6122983,42.52284800168127
1790389814.6129646,19.53172800131142
1790389814.6130962,30.16064700204879
1790389814.6151397,4.19261198840104
1790389814.6152594,4.970696987584233
1790389814.6160226,2.2165510163176805
1790389814.6283784,1.737143989885226
1790389814.6341522,1.697990985121578
1790389814.6342173,2.3818460176698864
1790389814.6601143,1.8124360067304224
1790389814.6674592,1.710996002657339
1790389814.6917458,1.9124480022583157
1790389814.703531,1.933963008923456
1790389814.727338,21.866564988158643
1790389814.730486,2.882467000745237
1790389814.7308068,2.3154449881985784
1790389814.7400424,1.590192026924342
1790389814.7595978,2.4878519761841744
1790389814.7596776,3.152171993860975
1790389814.766537,1.5715990157332271
1790389814.7731905,1.4501689875032753
1790389814.823645,1.7843579989857972
1790389814.8604848,17.88627399946563
1790389814.8835762,42.086081026354805
1790389814.8938198,24.953278014436364
1790389814.8938992,30.137873982312158
1790389814.897485,1.5396070084534585
1790389814.9035969,1.3310539943631738
1790389814.9089744,1.5524310001637787
1790389814.9206111,1.4644360053353012
1790389814.9369495,12.039825989631936
1790389814.9465034,22.103902010712773
1790389814.952454,1.680620975093916
1790389814.954579,1.3936529867351055
1790389814.9790657,22.076384018873796
1790389814.979932,2.1319540101103485
1790389814.990109,2.6302300102543086
1790389815.0141973,1.8415829981677234
1790389815.0342162,2.366395987337455
1790389815.0349429,1.6667759919073433
1790389815.0658002,1.683079986833036
1790389815.0662587,2.708142012124881
1790389815.0801623,1.759006001520902
1790389815.0835907,1.3524680107366294
1790389815.0889328,1.4286809891927987
1790389815.1009371,1.7661029996816069
1790389815.112146,1.6381379973609
1790389815.1191041,1.6700180131010711
1790389815.1316488,1.7351650167256594
1790389815.148609,1.6076129977591336
1790389815.2105105,42.034793994389474
1790389815.2177918,42.554009007290006
1790389815.2182348,52.441336010815576
1790389815.2282896,60.35898000118323
1790389815.247464,69.29507097811438
1790389815.248015,57.59749299613759
1790389815.2534726,48.562115989625454
1790389815.2623215,44.02772898902185
1790389815.2624364,37.505135987885296
1790389815.2631998,58.90137399546802
1790389815.2634125,36.67520999442786
1790389815.2644253,36.013790988363326
1790389815.2648923,16.202514001633972
1790389815.2652006,17.04737698310055
1790389815.2652905,4.787101992405951
1790389815.2909582,10.161748010432348
1790389815.2910485,20.84490002016537
1790389815.303065,1.6229860193561763
1790389815.3057978,1.371612015645951
1790389815.3088932,1.3003459898754954
1790389815.368434,42.063585977302864
1790389815.4014385,51.24925001291558
1790389815.4082084,72.55574900773354
1790389815.4148808,71.23286300338805
1790389815.4156156,45.1498820038978
1790389815.4159617,64.12639899645
1790389815.416155,45.01962100039236
1790389815.4168568,41.83901700889692
1790389815.4169276,34.0134330035653
1790389815.4331663,1.853433990618214
1790389815.4337223,1.427622977644205
1790389815.438255,1.226777007104829
1790389815.4560084,1.8503080063965172
1790389815.4860978,1.79401901550591
1790389815.5280983,27.998266014037654
1790389815.5281882,23.246800992637873
1790389815.5285323,17.424049990950152
1790389815.5289042,3.3932719961740077
1790389815.5290132,23.459901014575735
1790389815.5558248,23.68875898537226
1790389815.5560517,25.121060985838994
1790389815.557066,2.592750999610871
1790389815.5650773,1.377512002363801
1790389815.606568,1.8967909854836762
1790389815.6120174,1.397988002281636
1790389815.6342864,1.7450629966333508
1790389815.6517925,1.6954689926933497
1790389815.656868,1.5020749997347593
1790389815.6730478,3.3860449912026525
1790389815.67314,2.8610959998331964
1790389815.7271132,42.87582100369036
1790389815.7276525,40.77627800870687
1790389815.7277544,39.45908401510678
1790389815.7284856,33.80736298277043
1790389815.728994,32.77875101775862
1790389815.7295349,27.97585801454261
1790389815.7299535,19.13492998573929
1790389815.732957,1.2338620144873857
1790389815.745684,2.4319069925695658
1790389815.7472134,3.286663006292656
1790389815.7472935,2.5875099818222225
1790389815.7489884,1.26563900266774
1790389815.7700362,1.6033050196710974
1790389815.774676,1.7350309935864061
1790389815.7812533,1.563249999890104
1790389815.783135,1.2742359831463546
1790389815.785899,1.1360420030541718
1790389815.796078,1.5737619833089411
1790389815.836609,19.78993200464174
1790389815.8462005,1.9913429860025644
1790389815.8527057,1.4949990145396441
1790389815.8636925,1.5533030091319233
1790389815.8697615,1.4268270169850439
1790389815.8716803,1.5638309996575117
1790389815.8877983,1.8386680167168379
1790389815.9250307,18.045105010969564
1790389815.9255369,23.1178599933628
1790389815.9256582,4.440078977495432
1790389815.9257188,8.13500297954306
1790389815.9257863,24.5792240020819
1790389815.9359205,1.6510090208612382
1790389815.9487553,12.153243995271623
1790389815.9622862,26.15050398162566
1790389815.9628568,20.509875001152977
1790389815.9629257,17.088477994548157
1790389815.972661,1.6848130035214126
1790389815.9913414,1.627941004699096
1790389816.0013812,1.6901039925869554
1790389816.0187328,1.8700869986787438
1790389816.0245967,1.7354210140183568
1790389816.0517173,23.2763460080605
1790389816.0521688,17.252573976293206
1790389816.0528214,25.294079998275265
1790389816.0533047,17.229272983968258
1790389816.0537436,15.071486006490886
1790389816.053875,5.550938018132001
1790389816.084483,1.8020679999608546
1790389816.0978963,2.084642997942865
1790389816.1096733,1.9440079922787845
1790389816.1129405,1.347960002021864
1790389816.127507,1.5831500058993697
1790389816.142589,1.6014290158636868
1790389816.1520638,1.7743519856594503
1790389816.1633174,1.6282869910355657
1790389816.1792898,1.837290998082608
1790389816.190383,1.5320719976443797
1790389816.214561,1.94232098874636
1790389816.2397897,1.9620429957285523
1790389816.245493,3.0487659969367087
1790389816.2455592,2.535314008127898
1790389816.2621937,1.82361900806427
1790389816.268555,1.6032099956646562
1790389816.2856257,3.2757300068624318
1790389816.2883377,2.862180001102388
1790389816.2884111,1.9889929972123355
1790389816.3010256,1.6900250047910959
1790389816.3403633,1.7355269810650498
1790389816.3505886,1.5872119984123856
1790389816.3604531,1.6035489970818162
1790389816.3904169,1.81065802462399
1790389816.398368,2.0303240162320435
1790389816.3984473,2.8435640269890428
1790389816.4176295,1.7772830033209175
1790389816.4260175,1.3738950074184686
1790389816.427343,1.206119020935148
1790389816.4309185,1.4903789851814508
1790389816.4399204,2.0123599970247597
1790389816.444799,1.9658170058391988
1790389816.4656405,2.0743400091305375
1790389816.470566,1.5318579971790314
1790389816.5073318,2.265444985823706
1790389816.5344453,2.2812479874119163
1790389816.5468893,1.6826690116431564
1790389816.549481,1.5748979931231588
1790389816.555428,1.305686979321763
1790389816.5853488,1.8033809901680797
1790389816.6018171,1.9031040137633681
1790389816.624208,4.280038003344089
1790389816.6242926,3.7765289889648557
1790389816.6248448,2.3300150060094893
1790389816.6249046,3.4774440282490104
1790389816.6324995,1.4560420240741223
1790389816.6387484,1.6222309786826372
1790389816.6443458,1.438182982383296
1790389816.6753433,1.954551989911124
1790389816.683097,1.8976620049215853
1790389816.7213566,39.0706250036601
1790389816.7319925,43.144853989360854
1790389816.7342765,11.362581019056961
1790389816.734395,13.970498985145241
1790389816.7344673,17.433133005397394
1790389816.7345405,31.840401992667466
1790389816.7481837,1.9230699981562793
1790389816.7514126,1.8932719831354916
1790389816.7519016,1.2990129762329161
1790389816.813906,25.55027898051776
1790389816.8139904,3.461835003690794
1790389816.8147914,3.1606109987478703
1790389816.8148553,1.8923659808933735
1790389816.8175237,1.996627019252628
1790389816.8178384,1.8701539956964552
1790389816.8359141,2.3128559987526387
1790389816.835987,3.085336007643491
1790389816.857045,2.8193840116728097
1790389816.857119,2.8058569878339767
1790389816.86068,1.3484350056387484
1790389816.881888,20.378624001750723
1790389816.8994586,2.0136419916525483
1790389816.9126625,2.1633559954352677
1790389816.9397628,9.935182984918356
1790389816.9490638,15.978246985469013
1790389816.9496462,24.663021991727874
1790389816.9503624,6.65545798256062
1790389816.9504342,14.457026001764461
1790389816.9641812,1.8156389996875077
1790389816.9657423,1.2747739965561777
1790389816.9716861,1.6796879936009645
1790389816.9937239,1.5897320117801428
1790389817.0058231,1.9613650219980627
1790389817.01792,1.8112569814547896
1790389817.0825534,1.778395992005244
1790389817.1101115,1.7499309906270355
1790389817.1230059,1.5922019956633449
1790389817.1295094,1.4257800066843629
1790389817.131436,1.2414069788064808
1790389817.1676893,1.7057580116670579
1790389817.1696768,1.5293440083041787
1790389817.1712947,1.1910909961443394
1790389817.1872067,1.6942830116022378
1790389817.206736,1.9113289890810847
1790389817.2208107,1.6311439976561815
1790389817.2688596,2.370756003074348
1790389817.270432,1.4119720144663006
1790389817.274271,1.515059993835166
1790389817.2776003,1.5299929946195334
1790389817.2784383,1.7907730070874095
1790389817.2983418,1.6587509890086949
1790389817.3313065,1.8733230244833976
1790389817.3415632,1.6543359961360693
1790389817.3578353,1.8451889918651432
1790389817.3638353,1.5903660096228123
1790389817.3743572,1.7074780189432204
1790389817.3815298,1.667125994572416
1790389817.3862116,1.5231389843393117
1790389817.4180202,2.4325980048161
1790389817.4180932,2.375217998633161
1790389817.4234686,1.4717429876327515
1790389817.4238534,2.2929080005269498
1790389817.4533055,1.9507800170686096
1790389817.4557822,1.3738719862885773
1790389817.5070577,21.965897001791745
1790389817.5235994,1.8256240000482649
1790389817.5244641,1.6911940183490515
1790389817.5286624,1.6337140114046633
1790389817.5292165,1.3654019858222455
1790389817.5574815,23.705234983935952
1790389817.5576198,20.91740199830383
1790389817.5577047,26.166783994995058
1790389817.5826597,10.792724991915748
1790389817.5830865,22.825429012300447
1790389817.5831783,36.441894015297294
1790389817.5957363,1.7279949970543385
1790389817.5971646,1.4185199979692698
1790389817.630587,21.72265000990592
1790389817.631032,20.628570986445993
1790389817.631926,25.207594997482374
1790389817.632566,10.755080002127215
1790389817.6329176,6.867429008707404
1790389817.6329994,8.909592987038195
1790389817.6552823,1.7033159965649247
1790389817.6574118,1.5845730085857213
1790389817.657958,1.1944750149268657
1790389817.6741638,1.869507017545402
1790389817.6815805,1.4478360244538635
1790389817.7026827,20.68165098899044
1790389817.7029424,11.95854099933058
1790389817.7031536,8.990545989945531
1790389817.704276,8.880917011993006
1790389817.7043395,8.490908017847687
1790389817.709791,1.3731989893130958
1790389817.7221124,1.4900969981681556
1790389817.7489583,21.962288999930024
1790389817.7490337,22.56603300338611
1790389817.7601938,1.5596110024489462
1790389817.7936428,2.2503259824588895
1790389817.82453,22.98200299264863
1790389817.8246472,10.02264500129968
1790389817.8496392,24.734853010158986
1790389817.8498592,14.743053005076945
1790389817.850076,9.290260000852868
1790389817.8501575,12.851013016188517
1790389817.8510869,4.881651984760538
1790389817.8511603,9.3874630110804
1790389817.8882005,1.8408820033073425
1790389817.9296834,23.75586298876442
1790389817.9297774,8.294622995890677
1790389817.9312978,1.4100490079727024
1790389817.9545498,1.8203840008936822
1790389817.9709811,1.6705580055713654
1790389817.9765384,1.6114310128614306
1790389817.9880047,1.8191809940617532
1790389817.9932454,1.5775560168549418
1790389818.0148473,1.962160982657224
1790389818.0681565,1.6089229902718216
1790389818.07088,1.1944079888053238
1790389818.0952322,23.376326978905126
1790389818.095346,19.95218198862858
1790389818.095417,9.387897996930405
1790389818.121016,22.296162002021447
1790389818.1211338,9.046082996064797
1790389818.1247294,2.788016980048269
1790389818.1248431,2.323412016266957
1790389818.1587827,1.91680301213637
1790389818.1990488,18.192004994489253
1790389818.1995196,22.011574008502066
1790389818.2001178,16.354370018234476
1790389818.200175,5.422377987997606
1790389818.2370334,23.158074007369578
1790389818.2371283,21.353918011300266
1790389818.240239,20.673876017099246
1790389818.2409806,20.337678986834362
1790389818.2416747,17.879122984595597
1790389818.242014,4.423318983754143
1790389818.2421298,3.909882012521848
1790389818.2425818,3.685386007418856
1790389818.2428813,2.630171016789973
1790389818.2553625,1.8957279971800745
1790389818.2650888,1.8198580073658377
1790389818.274613,1.971246994799003
1790389818.287333,1.9772299856413156
1790389818.3251593,2.1490660146810114
1790389818.3267348,1.564298989251256
1790389818.3409405,2.7214130095671862
1790389818.341187,2.3041110252961516
1790389818.3458388,1.493560994276777
1790389818.3470252,1.1756480089388788
1790389818.3864167,24.20640701893717
1790389818.395972,28.140063979662955
1790389818.3967361,16.510966990608722
1790389818.3968353,26.289855013601482
1790389818.3969119,43.765740003436804
1790389818.4290462,21.037928003352135
1790389818.447789,1.6204409766942263
1790389818.4524658,1.30584099679254
1790389818.4538693,1.2120330065954477
1790389818.4908657,21.81589399697259
1790389818.491206,11.697939014993608
1790389818.4948478,1.5489389770664275
1790389818.5209935,1.6672659839969128
1790389818.534334,2.6510139869060367
1790389818.5568237,22.47652199002914
1790389818.5569713,24.642421980388463
1790389818.5582404,17.393813002854586
1790389818.5583696,20.950336009263992
1790389818.5589602,1.5738429792691022
1790389818.56637,1.5924899780657142
1790389818.5874937,2.047034999122843
1790389818.5943933,1.5737359935883433
1790389818.5986028,1.3895960000809282
1790389818.6113188,1.9520390196703374
1790389818.612711,1.379903987981379
1790389818.640327,2.0238410215824842
1790389818.6486678,1.4483810227829963
1790389818.652782,1.3458080065902323
1790389818.6566315,2.253652986837551
1790389818.6567156,1.8645930103957653
1790389818.6964378,30.94799499376677
1790389818.7189558,54.92132302606478
1790389818.7244706,39.86227299901657
1790389818.7449188,67.85168801434338
1790389818.7506936,50.2222639915999
1790389818.750771,34.093640017090365
1790389818.7512271,51.41451800591312
1790389818.751761,33.71509999851696
1790389818.7676609,35.70643797866069
1790389818.7713296,37.93926700018346
1790389818.7723334,38.390139990951866
1790389818.77246,36.552499019308016
1790389818.7727463,29.955221980344504
1790389818.7956223,22.04822000931017
1790389818.7957509,21.08077798038721
1790389818.7959,21.75608999095857
1790389818.802428,20.986940013244748
1790389818.8130355,37.14749601203948
1790389818.8226817,32.56530599901453
1790389818.8279037,39.83428000356071
1790389818.8462462,31.721673003630713
1790389818.8466847,45.17039199708961
1790389818.8521483,22.808873996837065
1790389818.862784,30.387017992325127
1790389818.8637695,20.123210008023307
1790389818.8638358,33.189968002261594
1790389818.864005,12.574158987263218
1790389818.864218,13.94717299262993
1790389818.8645198,2.748063998296857
1790389818.8697605,1.6282979922834784
1790389818.8728356,1.3917470059823245
1790389818.874832,1.3990929874125868
1790389818.8979952,13.858963997336105
1790389818.8981023,9.80157099547796
1790389818.898181,22.342615004163235
1790389818.963116,2.0837040210608393
1790389818.9637983,1.8194639997091144
1790389818.9982274,1.8448109913151711
1790389819.0026503,1.7279409803450108
1790389819.0142958,1.8370100005995482
1790389819.014928,1.468116999603808
1790389819.0620947,31.1105820001103
1790389819.0688372,53.86284799897112
1790389819.0695689,36.04359200107865
1790389819.0704858,36.06291799223982
1790389819.0708885,38.04096201201901
1790389819.0712101,10.440829006256536
1790389819.0713248,36.16304797469638
1790389819.0958416,23.589908989379182
1790389819.0963604,9.56240002415143
1790389819.1856375,47.20948700560257
1790389819.1915271,33.55297900270671
1790389819.192406,53.206259006401524
1790389819.1928558,27.335826976923272
1790389819.1944902,27.103442000225186
1790389819.1945856,22.232110000913963
1790389819.1954155,19.25051902071573
1790389819.1959815,14.17263300390914
1790389819.1963418,18.004723999183625
1790389819.1964297,6.208112987224013
1790389819.213616,1.9152349850628525
1790389819.2433112,21.563403017353266
1790389819.2444365,6.207273021573201
1790389819.2445164,7.054104993585497
1790389819.26538,1.6926829994190484
1790389819.2979593,22.859385004267097
1790389819.2981606,7.74141401052475
1790389819.3246965,30.376509996131063
1790389819.3247633,33.57892099302262
1790389819.337918,1.6554160101804882
1790389819.3554616,1.7585809982847422
1790389819.37869,1.665347022935748
1790389819.385982,2.1693159942515194
1790389819.4491541,35.81581701291725
1790389819.4616685,48.9192119857762
1790389819.462443,35.69615099695511
1790389819.4625795,43.47427102038637
1790389819.467662,49.09805802162737
1790389819.4831707,38.50895899813622
1790389819.4865706,33.69867999572307
1790389819.4866748,29.45442500640638
1790389819.4870982,28.33190798992291
1790389819.4908593,1.3998109789099544
1790389819.495552,1.5344099956564605
1790389819.5157619,1.6403300105594099
1790389819.5231476,1.803662977181375
1790389819.531501,1.6806850035209209
1790389819.5528316,1.7906689899973571
1790389819.5802956,1.7614999960642308
1790389819.600661,1.8200870254077017
1790389819.602502,1.3449050020426512
1790389819.6047769,1.2299329973757267
1790389819.6169848,1.8601379997562617
1790389819.623664,1.5954979753587395
1790389819.6266835,1.4302490162663162
1790389819.631913,1.392675010720268
1790389819.6645122,1.7629159847274423
1790389819.728848,21.999069984303787
1790389819.7289279,14.533483976265416
1790389819.744985,1.7034249904099852
1790389819.7686338,1.6855740104801953
1790389819.7751367,1027.0533169968985
1790389819.8011456,20.498863013926893
1790389819.8360476,1.7870180017780513
1790389819.8572326,1.925432006828487
1790389819.8754184,2.214591979281977
1790389819.8959417,21.44281199434772
1790389819.9008908,20.702330017229542
1790389819.9183433,24.04132200172171
1790389819.9184752,10.194447007961571
1790389819.9185445,2.0820549980271608
1790389819.9497595,2.1365519787650555
1790389819.9505992,1.6174640040844679
1790389819.9589133,1.6941670037340373
1790389819.9650807,1.5119430026970804
1790389819.970217,1.4302860072348267
1790389819.985874,1.6783390019554645
1790389819.987363,1.353592990199104
1790389820.0231628,2.3595649981871247
1790389820.0237625,3.5687170166056603
1790389820.0238318,2.398259995970875
1790389820.0270908,1.6624039853923023
1790389820.0357056,1.5291809977497905
1790389820.0378785,1.1933089990634471
1790389820.0487795,1.6213480266742408
1790389820.0629756,1.6673759964760393
1790389820.0643373,1.3517540064640343
1790389820.100434,22.659477981505916
1790389820.111025,1.8390819896012545
1790389820.1448026,1.7738009919412434
1790389820.146145,1.3326259795576334
1790389820.214692,26.983841002220288
1790389820.2147553,14.232910994905978
1790389820.2155132,19.8136440012604
1790389820.2159443,3.135029983241111
1790389820.2593358,44.29498899844475
1790389820.2600868,32.20045301713981
1790389820.2601979,28.804833011236042
1790389820.2602596,15.54381599999033
1790389820.261203,13.972681015729904
1790389820.2612822,1077.691810001852
1790389820.272076,18.486003013094887
1790389820.281374,17.061266000382602
1790389820.281443,23.25398797984235
1790389820.3373597,30.061202007345855
1790389820.3483298,27.126623986987397
1790389820.3530197,1.5771980106364936
1790389820.3807416,17.29288400383666
1790389820.3809261,16.102465015137568
1790389820.3809988,23.058765014866367
1790389820.3973098,1.6511139983776957
1790389820.3986313,1.218634017277509
1790389820.4155777,1.7780149937607348
1790389820.4169776,1.2753310147672892
1790389820.4630475,8.073179022176191
1790389820.463121,23.224673001095653
1790389820.4635098,3.12237098114565
1790389820.4743276,1.796592987375334
1790389820.4764,1.797389006242156
1790389820.523513,21.35772700421512
1790389820.523812,22.258069016970694
1790389820.5241404,17.103482998209074
1790389820.52513,9.438289009267464
1790389820.5254517,4.026303009595722
1790389820.525774,4.8198350123129785
1790389820.5627143,19.39020399004221
1790389820.5628135,38.14703499665484
1790389820.5628836,28.36996500263922
1790389820.5632792,11.429383012000471
1790389820.5698252,1.309428975218907
1790389820.5782306,1.6162300016731024
1790389820.603112,23.751027008984238
1790389820.6035836,26.3566879730206
1790389820.604212,2.847349998774007
1790389820.6369967,2.0394799939822406
1790389820.6579275,20.88298599119298
1790389820.6672428,1.7435100162401795
1790389820.7055988,1.8680390203371644
1790389820.750578,18.486832996131852
1790389820.7576458,24.128552002366632
1790389820.758799,11.479337001219392
1790389820.758965,4.86518899560906
1790389820.7590947,33.75102300196886
1790389820.7596345,1.8294809851795435
1790389820.7671156,1.243710983544588
1790389820.8140047,40.43359699426219
1790389820.824346,51.344105013413355
1790389820.834129,34.03098601847887
1790389820.8348343,25.11276098084636
1790389820.8348958,10.059672000352293
1790389820.8411617,1.6587779973633587
1790389820.8436215,1.1729719990398735
1790389820.849236,1.1495960061438382
1790389820.8772125,1.6930730198509991
1790389820.9255357,3.1879899906925857
1790389820.9443822,1.8121649918612093
1790389820.953143,1.8455859972164035
1790389820.9715402,2.136703988071531
1790389820.9769213,1.8870269996114075
1790389820.985283,1.7871650052256882
1790389820.98594,1.3834729907102883
1790389821.0006392,1.6313150117639452
1790389821.0065293,1.287763996515423
1790389821.0263312,1.9306559988763183
1790389821.0310802,1.5177930181380361
1790389821.0535622,16.312705993186682
1790389821.0542903,21.424814010970294
1790389821.054359,8.25891099520959
1790389821.0655723,2.342245978070423
1790389821.0685022,2.388624008744955
1790389821.0723617,2.43253301596269
1790389821.076191,1.3506130198948085
1790389821.0858421,1.7444310069549829
1790389821.124658,15.711581014329568
1790389821.124979,25.460012024268508
1790389821.1256278,11.650703003397211
1790389821.1257064,9.870220004813746
1790389821.168344,19.928246008930728
1790389821.181376,1.648750010645017
1790389821.1906486,1.720010011922568
1790389821.1932576,1.3480930065270513
1790389821.2195535,2.0663949835579842
1790389821.2262654,1.461807987652719
1790389821.287693,1.8740639789029956
1790389821.3253827,11.104903998784721
1790389821.3255088,20.697484986158088
1790389821.3466504,2.8887979860883206
1790389821.3475103,2.0707559888251126
1790389821.3619692,1.6730159986764193
1790389821.3838468,19.001018983544782
1790389821.4176807,16.98203300475143
1790389821.435278,41.32369699073024
1790389821.435769,27.624575013760477
1790389821.4358873,33.24583699577488
1790389821.4368963,26.70352900167927
1790389821.436981,9.850501985056326
1790389821.4536247,1.625987992156297
1790389821.4667323,1.5120540047064424
1790389821.4915438,20.668306009611115
1790389821.4916308,5.6736319966148585
1790389821.492222,2.994490001583472
1790389821.492273,14.994491008110344
1790389821.5055518,1.288102997932583
1790389821.511321,1.5488839999306947
1790389821.548874,34.723016986390576
1790389821.5490084,32.13192199473269
1790389821.552765,29.825330013409257
1790389821.553309,18.70731299277395
1790389821.5731585,28.094109002267942
1790389821.573421,19.96501299436204
1790389821.5736723,9.990813996409997
1790389821.5737715,32.68650500103831
1790389821.573852,3.79927598987706
1790389821.5786088,1.1943269928451627
1790389821.580241,1.0549629805609584
1790389821.5892684,1.498210011050105
1790389821.5905218,1.1619639990385622
1790389821.6231854,2.6314389833714813
1790389821.6454532,2.436893992125988
1790389821.652393,1.951518002897501
1790389821.657537,1.3130330189596862
1790389821.6673234,1.3541769876610488
1790389821.6719275,1.3508450065273792
1790389821.7019868,2.1362600091379136
1790389821.704111,1.457987993489951
1790389821.7043612,2.195914014009759
1790389821.7152915,2.3459029907826334
1790389821.715633,2.0936609944328666
1790389821.7216606,1.5125369827728719
1790389821.7629745,24.873244983609766
1790389821.7630785,21.110681991558522
1790389821.7775028,17.45770502020605
1790389821.7785447,12.017559027299285
1790389821.7786431,9.56442899769172
1790389821.7787097,32.17815299285576
1790389821.811355,19.82430199859664
1790389821.8116841,13.985922996653244
1790389821.8249185,2.6498810038901865
1790389821.8251495,3.407128999242559
1790389821.8254488,3.0776280036661774
1790389821.8484898,2.3875760089140385
1790389821.8524146,1.355360000161454
1790389821.8535388,1.1162289883941412
1790389821.855174,1.144045003456995
1790389821.911495,41.24915201100521
1790389821.9297075,44.5870450057555
1790389821.9300892,41.463214001851156
1790389821.9309406,41.28483301610686
1790389821.9310226,41.9058550032787
1790389821.9312918,40.62593699200079
1790389821.9322064,39.69309202511795
1790389821.9323308,18.96018799743615
1790389821.9326088,6.402959988918155
1790389821.957512,1.5869839990045875
1790389821.9978194,2.575409016571939
1790389821.9984233,2.1448830084409565
1790389822.0243723,18.794422008795664
1790389822.0244684,25.27504798490554
1790389822.0310864,2.3779720067977905
1790389822.051931,2.4982040049508214
1790389822.0613797,1.9362040038686246
1790389822.0641866,2.7946989866904914
1790389822.0643513,2.4544659827370197
1790389822.1031947,34.84151599695906
1790389822.1063936,38.76577800838277
1790389822.1273744,53.069516987307
1790389822.1277502,55.879499996080995
1790389822.127828,47.14058997342363
1790389822.128901,45.5453309987206
1790389822.1291912,33.69389500585385
1790389822.130005,31.390980002470315
1790389822.1306174,27.321596979163587
1790389822.1306846,23.622909997357056
1790389822.1820257,21.024362999014556
1790389822.1820998,19.857629988109693
1790389822.192699,1.5384129947051406
1790389822.1997473,1.2802970013581216
1790389822.2059972,1.5313640178646892
1790389822.2313235,1.7433080065529794
1790389822.2394023,1.518375996965915
1790389822.2596273,13.263034023111686
1790389822.2638192,16.862697986653075
1790389822.2643437,22.52709399908781
1790389822.2647963,14.446005021454766
1790389822.2653317,12.653196026803926
1790389822.2658904,12.190464010927826
1790389822.2659557,11.408182006562129
1790389822.2737062,1.515610987553373
1790389822.3437483,19.259742985013872
1790389822.34417,18.736338010057807
1790389822.3447514,22.367286001099274
1790389822.344821,17.924290004884824
1790389822.36777,3.2415010209660977
1790389822.3695743,1.5971320099197328
1790389822.3828373,1.4566820173058659
1790389822.3881807,1.5633470029570162
1790389822.4236507,2.9341350018512458
1790389822.4401836,2.446497994242236
1790389822.4453971,2.2378049907274544
1790389822.4493632,1.4600039867218584
1790389822.4507866,2.1746889979112893
1790389822.4584098,1.274914015084505
1790389822.4696357,1.5059339930303395
1790389822.4876144,1.467444992158562
1790389822.4914587,1.4497880183625966
1790389822.4943209,1.4268190134316683
1790389822.514753,2.0615730027202517
1790389822.5272133,1.6858000017236918
1790389822.5301034,1.154964993475005
1790389822.5433545,1.3673520006705076
1790389822.5573094,1.925130985910073
1790389822.5723975,2.4301119847223163
1790389822.5869842,1.96758599486202
1790389822.5966935,2.4674230080563575
1790389822.5968695,2.0122890127822757
1790389822.5996456,1.103212998714298
1790389822.613577,1.7387499974574894
1790389822.616048,1.436769001884386
1790389822.6632228,24.21617100480944
1790389822.6633053,35.09979200316593
1790389822.6633725,39.18140198220499
1790389822.675829,1.5503519971389323
1790389822.692988,1.9532449950929731
1790389822.7156096,2.2199649829417467
1790389822.727586,1.4815779868513346
1790389822.7288697,1.272656983928755
1790389822.7468748,1.9551540026441216
1790389822.7509117,1.3609099842142314
1790389822.7570062,1.8455660028848797
1790389822.7610722,1.4071939804125577
1790389822.7625625,1.1360150238033384
1790389822.7685077,1.1078109964728355
1790389822.7726455,1.2583670031744987
1790389822.788559,6.050780997611582
1790389822.8073306,23.398068005917594
1790389822.818413,36.92152601433918
1790389822.822032,11.596463999012485
1790389822.8227923,10.217501985607669
1790389822.8228574,23.439090989995748
1790389822.8403986,1.5276479825843126
1790389822.8551266,1.5605600201524794
1790389822.9040241,40.89382401434705
1790389822.9064825,27.163557999301702
1790389822.9065819,25.83443801268004
1790389822.9078941,22.044134995667264
1790389822.9079556,20.88150300551206
1790389822.908035,4.865376016823575
1790389822.9096198,1.2814229994546622
1790389822.9285126,1.8379279936198145
1790389822.9528122,1.5955099952407181
1790389822.9926353,35.2969309897162
1790389822.9961393,31.444332998944446
1790389823.0016198,39.429364987881854
1790389823.0463626,63.173350994475186
1790389823.0552735,57.245837000664324
1790389823.055632,32.95965900178999
1790389823.0557582,50.98757002269849
1790389823.056524,40.81430099904537
1790389823.0566087,31.573168991599232
1790389823.0572443,27.368546987418085
1790389823.0572975,10.882094997214153
1790389823.0802987,2.4571000249125063
1790389823.0811868,2.7914800157304853
1790389823.0823348,3.1370259821414948
1790389823.0897923,1.35549801052548
1790389823.092204,1.2971099931746721
1790389823.097364,1.4754970034118742
1790389823.1272306,1006.66339599411
1790389823.1273441,20.357336004963145
1790389823.1305006,1.3025930093135685
1790389823.164935,9.995939995860681
1790389823.1650138,20.52184200147167
1790389823.1670058,1.288844010559842
1790389823.1685631,1.0653299978002906
1790389823.1724412,1.152985991211608
1790389823.1728976,1.1219470179639757
1790389823.2284255,17.55656098248437
1790389823.229146,23.936810990562662
1790389823.229212,6.902904016897082
1790389823.2294326,2.2191879979800433
1790389823.2331812,1.1454859923105687
1790389823.2365017,1.2587389792315662
1790389823.2562668,19.1684220044408
1790389823.2604656,2.067641995381564
1790389823.261419,1.5297589998226613
1790389823.2686276,1.2185069790575653
1790389823.3047643,21.44867298193276
1790389823.3318224,12.22189501277171
1790389823.3319385,19.760406983550638
1790389823.3502352,1.5481470036320388
1790389823.3652253,1.5169079997576773
1790389823.3701084,1.2211650027893484
1790389823.3718095,1.2967030052095652
1790389823.3991263,20.538996992399916
1790389823.399622,15.460483002243564
1790389823.399675,2.470828010700643
1790389823.411474,1.9699950062204152
1790389823.4391804,1.5426809841301292
1790389823.4694614,1.757783000357449
1790389823.4925478,2.3278660082723945
1790389823.4951985,1.4937770029064268
1790389823.533599,6.888835981953889
1790389823.5522952,17.16023901826702
1790389823.572346,30.35427999566309
1790389823.573314,42.62120299972594
1790389823.5737002,16.830576001666486
1790389823.573755,28.273753996472806
1790389823.5738115,14.429000002564862
1790389823.585817,1.4224080077838153
1790389823.590162,1.515284995548427
1790389823.5909355,1.6920150083024055
1790389823.599784,1.3939319760538638
1790389823.616104,4.508562997216359
1790389823.653385,3.2646999752614647
1790389823.6578217,2.696821989957243
1790389823.6759353,18.651331978617236
1790389823.6768177,20.433978002984077
1790389823.6769204,10.911761986790225
1790389823.6778705,1.5281809901352972
1790389823.6842153,1.4403109962586313
1790389823.685765,1.1145989992655814
1790389823.6885781,1.1358570191077888
1790389823.6916888,1.3103109959047288
1790389823.7325938,2.8186030103825033
1790389823.738821,1.6979679930955172
1790389823.7461748,2.235046005807817
1790389823.7473352,2.0236510026734322
1790389823.7645032,1.9868789822794497
1790389823.775149,1.7334939911961555
1790389823.8020642,15.088510990608484
1790389823.802627,21.524812997085974
1790389823.8026917,5.193863995373249
1790389823.8141932,2.2027819941285998
1790389823.8214417,2.3713239934295416
1790389823.824452,2.0096320076845586
1790389823.8330867,1.950767997186631
1790389823.8365026,2.083487983327359
1790389823.8463993,2.266131021315232
1790389823.8482537,1.7131359782069921
1790389823.9019184,45.51976500079036
1790389823.9209232,49.518747022375464
1790389823.9211543,42.954564007231966
1790389823.9221396,38.74331898987293
1790389823.9222126,61.24311999883503
1790389823.9226816,41.789384005824104
1790389823.9229617,13.908079010434449
1790389823.9233634,7.198968000011519
1790389823.9235961,5.378019995987415
1790389823.9442534,1.559102995088324
1790389823.9551404,1.5220780042000115
1790389823.9749584,2.6620099961292
1790389823.9791715,1.8171390111092478
1790389823.9829304,2.008584007853642
1790389823.9953308,3.298941010143608
1790389823.99821,4.6234440233092755
1790389823.9983737,3.8947729917708784
1790389823.998795,3.3427370071876794
1790389824.0001643,1.0114600008819252
1790389824.0038068,1.37941402499564
1790389824.0135622,1.664000010350719
1790389824.014313,1.4290960098151118
1790389824.0183158,1.5131719992496073
1790389824.0311387,2.57704098476097
1790389824.032309,2.507739991415292
1790389824.039443,1.2972839758731425
1790389824.0483813,2.3561980051454157
1790389824.0485086,3.0530570074915886
1790389824.067448,19.95024297502823
1790389824.0675106,14.1639260109514
1790389824.0900102,1.6710440104361624
1790389824.1216266,2.204630000051111
1790389824.1470811,1.8543420010246336
1790389824.1806388,2.044283988652751
1790389824.1872373,2.06022200291045
1790389824.1985948,1.6779840225353837
1790389824.2002301,1.1558789992704988
1790389824.2344542,2.4133219849318266
1790389824.2345197,3.323538025142625
1790389824.2372563,1.8506109772715718
1790389824.258223,18.118226988008246
1790389824.2586453,22.379928996087983
1790389824.2592075,3.144321992294863
1790389824.2592728,19.566939008655027
1790389824.2593486,7.098702015355229
1790389824.263081,1.322591007919982
1790389824.2727792,1.5738930087536573
1790389824.2913642,19.346741028130054
1790389824.2973895,1.7374010058119893
1790389824.365376,8.468874992104247
1790389824.3798544,21.836639993125573
1790389824.3899984,28.995679022045806
1790389824.3997471,42.26583300624043
1790389824.4002903,38.37215798557736
1790389824.4011352,17.065953987184912
1790389824.4013042,12.489631015341729
1790389824.4016562,18.333699001232162
1790389824.401742,35.23579699685797
1790389824.4046903,1.2061269953846931
1790389824.4076583,1.2246039987076074
1790389824.4097366,1.3822589826304466
1790389824.4176767,1.3222669949755073
1790389824.4299304,1.4483339909929782
1790389824.438828,1.4549030165653676
1790389824.4652383,13.23425499140285
1790389824.4653134,23.954565986059606
1790389824.465385,22.672185994451866
1790389824.505245,1.7467290163040161
1790389824.5314918,2.087909000692889
1790389824.5562148,18.81489998777397
1790389824.5563216,18.459924991475418
1790389824.55639,20.007440994959325
1790389824.5767922,19.64672698522918
1790389824.577191,19.590493000578135
1790389824.5773118,20.66779200686142
1790389824.593901,1.642172981519252
1790389824.5979848,1.9857929728459567
1790389824.5985749,1.4386879920493811
1790389824.6307142,19.58992501022294
1790389824.6320682,12.63611699687317
1790389824.6321712,10.354932979680598
1790389824.6325243,1.4690399984829128
1790389824.639119,1.300397008890286
1790389824.6674232,20.48916000057943
1790389824.6716797,1.5700329968240112
1790389824.683062,1.9637570076156408
1790389824.6834886,1.5245980175677687
1790389824.696889,1.4990680210758
1790389824.7041912,1.6696399834472686
1790389824.7162764,1.528427004814148
1790389824.7182531,1.393101003486663
1790389824.7432203,2.08276798366569
1790389824.7766535,29.473978996975347
1790389824.7816522,24.174567981390283
1790389824.784959,20.48851700965315
1790389824.7917244,1.6982659872155637
1790389824.792983,1.158697996288538
1790389824.8065064,1.4509660250041634
1790389824.8229802,1.7093450005631894
1790389824.84525,1.9609350129030645
1790389824.848025,1.6910929989535362
1790389824.882456,20.64248302485794
1790389824.8826318,12.80685601523146
1790389824.8827207,22.922476986423135
1790389824.8831875,1.941880997037515
1790389824.8893669,1.3439049944281578
1790389824.8931556,1.2909650104120374
1790389824.9048028,1.3396300200838596
1790389824.9119098,1.2435289972927421
1790389824.9169512,1.3474799925461411
1790389824.9293823,1.9710729829967022
1790389824.9345148,1.3655780057888478
1790389824.9476008,1.7585479945410043
1790389824.9512239,1.3563010143116117
1790389824.9827461,2.770976017927751
1790389824.9828222,2.273516991408542
1790389824.9861438,1.60540800425224
1790389824.9867454,2.7231590065639466
1790389824.9932082,1.1786760005634278
1790389825.0008354,1.5047789784148335
1790389825.0416684,1.9676150113809854
1790389825.0423002,1.6829059750307351
1790389825.062648,2.0315620058681816
1790389825.0737147,1.8812670023180544
1790389825.0839403,2.0030789892189205
1790389825.114068,2.036400022916496
1790389825.1180036,2.412168978480622
1790389825.1309218,1.606411999091506
1790389825.1781085,1.8943000177387148
1790389825.1848476,1.544907019706443
1790389825.2031658,1.6745109751354903
1790389825.2106206,1.4143260195851326
1790389825.260927,40.4000639973674
1790389825.2616434,28.035498020472005
1790389825.262212,30.284195992862806
1790389825.267293,29.765396000584587
1790389825.2843819,32.690482010366395
1790389825.2846618,23.005084978649393
1790389825.285336,47.33937999117188
1790389825.2859776,21.560128981946036
1790389825.2866313,2.2370920050889254
1790389825.3198636,34.36128800967708
1790389825.331056,33.55666098650545
1790389825.3314085,37.79424200183712
1790389825.3315763,33.39046100154519
1790389825.3317966,34.40786901046522
1790389825.3320932,24.587374995462596
1790389825.337974,1.5732460014987737
1790389825.3883302,2.184965997003019
1790389825.4462175,1.9122500088997185
1790389825.45553,1.5809760079719126
1790389825.4922945,21.815535990754142
1790389825.4928448,21.161220996873453
1790389825.4929106,24.132656981237233
1790389825.4939296,1.7262239998672158
1790389825.5283117,1.957047003088519
1790389825.5284278,2.638768986798823
1790389825.5290942,2.0396049949340522
1790389825.537161,2.2999900102149695
1790389825.5378807,1.526791980722919
1790389825.5468345,1.4622420130763203
1790389825.569674,1.5615029842592776
1790389825.5846784,2.05207901308313
1790389825.598008,12.326997006312013
1790389825.609241,18.40472500771284
1790389825.6136456,7.565928011899814
1790389825.6139753,27.906746981898323
1790389825.6140926,21.940923994407058
1790389825.626812,2.9199989803601056
1790389825.6269066,2.4030169879551977
1790389825.635903,1.6236689989455044
1790389825.637995,1.278494019061327
1790389825.675549,25.741338991792873
1790389825.690874,33.61225698608905
1790389825.691576,31.841668009292334
1790389825.6917005,33.38910301681608
1790389825.6918504,44.44164200685918
1790389825.6920002,6.405238003935665
1790389825.6931553,1.262876990949735
1790389825.7079165,1.5251240110956132
1790389825.7374089,19.15672601899132
1790389825.7377734,16.088197007775307
1790389825.73785,10.902704991167411
1790389825.769711,11.232896009460092
1790389825.7697875,20.574499008944258
1790389825.7698631,21.349019021727145
1790389825.7865307,1.7346550012007356
1790389825.7904654,1.3068820117041469
1790389825.8060071,1.5822999994270504
1790389825.8085206,1.3471569982357323
1790389825.8153677,1.5204239753074944
1790389825.8338938,1.635374006582424
1790389825.836743,1.6302199801430106
1790389825.8597612,19.541304995073006
1790389825.8605518,21.365007996791974
1790389825.8609195,12.44958199094981
1790389825.8609922,15.499878994887695
1790389825.8613586,7.376199995633215
1790389825.864151,1.3768280041404068
1790389825.8646967,1.3236950035206974
1790389825.8729222,1.4432250172831118
1790389825.8741431,1.1980280105490237
1790389825.8769045,2.325681009097025
1790389825.8769913,1.923570001963526
1790389825.9072263,1.8848570180125535
1790389825.9298267,11.78610700299032
1790389825.9574661,23.990038025658578
1790389825.957584,47.390691994223744
1790389825.9735384,49.901660007890314
1790389825.9788158,43.564348976360634
1790389825.9798074,31.11464701942168
1790389825.9859965,46.5087219781708
1790389826.0019975,47.87827801192179
1790389826.0023506,37.74644297664054
1790389826.0028884,36.07097201165743
1790389826.0033846,34.27908799494617
1790389826.0034373,7.041814009426162
1790389826.0071235,1.503242994658649
1790389826.0159097,1.4194520190358162
1790389826.025867,1.4727710222359747
1790389826.032234,1.348039018921554
1790389826.0457244,1.6384529881179333
1790389826.0626824,1.6699880070518702
1790389826.0760694,1.6869959945324808
1790389826.0823486,1.548416999867186
1790389826.090147,1.551195018691942
1790389826.0946631,1.375833002384752
1790389826.103317,1.4837539929430932
1790389826.126062,1.644403993850574
1790389826.1495147,20.974079001462087
1790389826.1504674,1.9025600049644709
1790389826.1763253,1.6518880147486925
1790389826.1802886,1.422755012754351
1790389826.1867301,1.537814998300746
1790389826.195857,1.9261970010120422
1790389826.1963763,1.336639019427821
1790389826.1986973,1.618625014089048
1790389826.198811,2.131298999302089
1790389826.214946,1.9908859976567328
1790389826.2197058,2.053939999314025
1790389826.2200701,1.9705499871633947
1790389826.220456,1.3000420003663749
1790389826.225369,1.3013629941269755
1790389826.2380853,2.2413319966290146
1790389826.2595713,22.531157010234892
1790389826.2600307,18.41819001128897
1790389826.260481,7.475071004591882
1790389826.2616174,1.817337004467845
1790389826.2671707,1.8727369897533208
1790389826.2681124,1.4707990048918873
1790389826.2733397,1.2819060066249222
1790389826.2805378,1.2792120105586946
1790389826.2838542,1.347880985122174
1790389826.2942686,1.8966190109495074
1790389826.2955806,1.3020870101172477
1790389826.325237,25.259435991756618
1790389826.341189,7.136674976209179
1790389826.3412993,23.950745002366602
1790389826.3478997,2.0323829958215356
1790389826.3485425,3.616891015553847
1790389826.3486195,3.252886002883315
1790389826.362557,1.6192090115509927
1790389826.4091787,46.448638022411615
1790389826.4147258,35.98179199616425
1790389826.4244921,17.30308900005184
1790389826.4245775,37.48997699585743
1790389826.4479723,17.20792902051471
1790389826.4514253,10.002355003962293
1790389826.4515052,24.408729979768395
1790389826.4517105,9.389363985974342
1790389826.4719334,21.800320013426244
1790389826.4724352,15.185495023615658
1790389826.4728851,13.037664990406483
1790389826.4734063,12.723599007586017
1790389826.4734554,2.650598995387554
1790389826.503327,11.930234002647921
1790389826.5071592,22.92996400501579
1790389826.507225,10.879729001317173
1790389826.521176,1.5799370012246072
1790389826.5233774,1.522116974228993
1790389826.529833,1.6409809759352356
1790389826.5329702,1.3877400197088718
1790389826.593273,41.10985100851394
1790389826.5990667,45.69887099205516
1790389826.5994792,28.486708004493266
1790389826.617369,44.98132399749011
1790389826.6187584,45.0662859948352
1790389826.619185,14.266387996030971
1790389826.6192575,34.3197749753017
1790389826.6193125,26.765902002807707
1790389826.647582,17.5412250100635
1790389826.6510842,19.07752300030552
1790389826.667147,38.20926099433564
1790389826.667233,23.062545980792493
1790389826.6705446,36.370507994433865
1790389826.6729004,1.7473619955126196
1790389826.679238,1.694623992079869
1790389826.67933,2.276532002724707
1790389826.6916091,1.8790829926729202
1790389826.7327979,3.574120986741036
1790389826.733093,21.834741986822337
1790389826.7378109,1.486088993260637
1790389826.7453327,1.3331400114111602
1790389826.7685158,20.334130007540807
1790389826.768883,8.303522015921772
1790389826.7689574,21.36648801388219
1790389826.7754982,1.588807994266972
1790389826.7910125,2.0890349987894297
1790389826.807699,2.2705229930579662
1790389826.8120372,1.7983219877351075
1790389826.8192139,1.5811379998922348
1790389826.8300881,1.793656003428623
1790389826.8344698,1.817628974094987
1790389826.8345456,2.3922999971546233
1790389826.848571,2.029519993811846
1790389826.849386,1.2277349887881428
1790389826.856697,1.350984995951876
1790389826.857186,2.2960249916650355
1790389826.8923216,30.28624298167415
1790389826.8980029,27.354509016731754
1790389826.901954,19.235318002756685
1790389826.9022403,23.4806299849879
1790389826.915187,2.01653697877191
1790389826.9256325,1.4786759857088327
1790389826.9395504,1.5307290013879538
1790389826.954024,1.6020760231185704
1790389826.9981608,21.188626997172832
1790389827.0191767,13.264729001093656
1790389827.019705,21.42287400783971
1790389827.0197766,12.422085012076423
1790389827.027741,1.595157984411344
1790389827.0364919,1.3215629733167589
1790389827.0461035,1.336376997642219
1790389827.0512104,1.313621993176639
1790389827.0548344,1.5014640230219811
1790389827.0803292,1.6839299933053553
1790389827.0906224,1.7995969974435866
1790389827.102533,2.4644490040373057
1790389827.103065,1.4971590135246515
1790389827.1190214,2.0701759785879403
1790389827.153213,32.665449019987136
1790389827.1736856,55.558369000209495
1790389827.1790833,54.42651599878445
1790389827.1836882,58.496028010267764
1790389827.1846817,54.33196100057103
1790389827.1853077,36.48476902162656
1790389827.1853702,45.41392799001187
1790389827.186139,1.3934230082668364
1790389827.2324362,1.8024430028162897
1790389827.256659,1.6342930030077696
1790389827.2918165,1.8065090116579086
1790389827.3049643,1.6008689999580383
1790389827.305626,2.779860980808735
1790389827.3317444,1.709236006718129
1790389827.3494198,1.7988740000873804
1790389827.3548005,1.668668002821505
1790389827.3787172,2.0962559792678803
1790389827.384702,1.5066190098877996
1790389827.387307,1.5167290112003684
1790389827.394317,1.4921289985068142
1790389827.397536,1.229248009622097
1790389827.3992457,1.1214810074307024
1790389827.4191983,1.611231011338532
1790389827.4314911,1.671568985329941
1790389827.4402611,1.7326200031675398
1790389827.4461133,1.3162679970264435
1790389827.478571,22.655747015960515
1790389827.4791799,10.244106990285218
1790389827.4792433,3.056957997614518
1790389827.488773,1.7569649789948016
1790389827.4910293,1.334166998276487
1790389827.5118175,1.7110460030380636
1790389827.5383422,1.7376659961882979
1790389827.5494194,1.8709459982346743
1790389827.5543823,1.3870100083295256
1790389827.5590248,1.3979640207253397
1790389827.5625272,1.5622150094714016
1790389827.5908036,1.6311799990944564
1790389827.6298687,33.33376502268948
1790389827.6502473,46.58375398139469
1790389827.6620111,41.5552610065788
1790389827.6631505,24.980793008580804
1790389827.6638398,46.226236008806154
1790389827.6639135,54.39621600089595
1790389827.679564,34.153425018303096
1790389827.685686,42.71516500739381
1790389827.6858015,25.42286302195862
1790389827.6859384,31.18362498935312
1790389827.6913967,28.375192021485418
1790389827.7331755,53.344009997090325
1790389827.7336583,59.33050799649209
1790389827.7339125,63.907339004799724
1790389827.734075,40.36047399858944
1790389827.7341483,44.998700002906844
1790389827.7349598,40.481569012627006
1790389827.7354515,39.90623098798096
1790389827.7356496,34.07619200879708
1790389827.7359362,24.70526599790901
1790389827.745203,1.6490989946760237
1790389827.7680595,3.800330974627286
1790389827.7682574,20.454040000913665
1790389827.7985349,18.22280799387954
1790389827.7986293,21.476567984791473
1790389827.8023534,1.439714978914708
1790389827.810417,1.325952005572617
1790389827.8647995,21.385669999290258
1790389827.8658826,25.27625599759631
1790389827.8660583,6.378363003022969
1790389827.8661911,8.592207013862208
1790389827.8666868,1.5697140188422054
1790389827.8881044,18.978470005095005
1790389827.888244,4.743525001686066
1790389827.888306,21.518233988899738
1790389827.9041653,2.0289859967306256
1790389827.9047008,1.4664919872302562
1790389827.9269068,20.61745000537485
1790389827.9269943,15.269551979145035
1790389827.9270515,15.89621402672492
1790389827.9772017,16.15145700634457
1790389827.9792483,14.198836986906826
1790389827.979371,13.670847023604438
1790389827.9797385,29.43702001357451
1790389827.9948492,22.613493987591937
1790389828.0013392,23.89668399700895
1790389828.001412,2.767618978396058
1790389828.005742,1.4357780164573342
1790389828.007495,1.2580119946505874
1790389828.0234475,1.6946840041782707
1790389828.0287166,1.4827470004092902
1790389828.042185,2.0850419823545963
1790389828.042249,2.7658830222208053
1790389828.0881777,37.604591983836144
1790389828.0942802,33.73560498584993
1790389828.096589,8.814334025373682
1790389828.0966818,14.911616977769881
1790389828.096802,9.783149987924844
1790389828.0973885,2.7538759750314057
1790389828.097743,1.6437540180049837
1790389828.1001968,1.3147230201866478
1790389828.1169996,1.9126410188619047
1790389828.1255193,1.908356003696099
1790389828.125595,2.630047994898632
1790389828.1449099,1.6957269981503487
1790389828.1602812,1.6162900137715042
1790389828.1770048,1.675052015343681
1790389828.1909099,1.887893013190478
1790389828.1952105,1.437180006178096
1790389828.2060454,1.8232990114483982
1790389828.2140858,1.4705779904033989
1790389828.218739,2.386498003033921
1790389828.2194867,2.191996987676248
1790389828.2197754,1.6777950222603977
1790389828.2289822,1.4292869891505688
1790389828.2420566,1.9114040187560022
1790389828.274689,19.442151009570807
1790389828.2750602,23.599474981892854
1790389828.2971556,19.979333999799564
1790389828.2982059,26.943898992612958
1790389828.298853,9.83717100461945
1790389828.2989235,7.2559410182293504
1790389828.299013,11.817481979960576
1790389828.2997525,2.2107450058683753
1790389828.3109243,1.5016199904493988
1790389828.3184023,1.489200978539884
1790389828.3268583,1.815587020246312
1790389828.3291776,1.286050013732165
1790389828.3354635,1.432371005648747
1790389828.358042,21.99740198557265
1790389828.358121,14.737936988240108
1790389828.3725896,1.660339010413736
1790389828.3781652,1.4234140107873827
1790389828.4534242,74.65004798723385
1790389828.4535427,53.3858529815916
1790389828.4539099,72.8751540009398
1790389828.4553592,53.676531999371946
1790389828.4555159,54.7498119994998
1790389828.455616,56.839167984435335
1790389828.4556708,5.62487100251019
1790389828.459283,1.610674982657656
1790389828.4655426,1.792758994270116
1790389828.475749,3.19064300856553
1790389828.475821,2.660616999492049
1790389828.4870825,1.6880019975360483
1790389828.4917457,1.647170982323587
1790389828.4956813,1.824963983381167
1790389828.498028,1.692018995527178
1790389828.5020688,1.7640759760979563
1790389828.5111918,1.725943002384156
1790389828.5350342,2.2843519982416183
1790389828.5395014,1.9934909942094237
1790389828.5833044,21.863141999347135
1790389828.5870607,26.574874005746096
1790389828.587442,7.060517003992572
1790389828.5909936,2.9006199911236763
1790389828.5910664,2.4120779999066144
1790389828.5946503,1.893311011372134
1790389828.6482444,16.53890500892885
1790389828.6497328,20.465001987759024
1790389828.6500602,8.05576698621735
1790389828.6503112,4.515398992225528
1790389828.6626701,1.5739199880044907
1790389828.699616,4.48056502500549
1790389828.6998284,5.5569810210727155
1790389828.6999054,23.471809981856495
1790389828.7001572,1.9693840004038066
1790389828.7154365,2.4409129982814193
1790389828.7385175,1020.9605670243036
1790389828.7389195,24.299226002767682
1790389828.7390563,5.3476909815799445
1790389828.7394307,1035.2605519874487
1790389828.7395637,3.8628799957223237
1790389828.765359,28.608527994947508
1790389828.7660806,16.506924002896994
1790389828.7665079,11.254461976932362
1790389828.766886,3.9000090037006885
1790389828.7669585,6.722563994117081
1790389828.779261,1.8841209821403027
1790389828.788139,1.7199160065501928
1790389828.7907887,2.522206021239981
1790389828.791099,2.2197650105226785
1790389828.82338,20.32598599907942
1790389828.8234432,9.646255028201267
1790389828.8669124,20.9534709865693
1790389828.866988,8.065834001172334
1790389828.868875,1.2293049949221313
1790389828.8752055,1.5188269899226725
1790389828.8885324,1.576971000758931
1790389828.9104693,1.6910170088522136
1790389828.9242842,1.7487550212536007
1790389828.9476562,1.7242589965462685
1790389828.9619284,1.7980890115723014
1790389828.9877083,1.6226849984377623
1790389829.014821,18.638860987266526
1790389829.016638,1.665446994593367
1790389829.0192246,1.2395149969961494
1790389829.028172,1.5407099854201078
1790389829.0552566,25.98452800884843
1790389829.055382,19.765976001508534
1790389829.0554771,21.122150996234268
1790389829.0597997,1.548872998682782
1790389829.0646856,1.5147590020205826
1790389829.0780408,1.4896009815856814
1790389829.0834794,1.520204998087138
1790389829.084814,1.326436991803348
1790389829.103719,2.3012780002318323
1790389829.1049356,1.6546690021641552
1790389829.1140852,2.6020049990620464
1790389829.1142404,2.215302985860035
1790389829.1456637,22.441325010731816
1790389829.1928275,1.899476017570123
1790389829.208665,1.6572540043853223
1790389829.227624,2.026379981543869
1790389829.2280946,1.4092909987084568
1790389829.2322803,1.4827400154899806
1790389829.2338104,1.1960270057898015
1790389829.2530117,1.9115089962724596
1790389829.2796597,22.623014985583723
1790389829.2802985,7.050169981084764
1790389829.280351,22.804638982051983
1790389829.2976327,2.036383986705914
1790389829.311584,2.1369119931478053
1790389829.3441367,16.136859980178997
1790389829.3444772,10.04149200161919
1790389829.344566,23.146180988987908
1790389829.3782723,1.92887699813582
1790389829.4013984,1.6092040168587118
1790389829.4049628,1.4415349869523197
1790389829.4090602,1.4035450003575534
1790389829.4342237,19.439083989709616
1790389829.4350255,24.69870401546359
1790389829.435112,6.9103160058148205
1790389829.4408255,1.4118230028543621
1790389829.442484,1.2166420056018978
1790389829.4594429,3.1381199951283634
1790389829.4598305,2.251269994303584
1790389829.4602704,1.6379180015064776
1790389829.46621,1.297959010116756
1790389829.4837787,1.6601200040895492
1790389829.5080807,21.510492981178686
1790389829.5424106,1.9763449963647872
1790389829.5498867,1.8557180010247976
1790389829.5767136,1.7188859928864986
1790389829.5847719,1.7563749861437827
1790389829.5915213,1.4784160011913627
1790389829.6092134,1.9342970044817775
1790389829.636558,1.6227649757638574
1790389829.6383624,1.1605090112425387
1790389829.6500306,1.7185930046252906
1790389829.662109,1.5961759781930596
1790389829.6729445,1.63279302068986
1790389829.6777241,1.5193069993983954
1790389829.6799276,1.2360620021354407
1790389829.7113006,1.6147279820870608
1790389829.7689977,45.331511995755136
1790389829.769158,31.201839010464028
1790389829.7692957,14.380378008354455
1790389829.769615,43.22528399643488
1790389829.7701654,12.75293601793237
1790389829.7702215,11.481229012133554
1790389829.773131,1.9051039998885244
1790389829.7731888,1.5229679993353784
1790389829.798074,22.03555600135587
1790389829.8156965,1.5741790120955557
1790389829.8646355,21.390327980043367
1790389829.8801646,25.553624000167474
1790389829.8989122,41.49066098034382
1790389829.9048972,42.530921986326575
1790389829.9059386,24.701324000488967
1790389829.9062374,19.20480901026167
1790389829.9063027,10.028140008216724
1790389829.929627,3.205066022928804
1790389829.929902,3.966182004660368
1790389829.9310408,1.914446009323001
1790389829.9311006,2.952613023808226
1790389829.9447815,1.918113004649058
1790389829.9463785,1.43725800444372
1790389829.946854,1.2883400195278227
1790389829.9684622,17.683471989585087
1790389829.968544,21.30807499634102
1790389829.9893332,1.7023950058501214
1790389829.9905763,1.2311979953665286
1790389830.0037634,1.6629279998596758
1790389830.028726,1.6153669857885689
1790389830.0520947,1.7496579966973513
1790389830.0556462,1.2512989924289286
1790389830.060699,2.4716120096854866
1790389830.0608635,2.2370849910657853
1790389830.086797,23.199580988148227
1790389830.0870726,7.449200988048688
1790389830.0872123,15.71482201688923
1790389830.0979717,1.7976780072785914
1790389830.1004333,1.9764839962590486
1790389830.101525,2.2306070022750646
1790389830.1270182,1.719747990136966
1790389830.1345432,2.4903900048229843
1790389830.13466,2.780640992568806
1790389830.155318,1.755056990077719
1790389830.1776848,1.7408640123903751
1790389830.1800106,1.1994119849987328
1790389830.1829944,1.2315349886193871
1790389830.2153533,20.66970500163734
1790389830.217156,1.7433619941584766
1790389830.2184846,1.318285008892417
1790389830.220562,1.170579984318465
1790389830.2240634,1.3465550146065652
1790389830.231312,1.6296370013151318
1790389830.2555976,1.9372069800738245
1790389830.2629592,1.780129998223856
1790389830.285905,19.54117600689642
1790389830.2864988,12.666965019889176
1790389830.2868114,24.94279999518767
1790389830.2869177,6.4262029773090035
1790389830.2935188,1.42735501867719
1790389830.327588,11.815728998044506
1790389830.3281946,11.549076996743679
1790389830.3282685,6.237080000573769
1790389830.3287346,3.2552769989706576
1790389830.3287888,26.433133985847235
1790389830.3370562,1.618098991457373
1790389830.3448899,1.6396919963881373
1790389830.3520439,1.2360530090518296
1790389830.3542283,1.464947999920696
1790389830.3789062,19.6867500199005
1790389830.38845,1.5063380124047399
1790389830.4161499,1.5482279995922
1790389830.4252813,1.8464599852450192
1790389830.4304316,1.6782269813120365
1790389830.431749,1.308092992985621
1790389830.4322731,1.355133019387722
1790389830.4570088,14.99646800220944
1790389830.4634154,17.819672997575253
1790389830.468936,28.90662700519897
1790389830.5116591,59.076384000945836
1790389830.522118,67.58101200102828
1790389830.5298548,58.13844801741652
1790389830.53054,52.695177000714466
1790389830.5311384,76.00255400757305
1790389830.53165,35.81316600320861
1790389830.5317292,12.999207014217973
1790389830.5334654,1.2165989901404828
1790389830.5436583,1.6585600096732378
1790389830.5551324,1.7142150027211756
1790389830.5721362,1.6432970005553216
1790389830.5764077,1.2388289906084538
1790389830.606753,21.000498993089423
1790389830.617944,33.31868999521248
1790389830.6232035,20.344871998531744
1790389830.6333885,13.58090600115247
1790389830.6443734,40.655208023963496
1790389830.6772616,53.770189988426864
1790389830.677619,42.59786699549295
1790389830.6828346,43.222545995377004
1790389830.695142,51.56320901005529
1790389830.6956408,40.95910399337299
1790389830.7063248,40.79065000405535
1790389830.706467,47.24962799809873
1790389830.7160034,25.741234014276415
1790389830.7164166,65.69478899473324
1790389830.7164948,24.741175991948694
1790389830.7165592,11.61821698769927
1790389830.7237697,2.3025549890007824
1790389830.7238352,1.8120530003216118
1790389830.735742,3.084188007051125
1790389830.7365413,1.8489640206098557
1790389830.7588754,23.07981700869277
1790389830.7635589,1.7543580033816397
1790389830.7774565,1.824209000915289
1790389830.7790132,1.1698500020429492
1790389830.795775,1.5913989918772131
1790389830.8165538,2.326522982912138
1790389830.8173742,1.6043049981817603
1790389830.8391397,20.440435997443274
1790389830.8392227,3.0069320055190474
1790389830.86222,2.34153401106596
1790389830.8698597,2.0105710136704147
1790389830.8699238,2.7235480083618313
1790389830.871311,1.3014599971938878
1790389830.8779802,1.4148859772831202
1790389830.9042659,20.80289597506635
1790389830.9043467,10.90251500136219
1790389830.9139192,1.5962850011419505
1790389830.9260957,1.6219800163526088
1790389830.9276097,1.2133840064052492
1790389830.9385262,1.4444380067288876
1790389830.9470162,1.5815850056242198
1790389830.9764743,22.174676007125527
1790389830.9770253,19.69831099268049
1790389830.9770913,5.911099986406043
1790389830.998583,1.5969719970598817
1790389831.0042496,1.6829879896249622
1790389831.0082304,2.1450149943120778
1790389831.0083225,1.8289489962626249
1790389831.011859,1.2991139956284314
1790389831.0213847,1.4579209964722395
1790389831.0413263,1.659200992435217
1790389831.0561283,1.5516550047323108
1790389831.0651226,1.544763013953343
1790389831.0956175,22.007003019098192
1790389831.0957146,11.17944298312068
1790389831.0963995,1.3681149866897613
1790389831.11935,1.5766109863761812
1790389831.1688795,1.8999140011146665
1790389831.1905422,21.140986995305866
1790389831.191498,1.8499289872124791
1790389831.2078464,1.9311929936520755
1790389831.2093463,1.372208003886044
1790389831.2137685,1.6743709857109934
1790389831.2614014,1.6714820230845362
1790389831.264228,1.4997920079622418
1790389831.2919984,15.10767699801363
1790389831.293555,25.3464589768555
1790389831.2936573,12.164460989879444
1790389831.2942266,12.122590007493272
1790389831.3153143,32.02239499660209
1790389831.3461585,55.888767004944384
1790389831.3517244,39.799079997465014
1790389831.3568983,53.62872499972582
1790389831.3592079,49.68922698753886
1790389831.3592985,41.661277995444834
1790389831.3597004,33.303588978014886
1790389831.360048,29.113899974618107
1790389831.3792276,2.2983159869909286
1790389831.3795977,1.924578013131395
1790389831.388685,1.8976530118379742
1790389831.38942,1.875068002846092
1790389831.4002926,1.4171560178510845
1790389831.4099045,1.7386729887221009
1790389831.4610555,30.712473002495244
1790389831.470658,28.053624992026016
1790389831.4709318,18.305037985555828
1790389831.4709857,33.357666980009526
1790389831.4731958,1.2460880097933114
1790389831.5065231,1.6302580188494176
1790389831.5506036,21.153808978851885
1790389831.5514038,6.982417980907485
1790389831.5531034,1.6887249948922545
1790389831.5626032,1.8871159991249442
1790389831.5630603,1.3255920202936977
1790389831.5741127,1.5299800143111497
1790389831.5793195,1.6028540267143399
1790389831.6160412,1.92876101937145
1790389831.6465344,23.194452980533242
1790389831.646633,25.148847984382883
1790389831.6486251,1.3255939993541688
1790389831.6737063,1.7219979781657457
1790389831.707183,1.916542008984834
1790389831.7171657,1.542251993669197
1790389831.7172425,2.3014890030026436
1790389831.7325509,1.5823759895283729
1790389831.753068,1.6784300096333027
1790389831.7602494,1.3564309920184314
1790389831.7650118,1.5565519861411303
1790389831.771185,1.640972011955455
1790389831.7845118,1.7572949873283505
1790389831.8310592,22.680215013679117
1790389831.8312092,16.897585010156035
1790389831.8476655,32.2720889816992
1790389831.8544598,22.268906992394477
1790389831.8552873,35.96523602027446
1790389831.8556678,11.113685002783313
1790389831.8559804,6.3584260060451925
1790389831.876624,19.407554995268583
1790389831.877583,2.06876898300834
1790389831.9031613,2.103031991282478
1790389831.910889,1.5303379914257675
1790389831.9267092,1.558018004288897
1790389831.930613,1.2355429935269058
1790389831.964161,1.666900992859155
1790389832.0064168,1.6342269955202937
1790389832.0382326,2.5314119993709028
1790389832.0391076,1.2932280078530312
1790389832.055102,1.8813810020219535
1790389832.0679638,1.8718309875112027
1790389832.0761175,1.6996240010485053
1790389832.0761917,2.473313972586766
1790389832.1227272,44.641556014539674
1790389832.123151,39.79810600867495
1790389832.123653,32.42277298704721
1790389832.1340053,45.15983199235052
1790389832.1452923,47.348045016406104
1790389832.150794,42.77626401744783
1790389832.1666603,60.66858701524325
1790389832.1671646,17.042559979017824
1790389832.1673126,20.656203996622935
1790389832.169054,27.177418989595026
1790389832.169198,16.64666397846304
1790389832.1833248,1.829896995332092
1790389832.2203453,23.11206198646687
1790389832.2204087,10.015239007771015
1790389832.2390344,2.780071023153141
1790389832.2391288,2.9865310061722994
1790389832.289413,30.835281999316067
1790389832.3022797,40.77689797850326
1790389832.3028157,10.01193601405248
1790389832.3028932,28.142352995928377
1790389832.302947,21.0761739872396
1790389832.359972,23.828363977372646
1790389832.405356,22.58301599067636
1790389832.4057686,15.686770988395438
1790389832.4164298,17.50347699271515
1790389832.4268842,23.876346996985376
1790389832.427027,17.073932016501203
1790389832.4276745,11.830087983980775
1790389832.4663389,28.575150994583964
1790389832.4664044,48.83055199752562
1790389832.466475,37.970809993566945
1790389832.468346,1.2142090126872063
1790389832.4924965,11.61691700690426
1790389832.4995193,3.62102800863795
1790389832.4996114,21.436065988382325
1790389832.5089643,1.6739279963076115
1790389832.5115347,1.3046099920757115
1790389832.5184033,1.2643210066016763
1790389832.5217526,1.204053987748921
1790389832.55641,2.0603830053005368
1790389832.559627,1.6105350223369896
1790389832.5599759,1.512438990175724
1790389832.5630257,1.1022279795724899
1790389832.5649893,1.7218749853782356
1790389832.5654914,1.806498010409996
1790389832.5940785,3.930743027012795
1790389832.5941515,22.080147988162935
1790389832.6197379,1.61567801842466
1790389832.6656988,11.740585992811248
1790389832.6764348,36.719985015224665
1790389832.6812444,19.59412600263022
1790389832.6818135,23.41175399487838
1790389832.6818728,4.562532005365938
1790389832.6963775,1.914007996674627
1790389832.6989462,1.8373249913565814
1790389832.7239535,2.4498539860360324
1790389832.7250175,1.9204319978598505
1790389832.7334993,1.961266010766849
1790389832.7635293,20.34356101648882
1790389832.7641637,16.350885009160265
1790389832.764238,14.859595015877858
1790389832.768282,1.2378919927868992
1790389832.7818015,1.9034390279557556
1790389832.7991376,1.5196589811239392
1790389832.833232,24.770159972831607
1790389832.837951,2.3695089912507683
1790389832.8432593,1.6557580092921853
1790389832.8440945,1.6878460010048002
1790389832.872268,22.54404401173815
1790389832.8723361,16.367959993658587
1790389832.8758144,1.3544590037781745
1790389832.947042,1.7875230114441365
1790389832.950492,1.6617980145383626
1790389832.9533148,1.3934349990449846
1790389832.9591174,1.6367569915018976
1790389832.967409,1.4824919926468283
1790389833.0191605,1.8640740017872304
1790389833.0439837,18.077884014928713
1790389833.0445344,23.051997006405145
1790389833.0445962,3.3387719886377454
1790389833.0752995,2.0900140225421637
1790389833.0753703,2.734395005973056
1790389833.1015074,1.5632520080544055
1790389833.10975,1.503286010120064
1790389833.158132,20.814096002141014
1790389833.1582372,25.521824980387464
1790389833.1587002,3.7973869766574353
1790389833.1598802,2.37631902564317
1790389833.1938674,22.5762769987341
1790389833.1944528,5.067474994575605
1790389833.1945462,10.67332099773921
1790389833.202593,1.9380449957679957
1790389833.2079637,1.830237015383318
1790389833.2187884,1.9341949955560267
1790389833.2423234,16.098575986688957
1790389833.2424242,22.763726010452956
1790389833.2432783,13.78245698288083
1790389833.2441022,11.921858007553965
1790389833.2447152,8.349001000169665
1790389833.2452471,8.266196004115045
1790389833.2614872,2.733194996835664
1790389833.2820997,1.8138239975087345
1790389833.2920644,2.0546310115605593
1790389833.3068407,2.1199409966357052
1790389833.3263922,20.003990997793153
1790389833.3272967,1.729371986584738
1790389833.3284798,1.1722749914042652
1790389833.330248,1.4184430183377117
1790389833.3356953,1.4931760088074952
1790389833.3653874,20.965171017451212
1790389833.39448,19.666642998345196
1790389833.437377,20.41492101852782
1790389833.4479342,1.8793389899656177
1790389833.4532878,1.4177880075294524
1790389833.465932,1.7240020097233355
1790389833.4923606,2.7405799773987383
1790389833.4935832,1.659293018747121
1790389833.4936495,2.7375319914426655
1790389833.5247622,21.627173002343625
1790389833.5248678,14.457677985774353
1790389833.5249593,12.228224979480729
1790389833.5285914,1.5549850068055093
1790389833.5365682,1.9874059944413602
1790389833.5634387,9.807327995076776
1790389833.563543,28.13587398850359
1790389833.6057994,1.825706014642492
1790389833.6106083,1.4608839992433786
1790389833.6166525,1.3371719978749752
1790389833.6302874,1.6376090061385185
1790389833.634824,2.083619008772075
1790389833.6363747,2.3072389885783195
1790389833.636474,3.0190520046744496
1790389833.6648192,20.98941701115109
1790389833.6650386,22.794171003624797
1790389833.6651216,8.834762003971264
1790389833.677042,1.754644006723538
1790389833.6927764,1.7068340093828738
1790389833.6990228,1.3933439913671464
1790389833.7096388,1.5264370013028383
1790389833.720423,1.9058870093431324
1790389833.7464168,17.1614560240414
1790389833.746787,23.70034600608051
1790389833.7474644,15.722559997811913
1790389833.7481894,14.65848702355288
1790389833.7484152,8.223140001064166
1790389833.7492852,6.04167502024211
1790389833.7493844,7.421624992275611
1790389833.7552066,1.426078990334645
1790389833.7605352,1.457402016967535
1790389833.7664723,1.5635080053471029
1790389833.7830758,1.6658850072417408
1790389833.831742,41.23182699549943
1790389833.8333864,19.133522000629455
1790389833.8342776,39.27131200907752
1790389833.8350594,5.449680989840999
1790389833.8351479,6.151464011054486
1790389833.8351984,4.625652014510706
1790389833.841134,1.3621519901789725
1790389833.8698013,1.6807810170575976
1790389833.8738854,1.6960400098469108
1790389833.878597,2.1337879879865795
1790389833.889868,1.632414001505822
1790389833.9165328,1.6469409747514874
1790389833.9277349,1.6385570052079856
1790389833.9435878,1.7621549777686596
1790389833.946991,1.3537460181396455
1790389833.9505868,1.9594210025388747
1790389834.0124373,34.159646020270884
1790389834.0226874,47.461008973186836
1790389834.0258167,46.647231007227674
1790389834.0260954,48.42256099800579
1790389834.0261793,32.30381399043836
1790389834.026919,32.19128999626264
1790389834.0275352,13.043204002315179
1790389834.0279799,9.87342800362967
1790389834.0280433,4.8909379984252155
1790389834.033387,1.3804110058117658
1790389834.0348132,1.416965009411797
1790389834.0378911,1.4843539975117892
1790389834.0545883,1.6925260133575648
1790389834.0580823,1.4979840198066086
1790389834.0850897,2.5167590065393597
1790389834.1128356,22.24437301629223
1790389834.1131825,12.507095991168171
1790389834.1139755,9.307091007940471
1790389834.1140974,8.055223996052518
1790389834.1309855,1.6293360095005482
1790389834.1326911,1.3108400162309408
1790389834.1703994,20.058093999978155
1790389834.1708536,27.894394006580114
1790389834.171155,8.207520993892103
1790389834.1719997,3.8030979922041297
1790389834.172059,3.277659008745104
1790389834.174235,1.2007759942207485
1790389834.1904705,1.713393023237586
1790389834.214214,2.1622019994538277
1790389834.242908,8.788298990111798
1790389834.2429843,21.211304992903024
1790389834.249782,1.5268310089595616
1790389834.276953,21.951699978671968
1790389834.2775464,13.438772992230952
1790389834.2776136,8.30033898819238
1790389834.2835176,1.3377809955272824
1790389834.2922852,1.9615039927884936
1790389834.3070638,1.7446459969505668
1790389834.32342,1.8427000031806529
1790389834.3745823,23.808208003174514
1790389834.3746707,10.064115980640054
1790389834.3867798,1.8513730028644204
1790389834.397259,1.7816399922594428
1790389834.410762,1.5160439943429083
1790389834.4211764,1.919041998917237
1790389834.4275725,1.3480280176736414
1790389834.4695113,1.7881749954540282
1790389834.4939907,1.9215270003769547
1790389834.5218892,18.221915990579873
1790389834.5226848,28.366240992909297
1790389834.5240595,9.116817993344739
1790389834.5241387,17.48881398816593
1790389834.5242832,9.892307978589088
1790389834.52455,6.033567013218999
1790389834.5382822,1.7472259933128953
1790389834.5560555,1.6927849792409688
1790389834.579256,22.293094982160255
1790389834.5797372,10.135360003914684
1790389834.5798297,2.2709960176143795
1790389834.5911078,1.7808550037443638
1790389834.636155,34.40942699671723
1790389834.649236,46.58533100155182
1790389834.649371,45.24538299301639
1790389834.6495147,36.65430500404909
1790389834.6499774,14.80200799414888
1790389834.6727588,31.162388011580333
1790389834.673309,18.63274400238879
1790389834.6838987,20.665563002694398
1790389834.696613,29.807762010022998
1790389834.7071733,40.97048201947473
1790389834.7185574,32.248651987174526
1790389834.7209458,28.64982999744825
1790389834.722115,52.205735992174596
1790389834.7226303,19.149450003169477
1790389834.7230327,11.821093008620664
1790389834.723355,10.821436997503042
1790389834.7236266,6.047411006875336
1790389834.723997,4.976196010829881
1790389834.7929196,1.7142410215456039
1790389834.8028243,2.201560011599213
1790389834.8114254,1.5873259981162846
1790389834.8237157,2.0628609927371144
1790389834.8251781,1.4500920078717172
1790389834.8516958,13.285301014548168
1790389834.862681,23.37804198032245
1790389834.864819,19.376137002836913
1790389834.86495,11.127203004434705
1790389834.8650076,11.86961799976416
1790389834.8744338,1.6149170114658773
1790389834.907646,2.0155920065008104
1790389834.912528,1.463036023778841
1790389834.9139376,1.2531309912446886
1790389834.9191241,1.460992993088439
1790389834.924548,1.3515239988919348
1790389834.9329674,1.852090994361788
1790389834.9470408,2.060837985482067
1790389834.9476233,1.511431997641921
1790389834.9647057,1.883809978608042
1790389834.9735808,1.575061003677547
1790389834.9763336,1.3877140008844435
1790389834.9989142,7.875462993979454
1790389835.0093544,11.11023299745284
1790389835.0167446,3.666505013825372
1790389835.016853,25.161085999570787
1790389835.016924,2.354041993385181
1790389835.0242586,1.9545669783838093
1790389835.0250325,1.6897730238270015
1790389835.0289578,1.4211029920261353
1790389835.0373964,1.4191170048434287
1790389835.0601113,2.1152999834157526
1790389835.0605333,1.3314569951035082
1790389835.0765302,1.5935490082483739
1790389835.0807014,1.4406900154426694
1790389835.086359,1.7997889954131097
1790389835.0872219,1.6381719906348735
1790389835.1302097,13.623359991470352
1790389835.1304593,23.357928992481902
1790389835.13111,9.38271201448515
1790389835.131634,8.496803027810529
1790389835.1317701,7.4556990002747625
1790389835.140706,1.7163629818242043
1790389835.1693256,1.7665599880274385
1790389835.1966283,1.7689199885353446
1790389835.2111642,1.7564540030434728
1790389835.2186549,2.1106619969941676
1790389835.2476387,2.064810018055141
1790389835.2618327,1.6631549806334078
1790389835.2712817,1.3698920083697885
1790389835.3120666,20.946902979630977
1790389835.3126543,23.626323993084952
1790389835.313312,20.739302010042593
1790389835.313881,17.635731026530266
1790389835.313964,10.425938991829753
1790389835.3578172,25.917613005731255
1790389835.3635325,46.3832370005548
1790389835.3719852,43.21876200265251
1790389835.411224,64.00485400808975
1790389835.4113905,48.596837994409725
1790389835.4119155,37.14058597688563
1790389835.4120553,72.94086698675528
1790389835.4132032,34.65814201626927
1790389835.4136071,31.827489990973845
1790389835.4142835,30.118774011498317
1790389835.4149294,20.310106017859653
1790389835.4163969,4.13957898854278
1790389835.4165049,13.600023026810959
1790389835.416627,7.4616790225263685
1790389835.4171515,1.6487300163134933
1790389835.4194396,1.3139370130375028
1790389835.4349692,1.7957869858946651
1790389835.442464,1.621024974156171
1790389835.4726083,9.227600996382535
1790389835.4727023,24.777147016720846
1790389835.5127769,1.7666100175119936
1790389835.519885,1.4573130174539983
1790389835.5269532,1.6766019980423152
1790389835.5283139,1.3520889915525913
1790389835.563434,32.90071798255667
1790389835.5886347,1.942956994753331
1790389835.5892324,1.723590976325795
1790389835.5943756,1.671270001679659
1790389835.6031516,1.5693550230935216
1790389835.6125815,2.2050550032872707
1790389835.6134067,1.3326400076039135
1790389835.6241965,2.3593190126121044
1790389835.6502485,1.6938720073085278
1790389835.6551745,1.4948550087865442
1790389835.6577337,1.3108499988447875
1790389835.684154,1.8353369960095733
1790389835.6854143,1.2505789927672595
1790389835.6974306,1.448994007660076
1790389835.7021296,1.3707370089832693
1790389835.7105832,1.9065189990215003
1790389835.7319455,1.8521330202929676
1790389835.7363262,1.553534995764494
1790389835.7494302,1.5074449765961617
1790389835.7641344,1.6902989882510155
1790389835.7901628,1.6158549988176674
1790389835.790244,2.233155013527721
1790389835.817181,1.7200009897351265
1790389835.8397985,1.6612700128462166
1790389835.8608463,1.6061349888332188
1790389835.8895674,12.723614985588938
1790389835.8900173,22.872116009239107
1790389835.890213,9.563928004354239
1790389835.8914204,1.1987080215476453
1790389835.9159753,2.5737220130395144
1790389835.9223955,1.4627659984398633
1790389835.937432,1.543264021165669
1790389835.9441757,1.7160519782919437
1790389835.9513597,1.5007329930085689
1790389835.9757407,12.016568012768403
1790389835.9787364,24.166415008949116
1790389835.979544,3.1695819925516844
1790389835.9796343,5.535912001505494
1790389836.0093918,23.983951017726213
1790389836.0099912,8.818653004709631
1790389836.0110407,1.525594008853659
1790389836.028263,2.0242689934093505
1790389836.0545943,18.567099003121257
1790389836.0547028,26.387568999780342
1790389836.05478,11.834867997094989
1790389836.0886664,20.70335700409487
1790389836.0892115,9.952062973752618
1790389836.0953789,1.3936799950897694
1790389836.0993252,1.2846330064348876
1790389836.136616,1.7226999916601926
1790389836.1447182,1.6327239864040166
1790389836.1908226,25.081480998778716
1790389836.1909838,25.856913009192795
1790389836.1913016,24.53576700645499
1790389836.192825,17.162811011075974
1790389836.1929822,10.222538985544816
1790389836.1936631,2.1344340057112277
1790389836.2227116,25.412730989046395
1790389836.2386107,33.920340007171035
1790389836.2396002,29.280921997269616
1790389836.2398028,36.782078008400276
1790389836.2403471,15.034949989058077
1790389836.2638214,1.974651007913053
1790389836.2973504,1.8411249911878258
1790389836.3006258,1.9259449909441173
1790389836.3012898,1.4995660167187452
1790389836.3148427,1.900520990602672
1790389836.3371084,2.008868003031239
1790389836.3529081,3.311401989776641
1790389836.3529844,2.7919959975406528
1790389836.3610976,1.7530009790789336
1790389836.4055486,43.900418997509405
1790389836.4081435,32.13184801279567
1790389836.4096973,3.0878150137141347
1790389836.4097857,43.570306996116415
1790389836.4098992,6.928478978807107
1790389836.4315305,6.748439016519114
1790389836.4316993,23.44314698711969
1790389836.437946,1.3442049967125058
1790389836.4473975,1.5845229791011661
1790389836.47469,15.81020897720009
1790389836.482831,25.259369984269142
1790389836.487068,1.7074370116461068
1790389836.4976268,1.6282209835480899
1790389836.498154,1.462290994822979
1790389836.5371287,20.2059930015821
1790389836.537198,22.37191199674271
1790389836.5373187,11.684377008350566
1790389836.537917,1.2947359937243164
1790389836.5581212,2.0641330047510564
1790389836.5848963,23.562223999761045
1790389836.5863938,3.3466320019215345
1790389836.5865135,17.041873012203723
1790389836.5865965,16.6130629950203
1790389836.595001,2.4863659928087145
1790389836.6113634,2.2499779879581183
1790389836.642033,14.711396011989564
1790389836.6473863,32.09566298755817
1790389836.6851122,31.34487199713476
1790389836.6858556,55.22453901357949
1790389836.6874633,25.614996993681416
1790389836.687546,23.69935400201939
1790389836.6878226,58.89663001289591
1790389836.6878788,19.507761986460537
1790389836.6914337,1.6339290014002472
1790389836.7129967,2.376921009272337
1790389836.7146792,1.6697430110070854
1790389836.7246726,1.688056014245376
1790389836.7582579,3.052232990739867
1790389836.7588375,3.085497999563813
1790389836.758904,2.337404992431402
1790389836.7665744,1.6953610174823552
1790389836.7732854,1.8419609987176955
1790389836.8053927,1.7663149919826537
1790389836.828095,18.95030599553138
1790389836.829029,22.58456900017336
1790389836.82952,2.695795992622152
1790389836.8296149,5.13704601326026
1790389836.8416457,1.494201016612351
1790389836.8471775,2.176334004616365
1790389836.8472366,1.7775250016711652
1790389836.853781,1.634397020097822
1790389836.8554468,1.653568004257977
1790389836.859699,1.4456009957939386
1790389836.8657157,1.3422990159597248
1790389836.8910933,24.275928997667506
1790389836.9002848,1.8939549918286502
1790389836.9008532,1.4788009866606444
1790389836.9121408,1.6583389951847494
1790389836.9418283,21.878698986256495
1790389836.9434435,1.5564209898002446
1790389836.9571555,1.6845540085341781
1790389836.975869,2.2162169916555285
1790389836.984612,1.6397910076193511
1790389837.002719,1.7861170053947717
1790389837.0107434,1.3985309924464673
1790389837.0392745,17.881341016618535
1790389837.0403228,14.280318981036544
1790389837.041702,25.106755987508222
1790389837.042346,8.001903013791889
1790389837.0424979,11.31592199089937
1790389837.0682108,23.643463995540515
1790389837.0688775,27.837300003739074
1790389837.0793462,28.781525004887953
1790389837.092651,30.113099986920133
1790389837.093473,36.425728001631796
1790389837.0938888,28.750694007612765
1790389837.1050463,28.320537006948143
1790389837.1146007,25.211516011040658
1790389837.1147215,29.36796098947525
1790389837.114785,19.65698300045915
1790389837.134099,1.8012280052062124
1790389837.1544297,2.057439007330686
1790389837.1615596,1.6192799957934767
1790389837.1639352,1.5604190120939165
1790389837.1659782,1.8307360005564988
1790389837.1667972,1.2347270094323903
1790389837.188366,1.6879619797691703
1790389837.1988091,2.1324660046957433
1790389837.199634,1.673250983003527
1790389837.2317593,22.71898798062466
1790389837.2357821,1.6003090131562203
1790389837.2469203,1.7327929963357747
1790389837.2488546,1.5135630092117935
1790389837.258275,1.6270540072582662
1790389837.2726383,1.583478006068617
1790389837.3301282,21.388869994552806
1790389837.3388298,1.687381009105593
1790389837.3446407,1.6837780131027102
1790389837.3759284,2.1866939787287265
1790389837.3846557,1.7492970218881965
1790389837.3980758,1.9373070099391043
1790389837.4020777,1.5969350060913712
1790389837.412294,1.7013289907481521
1790389837.4274962,1.967021991731599
1790389837.4335518,1.4661239983979613
1790389837.4701798,24.8287929862272
1790389837.4708998,7.781626016367227
1790389837.4712145,12.283832998946309
1790389837.4712923,3.1937099993228912
1790389837.5153437,21.660282975062728
1790389837.5157797,6.404730986105278
1790389837.5167193,2.5910479889716953
1790389837.5293524,1.537249016109854
1790389837.5366433,1.7043639963958412
1790389837.549685,1.788092020433396
1790389837.6062448,24.35953199164942
1790389837.6066396,8.952510979725048
1790389837.6067195,18.974571983562782
1790389837.6514091,31.384828995214775
1790389837.6627364,41.455927974311635
1790389837.6640227,27.031764009734616
1790389837.6652248,43.25520200654864
1790389837.6660411,5.389340978581458
1790389837.6661084,22.213523014215752
1790389837.666591,23.22550700046122
1790389837.6675413,1.6741440049372613
1790389837.6888855,20.166051981505007
1790389837.7051756,12.68648897530511
1790389837.7138336,14.48390498990193
1790389837.7139297,33.09167400584556
1790389837.7148733,12.916367006255314
1790389837.7149525,3.541431011399254
1790389837.718696,1.2109230156056583
1790389837.722001,1.9880250038113445
1790389837.7222722,1.6552380111534148
1790389837.7477138,6.447483028750867
1790389837.7477903,25.127571978373453
1790389837.7701843,1.7856530030258
1790389837.7875595,1.8641620117705315
1790389837.789837,1.3399829913396388
1790389837.7976065,1.7371790017932653
1790389837.8033617,1.5354750212281942
1790389837.8277864,21.79817299474962
1790389837.856527,24.126281001372263
1790389837.8667562,1.7530249897390604
1790389837.8735974,1.5334489871747792
1790389837.8901362,1.726693008095026
1790389837.8953023,1.4508820022456348
1790389837.9359188,23.15244698547758
1790389837.9360018,15.649779001250863
1790389837.9363246,12.713242002064362
1790389837.940838,1.811614987673238
1790389837.9438183,1.4616389817092568
1790389838.0200603,18.171561998315156
1790389838.020154,27.78815501369536
1790389838.0207517,14.452191011514515
1790389838.020827,6.6698649898171425
1790389838.0302768,2.2543199884239584
1790389838.038642,2.043462998699397
1790389838.0627096,2.193172986153513
1790389838.0651615,1.5135300054680556
1790389838.0701716,1.8379040120635182
1790389838.078736,2.281872002640739
1790389838.1077924,11.205349990632385
1790389838.1079183,24.847599997883663
1790389838.1086266,2.1277519990690053
1790389838.1301296,2.930468996055424
1790389838.1302335,3.1319679983425885
1790389838.1365762,2.2290679917205125
1790389838.1689138,24.359854985959828
1790389838.1700802,1.6875089786481112
1790389838.2546716,1.9806899945251644
1790389838.2854373,1.8510550144128501
1790389838.287062,1.3411710096988827
1790389838.2951326,2.039963990682736
1790389838.3014328,1.7044859996531159
1790389838.3118494,1.728556992020458
1790389838.3234572,1.5559479943476617
1790389838.3253467,1.5331109752878547
1790389838.3302262,1.65498600108549
1790389838.3373995,1.73098300001584
1790389838.3448372,1.7543100111652166
1790389838.3692005,1.7699739837553352
1790389838.3735723,2.026747999479994
1790389838.39913,10.179810982663184
1790389838.3992329,26.366541016614065
1790389838.4125326,1.6236570081673563
1790389838.4255507,2.014296973356977
1790389838.4263387,1.557793002575636
1790389838.4430432,1.7412849992979318
1790389838.4679394,1.8884430173784494
1790389838.4808297,2.1169350075069815
1790389838.5046878,2.1221580100245774
1790389838.5064037,1.7011830059345812
1790389838.5146165,2.35244698706083
1790389838.5147018,2.9707560024689883
1790389838.5496364,16.714174998924136
1790389838.5497115,20.681558991782367
1790389838.5665295,1.8039389979094267
1790389838.6028647,1.9264120201114565
1790389838.60661,1.6997409984469414
1790389838.6221707,1.6826899955049157
1790389838.6257145,1.418358995579183
1790389838.64996,20.064195996383205
1790389838.650631,11.726897995686159
1790389838.711788,21.241449023364112
1790389838.7129385,23.260932008270174
1790389838.7130747,21.135971997864544
1790389838.7131414,6.805567012634128
1790389838.7157629,1.5074280090630054
1790389838.7176526,1.2000990100204945
1790389838.7398381,1.9012459961231798
1790389838.7616603,1.7235539853572845
1790389838.7685232,1.473946002079174
1790389838.7744174,1.5331559989135712
1790389838.7859104,2.264938986627385
1790389838.8114958,2.1429059852380306
1790389838.8125703,2.1875750098843127
1790389838.8136387,1.8764190026558936
1790389838.8201845,1.743058004649356
1790389838.8285992,2.134793990990147
1790389838.8389218,1.8382959824521095
1790389838.8457544,1.4633680111728609
1790389838.873163,1.7641560116317123
1790389838.9143157,41.989932011347264
1790389838.914446,39.903698983835056
1790389838.9151175,41.698366025229916
1790389838.9207728,43.412594008259475
1790389838.9310753,55.21826900076121
1790389838.9423418,60.90123200556263
1790389838.9424386,40.856908017303795
1790389838.9937582,66.59940900863148
1790389838.993856,74.73459700122476
1790389839.0034747,64.41825599176809
1790389839.004485,79.22121399315074
1790389839.0064557,65.69228298030794
1790389839.0065212,55.25542999384925
1790389839.0073383,18.516126001486555
1790389839.007457,56.11418400076218
1790389839.0077453,52.807932981522754
1790389839.0083141,44.39045599428937
1790389839.008386,23.517644993262365
1790389839.0084624,4.661641985876486
1790389839.0085115,3.5431910073384643
1790389839.015257,1.492303010309115
1790389839.028025,1.7801430076360703
1790389839.0390983,2.860743989003822
1790389839.039155,2.3525799915660173
1790389839.066179,10.25588798802346
1790389839.0662677,23.00112901139073
1790389839.066742,7.299468998098746
1790389839.0953052,24.396081018494442
1790389839.100892,33.96236998378299
1790389839.1060328,31.588128011208028
1790389839.132291,56.189814989920706
1790389839.1329818,48.45211800420657
1790389839.1330855,8.066090987995267
1790389839.1775956,1.7253160185646266
1790389839.1974025,2.5290169869549572
1790389839.197692,1.8805460131261498
1790389839.2002568,1.470028015319258
1790389839.2089877,1.607351005077362
1790389839.2146652,1.6103940142784268
1790389839.2397187,2.0513049967121333
1790389839.2411377,1.4051010075490922
1790389839.2939067,44.28241902496666
1790389839.294754,42.72242198931053
1790389839.2955103,45.25973601266742
1790389839.295896,35.54065799107775
1790389839.2961905,21.17512101540342
1790389839.3601363,52.783346007345244
1790389839.3761818,64.81368700042367
1790389839.378132,67.6925310108345
1790389839.3790927,74.64660302503034
1790389839.3792207,64.886159991147
1790389839.3794615,61.86387300840579
1790389839.3798337,61.03407699265517
1790389839.3805358,52.58356101694517
1790389839.380609,33.52570201968774
1790389839.3812122,47.43701999541372
1790389839.381302,33.50569200119935
1790389839.3817916,18.883229000493884
1790389839.3818476,4.59537300048396
1790389839.4401267,21.352878015022725
1790389839.443135,1.6133110038936138
1790389839.4663901,16.643266018945724
1790389839.4810963,20.512623013928533
1790389839.486438,37.63589001027867
1790389839.4936929,31.17321600439027
1790389839.4937682,16.370889003155753
1790389839.5068283,2.099118020851165
1790389839.5332885,20.8386349841021
1790389839.5333557,8.880314009729773
1790389839.5339944,2.5230149913113564
1790389839.5341322,24.19549398473464
1790389839.5365984,1.5135470021050423
1790389839.5627825,1.7298180027864873
1790389839.5773463,1.6812459798529744
1790389839.5792375,1.4861050003673881
1790389839.589165,1.8505800107959658
1790389839.5899084,1.7364299856126308
1790389839.5920901,1.3326219923328608
1790389839.6161842,1.9844470079988241
1790389839.6413212,1.6716459940653294
1790389839.6573017,2.0186500041745603
1790389839.6950607,17.345975007629022
1790389839.6964376,12.0557630143594
1790389839.6965132,25.40405499166809
1790389839.7326522,34.679057978792116
1790389839.7430015,28.222110006026924
1790389839.7441952,25.14902499387972
1790389839.7601697,1.5416629903484136
1790389839.7866168,21.659339021425694
1790389839.7867138,20.331904001068324
1790389839.8058395,12.464437982998788
1790389839.8160079,20.25651599979028
1790389839.8165903,22.591280023334548
1790389839.8172555,17.811564001021907
1790389839.8181655,11.342285986756906
1790389839.818235,15.256259008310735
1790389839.8182883,6.270785990636796
1790389839.8231537,1.7379100027028471
1790389839.8232377,2.25962299737148
1790389839.840443,1.6761939914431423
1790389839.8472612,1.8921169976238161
1790389839.8651652,2.0004230027552694
1790389839.879312,1.84617901686579
1790389839.8797576,1.5921479789540172
1790389839.9340954,23.459379008272663
1790389839.934439,6.271844002185389
1790389839.936106,1.4371960132848471
1790389839.9882872,36.86093399301171
1790389839.988743,45.971943996846676
1790389839.9978268,45.589296001708135
1790389840.012869,68.63738101674244
1790389840.0132709,54.63775698444806
1790389840.0137093,58.10613799258135
1790389840.013821,49.25023502437398
1790389840.0352705,67.57284500054084
1790389840.0368876,69.76061902241781
1790389840.037279,49.71310502151027
1790389840.0382595,62.16351600596681
1790389840.0386698,44.130580994533375
1790389840.0387945,27.053926984081045
1790389840.039769,18.48439298919402
1790389840.0403695,11.43575698370114
1790389840.0408764,8.396024990361184
1790389840.040993,6.768254999769852
1790389840.0578146,1.9644859712570906
1790389840.0755482,1.8405719893053174
1790389840.0773733,1.2664550158660859
1790389840.0930767,1.810792979085818
1790389840.1061845,2.5196569913532585
1790389840.158405,53.270545991836116
1790389840.169247,64.6560360037256
1790389840.1736073,58.261142985429615
1790389840.1848812,70.27389199356548
1790389840.1950703,64.29194199154153
1790389840.1971133,79.05980802024715
1790389840.1975243,51.1428969912231
1790389840.19844,42.68822999438271
1790389840.198805,49.982397991698235
1790389840.1994822,35.848789993906394
1790389840.1995678,12.74380399263464
1790389840.222173,1.7587420006748289
1790389840.228201,1.5733740001451224
1790389840.251843,19.64206199045293
1790389840.2519214,22.32218100107275
1790389840.2766118,24.208757997257635
1790389840.2766986,11.09750900650397
1790389840.282434,1.5523899928666651
1790389840.3061914,1.6744729946367443
1790389840.315076,1.887995982542634
1790389840.3256288,1.889270992251113
1790389840.3430753,2.0611150248441845
1790389840.3742166,26.529060007305816
1790389840.3939638,29.594246007036418
1790389840.397465,46.77356098545715
1790389840.3975542,51.55619201832451
1790389840.405849,1.6541069780942053
1790389840.4154246,1059.4955630076583
1790389840.4296756,1.827358006266877
1790389840.437256,1.5963450132403523
1790389840.4579747,1.6144039982464164
1790389840.465143,3.114865015959367
1790389840.5008242,2.0082919800188392
1790389840.512179,2.67517298925668
1790389840.5347512,1.766745001077652
1790389840.5426507,3.1560419884044677
1790389840.544467,2.6922970137093216
1790389840.5459635,2.24981497740373
1790389840.5460575,3.397439984837547
1790389840.5490718,1.2053170066792518
1790389840.5701375,1.7772999999579042
1790389840.5773087,1.9318010017741472
1790389840.5955377,1.9375330011826009
1790389840.6169431,1.7300489998888224
1790389840.6217043,1.3108830025885254
1790389840.6693094,23.583014000905678
1790389840.6695251,19.974241993622854
1790389840.6696093,28.457213018555194
1790389840.6708033,20.20676899701357
1790389840.6764598,22.129325981950387
1790389840.6926544,33.93658300046809
1790389840.6974149,40.054501994745806
1790389840.698358,11.08901301631704
1790389840.7121108,2.552602003561333
1790389840.735438,2.969757013488561
1790389840.7635937,1.6558319912292063
1790389840.7717867,1.650610996875912
1790389840.7784238,4.255639010807499
1790389840.778526,3.4723469871096313
1790389840.8357186,4.307166993385181
1790389840.8419113,2.0853609894402325
1790389840.890276,1.646319986321032
1790389840.8992236,1.3221639965195209
1790389840.9222076,3.6183760093990713
1790389840.9230454,3.246064006816596
1790389840.9233034,1.9452960113994777
1790389840.9358914,2.984004997415468
1790389840.9557297,1.9269420008640736
1790389840.9792676,2.6043500110972673
1790389840.9803329,2.6535609795246273
1790389840.988439,3.149838012177497
1790389841.0037596,1.934219995746389
1790389841.0055716,1.206863991683349
1790389841.0115588,1.3043429935351014
1790389841.0244534,2.4225279921665788
1790389841.0468519,1063.469046028331
1790389841.0475717,1042.781923984876
1790389841.048531,1071.7958029999863
1790389841.0486612,1060.3613610146567
1790389841.0730305,6.111604976467788
1790389841.118399,24.92712700041011
1790389841.1193864,9.837841003900394
1790389841.1198034,1.2255210021976382
1790389841.1332543,1.7733149870764464
1790389841.1333263,2.4948689970187843
1790389841.1416414,1.4347399992402643
1790389841.1484683,1.3366820057854056
1790389841.1622777,2.130812994437292
1790389841.164826,1.6078189946711063
1790389841.166655,1.2959229934494942
1790389841.1845796,2.330770017579198
1790389841.2028582,2.432197012240067
1790389841.205906,1.3773239916190505
1790389841.2084134,1.6086529940366745
1790389841.245042,21.66892698733136
1790389841.250471,25.594039005227387
1790389841.2714515,43.68829299346544
1790389841.2912323,68.65507402108051
1790389841.2966912,64.10147700808011
1790389841.3234181,85.28741498594172
1790389841.3260715,69.2825440200977
1790389841.3278496,80.06169900181703
1790389841.3279946,71.64935398031957
1790389841.3285136,53.3932659891434
1790389841.3291361,27.58593001635745
1790389841.3292263,69.3127539998386
1790389841.3296814,16.194147989153862
1790389841.329738,3.917675989214331
1790389841.3665736,21.52564999414608
1790389841.3709414,1.4891639875713736
1790389841.3765035,1.6708959883544594
1790389841.379898,1.5177320165093988
1790389841.3933334,1.6660430119372904
1790389841.395204,1.5767870063427836
1790389841.4179575,15.949018008541316
1790389841.428515,31.32672401261516
1790389841.4384208,31.48441098164767
1790389841.4385414,32.12079399963841
1790389841.438603,36.0778360045515
1790389841.4488976,2.2017770097590983
1790389841.4489677,1.7558480030857027
1790389841.4878247,1.8219810153823346
1790389841.4879007,2.825492003466934
1790389841.5092337,19.208997022360563
1790389841.5097854,21.60479099256918
1790389841.5098774,9.717231994727626
1790389841.5101824,9.297074982896447
1790389841.5128171,1.4502480044029653
1790389841.5433445,19.64630399015732
1790389841.5555422,1.6696910024620593
1790389841.5771337,1.7886649875435978
1790389841.5881538,1.617428002646193
1790389841.64247,20.50710702314973
1790389841.6762242,31.04623602121137
1790389841.6863294,43.03032800089568
1790389841.6870105,31.317868997575715
1790389841.6972513,39.96493297745474
1790389841.7085047,37.32204300467856
1790389841.7085726,16.544718004297465
1790389841.727418,1.987799972994253
1790389841.7296736,1.3386750069912523
1790389841.733879,2.6919529773294926
1790389841.7343566,2.647310000611469
1790389841.7593126,2.9459069774020463
1790389841.7594128,2.458516974002123
1790389841.7821093,2.65044899424538
1790389841.7833893,3.0346290150191635
1790389841.7837374,2.8596280026249588
1790389841.80133,2.0309259998612106
1790389841.804576,1.665640011196956
1790389841.8056166,1.7930509930010885
1790389841.817245,1.5318570076487958
1790389841.8406749,1.9049460242968053
1790389841.8411744,1.4478650118689984
1790389841.8612323,2.8618070064112544
1790389841.903119,30.126023018965498
1790389841.903202,41.71063599642366
1790389841.9038255,28.259000013349578
1790389841.904224,27.825721015688032
1790389841.905317,25.1564180071
1790389841.9054115,28.57007601414807
1790389841.9057155,6.856012012576684
1790389841.9060488,4.909928975393996
1790389841.917511,1.4991369971539825
1790389841.9356117,1.754906988935545
1790389841.946704,2.912446012487635
1790389841.9468057,3.897157992469147
1790389841.9471357,5.02065199543722
1790389841.9627407,1.764056010870263
1790389841.9654164,1.832617010222748
1790389841.9662364,1.6281680145766586
1790389842.0012167,24.550262023694813
1790389842.001353,6.17164300638251
1790389842.001944,4.607488022884354
1790389842.0171773,2.2953349980525672
1790389842.0370963,2.0884720142930746
1790389842.037735,1.6893309948500246
1790389842.048067,1.5566310030408204
1790389842.051641,1.1757109896279871
1790389842.0738554,2.5237840018235147
1790389842.1011155,23.136475996579975
1790389842.1018043,17.07622001413256
1790389842.1019053,16.202489990973845
1790389842.1356864,1.7602640145923942
1790389842.1386933,1.283717982005328
1790389842.1406367,1.0961729858536273
1790389842.1466856,1.487289002398029
1790389842.1493607,1.4163749874569476
1790389842.153236,1.4268869999796152
1790389842.1803463,2.588116010883823
1790389842.180851,1.679907989455387
1790389842.2138965,21.641152998199686
1790389842.2153797,17.266210983507335
1790389842.216184,9.00771000306122
1790389842.2214406,17.109440988861024
1790389842.2323856,21.564877999480814
1790389842.2324874,20.946251024724916
1790389842.256213,35.35825398284942
1790389842.256329,23.74353798222728
1790389842.2565026,42.080860992427915
1790389842.2606218,1.6015060245990753
1790389842.2683825,1.5279270010069013
1790389842.3057418,1.8393489881418645
1790389842.3074334,1.2837589893024415
1790389842.3085008,1.058674999512732
1790389842.327753,1.9486360251903534
1790389842.330145,1.7786129901651293
1790389842.330211,2.294734993483871
1790389842.3419394,1.5017620171420276
1790389842.3491058,2.3724869824945927
1790389842.349909,1.6718900005798787
1790389842.3738127,1.957197004230693
1790389842.377907,1.4459830126725137
1790389842.4637477,60.32213001162745
1790389842.465354,57.069589995080605
1790389842.4656007,22.617006005020812
1790389842.4664037,21.68097801040858
1790389842.4673572,55.197440000483766
1790389842.4679017,20.985064009437338
1790389842.4791467,30.1255350059364
1790389842.4894228,34.343058010563254
1790389842.4900808,31.14458598429337
1790389842.4901853,29.438242025207728
1790389842.4902384,23.625675006769598
1790389842.4902859,13.441249990137294
1790389842.4907136,2.6698769943322986
1790389842.4962866,1.9410740060266107
1790389842.5122674,1.6397929866798222
1790389842.5618217,2.4469689815305173
1790389842.5627031,1.8850439810194075
1790389842.596253,19.943560007959604
1790389842.596329,22.07716999691911
1790389842.6073933,1.633576990570873
1790389842.6419604,15.549987991107628
1790389842.6476672,26.878044998738915
1790389842.6611476,32.72222698433325
1790389842.6617756,29.517938004573807
1790389842.6622775,19.695314986165613
1790389842.662343,25.334320991532877
1790389842.6797972,1.5649400011170655
1790389842.698303,2.6146239833906293
1790389842.6997144,2.7001160196959972
1790389842.7134001,1.5379190153907984
1790389842.7459948,1.9066150125581771
1790389842.764749,1.8946000200230628
1790389842.8077397,5.354483990231529
1790389842.8085322,3.9314300229307264
1790389842.8086097,7.246669993037358
1790389842.8249838,2.189909020671621
1790389842.8493679,1.8889430211856961
1790389842.853702,1.3880830083508044
1790389842.8664553,1.5603849897161126
1790389842.8945184,5.762654996942729
1790389842.895105,3.0345339910127223
1790389842.9036906,2.3260430025402457
1790389842.9117792,1.8297630012966692
1790389842.9715714,30.014049989404157
1790389842.9872196,47.5264819979202
1790389842.987454,44.95361100998707
1790389843.0033476,60.14634101302363
1790389843.0279708,67.14627399924211
1790389843.028088,43.38228699634783
1790389843.0281746,29.736085009062663
1790389843.0655882,1.965563977137208
1790389843.0680537,1.8337720248382539
1790389843.0902553,13.194187980843708
1790389843.1045213,25.230241008102894
1790389843.104829,27.054405014496297
1790389843.128403,36.34302501450293
1790389843.1384337,25.600455002859235
1790389843.1437607,46.980792976683006
1790389843.1484277,28.140579001046717
1790389843.149298,13.658073992701247
1790389843.1515112,14.318678004201502
1790389843.1516368,4.40912798512727
1790389843.1517353,5.26541899307631
1790389843.1518376,16.269339015707374
1790389843.152173,2.641509985551238
1790389843.1548424,1.7001849773805588
1790389843.1628244,1.4090249896980822
1790389843.1799386,1.692308986093849
1790389843.2074556,21.00468601565808
1790389843.2135372,1.63305300520733
1790389843.24421,5.776792007964104
1790389843.2443326,21.507001016288996
1790389843.244398,19.449985004030168
1790389843.2515893,1.3317889824975282
1790389843.2892714,21.367298992117867
1790389843.2897956,8.708629000466317
1790389843.2898674,9.388715989189222
1790389843.3088572,1.5912709932308644
1790389843.3172274,1.512621995061636
1790389843.3392255,12.976059020729735
1790389843.3393233,21.540207002544776
1790389843.3532603,1.5478569839615375
1790389843.3663604,3.7139339838176966
1790389843.3664286,3.298880998045206
1790389843.3867176,17.242961010197178
1790389843.3871045,9.204843983752653
1790389843.387176,21.303315996192396
1790389843.3942027,1.5729060105513781
1790389843.402917,7.4466180230956525
1790389843.4171576,21.31066200672649
1790389843.4215817,1.4379140047822148
1790389843.4632385,2.390033012488857
1790389843.4697359,1.6814960108604282
1790389843.4717581,1.5622650098521262
1790389843.4820375,1.8468810012564063
1790389843.4895165,1.3270789931993932
1790389843.4977694,1.592135988175869
1790389843.546876,24.2405159806367
1790389843.5469556,15.813728998182341
1790389843.560528,1.6324790194630623
1790389843.608835,33.03304599830881
1790389843.6230652,15.618786012055352
1790389843.6234362,28.695193002931774
1790389843.623827,13.552611984778196
1790389843.6239152,14.55496100243181
1790389843.6312668,1.4271099935285747
1790389843.6459184,1.4559779956471175
1790389843.6547413,2.2594640031456947
1790389843.6805048,22.51051098573953
1790389843.6806116,4.058210004586726
1790389843.6827652,1.444062014343217
1790389843.694598,1.6968840209301561
1790389843.6968286,1.7494380008429289
1790389843.7070036,1.5310960006900132
1790389843.7084317,1.2570000253617764
1790389843.7230906,1.7600700084585696
1790389843.725384,1.4439969963859767
1790389843.7476988,9.779287996934727
1790389843.7481608,22.59523398242891
1790389843.7485108,4.403339989949018
1790389843.8017886,3.454478981439024
1790389843.8113708,4.689023015089333
1790389843.82826,1.8206000095233321
1790389843.859328,3.636670997366309
1790389843.85986,2.729806990828365
1790389843.8605423,1.9128099957015365
1790389843.86507,2.0624369790311903
1790389843.869258,2.250752004329115
1790389843.8830392,2.0479020022321492
1790389843.9069798,1.8708249845076352
1790389843.9099247,1.6880809853319079
1790389843.9294708,2.1542820031754673
1790389843.9329877,1.9881470070686191
1790389843.9610405,24.020061013288796
1790389843.961175,4.092230985406786
1790389843.962558,2.872651006327942
1790389843.963551,2.214576001279056
1790389843.9701173,1.7693859990686178
1790389843.9722953,1.5771279868204147
1790389843.991835,1.8730660085566342
1790389844.024972,31.09828699962236
1790389844.0358667,35.70479800691828
1790389844.040938,25.337291997857392
1790389844.0410109,35.58979000081308
1790389844.0479736,1.9351710216142237
1790389844.0560546,1.624007010832429
1790389844.0801804,3.233789000660181
1790389844.0809083,3.1208090076688677
1790389844.1017437,1.80108001222834
1790389844.106663,1.4497879892587662
1790389844.1449654,38.04793700692244
1790389844.1549926,36.300648003816605
1790389844.196421,67.26821398478933
1790389844.2032712,54.360786016331986
1790389844.2188528,84.86418900429271
1790389844.219448,69.48089800425805
1790389844.219748,60.56087801698595
1790389844.2201598,41.55606499989517
1790389844.23098,37.6305129902903
1790389844.2475388,53.54651599191129
1790389844.2533317,58.671789010986686
1790389844.253396,32.09740199963562
1790389844.2640631,43.42418399755843
1790389844.2642348,41.05210097623058
1790389844.2648807,37.346519995480776
1790389844.2659724,37.9812530009076
1790389844.2665274,36.06987700914033
1790389844.2666256,10.921459004748613
1790389844.270944,1.7855470068752766
1790389844.2710013,2.5846810021903366
1790389844.2793846,1.4534280053339899
1790389844.3175614,23.856759013142437
1790389844.3191712,2.8062830097042024
1790389844.3632293,2.3743129859212786
1790389844.3731558,1.7220129957422614
1790389844.3991644,4.758263006806374
1790389844.468185,23.791065003024414
1790389844.4690812,11.469215009128675
1790389844.469226,5.830314999911934
1790389844.4692836,26.50710500893183
1790389844.4761577,1.3800779997836798
1790389844.4968984,2.52380600431934
1790389844.5018404,2.6342170021962374
1790389844.5126805,2.2702660062350333
1790389844.5278435,1.9403210026212037
1790389844.5441778,2.38702300703153
1790389844.5509717,2.2923969954717904
1790389844.5561662,1.986832998227328
1790389844.5611453,3.9056430105119944
1790389844.5612822,3.3888200123328716
1790389844.58507,17.37892799428664
1790389844.585242,22.444066999014467
1790389844.585584,2.385235973633826
1790389844.5886838,1.2998089950997382
1790389844.6077876,2.1350250171963125
1790389844.6427085,4.358803998911753
1790389844.6427782,3.665652999188751
1790389844.6574638,1.994150981772691
1790389844.6662738,1.5405910089612007
1790389844.6687438,1.5650319983251393
1790389844.6752872,5.425824987469241
1790389844.675398,6.223210017196834
1790389844.676273,4.986601008567959
1790389844.6798162,1.5784410061314702
1790389844.6913931,1.549662003526464
1790389844.7160387,3.3155379933305085
1790389844.7199762,1.5314960037358105
1790389844.7259185,1.502084982348606
1790389844.740039,7.2735789872240275
1790389844.749295,2.9738730227109045
1790389844.755871,4.416267009219155
1790389844.776215,2.8916159935761243
1790389844.811174,28.125141019700095
1790389844.8116748,20.382861024700105
1790389844.8118134,11.582431005081162
1790389844.8118796,7.567280001239851
1790389844.8297648,3.4513559949118644
1790389844.8298554,3.662136005004868
1790389844.8793426,46.58132800250314
1790389844.8794196,48.716730991145596
1790389844.8796506,44.969186012167484
1790389844.8806374,44.83010797412135
1790389844.8809385,37.26905898656696
1790389844.8810818,32.215552986599505
1790389844.8868794,42.38520297803916
1790389844.8975368,35.78047201153822
1790389844.9056044,30.232194025302306
1790389844.9062502,42.52954598632641
1790389844.9068718,14.96919200872071
1790389844.9071982,11.848182999528944
1790389844.9072745,9.378429997013882
1790389844.9075384,2.713586000027135
1790389844.942626,1.7513299826532602
1790389844.9938588,12.678932980634272
1790389844.994236,24.00365099310875
1790389845.0347154,11.671079002553597
1790389845.0351546,24.653392989421263
1790389845.0357153,8.48977200803347
1790389845.0617046,1.7111359920818359
1790389845.0926201,2.547878015320748
1790389845.1179187,23.584974987898022
1790389845.1180668,18.39465301600285
1790389845.118132,16.966652998235077
1790389847.4865725,24.079377006273717
1790389847.4866614,6.839070003479719
1790389847.5268452,3.1535120215266943
1790389847.5274782,1.7744399956427515
1790389847.5434265,1.9463879871182144
1790389847.5583704,3.212405979866162
1790389847.5630023,2.4637519964016974
1790389847.5662076,1.9196440116502345
1790389847.599467,27.242579002631828
1790389847.5997877,28.5830769862514
1790389847.6000295,9.123241994529963
1790389847.6001759,13.860592996934429
1790389847.6007946,2.455442998325452
1790389847.669394,53.87416499434039
1790389847.6792881,57.627679023426026
1790389847.7060735,86.63856898783706
1790389847.7261612,103.12881399295293
1790389847.7276776,98.63683598814532
1790389847.7283518,1158.7116819864605
1790389847.7296474,85.35129798110574
1790389847.729913,71.9975349784363
1790389847.7301168,76.43411899334751
1790389847.7304757,84.06774298055097
1790389847.731069,57.10661498596892
1790389847.7313943,4.359809012385085
1790389847.731471,22.72049299790524
1790389847.7356992,2.213134983321652
1790389847.7376723,1.9572140008676797
1790389847.7432125,1.9347129855304956
1790389847.7562382,2.6733730046544224
1790389847.7846606,25.485731021035463
1790389847.7852259,14.582636998966336
1790389847.7852976,10.695466015022248
1790389847.7878618,1.3451290142256767
1790389847.7926743,1.3722559961024672
1790389847.7956002,1.2670450087171048
1790389847.8054996,1.9262360001448542
1790389847.8263142,2.2052109998185188
1790389847.8361588,1.6397119907196611
1790389847.8383825,1.484487991547212
1790389847.8571775,2.1558619919233024
1790389847.8572974,2.915946999564767
1790389847.8621297,1.4035800122655928
1790389847.8701131,1.5484750038012862
1790389847.8712316,1.8958679866045713
1790389847.8718333,1.4460379898082465
1790389847.8771431,2.0352000137791038
1790389847.8788083,2.903535991208628
1790389847.8797057,1.9581840024329722
1790389847.8797727,2.619712002342567
1790389847.8840275,1.3678070099558681
1790389847.887538,1.20995900942944
1790389847.9270844,15.279378974810243
1790389847.9277074,11.9061509903986
1790389847.9281857,25.094891985645518
1790389847.9290009,29.042712994851172
1790389847.9291878,6.527438992634416
1790389847.930173,1.9763250020332634
1790389847.9602416,1.972040015971288
1790389847.9645655,1.8589249812066555
1790389847.9677427,1.4825619873590767
1790389847.971991,1.4681430184282362
1790389847.99951,24.238223006250337
1790389847.9996042,7.890280015999451
1790389847.9996612,15.822116023628041
1790389848.0035622,1.6159880033228546
1790389848.0114067,1.4882079849485308
1790389848.0394034,1.798283978132531
1790389848.054572,1.9503030052874237
1790389848.082332,2.6439180073793977
1790389848.0849552,1.4066289877519011
1790389848.0882065,1.5563029737677425
1790389848.0946796,1.581976976012811
1790389848.1428983,40.76855501625687
1790389848.1870022,81.29171901964583
1790389848.2143247,64.21072600642219
1790389848.2196052,86.33261700742878
1790389848.2375872,124.25594902015291
1790389848.2431104,91.57384399441071
1790389848.2549145,69.66465600999072
1790389848.255182,63.61227997695096
1790389848.2556052,55.82805399899371
1790389848.2565343,54.98230300145224
1790389848.2570238,38.571031007450074
1790389848.2579541,18.371120997471735
1790389848.2584925,103.04600399103947
1790389848.258837,18.355612992309034
1790389848.25943,10.93552599195391
1790389848.2596967,1052.84906597808
1790389848.2599692,1065.4956059879623
1790389848.287808,27.71441702498123
1790389848.287938,5.7509440230205655
1790389848.2880301,12.417282006936148
1790389848.2885911,1.9110129796899855
1790389848.3281188,1.7722310149110854
1790389848.3301404,1.40370600274764
1790389848.3458576,3.081675007706508
1790389848.3459313,3.024256002390757
1790389848.3506098,1.8776250071823597
1790389848.351102,1.3523869856726378
1790389848.364665,2.0620620052795857
1790389848.389086,2.4485989997629076
1790389848.3937235,2.0342259958852082
1790389848.4010847,1.9505690142977983
1790389848.4577043,22.199451981578022
1790389848.4595137,25.195680995238945
1790389848.459688,22.51893500215374
1790389848.4599926,4.3937900045420974
1790389848.4624822,1.3396950089372694
1790389848.4700482,2.8841390158049762
1790389848.470136,2.1912920055910945
1790389848.498756,2.254744991660118
1790389848.51521,2.3825620010029525
1790389848.5356846,1.9300649873912334
1790389848.5557635,2.055144985206425
1790389848.5787768,3.903559991158545
1790389848.5788608,3.4600670041982085
1790389848.582497,1.426498987711966
1790389848.5868268,1.6180469829123467
1790389848.5945363,1.9805789925158024
1790389848.6347895,1.9890609837602824
1790389848.675972,1027.2581739991438
1790389848.6811247,11.19062100769952
1790389848.6812215,1033.7526429793797
1790389848.6859093,1.860949007095769
1790389848.6981282,2.5970280112233013
1790389848.6992512,1.6195680072996765
1790389848.6998677,1.4141930150799453
1790389848.7286682,1.794955023797229
1790389848.7323046,2.285138994920999
1790389848.7404163,1026.4662560075521
1790389848.781447,1081.948688981356
1790389848.797374,1119.6820240002126
1790389848.8018973,1127.0607679907698
1790389848.8019865,1087.708997016307
1790389848.8025746,1129.5183150214143
1790389848.80378,43.7566619948484
1790389848.8044553,1137.1909150038846
1790389848.8053627,27.317703992594033
1790389848.8054962,4.91354099358432
1790389848.805567,6.822748982813209
1790389848.8214397,1.6452799900434911
1790389848.8243396,1.4455739874392748
1790389848.8297231,1.5366970037575811
1790389848.8558884,2.1921869774814695
1790389848.8902192,1.6063820221461356
1790389848.8927183,1.3770800142083317
1790389848.9028678,1.6945250099524856
1790389848.9448676,2.189913997426629
1790389848.949453,1.4398100029211491
1790389848.9642725,1.7549970070831478
1790389848.9932919,1.9230459874961525
1790389849.0046844,1.6823940095491707
1790389849.0364866,1.6800679732114077
1790389849.0377972,1.2121629843022674
1790389849.0465546,2.8830630180891603
1790389849.046632,2.1907320187892765
1790389849.0657692,2.404114988166839
1790389849.088146,2.1740120137110353
1790389849.1000185,1.8323010008316487
1790389849.1058002,1.8890999781433493
1790389849.1421597,5.025795981055126
1790389849.1561902,2.706946019316092
1790389849.1708236,1.8480629951227456
1790389849.205394,2.123389014741406
1790389849.208991,1.5166520024649799
1790389849.2259116,1.6842749901115894
1790389849.2664473,2.136241993866861
1790389849.2719479,1.4892629988025874
1790389849.2954657,1054.2588590178639
1790389849.3111637,1.6475619922857732
1790389849.3147535,1.6779629804659635
1790389849.3174644,1.4959449763409793
1790389849.3283875,1.8560689932201058
1790389849.3494322,1.926138997077942
1790389849.3599293,1.8552590045146644
1790389849.370693,2.4472969816997647
1790389849.3811429,2.3701940081082284
1790389849.3944752,1.821943005779758
1790389849.4180636,2.034482982708141
1790389849.4198818,1.2855449749622494
1790389849.4485257,1.8044569878838956
1790389849.4657931,2.063975000055507
1790389849.4662974,1.324408978689462
1790389849.4823444,1.6687879979144782
1790389849.523587,1.783218001946807
1790389849.5356016,1.5761439863126725
1790389849.5503652,2.2506630048155785
1790389849.560308,2.8106509998906404
1790389849.5657203,1.9817690190393478
1790389849.5760376,2.1430169872473925
1790389849.5766509,1.5921670128591359
1790389849.5811613,1.6881740011740476
1790389849.5893753,1.6069679986685514
1790389849.6083004,1.6588770085945725
1790389849.6194284,1.5330809983424842
1790389849.6241913,1.5612359857186675
1790389849.6423786,1.7532850033603609
1790389849.6527004,1.6015699948184192
1790389849.6805036,2.030914998613298
1790389849.6825807,1.2683579989243299
1790389849.6901307,1.8164439825341105
1790389849.6907961,1.7524559807498008
1790389849.7337723,1.7823409871198237
1790389849.745283,1.6548619896639138
1790389849.7632973,1.726132002659142
1790389849.7763927,1.8130670068785548
1790389849.7935295,1.5810869808774441
1790389849.8369968,2.2907840029802173
1790389849.8557138,1.9697420066222548
1790389849.8583791,1.76525698043406
1790389849.8871396,1.7325420049019158
1790389849.911345,1.9241810077801347
1790389849.9157646,1.9882259948644787
1790389849.9264889,1.6275020025204867
1790389849.930228,1.597412017872557
1790389849.9432924,1.9710880005732179
1790389849.9468775,1.3681380078196526
1790389849.957165,1.5959659940563142
1790389849.9692595,1.888865022920072
1790389849.9811049,2.6706339849624783
1790389849.9811733,2.159739990020171
1790389849.9837782,1.3471550191752613
1790389849.9854937,1.1656600108835846
1790389849.9871614,1.309051993303001
1790389849.997178,1.9969840068370104
1790389849.9972482,2.5434739945922047
1790389850.0235195,1.7005749978125095
1790389850.0584688,1.8679079948924482
1790389850.0602973,1.705474016489461
1790389850.0647411,1.567286002682522
1790389850.077563,1.534557028207928
1790389850.0818326,1.4939550019335002
1790389850.1194823,1.944719988387078
1790389850.1294584,1.7308780224993825
1790389850.133945,1.4742249913979322
1790389850.1420069,1.976408006157726
1790389850.1497538,1.8513220129534602
1790389850.1775248,1.791151997167617
1790389850.1916893,1.7112710047513247
1790389850.1967318,1.7063799896277487
1790389850.2099004,1.9632389885373414
1790389850.2312624,1.9837190047837794
1790389850.2320516,1.5751309983897954
1790389850.2849236,2.0462019892875105
1790389850.2865355,1.2812020140700042
1790389850.290395,1.655914995353669
1790389850.2941575,1.8216390162706375
1790389850.2963877,1.3078789925202727
1790389850.326585,2.2013490088284016
1790389850.3367999,1.8359759997110814
1790389850.3528945,1.8413999932818115
1790389850.3666332,1.8969719822052866
1790389850.3726375,1.8584259960334748
1790389850.3755293,1.3330439978744835
1790389850.376939,1.1293099960312247
1790389850.3857944,1.619273010874167
1790389850.3871906,1.1698850139509887
1790389850.4373844,1.7726599762681872
1790389850.4539828,2.0092659979127347
1790389850.4752269,1.9250089826527983
1790389850.485727,1.90776601084508
1790389850.4991422,2.0537630189210176
1790389850.505482,2.3257940192706883
1790389850.511125,1.950763980858028
1790389850.523354,1.881576987216249
1790389850.5305467,2.1804920106660575
1790389850.5404527,2.1845859882887453
1790389850.5624058,2.2327030019368976
1790389850.5741534,2.6017949858214706
1790389850.5758202,1.6527579864487052
1790389850.5833104,2.1681430225726217
1790389850.5842278,1.7934130155481398
1790389850.594944,2.251630008686334
1790389850.5985792,2.373625000473112
1790389850.6002965,1.700308988802135
1790389850.6041677,1.9868999952450395
1790389850.6072931,1.9845560018438846
1790389850.6109025,2.7430549962446094
1790389850.6110659,1.9041920022573322
1790389850.611504,1.703079993603751
1790389850.620726,1.4953769859857857
1790389850.626883,1.3156409841030836
1790389850.6600034,1.648780977120623
1790389850.6904786,1.6486269887536764
1790389850.6943152,1.640192000195384
1790389850.7152736,2.075750002404675
1790389850.7232957,1.4714220014866441
1790389850.7284014,1.3382869947236031
1790389850.7338579,1.243075996171683
1790389850.742045,1.663655013544485
1790389850.7474399,1.517364988103509
1790389850.7731278,1.7610130016691983
1790389850.8065364,1.6848359955474734
1790389850.8136277,1.8598829919937998
1790389850.8629043,1.6508669941686094
1790389850.8789148,1.7862120002973825
1790389850.8943589,1.7636140109971166
1790389850.9362803,1.6699609986972064
1790389850.9415033,1.4527140010613948
1790389850.9446046,1.7056310025509447
1790389850.9635997,1.7553369980305433
1790389850.9762664,1.849774009315297
1790389850.982241,1.6197329969145358
1790389850.9966364,1.663362985709682
1790389851.0117764,1.6979080101009458
1790389851.0218906,1.5327790169976652
1790389851.03659,6.211789994267747
1790389851.037044,5.151210003532469
1790389851.037119,6.244087009690702
1790389851.037313,4.458840005099773
1790389851.0383735,2.3585560265928507
1790389851.0385654,4.112773982342333
1790389851.078975,1.742277992889285
1790389851.0835977,1.317321992246434
1790389851.087463,1.4652590034529567
1790389851.110799,1.6888670215848833
1790389851.1420734,1.836740004364401
1790389851.1457808,1.478468009736389
1790389851.1974478,2.222518000053242
1790389851.213754,1.8687770061660558
1790389851.2236476,1.845430990215391
1790389851.226385,1.6149820003192872
1790389851.2269716,1.4250509848352522
1790389851.228469,1.4881179959047586
1790389851.2345946,2.6797540194820613
1790389851.2346644,2.235369000118226
1790389851.2436466,1.5918129938654602
1790389851.2990649,1.7422960081603378
1790389851.323652,1.7948870081454515
1790389851.3382607,2.007337025133893
1790389851.3388622,1.6489340050611645
1790389851.3817248,1.955513987923041
1790389851.3925304,1.6657969972584397
1790389851.4027092,2.0055930071976036
1790389851.4251523,1.666569005465135
1790389851.4740138,1.9273209909442812
1790389851.516733,1.7929500027094036
1790389851.5261197,1.6042680072132498
1790389851.5455575,2.0574170048348606
1790389851.555012,1.7473780026193708
1790389851.5689032,1.743763976264745
1790389851.638122,2.2199540107976645
1790389851.6452188,1.5862659784033895
1790389851.647855,1.2642799993045628
1790389851.6747196,1.9854489946737885
1790389851.6828027,1.4370809949468821
1790389851.696152,2.206844015745446
1790389851.6977665,1.22588497470133
1790389851.703463,1.2586399971041828
1790389851.729582,2.0092919876333326
1790389851.7296503,2.7714939787983894
1790389851.7342088,2.5571139995008707
1790389851.7342994,1.9681839912664145
1790389851.7361302,1.3581750099547207
1790389851.7365654,1.181722996989265
1790389851.7937024,1.704755995888263
1790389851.846463,1.7138560069724917
1790389851.8754814,1.760501996614039
1790389851.8789206,1.562286983244121
1790389851.8918245,1.6913200088310987
1790389851.9124198,1.8453120137564838
1790389851.9221916,2.2602539975196123
1790389851.9251475,1.3651170011144131
1790389851.9475684,1.882244017906487
1790389851.964502,1.8234509916510433
1790389851.9688356,1.6803689941298217
1790389851.9706428,1.2916929845232517
1790389851.976125,2.7975319826509804
1790389851.9761949,2.309038012754172
1790389851.9947128,1.9956709875259548
1790389852.0070117,1.8565870122984052
1790389852.0110881,1.3983609969727695
1790389852.056836,1.7673199763521552
1790389852.0937572,1.876496011391282
1790389852.111293,2.517790999263525
1790389852.1346567,1.7857069906312972
1790389852.149319,1.8654110026545823
1790389852.1749687,1.8177719903178513
1790389852.181371,2.3600650019943714
1790389852.1908102,2.971658977912739
1790389852.1908975,3.8086699787527323
1790389852.206635,1.895554014481604
1790389852.207112,1.2811010237783194
1790389852.224427,2.119924989528954
1790389852.2375183,1.6183129919227213
1790389852.2596645,1.7710950050968677
1790389852.2628782,1.401916000759229
1790389852.271077,1.4410050061997026
1790389852.3286755,1.9840349850710481
1790389852.3317454,1.5102440083865076
1790389852.34991,1.640421018237248
1790389852.4052927,2.4542589962948114
1790389852.4053705,3.2606700260657817
1790389852.4149995,1.7018179933074862
1790389852.416899,1.3471919810399413
1790389852.4231348,1.3366990024223924
1790389852.45896,1.8156800069846213
1790389852.485458,1.7355300078634173
1790389852.4981556,1.7269660020247102
1790389852.5060117,1.963839982636273
1790389852.5067527,1.2234600144438446
1790389852.5195632,2.065863984171301
1790389852.532008,1.8032920197583735
1790389852.571883,2.315132995136082
1790389852.6151195,2.2514839947689325
1790389852.6435387,1.7664679908193648
1790389852.6653655,2.02558800810948
1790389852.6757452,1.8388740136288106
1790389852.6872394,1.9038640020880848
1790389852.6951241,2.1138050069566816
1790389852.7200928,1.7655369883868843
1790389852.7695787,2.194642001995817
1790389852.7857177,2.9563219868578017
1790389852.7860382,2.5079729966819286
1790389852.8007421,3.1313870276790112
1790389852.8019547,3.389586985576898
1790389852.802148,2.6229719805996865
1790389852.8154614,1.857052993727848
1790389852.820941,1.4661870081909
1790389852.8222005,1.2501330056693405
1790389852.82982,1.7737390007823706
1790389852.8440812,2.3163490113802254
1790389852.852646,1.889155013486743
1790389852.8586826,1.4865510165691376
1790389852.8662856,1.6735449898988008
1790389852.8737433,1.5492819948121905
1790389852.878636,1.254096016054973
1790389852.9102733,2.982731006341055
1790389852.910415,2.5172390160150826
1790389852.9111822,2.4591200053691864
1790389852.911723,1.229572982992977
1790389852.916266,2.675780007848516
1790389852.9163435,2.2176679922267795
1790389852.9205196,1.6763659950811416
1790389852.9226706,1.1754080187529325
1790389852.9418106,1.5838439867366105
1790389852.954815,1.7761359922587872
1790389852.9807243,2.983238984597847
1790389852.9808,2.3773389984853566
1790389852.9881349,2.077979006571695
1790389853.004166,1.9781349983531982
1790389853.0132642,1.634583022678271
1790389853.0158176,1.360919006401673
1790389853.0577483,1.7834130267146975
1790389853.091182,1.9867960072588176
1790389853.1030052,1.7286849906668067
1790389853.1176152,1.6268589824903756
1790389853.1201012,1.791660994058475
1790389853.1234012,1.3476680032908916
1790389853.14741,1.7774319858290255
1790389853.162283,1.8098760046996176
1790389853.1760507,1.8737880163826048
1790389853.2223332,2.139829011866823
1790389853.225861,1.3805579801555723
1790389853.2301428,1.3556500198319554
1790389853.2435877,1.6314589884132147
1790389853.2608678,2.090419002342969
1790389853.2854793,1.9648229936137795
1790389853.2870944,1.6036419838201255
1790389853.2927318,1.4422170061152428
1790389853.3072033,1.7178260022774339
1790389853.3096273,1.3682279968634248
1790389853.3165233,1.4039019879419357
1790389853.3288481,1.9043780048377812
1790389853.3303926,1.5334649942815304
1790389853.334852,1.6447310044895858
1790389853.3353531,1.4034330088179559
1790389853.3473673,1.6944909875746816
1790389853.3478277,1.4184399915393442
1790389853.3671472,2.401839999947697
1790389853.3676903,3.541794983902946
1790389853.3677435,2.4472549848724157
1790389853.3762908,1.8210369744338095
1790389853.3852413,1.8070519727189094
1790389853.3873394,2.0877310016658157
1790389853.387835,1.4069429889786988
1790389853.4287868,2.513342013116926
1790389853.4445415,2.46260900166817
1790389853.4510267,1.604129996849224
1790389853.45244,1.4030800084583461
1790389853.4573357,1.413046004017815
1790389853.4627097,1.326090976363048
1790389853.4873862,1.9130839791614562
1790389853.4920354,1.4810770226176828
1790389853.4984834,1.4248189982026815
1790389853.509072,1.6682170098647475
1790389853.5095646,1.4350670098792762
1790389853.5242722,2.0797580073121935
1790389853.525104,1.6148110153153539
1790389853.5295718,1.2318830122239888
1790389853.541021,1.589334016898647
1790389853.5525582,2.098013006616384
1790389853.558323,1.4261880132835358
1790389853.5683053,1.7354079755023122
1790389853.570475,1.5518610016442835
1790389853.5858912,1.9665209983941168
1790389853.6166635,1.71249799313955
1790389853.6351523,2.011495002079755
1790389853.6654031,1.9164260011166334
1790389853.6963496,1.8918669957201928
1790389853.7282674,1.6837400035001338
1790389853.7360404,1.4584080199711025
1790389853.7374566,1.2965630157850683
1790389853.7499073,1.7789150006137788
1790389853.7728157,1.7950629990082234
1790389853.792391,1.7284619971178472
1790389853.8288329,1.760758983436972
1790389853.8356268,1.5823279973119497
1790389853.8368325,1.1877150100190192
1790389853.8576488,1.8049240170512348
1790389853.8798041,2.2796580160502344
1790389853.8806374,1.810193993151188
1790389853.8916018,1.6646499861963093
1790389853.9049983,1.8149389943573624
1790389853.911991,1.3241179985925555
1790389853.9449756,1.6737239784561098
1790389854.0039842,1.71835400396958
1790389854.0054924,1.2817629904020578
1790389854.0067692,1.0821199975907803
1790389854.0460558,1.788461988326162
1790389854.079717,2.064663975033909
1790389854.0875473,1.9206999859306961
1790389854.097528,1.9105680112261325
1790389854.0992763,1.6169440059456974
1790389854.1222064,2.1597539889626205
1790389854.1243925,2.1674520103260875
1790389854.1363497,2.101300982758403
1790389854.1599636,2.199369977461174
1790389854.1721914,1.8382920243311673
1790389854.1873636,1.837149990024045
1790389854.2131069,1.658987981500104
1790389854.2164748,1.4707099762745202
1790389854.226239,2.0639169961214066
1790389854.2683349,2.30395799735561
1790389854.268849,1.7164649907499552
1790389854.2843802,1.8317019857931882
1790389854.2902672,1.9841879839077592
1790389854.3033128,2.1716599876526743
1790389854.3303542,2.0036310015711933
1790389854.3491423,1.7656249983701855
1790389854.3540516,1.9306449976284057
1790389854.3982496,1.7672999820206314
1790389854.4171336,1.791749004041776
1790389854.426642,1.7919270030688494
1790389854.4385068,1.9760479917749763
1790389854.4494555,1.7551110067870468
1790389854.4577317,1.9870690011885017
1790389854.4586968,1.684168993961066
1790389854.467529,1.8542649922892451
1790389854.478682,1.5480979927815497
1790389854.4902794,1.9542230002116412
1790389854.4935665,1.3425270153675228
1790389854.5318315,1.8761470273602754
1790389854.535996,1.9338499987497926
1790389854.5502648,2.005664980970323
1790389854.5624528,2.173849003156647
1790389854.5625608,1.7784550145734102
1790389854.569512,1.6746640030760318
1790389854.5751183,1.830121997045353
1790389854.5790224,1.3232089986559004
1790389854.5958946,1.8048660131171346
1790389854.5975266,1.3891599955968559
1790389854.6032875,1.7016659840010107
1790389854.608289,1.4184530009515584
1790389854.610275,1.2976879952475429
1790389854.6371965,1.6658829990774393
1790389854.639437,1.4708600065205246
1790389854.6450837,1.9375999982003123
1790389854.645751,1.5689670108258724
1790389854.6469643,1.2049479992128909
1790389854.6512454,1.2833449873141944
1790389854.6778014,1.6041150083765388
1790389854.6826756,1.4827040140517056
1790389854.6873343,1.6051599814090878
1790389854.6885152,1.171134994365275
1790389854.6900969,1.347056997474283
1790389854.702675,1.7043150146491826
1790389854.721872,1.8376049993094057
1790389854.7299387,2.026311994995922
1790389854.7505853,1.8799759855028242
1790389854.7602804,1.8300670199096203
1790389854.7688665,2.9091049800626934
1790389854.7690065,2.581796987215057
1790389854.7926583,1.6738800040911883
1790389854.795799,1.630170998396352
1790389854.8111913,2.064100990537554
1790389854.8428762,1.7583330045454204
1790389854.858919,1.7571949865669012
1790389854.8626914,1.3133269967511296
1790389854.8683674,1.7161419964395463
1790389854.8975956,1.860952004790306
1790389854.903622,1.284176018089056
1790389854.9369848,1.9627130241133273
1790389854.952622,1.6151299932971597
1790389854.979126,2.096008975058794
1790389854.9818728,1.507058012066409
1790389854.9874842,1.56725401757285
1790389854.9926825,1.372099999571219
1790389855.0124776,1.678788015851751
1790389855.0235372,1.5782069822307676
1790389855.038974,1.5966630016919225
1790389855.0534644,1.5074200055096298
1790389855.0557184,1.4425480039790273
1790389855.0672407,1.6782940074335784
1790389855.068804,1.2322900001890957
1790389855.0704515,1.1594489915296435
1790389855.0978587,1.7138490220531821
1790389855.1001859,1.5243749949149787
1790389855.1006408,1.3327279884833843
1790389855.1080499,1.3765659823548049
1790389855.1294327,1.7827590054366738
1790389855.1642427,1.9741099968086928
1790389855.1777701,1.6846329963300377
1790389855.1800525,1.419317995896563
1790389855.2001011,2.0090060133952647
1790389855.2038238,1.9754469976760447
1790389855.2054288,1.381687994580716
1790389855.2146893,1.6723150038160384
1790389855.2165136,1.4407550042960793
1790389855.235642,2.1994529815856367
1790389855.247616,1.6543999954592437
1790389855.2530773,1.4530640037264675
1790389855.2926834,2.47598098940216
1790389855.2963183,1.793863979401067
1790389855.3132129,1.979510998353362
1790389855.3185935,1.756473007844761
1790389855.3294864,2.1557380096055567
1790389855.3391182,1.8728039867710322
1790389855.3600461,2.3205159814096987
1790389855.3882337,2.358236990403384
1790389855.3912225,2.3766300000716
1790389855.3949993,2.4896200047805905
1790389855.4231153,2.0468859875109047
1790389855.43649,1.7079880053643137
1790389855.4452362,2.3128309985622764
1790389855.4497128,1.9525229872670025
1790389855.5170639,1.6668879834469408
1790389855.5428174,1.866481004981324
1790389855.5619373,2.2475169971585274
1790389855.5762546,2.003966015763581
1790389855.600609,2.03590898308903
1790389855.6107454,2.1866720053367317
1790389855.612501,1.6126359987538308
1790389855.6207633,2.178213995648548
1790389855.6270235,1.6363199974875897
1790389855.6362593,2.4742950045038015
1790389855.6717606,1.679544016951695
1790389855.6766176,1.5114929992705584
1790389855.6797543,1.4589260099455714
1790389855.6857896,1.5434240049216896
1790389855.7109654,1.8595579895190895
1790389855.7748256,2.129341010004282
1790389855.776643,1.373504986986518
1790389855.7859097,1.7753289721440524
1790389855.7864494,1.3134110195096582
1790389855.8015156,1.6980219807010144
1790389855.8205152,1.9666129956021905
1790389855.8228662,1.3846340007148683
1790389855.832482,2.036817983025685
1790389855.8452275,2.7150249807164073
1790389855.8463101,1.6957369807641953
1790389855.8509905,1.4856189955025911
1790389855.8764508,1.8649669946171343
1790389855.891185,1.9137199851684272
1790389855.8941262,1.3842799817211926
1790389855.894793,2.6206470211036503
1790389855.911153,1.6364940092898905
1790389855.9128785,1.3270000054035336
1790389855.916501,1.4129689952824265
1790389856.0037575,1.6177229990717024
1790389856.0056596,1.324561017099768
1790389856.0199025,2.0523590210359544
1790389856.0410721,2.1127449872437865
1790389856.0452578,1.6592659812886268
1790389856.0687187,1.805306994356215
1790389856.0838103,2.9605439922306687
1790389856.0839431,2.4964619951788336
1790389856.1217303,1.7890160088427365
1790389856.1290889,1.79596699308604
1790389856.1386359,1.6603560070507228
1790389856.149002,1.6975220059975982
1790389856.166189,1.8411139899399132
1790389856.178556,1.8314439803361893
1790389856.1932411,2.131350978743285
1790389856.1933124,2.9892690072301775
1790389856.1997159,1.7841040098574013
1790389856.20751,1.6467480163555592
1790389856.2149043,1.9155850168317556
1790389856.2362392,1.9811879901681095
1790389856.2463472,1.7579800041858107
1790389856.2690449,1.8033100059255958
1790389856.2774107,1.6787500062491745
1790389856.2810748,1.7027050198521465
1790389856.2857342,1.5175619919318706
1790389856.2977498,1.7605970206204802
1790389856.3061996,1.7618710116948932
1790389856.316605,1.791081012925133
1790389856.3255563,1.8970599921885878
1790389856.337959,1.9625889835879207
1790389856.3463047,1.859333977336064
1790389856.3558114,1.8886589969042689
1790389856.395996,1.847388019086793
1790389856.3994634,1.4644239854533225
1790389856.426847,2.0518329984042794
1790389856.4457314,1.8856929964385927
1790389856.4517636,1.5352539776358753
1790389856.461051,2.0727679948322475
1790389856.4669685,1.53620500350371
1790389856.4785724,1.6448720125481486
1790389856.491475,1.848426996730268
1790389856.5001662,2.6858549972530454
1790389856.500265,2.318429993465543
1790389856.5043073,1.467527006752789
1790389856.511528,1.6381460009142756
1790389856.5355914,1.922035007737577
1790389856.5439258,1.6500409983564168
1790389856.547452,1.4306200027931482
1790389856.558459,1.6664809954818338
1790389856.5615342,1.421221997588873
1790389856.6146507,1.8253809830639511
1790389856.6253104,2.0312590058892965
1790389856.6281822,1.3898540055379272
1790389856.6407204,1.6538900090381503
1790389856.6496909,1.680473011219874
1790389856.6619928,1.8761219980660826
1790389856.6748486,2.0759020117111504
1790389856.732456,2.8364280005916953
1790389856.7325282,2.3839350033085793
1790389856.7340906,1.2508510262705386
1790389856.7449963,2.1524199983105063
1790389856.7478669,1.5879519924055785
1790389856.7484546,1.4640309964306653
1790389856.7558193,1.687082985881716
1790389856.7589962,1.489643007516861
1790389856.7653284,1.6370299854315817
1790389856.776852,1.661068992689252
1790389856.785498,2.036268007941544
1790389856.7973769,1.6212000045925379
1790389856.833643,1.927050994709134
1790389856.8546846,2.0748729875776917
1790389856.859012,1.8296079942956567
1790389856.8763237,1.9383100152481347
1790389856.879186,1.3838779996149242
1790389856.9205024,2.268796000862494
1790389856.9321883,1.8518290016800165
1790389856.9479287,2.302339009474963
1790389856.9638376,1.8570079992059618
1790389856.9674222,1.710926997475326
1790389856.9726334,1.4370669960044324
1790389856.9777808,1.811104011721909
1790389856.9780653,2.6513150078244507
1790389856.9825492,2.1856539824511856
1790389856.9826102,1.5201480127871037
1790389856.9935517,1.9419850141275674
1790389856.9948092,2.1394399809651077
1790389856.9991121,1.5851130010560155
1790389857.0021985,1.448724011424929
1790389857.0054853,1.352809020318091
1790389857.0358844,2.056130993878469
1790389857.0451436,3.226550994440913
1790389857.0456705,3.1761539867147803
1790389857.0457294,2.7092579985037446
1790389857.0859935,1.8859340052586049
1790389857.1102777,1.918039983138442
1790389857.1103635,2.7935760153923184
1790389857.1403856,1.939592999406159
1790389857.1581326,1.8957520078402013
1790389857.1683214,1.674261991865933
1790389857.1721551,1.4444140251725912
1790389857.1740513,1.3023999927099794
1790389857.1966794,2.1446239843498915
1790389857.2159429,2.0576649985741824
1790389857.2162511,3.1016209977678955
1790389857.2270815,2.034398989053443
1790389857.2370155,1.621357980184257
1790389857.2440815,2.289967000251636
1790389857.2443385,2.4454300000797957
1790389857.2629633,1.9886080117430538
1790389857.263712,1.7772169958334416
1790389857.275786,2.101228019455448
1790389857.2878184,1.666429016040638
1790389857.292629,1.5088710060808808
1790389857.2965891,2.4604719947092235
1790389857.2966654,1.8731049785856158
1790389857.3025432,1.4948410098440945
1790389857.3089728,1.4175529940985143
1790389857.3155358,1.943937997566536
1790389857.3188808,1.3513799931388348
1790389857.3221905,1.318364986218512
1790389857.3295228,1.8638539768289775
1790389857.3383715,1.5268370043486357
1790389857.3425193,1.3083590019959956
1790389857.3629274,2.0053119806107134
1790389857.3899865,2.1635589946527034
1790389857.4000258,1.9374120165593922
1790389857.410908,1.946928008692339
1790389857.4262495,2.091079979436472
1790389857.4495685,3.0292820010799915
1790389857.4496548,2.4897970142774284
1790389857.4587226,1.746834022924304
1790389857.4711964,2.0504829881247133
1790389857.4726295,1.4207650092430413
1790389857.4847445,2.0973380014766008
1790389857.4963646,1.8248189880978316
1790389857.5300558,1.933202991494909
1790389857.5316482,1.3580730010289699
1790389857.5338778,1.2493139947764575
1790389857.5436678,1.6642939881421626
1790389857.5560567,1.9061279890593141
1790389857.5604782,1.6626750002615154
1790389857.568792,1.9243429997004569
1790389857.5792668,1.941388996783644
1790389857.5821416,1.5023390005808324
1790389857.5944433,1.95286501548253
1790389857.61124,1.964185998076573
1790389857.631787,2.371234993916005
1790389857.6319108,1.8378359964117408
1790389857.6330376,1.120064000133425
1790389857.63491,1.3468870020005852
1790389857.6605039,4.24479300272651
1790389857.6606653,3.2292139949277043
1790389857.6614149,4.377245000796393
1790389857.6622348,1.718814019113779
1790389857.6655428,1.3348700013011694
1790389857.6758175,1.575239992234856
1790389857.6791074,1.2079729931429029
1790389857.6842566,1.616316003492102
1790389857.6900382,1.6020660114008933
1790389857.7059639,2.2205690038390458
1790389857.7065146,1.3729110069107264
1790389857.716325,1.792266994016245
1790389857.7185712,1.203388994326815
1790389857.7212472,1.7110389890149236
1790389857.7213004,2.1324300032574683
1790389857.7506306,1.6597729991190135
1790389857.7671964,2.102649013977498
1790389857.778889,1.471066992962733
1790389857.7974343,1.8942739989142865
1790389857.805344,1.771076989825815
1790389857.8263302,1.7030609888024628
1790389857.8464816,1.6151430027093738
1790389857.859173,1.6757840057834983
1790389857.8685105,1.81009600055404
1790389857.8806605,1.617925998289138
1790389857.8915105,1.7241959867533296
1790389857.9006336,1.674449013080448
1790389857.9030237,1.289486011955887
1790389857.9139855,1.594332978129387
1790389857.91616,1.3300910068210214
1790389857.9349122,1.7723699857015163
1790389857.9364502,1.2697280035354197
1790389857.9669096,1.7755379958543926
1790389857.9732308,1.778562000254169
1790389857.9738023,1.3854830176569521
1790389857.9825642,1.5260850195772946
1790389857.986913,1.6308139893226326
1790389857.993383,1.4292149862740189
1790389858.008629,1.5422949800267816
1790389858.0154562,1.6203830018639565
1790389858.0261028,1.4837800117675215
1790389858.0329452,1.5972039836924523
1790389858.03644,1.2561889889184386
1790389858.0425625,1.2922899913974106
1790389858.0470586,1.31018299725838
1790389858.0541089,1.3229020114522427
1790389858.0765975,1.632261002669111
1790389858.090805,1.731741998810321
1790389858.1071603,1.506008004071191
1790389858.1769462,1.8453260126989335
1790389858.1912723,2.230418991530314
1790389858.216552,1.5588259848300368
1790389858.2432325,1.5950649976730347
1790389858.2707744,1.8646540120244026
1790389858.2825816,1.6897590248845518
1790389858.2839506,1.4802139776293188
1790389858.287209,1.5721929958090186
1790389858.2931643,1.2423970038071275
1790389858.2986398,1.368614990497008
1790389858.3022802,1.2059530126862228
1790389858.3141644,1.768425980117172
1790389858.3767185,1.6954269958660007
1790389858.3819275,1.5304310072679073
1790389858.3966746,2.2427250223699957
1790389858.407242,1.4145960158202797
1790389858.419158,1.8035370158031583
1790389858.4268754,2.478081005392596
1790389858.4269469,3.139392996672541
1790389858.4491096,1.813267997931689
1790389858.4601054,1.7667929932940751
1790389858.4708316,1.9288839830551296
1790389858.4722002,1.2268009886611253
1790389858.4790802,1.332639978500083
1790389858.4952974,2.2134890023153275
1790389858.5084524,2.127554005710408
1790389858.523927,2.040266990661621
1790389858.5306063,1.9969949789810926
1790389858.5415423,1.8790460017044097
1790389858.5440176,1.3273000076878816
1790389858.5463767,1.644085015868768
1790389858.5678134,1.6788160137366503
1790389858.5704439,1.4195220137480646
1790389858.5802827,2.001660002861172
1790389858.5957584,1.8706709961406887
1790389858.603752,1.7289829847868532
1790389858.6170409,1.5816380036994815
1790389858.6204224,1.6272059874609113
1790389858.6809893,1.9602660031523556
1790389858.7040734,2.0427079871296883
1790389858.70809,1.8497550045140088
1790389858.7081616,2.4435860104858875
1790389858.7145457,1.4863769756630063
1790389858.7204306,1.6992010059766471
1790389858.7264473,1.7400029755663127
1790389858.732024,1.9273830112069845
1790389858.7493608,1.804826984880492
1790389858.771358,1.9694229995366186
1790389858.776693,2.1771900064777583
1790389858.7772558,1.4255389978643507
1790389858.7871408,1.5712679887656122
1790389858.8090463,1.6896809975150973
1790389858.8378947,1.8026769976131618
1790389858.8442223,1.7537130042910576
1790389858.8512876,1.8939159926958382
1790389858.859847,1.804155996069312
1790389858.860746,1.9681049743667245
1790389858.8616982,1.7428650171495974
1790389858.870189,2.261904999613762
1790389858.8709695,1.7708499799482524
1790389858.8917363,1.7267469957005233
1790389858.895738,1.508065004600212
1790389858.9048207,1.7938469827640802
1790389858.9199197,1.6529230051673949
1790389858.9629226,2.0329499966464937
1790389858.9719708,1.73042798996903
1790389858.988934,1.9666320004034787
1790389858.9948997,2.1612190175801516
1790389859.0031934,1.7122070130426437
1790389859.026676,2.568855998106301
1790389859.0344217,2.905301022110507
1790389859.034505,2.3739300086162984
1790389859.048981,1.888639002572745
1790389859.0767205,1.748662005411461
1790389859.0995529,1.8265729886479676
1790389859.128278,2.061511011561379
1790389859.131361,1.8475860124453902
1790389859.1336858,1.6829519881866872
1790389859.134754,1.8976640130858868
1790389859.149452,2.792352985125035
1790389859.1495316,2.362136001465842
1790389859.172705,1.8894450040534139
1790389859.213678,1.7774200241547078
1790389859.2286663,1.910012011649087
1790389859.2409341,1.8471840012352914
1790389859.253709,1.5853469958528876
1790389859.2738578,1.728067989461124
1790389859.2861536,1.7928310262504965
1790389859.291087,1.9399120064917952
1790389859.2924595,1.3631369802169502
1790389859.3104346,1.9009280076716095
1790389859.3277125,2.6604540180414915
1790389859.3279684,2.759309980319813
1790389859.3298447,1.2743409897666425
1790389859.3599265,1.9780189904849976
1790389859.3846962,1.9760029972530901
1790389859.4134142,1.8732140015345067
1790389859.4208953,1.8564569763839245
1790389859.4275975,1.7635099939070642
1790389859.4448812,1.7814070160966367
1790389859.4581978,1.7438400245737284
1790389859.4743557,2.418917021714151
1790389859.47587,2.44183000177145
1790389859.4764137,1.4295389992184937
1790389859.4779286,1.5043540042825043
1790389859.4790199,1.0818409791681916
1790389859.4835978,1.6760819999035448
1790389859.5575259,1.6663639980833977
1790389859.5640981,1.5754429914522916
1790389859.57865,1.8797399825416505
1790389859.6071272,1.7583510198164731
1790389859.6175985,1.6574729816056788
1790389859.6254895,2.0574459922499955
1790389859.6375387,1.9938029872719198
1790389859.6753902,1.881462027085945
1790389859.6890059,1.6853759880177677
1790389859.697202,2.2087219986133277
1790389859.7133317,2.081585000269115
1790389859.7140937,1.6838009760249406
1790389859.7172532,1.5309609880205244
1790389859.7200544,1.1842639942187816
1790389859.7418427,1.623488002223894
1790389859.7917018,1.9804879848379642
1790389859.811053,2.3020200023893267
1790389859.8187168,1.6227419837377965
1790389859.8333433,1.6651659971103072
1790389859.8528166,1.816966978367418
1790389859.8680108,2.171989995986223
1790389859.868079,2.9394369921647012
1790389859.8868814,1.553195994347334
1790389859.9125137,1.9797190034296364
1790389859.918035,1.5331880131270736
1790389859.93408,2.0886840065941215
1790389859.9532437,1.9873309938702732
1790389859.9555178,2.0392890146467835
1790389859.967651,2.9745600186288357
1790389859.9682,1.6852669941727072
1790389859.972475,2.613074000691995
1790389859.972569,3.356356988660991
1790389859.9888816,1.8625820230226964
1790389859.9971025,3.2255510159302503
1790389859.9971983,3.8115489878691733
1790389860.0194545,1.8738399958238006
1790389860.0549853,2.013162011280656
1790389860.055064,2.837253996403888
1790389860.0677676,2.0155590027570724
1790389860.0750425,2.1333130134735256
1790389860.078284,2.0168240007478744
1790389860.088237,2.2865910141263157
1790389860.1071038,3.0299990030471236
1790389860.1083143,2.50749199767597
1790389860.117971,2.1099000005051494
1790389860.1202445,1.807779015507549
1790389860.12286,1.8679880013223737
1790389860.2028067,1.7411739972885698
1790389860.2183783,2.0299390016589314
1790389860.2482324,1.8006580066867173
1790389860.2512233,1.8659119959920645
1790389860.2518115,1.5015229873824865
1790389860.2611842,2.396403986494988
1790389860.2988675,2.189232996897772
1790389860.3223238,1.6246190061792731
1790389860.3236802,1.2751570029649884
1790389860.3272138,1.436180988093838
1790389860.3442328,1.850734988693148
1790389860.347493,1.38170100399293
1790389860.354647,1.5861850115470588
1790389860.368614,1.679952023550868
1790389860.3714993,2.4418639950454235
1790389860.3715603,2.1017029939685017
1790389860.386373,2.23117001587525
1790389860.4283462,2.093684015562758
1790389860.4392905,1.8557709991000593
1790389860.472738,1.9005229987669736
1790389860.4823737,2.1956589771434665
1790389860.485465,1.6823019832372665
1790389860.491792,1.9194449996575713
1790389860.4973083,1.9044520158786327
1790389860.5170262,2.2363449970725924
1790389860.5171053,2.8138390043750405
1790389860.520402,1.747647998854518
1790389860.5204668,2.2324690071400255
1790389860.5319812,1.7200910078827292
1790389860.5522995,2.3246980272233486
1790389860.5695605,1.8662130169104785
1790389860.5919063,1.9524680101312697
1790389860.599252,1.7797780164983124
1790389860.6137905,1.6080889909062535
1790389860.6257818,1.956410997081548
1790389860.627291,1.4959469845052809
1790389860.6307185,1.557081995997578
1790389860.6329544,1.2497730203904212
1790389860.6376646,1.446481008315459
1790389860.64138,1.3413649867288768
1790389860.6454034,1.288251020014286
1790389860.6472056,1.0915379971265793
1790389860.674492,2.9316029977053404
1790389860.6751623,2.8944270161446184
1790389860.6761453,1.6435410070698708
1790389860.676201,2.742513024713844
1790389860.6775894,1.2879320129286498
1790389860.6999688,1.8577070150058717
1790389860.7125916,1.8714139878284186
1790389860.7144828,1.464421016862616
1790389860.7242186,2.5014220154844224
1790389860.7253525,3.7249829911161214
1790389860.7254426,2.3533130006399006
1790389860.727894,1.6042750212363899
1790389860.745968,1.9431950058788061
1790389860.7661371,1.9348360074218363
1790389860.77269,1.546482992125675
1790389860.792185,2.2817169956397265
1790389860.8375988,1.6308870108332485
1790389860.8427105,1.3089849962852895
1790389860.844116,1.1481030087452382
1790389860.846422,1.2224439997226
1790389860.8646157,2.501737995771691
1790389860.8863626,1.7637020209804177
1790389860.904793,1.9232609774917364
1790389860.9205172,1.7681799945421517
1790389860.9477706,1.8661729991436005
1790389860.9934275,1.9382280006539077
1790389861.0056105,2.0530780020635575
1790389861.0222728,1.7068960005417466
1790389861.024641,1.458964979974553
1790389861.0517097,1.8058359855785966
1790389861.0718129,1.8974780105054379
1790389861.0746608,1.282233017263934
1790389861.0991974,1.608470978680998
1790389861.1087196,1.639822992729023
1790389861.1651878,2.063209016341716
1790389861.1701703,1.5053900133352727
1790389861.181685,1.9755419925786555
1790389861.1832082,1.2929819931741804
1790389861.1965897,2.3881709785200655
1790389861.203986,1.5126009820960462
1790389861.2076123,2.077152981655672
1790389861.207714,2.736495021963492
1790389861.208667,2.0221339946147054
1790389861.211024,1.9164780096616596
1790389861.23728,1.7664069891907275
1790389861.2764535,1.6019920003600419
1790389861.2877438,1.6873650019988418
1790389861.295079,1.5145910147111863
1790389861.2983582,1.2919199944008142
1790389861.3198292,1.7004480178002268
1790389861.3271604,1.4101029955781996
1790389861.3345385,1.5701839874964207
1790389861.3452046,1.5904460160527378
1790389861.3939507,1.7528329917695373
1790389861.414829,1.7548250034451485
1790389861.4329047,3.0921540164854378
1790389861.4329805,2.48340901453048
1790389861.438166,1.265908998902887
1790389861.4404716,1.1945830192416906
1790389861.4431973,1.1854059994220734
1790389861.456703,1.8574370187707245
1790389861.476115,2.109344000928104
1790389861.5056293,1.7168890044558793
1790389861.528231,1.856988004874438
1790389861.5378008,1.589934981893748
1790389861.5485766,1.7215599946212023
1790389861.5782773,1.7018599901348352
1790389861.5794978,1.2019980058539659
1790389861.5956545,1.9528800039552152
1790389861.6311665,2.117163996445015
1790389861.6317768,1.5997809823602438
1790389861.64952,1.6282069846056402
1790389861.709687,1.7017060017678887
1790389861.7148592,1.503993000369519
1790389861.7199504,2.198418020270765
1790389861.7207155,2.322770014870912
1790389861.7215536,1.592209009686485
1790389861.741749,2.1067770139779896
1790389861.7436352,1.1864329862874001
1790389861.7453675,1.0958930070046335
1790389861.7554083,2.4288559798151255
1790389861.7782602,1.646463992074132
1790389861.8266714,1.9893170101568103
1790389861.8624418,1.8088530050590634
1790389861.8653274,1.309696992393583
1790389861.868876,1.3608719746116549
1790389861.87105,1.3632659974973649
1790389861.888199,2.065484004560858
1790389861.8886678,1.5616310120094568
1790389861.8913507,1.5372730267699808
1790389861.902195,1.6207139997277409
1790389861.927397,1.66597799398005
1790389861.9353666,1.6376829880755395
1790389861.9566283,2.0751880074385554
1790389861.9693127,1.5548189985565841
1790389861.9996588,2.5561430084053427
1790389862.0007253,1.5280459774658084
1790389862.0007873,2.4820539983920753
1790389862.0178497,1.6507789841853082
1790389862.0213418,1.340899005299434
1790389862.0352736,1.620766008272767
1790389862.078726,3.1247889855876565
1790389862.07879,2.451165986713022
1790389862.084525,3.4220420056954026
1790389862.0849123,3.345498989801854
1790389862.0849843,1.5144200006034225
1790389862.0988173,1.9465869991108775
1790389862.116337,2.4049209896475077
1790389862.116605,2.564794005593285
1790389862.1197782,1.2177610187791288
1790389862.1490943,1.9221369875594974
1790389862.150576,1.3070300046820194
1790389862.1669378,1.8515330157242715
1790389862.1882055,1.7248060030397028
1790389862.2084286,2.0978480170015246
1790389862.2279098,1.573944988194853
1790389862.2296364,1.3447020028252155
1790389862.2334523,1.342356001259759
1790389862.2373822,1.5786479925736785
1790389862.24044,1.1888009903486818
1790389862.243262,1.442443986888975
1790389862.2437088,1.4836059999652207
1790389862.2471614,1.1701870243996382
1790389862.2617261,1.684356975601986
1790389862.2874084,1.5723580145277083
1790389862.293268,1.7096390074584633
1790389862.305779,1.7343980143778026
1790389862.3125765,1.4271110121626407
1790389862.3177614,1.245503983227536
1790389862.332698,1.634478016057983
1790389862.3383434,1.391703000990674
1790389862.3839483,1.7051289905793965
1790389862.391189,1.9741550204344094
1790389862.3994577,1.4558550028596073
1790389862.4070096,2.0792330033145845
1790389862.4148252,1.9473760039545596
1790389862.4391441,1.957129017682746
1790389862.4583821,1.8747340072877705
1790389862.465851,1.7198440036736429
1790389862.4800968,1.5075609844643623
1790389862.5049243,1.9320540013723075
1790389862.5116735,1.5774409985169768
1790389862.5238686,1.7659410077612847
1790389862.558891,1.6364399925805628
1790389862.5749533,1.8572729895822704
1790389862.5770917,1.365259988233447
1790389862.5908706,1.642799994442612
1790389862.615852,1.602312026079744
1790389862.6192296,1.5446770121343434
1790389862.6237388,1.4622760063502938
1790389862.6310973,1.8049670034088194
1790389862.6405683,1.5104770136531442
1790389862.643437,1.5085659979376942
1790389862.6508977,1.4076229999773204
1790389862.6664624,1.5191299899015576
1790389862.6693223,1.483558997279033
1790389862.677016,1.6404380148742348
1790389862.6810033,1.4055070059839636
1790389862.685817,1.4701210020575672
1790389862.6988156,2.2995179751887918
1790389862.6991487,1.9955919997300953
1790389862.7008736,1.2229409767314792
1790389862.7217267,1.5525739872828126
1790389862.7269568,1.3119619979988784
1790389862.7305303,1.85077398782596
1790389862.753473,1.9010219839401543
1790389862.7593787,1.7346719978377223
1790389862.7644668,1.669935998506844
1790389862.767481,1.1838619830086827
1790389862.7765725,1.4964650035835803
1790389862.7863843,1.3693080109078437
1790389862.7995934,1.9478969916235656
1790389862.8220437,1.8677769985515624
1790389862.841032,1.92188800428994
1790389862.8427787,1.7344990046694875
1790389862.84303,1.5111849934328347
1790389862.860592,1.6568310093134642
1790389862.876768,1.5807609888724983
1790389862.884947,1.4793050067964941
1790389862.8878655,1.4570650237146765
1790389862.8947995,1.7378469929099083
1790389862.8992455,1.6465230146422982
1790389862.9013617,1.4996449754107744
1790389862.9233246,1.6253569920081645
1790389862.9322798,1.5637009928468615
1790389862.938531,1.3325810141395777
1790389862.9407933,1.2358070234768093
1790389862.94309,1.1723449861165136
1790389862.965746,2.5990740105044097
1790389862.983756,1.8962850153911859
1790389862.9878812,1.6081950161606073
1790389862.997174,1.489940012106672
1790389863.0039403,1.4159040001686662
1790389863.0084326,1.3392209948506206
1790389863.0182104,1.4723009953740984
1790389863.042485,2.7690029819495976
1790389863.0508676,2.393257018411532
1790389863.0662725,2.868579002097249
1790389863.0764139,1.674072991590947
1790389863.0780094,1.1910630273632705
1790389863.0792415,1.1386309925001115
1790389863.0814846,1.2164989893790334
1790389863.0973108,2.5484109937679023
1790389863.1279027,2.3943239939399064
1790389863.1284175,1.8105469935107976
1790389863.1667407,1.8874429806601256
1790389863.1704893,1.5378690150100738
1790389863.2286596,2.292552002472803
1790389863.2335126,2.293817000463605
1790389863.2658064,2.2807200148236006
1790389863.2736924,2.248359000077471
1790389863.284973,1.7565140151418746
1790389863.3182492,2.1436919923871756
1790389863.3526185,2.971137990243733
1790389863.3650913,1.8537349824327976
1790389863.3686674,1.539416000014171
1790389863.3958542,2.35789900762029
1790389863.4101741,2.119026001309976
1790389863.4209855,1.4322440256364644
1790389863.434987,2.157541981432587
1790389863.467572,2.511891012545675
1790389863.4694262,1.6502740036230534
1790389863.4719589,1.1946780141443014
1790389863.488789,2.081104990793392
1790389863.4968896,2.7533909888006747
1790389863.5005705,1.6432619886472821
1790389863.537864,5.957899003988132
1790389863.5381308,5.214277975028381
1790389863.5381877,3.7572269793599844
1790389863.5450497,1.6787780041340739
1790389863.575835,2.564905007602647
1790389863.5861013,2.480510011082515
1790389863.587766,1.4544670120812953
1790389863.5913193,1.4350010023918003
1790389863.6171646,2.2449019888881594
1790389863.6732593,2.2609780135098845
1790389863.7352057,3.2746079959906638
1790389863.759788,2.037567988736555
1790389863.7992907,3.5435160098131746
1790389863.8094933,7.868039014283568
1790389863.8096097,7.089552003890276
1790389863.8110263,1.3065000239294022
1790389863.812787,1.2470039946492761
1790389863.8225653,2.3486120044253767
1790389863.8243856,1.793903997167945
1790389863.8321073,1.625875011086464
1790389863.8455436,1.6991070006042719
1790389863.85049,1.2283849937375635
1790389863.8741229,2.323374996194616
1790389863.880305,1.8348779994994402
1790389863.883321,1.48438400356099
1790389863.8858418,1.1695870198309422
1790389863.8916416,1.7569689953234047
1790389863.9534838,2.115486015100032
1790389863.9778554,1.6279470000881702
1790389864.0057805,2.457495022099465
1790389864.0087166,1.3516530161723495
1790389864.013234,1.3530940050259233
1790389864.0194576,1.860538002802059
1790389864.0561016,2.282569999806583
1790389864.0885012,3.4037100267596543
1790389864.1057158,2.9948790033813566
1790389864.1110055,1.964299997780472
1790389864.113837,1.434795995010063
1790389864.1263506,1.8120100139640272
1790389864.1456804,2.373309980612248
1790389864.1514363,1.405083981808275
1790389864.175852,2.040979015873745
1790389864.188923,1.7318339960183948
1790389864.2083066,2.014603989664465
1790389864.2103667,1.4747529930900782
1790389864.2114494,1.0734969982877374
1790389864.2210655,1.5704410034231842
1790389864.223549,1.5622279897797853
1790389864.224376,1.1903889826498926
1790389864.2420127,2.374130010139197
1790389864.2475562,1.636751985643059
1790389864.2564683,2.1346879948396236
1790389864.2627592,1.6699880070518702
1790389864.2783685,1.5132270054891706
1790389864.295136,1.6213460185099393
1790389864.3072278,2.7711630100384355
1790389864.309385,2.6047980063594878
1790389864.3098667,1.9609910086728632
1790389864.3191788,1.3666109880432487
1790389864.3548372,3.5819349868688732
1790389864.3779173,2.293431985890493
1790389864.4023283,1.8332639883738011
1790389864.4156091,1.8900399736594409
1790389864.5149248,7.0137750008143485
1790389864.5171888,7.989853998878971
1790389864.5187578,3.33178200526163
1790389864.5394356,2.7117240242660046
1790389864.5448508,2.8248190064914525
1790389864.5672169,2.286457020090893
1790389864.5777433,3.2295889977831393
1790389864.5815613,5.484074994456023
1790389864.5857656,2.0927830191794783
1790389864.612087,12.369301985017955
1790389864.6137397,15.301548992283642
1790389864.6159866,15.50851101637818
1790389864.6183524,2.31590899056755
1790389864.6226902,2.4321320233866572
1790389864.6233246,1.5759860107209533
1790389864.6693983,6.5609489975031465
1790389864.671245,4.343152017099783
1790389864.6729307,1.5338860102929175
1790389864.6759992,2.5533059961162508
1790389864.6768084,1.9792969978880137
1790389864.6794808,1.8534219998400658
1790389864.6987162,8.149669010890648
1790389864.7043016,10.412190982606262
1790389864.7114427,6.194221001351252
1790389864.7193546,7.256079989019781
1790389864.719651,9.551786002703011
1790389864.7208092,4.330577998189256
1790389864.7285812,2.10986498859711
1790389864.767665,1.6699959815014154
1790389864.7738822,2.0332369895186275
1790389864.7951357,1.903463009512052
1790389864.812565,1.9290860218461603
1790389864.8204014,2.2265840088948607
1790389864.8254447,2.6297669974155724
1790389864.8276224,2.158232993679121
1790389864.8484335,2.2043789795134217
1790389864.8631184,2.0362619834486395
1790389864.8668556,1.52397999772802
1790389864.887407,2.3868080170359462
1790389864.9006193,1.6211360052693635
1790389864.9021838,1.2225270038470626
1790389864.9141939,1.686567993601784
1790389864.914631,1.2879349815193564
1790389864.929319,1.4919129898771644
1790389864.9318461,1.333577005425468
1790389864.953352,1.9270289922133088
1790389864.9671931,1.643360999878496
1790389864.9739413,2.24115201854147
1790389864.9885294,1.7006959824357182
1790389865.0351703,3.117465996183455
1790389865.041984,1.8439699779264629
1790389865.078732,5.349961982574314
1790389865.0803244,1.577115006512031
1790389865.0961282,1.6480269841849804
1790389865.0973427,1.2051520170643926
1790389865.100628,1.1208590003661811
1790389865.1048737,1.7018020153045654
1790389865.1095312,1.4435909979511052
1790389865.111203,1.1032299953512847
1790389865.113516,1.1442230024840683
1790389865.1199138,1.7956709780264646
1790389865.1502738,3.461875021457672
1790389865.1768394,3.3697129983920604
1790389865.1805677,2.435653004795313
1790389865.2128253,2.0540770201478153
1790389865.2135806,1.770785020198673
1790389865.2164433,1.2340969988144934
1790389865.2501955,2.693813992664218
1790389865.2507095,1.6306460020132363
1790389865.2556849,1.8885890021920204
1790389865.2913034,1.96421702275984
1790389865.2964346,1.3070610002614558
1790389865.3088121,1.487668021582067
1790389865.3336372,2.520037000067532
1790389865.376026,3.4409050131216645
1790389865.384976,1.9670629990287125
1790389865.3881965,1.546551997307688
1790389865.4015107,2.1064870234113187
1790389865.4203203,2.2397449938580394
1790389865.4218352,1.5018180129118264
1790389865.4249647,1.3753569801338017
1790389865.4317985,1.7906809807755053
1790389865.4358668,1.3474129955284297
1790389865.4407048,1.303159020608291
1790389865.4540906,1.8821970152202994
1790389865.4637911,1.713431003736332
1790389865.4762847,2.4597609881311655
1790389865.4768448,1.8831380002666265
1790389865.4839876,1.2973379925824702
1790389865.4860158,1.549057982629165
1790389865.5020695,1.7975489899981767
1790389865.516453,2.202701027272269
1790389865.5220869,1.8113040132448077
1790389865.5285647,1.7892659816425294
1790389865.53583,1.2245850230101496
1790389865.540666,1.3383130135480314
1790389865.5453844,1.4998980041127652
1790389865.5634785,1.8292500171810389
1790389865.5647342,1.2467110063880682
1790389865.5687344,1.1253719858359545
1790389865.5863698,1.533094997284934
1790389865.6168878,2.039711980614811
1790389865.635744,1.645428012125194
1790389865.6385236,1.2621530040632933
1790389865.6429145,1.7780050111468881
1790389865.6459272,1.440166000975296
1790389865.64952,1.6291489882860333
1790389865.6746628,1.66305698803626
1790389865.6747267,2.4286750121973455
1790389865.683732,2.6557509845588356
1790389865.7081861,1.768320013070479
1790389865.7159636,1.5339870005846024
1790389865.7164054,1.213360024848953
1790389865.7192926,1.154327008407563
1790389865.7412577,1.8376920197624713
1790389865.7473826,1.4418229984585196
1790389865.7612042,1.6236249939538538
1790389865.7702851,2.77304500923492
1790389865.7703526,1.9892799900844693
1790389865.773679,1.264480990357697
1790389865.7820537,1.33510900195688
1790389865.7849252,1.5852499927859753
1790389865.7863827,1.1694339918904006
1790389865.7898486,1.3516470207832754
1790389865.8025184,1.3954369933344424
1790389865.8114524,1.568861014675349
1790389865.8254294,2.993127010995522
1790389865.825528,3.6660000041592866
1790389865.8354063,1.6631759935989976
1790389865.8658702,1.7544460133649409
1790389865.9126618,3.107687021838501
1790389865.9329073,1.8243659869767725
1790389865.936891,2.104386978317052
1790389865.9371486,3.0300510115921497
1790389865.9627786,1.8287470156792551
1790389865.9791775,1.5077779826242477
1790389866.0077944,2.1424340084195137
1790389866.0123513,1.3684890000149608
1790389866.0228786,1.4126540045253932
1790389866.0535803,2.0721709879580885
1790389866.0804565,4.039331979583949
1790389866.0818,4.820295987883583
1790389866.0820057,3.512989991577342
1790389866.0825744,1.1870860180351883
1790389866.0878127,1.485787972342223
1790389866.0973527,1.4320049958769232
1790389866.0989504,1.1217610153835267
1790389866.1166172,1.955660991370678
1790389866.1247134,4.101676982827485
1790389866.1451201,1.7871749878395349
1790389866.1815867,2.2297200048342347
1790389866.2003105,1.8605520017445087
1790389866.2145724,1.7019690130837262
1790389866.2294452,1.6789929941296577
1790389866.2443235,1.648813980864361
1790389866.248772,1.783336017979309
1790389866.2513802,1.112439000280574
1790389866.2619843,2.021366002736613
1790389866.300528,1.583020988618955
1790389866.3108406,1.5080989978741854
1790389866.3119874,1.1379760107956827
1790389866.3181405,1.8892700027208775
1790389866.3218524,1.2095409911125898
1790389866.3299935,1.4881720126140863
1790389866.3365815,1.5044939937070012
1790389866.354371,2.6034400216303766
1790389866.3659391,1.6962430090643466
1790389866.3743327,2.0264710183255374
1790389866.379524,1.672509009949863
1790389866.4002914,1.5474930114578456
1790389866.422547,1.655138999922201
1790389866.428256,1.3769280049018562
1790389866.4294555,1.1909650056622922
1790389866.4689791,2.860151987988502
1790389866.4690652,3.9081279828678817
1790389866.475559,1.8547959916759282
1790389866.4799557,1.3591040042228997
1790389866.4969893,3.803314990364015
1790389866.5003927,1.6871730040293187
1790389866.5025663,1.7387919942848384
1790389866.5072653,1.2583810021169484
1790389866.5125813,1.1637560091912746
1790389866.5489795,1.7095289949793369
1790389866.5550406,1.5646159881725907
1790389866.5599103,2.2260980040300637
1790389866.5606542,1.9625260028988123
1790389866.5638297,1.2323950068093836
1790389866.573767,1.4395159960258752
1790389866.575626,1.399371976731345
1790389866.6368034,2.454353991197422
1790389866.6526046,2.2620180097874254
1790389866.6546357,1.285853999434039
1790389866.750006,2.4692740116734058
1790389866.79497,2.9734299750998616
1790389866.819472,1.5749160083942115
1790389866.8255053,1.4080870023462921
1790389866.8369336,1.834419002989307
1790389866.8382428,1.2971330143045634
1790389866.8648312,2.536193991545588
1790389866.8759756,1.8036990077234805
1790389866.90152,3.98597598541528
1790389866.9428172,5.112651007948443
1790389866.946089,1.7129520128946751
1790389866.9775946,2.9841309878975153
1790389867.004569,2.9524929996114224
1790389867.0582001,2.1431840141303837
1790389867.0633593,2.0989289914723486
1790389867.064607,2.7036149986088276
1790389867.0988948,2.9054130136501044
1790389867.1208253,2.6004359824582934
1790389867.1330557,4.624743975000456
1790389867.133256,3.7181139923632145
1790389867.1335888,3.3376310020685196
1790389867.1424148,1.477907004300505
1790389867.1569576,1.6729659982956946
1790389867.171372,2.9950999887660146
1790389867.175606,2.011342003243044
1790389867.1821218,3.8806380180176347
1790389867.1825104,4.7986120043788105
1790389867.1825988,3.502075996948406
1790389867.1924946,2.426521008601412
1790389867.1983352,1.8311819876544178
1790389867.2091053,2.066643995931372
1790389867.2091684,1.4956200029700994
1790389867.2369604,1.8683740054257214
1790389867.2393599,1.50713900802657
1790389867.2552433,4.359065991593525
1790389867.2599244,3.1493199930991977
1790389867.2605567,1.6900480259209871
1790389867.2688727,1.4657970168627799
1790389867.2992723,3.4450250095687807
1790389867.2999861,1.9207739969715476
1790389867.3122845,2.37385299988091
1790389867.3180268,1.7716879956424236
1790389867.3192978,1.2609560217242688
1790389867.3484414,3.05638401187025
1790389867.359803,1.8789279856719077
1790389867.361237,1.267657004063949
1790389867.375,1.664476003497839
1790389867.3825576,2.6004370010923594
1790389867.3826227,1.9741930009331554
1790389867.3837793,1.072017999831587
1790389867.4055088,2.625572989927605
1790389867.4205244,2.0583410223480314
1790389867.4385242,2.863815985620022
1790389867.4415686,1.5389439940918237
1790389867.4515383,1.5326050051953644
1790389867.4847834,2.0626129989977926
1790389867.4963975,1.6208940069191158
1790389867.5187118,2.8735430096276104
1790389867.5212965,1.706732000457123
1790389867.5304298,1.5415269881486893
1790389867.5394728,3.08739798492752
1790389867.571149,1.7224529874511063
1790389867.5838916,2.4212620046455413
1790389867.5868764,1.5814910002518445
1790389867.5927,2.754012995865196
1790389867.5927732,2.2348780184984207
1790389867.6439028,1.8096529820468277
1790389867.6502912,1.3206319999881089
1790389867.6515481,1.079853973351419
1790389867.6970942,1.5826769813429564
1790389867.7193143,2.169250976294279
1790389867.7198389,1.6626709839329123
1790389867.7263093,1.3442779891192913
1790389867.7366889,1.8891629879362881
1790389867.7533922,2.4163649941328913
1790389867.7543952,1.5231349971145391
1790389867.7560062,1.446868001949042
1790389867.7860203,1.8586100195534527
1790389867.7864645,1.5389660256914794
1790389867.814347,1.9856279832310975
1790389867.8249354,1.7414600006304681
1790389867.8471994,1.8904250173363835
1790389867.850637,1.422117988113314
1790389867.8548503,1.4078800159040838
1790389867.8652663,1.5866619942244142
1790389867.8784833,1.8832340138033032
1790389867.881057,1.3589650043286383
1790389867.8834999,1.2137209996581078
1790389867.9098666,1.6692840144969523
1790389867.914421,1.646802993491292
1790389867.9352844,2.318114013178274
1790389867.9353504,2.9633190133608878
1790389867.9634204,1.6848160012159497
1790389867.9719324,1.8104430055245757
1790389867.9804225,1.5457400004379451
1790389868.0008774,1.6458820027764887
1790389868.0059838,1.2900409928988665
1790389868.013262,1.8069270008709282
1790389868.0214672,1.7499519744887948
1790389868.0236688,1.2664009991567582
1790389868.0542727,1.6167959838639945
1790389868.0796773,1.6737389960326254
1790389868.0897408,2.3279179877135903
1790389868.0901976,1.4852259773761034
1790389868.093981,1.4070319884922355
1790389868.095559,1.0838440211955458
1790389868.0990584,1.683871989371255
1790389868.1175606,1.723327994113788
1790389868.1307027,1.6705199959687889
1790389868.1467931,1.6235590155702084
1790389868.1697698,1.681259978795424
1790389868.2070332,1.6479570185765624
1790389868.2451913,2.009135001571849
1790389868.2481232,1.4629590150434524
1790389868.2912672,1.7003829998429865
1790389868.3325853,2.288208983372897
1790389868.3399053,2.025455003604293
1790389868.3417003,1.7822419758886099
1790389868.3640242,2.1274510072544217
1790389868.364207,3.1538809998892248
1790389868.3646748,1.8051090009976178
1790389868.377807,1.8923199968412519
1790389868.4214876,1.8388119933661073
1790389868.4285731,1.461056002881378
1790389868.430196,1.2766379804816097
1790389868.4529958,2.9496280185412616
