timestamp,rtt
1790387317.9141467,4.769552004290745
1790387317.9148307,4.543795977951959
1790387317.915308,3.8146210135892034
1790387317.91676,4.288384021492675
1790387317.9171188,2.9598420078400522
1790387317.921635,1.6778810240793973
1790387317.9262025,1.6115449834614992
1790387317.9379742,2.0525289874058217
1790387317.9605348,1.7522849957458675
1790387317.9660017,1.5685429971199483
1790387318.0140827,2.7056529943365604
1790387318.0149755,2.132663008524105
1790387318.0206666,2.1071420051157475
1790387318.0293694,1.9228950259275734
1790387318.0462132,2.340065984753892
1790387318.0468392,1.7719540046527982
1790387318.051112,1.6864720091689378
1790387318.0601387,1.9550439901649952
1790387318.0640218,1.407025003572926
1790387318.0697017,1.5468389901798218
1790387318.0817482,1.8301689997315407
1790387318.089032,2.1578090090770274
1790387318.0928583,1.6774559917394072
1790387318.1091,1.9849849923048168
1790387318.1198287,1.7116640228778124
1790387318.134494,2.088960987748578
1790387318.143236,2.26083499728702
1790387318.1691597,2.1629180118907243
1790387318.1697404,1.7792530125007033
1790387318.1743672,2.2623429831583053
1790387318.2029881,2.142090001143515
1790387318.2304199,2.0103570132050663
1790387318.2584817,1.771670999005437
1790387318.266818,1.8580830073915422
1790387318.2735038,2.3334790021181107
1790387318.2741387,1.87169699347578
1790387318.2924674,1.8879529961850494
1790387318.3291352,1.99639200582169
1790387318.3374135,2.881026011891663
1790387318.4040298,2.6793190045282245
1790387318.4097064,2.829336008289829
1790387318.4098039,4.037238017190248
1790387318.410227,3.799013007665053
1790387318.4279346,2.033807017141953
1790387318.431269,2.4404359865002334
1790387318.4346619,2.5296490057371557
1790387318.4392107,2.0061600080225617
1790387318.440949,1.8596170120872557
1790387318.451285,2.103434002492577
1790387318.4626145,2.3072930052876472
1790387318.4658496,2.7541909948922694
1790387318.4784043,1.9857930019497871
1790387318.4889336,2.8667259903158993
1790387318.496864,3.089028992690146
1790387318.5061154,2.775458007818088
1790387318.5278325,1.7331560084130615
1790387318.535878,1.8714840116444975
1790387318.5500128,2.9504690028261393
1790387318.550068,2.397727017523721
1790387318.575779,1.9075739837717265
1790387318.5964255,1.7319420003332198
1790387318.5988126,1.8058989953715354
1790387318.6204805,1.6903560026548803
1790387318.6273155,1.7233180114999413
1790387318.6668,2.0134559890720993
1790387318.6677942,1.9305359746795148
1790387318.670368,1.8214359879493713
1790387318.7013566,2.488312980858609
1790387318.70992,2.307718008523807
1790387318.7100105,3.0564499902538955
1790387318.7641654,1.9644660060293972
1790387318.770265,1.6848620143719018
1790387318.80427,3.077403991483152
1790387318.8046236,2.4761319800745696
1790387318.8194664,1.6625210118945688
1790387318.8212476,1.2298490037210286
1790387318.8319466,3.4904920030385256
1790387318.8320215,2.313734992640093
1790387318.8698385,2.2050719999242574
1790387318.870771,1.9437750161159784
1790387318.8833106,1.738316990667954
1790387318.8915935,1.9879970059264451
1790387318.8941767,2.1192709973547608
1790387318.8946357,1.6532790032215416
1790387318.8959157,1.2697599886450917
1790387318.9065552,1.9545870018191636
1790387318.9212048,2.221020986326039
1790387318.9272525,2.055538003332913
1790387318.9719355,2.1752379834651947
1790387318.987353,2.0394930033944547
1790387318.9989197,2.297926024766639
1790387319.0132744,2.061827981378883
1790387319.0213223,1.9369510118849576
1790387319.0250528,2.073400013614446
1790387319.0392776,1.7844029935076833
1790387319.0660949,2.460901014273986
1790387319.066179,3.3353100006934255
1790387319.0798776,2.1709960128646344
1790387319.110939,2.0656439883168787
1790387319.1234202,2.0368109981063753
1790387319.1272242,1.7589420021977276
1790387319.1385448,1.6672210185788572
1790387319.1433697,1.5623549988958985
1790387319.145609,1.7702780023682863
1790387319.170704,2.1652319992426783
1790387319.182661,2.1396770025603473
1790387319.194506,2.1186969825066626
1790387319.196207,1.4858370122965425
1790387319.1996846,1.591277017723769
1790387319.2043784,2.621287014335394
1790387319.2044325,1.9039259932469577
1790387319.2414954,2.1493840031325817
1790387319.2524555,2.82715298817493
1790387319.2558086,2.0472259784583002
1790387319.2800057,2.2895699949003756
1790387319.2996387,1.9711240020114928
1790387319.301507,1.5176250017248094
1790387319.3116565,1.7082849808502942
1790387319.3288608,2.0962440175935626
1790387319.3344064,1.874809997389093
1790387319.344103,1.7373079899698496
1790387319.3443916,2.53854101174511
1790387319.3633025,3.538088989444077
1790387319.3878913,2.072957984637469
1790387319.4001396,1.6026720113586634
1790387319.4240685,1.7737779999151826
1790387319.4348917,2.019937994191423
1790387319.4495585,1.8075059924740344
1790387319.460558,1.5007090114522725
1790387319.4900892,2.099982986692339
1790387319.516358,2.076470002066344
1790387319.5352454,2.3451250162906945
1790387319.5420415,1.5010900096967816
1790387319.552095,3.031707979971543
1790387319.561978,2.4314490146934986
1790387319.5863948,2.0702379988506436
1790387319.5938218,1.7245110066141933
1790387319.5990055,1.978720014449209
1790387319.6024015,3.375125990714878
1790387319.6451316,3.603858989663422
1790387319.646003,2.4179530155379325
1790387319.6518676,1.5942069876473397
1790387319.6579447,2.305167989106849
1790387319.6876566,1.7480220121797174
1790387319.7102137,1.8041190051008016
1790387319.7366564,1.6218259988818318
1790387319.7473624,1.6990980075206608
1790387319.7652545,2.049481001449749
1790387319.7657347,1.4417629863601178
1790387319.768613,1.0791670065373182
1790387319.7856796,1.9060960039496422
1790387319.8053234,2.19834697782062
1790387319.8059003,1.5514609985984862
1790387319.8079145,1.5448190097231418
1790387319.8149107,1.7706910148262978
1790387319.8204792,2.738060022238642
1790387319.8216965,2.2382980096153915
1790387319.8484025,1.6593080072198063
1790387319.868291,1.6753610107116401
1790387319.8880816,1.9352230010554194
1790387319.9334219,2.138294978067279
1790387319.9335043,3.0197229934856296
1790387319.968231,1.6454189899377525
1790387319.9737704,1.5800959954503924
1790387319.9930048,1.7258269945159554
1790387319.9979413,1.7288259987253696
1790387320.0757396,1.934440981131047
1790387320.0932512,2.104145009070635
1790387320.117708,1.7015080084092915
1790387320.1269655,2.5588230055291206
1790387320.1270158,2.126008999766782
1790387320.128432,1.2896069965790957
1790387320.1299975,1.3330969959497452
1790387320.143842,2.177867019781843
1790387320.1647282,2.9081290122121572
1790387320.1658728,2.1694310125894845
1790387320.177117,2.8647870058193803
1790387320.1889822,2.4086149933282286
1790387320.1937776,2.698578027775511
1790387320.195822,1.6955879982560873
1790387320.1977117,1.55208699288778
1790387320.2291782,1.8571599794086069
1790387320.2617095,2.457291993778199
1790387320.2729368,1.8125269853044301
1790387320.2800498,1.8442239961586893
1790387320.2945,2.026541013037786
1790387320.2962508,1.6549130086787045
1790387320.341012,3.232276998460293
1790387320.3411093,2.5638689985498786
1790387320.350418,3.61848997999914
1790387320.350506,3.0198510212358087
1790387320.3523257,1.6557060007471591
1790387320.3635697,2.6707490033004433
1790387320.3697648,2.6173630030825734
1790387320.381619,2.8828530048485845
1790387320.3845482,2.910473005613312
1790387320.39074,3.052162006497383
1790387320.4388306,2.3979360121302307
1790387320.4445403,2.596790000097826
1790387320.4458995,2.3055640049278736
1790387320.4467778,2.069742011372
1790387320.4506376,2.4275459873024374
1790387320.460341,1.8461360014043748
1790387320.463446,2.362956991419196
1790387320.4797935,1.639438996789977
1790387320.5002155,2.3594480007886887
1790387320.514385,1.8032490042969584
1790387320.524319,1.8040590221062303
1790387320.5267274,1.4316189917735755
1790387320.5366797,1.7051120230462402
1790387320.5501685,2.0124349975958467
1790387320.575349,2.166521007893607
1790387320.5851471,2.707795996684581
1790387320.5864513,2.592140983324498
1790387320.6023242,2.0997360115870833
1790387320.6144407,1.7759600013960153
1790387320.6208224,1.8740719824563712
1790387320.6322742,2.179369010264054
1790387320.6586676,2.2387499921023846
1790387320.660897,1.470037008402869
1790387320.674746,1.9884250068571419
1790387320.6780813,1.335334003670141
1790387320.6864407,1.7873629985842854
1790387320.7191722,2.4313610047101974
1790387320.7333426,1.9928649999201298
1790387320.7340503,1.7624339961912483
1790387320.7431335,2.1866890019737184
1790387320.7455082,1.6535920149181038
1790387320.7477102,1.3196949730627239
1790387320.7512455,1.3904860243201256
1790387320.7788875,1.802129001589492
1790387320.7793443,1.3440549955703318
1790387320.7814844,1.521778991445899
1790387320.7973933,3.2979819807223976
1790387320.8208892,1.9987970008514822
1790387320.8313265,2.547575975768268
1790387320.8342695,2.120422024745494
1790387320.8407454,3.356053988682106
1790387320.8415039,3.4040210011880845
1790387320.8423097,1.553545007482171
1790387320.8495004,2.208780002547428
1790387320.8608804,2.7612319972831756
1790387320.8672712,1.994309015572071
1790387320.8802817,2.1604679932352155
1790387320.8825285,2.230237005278468
1790387320.8961577,2.1809120080433786
1790387320.9009569,2.065993001451716
1790387320.904097,2.227878983831033
1790387320.9266996,1.9950499990954995
1790387320.9425058,1.858407020336017
1790387320.99538,2.0521490077953786
1790387321.0075738,1.8754869815893471
1790387321.0492437,2.2603450051974505
1790387321.057393,2.048975002253428
1790387321.0711274,1.7402340017724782
1790387321.0993865,1.7664650222286582
1790387321.1067894,1.4121269923634827
1790387321.1173544,1.6794699768070132
1790387321.1299465,2.2824009938631207
1790387321.1305506,1.6903959913179278
1790387321.1361856,1.6844060155563056
1790387321.1470246,1.6383420152124017
1790387321.1545184,1.4130079944152385
1790387321.1753151,2.0461110107135028
1790387321.223569,1.728418021230027
1790387321.2285066,1.4838100178167224
1790387321.2429693,1.6542150115128607
1790387321.2464693,1.5139050083234906
1790387321.2650523,2.686497988179326
1790387321.26604,1.9291809876449406
1790387321.2685857,1.983848022064194
1790387321.2728813,1.800796017050743
1790387321.2860293,2.7234070003032684
1790387321.294855,2.643929998157546
1790387321.3021712,2.6904260157607496
1790387321.3261268,2.592678996734321
1790387321.3328562,2.0265739876776934
1790387321.3563004,2.9521469841711223
1790387321.3563964,2.514688007067889
1790387321.37128,1.8478140118531883
1790387321.3830278,2.684328006580472
1790387321.4074667,2.104813000187278
1790387321.4284136,1.6872039996087551
1790387321.4305186,1.2129359820391983
1790387321.4348485,1.5806989977136254
1790387321.4704092,1.7641459999140352
1790387321.47266,1.2114080018363893
1790387321.4777682,1.35893898550421
1790387321.5101736,2.0078819943591952
1790387321.5141582,1.9786809862125665
1790387321.5142481,2.971401991089806
1790387321.531116,2.13893098407425
1790387321.5327952,1.5572920092381537
1790387321.5351918,1.2773160124197602
1790387321.6248329,3.358028014190495
1790387321.6459143,3.079427988268435
1790387321.6459954,2.549470984376967
1790387321.6523004,3.152354998746887
1790387321.6523812,3.138289990602061
1790387321.6594443,2.3310959804803133
1790387321.6901886,2.4896690156310797
1790387321.7012239,2.2276220261119306
1790387321.718856,2.6460459921509027
1790387321.7528274,2.6826270041055977
1790387321.7669535,3.6617460136767477
1790387321.7828512,3.05895900237374
1790387321.8073456,2.892910997616127
1790387321.8235774,3.8516420172527432
1790387321.829766,6.166559993289411
1790387321.8517048,2.6631910004653037
1790387321.8599517,2.635362994624302
1790387321.864566,2.428217005217448
1790387321.8729088,2.9385749949142337
1790387321.8854895,2.27857701247558
1790387321.920605,2.426158986054361
1790387321.9346306,3.2330669928342104
1790387321.9382627,2.374197996687144
1790387321.9409828,2.097930002491921
1790387321.949838,1.9557210034690797
1790387321.957813,2.4748819996602833
1790387321.957894,3.4736380039248616
1790387321.9672315,2.4901090073399246
1790387321.9678988,1.777172990841791
1790387322.009278,2.837969019310549
1790387322.0153077,3.0081159784458578
1790387322.01681,2.888754999730736
1790387322.0204697,2.234288986073807
1790387322.051567,2.1499140129890293
1790387322.0776627,2.546311996411532
1790387322.0783765,1.878056995337829
1790387322.086306,1.7994960071519017
1790387322.1105306,2.0207110210321844
1790387322.129469,1.7978450050577521
1790387322.1546257,1.888261002022773
1790387322.1700726,4.097646014997736
1790387322.170268,3.7408170173875988
1790387322.1703563,2.8048350068274885
1790387322.170616,1.9599430088419467
1790387322.1916955,1.9914449949283153
1790387322.218829,1.661598013015464
1790387322.224744,1.6124710091389716
1790387322.2296057,1.794331008568406
1790387322.2318006,1.7956039810087532
1790387322.268358,2.0224539912305772
1790387322.314916,1.8754379998426884
1790387322.3177614,1.4843239914625883
1790387322.3332741,1.6987890121527016
1790387322.3462853,2.1587680093944073
1790387322.3864787,2.0332489802967757
1790387322.3933177,1.4884959964547306
1790387322.40844,2.8266930021345615
1790387322.4085274,3.796386008616537
1790387322.4253812,1.8112880061380565
1790387322.4512475,2.094227005727589
1790387322.470055,2.0223419996909797
1790387322.472608,1.459685998270288
1790387322.4741082,1.3882550119888037
1790387322.4766726,1.6955290047917515
1790387322.4857697,1.8556939903646708
1790387322.5288253,3.020518022822216
1790387322.5302954,2.174617984564975
1790387322.5400543,2.3982459970284253
1790387322.5503597,2.8459749883040786
1790387322.5538838,2.6461780071258545
1790387322.5809677,2.6834930176846683
1790387322.5928032,2.7396420191507787
1790387322.6007843,3.1958020117599517
1790387322.6026216,3.238208999391645
1790387322.6169002,3.130846016574651
1790387322.6351786,3.109740006038919
1790387322.6516838,3.062953008338809
1790387322.6560297,2.71717002033256
1790387322.6708364,2.8530199779197574
1790387322.6715627,2.2843219921924174
1790387322.6798,2.8019919991493225
1790387322.7041368,3.0227259849198163
1790387322.72459,2.882057015085593
1790387322.731166,3.2249469950329512
1790387322.7358158,2.326926012756303
1790387322.7469177,2.3324099893216044
1790387322.753133,2.3652130039408803
1790387322.7920225,1.9615229975897819
1790387322.8078609,1.9140200165566057
1790387322.8120067,1.824747014325112
1790387322.820155,2.211459999671206
1790387322.8213327,2.3077579971868545
1790387322.8256295,1.6856350121088326
1790387322.8309486,1.7719860188663006
1790387322.8470151,2.783878007903695
1790387322.8625395,2.3156589886639267
1790387322.8641756,1.4904899871908128
1790387322.865897,1.5748089936096221
1790387322.8734689,2.071823982987553
1790387322.8879974,2.3513310006819665
1790387322.890604,1.7836070037446916
1790387322.895655,2.282838977407664
1790387322.9112804,1.7537290113978088
1790387322.9188378,3.3119249856099486
1790387322.9189215,1.9277109822724015
1790387322.9496999,1.8974610138684511
1790387322.9761655,2.030670002568513
1790387323.0109308,2.3372580180875957
1790387323.0211585,2.5343350134789944
1790387323.0335343,1.631780993193388
1790387323.0412257,1.77899599657394
1790387323.0498343,1.66884801001288
1790387323.079411,2.180682000471279
1790387323.079918,1.565413986099884
1790387323.0971375,1.7499609966762364
1790387323.1208687,3.32566600991413
1790387323.1209598,2.7489149942994118
1790387323.1565084,2.113419002853334
1790387323.1615362,1.7722430056892335
1790387323.182322,2.4421580019406974
1790387323.1866589,2.213600993854925
1790387323.2130232,2.5084350199904293
1790387323.2496166,2.0660020236391574
1790387323.2563953,2.361094986554235
1790387323.2572396,1.8128300143871456
1790387323.2581627,1.647208002395928
1790387323.2642367,2.1865809976588935
1790387323.31949,2.6287979853805155
1790387323.3341384,2.4655130109749734
1790387323.3641806,2.993314992636442
1790387323.3871915,2.524935989640653
1790387323.4311924,2.38227000227198
1790387323.4492323,2.708714018808678
1790387323.4505033,2.5693660136312246
1790387323.457538,2.308031980646774
1790387323.4669104,3.035048983292654
1790387323.4945571,4.537688015261665
1790387323.4957507,4.780586983542889
1790387323.4962816,4.384725994896144
1790387323.51291,2.9977420053910464
1790387323.5230556,3.1317990215029567
1790387323.5309362,3.4216410131193697
1790387323.5363116,3.3528490166645497
1790387323.550951,2.95994701446034
1790387323.566624,2.9355149890761822
1790387323.5766442,2.7847510064020753
1790387323.5849786,2.859585016267374
1790387323.6101186,2.622538013383746
1790387323.6215224,2.028376009548083
1790387323.6256964,2.384615014307201
1790387323.6283588,2.09193499176763
1790387323.646399,2.844746020855382
1790387323.6764038,2.402279991656542
1790387323.6821578,2.074864984024316
1790387323.7017639,2.544415998272598
1790387323.7117267,2.4711099977139384
1790387323.719654,2.4327849969267845
1790387323.7702801,2.824177994625643
1790387323.808713,3.058283997233957
1790387323.8088357,2.4566049978602678
1790387323.81668,3.3191760012414306
1790387323.8167572,2.704381011426449
1790387323.8204157,2.0406190014909953
1790387323.82225,1.818651013309136
1790387323.851598,2.0991470082663
1790387323.896731,1.9402229809202254
1790387323.8984184,1.5778009837958962
1790387323.9050694,2.0534749783109874
1790387323.9080906,2.686255000298843
1790387323.908537,2.5697190139908344
1790387323.9086137,1.9715449889190495
1790387323.9147685,1.7937159864231944
1790387323.919438,1.6473089926876128
1790387323.9385397,1.9238450040575117
1790387323.940847,1.4320440241135657
1790387323.9495342,1.7970319895539433
1790387323.9664207,1.8042630108539015
1790387323.9698668,1.884416997199878
1790387323.9796834,2.1687769913114607
1790387323.9850507,2.124029997503385
1790387323.9897492,2.0986070157960057
1790387324.023853,2.778025984298438
1790387324.0248697,1.4740669867023826
1790387324.0268106,1.5066589985508472
1790387324.029651,1.4326570089906454
1790387324.0361075,1.6842980112414807
1790387324.038949,2.1316409984137863
1790387324.0703623,2.3802280193194747
1790387324.071526,2.1094010153319687
1790387324.0755959,2.0475680066738278
1790387324.1021774,1.936007000040263
1790387324.1069314,1.9598449871409684
1790387324.131202,1.9240490219090134
1790387324.1438494,2.3677439894527197
1790387324.1444552,1.9264320144429803
1790387324.1543186,2.1354699856601655
1790387324.1767242,2.461475000018254
1790387324.1884892,2.043860004050657
1790387324.19773,3.05406199186109
1790387324.2144485,2.4306180130224675
1790387324.243591,2.3067319998517632
1790387324.2446153,2.6473769976291806
1790387324.24749,2.321877982467413
1790387324.2564816,2.85004498437047
1790387324.2572913,1.7527360178064555
1790387324.2652912,2.3924809938762337
1790387324.2730265,1.781477010808885
1790387324.2840815,2.4873399815987796
1790387324.3109846,1.8088679935317487
1790387324.3115427,1.6483569925185293
1790387324.3314488,2.153926994651556
1790387324.331989,4.08142400556244
1790387324.3320425,3.936172986868769
1790387324.334662,1.8115940038114786
1790387324.3478067,1.7947329906746745
1790387324.3743837,2.2113420127425343
1790387324.377856,1.8047869962174445
1790387324.3872566,2.5119789934251457
1790387324.3982265,2.2518259938806295
1790387324.4065526,1.8718299979809672
1790387324.4092524,2.0550600020214915
1790387324.4144943,2.289414987899363
1790387324.4360042,2.72910701460205
1790387324.4491541,1.9652060000225902
1790387324.4651783,1.829924003686756
1790387324.4896054,1.8007720063906163
1790387324.5136907,2.319730003364384
1790387324.531369,2.6641300064511597
1790387324.5511816,2.874736994272098
1790387324.5512583,2.867329982109368
1790387324.5692348,2.2001230099704117
1790387324.5926814,1.6823670011945069
1790387324.6041582,1.979207998374477
1790387324.6165411,1.8370900070294738
1790387324.63545,2.2138390049804
1790387324.6421072,1.9471539999358356
1790387324.6470504,1.614518987480551
1790387324.6507418,1.9239679968450218
1790387324.6511736,1.386361982440576
1790387324.6525962,1.1965330049861223
1790387324.6566443,1.5699630021117628
1790387324.6685474,1.6598729998804629
1790387324.6861808,1.853318011853844
1790387324.6984777,2.169665996916592
1790387324.7052157,2.0913560001645237
1790387324.70572,1.7154649831354618
1790387324.7273753,2.07470401073806
1790387324.7355938,1.705243979813531
1790387324.748788,2.221080008894205
1790387324.8009825,1.8666769901756197
1790387324.815713,2.317309001227841
1790387324.8162613,1.7776709864847362
1790387324.82242,2.01805800315924
1790387324.8279371,1.7185109900310636
1790387324.8622675,2.088845008984208
1790387324.8669634,2.1205289813224226
1790387324.868762,1.5248209820128977
1790387324.883981,2.4145609932020307
1790387324.9153702,1.7796149768400937
1790387324.9207265,1.3712499930988997
1790387324.926982,1.829074986744672
1790387324.9435496,2.0851170120295137
1790387324.9589858,2.2192329925019294
1790387324.965394,1.8465699977241457
1790387324.9763865,1.7618270067032427
1790387325.0006437,1.9307500042486936
1790387325.011495,1.8107689975295216
1790387325.01661,2.2448140080086887
1790387325.019923,2.2439080057665706
1790387325.034837,2.073410985758528
1790387325.04687,2.0180519786663353
1790387325.052972,2.6881269877776504
1790387325.0539873,1.6148529830388725
1790387325.0545323,3.1555819732602686
1790387325.0876906,1.9448889943305403
1790387325.091289,1.7253220139537007
1790387325.0918617,1.6355049738194793
1790387325.1188493,2.691236004466191
1790387325.1297388,2.9736900178249925
1790387325.1308618,2.154410001821816
1790387325.138681,2.6125049917027354
1790387325.1587524,1.7518539971206337
1790387325.168788,2.645127009600401
1790387325.1689541,2.0299449970480055
1790387325.169419,1.9772459927480668
1790387325.1997025,1.7206649936269969
1790387325.2222614,1.8501970043871552
1790387325.2321086,1.7825899994932115
1790387325.2350957,1.6112439916469157
1790387325.25047,2.057292003883049
1790387325.2697554,1.941950002219528
1790387325.3149626,2.0275819988455623
1790387325.3276272,3.0576860008295625
1790387325.3284657,1.8522609898354858
1790387325.3285558,3.8345509965438396
1790387325.3373964,2.0199760037939996
1790387325.3379114,1.349490019492805
1790387325.3616154,1.9065960077568889
1790387325.3635976,1.2869180063717067
1790387325.371965,1.9045950029976666
1790387325.3755915,1.6882779891602695
1790387325.3903096,2.026626985752955
1790387325.403893,2.9346770024858415
1790387325.403986,2.4796230136416852
1790387325.4156582,1.672920974669978
1790387325.425898,1.6624739801045507
1790387325.4489145,1.7615329998079687
1790387325.4551222,2.3417859920300543
1790387325.4645984,1.7723340133670717
1790387325.4646776,2.806875010719523
1790387325.514379,1.796525000827387
1790387325.517595,1.4194840041454881
1790387325.5270658,1.6703289875295013
1790387325.5397706,1.9928069959860295
1790387325.5647225,2.2356629779096693
1790387325.580123,2.264123992063105
1790387325.6021864,2.505825978005305
1790387325.615347,1.9976519979536533
1790387325.6205738,1.7156289832200855
1790387325.6228135,1.4617210254073143
1790387325.647749,2.0912420004606247
1790387325.6496391,1.782707986421883
1790387325.6591983,1.639922003960237
1790387325.6636553,1.418837025994435
1790387325.6692715,1.6863629862200469
1790387325.6807096,1.8506180203985423
1790387325.7095122,1.9098699849564582
1790387325.7165644,1.7694809939712286
1790387325.7332819,1.997029990889132
1790387325.7382805,1.8276689806953073
1790387325.7526786,1.8678049964364618
1790387325.7717948,2.280256012454629
1790387325.77782,2.584586007287726
1790387325.7816284,3.793059993768111
1790387325.7832203,2.389180997852236
1790387325.783371,3.6520870053209364
1790387325.7877188,2.44475100771524
1790387325.7903209,2.1151049877516925
1790387325.7963643,2.067661000182852
1790387325.8080397,2.269757998874411
1790387325.8209126,1.8264399841427803
1790387325.828876,1.940935995662585
1790387325.8388703,2.2398169967345893
1790387325.851198,1.9561790104489774
1790387325.8575153,1.7894530028570443
1790387325.8679671,1.8622060015331954
1790387325.872688,1.8571219989098608
1790387325.892615,1.8617119931150228
1790387325.9247186,2.7399350074119866
1790387325.950792,2.1504019969142973
1790387325.981227,2.138818003004417
1790387325.9825118,1.4246379723772407
1790387325.9854186,1.3510419812519103
1790387325.988823,1.2633510050363839
1790387325.9991713,1.699192012893036
1790387325.9999926,1.5618949837516993
1790387326.0057387,1.3865029904991388
1790387326.0336275,1.7913269985001534
1790387326.035084,1.3171889877412468
1790387326.0634282,2.2171429882291704
1790387326.0643952,1.4309310063254088
1790387326.0744867,1.782367005944252
1790387326.0889213,1.6826720093376935
1790387326.0920722,1.6260579868685454
1790387326.1057565,2.0321909978520125
1790387326.1197543,1.641303999349475
1790387326.1260965,1.5398309915326536
1790387326.1401298,2.1104800107423216
1790387326.1582716,2.2930619888938963
1790387326.1855195,1.9414949929341674
1790387326.2040892,2.4440349952783436
1790387326.2049367,1.8536100105848163
1790387326.218176,2.094919007504359
1790387326.233732,1.949570985743776
1790387326.2374737,1.5386049926746637
1790387326.2500305,1.6648830205667764
1790387326.301915,1.6278550028800964
1790387326.3221762,2.257789979921654
1790387326.322714,1.7489420133642852
1790387326.328601,1.714394020382315
1790387326.3431795,2.4880599812604487
1790387326.3432686,3.4264610148966312
1790387326.3526685,2.0696840074378997
1790387326.3576634,2.3446810082532465
1790387326.3858423,1.900849980302155
1790387326.3906121,1.8297689966857433
1790387326.3947942,1.5380170079879463
1790387326.4213622,1.8725120171438903
1790387326.422813,1.3224139984231442
1790387326.4288816,1.6637850203551352
1790387326.4310882,1.2753659975714982
1790387326.4547644,2.0547799940686673
1790387326.4986713,1.631588995223865
1790387326.5109677,1.7061170074157417
1790387326.5174124,1.6566530102863908
1790387326.545765,1.9086870015598834
1790387326.5921855,1.9670449837576598
1790387326.612302,1.7933569906745106
1790387326.6150746,1.2680499930866063
1790387326.6313326,2.648093010066077
1790387326.6314461,2.6589030167087913
1790387326.6352103,1.4508790045510978
1790387326.641082,1.5789740136824548
1790387326.660124,2.009916992392391
1790387326.6719518,1.6598450019955635
1790387326.7123363,1.9391959940548986
1790387326.7161474,1.2562860210891813
1790387326.7183356,1.2816989910788834
1790387326.7205148,1.280242984648794
1790387326.7253325,2.5958270125556737
1790387326.725403,2.112689020577818
1790387326.731814,1.4933219936210662
1790387326.7430608,1.853438006946817
1790387326.7504199,1.52697300654836
1790387326.7949493,1.9208230078220367
1790387326.8028085,2.7574480045586824
1790387326.834659,2.077074983390048
1790387326.8363779,1.3199210225138813
1790387326.846288,1.6416829894296825
1790387326.8888285,2.0195060060359538
1790387326.8956966,1.7151710053440183
1790387326.9122243,1.9377970020286739
1790387326.9350157,1.7239109729416668
1790387326.9380755,1.1959430121351033
1790387326.9416192,1.2469399953261018
1790387326.960328,1.866353995865211
1790387326.9637194,1.7135340021923184
1790387326.96551,1.371156016830355
1790387326.9670382,1.2646899849642068
1790387326.986729,1.8196159799117595
1790387326.9989033,2.3601299908477813
1790387327.0074914,2.2527679975610226
1790387327.0168796,1.4775930030737072
1790387327.0325172,1.8231449939776212
1790387327.0518236,1.8368230084888637
1790387327.094879,2.702358993701637
1790387327.0949497,2.21865699859336
1790387327.099223,1.378857996314764
1790387327.1129355,1.9376290147192776
1790387327.1227067,1.7820569919422269
1790387327.1288745,1.7591149953659624
1790387327.1425288,1.8773720075841993
1790387327.1639497,1.694773993222043
1790387327.167293,1.8402700079604983
1790387327.1837587,2.3352600110229105
1790387327.1914434,1.678224973147735
1790387327.2057443,2.1539849985856563
1790387327.206937,1.1822560045402497
1790387327.2221062,1.6725639870855957
1790387327.2321932,2.3514200001955032
1790387327.2444453,1.653949002502486
1790387327.2557704,1.907166006276384
1790387327.2563977,1.3721080031245947
1790387327.2640543,2.143382007488981
1790387327.2760544,1.9845459901262075
1790387327.276469,3.0920470017008483
1790387327.2774658,1.4026460121385753
1790387327.2909832,1.5892270021140575
1790387327.2927659,1.4188210188876837
1790387327.3027565,1.6970639990177006
1790387327.3060484,1.3916610041633248
1790387327.307659,1.4925349969416857
1790387327.3423364,2.2775869874749333
1790387327.3456829,1.3327300257515162
1790387327.3482444,1.2153820134699345
1790387327.354007,1.4674720005132258
1790387327.3655865,1.6388149815611541
1790387327.3820791,2.2959030175115913
1790387327.3869746,1.4210590161383152
1790387327.3896852,1.497724006185308
1790387327.3937607,1.1304910003673285
1790387327.448753,1.861169992480427
1790387327.4571571,1.5162700146902353
1790387327.4773812,1.7955460061784834
1790387327.4817562,1.4470359892584383
1790387327.4901013,1.780638995114714
1790387327.5119839,1.9280490232631564
1790387327.512844,1.658021006733179
1790387327.518549,2.223185991169885
1790387327.526067,2.470150007866323
1790387327.5885713,1.8813490169122815
1790387327.597248,1.5309000154957175
1790387327.6097305,1.6242930141743273
1790387327.6334774,2.5965450040530413
1790387327.6344998,1.4837289927527308
1790387327.6462042,2.854065998690203
1790387327.6462848,3.4387790074106306
1790387327.6500485,2.1483610034920275
1790387327.6698015,3.1604999967385083
1790387327.6707363,2.394738985458389
1790387327.703345,1.7439200018998235
1790387327.7069888,1.5606980014126748
1790387327.7113218,1.3321599981281906
1790387327.7161472,4.032872006064281
1790387327.7162232,3.6412420158740133
1790387327.7167711,1.6308700141962618
1790387327.7192378,2.456462010741234
1790387327.7202754,1.7312309937551618
1790387327.7203412,2.7351200114935637
1790387327.7299604,2.0465349953155965
1790387327.7519972,1.700155989965424
1790387327.773912,2.035347977653146
1790387327.777032,1.7269259842578322
1790387327.787984,2.239299996290356
1790387327.8026278,2.0142680150456727
1790387327.8074868,1.799819990992546
1790387327.8184047,2.0257589931134135
1790387327.8462036,2.390540001215413
1790387327.8576949,1.6344299947377294
1790387327.8726635,2.0445469999685884
1790387327.8847156,1.779372018063441
1790387327.9021847,2.2950329876039177
1790387327.9264143,1.821373007260263
1790387327.932948,2.818556997226551
1790387327.9575953,2.0044810080435127
1790387327.9781585,2.1989530068822205
1790387327.984746,1.9830779929179698
1790387328.0299294,1.8993749981746078
1790387328.042557,2.522113994928077
1790387328.0519953,2.0865639962721616
1790387328.1270592,2.9811220010742545
1790387328.1420226,2.2195850033313036
1790387328.1806045,1.8267440027557313
1790387328.1966655,1.6542569792363793
1790387328.2083254,1.5947290230542421
1790387328.2375624,2.8639850206673145
1790387328.2721412,1.7447609861847013
1790387328.28255,1.9389649969525635
1790387328.298906,2.2414359846152365
1790387328.3150826,2.0594500238075852
1790387328.3185463,2.2964749950915575
1790387328.3190393,1.6002149786800146
1790387328.3246465,1.2883429881185293
1790387328.3466914,1.6621139948256314
1790387328.3516312,2.0241099991835654
1790387328.360456,2.1723139798268676
1790387328.361924,1.334570988547057
1790387328.36916,3.1493830028921366
1790387328.3693702,2.2065289958845824
1790387328.369977,1.7998940020333976
1790387328.3827586,1.7513720085844398
1790387328.4063303,1.9226070144213736
1790387328.417204,2.0651230006478727
1790387328.4316235,1.9345390028320253
1790387328.4422565,1.6609220183454454
1790387328.445355,1.978007989237085
1790387328.4459577,1.6339019930455834
1790387328.465916,1.7769190017133951
1790387328.4797726,1.7692289839033037
1790387328.4825642,1.5564429922960699
1790387328.493898,2.3350859992206097
1790387328.5338914,2.3775980225764215
1790387328.5369444,1.9939859921578318
1790387328.5373063,1.3222859997767955
1790387328.5467436,1.7772210121620446
1790387328.5481715,2.2778970014769584
1790387328.5487278,1.5140659816097468
1790387328.5536923,1.3158700021449476
1790387328.5838618,1.8628800171427429
1790387328.590795,2.058094018138945
1790387328.591833,1.7694249982014298
1790387328.6051714,2.3966160078998655
1790387328.6073928,1.3991860032547265
1790387328.612897,1.4675870188511908
1790387328.6819773,2.4259100027848035
1790387328.6980555,2.0807300170417875
1790387328.7201538,2.0095109939575195
1790387328.7258952,2.418803982436657
1790387328.7380188,2.3307330266106874
1790387328.7465274,1.984360016649589
1790387328.7603922,2.176729991333559
1790387328.7642202,1.6264650039374828
1790387328.7693284,2.5850890087895095
1790387328.8197348,2.0989879849366844
1790387328.8245947,2.875132020562887
1790387328.825737,2.882992004742846
1790387328.8260696,2.507859986508265
1790387328.83343,1.964748982572928
1790387328.8510013,1.918749010656029
1790387328.875004,1.978796994080767
1790387328.8816404,1.8267450213897973
1790387328.890811,1.8310029990971088
1790387328.8938131,1.7073620110750198
1790387328.9340005,2.5096689932979643
1790387328.9371545,1.9885369983967394
1790387328.9467175,2.2627919970545918
1790387328.966792,1.8487910274416208
1790387328.9839494,1.9482299976516515
1790387328.986072,1.5339689853135496
1790387328.991786,1.9377160060685128
1790387328.9984508,1.8520299927331507
1790387329.033109,2.1779430098831654
1790387329.0339592,1.873355999123305
1790387329.044079,1.9430100219324231
1790387329.074407,2.0221189770381898
1790387329.0795844,3.249960980610922
1790387329.0796754,2.6987319870386273
1790387329.0805678,1.9754439999815077
1790387329.082336,1.4389220159500837
1790387329.0885553,1.6988569987006485
1790387329.1135843,1.9360019941814244
1790387329.1263728,2.638473000843078
1790387329.1275408,1.6930929850786924
1790387329.1662126,2.3616799735464156
1790387329.1799078,2.0062449912074953
1790387329.18649,1.886696001747623
1790387329.1905873,1.5849359915591776
1790387329.199617,2.255471976241097
1790387329.2006648,1.509263995103538
1790387329.213189,2.2467169910669327
1790387329.2263193,1.713021018076688
1790387329.230861,1.724259025650099
1790387329.2429287,1.6603849944658577
1790387329.2598917,1.8524669867474586
1790387329.2762895,1.9529450219124556
1790387329.2780814,1.397096988512203
1790387329.282339,1.3798269792459905
1790387329.2894082,2.309104980668053
1790387329.289949,2.043903019512072
1790387329.2904408,1.468607981223613
1790387329.3090627,2.155781985493377
1790387329.324694,1.9794119871221483
1790387329.3480923,2.0426519913598895
1790387329.3592026,2.070143003948033
1790387329.36323,2.18716700328514
1790387329.3632984,2.8073109860997647
1790387329.4085097,2.1988550142850727
1790387329.4285135,2.762969001196325
1790387329.4296489,1.823502010665834
1790387329.439333,2.2603330144193023
1790387329.4412804,1.928050012793392
1790387329.4474554,1.611762010725215
1790387329.4540756,2.0308490202296525
1790387329.4607754,1.8058250134345144
1790387329.483814,1.9655529758892953
1790387329.5014243,2.0522759878076613
1790387329.5142984,2.585951006039977
1790387329.5277967,3.204078006092459
1790387329.5278583,2.5499709881842136
1790387329.5376525,3.6348110006656498
1790387329.5377479,3.0550060037057847
1790387329.5438013,1.698407024377957
1790387329.5462825,2.1283880050759763
1790387329.5471375,1.7834859900176525
1790387329.5730538,1.9892689888365567
1790387329.5745585,1.4925120049156249
1790387329.5795357,1.5172199928201735
1790387329.580244,1.6889009857550263
1790387329.592747,2.3704959894530475
1790387329.6488433,2.05375297809951
1790387329.66559,2.4573960108682513
1790387329.669789,2.1987149957567453
1790387329.6723716,1.9764000026043504
1790387329.6801662,2.469500992447138
1790387329.6928482,2.2856389987282455
1790387329.697858,2.1541659953072667
1790387329.704032,1.8922589952126145
1790387329.7159724,2.12853099219501
1790387329.7370143,2.4067870108410716
1790387329.7678895,2.486933983163908
1790387329.7679532,3.23790599941276
1790387329.7873528,2.3014570178929716
1790387329.7881403,1.8587429949548095
1790387329.8042426,2.1012180077377707
1790387332.0075243,2.506023010937497
1790387332.0294387,2.298740000696853
1790387332.0322313,2.5639540108386427
1790387332.050701,2.1638890029862523
1790387332.0524802,1.4573280059266835
1790387332.0703845,2.100556012010202
1790387332.0892262,1.8582000047899783
1790387332.1115568,2.073305018711835
1790387332.1286993,1.9735720125027
1790387332.130597,1.8866140162572265
1790387332.1569386,2.1323699911590666
1790387332.1657133,1.96082002366893
1790387332.168235,1.4440839877352118
1790387332.1703122,1.1926419974770397
1790387332.179901,2.6007129927165806
1790387332.253543,2.531237987568602
1790387332.2542503,1.9482770003378391
1790387332.2600112,1.688122982159257
1790387332.292256,2.05187700339593
1790387332.3156111,2.2161170199979097
1790387332.317688,1.4514020003844053
1790387332.3227499,1.7303269996773452
1790387332.3257043,1.408864016411826
1790387332.3480096,1.8086080090142787
1790387332.368873,2.2393960098270327
1790387332.375246,1.8046269833575934
1790387332.3873122,1.9969429995398968
1790387332.3964102,2.5837430148385465
1790387332.3970675,1.6924320079851896
1790387332.4080687,1.9170150044374168
1790387332.432787,1.751686999341473
1790387332.4375474,1.624236989300698
1790387332.440265,1.7179940186906606
1790387332.4553819,1.801053003873676
1790387332.4820187,2.5717509852256626
1790387332.5232258,1.8905829929281026
1790387332.5461254,2.326115994947031
1790387332.5618649,1.8934070249088109
1790387332.5774286,2.162646997021511
1790387332.5853636,1.8862260039895773
1790387332.587431,1.5821720007807016
1790387332.5928776,1.9334180105943233
1790387332.596548,2.088144014123827
1790387332.622343,2.1822680137120187
1790387332.658961,1.8845419981516898
1790387332.661253,1.3270429917611182
1790387332.6658704,1.357484987238422
1790387332.6863754,1.8021060095634311
1790387332.7161055,2.1793399937450886
1790387332.7230797,1.842483994551003
1790387332.7405908,1.9359200086910278
1790387332.7429826,1.868007006123662
1790387332.781856,2.839087013853714
1790387332.7821844,2.4194360012188554
1790387332.7862961,3.099243011092767
1790387332.787415,2.86764299380593
1790387332.7877781,2.4814399948809296
1790387332.8039148,1.977563981199637
1790387332.8127263,1.7168679914902896
1790387332.815278,1.4325339870993048
1790387332.828774,2.0366589887999
1790387332.8301866,1.4024100091774017
1790387332.8572283,1.983644993742928
1790387332.8580923,1.6899789916351438
1790387332.860461,1.2464179890230298
1790387332.8832176,3.2575819932390004
1790387332.8917522,2.416634000837803
1790387332.9003205,2.0851200097240508
1790387332.9015012,2.257246000226587
1790387332.9031625,1.4347789983730763
1790387332.926589,2.5310689816251397
1790387332.9332683,2.7447069878689945
1790387332.9358397,2.551393990870565
1790387332.9525192,2.3239199945237488
1790387332.9585178,2.1292840247042477
1790387332.996673,2.200899994932115
1790387333.0028298,1.694475009571761
1790387333.0055394,2.371800015680492
1790387333.0081985,2.649191999807954
1790387333.0082705,3.2096729846671224
1790387333.009598,1.8459490092936903
1790387333.0281382,2.4187699891626835
1790387333.034043,2.5878619926515967
1790387333.0343692,2.2158089850563556
1790387333.0480175,2.123245008988306
1790387333.0520644,1.6463829961139709
1790387333.0695574,2.3938810045365244
1790387333.079225,2.94167100219056
1790387333.0846367,2.469317987561226
1790387333.0909836,2.0861680095549673
1790387333.0950406,2.349988993955776
1790387333.1073365,3.4036579891107976
1790387333.1082206,2.704357000766322
1790387333.1389067,2.2650950122624636
1790387333.1451988,1.9795660045929253
1790387333.1520703,2.5267550081480294
1790387333.1598113,2.0532460184767842
1790387333.1728203,2.944381005363539
1790387333.1728961,2.3850630095694214
1790387333.1768064,1.7462079995311797
1790387333.1845121,2.1885580208618194
1790387333.1928911,2.0446260168682784
1790387333.1962757,1.9026210065931082
1790387333.2071962,3.5804950166493654
1790387333.2076166,3.3550059888511896
1790387333.2077022,2.5837760185822845
1790387333.221858,1.955554005689919
1790387333.2326257,3.1365489994641393
1790387333.2391574,2.106053987517953
1790387333.2437642,2.7518300048541278
1790387333.2674592,2.485531003912911
1790387333.2892005,2.6658829883672297
1790387333.2968276,1.884595985757187
1790387333.3254123,1.8580630130600184
1790387333.3322651,1.822945981984958
1790387333.3446794,1.9194310007151216
1790387333.3477945,1.4208770007826388
1790387333.3756323,2.049200003966689
1790387333.396911,2.5328829942736775
1790387333.3980448,2.1277819760143757
1790387333.4279113,1.9908969989046454
1790387333.4308224,1.49394798791036
1790387333.4462934,2.041251980699599
1790387333.4475586,2.1420380217023194
1790387333.4613817,2.053823001915589
1790387333.4714177,2.7316139894537628
1790387333.500728,2.6825160020962358
1790387333.5125082,1.8400090048089623
1790387333.534042,1.9964489911217242
1790387333.5553827,1.9990290165878832
1790387333.5713627,1.8307999998796731
1790387333.5737963,1.6908640100155026
1790387333.5844772,2.3197669943328947
1790387333.621579,1.9284549925941974
1790387333.6319513,1.885875011794269
1790387333.637626,1.5963019977789372
1790387333.6403217,1.936646003741771
1790387333.6513166,1.9212329934816808
1790387333.6645296,2.8681569965556264
1790387333.6646323,3.715356986504048
1790387333.6708002,1.6313069791067392
1790387333.6758516,1.6739569837227464
1790387333.7118428,3.649469988886267
1790387333.7119036,2.656228985870257
1790387333.7388015,2.0670079975388944
1790387333.7409778,1.4778400072827935
1790387333.7453604,1.6072049911599606
1790387333.750713,1.5569749812129885
1790387333.7617667,3.1469799869228154
1790387333.7622006,2.9363909852690995
1790387333.7624764,1.5128550003282726
1790387333.7657545,1.6362929891329259
1790387333.7673159,1.5512650134041905
1790387333.779168,2.059293008642271
1790387333.804214,2.0947470038663596
1790387333.811805,1.8262579978909343
1790387333.841582,1.9035799778066576
1790387333.8531,1.9748059858102351
1790387333.861671,1.764282991643995
1790387333.9036703,1.898716000141576
1790387333.9192872,2.2684700088575482
1790387333.9333284,1.9648000015877187
1790387333.9346118,1.2727220018859953
1790387333.9432716,1.517894008429721
1790387334.047298,3.0260609928518534
1790387334.0554767,1.9041170016862452
1790387334.0654318,2.543066017096862
1790387334.0822651,2.3776520101819187
1790387334.0982625,2.1749489824287593
1790387334.11536,3.83800599956885
1790387334.115442,3.4698469971772283
1790387334.1228824,2.205386001151055
1790387334.1325517,1.6996930062305182
1790387334.1367002,1.4366459799930453
1790387334.137484,1.5256839978974313
1790387334.1437678,2.1375569922383875
1790387334.1439474,3.376195003511384
1790387334.144194,3.0738400237169117
1790387334.146662,1.52356899343431
1790387334.1619,1.8176620069425553
1790387334.1719117,2.1990629902575165
1790387334.183362,1.7722070042509586
1790387334.1932833,2.1630039846058935
1790387334.2302587,2.3975970107130706
1790387334.2488391,1.9474379951134324
1790387334.2703972,1.818009011913091
1790387334.289633,2.014222991419956
1790387334.2980945,2.022146014496684
1790387334.3196802,1.787674002116546
1790387334.332947,1.9918970065191388
1790387334.3497531,1.7974529764615
1790387334.3516665,1.8136140133719891
1790387334.3526835,1.982943998882547
1790387334.3626761,2.0080079848412424
1790387334.366128,1.6771100054029375
1790387334.378225,2.436662995023653
1790387334.378708,1.5942539903335273
1790387334.3992333,1.9730219792108983
1790387334.4041355,1.7062239930965006
1790387334.423122,1.7401950026396662
1790387334.4546466,2.3682180035393685
1790387334.4705436,1.8228669941890985
1790387334.4858916,2.0087639859411865
1790387334.488192,1.476337987696752
1790387334.506288,1.7958140233531594
1790387334.536745,1.740036008413881
1790387334.549486,2.011694014072418
1790387334.5577285,1.5864669985603541
1790387334.5710957,1.8861170101445168
1790387334.577926,1.5077569987624884
1790387334.58178,1.3728489866480231
1790387334.583031,1.154732977738604
1790387334.5920568,1.912141015054658
1790387334.594073,1.3196780055295676
1790387334.6038375,1.7058230005204678
1790387334.6117158,1.6361850139219314
1790387334.6286957,1.8185030203312635
1790387334.6331012,1.9408789812587202
1790387334.6476016,2.0865899859927595
1790387334.6525383,1.9742489967029542
1790387334.6932573,2.336192992515862
1790387334.7140656,2.4252999864984304
1790387334.7151797,1.5790170000400394
1790387334.7152421,2.5042710185516626
1790387334.719031,1.2814619985874742
1790387334.7235377,1.372868980979547
1790387334.739953,1.9134489994030446
1790387334.7438903,1.2984299974050373
1790387334.7465534,1.2947700161021203
1790387334.7526367,1.539224002044648
1790387334.7531493,1.3571369927376509
1790387334.769999,2.461394004058093
1790387334.801453,3.3204879728145897
1790387334.8041632,2.093771006911993
1790387334.8042283,2.7642940112855285
1790387334.810222,1.54670697520487
1790387334.8112812,1.7695270071271807
1790387334.8250198,1.6381839814130217
1790387334.8352177,1.6567109851166606
1790387334.8398738,1.5096100105438381
1790387334.8419924,1.348171994322911
1790387334.8568578,1.628753001568839
1790387334.8942652,1.7969069886021316
1790387334.9064405,1.9093860173597932
1790387334.9101439,1.3861889892723411
1790387334.9121714,2.018522995058447
1790387334.914163,1.8367669836152345
1790387334.9275527,2.385333995334804
1790387334.9294043,1.7214340041391551
1790387334.944932,1.9653649942483753
1790387334.9456892,1.7329929978586733
1790387334.9509647,2.0416599872987717
1790387334.961031,1.7144110170193017
1790387334.9749699,2.180635987315327
1790387335.0076096,1.6423469933215529
1790387335.0695534,1.8182969943154603
1790387335.099314,1.7220020235981792
1790387335.1118772,1.925101998494938
1790387335.1133575,1.2218919873703271
1790387335.1321445,1.7304450157098472
1790387335.1498535,1.9492339924909174
1790387335.167933,1.7436720081605017
1790387335.169682,1.4130409981589764
1790387335.17923,1.69735899544321
1790387335.1897511,1.7568839830346406
1790387335.2071743,1.9418279989622533
1790387335.2254333,1.7234249971807003
1790387335.2381408,1.6807839856483042
1790387335.2583299,2.1743730176240206
1790387335.2641182,1.5735120105091482
1790387335.2968438,1.9148710125591606
1790387335.3047757,1.860901975305751
1790387335.3067226,1.608773018233478
1790387335.3083084,1.1603909952100366
1790387335.3245957,1.8673439917620271
1790387335.3362875,1.92296298337169
1790387335.359022,1.7538449901621789
1790387335.3668401,2.233812992926687
1790387335.369338,2.4850939807947725
1790387335.384233,2.178241004003212
1790387335.3893337,1.6547800041735172
1790387335.420945,1.8984070047736168
1790387335.4262147,2.34641699353233
1790387335.4448545,2.283137000631541
1790387335.452194,2.5496150192338973
1790387335.4536557,1.4500420074909925
1790387335.4781678,1.8515669798944145
1790387335.52653,1.7889930168166757
1790387335.5299616,1.3537679915316403
1790387335.5381293,2.2523679945152253
1790387335.5672653,2.479693997884169
1790387335.567921,1.7855179903563112
1790387335.621928,1.868673978606239
1790387335.626126,1.7198369896505028
1790387335.6290715,1.3974439934827387
1790387335.6381958,1.8863409932237118
1790387335.6433718,1.4414210163522512
1790387335.6545408,1.6929430130403489
1790387335.6967597,1.737751008477062
1790387335.6991096,2.1741669916082174
1790387335.6995993,2.194305998273194
1790387335.7045937,1.4591519720852375
1790387335.70683,1.6687680035829544
1790387335.7152967,1.8200460181105882
1790387335.7223551,1.882398995803669
1790387335.7255375,1.8760050006676465
1790387335.7276301,1.4380560023710132
1790387335.7340593,1.5967009821906686
1790387335.7449427,1.8311040184926242
1790387335.758573,1.7025730048771948
1790387335.7774723,1.8486299959477037
1790387335.7824445,1.4730220136698335
1790387335.793341,2.6400730130262673
1790387335.7934208,2.0018689974676818
1790387335.7996707,1.709360018139705
1790387335.7997384,2.3851169971749187
1790387335.8158593,1.833103015087545
1790387335.8486173,2.4074790126178414
1790387335.8496213,2.0408050040714443
1790387335.8504696,1.839319011196494
1790387335.8637457,1.778372999979183
1790387335.8739445,2.7350729797035456
1790387335.8740203,2.0697400032076985
1790387335.8794773,1.5323870175052434
1790387335.8803043,1.5075679984875023
1790387335.89686,1.951712998561561
1790387335.8983152,1.4452059986069798
1790387335.9078233,1.42877601319924
1790387335.9137585,2.0218999998178333
1790387335.9351468,2.1428249892778695
1790387335.9391642,1.531759015051648
1790387335.9662023,2.1971400128677487
1790387335.9663043,3.0884509906172752
1790387336.001716,1.574166992213577
1790387336.0354133,2.344218984944746
1790387336.0441697,1.689996017375961
1790387336.044795,1.533732982352376
1790387336.0479612,1.3058269978500903
1790387336.051663,1.4908660086803138
1790387336.0586312,1.4408380084205419
1790387336.0729723,1.65797199588269
1790387336.091729,1.749031012877822
1790387336.0950868,1.410807017236948
1790387336.1051602,1.869231986347586
1790387336.130655,2.242366987047717
1790387336.1368854,1.9352019880898297
1790387336.1549337,3.3584609918762
1790387336.1553957,2.7642350178211927
1790387336.1555426,2.0333820139057934
1790387336.1569443,1.3934379967395216
1790387336.1755135,1.8926640041172504
1790387336.1813328,2.269079996040091
1790387336.1934876,1.7437120259273797
1790387336.1972654,1.909073005663231
1790387336.2360368,1.8629490223247558
1790387336.2459621,2.1201539784669876
1790387336.2506194,1.6130039875861257
1790387336.2548718,1.336969988187775
1790387336.267878,1.6256149974651635
1790387336.2812507,2.0053650077898055
1790387336.295388,1.7505339928902686
1790387336.3465924,2.1897009864915162
1790387336.3578897,1.7732499982230365
1790387336.3601894,1.7203369934577495
1790387336.3726058,2.019667997956276
1790387336.398467,1.7597209953237325
1790387336.4100668,1.8385040166322142
1790387336.428821,2.317641017725691
1790387336.4305074,1.6717840044293553
1790387336.4328914,1.5568509988952428
1790387336.4460833,2.7996279823128134
1790387336.4464054,3.9842269907239825
1790387336.4545124,1.8577069859020412
1790387336.466932,1.9432200060691684
1790387336.487914,1.9392459944356233
1790387336.492247,1.7611869843676686
1790387336.4977357,1.5950999804772437
1790387336.5531497,1.9009880197700113
1790387336.5656302,2.309842995600775
1790387336.5704868,1.6731270006857812
1790387336.5756688,1.7680450109764934
1790387336.582128,1.914966996992007
1790387336.5927896,2.174552995711565
1790387336.6140435,1.7400570213794708
1790387336.65191,1.8751019961200655
1790387336.6611693,1.8729039875324816
1790387336.6634617,1.3382149918470532
1790387336.6978786,2.0018009818159044
1790387336.7350106,2.206589007982984
1790387336.752048,2.136670984327793
1790387336.777407,1.778178004315123
1790387336.789358,1.8135919817723334
1790387336.8026872,1.978424988919869
1790387336.8172586,1.7687070067040622
1790387336.8256516,1.5856339887250215
1790387336.8493502,2.5121159851551056
1790387336.8522828,1.4997060061432421
1790387336.8659909,1.7921309918165207
1790387336.8856735,2.0928909943904728
1790387336.929662,2.0092680060770363
1790387336.9364274,2.034236997133121
1790387336.9448013,2.1398329990915954
1790387336.9475694,1.6634489875286818
1790387336.9516768,1.4976179809309542
1790387336.9932241,2.9622729925904423
1790387336.998692,2.192031010054052
1790387337.0068843,2.7940740110352635
1790387337.0074477,2.5980409991461784
1790387337.0205317,1.8692209850996733
1790387337.0297022,1.9262709829490632
1790387337.03794,2.149417996406555
1790387337.0675712,2.0153310033492744
1790387337.091545,1.6963749949354678
1790387337.1136868,2.042181004071608
1790387337.128298,2.1012919896747917
1790387337.1387165,3.207400004612282
1790387337.1388166,2.7710209833458066
1790387337.1882174,1.9543439848348498
1790387337.1982179,1.8532300018705428
1790387337.21579,1.970090001123026
1790387337.224869,2.026127011049539
1790387337.2323284,1.8553920090198517
1790387337.2739193,2.1948649955447763
1790387337.2941334,2.043226995738223
1790387337.3174198,2.6812090072780848
1790387337.31809,4.014764999737963
1790387337.3283644,1.872452994575724
1790387337.3337073,2.017291000811383
1790387337.3346279,1.3876860029995441
1790387337.3585606,2.04237800789997
1790387337.3593554,1.7788090044632554
1790387337.3618636,2.2528039989992976
1790387337.3631985,2.205165976192802
1790387337.3715758,1.6835889837238938
1790387337.3928854,2.0611200015991926
1790387337.4036791,1.895847002742812
1790387337.4103534,2.0680959860328585
1790387337.4104323,2.6927970175165683
1790387337.423257,1.7386400140821934
1790387337.427413,1.615975983440876
1790387337.4305518,1.414686004864052
1790387337.4369934,1.6294900269713253
1790387337.461654,1.9905360240954906
1790387337.4668422,1.575392991071567
1790387337.490972,1.9089130219072104
1790387337.4992707,2.354671014472842
1790387337.5003777,2.1067179914098233
1790387337.5098662,2.226865995908156
1790387337.5113673,1.4867190038785338
1790387337.5547512,1.735769008519128
1790387337.5696297,2.2080579947214574
1790387337.5822268,1.8448329938109964
1790387337.588035,2.00562400277704
1790387337.588139,2.748756989603862
1790387337.5905402,1.302488992223516
1790387337.5959544,1.9619349914137274
1790387337.5978534,1.7455880006309599
1790387337.604373,1.9255569786764681
1790387337.61672,1.602074014954269
1790387337.6248684,1.6845140198711306
1790387337.643329,1.8311509920749813
1790387337.6536503,1.7743179923854768
1790387337.6823752,1.668479002546519
1790387337.701767,1.7851199954748154
1790387337.7091422,1.732969016302377
1790387337.7276886,1.8894690147135407
1790387337.7704554,1.9164489931426942
1790387337.7930853,2.4295859911944717
1790387337.7932022,3.0896399985067546
1790387337.7953563,1.9618069927673787
1790387337.7964747,2.016585989622399
1790387337.7965505,2.5888020172715187
1790387337.8007982,1.4338089968077838
1790387337.8518186,2.0818859920836985
1790387337.8774087,2.2891350090503693
1790387337.8843129,2.1617430029436946
1790387337.8853805,1.9741140131372958
1790387337.8888223,1.8664469826035202
1790387337.8905208,1.6883960051927716
1790387337.9173052,2.4309489817824215
1790387337.9454908,2.548966003814712
1790387337.9468856,1.9127909909002483
1790387337.9622781,1.7442640091758221
1790387337.995979,1.7701830074656755
1790387338.004721,1.7108269967138767
1790387338.0067055,1.3395290006883442
1790387338.029876,1.9302400178276002
1790387338.03718,2.0606239850167185
1790387338.0611665,2.4412490020040423
1790387338.061232,3.130540018901229
1790387338.1065645,1.6532049921806902
1790387338.1238005,2.449620980769396
1790387338.126811,1.8433229997754097
1790387338.1366923,1.8400670087430626
1790387338.1455889,2.1713039895985276
1790387338.1530786,2.4344160046894103
1790387338.1569052,2.147674997104332
1790387338.1621811,1.940201997058466
1790387338.166872,1.9258050015196204
1790387338.176341,2.474795008311048
1790387338.1776814,1.8751700117718428
1790387338.1863914,3.8273789978120476
1790387338.1866152,3.393686027266085
1790387338.1877034,2.8458680026233196
1790387338.1954036,2.087378001306206
1790387338.2053733,2.2728589829057455
1790387338.2099643,2.6934139896184206
1790387338.210101,3.5885270044673234
1790387338.214973,2.4949240032583475
1790387338.2182548,2.1408680186141282
1790387338.2822094,2.726708014961332
1790387338.2846148,2.3864679969847202
1790387338.2963347,2.4341899843420833
1790387338.330765,2.1555690036620945
1790387338.3382297,1.9712229841388762
1790387338.345577,1.8597189919091761
1790387338.347082,1.3539469800889492
1790387338.35753,1.7611549992579967
1790387338.368227,2.1627999958582222
1790387338.3755522,2.458025992382318
1790387338.3756185,3.355660999659449
1790387338.3852024,2.238051005406305
1790387338.3859546,1.901140989502892
1790387338.4165652,1.8044449971057475
1790387338.4245565,1.7905739950947464
1790387338.4304755,1.7789159901440144
1790387338.431086,1.6249800100922585
1790387338.436896,1.6767229826655239
1790387338.4611332,1.959959015948698
1790387338.4744396,1.6388179792556912
1790387338.497403,1.938059984240681
1790387338.514988,2.0940779941156507
1790387338.5348825,2.0112170022912323
1790387338.5415092,1.9017370068468153
1790387338.5456991,1.9648969755508006
1790387338.5564537,3.9725190144963562
1790387338.5580804,3.0833680066280067
1790387338.563123,2.5280950067099184
1790387338.5727088,2.660894999280572
1790387338.5999153,2.519123983802274
1790387338.6007485,1.9996670016553253
1790387338.6144602,1.7945340077858418
1790387338.622944,1.6932750004343688
1790387338.6314552,1.7823119997046888
1790387338.6652176,1.8786579894367605
1790387338.6767292,2.280895016156137
1790387338.6854677,2.5463489873800427
1790387338.6939054,1.8155389989260584
1790387338.6969087,1.6357300046365708
1790387338.7081146,1.7783530056476593
1790387338.7139232,1.7988540057558566
1790387338.7181075,1.8395500082988292
1790387338.7282865,1.9656629883684218
1790387338.7495172,2.1912860102020204
1790387338.753551,1.7381240031681955
1790387338.7575104,1.4976250240579247
1790387338.7716365,2.215009997598827
1790387338.7812324,2.1049770002719015
1790387338.7938938,1.632870000321418
1790387338.8186202,2.3920669918879867
1790387338.8214924,1.909895014250651
1790387338.821557,2.5588950084056705
1790387338.8261476,1.9172649772372097
1790387338.8275561,1.3818830193486065
1790387338.8376675,1.575544010847807
1790387338.841838,1.5035000105854124
1790387338.8623698,1.8086580093950033
1790387338.9071882,1.8691000004764646
1790387338.9138308,2.4701760266907513
1790387338.9473317,1.767159003065899
1790387338.9670713,1.83713500155136
1790387338.9882195,1.911016006488353
1790387338.9911253,1.7834279860835522
1790387339.0029023,1.8257200135849416
1790387339.0166998,2.5109339912887663
1790387339.0171404,2.24400099250488
1790387339.025378,2.892852993682027
1790387339.0269835,2.2961419890634716
1790387339.0270565,3.28658998478204
1790387339.031175,1.3799720036331564
1790387339.0546956,2.115666982717812
1790387339.0668905,2.838024985976517
1790387339.066972,2.2134819882921875
1790387339.0747366,1.8733640026766807
1790387339.0986578,2.6519699895288795
1790387339.0987535,3.4219190129078925
1790387339.1159775,2.403556980425492
1790387339.1222835,2.4590539978817105
1790387339.1239023,1.6069499833974987
1790387339.1405926,1.9063330255448818
1790387339.1449554,1.6475119919050485
1790387339.1531982,2.783058997010812
1790387339.1543703,2.286356990225613
1790387339.1767411,1.664471987169236
1790387339.1813319,1.5572249831166118
1790387339.187049,1.625312987016514
1790387339.202446,1.7814720049500465
1790387339.2228332,1.6917440225370228
1790387339.234142,2.116922987625003
1790387339.24324,2.176546986447647
1790387339.244481,2.2520320198964328
1790387339.2639,1.976361993001774
1790387339.2816942,2.484560012817383
1790387339.2955606,2.568603988038376
1790387339.2966504,1.7202429880853742
1790387339.3008068,1.8553789996076375
1790387339.3200939,2.3845759860705584
1790387339.3221848,1.9102000223938376
1790387339.340995,2.3784109798725694
1790387339.348662,2.2961570066399872
1790387339.3492723,1.6734350065235049
1790387339.3630495,2.540882007451728
1790387339.3648956,2.0170920179225504
1790387339.3809347,1.9244769937358797
1790387339.3833485,1.4169419882819057
1790387339.411631,2.1639830083586276
1790387339.4271536,1.887477992568165
1790387339.460315,2.2493750147987157
1790387339.4651463,1.9838570151478052
1790387339.4717836,1.5206070092972368
1790387339.485829,1.9190209859516472
1790387339.5469391,1.6182029794435948
1790387339.5617535,1.829002023441717
1790387339.5719533,2.3637109843548387
1790387339.572909,1.9933609873987734
1790387339.5735137,1.447835995350033
1790387339.6217473,2.0679700246546417
1790387339.6291933,1.6864080098457634
1790387339.6319652,1.6424169880338013
1790387339.6738613,1.6068970144260675
1790387339.6975465,2.3438720090780407
1790387339.7039628,1.511763985035941
1790387339.7221737,1.8871420179493725
1790387339.7268813,1.913226005854085
1790387339.7309296,1.7568529874552041
1790387339.7358856,1.6193340125028044
1790387339.7472465,1.6230229812208563
1790387339.7541049,1.5749220037832856
1790387339.765662,1.8823319987859577
1790387339.7715218,1.4942519774194807
1790387339.818146,1.9372249953448772
1790387339.826674,1.5382110141217709
1790387339.8405814,1.9051650015171617
1790387339.843636,1.3401610194705427
1790387339.8625426,1.827241008868441
1790387339.8861544,2.0791639981325716
1790387339.916799,2.037197002209723
1790387339.9429066,1.5779289824422449
1790387339.9444811,1.1550929921213537
1790387339.954239,1.729260984575376
1790387339.9933393,2.094889001455158
1790387340.0007637,2.4247649998869747
1790387340.014091,2.1601409825962037
1790387340.0230765,1.7411820008419454
1790387340.0245237,1.287607999984175
1790387340.0419643,1.7292920092586428
1790387340.095493,25.29163399594836
1790387340.096522,4.6488480002153665
1790387340.097234,1.6116219921968877
1790387340.112074,1.6293440130539238
1790387340.150586,27.486742998007685
1790387340.1669872,31.582029012497514
1790387340.167056,48.441091988934204
1790387340.193032,68.43860901426524
1790387340.19314,40.96234499593265
1790387340.2027843,61.98918601148762
1790387340.2072065,45.38768599741161
1790387340.2138605,57.323197019286454
1790387340.2142954,51.40059199766256
1790387340.2144194,48.9502559939865
1790387340.214721,44.781356991734356
1790387340.2153285,43.62052198848687
1790387340.2408533,46.37543999706395
1790387340.2413728,18.661301000975072
1790387340.2419538,40.93154598376714
1790387340.2422667,40.25542497402057
1790387340.243121,27.93289700639434
1790387340.2481499,51.91445298260078
1790387340.2649677,87.47454997501336
1790387340.2806253,1.9884619978256524
1790387340.292517,2.2065630182623863
1790387340.302038,2.8081280179321766
1790387340.3021038,2.219063026132062
1790387340.3241217,21.323324996046722
1790387340.3271403,26.402226998470724
1790387340.3272643,21.82920798077248
1790387340.3310702,2.828794007655233
1790387340.3311706,3.667693992611021
1790387340.3336484,1.6348949866369367
1790387340.3364868,1.8961319874506444
1790387340.3704224,2.6607860054355115
1790387340.371179,1.6927440010476857
1790387340.3851078,2.4384350108448416
1790387340.3946593,2.0871100132353604
1790387340.4140363,17.79015301144682
1790387340.4244626,27.675589983118698
1790387340.4245732,14.370457996847108
1790387340.4711823,28.010189009364694
1790387340.4716759,18.255849980050698
1790387340.4717655,20.616612018784508
1790387340.4729111,11.552912008482963
1790387340.473021,16.406619979534298
1790387340.4763403,1.7507360025774688
1790387340.4781263,1.2029259814880788
1790387340.5032487,2.032683987636119
1790387340.5094852,2.1174470020923764
1790387340.5493255,25.72946299915202
1790387340.551093,19.29761900100857
1790387340.5524306,19.20636900467798
1790387340.5532448,20.89218600303866
1790387340.5534046,10.049044998595491
1790387340.554329,1.8877290131058544
1790387340.5665689,2.522562979720533
1790387340.583085,2.3024269903544337
1790387340.6146739,2.8498400060925633
1790387340.6284323,2.6549540052656084
1790387340.6319828,2.776340988930315
1790387340.6410635,2.850782999303192
1790387340.6421225,2.5580180226825178
1790387340.6444561,3.3772820024751127
1790387340.6453865,3.1114679877646267
1790387340.6454666,2.289524010848254
1790387340.6658742,1.9230170000810176
1790387340.6789715,1.5295759949367493
1790387340.68511,1.412412995705381
1790387340.6994236,1.684881979599595
1790387340.7854497,25.926236994564533
1790387340.786477,27.980233979178593
1790387340.7866185,21.664693020284176
1790387340.7870595,2.899001003243029
1790387340.7874897,2.027403999818489
1790387340.843469,20.37564100464806
1790387340.8435655,13.00287400954403
1790387340.8529031,2.2311179782263935
1790387340.8529665,1.5756520151626319
1790387340.8641074,1.430834992788732
1790387340.8796058,1.7651150119490921
1790387340.8868566,1.3687410100828856
1790387340.927897,2.1777679794467986
1790387340.9350185,1.5737939975224435
1790387340.9527416,1.9633760093711317
1790387340.95281,2.5264190044254065
1790387340.9650729,1.6442089981865138
1790387340.974715,2.2881719924043864
1790387340.9747987,3.056249988730997
1790387340.976866,1.2553660199046135
1790387340.9815726,1.375535997794941
1790387340.9889543,1.3902009814046323
1790387340.9982781,1.2688479910138994
1790387341.0021462,1.2365240254439414
1790387341.0178208,1.770028000464663
1790387341.025824,1.5236629988066852
1790387341.0361435,1.8725019763223827
1790387341.036609,1.548825006466359
1790387341.041333,1.9031639967579395
1790387341.0586534,1.5978069859556854
1790387341.0811613,1.7537680105306208
1790387341.1181805,24.715663021197543
1790387341.1185296,25.58630201383494
1790387341.1193955,6.681274011498317
1790387341.1194963,2.753921988187358
1790387341.1255093,2.0060449896845967
1790387341.134225,2.1892740041948855
1790387341.1596224,26.377861999208108
1790387341.1601875,8.092329022474587
1790387341.160266,2.8791730001103133
1790387341.165432,1.6463389911223203
1790387341.1919823,15.494345978368074
1790387341.1920671,24.33529100380838
1790387341.200284,1026.2759049946908
1790387341.2206092,1.69900301261805
1790387341.2285757,1.664393988903612
1790387341.2523692,2.4222969950642437
1790387341.262136,1.4693769917357713
1790387341.280197,1082.2047639812808
1790387341.2980485,1.5759669768158346
1790387341.3077579,1.4402910019271076
1790387341.3131847,1.525147003121674
1790387341.3272893,1.569574000313878
1790387341.3285294,1.1327140091452748
1790387341.3305519,1.397464016918093
1790387341.335791,1.420854008756578
1790387341.3728294,1.7250220116693527
1790387341.4131093,35.11866700137034
1790387341.4215138,41.802843974437565
1790387341.4323065,53.29114300548099
1790387341.4431238,56.63970997557044
1790387341.4437258,38.58557000057772
1790387341.444306,49.94335299124941
1790387341.445467,23.807673976989463
1790387341.4474578,21.760008996352553
1790387341.4477262,14.931493002222851
1790387341.4477835,11.312075977912173
1790387341.4478986,11.83142198715359
1790387341.4487467,2.0449599833227694
1790387341.4552326,1.476759003708139
1790387341.462719,6.753291992936283
1790387341.4838305,27.40690700011328
1790387341.5138583,1.8116749997716397
1790387341.5165343,1.2415779929142445
1790387341.523982,1.395680010318756
1790387341.53631,1.5676630137022585
1790387341.5668797,23.451937013305724
1790387341.5708117,1.4754260191693902
1790387341.5942266,1.9182800024282187
1790387341.5942976,2.533284015953541
1790387341.6071057,2.426857012324035
1790387341.607161,3.02258602459915
1790387341.621122,1.6552630113437772
1790387341.6273541,1.5112659893929958
1790387341.6673822,1.5605420048814267
1790387341.6771455,1.5804629947524518
1790387341.683165,1.3184979907236993
1790387341.6874712,1.4505629951599985
1790387341.6920424,1.9801929884124547
1790387341.703034,1.8384110007900745
1790387341.724417,2.4440279812552035
1790387341.7246275,2.101921010762453
1790387341.7292445,1.2729760201182216
1790387341.7444868,1.4486210129689425
1790387341.7564535,1.7961039848159999
1790387341.7695546,1.4405720285139978
1790387341.78227,1.928685000166297
1790387341.8082166,1.585154008353129
1790387341.8125272,1.3561850064434111
1790387341.8206131,1.5317619836423546
1790387341.8341753,1.4868759899400175
1790387341.8436904,2.026674017542973
1790387341.868265,23.073087009834126
1790387341.8683684,3.8123120029922575
1790387341.8899615,1.8684000242501497
1790387341.9012525,3.7841580051463097
1790387341.9137354,2.1420779812615365
1790387341.9145617,1.2541089963633567
1790387341.9211617,1.5619900077581406
1790387341.9582815,33.77263998845592
1790387341.9587786,36.592972988728434
1790387341.9706643,32.975680980598554
1790387341.9716032,24.632218992337584
1790387341.9718707,29.03461700771004
1790387341.972283,10.428139008581638
1790387341.9723394,20.950978010660037
1790387341.9789414,1.3866520021110773
1790387341.9880166,1.5459840069524944
1790387342.0143826,21.050412993645296
1790387342.0222547,2.163336001103744
1790387342.0234702,1.3332910020835698
1790387342.0250173,1.2314519844949245
1790387342.028383,1.2846080062445253
1790387342.0313413,1.2957860017195344
1790387342.0360432,1.1604470200836658
1790387342.0608492,20.94982800190337
1790387342.0614293,16.169745998922735
1790387342.061566,12.653863988816738
1790387342.0727365,1.4606640033889562
1790387342.0904558,2.2633650223724544
1790387342.1127987,23.328294017119333
1790387342.1382456,1.6327080084010959
1790387342.1505008,1.9019169849343598
1790387342.1545062,1.4155990211293101
1790387342.155338,1.633128005778417
1790387342.1664596,1.968070020666346
1790387342.1981204,24.523517000488937
1790387342.1982152,16.10385099775158
1790387342.1987448,1.9964420062024146
1790387342.22304,2.1830890036653727
1790387342.223378,1.9353549869265407
1790387342.2276964,1.5224409871734679
1790387342.2416966,1.7318979953415692
1790387342.255135,1.695565995760262
1790387342.276994,2.121075987815857
1790387342.312124,1.7113199864979833
1790387342.3182235,3.8565690047107637
1790387342.3278458,2.111363981384784
1790387342.3446026,2.1188569953665137
1790387342.3500977,1.9387569918762892
1790387342.3973386,35.345027019502595
1790387342.397896,44.25507300766185
1790387342.3992426,17.57811097195372
1790387342.4001515,43.34975700476207
1790387342.4004276,23.61423399997875
1790387342.4005573,27.62247499777004
1790387342.4008589,2.2952629951760173
1790387342.4012392,1.987952011404559
1790387342.4246285,1.746198016917333
1790387342.4687808,1.6644629940856248
1790387342.4728117,1.2767209846060723
1790387342.476204,1.5656730101909488
1790387342.499162,1.6454950091429055
1790387342.4999986,1.5965309867169708
1790387342.5068748,1.552873000036925
1790387342.515691,1.635527005419135
1790387342.5217693,2.113903989084065
1790387342.5363045,2.1937720011919737
1790387342.5432227,1.5307680005207658
1790387342.5581267,1.5514889964833856
1790387342.568413,1.6867789963725954
1790387342.5753665,1.6290000057779253
1790387342.585852,2.465211000526324
1790387342.5860553,3.1440689926967025
1790387342.59208,4.242048016749322
1790387342.5921984,3.6023739958181977
1790387342.5928621,1.2899989960715175
1790387342.5980718,1.22916599502787
1790387342.6136613,1.6224269929807633
1790387342.6185439,1.9272490171715617
1790387342.6360724,1.6712710203137249
1790387342.649069,3.496229008305818
1790387342.649781,3.235615004086867
1790387342.6504612,2.51843300065957
1790387342.6586633,1.4739739999640733
1790387342.66248,1.3720339920837432
1790387342.6640594,1.0700779967010021
1790387342.668474,1.2868110206909478
1790387342.6744976,1.310328982071951
1790387342.6759439,1.2414439988788217
1790387342.6847563,1.2630150013137609
1790387342.7140238,2.4841630074661225
1790387342.7611406,1.917182991746813
1790387342.7679198,1.304421981330961
1790387342.7824485,1.5766890137456357
1790387342.8033183,2.588716015452519
1790387342.8038552,1.5389049949590117
1790387342.809491,1.3974769972264767
1790387342.8359797,1.843239995650947
1790387342.9085364,18.487688997993246
1790387342.9086165,52.8010560083203
1790387342.9093783,42.729212989797816
1790387342.9099088,5.061633011791855
1790387342.909985,6.166378996567801
1790387342.9137635,1.6546059923712164
1790387342.9668336,2.2301079879980534
1790387342.9767563,2.6036089984700084
1790387343.0035212,23.104168998543173
1790387343.004046,5.861162004293874
1790387343.0041041,8.006596006453037
1790387343.0260854,2.1272129961289465
1790387343.0547407,24.745190981775522
1790387343.0550838,13.108943996485323
1790387343.0553653,11.709180020261556
1790387343.072177,1.7581029969733208
1790387343.0843606,7.521363004343584
1790387343.0994039,21.931650990154594
1790387343.1006124,4.339367995271459
1790387343.1008942,5.432453996036202
1790387343.1010413,23.10616199974902
1790387343.1014652,1.9551340083125979
1790387343.1078374,1.4248920197132975
1790387343.123422,2.801663998980075
1790387343.1581597,1.6072870057541877
1790387343.1727147,2.254950988572091
1790387343.2071402,2.519942994695157
1790387343.230738,22.560356999747455
1790387343.2308743,18.60074099386111
1790387343.2309904,13.531965989386663
1790387343.2572796,21.553930011577904
1790387343.2583141,13.611611997475848
1790387343.2784746,20.992201985791326
1790387343.2787042,20.79446500283666
1790387343.2791963,2.537557011237368
1790387343.2792487,9.176528983516619
1790387343.3181307,2.30762199498713
1790387343.3543215,19.79692399618216
1790387343.354447,23.779761017067358
1790387343.3545225,14.413824013900012
1790387343.3577547,1.5882849984336644
1790387343.3841527,1.5086460043676198
1790387343.3971522,1.7408099956810474
1790387343.4025426,2.3174739908427
1790387343.4375505,1.5710850129835308
1790387343.4431303,2.017327002249658
1790387343.4443176,2.2448730014730245
1790387343.4450235,1.0366170026827604
1790387343.4593174,1.662273018155247
1790387343.4739988,1.5817230159882456
1790387343.4763377,2.075403986964375
1790387343.4769654,1.8023519951384515
1790387343.4875824,2.169468003557995
1790387343.4914348,1.348935009445995
1790387343.5131295,2.115333016263321
1790387343.5351799,1.841844990849495
1790387343.5442336,1.4582209987565875
1790387343.5450869,1.5342610131483525
1790387343.55128,1.9735109817702323
1790387343.552218,1.3628629967570305
1790387343.5566347,2.3269359953701496
1790387343.568165,1.5956270217429847
1790387343.6041949,1.5876310062594712
1790387343.6146722,2.5036080041900277
1790387343.6147447,3.118427994195372
1790387343.6506996,12.792045978130773
1790387343.6508048,21.729592001065612
1790387343.6590846,1.6505890234839171
1790387343.6741753,1.4321620110422373
1790387343.6762466,1.324121985817328
1790387343.6981146,3.3924290037248284
1790387343.7114494,2.8615340124815702
1790387343.7250593,1.6842710028868169
1790387343.7280824,2.1346259745769203
1790387343.7313673,1.3810050149913877
1790387343.7374728,1.8890439823735505
1790387343.7478242,1.446746988222003
1790387343.7767906,2.6830639981199056
1790387343.7799933,1.9851849938277155
1790387343.8052244,1.889381994260475
1790387343.8073244,1.423955021891743
1790387343.8097546,1.3499269844032824
1790387343.813084,1.9909510156139731
1790387343.8131564,1.593291002791375
1790387343.817947,1.5071149973664433
1790387343.8319979,1.590611005667597
1790387343.8687391,1.6364379844162613
1790387343.8808556,2.037136990111321
1790387343.8810465,2.9173890070524067
1790387343.884873,1.1110850027762353
1790387343.8883939,1.5402599819935858
1790387343.8886235,2.201194001827389
1790387343.9171288,1.9786800257861614
1790387343.9171917,2.5013760023284703
1790387343.9394295,1.6696839884389192
1790387343.945214,1.3056610187049955
1790387343.9559846,1.6052320133894682
1790387343.9584715,1.5659240016248077
1790387343.9621503,1.480418985011056
1790387343.9673383,1.2864460004493594
1790387343.9741693,1.3209320022724569
1790387344.016171,1.780682010576129
1790387344.0321922,1.8915899854619056
1790387344.0414999,1.552799018099904
1790387344.042918,1.2702539970632643
1790387344.0504868,2.0522139966487885
1790387344.0597847,2.157540002372116
1790387344.0783992,1.586192985996604
1790387344.0850728,1.314964989433065
1790387344.0859184,1.5269230061676353
1790387344.0958843,1.825181010644883
1790387344.1030116,2.2184539993759245
1790387344.1034846,1.8408290052320808
1790387344.1137152,1.3008220121264458
1790387344.137628,2.3485790006816387
1790387344.1419084,3.327316022478044
1790387344.143419,2.6126110169570893
1790387344.1484187,1.9343490130268037
1790387344.1555016,1.6624070121906698
1790387344.180709,23.630228999536484
1790387344.181611,12.449060013750568
1790387344.1818576,6.658419995801523
1790387344.1820548,22.74931699503213
1790387344.1821222,11.382437980500981
1790387344.1824348,3.2812610152177513
1790387344.2021325,1.5890420181676745
1790387344.2160728,2.1814070059917867
1790387344.2248497,1.6655819781590253
1790387344.2297792,1.8843090219888836
1790387344.27649,1.818685996113345
1790387344.2814438,3.6396099894773215
1790387344.2835379,4.083064995938912
1790387344.2910573,1.556981005705893
1790387344.3021555,1.330397994024679
1790387344.3117962,1.8116430146619678
1790387344.3197458,2.3900800151750445
1790387344.3198028,2.5602320092730224
1790387344.3505185,5.630080995615572
1790387344.3505933,19.889051996869966
1790387344.3576899,1.4397120103240013
1790387344.3870318,2.4324389814864844
1790387344.4180932,30.96575100789778
1790387344.4276001,20.921545976307243
1790387344.4277186,13.095297996187583
1790387344.4280653,4.246583004714921
1790387344.428117,27.301822003209963
1790387344.4383078,1.5292110037989914
1790387344.4389665,1.4829369902145118
1790387344.450918,1.5115910209715366
1790387344.458268,1.491368981078267
1790387344.4620254,1.3589580194093287
1790387344.4921951,8.140571997500956
1790387344.4922848,23.241621995111927
1790387344.492801,6.222878000698984
1790387344.5010393,1.5969300002325326
1790387344.5026073,1.1254349956288934
1790387344.5174994,1.5258810017257929
1790387344.5499344,2.05880802241154
1790387344.5556312,1.796601980458945
1790387344.5755787,2.1305090049281716
1790387344.587032,3.000599012011662
1790387344.6124566,2.6862329978030175
1790387344.6329274,20.424986025318503
1790387344.6528735,1.6724980087019503
1790387344.6832273,20.524377992842346
1790387344.6886318,29.983929998707026
1790387344.704057,34.189649973995984
1790387344.7051852,28.428129007807
1790387344.7057216,21.84551497339271
1790387344.7066996,21.619634004309773
1790387344.7071347,10.499958007130772
1790387344.7072,17.40568201057613
1790387344.7105863,1.4895079948473722
1790387344.7232301,1.5115679998416454
1790387344.7617216,2.054903015960008
1790387344.777071,2.1770809835288674
1790387344.7902527,1.8212410213891417
1790387344.791623,2.3299489985220134
1790387344.8190687,2.110014989739284
1790387344.8319728,2.804465009830892
1790387344.8326979,1.987808005651459
1790387344.8402603,1.7727669910527766
1790387344.844473,1.5962440229486674
1790387344.8479807,1.4880389790050685
1790387344.8608313,1.7354899900965393
1790387344.8709998,1.7520490218885243
1790387344.8917336,18.13333699828945
1790387344.892217,22.217480989638716
1790387344.8922951,13.9412589778658
1790387344.8955503,1.3120020157657564
1790387344.9223955,1.7669840017333627
1790387344.9801295,8.541885996237397
1790387345.0060787,48.52952799410559
1790387345.017249,57.60340500273742
1790387345.0236092,37.747310008853674
1790387345.0240715,51.66919602197595
1790387345.0247812,38.29135000705719
1790387345.0251126,30.223873996874318
1790387345.0253417,12.776899995515123
1790387345.0259006,13.856091012712568
1790387345.0263367,8.666492998600006
1790387345.0277822,1.131419005105272
1790387345.0501366,1.9740189891308546
1790387345.051679,1.532910013338551
1790387345.0721831,1.7301930056419224
1790387345.1039207,19.943030987633392
1790387345.1042118,10.898449982050806
1790387345.1042595,2.0403540111146867
1790387345.1191592,1.5626800013706088
1790387345.1392775,19.803744013188407
1790387345.142106,1.348860008874908
1790387345.1693826,21.120426012203097
1790387345.1696196,20.007454993901774
1790387345.1697114,4.694155999459326
1790387345.2296793,5.612665991066024
1790387345.2297997,23.667936999117956
1790387345.2305572,2.1283090172801167
1790387345.2432692,1.4495810028165579
1790387345.2514215,1.8610929837450385
1790387345.2656832,1.78015700657852
1790387345.2673874,1.430914009688422
1790387345.2711496,1.1735539883375168
1790387345.287249,2.247538010124117
1790387345.2917159,1.7460339877288789
1790387345.293732,1.303788012592122
1790387345.3299081,2.1097069839015603
1790387345.3311927,1.4077189844101667
1790387345.339689,1.880640018498525
1790387345.3710532,20.9321069996804
1790387345.3711486,22.030464984709397
1790387345.3752162,1.9059809856116772
1790387345.3754017,2.5707579916343093
1790387345.397584,1.5760269889142364
1790387345.4082596,2.3674620024394244
1790387345.4116583,1.6747640038374811
1790387345.441811,24.992329999804497
1790387345.4570644,20.348752004792914
1790387345.457746,10.386230977019295
1790387345.4578316,23.538159992313012
1790387345.457886,6.964122992940247
1790387345.4595377,1.2916999985463917
1790387345.4639528,1.153805002104491
1790387345.4705582,1.38229297590442
1790387345.471738,1.1695650173351169
1790387345.4763768,1.3603889965452254
1790387345.501292,22.963809984503314
1790387345.5013933,19.058354024309665
1790387345.5014646,8.942254004068673
1790387345.5032284,1.1891149915754795
1790387345.509503,1.4147420006338507
1790387345.5546496,19.04778301832266
1790387345.5547106,21.58264198806137
1790387345.5720723,2.1012339857406914
1790387345.5760725,1.3866599765606225
1790387345.5890243,3.0538180144503713
1790387345.5891843,3.887883009156212
1790387345.5896263,1.6366280033253133
1790387345.6046526,1.5807510062586516
1790387345.6099024,1.39317600405775
1790387345.6199903,5.546870001126081
1790387345.6206913,6.615138991037384
1790387345.6603715,40.37127201445401
1790387345.6610863,30.328305991133675
1790387345.6617808,42.9034179833252
1790387345.6619961,28.94671499961987
1790387345.6627874,3.472259995760396
1790387345.6634896,1.4828120183665305
1790387345.6706553,1.6023839998524636
1790387345.674505,1.1887229920830578
1790387345.6756372,1.12403099774383
1790387345.6807487,1.2326609867159277
1790387345.7391706,36.24692899757065
1790387345.739296,37.100567016750574
1790387345.73966,43.59831000328995
1790387345.7448304,21.57238600193523
1790387345.7864358,49.66037900885567
1790387345.809454,60.41920598363504
1790387345.8168266,53.52041599689983
1790387345.8172119,49.68238400761038
1790387345.8176892,46.68936500092968
1790387345.8181024,29.096031008521095
1790387345.8183153,2.049638016615063
1790387345.8348773,7.199831015896052
1790387345.851138,16.82256697677076
1790387345.851236,19.612432981375605
1790387345.8516054,23.457509989384562
1790387345.852447,3.195261990185827
1790387345.852559,2.8445179923437536
1790387345.854133,1.2443180021364242
1790387345.8664856,2.7129249938298017
1790387345.867399,1.9777879933826625
1790387345.8698575,1.2378610263112932
1790387345.8765411,1.5119420131668448
1790387345.8918567,1.8306509882677346
1790387345.9114215,2.364383020903915
1790387345.9127758,1.3296410033944994
1790387345.9597437,21.550245000980794
1790387345.9624598,1.6443969798274338
1790387345.9785898,1.69933500001207
1790387345.9808636,1.2616970052476972
1790387346.0079257,1.6237290110439062
1790387346.022097,2.094919007504359
1790387346.045344,1.9850980024784803
1790387346.0498056,1.625243981834501
1790387346.0590038,1.5506719937548041
1790387346.0622542,1.8565749924164265
1790387346.0653062,1.1041440011467785
1790387346.098139,2.457023976603523
1790387346.1004894,1.5012419898994267
1790387346.1036963,1.5366529987659305
1790387346.1125267,1.948187011294067
1790387346.129095,1.621012983378023
1790387346.1309016,1.4262369950301945
1790387346.1416109,1.7918920202646405
1790387346.1640086,19.451766012934968
1790387346.1646702,22.81256701098755
1790387346.1647394,11.59791398094967
1790387346.1985602,3.410898003494367
1790387346.203081,2.955030999146402
1790387346.234074,22.237582015804946
1790387346.234424,18.750755989458412
1790387346.2345226,20.366242999443784
1790387346.250357,3.6391580069903284
1790387346.250518,5.833198985783383
1790387346.2627048,2.106620988342911
1790387346.2642398,1.209024980198592
1790387346.2679849,1.9694069924298674
1790387346.2680457,1.6591770108789206
1790387346.2783213,1.6717730031814426
1790387346.3139782,3.1251450127456337
1790387346.3161557,1.61784901865758
1790387346.354907,20.92964600888081
1790387346.355038,22.982516005868092
1790387346.356333,31.04626198182814
1790387346.3564446,13.2129070116207
1790387346.3564937,18.039228016277775
1790387346.3580399,1.0906640090979636
1790387346.3881078,1.7834350001066923
1790387346.3906722,1.2595859880093485
1790387346.4021108,1.646130986046046
1790387346.4322023,1.7918810190167278
1790387346.4501858,1.783111016266048
1790387346.4550214,1.5599489852320403
1790387346.4556084,1.3001550105400383
1790387346.45816,1.3035890005994588
1790387346.4868429,15.645970997866243
1790387346.4877205,8.710624009836465
1790387346.4878302,22.370877006324008
1790387346.4884574,1.6024619981180876
1790387346.4898117,1.1785449751187116
1790387346.5034463,1.55597401317209
1790387346.5155516,1.653746992815286
1790387346.5164156,1.6488329856656492
1790387346.5345204,1.5315699856728315
1790387346.5580478,19.63920600246638
1790387346.5633855,1.5190770209301263
1790387346.5716088,1.404000009642914
1790387346.5776548,1.213968003867194
1790387346.5865273,1.7000169900711626
1790387346.6284254,20.387372002005577
1790387346.6505308,2.6686750061344355
1790387346.6748729,2.0460549858398736
1790387346.6853864,1.5321389946620911
1790387346.750265,3.721880988450721
1790387346.7715456,19.275161990663037
1790387346.7718718,12.482948019169271
1790387346.771927,22.086570999817923
1790387346.7898805,2.297786995768547
1790387346.796463,1.7277110018767416
1790387346.8058736,2.2379449801519513
1790387346.8072443,1.7932199989445508
1790387346.8199334,4.510327999014407
1790387346.8200743,3.912401996785775
1790387346.8209224,2.4392789928242564
1790387346.8262892,1.5097430150490254
1790387346.8280158,1.3799579755868763
1790387346.8539104,22.5062079844065
1790387346.8801892,2.3028509749565274
1790387346.8935375,2.4415100051555783
1790387346.9101498,2.3816360044293106
1790387346.9500568,24.70236798399128
1790387346.9503522,18.338504974963143
1790387346.9504147,6.084562017349526
1790387346.9770668,21.069721988169476
1790387346.99614,1.507178007159382
1790387347.05132,29.460210003890097
1790387347.0552783,43.76394298742525
1790387347.0570717,32.10265000234358
1790387347.0571687,30.398267990676686
1790387347.0572643,26.607784995576367
1790387347.057341,11.521312000695616
1790387347.0580764,2.683141006855294
1790387347.077042,1.865686004748568
1790387347.084152,1.4605500036850572
1790387347.0906956,2.324828994460404
1790387347.0911536,1.6847819788381457
1790387347.096024,1.3280239945743233
1790387347.1035252,1.4411869924515486
1790387347.1065967,1.2012560036964715
1790387347.132296,20.74866701150313
1790387347.132378,15.733731008367613
1790387347.1364493,1.353151019429788
1790387347.1418378,1.2008509947918355
1790387347.1520247,1.8742610118351877
1790387347.1742258,1.6966690018307418
1790387347.215073,17.085016006603837
1790387347.2195835,22.25260599516332
1790387347.2200818,11.050598986912519
1790387347.2211707,1.6970150172710419
1790387347.2441993,1.6934890008997172
1790387347.2442572,2.2669369936920702
1790387347.2473493,1.719933992717415
1790387347.249029,1.2219790078233927
1790387347.2841904,24.00558700901456
1790387347.2853882,23.18777100299485
1790387347.28672,8.96105301217176
1790387347.2869575,19.237016007537022
1790387347.2873604,2.7188150270376354
1790387347.2881172,1.9578899955376983
1790387347.2912266,1.4889010053593665
1790387347.2982144,1.586873986525461
1790387347.3353775,1.9378910074010491
1790387347.3719177,5.705654009943828
1790387347.374052,2.1131760149728507
1790387347.382455,1.399519998813048
1790387347.391106,1.6639030072838068
1790387347.391203,3.0113359971437603
1790387347.394425,2.380703983362764
1790387347.3990679,2.8110290004406124
1790387347.399848,1.3152699975762516
1790387347.415549,1.594932982698083
1790387347.4414248,20.77751699835062
1790387347.4414952,9.854937001364306
1790387347.4448109,1.3475620071403682
1790387347.5182536,2.896755002439022
1790387347.5430415,22.750939999241382
1790387347.5439165,21.532885992201045
1790387347.5443556,15.496111998800188
1790387347.545628,8.117342978948727
1790387347.5457587,4.289164004148915
1790387347.545826,22.6758070057258
1790387347.5465374,1.722729008179158
1790387347.558544,2.2669679892715067
1790387347.5601976,2.1432189969345927
1790387347.5912683,10.376815014751628
1790387347.5915177,2.4720460060052574
1790387347.591628,24.822701001539826
1790387347.592073,2.3914019984658808
1790387347.6298647,2.099840989103541
1790387347.6781433,2.1279359934851527
1790387347.6902158,2.0964349969290197
1790387347.7328832,22.20623701578006
1790387347.7490606,2.394956012722105
1790387347.7499118,1.7395260219927877
1790387347.7515697,1.0649560135789216
1790387347.7663565,1.5888869820628315
1790387347.7846625,1.9955400202888995
1790387347.7911317,1.3967450067866594
1790387347.795278,1.3354160182643682
1790387347.8463564,4.13010100601241
1790387347.846426,3.347149002365768
1790387347.8814955,1.5283419925253838
1790387347.9060414,1.7331899725832045
1790387347.9218988,1.5992900007404387
1790387347.933054,1.6725259774830192
1790387347.9427605,2.290634991368279
1790387347.9434717,1.1316309974063188
1790387347.953804,2.0228970097377896
1790387347.9625695,3.053937980439514
1790387347.9626737,2.4330899759661406
1790387347.9628856,1.4252410037443042
1790387347.9991138,2.1808299934491515
1790387348.0317776,29.315521998796612
1790387348.0373194,38.67952901055105
1790387348.0423841,36.17085699806921
1790387348.042755,34.5778230112046
1790387348.0430672,12.068901007296517
1790387348.0789776,4.351064999355003
1790387348.07907,3.6680990015156567
1790387348.0810788,2.852047997293994
1790387348.093061,13.733723026234657
1790387348.1034,21.19625298655592
1790387348.104764,24.478930019540712
1790387348.1246626,1.7707530059851706
1790387348.1475756,15.163685020525008
1790387348.1476986,22.780175000661984
1790387348.1481457,2.6254639960825443
1790387348.156412,1.4822689990978688
1790387348.1944797,10.1583760115318
1790387348.1945863,22.47254500980489
1790387348.1949425,9.013026021420956
1790387348.2004602,1.9457400194369256
1790387348.2298174,2.643612999236211
1790387348.2406576,1.5628469991497695
1790387348.252453,1.6112780140247196
1790387348.260687,1.4406540140043944
1790387348.263254,1.3217879750300199
1790387348.2653913,1.2110949901398271
1790387348.2760255,3.7508870009332895
1790387348.2795832,1.4532339992001653
1790387348.2841306,1.9282819994259626
1790387348.289596,2.030456002103165
1790387348.3186548,9.571115981088951
1790387348.3193536,2.4163999769371003
1790387348.3206964,29.291012993780896
1790387348.3219056,1.8176219891756773
1790387348.322151,2.781557006528601
1790387348.3499506,15.454957989277318
1790387348.3509347,23.311164026381448
1790387348.3510396,17.352437018416822
1790387348.3510976,13.707421021535993
1790387348.3662586,1.748251001117751
1790387348.3703537,1.596062007592991
1790387348.376029,1.5218640037346631
1790387348.4097838,6.704825995257124
1790387348.4111688,6.658714002696797
1790387348.424534,1.8736640049610287
1790387348.4426491,1.6679920081514865
1790387348.4505777,2.2907399979885668
1790387348.4506435,1.8394869985058904
1790387348.45638,1.221479004016146
1790387348.4575753,1.1149359925184399
1790387348.4658234,1.884266996057704
1790387348.4758863,1.6069210250861943
1790387348.4940398,1.5761520189698786
1790387348.5107613,4.252295999322087
1790387348.535167,1.5492009988520294
1790387348.541486,1.5744410047773272
1790387348.553272,1.5485890035051852
1790387348.5818577,26.96466399356723
1790387348.587023,22.786072979215533
1790387348.596329,26.07459799037315
1790387348.5967298,8.893827005522326
1790387348.6125169,25.192525004968047
1790387348.6180944,19.10834899172187
1790387348.6182063,29.33065200340934
1790387348.6182675,24.724604008952156
1790387348.623879,1.919461996294558
1790387348.6298862,1.6505840176250786
1790387348.635671,1.584884012117982
1790387348.6601307,22.63168801437132
1790387348.6605263,18.819281016476452
1790387348.6605904,6.6644879989326
1790387348.6999185,21.511918981559575
1790387348.7000344,22.578450007131323
1790387348.7002184,16.382522007916123
1790387348.7004974,14.672368008177727
1790387348.7258525,2.207782003097236
1790387348.7262423,1.2178830220364034
1790387348.7321126,1.4699930034112185
1790387348.7407377,1.7622890009079129
1790387348.7645073,23.073594988090917
1790387348.7650127,21.97571800206788
1790387348.7650905,14.224106998881325
1790387348.7652397,13.722150993999094
1790387348.7659948,13.957967021269724
1790387348.7660506,13.386655016802251
1790387348.7785249,3.319379989989102
1790387348.77872,2.577803999884054
1790387348.8071377,2.7202859928365797
1790387348.826226,1.79596699308604
1790387348.867266,2.493296022294089
1790387348.8849597,1.7761530179996043
1790387348.8938293,1.5492660168092698
1790387348.9195316,2.364655985729769
1790387348.941087,1.7637800192460418
1790387348.9660726,1.8873010121751577
1790387348.9682593,1.862374017946422
1790387348.9776826,1.9724589947145432
1790387348.9874713,2.244480012450367
1790387348.9961362,1.4663520269095898
1790387349.0330515,22.50398599426262
1790387349.033137,2.713516994845122
1790387349.0744145,4.124819999560714
1790387349.0941837,1.6908860125113279
1790387349.1040292,1.7212950042448938
1790387349.1063774,1.1307999957352877
1790387349.1401536,22.988993994658813
1790387349.140438,22.70749901072122
1790387349.1404936,17.103339021559805
1790387349.1630158,1.525711006252095
1790387349.1919682,21.667674998752773
1790387349.1920657,18.549220985732973
1790387349.1924052,10.374353994848207
1790387349.2205484,1.824481994844973
1790387349.2235723,1.2885709875263274
1790387349.2257655,1.450406009098515
1790387349.243357,2.1690890134777874
1790387349.2541165,1.9186040153726935
1790387349.254436,1.714202982839197
1790387349.2672303,1.5555550053250045
1790387349.2724652,1.4524210128001869
1790387349.2951112,1.8275370239280164
1790387349.3306859,1.6857629816513509
1790387349.350843,2.2975179890636355
1790387349.3651855,1.5605069929733872
1790387349.3745325,4.411935980897397
1790387349.37546,1.8547689833212644
1790387349.4000547,20.723907015053555
1790387349.4001307,7.292237016372383
1790387349.4043372,1.1496279912535101
1790387349.4535108,31.843753007706255
1790387349.4537127,41.10439697979018
1790387349.4545884,31.503281992627308
1790387349.454893,16.968958982033655
1790387349.4549592,23.66227502352558
1790387349.4583492,1.343178009847179
1790387349.481207,1.5663890226278454
1790387349.4881735,2.4026850005611777
1790387349.488612,2.9058400250505656
1790387349.499591,1.4771790010854602
1790387349.5474062,17.126300022937357
1790387349.552833,25.196322007104754
1790387349.5531387,10.127988003659993
1790387349.5797942,2.236959000583738
1790387349.587105,1.5958520234562457
1790387349.5893826,1.3175929780118167
1790387349.5972085,2.1256070176605135
1790387349.5994246,1.294925983529538
1790387349.6169996,1.770372997270897
1790387349.6429546,22.822937986347824
1790387349.6655755,1.548314990941435
1790387349.6983776,31.08631700160913
1790387349.7071896,27.40160599933006
1790387349.707523,28.81373299169354
1790387349.7183564,36.76026497851126
1790387349.7330186,45.75293100788258
1790387349.7447674,58.80061999778263
1790387349.7491677,48.65162799251266
1790387349.7492447,46.75328597659245
1790387349.770983,60.61290900106542
1790387349.7710583,39.793208008632064
1790387349.7737772,30.02609297982417
1790387349.7739327,9.513380005955696
1790387349.7739873,70.9620609995909
1790387349.7747295,2.2843189944978803
1790387349.813528,1.8203450017608702
1790387349.8315022,2.4005729937925935
1790387349.8406181,2.1202259813435376
1790387349.8472745,2.217620989540592
1790387349.8921692,27.354558988008648
1790387349.8961408,29.71788600552827
1790387349.896617,34.26336601842195
1790387349.897112,28.62607900169678
1790387349.8978763,11.488791991723701
1790387349.9094615,19.86704600858502
1790387349.9352424,43.84506700444035
1790387349.9491062,56.0375860077329
1790387349.9600756,23.797938018105924
1790387349.9704719,53.78155299695209
1790387349.9803205,19.328013993799686
1790387349.9812045,40.1809589820914
1790387349.9813786,5.298881995258853
1790387349.9823341,2.0011089800391346
1790387350.0161893,2.6815809833351523
1790387350.0193484,2.8291360067669302
1790387350.0641942,2.534073020797223
1790387350.0877903,2.0256279967725277
1790387350.0923738,2.266206982312724
1790387350.0972033,1.9917200261261314
1790387350.099936,1.864422985818237
1790387350.1105776,2.127993997419253
1790387350.1287167,1.6709210176486522
1790387350.1293263,1.3717389956582338
1790387350.1640882,22.143294976558536
1790387350.192508,24.931964988354594
1790387350.2098048,2.087750006467104
1790387350.2301826,1.7973060021176934
1790387350.2330172,1.9148860010318458
1790387350.2684143,1.9131849985569715
1790387350.2775273,2.15909699909389
1790387350.3171442,18.763490981655195
1790387350.317294,6.625061010709032
1790387350.3173535,26.722375012468547
1790387350.3303173,1.6411030082963407
1790387350.3539495,1.6931479913182557
1790387350.38015,2.0630049984902143
1790387350.3850045,1.4871199964545667
1790387350.4004395,1.792524999473244
1790387350.4186656,2.3532129998784512
1790387350.425539,1.8300550000276417
1790387350.4300241,1.7512679914943874
1790387350.479787,2.0438299980014563
1790387350.4848347,1.3484579976648092
1790387350.4919803,1.588782004546374
1790387350.4958866,1.3970870058983564
1790387350.5008867,1.2700959923677146
1790387350.503098,1.4633849787060171
1790387350.511027,1.9047390087507665
1790387350.515996,1.4954160142224282
1790387350.5248175,2.204085001721978
1790387350.543204,2.473833999829367
1790387350.5434914,1.679607987171039
1790387350.5771718,1.6705779999028891
1790387350.588089,2.465179015416652
1790387350.588206,2.699150994885713
1790387350.5935533,1.6312400111928582
1790387350.6176517,2.066924993414432
1790387350.6290035,1.6767939960118383
1790387350.6378732,1.7107090097852051
1790387350.6452868,1.7096340015996248
1790387350.6473436,1.3950479915365577
1790387350.6505425,1.2344899878371507
1790387350.6777227,1.5893079980742186
1790387350.6900744,1.7711069958750159
1790387350.742343,2.376741002080962
1790387350.7527583,2.2204979904927313
1790387350.7554376,1.3030320114921778
1790387350.7830098,1.8888600170612335
1790387350.7989683,1.7493620107416064
1790387350.8046227,1.421560999006033
1790387350.8341043,1.5515050035901368
1790387350.8469338,1.5407680184580386
1790387350.8506577,1.275843009352684
1790387350.8811805,18.9894629875198
1790387350.8817155,24.780121981166303
1790387350.882584,18.147772003430873
1790387350.8830647,20.255190000170842
1790387350.883144,5.858985998202115
1790387350.8977,1.9099880009889603
1790387350.9247298,14.156582998111844
1790387350.9252193,28.506566974101588
1790387350.9252937,5.768047005403787
1790387350.925355,14.121399988653138
1790387350.9361427,1.8283359822817147
1790387350.946625,1.486234978074208
1790387350.9706404,2.202004980063066
1790387350.9799695,2.1872540237382054
1790387351.002008,1.9393900001887232
1790387351.0256655,1.9631870090961456
1790387351.0278096,1.302668999414891
1790387351.0803428,2.0246309868525714
1790387351.099093,1.794088981114328
1790387351.1164155,1.8003509903792292
1790387351.1233275,1.5146339719649404
1790387351.1233823,2.1252980222925544
1790387351.141252,1.9071120186708868
1790387351.1515737,1.798292010789737
1790387351.1527483,1.1647090141195804
1790387351.157402,1.4910509926266968
1790387351.160117,1.7199990106746554
1790387351.163772,1.8802990089170635
1790387351.1663072,1.3159379886928946
1790387351.1991444,21.97165400139056
1790387351.19922,3.1843199976719916
1790387351.2112854,2.6589829940348864
1790387351.2125485,3.267266001785174
1790387351.2197738,1.6549360007047653
1790387351.2213833,1.204803993459791
1790387351.2410626,1.7783319926820695
1790387351.2415056,1.2494500260800123
1790387351.2716587,21.217542001977563
1790387351.282312,16.35239098686725
1790387351.2971566,28.899636992719024
1790387351.3039513,1.9483620126266032
1790387351.3360407,1.5568789967801422
1790387351.3671758,1.8303449905943125
1790387351.3981028,26.36873599840328
1790387351.3983142,24.573692004196346
1790387351.3991659,21.00923002581112
1790387351.3992815,26.992961997166276
1790387351.3993616,6.156404997454956
1790387351.425189,1.9790120131801814
1790387351.4261265,1.7644840118009597
1790387351.4621572,16.776666016085073
1790387351.4622374,24.746893002884462
1790387351.4623103,18.669494020286947
1790387351.464255,1.1825190158560872
1790387351.4894326,1.800033001927659
1790387351.5072074,1.8225079984404147
1790387351.532278,1.6433580021839589
1790387351.540104,2.1565670031122863
1790387351.5432742,1.6621270042378455
1790387351.5776243,23.81286898162216
1790387351.577736,22.486950998427346
1790387351.5783615,3.4035720163956285
1790387351.5824895,1.695012004347518
1790387351.6204176,1.793203002307564
1790387351.6274211,1.8976090068463236
1790387351.63571,1.3846629881300032
1790387351.649342,2.0820930076297373
1790387351.6497967,1.3638559903483838
1790387351.690162,1.7697120201773942
1790387351.691389,1.216877019032836
1790387351.7011707,1.6495070012751967
1790387351.7255414,21.349516027839854
1790387351.7390792,1.688842021394521
1790387351.7506545,1.8806619918905199
1790387351.8020136,2.109876979375258
1790387351.8085103,2.3032979806885123
1790387351.8121548,1.805125008104369
1790387351.8177717,1.4340960187837481
1790387351.8271067,1.651656988542527
1790387351.8412175,1.7343479848932475
1790387351.8476555,1.4716869918629527
1790387351.8508816,2.523592993384227
1790387351.851161,2.165621001040563
1790387351.8800952,2.3222969903144985
1790387351.884842,2.0125890150666237
1790387351.8929374,1.690033997874707
1790387351.9011724,1.6746520122978836
1790387351.928151,1.7190899816341698
1790387351.9301054,1.9411179819144309
1790387351.930976,1.2729000009130687
1790387351.93506,1.4434469921980053
1790387351.9577074,1.7640690202824771
1790387351.9618177,1.5074989933054894
1790387352.0169532,2.2265409934334457
1790387352.0191934,1.4251699903979897
1790387352.0234668,1.6244070138782263
1790387352.035994,2.0115450024604797
1790387352.0519714,2.3732959816697985
1790387352.0919435,26.491755997994915
1790387352.0926871,15.479331981623545
1790387352.0939612,1.9087179971393198
1790387352.1085567,2.0402660011313856
1790387352.1202435,1.7008570139296353
1790387352.1419024,1.6740320133976638
1790387352.1558237,1.6345400072168559
1790387352.1634974,2.112439018674195
1790387352.1958127,21.30167800351046
1790387352.195903,29.849284008378163
1790387352.1962178,17.702254001051188
1790387352.2128782,1.9025840156245977
1790387352.2197325,2.421326993498951
1790387352.2365406,1.8519430013839155
1790387352.2379525,1.190156996017322
1790387352.2658641,1.7989689949899912
1790387352.267206,1.3290719944052398
1790387352.2698154,1.9956750038545579
1790387352.2707162,2.035363984759897
1790387352.3234115,2.011292992392555
1790387352.3287408,1.9159380171913654
1790387352.4313836,2.253087004646659
1790387352.4361053,2.129269007127732
1790387352.454482,1.9200450042262673
1790387352.458735,2.180565003072843
1790387352.4733078,2.3097909870557487
1790387352.4850554,1.9305640016682446
1790387352.49919,2.4031999928411096
1790387352.5046477,2.3366630193777382
1790387352.5274265,3.1832450185902417
1790387352.5278754,3.050297003937885
1790387352.5284967,2.236686006654054
1790387352.5603015,24.232853000285104
1790387352.5603852,14.166904002195224
1790387352.5621843,1.4330519770737737
1790387352.6126778,28.96353299729526
1790387352.6138885,30.83879899349995
1790387352.6145065,10.754905000794679
1790387352.6145842,5.203895998420194
1790387352.6301653,1.7757180030457675
1790387352.6366572,1.5548719966318458
1790387352.6898234,1.8924179894383997
1790387352.7179658,18.26801401330158
1790387352.7180488,24.083244992652908
1790387352.7252188,1.965275005204603
1790387352.7478263,2.246815012767911
1790387352.7487156,1.7618639976717532
1790387352.7595437,2.3704479972366244
1790387352.7599127,1.8422980210743845
1790387352.7607467,1.6126309928949922
1790387352.7659333,1.6490019916091114
1790387352.7726712,1.532207999844104
1790387352.7813323,2.3620380088686943
1790387352.78192,1.505068998085335
1790387352.7876542,1.3264970039017498
1790387352.7947206,1.6327020130120218
1790387352.801654,1.562622986966744
1790387352.8307261,2.6438859931658953
1790387352.831338,1.554143993416801
1790387352.8436937,1.6509460110682994
1790387352.8517046,2.076132979709655
1790387352.8522015,1.345233991742134
1790387352.899127,1.8227040127385408
1790387352.906711,1.5021839935798198
1790387352.9203727,1.7513409839011729
1790387352.9277399,1.9457160087767988
1790387352.9339979,1.401760004227981
1790387352.9357972,1.5106200007721782
1790387352.9366481,1.5807239979039878
1790387352.9400828,1.739089988404885
1790387352.9409244,1.515847019618377
1790387352.9455519,1.4995560050010681
1790387352.9497259,1.7418630013708025
1790387352.9802175,1.6614979831501842
1790387352.9880745,1.4471870090346783
1790387353.0041184,2.7575729764066637
1790387353.004192,2.7541260060388595
1790387353.0305827,21.309234987711534
1790387353.0730937,39.13294299854897
1790387353.0790932,17.338712990749627
1790387353.0853984,13.802842993754894
1790387353.0861042,34.397123992675915
1790387353.0871582,10.246578021906316
1790387353.0883923,10.262094991048798
1790387353.0890577,11.702663003234193
1790387353.089189,4.635337012587115
1790387353.089606,5.789115995867178
1790387353.089706,3.3523169986438006
1790387353.0974379,2.738135022809729
1790387353.097498,2.1861629793420434
1790387353.0999231,1.7531059856992215
1790387353.111618,1.6381790046580136
1790387353.1133325,1.2763910053763539
1790387353.1438904,26.08632599003613
1790387353.1494987,25.20834101596847
1790387353.1501865,36.42813200713135
1790387353.1502674,35.97324198926799
1790387353.1507657,6.458946998463944
1790387353.150927,11.57988898921758
1790387353.1525366,1.5994780114851892
1790387353.2253928,1.9556010083761066
1790387353.2337573,1.7859559739008546
1790387353.2347114,1.6690620104782283
1790387353.2375193,1.476687000831589
1790387353.2400043,1.5779499954078346
1790387353.2427332,1.4045260031707585
1790387353.2479174,1.8580940086394548
1790387353.2555459,1.8961240130010992
1790387353.2773445,18.416734994389117
1790387353.2776134,21.676539006875828
1790387353.2778711,18.035235989373177
1790387353.3073843,2.0896430069115013
1790387353.307867,1.5136479923967272
1790387353.318291,1.5060690056998283
1790387353.326416,1.9240239926148206
1790387353.347963,1.6632299812044948
1790387353.380668,30.14187901862897
1790387353.4039938,1.8837190000340343
1790387353.410959,1.5269409923348576
1790387353.411418,1.3038089964538813
1790387353.4259043,2.8699259855784476
1790387353.4472094,2.5865490024443716
1790387353.4558184,2.549297991208732
1790387353.4810588,19.94093699613586
1790387353.4816875,24.82528699329123
1790387353.4818418,16.603207011939958
1790387353.481907,26.02067802217789
1790387353.4819648,15.510716999415308
1790387353.49133,1.4675710117444396
1790387353.515841,1.8365909927524626
1790387353.555513,1.9684639992192388
1790387353.5680518,1.852271001553163
1790387353.5810819,1.5328460140153766
1790387353.6038208,1.7894359771162271
1790387353.6168084,1.4647820207756013
1790387353.636699,1.730493997456506
1790387353.638397,1.3275299861561507
1790387353.6434178,1.294898014748469
1790387353.6713579,1.944005984114483
1790387353.6739113,1.5975960122887045
1790387353.684639,1.7052080074790865
1790387353.7248282,1.760206010658294
1790387353.7456927,16.389827011153102
1790387353.7457962,21.914143988396972
1790387353.7528117,1.7008720024023205
1790387353.75506,1.2836380046792328
1790387353.759844,1.5925670159049332
1790387353.7896838,25.192200992023572
1790387353.7900553,15.423798002302647
1790387353.7907143,4.934855009196326
1790387353.7907763,14.843693992588669
1790387353.8019955,2.4118419969454408
1790387353.8020637,3.186397982062772
1790387353.8224735,2.268593991175294
1790387353.8346615,1.6034470172598958
1790387353.8427641,1.830935012549162
1790387353.85659,1.6689689946360886
1790387353.857264,1.5290210139937699
1790387353.865459,2.034551987890154
1790387353.865543,2.6602059951983392
1790387353.8777497,2.244472998427227
1790387353.899207,1.8450870120432228
1790387353.9107344,2.2989170101936907
1790387353.9352274,24.8976270086132
1790387353.9363282,1.952712016645819
1790387353.998628,35.459408012684435
1790387354.0111053,12.325656978646293
1790387354.0113368,29.30879101040773
1790387354.0116155,9.500215004663914
1790387354.0120847,10.51326299784705
1790387354.0327876,1.717045990517363
1790387354.0576174,21.649903006618842
1790387354.0647314,26.48922399384901
1790387354.066005,17.516194988274947
1790387354.0669656,32.01755599002354
1790387354.0674858,17.567915027029812
1790387354.0678036,6.426266016205773
1790387354.067866,15.18889400176704
1790387354.0818946,1.6263139841612428
1790387354.0998738,1.8401099951006472
1790387354.1231136,1.609892991837114
1790387354.1315706,1.825031009502709
1790387354.1576626,2.986448002047837
1790387354.1761274,1.876037014881149
1790387354.2021656,1.881162985228002
1790387354.244372,43.08250601752661
1790387354.2451935,40.74439301621169
1790387354.245503,1.93208601558581
1790387354.2456126,26.55433301697485
1790387354.2539287,2.0208169880788773
1790387354.30398,1.6130770090967417
1790387354.3142078,1.6175009950529784
1790387354.3237057,1.7434689798392355
1790387354.3240945,1.31731599685736
1790387354.3257651,1.4262459881138057
1790387354.3269966,1.1357460170984268
1790387354.3698647,2.0246639905963093
1790387354.3776438,1.8303539836779237
1790387354.3820593,1.3298899866640568
1790387354.4007545,1.8821959965862334
1790387354.405508,1.8725410045590252
1790387354.4072258,1.373291976051405
1790387354.4203866,1.7000169900711626
1790387354.4204662,2.4269259884022176
1790387354.4314647,1.645524986088276
1790387354.4419992,1.6193719930015504
1790387354.452059,1.5797569940332323
1790387354.4679477,1.7282199987675995
1790387354.4806879,1.8303460092283785
1790387354.4823062,1.3885969819966704
1790387354.5000722,1.8006619939114898
1790387354.5075407,1.918002002639696
1790387354.5077987,1.688539981842041
1790387354.5145388,1.773502997821197
1790387354.5361743,1.6407959919888526
1790387354.5396426,1.5242339868564159
1790387354.5540981,1.5697829949203879
1790387354.577538,2.1806650038342923
1790387354.5825174,2.1112549875397235
1790387354.630395,24.56436798092909
1790387354.630579,15.880217019002885
1790387354.6435392,1.9343179883435369
1790387354.6620696,2.1258350170683116
1790387354.6703942,1.8308429862372577
1790387354.725348,28.53572100866586
1790387354.758643,33.28072800650261
1790387354.7597902,21.538510016398504
1790387354.7604601,7.750721997581422
1790387354.7605457,21.543962007854134
1790387354.760722,9.002756007248536
1790387354.7609973,6.088237016228959
1790387354.7610655,3.4072810085490346
1790387354.7723758,1.7589870258234441
1790387354.7989469,5.089031998068094
1790387354.799049,26.367245998699218
1790387354.7991493,11.736909014871344
1790387354.840492,10.041481989901513
1790387354.8405898,22.381810005754232
1790387354.9081233,17.34351200866513
1790387354.9086008,24.369221995584667
1790387354.9090836,13.117314025294036
1790387354.9095926,10.189438005909324
1790387354.9515436,1.725529000395909
1790387354.9648752,1.7830239958129823
1790387354.9698114,1.6961410001385957
1790387354.976182,1.8880629795603454
1790387354.9874673,2.096092008287087
1790387355.0160675,20.676582993473858
1790387355.0170207,29.395934980129823
1790387355.0171087,14.576182002201676
1790387355.0200715,1.5633949951734394
1790387355.0324883,2.2500659979414195
1790387355.0680535,30.26286998647265
1790387355.1135952,1.686557981884107
1790387355.1212237,1.5618909965269268
1790387355.1301148,1.9895309815183282
1790387355.1459491,1.8626390083227307
1790387355.1561582,1.7303350032307208
1790387355.1760418,1.9922489882446826
1790387355.1989255,2.285390015458688
1790387355.2311363,1.9205280113965273
1790387355.2360744,1.963848015293479
1790387355.3020997,1.7576729878783226
1790387355.303979,1.6511889989487827
1790387355.3124478,1.7424930119886994
1790387355.3484905,2.004189998842776
1790387355.352403,1.463494001654908
1790387355.3557394,1.4317229797597975
1790387355.357998,1.2337109947111458
1790387355.3620696,1.616610010387376
1790387355.362591,1.3848030066583306
1790387355.3719504,1.8456779944244772
1790387355.38786,2.4633829889353365
1790387355.396373,1.9539609784260392
1790387355.4617114,54.53400599071756
1790387355.4619052,38.7674679805059
1790387355.462814,40.97422800259665
1790387355.462907,34.294051001779735
1790387355.464216,34.837283979868516
1790387355.464364,20.3313959937077
1790387355.4647143,14.977498998632655
1790387355.468677,1.4810610155109316
1790387355.4825077,1.681221998296678
1790387355.5206852,2.5959310005418956
1790387355.5209577,2.1597520099021494
1790387355.5432656,23.60334902186878
1790387355.5563486,1.834797003539279
1790387355.571625,1.6740149876568466
1790387355.5758743,2.291067998157814
1790387355.5777397,1.3357240241020918
1790387355.584292,1.7689270025584847
1790387355.5984201,2.214601990999654
1790387355.61976,2.002150984480977
1790387355.6310585,1.9647380104288459
1790387355.6642969,2.3324860085267574
1790387355.6673632,2.0454000041354448
1790387355.6822042,2.0236540003679693
1790387355.6847792,1.831379981013015
1790387355.6905828,1.6340680012945086
1790387355.7198758,2.0412830053828657
1790387355.721663,1.351582002826035
1790387355.7598863,1.9840429886244237
1790387355.7648766,1.4519889955408871
1790387355.7668514,1.2456210097298026
1790387355.7920115,23.614696983713657
1790387355.8008096,2.1172650158405304
1790387355.8077967,2.005971997277811
1790387355.8155906,1.9978759810328484
1790387355.8303363,2.5711389898788184
1790387355.8313615,1.979764987481758
1790387355.8449833,2.321023988770321
1790387355.8504138,1.7271139950025827
1790387355.8791435,25.154589005978778
1790387355.8792496,9.024788974784315
1790387355.8843102,1.6641239926684648
1790387355.8984907,2.245098992716521
1790387355.9252148,2.261682995595038
1790387355.935807,2.5053010031115264
1790387355.9400108,1.8700909859035164
1790387355.9437582,1.3444729847833514
1790387355.950753,1.7916859942488372
1790387355.9592993,1.780050981324166
1790387355.9750419,1.8582350166980177
1790387356.0151017,21.204205986578017
1790387356.0157132,22.537051991093904
1790387356.015882,16.8627199891489
1790387356.038088,18.879668990848586
1790387356.0381699,31.572361011058092
1790387356.0952227,30.635709001217037
1790387356.0953112,6.911334989126772
1790387356.1115217,1.9268830073997378
1790387356.1473875,28.98903499590233
1790387356.161656,2.157267997972667
1790387356.164026,1.7289610113948584
1790387356.172986,1.8188900139648467
1790387356.191373,2.338144986424595
1790387356.192749,1.363646995741874
1790387356.2062645,1.6164889966603369
1790387356.2243211,1.9839789893012494
1790387356.2630148,21.36758400592953
1790387356.263288,33.63300900673494
1790387356.2635958,9.985470998799428
1790387356.2799046,1.998450985411182
1790387356.2938921,1.8310279992874712
1790387356.304561,1.7293519922532141
1790387356.3346305,1.928646001033485
1790387356.343369,1.90970697440207
1790387356.3547664,2.501055016182363
1790387356.3591967,1.6789450019132346
1790387356.3593075,2.2800320002716035
1790387356.3745806,1.974052982404828
1790387356.4139683,34.259545005625114
1790387356.4225132,47.06915799761191
1790387356.4267867,38.23516200645827
1790387356.4541059,28.374535992043093
1790387356.4546463,71.04954600799829
1790387356.4548352,63.104089989792556
1790387356.4555175,27.601431997027248
1790387356.4557993,23.83662498323247
1790387356.4577687,18.483307998394594
1790387356.4579673,23.018792999209836
1790387356.4580884,24.16708698729053
1790387356.4588134,2.5997449993155897
1790387356.4757254,2.0449870207812637
1790387356.4932854,1.8085170013364404
1790387356.4963746,1.4933710044715554
1790387356.4994657,1.4202340098563582
1790387356.5252225,1.7075249925255775
1790387356.5317142,1.5099039883352816
1790387356.5392115,1.867890008725226
1790387356.541027,1.3428170059341937
1790387356.5430999,1.1966459860559553
1790387356.5692885,1.9337419944349676
1790387356.577303,1.6237749950960279
1790387356.580212,1.7115700175054371
1790387356.5855808,1.7957949894480407
1790387356.6112685,1.817664975533262
1790387356.6564152,2.4632129934616387
1790387356.65965,1.6370139783248305
1790387356.665079,1.9212000188417733
1790387356.669689,2.3186850012280047
1790387356.674317,1.4685049827676266
1790387356.7096756,13.243741996120661
1790387356.7102473,23.667831992497668
1790387356.710772,12.056381994625553
1790387356.711128,6.41986500704661
1790387356.7117999,4.609653988154605
1790387356.712541,1.4033720071893185
1790387356.743361,2.420114993583411
1790387356.7879457,24.151623976649716
1790387356.7884784,8.943285007262602
1790387356.7885358,4.024532012408599
1790387356.7976973,1.5923050232231617
1790387356.8026307,1.4198279823176563
1790387356.8042707,1.629657985176891
1790387356.8111024,2.0412880112417042
1790387356.8251026,1.6338389832526445
1790387356.8351467,1.7253529804293066
1790387356.866791,12.18209500075318
1790387356.870056,28.24840202811174
1790387356.8705735,13.69943399913609
1790387356.8706877,8.585634001065046
1790387356.8758016,1.5222769870888442
1790387356.9000964,2.5237379886675626
1790387356.9013226,2.0948379824403673
1790387356.918073,2.233178005553782
1790387356.9335854,1.7542849818710238
1790387356.936562,1.5020260179881006
1790387356.9577396,1.8008720071520656
1790387356.9661627,1.6137520142365247
1790387357.002376,1.7781600181479007
1790387357.0040603,1.4938630047254264
1790387357.0064278,1.2390319898258895
1790387357.012201,1.5719679940957576
1790387357.0258973,2.0236849959474057
1790387357.0266943,1.6471109993290156
1790387357.0433009,1.6713200020603836
1790387357.0636237,2.0352200081106275
1790387357.0657477,1.4888730074744672
1790387357.090282,23.23845002683811
1790387357.1236122,15.888566995272413
1790387357.1240427,25.4757659859024
1790387357.124513,8.613557001808658
1790387357.1640491,2.4148029915522784
1790387357.1876779,2.0795890013687313
1790387357.277727,17.79729500412941
1790387357.286141,15.92302302015014
1790387357.286259,26.906664978014305
1790387357.2863278,22.766670997953042
1790387357.3036785,1.9237790256738663
1790387357.3090324,2.4310550070367754
1790387357.327262,1.850255997851491
1790387357.360304,2.277429011883214
1790387357.3690767,2.468582009896636
1790387357.3731232,1.8002750002779067
1790387357.3864164,3.0284060048870742
1790387357.3873448,2.019934996496886
1790387357.3952937,2.1633970027323812
1790387357.4214735,2.017602004343644
1790387357.453135,18.285081983776763
1790387357.4605973,24.934789980761707
1790387357.4613416,23.059006984112784
1790387357.4614859,21.369983005570248
1790387357.4616385,19.74109499133192
1790387357.462587,17.37144499202259
1790387357.4626992,5.914454988669604
1790387357.4698815,1.8054760002996773
1790387357.4750893,2.007637987844646
1790387357.4986007,2.2659880050923675
1790387357.5270061,1.8560609896667302
1790387357.5651276,23.5057600075379
1790387357.5700078,1.7911979812197387
1790387357.571609,1.5912289964035153
1790387357.5735347,1.269751985091716
1790387357.5752177,1.1625199986156076
1790387357.6489193,21.630746021401137
1790387357.6502209,30.200625013094395
1790387357.6506834,19.1966520214919
1790387357.6508908,11.286216002190486
1790387357.650976,3.8151980261318386
1790387357.6510372,17.376000003423542
1790387357.6608953,2.1513339888770133
1790387357.6828172,1.661227026488632
1790387357.6895735,1.9485939992591739
1790387357.7133617,23.353285010671243
1790387357.7134275,9.971347986720502
1790387357.7220757,1.9713880028575659
1790387357.7300274,1.6990260046441108
1790387357.7568884,23.882939014583826
1790387357.7569902,19.445879996055737
1790387357.7731135,12.033765000524
1790387357.784154,23.599483974976465
1790387357.7842276,18.291037995368242
1790387357.786504,1.4442479878198355
1790387357.7878213,1.1681679752655327
1790387357.8138304,1.9807379867415875
1790387357.8740032,25.69702800246887
1790387357.8894494,56.699651991948485
1790387357.8895383,27.450121007859707
1790387357.8986866,1.7949699831660837
1790387357.9104128,2.247572992928326
1790387357.9623961,2.690680994419381
1790387357.9826875,2.3521560069639236
1790387357.983333,1.789885020116344
1790387357.9866393,2.207459998317063
1790387358.0049107,2.017446997342631
1790387358.0609717,24.941951996879652
1790387358.0614493,29.1684580151923
1790387358.0616004,22.45163798215799
1790387358.0617254,13.21003699558787
1790387358.0626929,13.47784700919874
1790387358.0630522,10.271734005073085
1790387358.0631123,6.4602100173942745
1790387358.0743473,2.0109559991396964
1790387358.0894372,1.7970020126085728
1790387358.0948262,2.5019159947987646
1790387358.1063027,1.9656970107462257
1790387358.1325097,24.451834993669763
1790387358.1578243,2.1623169886879623
1790387358.2082872,31.422292988281697
1790387358.2084568,23.904855013825
1790387358.2085407,35.77369899721816
1790387358.217349,3.0215170118026435
1790387358.2424579,2.997781994054094
1790387358.2425404,2.05681097577326
1790387358.2443583,1.1314720031805336
1790387358.2500684,1.57659497926943
1790387358.2568245,1.8852880166377872
1790387358.2624483,1.9359209982212633
1790387358.2699277,1.6325690085068345
1790387358.2998018,2.422995981760323
1790387358.303945,1.3974560133647174
1790387358.3247888,1.6797019925434142
1790387358.327582,1.7129250045400113
1790387358.3538597,2.072027011308819
1790387358.3637362,1.7962550045922399
1790387358.3653297,1.430498989066109
1790387358.3731806,2.0714020065497607
1790387358.3743777,1.6372670070268214
1790387358.3774192,1.718398998491466
1790387358.3879952,1.6802620084490627
1790387358.3966663,1.8004369921982288
1790387358.4164836,1.8674670136533678
1790387358.4260924,1.9040110055357218
1790387358.4618883,23.672750015975907
1790387358.4878242,2.398213982814923
1790387358.5290177,28.410720988176763
1790387358.5292172,3.1919589964672923
1790387358.5293267,18.170391995226964
1790387358.559662,22.318458009976894
1790387358.571298,25.82277200417593
1790387358.5714948,20.248259999789298
1790387358.572033,8.705787011422217
1790387358.5721943,35.8858380059246
1790387358.573336,18.420254986267537
1790387358.5734026,4.749596992041916
1790387358.5735352,6.164051010273397
1790387358.5745971,3.286691993707791
1790387358.5771058,1.668252021772787
1790387358.5985925,2.532974991481751
1790387358.606922,2.259720000438392
1790387358.6104689,1.9027719972655177
1790387358.618943,2.0959020184818655
1790387358.6363947,2.284971997141838
1790387358.6406517,2.2720420092809945
1790387358.6461043,2.027747017564252
1790387358.6527574,2.5939519982784986
1790387358.6641643,2.6356810121797025
1790387358.67146,3.1745599990244955
1790387358.6826055,2.5583860115148127
1790387358.7070267,3.223365027224645
1790387358.7071264,4.107807006221265
1790387358.7145612,3.1586510012857616
1790387358.7188375,2.905160974478349
1790387358.7250113,1.7934640054591
1790387358.727433,1.6825599886942655
1790387358.733294,2.1897709812037647
1790387358.7360106,1.703118992736563
1790387358.7516084,12.121926993131638
1790387358.757534,12.945647991728038
1790387358.7675157,28.658027993515134
1790387358.767713,13.12556499033235
1790387358.7678227,11.828865011921152
1790387358.7678916,18.456177989719436
1790387358.7701967,2.155820024199784
1790387358.7789423,2.277136023622006
1790387358.7843583,1.8249519926030189
1790387358.7844145,2.513175015337765
1790387358.791071,1.6326590266544372
1790387358.8174427,1.8322020187042654
1790387358.8316574,1.9443730125203729
1790387358.8482485,2.3395780008286238
1790387358.8690794,2.3249709920492023
1790387358.8737328,2.728305000346154
1790387358.873796,3.3115569967776537
1790387358.8813155,3.0337980133481324
1790387358.8826432,3.415790997678414
1790387358.8827856,2.837473002728075
1790387358.9114323,2.5155660114251077
1790387358.9124498,2.0155810052528977
1790387358.915565,2.140402008080855
1790387358.9200056,2.123651996953413
1790387358.9265742,2.1756800124421716
1790387358.9655056,35.14253598405048
1790387358.965575,25.123020022874698
1790387358.9662619,7.717975997366011
1790387358.966857,7.39749099011533
1790387358.9745045,7.810307026375085
1790387358.9979677,20.898652990581468
1790387358.9989436,2.057903999229893
1790387358.9990277,31.513647991232574
1790387359.0132236,1.982949994271621
1790387359.0392802,2.2448140080086887
1790387359.040992,1.5530249802395701
1790387359.050309,2.5204849953297526
1790387359.0546775,2.319056977285072
1790387359.066208,2.8911020199302584
1790387359.0936506,2.109177003148943
1790387359.107206,2.1273399761412293
1790387359.1138887,2.2397490101866424
1790387359.1317225,2.2292959911283106
1790387359.1386092,2.3050399904605
1790387359.1387024,3.0246879905462265
1790387359.1488352,2.054936980130151
1790387359.1685746,2.435037982650101
1790387359.1745272,1.7485209973528981
1790387359.183682,2.0086299919057637
1790387359.2475626,12.173479975899681
1790387359.2543604,25.941122003132477
1790387359.2544315,11.873467010445893
1790387359.2647502,2.2141139779705554
1790387359.3079588,21.317214996088296
1790387359.3082166,27.688524016411975
1790387359.3086574,18.19954498205334
1790387359.309375,9.84121099463664
1790387359.3234346,2.503193012671545
1790387359.382153,45.912238012533635
1790387359.382264,34.83428299659863
1790387359.3941956,40.40251500555314
1790387359.3948252,11.800631997175515
1790387359.3948886,52.1824510069564
1790387359.4061162,1.8957940046675503
1790387359.4123645,2.2395979904104024
1790387359.4235842,2.004989015404135
1790387359.4439037,1.9063710060436279
1790387359.490577,35.37092500482686
1790387359.4978464,31.59381399746053
1790387359.5091913,32.544538989895955
1790387359.5093572,58.67296599899419
1790387359.509454,52.7698359801434
1790387359.53497,1.822001999244094
1790387359.5350962,2.541833004215732
1790387359.5368068,1.4725390064995736
1790387359.5624967,2.0256419957149774
1790387359.6074102,19.339125021360815
1790387359.607652,28.34345999872312
1790387359.6085606,12.251014995854348
1790387359.608988,21.57392998924479
1790387359.6094024,11.446649994468316
1790387359.6094933,12.098390987375751
1790387359.6155372,1.8986590148415416
1790387359.620279,2.092992013785988
1790387359.6357496,2.2008780215401202
1790387359.6414993,2.3477130162063986
1790387359.6421878,1.7684510094113648
1790387359.6565928,1.9254950166214257
1790387359.6618629,1.7499100067652762
1790387359.6619618,2.5367310154251754
1790387359.6950355,20.0589940068312
1790387359.6969783,15.787084004841745
1790387359.6971185,26.406352990306914
1790387359.6972086,12.063089001458138
1790387359.69734,5.788812006358057
1790387359.6976738,2.327265014173463
1790387359.7491705,17.66191201750189
1790387359.7529664,26.784399000462145
1790387359.7530525,20.495575008681044
1790387359.7537096,11.015545984264463
1790387359.7902918,3.360367991263047
1790387359.7903812,2.6193019875790924
1790387359.821471,2.1625809895340353
1790387359.827455,1.6094589955173433
1790387359.8320708,1.6244439757429063
1790387359.838583,2.1618469909299165
1790387359.8454933,1.9837590225506574
1790387359.856884,2.195106993895024
1790387359.880676,2.2942439827602357
1790387359.883695,1.6029470134526491
1790387359.9273264,28.698253008769825
1790387359.927456,8.685838984092698
1790387359.9910302,27.029643999412656
1790387359.9917805,7.610536005813628
1790387359.9984763,1.8492259841877967
1790387360.003235,1.540942001156509
1790387360.015875,2.3101450060494244
1790387360.0257332,2.7466799947433174
1790387360.025839,3.789155016420409
1790387360.0371864,2.1865649905521423
1790387360.0386815,2.521385991713032
1790387360.0469728,2.2764430032111704
1790387360.053474,1.8892580119427294
1790387360.0709963,2.5348649942316115
1790387360.072985,1.9711060158442706
1790387360.144023,32.42442800546996
1790387360.1648684,2.264197974000126
1790387360.1679318,1.8041880102828145
1790387360.2238731,38.58682498685084
1790387360.230044,26.563966006506234
1790387360.2400777,37.368660006904975
1790387360.240755,32.10802600369789
1790387360.240922,11.690062994603068
1790387360.2409987,6.846917007351294
1790387360.2696028,2.832123020198196
1790387360.2796547,3.2608660112600774
1790387360.298676,2.9619510169140995
1790387360.3083453,3.880099975503981
1790387360.3726003,34.43845800939016
1790387360.3800418,48.69350598892197
1790387360.380417,46.35924700414762
1790387360.381144,36.22326598269865
1790387360.3819423,16.655685001751408
1790387360.382032,21.654426003806293
1790387360.38281,16.472334013087675
1790387360.383655,5.009632994187996
1790387360.3844166,1.5969790110830218
1790387360.3899305,1.6153939941432327
1790387360.3939164,1.437775994418189
1790387360.4077525,1.9748889899346977
1790387360.4705417,28.85060998960398
1790387360.4995918,3.3342929964419454
1790387360.5008743,1.962125999853015
1790387360.5154853,2.3559050168842077
1790387360.5214605,2.3709950037300587
1790387360.5279717,2.064472995698452
1790387360.5347507,2.746054989984259
1790387360.5362926,2.6122739946004003
1790387360.5375383,1.9806769851129502
1790387360.5475168,2.10550197516568
1790387360.5534317,2.253190992632881
1790387360.5634382,2.779861999442801
1790387360.6072335,13.559648010414094
1790387360.6339567,38.86795401922427
1790387360.639253,44.92744599701837
1790387360.6467388,17.060799000319093
1790387360.6468298,43.30136100179516
1790387360.6502163,1.6205650172196329
1790387360.6534796,1.3682610006071627
1790387360.6799088,1.7742670024745166
1790387360.6822996,1.4857149799354374
1790387360.7000756,1.7610100039746612
1790387360.7043004,2.340467006433755
1790387360.7060773,1.4903729897923768
1790387360.7277505,1.8936699780169874
1790387360.7421935,1.9489399855956435
1790387360.7571719,1.6131330048665404
1790387360.7904487,19.743773998925462
1790387360.7906458,23.378123994916677
1790387360.7913425,29.432707000523806
1790387360.7920046,15.569312003208324
1790387360.792084,9.353411005577073
1790387360.7960925,1.485419023083523
1790387360.8013754,1.811549998819828
1790387360.8091838,1.9917620229534805
1790387360.811626,1.393539016135037
1790387360.821476,1.5321260143537074
1790387360.8555214,25.521535018924624
1790387360.8643613,1.7391139990650117
1790387360.8706212,1.5842739958316088
1790387360.9241986,2.4119290173985064
1790387360.924801,1.8085909832734615
1790387360.9419456,1.6422219923697412
1790387360.95881,1.8028579943347722
1790387360.982365,2.512567996745929
1790387360.983034,2.0451919990591705
1790387360.9918532,2.2567750129383057
1790387361.0011914,1.683868991676718
1790387361.0044284,1.5652749862056226
1790387361.0235846,1.8961669993586838
1790387361.0453348,2.4015629896894097
1790387361.0549045,1.6644639836158603
1790387361.0617142,1.7074930074159056
1790387361.0822248,2.365452004596591
1790387361.0823085,3.014386020367965
1790387361.0925026,2.2861899924464524
1790387361.1150222,20.59522198396735
1790387361.1200426,23.809908976545557
1790387361.1201334,28.594319010153413
1790387361.1214378,3.190148010617122
1790387361.1215231,9.13523999042809
1790387361.144076,1.7132660141214728
1790387361.144615,1.6143999819178134
1790387361.1534736,1.6229409957304597
1790387361.1566796,1.2118419981561601
1790387361.1904583,19.19122799881734
1790387361.1908474,23.42327099177055
1790387361.2006667,1.9685100123751909
1790387361.2061517,1.8566859944257885
1790387361.212471,1.7203289899043739
1790387361.2386172,25.26195501559414
1790387361.243144,2.0712200202979147
1790387361.2658393,1.7619149875827134
1790387361.2698302,1.5548289811704308
1790387361.2717223,1.6005320067051798
1790387361.2812343,1.643591996980831
1790387361.284788,1.3736429973505437
1790387361.2852592,1.3821970205754042
1790387361.3077118,2.078480989439413
1790387361.3140128,1.579956995556131
1790387361.3206012,1.5246370167005807
1790387361.3217876,1.1768870172090828
1790387361.3296852,1.6212009941227734
1790387361.332191,1.5652509755454957
1790387361.3587396,24.946890014689416
1790387361.358827,26.52341200155206
1790387361.4101996,39.983560011023656
1790387361.4107084,45.185761991888285
1790387361.411061,37.56517800502479
1790387361.4118044,51.75279499962926
1790387361.4123461,31.05433299788274
1790387361.4129376,15.272303979145363
1790387361.4141166,13.480615976732224
1790387361.4142597,8.674206997966394
1790387361.4152732,1.6796549898572266
1790387361.4319944,1.9187210127711296
1790387361.4557302,1.7118039831984788
1790387361.4693365,1.8497679848223925
1790387361.4754837,1.4721889747306705
1790387361.497783,1.9065840169787407
1790387361.5263586,27.167732012458146
1790387361.5299034,2.02850200003013
1790387361.538739,1.5450509963557124
1790387361.5616877,1.7333810101263225
1790387361.5758994,1.6989040013868362
1790387361.6238763,18.081215006532148
1790387361.6241572,16.40140000381507
1790387361.6283488,32.314638985553756
1790387361.6484802,1.6832640103530139
1790387361.651394,1.7192369850818068
1790387361.6823006,23.60370199312456
1790387361.6823988,28.49269099533558
1790387361.6883922,2.8441600152291358
1790387361.6887343,2.6735480059869587
1790387361.6922898,1.9088690169155598
1790387361.7047727,2.2130490106064826
1790387361.7270126,1.8687770061660558
1790387361.7274992,1.4056279906071723
1790387361.741773,2.260075998492539
1790387361.7471724,2.050094015430659
1790387361.7592964,1.6363539907615632
1790387361.762063,1.302442018641159
1790387361.7643824,1.4111179916653782
1790387361.7761786,1.6516339965164661
1790387361.8054304,10.300857975380495
1790387361.806691,8.988695975858718
1790387361.8067784,5.43687300523743
1790387361.8068554,27.58107997942716
1790387361.8210123,1.8504899926483631
1790387361.8320348,1.7270789830945432
1790387361.8374178,1.557912997668609
1790387361.84397,3.07553299353458
1790387361.8440394,3.655469015939161
1790387361.84445,2.488237980287522
1790387361.8645282,1.9537760235834867
1790387361.875116,2.1778420195914805
1790387361.8805892,1.7308230162598193
1790387361.9015217,1.8709389842115343
1790387361.9500828,2.0524360006675124
1790387361.9501872,2.718963020015508
1790387361.9616685,1.5353530179709196
1790387361.9633877,1.2798929819837213
1790387362.0073516,23.427904001437128
1790387362.0496492,25.297436019172892
1790387362.049811,23.448205000022426
1790387362.050646,20.25285200215876
1790387362.0509758,14.031478989636526
1790387362.079676,2.116363000823185
1790387362.0906277,2.5079480255953968
1790387362.1034675,1.9287950126454234
1790387362.1099827,2.8843260079156607
1790387362.110164,3.6378990043886006
1790387362.1116076,3.144182002870366
1790387362.1121874,1.6820720047689974
1790387362.113492,1.195010991068557
1790387362.1250033,1.8999059975612909
1790387362.1337492,2.8912540001329035
1790387362.1771429,44.88592001143843
1790387362.1899252,34.94422300718725
1790387362.1904263,38.18488598335534
1790387362.1906064,8.655589015688747
1790387362.1906664,32.47398100211285
1790387362.200499,1.5547930088359863
1790387362.2075412,1.6923680086620152
1790387362.2570217,23.594533995492384
1790387362.2632773,27.2333049797453
1790387362.2753434,31.248757004505023
1790387362.2866642,54.01418500696309
1790387362.294551,45.098455011611804
1790387362.2955723,50.708144990494475
1790387362.2957058,39.83222201350145
1790387362.297558,21.03608998004347
1790387362.2980402,37.12616901611909
1790387362.2981176,11.375978006981313
1790387362.2989182,10.903335991315544
1790387362.2989993,7.5935740023851395
1790387362.2993839,3.2932159956544638
1790387362.3013473,1.4920620014891028
1790387362.3518019,23.845899006118998
1790387362.3826635,44.88119701272808
1790387362.3828065,61.21913099195808
1790387362.3833156,46.35236199828796
1790387362.38465,26.272677001543343
1790387362.3848624,11.19583600666374
1790387362.384945,54.29724999703467
1790387362.3932202,2.0048200094606727
1790387362.4168851,3.1882709881756455
1790387362.4180737,1.756731973728165
1790387362.453747,2.6000509969890118
1790387362.4930084,35.86356501909904
1790387362.493308,34.16627598926425
1790387362.4981263,24.60870600771159
1790387362.5158987,41.57421400304884
1790387362.537185,64.59603999974206
1790387362.5582452,67.02746101655066
1790387362.5583725,75.3845309955068
1790387362.5880733,95.94940897659399
1790387362.588394,76.90191001165658
1790387362.589451,89.61422002175823
1790387362.5903442,67.2666120226495
1790387362.5904348,73.71074499678798
1790387362.5910704,20.05556400399655
1790387362.5915067,59.13365201558918
1790387362.5915961,3.3868900209199637
1790387362.6060991,1.896706991828978
1790387362.619845,1.9907120149582624
1790387362.6240065,1.5337519871536642
1790387362.6462712,21.10552100930363
1790387362.678085,2.6435060135554522
1790387362.678203,2.846689982106909
1790387362.683418,1.8602760101202875
1790387362.6960151,2.1924500179011375
1790387362.7026005,1.5997749869711697
1790387362.723546,1.7108260071836412
1790387362.727031,1.8255340110044926
1790387362.732263,1.626398996450007
1790387362.7620182,12.605563999386504
1790387362.7708094,13.397155998973176
1790387362.7709022,26.321409997763112
1790387362.7712247,10.866419994272292
1790387362.7811787,1.5225100214593112
1790387362.7832782,1.2832659995183349
1790387362.7854035,1.4158840058371425
1790387362.8257508,24.529115995392203
1790387362.8258202,20.572384004481137
1790387362.8366458,1.8187619862146676
1790387362.8399453,1.4827270060777664
1790387362.842537,1.5982750046532601
1790387362.8446076,1.2850269849877805
1790387362.859885,1.9843489862978458
1790387362.8764968,2.8021059988532215
1790387362.8863795,3.8608770119026303
1790387362.886495,3.2528130104765296
1790387362.9072163,2.261640998767689
1790387362.9483428,30.09865400963463
1790387362.9484432,37.74766999413259
1790387362.9586895,31.021297007100657
1790387362.970104,29.835080000339076
1790387362.9702203,40.11632699985057
1790387362.9708576,8.155249000992626
1790387362.9709427,15.168623009230942
1790387362.974945,1.5374289941973984
1790387363.0221722,16.981878026854247
1790387363.0236611,28.967026009922847
1790387363.0245247,2.336407022085041
1790387363.0279996,1.8306800047867
1790387363.0330517,2.279578009620309
1790387363.0404217,2.000918990233913
1790387363.0432196,2.4728110001888126
1790387363.0951273,53.000359010184184
1790387363.095742,39.87082600360736
1790387363.0962589,38.546533993212506
1790387363.0965867,29.16772899334319
1790387363.138723,51.408564002485946
1790387363.1442416,98.29767598421313
1790387363.1444178,67.32141901738942
1790387363.1827168,96.58819600008428
1790387363.203534,112.48487400007434
1790387363.214571,122.8638990141917
1790387363.2273161,124.52368100639433
1790387363.227951,93.58844402595423
1790387363.2283099,77.52117601921782
1790387363.2458491,77.34659500420094
1790387363.2516804,84.85331901465543
1790387363.255855,58.93259102595039
1790387363.256608,101.04615401360206
1790387363.268366,82.36172099714167
1790387363.2910461,82.46995799709111
1790387363.3348594,102.8261850005947
1790387363.3357198,99.72623802605085
1790387363.3358145,81.00188500247896
1790387363.3571522,107.49079499510117
1790387363.357227,142.6031950104516
1790387363.3605096,120.48591297934763
1790387363.3609838,114.05950100743212
1790387363.3618457,38.57512699323706
1790387363.361949,33.496663003461435
1790387363.3625653,58.90398001065478
1790387363.362829,15.297445992473513
1790387363.3629205,5.273148010019213
1790387363.366784,1.3685809972230345
1790387363.3950245,2.1412399946711957
1790387363.4022467,1.522599981399253
1790387363.4107223,2.105683000991121
1790387363.4192042,1.7249970114789903
1790387363.4558437,1.9400030141696334
1790387363.4618745,1.8576740112621337
1790387363.467958,1.5335140051320195
1790387363.4726062,1.5648860135115683
1790387363.4916115,2.186488010920584
1790387363.5065775,2.084225998260081
1790387363.5211613,1.9615810015238822
1790387363.5515165,1.810453977668658
1790387363.5593498,2.6768379902932793
1790387363.584326,6.438457989133894
1790387363.5844426,24.92066699778661
1790387363.586106,1.555404975079
1790387363.5981426,2.1228109835647047
1790387363.600168,1.8920369911938906
1790387363.6121104,2.6608759944792837
1790387363.612508,2.247258002171293
1790387363.6130033,1.8153990095015615
1790387363.6747153,46.02836299454793
1790387363.6853,41.9499870040454
1790387363.698087,50.390527001582086
1790387363.6984682,70.8748509932775
1790387363.6988342,53.04903301293962
1790387363.7360597,85.99450599285774
1790387363.736165,84.85328700044192
1790387363.7544467,76.61460200324655
1790387363.758263,88.55786500498652
1790387363.758357,102.71181599819101
1790387363.7584772,76.2465049920138
1790387363.7591598,69.9817790009547
1790387363.7599878,54.01478800922632
1790387363.7602708,51.1619690223597
1790387363.7613053,56.73660300089978
1790387363.7614658,31.270270992536098
1790387363.7615373,4.770539992023259
1790387363.763286,1.638326997635886
1790387363.7652988,1.4109929907135665
1790387363.7703962,1.4177730190567672
1790387363.7772617,1.656858978094533
1790387363.7880065,2.1441539865918458
1790387363.7946668,1.8754939956124872
1790387363.8432853,13.493712001945823
1790387363.8436956,11.66712201666087
1790387363.843782,35.457856982247904
1790387363.8626542,1.706652983557433
1790387363.8765132,2.311275020474568
1790387363.8805792,1.88792499830015
1790387363.90683,2.4913180095609277
1790387363.930537,2.1768879960291088
1790387363.9321992,1.6459260077681392
1790387363.9497988,2.139982010703534
1790387363.980132,2.2096000029705465
1790387363.9954638,2.009550982620567
1790387364.0349557,29.44945200579241
1790387364.0352678,25.868220982374623
1790387364.0353703,36.00612800801173
1790387364.036526,2.4208220129366964
1790387364.098119,2.6740840112324804
1790387364.0984812,2.2579710057470948
1790387364.1034691,1.7111919878516346
1790387364.1183972,1.856274000601843
1790387364.1376855,1.8606930098030716
1790387364.142657,1.4348310069181025
1790387364.1606872,2.4752960016485304
1790387364.1620862,1.9218269735574722
1790387364.1855927,1.863857003627345
1790387364.1911376,1.5773740014992654
1790387364.206771,2.1367149893194437
1790387364.2171366,1.8380190012976527
1790387364.2254305,1.4439040096476674
1790387366.4264708,1063.1173900037538
1790387366.4271305,43.80441000103019
1790387366.427365,23.04444002220407
1790387366.4275892,28.04078400367871
1790387366.4276721,1060.6668409891427
1790387366.4284272,4.547529999399558
1790387366.4328368,1.915016007842496
1790387366.435401,1.684504997683689
1790387366.446087,1.7887779977172613
1790387366.456754,1.9816569983959198
1790387366.4818501,1.9627340079750866
1790387366.486623,1.758519996656105
1790387366.5053775,2.111940993927419
1790387366.5135272,2.3247779754456133
1790387366.5173721,1.431910990504548
1790387366.525406,1.5417120011989027
1790387366.5426533,1.954842999111861
1790387366.5544987,1.9186419958714396
1790387366.5624502,2.334216987947002
1790387366.5631065,1.6645059804432094
1790387366.5693955,2.0454500045161694
1790387366.5704198,3.7510080146603286
1790387366.5707395,2.423589990939945
1790387366.5755725,2.252859005238861
1790387366.6061456,31.602314003976062
1790387366.6065059,16.616928012808785
1790387366.6065722,8.724400016944855
1790387366.6435845,34.57656200043857
1790387366.649017,42.109443980734795
1790387366.6574805,33.54463298455812
1790387366.6582162,41.80191201157868
1790387366.6583028,31.627766002202407
1790387366.6692405,2.304637018823996
1790387366.670159,1.3905050000175834
1790387366.6805694,1.9758979906328022
1790387366.70247,2.131221001036465
1790387366.7066383,1.8303210090380162
1790387366.7071586,1.5079640143085271
1790387366.7945008,27.387187990825623
1790387366.7954993,29.37973302323371
1790387366.7955675,26.712032995419577
1790387366.81124,2.3138989927247167
1790387366.8325372,1.961898000445217
1790387366.8456936,2.463128010276705
1790387366.8463051,1.7625970067456365
1790387366.8538246,1003.7855679984204
1790387366.8556821,1.845627004513517
1790387366.8562496,1.5621939965058118
1790387366.8653452,1.6660400142427534
1790387366.8858788,2.7723420062102377
1790387366.8863022,2.3571180063299835
1790387366.8917243,1.8787599983625114
1790387366.9166987,2.2147019917611033
1790387366.9230845,3.751487995032221
1790387366.9328384,1.890051004011184
1790387366.9602277,1079.574731993489
1790387366.984103,1108.1784410052933
1790387366.9842417,50.69315098808147
1790387366.9847958,1104.7096390102524
1790387366.9863915,1104.3652039952576
1790387366.986595,40.984711988130584
1790387366.9869845,1105.7992409914732
1790387366.9873755,32.21002398640849
1790387366.9878376,9.872005000943318
1790387366.9891598,8.285944000817835
1790387366.9894965,7.613512978423387
1790387366.9896064,4.491262981900945
1790387366.993447,2.6427950069773942
1790387366.9935381,3.223751002224162
1790387366.9956608,1.336828019702807
1790387367.0111828,2.2061689815018326
1790387367.0126293,1.4338440087158233
1790387367.0209885,2.073898009257391
1790387367.0750043,2.097415999742225
1790387367.1247497,2.4547019856981933
1790387367.1303341,2.3307529918383807
1790387367.1939647,40.84278701338917
1790387367.2050714,35.546513012377545
1790387367.2061656,27.12038700701669
1790387367.2064946,31.3911109988112
1790387367.2068787,33.304647979093716
1790387367.2072482,25.400828977581114
1790387367.2073123,16.974550992017612
1790387367.2164133,1.8917459819931537
1790387367.2435896,25.808639999013394
1790387367.2699926,26.573051000013947
1790387367.2935896,2.446995989885181
1790387367.2939672,3.4699190000537783
1790387367.3133817,2.1770059829577804
1790387367.32918,2.073337003821507
1790387367.3581192,2.339922997634858
1790387367.3645835,1.6520489880349487
1790387367.3871408,1.9852739933412522
1790387367.4159625,28.531755990115926
1790387367.4160497,9.159542998531833
1790387367.4282467,1.8422910070512444
1790387367.4396508,1.7031250172294676
1790387367.4540493,2.2195460041984916
1790387367.4881139,2.273544989293441
1790387367.5168717,27.963946980889887
1790387367.5249155,1.8074229883495718
1790387367.5360253,1.8726149864960462
1790387367.5526602,1.8900420109275728
1790387367.563245,3.5167750029359013
1790387367.563339,2.9968000017106533
1790387367.569335,2.807604003464803
1790387367.570171,2.0558779942803085
1790387367.5862827,1.9555659964680672
1790387367.6146722,2.285725000547245
1790387367.6372185,2.50043100095354
1790387367.6713567,2.280718006659299
1790387367.6830254,1.8402949790470302
1790387367.696694,1.8058229761663824
1790387367.7569656,2.43669401970692
1790387367.7611659,2.018152008531615
1790387367.7812076,1.812286995118484
1790387367.7877016,1.7302920168731362
1790387367.8213658,22.963093011640012
1790387367.8218162,27.627455012407154
1790387367.823048,13.527183007681742
1790387367.8231769,24.02475700364448
1790387367.8232436,4.941971012158319
1790387367.8390105,1.726136018987745
1790387367.8428628,1.4473329938482493
1790387367.8444188,1.3914610026404262
1790387367.845274,1.5318879741244018
1790387367.8892808,23.13467802014202
1790387367.90974,49.18732799706049
1790387367.929881,58.14763400121592
1790387367.9380245,43.964279000647366
1790387367.93849,67.2980240196921
1790387367.9393191,9.133801999269053
1790387367.9396567,22.828346001915634
1790387367.9399877,5.263323982944712
1790387367.9703844,1.9360290025360882
1790387367.976005,1.6832909896038473
1790387367.979957,3.648269979748875
1790387367.9800994,3.122154012089595
1790387367.9936924,2.2816289856564254
1790387367.9997406,1.6311929794028401
1790387368.0136914,2.3085989814717323
1790387368.0301862,2.2485489898826927
1790387368.0459926,2.2103519877418876
1790387368.0588498,1.8628020188771188
1790387368.0595207,1.6442420019302517
1790387368.062934,1.685027003986761
1790387368.0741034,2.0235159900039434
1790387368.078639,1.6493880248162895
1790387368.080291,1.3162570248823613
1790387368.0865617,1.3562759850174189
1790387368.0931172,1.5599589969497174
1790387368.0945835,1.239848992554471
1790387368.1190648,2.660162019310519
1790387368.149832,31.803858990315348
1790387368.1815813,20.873861998552456
1790387368.1881292,48.64597399136983
1790387368.1990292,33.19398401072249
1790387368.200623,9.263365005608648
1790387368.2007341,23.911769996630028
1790387368.200821,59.27492899354547
1790387368.2077172,3.1130689894780517
1790387368.2078245,2.6871559966821223
1790387368.2395654,19.98269697651267
1790387368.2396743,33.20846799761057
1790387368.239777,7.338579976931214
1790387368.2406538,2.8388930077198893
1790387368.248312,2.033828990533948
1790387368.2626579,2.032424003118649
1790387368.2746599,1.96033000247553
1790387368.3047829,24.188276001950726
1790387368.3054273,1.7913119809236377
1790387368.3278694,2.071847004117444
1790387368.3289928,1.9529880082700402
1790387368.359647,2.781744988169521
1790387368.3718805,2.243490016553551
1790387368.378895,2.2148720163386315
1790387368.3995667,1.7708359810058028
1790387368.476355,55.721304001053795
1790387368.497099,65.2537829882931
1790387368.502708,72.08831698517315
1790387368.5028007,69.54016699455678
1790387368.5043292,65.65976500860415
1790387368.5054245,62.766491988440976
1790387368.5059533,68.23315899237059
1790387368.5061848,58.127937983954325
1790387368.506286,43.5783970169723
1790387368.5446177,2.167289989301935
1790387368.5706728,2.142090001143515
1790387368.594325,2.563944988651201
1790387368.621041,1.9420130120124668
1790387368.625655,2.303869987372309
1790387368.6511674,27.386337984353304
1790387368.6722615,2.592758013634011
1790387368.6729386,1.5051989757921547
1790387368.6821666,2.1301740198396146
1790387368.689883,1.6599020163994282
1790387368.698261,1.9059000187553465
1790387368.7055936,2.1022669970989227
1790387368.7142181,1.662727998336777
1790387368.723584,2.0685789932031184
1790387368.7237377,2.8520019841380417
1790387368.7240574,1.6539520001970232
1790387368.7337346,1.6276389942504466
1790387368.743769,1.8920309958048165
1790387368.753814,1.6558240167796612
1790387368.7566473,1.4318889880087227
1790387368.7669036,1.4796300092712045
1790387368.7904427,2.3334889847319573
1790387368.802649,1.8271930166520178
1790387368.8066275,2.0016170165035874
1790387368.8102114,1.848045998485759
1790387368.837421,21.06973301852122
1790387368.837543,23.26642401749268
1790387368.8384762,19.34113699826412
1790387368.8390894,16.890012979274616
1790387368.8461757,1.5581440238747746
1790387368.8939352,14.902121998602524
1790387368.8940134,15.695562993641943
1790387368.8944643,28.696991998003796
1790387368.8950064,5.824966996442527
1790387368.8950675,2.7802149998024106
1790387368.8951404,11.069451982621104
1790387368.9179807,4.328315000748262
1790387368.919,2.6372520078439265
1790387368.9190722,3.744004003237933
1790387368.9366398,2.075224998407066
1790387368.9734664,2.1249849814921618
1790387369.0118334,37.12417202768847
1790387369.0272977,3.007798979524523
1790387369.0273805,32.37337700556964
1790387369.0567415,1.7575109959580004
1790387369.0589306,1.620239985641092
1790387369.0713215,1.5818699903320521
1790387369.0855012,2.1433799993246794
1790387369.086159,1.6527560073882341
1790387369.0939553,2.173062996007502
1790387369.1423285,2.0681349851656705
1790387369.1516614,2.1972410031594336
1790387369.1633484,1.9345449982210994
1790387369.216603,19.09839198924601
1790387369.2213686,20.903703989461064
1790387369.222444,29.825204983353615
1790387369.2228951,14.934535982320085
1790387369.2229784,17.27092298096977
1790387369.2913792,49.0890110086184
1790387369.3026147,64.86300600226969
1790387369.3104532,58.91554799745791
1790387369.3158207,37.37283998634666
1790387369.3262541,61.92827399354428
1790387369.334406,52.3621269967407
1790387369.335128,53.81545302225277
1790387369.335819,34.59643601672724
1790387369.3359592,26.382537005702034
1790387369.33603,28.563861997099593
1790387369.341196,1.677855005254969
1790387369.3449142,1.4500000106636435
1790387369.349991,1.2883369927294552
1790387369.3586154,1.727588998619467
1790387369.385075,18.86491701588966
1790387369.3851402,26.041450997581705
1790387369.394066,1.6910269914660603
1790387369.3992934,1.6643329872749746
1790387369.4273388,16.61273799254559
1790387369.4278193,22.04329098458402
1790387369.4279878,16.07900400995277
1790387369.4284716,14.709684008266777
1790387369.4297814,10.290623002219945
1790387369.4298906,5.396029009716585
1790387369.4317966,1.4948119933251292
1790387369.4344735,1.1992799991276115
1790387369.4413452,1.272135996259749
1790387369.4426827,1.207947003422305
1790387369.503895,1028.4027390007395
1790387369.512115,19.197643996449187
1790387369.5142577,17.29385502403602
1790387369.5246131,19.588844996178523
1790387369.5306118,18.463118001818657
1790387369.5713623,38.356174976797774
1790387369.5714638,50.567019992740825
1790387369.5715947,29.96358199743554
1790387369.5721443,56.81134000769816
1790387369.5726812,26.296509022358805
1790387369.5727377,18.318896007258445
1790387369.5766435,1.4421289961319417
1790387369.584772,1.4950559998396784
1790387369.632763,10.345317976316437
1790387369.6328738,25.168791005853564
1790387369.6901572,49.40538600203581
1790387369.6954346,33.85217601316981
1790387369.704724,55.35956402309239
1790387369.7055504,24.57998599857092
1790387369.7056844,25.71980099310167
1790387369.7179327,2.5769289932213724
1790387369.725377,2.6515689969528466
1790387369.7810102,2.907634014263749
1790387369.7874491,2.9453210008796304
1790387369.809224,2.1655019954778254
1790387369.8458936,1.755496021360159
1790387369.8677275,1.969795994227752
1790387369.8715706,1.8564839847385883
1790387369.8832817,10.66494599217549
1790387369.893859,15.52342899958603
1790387369.893924,22.30551899992861
1790387369.9088197,1.7838709754869342
1790387369.9215422,1.7785959935281426
1790387369.9285462,2.1871460194233805
1790387369.9413438,2.0053260086569935
1790387369.951144,1.7612749943509698
1790387369.969562,1.6855669964570552
1790387369.9747272,1.4865800039842725
1790387369.9841595,1.6896150191314518
1790387370.0330293,2.105199993820861
1790387370.0567105,1.6223100246861577
1790387370.0762048,2.329284994630143
1790387370.0812259,1.7219609871972352
1790387370.108168,2.9877930064685643
1790387370.1138318,1.4549519983120263
1790387370.1195052,1.4957920066080987
1790387370.125196,2.1651790011674166
1790387370.132793,2.236542000900954
1790387370.1625292,1.7083179845940322
1790387370.174192,1.7243839974980801
1790387370.1970954,1.978597982088104
1790387370.2133439,1.753256015945226
1790387370.226162,1.7567560134921223
1790387370.2835066,5.461230000946671
1790387370.2839527,7.021547993645072
1790387370.3108547,20.836162992054597
1790387370.313614,1.5974479902070016
1790387370.3247538,1.5872200019657612
1790387370.3345451,1.609705010196194
1790387370.455764,42.546954995486885
1790387370.4712315,57.02931497944519
1790387370.4965014,94.86784299951978
1790387370.5109487,88.46399001777172
1790387370.5116313,83.59156901133247
1790387370.51284,55.52961101057008
1790387370.5129485,8.052674995269626
1790387370.513021,93.7042199948337
1790387370.5130796,82.34397001797333
1790387370.5154827,1.2806720042135566
1790387370.5559692,21.866404014872387
1790387370.5563006,15.401037002447993
1790387370.556951,13.079013006063178
1790387370.5570211,11.232629010919482
1790387370.5612917,1.2212239962536842
1790387370.5669951,1.2927450006827712
1790387370.569109,1.2355420039966702
1790387370.5742874,1.4085820002947003
1790387370.574962,1.598608010681346
1790387370.5945172,2.3009309952612966
1790387370.5973337,1.4875979977659881
1790387370.6033034,1.7724079953040928
1790387370.6167898,1.744075008900836
1790387370.6392756,21.38464798917994
1790387370.68335,37.16197202447802
1790387370.690823,22.560104000149295
1790387370.6909266,33.35486399009824
1790387370.6914382,20.212117000482976
1790387370.6925168,16.578223992837593
1790387370.6930985,13.20169901009649
1790387370.6931674,12.608502001967281
1790387370.72328,1.9616839999798685
1790387370.7485826,1.7754999862518162
1790387370.7646377,1.7216610140167177
1790387370.777622,1.6092519799713045
1790387370.7815695,1.7097890086006373
1790387370.7820597,1.2492490059230477
1790387370.7907324,1.4203189930412918
1790387370.7974918,1.27052899915725
1790387370.8478863,1.919202011777088
1790387370.8665123,3.0688279948662966
1790387370.8666508,2.2276109957601875
1790387370.8758228,1.4890720194671303
1790387370.9190922,25.747881998540834
1790387370.9192412,3.737436985829845
1790387370.9193196,3.2426030084025115
1790387370.9665124,9.85391900758259
1790387370.966582,23.36698499857448
1790387370.9669635,9.508782997727394
1790387370.9723866,1.346543023828417
1790387370.988026,1.6252369969151914
1790387371.068852,23.701124009676278
1790387371.06964,6.063560023903847
1790387371.06975,29.292375984368846
1790387371.0704973,4.81450097868219
1790387371.0839036,2.0847090054303408
1790387371.0863423,1.6409340023528785
1790387371.0919013,2.1208749967627227
1790387371.0930803,1.7846160044427961
1790387371.1160855,2.1139449963811785
1790387371.1213386,2.2535230091307312
1790387371.1270545,3.3887260069604963
1790387371.1278915,2.2760090068913996
1790387371.1320693,1.2192699941806495
1790387371.1391885,1.6341989976353943
1790387371.176865,23.212333995616063
1790387371.1782513,25.858815002720803
1790387371.1991005,40.716729999985546
1790387371.1992044,43.611275003058836
1790387371.201989,32.32133900746703
1790387371.2021997,22.817266988568008
1790387371.2220972,21.22381198569201
1790387371.2222128,3.91896502696909
1790387371.236144,2.320974977919832
1790387371.2369633,1.83826798456721
1790387371.2422404,2.028664021054283
1790387371.242317,2.729476982494816
1790387371.2446437,1.3927499821875244
1790387371.2450306,1.1907029838766903
1790387371.2984395,6.341033993521705
1790387371.2985215,24.58274399396032
1790387371.2990882,4.3878909782506526
1790387371.350321,2.4811800103634596
1790387371.3687482,3.080202004639432
1790387371.3697362,1.7671100213192403
1790387371.385213,1.974206999875605
1790387371.385309,2.9315510182641447
1790387371.41459,1.8117149884346873
1790387371.4191117,1.4278379967436194
1790387371.4418547,1.9344050087966025
1790387371.4484775,1.5473300009034574
1790387371.4628794,2.4526200140826404
1790387371.4661272,1.5627880056854337
1790387371.474271,1.7512210179120302
1790387371.501305,1.6634640051051974
1790387371.5142777,1.9443719938863069
1790387371.5277472,1.6738020058255643
1790387371.5355544,1.8418320105411112
1790387371.544222,2.2828509972896427
1790387371.54431,2.811445010593161
1790387371.5538871,1.864392019342631
1790387371.5554194,1.5192709979601204
1790387371.5702224,2.980462013510987
1790387371.5703511,2.6556410011835396
1790387371.5705168,3.7900989991612732
1790387371.5757763,1.5746640274301171
1790387371.5768006,1.8252849986311048
1790387371.6247165,34.76517999661155
1790387371.6248043,43.718573986552656
1790387371.640818,56.07632899773307
1790387371.6477296,47.37665597349405
1790387371.6483371,38.55417901650071
1790387371.6484156,53.30533898086287
1790387371.6493156,38.1309499789495
1790387371.6497438,35.53829900920391
1790387371.6498232,34.03854899806902
1790387371.6509068,28.687249985523522
1790387371.6510434,9.840963000897318
1790387371.7213361,34.622792998561636
1790387371.7221847,44.53374401782639
1790387371.72304,43.61699800938368
1790387371.723099,26.741084991954267
1790387371.723811,35.77014699112624
1790387371.7238977,4.379472025902942
1790387371.739359,1.8424220033921301
1790387371.7394862,2.5476150040049106
1790387371.741426,1.656367996474728
1790387371.7457445,1.8255669856444001
1790387371.7510822,1.8885570170823485
1790387371.7562387,1.7732050037011504
1790387371.7715886,1.7354830051772296
1790387371.804333,1.600843999767676
1790387371.8410845,1.8985600036103278
1790387371.843798,1.3338589924387634
1790387371.888706,22.760424006264657
1790387371.889933,6.371497991494834
1790387371.8900046,28.168922988697886
1790387371.8951774,19.33827399625443
1790387371.909772,24.384148011449724
1790387371.9109812,24.816450022626668
1790387371.9110713,7.38687498960644
1790387371.9141142,1.3817799917887896
1790387371.9178927,1.8421569839119911
1790387371.9231822,1.6631970065645874
1790387371.9250877,1.281106990063563
1790387371.9271684,1.160088984761387
1790387371.9365253,1.4203189930412918
1790387371.948712,2.6563190040178597
1790387371.9507034,2.5937979808077216
1790387371.9750657,22.985772986430675
1790387371.9854078,28.964597993763164
1790387371.9855573,35.82690400071442
1790387371.9967928,30.6415059894789
1790387372.0197008,2.20488800550811
1790387372.0209844,1.4159140118863434
1790387372.0325277,2.0914699998684227
1790387372.0373769,2.2680620022583753
1790387372.0708582,25.881700013997033
1790387372.0714824,12.026587995933369
1790387372.071564,10.968881018925458
1790387372.086219,1.6249949985649437
1790387372.0876534,1.2754130002576858
1790387372.1174934,28.10796399717219
1790387372.1351547,26.07445401372388
1790387372.1352358,6.304334994638339
1790387372.1368487,1.302549004321918
1790387372.1424189,1.7150180065073073
1790387372.1580713,1.7376230098307133
1790387372.177839,1.71014602528885
1790387372.187078,1.6151809832081199
1790387372.1904025,1.4435379998758435
1790387372.2282665,38.77195101813413
1790387372.2435536,42.26232398650609
1790387372.2436595,33.265008009038866
1790387372.2450666,40.80006500589661
1790387372.2451544,21.229291014606133
1790387372.2456977,19.74248100304976
1790387372.2470043,9.600806020898744
1790387372.2471194,3.3217640011571348
1790387372.2478387,1.3799549778923392
1790387372.2646675,2.1416159870568663
1790387372.265666,1.8860400014091283
1790387372.2752266,1.6565410187467933
1790387372.277709,1.4461020182352513
1790387372.2868547,2.3505220015067607
1790387372.294301,1.6568290011491627
1790387372.300911,1.6076920146588236
1790387372.3204722,1.6651740006636828
1790387372.3268106,1.5912480012048036
1790387372.3297598,1.752401003614068
1790387372.3311288,1.3570160081144422
1790387372.3372486,1.7361269856337458
1790387372.34068,1.5027859772089869
1790387372.3424788,1.67134398361668
1790387372.3459795,2.1964689949527383
1790387372.3592653,2.364841988310218
1790387372.3792896,1.626136014238
1790387372.3921196,2.303571003722027
1790387372.3946428,1.3153960171621293
1790387372.4063656,2.0656369742937386
1790387372.4312336,2.0039879891555756
1790387372.4417877,1.9233240163885057
1790387372.4418695,3.0430879851337522
1790387372.4445946,1.743986998917535
1790387372.4450977,1.2696180201601237
1790387372.4471583,1.2621430214494467
1790387372.4498072,1.4072739868424833
1790387372.4566054,1.4331460115499794
1790387372.4602108,1.6810820088721812
1790387372.491234,9.246595000149682
1790387372.4913647,23.383357998682186
1790387372.4919868,7.926344987936318
1790387372.4965134,1.958206994459033
1790387372.5048084,1.734351011691615
1790387372.5140524,1.7355699965264648
1790387372.527753,1.9907320092897862
1790387372.5291228,1.357225002720952
1790387372.5813012,29.685093002626672
1790387372.5816102,40.92946700984612
1790387372.586561,26.10157200251706
1790387372.5875175,26.167458010604605
1790387372.588007,3.9179580053314567
1790387372.5882726,37.754949007648975
1790387372.5883274,3.1939370092004538
1790387372.6004581,1.6462950152345002
1790387372.615117,2.2508779948111624
1790387372.6162632,2.020386018557474
1790387372.6203794,1.713203004328534
1790387372.6352131,1.790097972843796
1790387372.655177,2.839672000845894
1790387372.6557848,1.5349570021498948
1790387372.6806715,2.191784995375201
1790387372.7139776,1.71495700487867
1790387372.735138,1.8995209829881787
1790387372.7382987,2.0509730093181133
1790387372.7543173,2.7491430228110403
1790387372.7748885,2.382570004556328
1790387372.778536,1.6284610028378665
1790387372.7818513,2.2821490128990263
1790387372.7858715,2.5761889992281795
1790387372.797437,2.0343690121080726
1790387372.8024309,2.475272020092234
1790387372.822538,2.318062004633248
1790387372.824381,1.390394987538457
1790387372.8524997,21.95281200692989
1790387372.852609,25.744573009433225
1790387372.8815694,25.262782000936568
1790387372.8816624,19.986133003840223
1790387372.9143848,1.7707399965729564
1790387372.9196534,1.8286419799551368
1790387372.9278185,2.286173985339701
1790387372.998355,48.62620498170145
1790387373.0083013,57.070481998380274
1790387373.0397031,65.00288500683382
1790387373.0420377,74.98375000432134
1790387373.0424912,71.41303698881529
1790387373.0437994,53.32609202014282
1790387373.0439854,34.58073298679665
1790387373.044057,46.76957399351522
1790387373.0449371,22.990231023868546
1790387373.0450203,30.605329026002437
1790387373.0556087,1.5315710043068975
1790387373.0583272,1.5132359985727817
1790387373.0883627,21.80599598796107
1790387373.0936728,1.9316089747007936
1790387373.1053076,1.803969993488863
1790387373.1072845,1.846887986175716
1790387373.132912,24.963389994809404
1790387373.1330612,10.517499991692603
1790387373.133366,10.122184990905225
1790387373.1423767,2.253280981676653
1790387373.1738157,2.086516993585974
1790387373.1780508,1.8399969849269837
1790387373.1833231,1.9712680077645928
1790387373.202419,2.3156350071076304
1790387373.2419522,23.11290701618418
1790387373.2420526,8.710150985280052
1790387373.2477982,1.6064569936133921
1790387373.2599266,2.039936021901667
1790387373.260021,2.79384502209723
1790387373.2741337,1.6577659989707172
1790387373.2887697,1.8144159985240549
1790387373.3010015,1.7770690028555691
1790387373.304319,1.6336090047843754
1790387373.3116865,1.6736149846110493
1790387373.31738,1.981227018404752
1790387373.3441622,1.5990470128599554
1790387373.3475034,1.7491570033598691
1790387373.3710115,20.908079022774473
1790387373.3713906,4.38264399417676
1790387373.390487,1.5608469839207828
1790387373.4235377,17.952287977095693
1790387373.4238138,17.605297995032743
1790387373.423875,24.53165900078602
1790387373.4397528,1.5692099987063557
1790387373.445911,1.6419780149590224
1790387373.4653997,1.9970379944425076
1790387373.4738994,1.7124980222433805
1790387373.4870095,2.261354005895555
1790387373.4870696,2.8155020263511688
1790387373.4904993,1.3545220135711133
1790387373.4931808,1.662686001509428
1790387373.5328412,18.095787992933765
1790387373.5330324,26.484672009246424
1790387373.5335445,13.180026988266036
1790387373.533643,15.107426996110007
1790387373.534004,8.141483005601913
1790387373.5546286,12.796287017408758
1790387373.5551708,5.221789993811399
1790387373.555517,27.637569000944495
1790387373.5555804,3.967861004639417
1790387373.6002107,1.7307079979218543
1790387373.6007783,1.62285499391146
1790387373.6093674,1.87929198727943
1790387373.6186604,2.4455100065097213
1790387373.621036,3.092365979682654
1790387373.6211162,2.2759510029572994
1790387373.6229942,1.5171850100159645
1790387373.640947,1.5649860142730176
1790387373.6541932,1.5016159741207957
1790387373.6626356,1.8007079779636115
1790387373.6745362,1.6338620043825358
1790387373.6787298,1.3341319863684475
1790387373.6900477,1.709354983177036
1790387373.705724,1.8164240173064172
1790387373.7288668,1.6905859811231494
1790387373.7310474,1.365441974485293
1790387373.7397957,1.7131780041381717
1790387373.7479708,2.095108007779345
1790387373.7589366,1.6764320025686175
1790387373.7714813,1.7218269931618124
1790387373.8071156,24.470275995554402
1790387373.807217,18.687217991100624
1790387373.82654,1.9717599789146334
1790387373.8582656,21.6474820044823
1790387373.869826,1.716533995931968
1790387373.877538,3.0944010068196803
1790387373.8776145,2.7153160190209746
1790387373.8784504,1.335019973339513
1790387373.8801281,1.113978010835126
1790387373.8805454,1.067452976712957
1790387373.8850713,1.520652003819123
1790387373.8983204,1.6329950012732297
1790387373.9137042,2.7834630163852125
1790387373.914854,2.0416579791344702
1790387373.9153275,1.4592980151064694
1790387373.9238162,1.6643170092720538
1790387373.9283366,2.2185349953360856
1790387373.9841902,2.4947780184447765
1790387373.9842472,1.5993620036169887
1790387373.9862497,1.5866249741520733
1790387374.017673,9.283839986892417
1790387374.0178103,26.970944018103182
1790387374.0178692,11.308156012091786
1790387374.026414,1.950058009242639
1790387374.034178,1.7344910011161119
1790387374.0384905,1.7801030189730227
1790387374.042826,2.0198099955450743
1790387374.065688,22.85065100295469
1790387374.0664952,23.11930400901474
1790387374.0898528,1066.4662460039835
1790387374.0903075,1060.779374995036
1790387374.091241,32.25642000325024
1790387374.0914266,41.11070302315056
1790387374.0915897,31.972126016626135
1790387374.098286,2.7341590030118823
1790387374.1202397,1.839055010350421
1790387374.1203418,2.599995001219213
1790387374.1246285,2.0216580014675856
1790387374.1574125,2.669541019713506
1790387374.1618176,3.07255401276052
1790387374.1619406,3.771285992115736
1790387374.2025828,33.312153012957424
1790387374.209521,46.205802995245904
1790387374.2266097,32.07298001507297
1790387374.227022,38.00174599746242
1790387374.2305927,58.3113000029698
1790387374.2312427,30.538868013536558
1790387374.231371,24.394706008024514
1790387374.2314634,11.303867999231443
1790387374.2365384,2.23599502351135
1790387374.25939,23.931300995172933
1790387374.2597811,7.1308769984170794
1790387374.2650282,7.833431998733431
1790387374.2880974,30.219008011044934
1790387374.288631,7.631012995261699
1790387374.2887259,3.568777989130467
1790387374.28924,2.7738200151361525
1790387374.3035624,2.0419239881448448
1790387374.3250625,1.6584389959461987
1790387374.3399718,1.638061017729342
1790387374.3586266,2.013757999520749
1790387374.3832846,2.464855002472177
1790387374.383778,1.7183530144393444
1790387374.3855402,1.6146039997693151
1790387374.3936057,1.9396890129428357
1790387374.4103096,2.0443839894142
1790387374.4305694,3.1585530086886138
1790387374.430711,2.4846130108926445
1790387374.4502654,17.930946982232854
1790387374.4654093,17.909184010932222
1790387374.4655259,32.12867901311256
1790387374.4712174,1.9220869871787727
1790387374.4790058,2.2930619888938963
1790387374.5024405,24.28405501996167
1790387374.509301,2.3972839990165085
1790387374.5322893,17.576225014636293
1790387374.5455365,37.42451602010988
1790387374.567384,34.227652999106795
1790387374.5690293,39.07624498242512
1790387374.5700495,42.72353800479323
1790387374.5703132,4.233243991620839
1790387374.5705826,17.644930019741878
1790387374.5707314,21.168331993976608
1790387374.5712457,4.0149120031856
1790387374.5934289,2.6360749907325953
1790387374.605529,3.915399021934718
1790387374.605665,2.716596005484462
1790387374.606926,2.397932985331863
1790387374.6574135,34.60976300993934
1790387374.6582885,9.993854007916525
1790387374.6583982,34.95449901674874
1790387374.6588457,4.663038998842239
1790387374.6593862,3.8702549936715513
1790387374.6914163,2.2018110030330718
1790387374.698949,2.2161300003062934
1790387374.7060704,1.8089670047629625
1790387374.717867,2.2290879860520363
1790387374.718435,1.8100409943144768
1790387374.729529,2.4385559954680502
1790387374.7346163,2.3506139987148345
1790387374.7485535,2.0575269882101566
1790387374.7581658,1.9982419908046722
1790387374.7610147,1.445409987354651
1790387374.7879596,22.853251022752374
1790387374.788085,19.87137200194411
1790387374.7881985,12.9958130128216
1790387374.7890875,2.3546489828731865
1790387374.8478138,23.47587700933218
1790387374.8478856,2.7797000075224787
1790387374.8590891,1.8256909970659763
1790387374.8605003,1.3991349842399359
1790387374.8770428,1.9817489956039935
1790387374.8856006,1.712822006084025
1790387374.8984046,1.6718950064387172
1790387374.90854,1.9509810081217438
1790387374.9530697,31.288610014598817
1790387374.953188,17.916657001478598
1790387374.9535172,18.984820984769613
1790387374.9617412,2.0140089909546077
1790387374.9673395,1.8542520119808614
1790387375.011091,1.7261329921893775
1790387375.023541,1.67520297691226
1790387375.0282018,2.038178005022928
1790387375.074575,2.189524006098509
1790387375.0908928,1.9124550162814558
1790387375.113147,2.341939980397001
1790387375.125615,1.779945014277473
1790387375.1280885,1.2585489894263446
1790387375.1319878,1.979391003260389
1790387375.133369,2.2892269771546125
1790387375.1397436,2.086764987325296
1790387375.1532779,2.1227440156508237
1790387375.1625814,2.061358012724668
1790387375.1676044,2.0903859985992312
1790387375.1714084,1.4547259779646993
1790387375.190692,2.111936017172411
1790387375.1963701,2.1648470137733966
1790387375.2596543,1.7050339956767857
1790387375.2680905,2.4026529863476753
1790387375.3029046,15.553382021607831
1790387375.3029919,24.36355999088846
1790387375.3261962,1.616171997739002
1790387375.3640234,22.734981001121923
1790387375.378219,1.9800610025413334
1790387375.3940642,2.3607969924341887
1790387375.4410326,48.07294099009596
1790387375.456257,32.86783100338653
1790387375.4719465,68.38103401241824
1790387375.4838612,38.549958990188316
1790387375.4942322,14.772316993912682
1790387375.4943197,57.90441398858093
1790387375.5066035,1.949012978002429
1790387375.5691862,18.338736990699545
1790387375.5701075,26.81882301112637
1790387375.570176,3.4176050103269517
1790387375.6025844,2.206014993134886
1790387375.6481242,1.6566439880989492
1790387375.6626694,1.8686309922486544
1790387375.6714613,1.5290819865185767
1790387375.7418406,48.78865001956001
1790387375.7573025,60.23349199676886
1790387375.7590644,68.493167986162
1790387375.7594988,76.94210502086207
1790387375.7599492,6.454076006775722
1790387375.7601483,31.686701986473054
1790387375.7604454,7.590813998831436
1790387375.761083,5.376362008973956
1790387375.761473,52.80914099421352
1790387375.761553,3.189608978573233
1790387375.7939608,18.73501599766314
1790387375.7959092,13.348847976885736
1790387375.7959938,25.46797299874015
1790387375.7960901,4.308094998123124
1790387375.7996895,1.6870670078787953
1790387375.836214,1.6240120166912675
1790387375.8435373,2.8003389888908714
1790387375.843607,2.944565989309922
1790387375.8496184,1.4734020223841071
1790387375.863512,1.6394669946748763
1790387375.8720586,2.0509269961621612
1790387375.872223,2.834002982126549
1790387375.888824,2.6145850133616477
1790387375.899843,2.493322012014687
1790387375.9065382,1.7140450072474778
1790387375.9145885,1.6796739946585149
1790387375.916707,1.2903439928777516
1790387375.933322,2.546754985814914
1790387375.93437,2.2738380066584796
1790387375.9374347,1.3973029854241759
1790387375.9568303,1.9965539977420121
1790387375.9577866,2.4520019942428917
1790387375.9722555,1.8367880256846547
1790387375.995848,1.784385007340461
1790387375.9961708,2.6111459883395582
1790387376.0141847,1.6378549917135388
1790387376.0275016,2.0332050044089556
1790387376.0625489,27.949915995122865
1790387376.062702,19.29570100037381
1790387376.0627968,20.182009000563994
1790387376.0646489,1.7395989852957428
1790387376.1028404,2.2137680207379162
1790387376.1187496,2.0382539951242507
1790387376.1234415,2.0155070233158767
1790387376.1481028,2.054580021649599
1790387376.1659017,1.8009920022450387
1790387376.2090783,27.90123299928382
1790387376.2095191,27.045048016589135
1790387376.209606,27.82371500506997
1790387376.2102797,22.49704100540839
1790387376.2105203,21.23620201018639
1790387376.2110949,18.446411995682865
1790387376.2118638,12.166246015112847
1790387376.212115,13.072033994831145
1790387376.2125192,8.983846986666322
1790387376.2185016,1.8158760212827474
1790387376.2448697,2.317299018613994
1790387376.2858672,22.835217998363078
1790387376.2859526,14.66567799798213
1790387376.332442,41.52627501753159
1790387376.3345811,43.02243501297198
1790387376.334653,46.98356302105822
1790387376.3450537,55.014705983921885
1790387376.3558753,60.9364080009982
1790387376.3602958,60.00057901837863
1790387376.3613644,60.4619620135054
1790387376.3618014,28.917263000039384
1790387376.361931,59.572270984062925
1790387376.4069786,54.284759011352435
1790387376.4083436,68.86617597774602
1790387376.4093606,50.60392300947569
1790387376.409825,42.348858987679705
1790387376.4101572,49.84851801418699
1790387376.4104695,38.333722011884674
1790387376.4105432,35.30800502630882
1790387376.4107835,13.378305011428893
1790387376.4108453,3.8525749987456948
1790387376.4239721,1.6859369934536517
1790387376.4433367,2.193753985920921
1790387376.493147,45.15489100595005
1790387376.4939525,40.53833399666473
1790387376.4943366,43.06696599815041
1790387376.4944627,39.22324100858532
1790387376.4949763,14.06963900080882
1790387376.495045,25.51059500547126
1790387376.5225852,27.425596985267475
1790387376.5227497,7.125906995497644
1790387376.546619,18.150085990782827
1790387376.5475838,27.047415991546586
1790387376.5477562,17.771673999959603
1790387376.5478501,13.298206002218649
1790387376.5592687,2.0261429890524596
1790387376.5699997,2.602073014713824
1790387376.5700676,2.583252004114911
1790387376.5981753,2.0628740021493286
1790387376.628247,2.270305994898081
1790387376.6393123,1.7587780021131039
1790387376.6433907,1.5541590109933168
1790387376.6460693,1.1498599778860807
1790387376.6622715,2.0114299841225147
1790387376.6668718,1.5091430104803294
1790387376.694775,26.365894998889416
1790387376.695215,20.27163197635673
1790387376.6956458,27.769580017775297
1790387376.6961055,19.212523009628057
1790387376.6971762,14.347092976095155
1790387376.6979537,10.361003020079806
1790387376.6980832,4.858589003561065
1790387376.6981459,11.066969018429518
1790387376.7121072,2.187969977967441
1790387376.7363772,15.23716701194644
1790387376.7373204,14.937678002752364
1790387376.7379415,24.602645018603653
1790387376.7380104,5.816925986437127
1790387376.739489,1.4697379956487566
1790387376.7648761,1.8018539994955063
1790387376.7902822,20.691306999651715
1790387376.790937,18.10522301821038
1790387376.791287,25.80830900114961
1790387376.7921393,1.9833440019283444
1790387376.8086143,1.8877169932238758
1790387376.8276858,1.7669289954937994
1790387376.8345482,1.5613990253768861
1790387376.8599074,2.515127998776734
1790387376.861101,1.3286809844430536
1790387376.864158,1.2550590035971254
1790387376.865906,1.115361985284835
1790387376.8734436,2.128705003997311
1790387376.9211988,42.27930199704133
1790387376.9264963,27.314082020893693
1790387376.9274442,24.961415998404846
1790387376.9278877,18.314233020646498
1790387376.9279673,9.711001999676228
1790387376.928031,12.155008007539436
1790387376.9348469,1.7311859992332757
1790387376.9885604,11.585581989493221
1790387376.988641,20.637701003579423
1790387376.9887016,23.67499499814585
1790387377.0035603,2.0141220011282712
1790387377.012925,2.4679330235812813
1790387377.0184162,1.9510840065777302
1790387377.044474,1.7108339816331863
1790387377.054395,1.6331800143234432
1790387377.090746,17.12359700468369
1790387377.091313,12.533472006907687
1790387377.0916004,7.173308986239135
1790387377.091649,22.920936025911942
1790387377.0952075,1.494722004281357
1790387377.1140988,1.951812009792775
1790387377.1146395,1.365136995445937
1790387377.1252022,1.7987040046136826
1790387377.1417053,1.7766380042303354
1790387377.1598911,2.2162770037539303
1790387377.1819215,1.8253009766340256
1790387377.184722,1.810943998862058
1790387377.2077327,2.199217997258529
1790387377.2082741,1.8008199986070395
1790387377.2102134,1.7755349981598556
1790387377.2490063,1.8904059834312648
1790387377.2876945,1.9328640191815794
1790387377.2992833,1.8209020199719816
1790387377.321159,2.003247005632147
1790387377.3253071,1.7186850018333644
1790387377.3388796,1.9379639998078346
1790387377.3424888,1.5540019958280027
1790387377.3506877,1.3727220066357404
1790387377.3520453,1.2552300177048892
1790387377.3586025,1.3303080049809068
1790387377.3598247,1.0560579830780625
1790387377.3613873,1.3983539829496294
1790387377.3662326,1.4051159960217774
1790387377.3753142,1.8721779924817383
1790387377.408725,1.6797469870653003
1790387377.4405227,1.648597011808306
1790387377.4494596,2.3001199879217893
1790387377.4499295,1.7824899987317622
1790387377.4504225,1.38217699714005
1790387377.4576836,1.5623289800714701
1790387377.4789333,1.6846689977683127
1790387377.4941537,2.055104007013142
1790387377.4949305,1.2212659930810332
1790387377.506523,1.8558459996711463
1790387377.5180175,2.2563019883818924
1790387377.5240333,1.4361670182552189
1790387377.525629,1.1500770051497966
1790387377.5515194,24.507214984623715
1790387377.551593,8.06973801809363
1790387377.5647306,2.5101549981627613
1790387377.5650334,2.1417009993456304
1790387377.573018,1.6051669954322278
1790387377.5902748,1.8360239919275045
1790387377.6171515,1.6256409871857613
1790387377.6240625,1.3484099763445556
1790387377.6481578,1.8075219995807856
1790387377.6758366,1.5445470053236932
1790387377.684443,1.774370000930503
1790387377.71947,23.009675001958385
1790387377.7201457,14.445161999901757
1790387377.7202194,12.581426999531686
1790387377.7322826,2.073419018415734
1790387377.7664654,26.2346469971817
1790387377.766566,7.879418000811711
1790387377.7907326,1.5612509741913527
1790387377.8200934,1.6988719871733338
1790387377.829474,2.002803987124935
1790387377.830686,1.3161039969418198
1790387377.841046,1.6071599966380745
1790387377.8541121,1.5991490217857063
1790387377.8573596,2.0118699758313596
1790387377.8575199,1.6931459831539541
1790387377.8636718,2.219301008153707
1790387377.8646276,1.7689990054350346
1790387377.8790574,2.3186460020951927
1790387377.8795993,1.4522270066663623
1790387377.9054043,1.7414519970770925
1790387377.913889,1.8224770028609782
1790387377.9413667,21.851461991900578
1790387377.9423358,13.771444995654747
1790387377.9425533,6.400137004675344
1790387377.9436586,6.617450999328867
1790387377.9459367,2.862963010556996
1790387377.9460976,2.430683991406113
1790387377.9464903,1.2527210055850446
1790387377.9821858,1.6686079907231033
1790387378.0165727,16.04952197521925
1790387378.0176594,2.408208994893357
1790387378.0177388,24.237692006863654
1790387378.022069,1.407626987202093
1790387378.0601196,31.69904201058671
1790387378.066062,43.77738598850556
1790387378.066473,21.8497869791463
1790387378.0696177,23.672340001212433
1790387378.0697095,16.52962400112301
1790387378.069804,32.11080501205288
1790387378.1070738,2.0273220143280923
1790387378.1075423,1.6407220100518316
1790387378.1149335,1.440200983779505
1790387378.1245077,2.7741860249079764
1790387378.1525578,21.428879001177847
1790387378.1730807,49.53690501861274
1790387378.1780388,31.509527994785458
1790387378.1926742,41.50677900179289
1790387378.1987207,51.28177200094797
1790387378.2133708,52.639006986282766
1790387378.2134678,53.253046004101634
1790387378.2138977,51.487984019331634
1790387378.2143536,48.94354700809345
1790387378.2150178,35.21992597961798
1790387378.2151206,31.862217001616955
1790387378.216015,17.774016014300287
1790387378.2164109,8.821569004794583
1790387378.2164724,14.477117016213015
1790387378.2225041,1.4164699823595583
1790387378.2701397,19.398153002839535
1790387378.2702296,21.256719017401338
1790387378.270526,15.724552009487525
1790387378.2748196,1.2927030038554221
1790387378.287078,1.4287310186773539
1790387378.2932775,1.522036996902898
1790387378.3099504,1.5311320021282881
1790387378.3226569,1.7731990083120763
1790387378.3586166,24.67483500367962
1790387378.359202,15.027932997327298
1790387378.3595796,5.420686007710174
1790387378.3596482,27.33000199077651
1790387378.3640518,1.414915022905916
1790387378.3702807,1.6140959924086928
1790387378.378666,1.9711549975909293
1790387378.4007523,2.1344450069591403
1790387378.4085221,1.6969229909591377
1790387378.424098,1.7699330055620521
1790387378.4384017,2.3348320100922137
1790387378.4389691,1.6261830169241875
1790387378.4586248,1.8937019922304899
1790387378.4613678,1.4144019805826247
1790387378.46487,1.5988140075933188
1790387378.473217,1.8179150065407157
1790387378.4738848,1.7465779965277761
1790387378.5042355,21.673175011528656
1790387378.5043194,24.8602950014174
1790387378.5085301,1.7470039892941713
1790387378.526228,1.5360979887191206
1790387378.5348065,1.6320719732902944
1790387378.5351057,2.3791450075805187
1790387378.5397625,2.527556993300095
1790387378.5398273,1.9548329873941839
1790387378.543721,1.4641529996879399
1790387378.5945766,43.907654006034136
1790387378.5973973,31.220886012306437
1790387378.5984886,20.82705099019222
1790387378.5986278,33.290624007349834
1790387378.5996854,21.190347004448995
1790387378.6009192,2.1348309819586575
1790387378.6014457,1.2825760059058666
1790387378.636973,21.67275399551727
1790387378.6390543,21.967095002764836
1790387378.642948,17.774175008526072
1790387378.6480944,35.720250016311184
1790387378.6854367,53.84441799833439
1790387378.6859648,48.54181900736876
1790387378.6866562,48.20349797955714
1790387378.686773,43.34015498170629
1790387378.6869192,53.1318029970862
1790387378.6872523,31.615738000255078
1790387378.6875274,15.310587012208998
1790387378.6959484,1.489674992626533
1790387378.6990864,1.3304860040079802
1790387378.701067,1.2475379917304963
1790387378.7141159,1.5502840105909854
1790387378.737734,1.9504849915392697
1790387378.738036,2.7695099997799844
1790387378.7438352,1.342431001830846
1790387378.7505352,1.4052869810257107
1790387378.7544334,1.328528014710173
1790387378.7658107,2.0009510044474155
1790387378.7684598,1.9857609877362847
1790387378.7842224,1.6012429841794074
1790387378.7882986,1.89947200124152
1790387378.8141897,20.744915993418545
1790387378.8188634,27.430012996774167
1790387378.8191347,19.119916018098593
1790387378.8195193,17.83841199357994
1790387378.8204508,5.798297992441803
1790387378.8205671,14.916122978320345
1790387378.8367639,1.654952997341752
1790387378.850839,1.6754060052335262
1790387378.8566906,1.5399540134239942
1790387378.8663657,1.4832059969194233
1790387378.890716,1.5979479940142483
1790387378.8933465,1.5588219976052642
1790387378.9157436,1.5752360050100833
1790387378.9180784,1.3174260093364865
1790387378.9635456,44.62039002100937
1790387378.963952,24.47309097624384
1790387378.9651973,30.116228008409962
1790387378.965318,12.3971110151615
1790387378.9654312,3.642497002147138
1790387378.9710114,1.687300973571837
1790387378.9974868,22.133463993668556
1790387378.9976437,25.315165985375643
1790387379.041396,1.7583529988769442
1790387379.049886,1.4329080004245043
1790387379.0523295,1.2771349865943193
1790387379.0546422,1.2398450053296983
1790387379.0850496,1.8386949959676713
1790387379.1386056,48.31617799936794
1790387379.1402235,43.47344199777581
1790387379.1408489,41.6409200115595
1790387379.1717734,66.83687600889243
1790387379.177182,62.987159995827824
1790387379.1775465,55.68562701228075
1790387379.1845684,35.93367798021063
1790387379.184961,9.627698018448427
1790387379.1850336,11.74379899748601
1790387379.1853156,44.91408099420369
1790387379.185383,2.2252020135056227
1790387379.1903393,1.738569000735879
1790387379.1910827,1.466293993871659
1790387379.2297757,22.937755013117567
1790387379.2299051,25.104171014390886
1790387379.2299764,15.084620012203231
1790387379.2469769,1.8537589930929244
1790387379.2544973,2.452768007060513
1790387379.2592597,2.1937760175205767
1790387379.2873461,2.070796996122226
1790387379.3064878,1.7971490160562098
1790387379.3229332,1.9056099990848452
1790387379.3321893,1.7121710116043687
1790387379.3576448,24.53301299829036
1790387379.35783,14.858918992104009
1790387379.3579066,18.346614990150556
1790387379.382757,21.36870098183863
1790387379.3832161,6.680940015939996
1790387379.3833718,29.46078102104366
1790387379.3859532,1.705770002445206
1790387379.4496975,26.688405981985852
1790387379.450137,7.884424994699657
1790387379.4502397,11.698496004100889
1790387379.456285,1.283531979424879
1790387379.476209,1.7220299923792481
1790387379.490956,2.0760309998877347
1790387379.5132565,1.6828359803184867
1790387379.579168,56.30037499940954
1790387379.5843546,55.047874979209155
1790387379.596276,69.51937099802308
1790387379.596447,54.607556987321004
1790387379.5965304,55.68087799474597
1790387379.5973868,11.769662000006065
1790387379.5976806,33.26880399254151
1790387379.5984676,10.32074901740998
1790387379.5994997,1.9377379794605076
1790387379.604118,1.6604889824520797
1790387379.6061075,1.3338980206754059
1790387379.6132178,1.802538987249136
1790387379.616997,1.6735649842303246
1790387379.618755,1.3127040001563728
1790387379.6252263,1.6107320261653513
1790387379.674891,46.73047401593067
1790387379.6767015,30.398381990380585
1790387379.6772473,15.06051397882402
1790387379.6773314,23.231376020703465
1790387379.6774404,44.26227099611424
1790387379.6775072,4.7068050189409405
1790387379.6896508,1.66104402160272
1790387379.7315888,24.105004005832598
1790387379.731688,21.291700017172843
1790387379.7368972,2.3557780077680945
1790387379.7369776,1.8531289824750274
1790387379.7798538,14.874737011268735
1790387379.7801766,22.768530994653702
1790387379.788728,1.8298919894732535
1790387379.7903996,1.1560179991647601
1790387379.7919378,1.036934001604095
1790387379.7961874,2.0957239903509617
1790387379.7965603,1.8467670015525073
1790387379.8300977,1.9770600192714483
1790387379.8389866,2.264365990413353
1790387379.8612907,22.841475991299376
1790387379.8617146,21.734971000114456
1790387379.8619149,20.412765006767586
1790387379.8734834,23.629792995052412
1790387379.8839185,33.360104978783056
1790387379.8862934,32.439836009871215
1790387379.8865259,33.17065699957311
1790387379.8874514,36.00948900566436
1790387379.8922064,32.958925992716104
1790387379.903188,37.244860985083506
1790387379.9037654,35.10626798379235
1790387379.9111876,51.31104600150138
1790387379.9113312,24.792550975689664
1790387379.9114056,40.00650398666039
1790387379.9122431,15.171898005064577
1790387379.9129212,8.858553017489612
1790387379.9140506,1.6679399996064603
1790387379.9146187,1.2958449951838702
1790387379.9206293,1.2290629965718836
1790387379.9728794,18.007965001743287
1790387379.9737773,23.387847002595663
1790387379.9738517,5.286968982545659
1790387379.9866364,1.563974015880376
1790387379.9935877,2.045168977929279
1790387379.9963698,1.5847210015635937
1790387380.0188115,16.57871901988983
1790387380.0193214,23.752019013045356
1790387380.0195775,15.20036900183186
1790387380.019928,6.811475992435589
1790387380.0213215,1.3845910143572837
1790387380.0350306,1.6585650155320764
1790387380.066956,1.6808790096547455
1790387380.0771658,1.6150709998328239
1790387380.0867853,1.6197969962377101
1790387380.0872085,1.214038027683273
1790387380.0915244,1.1561029823496938
1790387380.1020544,1.6129029972944409
1790387380.1081038,1.7794469895306975
1790387380.1187634,1.658825989579782
1790387380.1234002,1.683012000285089
1790387380.1362858,1.70524200075306
1790387380.1402547,1.2801959819626063
1790387380.1523614,1.7983560101129115
1790387380.153154,1.7169020138680935
1790387380.157279,1.4290260151028633
1790387380.1649027,3.0836699879728258
1790387380.1649852,2.536316023906693
1790387380.171796,1.5038660203572363
1790387380.1793022,1.9416830036789179
1790387380.2057738,2.092895010719076
1790387380.2204082,1.929736987221986
1790387380.2547133,1.5395160007756203
1790387380.2832522,2.09580798400566
1790387380.2847562,1.2440760037861764
1790387380.2919009,1.5848969924263656
1790387380.3171415,1.807590975658968
1790387380.3352456,2.8666339931078255
1790387380.360781,2.192556014051661
1790387380.3651786,1.5567039954476058
1790387380.3672755,1.255481009138748
1790387380.3787186,1.7330120026599616
1790387380.3961124,1.5964849735610187
1790387380.403043,1.9070029957219958
1790387380.4094558,1.4006140117999166
1790387380.4110377,1.1311619891785085
1790387380.4221241,1.467380003305152
1790387380.4243321,1.343923999229446
1790387380.4334083,1.6978009953163564
1790387380.4593968,23.507106001488864
1790387380.4633021,19.855963997542858
1790387380.4638019,27.54184798686765
1790387380.46995,24.402818002272397
1790387380.4898653,39.40877801505849
1790387380.490708,16.53116598026827
1790387380.4907665,26.84208401478827
1790387380.4919226,8.952850999776274
1790387380.4919875,10.370981006417423
1790387380.4921348,32.186544995056465
1790387380.4929345,1.3968220155220479
1790387380.513867,1.7397409828845412
1790387380.5206127,1.3994900218676776
1790387380.52487,1.344144024187699
1790387380.54162,1.7542860005050898
1790387380.5463393,1.4078340027481318
1790387380.5559175,1.6270430060103536
1790387380.5800996,1.660704001551494
1790387380.5954163,3.084284020587802
1790387380.5955338,2.4797910009510815
1790387380.5962536,1.7863109824247658
1790387380.6170125,2.290153002832085
1790387380.6170928,20.799029007321224
1790387380.646293,1.6630979953333735
1790387380.6507618,1.4266369980759919
1790387380.685609,22.62871799757704
1790387380.7053618,1.7533279897179455
1790387380.706561,1.3090900029055774
1790387380.7604127,1.6116889892145991
1790387380.7734213,1.849510008469224
1790387380.7883952,1.7902340041473508
1790387380.8154728,24.280364013975486
1790387380.8155515,11.585428001126274
1790387380.8168125,11.902505008038133
1790387380.8168707,7.444791990565136
1790387380.8174765,1.506311004050076
1790387380.8237584,2.0151310018263757
1790387380.8390095,1.7438209906686097
1790387380.863176,1.756840996677056
1790387380.867089,1.7202029994223267
1790387380.8848631,1.546110026538372
1790387380.934628,1062.4344230163842
1790387380.9347134,1059.113408002304
1790387380.9669719,2.465339988702908
1790387380.9690351,2.5915429869201034
1790387380.9690864,2.1044470195192844
1790387380.9748344,1.6746579785831273
1790387380.9799695,1.3641840196214616
1790387380.9866076,1.227377011673525
1790387380.991442,1.3207540032453835
1790387380.995295,1.5688840067014098
1790387380.999909,1.503541017882526
1790387381.029284,1.9414459820836782
1790387381.0667057,36.841722001554444
1790387381.0982878,28.702198003884405
1790387381.0984259,26.429565012222156
1790387381.0994542,5.954177002422512
1790387381.0998993,57.293261983431876
1790387381.0999742,58.11041599372402
1790387381.100975,5.035019014030695
1790387381.1012573,3.7913330015726388
1790387381.101311,4.853441001614556
1790387381.110947,1.8512399983592331
1790387381.164915,42.500584007939324
1790387381.1654296,19.95096300379373
1790387381.165542,45.45708998921327
1790387381.165612,47.93509701266885
1790387381.1729705,1.5819590189494193
1790387381.1776934,1.2868399790022522
1790387381.192154,1.8763699918054044
1790387381.2177167,21.517713990760967
1790387381.2179313,6.946368986973539
1790387381.218189,4.705138999270275
1790387381.2427318,1.7427080019842833
1790387381.2444727,1.3283900043461472
1790387381.2706196,1.7744640063028783
1790387381.2715673,1.8246299878228456
1790387381.2748919,1.092711987439543
1790387381.2788901,1.3295370154082775
1790387381.2806883,1.3313009985722601
1790387381.3050485,2.0445889967959374
1790387381.3191686,1.7413379973731935
1790387381.3225927,1.329974998952821
1790387381.3348668,1.5719050134066492
1790387381.3380659,1.2677050253842026
1790387381.3439116,1.4616900007240474
1790387381.353036,1.4998469850979745
1790387381.3921146,25.165489001665264
1790387381.403523,30.19804900395684
1790387381.4081185,50.30896299285814
1790387381.4135835,22.501808998640627
1790387381.4138122,42.48418699717149
1790387381.41395,11.05023201671429
1790387381.4144924,2.0272990223020315
1790387381.4302366,1.4003160176798701
1790387381.4325378,1.7516180232632905
1790387381.4426637,2.337013982469216
1790387381.4432597,1.642477000132203
1790387381.449121,1.5158559835981578
1790387381.4551063,1.2721869861707091
1790387381.4684505,1.8617080058902502
1790387381.473976,1.7767770041245967
1790387381.5063465,1.8905579927377403
1790387381.5148501,2.0981770067010075
1790387381.5234044,1.8548390071373433
1790387381.5343742,3.072411986067891
1790387381.5344563,3.737327002454549
1790387381.562826,1.7901110113598406
1790387381.5714798,1.7077870143111795
1790387381.600972,1.6950640128925443
1790387381.60512,1.800706988433376
1790387381.6311107,2.0537700038403273
1790387381.6332142,1.3188630109652877
1790387381.6377249,1.3736149994656444
1790387381.6510878,1.8130179960280657
1790387381.6816444,29.290359001606703
1790387381.6817122,20.19512199331075
1790387381.70359,1.6404559719376266
1790387381.732323,15.20705598522909
1790387381.732502,25.729083019541577
1790387381.7326531,26.447746000485495
1790387381.7329254,4.004168004030362
1790387381.733185,1.862593984697014
1790387381.7496073,1.6844260098878294
1790387381.7527418,1.3879589969292283
1790387381.7549214,1.3024790096096694
1790387381.7751744,2.0760869956575334
1790387381.797068,21.44568201038055
1790387381.8010361,2.046039007836953
1790387381.809818,1.4625400071963668
1790387381.813683,1.5228340052999556
1790387381.8282893,1.7575120145920664
1790387381.8518832,1.9041089981328696
1790387381.899313,2.123959013260901
1790387381.9278991,25.292082980740815
1790387381.928274,24.127145006787032
1790387381.9286566,20.71447900380008
1790387381.928939,14.943834976293147
1790387381.9292345,2.5312299840152264
1790387381.9309793,1.1459820088930428
1790387381.9390378,1.631561986869201
1790387382.02258,21.896478021517396
1790387382.0242321,18.393050006125122
1790387382.0243647,12.905277020763606
1790387382.0244606,25.34670798922889
1790387382.030491,1.4277580194175243
1790387382.0868697,1.632756000617519
1790387382.0924926,1.4582400035578758
1790387382.1323595,22.84061597310938
1790387382.1611288,1.7286109796259552
1790387382.1781259,1.6114739992190152
1790387382.2027419,2.4808930174913257
1790387382.2107954,2.6475439954083413
1790387382.2116094,2.6606709870975465
1790387382.22615,1.9870169926434755
1790387382.2292197,1.7512869962956756
1790387382.230977,1.447526999982074
1790387382.2447884,1.8000520067289472
1790387382.2566934,2.825028990628198
1790387382.2587507,1.836284005548805
1790387382.2814994,1.8498279969207942
1790387382.2880461,1.9357450073584914
1790387382.2885637,1.4192950038705021
1790387382.3023324,1.631006016395986
1790387382.3174791,1.6543800011277199
1790387382.3366332,1.7943359853234142
1790387382.3416936,1.839534001192078
1790387382.3748806,2.9353839927352965
1790387382.3749735,3.5922140232287347
1790387382.3757555,1.60615099593997
1790387382.3834937,1.6010279941838235
1790387382.3948045,1.4882039977237582
1790387382.4087384,2.2542749939020723
1790387382.4138017,1.3179040106479079
1790387382.4208667,1.9686059968080372
1790387382.4670014,2.7096189733128995
1790387382.476849,2.0744439971167594
1790387382.512564,31.404259003465995
1790387382.5287223,18.38130599935539
1790387382.535002,52.601109025999904
1790387382.5370035,1.859045005403459
1790387382.5437694,2.1095190022606403
1790387382.544609,1.5638299810234457
1790387382.5500457,1.5415539965033531
1790387382.5741758,2.364996005780995
1790387382.620286,46.586879005189985
1790387382.6205099,41.6906260070391
1790387382.6211553,43.64551600883715
1790387382.6214628,40.5286269960925
1790387382.62168,42.369155009509996
1790387382.62242,22.765135014196858
1790387382.6228268,8.651729003759101
1790387382.6920366,22.465563990408555
1790387382.6948655,1.4640919980593026
1790387382.7034583,2.19599500996992
1790387382.709738,2.444280020426959
1790387382.7217894,3.731684002559632
1790387382.7229888,1.9212079932913184
1790387382.7496836,2.214163017924875
1790387382.7856867,3.133979014819488
1790387382.7911086,3.166914015309885
1790387382.803282,1.7883859982248396
1790387382.8375,20.683402981376275
1790387382.8401632,2.061880979454145
1790387382.8421419,1.487592002376914
1790387382.8461108,2.2417470172513276
1790387382.8644006,2.0677520078606904
1790387382.8794963,1.7286909860558808
1790387382.8799605,2.7910420030821115
1790387382.901424,2.0683399925474077
1790387382.9115667,2.0027270074933767
1790387382.917297,2.3958600067999214
1790387382.982299,48.06357997586019
1790387382.999522,66.12105699605308
1790387382.9996116,51.59744500997476
1790387383.000109,58.46581800142303
1790387383.0001972,62.080367002636194
1790387383.011803,56.20448701665737
1790387383.049459,92.16915798606351
1790387383.0496807,69.5452659856528
1790387383.0604947,100.8395719982218
1790387383.0605733,56.669090990908444
1790387383.066012,89.82768500573002
1790387383.0702372,54.23491899273358
1790387383.070312,60.73014999856241
1790387383.0708158,51.90359099651687
1790387383.071949,50.774974981322885
1790387383.082377,55.73223298415542
1790387383.1140094,63.18734897649847
1790387383.1151369,57.88500601192936
1790387383.1157444,37.37251099664718
1790387383.1165535,35.441298998193815
1790387383.1321027,49.01683301432058
1790387383.14373,6.114324991358444
1790387383.1438138,57.683927996549755
1790387383.1496315,1.408669020747766
1790387383.1733444,1.7933679919224232
1790387383.190769,1.826947001973167
1790387383.1963356,1.484642009017989
1790387383.2065194,1.598854985786602
1790387383.2120354,3.1671460019424558
1790387383.212141,2.7276550245005637
1790387383.2342618,1.8207480025012046
1790387383.2367475,1.4238620060496032
1790387383.247956,2.100914978655055
1790387383.256606,2.073263982310891
1790387383.2675552,2.8331780049484223
1790387383.2684042,1.9137650087941438
1790387383.279048,2.3814979940652847
1790387383.290313,12.100718973670155
1790387383.3045104,21.7562320176512
1790387383.3046093,17.55426501040347
1790387383.3046727,27.073745004599914
1790387383.3235605,1.9166239944752306
1790387383.3251426,1.5702619857620448
1790387383.3273041,1.3853379932697862
1790387383.3282228,1.5839779807720333
1790387383.3299935,1.1900659883394837
1790387383.336027,1.2673750170506537
1790387383.3428326,1.538035983685404
1790387383.3619816,2.1693000162485987
1790387383.3629186,1.9416709837969393
1790387383.394981,25.40671598399058
1790387383.3960323,27.14263999951072
1790387383.3961456,17.935389012563974
1790387383.4296432,2.078585996059701
1790387383.4677982,1.8878779956139624
1790387383.4722385,1.9849030068144202
1790387383.4722912,1.5443289885297418
1790387383.515698,37.88072700263001
1790387383.5161915,43.131938989972696
1790387383.51681,41.94185000960715
1790387383.516889,22.059478011215106
1790387383.5441458,3.4093910071533173
1790387383.5452034,2.791690989397466
1790387383.5452833,2.2285450249910355
1790387383.560621,1.7145710007753223
1790387383.5790205,1.6129649884533137
1790387383.6146395,23.710808978648856
1790387383.6151004,19.266535993665457
1790387383.6152096,28.123689000494778
1790387383.6191192,1.6028079844545573
1790387383.6318994,1.9472270214464515
1790387383.6401918,1.7089250031858683
1790387383.6489382,1.722316985251382
1790387383.6720412,1.9841030007228255
1790387383.6989686,2.979173994390294
1790387383.6991055,27.015900006517768
1790387383.701945,1.5914830146357417
1790387383.7097504,1.8562449840828776
1790387383.730561,1.5967710060067475
1790387383.7429755,1.8349780002608895
1790387383.745437,1.2220330245327204
1790387383.7843862,2.0192430238239467
1790387383.7907784,1.67950100149028
1790387383.7981966,2.0188929920550436
1790387383.8031747,1.676479005254805
1790387383.8300173,24.798275000648573
1790387383.8302863,15.792880003573373
1790387383.8306496,19.049677008297294
1790387383.8308666,15.11182400281541
1790387383.831237,13.40147401788272
1790387383.8316112,4.217592009808868
1790387383.8584397,15.322233986807987
1790387383.8585024,20.21874499041587
1790387383.8604279,1.6997600032482296
1790387383.8608828,1.354276988422498
1790387383.8758395,1.698186999419704
1790387383.905166,1.7890720046125352
1790387383.9144993,2.106706000631675
1790387383.925713,3.2327480148524046
1790387383.9258308,2.5008550146594644
1790387383.940425,2.782327006570995
1790387383.968792,21.925685985479504
1790387383.969142,28.603680984815583
1790387383.969843,19.541546003893018
1790387383.9750285,13.014841009862721
1790387383.98031,17.38563599064946
1790387384.0004032,34.04386498732492
1790387384.0007637,15.357641008449718
1790387384.0009248,19.348516972968355
1790387384.0075161,2.1084449836052954
1790387384.0126057,2.0887260034214705
1790387384.0441558,2.380136982537806
1790387384.054635,1015.9804230206646
1790387384.054724,2.6641339936759323
1790387384.0831962,2.0042429969180375
1790387384.0874045,2.0119020191486925
1790387384.1041167,2.687627013074234
1790387384.104273,2.2554079769179225
1790387384.1175022,2.0860630029346794
1790387384.1376178,3.555848990799859
1790387384.1378367,2.941081009339541
1790387384.13838,1.7862870008684695
1790387384.1727777,28.10855399002321
1790387384.1822705,2.012432989431545
1790387384.188921,1.8736979982350022
1790387384.19386,1.9651319889817387
1790387384.1958418,1.4823650126345456
1790387384.1980984,1.3616770156659186
1790387384.1987855,1.4521419943775982
1790387384.2087555,1.3441219925880432
1790387384.2201152,1.549092005006969
1790387384.2314215,1.7079509852919728
1790387384.23737,1.5177100140135735
1790387384.2430644,1.4969539770390838
1790387384.2431526,2.2514980228152126
1790387384.2524788,1.8775229982566088
1790387384.2868524,21.886008005822077
1790387384.2890797,10.489610023796558
1790387384.2908583,27.393806987674907
1790387384.2916436,7.775268983095884
1790387384.291726,4.22911302302964
1790387384.2929173,2.9136580124031752
1790387384.2929773,3.7582679942715913
1790387384.3180053,1.6815859999042004
1790387384.3357766,12.159691978013143
1790387384.345345,17.59317799587734
1790387384.3455136,26.75370901124552
1790387384.346403,16.275117988698184
1790387384.346519,8.854029001668096
1790387384.3466165,18.151119991671294
1790387384.3837698,20.31978400191292
1790387384.3860548,1.427581999450922
1790387384.4065754,1.7477860092185438
1790387384.4072056,1.5259099891409278
1790387384.4280193,2.2037899761926383
1790387384.4303346,1.7479530069977045
1790387384.4308038,1.3630590110551566
1790387384.4365072,1.703640999039635
1790387384.4369698,1.3552019954659045
1790387384.449057,1.594978995854035
1790387384.4936943,38.735634996555746
1790387384.5029514,28.486391995102167
1790387384.5037642,36.4083870081231
1790387384.5038583,19.211007020203397
1790387384.5039299,13.44038499519229
1790387384.505508,1.450979005312547
1790387384.5155468,1.7562189896125346
1790387384.516049,1.360961003229022
1790387384.5262506,2.2257399978116155
1790387384.5471218,21.748459985246882
1790387384.5472887,10.793058987474069
1790387384.5478003,3.2255859987344593
1790387384.547852,2.750921994447708
1790387384.5507066,1.4288710081018507
1790387384.6173866,24.655458983033895
1790387384.6435146,2.8168350108899176
1790387384.6436243,3.0161800095811486
1790387384.644536,1.7493969935458153
1790387384.6797998,22.00896799331531
1790387384.68551,15.307880996260792
1790387384.7035635,26.912475004792213
1790387384.7065215,1.861432014266029
1790387384.7086723,1.6994369798339903
1790387384.716671,1.5499329892918468
1790387384.7250628,1.7283929919358343
1790387384.7373672,2.510468999389559
1790387384.7614424,25.08464499260299
1790387384.7616053,7.651481981156394
1790387384.76169,16.681584005709738
1790387384.773479,1.8227259861305356
1790387384.8117929,24.095042987028137
1790387384.8149023,1.4118090039119124
1790387384.8196917,1.6727000183891505
1790387384.8335402,1.6655570070724934
1790387384.8416924,1.7775559972506016
1790387384.8443694,1.2825379963032901
1790387384.847239,1.4129919873084873
1790387384.8538828,1.6215770156122744
1790387384.855793,1.64120300905779
1790387384.8782003,3.6114039830863476
1790387384.8783257,4.390748013975099
1790387384.8793151,2.8323229926172644
1790387384.880103,1.4742380008101463
1790387384.882695,1.6334330139216036
1790387384.8978114,2.29459599358961
1790387384.9056685,2.026656991802156
1790387384.9398549,1.6381240275222808
1790387384.9426496,1.740701001835987
1790387384.9509115,1.620319002540782
1790387384.953352,1.4937239757273346
1790387384.9799852,3.185165987815708
1790387384.980867,1.7710940155666322
1790387384.9850087,1.2850130151491612
1790387384.995472,1.4438459766097367
1790387385.0219731,26.044288999401033
1790387385.022125,19.75036898511462
1790387385.03239,2.6306109793949872
1790387385.0666077,32.21200601547025
1790387385.0957181,64.55077600548975
1790387385.0962772,40.90664201066829
1790387385.0975237,48.46809298032895
1790387385.0983436,15.494085993850604
1790387385.098451,25.67586101940833
1790387385.0985243,37.98247198574245
1790387385.1193829,2.985383995110169
1790387385.163841,38.80443100933917
1790387385.1651325,45.97172400099225
1790387385.1657872,45.52360298112035
1790387385.166987,7.722904992988333
1790387385.1670713,3.2186750031542033
1790387385.1678414,1.4335410087369382
1790387385.1959264,1.6699580010026693
1790387385.1979518,1.212836999911815
1790387385.2016735,1.9528100092429668
1790387385.2024758,1.6831090033520013
1790387385.216881,1.8258859927300364
1790387385.236744,1.7103520222008228
1790387385.2659814,1.9093180017080158
1790387385.2865372,1.7600120045244694
1790387385.3397996,23.359020007774234
1790387385.3405292,24.621519987704232
1790387385.3408697,20.26537200435996
1790387385.3416066,8.178043004591018
1790387385.341736,3.9920290000736713
1790387385.346543,1.5144780045375228
1790387385.3478584,1.1603939929045737
1790387385.387346,18.057086010230705
1790387385.3881896,27.24321000277996
1790387385.388284,9.753779013408348
1790387385.3883457,6.649346993071958
1790387385.4162195,22.163657005876303
1790387385.416336,8.297874999698251
1790387385.453014,1.6236919909715652
1790387385.4608955,1.7008610011544079
1790387385.4908755,16.698660008842126
1790387385.4911969,24.025062011787668
1790387385.4915564,2.4831790069583803
1790387385.5093913,1.5818920219317079
1790387385.5308,1.9962299847975373
1790387385.5344522,1.5616150049027056
1790387385.5403237,1.907944999402389
1790387385.5656886,2.3330300173256546
1790387385.565934,2.050562994554639
1790387385.571609,1.7505860014352947
1790387385.602247,1.8658740154933184
1790387385.6040108,1.2956639984622598
1790387385.6133323,2.055737015325576
1790387385.641454,1.6518589982297271
1790387385.6586106,1.7187749908771366
1790387385.6776175,1.6377400024794042
1790387385.684924,1.4567490143235773
1790387385.690977,1.2567689991556108
1790387385.6928027,1.2509039952419698
1790387385.7013395,1.6054279985837638
1790387385.7402868,27.300157002173364
1790387385.7404444,26.90379900741391
1790387385.7408674,15.147022000746801
1790387385.7410161,14.638419001130387
1790387385.7413738,13.238882995210588
1790387385.7420685,10.430780006572604
1790387385.742132,3.2458360074087977
1790387385.744322,1.6290109779220074
1790387385.7608132,1.651655009482056
1790387385.780639,1.8129399977624416
1790387385.7967153,2.5511709973216057
1790387385.7967784,2.028298011282459
1790387385.802276,1.6174679913092405
1790387385.8029876,1.3361329911276698
1790387385.8170614,1.708202005829662
1790387385.8182762,1.2048289936501533
1790387385.8264496,2.0289579988457263
1790387385.874788,42.58368999580853
1790387385.8774455,45.8621809957549
1790387385.878633,39.79660401819274
1790387385.8789265,13.15469600376673
1790387385.8799577,7.944859011331573
1790387385.8800335,39.01277299155481
1790387385.8801048,8.823223994113505
1790387385.9096546,2.25338400923647
1790387385.937586,1.9608979928307235
1790387385.9439178,1.5851040079724044
1790387385.9727054,1.6755489923525602
1790387385.9965956,1.816786010749638
1790387386.0116787,2.4570990062784404
1790387386.0176332,2.2477400198113173
1790387386.0470896,6.241570023121312
1790387386.0471861,4.348338989075273
1790387386.0472481,24.504364002496004
1790387386.0627866,1.9267280003987253
1790387386.0893779,7.064073026413098
1790387386.104507,21.639307000441477
1790387386.1131792,2.0768329850398004
1790387386.1188817,1.350048027234152
1790387386.125679,1.5164539800025523
1790387386.1295397,1.3024240033701062
1790387386.1369967,1.7801590147428215
1790387386.157411,1.880939002148807
1790387386.1786118,1.7533939972054213
1790387386.2038612,1.9742229778785259
1790387386.2063978,2.036082005361095
1790387386.207135,1.5480750007554889
1790387386.211623,1.3337209820747375
1790387386.2298362,1.6290330095216632
1790387386.232451,1.5805299917701632
1790387386.2379475,1.5875799872446805
1790387386.2464414,1.7419840150978416
1790387386.2494397,1.6950970166362822
1790387386.2668033,1.688833988737315
1790387386.2965102,24.44427998852916
1790387386.296648,22.662928007775918
1790387386.296837,27.009568002540618
1790387386.2973497,22.860166005557403
1790387386.2974012,11.447035998571664
1790387386.310959,1.581449992954731
1790387386.3736062,20.305413025198504
1790387386.4253716,25.16241997363977
1790387386.4255202,13.481105997925624
1790387386.4264212,28.623758000321686
1790387386.4267154,3.2880640064831823
1790387386.4268136,15.377352014183998
1790387386.4350648,1.7222720198333263
1790387386.440366,2.250488003483042
1790387386.4408631,1.4301679912023246
1790387386.4566097,2.446225000312552
1790387386.4568832,2.131802000803873
1790387386.45903,1.1745670053642243
1790387386.487539,1.5913099923636764
1790387386.5213637,15.840498002944514
1790387386.5219564,21.903861983446404
1790387386.5222023,8.244803990237415
1790387386.5306346,1.6952510050032288
1790387386.5404694,2.1087569766677916
1790387386.541386,1.4932790072634816
1790387386.5464158,1.7956800002139062
1790387386.554361,1.5151010011322796
1790387386.575964,1.9754160020966083
1790387386.5936852,1.6053279978223145
1790387386.6080008,1.594227011082694
1790387386.6143184,1.7878209764603525
1790387386.65929,22.73718299693428
1790387386.659361,21.677807002561167
1790387386.662095,1.4554419904015958
1790387386.679643,1.5913459938019514
1790387386.7099385,15.257216000463814
1790387386.7100205,27.59881701786071
1790387386.7119904,1.7852679884526879
1790387386.71571,1.4268159866333008
1790387386.7224653,2.41059300606139
1790387386.7235,1.8862300203181803
1790387386.7242472,1.5524750051554292
1790387386.765,1.5971339889802039
1790387386.774086,2.3403060040436685
1790387386.777638,1.4742619823664427
1790387386.779627,1.4271230029407889
1790387386.795765,1.5860580024309456
1790387386.813999,2.5839299778454006
1790387386.8671088,16.063465998740867
1790387386.8675025,26.952704996801913
1790387386.868323,6.799619004596025
1790387386.8684163,32.09940099623054
1790387386.8851366,1.8843839934561402
1790387386.9053056,1.724930014461279
1790387386.9128764,1.5315570053644478
1790387386.9238997,1.5129509847611189
1790387387.0367002,20.264124003006145
1790387387.0374942,22.941443021409214
1790387387.0375583,5.308374995365739
1790387387.046108,1.8786830187309533
1790387387.0739355,23.36404801462777
1790387387.0764585,31.06789998128079
1790387387.076546,9.134839987382293
1790387387.0771148,2.1141160104889423
1790387387.0889673,1.7107740277424455
1790387387.1604078,43.62946402397938
1790387387.1610982,39.09582400228828
1790387387.161235,27.265684999292716
1790387387.1622589,21.05657898937352
1790387387.1625392,8.459012984531
1790387387.1625886,13.523694011382759
1790387387.1647737,1.1534460063558072
1790387387.2181566,20.456191996345297
1790387387.2198133,14.783334016101435
1790387387.2199225,24.65787500841543
1790387387.2202272,13.811734010232612
1790387387.2234964,1.3760099827777594
1790387387.2591908,1.738610997563228
1790387387.2667174,1.7518870008643717
1790387387.2842035,1.8490149814169854
1790387387.2904742,1.7639319994486868
1790387387.298095,1.7484000127296895
1790387387.3148305,1.9592899770941585
1790387387.317134,1.6835150017868727
1790387387.3602798,1.6166009881999344
1790387387.4319108,1.7871810123324394
1790387387.4362473,1.340935006737709
1790387387.4394011,1.5446099860128015
1790387387.441916,1.1602769955061376
1790387387.4767096,24.892677989555523
1790387387.477056,15.977407980244607
1790387387.47734,29.45356600685045
1790387387.4777899,2.079699974274263
1790387387.4778583,4.426317987963557
1790387387.4995918,1.9269949989393353
1790387387.5093505,1.7936280055437237
1790387387.529993,1.7406269907951355
1790387387.5382633,1.6351540107280016
1790387387.5486648,2.755462017375976
1790387387.5487435,2.1801939874421805
1790387387.5692627,2.0688730000983924
1790387387.5705695,1.29531099810265
1790387387.5929136,1.634696003748104
1790387387.605261,2.3843200178816915
1790387387.6205266,2.3596019891556352
1790387387.621496,1.8583750061225146
1790387387.6230152,1.423538982635364
1790387387.6519842,16.48063602624461
1790387387.653276,13.62929999595508
1790387387.6534326,26.557370991213247
1790387387.6534996,9.577707009157166
1790387387.6540658,2.068511996185407
1790387387.6769397,1.6222190170083195
1790387387.6809654,1.747136004269123
1790387387.6925967,1.8259109929203987
1790387387.7458405,16.74003098742105
1790387387.746582,25.97997899283655
1790387387.7472935,28.476539999246597
1790387387.747444,3.1013450061436743
1790387387.7475028,11.799932981375605
1790387387.7516649,1.7558219842612743
1790387387.7609222,1.6089370183181018
1790387387.7738273,1.6172240138985217
1790387387.790036,1.6472449933644384
1790387387.813904,1.6062069917097688
1790387387.8507884,2.2102619986981153
1790387387.8538997,1.3785600021947175
1790387387.8629174,2.086444990709424
1790387387.8642366,1.1829400027636439
1790387387.871238,1.3990890001878142
1790387387.8909023,1.8704429967328906
1790387387.9080577,1.819358003558591
1790387387.913784,1.801230013370514
1790387387.9140527,2.6443839888088405
1790387387.9393284,22.562157013453543
1790387387.9394217,19.1943789832294
1790387387.972135,1.904292992549017
1790387387.9763272,1.3711270003113896
1790387387.9792469,1.217252021888271
1790387388.0016835,1.7322050116490573
1790387388.013463,2.4461590219289064
1790387388.0589592,2.30260199168697
1790387388.0877495,15.135560999624431
1790387388.0976477,31.181870988802984
1790387388.1070309,10.830324987182394
1790387388.1071336,29.47733600740321
1790387388.123774,1.9310300122015178
1790387388.1270046,1.4000980008859187
1790387388.1530125,22.02086301986128
1790387388.1535137,16.740595980081707
1790387388.1536589,13.819059997331351
1790387388.1651988,2.1484489843714982
1790387388.1697803,1.6995200130622834
1790387388.1920843,21.304540015989915
1790387388.1944218,15.382081997813657
1790387388.1947582,25.75573799549602
1790387388.194885,13.871899020159617
1790387388.1960373,9.92722500814125
1790387388.1963563,3.6101970181334764
1790387388.196409,14.700191997690126
1790387388.1985605,1.2733260227832943
1790387388.234616,1.9450300023891032
1790387388.272452,15.865205001318827
1790387388.273223,25.090667011681944
1790387388.2738235,17.88046400179155
1790387388.2739682,16.0022450145334
1790387388.275264,11.25045501976274
1790387388.2753623,10.263327014399692
1790387388.2977982,1.8641329952515662
1790387388.2982402,1.2533399858511984
1790387388.3027744,1.821151003241539
1790387388.3078637,1.4091460034251213
1790387388.3156514,1.5502970200031996
1790387388.3209925,1.3247220194898546
1790387388.3264484,1.3340880104806274
1790387388.3336596,1.6478259931318462
1790387388.3387802,1.6316319815814495
1790387388.3393228,1.288841012865305
1790387388.3521864,1.6247959865722805
1790387388.3578367,1.498013996751979
1790387388.387188,20.972335012629628
1790387388.3938017,1.7577790131326765
1790387388.4071076,1.6853620181791484
1790387388.443496,10.879222012590617
1790387388.4436615,26.214770012302324
1790387388.4439454,8.998042001621798
1790387388.45347,1.6443179920315742
1790387388.5114598,22.969821002334356
1790387388.5231593,1.8755759811028838
1790387388.5410688,1.8707980052568018
1790387388.5710778,27.14113800902851
1790387388.571181,22.284313017735258
1790387388.5712588,18.75891099916771
1790387388.5814939,1.9345759938005358
1790387388.6086907,14.753121009562165
1790387388.6098747,12.695303012151271
1790387388.6100066,15.301481005735695
1790387388.610067,26.337645016610622
1790387388.619031,1.6539630014449358
1790387388.658349,23.98372400784865
1790387388.6584415,15.52824501413852
1790387388.658827,9.692838997580111
1790387388.659255,4.8943409929051995
1790387388.6639173,1.6567019920330495
1790387388.6725147,1.914869004394859
1790387388.690493,2.047633024631068
1790387388.6965077,1.7335799930151552
1790387388.7032087,2.1727099956478924
1790387388.70606,2.1861209825146943
1790387388.7598119,19.51083602034487
1790387388.7700267,20.382838003570214
1790387388.7711782,9.961336996639147
1790387388.771268,30.146140983561054
1790387388.8155556,30.03677201922983
1790387388.8161557,39.39754201564938
1790387388.835049,38.7798459851183
1790387388.8351936,41.04291897965595
1790387388.8723633,75.50412998534739
1790387388.8947074,103.81604699068703
1790387388.8948843,72.89210800081491
1790387388.89505,75.92317901435308
1790387388.896065,92.22173600574024
1790387388.8961608,89.22449901001528
1790387388.897059,65.8334229956381
1790387388.9127486,88.75872901990078
1790387388.9181917,57.06491300952621
1790387388.921071,56.983920017955825
1790387388.9211807,84.41338699776679
1790387388.9545214,24.772301025222987
1790387388.9546382,28.474902996094897
1790387388.9547346,19.407081010285765
1790387388.97053,1.7318970058113337
1790387388.9883218,1.7588759947102517
1790387388.991798,1.777325989678502
1790387388.9923208,1.4344810042530298
1790387389.0043418,1.760401006322354
1790387389.004922,1.5835450030863285
1790387389.0462234,1.7268959782086313
1790387389.0515482,1.9196050125174224
1790387389.060117,1.9773170060943812
1790387389.0937111,2.141821983968839
1790387389.1025095,1.8311020103283226
1790387389.1212296,2.223932999186218
1790387389.121992,2.02872502268292
1790387389.1268504,1.385468989610672
1790387389.131336,2.0026529964525253
1790387389.1333935,1.418198982719332
1790387389.1355546,1.228990004165098
1790387389.1482263,1.8183040083386004
1790387389.1745994,24.799567996524274
1790387389.1806111,17.586516012670472
1790387389.1855302,21.39051500125788
1790387389.217715,47.162651986582205
1790387389.2249079,53.17872698651627
1790387389.2252185,19.79720199597068
1790387389.2260044,36.16009702091105
1790387389.2266326,18.71186902280897
1790387389.2266948,3.0655139998998493
1790387389.2475266,1.952529011759907
1790387389.2869532,23.676904005696997
1790387389.2873197,14.31148499250412
1790387389.287439,27.95274800155312
1790387389.311179,1.842002006014809
1790387389.3193815,1.9135290058329701
1790387389.3488417,26.348423009039834
1790387389.3507059,30.156905006151646
1790387389.350806,22.68057901528664
1790387389.3553827,20.13701101532206
1790387389.3768737,36.00416399422102
1790387389.3776762,38.60996398725547
1790387389.3780892,35.995506012113765
1790387389.378517,29.211068991571665
1790387389.3827002,1.6780959849711508
1790387389.4177475,1.7831019940786064
1790387389.4752333,28.688487014733255
1790387389.4753306,13.93615998676978
1790387389.4790268,1.680995977949351
1790387389.4903085,1.7422130040358752
1790387389.495033,1.7626360058784485
1790387389.501902,1.5285289846360683
1790387389.5311294,2.031590003753081
1790387389.538028,1.4107549795880914
1790387389.5413568,1.6102720110211521
1790387389.5668523,1.9624450069386512
1790387389.568761,1.6112470184452832
1790387389.572738,1.5628320106770843
1790387389.573594,2.797785011352971
1790387389.5900426,2.1295439801178873
1790387389.6470134,2.105057006701827
1790387389.6498587,2.0288099767640233
1790387389.6712105,2.1457039983943105
1790387389.6736934,1.2603139912243932
1790387389.676556,2.6353589782956988
1790387389.7055194,30.480629997327924
1790387389.7079363,2.330024028196931
1790387389.7109659,1.6710069903638214
1790387389.7336915,1.943479001056403
1790387389.7406995,1.8674699822440743
1790387389.748618,2.0908029982820153
1790387389.7493892,1.5660299977753311
1790387389.7629845,1.823625003453344
1790387389.8050265,28.26277699205093
1790387389.8272038,2.030904986895621
1790387389.853266,25.351882009999827
1790387389.8540251,28.13107499969192
1790387389.8653424,34.81581297819503
1790387389.8710656,37.360555987106636
1790387389.876514,21.863597008632496
1790387389.8793209,24.063179007498547
1790387389.8794403,32.82421498443
1790387389.8795004,6.994250987190753
1790387389.8915348,1.821937010390684
1790387389.8976998,1.5674160094931722
1790387389.9032612,1070.7381120009813
1790387389.9076245,1.6740690043661743
1790387389.9167926,1.6156950150616467
1790387389.91733,1.2985070061404258
1790387389.9317276,1.7715939902700484
1790387389.9378312,1.8217360193375498
1790387389.9383757,1.3125060067977756
1790387389.945425,1.5309439913835377
1790387389.9979665,1.6653969942126423
1790387390.006025,2.4117779976222664
1790387390.0067666,1.70015700859949
1790387390.0068479,2.6106009900104254
1790387390.0344841,24.849005014402792
1790387390.0411556,1.6476979944854975
1790387390.0504448,1.6770139918662608
1790387390.073844,1.7377029871568084
1790387390.083503,1.7428059945814312
1790387390.1015615,2.1325660054571927
1790387390.1056397,1.4277129957918078
1790387390.113118,1.6863259952515364
1790387390.1136253,1.5143950004130602
1790387390.1176784,1.7793109873309731
1790387390.1573312,1.7937450029421598
1790387390.1659482,4.969805013388395
1790387390.1672077,5.221261002589017
1790387390.1673546,3.073310013860464
1790387390.1685207,2.8175520128570497
1790387390.249605,48.71928397915326
1790387390.2536917,22.80541299842298
1790387390.2541673,38.45079001621343
1790387390.2545152,41.69036602252163
1790387390.255381,23.598093015607446
1790387390.255453,21.38214898877777
1790387390.2578495,2.138192008715123
1790387390.2580082,1.7510059988126159
1790387390.2671413,1.8289030122105032
1790387390.269947,2.0669939985964447
1790387390.2708237,1.629353006137535
1790387390.2752144,1.6984580142889172
1790387390.2798455,1.5370729961432517
1790387390.2860026,2.108007000060752
1790387390.2931747,1.6671970079187304
1790387390.3347,2.16622999869287
1790387390.3906758,44.21241898671724
1790387390.3913474,19.59354497375898
1790387390.3914957,50.114881014451385
1790387390.3916686,51.115969981765375
1790387390.4066572,1.6763320018071681
1790387390.4106076,1.3318850251380354
1790387390.4175572,2.351640985580161
1790387390.4179292,2.1728890133090317
1790387390.4284418,2.0892269967589527
1790387390.459305,2.2490200062748045
1790387390.46132,1.3002310006413609
1790387390.4670167,1.355994987534359
1790387390.4938538,17.514376988401636
1790387390.493919,22.869520995300263
1790387390.4941638,5.183394008781761
1790387390.5091407,1.683580019744113
1790387390.534047,1.8266179831698537
1790387390.5388741,1.6672560013830662
1790387390.5621138,1.9199999806005508
1790387390.6012115,2.504746982594952
1790387390.6019247,2.066293003736064
1790387390.6045635,1.7405749822501093
1790387390.607847,1.1862399987876415
1790387390.6380055,23.36090200697072
1790387390.6648445,2.2132130106911063
1790387390.6752896,1.7200160073116422
1790387390.722553,15.355935000116006
1790387390.722774,27.87571999942884
1790387390.7229526,27.320357999997213
1790387390.7230356,30.377062008483335
1790387390.7651174,24.888774001738057
1790387390.777615,12.296503991819918
1790387390.7778986,32.09489700384438
1790387390.77817,4.5532279764302075
1790387390.7782683,43.4340939973481
1790387390.7789154,1.834863011026755
1790387390.823067,1.9142369856126606
1790387390.8393562,1.9415639981161803
1790387390.8645484,20.001529017463326
1790387390.864626,26.16512100212276
1790387390.8647265,13.929829990956932
1790387390.870067,1.3722750009037554
1790387390.8814123,1.705876988125965
1790387390.9074404,2.970611007185653
1790387390.9077258,1.9631850009318441
1790387390.9133615,1.4634350081905723
1790387390.9187393,1.367198012303561
1790387390.9291794,1.6171239840332419
1790387390.9297369,1.3349619985092431
1790387390.9352055,1.679843000601977
1790387390.9380908,1.5501560119446367
1790387390.942914,2.170365012716502
1790387390.948445,2.5583149981684983
1790387390.9720361,1.7790940182749182
1790387390.9762378,1.7186800250783563
1790387390.9953475,7.2698009898886085
1790387391.0212376,32.498532003955916
1790387391.0269358,27.820904011605307
1790387391.0323014,27.393329015467316
1790387391.0331807,30.88394197402522
1790387391.0337205,17.377832991769537
1790387391.0340295,11.093872017227113
1790387391.0340886,14.785488980123773
1790387391.0596387,2.7180280012544245
1790387391.059756,3.669400990474969
1790387391.0664709,1.494210009695962
1790387391.0687234,1.9996209884993732
1790387391.0691879,1.6178750083781779
1790387391.0766854,1.6645319992676377
1790387391.0941179,2.0651980012189597
1790387391.095145,1.9824559858534485
1790387391.1010258,1.8118019797839224
1790387391.1512053,28.691890998743474
1790387391.157428,46.155540010659024
1790387391.1615665,34.021147002931684
1790387391.161728,30.91146200313233
1790387391.1623476,48.144499014597386
1790387391.162406,13.405740988673642
1790387391.1782098,1.6052919963840395
1790387391.1805491,2.0339259936008602
1790387391.2366676,1.9899900071322918
1790387391.243445,1.4455400232691318
1790387391.2507384,2.054094016784802
1790387391.2538695,1.8279959913343191
1790387391.2920265,21.919024002272636
1790387391.2929447,27.41485901060514
1790387391.3035476,18.537589989136904
1790387391.314946,28.932998015079647
1790387391.3152962,27.142251026816666
1790387391.3153884,28.787990973796695
1790387391.3172524,1.4849579893052578
1790387391.3188574,1.2139769969508052
1790387391.3324223,1.9740370044019073
1790387391.3337693,1.2304620177019387
1790387391.3587213,23.562235001008958
1790387391.3588238,12.411074014380574
1790387391.3990734,19.064067979343235
1790387391.4075341,26.19143799529411
1790387391.4189622,38.249553996138275
1790387391.4238691,23.423110018484294
1790387391.4313455,38.657322991639376
1790387391.478928,3.7075679865665734
1790387391.51115,34.06296399771236
1790387391.536676,35.6057719909586
1790387391.5428112,54.00102899875492
1790387391.544308,34.17680901475251
1790387391.5444057,35.87484499439597
1790387391.5451214,7.4494589935056865
1790387391.5451977,10.232786007691175
1790387391.590411,32.96372899785638
1790387391.6034362,33.60489700571634
1790387391.6040783,14.76172500406392
1790387391.6041555,13.660737022291869
1790387391.6304543,23.471911990782246
1790387391.6306305,18.72500401805155
1790387391.630997,16.439976985566318
1790387391.6310685,7.7723680005874485
1790387391.6586227,1.8489639915060252
1790387391.6800544,2.054457989288494
1790387391.6809404,1.6351640224456787
1790387391.706427,1.8312790198251605
1790387391.7090242,1.7825310060288757
1790387391.7121136,1.308873004745692
1790387391.716235,1.4080859837122262
1790387391.7410462,1.7283099878113717
1790387391.743082,1.8353959894739091
1790387391.748916,2.5808250065892935
1790387391.7495952,2.105663006659597
1790387391.7739756,24.336626986041665
1790387391.7838764,1.741557993227616
1790387391.7865455,1.839376986026764
1790387391.7993557,1.6495519957970828
1790387391.8139338,1.6726540052331984
1790387391.8461294,25.215343019226566
1790387391.8469672,26.133859006222337
1790387391.8472972,21.528801997192204
1790387391.8473728,8.847070013871416
1790387391.8537943,1.694665988907218
1790387391.8581865,1.620463008293882
1790387391.8879282,2.825128991389647
1790387391.8887153,2.3590250057168305
1790387391.9470618,22.288755018962547
1790387391.9678226,39.05748898978345
1790387391.991998,63.148771005216986
1790387391.9925792,25.836315006017685
1790387391.9927158,52.117095998255536
1790387391.9928188,41.14075601682998
1790387391.9934235,8.977508987300098
1790387391.993497,13.990021019708365
1790387391.9940684,4.160315002081916
1790387392.0231278,2.3424789833370596
1790387392.0375824,1.5641119971405715
1790387392.0411983,1.4281350013334304
1790387392.0455859,1.5628150140400976
1790387392.0502915,1.3024559884797782
1790387392.0712051,4.400928009999916
1790387392.075092,1.9068339897785336
1790387392.0759783,2.0994309743400663
1790387392.078785,1.2799389951396734
1790387392.0866263,1.646321004955098
1790387392.094781,1.5983190096449107
1790387392.1147897,2.1352890180423856
1790387392.1639655,2.7263970114290714
1790387392.1863415,1.717047009151429
1790387392.2042823,1.8457580008544028
1790387392.2101674,3.7913830019533634
1790387392.213154,2.974383009131998
1790387392.2257414,1.849805994424969
1790387392.2372887,1.665749994572252
1790387392.2444944,1.9728930201381445
1790387392.2765346,7.603045989526436
1790387392.293804,24.30526798707433
1790387392.294354,5.590002023382112
1790387392.2944252,5.063288990641013
1790387392.3103948,1.8419080006424338
1790387392.335228,1.892258005682379
1790387392.3408577,1.7214739928022027
1790387392.3460839,1.7215530097018927
1790387392.3508508,1.352813997073099
1790387392.3536847,1.2407019967213273
1790387392.3835673,2.6900619850493968
1790387392.4252164,32.32093798578717
1790387392.4313238,15.593713003909215
1790387392.4386268,4.590647993609309
1790387392.4387302,18.718646984780207
1790387392.4388344,3.9690349949523807
1790387392.4390407,36.570499010849744
1790387392.4446044,1.488226989749819
1790387392.4489753,2.137959992978722
1790387392.449082,1.7504040151834488
1790387392.4545467,1.2387820170260966
1790387392.4574668,1.0976879857480526
1790387392.4675725,1.6918089822866023
1790387392.4713771,1.4253309927880764
1790387392.4854846,1.4762420032639056
1790387392.5238886,1.898602000437677
1790387392.5328991,1.4956390077713877
1790387392.5723538,24.90488500916399
1790387392.5886197,29.581351001979783
1790387392.5894346,2.4814700009301305
1790387392.5937364,23.360728984698653
1790387392.5938988,3.4146560064982623
1790387392.6205025,20.463997992919758
1790387392.623771,2.707869978621602
1790387392.623878,1.804339000955224
1790387392.6469488,23.98575298138894
1790387392.6470337,11.814409022917971
1790387392.6473055,7.073508022585884
1790387392.6480343,4.10195198492147
1790387392.6945665,17.97420100774616
1790387392.6948018,25.17211198573932
1790387392.6948788,5.47483199625276
1790387392.7068255,1.6792989918030798
1790387392.7303188,22.00515501317568
1790387392.738235,1.55814501340501
1790387392.740388,1.3465730007737875
1790387392.7472246,1.5698560164310038
1790387392.749673,1.2104719935450703
1790387392.7590134,1.6201059916056693
1790387392.7731593,2.4321050150319934
1790387392.780172,1.864670979557559
1790387392.8017192,2.021723019424826
1790387392.833351,3.1124369997996837
1790387392.8626006,24.409670004388317
1790387392.8629427,23.140892997616902
1790387392.8630123,21.18255101959221
1790387392.8843086,22.610565996728837
1790387392.8843718,15.265486988937482
1790387392.8860493,1.5803840069565922
1790387392.914141,11.313657014397904
1790387392.9142468,16.900624992558733
1790387392.9146063,25.424455001484603
1790387392.9148185,8.434457995463163
1790387392.9154572,5.827333021443337
1790387392.934326,1.7147590115200728
1790387392.9427855,1.5994840068742633
1790387392.9459136,1.413913007127121
1790387392.9620001,2.738963987212628
1790387392.9643226,4.096493998076767
1790387392.9660869,2.947725006379187
1790387392.9661758,3.4861969761550426
1790387392.9662485,4.237670014845207
1790387393.0158641,2.3724119819235057
1790387393.0233948,1.6772770031820983
1790387393.02874,1.4224719780031592
1790387393.0488315,4.659051017370075
1790387393.050382,4.415364004671574
1790387393.0787597,26.09903400298208
1790387393.0788286,6.40357899828814
1790387393.0792792,2.128410997102037
1790387393.097275,2.1491779771167785
1790387393.1109629,1.765991997672245
1790387393.1197982,2.181132003897801
1790387393.1311214,1.7605010070838034
1790387393.136062,1.3833510165568441
1790387393.150812,1.779159007128328
1790387393.1528456,1.4104530273471028
1790387393.164124,3.6855519865639508
1790387393.164227,2.5121950020547956
1790387393.168829,2.211006998550147
1790387393.1775222,1.9761199946515262
1790387393.1783912,1.6748019843362272
1790387393.1994808,2.2326380130834877
1790387393.212425,2.4934100219979882
1790387393.2152333,1.8392170022707433
1790387393.2586992,22.161439002957195
1790387393.2601655,24.20041200821288
1790387393.2602415,16.8458349944558
1790387393.2910357,19.83252100762911
1790387393.2919717,2.9545600118581206
1790387393.2921443,22.759473999030888
1790387393.2928593,2.8835880220867693
1790387393.2963483,1.285409991396591
1790387393.3015924,1.5859550039749593
1790387393.3020558,1.5396880044136196
1790387393.3677824,30.027136992430314
1790387393.3682706,36.64767800364643
1790387393.3691516,34.42628899938427
1790387393.3700855,21.430263004731387
1790387393.3705485,6.810783001128584
1790387393.3709366,32.17390802456066
1790387393.3718555,1.7606930050533265
1790387393.371937,3.5187560133635998
1790387393.3992095,2.4141190224327147
1790387393.400064,2.1840940171387047
1790387393.40946,1.935079984832555
1790387393.4175918,1.3865139917470515
1790387393.4334636,2.092601003823802
1790387393.4402592,1.8738250073511153
1790387393.451222,2.040633000433445
1790387393.456604,1.605886995093897
1790387393.4941316,18.84244999382645
1790387393.4942079,23.532980994787067
1790387393.5535336,2.6102010160684586
1790387393.5543053,1.8152720003854483
1790387393.5916064,2.6487180148251355
1790387393.6103332,2.618575992528349
1790387393.6104045,1.8273739842697978
1790387393.620572,2.436042996123433
1790387393.6487043,1.80825698771514
1790387393.6568635,1.9711880013346672
1790387393.6799073,2.2149170108605176
1790387393.684992,1.5262670058291405
1790387393.708778,1.7390649882145226
1790387393.7122462,2.0163249864708632
1790387393.7284174,2.477800997439772
1790387393.7547069,1.79554897476919
1790387393.759817,1.8072799721267074
1790387393.7923937,22.534629999427125
1790387393.7949827,1.4394460013136268
1790387393.8099108,2.233830018667504
1790387393.812364,1.9587189890444279
1790387393.8126385,1.7266730137635022
1790387393.8183558,1.7398859781678766
1790387393.826719,2.205614000558853
1790387393.837966,2.351853996515274
1790387393.8414698,2.277866005897522
1790387393.8422303,2.2855150164105
1790387393.846368,2.0388639823067933
1790387393.8630815,2.6163950096815825
1790387393.865564,1.7692139954306185
1790387393.9080117,37.012037995737046
1790387393.9081151,43.43037400394678
1790387393.9151611,1.9348720088601112
1790387393.9447918,3.0363270197995007
1790387393.9533203,2.6592259819153696
1790387393.9792988,2.0774820004589856
1790387393.9895706,2.129695989424363
1790387393.9993906,1.8878749979194254
1790387394.0327206,1.8007679900620133
1790387394.0452907,1.755834004143253
1790387394.0582674,1.7909800226334482
1790387394.0876026,2.709002001211047
1790387394.0876932,2.1906519832555205
1790387394.0944474,1.5860899875406176
1790387394.0975351,2.1030290226917714
1790387394.1737077,44.418002013117075
1790387394.1750498,47.10107098799199
1790387394.1757486,37.548610009253025
1790387394.1758857,47.357984993141145
1790387394.1759531,19.253317004768178
1790387394.1840572,1.5441510186064988
1790387394.192005,1.5918989956844598
1790387394.2744148,45.36059501697309
1790387394.280989,45.69421801716089
1790387394.2810655,31.749367975862697
1790387394.323586,73.54643102735281
1790387394.323738,58.443412999622524
1790387394.3238564,54.30369102396071
1790387394.3242207,18.57936300802976
1790387394.3246958,3.1578420021105558
1790387394.358687,15.546849987003952
1790387394.3724823,20.59796600951813
1790387394.3746412,33.888657024363056
1790387394.374727,15.907106979284436
1790387394.375314,14.920640998752788
1790387394.3753817,13.010975002544
1790387394.37552,14.458482997724786
1790387394.3954153,22.32554799411446
1790387394.3960123,24.701407994143665
1790387394.4074528,29.866333003155887
1790387394.4192197,33.21814999799244
1790387394.4199238,15.610505011864007
1790387394.420287,16.897743014851585
1790387394.4204752,13.814918987918645
1790387394.440357,2.439606992993504
1790387394.4418395,1.4687369985040277
1790387394.445802,1.641757000470534
1790387394.459534,1.749269024003297
1790387394.484662,1.7399039934389293
1790387394.507038,1.6063849907368422
1790387394.5242476,2.101912978105247
1790387394.524317,2.84640901372768
1790387394.547961,22.653729014564306
1790387394.5480492,13.855397002771497
1790387394.5609922,1.763831009157002
1790387394.5718477,1.4404479879885912
1790387394.586213,2.2567360138054937
1790387394.6203113,1.874656998552382
1790387394.6460345,3.608504979638383
1790387394.6461308,24.44653699058108
1790387394.6885805,2.3012809979263693
1790387394.7015395,2.1193930006120354
1790387394.7020297,1.3657980016432703
1790387394.71293,1.6804019978735596
1790387394.7133954,1.3613199989777058
1790387394.7155278,1.2361370027065277
1790387394.730423,1.6385360213462263
1790387394.7861195,23.267902986845
1790387394.7916522,44.44275901187211
1790387394.7932346,29.272601997945458
1790387394.794265,37.87677301443182
1790387394.7949958,23.60137100913562
1790387394.7951794,4.519890993833542
1790387394.795261,13.82906301296316
1790387394.7973762,1.6118480125442147
1790387394.7978785,1.215536001836881
1790387394.8013537,1.4332789869513363
1790387394.8412774,26.160195004194975
1790387394.8413863,29.744963016128168
1790387394.8414533,38.781441980972886
1790387394.8574948,43.44128302182071
1790387394.86768,47.41914101759903
1790387394.8678904,35.48682201653719
1790387394.8687894,41.428785014431924
1790387394.8690186,23.776081012329087
1790387394.8699138,14.122475986368954
1790387394.8702085,10.64384201890789
1790387394.8707752,12.036386004183441
1790387394.8711815,5.374374013626948
1790387394.8712623,9.21842601383105
1790387394.8736792,1.3136460038367659
1790387394.877262,1.5505060146097094
1790387394.8890347,1.400688022840768
1790387394.9117465,1.9290740019641817
1790387394.9169405,1.447980001103133
1790387394.9247222,2.2288719774223864
1790387394.9259849,2.220846014097333
1790387394.9280276,1.181862986413762
1790387394.9531143,1.91101199015975
1790387394.9792259,1.9702379941008985
1790387394.9820702,1.5335300122387707
1790387395.008012,13.752287981333211
1790387395.0083873,24.00663701700978
1790387395.015326,1.441214990336448
1790387395.023013,1.8943189934361726
1790387395.0347397,1.680170011240989
1790387395.039599,1.4244649792090058
1790387395.0651703,1.8572350090835243
1790387395.0737147,1.6797970165498555
1790387395.1009822,2.210856997407973
1790387395.1038284,1.5766420110594481
1790387395.1394315,1.8081010202877223
1790387395.1533413,2.8226209979038686
1790387395.15343,2.298580016940832
1790387395.1650488,1.7380389908794314
1790387395.1968029,26.915071008261293
1790387395.2260573,1.7113200156018138
1790387395.2395964,2.573958016000688
1790387395.3111837,58.525663014734164
1790387395.321483,61.32977601373568
1790387395.3218942,65.24820899358019
1790387395.3220553,59.64963699807413
1790387395.3224669,51.15869399742223
1790387395.3226097,67.56699198740534
1790387395.323817,51.44905799534172
1790387395.3247962,31.14534998894669
1790387395.3264468,8.148484019329771
1790387395.3265321,47.536174999549985
1790387395.3266015,25.031869008671492
1790387395.328549,1.752854004735127
1790387395.3354645,2.1317880018614233
1790387395.379864,25.21289000287652
1790387395.3799806,17.63138300157152
1790387395.3808663,26.93802400608547
1790387395.3812017,10.93166699865833
1790387395.3814497,6.807576981373131
1790387395.4294538,17.632820003200322
1790387395.4450321,38.74118498060852
1790387395.4581664,16.096839011879638
1790387395.4590104,33.6748989939224
1790387395.4593039,9.03767699492164
1790387395.4597619,7.321228011278436
1790387395.4605963,4.683755978476256
1790387395.4608817,3.84151897742413
1790387395.4859643,20.33615601249039
1790387395.4970145,33.725510991644114
1790387395.508287,41.646695986855775
1790387395.508755,21.17080398602411
1790387395.5088463,29.316533007659018
1790387395.509317,13.24195199413225
1790387395.5117095,1.2226919934619218
1790387395.518292,1.4610379876103252
1790387395.5428944,1.95700500626117
1790387395.550052,2.197977009927854
1790387395.5505135,1.5973210101947188
1790387395.553526,1.7279520106967539
1790387395.5715652,2.4389429891016334
1790387395.6057022,2.128576976247132
1790387395.6173286,1.7396050097886473
1790387395.6356058,2.220184978796169
1790387395.68631,10.533894004765898
1790387395.6863759,23.067275993525982
1790387395.7258334,1.7534939979668707
1790387395.728911,1.3810849923174828
1790387395.788959,42.019814980449155
1790387395.7890522,32.309592992533
1790387395.8005474,13.646374980453402
1790387395.800674,17.469049023929983
1790387395.8007355,43.35639497730881
1790387395.81499,1.9502250070217997
1790387395.8164463,2.5382870226167142
1790387395.824972,1.6776599804870784
1790387395.8545475,20.262286998331547
1790387395.8546386,23.031702992739156
1790387395.8663802,1.6290259954985231
1790387395.903363,36.93788900272921
1790387395.9097006,18.992322991834953
1790387395.9100208,16.697632003342733
1790387395.9125721,17.358390003209934
1790387395.913227,17.215092986589298
1790387395.9136453,44.104608008638024
1790387395.913721,9.752326004672796
1790387395.9211583,1.673250983003527
1790387395.9366186,2.5489190011285245
1790387395.9367368,3.5245219769421965
1790387395.9417186,1.4440800005104393
1790387395.9491377,2.266809984575957
1790387395.9505062,1.8677840125747025
1790387395.9528742,1.5037689881864935
1790387395.958278,1.4346670068334788
1790387395.983723,2.1180890034884214
1790387396.0587783,74.3229289946612
1790387396.0786395,89.40442101447843
1790387396.0790434,80.76392699149437
1790387396.0846915,73.58077800017782
1790387396.0858886,61.786080012097955
1790387396.086045,84.43358799559064
1790387396.0865104,6.275389023358002
1790387396.0866327,4.576239007292315
1790387396.0868926,50.4167010076344
1790387396.0869462,3.27757399645634
1790387396.091439,1.821077981730923
1790387396.1250424,22.788055997807533
1790387396.1255271,11.707847996149212
1790387396.1256278,11.109512997791171
1790387396.1283903,1.5660829958505929
1790387396.136881,1.800224999897182
1790387396.1465213,1.9162410171702504
1790387396.1813853,1.7130940104834735
1790387396.1913857,2.027709997491911
1790387396.2118492,1.73805101076141
1790387396.2153437,1.6309549973811954
1790387396.2305028,1.8886890029534698
1790387396.2332118,1.727891998598352
1790387396.253484,2.3603290028404444
1790387396.2874317,24.07635300187394
1790387396.2896864,2.1921189909335226
1790387396.2901144,1.494399009970948
1790387396.298201,1.754009979777038
1790387396.313181,2.3967589950188994
1790387396.3252792,1.812216010876
1790387396.3333583,1.6114310128614306
1790387396.3388317,1.6757900011725724
1790387396.372777,30.254201003117487
1790387396.3846366,18.762962019536644
1790387396.3913836,1081.6185750009026
1790387396.3917336,30.90886599966325
1790387396.3929741,15.383601014036685
1790387396.3935614,11.627266998402774
1790387396.3936355,10.525756020797417
1790387396.405934,1.7695980204734951
1790387396.4438233,25.709200010169297
1790387396.4440672,21.361316001275554
1790387396.4445057,31.627319986000657
1790387396.4451764,6.008290016325191
1790387396.4452438,20.707159012090415
1790387396.4805892,1.6885630029719323
1790387396.5190375,20.1315610029269
1790387396.5196025,23.157544987043366
1790387396.519676,7.609874999616295
1790387396.5231266,1.4142770087346435
1790387396.5497727,2.279540989547968
1790387396.558212,1.5557220031041652
1790387396.5728488,2.552876976551488
1790387396.5769777,1.8346739816479385
1790387396.5791726,1.36933199246414
1790387396.5980058,1.9871150143444538
1790387396.610921,2.4798930098768324
1790387396.6123266,1.509144000010565
1790387396.648226,17.99297600518912
1790387396.6534357,26.726625015726313
1790387396.6762671,39.11833101301454
1790387396.6766841,7.123984978534281
1790387396.7499921,69.67480599996634
1790387396.7500916,60.38499000715092
1790387396.7509918,27.599757013376802
1790387396.7515054,64.02439301018603
1790387396.7516155,13.120115996571258
1790387396.7516856,30.917119001969695
1790387396.7561705,2.0926239958498627
1790387396.756663,1.4829850115347654
1790387396.7609415,1.9914699951186776
1790387396.7618794,1.9495269807521254
1790387396.7676637,1.4077560044825077
1790387396.7719142,1.2617040192708373
1790387396.7747555,1.1323619983159006
1790387396.8013055,1.7284179921261966
1790387396.8101854,1.6523890080861747
1790387396.821508,2.371533977566287
1790387396.8323498,1.6881519986782223
1790387396.8377848,1.6362229944206774
1790387396.839054,1.3572600146289915
1790387396.8731306,8.31683402066119
1790387396.8732135,27.891528996406123
1790387396.8852968,2.665646024979651
1790387396.8854616,3.430587996263057
1790387396.8858438,1.7265880014747381
1790387396.9052246,2.3307180090341717
1790387396.9076293,1.4755500014871359
1790387396.912655,1.6883329953998327
1790387396.9173772,1.785987988114357
1790387396.9287844,2.0657359855249524
1790387396.944737,1.7035829951055348
1790387396.995384,22.98893200349994
1790387396.9965038,30.572665011277422
1790387396.997225,22.669296013191342
1790387396.9979453,20.191219984553754
1790387396.9984856,11.65378699079156
1790387396.9996655,9.69778498983942
1790387396.99976,9.069748019101098
1790387397.0009613,1.8960089946631342
1790387397.0015264,1.3917350152041763
1790387397.0135777,1.8219630001112819
1790387397.0724113,2.9783640056848526
1790387397.0725305,3.943229006836191
1790387397.1209764,2.083529980154708
1790387397.1277752,1.7615029937587678
1790387397.13316,1.5968239749781787
1790387397.2021804,16.142616019351408
1790387397.2180147,54.785120009910315
1790387397.2288017,40.682491002371535
1790387397.2410152,49.73053801222704
1790387397.241155,48.906024981988594
1790387397.2419188,75.60595698305406
1790387397.242044,47.39558501751162
1790387397.2424104,27.755125978728756
1790387397.2430198,24.37934000045061
1790387397.2714908,2.1395250223577023
1790387397.2866058,2.1765059791505337
1790387397.3250654,18.843419005861506
1790387397.363143,77.43352500256151
1790387397.3736753,86.0271190176718
1790387397.373972,63.0523560103029
1790387397.3749268,64.71645398414694
1790387397.37674,67.35075599863194
1790387397.3819497,45.072181994328275
1790387397.3820486,69.34104699757881
1790387397.3984544,57.786832010606304
1790387397.400777,38.42468198854476
1790387397.4009366,66.63459600531496
1790387397.401883,45.711681013926864
1790387397.402244,26.44028901704587
1790387397.4024353,7.713722006883472
1790387397.4143002,1.678083004662767
1790387397.4198337,2.0081170077901334
1790387397.4319267,2.3606089816894382
1790387397.4740078,7.926594989839941
1790387397.4747574,33.058978006010875
1790387397.475045,4.392652015667409
1790387397.475117,3.8113989867269993
1790387397.5343542,2.6485590205993503
1790387397.535389,2.0932429761160165
1790387397.5354688,2.6947569858748466
1790387397.565905,2.2408580116461962
1790387397.5796337,2.888489019824192
1790387397.5946417,2.102434984408319
1790387397.5992274,1.6153909964486957
1790387397.6132538,2.362283004913479
1790387397.6146755,1.533090980956331
1790387397.634703,2.1336549834813923
1790387397.6393955,1.5960769960656762
1790387397.6696832,1.8311159801669419
1790387397.6787174,1.7601230065338314
1790387397.6806767,1.9482389907352626
1790387397.7044516,2.2542249935213476
1790387397.7312531,2.33818800188601
1790387397.7473779,1.8333309853915125
1790387397.7552266,1.6858649905771017
1790387397.7572274,1.4423319953493774
1790387397.7593799,1.6624779964331537
1790387397.7607598,1.3697890099138021
1790387397.7724535,2.038107020780444
1790387397.7850113,1.6485119995195419
1790387397.7907476,1.549236010760069
1790387397.8047888,2.2821089951321483
1790387397.8597605,13.698691996978596
1790387397.8625348,27.66526199411601
1790387397.8626418,9.637920011300594
1790387397.8777928,2.9857740155421197
1790387397.8788521,1.9332969968672842
1790387397.8956842,2.751720981905237
1790387397.8957667,2.213547006249428
1790387397.9058194,1.661670015892014
1790387397.9126298,1.751756004523486
1790387397.9208734,2.44400801602751
1790387397.9332545,1.8339960079174489
1790387397.9375339,1.4214160037226975
1790387397.9689167,21.783821983262897
1790387397.9692404,18.335672008106485
1790387397.970222,30.82772999187
1790387397.9719183,19.701135985087603
1790387397.9719856,19.081726990407333
1790387397.972391,6.817148998379707
1790387397.9729383,8.310270990477875
1790387397.9730053,2.603412023745477
1790387397.9782853,1.5044689935166389
1790387397.986626,2.64259401592426
1790387398.026485,42.044620000524446
1790387398.0576031,64.45155802066438
1790387398.057877,34.67912500491366
1790387398.057992,32.3550520115532
1790387398.0581834,26.03132199146785
1790387398.0586603,5.845560983289033
1790387398.0587528,2.929594018496573
1790387398.0770571,1.9658859819173813
1790387398.1109252,24.72305201808922
1790387398.1378458,31.723744003102183
1790387398.138556,27.466914005344734
1790387398.1388776,14.751984999747947
1790387398.1400337,11.504875001264736
1790387398.1401565,13.934765011072159
1790387398.140617,9.844790009083226
1790387398.1929314,1.8887490150518715
1790387398.2231598,24.163074005628005
1790387398.2297797,2.1302450040820986
1790387398.2357068,2.105911000398919
1790387398.3004274,2.5106719986069947
1790387398.3145247,1.758038008119911
1790387398.3263783,1.8423200235702097
1790387398.3336136,1.6244019789155573
1790387398.3380325,1.4028929872438312
1790387398.3394113,1.2215939932502806
1790387398.341158,1.1357030016370118
1790387398.3931472,33.73135198489763
1790387398.3936758,22.548106004251167
1790387398.3938208,9.264785010600463
1790387398.3938997,11.121207004180178
1790387398.4286962,2.3701799800619483
1790387398.4295876,2.141778008081019
1790387398.4301286,1.4191890077199787
1790387398.4960587,51.779829984297976
1790387398.507238,53.71725498116575
1790387398.5127223,24.714063009014353
1790387398.5362976,61.123521998524666
1790387398.5477853,22.05686699016951
1790387398.5493882,16.684561996953562
1790387398.5508313,4.368208989035338
1790387398.5513015,57.245636999141425
1790387398.551466,10.83370199194178
1790387398.5519838,2.8379430004861206
1790387398.579884,27.463923004688695
1790387398.5810142,7.425085001159459
1790387398.5811088,6.8491449928842485
1790387398.5844116,1.880299998447299
1790387398.5909922,1.7668070213403553
1790387398.6056142,1.821193000068888
1790387398.6384587,30.7906880043447
1790387398.6385608,14.589052007067949
1790387400.7485237,2.0034160115756094
1790387400.7756345,2.0574590016622096
1790387400.7810805,1.6669610049575567
1790387400.794231,2.1132169931661338
1790387400.7966828,1.501146994996816
1790387400.8417866,21.418190008262172
1790387400.8429394,14.406177011551335
1790387400.8433268,27.360882988432422
1790387400.843829,3.3966910268645734
1790387400.8439357,8.970288996351883
1790387400.8539448,2.165048004826531
1790387400.8621342,1.7724219942465425
1790387400.8820455,2.324791974388063
1790387400.888603,1.7184530152007937
1790387400.9176142,1.975288992980495
1790387400.9234343,1.6837719886098057
1790387400.9351249,2.3872749879956245
1790387400.9360716,2.2507729881908745
1790387400.9375663,1.469025999540463
1790387400.9577334,2.0192939846310765
1790387400.9834254,2.0192230003885925
1790387400.9839816,1.5884339809417725
1790387400.9975004,1.8751730094663799
1790387401.0015152,1.3127409911248833
1790387401.015408,2.661616978002712
1790387401.0164542,2.069352980470285
1790387401.020134,1.6359929868485779
1790387401.0345557,1.9150879816152155
1790387401.0472076,1.9393359834793955
1790387401.049386,1.642732007894665
1790387401.0778193,4.820581991225481
1790387401.0779736,4.204684984870255
1790387401.0793035,2.5686220033094287
1790387401.095669,2.5829289807006717
1790387401.0993412,2.107631997205317
1790387401.1246834,21.448874002089724
1790387401.1247828,26.830368005903438
1790387401.1371763,2.597840008093044
1790387401.1572585,2.44434701744467
1790387401.1582649,1.8557730072643608
1790387401.196029,32.27617699303664
1790387401.213045,54.58930999157019
1790387401.218594,36.67592699639499
1790387401.2309077,61.72983700525947
1790387401.2443252,53.08569400222041
1790387401.2456455,35.31494498020038
1790387401.2458267,58.262261998606846
1790387401.2460046,34.03896201052703
1790387401.2477098,20.670906000304967
1790387401.2478118,15.086704981513321
1790387401.25103,2.327683992916718
1790387401.3055878,1.9472489948384464
1790387401.3105607,1.8661629874259233
1790387401.3166513,1.9334219978190958
1790387401.3208714,1.8164640059694648
1790387401.3263042,2.224373019998893
1790387401.3318756,1.9698489923030138
1790387401.370162,28.985868993913755
1790387401.3703427,12.557000998640433
1790387401.3704257,26.73429701826535
1790387401.3728552,1.9722809956874698
1790387401.3888206,2.5129900022875518
1790387401.3903055,1.4714169956278056
1790387401.4106283,2.0878180221188813
1790387401.4184613,1.6509229899384081
1790387401.423873,1.8001779972109944
1790387401.4290884,1.6392659745179117
1790387401.4510672,2.093814982799813
1790387401.4515443,1.5310320013668388
1790387401.4534073,1.2914169928990304
1790387401.4563334,1.33117800578475
1790387401.4704182,1.7899030062835664
1790387401.5154648,15.233732003252953
1790387401.5155451,25.78490599989891
1790387401.5156102,18.261713994434103
1790387401.5334475,1.7175740213133395
1790387401.5682404,8.866485994076356
1790387401.5683684,26.522001018747687
1790387401.5723147,1.5264860121533275
1790387401.5811024,1.91632000496611
1790387401.6022573,1.8868610204663128
1790387401.6057308,1.433817989891395
1790387401.6710835,41.835434996755794
1790387401.6804137,6.45760798943229
1790387401.680644,22.787189984228462
1790387401.6808026,41.87077202368528
1790387401.682068,3.1921729969326407
1790387401.6825328,1.6123630048241466
1790387401.68458,1.6344079922419041
1790387401.6936665,1.7623940075282007
1790387401.6993434,1.5164910000748932
1790387401.7186596,1.937586988788098
1790387401.7518775,2.136477007297799
1790387401.7579894,1.8404890142846853
1790387401.7793365,2.811243000905961
1790387401.7800586,2.0187830086797476
1790387401.8342478,2.040438004769385
1790387401.8347566,1.5203040093183517
1790387401.8550227,2.0580790005624294
1790387401.909159,1.8326709978282452
1790387401.9910908,25.589396012946963
1790387402.025463,18.372870981693268
1790387402.0255353,25.17367698601447
1790387402.0380058,1.7608700145501643
1790387402.0430157,2.4242969811894
1790387402.0441117,1.935375010361895
1790387402.0672104,1.9019480096176267
1790387402.0807447,2.0642540184780955
1790387402.1057222,1.9824990013148636
1790387402.1162312,1.9054849981330335
1790387402.1313484,1.9881940097548068
1790387402.1352468,1.6191919858101755
1790387402.1700222,30.039086006581783
1790387402.1702669,28.37188501143828
1790387402.1703641,18.62023599096574
1790387402.1708262,25.620629981858656
1790387402.1759498,12.484032980864868
1790387402.1941757,27.44276900193654
1790387402.2047493,17.105348000768572
1790387402.2183027,26.428606011904776
1790387402.2189984,22.945697011891752
1790387402.2205076,12.557300011394545
1790387402.220593,17.27164100157097
1790387402.2208815,11.964486999204382
1790387402.221601,2.465452009346336
1790387402.2626486,18.96526201744564
1790387402.2676976,17.196506989421323
1790387402.271709,19.479896989651024
1790387402.2717838,28.801899985410273
1790387402.2723517,19.457453017821535
1790387402.2733936,3.159173997119069
1790387402.2737007,2.1463969897013158
1790387402.2771761,1.4773090078961104
1790387402.2870822,2.432472014334053
1790387402.3139124,2.0504029816947877
1790387402.3220286,1.8175030127167702
1790387402.3761082,2.586791990324855
1790387402.3767407,1.8827370076905936
1790387402.4000554,2.259457018226385
1790387402.4006028,1.5239979838952422
1790387402.404518,1.5206150128506124
1790387402.4247766,1.8830370099749416
1790387402.4266112,1.821515994379297
1790387402.4342782,1.6635700012557209
1790387402.4356525,1.3630260073114187
1790387402.4392693,1.782743027433753
1790387402.493197,41.90915200160816
1790387402.502001,44.02404997381382
1790387402.502468,35.59414600022137
1790387402.502565,42.38069799612276
1790387402.5032773,34.172015002695844
1790387402.5033646,46.75156300072558
1790387402.503663,18.86268999078311
1790387402.531133,1.8719389918260276
1790387402.570481,16.54604700161144
1790387402.57083,23.0854410037864
1790387402.570906,25.805609009694308
1790387402.5811048,2.032363001490012
1790387402.6080372,13.958865980384871
1790387402.6081877,25.58555401628837
1790387402.6087916,7.713289000093937
1790387402.6237962,1.8751469906419516
1790387402.6415687,2.9547229933086783
1790387402.6422558,2.1030120260547847
1790387402.6658747,1.80051798815839
1790387402.6679955,1.2944400077685714
1790387402.725776,3.2633010123390704
1790387402.7259462,4.010624979855493
1790387402.7270496,1.890351006295532
1790387402.7763486,2.753540000412613
1790387402.7764094,2.1563199989032
1790387402.8273227,31.865508994087577
1790387402.8288195,22.883707017172128
1790387402.829252,7.1684690192341805
1790387402.8293474,35.90836198418401
1790387402.8406737,2.699445001780987
1790387402.854587,2.5311319914180785
1790387402.8731,1.823089987738058
1790387402.878557,1.5784009883645922
1790387402.883167,1.7671030072961003
1790387402.884067,1.6745689790695906
1790387402.8884606,1.610257982974872
1790387402.895848,1.9354780088178813
1790387402.9227068,23.872966005001217
1790387402.9279668,17.04277700628154
1790387402.949123,23.85352400597185
1790387402.9502273,33.13464598613791
1790387402.9505813,10.161540005356073
1790387402.9506538,24.81495702522807
1790387402.950724,7.056679984088987
1790387402.950811,22.574310016352683
1790387402.9514256,3.8100169913377613
1790387402.9584873,1.7493330233264714
1790387402.9888923,22.858751006424427
1790387402.9931958,27.951687021413818
1790387402.9939008,2.188452985137701
1790387403.0184433,12.363749992800876
1790387403.0283916,21.718000003602356
1790387403.047761,51.048260007519275
1790387403.0481153,31.522308010607958
1790387403.0490208,40.57292698416859
1790387403.0493073,19.866608985466883
1790387403.0503428,7.472728990251198
1790387403.0504346,15.667506988393143
1790387403.05053,6.086576002417132
1790387403.0740392,18.524824001360685
1790387403.0895886,37.958208995405585
1790387403.107129,40.8324490126688
1790387403.1176188,35.94487998634577
1790387403.1198864,15.315295022446662
1790387403.1201396,28.32251397194341
1790387403.1204362,8.405533008044586
1790387403.1272762,2.319977997103706
1790387403.127352,2.32936700922437
1790387403.1418302,1.6272230132017285
1790387403.1456218,1.8485760083422065
1790387403.1520424,1.6610299935564399
1790387403.16881,1.6770669899415225
1790387403.174618,1.6593080072198063
1790387403.180594,1.716595987090841
1790387403.1995597,2.008562005357817
1790387403.1999867,1.5596529992762953
1790387403.209024,1.847493986133486
1790387403.2095385,1.3232539931777865
1790387403.2271829,1.6660289838910103
1790387403.252247,23.656213015783578
1790387403.2564967,1.6534810129087418
1790387403.2885387,1.7569079936947674
1790387403.3177462,2.455356006976217
1790387403.3261783,2.223371993750334
1790387403.3615375,26.477342005819082
1790387403.3625703,11.42004001303576
1790387403.3627102,2.9025950061623007
1790387403.3627858,7.716492982581258
1790387403.3884587,1.7187210032716393
1790387403.3923302,1.492973999120295
1790387403.3928642,1.3376450224313885
1790387403.4069335,1.801914011593908
1790387403.4302094,1.713806006591767
1790387403.4651625,2.0683869952335954
1790387403.4770038,1.7970759945455939
1790387403.4916604,1.7144010053016245
1790387403.5032518,1.601076015504077
1790387403.5132654,1.8948470242321491
1790387403.5228565,1.752854004735127
1790387403.5284631,1.9816709973383695
1790387403.5459847,3.289991000201553
1790387403.546107,3.8707150088157505
1790387403.5471642,1.5946170024108142
1790387403.5480366,1.670336991082877
1790387403.5717888,1.7504289862699807
1790387403.5954502,23.02494298783131
1790387403.5960746,22.37921502091922
1790387403.596144,17.43000399437733
1790387403.5993118,1.2153350107837468
1790387403.6173093,1.9041769846808165
1790387403.642907,23.440985998604447
1790387403.6430197,7.23761398694478
1790387403.6431062,11.077061004471034
1790387403.656383,2.1218910114839673
1790387403.6570797,1.7731960106175393
1790387403.6953359,23.69911299319938
1790387403.6958208,24.967542005470023
1790387403.6959052,19.375062023755163
1790387403.698912,1.447226997697726
1790387403.732745,13.185149990022182
1790387403.745406,25.559089001035318
1790387403.7454836,12.244243000168353
1790387403.7469726,1.3862729829270393
1790387403.7882495,18.616759014548734
1790387403.7883904,26.4499899931252
1790387403.7884634,8.832935011014342
1790387403.7948523,2.3642700107302517
1790387403.8000884,1.9963110098615289
1790387403.8153358,2.0765759982168674
1790387403.8368237,2.111102017806843
1790387403.8427088,1.933649997226894
1790387403.8427973,2.676713018445298
1790387403.8645008,1.8886250036302954
1790387403.865845,1.2550469837151468
1790387403.8710406,1.524466002592817
1790387403.8724592,1.2600430054590106
1790387403.8740187,1.4355379971675575
1790387403.8774638,1.3587260036729276
1790387403.9256883,2.4083780008368194
1790387403.9378967,1.8054810061585158
1790387403.945898,1.6817220021039248
1790387403.9471781,1.2704799883067608
1790387403.9631016,1.9270319899078459
1790387403.969509,1.8967859796248376
1790387403.993105,17.69564999267459
1790387403.9938257,22.76223400258459
1790387403.994273,15.989694016752765
1790387403.9951203,3.7814990209881216
1790387403.995223,4.354089993285015
1790387404.00059,1.6763120074756444
1790387404.0056386,2.0542609854601324
1790387404.006148,1.3050799898337573
1790387404.0077753,1.1667219805531204
1790387404.0218396,1.864428020780906
1790387404.027498,1.8020400020759553
1790387404.0391726,1.6531310102436692
1790387404.0392702,2.2704160073772073
1790387404.0536225,1.7823099915403873
1790387404.0931935,7.438044995069504
1790387404.1090486,22.480500978417695
1790387404.1092153,11.916590010514483
1790387404.1131258,1.6255929949693382
1790387404.1190681,1.4343220100272447
1790387404.1208975,1.2782420089934021
1790387404.1482177,1.9057830213569105
1790387404.148324,2.9610740020871162
1790387404.1693199,2.1200180053710938
1790387404.1769266,1.77376699866727
1790387404.1774738,1.4229390071704984
1790387404.1824512,1.2830749910790473
1790387404.2285104,1.6532439913135022
1790387404.2375205,1.5868539921939373
1790387404.24805,2.096570999128744
1790387404.254172,1.7736110021360219
1790387404.2599983,1.7924999992828816
1790387404.261276,1.2650069838855416
1790387404.269306,2.9600700072478503
1790387404.2694182,2.3171239881776273
1790387404.2969155,24.949251004727557
1790387404.2969978,5.459016014356166
1790387404.3067398,1.9030749972444028
1790387404.3082392,1.4842099917586893
1790387404.3172572,1.6522909863851964
1790387404.318857,1.1948029859922826
1790387404.323791,1.40175802516751
1790387404.338455,1.6491560090798885
1790387404.3485303,1.4445990091189742
1790387404.3552046,1.474404998589307
1790387404.375029,1.9266029994469136
1790387404.3768668,1.3413080014288425
1790387404.3860486,1.8155539873987436
1790387404.3918574,1.5385010046884418
1790387404.3941617,1.7547550087329
1790387404.4064045,2.371276990743354
1790387404.406958,1.3994760229252279
1790387404.4264312,2.195659006247297
1790387404.4265168,3.2552459742873907
1790387404.445782,1.9641969993244857
1790387404.452569,2.000891981879249
1790387404.4770024,23.789614002453163
1790387404.477103,25.934331002645195
1790387404.4955332,1.792636001482606
1790387404.495618,2.4865760060492903
1790387404.4993796,1.6641539987176657
1790387404.5078688,1.4697420119773597
1790387404.5112448,1.652706996537745
1790387404.514649,2.0283960038796067
1790387404.515664,1.9585159898269922
1790387404.5161448,1.2174680014140904
1790387404.5293994,1.6230219916906208
1790387404.5624826,19.490525010041893
1790387404.5625708,23.124258004827425
1790387404.5774775,1.7142629949375987
1790387404.6096852,2.453402994433418
1790387404.6100042,1.5885300235822797
1790387404.6157048,1.4172520022839308
1790387404.6194546,1.4790529967285693
1790387404.6317565,2.1094660041853786
1790387404.6430545,1.8257400079164654
1790387404.6664925,1.9068239780608565
1790387404.6712594,1.47189199924469
1790387404.6787117,1.9150340231135488
1790387404.6856177,1.4814680034760386
1790387404.6966054,1.6860610048752278
1790387404.701443,1.6480879858136177
1790387404.726389,1.745670015225187
1790387404.7300053,1.559336989885196
1790387404.7538202,1.8014090019278228
1790387404.7648594,3.393940016394481
1790387404.7651966,2.389255998423323
1790387404.7656734,3.4936009906232357
1790387404.772996,2.0775019947905093
1790387404.7866201,1.791774993762374
1790387404.805149,2.8453329869080335
1790387404.8057868,2.0842009980697185
1790387404.83291,18.387121002888307
1790387404.8335106,23.064417007844895
1790387404.8541381,38.97932198015042
1790387404.856523,28.81408401299268
1790387404.8568628,30.56268801447004
1790387404.8580358,21.175271976972
1790387404.858102,24.474095000186935
1790387404.863054,18.72573999571614
1790387404.8802998,32.32245100662112
1790387404.8814554,34.05665000900626
1790387404.881619,24.659124988829717
1790387404.8821545,14.99408099334687
1790387404.8832135,8.741127006942406
1790387404.883294,7.019466982455924
1790387404.8894677,3.2253800018224865
1790387404.9010935,13.275383011205122
1790387404.9117672,22.09766799933277
1790387404.912401,23.564884992083535
1790387404.9161055,1.941727998200804
1790387404.9480855,26.253166986862198
1790387404.9485521,25.95700800884515
1790387404.949714,15.150849998462945
1790387404.9501085,7.969966012751684
1790387405.009766,65.98218399449252
1790387405.0241427,45.328107982641086
1790387405.0247521,44.02384100831114
1790387405.024845,75.86199301294982
1790387405.0402799,76.87392897787504
1790387405.0462248,38.94434400717728
1790387405.0462933,45.15420398092829
1790387405.0466955,25.021081004524603
1790387405.0471103,25.958365004044026
1790387405.0475411,14.53332501114346
1790387405.0634804,1.8886339967139065
1790387405.0775986,2.5844259944278747
1790387405.0781386,3.6766320117749274
1790387405.0782077,2.208783000241965
1790387405.0853693,2.0380630157887936
1790387405.0854466,2.595691999886185
1790387405.0917828,1.6060769848991185
1790387405.1172216,1.7507430166006088
1790387405.1432323,22.753419005312026
1790387405.143341,8.244095981353894
1790387405.2270594,1.7329090042039752
1790387405.240971,2.1086590131744742
1790387405.241844,1.2697420024778694
1790387405.2745068,1.9407090148888528
1790387405.2807584,2.05942100728862
1790387405.2812877,1.7632219824008644
1790387405.287167,1.5882370062172413
1790387405.2889664,1.1925619910471141
1790387405.29328,1.389581011608243
1790387405.2974734,1.2994860007893294
1790387405.3090599,1.9201530085410923
1790387405.3111265,1.437594008166343
1790387405.3216467,1.605960016604513
1790387405.3285909,1.6002820048015565
1790387405.3503854,2.0582079887390137
1790387405.3532214,1.2629389821086079
1790387405.3862026,18.400928005576134
1790387405.3873749,27.519295021193102
1790387405.3877056,12.611787999048829
1790387405.3877683,14.696661004563794
1790387405.425807,1.7574620142113417
1790387405.448634,17.160052026156336
1790387405.4544842,18.094966013450176
1790387405.4551187,24.148033990059048
1790387405.4556162,11.916477989871055
1790387405.4557002,17.007607995765284
1790387405.4736536,1.5880540013313293
1790387405.481735,2.0043060067109764
1790387405.4855123,2.011763019254431
1790387405.5030947,1.8876559915952384
1790387405.5238123,1.6707649920135736
1790387405.5471911,2.3413129965774715
1790387405.5505688,1.302553981076926
1790387405.551911,1.1070469918195158
1790387405.5534527,1.108511001802981
1790387405.5796494,24.03711501392536
1790387405.5832577,1.683349022641778
1790387405.6011004,1.980696019018069
1790387405.6280503,12.731389986583963
1790387405.628154,28.11104099964723
1790387405.659814,25.683931016828865
1790387405.6598964,15.19776598433964
1790387405.6691766,1.603454991709441
1790387405.6724582,1.3687130121979862
1790387405.679144,1.3596070057246834
1790387405.6833127,1.5926180058158934
1790387405.742015,24.410145997535437
1790387405.7421072,23.413081013131887
1790387405.7425807,24.872331006918103
1790387405.7426476,21.23374299844727
1790387405.7435436,10.651206015609205
1790387405.7436383,3.6813629849348217
1790387405.754919,1.5932729875203222
1790387405.832412,67.42744299117476
1790387405.8331587,42.79449800378643
1790387405.833813,36.28008998930454
1790387405.83392,69.62894098251127
1790387405.834034,48.48020401550457
1790387405.8567445,2.6551579940132797
1790387405.865509,2.3542979906778783
1790387405.8712392,1.8951809906866401
1790387405.8757856,1.9444699864834547
1790387405.8885171,1.7764010117389262
1790387405.9178832,1.7702989862300456
1790387405.9298122,1.9813950057141483
1790387405.933268,1.737854996463284
1790387405.946011,2.009651012485847
1790387405.9516478,2.102404978359118
1790387405.9756985,1.7538739775773138
1790387405.9869046,2.4069429782684892
1790387405.9904242,1.6498150071129203
1790387406.0008442,1.943108014529571
1790387406.008567,1.444317022105679
1790387406.026656,2.530670986743644
1790387406.0270092,2.340240986086428
1790387406.0376265,2.612601005239412
1790387406.03769,2.14939599391073
1790387406.0603452,2.5691399932838976
1790387406.0613596,2.0552630012389272
1790387406.0912113,26.143350987695158
1790387406.091282,22.432161000324413
1790387406.1137514,1.8290060106664896
1790387406.1368523,2.405011997325346
1790387406.181751,2.601929008960724
1790387406.181831,3.5544679849408567
1790387406.202857,2.05867100157775
1790387406.2301188,25.082388980081305
1790387406.2302911,26.05210299952887
1790387406.2314284,2.7106929919682443
1790387406.2463586,2.4130759993568063
1790387406.2882817,2.442665019771084
1790387406.2946846,3.2337850134354085
1790387406.2947793,2.666935994056985
1790387406.3125985,2.073351002763957
1790387406.3325553,2.4464419984724373
1790387406.3696024,38.36788798798807
1790387406.3761585,27.643624984193593
1790387406.3892493,32.274861994665116
1790387406.3898337,16.019227012293413
1790387406.389897,16.791558009572327
1790387406.4087105,1.699042011750862
1790387406.4132745,1.4242980105336756
1790387406.4176357,1.62740598898381
1790387406.4315934,1.7910190217662603
1790387406.4427993,1.6223840066231787
1790387406.445299,1.3201080146245658
1790387406.456275,1.6308060148730874
1790387406.4665794,1.695749000646174
1790387406.4783385,1.5730149752926081
1790387406.515793,2.451455016853288
1790387406.5230503,1.9147639977745712
1790387406.5328274,1.6940649948082864
1790387406.5344748,1.3030169939156622
1790387406.5539918,1.737302023684606
1790387406.5559473,1.317845017183572
1790387406.5694697,2.065116015728563
1790387406.579648,1.6026720113586634
1790387406.5874295,1.8733250035438687
1790387406.5989351,2.0669500227086246
1790387406.5990195,2.7082969900220633
1790387406.620529,2.0806520187761635
1790387406.641118,2.2332520165946335
1790387406.646708,1.586010999744758
1790387406.6553364,1.6808260115794837
1790387406.669618,1.799513993319124
1790387406.6985033,15.627504006261006
1790387406.6986136,27.047381998272613
1790387406.7071488,1.8435289966873825
1790387406.7221217,1.781386003131047
1790387406.732349,2.7640519838314503
1790387406.7324522,3.5914810141548514
1790387406.779987,41.31551299360581
1790387406.812045,55.78117701224983
1790387406.8130167,65.73374100844376
1790387406.814216,57.075618009548634
1790387406.8143737,10.661527019692585
1790387406.8187623,1.814238989027217
1790387406.824293,2.0588379993569106
1790387406.8243847,2.8807389899156988
1790387406.8524504,14.24388398299925
1790387406.8528607,17.513106984551996
1790387406.853246,28.023082006257027
1790387406.8533103,12.92458499665372
1790387406.8633857,1.7663660109974444
1790387406.872973,1.7447109858039767
1790387406.8851616,1.6890510160010308
1790387406.9020588,1.6915349988266826
1790387406.9494607,41.07140001724474
1790387406.9613242,36.73298901412636
1790387406.9620676,2.7781190001405776
1790387406.9621406,24.75809698808007
1790387406.9944804,2.13240398443304
1790387406.9962265,1.730807009153068
1790387406.9995098,1.268146006623283
1790387407.0019774,1.1453019978944212
1790387407.0047169,2.5741480058059096
1790387407.0048542,2.2314410016406327
1790387407.0057425,2.2101220092736185
1790387407.0111487,1.9523139926604927
1790387407.0154395,1.3843780034221709
1790387407.0172067,1.163601002190262
1790387407.026414,1.6739419952500612
1790387407.0360796,1.530451001599431
1790387407.0515866,2.429573010886088
1790387407.0526316,1.909812999656424
1790387407.0736868,2.129108994267881
1790387407.0846488,2.2125990071799606
1790387407.0849652,1.8174790020566434
1790387407.089302,1.6663379792589694
1790387407.1088693,2.0237739954609424
1790387407.142479,1.9887980015482754
1790387407.146637,1.6690930060576648
1790387407.1497593,1.9776490225922316
1790387407.1578639,1.7444640106987208
1790387407.1600623,1.5445300086867064
1790387407.1935747,1.8197620229329914
1790387407.2104833,2.0650720107369125
1790387407.2125328,1.476340985391289
1790387407.245615,2.104081999277696
1790387407.2476742,1.4006169803906232
1790387407.2532542,1.6533279849682003
1790387407.2597187,1.5446770121343434
1790387407.2642982,1.6060239868238568
1790387407.2755828,2.020098007051274
1790387407.3189032,44.657657999778166
1790387407.3238037,42.85317400353961
1790387407.3244407,46.719947014935315
1790387407.3253613,37.50036997371353
1790387407.3257856,19.790365011431277
1790387407.3264835,17.131970991613343
1790387407.3266234,28.668282000580803
1790387407.326911,15.211185993393883
1790387407.355724,2.1170869877096266
1790387407.3628488,1.7457869835197926
1790387407.4003308,29.617696010973305
1790387407.4007273,22.413184022298083
1790387407.4010959,22.127003991045058
1790387407.401807,24.173664016416296
1790387407.4018738,29.516184993553907
1790387407.4022791,4.66844200855121
1790387407.4023488,4.024636000394821
1790387407.402408,14.82951600337401
1790387407.437118,1.68372000916861
1790387407.4931788,46.07626600773074
1790387407.5141985,45.694194006500766
1790387407.5253825,57.470600004307926
1790387407.540114,37.462192005477846
1790387407.5406487,87.28075699764304
1790387407.5410602,38.99072401691228
1790387407.5414426,7.917126989923418
1790387407.546776,1.5229189884848893
1790387407.5892522,38.80214598029852
1790387407.5947866,28.63482097745873
1790387407.5993958,25.93552300822921
1790387407.6000578,36.319942999398336
1790387407.6001594,12.28055398678407
1790387407.602265,1.3905749947298318
1790387407.654642,2.016632992308587
1790387407.6622462,7.588623993797228
1790387407.6728396,12.829557002987713
1790387407.677505,4.651661001844332
1790387407.6776361,22.280102013610303
1790387407.678862,1.1755469895433635
1790387407.6804276,1.4634430117439479
1790387407.6837175,1.2544520141091198
1790387407.713455,12.128008995205164
1790387407.7226045,20.74454299872741
1790387407.722906,10.339900996768847
1790387407.7232046,4.231424973113462
1790387407.7295141,1.3820870080962777
1790387407.7364843,1.4128200127743185
1790387407.739033,1.5212799771688879
1790387407.7606776,2.1746240090578794
1790387407.7873182,6.038880004780367
1790387407.7874105,26.253555988660082
1790387407.8062868,2.1516060223802924
1790387407.821715,2.4892929941415787
1790387407.8324516,6.804526987252757
1790387407.846362,21.42200799426064
1790387407.8519816,2.2713449725415558
1790387407.877014,2.258377004181966
1790387407.886048,2.086339023662731
1790387407.923574,18.18821401684545
1790387407.957807,50.04596398794092
1790387407.9678156,67.14475600165315
1790387407.9682076,59.5628309820313
1790387407.9693058,59.96075598523021
1790387407.9699533,58.73049201909453
1790387407.9700346,57.577950006816536
1790387407.994292,55.99640400032513
1790387407.9949822,69.12409700453281
1790387407.995903,52.237507014069706
1790387407.9968858,39.95840699644759
1790387407.9969728,41.06290001072921
1790387407.9972463,17.873563978355378
1790387408.005438,1.7619590216781944
1790387408.0144615,2.134085982106626
1790387408.0479248,12.815624009817839
1790387408.048855,22.94957998674363
1790387408.0697951,44.66662500635721
1790387408.0698972,29.590014019049704
1790387408.0961595,25.222844997188076
1790387408.096307,15.299376973416656
1790387408.09644,19.05221800552681
1790387408.0967433,2.36568198306486
1790387408.099345,1.2420080020092428
1790387408.1123037,1.8362390110269189
1790387408.1185093,1.3766000047326088
1790387408.128827,1.5587089874316007
1790387408.1549926,2.298600011272356
1790387408.1640553,1.5637920005246997
1790387408.1837232,1.7766389937605709
1790387408.190527,2.3437539930455387
1790387408.224225,22.540862002642825
1790387408.2255454,5.595463007921353
1790387408.225639,4.9576699966564775
1790387408.2299848,1.8714729812927544
1790387408.230585,1.643219991819933
1790387408.246625,2.0235519914422184
1790387408.2924943,22.63377999770455
1790387408.293593,17.429765983251855
1790387408.2937074,13.851399009581655
1790387408.2937758,24.70933401491493
1790387408.2949836,14.351196005009115
1790387408.2953024,7.9739159846212715
1790387408.2953718,6.237617984879762
1790387408.3233569,1.6581809904891998
1790387408.3493724,22.304169018752873
1790387408.3494592,5.682818999048322
1790387408.3526149,1.502864994108677
1790387408.3672502,1.8490939983166754
1790387408.3690126,1.2467140040826052
1790387408.3874335,2.3216319968923926
1790387408.3882754,1.256180985365063
1790387408.4084558,1.6591949970461428
1790387408.4116986,1.805227977456525
1790387408.4311574,2.3479670053347945
1790387408.4366827,2.4157190055120736
1790387408.459337,1.5482140006497502
1790387408.518635,45.10751599445939
1790387408.5198076,39.75680100847967
1790387408.5199907,44.46221500984393
1790387408.5204923,23.13638900523074
1790387408.5218077,16.949999990174547
1790387408.5219302,6.282347982050851
1790387408.522021,12.160398007836193
1790387408.5296197,1.6210030007641762
1790387408.5326214,1.698554988251999
1790387408.5515854,2.484420983819291
1790387408.5551002,1.6195430071093142
1790387408.5618887,2.4103829928208143
1790387408.5627744,1.6713070217519999
1790387408.5744083,1.7583160079084337
1790387408.6062937,25.40629598661326
1790387408.607543,13.721266994252801
1790387408.6076388,18.311585998162627
1790387408.6181688,1.6963719972409308
1790387408.6493292,1.7899569938890636
1790387408.6609325,1.8854289955925196
1790387408.6772916,2.052716998150572
1790387408.7241998,22.369643993442878
1790387408.7274506,26.13943800679408
1790387408.7276773,18.006967002293095
1790387408.7280755,2.860101987607777
1790387408.7281623,7.470540993381292
1790387408.7524662,2.45928400545381
1790387408.7779856,16.773715993622318
1790387408.78393,18.916163011454046
1790387408.784068,7.904230005806312
1790387408.784156,23.793705011485144
1790387408.7900043,1.8301749951206148
1790387408.832007,1.750450988765806
1790387408.848796,1.690368982963264
1790387408.8904076,2.0912830077577382
1790387408.8938627,1.4695290010422468
1790387408.8997946,1.7201660084538162
1790387408.9042547,1.9997409835923463
1790387408.9086714,1.7355390009470284
1790387408.9360087,19.79140000184998
1790387408.9361186,26.238933991407976
1790387408.9371397,10.302706999937072
1790387408.937875,10.330298013286665
1790387408.9379873,9.544333996018395
1790387408.9380848,7.2374860174022615
1790387408.9593408,2.0427599956747144
1790387408.9675999,1.908543985337019
1790387408.9768481,1.7962149868253618
1790387408.9867113,1.926809985889122
1790387408.9933946,1.504696992924437
1790387408.999124,1.6751460207160562
1790387409.0033646,1.7913529882207513
1790387409.0056598,1.672057987889275
1790387409.0084405,1.4727390080224723
1790387409.0096135,1.1642279860097915
1790387409.0260522,2.0392149745021015
1790387409.0261102,1067.802211997332
1790387409.067995,9.598109987564385
1790387409.0687864,7.146649993956089
1790387409.068876,26.998675981303677
1790387409.073719,1.6068070253822953
1790387409.0889342,1.6152840107679367
1790387409.1462111,2.020657993853092
1790387409.1882594,1.8288590072188526
1790387409.1965475,1.9840360037051141
1790387409.2017927,1.529669010778889
1790387409.2108483,2.132064022589475
1790387409.2184727,1.7110299959313124
1790387409.2296906,1.5128100058063865
1790387409.2389693,1.630322018172592
1790387409.258901,1.5169729886110872
1790387409.2770355,2.1933329990133643
1790387409.2833035,3.4248690062668175
1790387409.2855303,4.421800986165181
1790387409.2857137,3.4598019847180694
1790387409.2859008,3.2806129893288016
1790387409.2864943,2.5390679948031902
1790387409.298885,1.5992590051610023
1790387409.329625,25.859591987682506
1790387409.3297398,27.331641991622746
1790387409.3298786,12.479355005780235
1790387409.3299487,18.3512210205663
1790387409.3407662,4.224061005515978
1790387409.3413785,4.23147898982279
1790387409.3414888,2.5417339929845184
1790387409.341612,3.3807569998316467
1790387409.3453345,1.8321799871046096
1790387409.3561327,2.018239989411086
1790387409.3644636,2.8009280213154852
1790387409.364522,2.308462018845603
1790387409.3832753,1.7817679909057915
1790387409.3885174,1.968031981959939
1790387409.3941169,1.6988510033115745
1790387409.4167686,1.871666987426579
1790387409.4239814,1.7721510084811598
1790387409.4353747,2.0262209873180836
1790387409.4378564,1.4679240121040493
1790387409.4409053,1.4229439839255065
1790387409.4511924,1.9795240077655762
1790387409.4560523,1.587235979968682
1790387409.4947093,18.340169015573338
1790387409.4952722,2.3822649964131415
1790387409.495432,27.200184005778283
1790387409.5055172,1.9972260051872581
1790387409.55134,1.667384000029415
1790387409.600429,35.37835201132111
1790387409.6005092,38.82543501094915
1790387409.6108747,51.576004014350474
1790387409.63634,84.56555000157095
1790387409.6490386,84.53524200012907
1790387409.6491225,81.2175490136724
1790387409.650035,71.13986200420186
1790387409.6510077,67.43554302374832
1790387409.6512911,63.57483399915509
1790387409.6531231,61.90394898294471
1790387409.653408,61.553695995826274
1790387409.6537094,5.907889018999413
1790387409.6537921,10.20263900863938
1790387409.6538649,49.30595401674509
1790387409.6670866,1.9130029832012951
1790387409.6687052,1.3623939885292202
1790387409.6766934,1.862737990450114
1790387409.6927807,2.035545010585338
1790387409.7003336,1.8948539800476283
1790387409.708659,1.8760789826046675
1790387409.727359,1.8176409939769655
1790387409.731101,1.5466799959540367
1790387409.7545533,22.038096009055153
1790387409.7931361,12.42550800088793
1790387409.7932587,29.979288985487074
1790387409.7933707,26.070899999467656
1790387409.8084042,1.932977989781648
1790387409.844551,1.8891950021497905
1790387409.893624,1.8045500037260354
1790387409.89614,1.5174400177784264
1790387409.9253302,26.817276986548677
1790387409.9254158,17.69045999390073
1790387409.925883,3.034457011381164
1790387409.9262137,2.0667600037995726
1790387409.9345405,1.3569039874710143
1790387409.9477313,3.930423001293093
1790387409.9478228,3.4252890036441386
1790387409.9819567,23.6344349978026
1790387409.9820793,13.335786992684007
1790387409.9821796,29.91491198190488
1790387409.98426,1.5048449859023094
1790387409.987491,1.9199610105715692
1790387409.9896562,1.4987099857535213
1790387409.9914794,1.7049149901140481
1790387410.0020862,1.9387219799682498
1790387410.0097723,1.6552259912714362
1790387410.0154243,1.7097789968829602
1790387410.0315437,1.8649990088306367
1790387410.0455472,1.894450979307294
1790387410.0476997,1.4006040000822395
1790387410.079937,26.157582993619144
1790387410.0801892,7.786010013660416
1790387410.0803127,2.6605460152495652
1790387410.1206727,1.8652069848030806
1790387410.1505404,26.047696999739856
1790387410.167901,36.54799101059325
1790387410.1701436,46.710169990547
1790387410.1708646,23.362879001069814
1790387410.171389,45.89719499927014
1790387410.171534,17.792594007914886
1790387410.1722474,5.089591984869912
1790387410.1725097,4.493924992857501
1790387410.1860406,1.837862015236169
1790387410.2003465,1.6611519968137145
1790387410.2238367,18.4747269959189
1790387410.2302096,23.9820429997053
1790387410.230286,15.61567300814204
1790387410.2415445,1.6679159889463335
1790387410.250737,2.0788479887414724
1790387410.2531013,1.3527259870897979
1790387410.256545,1.3750159996561706
1790387410.264615,2.7285520045552403
1790387410.2790852,1.758857979439199
1790387410.2848313,2.4224339867942035
1790387410.3341362,22.012967005139217
1790387410.339008,27.896964980755
1790387410.3392086,12.30131002375856
1790387410.3397112,19.27330400212668
1790387410.3397954,6.4639089978300035
1790387410.357469,1.8110859964508563
1790387410.3626962,1.769135007634759
1790387410.3950653,2.0570229971781373
1790387410.3951478,2.667459979420528
1790387410.4037588,1.7430029984097928
1790387410.4061296,1.923014991916716
1790387410.4304185,22.343855001963675
1790387410.4557965,24.447464005788788
1790387410.456409,8.777374983765185
1790387410.4567192,26.018899981863797
1790387410.457472,7.9010610061232
1790387410.458316,4.260626999894157
1790387410.4592965,1.4282249903772026
1790387410.4618254,1.7257720173802227
1790387410.4623153,1.234318973729387
1790387410.46392,1.1714860156644136
1790387410.4662285,1.4400510117411613
1790387410.4726253,1.4015939959790558
1790387410.4800596,1.277477975236252
1790387410.4852052,1.7324739892501384
1790387410.4932446,1.7604039749130607
1790387410.5053096,1.647775003220886
1790387410.5719247,47.08147299243137
1790387410.5815275,25.21107200300321
1790387410.5826375,14.632842998253182
1790387410.5827575,44.17065400048159
1790387410.5828333,23.67974497610703
1790387410.5865855,1.9077059987466782
1790387410.6108775,2.106997009832412
1790387410.6185465,1.658192981267348
1790387410.629492,1.6571760061196983
1790387410.635655,1015.8359140041284
1790387410.6360555,1033.410082978662
1790387410.6408455,2.409362990874797
1790387410.6410234,3.470822994131595
1790387410.641107,4.095266980584711
1790387410.6442823,1.2419359991326928
1790387410.6483185,2.538946020649746
1790387410.648398,3.2093320041894913
1790387410.7107124,27.426804997958243
1790387410.7109005,23.39486000710167
1790387410.7281227,1096.5974389982875
1790387410.7495368,1102.3578489839565
1790387410.7497945,1125.4360479942989
1790387410.7503996,23.771531006786972
1790387410.7504907,48.31826899317093
1790387410.7506652,9.252654999727383
1790387410.8124132,70.40902701555751
1790387410.843636,84.18211198295467
1790387410.853544,96.19058298994787
1790387410.8539855,86.85717399930581
1790387410.8545163,93.76786000211723
1790387410.8546338,83.9161490148399
1790387410.8548748,80.95284100272693
1790387410.8555367,75.55480499286205
1790387410.855862,77.93300799676217
1790387410.8561096,54.66199398506433
1790387410.8563278,3.6974429967813194
1790387410.8816998,20.04563299124129
1790387410.882296,22.706894989823923
1790387410.8834462,18.711242999415845
1790387410.8835387,5.063157994300127
1790387410.9066107,23.623594985110685
1790387410.9066908,9.14152798941359
1790387410.9376097,2.152058994397521
1790387410.943124,1.8376400112174451
1790387410.947694,2.1366059954743832
1790387410.9483776,1.7235339910257608
1790387410.9537075,1.8284260004293174
1790387411.0121574,28.05310199619271
1790387411.028527,46.61798302549869
1790387411.0342667,40.56126001523808
1790387411.0349064,18.052449013339356
1790387411.0349712,11.76354000926949
1790387411.0406456,2.3172840010374784
1790387411.057158,2.72745598340407
1790387411.0581527,2.110320987412706
1790387411.0582085,2.8351359942462295
1790387411.0675454,2.0306780061218888
1790387411.0684776,1.6809020016808063
1790387411.0926464,1.668447017436847
1790387411.1318042,1.7552000063005835
1790387411.1418633,1.4915729989297688
1790387411.1422496,1.2136879959143698
1790387411.1533194,1.6107560077216476
1790387411.157091,1.3665510050486773
1790387411.1775746,2.5798009883146733
1790387411.178567,2.0407820120453835
1790387411.1887827,1.6623290139250457
1790387411.19216,2.347689005546272
1790387411.193113,1.4576030080206692
1790387411.220897,1.9169040024280548
1790387411.2421525,2.0288429805077612
1790387411.2690234,2.3768770042806864
1790387411.2703452,1.4189509965945035
1790387411.286725,2.0544060098472983
1790387411.2879064,1.1703289928846061
1790387411.2972667,1.3696899986825883
1790387411.3060484,1.8525670166127384
1790387411.326949,2.5514430017210543
1790387411.3276255,1.9703800207935274
1790387411.3298712,1.6056740132626146
1790387411.3399906,1.6900929913390428
1790387411.3674374,18.54206799180247
1790387411.3752186,25.491763022728264
1790387411.3753145,30.295926990220323
1790387411.3756251,23.57931199367158
1790387411.3765786,25.10192498448305
1790387411.3779845,20.9893659921363
1790387411.3784268,24.45321300183423
1790387411.3784778,20.770229020854458
1790387411.3793497,1.34990198421292
1790387411.4004378,1.7124910082202405
1790387411.4183178,1.853202993515879
1790387411.4429042,2.215291984612122
1790387411.4546826,2.8664270066656172
1790387411.455747,1.682820002315566
1790387411.4603508,1.4305479999165982
1790387411.4790356,16.629037010716274
1790387411.4842424,22.34493099967949
1790387411.48435,8.764792000874877
1790387411.4849937,3.9815019990783185
1790387411.4904935,2.4081050069071352
1790387411.4905736,3.1641910027246922
1790387411.522297,20.441242988454178
1790387411.5378268,2.2718760010320693
1790387411.5386794,1.6205460124183446
1790387411.5811853,13.383796002017334
1790387411.58134,11.41463901149109
1790387411.5814493,26.96289200684987
1790387411.6257288,1.7611680086702108
1790387411.637441,1.6508629778400064
1790387411.6444604,1.5872439835220575
1790387411.6473434,1.3288639893289655
1790387411.650538,1.1858719808515161
1790387411.6745903,17.321349994745106
1790387411.674979,18.247265979880467
1790387411.6750445,26.128954981686547
1790387411.6770823,1.9178390211891383
1790387411.6789854,1.234171009855345
1790387411.6821632,1.452464988688007
1790387411.7108283,1.84677800280042
1790387411.7289398,1.7799689958337694
1790387411.7546003,1.6772290109656751
1790387411.7865891,29.419806000078097
1790387411.7868059,14.531985012581572
1790387411.7869196,29.205887985881418
1790387411.790459,1.988853997318074
1790387411.7917397,2.265049988636747
1790387411.7980144,2.6010489964392036
1790387411.8089447,3.820005018496886
1790387411.8090477,4.027023998787627
1790387411.8115835,1.9839919987134635
1790387411.812055,1.7088460153900087
1790387411.8257325,1019.458871014649
1790387411.8268037,1007.0009740011301
1790387411.8268657,1016.358572000172
1790387411.8425548,1.651845988817513
1790387411.8565805,1.7312910058535635
1790387411.8605807,1.4594469976145774
1790387411.889634,2.039056009380147
1790387411.9328914,12.747748987749219
1790387411.9329693,1101.6875969944522
1790387411.9362965,1.7620330036152154
1790387411.9368343,1.5989079838618636
1790387411.9430172,2.2346549958456308
1790387411.943515,1.8176949815824628
1790387411.948768,1.5778979868628085
1790387412.0672414,1.81722900015302
1790387412.0719457,2.0479469967540354
1790387412.0781167,1.93634899915196
1790387412.0834017,1.6177720099221915
1790387412.1035087,1.6811779933050275
1790387412.11723,1.7067489970941097
1790387412.119638,1.6087859985418618
1790387412.121845,1.7343549989163876
1790387412.1481783,1.870208012405783
1790387412.1818693,2.9243440076243132
1790387412.1819336,2.0596329995896667
1790387412.184163,1.3589669833891094
1790387412.2037485,1.7875750199891627
1790387412.2107587,1.896100991871208
1790387412.2471733,22.59569999296218
1790387412.2506638,17.500179004855454
1790387412.2507467,6.108494999352843
1790387412.2517521,27.86289801588282
1790387412.2518265,5.309113999828696
1790387412.2893245,38.114710012450814
1790387412.2965324,26.392632978968322
1790387412.2969434,31.81336200213991
1790387412.2973495,11.326710984576494
1790387412.2974296,32.90998699958436
1790387412.340444,46.31259001325816
1790387412.3410118,14.462587016168982
1790387412.3412485,33.13798599992879
1790387412.3581357,12.155001983046532
1790387412.3666015,20.72014199802652
1790387412.3669105,27.26305299438536
1790387412.3671777,4.169366991845891
1790387412.3689315,1.1684619821608067
1790387412.3784924,1.8065699841827154
1790387412.3853173,1.6037979803513736
1790387412.3891642,1.455149002140388
1790387412.4140258,1.7353270086459816
1790387412.451091,2.1374700008891523
1790387412.4542265,1.7762159986887127
1790387412.4635668,1.8094690167345107
1790387412.4904892,1.6482409846503288
1790387412.5187404,1.6223410202655941
1790387412.540813,21.492395986570045
1790387412.5550637,1.8069880024995655
1790387412.558998,1.6805880004540086
1790387412.5988805,1.5073519898578525
1790387412.6020808,2.605873014545068
1790387412.6031163,2.7700139908120036
1790387412.6032066,1.895704015623778
1790387412.6096728,1.8626709934324026
1790387412.6097689,1.4733959978912026
1790387412.6374786,1.5306560089811683
1790387412.7022767,44.499099982203916
1790387412.7196658,9.806918009417132
1790387412.7197669,55.82834500819445
1790387412.7398412,19.87986100721173
1790387412.74006,21.954324009129778
1790387412.7410812,47.48279100749642
1790387412.741182,6.219152011908591
1790387412.7732928,27.500422002049163
1790387412.7989998,31.02296299766749
1790387412.7994013,51.57823898480274
1790387412.8201938,82.53764000255615
1790387412.8411224,71.3680769840721
1790387412.8423774,45.7489560067188
1790387412.8425474,49.09529598080553
1790387412.8484478,51.12478500814177
1790387412.8536463,39.70729099819437
1790387412.8659303,41.50283700437285
1790387412.8666005,37.86764098913409
1790387412.8674371,27.624709997326136
1790387412.867513,33.00188700086437
1790387412.873825,1.9522819784469903
1790387412.873902,2.758503978839144
1790387412.8798182,1.4719700266141444
1790387412.8885827,2.293194003868848
1790387412.9060967,1.8448159971740097
1790387412.9255981,1.9618700025603175
1790387412.9279683,1.626934012165293
1790387412.9680693,1.8655149906408042
1790387413.002632,2.2192620090208948
1790387413.0177557,2.1100390003994107
1790387413.0194976,1.3558230130001903
1790387413.033757,2.202248986577615
1790387413.0575888,2.2794149990659207
1790387413.0895429,24.428400007309392
1790387413.0897288,14.47418300085701
1790387413.090057,27.209580992348492
1790387413.0904346,5.425551993539557
1790387413.0926242,6.437995005398989
1790387413.118409,7.256609998876229
1790387413.1184871,27.20896399114281
1790387413.1188705,6.851076992461458
1790387413.1283348,2.875353005947545
1790387413.1287975,2.6760019827634096
1790387413.1288476,2.1252130100037903
1790387413.152739,1.8847280007321388
1790387413.1710243,1.9427489896770567
1790387413.2002363,24.291487003210932
1790387413.2003486,5.977588996756822
1790387413.2018085,3.0923360027372837
1790387413.2147038,1.9903680076822639
1790387413.2197707,2.4087129859253764
1790387413.2472339,23.96225300617516
1790387413.247314,14.271892985561863
1790387413.2600822,1.72900699544698
1790387413.2631655,1.4335300074890256
1790387413.2826643,4.312696983106434
1790387413.2827415,3.359624999575317
1790387413.2828043,3.8649149937555194
1790387413.2905545,1.8441690190229565
1790387413.2933474,1.4038080116733909
1790387413.367826,25.421425991225988
1790387413.3870616,52.14859198895283
1790387413.3873963,36.44865402020514
1790387413.3874786,26.33975600474514
1790387413.3881028,21.406458981800824
1790387413.3881645,25.469244021223858
1790387413.4136844,13.075541006401181
1790387413.4137664,38.57525100465864
1790387413.4211335,1.8110699893441051
1790387413.423664,1.4290209801401943
1790387413.441725,2.2627510188613087
1790387413.44484,1.4706360234413296
1790387413.4489398,1.3932790025137365
1790387413.4513166,1.489047979703173
1790387413.4625268,2.021193999098614
1790387413.4977183,31.16268099984154
1790387413.5029862,41.45403701113537
1790387413.5109737,38.90839699306525
1790387413.5113997,37.27579300175421
1790387413.511992,24.633131019072607
1790387413.5125732,20.551743014948443
1790387413.5129142,6.557449989486486
1790387413.5132046,3.7143189983908087
1790387413.51572,1.5413479995913804
1790387413.5783334,8.13051700242795
1790387413.5784547,24.417306995019317
1790387413.5792863,1.9209710007999092
1790387413.5912178,1.7792390135582536
1790387413.5935879,1.598642993485555
1790387413.5955966,1.3584440166596323
1790387413.6052856,1.4868929865770042
1790387413.6163702,1.6325119941029698
1790387413.6257446,1.6535040049348027
1790387413.6378398,1.5353930066339672
1790387413.6410663,1.3364249898586422
1790387413.6886806,39.9129239958711
1790387413.688993,47.64952600817196
1790387413.6894248,33.6261419870425
1790387413.6897178,19.487318000756204
1790387413.689798,47.78204197646119
1790387413.727698,20.081811991985887
1790387413.7283087,22.975324012804776
1790387413.7283933,14.440267987083644
1790387413.7388473,1.5650679997634143
1790387413.7438872,2.3069140152074397
1790387413.7443666,2.0533070201054215
1790387413.7712052,21.683297003619373
1790387413.771311,19.41980901756324
1790387413.7714434,28.201203007483855
1790387413.7718737,13.112094020470977
1790387413.7735658,1.6821270110085607
1790387413.7740655,1.4266840007621795
1790387413.7819507,1.9903100037481636
1790387413.8268392,2.571138000348583
1790387413.8274105,1.5968400111887604
1790387413.8297498,1.2431510258466005
1790387413.834858,1.2795680086128414
1790387413.838089,2.022945001954213
1790387413.8388712,1.5504299954045564
1790387413.8392675,1.1695259890984744
1790387413.863427,12.42875200114213
1790387413.875519,23.841014015488327
1790387413.87561,10.272454004734755
1790387413.8964567,2.000614971620962
1790387413.921478,12.96639401698485
1790387413.933232,23.682855011429638
1790387413.9333212,24.721655005123466
1790387413.940908,1.5791959885973483
1790387413.9473717,1.9491990096867085
1790387413.9651914,1.67433699243702
1790387413.9693897,1.3060500205028802
1790387413.9836028,1.7024240223690867
1790387414.0324101,1.8166919762734324
1790387414.0514376,1.7641549929976463
1790387414.0529692,1.22794701019302
1790387414.0568645,1.3912699942011386
1790387414.0861177,7.472466008039191
1790387414.0862615,7.030299020698294
1790387414.0863497,24.380189017392695
1790387414.0886698,1.6339900030288845
1790387414.0987852,1.405233982950449
1790387414.102412,1.4444150147028267
1790387414.1328647,2.552780002588406
1790387414.1334765,1.450631010811776
1790387414.1409354,1.4261040196288377
1790387414.1532009,2.1426269959192723
1790387414.1557705,1.3978620117995888
1790387414.177072,1.908250997075811
1790387414.1778522,3.222019993700087
1790387414.1878436,1.3996170018799603
1790387414.1981282,1.6152129974216223
1790387414.2040727,1.3270200288388878
1790387414.245232,24.233016010839492
1790387414.2463384,18.487099005142227
1790387414.2467241,28.84455499588512
1790387414.2468553,9.634524991270155
1790387414.2469263,16.6203859844245
1790387414.2588313,1.9819070002995431
1790387414.285562,22.41595901432447
1790387414.2858624,2.9560670081991702
1790387414.2864919,2.064614003757015
1790387414.2882655,1.1181450099684298
1790387414.2995677,1.483517000451684
1790387414.345576,1.9894609868060797
1790387414.3575542,2.971378999063745
1790387414.370616,2.3537480155937374
1790387414.380884,1.8189400143455714
1790387414.3941321,1.754608005285263
1790387414.4034839,1.5396639937534928
1790387414.414091,1.5287729911506176
1790387414.4332063,1.7074510105885565
1790387414.4361537,1.4259789895731956
1790387414.4993613,50.27004799921997
1790387414.4994757,46.94071499397978
1790387414.5007167,12.721964012598619
1790387414.5014958,9.8229699942749
1790387414.5015888,10.90513201779686
1790387414.5549464,34.26382801262662
1790387414.5551052,26.728196011390537
1790387414.5551867,14.881404000334442
1790387414.568584,1.6301959985867143
1790387414.5792222,1.565229002153501
1790387414.6045024,2.20421701669693
1790387414.6290698,1.7359039920847863
1790387414.6552477,17.192503990372643
1790387414.665986,28.380130999721587
1790387414.6765645,43.69857400888577
1790387414.6777372,32.883484003832564
1790387414.6780174,31.37158101890236
1790387414.6795433,31.580523995216936
1790387414.6802518,27.392293006414548
1790387414.6804638,24.07539598061703
1790387414.6805544,29.969641007483006
1790387414.6806643,18.662677000975236
1790387414.6812544,2.587915019830689
1790387414.6974993,2.373472001636401
1790387414.7552052,1.6912780120037496
1790387414.756554,1.3396049907896668
1790387414.7712004,1.4876870263833553
1790387414.782784,1.7755919834598899
1790387414.7853894,1.2634700105991215
1790387414.818333,2.8033569979015738
1790387414.827558,1.799750025384128
1790387414.8287683,1.2011289945803583
1790387414.8309424,1.1088550090789795
1790387414.8333201,1.5159639879129827
1790387414.833919,2.51483399188146
1790387414.8533123,1.671643985901028
1790387414.878011,21.337155980290845
1790387414.8783202,22.171565011376515
1790387414.8787425,12.760832003550604
1790387414.8995938,32.250397984171286
1790387414.8997414,31.8614520074334
1790387414.9006288,31.231308006681502
1790387414.9010937,29.747674998361617
1790387414.902056,21.074029005831107
1790387414.9021747,18.36573099717498
1790387414.902247,8.94520798465237
1790387414.9355376,1.560483011417091
1790387414.9376006,1.3690940104424953
1790387414.941014,1.1333939910400659
1790387414.9532254,1.6861290205270052
1790387414.9701326,2.3117790115065873
1790387414.9766395,2.2406539937946945
1790387414.9923723,10.163024009671062
1790387414.9942844,10.226526006590575
1790387414.996258,5.956036009592935
1790387415.0414913,34.55723897786811
1790387415.042194,44.97170401737094
1790387415.042527,26.30743899499066
1790387415.0428238,16.18142900406383
1790387415.0428877,22.654350992524996
1790387415.0696197,3.088464989559725
1790387415.0780003,1.8490449874661863
1790387415.0803068,1.1675640125758946
1790387415.0907905,1.4671219978481531
1790387415.1179538,2.307539980392903
1790387415.1520488,11.153858999023214
1790387415.1527512,8.631398988654837
1790387415.1530025,5.122271977597848
1790387415.1612222,2.606371999718249
1790387415.2136028,26.27082000253722
1790387415.2140734,23.749834013869986
1790387415.2143323,29.33559098164551
1790387415.215242,15.803084010258317
1790387415.226245,26.25304102548398
1790387415.2311661,30.464667011983693
1790387415.2319958,22.848177002742887
1790387415.2374215,26.413852989207953
1790387415.2376776,20.039544004248455
1790387415.2382748,20.15080099226907
1790387415.2385154,11.76229098928161
1790387415.2387567,4.9498660082463175
1790387415.2424564,1.5341969847213477
1790387415.261342,1.6705509915482253
1790387415.268813,3.451930999290198
1790387415.2817676,1.8197169993072748
1790387415.2850566,1.3673260109499097
1790387415.292688,1.3520719949156046
1790387415.3055837,1.89213699195534
1790387415.3197315,1.7259840096812695
1790387415.324663,2.5165689876303077
1790387415.3258436,2.1460040006786585
1790387415.3301432,2.0513019990175962
1790387415.3475041,1.884301978861913
1790387415.369936,8.624464011518285
1790387415.3703105,21.524111012695357
1790387415.3704643,5.12462601182051
1790387415.372334,1.631897990591824
1790387415.3727348,1.1095709924120456
1790387415.3840048,2.5796729896683246
1790387415.4031463,1.5098789881449193
1790387415.4396677,2.213008003309369
1790387415.4512367,1.7680160235613585
1790387415.455993,1.3542200031224638
1790387415.4723697,2.437151997582987
1790387415.4724593,3.029849991435185
1790387415.495279,1.7239619919564575
1790387415.5033956,1.5127570077311248
1790387415.5206544,2.4857169773895293
1790387415.5207183,2.683183003682643
1790387415.5332978,1.3522740046028048
1790387415.5450506,1.6833929985295981
1790387415.5618954,1.9747529877349734
1790387415.5750475,2.5321909924969077
1790387415.5762565,2.7297509950585663
1790387415.5811865,1.323746982961893
1790387415.5854874,1.412006007740274
1790387415.612828,22.515427990583703
1790387415.6247296,2.129537984728813
1790387415.659781,28.507962997537106
1790387415.7057505,38.34828600520268
1790387415.7061448,45.30231200624257
1790387415.7081838,39.60470500169322
1790387415.7087538,60.6124890036881
1790387415.7088497,31.911185011267662
1790387415.7094743,19.14590099477209
1790387415.7098467,8.463362988550216
1790387415.709937,35.37490600137971
1790387415.7403018,22.278841002844274
1790387415.740425,25.721672020154074
1790387415.7516153,1.8894340028055012
1790387415.7586308,2.073338982881978
1790387415.7864573,1.897187001304701
1790387415.7985306,2.004239009693265
1790387415.8087778,1.8317929934710264
1790387415.8419116,1.8060409929603338
1790387415.8593042,3.0782910180278122
1790387415.8691916,2.5813620013650507
1790387415.8792498,1.4744559885002673
1790387415.8953834,2.6989620237145573
1790387415.8961048,2.151446999050677
1790387415.9185038,2.4437530082650483
1790387415.9231865,2.361096005188301
1790387415.9501512,2.063832012936473
1790387415.9558609,1.6723830194678158
1790387415.9887044,2.3513860069215298
1790387415.988773,3.104622010141611
1790387416.0308568,26.929076004307717
1790387416.046189,15.473337000003085
1790387416.046517,31.517450988758355
1790387416.0466034,7.36908201361075
1790387416.0568845,1.8497650162316859
1790387416.0736666,1.4810409920755774
1790387416.0807946,1.3734269887208939
1790387416.0973704,1.7340729827992618
1790387416.1243687,1.668331999098882
1790387416.1773357,40.15072699985467
1790387416.177473,32.84898799029179
1790387416.1779447,29.63004499906674
1790387416.18213,22.564469021745026
1790387416.1874907,35.87323901592754
1790387416.202354,2.8747119940817356
1790387416.2024233,36.02850699098781
1790387416.204742,1.2282409879844636
1790387416.209985,1.1295389849692583
1790387416.2137113,1.2731929891742766
1790387416.218345,2.5410089874640107
1790387416.2345283,1.548722997540608
1790387416.241533,1.6254999791271985
1790387416.247389,2.181290998123586
1790387416.2484334,1.8799990066327155
1790387416.2692919,1.9233319908380508
1790387416.2886822,1.6580189985688776
1790387416.2899933,1.3003920030314475
1790387416.3145988,19.72692701383494
1790387416.3379138,12.667902978137136
1790387416.3384378,22.222120023798198
1790387416.3384933,2.8100680210627615
1790387416.3730006,2.8561190119944513
1790387416.4379277,2.8508630057331175
1790387416.442257,2.8511570126283914
1790387416.448058,1.3656530063599348
1790387416.45185,1.2738390068989247
1790387416.4534523,1.08082898077555
1790387416.4822288,20.166319998679683
1790387416.482886,3.437240986386314
1790387416.5121608,2.3344210057985038
1790387416.5265636,1.8042949959635735
1790387416.5540707,5.434626975329593
1790387416.5542467,21.812724007759243
1790387416.5548704,1.6246669983956963
1790387416.5568285,1.205519976792857
1790387416.5809581,17.080001009162515
1790387416.5810668,21.381803002441302
1790387416.5816693,7.58590898476541
1790387416.5886705,1.8111280223820359
1790387416.6090002,21.3838980125729
1790387416.6593382,1.6479050100315362
1790387416.664002,1.6423729830421507
1790387416.6899703,2.2205470013432205
1790387416.703192,1.537467003799975
1790387416.7089405,1.624049007659778
1790387416.7110295,1.2285000120755285
1790387416.71864,1.4634459803346545
1790387416.7420242,17.094453010940924
1790387416.742421,21.802931994898245
1790387416.7637963,36.1625789955724
1790387416.7640386,16.606966994004324
1790387416.7645626,21.729325002525
1790387416.7648106,31.151906005106866
1790387416.7648609,6.954506010515615
1790387416.7719517,1.3967670092824847
1790387416.8083992,12.61580700520426
1790387416.8168952,20.431031996849924
1790387416.816969,13.516022998373955
1790387416.8181357,11.471978010376915
1790387416.8765454,4.276623018085957
1790387416.8788123,7.900725991930813
1790387416.879083,5.4637829889543355
1790387416.8843315,1.281259988900274
1790387416.8874545,1.905745011754334
1790387416.89023,1.445708010578528
1790387416.896724,1.323851989582181
1790387416.912302,1.731891999952495
1790387416.960782,16.69240798219107
1790387416.960866,25.299953995272517
1790387416.966498,2.6069789892062545
1790387416.9939218,22.60548301273957
1790387416.9939933,15.9556950093247
1790387416.9945822,27.636423998046666
1790387417.004935,22.027790982974693
1790387417.0141544,23.945077002281323
1790387417.0178347,1.7164610035251826
1790387417.025325,2.5393280084244907
1790387417.0254025,2.0752529962919652
1790387417.080095,41.75279999617487
1790387417.0808394,6.712928996421397
1790387417.0809746,32.76988401194103
1790387417.0898755,2.5556510081514716
1790387417.0911806,2.141745004337281
1790387417.091236,2.7653819997794926
1790387417.093023,1.3189620221965015
1790387417.1052885,1.6222480044234544
1790387417.1417227,17.694056004984304
1790387417.1430206,7.49011299922131
1790387417.1432114,6.788222002796829
1790387417.1433258,24.018548981985077
1790387417.1436958,3.590524022001773
1790387417.144038,1.9488600082695484
1790387417.1454592,1.4124759763944894
1790387417.150098,1.8157629820052534
1790387417.150899,1.1675179994199425
1790387417.1615748,1.8724820110946894
1790387417.1622684,3.2360250188503414
1790387417.1665976,1.6541619843337685
1790387417.1699784,1.288505009142682
1790387417.2002985,17.993098008446395
1790387417.2007027,21.874046011362225
1790387417.2007608,6.997024989686906
1790387417.2164388,1.7293540004175156
1790387417.2273424,1.8939980072900653
1790387417.232004,1.5716720081400126
1790387417.24828,13.248934003058821
1790387417.259154,23.499206989072263
1790387417.2695909,29.52504498534836
1790387417.2696629,28.847796987975016
1790387417.2798479,27.778158022556454
1790387417.2802422,19.134478003252298
1790387417.2806363,8.065861999057233
1790387417.2807035,3.942991985240951
1790387417.3100154,16.50168199557811
1790387417.3101392,23.64354900782928
1790387417.3270059,1.7061220132745802
1790387417.350262,2.622813015477732
1790387417.3589718,1.7173910164274275
1790387417.3732193,1.6201440012082458
1790387417.3789136,1.462065993109718
1790387417.4204028,2.309706003870815
1790387417.4304621,2.0529940084088594
1790387417.455843,2.2858920274302363
1790387417.4573288,2.6702549948822707
1790387417.5208075,13.63080702139996
1790387417.5209122,23.626569018233567
1790387417.5410068,5.286038009217009
1790387417.5413537,19.490380014758557
1790387417.5588584,1.8169520189985633
1790387417.5599658,1.0980470106005669
1790387417.5870044,21.84107102220878
1790387417.5871475,6.294073013123125
1790387417.5878284,2.942591003375128
1790387417.595411,1.4219940057955682
1790387417.6052535,1.602195989107713
1790387417.616669,2.9192309884820133
1790387417.6167505,3.222416009521112
1790387417.6408956,21.97575700120069
1790387417.6410348,14.681567990919575
1790387417.64173,1.9037500023841858
1790387417.6506934,2.93730097473599
1790387417.6507633,2.503457013517618
1790387417.6642363,1.9791759841609746
1790387417.665056,1.496115990448743
1790387417.673971,2.431370987324044
1790387417.7052922,19.165178993716836
1790387417.7091613,27.03540402580984
1790387417.7094765,17.277664999710396
1790387417.709772,13.800985005218536
1790387417.7098293,12.995817989576608
1790387417.7162158,1.6204440034925938
1790387417.7422183,2.610258001368493
1790387417.7431288,1.2502660101745278
1790387417.7436554,2.473866014042869
1790387417.7559724,1.4841290249023587
1790387417.771696,1.9954720046371222
1790387417.7744937,1.8791960028465837
1790387417.883707,16.42850402276963
1790387417.8837795,23.840123001718894
1790387417.8838346,9.060507989488542
1790387417.9085166,21.046009002020583
1790387417.9179418,2.31910397997126
1790387417.918831,1.9071389979217201
1790387417.921866,1.3075419992674142
1790387417.9249725,1.4576429966837168
1790387417.933147,1.9423210178501904
1790387417.9714007,25.014531012857333
1790387417.9715114,22.065762022975832
1790387417.9727647,2.4943670141510665
1790387417.974863,1.37404102133587
1790387418.004233,1.591577980434522
1790387418.0137703,1.5040760044939816
1790387418.0190516,1.5124899800866842
1790387418.0386488,5.77688601333648
1790387418.038977,4.904667002847418
1790387418.0397148,4.491525993216783
1790387418.0397725,2.801961003569886
1790387418.0591836,1.5287729911506176
1790387418.0775795,1.81673897895962
1790387418.0791693,1.354989013634622
1790387418.0877202,1.3667019957210869
1790387418.0973034,1.5593619900755584
1790387418.1260777,4.2989990033674985
1790387418.150223,1.7833969905041158
1790387418.1529012,1.5831479977350682
1790387418.2182825,16.564393998123705
1790387418.2325904,3.0183980125002563
1790387418.2326689,27.2883560101036
1790387418.2364354,1.159370003733784
1790387418.2704513,24.684953998075798
1790387418.285124,41.99149299529381
1790387418.2858546,30.50992399221286
1790387418.2861617,30.250724987126887
1790387418.2865772,20.966884010704234
1790387418.287796,39.78052601451054
1790387418.2885735,10.129732982022688
1790387418.289119,19.67591600259766
1790387418.2896247,5.500527011463419
1790387418.289742,13.996640016557649
1790387418.2911408,1.2555940193124115
1790387418.2946095,1.4857770001981407
1790387418.3034332,1.7235940031241626
1790387418.3046196,1.1662789911497384
1790387418.3172488,1.6755129909142852
1790387418.3286142,1.551639987155795
1790387418.337394,1.509343012003228
1790387418.36317,2.773827000055462
1790387418.3649473,1.762458006851375
1790387418.3797245,2.2633899934589863
1790387418.3833716,1.2896840053144842
1790387418.3927114,2.0909589948132634
1790387418.3973587,1.4912679907865822
1790387418.4039824,1.6392709803767502
1790387418.4253106,1.6668099851813167
1790387418.4354284,1.8394850194454193
1790387418.4620693,19.26248997915536
1790387418.463142,22.431908000726253
1790387418.473645,28.969773004064336
1790387418.4737918,24.577319010859355
1790387418.4851713,36.01789198000915
1790387418.4852543,30.850846000248566
1790387418.485541,23.337621008977294
1790387418.4860122,20.136728999204934
1790387418.495408,1.5840269916225225
1790387418.5153928,20.778268022695556
1790387418.55195,6.7846129823010415
1790387418.5633118,15.671150991693139
1790387418.5701885,17.115291993832216
1790387418.5704737,11.420993017964065
1790387418.570532,25.951695017283782
1790387418.574604,1.3877430174034089
1790387418.5778167,1.3228110037744045
1790387418.5820434,1.3014569994993508
1790387418.5919974,1.5846820024307817
1790387418.6020443,1.4719419996254146
1790387418.6178346,1.7608549969736487
1790387418.6367097,2.5858049921225756
1790387418.659006,8.025610004551709
1790387418.6590974,20.651168015319854
1790387418.6647196,1.5370729961432517
1790387418.6768236,1.8207620014436543
1790387418.677762,1.7339639889542013
1790387418.693733,1.4993500080890954
1790387418.7234545,2.5507899990770966
1790387418.7293968,1.4778519980609417
1790387418.7343235,1.683276001131162
1790387418.7451134,1.3564050022978336
1790387418.7564476,4.38550699618645
1790387418.7578669,5.375708016799763
1790387418.7579346,6.502744014142081
1790387418.7639787,1.2187029933556914
1790387418.8226514,23.55357600026764
1790387418.8230057,30.91554599814117
1790387418.8289135,1.670230005402118
1790387418.831112,1.1874139891006052
1790387418.8363373,1.69234600616619
1790387418.8876348,43.49069099407643
1790387418.8889713,35.886561003280804
1790387418.8891354,38.110730005428195
1790387418.891775,23.99043200421147
1790387418.891924,25.059537001652643
1790387418.892167,8.862025977578014
1790387418.8924375,34.142668009735644
1790387418.8931618,4.172844986896962
1790387418.8932593,3.559013013727963
1790387418.9190788,20.84279098198749
1790387418.9191606,12.963901011971757
1790387418.9195292,5.838412995217368
1790387418.9256089,2.1674059971701354
1790387418.9259133,1.9183400145266205
1790387418.9317758,1.431988028343767
1790387418.9323282,1.2664099922403693
1790387418.937467,2.022293978370726
1790387418.9375348,1.6243540158029646
1790387418.9764097,36.1149680102244
1790387418.9822726,15.781485999468714
1790387418.9836082,16.369302000384778
1790387418.983689,29.19186299550347
1790387418.9842076,2.8709869948215783
1790387418.99051,1.439088984625414
1790387419.0073678,1.8440689891576767
1790387419.025236,2.083858009427786
1790387419.0497763,1.9327730115037411
1790387419.055577,2.0235950069036335
1790387419.0597658,2.602304011816159
1790387419.1089644,41.27880500163883
1790387419.118752,30.941693985369056
1790387419.1188443,34.93075698497705
1790387419.1198993,28.31363899167627
1790387419.1207278,28.12098601134494
1790387419.12107,27.38810097798705
1790387419.1214445,9.288196015404537
1790387419.1215262,11.88298998749815
1790387419.1254506,2.228994999313727
1790387419.1459553,2.043562999460846
1790387419.1549778,2.352854993660003
1790387419.1629856,2.4373129999730736
1790387419.1968446,1.9184499979019165
1790387419.1994045,1.8937340064439923
1790387419.2006602,1.244822982698679
1790387419.2156405,2.0146089955233037
1790387419.2427979,3.92317702062428
1790387419.2428885,24.359219009056687
1790387419.2852695,30.45483402092941
1790387419.3051322,42.5869419996161
1790387419.325875,54.919318994507194
1790387419.337052,67.05427399720065
1790387419.3396356,30.69494798546657
1790387419.3397694,31.603606999851763
1790387419.3398361,55.96102401614189
1790387419.3461292,1.6322580049745739
1790387419.3587632,2.4035859969444573
1790387419.3672228,1.664890005486086
1790387419.412484,1.8673799932003021
1790387419.4194326,2.995019982336089
1790387419.419527,3.929153986973688
1790387419.4491973,2.2926869860384613
1790387419.4506526,1.248555985512212
1790387419.4719973,1.6275329980999231
1790387419.4808533,1.579314994160086
1790387419.4872324,1.6428380040451884
1790387419.5078704,2.063241001451388
1790387419.509601,1.7176709952764213
1790387419.5158646,1.5500680019613355
1790387419.5207682,1.8604149809107184
1790387419.5367184,1.5820279950276017
1790387419.5526698,2.023275999817997
1790387419.5558815,1.9617720099631697
1790387419.5559452,2.4914869864005595
1790387419.570038,1.7291969852522016
1790387419.5929532,3.513357019983232
1790387419.5941389,4.799494025064632
1790387419.595193,7.245055021485314
1790387419.5952852,3.6289840063545853
1790387419.5953379,5.471015989314765
1790387419.5954657,2.4987609940581024
1790387419.596546,1.0654139914549887
1790387419.62868,23.630684008821845
1790387419.6338809,2.0894619810860604
1790387419.6361272,1.4588769990950823
1790387419.64181,1.8236349860671908
1790387419.6471472,2.653271978488192
1790387419.669262,21.903145010583103
1790387419.676737,25.33604999189265
1790387419.6773286,30.940202996134758
1790387419.6777318,20.310834981501102
1790387419.678807,19.64448398211971
1790387419.6789112,4.416088981088251
1790387419.6817527,1.4534330111928284
1790387419.6940713,3.3399059902876616
1790387419.6949973,1.5265510010067374
1790387419.7057848,1.6045219963416457
1790387419.716189,1.5993549895938486
1790387419.7417076,2.157250011805445
1790387419.7458704,2.0002759993076324
1790387419.7716796,1.8654779996722937
1790387419.8134863,19.516542000928894
1790387419.814143,13.017510995268822
1790387419.8142684,25.31537998584099
1790387419.8150306,8.338719984749332
1790387419.8151116,7.511058996897191
1790387419.8209467,1.5789479948580265
1790387419.8297544,1.6554159810766578
1790387419.8465774,1.625911012524739
1790387419.8567889,1.772047020494938
1790387419.8574488,1.4158240228425711
1790387419.8655648,1.284389989450574
1790387419.8691506,2.0602830045390874
1790387419.8692086,1.55914798961021
1790387419.8722868,1.2132360134273767
1790387419.8965902,1.6761230072006583
1790387419.9264085,1.6009760147426277
1790387419.9292037,1.3742689916398376
1790387419.9330604,1.4283130003605038
1790387419.9451773,1.590638974448666
1790387419.9534054,1.935712993144989
1790387419.9578142,1.8967140058521181
1790387419.965351,1.5317049983423203
1790387419.9887407,1.710957003524527
1790387419.9907386,1.3058739714324474
1790387420.0064747,1.6958140186034143
1790387420.0157752,1.6759549907874316
1790387420.0259259,1.7827970150392503
1790387420.0688686,25.0352039874997
1790387420.0689461,15.461764007341117
1790387420.0693471,11.78701501339674
1790387420.0698876,5.6518070050515234
1790387420.0994732,25.413327995920554
1790387420.0995975,11.729029996786267
1790387420.0996642,10.722662002081051
1790387420.1050906,1.6708019829820842
1790387420.1496692,1.6974470054265112
1790387420.1913898,22.55693997722119
1790387420.1942255,26.32137102773413
1790387420.1942928,10.729200002970174
1790387420.199302,1.4310980041045696
1790387420.2458174,1.773364027030766
1790387420.2600598,1.5404130099341273
1790387420.2743406,1.6730490024201572
1790387420.3362672,27.91206000256352
1790387420.3369572,29.249830986373127
1790387420.337089,22.348471014993265
1790387420.3887334,21.686341002350673
1790387420.3892922,11.580447986489162
1790387420.396977,1.7973609792534262
1790387420.4026945,2.0246640197001398
1790387420.4256506,2.006176975555718
1790387420.4793012,2.432292007142678
1790387420.4830878,1.7437640053685755
1790387420.51062,18.610080995131284
1790387420.5229516,16.597573005128652
1790387420.5239534,32.1540430013556
1790387420.5240924,16.831688990350813
1790387420.5242274,10.172659996896982
1790387420.5242896,2.4597500159870833
1790387420.5358727,2.1630499977618456
1790387420.5363543,1.337410998530686
1790387420.5565424,1.6226409934461117
1790387420.5608628,1.3702379947062582
1790387420.5657892,1.3158060028217733
1790387420.5762608,1.5809910255484283
1790387420.5800352,1.4565859746653587
1790387420.583307,1.5397540119010955
1790387420.5846412,1.3127280108164996
1790387420.5942545,1.8459530256222934
1790387420.6032176,1.6622639959678054
1790387420.6107016,1.5337969816755503
1790387420.6186016,2.07748101092875
1790387420.6604483,1.770371978636831
1790387420.678449,1.8862980068661273
1790387420.7533097,52.10280200117268
1790387420.7570171,44.76585300290026
1790387420.7580655,49.40852799336426
1790387420.7740774,54.08739601261914
1790387420.7851062,47.9335900163278
1790387420.7877314,39.42977200495079
1790387420.7878876,52.14001098647714
1790387420.787961,36.08990600332618
1790387420.7891254,35.09703301824629
1790387420.7891889,22.242064005695283
1790387420.8084557,1.8189820111729205
1790387420.817073,1.6659449902363122
1790387420.8290052,1.67135801166296
1790387420.8645225,20.890134008368477
1790387420.8662646,1.5612870047334582
1790387420.9080324,2.258961001643911
1790387420.9151995,1.9386300118640065
1790387420.9408731,22.184125002240762
1790387420.94147,23.540866997791454
1790387420.9415503,4.2738509946502745
1790387420.9602733,1.7231590172741562
1790387420.9654818,1.8398200045339763
1790387420.9687698,1.516921998700127
1790387420.9749517,1.393869984894991
1790387420.9848573,1.6630489844828844
1790387420.986106,1.167745009297505
1790387421.0087316,1.8350209866184741
1790387421.0210025,1.663625007495284
1790387421.0258424,1.354050007648766
1790387421.0277262,1.4620040019508451
1790387421.0775225,36.68433101847768
1790387421.0925462,37.58880699751899
1790387421.0927742,25.188964005792513
1790387421.0929024,34.326405002502725
1790387421.0929723,33.71704200981185
1790387421.1145391,18.90508900396526
1790387421.114653,10.377580998465419
1790387421.1147146,33.779287012293935
1790387421.1213684,1.459639024687931
1790387421.1314843,1.8230109999421984
1790387421.1493812,1.7564209992997348
1790387421.208756,2.0154959929641336
1790387421.2370656,20.285122998757288
1790387421.2377772,21.794776985188946
1790387421.2379115,24.979649984743446
1790387421.2381704,7.713521015830338
1790387421.2513359,1.5373100177384913
1790387421.2704191,1.6361970047000796
1790387421.2746153,1.7218049906659871
1790387421.2799869,1.4668529911432415
1790387421.2815335,1.444360997993499
1790387421.285995,2.883800014387816
1790387421.2860675,2.2399110021069646
1790387421.2942822,2.3376179742626846
1790387421.3065877,1.9127469859085977
1790387421.3068311,2.9950330208521336
1790387421.3070567,1.527378015452996
1790387421.3203347,1.6853440029080957
1790387421.3226821,1.4569399936590344
1790387421.341316,2.075805008644238
1790387421.3413813,2.6211249933112413
1790387421.3482988,1.9719059928320348
1790387421.352895,1.6928649856708944
1790387421.41125,22.79777399962768
1790387421.4120603,21.599359024548903
1790387421.4122002,22.806052991654724
1790387421.4131446,5.819413025164977
1790387421.4135404,21.586741000646725
1790387421.4138258,3.1037429871503264
1790387421.413882,5.088050995254889
1790387421.4163215,1.2912820093333721
1790387421.4301727,1.7092970083467662
1790387421.461342,1.735133002512157
1790387421.466036,1.512927992735058
1790387421.4979372,1.8305669946130365
1790387421.4980001,2.5318209955003113
1790387421.5313075,1.6293819935526699
1790387421.5428221,1.8321160168852657
1790387421.5479238,1.668707001954317
1790387421.5488973,2.0920209935866296
1790387421.5506313,2.191543986555189
1790387421.5512998,2.3942330153658986
1790387421.5513468,1.9141020020470023
1790387421.558153,3.2080719829536974
1790387421.558492,2.0518579985946417
1790387421.558969,1.5355579962488264
1790387421.5657525,1.4996730023995042
1790387421.569911,1.4241009776014835
1790387421.578344,1.3419669994618744
1790387421.6026287,1.774175005266443
1790387421.6158645,1.8520529847592115
1790387421.6177661,1.6901860071811825
1790387421.6184018,1.8247319967485964
1790387421.644094,2.391070011071861
1790387421.6571398,1.5277669881470501
1790387421.6614146,1.233944989508018
1790387421.6731367,1.7704580095596611
1790387421.710082,21.274734986945987
1790387421.7183561,2.0757309976033866
1790387421.7266393,3.667909011710435
1790387421.726726,2.850374992704019
1790387421.7290552,2.197113004513085
1790387421.740094,1.8820709956344217
1790387421.744024,2.3379210033454
1790387421.7666996,1.8844369915314019
1790387421.779028,1.9385640043765306
1790387421.7793531,2.9210700013209134
1790387421.811843,1.8033829983323812
1790387421.818624,1.9206220167689025
1790387421.8261464,1.6182149993255734
1790387421.834367,1.6962299996521324
1790387421.8405738,1.593591005075723
1790387421.9152446,1.923193980474025
1790387421.9161272,2.078842982882634
1790387421.9168863,1.519304991234094
1790387421.987663,1.9210759783163667
1790387422.0064943,1.9307539914734662
1790387422.006965,1.4375339960679412
1790387422.03323,22.005064005497843
1790387422.0333378,25.14283498749137
1790387422.033836,21.67451599962078
1790387422.034111,13.426625984720886
1790387422.0501165,2.131158020347357
1790387422.0643532,1.9523699884302914
1790387422.0648363,1.32445601047948
1790387422.0941463,1.6788390057627112
1790387422.1687436,18.081679998431355
1790387422.180596,30.025719985133037
1790387422.1809103,7.321708981180564
1790387422.1911757,2.1175849833525717
1790387422.2155175,1.723372028209269
1790387422.2201269,1.549870998132974
1790387422.2422276,1.8159559986088425
1790387422.281511,12.06738399923779
1790387422.2864826,20.1736559974961
1790387422.2914815,28.6794810090214
1790387422.2924578,1.8275730253662914
1790387422.3100786,1.76765100331977
1790387422.3132756,1.815395982703194
1790387422.3188603,1.9639779930002987
1790387422.3197098,1.7062440165318549
1790387422.3360953,1.8534690025262535
1790387422.3466284,1.4451270108111203
1790387422.3531828,2.1494549873750657
1790387422.366719,1.9261679844930768
1790387422.374662,2.3448029824066907
1790387422.3755116,1.478178979596123
1790387422.393026,1.937175984494388
1790387422.402323,2.243386988993734
1790387422.4286935,17.920173006132245
1790387422.4291403,27.808783983346075
1790387422.434444,1.7570529889781028
1790387422.4788046,2.030898001976311
1790387422.4978101,1.6668819880578667
1790387422.5290556,1.6286550089716911
1790387422.5365655,2.544463990489021
1790387422.554718,2.7106050110887736
1790387422.5558565,2.0542279817163944
1790387422.56708,1.7161720024887472
1790387422.574064,1.9872040138579905
1790387422.5745816,1.475155004300177
1790387422.5818148,1.589897001395002
1790387422.6004026,13.054442999418825
1790387422.607993,12.176640011603013
1790387422.6083255,25.60892200563103
1790387422.6092703,10.263732023304328
1790387422.6094458,11.451567988842726
1790387422.6145527,1.8205110100097954
1790387422.6182127,1.6947630210779607
1790387422.6195729,1.350078993709758
1790387422.6217709,1.2710200098808855
1790387422.7398455,19.2469609901309
1790387422.7402928,23.44335400266573
1790387422.7601285,1.847121020546183
1790387422.762715,1.784952008165419
1790387422.792135,1.7765860247891396
1790387422.8235195,25.724104983964935
1790387422.8340144,1.8062590097542852
1790387422.8437285,1.695340994047001
1790387422.8686638,3.0679780174978077
1790387422.8687518,24.451089004287496
1790387422.8749797,1.4539139810949564
1790387422.9014378,1.6570510051678866
1790387422.9290018,25.162666017422453
1790387422.929451,22.196637000888586
1790387422.9297235,26.580977981211618
1790387422.930057,22.32771198032424
1790387422.9393227,1.4950490149203688
1790387422.9514434,2.3105419822968543
1790387422.970679,1.60664101713337
1790387422.983891,2.2330379870254546
1790387422.984241,3.244182007620111
1790387423.0116885,1.7957109957933426
1790387423.0256178,2.3068219888955355
1790387423.0403168,2.069843001663685
1790387423.0547822,2.0060619863215834
1790387423.0842698,25.10506901307963
1790387423.0843637,26.84412500821054
1790387423.0960722,40.41383200092241
1790387423.1318276,56.696232000831515
1790387423.1322796,54.06367700197734
1790387423.143495,62.45080102235079
1790387423.1539726,66.03064297814853
1790387423.182317,75.34211900201626
1790387423.1824331,103.27024798607454
1790387423.1833084,88.81293900776654
1790387423.1845274,41.61739500705153
1790387423.1846263,49.879283003974706
1790387423.1854937,38.023511006031185
1790387423.1859171,8.306704985443503
1790387423.1862264,20.347509998828173
1790387423.1862874,48.925072012934834
1790387423.188432,1.9031919946428388
1790387423.205883,1.7801579961087555
1790387423.2290735,2.048080990789458
1790387423.2421567,2.004198991926387
1790387423.2427227,1.3663220161106437
1790387423.254186,1.6296079847961664
1790387423.2806315,1.9549099961295724
1790387423.2880168,2.0920469833072275
1790387423.2962956,1.993409008719027
1790387423.2991102,1.8694270111154765
1790387423.3000197,2.178555994760245
1790387423.3007047,1.364697003737092
1790387423.3263881,24.709785007871687
1790387423.32706,17.471182014560327
1790387423.327886,4.53980898601003
1790387423.3280022,5.2384370064828545
1790387423.3280787,7.6270580175332725
1790387423.3737907,16.07492900802754
1790387423.3739643,25.89983301004395
1790387423.374083,14.816017996054143
1790387423.3746865,8.13797500450164
1790387423.3747525,10.723696992499754
1790387423.3973262,2.0156269893050194
1790387423.421531,1.8545999773778021
1790387423.4310527,1.6639359819237143
1790387423.4352653,1.563105994137004
1790387423.454067,1.7585520108696073
1790387423.4624922,1.5630879788659513
1790387423.4737256,2.329211012693122
1790387423.4742928,1.7902829858940095
1790387423.4814198,3.0085149919614196
1790387423.481543,2.521708025597036
1790387423.489418,1.5642649959772825
1790387423.5274994,1.829448010539636
1790387423.5288541,1.3411410036496818
1790387423.5333686,1.3914979936089367
1790387423.537465,1.2175839801784605
1790387423.5769308,36.78641899023205
1790387423.5819252,34.626556996954605
1790387423.5888364,40.60482801287435
1790387423.5898492,46.7386280070059
1790387423.590243,20.099165994906798
1790387423.5904496,25.326020986540243
1790387423.5907369,17.00036399415694
1790387423.6036193,1.7114200163632631
1790387423.6093264,1.444953988539055
1790387423.6120203,1.6586449928581715
1790387423.6132903,1.4272640109993517
1790387423.6197634,1.9552890153136104
1790387423.6675081,16.914662992348894
1790387423.6680322,19.114583992632106
1790387423.6693122,33.00023000338115
1790387423.6698208,13.900384976295754
1790387423.6709297,35.51562500069849
1790387423.671524,3.4746049786917865
1790387423.673297,3.4594710159581155
1790387423.693966,2.4872430076356977
1790387423.694929,1.9691199995577335
1790387423.6969237,1.4214330003596842
1790387423.7396398,1.685769995674491
1790387423.7893465,15.296083001885563
1790387423.799945,39.91809498984367
1790387423.814811,33.67485699709505
1790387423.8152292,29.209860978880897
1790387423.8169804,13.012971001444384
1790387423.8170958,23.398225021082908
1790387423.8172634,8.191673987312242
1790387423.8177066,2.265513001475483
1790387423.8374612,1.8312620231881738
1790387423.84931,1.6680499829817563
1790387423.8595347,1.944526011357084
1790387423.8632534,1.657455984968692
1790387423.8729744,1.8360749818384647
1790387423.8965738,2.2030080144759268
1790387423.897225,1.4594660024158657
1790387423.9065092,2.146285987691954
1790387423.9080594,1.538443990284577
1790387423.9131691,1.6214870265685022
1790387423.9747937,23.710411973297596
1790387423.9757013,32.50798600492999
1790387423.9758244,19.12815499235876
1790387423.9759176,4.0146860119421035
1790387423.977818,1.4574149972759187
1790387423.9991107,2.236171014374122
1790387423.9994988,1.9030080002266914
1790387424.0061579,1.6123180103022605
1790387424.0110667,1.8503679893910885
1790387424.0231903,1.6654260107316077
1790387424.035521,1.9096350006293505
1790387424.0525796,2.0731340046040714
1790387424.0564487,1.3886279775761068
1790387424.082288,1.758782978868112
1790387424.0842605,1.6099860076792538
1790387424.0894272,1.7038439982570708
1790387424.121067,2.011513017350808
1790387424.1405296,1.963213988346979
1790387424.142478,2.857404004316777
1790387424.1425626,2.0211280207149684
1790387424.147785,1.9949919951613992
1790387424.1661694,1.5444309974554926
1790387424.1692069,2.604931010864675
1790387424.170021,1.8568249943200499
1790387424.1860142,2.229014993645251
1790387424.186856,1.2989600072614849
1790387424.192846,1.8917249981313944
1790387424.1948326,1.4174759853631258
1790387424.2029831,1.5817259845789522
1790387424.2100213,2.2568179992958903
1790387424.228403,1.680065004620701
1790387424.2412577,1.8347710138186812
1790387424.263418,1.7305079963989556
1790387424.2723308,1.814468007069081
1790387424.2774749,1.5768980083521456
1790387424.3507216,1.9097059848718345
1790387424.3866954,30.337519012391567
1790387424.4021556,29.668167990166694
1790387424.4086475,36.9107790174894
1790387424.4225345,1.7584619927220047
1790387424.4295058,1.7257459985557944
1790387424.4800913,45.096062996890396
1790387424.4805794,23.24920700630173
1790387424.496753,55.56988398893736
1790387424.5029151,37.862239027163014
1790387424.5083199,26.494179997825995
1790387424.509086,20.83988898084499
1790387424.5093477,7.586884981719777
1790387424.509415,45.9224299993366
1790387424.535316,25.794825982302427
1790387424.6027288,27.3410240188241
1790387424.6033137,19.99686800991185
1790387424.603688,39.19269100879319
1790387424.6046414,12.889369012555107
1790387424.6047745,16.52865798678249
1790387424.6052108,4.3658840004354715
1790387424.6096458,1.5781139954924583
1790387424.619353,3.1761940044816583
1790387424.6194327,2.683996979612857
1790387424.6347065,2.1407179883681238
1790387424.6554918,2.276553015690297
1790387424.6680665,1.7811429861467332
1790387424.6732824,2.5378509890288115
1790387424.6810257,2.3725700157228857
1790387424.683079,2.037815982475877
1790387424.7030044,2.296171005582437
1790387424.7094076,2.897377999033779
1790387424.7456894,26.641042990377173
1790387424.7460785,7.789348979713395
1790387424.7482584,1.3580920058302581
1790387424.7983692,1.9786820048466325
1790387424.801479,1.883411023300141
1790387424.8027923,2.2000650060363114
1790387424.8269005,1.919909002026543
1790387424.8292172,1.8941960006486624
1790387424.8308382,1.6066229727584869
1790387424.8402305,1.8116960127372295
1790387424.8465953,3.0484210001304746
1790387424.8466673,2.44372698944062
1790387424.8777723,17.6986169826705
1790387424.9236944,64.53746801707894
1790387424.9345982,68.25307200779207
1790387424.9402137,79.37747801770456
1790387424.9452965,79.82021599309519
1790387424.9458497,78.7957760039717
1790387424.946364,65.83757401676849
1790387424.9466271,56.15337498602457
1790387424.947047,24.593421985628083
1790387424.9473348,8.240755007136613
1790387424.9801679,26.781975000631064
1790387424.9920914,30.06133099552244
1790387424.9924932,37.812474998645484
1790387425.0032494,34.72044499358162
1790387425.004583,32.1723600209225
1790387425.0057466,39.417010004399344
1790387425.0059118,4.962729988619685
1790387425.0060246,31.066118011949584
1790387425.0426412,1.9675890216603875
1790387425.0447845,1.835802017012611
1790387425.048328,2.0421310036908835
1790387425.052651,1.5505389892496169
1790387425.086101,25.20417998312041
1790387425.0861933,2.4351229949388653
1790387425.102542,2.0666120108217
1790387425.1062412,1.7030719900503755
1790387425.108311,1.4751320122741163
1790387425.120527,1.6432439733762294
1790387425.1476994,22.91446999879554
1790387425.1521478,2.0986619929317385
1790387425.1718254,1.8802410049829632
1790387425.191579,3.2657679985277355
1790387425.1917171,2.4676210014149547
1790387425.2073042,1.8676530162338167
1790387425.2125318,2.0274179987609386
1790387425.21786,2.441399992676452
1790387425.2451942,19.848755007842556
1790387425.2473447,13.355315022636205
1790387425.2476685,30.623673024820164
1790387425.247965,19.062398001551628
1790387425.2486587,3.245349013013765
1790387425.2524557,1.9629659946076572
1790387425.2570837,2.3160929849836975
1790387425.2704651,2.1854559890925884
1790387425.2956202,2.343992004171014
1790387425.3091333,2.081762009765953
1790387425.32295,2.0324910001363605
1790387425.3734832,1.8708550196606666
1790387425.379652,1.4258409792091697
1790387425.3930788,1.5935270057525486
1790387425.4239175,1.9497039902489632
1790387425.426511,1.9594919867813587
1790387425.4350777,1.944637013366446
1790387425.4451292,1.7438160139136016
1790387425.4470382,1.4619790017604828
1790387425.516051,32.01386000728235
1790387425.5214512,64.63489000452682
1790387425.528133,65.44762398698367
1790387425.528726,70.71477599674836
1790387425.529585,38.307672017253935
1790387425.5301855,35.99183898768388
1790387425.5314553,36.54127600020729
1790387425.5315843,30.672282999148592
1790387425.5321116,28.28119698096998
1790387425.5324287,27.71893999306485
1790387425.5349982,1.738057006150484
1790387425.5525377,2.296374994330108
1790387425.5530424,3.3679379848763347
1790387425.5794716,27.742095000576228
1790387425.5798295,7.12181901326403
1790387425.580759,1.8188800022471696
1790387425.5955002,1.7992020002566278
1790387425.606496,2.105916995787993
1790387425.6156569,2.1762920077890158
1790387425.6305077,1.6566530102863908
1790387425.6344986,1.5836230013519526
1790387425.639533,1.3973719906061888
1790387425.68829,2.267764008138329
1790387425.6909325,2.803306997520849
1790387425.6910572,2.242480026325211
1790387425.7158642,21.43037601490505
1790387425.716315,12.696321995463222
1790387425.716956,17.222427006345242
1790387425.7170525,25.426472013350576
1790387425.71821,3.866786020807922
1790387425.7182655,1.9362859893590212
1790387425.7592583,1.7135280068032444
1790387425.7682114,1.690530014457181
1790387425.7837026,1.8365440191701055
1790387425.7891376,1.4922249829396605
1790387425.794679,1.5050579968374223
1790387425.8069131,1.4952439814805984
1790387425.8316293,3.4192019957117736
1790387425.8348033,3.1620139779988676
1790387425.8349917,4.622031992767006
1790387425.8362741,2.872454992029816
1790387425.8364515,3.955976979341358
1790387425.8378513,2.043126994976774
1790387425.8379447,2.943077008239925
1790387425.8778415,1.6642740229144692
1790387425.8795016,1.1808639974333346
1790387425.9067647,2.38917997921817
1790387425.9068265,3.1585010001435876
1790387425.9227216,1.7009569855872542
1790387425.946583,21.522961993468925
1790387425.9541569,1.5347730077337474
1790387425.9646642,1.8139680032618344
1790387425.9681926,2.1063750027678907
1790387425.968286,1.6527690168004483
1790387425.9763358,1.650204008910805
1790387425.988844,2.3811669962015003
1790387426.0026252,1.8815590010490268
1790387426.0062573,2.1924219909124076
1790387426.006322,2.7876429958269
1790387426.0418434,25.875267980154604
1790387426.0422916,17.5937190069817
1790387426.0424097,14.91827197605744
1790387426.0427966,13.26764200348407
1790387426.056975,1.9171809835825115
1790387426.0570579,3.292362001957372
1790387426.0836906,2.012993994867429
1790387426.0863297,1.822277990868315
1790387426.11902,18.5744290065486
1790387426.144991,27.577606990234926
1790387426.166074,70.17853498109616
1790387426.1661727,64.64464199962094
1790387426.1681576,14.66174700181
1790387426.1682787,41.2865339894779
1790387426.190496,23.584159993333742
1790387426.1907134,17.417783004930243
1790387426.1908033,18.044783995719627
1790387426.2069786,2.586510992841795
1790387426.2088752,1.8819420074578375
1790387426.2118843,1.7579929844941944
1790387426.2237446,1.7978810064960271
1790387426.234353,2.2825509950052947
1790387426.2352,1.6726510075386614
1790387426.2397897,1.3190319878049195
1790387426.241954,1.1688029917422682
1790387426.2449126,1.8565260106697679
1790387426.2514768,1.591876003658399
1790387426.2803326,24.428673990769312
1790387426.280428,19.001092994585633
1790387426.282367,1.586831989698112
1790387426.2927225,1.3959780044388026
1790387426.2955601,1.4021169918123633
1790387426.309413,1.764402026310563
1790387426.3297777,1.8654439772944897
1790387426.3328478,1.4593989762943238
1790387426.3414526,1.7105290025938302
1790387426.359231,1.8560219905339181
1790387426.3695626,2.0006599952466786
1790387426.3998458,27.531333005754277
1790387426.4007154,15.986714977771044
1790387426.4008565,14.856777008390054
1790387426.4019606,3.835139999864623
1790387426.411812,1.763198000844568
1790387426.4216678,1.8071049998980016
1790387426.4238744,1.3668460014741868
1790387426.4306858,1.3798800064250827
1790387426.4386191,1.4937850064598024
1790387426.4634292,1.9010179967153817
1790387426.4702137,1.6123719979077578
1790387426.496403,2.0232099923305213
1790387426.5047781,1.832129986723885
1790387426.5181324,2.2076870081946254
1790387426.558505,22.517598990816623
1790387426.5589051,11.641617020359263
1790387426.5592237,1050.6662169937044
1790387426.5666158,1.516288990387693
1790387426.5737114,1.7153359949588776
1790387426.58256,1.7449409933760762
1790387426.5830708,1.4536239905282855
1790387426.6152325,26.28634200664237
1790387426.6188524,1.7234259867109358
1790387426.6222026,2.1773710031993687
1790387426.6503384,7.3986470233649015
1790387426.6508954,8.577919012168422
1790387426.6509795,28.242521977517754
1790387426.6536689,1.4979099796619266
1790387426.657419,1.4398549974430352
1790387426.6633961,1.8739149963948876
1790387426.6678345,1.4906970027368516
1790387426.6735966,1.5676430193707347
1790387426.6814737,1.9171949825249612
1790387426.6956623,1.7572349752299488
1790387426.7053084,2.0073600171599537
1790387426.7066586,1.32844498148188
1790387426.7199929,1.7574709781911224
1790387426.7229223,1.2755269999615848
1790387426.7393603,1.6794700059108436
1790387426.7420297,1.4902649854775518
1790387426.7491179,1.4459869998972863
1790387426.7664006,1.7983709985855967
1790387426.7964692,2.0777950121555477
1790387426.8320456,1.8859319970943034
1790387426.8385656,1.721609995001927
1790387426.8649578,2.3161089920904487
1790387426.908707,25.150233006570488
1790387426.908832,24.635573994601145
1790387426.9089131,18.76086398260668
1790387426.9226983,1.9324380264151841
1790387426.9370046,2.1134389971848577
1790387426.9493287,1.5783430135343224
1790387426.9613512,1.6942709917202592
1790387427.001637,1.7751319974195212
1790387427.0063453,1.4866749988868833
1790387427.0162766,1.6083510126918554
1790387427.0284925,1.6560439835302532
1790387427.068428,2.3543310235254467
1790387427.0746849,3.6797990032937378
1790387427.0747936,2.895993005950004
1790387427.1025078,23.501517018303275
1790387427.1084723,25.59051400749013
1790387427.1086545,20.172568009002134
1790387427.1092384,35.24629300227389
1790387427.1099167,18.123516987543553
1790387427.1100004,13.732357998378575
1790387427.1233244,1.9010609830729663
1790387427.1240423,1.5836360107641667
1790387427.1602135,13.468308985466138
1790387427.1926944,12.26493899594061
1790387427.1927946,50.15745002310723
1790387427.192866,43.57656100182794
1790387427.1945226,1.437814993551001
1790387427.2073798,1.685144001385197
1790387427.2661912,16.721898020477965
1790387427.269972,26.271247974364087
1790387427.280728,38.3337420062162
1790387427.2808397,26.855869975406677
1790387427.2941434,9.955621004337445
1790387427.294854,27.505829988513142
1790387427.294945,10.093769000377506
1790387427.2996044,1.4106350135989487
1790387427.3186176,1.9942560174968094
1790387427.3513048,1.6528260021004826
1790387427.3519073,2.9373459983617067
1790387427.3932135,2.3288399970624596
1790387427.4187539,2.5553320010658354
1790387427.4198124,1.570799999171868
1790387427.4541714,2.1172770066186786
1790387427.4782987,1.9085399981122464
1790387427.5272303,22.344916011206806
1790387427.5278459,10.531542007811368
1790387427.561675,27.443263999884948
1790387427.561797,22.37840901943855
1790387427.5618873,21.52823199867271
1790387427.5641701,1.891962980153039
1790387427.5958123,29.561501025455073
1790387427.5963593,26.72098600305617
1790387427.5965047,23.360129009233788
1790387427.596604,4.4068749994039536
1790387427.5986288,1.824072009185329
1790387427.622063,21.7278299969621
1790387427.6231089,25.569060002453625
1790387427.6234171,8.932443015510216
1790387427.6234684,6.057952006813139
1790387427.6317403,1.762971980497241
1790387427.6403046,1.6077829932328314
1790387427.6478705,1.6167970024980605
1790387427.6578243,1.4521889970637858
1790387427.6804173,2.1662279905285686
1790387427.6809287,1.4829970023129135
1790387427.6916268,1.6857150185387582
1790387427.7012057,1.9278830150142312
1790387427.7264185,12.334917002590373
1790387427.726519,24.311240995302796
1790387427.7354445,2.1071119990665466
1790387427.7446926,2.5690800102893263
1790387427.74651,1.5535790007561445
1790387427.7573965,2.028232003794983
1790387427.835572,1.688512013060972
1790387427.8487675,2.4012100184336305
1790387427.8505502,2.269340999191627
1790387427.85107,1.767381007084623
1790387427.8589332,1.7469000013079494
1790387427.8733509,1.8599239992909133
1790387427.88185,3.3062359725590795
1790387427.8832052,2.676847972907126
1790387427.8880265,1.6508260159753263
1790387427.9103937,2.608460985356942
1790387427.9105527,3.3841989934444427
1790387427.9125035,1.4938270032871515
1790387427.91849,1.3960289943497628
1790387427.956256,1.9383059989195317
1790387427.9815674,1.580624986672774
1790387428.0054262,2.231884020147845
1790387428.0377696,13.862829975550994
1790387428.0378647,14.551017986377701
1790387428.0383615,30.318570003146306
1790387428.038667,6.98931299848482
1790387428.0582848,1.8411659984849393
1790387428.0663474,1.558465010020882
1790387428.0711117,1.438228995539248
1790387428.071174,2.0077940134797245
1790387428.0890844,12.094520003302023
1790387428.0999186,23.49960699211806
1790387428.1110764,1.5943229955155402
1790387428.1142595,1.3955689792055637
1790387428.1187215,1.501038990681991
1790387428.1424375,1.7379620112478733
1790387428.1562018,1.618251990294084
1790387428.1592035,1.4803869999013841
1790387428.1614418,1.7307890229858458
1790387428.192537,1.995869999518618
1790387428.2189355,1.6934750019572675
1790387428.2550397,21.706983010517433
1790387428.255343,2.7457390096969903
1790387428.255443,12.158169993199408
1790387428.2683325,1.6001860203687102
1790387428.2721107,1.5705800033174455
1790387428.301377,1.6780360019765794
1790387428.320891,1.7280669999308884
1790387428.3910546,48.24204498436302
1790387428.3914096,36.21728299185634
1790387428.3917873,35.80323699861765
1790387428.3921037,28.74306499143131
1790387428.3927774,18.934969004476443
1790387428.3930385,10.402540006907657
1790387428.4058654,1.695405982900411
1790387428.4116857,1.3863930071238428
1790387428.4178026,2.67749500926584
1790387428.4178598,2.1770370076410472
1790387428.422587,1.30188898765482
1790387428.4372764,1.90369802294299
1790387428.4396982,1.4825079997535795
1790387428.447051,2.622266998514533
1790387428.4471326,1.957050000783056
1790387428.473564,17.465097014792264
1790387428.474351,15.06421502563171
1790387428.4752145,27.68309199018404
1790387428.4767401,14.072034013224766
1790387428.477535,13.74568502069451
1790387428.4776242,10.39709197357297
1790387428.4776902,7.176821993198246
1790387428.48052,1.4393399760592729
1790387428.4906971,1.7961440025828779
1790387428.5012603,1.5118219889700413
1790387428.513076,1.8532190006226301
1790387428.5307403,1.588168990565464
1790387428.5358102,1.6235449875239283
1790387428.5369492,1.130008022300899
1790387428.5653598,1.9986570114269853
1790387428.5760078,1.9482839852571487
1790387428.579739,1.47323397686705
1790387428.5908022,1.6022839990910143
1790387428.5968738,1.6140999796334654
1790387428.6178367,2.191473002312705
1790387428.6233847,1.9519289780873805
1790387428.6394663,2.2773969976697117
1790387428.6633482,1.9024839857593179
1790387428.6803,1.9113600137643516
1790387428.7046928,17.84903000225313
1790387428.708059,25.892503996146843
1790387428.708146,9.531317977234721
1790387428.709608,1.3517640181817114
1790387428.7402372,2.188229002058506
1790387428.7465694,1.555566006572917
1790387428.7555165,2.327410998987034
1790387428.7575283,1.3244900037534535
1790387428.7666888,1.993509999010712
1790387428.8025298,25.588046992197633
1790387428.8026545,9.610232984414324
1790387428.8182006,1.7363220104016364
1790387428.8232198,2.55022500641644
1790387428.823317,2.211359009379521
1790387428.8249013,1.2438069970812649
1790387428.834861,1.7969269829336554
1790387428.8353205,1.4026369899511337
1790387428.8524563,1.8310470040887594
1790387428.8932536,19.810986996162683
1790387428.896105,17.066488013369963
1790387428.8962247,30.343609978444874
1790387428.8963335,12.25922498269938
1790387428.8964145,2.6354129950050265
1790387428.9172876,2.4404400028288364
1790387428.9225228,2.0760059996973723
1790387428.9335344,1.7889009905047715
1790387428.9401755,1.5164869837462902
1790387428.9598296,2.0661960006691515
1790387428.9615917,1.2892349914181978
1790387428.9681191,1.4588370104320347
1790387428.9766016,1.5463110175915062
1790387429.0051622,1.8314339977223426
1790387429.019723,2.3776720045134425
1790387429.0234635,2.28339500608854
1790387429.0241876,2.0993610087316483
1790387429.040726,1.7872900061775
1790387429.0883796,2.446133003104478
1790387429.0892491,1.7020970117300749
1790387429.0931804,2.2903909848537296
1790387429.093714,1.3869350077584386
1790387429.1150172,2.5336489779874682
1790387429.1150923,2.029702009167522
1790387429.122546,2.0290579996071756
1790387429.1622858,20.935653999913484
1790387429.1746554,1.767046021996066
1790387429.1897044,1.7714700079523027
1790387429.1974916,1.53844800661318
1790387429.2035916,1.5603999781887978
1790387429.208725,1.9263360009063035
1790387429.229337,14.437951002037153
1790387429.2299244,22.018277988536283
1790387429.2300012,2.7356799982953817
1790387429.2343075,1.762105996022001
1790387429.2419944,1.789827976608649
1790387429.2717574,19.015080004464835
1790387429.272285,22.89889400708489
1790387429.2822745,1.8580440082587302
1790387429.2897978,1.738828985253349
1790387429.3476348,36.464839009568095
1790387429.3488643,43.86020201491192
1790387429.3489933,49.62053499184549
1790387429.3498805,32.3541079997085
1790387429.3499596,23.080204002326354
1790387429.3500385,17.02457800274715
1790387429.3681595,2.118457021424547
1790387429.3768382,1.688349002506584
1790387429.3894312,1.8734270124696195
1790387429.4095998,2.042762003839016
1790387429.4280794,1.9051309791393578
1790387429.4580457,1.978576008696109
1790387429.4808438,2.171102009015158
1790387429.481655,1.7401550139766186
1790387429.4831991,1.535087008960545
1790387429.4884608,1.99624800006859
1790387429.488808,2.7774499903898686
1790387429.4893508,2.0300360047258437
1790387429.5149007,21.74702999764122
1790387429.521312,1.7071299953386188
1790387429.5550091,19.025576999410987
1790387429.5560422,23.655645025428385
1790387429.5565984,12.950060016009957
1790387429.5566642,12.452163005946204
1790387429.5639603,2.3341510095633566
1790387429.564562,1.7001899832393974
1790387429.5723019,1.4436360215768218
1790387429.5993223,18.523998005548492
1790387429.601773,20.274109003366902
1790387429.602391,25.022406014613807
1790387429.6026452,26.87382700969465
1790387429.6029444,19.399160984903574
1790387429.6238978,1.875807996839285
1790387429.6507347,2.3053170007187873
1790387429.6780217,2.447722014039755
1790387429.6781585,3.1611409795004874
1790387429.6848521,1.6159130027517676
1790387429.7022395,1.935373991727829
1790387429.726665,1.9938359910156578
1790387429.728898,1.6775699914433062
1790387429.732749,1.367502991342917
1790387429.7453961,1.8433039949741215
1790387429.7486255,1.557839015731588
1790387429.7587595,1.4478130033239722
1790387429.7670898,1.7760730115696788
1790387429.7868106,2.367506007431075
1790387429.7896085,2.0294690039008856
1790387429.789702,2.733739005634561
1790387429.8162313,1.6450719849672168
1790387429.8330863,1.691342011326924
1790387429.8474965,1.786100008757785
1790387429.8479629,1.3269039918668568
1790387429.8524015,1.282269018702209
1790387429.8851254,24.556857999414206
1790387429.8904035,38.74239799915813
1790387429.8949296,33.379055006662384
1790387429.8967009,14.833816007012501
1790387429.8968887,20.786736014997587
1790387429.8977873,1.7371370049659163
1790387429.9139385,1.8015049863606691
1790387429.914439,1.3597169890999794
1790387429.936939,1.8781940161716193
1790387429.9508781,1.642313989577815
1790387429.9963386,26.430986006744206
1790387429.9964895,27.622805995633826
1790387430.0024912,1.7443730030208826
1790387430.020899,1.6673780046403408
1790387430.06283,2.5145210092887282
1790387430.062938,2.0784960070159286
1790387430.0815208,2.34349601669237
1790387430.1424384,46.10576399136335
1790387430.14768,53.01920999772847
1790387430.1527476,58.84954999783076
1790387430.1535962,50.460269005270675
1790387430.154668,59.10343301366083
1790387430.1554897,41.24775101081468
1790387430.1556084,18.394125014310703
1790387430.1556778,36.58260402153246
1790387430.1637707,2.037502999883145
1790387430.1729403,2.010191004956141
1790387430.1841514,1.7844639951363206
1790387430.2247424,2.807055978337303
1790387430.2252717,2.6206710026599467
1790387430.2365863,2.0825739775318652
1790387430.255877,2.00697299442254
1790387430.2713313,1.9023709755856544
1790387430.3008108,1.9309150229673833
1790387430.3458898,1.8570399843156338
1790387430.3500307,1.6782379825599492
1790387430.3595965,1.5627919929102063
1790387430.3632743,1.469540991820395
1790387430.3666868,1.4853999891784042
1790387430.3699362,1.3892830174881965
1790387430.3719938,1.6271480126306415
1790387430.406154,8.015653991606086
1790387430.4278922,27.75595002458431
1790387430.4290829,30.156092019751668
1790387430.4292028,10.865689982892945
1790387430.4292617,8.40253199567087
1790387430.432104,1.6481970087625086
1790387430.4336643,1.547602005302906
1790387430.463515,27.509765001013875
1790387430.4665315,1.8909999926108867
1790387430.4671679,1.5147230005823076
1790387430.5022526,22.941819013794884
1790387430.5023718,17.450896004447713
1790387430.5457387,1.7597610130906105
1790387430.5746984,13.940068980446085
1790387430.5752094,25.509077997412533
1790387430.5761101,7.712828984949738
1790387430.5761898,12.689672003034502
1790387430.5762672,8.502565993694589
1790387430.5940695,1.7535100050736219
1790387430.602143,1.5598119935020804
1790387430.6042607,1.5616260061506182
1790387430.6059108,1.3185639982111752
1790387430.651192,1.8230029963888228
1790387430.67434,1.7834389873314649
1790387430.6770482,1.566872000694275
1790387430.6798372,2.3096319928299636
1790387430.6806877,1.7337460012640804
1790387430.7004924,1.652555976761505
1790387430.739239,21.33232800406404
1790387430.7395015,20.857360010268167
1790387430.7395945,28.853566996986046
1790387430.7413356,13.015737000387162
1790387430.7420611,7.499057013774291
1790387430.7422001,12.736726988805458
1790387430.7428422,2.2023050114512444
1790387430.7522101,1.983235008083284
1790387430.761818,1.6821789904497564
1790387430.7641625,1.4086529845371842
1790387430.77649,1.6067239921540022
1790387430.7966774,1.8752639880403876
1790387430.8189507,14.272628002800047
1790387430.8191524,23.306013987166807
1790387430.8198247,6.587684998521581
1790387430.8241863,1.5656890172977
1790387430.8582735,1.6551630105823278
1790387430.872365,1.8153690034523606
1790387430.8833468,2.0586099999491125
1790387430.8890636,1.5449110069312155
1790387430.8921506,1.2155070144217461
1790387430.9125223,2.048619993729517
1790387430.9369373,2.0085489959456027
1790387430.9571462,1.838423020672053
1790387430.9755125,1.7551119963172823
1790387430.9862707,1.8698560015764087
1790387430.9914064,1.7040760139934719
1790387431.0025425,3.518932993756607
1790387431.0032365,2.6912120229098946
1790387431.0033586,3.779476013733074
1790387431.0036724,1.9490249978844076
1790387431.0359218,12.024269992252812
1790387431.036013,25.05250900867395
1790387431.044419,1.8734049808699638
1790387431.0502996,2.2537960030604154
1790387431.0513446,2.094916009809822
1790387431.063674,1.7053300107363611
1790387431.0660176,1.7503609997220337
1790387431.0698092,1.2084920017514378
1790387431.0770226,1.8763020052574575
1790387431.0942907,12.335868988884613
1790387431.108718,4.676846991060302
1790387431.1087964,26.141656999243423
1790387431.1403356,31.410844007041305
1790387431.1571877,25.53667000029236
1790387431.1573114,23.58491698396392
1790387431.1574113,31.768234010087326
1790387431.1673532,1.7995969974435866
1790387431.1787384,1.5065800107549876
1790387431.2325723,34.80794499046169
1790387431.2328205,41.87893000198528
1790387431.2331328,45.97430600551888
1790387431.2335494,31.115839025005698
1790387431.233855,21.079792000818998
1790387431.2559958,25.88542300509289
1790387431.2567196,40.7070440123789
1790387431.256815,9.640831005526707
1790387431.26654,1.8471289949957281
1790387431.3077846,2.0976590167265385
1790387431.3479764,39.048218983225524
1790387431.3489125,18.773894000332803
1790387431.354609,13.213514990638942
1790387431.357469,13.4806539863348
1790387431.3578982,43.20250899763778
1790387431.3846903,28.447706979932263
1790387431.3850033,5.9285359748173505
1790387431.3861895,2.684979001060128
1790387431.3963,2.1509270009119064
1790387431.429973,2.1479139977600425
1790387431.4304998,1.6326380136888474
1790387431.452267,3.158770006848499
1790387431.4524813,3.292927984148264
1790387431.45298,1.8911449878942221
1790387431.4558,1.124250004068017
1790387431.4611511,1.3468719844240695
1790387431.4879158,1.697426981991157
1790387431.5077577,1.9476189918350428
1790387431.5109386,1.8211260030511767
1790387431.516096,2.2935610031709075
1790387431.516191,2.903577988035977
1790387431.5362968,1.9907999958377331
1790387431.541971,1.7291420081164688
1790387431.5492733,1.5373319911304861
1790387431.587809,3.559089993359521
1790387431.5879085,2.981271012686193
1790387431.6085398,1.8791949842125177
1790387431.6096635,3.6004880093969405
1790387431.6105704,1.3247289753053337
1790387431.6133108,1.2654479942284524
1790387431.6500645,23.119177989428863
1790387431.6743193,9.725515003083274
1790387431.6744046,23.767235019477084
1790387431.681207,1.77695500315167
1790387431.6965756,1.6335310065187514
1790387431.7248666,1.8635379965417087
1790387431.7299464,1.6560640069656074
1790387431.761255,19.055554002989084
1790387431.761523,26.635723013896495
1790387431.7633128,1.6937920008786023
1790387431.76597,1.8755649798549712
1790387431.7723963,1.3402170152403414
1790387431.7788837,1.7647529894020408
1790387431.7918522,1.7459100054111332
1790387431.7960005,1.4682059991173446
1790387431.797639,1.512552989879623
1790387431.818116,1.6965210088528693
1790387431.8353574,2.3839990026317537
1790387431.847795,1.883327990071848
1790387431.858554,2.1666820102836937
1790387431.9018486,1.8106680072378367
1790387431.9036813,1.2888619967270643
1790387431.9537208,1.9705849990714341
1790387431.9641843,1.8611910054460168
1790387431.9686508,2.1958309807814658
1790387431.9692092,2.3204780009109527
1790387431.977069,2.4582010228186846
1790387431.9789639,1.8795639916788787
1790387431.985136,1.6744199965614825
1790387431.9956224,2.1747080027125776
1790387431.996507,2.0996719831600785
1790387431.998334,1.5695329930167645
1790387431.9999297,1.2198449985589832
1790387432.0364594,1.8877599795814604
1790387432.0452096,1.695705985184759
1790387432.051576,1.5207819815259427
1790387432.0809057,25.158186006592587
1790387432.086138,32.25599700817838
1790387432.1005964,48.66869098623283
1790387432.1015441,38.57068298384547
1790387432.101708,34.87706900341436
1790387432.1029363,30.735897977137938
1790387432.103385,33.23690401157364
1790387432.1034586,10.007764998590574
1790387432.103523,9.377610986120999
1790387432.1051853,1.5705979894846678
1790387432.13544,24.294127011671662
1790387432.1361837,18.515998002840206
1790387432.136545,26.881763013079762
1790387432.1369042,13.764931994955987
1790387432.1369739,10.015651991125196
1790387432.1623745,1.9991790177300572
1790387432.1953394,1.971209014300257
1790387432.2147334,2.106470987200737
1790387432.2186997,1.8121979956049472
1790387432.2200844,1.3751250226050615
1790387432.2286448,1.3304050080478191
1790387432.2321057,1.3050349953118712
1790387432.2413306,1.4889109879732132
1790387432.2645385,19.075321994023398
1790387432.2806742,37.703848007367924
1790387432.2849317,38.914920995011926
1790387432.285279,38.78118499414995
1790387432.3185604,2.506949007511139
1790387432.3186495,3.149288007989526
1790387432.356169,23.633659002371132
1790387432.3562782,4.067438014317304
1790387432.3569422,22.692538012051955
1790387432.3574073,10.363562003476545
1790387432.3582988,1.3466370000969619
1790387432.3674657,1.424148998921737
1790387432.3826563,1.7561640124768019
1790387432.386238,1.4932399790268391
1790387432.439796,2.0543310092762113
1790387432.441972,1.3088870036881417
1790387432.4471762,1.2831049971282482
1790387432.4489884,1.5186629898380488
1790387432.4964738,12.538717011921108
1790387432.4968889,8.505028992658481
1790387432.4969923,27.076697995653376
1790387432.4970503,5.158635991392657
1790387432.500189,1.2379279942251742
1790387432.5136232,3.2686830090824515
1790387432.5137026,3.183270018780604
1790387432.5370991,1.7383980157319456
1790387432.5632162,22.175470017828047
1790387432.5797553,2.040700986981392
1790387432.589066,1.630559010664001
1790387432.5927544,1.534038019599393
1790387432.5984302,1.7859770159702748
1790387432.604121,2.020220010308549
1790387432.608195,1.4068120217416435
1790387432.6225512,1.8487359920982271
1790387432.6406813,1.7885509878396988
1790387432.647493,1.5149159880820662
1790387432.6506937,1.5615159936714917
1790387432.6989622,1.9821379974018782
1790387432.7095,1.7864830151665956
1790387432.7368412,2.2127940028440207
1790387432.745837,1.8611490086186677
1790387432.750508,1.484111009631306
1790387432.7548149,1.3943490048404783
1790387432.7612624,1.5734909975435585
1790387432.791059,2.1163439960218966
1790387432.7911513,2.9027720156591386
1790387432.8083458,1.8118389998562634
1790387432.811086,1.426128001185134
1790387432.8371506,1.9860629981849343
1790387432.846319,1.863451994722709
1790387432.884326,20.41649798047729
1790387432.8849673,24.763961002463475
1790387432.8853626,10.876261978410184
1790387432.885847,6.19351101340726
1790387432.9028096,1.9560490036383271
1790387432.9076385,2.17751000309363
1790387432.9082716,1.5459030109923333
1790387432.9252682,2.460706979036331
1790387432.9492693,25.01588501036167
1790387432.9499497,7.0467700134031475
1790387432.973016,24.537937017157674
1790387432.9730983,5.902720004087314
1790387435.491418,1.5256670012604445
1790387435.4919367,2.4805830034893006
1790387435.5142426,1.71877202228643
1790387435.5219018,1.5930759836919606
1790387435.5265534,1.4903040137141943
1790387435.533116,2.914410986704752
1790387435.5345662,2.000941982259974
1790387435.5350406,1.7673260008450598
1790387435.536528,1.1417570058256388
1790387435.5390575,1.5191690181382
1790387435.5502384,1.5864410088397563
1790387435.558373,1.8943640170618892
1790387435.5643356,2.9916920175310224
1790387435.5644138,2.0273949776310474
1790387435.6110976,25.89467997313477
1790387435.6114194,12.470599001972005
1790387435.612349,9.159901004750282
1790387435.6124253,5.0893120060209185
1790387435.6146703,1.2402159918565303
1790387435.622516,1.8428470066282898
1790387435.6230106,1.6070069978013635
1790387435.6609383,1.6516330069862306
1790387435.6639318,1.5937949938233942
1790387435.6705823,1.7408700077794492
1790387435.6766336,1.5243150119204074
1790387435.6889179,2.0410690049175173
1790387435.7279508,1.7030839808285236
1790387435.7495983,1.710929995169863
1790387435.7648978,1.8391800113022327
1790387435.7755208,2.0943300041835755
1790387435.7808006,1.3920970086473972
1790387435.7842083,2.0532149937935174
1790387435.7879968,1.7127780010923743
1790387435.7970688,2.1333089971449226
1790387435.8038259,2.123587008100003
1790387435.8108552,1.8676990002859384
1790387435.8175733,1.573604007717222
1790387435.8442798,2.291946002515033
1790387435.8446345,2.5628459989093244
1790387435.84813,1.4021389943081886
1790387435.8502288,1.1500989785417914
1790387435.8597212,1.5559410094283521
1790387435.863429,1.4199049910530448
1790387435.865017,1.181085011921823
1790387435.8876736,1.796191994799301
1790387435.9142284,11.829558003228158
1790387435.9143496,21.15908300038427
1790387435.914971,10.685107001336291
1790387435.9152997,3.863829013425857
1790387435.9223204,1.3118799834046513
1790387435.9347506,1.797006989363581
1790387435.937259,1.2810220068786293
1790387435.9511583,1.6907629906199872
1790387435.9524608,1.2815440131817013
1790387435.9951844,22.329362982418388
1790387436.0008354,15.063440980156884
1790387436.0009527,28.663060977123678
1790387436.001308,12.506711995229125
1790387436.0054207,1.5095509879756719
1790387436.0087109,1.3087889819871634
1790387436.01273,1.6083510126918554
1790387436.0622528,15.95925199217163
1790387436.0782409,43.79945999244228
1790387436.079111,19.78108601178974
1790387436.079385,8.073616016190499
1790387436.0797648,31.134933000430465
1790387436.0799363,3.9027669990900904
1790387436.0806322,3.586956998333335
1790387436.0842633,3.0419919930864125
1790387436.0843492,2.3989900073502213
1790387436.113638,1.814825984183699
1790387436.1491537,1.7794160230550915
1790387436.1537356,1.7670209927018732
1790387436.1538422,2.43789199157618
1790387436.1647692,1.82641702122055
1790387436.1968052,30.193718994269148
1790387436.202884,1.5695950132794678
1790387436.2067862,1.6064009978435934
1790387436.218509,1.9136660266667604
1790387436.218605,2.8051800036337227
1790387436.245291,1.7442789976485074
1790387436.255253,1.7702440090943128
1790387436.3568563,41.41445399727672
1790387436.357671,48.479096993105486
1790387436.3600745,48.171471018576995
1790387436.3606522,5.356655019568279
1790387436.3607194,5.514486023457721
1790387436.363241,1.8858030089177191
1790387436.3696988,1.487632980570197
1790387436.3739467,1.3608319859486073
1790387436.3760567,1.295717986067757
1790387436.4077659,1.8605899822432548
1790387436.4187977,2.0112060010433197
1790387436.42521,2.092467009788379
1790387436.4259012,1.934555999469012
1790387436.438222,1.7131600179709494
1790387436.4516492,1.8140749889425933
1790387436.4800744,1.7315599834546447
1790387436.4801466,2.470311999786645
1790387436.5332935,29.79216500534676
1790387436.5334485,32.21707700868137
1790387436.5335584,45.04780299612321
1790387436.5413792,24.88345600431785
1790387436.5418806,15.160945011302829
1790387436.542434,11.660282005323097
1790387436.5425072,31.84952397714369
1790387436.5429783,4.3481719912961125
1790387436.547463,1.4574569941032678
1790387436.5478923,1.205784996272996
1790387436.5682037,1.747586007695645
1790387436.5732722,3.2389919797424227
1790387436.5733917,2.571707998868078
1790387436.5991127,21.801280992804095
1790387436.5992036,17.53396599087864
1790387436.6015291,1.404714974341914
1790387436.619036,2.048627007752657
1790387436.6271925,1.6190900059882551
1790387436.6551473,26.75182299572043
1790387436.6698074,2.2115590109024197
1790387436.6739042,1.9112509908154607
1790387436.684127,1.5868160116951913
1790387436.6862483,1.5598030004184693
1790387436.7089455,1.7969619948416948
1790387436.7318168,1.6776149859651923
1790387436.7335422,1.714996004011482
1790387436.749291,2.011306001804769
1790387436.758807,1.6227460000663996
1790387436.789467,1.701354020042345
1790387436.8066287,1.9295489764772356
1790387436.8345995,25.03289800370112
1790387436.834691,18.393678008578718
1790387436.879282,26.550083013717085
1790387436.88692,46.08971200650558
1790387436.887475,30.595500982599333
1790387436.8877764,21.312093012966216
1790387436.8878427,41.33000402362086
1790387436.913193,17.529023985844105
1790387436.9137514,16.4824329840485
1790387436.9295928,47.46412902022712
1790387436.9297116,28.78631401108578
1790387436.9380245,33.211375994142145
1790387436.9409082,3.808243985986337
1790387436.9429662,3.344695986015722
1790387436.9431427,3.1389430223498493
1790387436.943417,2.000909997150302
1790387436.9434924,4.656154982512817
1790387436.9682143,21.203529002377763
1790387436.9691281,2.0790320122614503
1790387436.9889083,2.2029429965186864
1790387437.0101337,20.61145901097916
1790387437.0107238,4.18348700623028
1790387437.0108273,12.099594983737916
1790387437.0122416,1.5059710131026804
1790387437.0322983,1.8791519978549331
1790387437.040178,1.5450940118171275
1790387437.066176,10.568597994279116
1790387437.0668683,24.32961401063949
1790387437.0669532,7.59448399185203
1790387437.1089156,2.002585999434814
1790387437.1245368,1.788830995792523
1790387437.1305897,1.9321540021337569
1790387437.1631339,27.105451008537784
1790387437.163336,28.0466350086499
1790387437.1640208,25.917876977473497
1790387437.1643584,3.0213109857868403
1790387437.164424,1.9189549784641713
1790387437.1835938,1.721567998174578
1790387437.1938202,1.6343409952241927
1790387437.2491686,22.508162015583366
1790387437.2492962,26.16908200434409
1790387437.2497122,3.695800027344376
1790387437.2611966,2.438997005810961
1790387437.271353,2.048919996013865
1790387437.2756474,2.0910140010528266
1790387437.2761056,2.9955390200484544
1790387437.2886434,1.6738720005378127
1790387437.2929134,1.4775979798287153
1790387437.3188884,2.429732005111873
1790387437.3202717,1.3723949959967285
1790387437.336866,1.716817991109565
1790387437.340339,1.3826439972035587
1790387437.365785,2.5221839896403253
1790387437.3666153,1.4097790117375553
1790387437.3700168,1.4740839833393693
1790387437.3798635,1.8700229993555695
1790387437.3863745,2.554095000959933
1790387437.3864906,2.22648199996911
1790387437.3871706,2.088468987494707
1790387437.4034517,1.8112190009560436
1790387437.4124632,2.2433240083046257
1790387437.4232788,1.65185600053519
1790387437.4303105,1.4961850247345865
1790387437.436681,1.9103930098935962
1790387437.4728775,19.797468004981056
1790387437.47296,28.185685019707307
1790387437.4731634,10.746003012172878
1790387437.4737663,14.976266014855355
1790387437.4738457,2.774110995233059
1790387437.4796507,1.7934690113179386
1790387437.4820454,1.5693150053266436
1790387437.4954813,1.630623999517411
1790387437.523451,1.9660920079331845
1790387437.5264156,1.982871996005997
1790387437.5458748,1.949609984876588
1790387437.5544212,2.2248069872148335
1790387437.5739446,2.8597990167327225
1790387437.6064444,14.558520982973278
1790387437.6071846,33.8115050108172
1790387437.607396,14.970627991715446
1790387437.6237056,19.157129019731656
1790387437.6284215,48.1148170074448
1790387437.6286316,10.527567996177822
1790387437.6295726,9.33963799616322
1790387437.6297178,6.779136980185285
1790387437.6328807,1.5807750169187784
1790387437.638869,2.154528017854318
1790387437.6466317,2.446730009978637
1790387437.6567976,2.379069017479196
1790387437.6717777,2.1413159847725183
1790387437.697517,25.25183401303366
1790387437.7095828,1.956793013960123
1790387437.7145917,1.6259650001302361
1790387437.7317085,2.832616009982303
1790387437.7474036,2.179659000830725
1790387437.7630582,1.9615830096881837
1790387437.7851539,20.309899002313614
1790387437.7860212,9.965201985323802
1790387437.7860851,10.562442999798805
1790387437.8062303,2.4802919942885637
1790387437.8063195,1.841991994297132
1790387437.8258636,2.8909030079375952
1790387437.8422074,1.6495310119353235
1790387437.8475692,1.520728983450681
1790387437.8529377,1.383969996822998
1790387437.854597,1.1395470064599067
1790387437.8685699,2.4340859963558614
1790387437.869385,1.7230049998033792
1790387437.8782105,2.1795069915242493
1790387437.8830838,2.413679991150275
1790387437.9254332,28.469912998843938
1790387437.926484,26.8442619999405
1790387437.9269614,19.388710003113374
1790387437.9271421,31.7306219949387
1790387437.9275067,24.039012991124764
1790387437.9276345,5.409686011262238
1790387437.9278631,4.34862999827601
1790387437.9485574,26.998961984645575
1790387437.9491253,1.8986200157087296
1790387437.9537892,1.4216880081221461
1790387437.9649415,1.8013780063483864
1790387437.9766898,1.7414629983250052
1790387437.985472,2.0494170021265745
1790387437.9999683,2.256785024655983
1790387438.0016813,1.6992159944493324
1790387438.0071223,2.3073229822330177
1790387438.0465925,2.4853780050761998
1790387438.0571518,2.1073329844512045
1790387438.0870917,24.331706983502954
1790387438.1015897,1.6853520064614713
1790387438.1155117,1.653683022595942
1790387438.1309133,2.3240309965331107
1790387438.1315746,1.6023479984141886
1790387438.1365113,1.241869991645217
1790387438.1467118,1.3541349908336997
1790387438.150047,1.7648999928496778
1790387438.1561422,1.530378998722881
1790387438.1604476,1.601139985723421
1790387438.183519,23.82070300518535
1790387438.1836367,13.260973995784298
1790387438.183695,16.833125991979614
1790387438.1896238,16.667115996824577
1790387438.2052891,28.20415800670162
1790387438.2065618,29.005706019233912
1790387438.2066534,33.087802992668
1790387438.2070353,22.331582993501797
1790387438.2075598,15.385203005280346
1790387438.2082486,7.514271012041718
1790387438.2127795,1.4151640061754733
1790387438.2278018,3.2346810039598495
1790387438.2288215,2.400944009423256
1790387438.2429159,2.496114990208298
1790387438.2443225,1.3946279941592366
1790387438.2516692,1.7676459974609315
1790387438.2771957,2.83078700886108
1790387438.2773051,2.155125985154882
1790387438.2871501,2.061364008113742
1790387438.2879624,1.2477250129450113
1790387438.296143,1.3401960022747517
1790387438.3222542,23.1147579906974
1790387438.3225822,17.590360017493367
1790387438.3277867,13.151830993592739
1790387438.3423774,23.803524003596976
1790387438.3424697,10.086019989103079
1790387438.3516886,2.0627840131055564
1790387438.379487,2.34315000125207
1790387438.4039817,1.9637580262497067
1790387438.431864,2.109788008965552
1790387438.4327996,1.8811240151990205
1790387438.4480119,1.945312978932634
1790387438.4513006,2.079605998005718
1790387438.4687793,2.358964004088193
1790387438.468861,3.4094330039806664
1790387438.4953797,1.6045130032580346
1790387438.5249255,18.39508899138309
1790387438.5250292,23.405263986205682
1790387438.5258217,2.2324330057017505
1790387438.5834322,39.412034006090835
1790387438.6104298,42.2475170053076
1790387438.6112154,53.584738983772695
1790387438.6113024,56.48185999598354
1790387438.6113577,28.7584459874779
1790387438.6203852,1.5287550049833953
1790387438.6742876,38.110023975605145
1790387438.682901,23.916435020510107
1790387438.683514,27.762490994064137
1790387438.684043,22.585389990126714
1790387438.6841202,20.69655602099374
1790387438.7046292,1.9012550183106214
1790387438.7224479,2.222676994279027
1790387438.7260752,1.5828940086066723
1790387438.7391386,1.69417800498195
1790387438.7476356,1.4278150047175586
1790387438.7547853,1.7433729954063892
1790387438.764409,1.5205590170808136
1790387438.768496,1.3887689856346697
1790387438.7820883,2.3336059821303934
1790387438.8192239,11.35674599208869
1790387438.8198264,12.082642002496868
1790387438.8222961,7.663845986826345
1790387438.840154,3.295353992143646
1790387438.8402169,2.7226380188949406
1790387438.8485494,2.1163539786357433
1790387438.8509245,1.316756010055542
1790387438.8731997,3.833755006780848
1790387438.9017394,20.399534987518564
1790387438.9018846,19.18594099697657
1790387438.906162,6.519507005577907
1790387438.9067202,16.347312019206583
1790387438.907183,4.512862011324614
1790387438.9073298,3.491343988571316
1790387438.9080575,1.885713980300352
1790387438.9137313,1.649637008085847
1790387438.9167962,1.1953289795201272
1790387438.9247153,1.3673340145032853
1790387438.9511304,2.8953129949513823
1790387438.960315,8.958684979006648
1790387438.9637957,9.733711020089686
1790387438.9758816,1.5203960065264255
1790387438.976006,2.3728600062895566
1790387438.9873435,2.2488039976451546
1790387438.9952781,2.0499469828791916
1790387438.9959,1.715183985652402
1790387438.998821,1.3238340034149587
1790387439.0018358,2.2175339981913567
1790387439.0019255,2.8153799939900637
1790387439.0134473,1.453814998967573
1790387439.015979,1.3645869912579656
1790387439.0173016,1.1399049835745245
1790387439.040562,2.3477690119761974
1790387439.0533588,1.8124909838661551
1790387439.0753691,1.6848990053404123
1790387439.0793886,1.4059320092201233
1790387439.1079962,1.7991699860431254
1790387439.135423,21.911087998887524
1790387439.1525512,1.8108090152963996
1790387439.2143188,2.265127986902371
1790387439.2194865,2.0651759987231344
1790387439.2306666,1.6317970003001392
1790387439.2701561,21.57701799296774
1790387439.292447,3.1606769771315157
1790387439.298474,1.4756900200154632
1790387439.3055336,1.4287930098362267
1790387439.3139868,1.4353260048665106
1790387439.3201406,1.5497830172535032
1790387439.3224943,1.7965739825740457
1790387439.3332005,1.3729879865422845
1790387439.3530297,1.7632289964240044
1790387439.3576262,1.339217007625848
1790387439.3613448,1.3075640017632395
1790387439.3756857,1.9564349786378443
1790387439.3822644,1.6583850083407015
1790387439.3936074,1.7967040184885263
1790387439.4015539,1.3609229936264455
1790387439.4276977,19.35872100875713
1790387439.4277852,22.5792049895972
1790387439.4525743,1.8119009910151362
1790387439.4993057,4.551604011794552
1790387439.4993765,3.1813730020076036
1790387439.5004714,1.615783985471353
1790387439.5037496,1.1584379826672375
1790387439.5118358,1.3622209953609854
1790387439.5327632,1.717503007967025
1790387439.5582197,2.826191979693249
1790387439.5882678,14.561670977855101
1790387439.5888596,23.85209800559096
1790387439.5891035,16.140620020451024
1790387439.589926,8.309160999488086
1790387439.5900252,6.257389992242679
1790387439.5903225,5.753145000198856
1790387439.5903742,3.2989040191750973
1790387439.5917408,1.1092119966633618
1790387439.5950093,1.1759230110328645
1790387439.6161578,2.099751989590004
1790387439.6165144,3.046947007533163
1790387439.6300588,2.2832570248283446
1790387439.6363683,1.7779750050976872
1790387439.644932,1.4560150157194585
1790387439.650577,1.8615759909152985
1790387439.6595592,1.8750859890133142
1790387439.687934,1.912206003908068
1790387439.6902423,1.4828270068392158
1790387439.698207,1.8338120135013014
1790387439.738651,21.765259007224813
1790387439.7411132,1.4487669977825135
1790387439.751282,2.1672709845006466
1790387439.759596,2.111998008331284
1790387439.7600908,1.4399100036825985
1790387439.7693105,1.593895984115079
1790387439.776958,1.86423902050592
1790387439.7933412,1.702257024589926
1790387439.8000906,1.7472659819759429
1790387439.8053098,1.3199099921621382
1790387439.8115969,1.2434819946065545
1790387439.8201144,1.4937170199118555
1790387439.8235059,1.3572000025305897
1790387439.855214,3.9707859978079796
1790387439.8560965,4.041160980705172
1790387439.8641331,1.5249180141836405
1790387439.8790371,1.6763060120865703
1790387439.88888,1.5102380129974335
1790387439.8951507,1.3795419945381582
1790387439.9046733,1.5545260102953762
1790387439.9059148,1.1459169909358025
1790387439.913775,1.372097001876682
1790387439.9176602,2.151466003851965
1790387439.9198573,1.4693300181534141
1790387439.9613914,2.836003026459366
1790387439.9669173,1.9537070184014738
1790387440.0056474,23.195351008325815
1790387440.0068383,19.706947990925983
1790387440.007461,24.27949701086618
1790387440.007585,13.877174002118409
1790387440.00765,20.904456003336236
1790387440.0295877,1.7684510094113648
1790387440.042786,1.9277730025351048
1790387440.0821083,2.149671985534951
1790387440.0845516,2.4296470219269395
1790387440.0852973,2.5860269961412996
1790387440.0943758,1.531412999611348
1790387440.0970821,1.2639010092243552
1790387440.1018293,1.224493986228481
1790387440.1098356,1.291576016228646
1790387440.1209052,1.9875500001944602
1790387440.1460564,7.851564005250111
1790387440.1462142,23.386885004583746
1790387440.1608193,1.4013109903316945
1790387440.176089,1.4971420168876648
1790387440.178467,1.3207120064180344
1790387440.1819239,1.509817986516282
1790387440.1933215,1.4385849935933948
1790387440.2052035,2.0932409970555454
1790387440.206623,1.4092719939071685
1790387440.2212338,1.7555709928274155
1790387440.2369611,1.751692994730547
1790387440.2502308,1.4750830014236271
1790387440.2659326,1.635485008591786
1790387440.2911806,1.9998330099042505
1790387440.2918372,1.68274698080495
1790387440.2972066,1.5077500138431787
1790387440.3495412,2.680478006368503
1790387440.3503902,1.8012600194197148
1790387440.3968873,33.24243298266083
1790387440.397557,38.06009000982158
1790387440.4044368,39.02081600972451
1790387440.4045868,27.90603498579003
1790387440.4046838,39.76822999538854
1790387440.4051037,27.88804000010714
1790387440.4054093,18.281124997884035
1790387440.405947,11.374401015928015
1790387440.4064207,8.737717987969518
1790387440.4177816,1.4738989993929863
1790387440.4197004,1.329238002654165
1790387440.429181,1.858922973042354
1790387440.434093,1.3392309774644673
1790387440.437999,1.1936160153709352
1790387440.4456527,1.5647780091967434
1790387440.4792542,1.875807996839285
1790387440.4906275,1.866392994998023
1790387440.510568,2.3635020188521594
1790387440.5106502,3.082590992562473
1790387440.5135841,1.6136080084834248
1790387440.523696,2.2417280124500394
1790387440.5295117,2.1992010006215423
1790387440.5345378,1.5010049974080175
1790387440.54247,1.40538698178716
1790387440.543991,1.1844569817185402
1790387440.5534837,1.5176559973042458
1790387440.5648668,1.683756010606885
1790387440.5727084,1.9879080064129084
1790387440.5782144,1.9225389987695962
1790387440.594695,1.8554900016169995
1790387440.6056159,1.7252610123250633
1790387440.6144996,1.3725250028073788
1790387440.6259255,2.1406650193966925
1790387440.6557667,1.7292190168518573
1790387440.668948,1.834794005844742
1790387440.676845,2.7486330072861165
1790387440.7037272,21.693132002837956
1790387440.7038002,8.532861975254491
1790387440.708259,2.6218010170850903
1790387440.7135746,1.8701489898376167
1790387440.7245858,2.287137001985684
1790387440.72468,2.5167749845422804
1790387440.733117,2.0492050098255277
1790387440.753149,21.124284015968442
1790387440.773953,3.2346699736081064
1790387440.774036,2.5728269829414785
1790387440.7756672,3.649577993201092
1790387440.7766879,3.4327970060985535
1790387440.7767675,2.4205119989346713
1790387440.7830055,1.4327050012070686
1790387440.8075013,16.562592005357146
1790387440.8083339,22.35497097717598
1790387440.8133302,14.67236501048319
1790387440.8285618,20.315905014285818
1790387440.8286293,29.05306700267829
1790387440.829022,1.8628800171427429
1790387440.830745,1.1733860010281205
1790387440.8580148,2.185560006182641
1790387440.8755467,2.898321981774643
1790387440.8757215,3.692158992635086
1790387440.8816984,2.1385260042734444
1790387440.9072986,1.6438399907201529
1790387440.9209182,2.0412699959706515
1790387440.932796,1.6965570102911443
1790387440.9573996,22.063309996156022
1790387440.972555,1.8420370179228485
1790387440.9907913,1.7240940069314092
1790387441.016208,22.26422299281694
1790387441.0162728,25.05533999647014
1790387441.0417688,1.6412870027124882
1790387441.0464299,1.5167130040936172
1790387441.0468862,1.220423000631854
1790387441.056464,3.010496002389118
1790387441.066452,1.68058299459517
1790387441.1060922,23.031430988339707
1790387441.106209,20.85576899116859
1790387441.1065753,4.622452019248158
1790387441.1066577,13.644771999679506
1790387441.1207116,2.147402992704883
1790387441.1215663,1.2831839849241078
1790387441.132167,1.5369830070994794
1790387441.1425292,1.5774769999552518
1790387441.1792731,20.273322996217757
1790387441.181769,1.6325019823852926
1790387441.1829329,1.1553119984455407
1790387441.2064009,21.325975976651534
1790387441.206525,13.109831983456388
1790387441.207177,8.680312981596217
1790387441.2073028,10.712515999330208
1790387441.2088995,6.551467988174409
1790387441.2089603,7.056673988699913
1790387441.2090182,3.9121929730754346
1790387441.2130027,1.3253199867904186
1790387441.2352526,20.62829097849317
1790387441.2356377,3.0793400073889643
1790387441.2356977,2.303926012245938
1790387441.242058,1.1541979911271483
1790387441.2640228,6.2469629920087755
1790387441.2641985,7.110719016054645
1790387441.264637,4.0797420078888535
1790387441.275199,1.6625820135232061
1790387441.3112595,1.968227996258065
1790387441.3133461,1.848540996434167
1790387441.3597531,2.428455016342923
1790387441.365003,2.134822978405282
1790387441.3930545,3.425567992962897
1790387441.3949926,2.603311004349962
1790387441.3952098,3.9833129849284887
1790387441.4362764,21.94155499455519
1790387441.4366474,20.155314006842673
1790387441.4367578,23.320273001445457
1790387441.451532,1.4345759991556406
1790387441.4672382,1.5630029956810176
1790387441.4932597,13.3836250170134
1790387441.4937239,10.539742012042552
1790387441.4938176,23.389862006297335
1790387441.5069022,2.035939018242061
1790387441.5119083,1.6067380202002823
1790387441.5179794,1.5323600091505796
1790387441.532542,1.6459340113215148
1790387441.5570018,2.644213003804907
1790387441.561898,1.7320309998467565
1790387441.5847673,19.104640989098698
1790387441.5852633,13.214553007856011
1790387441.585333,21.80607500486076
1790387441.585577,4.430195986060426
1790387441.6074111,1.6317580011673272
1790387441.616205,1.6333220119122416
1790387441.6441815,25.310828001238406
1790387441.659377,21.51371698710136
1790387441.6594503,26.33293700637296
1790387441.6777077,2.1428100008051842
1790387441.6855314,1.6086309915408492
1790387441.688526,1.533519010990858
1790387441.6974275,1.286197017179802
1790387441.7147138,2.6789990079123527
1790387441.7485094,1.7410170112270862
1790387441.754674,1.3985469995532185
1790387441.757164,1.6889620164874941
1790387441.767973,1.5269120049197227
1790387441.781584,3.102179995039478
1790387441.7816648,2.547624026192352
1790387441.7855103,1.209289999678731
1790387441.8066945,1.6266079910565168
1790387441.8384166,1.9568690040614456
1790387441.8499608,2.072742994641885
1790387441.8848014,1.93194200983271
1790387441.897406,1.8266530241817236
1790387441.9002166,1.2681549997068942
1790387441.9169633,2.4271750007756054
1790387441.9240668,1.6344329924322665
1790387441.9354215,2.3159710108302534
1790387441.935688,1.7232229874935001
1790387441.9621677,23.095969983842224
1790387441.9622514,22.72987097967416
1790387441.9907935,21.178466005949304
1790387442.001298,29.32522798073478
1790387442.0066297,37.650707992725074
1790387442.0132837,31.077924999408424
1790387442.013604,35.38319098879583
1790387442.0144074,24.923309014411643
1790387442.014844,16.155327000888065
1790387442.0149462,14.345710980705917
1790387442.024742,1.5237379993777722
1790387442.0564852,13.786003983113915
1790387442.056681,18.425902992021292
1790387442.0569556,4.961408005328849
1790387442.057012,22.881479002535343
1790387442.0596592,1.381139998557046
1790387442.0839322,1.7243650218006223
1790387442.085547,1.6043799987528473
1790387442.1056428,20.916003006277606
1790387442.1069913,1.8530219967942685
1790387442.1088607,1.7493930063210428
1790387442.1161559,1.7927000008057803
1790387442.1582813,2.1519689762499183
1790387442.1643414,2.7281210059300065
1790387442.1719074,2.0456679922062904
1790387442.1743844,1.3397930015344173
1790387442.189588,2.290203992743045
1790387442.2083647,1.7527170130051672
1790387442.2633474,2.0233689865563065
1790387442.2655728,1.311225991230458
1790387442.2817452,1.751877018250525
1790387442.2875211,2.4806309957057238
1790387442.288778,2.2809710062574595
1790387442.2906365,1.4901529939379543
1790387442.2992592,2.3717300209682435
1790387442.3027253,1.2595589796546847
1790387442.3186533,1.906599005451426
1790387442.3208714,1.3433129934128374
1790387442.3373609,1.637045992538333
1790387442.3653753,20.136687002377585
1790387442.3657064,4.817784996703267
1790387442.37023,1.4201889862306416
1790387442.3784926,1.679692999459803
1790387442.3927262,2.414096990833059
1790387442.3931599,1.4814869791734964
1790387442.4275498,2.04650399973616
1790387442.4337003,1.8330599996261299
1790387442.4401257,2.4793000193312764
1790387442.4469025,2.2587929852306843
1790387442.4641643,1.9200080132577568
1790387442.4787421,2.2073790023569018
1790387442.4860632,2.3392699949909
1790387442.493241,2.0915709901601076
1790387442.5020258,2.2443310008384287
1790387442.5092885,2.1513159736059606
1790387442.531372,2.101445017615333
1790387442.5368056,4.726123996078968
1790387442.5369573,4.113815986784175
1790387442.5440183,9.175927989417687
1790387442.5789118,44.90770600386895
1790387442.5838037,34.96302000712603
1790387442.5843487,6.519471004139632
1790387442.5874062,1.566318009281531
1790387442.6184807,24.399683985393494
1790387442.6186943,25.236865010811016
1790387442.6188278,10.48131097923033
1790387442.619283,2.114492002874613
1790387442.6247962,1.5382870042230934
1790387442.6402833,5.051976011600345
1790387442.6411886,3.3994989935308695
1790387442.667131,1.9372310198377818
1790387442.676536,3.104424016783014
1790387442.693398,8.78194099641405
1790387442.6942074,11.369340994860977
1790387442.6947773,6.023808004101738
1790387442.6963835,3.8434540037997067
1790387442.6964905,4.781433002790436
1790387442.7504778,23.900030995719135
1790387442.7524903,28.684386983513832
1790387442.7525985,19.16234102100134
1790387442.7635212,28.507861017715186
1790387442.769575,31.97618600097485
1790387442.790476,41.93954300717451
1790387442.8086872,63.2872819842305
1790387442.8206873,43.5407769982703
1790387442.8217418,41.73206401173957
1790387442.8223207,33.966622984735295
1790387442.8223982,66.36247699498199
1790387442.8225067,60.67433598218486
1790387442.822579,23.682847997406498
1790387442.8227975,23.229582991916686
1790387442.8270805,2.2610680025536567
1790387442.8741326,43.034290021751076
1790387442.874208,47.514067991869524
1790387442.8743446,48.48877599579282
1790387442.8844757,46.70889099361375
1790387442.9198549,78.70567200006917
1790387442.9206595,76.8834899936337
1790387442.9260461,87.7153979963623
1790387442.9430456,67.34589699772187
1790387442.9438305,49.737816996639594
1790387442.9594069,58.58076401636936
1790387442.9687414,66.79610902210698
1790387442.9688663,54.119726992212236
1790387442.9699004,45.256104989675805
1790387442.9699745,30.534039018675685
1790387442.971052,10.865593008929864
1790387442.971137,17.82789098797366
1790387443.0073757,1.7563370056450367
1790387443.011858,1.609250990441069
1790387443.01999,1.468574977479875
1790387443.0668135,21.470159990713
1790387443.067575,26.621010998496786
1790387443.0679703,5.705001996830106
1790387443.068031,4.370726994238794
1790387443.0829544,2.634853997733444
1790387443.083599,1.9035680161323398
1790387443.0969427,1.9175650086253881
1790387443.100638,1.281214994378388
1790387443.1193478,2.3263990005943924
1790387443.1365814,14.612223982112482
1790387443.1500142,21.225561999017373
1790387443.1503549,17.376537987729535
1790387443.1506128,11.823203007224947
1790387443.1511905,32.88082100334577
1790387443.1518493,8.579255983931944
1790387443.151946,7.483997993404046
1790387443.164055,1.8335730128455907
1790387443.1659667,1.8987020011991262
1790387443.173246,1.8823159916792065
1790387443.1839755,1.805423991754651
1790387443.190794,1.951336016645655
1790387443.2145512,1.7148700135294348
1790387443.2182918,1.789617002941668
1790387443.222367,1.5874119999352843
1790387443.2281785,1.59541898756288
1790387443.2495852,2.2320260177366436
1790387443.2621727,1.8108380027115345
1790387443.2691703,2.151605993276462
1790387443.2711074,1.5902919985819608
1790387443.2837064,2.0181770087219775
1790387443.2936816,1.7189740028697997
1790387443.2978032,1.8021150026470423
1790387443.3262239,25.841511989710853
1790387443.3263457,25.118742021732032
1790387443.3272798,21.203757991315797
1790387443.3279946,14.897337998263538
1790387443.3282652,7.070958992699161
1790387443.3301256,1.8484129977878183
1790387443.3351004,1.7423690005671233
1790387443.3546457,2.0456000056583434
1790387443.3641076,1.6986530099529773
1790387443.3664358,1.518186996690929
1790387443.371676,1.5855120145715773
1790387443.379851,2.6201849977951497
1790387443.3801534,2.3586919996887445
1790387443.3815837,1.3340479927137494
1790387443.3936186,1.9864810165017843
1790387443.4063585,1.8277080089319497
1790387443.4387293,1.7819629865698516
1790387443.4421735,1.4911770122125745
1790387443.4565547,1.7236229905392975
1790387443.476244,1.6753500094637275
1790387443.4869702,1.7562770226504654
1790387443.5190456,22.343741002259776
1790387443.5597289,12.758097000187263
1790387443.5602047,22.646051016636193
1790387443.5760198,1.6649919853080064
1790387443.5775514,1.3437919842544943
1790387443.6094174,1.7952950147446245
1790387443.6352127,16.698852996341884
1790387443.6370296,28.484329988714308
1790387443.6378007,17.698432988254353
1790387443.6381123,15.380822995211929
1790387443.6392093,2.1268469863571227
1790387443.6392646,3.686951007694006
1790387443.645842,1.5779540117364377
1790387443.6476538,1.686442003119737
1790387443.6478927,1.4644309994764626
1790387443.682246,1.7203940078616142
1790387443.6998484,1.827209023758769
1790387443.7053618,1.6812400135677308
1790387443.7054625,2.5505769881419837
1790387443.708846,1.3453869905788451
1790387443.7115269,1.2984990025870502
1790387443.7428968,25.40284499991685
1790387443.7436733,27.477455005282536
1790387443.7444856,9.177063999231905
1790387443.7445555,2.620723011204973
1790387443.755071,1.9281990244053304
1790387443.7826517,22.14186202036217
1790387443.7827246,13.170388992875814
1790387443.808335,9.854955977061763
1790387443.8084052,21.529658988583833
1790387443.8211927,1.686716015683487
1790387443.862029,2.698154014069587
1790387443.863118,2.670663991011679
1790387443.8632026,3.3608619996812195
1790387443.8645315,1.9119600183330476
1790387443.8652806,1.7341040074825287
1790387443.8692071,1.8141139880754054
1790387443.9101837,1.7064050189219415
1790387443.9233716,1.8512389797251672
1790387443.9402215,1.726841990603134
1790387443.9453282,1.3211499899625778
1790387443.947733,1.3952050067018718
1790387443.9549456,1.4300629845820367
1790387443.9682934,2.052145980997011
1790387443.9764102,1.6105340037029237
1790387443.9828084,1.5360419929493219
1790387443.9853444,1.302707998547703
1790387444.003308,17.600986000616103
1790387444.0041866,17.220992012880743
1790387444.009908,21.133925998583436
1790387444.0113263,25.17728999373503
1790387444.02744,36.61205401294865
1790387444.0275042,38.15072600264102
1790387444.0324202,33.67152300779708
1790387444.0340004,12.450587004423141
1790387444.0340924,37.52405900740996
1790387444.047338,12.53753001219593
1790387444.0589194,23.35796700208448
1790387444.0590086,17.121529002906755
1790387444.0590773,5.6629489990882576
1790387444.0760968,1.628202007850632
1790387444.0912545,1.6671239864081144
1790387444.1212823,2.087317989207804
1790387444.1229177,1.4089129981584847
1790387444.1314392,2.379996993113309
1790387444.1413615,1.8613290158100426
1790387444.1427903,1.1810879805125296
1790387444.1467562,1.28044601297006
1790387444.1568205,1.8565950158517808
1790387444.1692417,3.259980003349483
1790387444.2031772,18.942087015602738
1790387444.2032962,22.90032000746578
1790387444.205167,1.423731999238953
1790387444.2111423,1.416324987076223
1790387444.2241144,2.2067190147936344
1790387444.2277203,1.4723619970027357
1790387444.2379997,1.6112790035549551
1790387444.242531,1.4203540049493313
1790387444.2456589,1.8685359973460436
1790387444.2565098,2.2257610107772052
1790387444.2948937,1.6154419863596559
1790387444.317433,20.832815003814176
1790387444.3175201,13.80358700407669
1790387444.3207088,1.5241439978126436
1790387444.3452063,9.130646998528391
1790387444.3457656,21.83338100439869
1790387444.3462384,6.7846519814338535
1790387444.3462918,2.441057004034519
1790387444.3558745,1.9586700072977692
1790387444.361699,1.6252959903795272
1790387444.4006581,1.7952950147446245
1790387444.4080153,1.4747560198884457
1790387444.4764597,60.4718089743983
1790387444.4767587,59.421854006359354
1790387444.4855237,46.35312102618627
1790387444.5070736,88.40873499866575
1790387444.51057,51.90263700205833
1790387444.5107634,39.41632100031711
1790387444.5111358,54.550825007027015
1790387444.5115323,36.60363200469874
1790387444.5115979,38.795560016296804
1790387444.5341957,43.51368101197295
1790387444.5347722,52.13673101388849
1790387444.535472,18.699373002164066
1790387444.5360272,16.078877000836655
1790387444.5361297,9.366055019199848
1790387444.5387795,1.4662829926237464
1790387444.5699987,1.6923660004977137
1790387444.58696,2.3292239930015057
1790387444.59233,1.9416309951338917
1790387444.5928907,1.5290699957404286
1790387444.607313,2.1129230153746903
1790387444.6170912,1.83433698839508
1790387444.627807,1.8279979994986206
1790387444.6357267,1.6906810051295906
1790387444.6392784,1.6327830089721829
1790387444.672368,21.3924259878695
1790387444.6770344,1.6675609804224223
1790387444.7357976,48.50551698473282
1790387444.73886,23.029326024698094
1790387444.739237,34.60911300498992
1790387444.739298,30.415454995818436
1790387444.7398481,18.60951498383656
1790387444.7400954,14.565577992470935
1790387444.7403922,4.45494701853022
1790387444.7521033,1.8182409985456616
1790387444.7794313,1.7869739967864007
1790387444.7890568,2.6126059819944203
1790387444.8113275,20.403185015311465
1790387444.8473713,1.8650729907676578
1790387444.8674116,2.10713897831738
1790387444.8887925,1.878501003375277
1790387444.8994656,1.5722360112704337
1790387444.9098244,1.9238709937781096
1790387444.9193904,1.65771902538836
1790387444.930621,1.5743899857625365
1790387444.9642224,26.381232019048184
1790387444.9828207,36.4931579970289
1790387444.9829803,39.24913099035621
1790387444.983455,16.94034901447594
1790387444.991933,1.8227280233986676
1790387444.9996696,1.5291419986169785
1790387445.012943,1.7344329971820116
1790387445.0187192,1.8564359925221652
1790387445.0250719,2.1025720052421093
1790387445.025363,1.9336359982844442
1790387445.0280392,1.5241710061673075
1790387445.0569408,7.108571007847786
1790387445.0570269,23.051305004628375
1790387445.057095,21.18695600074716
1790387445.0884736,21.20335798827
1790387445.1041577,1.6424900095444173
1790387445.1098845,1.379572000587359
1790387445.1384606,1.6284300072584301
1790387445.1817503,16.034688014769927
1790387445.1924233,41.71440997743048
1790387445.2062201,38.201204006327316
1790387445.206389,37.46921199490316
1790387445.206931,31.631229008780792
1790387445.2083216,32.44985401397571
1790387445.2087579,26.688036014093086
1790387445.2090104,25.576273998012766
1790387445.2095768,33.054183004423976
1790387445.2102473,13.248631992610171
1790387445.2104278,5.3615180077031255
1790387445.2113676,2.343970991205424
1790387445.264653,1.6588620201218873
1790387445.3401616,1.8332699837628752
1790387445.348748,1.5978419978637248
1790387445.3808386,24.174385995138437
1790387445.3813863,21.139129006769508
1790387445.3814566,4.343716980656609
1790387445.388373,1.6650570032652467
1790387445.393924,1.6217590018641204
1790387445.3969033,1.292620989261195
1790387445.434985,22.408608987461776
1790387445.456692,1.9391799869481474
1790387445.4629042,2.0771879935637116
1790387445.473782,11.728481011232361
1790387445.4871566,25.691402988741174
1790387445.5277002,22.305696009425446
1790387445.5591567,19.598578015575185
1790387445.559686,1076.474790024804
1790387445.5602136,4.421260993694887
1790387445.5718405,1.5729930019006133
1790387445.5963285,13.756130007095635
1790387445.5966654,12.925519986310974
1790387445.5968242,24.43216199753806
1790387445.6138341,1.720415981253609
1790387445.6242168,1.738762977765873
1790387445.6595259,33.97162299370393
1790387445.6729646,40.77303799567744
1790387445.6730464,28.176305000670254
1790387445.6742532,14.27783799590543
1790387445.6743653,26.695677981479093
1790387445.6746166,30.556978017557412
1790387445.6752663,2.9583009891211987
1790387445.6794944,1.5540910244453698
1790387445.6902556,1.9880789914168417
1790387445.69253,1.8416930106468499
1790387445.7035348,2.058720972854644
1790387445.7050374,1.490722002927214
1790387445.7188258,1.7449599981773645
1790387445.7445176,1.748507987940684
1790387445.7837355,17.452314990805462
1790387445.7895699,14.576976012904197
1790387445.7947795,34.28926700144075
1790387445.8117197,34.36108201276511
1790387445.81198,32.40182998706587
1790387445.8127606,18.77000098465942
1790387445.8128488,3.4363279992248863
1790387445.8131952,2.507911005523056
1790387445.8146136,1.408780983183533
1790387445.8187037,1.5919849975034595
1790387445.8301718,1.5870429924689233
1790387445.909397,2.174209977965802
1790387445.9148655,1.7376339819747955
1790387445.9164088,1.2789799948222935
1790387445.9368455,1.8815409857779741
1790387445.9603462,12.612585007445887
1790387445.960622,22.793059004470706
1790387445.9606779,6.5668890019878745
1790387446.0100777,2.947984990896657
1790387446.0101461,2.3977789969649166
1790387446.0118876,1.138004008680582
1790387446.0185165,2.711892011575401
1790387446.0186076,2.1159169846214354
1790387446.0320919,1.6261919809039682
1790387446.035455,1.6055819869507104
1790387446.037726,1.3354239927139133
1790387446.045921,1.4970950142014772
1790387446.072957,1.9082700018770993
1790387446.0833046,1.6220069956034422
1790387446.111358,2.2169449948705733
1790387446.1231463,2.1404950239229947
1790387446.1440055,1.7304119828622788
1790387446.1601238,1.8123579793609679
1790387446.201498,1.9076379830949008
1790387446.216059,1.6574460023548454
1790387446.2526526,20.96219200757332
1790387446.252734,23.41977201285772
1790387446.2532277,20.599480980308726
1790387446.2533176,8.67666897829622
1790387446.2985659,43.188957002712414
1790387446.3009112,1115.1056670059916
1790387446.3014493,39.95929501252249
1790387446.3123753,44.03389501385391
1790387446.323763,44.308972981525585
1790387446.3245506,50.20429301657714
1790387446.325234,34.039813006529585
1790387446.3258688,28.116570989368483
1790387446.32644,30.259924998972565
1790387446.3265493,26.826082001207396
1790387446.32754,20.68348100874573
1790387446.3276272,17.26987201254815
1790387446.3445737,1.8126019858755171
1790387446.3591,2.1935119875706732
1790387446.3682647,1.759353996021673
1790387446.3727195,1.540494995424524
1790387446.3799384,1.9638349767774343
1790387446.381782,1.5543809859082103
1790387446.3825426,1.42271799268201
1790387446.4067054,1.7324840009678155
1790387446.4317236,1.812445989344269
1790387446.4691973,21.824199007824063
1790387446.469527,23.165373015217483
1790387446.4700243,14.767176995519549
1790387446.470514,12.040757981594652
1790387446.470761,4.96262198430486
1790387446.4785476,1.8611069826874882
1790387446.4892035,2.3078530211932957
1790387446.5181358,23.876783001469448
1790387446.5182412,22.959046997129917
1790387446.5306125,1.877158007118851
1790387446.5741713,1.9751950167119503
1790387446.5742354,2.7011669881176203
1790387446.5976915,1.7781359783839434
1790387446.627774,2.144918980775401
1790387446.6292615,1.4737000165041536
1790387446.642405,1.9135840120725334
1790387446.643986,1.3309020141605288
1790387446.6561913,2.432083012536168
1790387446.66722,2.042289008386433
1790387446.6790922,1.8234050075989217
1790387446.6909032,1.5599940088577569
1790387446.719296,22.68183999694884
1790387446.7193975,21.842176996869966
1790387446.7196987,17.577354999957606
1790387446.7203836,7.8586080053355545
1790387446.7206502,7.329928979743272
1790387446.7221735,1.2040049768984318
1790387446.7252645,1.5604899963364005
1790387446.7533767,1.814685994759202
1790387446.7587364,2.011706994380802
1790387446.7668111,1.7540310218464583
1790387446.7686837,1.3271159841679037
1790387446.8077626,25.077142985537648
1790387446.8111734,1.600276998942718
1790387446.812973,1.4359710039570928
1790387446.8226724,1.6153400065377355
1790387446.8273609,1.3769500073976815
1790387446.829672,1.2731019814964384
1790387446.8360794,1.6114580212160945
1790387446.8612037,21.512492006877437
1790387446.8615444,21.373640018282458
1790387446.8620803,10.023693001130596
1790387446.862344,5.567726009758189
1790387446.8644145,1.2720049999188632
1790387446.9032037,17.41687100729905
1790387446.9035532,15.27229801286012
1790387446.903651,13.813175988616422
1790387446.903776,24.402176990406588
1790387446.9142175,1.6307650075759739
1790387446.9187872,1.3724529999308288
1790387446.9204948,1.1467580043245107
1790387446.9318311,1.791378017514944
1790387446.9327998,2.0703219925053418
1790387446.93978,1.8925300100818276
1790387446.9449453,1.6018339956644922
1790387446.9451835,2.267723990371451
1790387446.954398,1.508405985077843
1790387447.012164,40.7702770025935
1790387447.0298893,54.47284001274966
1790387447.0300488,48.41970800771378
1790387447.0310636,67.76211599935777
1790387447.0317032,65.9248279989697
1790387447.0433216,45.09162501199171
1790387447.048314,86.01347199873999
1790387447.0607235,57.15042501105927
1790387447.060819,38.19525500875898
1790387447.0609927,35.42520399787463
1790387447.0610693,55.059744976460934
1790387447.0709689,1.7888019792735577
1790387447.0715034,1.5699559880886227
1790387447.0837908,1.853402005508542
1790387447.1122115,1.8037410045508295
1790387447.114786,1.4355900057125837
1790387447.1217494,1.709764008410275
1790387447.1276286,1.4939150132704526
1790387447.1308773,2.0436930062714964
1790387447.1309521,1.6081309877336025
1790387447.150063,3.515734017128125
1790387447.1501462,2.5939960032701492
1790387447.1531382,1.4630249934270978
1790387447.2100697,2.0836440089624375
1790387447.2115507,1.2597280147019774
1790387447.248433,1.767340989317745
1790387447.253954,1.658681983826682
1790387447.27125,1.728978008031845
1790387447.2870266,1.7495139909442514
1790387447.2979941,2.317427977686748
1790387447.3226647,24.29651899728924
1790387447.3404694,2.5506670062895864
1790387447.3853989,24.131285987095907
1790387447.4119244,2.2191710013430566
1790387447.413272,2.2869920067023486
1790387447.4165206,2.07333400612697
1790387447.4597578,33.05233400897123
1790387447.4759243,34.11815600702539
1790387447.4827244,28.066471975762397
1790387447.4831433,24.277510005049407
1790387447.4832332,36.460828996496275
1790387447.483811,23.029371979646385
1790387447.492436,1.9840789900626987
1790387447.4943004,1.3563700194936246
1790387447.5108209,2.1018999977968633
1790387447.5228355,2.0335540175437927
1790387447.545252,21.350335009628907
1790387447.5591583,1.8594349967315793
1790387447.562358,1.413499005138874
1790387447.5711465,7.271351001691073
1790387447.5983746,33.58577599283308
1790387447.609681,18.74320601928048
1790387447.6102295,21.60560598713346
1790387447.6202078,28.185489994939417
1790387447.6202915,30.03523498773575
1790387447.6206818,11.307078006211668
1790387447.6298401,1.588181999977678
1790387447.63696,2.248870994662866
1790387447.6375926,1.6939160123001784
1790387447.640413,1.3742459996137768
1790387447.643097,1.4837459893897176
1790387447.644452,1.0816639987751842
1790387447.6488104,1.9169180013705045
1790387447.6494634,1.5927990025375038
1790387447.692723,7.844367995858192
1790387447.6927896,22.413148981286213
1790387447.6931524,4.552231985144317
1790387447.6950562,1.3029339897911996
1790387447.697741,1.5132479893509299
1790387447.7003894,1.2232770095579326
1790387447.7062871,1.5576989972032607
1790387447.7196367,1.5260520158335567
1790387447.7242794,1.517338998382911
1790387447.7572882,21.47780600353144
1790387447.7905521,1.7499470268376172
1790387447.826801,26.888864987995476
1790387447.8271575,6.3090969924815
1790387447.8588102,10.330645978683606
1790387447.8588924,24.20282701496035
1790387447.864617,1.434345991583541
1790387447.8921835,19.452720996923745
1790387447.8922691,22.832526999991387
1790387447.9019988,1.8188560206908733
1790387447.9039905,1.651662983931601
1790387447.9334214,1.6806290077511221
1790387447.957963,2.258453023387119
1790387447.9580379,2.9862069932278246
1790387447.976539,2.413423004327342
1790387447.9820416,1.5048850036691874
1790387448.0148613,20.558082003844902
1790387448.015734,26.75276101217605
1790387448.0163243,14.431977004278451
1790387448.0164044,7.5098770030308515
1790387448.04475,1.8337980145588517
1790387448.0465066,1.3085709942970425
1790387448.0692358,1.6594369953963906
1790387448.070772,1.2780339748132974
1790387448.092906,1.747725997120142
1790387448.111066,1.941660011652857
1790387448.1185887,1.7752270214259624
1790387448.1196194,1.9753499946091324
1790387448.123469,1.5016090183053166
1790387448.130032,1.528613007394597
1790387448.1393178,2.0391260040923953
1790387448.162354,1.6688549949321896
1790387448.1748395,2.8106350218877196
1790387448.2071328,24.609204003354535
1790387448.2074392,25.639756000600755
1790387448.2075162,12.547062011435628
1790387448.2209196,1.9530999998096377
1790387448.2379076,2.9998829995747656
1790387448.2379785,2.8388479840941727
1790387448.2576349,2.2154290054459125
1790387448.2632308,1.7523409915156662
1790387448.3128622,22.9584030166734
1790387448.3148568,1.66713900398463
1790387448.3443236,22.378268011379987
1790387448.344415,11.344921018462628
1790387448.3814983,1.697391999186948
1790387448.3878865,1.7182000156026334
1790387448.3897145,1.5107710205484182
1790387448.3910108,1.2763709819409996
1790387448.400689,1.7015689809340984
1790387448.4166543,2.0653149986173958
1790387448.4196734,1.6978150233626366
1790387448.4351861,2.074707008432597
1790387448.4623818,24.570652982220054
1790387448.4667852,1.6805460036266595
1790387448.4684746,1.469687995268032
1790387448.470827,1.2897569977212697
1790387448.4762347,1.708982017589733
1790387448.4842386,1.643733005039394
1790387448.516401,1.6672989877406508
1790387448.5253782,1.7207829805556685
1790387448.5288265,1.744851004332304
1790387448.5353677,1.741940010106191
1790387448.5527596,1.9065180094912648
1790387448.5854392,24.31853098096326
1790387448.5860083,26.04363698628731
1790387448.5862067,14.507350017083809
1790387448.5865586,4.180200980044901
1790387448.6040277,1.9955720053985715
1790387448.627191,1.600738993147388
1790387448.631341,1.9340360013302416
1790387448.6350725,1.6374739934690297
1790387448.6612194,2.402209007414058
1790387448.6637924,1.6235889925155789
1790387448.668818,1.836512004956603
1790387448.6753876,2.716616989346221
1790387448.6826622,2.832404017681256
1790387448.6831768,1.5862669970374554
1790387448.6867752,1.747811009408906
1790387448.689773,1.992627017898485
1790387448.6904128,1.8903189920820296
1790387448.7030594,2.653352014021948
1790387448.708273,2.257248997921124
1790387448.7197318,1.8973390106111765
1790387448.7607434,40.42628998286091
1790387448.7609267,34.80657300679013
1790387448.7610798,26.412730978336185
1790387448.770665,26.96894100517966
1790387448.7715027,25.410974980331957
1790387448.7716596,32.51239098608494
1790387448.7718048,17.27626900537871
1790387448.7722008,2.5944710068870336
1790387448.7768836,1.66224199347198
1790387448.8103623,1.6637099906802177
1790387448.8329465,2.1807750163134187
1790387448.8558702,23.799788003088906
1790387448.8563368,6.246775010367855
1790387448.8883677,1.7846440023276955
1790387448.9008863,1.8139909952878952
1790387448.903095,1.2763450213242322
1790387448.9104757,1.8942489987239242
1790387448.9217625,1.900328992633149
1790387448.9449272,20.860786986304447
1790387448.9453769,22.753322002245113
1790387448.9492908,1.6450619732495397
1790387448.9677155,1.9148520077578723
1790387449.0146515,19.097567012067884
1790387449.015376,15.680838987464085
1790387449.0154576,29.29683998809196
1790387449.0418057,23.906146991066635
1790387449.0422585,26.107337995199487
1790387449.0424435,18.963985989103094
1790387449.0430212,17.402413999661803
1790387449.0647464,26.810342009412125
1790387449.0898492,20.82113499636762
1790387449.0904806,5.400356982136145
1790387449.0905585,24.128122022375464
1790387449.0943983,1.4579659909941256
1790387449.0992546,1.7295099969487637
1790387449.1129804,1.8104880000464618
1790387449.14869,18.318941991310567
1790387449.151326,19.277907005744055
1790387449.1515014,13.29599999007769
1790387449.1516092,26.377308007795364
1790387449.1521685,2.4300259829033166
1790387449.1667848,1.8447040056344122
1790387449.1689575,2.162007993320003
1790387449.1694438,2.1903390006627887
1790387449.1736612,1.3556049962062389
1790387449.1879582,1.851498003816232
1790387449.1885357,1.566088991239667
1790387449.190008,1.1793540033977479
1790387449.195706,1.4589139900635928
1790387449.2136168,1.8330949824303389
1790387449.2176447,1.6132000018842518
1790387449.248429,21.43426300608553
1790387449.2496016,25.579406996257603
1790387449.2502403,22.584210004424676
1790387449.2508824,10.32843699795194
1790387449.251012,9.727502998430282
1790387449.2510812,16.375945007894188
1790387449.2556212,1.622853975277394
1790387449.2651367,1.6736590187065303
1790387449.28018,1.7543379799462855
1790387449.3103652,26.21965602156706
1790387449.3318152,23.92488598707132
1790387449.3514407,29.029590979916975
1790387449.362264,42.89960797177628
1790387449.3730893,50.16186198918149
1790387449.3751612,75.54302099742927
1790387449.3766963,51.22261599171907
1790387449.3770986,42.43099401355721
1790387449.3771791,46.12817900488153
1790387449.377303,22.771844000089914
1790387449.4125552,51.61161400610581
1790387449.4185858,44.81953498907387
1790387449.4187455,42.57541600964032
1790387449.4194903,2.4421200214419514
1790387449.4195595,6.095454999012873
1790387449.4417937,1.8865239981096238
1790387449.4699671,24.625488003948703
1790387449.4700637,11.627480009337887
1790387449.4821043,2.4284429964609444
1790387449.4823985,3.5067569988314062
1790387449.500484,1.8179169856011868
1790387449.5132642,1.9574649923015386
1790387449.5522017,12.7098849916365
1790387449.5522926,24.66571601689793
1790387449.55245,26.66052500717342
1790387449.5526597,4.6348389878403395
1790387449.5527332,16.217436001170427
1790387449.5532389,4.522920004092157
1790387449.553302,3.44423099886626
1790387449.5907812,2.067863999400288
1790387449.5975258,1.6899119946174324
1790387449.599199,1.558135001687333
1790387449.6226926,2.702028985368088
1790387449.622757,2.0162159926258028
1790387449.6291819,1.7512199992779642
1790387449.6576881,2.0970320038031787
1790387449.659107,1.54327301424928
1790387449.6612005,1.390146993799135
1790387449.7032444,34.284522000234574
1790387449.7046924,5.974791012704372
1790387449.704924,36.894613003823906
1790387449.7053754,1.7715500143822283
1790387449.7317429,2.0208120113238692
1790387449.7392352,1.9583340035751462
1790387449.7457762,1.8069549987558275
1790387449.7735379,17.83345002331771
1790387449.7770371,29.887332988437265
1790387449.780499,1.8176680023316294
1790387449.783363,1.4247980143409222
1790387449.7918048,1.9084739906247705
1790387449.7967527,1.9720780255738646
1790387449.8194304,23.1764999916777
1790387449.8200445,15.203368995571509
1790387449.820568,26.28219799953513
1790387449.8208923,11.073806992499158
1790387449.8209476,3.8487229903694242
1790387449.8477356,22.001247998559847
1790387449.848366,23.280041990801692
1790387449.8488302,13.13831697916612
1790387449.8488953,11.373068991815671
1790387449.8491514,6.0637230053544044
1790387449.8498802,3.8866289833094925
1790387449.8506382,1.3874889991711825
1790387449.8705497,1.6765219916123897
1790387449.8850126,1.6901339986361563
1790387449.8871324,1.3888630201108754
1790387449.9042132,1.666788011789322
1790387449.9060683,1.7250649980269372
1790387449.9177454,1.6951779834926128
1790387449.9242887,1.5472839877475053
1790387449.9637668,7.861115998821333
1790387449.982331,15.83785901311785
1790387449.9826803,25.9353120054584
1790387449.989206,2.160345989977941
1790387450.0008688,1.577260991325602
1790387450.033219,1.6540520009584725
1790387450.0647266,14.790691988309845
1790387450.0654483,22.15793399955146
1790387450.0655603,11.25172499450855
1790387450.0739896,1.5762189868837595
1790387450.1094124,2.259617001982406
1790387450.1622415,26.837687997613102
1790387450.1623452,28.86873998795636
1790387450.1808014,1.939483016030863
1790387450.2466443,2.2565089748241007
1790387450.2604752,1.7276820144616067
1790387450.2656312,1.502347004134208
1790387450.2718809,1.8063029856421053
1790387450.2979434,1.7429899889975786
1790387450.30532,1.5821189736016095
1790387450.3126087,1.5163350035436451
1790387450.321748,1.5995110152289271
1790387450.3280094,1.4021910028532147
1790387450.3332927,1.5214659797493368
1790387450.3372235,1.4172100054565817
1790387450.3407445,1.278529001865536
1790387450.3634968,1.8290379957761616
1790387450.366711,1.2400629930198193
1790387450.3685155,1.3798550062347203
1790387450.3895514,2.2837920114398003
1790387450.3915067,1.3618020166177303
1790387450.4046469,1.804885978344828
1790387450.4071786,1.2831339845433831
1790387450.4218194,1.8428499752189964
1790387450.422557,1.4749760157428682
1790387450.4305882,1.787446002708748
1790387450.4422665,2.031526993960142
1790387450.443199,1.6820170276332647
1790387450.446322,1.327590987784788
1790387450.4742439,3.1329310149885714
1790387450.4743435,2.578913001343608
1790387450.4839807,1.838111988035962
1790387450.4934819,2.0110210170969367
1790387450.50463,3.557190007995814
1790387450.5060565,3.0052420042920858
1790387450.506123,3.9621310133952647
1790387450.5677266,1.8247889820486307
1790387450.5887737,2.074082993203774
1790387450.5913918,1.4026080025359988
1790387450.6091416,2.504746022168547
1790387450.614441,1.6364479961339384
1790387450.655508,1.8253729795105755
1790387450.663285,1.67198502458632
1790387450.693002,18.91920398338698
1790387450.700626,30.906838015653193
1790387450.701156,23.219758993946016
1790387450.7019022,13.737525005126372
1790387450.7020092,15.539307991275564
1790387450.7397537,2.093628980219364
1790387450.759524,3.0631029803771526
1790387450.759593,2.574837999418378
1790387450.7862473,14.63180800783448
1790387450.7868404,26.46523600560613
1790387450.7870054,8.788816980086267
1790387450.7870781,2.8547100082505494
1790387450.787567,2.275156002724543
1790387450.8027213,1.6937920008786023
1790387450.834625,2.1488560014404356
1790387450.8543997,1.9521939975675195
1790387450.8666627,2.143624995369464
1790387450.8801405,2.0154119993094355
1790387450.897908,1.8672500154934824
1790387450.9233375,2.032174001215026
1790387450.9256287,1.7402909870725125
1790387450.928019,1.524696999695152
1790387450.9319472,1.8575529975350946
1790387450.9418468,3.543182974681258
1790387450.941925,2.819257992086932
1790387450.9695272,26.08414099086076
1790387450.969641,25.65984398825094
1790387450.9700475,24.894956994103268
1790387451.0008545,15.173447987763211
1790387451.0013373,29.062946006888524
1790387451.0017352,8.793505985522643
1790387451.0018075,11.64453400997445
1790387451.005523,1.63836102001369
1790387451.009137,1.5671789878979325
1790387451.0126436,1.7063129926100373
1790387451.0160153,1.762744999723509
1790387451.0777214,54.0089409914799
1790387451.0782046,33.80344601464458
1790387451.0941298,55.97441500867717
1790387451.094824,34.60578600061126
1790387451.1032333,36.061399994650856
1790387451.10368,58.50898800417781
1790387451.1038282,28.385310986777768
1790387451.1046607,28.55307297431864
1790387451.1149292,30.78900498803705
1790387451.129935,37.891323008807376
1790387451.1301484,42.57840898935683
1790387451.130816,26.756963023217395
1790387451.1315336,20.225871994625777
1790387451.1316085,7.984319992829114
1790387451.1691976,2.3391490103676915
1790387451.2266684,26.252658979501575
1790387451.227049,7.298031006939709
1790387451.2416983,1.8964089977089316
1790387451.31916,2.4962980241980404
1790387451.3262215,2.201432012952864
1790387451.3437414,1.9961060024797916
1790387451.3469157,2.172557986341417
1790387451.3591692,2.3242789902724326
1790387451.3735182,1.7098039970733225
1790387451.414778,1.976924017071724
1790387451.4259725,1.914833002956584
1790387451.439846,2.178855997044593
1790387451.4534864,2.2634880151599646
1790387451.4555602,2.0600940042641014
1790387451.4631402,1.8912479863502085
1790387451.471777,1.900659000966698
1790387451.5275204,23.955918004503474
1790387451.5497444,1.7896820208989084
1790387451.554585,1.611860003322363
1790387451.5646646,1.554100017528981
1790387451.6156619,49.74593600491062
1790387451.6177335,35.076986998319626
1790387451.617828,36.98610598803498
1790387451.618448,21.60513401031494
1790387451.6189098,42.67550999065861
1790387451.6191409,33.754030999261886
1790387451.6193192,6.94321101764217
1790387451.6193843,5.982537986710668
1790387451.6200523,3.2007769914343953
1790387451.622788,1.2584090000018477
1790387451.6688194,2.001726010348648
1790387451.6757228,2.371990995015949
1790387451.676763,2.2686859883833677
1790387451.7063274,30.46732599614188
1790387451.7073164,13.882418017601594
1790387451.7073991,18.56085500912741
1790387451.7280293,31.56946401577443
1790387451.7311504,33.78450599848293
1790387451.7316687,33.39951400994323
1790387451.731921,24.051092012086883
1790387451.732689,3.1017249857541174
1790387451.732773,11.798736988566816
1790387451.7459638,1.7350809939671308
1790387451.759116,1.8406570015940815
1790387451.7676604,1.7599459970369935
1790387451.7793655,1.6449789982289076
1790387451.8610358,56.79160001454875
1790387451.8712626,63.64564900286496
1790387451.8718822,35.813133988995105
1790387451.871976,53.15537698334083
1790387451.8722503,34.528915013652295
1790387451.8726983,31.140473001869395
1790387451.8731773,26.654356013750657
1790387451.8736377,5.1385580154601485
1790387451.8832455,1.4846670092083514
1790387451.8848991,1.190128008602187
1790387451.8929083,2.582809014711529
1790387451.9171314,15.754875988932326
1790387451.9176385,25.450571993133053
1790387451.9177792,11.303437990136445
1790387451.9185238,2.2592199966311455
1790387451.936942,2.131435991032049
1790387451.9370124,2.711948996875435
1790387451.965013,25.329878990305588
1790387451.96524,10.551284009125084
1790387451.965879,2.4847140011843294
1790387451.9808025,1.7754910222720355
1790387452.0413053,50.276380992727354
1790387452.0424507,45.25702499086037
1790387452.042662,49.60905501502566
1790387452.0437977,40.97229597391561
1790387452.0447085,25.218610011506826
1790387452.0448487,7.583754020743072
1790387452.0449152,22.151223005494103
1790387452.0465677,1.2856379908043891
1790387452.0732431,25.90858199982904
1790387452.0736136,8.08453100034967
1790387452.07368,2.3779100156389177
1790387452.0882866,2.497173991287127
1790387452.0883627,2.6534369972068816
1790387452.0974345,1.639516995055601
1790387452.0987165,1.2581069895531982
1790387452.10307,1.2199449993204325
1790387452.1047888,1.2862170115113258
1790387452.1576798,1.9391569949220866
1790387452.180471,2.0994119986426085
1790387452.2034204,1.8092450045514852
1790387452.2054503,1.4360030181705952
1790387452.2257543,8.074393990682438
1790387452.241926,31.005207012640312
1790387452.2420123,13.029121997533366
1790387452.242086,22.057975991629064
1790387452.254376,2.2266779851634055
1790387452.2576947,2.176137000788003
1790387452.2794545,2.274797996506095
1790387452.2926908,2.0102680136915296
1790387452.3071187,1.9460920011624694
1790387452.311957,2.3047059949021786
1790387452.3236794,2.988079999340698
1790387452.3237731,3.7757160025648773
1790387452.3339767,2.2856709838379174
1790387452.3465836,2.0645259937737137
1790387452.3650787,2.163659024517983
1790387452.3834662,2.090978989144787
1790387452.3968146,2.3657210113015026
1790387452.4062471,3.7412930105347186
1790387452.407812,2.7511610242072493
1790387452.4190772,2.573691017460078
1790387452.4201496,2.1418209944386035
1790387452.4202056,2.7034259983338416
1790387452.4342043,1.7667849897406995
1790387452.4437506,1.618553011212498
1790387452.4499052,1.625956007046625
1790387452.4538763,1.5884849999565631
1790387452.4589345,1.7059359815903008
1790387452.4834845,24.493812990840524
1790387452.4835632,19.434049987467006
1790387452.48512,18.480786005966365
1790387452.4855871,9.022346988786012
1790387452.4860134,3.4297420061193407
1790387452.4861562,9.707995981443673
1790387452.4862714,4.567156982375309
1790387452.4863386,21.10867601004429
1790387452.4925392,1.5462169831153005
1790387452.5389657,1.7092690104618669
1790387452.581024,17.464717995608225
1790387452.5884888,22.45315199252218
1790387452.5886838,25.684132007882
1790387452.601829,1.7221730086021125
1790387452.630061,20.590885018464178
1790387452.6381662,1.8602169875521213
1790387452.6418874,1.717017003102228
1790387452.645349,2.197561989305541
1790387452.6454282,1.7089500033762306
1790387452.7316992,2.4425990122836083
1790387452.7319849,4.005833005066961
1790387452.7323034,4.461856005946174
1790387452.735768,1.9955520110670477
1790387452.740285,1.8046050099655986
1790387452.7795856,1.87597400508821
1790387452.7796447,2.7106039924547076
1790387452.7851596,1.4989189803600311
1790387452.7966225,1.7965759907383472
1790387452.801807,1.7779700283426791
1790387452.8023386,1.5029420028440654
1790387452.8138776,1.6572730091866106
1790387452.8302507,1.9817640131805092
1790387452.8424277,1.7047510191332549
1790387452.8762522,2.49331200029701
1790387452.9031475,3.0947419872973114
1790387452.904418,3.7969739933032542
1790387452.9045153,3.1733119976706803
1790387452.905836,1.817829004721716
1790387452.9147563,1.6460070037283003
1790387452.939977,1.7238220025319606
1790387452.941597,1.5198839828372002
1790387452.9698386,2.7239889896009117
1790387452.9701333,2.3082599800545722
1790387453.038544,1.7177660192828625
1790387453.0701845,1.800082012778148
1790387453.0800164,1.6467380046378821
1790387453.0848763,2.096757001709193
1790387453.1174822,21.498802991118282
1790387453.118526,16.46155698108487
1790387453.1188035,26.292422990081832
1790387453.1194627,3.2422399963252246
1790387453.1197348,13.800743006868288
1790387453.1198483,9.255576995201409
1790387453.1565802,1.8514730036258698
1790387453.1601043,1.6154930053744465
1790387453.1674407,1.5668260166421533
1790387453.173121,1.5760610112920403
1790387453.174405,1.2745810090564191
1790387453.1943755,2.116524992743507
1790387453.2161827,18.57571498840116
1790387453.218795,4.5658890157938
1790387453.2188776,24.9499189958442
1790387453.2279944,1.5884310123510659
1790387453.229509,1.2466429907362908
1790387453.2310226,1.1244729976169765
1790387453.235703,1.1805389949586242
1790387453.2381492,1.4557449903804809
1790387453.2715178,25.450557994190603
1790387453.2716181,13.174272986361757
1790387453.2717023,14.30223198258318
1790387453.2942712,1.6874959983397275
1790387453.3603294,2.028556977165863
1790387453.3638315,1.9739099952857941
1790387453.394118,26.36352099943906
1790387453.404447,1.8554730049800128
1790387453.406546,1.7012989846989512
1790387453.4118905,1.8541209865361452
1790387453.415496,1.6013869899325073
1790387453.4430573,1.5860290150158107
1790387453.4600668,1.6364550101570785
1790387453.4732172,1.8228529952466488
1790387453.503553,2.007283008424565
1790387453.5273366,23.37517699925229
1790387453.5319562,27.582907991018146
1790387453.5321546,27.21276698866859
1790387453.5326505,22.442563000367954
1790387453.5334852,15.389769017929211
1790387453.5338438,12.712399009615183
1790387453.5342846,4.556731000775471
1790387453.5349998,2.3356710153166205
1790387453.5365517,2.553644997533411
1790387453.537102,1.6948010015767068
1790387453.5417702,1.2978189915884286
1790387453.5540295,2.7111459930893034
1790387453.5541155,2.214411011664197
1790387453.5546606,1.8062090093735605
1790387453.5559886,1.3164360134396702
1790387453.5675263,1.7632259987294674
1790387453.607564,1.9729780033230782
1790387453.614307,2.6035229966510087
1790387453.6293273,2.1866570168640465
1790387453.6318803,1.3254629739094526
1790387453.6344035,1.2217869807500392
1790387453.6683137,2.030245988862589
1790387453.6737804,1.7024549888446927
1790387453.6831179,1.5992519911378622
1790387453.6896079,1.391969999531284
1790387453.707399,1.6546359984204173
1790387453.730673,22.908863000338897
1790387453.7345107,1.8367529846727848
1790387453.7424386,1.8388479948043823
1790387453.745633,1.2006410106550902
1790387453.7555566,2.1041680010966957
1790387453.757452,1.5351340116467327
1790387453.765117,1.8022930016741157
1790387453.77056,1.4696389844175428
1790387453.7788343,1.700787979643792
1790387453.7921298,1.8311000021640211
1790387453.7984173,1.6448500100523233
1790387453.8257704,2.1380170073825866
1790387453.8396723,1.9407809886615723
1790387453.8499925,1.7292910197284073
1790387453.913845,42.82072201021947
1790387453.9151924,31.018119014333934
1790387453.915383,49.18912801076658
1790387453.9156342,48.58340899227187
1790387453.9162319,29.46237099240534
1790387453.9168243,16.362941008992493
1790387453.9168901,12.32676301151514
1790387453.9308977,1.6266489983536303
1790387453.933412,1.3267960166558623
1790387453.9953597,25.066156988032162
1790387453.9954753,27.357644023140892
1790387453.9955537,17.366148007567972
1790387454.0105789,2.401689998805523
1790387454.0140057,1.8101180030498654
1790387454.0241358,2.2033599962014705
1790387454.0247703,1.5586490044370294
1790387454.032097,1.5692460001446307
1790387454.0698376,22.870896995300427
1790387454.1372857,1.7831150034908205
1790387454.1693995,2.108890999807045
1790387454.174794,2.429268992273137
1790387454.2014554,1.595873007318005
1790387454.2094858,1.5752070175949484
1790387454.218786,1.5938649885356426
1790387454.2531867,26.223906024824828
1790387454.254186,12.240270007168874
1790387454.2542715,21.852364006917924
1790387454.2543375,27.899217006051913
1790387454.2643745,1.9577950006350875
1790387454.2702873,1.733123994199559
1790387454.290685,1.702142006251961
1790387454.3044975,2.1148450032342225
1790387454.3059978,1.2305930140428245
1790387454.3478482,24.067947000730783
1790387454.3479319,20.151939010247588
1790387454.3561003,1.843614998506382
1790387454.3584156,1.4681989850942045
1790387454.3796203,1.8105980125255883
1790387454.4145997,1.8364200077485293
1790387454.44132,12.633487989660352
1790387454.4543269,25.10426499065943
1790387454.4544945,4.056322999531403
1790387454.455468,5.629032995784655
1790387454.456695,5.500448984093964
1790387454.4567642,3.8490130100399256
1790387454.457196,1.7173050146084279
1790387454.4976652,2.013616991462186
1790387454.5685387,40.71001400006935
1790387454.568636,39.2797059903387
1790387454.5687099,20.841616002144292
1790387454.5687752,49.45848500938155
1790387454.568831,16.306670004269108
1790387454.5887678,1.8081559974234551
1790387454.590206,1.4269159873947501
1790387454.602041,2.0899939991068095
1790387454.602606,1.4825669932179153
1790387454.6371017,21.649531001457945
1790387454.6479883,1.8415600061416626
1790387454.6616273,1.7631490190979093
1790387454.666538,2.1146609797142446
1790387454.6938846,16.59681898308918
1790387454.6947439,6.8251179764047265
1790387454.6948392,25.26058300281875
1790387454.713262,1.8850019841920584
1790387454.739338,1.655985979596153
1790387454.744921,1.4940809924155474
1790387454.8105898,2.1956929995212704
1790387454.8147697,1.9055699813179672
1790387454.8312545,2.2396990098059177
1790387454.8321698,1.9338380079716444
1790387454.8689668,1.9389360095374286
1790387454.8731077,1.3846519868820906
1790387454.8977196,2.008387993555516
1790387454.8997958,1.472526986617595
1790387454.9027383,1.5912259987089783
1790387454.9077835,1.9743010052479804
1790387454.929836,1.6001019976101816
1790387454.9332235,1.974244019947946
1790387454.9548447,20.980331988539547
1790387454.9638088,1.881803007563576
1790387454.9982288,1.8901069997809827
1790387455.0289953,1.7629409849178046
1790387455.0353723,1.7396280018147081
1790387455.0551674,1.7006599809974432
1790387455.0601356,1.9865909998770803
1790387455.0675843,1.728412986267358
1790387455.1075065,1.8450790084898472
1790387455.1130004,2.18294799560681
1790387455.1134996,1.398502994561568
1790387455.118699,2.2085930104367435
1790387455.13709,18.37969198822975
1790387455.1483054,27.48873899690807
1790387455.1486456,29.52984202420339
1790387455.1493278,27.75537798879668
1790387455.1494837,4.09947001026012
1790387455.1501386,3.002715006005019
1790387455.1845145,1.8315920024178922
1790387455.1857407,1.2160170008428395
1790387455.1923194,1.6756379918660969
1790387455.2248542,1.8673939921427518
1790387455.239298,2.031609008554369
1790387455.2444289,1.471864990890026
1790387455.2522757,1.455602003261447
1790387455.2601929,1.5171979903243482
1790387455.2722952,1.921096001751721
1790387455.2752528,1.3344140024855733
1790387455.276595,1.33286599884741
1790387455.3082032,23.91997500672005
1790387455.3087027,23.811779014067724
1790387455.3087842,20.90863001649268
1790387455.3128867,1.5167809906415641
1790387455.315507,1.1584459862206131
1790387455.326909,1.572672015754506
1790387455.4146967,42.79818700160831
1790387455.414874,49.79371899389662
1790387455.4184887,42.213720007566735
1790387455.4186635,47.75247399811633
1790387455.4190671,23.795786022674292
1790387455.4455044,31.513738998910412
1790387455.4461365,34.06308899866417
1790387455.4477744,18.294486013473943
1790387455.448754,26.12459598458372
1790387455.4488971,16.852480999659747
1790387455.4489813,8.22517098276876
1790387455.44904,5.288206011755392
1790387455.4555948,1.9580860098358244
1790387455.4627495,1.6215539944823831
1790387455.4701734,2.324970002518967
1790387455.4751585,2.05080202431418
1790387455.4878154,1.75584401586093
1790387455.5078447,1.9460149924270809
1790387455.522561,1.9451100088190287
1790387455.5275865,2.6423990202602
1790387455.5340831,1.5770960017107427
1790387455.5389435,1.8822529818862677
1790387455.5433743,2.547479991335422
1790387455.552098,1.7717409937176853
1790387455.5825865,22.589681000681594
1790387455.5919302,1.7510150210000575
1790387455.5980773,1.7597069963812828
1790387455.6084528,2.0110500045120716
1790387455.6120706,1.3948399864602834
1790387455.6226742,1.5705599798820913
1790387455.6260686,1.3974620087537915
1790387455.6342957,1.7365890089422464
1790387455.6400774,1.7038799996953458
1790387455.6539164,1.4852380263619125
1790387455.66793,2.121236000675708
1790387455.6713984,1.7562959983479232
1790387455.6965084,24.898759002098814
1790387455.7227476,1.7707259976305068
1790387455.7242134,1.4517719973810017
1790387455.733085,2.020992018515244
1790387455.7814076,21.837795997271314
1790387455.8193865,1.8939390138257295
1790387455.8473234,18.512077978812158
1790387455.8484435,9.584351006196812
1790387455.848597,5.664753000019118
1790387455.8486822,28.58944601030089
1790387455.8598957,1.8941390153486282
1790387455.8629417,1.641872979234904
1790387455.8849084,2.449410007102415
1790387455.884983,3.0993709806352854
1790387455.901476,1.964636001503095
1790387455.9104369,1.6776729898992926
1790387455.927611,1.7051949980668724
1790387455.9373124,1.9952319853473455
1790387455.943618,1.7124050064012408
1790387455.944483,1.8486870103515685
1790387455.945993,1.3707299949601293
1790387455.9517,2.45702697429806
1790387455.9631991,2.5030109973158687
1790387456.0043874,27.452203998109326
1790387456.0044827,15.762995986733586
1790387456.0077355,1.7206640040967613
1790387456.021553,1.7029430018737912
1790387456.0250068,1.665341987973079
1790387456.050238,13.571012008469552
1790387456.058252,20.34608001122251
1790387456.0596328,15.373962989542633
1790387456.059817,11.107578000519425
1790387456.0598917,27.665813016938046
1790387456.0934613,2.181045012548566
1790387456.096358,1.4047370059415698
1790387456.1077068,1.9252980127930641
1790387456.135717,2.0309259998612106
1790387456.1497686,2.591807977296412
1790387456.1764927,28.11180497519672
1790387456.1766336,17.821298009948805
1790387456.191825,1.7667179927229881
1790387456.201442,2.063082007225603
1790387456.246682,2.181488001951948
1790387456.2747798,1.8623910145834088
1790387456.2774274,1.2908019998576492
1790387456.3111436,2.4218669859692454
1790387456.3138628,1.5581439947709441
1790387456.317597,1.367129007121548
1790387456.3218694,1.4436539786402136
1790387456.3285592,1.6121200169436634
1790387456.3636541,1.9989149877801538
1790387456.373749,2.190458995755762
1790387456.3778465,1.4701969921588898
1790387456.4203992,19.786652002949268
1790387456.4205709,31.728825997561216
1790387456.4206357,16.67155500035733
1790387456.4344065,13.75982299214229
1790387456.43449,13.335318013560027
1790387456.4477773,26.085621007950976
1790387456.4644954,2.222513983724639
1790387456.4645603,1.509145018644631
1790387456.4716191,1.4576859830413014
1790387456.5013607,24.01464499416761
1790387456.5102174,2.531993988668546
1790387456.5108101,1.6125180118251592
1790387456.5174243,1.688021991867572
1790387456.517519,2.4039120180532336
1790387456.5276768,1.7257050203625113
1790387456.5411878,1.9186559948138893
1790387456.59501,1.7124330042861402
1790387456.5963612,1.340488001005724
1790387456.6100209,1.6591600142419338
1790387456.6167755,1.6014620196074247
1790387456.6322677,1.732737000565976
1790387456.6323533,2.428339998004958
1790387456.645642,1.8164780049119145
1790387456.6586123,1.973000995349139
1790387456.6687927,3.2262759923469275
1790387456.6689444,3.309307008748874
1790387456.6698046,2.147422987036407
1790387456.670411,1.3466550153680146
1790387456.677813,1.7534939979668707
1790387456.6930878,1.7003450193442404
1790387456.7067888,2.0102389971725643
1790387456.725642,1.66015001013875
1790387456.7491205,1.9428460218477994
1790387456.7765884,18.453157012118027
1790387456.7767236,14.346429001307115
1790387456.7868984,36.25180997187272
1790387456.7870455,23.666775989113376
1790387456.798615,29.30842898786068
1790387456.804893,29.774467984680086
1790387456.8049936,17.783900984795764
1790387456.8056443,15.596343000652269
1790387456.8057246,40.93949298840016
1790387456.826206,2.080536010907963
1790387456.8269243,1.754045020788908
1790387456.8322945,2.728567982558161
1790387456.832373,3.499309008475393
1790387456.837846,1.759244012646377
1790387456.8399374,1.5480599831789732
1790387456.8672528,1.997181010665372
1790387456.8768075,1.5477889974135906
1790387456.8912518,1.6046829987317324
1790387456.914047,2.303773013409227
1790387456.9384277,19.796767010120675
1790387456.9384937,20.59481802280061
1790387456.9388201,27.563898998778313
1790387456.9445643,25.128414999926463
1790387456.9808939,59.63934600003995
1790387456.9865735,65.9137660113629
1790387456.9869783,56.53911500121467
1790387456.9876683,65.93443400925025
1790387456.9883344,56.81486497633159
1790387456.9889827,29.99271498993039
1790387456.9893157,28.8696639763657
1790387456.989954,28.782572015188634
1790387456.9900684,23.776240006554872
1790387456.99055,14.191827009199187
1790387457.0183287,1.931261009303853
1790387457.0450358,1.7681639874354005
1790387457.0483756,1.6640659887343645
1790387457.0494156,1.8206480017397553
1790387457.1094608,18.35746900178492
1790387457.1098592,17.113984999014065
1790387457.1202672,28.193396981805563
1790387457.120683,34.50518299359828
1790387457.1216571,25.053702003788203
1790387457.1224363,22.750535019440576
1790387457.1225564,9.162305999780074
1790387457.1226432,14.552204986102879
1790387457.1408396,1.9620560051407665
1790387457.1466484,2.0335470035206527
1790387457.1663566,2.185860008466989
1790387457.174658,2.4841820122674108
1790387457.175352,1.880892988992855
1790387457.1784785,1.8348479934502393
1790387457.216086,2.258285996504128
1790387457.2442522,18.822768004611135
1790387457.2451062,26.85972402105108
1790387457.2457628,12.470499990740791
1790387457.24584,6.931625015567988
1790387457.2785654,2.305110014276579
1790387457.2914383,2.3123279970604926
1790387457.3059886,2.135230985004455
1790387457.3287444,22.704461007378995
1790387457.3294814,5.336990987416357
1790387457.357514,20.1284289942123
1790387457.3584282,23.82341501652263
1790387457.3585002,17.357695003738627
1790387457.3628962,1.767981011653319
1790387457.3744552,1.588512008311227
1790387457.3797712,1.796864002244547
1790387457.42199,1.9658390083350241
1790387457.4277365,1.503203995525837
1790387457.440688,1.8039169954136014
1790387457.442589,1.367843011394143
1790387457.455645,1.839052012655884
1790387457.4633915,1.6127749986480922
1790387457.4661255,1.3012269919272512
1790387457.5130186,2.014288998907432
1790387457.5575554,12.72614099434577
1790387457.56093,26.35645098052919
1790387457.5610545,14.485196996247396
1790387457.5617518,12.652662000618875
1790387457.561834,9.762054978637025
1790387457.5634172,1.4889489975757897
1790387457.5910945,1.6052330029197037
1790387457.6198025,18.686610012082383
1790387457.6199796,23.799620976205915
1790387457.6209033,4.233323008520529
1790387457.6209884,2.249349985504523
1790387457.633636,1.5335679927375168
1790387457.6354446,1.1569299967959523
1790387457.6717162,1.6349120123777539
1790387457.6886146,1.9030419935006648
1790387457.6964283,1.667047996306792
1790387457.7239602,18.551429006038234
1790387457.724059,23.38057800079696
1790387457.7438636,1.8100950110238045
1790387457.7464933,1.991092023672536
1790387457.7477715,1.267910993192345
1790387457.7594128,2.285555994603783
1790387457.7844884,23.783807992003858
1790387457.821704,2.211395010817796
1790387457.822127,1.5496470150537789
1790387457.8249586,1.4054840139579028
1790387457.8408039,2.035756013356149
1790387457.8570397,1.7703910125419497
1790387457.8585792,1.4063059934414923
1790387457.8667707,1.7715819994919002
1790387457.8741398,1.6631610051263124
1790387457.8881412,1.8318980000913143
1790387457.9224544,1.9546459952834994
1790387457.923266,1.879332005046308
1790387457.9255762,1.396933977957815
1790387457.9392376,1003.2673010136932
1790387457.9397762,1.6389860247727484
1790387457.9492118,1013.9092610043008
1790387457.9579363,2.2003950143698603
1790387457.958708,1.6475059965159744
1790387457.990301,18.758827995043248
1790387457.990683,26.4458570163697
1790387457.9907768,5.763665976701304
1790387457.997763,1.6601390088908374
1790387458.0003192,1.282673008972779
1790387458.0079396,1.6205260180868208
1790387458.0221293,1.7441970121581107
1790387458.023838,1.2838169932365417
1790387458.0342495,1.6688820032868534
1790387458.0517724,1.6423230117652565
1790387458.062242,1.5497150016017258
1790387458.0943997,2.103324019117281
1790387458.0950897,1.8934219842776656
1790387458.1247478,1.7293120035901666
1790387458.1493542,1.7550659831613302
1790387458.151371,1.3947560219094157
1790387458.1543467,1.3037110038567334
1790387458.187943,1.7952389898709953
1790387458.2163672,27.649183000903577
1790387458.2164493,8.01633601076901
1790387458.230293,1.7624430183786899
1790387458.2307475,2.8499430045485497
1790387458.2324245,1.0711920040193945
1790387458.2367454,1.3597779907286167
1790387458.249157,1.8064170144498348
1790387458.2518141,1.4487539883702993
1790387458.256326,1.5130929823499173
1790387458.2749038,1.6222080157604069
1790387458.280656,1.3678980176337063
1790387458.2957742,1.5871489886194468
1790387458.331416,1.951960992300883
1790387458.3319879,1.357859990093857
1790387458.340861,1.4220219745766371
1790387458.3900115,1.5220899949781597
1790387458.3900692,2.4705560063011944
1790387458.3919628,1.2435769895091653
1790387458.403568,1.4435210032388568
1790387458.4103374,1.745707995723933
1790387458.422045,1.9986340194009244
1790387458.424806,1.4320990012492985
1790387458.4484413,2.031666983384639
1790387458.4582295,1.9161830132361501
1790387458.4602568,1.6165779961738735
1790387458.472624,1.6129750001709908
1790387458.4739096,1.2752519978675991
1790387458.505131,1.8089099903590977
1790387458.5120082,1.4563299773726612
1790387458.5736308,1.7787520191632211
1790387458.575209,1.3035640004090965
1790387458.5795817,1.7544670263305306
1790387458.6159477,27.76486298535019
1790387458.636794,26.571515976684168
1790387458.6372073,49.71512599149719
1790387458.6372795,39.761037012794986
1790387458.6434326,2.105489023961127
1790387458.6543982,2.4325799895450473
1790387458.6544592,2.024041983531788
1790387458.6885653,18.986768001923338
1790387458.688823,25.369382987264544
1790387458.6893651,2.322273008758202
1790387458.7051208,1.6753610107116401
1790387458.7114196,1.5350100002251565
1790387458.7142363,1.373336010146886
1790387458.7250357,1.660855981754139
1790387458.7434819,1.6759730060584843
1790387458.7509103,1.6373290272895247
1790387458.7533174,1.351589016849175
1790387458.7674189,2.6432579907123
1790387458.7683547,1.3997220085002482
1790387458.7963808,1.63943599909544
1790387458.8120103,1.6673030040692538
1790387458.8312237,2.649078000104055
1790387458.8365045,2.030988980550319
1790387458.8418322,2.4950350052677095
1790387458.8428197,1.4886919816490263
1790387458.8594542,2.308569004526362
1790387458.8601143,1.6518279735464603
1790387458.8650084,1.90870399819687
1790387458.8976383,2.001331013161689
1790387458.9019983,1.408007985446602
1790387458.90539,1.2406040041241795
1790387458.9165993,1.7378689954057336
1790387458.919454,1.393804996041581
1790387458.9208896,1.1176989937666804
1790387458.959127,1.8800190009642392
1790387458.96374,1.496417011367157
1790387458.9705102,1.9557189953047782
1790387458.9758418,2.4108029901981354
1790387458.9987435,12.054724007612094
1790387459.001593,24.294203001772985
1790387459.0066357,1.722394983517006
1790387459.0342493,1.7201400187332183
1790387459.0481958,1.751839998178184
1790387459.0556204,1.3877589954063296
1790387459.0739682,1.8468370253685862
1790387459.0894446,1.8830549961421639
1790387459.0906959,1.2401859858073294
1790387459.1161828,1.7642760067246854
1790387459.1205604,2.0838000054936856
1790387459.1551132,20.659389003412798
1790387459.1556106,17.83614099258557
1790387459.156169,25.893306999932975
1790387459.1562512,11.695680994307622
1790387459.162904,1.3869469985365868
1790387459.1688342,1.42537901410833
1790387459.1746328,1.6788830107543617
1790387459.177183,1.6533940215595067
1790387459.2271843,28.026018000673503
1790387459.2276032,16.942953021498397
1790387459.2282195,17.02463100082241
1790387459.2295828,6.200634001288563
1790387459.2296612,15.528616000665352
1790387459.2297285,4.055576981045306
1790387459.2348726,1.7234640254173428
1790387459.2378743,1.410217024385929
1790387459.2411742,1.3845720095559955
1790387459.2496274,1.6897000023163855
1790387459.2985895,40.903788001742214
1790387459.2994354,49.24696599482559
1790387459.2997773,48.928261996479705
1790387459.2998354,14.397689985344186
1790387459.3032305,1.2517159921117127
1790387459.3245194,2.142729004845023
1790387459.3396482,2.8072689892724156
1790387459.3603842,3.0271709838416427
1790387459.362546,2.11217999458313
1790387459.4072025,39.75322699989192
1790387459.4146607,11.844388995086774
1790387459.4151778,46.74083602731116
1790387459.41636,24.25408601993695
1790387459.4171636,10.688592010410503
1790387459.4173052,12.021948001347482
1790387459.417392,12.73726299405098
1790387459.4178581,11.806387978140265
1790387459.4183471,4.888559982646257
1790387459.418486,8.122705010464415
1790387459.419228,2.856610983144492
1790387459.4255068,1.7896209901664406
1790387459.4331656,2.101652993587777
1790387459.4341948,1.7864730034489185
1790387459.4413962,2.4589640088379383
1790387459.441452,2.006221009651199
1790387459.4491596,1.445294008590281
1790387459.4622178,1.6998119826894253
1790387459.4627357,1.622412004508078
1790387459.492641,1.8351699982304126
1790387459.5187702,2.8325239836703986
1790387459.5246232,2.38620099844411
1790387459.5383692,2.382637991104275
1790387459.5465162,2.98507499974221
1790387459.562644,3.2642119913361967
1790387459.5784633,2.1982709877192974
1790387459.5842505,3.681120986584574
1790387459.586217,2.891325973905623
1790387459.6136768,1.9164519908372313
1790387459.6232038,3.5009199928026646
1790387459.6236067,2.9581520066130906
1790387459.649392,19.690676999744028
1790387459.6596725,33.34499301854521
1790387459.7160556,83.16855400335044
1790387459.7166965,80.95521599170752
1790387459.722135,48.66339301224798
1790387459.7221968,53.75489400466904
1790387459.7332683,49.75397000089288
1790387459.739578,57.78316600481048
1790387459.7403677,42.459145974135026
1790387459.7418005,42.06093298853375
1790387459.7419403,44.87131899804808
1790387459.742619,38.71814798912965
1790387459.7432451,10.71882201358676
1790387459.7433155,6.795902008889243
1790387459.7487268,2.3340079933404922
1790387459.7565362,2.2141700028441846
1790387459.7724545,1.8151240074075758
1790387459.7753701,1.7639180005062371
1790387459.809287,1.638844987610355
1790387459.8303268,1.8507380154915154
1790387459.8581,17.093739996198565
1790387459.8799424,44.00278499815613
1790387459.880832,18.981792003614828
1790387459.8819997,33.97475299425423
1790387459.8821344,11.184570990735665
1790387459.882197,6.361000007018447
1790387459.8923783,1.5543350018560886
1790387459.9094474,1.8580539908725768
1790387459.9144733,1.4654500118922442
1790387459.930054,1.48915802128613
1790387459.938558,4.633636999642476
1790387459.9387717,5.371329985791817
1790387459.9593215,1.7098860116675496
1790387459.9704459,2.1266839758027345
1790387459.9859111,1.7897940124385059
1790387460.0083122,1.6703929868526757
1790387460.0265057,1.7018009966704994
1790387460.027288,1.4906039868947119
1790387460.0692399,14.911077014403418
1790387460.0698297,11.634633992798626
1790387460.070099,35.34911398310214
1790387460.070595,9.119561000261456
1790387460.0716374,8.49459200981073
1790387460.0717673,10.209280997514725
1790387460.0726633,1.5493539976887405
1790387460.0964875,1.8516200070735067
1790387460.1169631,1.778065983671695
1790387460.1396384,22.627152007771656
1790387460.139726,6.611468008486554
1790387460.171236,18.180740997195244
1790387460.1718924,24.742270994465798
1790387460.1719818,7.658009009901434
1790387460.1804154,1.9596869824454188
1790387460.2124045,31.061945017427206
1790387460.2129226,26.025191007647663
1790387460.2130234,32.40701599861495
1790387460.2138033,25.184266996802762
1790387460.213879,9.355560992844403
1790387460.2250307,1.7196090193465352
1790387460.2327483,2.128246007487178
1790387460.2474155,2.967365988297388
1790387460.2475438,2.533610997488722
1790387460.2481444,2.245406009024009
1790387460.273307,1.731395983370021
1790387460.2752745,1.3410699903033674
1790387460.2803836,1.5550949901808053
1790387460.3076448,21.717726020142436
1790387460.3257837,23.94741101306863
1790387460.3320076,47.36994599807076
1790387460.3331969,26.389601989649236
1790387460.3333497,7.341468008235097
1790387460.333426,8.430662011960521
1790387460.3370886,1.663884992012754
1790387460.3375804,1.2118130107410252
1790387460.3464782,1.7143200093414634
1790387460.3526008,1.8162390042562038
1790387460.3684034,1.7256780120078474
1790387460.3704464,1.511392998509109
1790387460.3827522,2.1988969820085913
1790387460.4099436,1.637833018321544
1790387460.4346657,7.1107760013546795
1790387460.4571848,20.136074017500505
1790387460.457358,25.827448000200093
1790387460.45747,19.817049003904685
1790387460.4575567,27.493873989442363
1790387460.4643362,1.5182500064838678
1790387460.4797673,3.315967012895271
1790387460.501126,20.811073016375303
1790387460.5015273,16.620978974970058
1790387460.5020828,22.26146700559184
1790387460.5021498,2.1101540187373757
1790387460.5278351,1.613286993233487
1790387460.5332093,1.4382599911186844
1790387460.5605357,21.88248498714529
1790387460.5606291,17.115380003815517
1790387460.5737793,1.7508740129414946
1790387460.5836098,1.8829049949999899
1790387460.5843508,1.1804969981312752
1790387460.62347,6.695587013382465
1790387460.6636624,13.987515005283058
1790387460.6637332,22.60252699488774
1790387460.6972408,22.550802998011932
1790387460.6981256,17.599880986381322
1790387460.6986542,14.274829009082168
1790387460.6987624,3.9669029938522726
1790387460.7005446,1.0620150133036077
1790387460.7313304,1.571542990859598
1790387460.738939,2.188576996559277
1790387460.7466242,1.535987015813589
1790387460.7499287,1.3681050040759146
1790387460.7586648,2.710946020670235
1790387460.7611446,1.3560490042436868
1790387460.774508,1.9273099896963686
1790387460.7759137,1.2664470123127103
1790387460.779473,1.1951479827985168
1790387460.7813797,1.1292759736534208
1790387460.8108385,24.39359700656496
1790387460.81107,16.55014100833796
1790387460.8111641,24.227682006312534
1790387460.8462088,1.6226189909502864
1790387460.8496397,1.7432929889764637
1790387460.858869,1.7807759868446738
1790387460.8677888,1.8277930212207139
1790387460.8767607,2.7860169939231128
1790387460.921685,1.857580995419994
1790387460.9412262,4.357575002359226
1790387460.9414425,6.198029004735872
1790387460.9415607,5.168367992155254
1790387460.9738472,2.304498018929735
1790387460.9965215,23.930305003887042
1790387461.0211947,25.642644002800807
1790387461.0217085,11.809469986474141
1790387461.0220268,6.697193981381133
1790387461.0220814,11.122044990770519
1790387461.03217,1.5095349808689207
1790387461.05922,1.689992001047358
1790387461.0942795,1.6122089873533696
1790387461.106863,1.5205909730866551
1790387461.1324558,2.8587940032593906
1790387461.1537547,21.040029998403043
1790387461.154112,2.808893012115732
1790387461.1541746,26.24753999407403
1790387461.1642213,1.8387500022072345
1790387461.1697621,1.9943400111515075
1790387461.1826143,1.7438700015190989
1790387461.2086368,1.7064220155589283
1790387461.21659,1.6358669963665307
1790387461.2450886,23.20740499999374
1790387461.245393,26.07396399253048
1790387461.2457073,9.764341986738145
1790387461.2479281,1.2014799867756665
1790387461.2692244,1.6986620030365884
1790387461.2754097,1.64452099124901
1790387461.2870436,1.6039600013755262
1790387461.287948,1.7873100005090237
1790387461.315016,20.19447198836133
1790387461.3168783,1.485118002165109
1790387461.3218958,1.2676460028160363
1790387461.3532937,22.918392991414294
1790387461.353379,23.54625699808821
1790387461.3561325,1.672137004788965
1790387461.3586853,1.6459829930681735
1790387461.382212,1.7037469951901585
1790387461.4123034,20.179226994514465
1790387461.412769,21.846731018740684
1790387461.41326,12.752255017403513
1790387461.4133277,9.977852983865887
1790387461.4176366,1.4930610195733607
1790387461.4460006,25.828091020230204
1790387461.4461155,7.994297018740326
1790387461.446636,7.2214649990201
1790387461.448878,1.443240005755797
1790387461.4596612,1.676068000961095
1790387461.479482,1.6569419822189957
1790387461.4989955,6.895358004840091
1790387461.515313,9.912099980283529
1790387461.5153859,23.884613998234272
1790387461.5403974,23.6672020109836
1790387461.559666,1.6666589945089072
1790387461.5741968,1.5913500101305544
1790387461.5842674,1.8811119953170419
1790387461.588607,1.526074018329382
1790387461.6239753,1.761256018653512
1790387461.6295116,1.9144639954902232
1790387461.636185,2.0993169746361673
1790387461.6413643,1.82604999281466
1790387461.646138,1.6902099887374789
1790387461.665338,2.420167002128437
1790387461.6674771,2.11987501825206
1790387461.6892014,22.502684994833544
1790387461.7052488,22.04132598126307
1790387461.710248,19.491687999106944
1790387461.7103288,25.974722986575216
1790387461.7353892,20.782289997441694
1790387461.7358441,9.425217023817822
1790387461.7359602,15.201886999420822
1790387461.7847176,1.7712909902911633
1790387461.8459249,50.05127197364345
1790387461.8562794,55.24926900397986
1790387461.861751,60.108497011242434
1790387461.8832026,77.66400999389589
1790387461.8995616,92.18901599524543
1790387461.9114442,106.72024797531776
1790387461.911932,98.48729698569514
1790387461.9132352,105.11506599141285
1790387461.9137294,81.91596801043488
1790387461.914528,34.49236700544134
1790387461.9156666,34.151844010921195
1790387461.9160085,5.769758980022743
1790387461.9161317,33.65752098034136
1790387461.9169319,1.8742120009846985
1790387461.9610991,31.340949004516006
1790387461.9727175,16.025632998207584
1790387461.9731722,31.19096701266244
1790387461.9734285,13.894785020966083
1790387461.973691,6.331209006020799
1790387461.9741328,3.3308090060018003
1790387462.0041165,2.8276779921725392
1790387462.0065622,2.43027598480694
1790387462.0221963,1.8422850116621703
1790387462.0404994,1.981823006644845
1790387462.0472972,2.286734990775585
1790387462.054884,1.7183460004162043
1790387462.060415,2.1718409843742847
1790387462.0759623,1.9783419847954065
1790387462.1135154,2.0860259828623384
1790387462.1218863,1.9179749942850322
1790387462.1609588,27.59431698359549
1790387462.16106,17.2427789948415
1790387462.1675727,1.8873270018957555
1790387462.1850069,1.8174089782405645
1790387462.2193363,20.736192003823817
1790387462.2198586,22.731242002919316
1790387462.2203455,20.736814010888338
1790387462.2204852,16.776249976828694
1790387462.2210608,13.351809000596404
1790387462.2722507,27.639394014840946
1790387462.2826772,31.167005974566564
1790387462.329335,71.82312899385579
1790387462.3324938,70.25095401331782
1790387462.3326032,68.28048301395029
1790387462.3331108,59.863852977287024
1790387462.3336103,59.22803399153054
1790387462.3341806,38.92181802075356
1790387462.3344715,10.872227983782068
1790387462.343468,1.4444219996221364
1790387462.3511977,1.3972099986858666
1790387462.379339,16.01584200398065
1790387462.3796213,23.375431017484516
1790387462.3799706,2.722623001318425
1790387462.3842106,1.3794040132779628
1790387462.396736,2.704232989344746
1790387462.408364,1.677583990385756
1790387462.4096985,1.3252100034151226
1790387462.4497628,3.053184016607702
1790387462.4504056,1.9539990171324462
1790387462.4629736,1.577670976985246
1790387462.488725,20.499245991231874
1790387462.4887953,11.390817002393305
1790387462.5557983,2.4872830254025757
1790387462.59005,24.92928400170058
1790387462.59158,13.450227008434013
1790387462.5917022,7.0063799794297665
1790387462.5920026,1.5070099907461554
1790387462.599853,1.315970002906397
1790387462.602792,1.542224024888128
1790387462.6253326,13.309044996276498
1790387462.625395,22.557186021003872
1790387462.6459484,1.7715870053507388
1790387462.65157,1.3871009869035333
1790387462.661595,1.6720170096959919
1790387462.6790166,4.638693993911147
1790387462.6792052,3.4955950104631484
1790387462.6829448,1.7422450182493776
1790387462.6870058,1.6083689988590777
1790387462.6935775,1.2435970129445195
1790387462.6978073,1.4067220035940409
1790387462.6983001,1.2227359984535724
1790387462.706762,1.5157739981077611
1790387462.7444992,25.20059101516381
1790387462.750204,26.662757009034976
1790387462.75027,37.52265399089083
1790387462.7611349,18.07946100598201
1790387462.762804,14.79845098219812
1790387462.7629209,32.69678200013004
1790387462.7659428,2.0216220000293106
1790387462.7665458,1.808258006349206
1790387462.7824686,3.7802480219397694
1790387462.8092678,2.000548003707081
1790387462.8239603,1.7126190068665892
1790387462.847576,2.1883399749640375
1790387462.8499162,1.5273570024874061
1790387462.857528,1.6730799979995936
1790387462.8636858,1.849816006142646
1790387462.8674457,1.9122670055367053
1790387462.8803358,1.4746579981874675
1790387462.8915586,5.915843008551747
1790387462.8920674,4.691139998612925
1790387462.892141,5.884305981453508
1790387462.9001908,1071.8573630147148
1790387462.9003215,1059.7119009762537
1790387462.9006112,1057.438371994067
1790387462.9011474,1060.0237089965958
1790387462.9065063,1.6426060174126178
1790387462.9381628,13.38829199085012
1790387462.9383955,5.077912006527185
1790387462.9384928,26.915134018054232
1790387462.9597094,13.532929995562881
1790387462.959798,22.98101401538588
1790387462.9743667,1.6464389918837696
1790387463.0422776,1.603769022040069
1790387463.0508451,1.6968570125754923
1790387463.0909736,2.9954739729873836
1790387463.104764,2.8874879935756326
1790387463.1064553,3.692646016133949
1790387463.1095355,2.3054050107020885
1790387463.112893,1.548152999021113
1790387463.1218405,2.461254014633596
1790387463.1324809,1.6048349789343774
1790387463.163161,1.7485440184827894
1790387463.1714706,1.719446008792147
1790387463.1919465,1.5738410002086312
1790387463.2174616,21.465085999807343
1790387463.2175436,22.529598994879052
1790387463.2194717,1.5788559976499528
1790387463.2384727,2.4691199942026287
1790387463.2443237,2.2326770122162998
1790387463.2519717,1.4782900107093155
1790387463.2602937,1.4559979899786413
1790387463.26621,1.4840099902357906
1790387463.2730188,1.4881179959047586
1790387463.2972414,1.8513380200602114
1790387463.3718188,2.0711479883175343
1790387463.4026632,24.647979997098446
1790387463.415892,1.7707369988784194
1790387463.4388204,20.411973993759602
1790387463.4392073,1.899138995213434
1790387463.4458613,1.6488829860463738
1790387463.4530067,1.5097290161065757
1790387463.4633584,2.9940700042061508
1790387463.501107,2.184210025006905
1790387463.5063014,1.4607440098188818
1790387463.5109239,1.2578390014823526
1790387463.5177882,1.5034009993541986
1790387463.5321736,1.580114010721445
1790387463.5577114,1.599127019289881
1790387463.5737605,1.5942640020512044
1790387463.5972872,21.147602004930377
1790387463.5976381,15.122935001272708
1790387463.5984893,5.221920000622049
1790387463.5985482,5.185624992009252
1790387463.603016,1.1650349770206958
1790387463.6212974,2.3096629884094
1790387463.621434,2.9980460240039974
1790387463.6292906,1.4687080110888928
1790387463.6555676,13.372189016081393
1790387463.655632,23.235859989654273
1790387463.702992,19.619109021732584
1790387463.7030814,22.82527697389014
1790387463.7032363,19.375682983081788
1790387463.7035348,17.51061499817297
1790387463.714709,1.476898993132636
1790387463.717272,1.6817510186228901
1790387463.719423,1.275472022825852
1790387463.7361696,1.5629259869456291
1790387463.7383602,1.3358279829844832
1790387463.7483766,2.922387997386977
1790387463.8168685,4.423631995450705
1790387463.882785,1.7266100039705634
1790387463.8963497,3.6224090144969523
1790387463.9055643,1.4475789794232696
1790387463.9149318,1.5933669928926975
1790387463.9328353,1.6625520074740052
1790387463.9601908,25.6913369812537
1790387463.98825,23.62220999202691
1790387463.9883504,24.223287997301668
1790387464.0238311,1.8725540139712393
1790387464.0284169,2.362479019211605
1790387464.0405538,2.1488619968295097
1790387464.0631602,17.986290011322126
1790387464.0762913,27.17876702081412
1790387464.0917702,47.32214400428347
1790387464.1145036,55.778957990696654
1790387464.1207416,38.06653298670426
1790387464.120877,44.17081500287168
1790387464.1514297,59.49987901840359
1790387464.151954,68.31812701420859
1790387464.157301,55.53578201215714
1790387464.157418,62.46883299900219
1790387464.1577287,48.70192299131304
1790387464.1586576,43.81307199946605
1790387464.1587894,34.68248000717722
1790387464.1598952,19.37863402417861
1790387464.160061,16.5543670009356
1790387464.1870234,28.000677993986756
1790387464.2474272,3.835320007055998
1790387464.247738,3.4153239976149052
1790387464.248092,2.789944992400706
1790387464.2605982,1.9671609916258603
1790387464.278857,3.7677180080208927
1790387464.2789462,4.846525000175461
1790387464.2790976,3.0725290125701576
1790387464.326601,38.084490020992234
1790387464.326941,31.281331001082435
1790387464.334408,27.71246200427413
1790387464.3348498,45.57370601105504
1790387464.3349473,18.140159983886406
1790387464.335843,7.29713001055643
1790387464.3359196,12.07282199175097
1790387464.3511188,2.1704440005123615
1790387464.351648,1.4422209933400154
1790387464.3657887,1.6149170114658773
1790387464.3732357,1.4955720107536763
1790387464.3765783,1.3641979894600809
1790387464.3797803,2.1814949868712574
1790387464.3927276,1.8120110034942627
1790387464.4621983,42.675292992498726
1790387464.4652524,14.854479988571256
1790387464.46541,40.49107400351204
1790387464.4656143,18.03214001120068
1790387464.4659276,9.440866997465491
1790387464.4770305,1.9787619821727276
1790387464.4888134,2.2987949778325856
1790387464.4923322,2.4659140035510063
1790387464.4934328,2.474229986546561
1790387464.5095754,1.9053620053455234
1790387464.519186,1.9529060227796435
1790387464.5447278,22.790225979406387
1790387464.5448108,3.956018015742302
1790387464.5533144,1.589595020050183
1790387464.55553,1.249602995812893
1790387464.5605316,1.8502350139897317
1790387464.5978224,1.7579070117790252
1790387464.6064627,1.6842719924170524
1790387464.6135015,1.9775269902311265
1790387464.6200755,1.5352480113506317
1790387464.6624134,1.8364179995842278
1790387464.7218292,18.97208098671399
1790387464.7243333,4.903453984297812
1790387464.7244139,25.446162006119266
1790387464.7401664,1.8332220206502825
1790387464.7451882,1.6156100027728826
1790387464.7562695,1.5359990065917373
1790387464.7622738,1.8703489913605154
1790387464.7813013,1.6713739896658808
1790387464.795978,1.7931949987541884
1790387464.8046715,1.865438011009246
1790387464.82118,1.6406369977630675
1790387464.852558,1.6241100092884153
1790387464.8558064,1.3634779897984117
1790387464.8592412,1.3536830083467066
1790387464.8775198,2.1541439928114414
1790387464.888571,1.8353209889028221
1790387464.8946142,1.6676000086590648
1790387464.9006085,1.7290079849772155
1790387464.9083529,1.922150986501947
1790387464.9419234,18.11253998312168
1790387464.942018,16.57193500432186
1790387464.942448,16.424911009380594
1790387464.9425209,24.448313983157277
1790387464.943528,17.09345800918527
1790387464.943684,12.130813993280753
1790387464.944297,12.203571997815743
1790387464.9606802,1.9317260012030602
1790387464.9675024,1.7010119918268174
1790387464.9825656,1.8630200065672398
1790387465.0045023,21.475357993040234
1790387465.0190122,2.0282719924580306
1790387465.0204546,1.1956639937125146
1790387465.0218465,1.1291650007478893
1790387465.0251722,1.66760798310861
1790387465.0266747,1.1456180072855204
1790387465.0467322,1.741143991239369
1790387465.0552666,1.714463985990733
1790387465.0657604,2.028627000981942
1790387465.0658512,2.6443010137882084
1790387465.0720353,1.5001870051492006
1790387465.0932922,1.7379560158587992
1790387465.09478,1.2400660198181868
1790387465.1084578,1.8447159964125603
1790387465.1191823,1.6383849724661559
1790387465.1223264,1.3591180031653494
1790387465.137445,1.9660640100482851
1790387465.141762,1.4314140134956688
1790387465.1524513,3.3950319921132177
1790387465.1533225,3.7368010089267045
1790387465.1544483,1.7515430226922035
1790387465.1545174,2.80063200625591
1790387465.182822,2.761192008620128
1790387465.1832426,2.4127040232997388
1790387465.188366,1.5736979839857668
1790387465.2002363,2.6407169934827834
1790387465.200825,2.4444170121569186
1790387465.2091532,1.5152439882513136
1790387465.2193255,1074.9429519928526
1790387465.2998312,2.0109519828110933
1790387465.3011858,1.3425250072032213
1790387465.3121939,1.6356029955204576
1790387465.3202143,1.7205759941134602
1790387465.3946579,23.229071986861527
1790387465.3948023,7.393781008431688
1790387465.396652,1.580330019351095
1790387465.4109151,1.9389759982004762
1790387465.4147758,1.39773401315324
1790387465.4349,1.901479990920052
1790387465.4382555,1.3728489866480231
1790387465.4450994,1.5788630116730928
1790387465.4665592,1.651211001444608
1790387465.4701166,1.4408479910343885
1790387465.4790223,1.8945769988931715
1790387465.4827335,2.043650980340317
1790387465.4880197,1.5659690252505243
1790387465.4952254,1.4896270004101098
1790387465.531185,19.32551700156182
1790387465.5317688,24.060918018221855
1790387465.5318334,7.316607021493837
1790387465.5457618,2.305000991327688
1790387465.5505815,1.3959990174043924
1790387465.5609188,1.477723999414593
1790387465.5647619,1.507925015175715
1790387465.565468,1.5991450054571033
1790387465.5915048,21.465694007929415
1790387465.6047485,1.9243840069975704
1790387465.60677,1.6282900178339332
1790387465.6110067,1.3365999911911786
1790387465.6250284,1.597591006429866
1790387465.636907,1.9536959880497307
1790387465.659583,23.788624006556347
1790387465.6596777,8.91958799911663
1790387465.6721156,1.6210750036407262
1790387465.686849,1.6461790073662996
1790387465.6938376,1.7039379745256156
1790387465.6988928,1.8753490003291517
1790387465.70755,1.5931609959807247
1790387465.747535,24.64024699293077
1790387465.7481053,10.469248023582622
1790387465.7482102,2.9520419775508344
1790387465.7592807,1.6416329890489578
1790387465.783535,1.939741981914267
1790387465.829031,2.2081839852035046
1790387465.8525643,1.5956429997459054
1790387465.854571,1.346471020951867
1790387465.8580463,1.5470490034203976
1790387465.8874876,21.33669299655594
1790387465.8876436,17.110151995439082
1790387465.887711,28.141859016614035
1790387465.9101884,34.78997899219394
1790387465.9102657,20.080122019862756
1790387465.9103396,10.795981012051925
1790387465.9617093,15.824111993424594
1790387465.9618292,25.05752700380981
1790387465.961904,4.873921017860994
1790387465.975038,1.7785410163924098
1790387465.9912713,1.7358649929519743
1790387466.022038,23.83277300396003
1790387466.0221388,20.746363006765023
1790387466.0399857,1.6165259876288474
1790387466.0443108,1.4986130117904395
1790387466.0525188,1.7447879945393652
1790387466.1021657,2.391269983490929
1790387466.1033158,2.0550039771478623
1790387466.1182654,1.9897599995601922
1790387466.1334162,2.071040973532945
1790387466.1457741,2.630549017339945
1790387466.1468668,1.9698220130521804
1790387466.148062,2.2747539915144444
1790387466.1997504,24.703740025870502
1790387466.200152,5.354638007702306
1790387466.2116115,1.721269014524296
1790387466.2309473,1.9106169929727912
1790387466.265321,2.056299999821931
1790387466.268114,2.0570199994836003
1790387466.269477,1.2248520215507597
1790387466.2728477,1.6870069957803935
1790387466.2973475,1.9093230075668544
1790387466.3007045,1.4233969850465655
1790387466.3284974,19.771931983996183
1790387466.3290157,23.692699993262067
1790387466.3291323,19.749335013329983
1790387466.34329,1.7747649981174618
1790387466.3491032,1.4756360033061355
1790387466.4012983,34.80733800097369
1790387466.4162357,43.79041600623168
1790387466.4163203,22.273726004641503
1790387466.4167602,5.631653999444097
1790387466.4226103,1.7520079854875803
1790387466.4661572,8.459017000859603
1790387466.4662757,15.953875990817323
1790387466.4663525,23.958909994689748
1790387466.4680984,1.3173859915696084
1790387466.471723,1.3013040006626397
1790387466.4842122,1.8662399961613119
1790387466.486562,1.85451700235717
1790387466.48956,1.2436149991117418
1790387466.5134933,1.5836739912629128
1790387466.5147655,1.1676530120894313
1790387466.5307977,1.6592669999226928
1790387466.5635011,21.686541993403807
1790387466.5689092,33.7570320116356
1790387466.5875123,25.12755899806507
1790387466.5877073,29.21489899745211
1790387466.5885193,8.006090007256716
1790387466.5891492,5.591952009126544
1790387466.590295,1.7657209828030318
1790387466.6139307,23.57246301835403
1790387466.615764,1.5752520121168345
1790387466.623974,1.642287999857217
1790387466.6463108,1.6491740243509412
1790387466.6502032,1.3357290008571
1790387466.663124,1.6220899997279048
1790387466.6945133,1.8554779817350209
1790387466.7087686,2.2800499864388257
1790387466.773586,47.95345198363066
1790387466.7787085,63.36758201359771
1790387466.7893069,74.06536597409286
1790387466.7901907,42.55714800092392
1790387466.7912452,48.63582400139421
1790387466.7913244,79.81772598577663
1790387466.7914317,36.46125199156813
1790387466.7919052,29.014834988629445
1790387466.7928274,5.332079017534852
1790387466.7929811,7.853301998693496
1790387466.7930584,29.338110995013267
1790387466.795671,1.6215569921769202
1790387466.803919,1.8728830036707222
1790387466.820786,2.686892985366285
1790387466.8478804,22.391999984392896
1790387466.848255,29.219279997050762
1790387466.848581,16.67673999327235
1790387466.8567166,1.7117270035669208
1790387466.8689854,1.6391729877796024
1790387466.8840778,1.9461149931885302
1790387466.891514,2.1649439877364784
1790387466.8963532,1.7931380134541541
1790387466.8969042,1.6464010113850236
1790387466.9242187,2.4023109872359782
1790387466.931147,1.7531600024085492
1790387466.934608,1.8712290038820356
1790387466.9371104,1.4457869983743876
1790387466.984478,26.077320013428107
1790387466.984594,11.133702006191015
1790387467.0045438,2.2257989912759513
1790387467.0071633,2.602505002869293
1790387467.0084784,2.4396179942414165
1790387467.0224986,3.0691899883095175
1790387467.0480394,26.591087982524186
1790387467.0481453,15.075739996973425
1790387467.0788577,25.362237996887416
1790387467.0789711,10.251472995150834
1790387467.079508,4.0071030089166015
1790387467.0823886,2.1988319931551814
1790387467.0863116,2.6717859727796167
1790387467.0863898,3.409543016459793
1790387467.0887792,1.39332000981085
1790387467.1034732,1.6020640032365918
1790387467.1088555,1.4941410045139492
1790387467.1247232,1.7872950120363384
1790387467.1387103,2.5551319995429367
1790387467.1434953,1.7340659978799522
1790387467.1457207,1.544350991025567
1790387467.1925824,23.96655999473296
1790387467.1926675,45.69863199139945
1790387467.1943676,37.8446489921771
1790387467.194822,20.416582992766052
1790387467.1950445,5.85181699716486
1790387467.1955125,2.2908360115252435
1790387467.1962156,1.799884979845956
1790387467.1974235,1.1994479864370078
1790387467.2031178,1.3084970123600215
1790387467.205536,1.3244239962659776
1790387467.2061052,1.2265760160516948
1790387467.2081609,1.3997890055179596
1790387467.2203808,1.80317199556157
1790387467.2217014,1.3001299812458456
1790387467.2876377,3.076402994338423
1790387467.28775,3.967442986322567
1790387467.3243513,15.650807996280491
1790387467.3244793,24.064149998594075
1790387467.324536,16.515814990270883
1790387467.3289173,1.8093249818775803
1790387467.3300617,2.149083011317998
1790387467.3316274,1.4221520104911178
1790387467.3353958,1.5561200270894915
1790387467.3756592,15.26665998972021
1790387467.3757777,25.236182002117857
1790387467.3766296,2.325824025319889
1790387467.387052,2.0166769973002374
1790387467.3887577,2.7405569853726774
1790387467.390084,1.8519879959058017
1790387467.4143496,24.211246985942125
1790387467.4321022,1.7999349802266806
1790387467.4392815,2.1751820167992264
1790387467.4458218,1.492595998570323
1790387467.4508088,1.3282020227052271
1790387467.4747746,2.041857020230964
1790387467.5002246,10.494473011931404
1790387467.5004096,23.41428498039022
1790387467.5043633,1.833026995882392
1790387467.5110028,1.5171749982982874
1790387467.5518959,26.87272199545987
1790387467.5519814,21.3229329965543
1790387467.5721354,1.6283189761452377
1790387467.5924387,1.9178180082235485
1790387467.613099,2.784745011013001
1790387467.6132247,3.9368169964291155
1790387467.6367545,24.795665027340874
1790387467.6375172,2.1384190185926855
1790387467.6444945,1.5822630084585398
1790387467.652496,2.9567010060418397
1790387467.6525533,3.114121005637571
1790387467.6626675,1.598566974280402
1790387467.666601,1.5488739882130176
1790387467.6718988,2.4111320090014488
1790387467.6720858,1.810760993976146
1790387467.692522,9.551823983201757
1790387467.7286935,31.74473700346425
1790387467.7290652,43.04802100523375
1790387467.7296839,49.52089799917303
1790387467.7305079,32.93078701244667
1790387467.7313244,24.196284997742623
1790387467.731408,30.116428999463096
1790387467.7314632,21.70871099224314
1790387469.9413297,2.3877260100562125
1790387469.9419713,1.8247599946334958
1790387469.94443,1.2743709958158433
1790387469.9496737,2.5355920079164207
1790387469.950815,2.9213250090833753
1790387469.9514287,2.2508790134452283
1790387469.9514978,2.8568859852384776
1790387469.9571462,1.6232030175160617
1790387469.9752533,1.7878999933600426
1790387470.0311751,39.82804500265047
1790387470.0378225,40.347109985304996
1790387470.038106,25.821290008025244
1790387470.0383053,36.26779399928637
1790387470.0389094,3.8011170108802617
1790387470.0392103,2.256573992781341
1790387470.0522907,2.281465014675632
1790387470.064456,1.7592860094737262
1790387470.0695956,1.3337429845705628
1790387470.0822005,1.8604480137582868
1790387470.0917845,1.5182290226221085
1790387470.138517,24.980785994557664
1790387470.1389663,20.890093001071364
1790387470.139124,11.25953599694185
1790387470.1392133,9.132039995165542
1790387470.1515908,2.042314998107031
1790387470.1522,1.5358639939222485
1790387470.1793506,23.915165977086872
1790387470.1794112,20.256187999621034
1790387470.184583,15.869022987317294
1790387470.2028365,22.060917981434613
1790387470.2029142,26.589365006657317
1790387470.2176185,2.0595940004568547
1790387470.2233407,2.0535789954010397
1790387470.2241204,1.5180979971773922
1790387470.227884,1.3239230029284954
1790387470.2493963,2.070558984996751
1790387470.2497995,1.4445479901041836
1790387470.2887805,24.780788022326306
1790387470.2907796,1.9401780155021697
1790387470.3049693,1.827056024922058
1790387470.317493,2.0581450080499053
1790387470.340638,9.06382198445499
1790387470.3407195,22.57656297297217
1790387470.360384,1.7302829946856946
1790387470.385411,2.1861470013391227
1790387470.3947768,1.7681929748505354
1790387470.4648669,1.7146679747384042
1790387470.4684167,1.44009297946468
1790387470.4712808,1.200700004119426
1790387470.4780512,1.9165590056218207
1790387470.506537,15.937495016260073
1790387470.5168474,23.67232000688091
1790387470.5201294,28.94747897516936
1790387470.5408778,50.373809004668146
1790387470.5625415,48.68627301766537
1790387470.572613,67.52651699935086
1790387470.5834522,56.94931300240569
1790387470.5938911,84.04608801356517
1790387470.601444,61.76915098330937
1790387470.6022758,71.9294399896171
1790387470.6034667,37.07181799109094
1790387470.6035633,51.51315298280679
1790387470.6036708,29.054844984784722
1790387470.603952,24.36785100144334
1790387470.6510317,1.8909639911726117
1790387470.6538634,1.2345800059847534
1790387470.6556923,1.2908070057164878
1790387470.6593733,1.1530710035003722
1790387470.7038019,1.8601950141601264
1790387470.7184207,1.7213120008818805
1790387470.722086,1.3987690035719424
1790387470.731199,1.614590990357101
1790387470.7426832,1.76057597855106
1790387470.7812316,17.608485999517143
1790387470.7879665,4.585689981468022
1790387470.788035,31.3199509982951
1790387470.802786,1.7507279990240932
1790387470.8217828,2.0684649934992194
1790387470.8298428,1.6896680172067136
1790387470.8410015,1.6325289907399565
1790387470.843638,1.8428970070090145
1790387470.8584347,2.2181090025696903
1790387470.879459,1.8574479909148067
1790387470.9006362,1.986043993383646
1790387470.9558263,26.280123012838885
1790387470.9673495,38.645905995508656
1790387470.97772,41.14351799944416
1790387470.9809198,33.44833600567654
1790387470.9810586,27.546402998268604
1790387470.9811504,9.774284990271553
1790387470.984183,1.4686569920741022
1790387470.9914644,3.453851997619495
1790387470.9929147,3.3146000059787184
1790387470.9930148,2.649701025802642
1790387471.0396671,17.25480001186952
1790387471.0421793,13.672347995452583
1790387471.0422606,29.0607129863929
1790387471.0429697,13.72151100076735
1790387471.04303,4.264343006070703
1790387471.085174,21.608409006148577
1790387471.0853105,21.247227996354923
1790387471.0856633,25.161583005683497
1790387471.086383,14.410286996280774
1790387471.08645,21.728532010456547
1790387471.0951948,1.810205023502931
1790387471.101831,1.3977860216982663
1790387471.1126502,1.7953579954337329
1790387471.1149852,1.6139410145115107
1790387471.1193693,1.7422599776182324
1790387471.1255946,1.498534984420985
1790387471.1276634,1.2496220006141812
1790387471.1290236,1.3515239988919348
1790387471.1336982,1.4223289908841252
1790387471.14045,1.4344429946504533
1790387471.146891,1.2304820120334625
1790387471.151325,1.6005430079530925
1790387471.1640153,1.5484809991903603
1790387471.19702,2.0100949914194643
1790387471.2041862,1.6960589855443686
1790387471.2081456,2.1234060113783926
1790387471.2194533,2.225642994744703
1790387471.227963,2.0567490137182176
1790387471.2408302,1.7491059843450785
1790387471.2587688,2.2616359929088503
1790387471.271947,1.8780389800667763
1790387471.306301,2.1542100002989173
1790387471.313053,2.0940229878760874
1790387471.3270369,2.6598150143399835
1790387471.327417,1.8238070188090205
1790387471.358134,1.9650409813039005
1790387471.3963678,1.7900219827424735
1790387471.4260952,2.105075982399285
1790387471.4405713,2.461814001435414
1790387471.474205,1.6587430145591497
1790387471.543149,26.361236028606072
1790387471.5487216,11.519270978169516
1790387471.5673554,29.44817900424823
1790387471.5674329,19.430608983384445
1790387471.5685372,15.206264011794701
1790387471.5687723,18.869561987230554
1790387471.5688322,5.538216995773837
1790387471.5823646,2.020116022322327
1790387471.585618,1.3863149797543883
1790387471.598998,2.4930570216383785
1790387471.6194732,1.7442849930375814
1790387471.6559293,1.645878015551716
1790387471.6611671,1.71170401154086
1790387471.664609,1.6383469919674098
1790387471.6694636,1.627264020498842
1790387471.6701884,1.523501006886363
1790387471.6749904,1.6844970232341439
1790387471.684058,1.4134969969745725
1790387471.6984832,2.0844450045842677
1790387471.7088149,1.6941280046012253
1790387471.716623,1.6270850028377026
1790387471.7242007,2.016956015722826
1790387471.7246883,1.2890479993075132
1790387471.7270644,1.1352540168445557
1790387471.7338276,1.779639016604051
1790387471.736681,1.4784520026296377
1790387471.7874672,39.43402800359763
1790387471.8309143,79.57739298581146
1790387471.831315,53.789693978615105
1790387471.845811,65.31712898868136
1790387471.8459086,74.35102597810328
1790387471.8463209,79.28732899017632
1790387471.8464081,62.851704977219924
1790387471.8479042,58.650424994993955
1790387471.8483412,44.031093013472855
1790387471.8487492,32.75862900773063
1790387471.8702638,29.828094004187733
1790387471.8735754,48.38081600610167
1790387471.8738983,51.50801400304772
1790387471.8742979,19.350438989931718
1790387471.875783,1.4746089873369783
1790387471.8793824,1.9636020006146282
1790387471.881065,1.5121590113267303
1790387471.9434025,29.335202008951455
1790387471.9495475,42.84997200011276
1790387471.9554884,22.25062600336969
1790387471.9586704,18.484208994777873
1790387471.9591117,13.390817999606952
1790387471.9591975,43.61102500115521
1790387471.9637952,1.513519004220143
1790387471.9874117,1.7414899775758386
1790387471.9925914,1.81745202280581
1790387472.0303514,2.0928459998685867
1790387472.0378683,1.7849990108516067
1790387472.0433362,2.0834520109929144
1790387472.0441372,1.2800870172213763
1790387472.055973,1.974012004211545
1790387472.0591633,1.4823319797869772
1790387472.0623012,1.5899240097496659
1790387472.096002,1.7966959858313203
1790387472.1000268,1.344075019005686
1790387472.1065347,1.3591570022981614
1790387472.1333416,24.47273299912922
1790387472.1621695,1.7289310053456575
1790387472.1883254,2.1605599904432893
1790387472.1931005,1.489424001192674
1790387472.2141304,2.6579059776850045
1790387472.2209127,1.8969029770232737
1790387472.2240322,1.3953929883427918
1790387472.236052,2.229431993328035
1790387472.249631,1.771012000972405
1790387472.3006146,28.2175230095163
1790387472.3058321,39.17015600018203
1790387472.3117197,24.231107003288344
1790387472.3120823,6.883080990519375
1790387472.314068,1.328780985204503
1790387472.324727,1.7774709849618375
1790387472.3439972,2.113035006914288
1790387472.3455818,1.4539239928126335
1790387472.3863351,25.217004003934562
1790387472.3864748,13.303249987075105
1790387472.3865838,9.632150002289563
1790387472.4116604,21.6146309976466
1790387472.4125428,28.635596012463793
1790387472.4126184,14.542021992383525
1790387472.4490442,1.7866980051621795
1790387472.454703,1.9325850007589906
1790387472.4859862,2.036952006164938
1790387472.4982579,1.8419680127408355
1790387472.5214806,21.768306993180886
1790387472.5243888,7.443092006724328
1790387472.5244675,25.535388005664572
1790387472.5267375,1.574693975271657
1790387472.5272574,1.246589992661029
1790387472.562406,2.1708339918404818
1790387472.5680346,1.6423799970652908
1790387472.6205456,25.61927499482408
1790387472.620969,15.056668984470889
1790387472.621053,18.595725996419787
1790387472.621676,14.7528619854711
1790387472.6357243,1.7452089814469218
1790387472.6631672,2.1121370082255453
1790387472.6770537,2.3024209949653596
1790387472.679685,1.8620859773363918
1790387472.6891506,1.6275400121230632
1790387472.7279234,1.9220300018787384
1790387472.7393773,1.6783809987828135
1790387472.7407756,1.2622340000234544
1790387472.784096,19.016004021978006
1790387472.7842832,9.81303898151964
1790387472.7843711,27.488682011608034
1790387472.788443,1.4685179921798408
1790387472.805229,1.9484520016703755
1790387472.8115618,2.256748004583642
1790387472.817064,1.7851839947979897
1790387472.8520064,24.288957007229328
1790387472.8521037,22.043313016183674
1790387472.8594925,1.5720200026407838
1790387472.865119,1.5138069866225123
1790387472.9102626,12.496122013544664
1790387472.9203463,1087.2376049810555
1790387472.9210556,1096.462644985877
1790387472.9211652,22.657120978692546
1790387472.921236,16.036168002756312
1790387472.9352827,1.6867980011738837
1790387472.9475627,1.8429819901939481
1790387472.9555144,1.3904630031902343
1790387472.9641862,1.5782160044182092
1790387472.9671686,1.697731000604108
1790387472.9969137,1.7378559859935194
1790387473.0119128,1.834744994994253
1790387473.0135477,1.6241120174527168
1790387473.0201843,2.0392639853525907
1790387473.0226495,1.5568060043733567
1790387473.039512,1.8895810062531382
1790387473.0399914,1.5272500168066472
1790387473.0436351,1.4221720048226416
1790387473.0441172,1.424735994078219
1790387473.0637474,2.3625240137334913
1790387473.0638351,2.9833430016878992
1790387473.0641026,1.2924209877382964
1790387473.1030493,22.880637989146635
1790387473.1031563,6.086128007154912
1790387473.1249652,21.13373897736892
1790387473.1517324,18.58566000009887
1790387473.173166,38.470067986054346
1790387473.2140214,72.70973702543415
1790387473.2259085,92.023272998631
1790387473.2274618,91.42782198614441
1790387473.2275915,54.145943984622136
1790387473.2300715,37.251488014589995
1790387473.2318168,23.45702497405
1790387473.23193,88.6405700002797
1790387473.233351,9.35984798707068
1790387473.23348,22.77278999099508
1790387473.23363,27.961136016529053
1790387473.2347157,7.402456976706162
1790387473.24991,21.343850006815046
1790387473.256572,22.373536019586027
1790387473.2597897,29.65784599655308
1790387473.2599084,17.542304995004088
1790387473.287207,24.830834998283535
1790387473.287278,3.614358982304111
1790387473.294642,2.123357990058139
1790387473.302385,1.9654800125863403
1790387473.3293662,2.31653600349091
1790387473.3347144,1.693061989499256
1790387473.3372803,1.6684680012986064
1790387473.3495755,1.7725939978845417
1790387473.3837383,26.894023991189897
1790387473.383823,28.972659987630323
1790387473.3839183,9.75854299031198
1790387473.3839796,21.201770985499024
1790387473.3907557,1.3566399866249412
1790387473.4196787,1.8822199781425297
1790387473.4445686,1.6444450011476874
1790387473.460025,1.9529550045263022
1790387473.4682863,1.7473410116508603
1790387473.4820926,1.7821649962570518
1790387473.484157,1.539899007184431
1790387473.521549,1.7224400071427226
1790387473.5224478,1.8412409990560263
1790387473.5246346,1.467714988393709
1790387473.5562773,1.9342239829711616
1790387473.5645604,1.4704749919474125
1790387473.5718963,1.98552300571464
1790387473.5743406,1.531222980702296
1790387473.576972,1.6014589928090572
1790387473.6000357,1.8510549853090197
1790387473.6140904,1.7846109985839576
1790387473.6194718,1.7526840092614293
1790387473.6254137,1.3895969896111637
1790387473.6387818,1.7752760031726211
1790387473.6428435,1.406318013323471
1790387473.6446521,1.2355640064924955
1790387473.6788177,26.329157990403473
1790387473.6789176,10.58049697894603
1790387473.6867821,1.8231929861940444
1790387473.694528,1.4516660012304783
1790387473.6981432,1.275733986403793
1790387473.7115216,2.314428973477334
1790387473.7120688,2.316583995707333
1790387473.7267587,1.7247810028493404
1790387473.7357345,1.5645459934603423
1790387473.7405856,1.9332699885126203
1790387473.7406564,2.4853990180417895
1790387473.7479002,1.9505450036376715
1790387473.7496777,1.288281986489892
1790387473.7516463,1.1610090150497854
1790387473.7843695,22.30430199415423
1790387473.7911716,2.2053749999031425
1790387473.8310168,2.206176985055208
1790387473.847607,2.330218005226925
1790387473.8535678,1.8982070032507181
1790387473.861008,1.5686959959566593
1790387473.884925,2.562957990448922
1790387473.9266589,29.37971899518743
1790387473.926829,27.23092198721133
1790387473.926977,17.1808089944534
1790387473.957294,24.138916982337832
1790387473.9583673,15.712677995907143
1790387473.9584632,30.179569992469624
1790387473.97663,1.8196069868281484
1790387473.988922,2.079561003483832
1790387474.0039058,2.169879007851705
1790387474.0057523,1.4382030058186501
1790387474.0255206,2.139332005754113
1790387474.0683925,2.238714980194345
1790387474.1115372,31.976441998267546
1790387474.1167104,43.04215099546127
1790387474.1221762,19.44554000510834
1790387474.1312785,50.76608498347923
1790387474.1317267,5.668411002261564
1790387474.1320162,4.686464992118999
1790387474.153851,1.9514049927238375
1790387474.177316,1.6546660044696182
1790387474.1918044,2.6495649944990873
1790387474.1924417,3.364976990269497
1790387474.1934445,1.6296670073643327
1790387474.2027638,1.9991840235888958
1790387474.213471,3.1126700050663203
1790387474.2142549,3.310947009595111
1790387474.2143128,2.7973469987045974
1790387474.2402558,24.904115998651832
1790387474.271617,3.1267769809346646
1790387474.2717288,21.762207994470373
1790387474.3009222,1.7406039987690747
1790387474.3366275,2.951195987407118
1790387474.3446274,1.587170991115272
1790387474.3478422,1.382961985655129
1790387474.3532803,1.4003980031702667
1790387474.3693676,1.851823995821178
1790387474.3935533,22.24640001077205
1790387474.3939004,17.062709986930713
1790387474.3939865,23.50175700848922
1790387474.404323,1.990527001908049
1790387474.4060245,1.691448997007683
1790387474.4105,1.3208159944042563
1790387474.4189029,2.055506018223241
1790387474.4206722,1.4149009948596358
1790387474.4489546,22.772030002670363
1790387474.449099,11.437678011134267
1790387474.449175,14.95284101110883
1790387474.4609983,2.0791809947695583
1790387474.464158,1.4649980003014207
1790387474.4670312,1.3861919869668782
1790387474.4903746,1.892520987894386
1790387474.4923909,1.5204549999907613
1790387474.5074527,2.285362978000194
1790387474.5080945,3.4327970060985535
1790387474.508169,2.4195389996748418
1790387474.5477417,2.1026140020694584
1790387474.586769,3.136741986963898
1790387474.5872753,3.0470540223177522
1790387474.588007,2.1645759989041835
1790387474.5898645,1.4547449827659875
1790387474.5974803,1.3914220035076141
1790387474.6520011,1.7950480105355382
1790387474.6886113,1.7251730023417622
1790387474.6973898,1.7474190099164844
1790387474.7148323,1.6603039985056967
1790387474.7171917,1.3421059993561357
1790387474.7424097,24.268944980576634
1790387474.742485,20.73350001592189
1790387474.7548754,1.6361000016331673
1790387474.7816627,1.707224000710994
1790387474.7831225,1.3554359902627766
1790387474.7950032,1.8146029906347394
1790387474.7964568,1.1762700160034
1790387474.8136253,1.8187479872722179
1790387474.8219583,1.86381398816593
1790387474.854653,1.6072599973995239
1790387474.8581142,1.5355820069089532
1790387474.8581898,2.2465899819508195
1790387474.8681762,1.8220939964521676
1790387474.9062817,1.786916982382536
1790387474.9134364,1.754756027366966
1790387474.931313,2.329534007003531
1790387474.9346557,1.578010997036472
1790387474.9407692,1.5720950032118708
1790387474.9591146,1.924573996802792
1790387474.9660678,1.8088240176439285
1790387474.989817,1.9035709847230464
1790387474.999051,2.410551009234041
1790387475.0227911,24.17948201764375
1790387475.0237324,26.031509012682363
1790387475.0243967,17.323161009699106
1790387475.0255604,8.751831977861002
1790387475.0256827,4.232468985719606
1790387475.026568,1.576106995344162
1790387475.0402055,1.9132589804939926
1790387475.0609977,1.7691599787212908
1790387475.0698762,1.7839760112110525
1790387475.0727522,1.7338540055789053
1790387475.0764549,1.8308380094822496
1790387475.0821927,1.5376070223283023
1790387475.0985394,1.6880040057003498
1790387475.1020193,2.0841170044150203
1790387475.1077926,1.570849010022357
1790387475.1237211,1.8580869946163148
1790387475.1672015,38.434927992057055
1790387475.172619,46.72715600463562
1790387475.178446,44.70524800126441
1790387475.1794329,52.29075698298402
1790387475.1795197,2.812528982758522
1790387475.179605,24.938916001701728
1790387475.1934876,1.6930099809542298
1790387475.1978803,1.874656998552382
1790387475.1983478,1.2603319773916155
1790387475.2267785,27.91872198577039
1790387475.228483,1.6496529860887676
1790387475.2315402,1.6257579845841974
1790387475.2432847,2.6180339918937534
1790387475.2440991,1.5262890083249658
1790387475.2462316,1.2860150018241256
1790387475.2559595,1.4655929990112782
1790387475.290874,14.783378021093085
1790387475.2909534,28.050009976141155
1790387475.302935,2.1133190020918846
1790387475.3090596,1.813425013097003
1790387475.3225605,1.987989991903305
1790387475.3238192,1.237659016624093
1790387475.3265707,1.1987769976258278
1790387475.3310168,1.3253600045572966
1790387475.3610163,21.93101600278169
1790387475.3613837,11.404424993088469
1790387475.3614717,27.415477990871295
1790387475.3912625,26.518989994656295
1790387475.3918037,9.723167982883751
1790387475.4376113,33.71925899409689
1790387475.4381647,43.818520003696904
1790387475.4473367,34.41307001048699
1790387475.4479706,26.92850897437893
1790387475.4702108,80.2105669863522
1790387475.4725316,48.33365400554612
1790387475.4726536,46.6558369807899
1790387475.4734535,10.812174994498491
1790387475.4738436,32.66256701317616
1790387475.4739752,24.96130598592572
1790387475.4740598,7.05710201873444
1790387475.5056398,21.394078998127952
1790387475.506257,14.486850996036083
1790387475.5066042,23.75377301359549
1790387475.5066674,8.774499001447111
1790387475.5310214,5.429779004771262
1790387475.531207,9.212749981088564
1790387475.531303,24.188033014070243
1790387475.5320075,1.7633329844102263
1790387475.536989,1.414658996509388
1790387475.5430174,1.598820002982393
1790387475.549632,1.5528859803453088
1790387475.5922918,2.1130709792487323
1790387475.6025522,2.1040769934188575
1790387475.6048288,1.37802999233827
1790387475.6232848,2.1250259887892753
1790387475.6349816,1.647692988626659
1790387475.6487072,2.354802010813728
1790387475.6525974,1.742351014399901
1790387475.6577392,1.4942550042178482
1790387475.665241,1.976595987798646
1790387475.6710582,1.355582004180178
1790387475.6968002,2.0919519884046167
1790387475.7128775,2.1435990056488663
1790387475.7356637,1.7036809877026826
1790387475.7385259,1.4252359978854656
1790387475.7425826,2.1280369837768376
1790387475.7666051,1.6371129895560443
1790387475.7766786,1.5772210026625544
1790387475.785414,1.6933179867919534
1790387475.8057137,1.8934250110760331
1790387475.8148057,1.8278160132467747
1790387475.815663,1.9067389948759228
1790387475.8223207,1.587122998898849
1790387475.8265111,1.4864229888189584
1790387475.8448672,1.7854369943961501
1790387475.8685956,1.8729789881035686
1790387475.9158015,21.782406023703516
1790387475.9266667,1.7876809870358557
1790387475.969279,22.017955023329705
1790387475.9998724,22.149231983348727
1790387476.0115056,2.1426939929369837
1790387476.0249028,1.8614070140756667
1790387476.0304656,1.613438973436132
1790387476.0727873,1.9265830051153898
1790387476.082154,2.2226879955269396
1790387476.0947647,2.1130249951966107
1790387476.1465375,26.363815006334335
1790387476.1542153,2.023520995862782
1790387476.177224,1.9024840148631483
1790387476.1857095,1.8873520020861179
1790387476.1968076,1.7964389990083873
1790387476.2112315,1.9253000209573656
1790387476.234352,1.5993649722076952
1790387476.2594736,10.121105995494872
1790387476.2596583,24.53029199386947
1790387476.259741,23.500498005887493
1790387476.2598011,3.4407959901727736
1790387476.2713213,1.8865169840864837
1790387476.2862208,1.726918009808287
1790387476.296102,1.6505200183019042
1790387476.3206,23.31224799854681
1790387476.320687,8.851724007399753
1790387476.34077,1.8232250004075468
1790387476.3542771,1.7252060060855001
1790387476.3593612,1.4220130105968565
1790387476.3627448,1.5114470152184367
1790387476.3895874,1.9739109848160297
1790387476.4117389,22.100558009697124
1790387476.4123154,6.702256010612473
1790387476.413228,16.477019991725683
1790387476.438716,22.162395995110273
1790387476.475897,21.237734996248037
1790387476.487408,34.30407799896784
1790387476.5091338,50.897443026769906
1790387476.5092373,27.332767989719287
1790387476.5093412,12.479636003263295
1790387476.5094194,29.853660991648212
1790387476.5094755,10.293324972735718
1790387476.5197155,1.779267011443153
1790387476.522411,1.639177993638441
1790387476.5288892,1.5292739844880998
1790387476.5457613,2.642396982992068
1790387476.5467632,3.102663002209738
1790387476.563791,1.9774449756368995
1790387476.5653005,1.4965410227887332
1790387476.5891526,2.1639549813698977
1790387476.5896068,1.5269559808075428
1790387476.6010756,2.8456099971663207
1790387476.6011806,2.3825950047466904
1790387476.602067,1.742902008118108
1790387476.6161797,1.6441420011688024
1790387476.6180265,1.8331279861740768
1790387476.6238022,1.473347976570949
1790387476.6511278,1.666046999162063
1790387476.67085,2.3936229990795255
1790387476.6713567,1.6220080142375082
1790387476.6762047,2.207183017162606
1790387476.6770556,1.715602003969252
1790387476.6793132,1.0950540017802268
1790387476.6830904,1.3283930020406842
1790387476.6875489,1.2251120060682297
1790387476.707926,1.7549280019011348
1790387476.7217813,1.546553015941754
1790387476.7550123,22.19945701654069
1790387476.7593596,1.8077099812217057
1790387476.764542,1.7950329929590225
1790387476.7651,1.7892569885589182
1790387476.7763062,1.8164169741794467
1790387476.7902458,1.6252819914370775
1790387476.8122146,2.137794013833627
1790387476.8277256,1.9496739841997623
1790387476.8336408,1.7336780147161335
1790387476.8396385,1.6982700035441667
1790387476.8740919,14.071287005208433
1790387476.8833761,13.964684010716155
1790387476.883771,27.208070998312905
1790387476.8838682,11.133414023788646
1790387476.898612,1.6009660030249506
1790387476.9137304,1.9339320133440197
1790387476.9253755,1.8247060070279986
1790387476.9393806,1.6557280032429844
1790387476.9439297,1.5988490195013583
1790387476.9757612,2.243976981844753
1790387476.9758275,2.935321012046188
1790387477.0160968,19.883967994246632
1790387477.0168025,16.16904599359259
1790387477.017189,24.3434619915206
1790387477.0205278,1.5180209884420037
1790387477.0856276,1.8468429916538298
1790387477.0967987,1.7162029980681837
1790387477.1231875,19.848196010570973
1790387477.1237705,25.593420985387638
1790387477.1238441,2.610089984955266
1790387477.1321726,1.5538820007350296
1790387477.1425045,1.6852440021466464
1790387477.1638896,1.6143980028573424
1790387477.167101,1.3478509790729731
1790387477.1769073,1.9275069935247302
1790387477.23395,2.499094989616424
1790387477.2685354,35.031398001592606
1790387477.2736254,22.22999098012224
1790387477.3023174,58.53628402110189
1790387477.3045695,27.05414200318046
1790387477.3054693,43.47096101264469
1790387477.3058836,11.116287991171703
1790387477.3059647,24.72215998568572
1790387477.306527,5.43002801714465
1790387477.3492029,2.2897069866303355
1790387477.353873,2.0440160005819052
1790387477.3603113,2.3057519865687937
1790387477.413855,44.05333398608491
1790387477.4152026,45.935979986097664
1790387477.4153152,22.210060007637367
1790387477.4153893,22.816806012997404
1790387477.416249,3.7060579925309867
1790387477.417526,1.7714949790388346
1790387477.4277573,1.9851200049743056
1790387477.4355147,2.391993999481201
1790387477.436544,1.7689259839244187
1790387477.4607084,10.94281900441274
1790387477.4608083,22.864052996737882
1790387477.4891822,1.7197199922520667
1790387477.5043395,1.627076999284327
1790387477.5120301,1.6588239814154804
1790387477.517437,1.3360509765334427
1790387477.5274925,1.9011239928659052
1790387477.5427253,2.176451002014801
1790387477.546879,1.5762349939905107
1790387477.5483563,1.247752021299675
1790387477.5741446,2.0532130147330463
1790387477.5929,1.649986021220684
1790387477.62691,1.6711440111976117
1790387477.6439068,1.9211070029996336
1790387477.644633,1.865693979198113
1790387477.65963,1.6616919892840087
1790387477.666139,1.7222159949596971
1790387477.7022715,23.09030498145148
1790387477.7185774,2.0897169888485223
1790387477.77298,2.0940359972883016
1790387477.77719,1.5978669980540872
1790387477.7852528,1.6050149861257523
1790387477.8036544,2.687630010768771
1790387477.803744,3.376706998096779
1790387477.8156314,3.357528999913484
1790387477.815773,2.8431660030037165
1790387477.8169336,1.7477280052844435
1790387477.8311903,1.7966509913094342
1790387477.857553,1.6623460105620325
1790387477.8644617,1.4952270139474422
1790387477.8721967,2.036223013419658
1790387477.8964703,20.53380399593152
1790387477.8965538,25.264000985771418
1790387477.9120758,1.8973420083057135
1790387477.9410472,1.6140250081662089
1790387477.9428585,1.5832949720788747
1790387477.9561667,1.6551629814784974
1790387477.9740303,1.7399530042894185
1790387478.0108924,22.7519019972533
1790387478.0109887,23.373961012111977
1790387478.0662398,19.204279000405222
1790387478.066628,10.98454900784418
1790387478.0667267,26.226736983517185
1790387478.0853207,1.6492120048496872
1790387478.0945728,2.107342006638646
1790387478.1183252,19.647673005238175
1790387478.1184356,18.990835000295192
1790387478.1184986,23.697641008766368
1790387478.1253276,1.4863770047668368
1790387478.1275678,1.2128560047131032
1790387478.1368086,1.7747310048434883
1790387478.139356,1.5562859771307558
1790387478.1406121,1.2476849951781332
1790387478.1660416,17.49687298433855
1790387478.1662319,26.25671902205795
1790387478.2057323,22.377109999069944
1790387478.20659,14.494628005195409
1790387478.2071118,21.18372599943541
1790387478.2077448,5.866764986421913
1790387478.207804,27.02884399332106
1790387478.207911,4.832225997233763
1790387478.2285094,1.7772200226318091
1790387478.2304227,1.573448971612379
1790387478.2309692,1.5834700025152415
1790387478.2365034,1.5024010208435357
1790387478.2422476,1.6676259983796626
1790387478.2478848,1.3696659880224615
1790387478.2547996,1.5946720086503774
1790387478.2897944,30.765194998821244
1790387478.294791,24.223917978815734
1790387478.3071609,29.308641009265557
1790387478.3072553,16.42285200068727
1790387478.3077269,9.837710997089744
1790387478.3284218,2.539458015235141
1790387478.3284895,1.7544730217196047
1790387478.33861,1.534362992970273
1790387478.3503122,1.8088519864249974
1790387478.3518279,1.2673519959207624
1790387478.3600883,1.654133986448869
1790387478.365942,1.5543450135737658
1790387478.3977478,24.994623992824927
1790387478.3982458,12.56804697914049
1790387478.4205341,1.566252001794055
1790387478.4225183,1.3580290251411498
1790387478.425154,1.2135030119679868
1790387478.4324362,1.520883000921458
1790387478.4379044,1.3138999929651618
1790387478.464259,2.4238459882326424
1790387478.4652712,1.5584359935019165
1790387478.470532,1.390922989230603
1790387478.4793994,1.508024986833334
1790387478.521985,1.9783560128416866
1790387478.535827,1.9762419979088008
1790387478.5492237,2.481458999682218
1790387478.5501716,1.39067301643081
1790387478.5516891,1.1544239823706448
1790387478.5638604,1.7792240250855684
1790387478.5949957,18.554265989223495
1790387478.5960085,26.10943399486132
1790387478.5965822,16.90192599198781
1790387478.5974145,15.74181200703606
1790387478.5975378,16.488688997924328
1790387478.5981522,1.6871459956746548
1790387478.6122503,2.599417988676578
1790387478.6561627,2.083673985907808
1790387478.6786067,1.9108080014120787
1790387478.688422,3.662755014374852
1790387478.6886177,3.777722013182938
1790387478.6893392,2.227140008471906
1790387478.7639883,14.50031899730675
1790387478.7649052,11.959346011281013
1790387478.765235,12.998788006370887
1790387478.7652793,25.194617977831513
1790387478.7657835,9.785711008589715
1790387478.7658517,4.896590980933979
1790387478.7782593,1.5226709947455674
1790387478.7810931,1.979805005248636
1790387478.7811558,2.571763005107641
1790387478.793936,1.9347329798620194
1790387478.8379202,28.51733600255102
1790387478.8384223,10.050835000583902
1790387478.8475964,2.1956250129733235
1790387478.893141,25.279823981691152
1790387478.8935134,24.955747998319566
1790387478.894031,21.99387300061062
1790387478.8943737,16.173762996913865
1790387478.8945293,9.472135978285223
1790387478.8952196,6.101047008996829
1790387478.8957381,4.524918011156842
1790387478.9581714,9.397913003340364
1790387478.9585266,24.445117014693096
1790387478.958613,26.303099002689123
1790387478.9722135,3.9416200015693903
1790387478.9734306,2.423871017526835
1790387478.982645,2.2432819823734462
1790387478.9851093,1.8777270161081105
1790387478.9914436,1.8658860062714666
1790387479.038153,34.42186501342803
1790387479.0491924,48.28122499748133
1790387479.051747,28.66160200210288
1790387479.0521877,20.970905985450372
1790387479.05227,38.957654003752396
1790387479.0527477,8.379330014577135
1790387479.0576394,1.8625940138008446
1790387479.09073,23.531451995950192
1790387479.0960212,33.445607987232506
1790387479.116342,39.42337099579163
1790387479.1456077,64.91123500745744
1790387479.1542997,71.81826198939234
1790387479.1552908,58.509049005806446
1790387479.1559503,56.9537470000796
1790387479.166487,59.681718004867435
1790387479.1715024,58.171925018541515
1790387479.1834548,58.04253200767562
1790387479.1842525,64.69080501119606
1790387479.1843517,29.91068802657537
1790387479.1896622,25.5873019923456
1790387479.2065296,36.94063500734046
1790387479.207575,6.572368001798168
1790387479.2128465,10.364704998210073
1790387479.228631,25.543115014443174
1790387479.2289436,5.570234003243968
1790387479.231306,1.3667290040757507
1790387479.2405488,1.609960017958656
1790387479.2429917,1.5032730007078499
1790387479.2635198,1.9200929964426905
1790387479.3229623,24.40380002371967
1790387479.323065,16.69159301673062
1790387479.323918,16.74916999763809
1790387479.324247,15.357419004430994
1790387479.3278558,1.4063730195630342
1790387479.3303165,1.3023510109633207
1790387479.3436852,2.1203560172580183
1790387479.357653,2.2574809845536947
1790387479.3796015,2.0322840136941522
1790387479.387689,2.2524590021930635
1790387479.391146,1.8675290048122406
1790387479.4057376,1.6401910106651485
1790387479.411644,1.468460017349571
1790387479.439158,25.055694015463814
1790387479.4392998,2.216007007518783
1790387479.43937,10.837081004865468
1790387479.4580474,1.7664240149315447
1790387479.463028,1.5546549984719604
1790387479.4693887,1.360578986350447
1790387479.539905,70.22636299370788
1790387479.5400631,44.9598099803552
1790387479.540564,65.76778599992394
1790387479.541567,70.09090299834497
1790387479.54172,41.74376401351765
1790387479.5423775,33.79935698467307
1790387479.543468,30.66750700236298
1790387479.5439181,32.85876600421034
1790387479.5442865,15.773007005918771
1790387479.5450184,12.184385006548837
1790387479.5451205,5.912121996516362
1790387479.5526822,1.7719500174280256
1790387479.5546367,1.268665015231818
1790387479.5685158,1.6363869945053011
1790387479.577053,1.9562039815355092
1790387479.5872853,1.5909160138107836
1790387479.59336,1.6268450126517564
1790387479.597935,1.4538970135618001
1790387479.6030385,2.0921260002069175
1790387479.6149876,1.7183870077133179
1790387479.624958,2.5003219780046493
1790387479.6256185,1.756057987222448
1790387479.6399422,1.9247019954491407
1790387479.6442308,1.5309080190490931
1790387479.6860812,20.681897993199527
1790387479.686168,22.238369012484327
1790387479.6905968,1.7130550113506615
1790387479.7153714,21.150791988475248
1790387479.7666454,39.81452598236501
1790387479.7668035,20.29195599607192
1790387479.7943048,37.49849199084565
1790387479.795802,57.51810100628063
1790387479.796052,48.71258599450812
1790387479.7969415,28.113303997088224
1790387479.8022594,17.80392599175684
1790387479.8197365,29.99952601385303
1790387479.8198295,11.200211010873318
1790387479.8305602,2.0884459954686463
1790387479.8380213,1.686419011093676
1790387479.857241,1.738654013024643
1790387479.8747945,1.9690659828484058
1790387479.9143033,23.782452975865453
1790387479.920821,1.865792990429327
1790387479.9213943,1.6038379981182516
1790387479.924583,1.4710609975736588
1790387479.9369867,2.1873860096093267
1790387479.9543364,12.353022990282625
1790387479.968937,26.309576991479844
1790387479.9690337,21.045223984401673
1790387479.988333,7.6714089955203235
1790387480.0059001,23.991638998268172
1790387480.0079334,25.135093979770318
1790387480.0082219,8.754017006140202
1790387480.0192947,12.056042003678158
1790387480.033451,27.002344984794036
1790387480.0335176,23.391863011056557
1790387480.0628228,20.846083003561944
1790387480.0753896,1.6277190006803721
1790387480.0895522,2.01620499137789
1790387480.0896232,2.9296310094650835
1790387480.103158,1.8554219859652221
1790387480.1364985,31.716016004793346
1790387480.1933641,25.009826000314206
1790387480.1940622,1063.9074110076763
1790387480.1946156,15.548113005934283
1790387480.1951747,2.7112220122944564
1790387480.1952565,7.899363001342863
1790387480.2008302,1.775309006916359
1790387480.2567236,27.723069972125813
1790387480.2571652,41.6641469928436
1790387480.2578073,47.97005400178023
1790387480.2587824,10.275164997437969
1790387480.2590823,15.250767988618463
1790387480.2591505,5.930924991844222
1790387480.2866259,1.6933459846768528
1790387480.2893825,1.6260929987765849
1790387480.2911897,1.631002000067383
1790387480.2998343,1.2971899996045977
1790387480.3295755,1.6642640111967921
1790387480.335932,1.4304609794635326
1790387480.3539417,2.434017980704084
1790387480.4004035,26.67940699029714
1790387480.4005861,16.028393991291523
1790387480.401261,5.880937009351328
1790387480.442305,27.697202982380986
1790387480.4423811,5.3083859966136515
1790387480.4475367,1.466712012188509
1790387480.4987051,34.03762599918991
1790387480.5057309,40.022123022936285
1790387480.5058289,50.57241200120188
1790387480.5282588,70.04506699740887
1790387480.52838,60.15333399409428
1790387480.5290387,4.706930980319157
1790387480.5291054,57.707447005668655
1790387480.5574594,2.038055972661823
1790387480.5734992,1.7234669940080494
1790387480.5779324,1.5409589977934957
1790387480.5875335,1.556678005727008
1790387480.5904486,1.506342989159748
1790387480.6940877,32.46036797645502
1790387480.7060618,45.02166900783777
1790387480.7376337,67.79635799466632
1790387480.7382329,29.702784988330677
1790387480.7383733,60.37990399636328
1790387480.7409024,64.02078201062977
1790387480.7410278,14.184078987454996
1790387480.7411482,14.906483993399888
1790387480.7416306,9.51557801454328
1790387480.7423124,14.523071993608028
1790387480.7428951,10.078379011247307
1790387480.7429438,4.34218201553449
1790387480.7481365,1.4719569880980998
1790387480.7633796,1.8157120211981237
1790387480.7775757,1.7644519975874573
1790387480.799409,20.691076992079616
1790387480.7997797,4.835727013414726
1790387480.7998738,21.651221002684906
1790387480.8105376,1.6213800117839128
1790387480.8162916,1.5594740107189864
1790387480.816386,2.2539130004588515
1790387480.821488,1.3649939792230725
1790387480.8460302,23.93594800378196
1790387480.8464415,17.951677000382915
1790387480.8465319,12.61513598728925
1790387480.8472571,2.011670992942527
1790387480.8530333,1.483746018493548
1790387480.8559964,1.4626919873990119
1790387480.880105,1.8466970068402588
1790387480.8936667,1.7140960262622684
1790387480.8970053,1.3002049818169326
1790387480.933681,23.718080017715693
1790387480.935663,1.4258679875638336
1790387480.9766703,1.6880379989743233
1790387481.005437,1.8484869797248393
1790387481.0288994,1.8638079927768558
1790387481.034964,1.4440820086747408
1790387481.0511973,1.93732202751562
1790387481.0559452,1.4287300000432879
1790387481.0767386,2.056992001598701
1790387481.076881,2.8953549917787313
1790387481.1080897,1.7875790072139353
1790387481.1116853,1.8268480198457837
1790387481.1122656,1.521822006907314
1790387481.11549,1.480826991610229
1790387481.1428,1.9134059839416295
1790387481.1457655,1.3476710009854287
1790387481.148104,1.284436002606526
1790387481.205532,1.6700040141586214
1790387481.2082796,1.4462370018009096
1790387481.211098,1.2176760064903647
1790387481.2384787,19.71319899894297
1790387481.2392538,25.510261009912938
1790387481.2393765,3.688604978378862
1790387481.249845,1.5666660037823021
1790387481.2728064,1.9063010113313794
1790387481.3019154,10.939730011159554
1790387481.3021288,25.68599200458266
1790387481.3022366,4.397411015816033
1790387481.3247528,1.928461017087102
1790387481.3280418,1.278228999581188
1790387481.331494,2.020911982981488
1790387481.3320758,1.6144659894052893
1790387481.3407521,1.4051539765205234
1790387481.3453345,1.407325005857274
1790387481.3687463,1.6441720072180033
1790387481.391626,2.2783800086472183
1790387481.3981502,2.148948988178745
1790387481.464538,23.390420014038682
1790387481.4647942,21.52457198826596
1790387481.4656253,15.536171005805954
1790387481.4658806,14.815005008131266
1790387481.4661589,3.4004000190179795
1790387481.4928026,23.10099799069576
1790387481.4978888,1.8683249945752323
1790387481.5021415,1.7407230043318123
1790387481.5128937,1.6394280246458948
1790387481.513369,1.4518410025630146
1790387481.5205133,1.2645759852603078
1790387481.5273376,2.0942880073562264
1790387481.5342953,1.7197559936903417
1790387481.5388525,1.5577140147797763
1790387481.5393155,1.351922022877261
1790387481.5636256,1.9400189921725541
1790387481.5852256,1.7091330082621425
1790387481.6513023,21.730216016294435
1790387481.6525965,2.14816999505274
1790387481.6691585,1.9834029953926802
1790387481.7167413,38.254258019151166
1790387481.7216032,34.52840002137236
1790387481.7232063,51.53615801827982
1790387481.7233934,25.63956900849007
1790387481.7279587,47.02768399147317
1790387481.7281857,28.536060999613255
1790387481.7630239,50.151816016295925
1790387481.7786484,78.20406998507679
1790387481.799399,40.81107801175676
1790387481.8157673,76.58314899890684
1790387481.8159049,94.58164501120336
1790387481.8160481,42.74576797615737
1790387481.816102,1081.6022040089592
1790387481.8168993,1083.7563450040761
1790387481.81763,29.39542499370873
1790387481.8179302,17.469393991632387
1790387481.818482,14.648901007603854
1790387481.8363261,1.8975949788000435
1790387481.8367534,1.7078989767469466
1790387481.8476353,3.2586439920123667
1790387481.8477142,2.556693012593314
1790387481.8601384,2.0115709921810776
1790387481.8645017,1.6112900048028678
1790387481.873242,2.8127339901402593
1790387481.873786,1.778142002876848
1790387481.9103334,22.163700981764123
1790387481.9104187,11.681089992634952
1790387481.937674,1.6587350110057741
1790387481.9567246,2.068550995318219
1790387481.9590726,1.4175200194586068
1790387481.9685717,1.7017970094457269
1790387481.9830422,1.8759319791570306
1790387481.9993203,1.6965899849310517
1790387482.0013404,1.3145139964763075
1790387482.0295713,12.200575991300866
1790387482.0365627,11.138278001453727
1790387482.0368865,5.369605991290882
1790387482.0369875,24.70681699924171
1790387482.0429714,1.542214013170451
1790387482.055874,1.6863979981280863
1790387482.1560862,47.02601698227227
1790387482.1561797,70.85876297787763
1790387482.1692147,63.64573200698942
1790387482.1764503,85.49475300242193
1790387482.1775873,62.616328010335565
1790387482.1779885,60.4941850178875
1790387482.1784606,59.52781598898582
1790387482.1788914,47.04237400437705
1790387482.1795216,36.82153101544827
1790387482.1797912,30.20579897565767
1790387482.1807904,16.160603991011158
1790387482.180867,18.301157018868253
1790387482.2265155,44.41377799957991
1790387482.2290044,28.687473008176312
1790387482.2299984,10.797082999488339
1790387482.2301178,36.98871601955034
1790387482.2309906,1.9754490058403462
1790387482.2352486,1.7913219926413149
1790387482.2357507,1.328448997810483
1790387482.2428975,1.753148011630401
1790387482.267045,1.6688679752405733
1790387482.2721288,1.7890219751279801
1790387482.2856286,1.813112001400441
1790387482.2898455,1.3303729938343167
1790387482.3012605,2.3034070036374032
1790387482.3385873,25.98178299376741
1790387482.3393536,18.86986001045443
1790387482.33969,15.721642004791647
1790387482.3397732,17.342922976240516
1790387482.340329,4.900847998214886
1790387482.3404193,28.995930013479665
1790387482.345438,1.554243004648015
1790387482.3649828,1.894456014269963
1790387482.3965726,1.7831340082921088
1790387482.398983,1.4470320020336658
1790387482.4010088,1.2621330097317696
1790387482.4106145,2.011650998611003
1790387482.4315119,2.5665200082585216
1790387482.444241,1.7086669977288693
1790387482.445995,1.4389650023076683
1790387482.4652648,2.7605869981925935
1790387482.4653888,2.337094018002972
1790387482.4739795,1.505298016127199
1790387482.4977853,1.8662790243979543
1790387482.5373116,21.696494979551062
1790387482.548079,1.940860995091498
1790387482.5530639,1.8255780159961432
1790387482.5899322,1.66265299776569
1790387482.5932403,2.152013999875635
1790387482.594325,1.8154399876948446
1790387482.5955613,1.2250580184627324
1790387482.598958,1.3208920136094093
1790387482.6517732,20.765574008692056
1790387482.6520889,25.374694989295676
1790387482.6521888,23.327375994995236
1790387482.6546676,1.9784850010182709
1790387482.6551507,1.4118729741312563
1790387482.6642594,2.454688976285979
1790387482.6643133,1.924393989611417
1790387482.709424,21.601277025183663
1790387482.7095726,26.69649201561697
1790387482.7255917,27.229339990299195
1790387482.742002,27.87265199003741
1790387482.7488532,21.09068798017688
1790387482.7490776,40.919546998338774
1790387482.760561,18.40128598269075
1790387482.770085,47.83937497995794
1790387482.7708035,11.10343198524788
1790387482.7947526,24.8584579967428
1790387482.7988293,1.7909480084199458
1790387482.8172004,1.8909370119217783
1790387482.8454359,19.236815016483888
1790387482.8519042,14.74017699365504
1790387482.8527005,16.592486994341016
1790387482.8527844,3.034154011402279
1790387482.852868,30.85441599250771
1790387482.861123,2.328058995772153
1790387482.9144447,2.9918270010966808
1790387482.928656,2.0805239910259843
1790387482.9576569,2.0656159904319793
1790387482.961917,2.0257540163584054
1790387482.9723926,2.626894012792036
1790387482.994868,2.6901749952230603
1790387483.0041032,2.5423120241612196
1790387483.01572,2.009668998653069
1790387483.0160258,3.160460008075461
1790387483.0413468,2.9728609952144325
1790387483.0730357,22.89928199024871
1790387483.0733974,9.524329012492672
1790387483.0734935,8.148597000399604
1790387483.074527,2.566978015238419
1790387483.0900996,2.031996991718188
1790387483.0921974,1.9173010077793151
1790387483.1185648,14.48183399043046
1790387483.1189003,25.626145012211055
1790387483.1190588,9.82061997638084
1790387483.119412,4.689687018981203
1790387483.1333742,1.9294899830128998
1790387483.1569784,8.984540996607393
1790387483.1572974,2.3026920098345727
1790387483.1575897,3.1324150040745735
1790387483.1576643,23.31299099023454
1790387483.165945,1.3015670119784772
1790387483.174089,1.339845999609679
1790387483.1805518,1.9645799766294658
1790387483.1813724,1.8113350088242441
1790387483.1896744,1.3908020046073943
1790387483.192257,2.0921230025123805
1790387483.195464,1.4114129880908877
1790387483.2038343,2.7933430101256818
1790387483.2062001,2.7753309987019747
1790387483.2063272,3.4050479880534112
1790387483.2131617,1037.842265010113
1790387483.2220175,2.2088690020609647
1790387483.2226765,2.2842770267743617
1790387483.2233078,1051.984897989314
1790387483.2607775,2.9007429839111865
1790387483.2670085,4.177023976808414
1790387483.281766,2.570777985965833
1790387483.289086,2.355135977268219
1790387483.2910914,1.9917849858757108
1790387483.2981782,1.6960049979388714
1790387483.3000746,1.2864790041930974
1790387483.3445547,23.1074390176218
1790387483.344641,10.185828985413536
1790387483.3553243,1.5282219974324107
1790387483.3905096,25.603638991015032
1790387483.3917744,4.082516010385007
1790387483.3922472,5.432825011666864
1790387483.3923373,17.502042988780886
1790387483.4038956,1.6417080187238753
1790387483.4048107,1.7879840161185712
1790387483.4284577,24.517006997484714
1790387483.4485993,1.771159004420042
1790387483.4666872,2.3495680070482194
1790387483.4808726,2.1074250107631087
1790387483.5083961,12.738730991259217
1790387483.5087347,21.892631018999964
1790387483.5089142,12.551872991025448
1790387483.5094213,8.45322897657752
1790387483.5304096,9.779514017282054
1790387483.530519,23.28420299454592
1790387483.5305858,7.765578979160637
1790387483.5370464,1.4076429943088442
1790387483.556411,1.8200810009147972
1790387483.558775,1.2333280174061656
1790387483.5767384,1.6286360041704029
1790387483.5878272,1.8053739913739264
1790387483.5894823,1.2332370097283274
1790387483.5999732,1.5254240133799613
1790387483.6023598,1.2511949753388762
1790387483.6048083,1.1688999948091805
1790387483.612028,1.3718120171688497
1790387483.615834,1.6913209983613342
1790387483.626584,2.143702993635088
1790387483.6277862,1.706211973214522
1790387483.6366546,2.286978007759899
1790387483.6376164,1.4571589999832213
1790387483.6376812,2.341990009881556
1790387483.6447692,2.3855030012782663
1790387483.6601434,1.724784990074113
1790387483.6646214,1.5225759998429567
1790387483.6662385,1.4132049982436001
1790387483.672884,1.336792018264532
1790387483.703639,2.718504023505375
1790387483.7268097,23.077509977156296
1790387483.726898,20.583817997248843
1790387483.7297728,27.588517987169325
1790387483.7336404,2.213212021160871
1790387483.7354178,1.5976599825080484
1790387483.7545123,2.1762080141343176
1790387483.7579288,2.034044999163598
1790387483.766071,2.058511017821729
1790387483.7819118,2.0689509983640164
1790387483.7844288,1.6674069920554757
1790387483.799102,1.939669018611312
1790387483.8029628,2.150534011889249
1790387483.8088865,2.213806990766898
1790387483.8257132,1.8064329924527556
1790387483.828156,1.923271978739649
1790387483.8287234,1.8346190045122057
1790387483.846694,2.5383369938936085
1790387483.8467696,3.2290399831254035
1790387483.8654695,2.0989110053051263
1790387483.8755174,2.7103520114906132
1790387483.8970475,24.680636008270085
1790387483.8977537,26.216953992843628
1790387483.8978977,2.425723010674119
1790387483.9034946,2.159330004360527
1790387483.9250464,14.432713011046872
1790387483.92514,21.496617991942912
1790387483.9479485,1.7735110013745725
1790387484.0038404,2.809101017192006
1790387484.0050032,2.4423429858870804
1790387484.0190892,2.0704289781861007
1790387484.0578883,22.633083019172773
1790387484.0685275,1.7305139917880297
1790387484.0754745,1.4533709909301251
1790387484.0972965,24.261339014628902
1790387484.098115,20.323738979641348
1790387484.0989943,17.28606701362878
1790387484.0990975,25.463541998760775
1790387484.0995789,8.558870002161711
1790387484.114463,1.9779900030698627
1790387484.1788483,2.7338709915056825
1790387484.1829202,2.0353359868749976
1790387484.1886683,1.3909309927839786
1790387484.228677,1.9708249892573804
1790387484.2458704,5.14065200695768
1790387484.2546456,1.9129790016449988
1790387484.2654183,1.9926289969589561
1790387484.2777462,1.5405110025312752
1790387484.2805772,1.438186998711899
1790387484.2941415,1.604887016583234
1790387484.2991767,1.844914979301393
1790387484.327575,2.0302070188336074
1790387484.3279247,2.9200630087871104
1790387484.333191,1.491442002588883
1790387484.3404195,1.8834170186892152
1790387484.366259,25.17787998658605
1790387484.3663676,26.386379991890863
1790387484.3671927,1.427251991117373
1790387484.386123,1.950664009200409
1790387484.3938468,1.3857040030416101
1790387484.4028785,1.6301790019497275
1790387484.4102528,1.4725110086146742
1790387484.435025,19.39090501400642
1790387484.4363892,25.507221987936646
1790387484.4364743,11.915077018784359
1790387484.4676712,1.7320189799647778
1790387484.5070949,3.5171159834135324
1790387484.5379949,2.0805740205105394
1790387484.569117,1.7082600097637624
1790387484.5806744,3.8710109947714955
1790387484.5965066,18.504170991946012
1790387484.6018083,23.87508298852481
1790387484.6019313,24.55436298623681
1790387484.6220675,1.6115219914354384
1790387484.6428735,1.7179190181195736
1790387484.6524682,2.0393870072439313
1790387484.6553879,1.94816300063394
1790387484.6598206,1.60573999164626
1790387484.6672182,1.4563429867848754
1790387484.6722107,1.3609879824798554
1790387484.673954,1.081539987353608
1790387484.6858041,1.5427969919983298
1790387484.7098372,1.860015996498987
1790387484.743292,21.88748199841939
1790387484.7488317,38.84893297799863
1790387484.7536948,26.68961600284092
1790387484.7544336,42.177866998827085
1790387484.7549565,14.85562400193885
1790387484.7550137,24.05281100072898
1790387484.76177,1.2179310142528266
1790387484.7786765,1.6939239867497236
1790387484.7910285,1.5452730003744364
1790387484.802647,2.216241991845891
1790387484.8035007,1.2670430005528033
1790387484.8452897,11.269514012383297
1790387484.845927,42.21232299460098
1790387484.846181,32.46266799396835
1790387484.8462834,11.413606000132859
1790387484.8480444,1.2270630104467273
1790387484.8544483,1.4362249930854887
1790387484.8589683,1.5690360160078853
1790387484.8771725,1.6280300042126328
1790387484.8788135,1.435729005606845
1790387484.8981993,1.9100600038655102
1790387484.9099855,2.196797984652221
1790387484.9632895,24.379840993788093
1790387484.963431,14.941081986762583
1790387484.9635158,17.410303000360727
1790387484.9637537,11.934783979086205
1790387485.0478032,6.934020988410339
1790387485.0485818,3.3011309860739857
1790387485.0652356,6.02517300285399
1790387485.0809383,2.7931590157095343
1790387485.082727,2.9557009984273463
1790387485.0884767,1.6247580060735345
1790387485.0907102,1.1998490081168711
1790387485.1298304,32.08568601985462
1790387485.1546988,44.14057801477611
1790387485.1699066,57.556989981094375
1790387485.180361,60.64993099425919
1790387485.181241,59.373747993959114
1790387485.1813095,13.210556004196405
1790387485.1945274,2.5808700011111796
1790387485.2150362,21.014774014474824
1790387485.2392106,1.701689005130902
1790387485.2541986,2.1534939878620207
1790387485.265394,1.9977730116806924
1790387485.2662768,1.2963029730599374
1790387485.2796595,1.579838979523629
1790387485.3112228,3.477334015769884
1790387485.3122318,2.746018988545984
1790387485.3300738,1.83149499935098
1790387485.3330755,1.5521220047958195
1790387485.333752,1.4026729913894087
1790387485.3812537,6.33998800185509
1790387485.3834105,6.986527994740754
1790387485.3834753,3.3664919901639223
1790387485.4103813,21.59305301029235
1790387485.4104636,22.2167810134124
1790387485.410606,23.5632790136151
1790387485.421189,30.881793005391955
1790387485.4543555,61.64795299991965
1790387485.454614,32.60223800316453
1790387485.455409,30.643787991721183
1790387485.4555871,41.955306980526075
1790387485.456162,20.131041994318366
1790387485.4562576,30.651187989860773
1790387485.4670796,2.253273007227108
1790387485.4897826,21.395567018771544
1790387485.4901385,6.979724013945088
1790387485.4903867,4.346959001850337
1790387485.5564206,2.0968129974789917
1790387485.5679097,2.2082030191086233
1790387485.5719326,1.5529730007983744
1790387485.5775335,1.3080319913569838
1790387485.604913,5.446100985864177
1790387485.641404,2.729838015511632
1790387485.6652238,24.758585990639403
1790387485.6655128,12.609923986019567
1790387485.6655767,7.502744992962107
1790387485.7010124,30.287820001831278
1790387485.7087364,40.99594900617376
1790387485.7091994,40.45714798849076
1790387485.7152398,53.34164999658242
1790387485.7200394,32.798767992062494
1790387485.7503407,52.35712698777206
1790387485.7515266,50.460261991247535
1790387485.751908,49.81689198757522
1790387485.75198,37.47894399566576
1790387485.7747507,17.7034399821423
1790387485.774922,17.02836700133048
1790387485.7750115,22.66581400181167
1790387485.775259,3.023948986083269
1790387485.7985442,1.6942289948929101
1790387485.804517,1.3829179806634784
1790387485.8257675,20.422939996933565
1790387485.8355362,1.6989489959087223
1790387485.839007,1.688435993855819
1790387485.8392658,1.4769730041734874
1790387485.8668697,21.381427999585867
1790387485.8676744,11.774658982176334
1790387485.8714445,1.6610680031590164
1790387485.8732657,1.7935249779839069
1790387485.876505,1.3266380119603127
1790387485.8922215,2.231621998362243
1790387485.8939884,2.8622440004255623
1790387485.9431098,2.1085430053062737
1790387485.9494429,1.7373799928463995
1790387485.9628608,1.9019549945369363
1790387485.9716415,2.6463469839654863
1790387486.0083876,22.090457990998402
1790387486.0088704,2.6476579951122403
1790387486.0089228,3.693759994348511
1790387486.017581,1.605432975338772
1790387486.035979,1.5809220203664154
1790387486.0384312,1.260966993868351
1790387486.0419724,1.1950420157518238
1790387486.053278,1.894358021672815
1790387486.0706584,1.6053930157795548
1790387486.1026723,16.24133699806407
1790387486.1027396,22.90547001757659
1790387486.1373427,1.751607982441783
1790387486.1553073,1.7517390078864992
1790387486.1606271,1.5836189850233495
1790387486.1754405,1.5944289916660637
1790387486.181226,1.403330999892205
1790387486.185334,1.3451560225803405
1790387486.1947238,1.6032439889386296
1790387486.2139826,1.7653169925324619
1790387486.21608,1.5183000068645924
1790387486.2214158,1.7728119855746627
1790387486.2392685,1.723780995234847
1790387486.2745168,22.69486099248752
1790387486.274584,20.692793012131006
1790387486.2842143,1.4920860121492296
1790387486.2912204,1.4077940140850842
1790387486.3047082,1.827683998271823
1790387486.309978,1.3965920079499483
1790387486.315392,3.3407020091544837
1790387486.3159575,4.893150995485485
1790387486.3160827,4.525785014266148
1790387486.3163476,2.3302430054172873
1790387486.3248215,2.203687996370718
1790387486.3274748,1.2761580001097172
1790387486.3351462,1.2531029933597893
1790387486.343032,1.3675009831786156
1790387486.3743782,2.039663988398388
1790387486.3837147,1.922408991958946
1790387486.3868964,1.4469810121227056
1790387486.4302154,2.8046230145264417
1790387486.4376323,1.8660319910850376
1790387486.440385,2.3548390017822385
1790387486.4772918,38.03827101364732
1790387486.4821627,30.88178299367428
1790387486.4823828,27.292740007396787
1790387486.483464,18.555354996351525
1790387486.4841664,8.400655002333224
1790387486.4842231,3.528075001668185
1790387486.4887753,1.2217699841130525
1790387486.5096002,1.610220002476126
1790387486.5240448,1.7483380215708166
1790387486.5248153,1.5787459851708263
1790387486.5363069,1.9336700206622481
1790387486.5370479,1.5779999957885593
1790387486.5501692,2.478506008628756
1790387486.5510182,1.3671870110556483
1790387486.563436,2.0528069871943444
1790387486.5905685,1.660098001593724
1790387486.5979943,1.680144021520391
1790387486.649909,1.9154369947500527
1790387486.670245,1.8920770089607686
1790387486.6852167,1.7368629924021661
1790387486.6916773,1.7924989806488156
1790387486.6990807,1.7864050169009715
1790387486.7055435,1.6269030165858567
1790387486.7103846,1.3085270184092224
1790387486.7256649,2.2628779988735914
1790387486.7261293,1.3745719916187227
1790387486.7305195,1.2560809846036136
1790387486.7361958,1.7179480055347085
1790387486.767887,1.8177029851358384
1790387486.7857976,1.7507330048829317
1790387486.78778,1.3914789888076484
1790387486.7927904,1.5039450081530958
1790387486.8169417,1.5497000131290406
1790387486.8300343,2.15877199661918
1790387486.835785,1.985622977372259
1790387486.835855,2.645929984282702
1790387486.8397253,1.408081006957218
1790387486.860577,1.785426022252068
1790387486.8610544,1.255704992217943
1790387486.8922563,2.271325996844098
1790387486.8977044,1.318694994552061
1790387486.9251716,15.290658979211003
1790387486.9253156,22.016517003066838
1790387486.9256635,10.132315015653148
1790387486.9257214,8.115256001474336
1790387486.9282198,1.1748059769161046
1790387486.9297016,1.0929769778158516
1790387486.9391992,1.3950869906693697
1790387486.9436567,1.2004489835817367
1790387486.94522,1.0867080127354711
1790387486.9518013,1.58687200746499
1790387486.9553707,1.2916490086354315
1790387486.9695816,1.3192580081522465
1790387486.9840162,1.844985003117472
1790387486.9886744,1.3966160186100751
1790387487.0018787,1.7020929954014719
1790387487.0070207,1.3602679828181863
1790387487.0212393,2.063398977043107
1790387487.0251281,1.3693390064872801
1790387487.054931,2.918326004873961
1790387487.1029503,1.8666420073714107
1790387487.1278803,20.97314700949937
1790387487.1288621,1.900325994938612
1790387487.1296563,1.4323670184239745
1790387487.137377,1.2671989970840514
1790387487.1436846,1.3290380011312664
1790387487.159799,2.559474000008777
1790387487.160448,1.7046630091499537
1790387487.1799822,1.8852680223062634
1790387487.180458,2.4470049829687923
1790387487.1876373,1.5864300075918436
1790387487.1947842,1.3391809770837426
1790387487.196221,1.1223629990126938
1790387487.2213693,2.1890620118938386
1790387487.247103,1.6813599795568734
1790387487.2734838,1.8367969896644354
1790387487.2882676,3.5484739928506315
1790387487.3315804,21.228252997389063
1790387487.3317063,7.400119997328147
1790387487.3317924,24.804782995488495
1790387487.3339226,4.104498017113656
1790387487.3341222,4.510519007453695
1790387487.3344505,1.53029098873958
1790387487.361832,15.090371976839378
1790387487.362521,25.636743986979127
1790387487.3626087,10.581691982224584
1790387487.3629792,5.472295975778252
1790387487.3659682,2.5028999953065068
1790387487.3660266,1.9341470033396035
1790387487.3738227,1.9867689989041537
1790387487.4226992,40.27645301539451
1790387487.4295444,38.866343995323405
1790387487.4300833,32.16466700541787
1790387487.4304335,16.664628026774153
1790387487.4304934,28.443226998206228
1790387487.4305725,38.688348984578624
1790387487.4311247,2.7592109981924295
1790387487.4611735,1.852568006142974
1790387487.492088,16.23389101587236
1790387487.4922276,22.966056974837556
1790387487.5082972,1.8567840161267668
1790387487.5219266,2.0584510057233274
1790387487.5292199,1.9290440250188112
1790387487.529301,2.6123920106329024
1790387487.5377777,1.818877994082868
1790387487.5531533,1.7111450142692775
1790387487.568404,2.197896013967693
1790387487.5688684,1.3286159955896437
1790387487.5813293,1.9311829819343984
1790387487.606837,1.7144860175903887
1790387487.6397398,18.210125010227785
1790387487.6491697,21.286948991473764
1790387487.6510353,28.87186297448352
1790387487.6511915,21.9951480103191
1790387487.6514535,16.120899992529303
1790387487.6733482,24.16327499668114
1790387487.673886,23.704633000306785
1790387487.674262,37.67632899689488
1790387487.6745858,6.03250099811703
1790387487.6746402,22.767017013393342
1790387487.6845293,1.602484000613913
1790387487.6927404,2.006519993301481
1790387487.6951277,1.2018370034638792
1790387487.6986616,1.373591017909348
1790387487.709583,1.4947159797884524
1790387487.728308,1.784646010491997
1790387487.7643614,15.86203501210548
1790387487.7644827,23.387219000142068
1790387487.7886693,34.51763797784224
1790387487.7887864,8.507503982400522
1790387487.7888534,26.463488000445068
1790387487.8206217,4.283610003767535
1790387487.8207097,28.2180399808567
1790387487.8207886,12.799416988855228
1790387487.8484392,2.0028089929837734
1790387487.8860798,37.58889899472706
1790387487.8908494,26.03959498810582
1790387487.89144,29.568288009613752
1790387487.8914962,4.826896998565644
1790387487.8976064,1.4994450029917061
1790387487.917557,1.9011719850823283
1790387487.923868,2.765943994745612
1790387487.9245062,2.15807999484241
1790387487.9510837,23.309066018555313
1790387487.9511952,24.815541022690013
1790387487.9521747,2.568149007856846
1790387487.9567378,1.5683519886806607
1790387487.969366,1.6334669780917466
1790387488.0071733,17.056702985428274
1790387488.0079727,11.078590003307909
1790387488.0087523,25.699063000502065
1790387488.0088165,4.538632987532765
1790387488.0157082,2.009687013924122
1790387488.0170617,1.3419819879345596
1790387488.0213683,1.753742981236428
1790387488.0238087,1.4017130015417933
1790387488.0410593,2.0730740216095
1790387488.0651488,1.606851990800351
1790387488.1095583,12.394123012199998
1790387488.1096718,29.436107986839488
1790387488.1097577,25.762125005712733
1790387488.10983,25.26069397572428
1790387488.1150234,1.7282240150962025
1790387488.125566,1.936943008331582
1790387488.133191,1.9392730027902871
1790387488.1978533,29.457886004820466
1790387488.1984272,20.850855973549187
1790387488.1987314,15.931853005895391
1790387488.1999214,16.526536986930296
1790387488.2000628,32.19264099607244
1790387488.2001255,14.2300869920291
1790387488.247006,17.62897102162242
1790387488.2473757,6.027533003361896
1790387488.247564,24.3353349796962
1790387488.2751825,1.9216419896110892
1790387488.307657,18.519858014769852
1790387488.3113961,26.457161002326757
1790387488.3117793,12.728059984510764
1790387488.3118722,11.167796008521691
1790387488.3475292,1.897674985229969
1790387488.3747401,1.7865019908640534
1790387488.3925822,1.843801001086831
1790387488.3948104,1.5817820094525814
1790387488.4101388,3.2215040118899196
1790387488.4102023,2.818422013660893
1790387488.4259887,1.5962760080583394
1790387488.4485812,12.288418016396463
1790387488.44866,21.14436900592409
1790387488.4525478,1.8618960166350007
1790387488.4733322,1.7065409920178354
1790387488.499844,21.739481016993523
1790387488.499945,21.291929006110877
1790387488.5060585,1.8941570015158504
1790387488.5099308,2.28814099682495
1790387488.5317593,22.80417099245824
1790387488.5340364,13.985112018417567
1790387488.5348628,12.291085993638262
1790387488.5369277,10.001156973885372
1790387488.537475,29.095097008394077
1790387488.5378535,4.490046005230397
1790387488.5379572,8.131059992592782
1790387488.5380807,5.45244399108924
1790387488.538978,2.578037994680926
1790387488.5593333,1.809642999432981
1790387488.577485,1.7434640030842274
1790387488.6319017,29.446489992551506
1790387488.6320343,15.723456017440185
1790387488.632983,5.99633899400942
1790387488.6336408,8.620687003713101
1790387488.6572008,24.20222997898236
1790387488.6602516,21.847601979970932
1790387488.66036,23.925276997033507
1790387488.6604352,30.31501898658462
1790387488.6665385,1.9386950007174164
1790387488.6712441,2.1960349986329675
1790387488.7009418,2.423486002953723
1790387488.7088175,1.7929789901245385
1790387488.7168667,1.958957000169903
1790387488.7204926,2.8840150043834
1790387488.7378268,18.93671101424843
1790387488.744815,21.28354099113494
1790387488.7449713,22.100778995081782
1790387488.7461343,20.14678798150271
1790387488.7469165,5.8757019869517535
1790387488.7470465,27.57217499311082
1790387488.7471368,18.842285993741825
1790387488.7489924,1.6810540109872818
1790387488.754307,1.860276999650523
1790387488.7769,2.0259730226825923
1790387488.849895,1.9021329935640097
1790387488.8790271,1.7391580040566623
1790387488.8922396,1.7073040071409196
1790387488.8961072,1.304730016272515
1790387488.9112592,1.5844330191612244
1790387488.9675848,21.83999100816436
1790387488.9682796,1.8673849990591407
1790387488.9683585,25.163943006191403
1790387488.9732418,1.3984100078232586
1790387488.9793687,1.436851976905018
1790387488.9895327,1.4753709838259965
1790387488.9931612,2.370836999034509
1790387488.9938204,1.594935019966215
1790387489.0002997,1.6083070077002048
1790387489.0521033,1.9660679972730577
1790387489.0734248,2.487301011569798
1790387489.074044,1.5441010182257742
1790387489.0851915,1.8362580158282071
1790387489.0872931,1.3390899985097349
1790387489.0898926,1.1600209982134402
1790387489.092159,1.4682920009363443
1790387489.1080563,1.746909023495391
1790387489.116972,2.004321984713897
1790387489.1170764,2.627301000757143
1790387489.133936,2.0423969835974276
1790387489.1353674,1.30460798391141
1790387489.1728344,1.7814140010159463
1790387489.2043848,1.6326160111930221
1790387489.224676,1.8222540093120188
1790387489.2251415,1.402397989295423
1790387489.227704,1.736304024234414
1790387489.2397125,1.4758959878236055
1790387489.272458,1.9902710046153516
1790387489.3016212,1.9699019903782755
1790387489.335069,1.9493610016070306
1790387489.369715,1.73932098550722
1790387489.3747432,1.583736011525616
1790387489.3903732,1.631521008675918
1790387489.438588,1.8924809992313385
1790387489.4598684,1.9852050172630697
1790387489.4775891,2.0126680028624833
1790387489.4788785,1.4005130215082318
1790387489.4879148,1.4946640003472567
1790387489.5010257,1.510971982497722
1790387489.5025308,1.307974016526714
1790387489.518959,2.0244260085746646
1790387489.5265048,2.0748560200445354
1790387489.5530083,2.3885380069259554
1790387489.560763,1.7649369838181883
1790387489.5719702,1.8039159767795354
1790387489.6145506,1.7476769862696528
1790387489.6304781,1.6303260053973645
1790387489.6335144,1.3588149740826339
1790387489.6393585,1.7594439850654453
1790387489.6394382,2.5203129916917533
1790387489.6641715,2.044916996965185
1790387489.6797612,2.196766989072785
1790387489.6856556,1.8583089986350387
1790387489.7146275,1.7377530166413635
1790387489.717531,1.3856290024705231
1790387489.7570522,1.9332550000399351
1790387489.7888172,2.355414006160572
1790387489.7910075,1.4367179828695953
1790387489.7947915,1.582606986630708
1790387489.7998502,1.3212570047471672
1790387489.8056853,1.220721984282136
1790387489.8099148,1.6382700123358518
1790387489.829204,2.309247007360682
1790387489.8542814,1.7212519887834787
1790387489.8594716,1.3325530162546784
1790387489.930586,1.7262320034205914
1790387489.941897,1.7667689826339483
1790387489.9436555,1.6223709972109646
1790387490.0010042,2.098908997140825
1790387490.0271401,2.208931982750073
1790387490.09364,1.9714459776878357
1790387490.101317,2.519397996366024
1790387490.1133614,1.7194090178236365
1790387490.1219223,1.642960007302463
1790387490.1331394,2.2042439959477633
1790387490.1768014,2.014404017245397
1790387490.217236,2.0912820182275027
1790387490.2186663,1.4184210158418864
1790387490.2276702,1.6074900049716234
1790387490.2473805,2.042143023572862
1790387490.2898762,1.7665280029177666
1790387490.2993836,1.496153010521084
1790387490.3940797,2.1541349997278303
1790387490.3945742,2.552124991780147
1790387490.4052157,1.4758090255782008
1790387490.423157,2.555797982495278
1790387490.4358106,1.7208030039910227
1790387490.4511616,3.1139420170802623
1790387490.4512494,2.734240988502279
1790387490.4543188,2.4593870039097965
1790387490.4567196,1.3249749899841845
1790387490.4634914,1.7383369849994779
1790387490.4901218,1.907835016027093
1790387490.4971492,1.6317169938702136
1790387490.5244164,1.8122339970432222
1790387490.5699968,1.6532570007257164
1790387490.5713155,1.2240979995112866
1790387490.5866337,1.6727190231904387
1790387490.606134,1.7163290176540613
1790387490.6153057,1.7308270034845918
1790387490.6321034,1.6472380084451288
1790387490.633415,1.1950360203627497
1790387490.635372,1.357937027933076
1790387490.6471946,1.6304359887726605
1790387490.663946,1.6991349984891713
1790387490.6653528,1.278120995266363
1790387490.6797228,1.6133789904415607
1790387490.682396,1.5936659765429795
1790387490.7012167,1.6861589974723756
1790387490.7266567,1.622100011445582
1790387490.7460208,1.9263139984104782
1790387490.770338,1.7931270122062415
1790387490.781704,1.7474569904152304
1790387490.7898438,1.6932360013015568
1790387490.7951488,1.308907987549901
1790387490.8035908,1.7437200003769249
1790387490.86258,2.2370489896275103
1790387490.8936512,1.9032319833058864
1790387490.8978214,1.6776020056568086
1790387490.9018776,1.491811010055244
1790387490.9342394,1.980663015274331
1790387490.9548285,1.6686010058037937
1790387490.9841912,2.1879039995837957
1790387491.0077875,1.6692370118107647
1790387491.0122802,1.4549090119544417
1790387491.0378282,2.140411001164466
1790387491.0667698,2.2710500052198768
1790387491.072256,2.0797550096176565
1790387491.0775225,2.7260059723630548
1790387491.0776486,2.735224989010021
1790387491.1154191,2.2096559987403452
1790387491.1192977,1.4154920063447207
1790387491.1414778,1.7215519910678267
1790387491.144448,1.4371949946507812
1790387491.1459095,1.4509390166494995
1790387491.1906,1.6926330281421542
1790387491.204062,1.6820319870021194
1790387491.2096972,1.7865460249595344
1790387491.211228,1.5209979901555926
1790387491.224172,1.7229620134457946
1790387491.236805,1.7782030045054853
1790387491.251841,1.6594550106674433
1790387491.2784524,2.9945139831397682
1790387491.2785075,2.3920550011098385
1790387491.2830548,1.3758830027654767
1790387491.2874005,1.832729991292581
1790387491.2878945,1.2908960052300245
1790387491.3181698,2.115539013175294
1790387491.341687,1.7398030031472445
1790387491.3564963,1.7105450097005814
1790387491.3791492,2.3531840124633163
1790387491.3792322,3.104565985267982
1790387491.3964562,1.7560929991304874
1790387491.4145842,1.64269600645639
1790387491.422504,1.5081439923960716
1790387491.4262407,1.6023889766074717
1790387491.4399757,1.650196994887665
1790387491.4449937,1.3984960096422583
1790387491.465781,1.5802079869899899
1790387491.4958622,1.6942889778874815
1790387491.5064301,2.3934670025482774
1790387491.507235,1.344585994957015
1790387491.5155768,1.5803979767952114
1790387491.5577216,1.9240639812778682
1790387491.5639098,1.8727520073298365
1790387491.5674167,1.7418329953216016
1790387491.5864308,1.9595350022427738
1790387491.594158,1.8303229880984873
1790387491.5950747,1.6475509910378605
1790387491.6141021,2.087017986923456
1790387491.6156063,1.2799060204997659
1790387491.620884,1.2980989995412529
1790387491.625437,1.26888498198241
1790387491.6325572,1.88545897253789
1790387491.6444976,1.6095540195237845
1790387491.6797442,1.6890599799808115
1790387491.7290254,1.7887070134747773
1790387491.7448988,1.7265210044570267
1790387491.7652066,1.8428279727231711
1790387491.789522,1.7209970101248473
1790387491.8387363,1.8949680088553578
1790387491.8687572,2.6494310004636645
1790387491.879166,1.6137110069394112
1790387491.8823254,1.4746390224900097
1790387491.883289,1.6824020131025463
1790387491.8878837,1.272170979063958
1790387491.9094965,2.3671259987168014
1790387491.9100459,1.6257940151263028
1790387491.9397235,2.0333370193839073
1790387491.942758,2.185160992667079
1790387491.9561296,2.4402760027442127
1790387491.9572067,1.9029779941774905
1790387491.9727821,2.1305580157786608
1790387491.9738114,1.9532559963408858
1790387491.98534,1.8035979883279651
1790387492.0013993,3.0118039867375046
1790387492.0048876,2.0544209983199835
1790387492.0094883,1.5511280216742307
1790387492.0151477,2.8834170079790056
1790387492.0152178,2.416491013718769
1790387492.0188248,1.8839270051103085
1790387492.019344,1.5589539834763855
1790387492.0397081,1.9743129960261285
1790387492.0421221,1.362934010103345
1790387492.0666173,1.9216460059396923
1790387492.0948272,1.6722950094845146
1790387492.101266,1.506575004896149
1790387492.1120088,2.138460986316204
1790387492.117717,1.9394249829929322
1790387492.1205873,1.4831890002824366
1790387492.1635234,1.7798710032366216
1790387492.167616,1.3799190055578947
1790387492.1797838,2.991526009282097
1790387492.1811628,2.989520988194272
1790387492.1812437,2.0903960103169084
1790387492.1866548,1.5953110123518854
1790387492.1953654,1.7111740016844124
1790387492.2044456,1.5882780135143548
1790387492.2073693,1.3520390202756971
1790387492.2319274,1.9067150133196265
1790387492.2700467,2.145525999367237
1790387492.271358,1.2907600030303001
1790387492.2965014,1.9523549999576062
1790387492.329217,1.6529579879716039
1790387492.3371623,3.0346650164574385
1790387492.3373218,2.623259002575651
1790387492.3379133,1.7893220065161586
1790387492.3424673,1.5044219908304513
1790387492.348577,1.9133430032525212
1790387492.3671856,1.6703619912732393
1790387492.407358,1.6768279892858118
1790387492.4096148,1.4123059809207916
1790387492.4223113,1.6909089754335582
1790387492.423762,1.313581975409761
1790387492.429078,1.5206329990178347
1790387492.4563324,2.0402709778863937
1790387492.4635973,1.5327389992307872
1790387492.4797053,1.9783329917117953
1790387492.4947965,1.7256439896300435
1790387492.4987016,1.4030429883860052
1790387492.5114517,1.7413309833500534
1790387492.5425081,1.7260950116906315
1790387492.5604963,1.711555989459157
1790387492.5735445,1.6973410092759877
1790387492.5900326,1.7408000130672008
1790387492.5918326,1.5084179758559912
1790387492.6054895,1.7254210251849145
1790387492.631201,1.747317990520969
1790387492.6713545,1.659661007579416
1790387492.674946,1.5661270008422434
1790387492.681918,1.8109219963662326
1790387492.6833358,1.4060219982638955
1790387492.6865215,1.2121510226279497
1790387492.693398,1.272519992198795
1790387492.7084098,1.9462119962554425
1790387492.7170556,2.422329009277746
1790387492.7187808,1.5699999930802733
1790387492.7206125,1.1893920018337667
1790387492.737806,1.958436012500897
1790387492.7559927,1.7201410082634538
1790387492.7660067,2.054160024272278
1790387492.7669923,1.4472940238192677
1790387492.7683864,1.254583999980241
1790387492.7857199,1.6173970070667565
1790387492.792641,1.4025300042703748
1790387492.7979045,1.5076830168254673
1790387492.8257375,2.37906799884513
1790387492.826611,1.4283529890235513
1790387492.8344648,2.10695099667646
1790387492.8539898,1.6894580039661378
1790387492.8563025,2.1372749761212617
1790387492.8563707,1.7192310187965631
1790387492.863126,1.8218120094388723
1790387492.8902652,1.697544998023659
1790387492.9101126,1.9179749942850322
1790387492.9222083,1.8016139802057296
1790387492.9267848,1.3382670003920794
1790387492.9281545,1.2600879999808967
1790387492.9418526,1.800568017642945
1790387492.9495404,2.2199309896677732
1790387492.9515982,1.705617003608495
1790387492.9705443,1.8544220074545592
1790387492.971601,1.8632300198078156
1790387492.9747794,1.8639730114955455
1790387492.9846046,2.7553869877010584
1790387492.9846807,2.243781025754288
1790387492.9906526,1.6302959993481636
1790387493.005944,1.755049976054579
1790387493.0444047,1.8350199970882386
1790387493.0982697,1.7327590030618012
1790387493.1318142,1.9539469794835895
1790387493.1343565,2.185013989219442
1790387493.137452,1.449442992452532
1790387493.146382,1.6300290008075535
1790387493.1666937,2.8477390005718917
1790387493.1667798,2.2606940183322877
1790387493.168798,1.1543039872776717
1790387493.197459,1.6377749852836132
1790387493.2088244,1.5346099971793592
1790387493.2371838,1.9431280088610947
1790387493.2776947,1.9583780085667968
1790387493.2841926,2.2600780066568404
1790387493.2911973,1.6557580092921853
1790387493.3016403,1.8446570029482245
1790387493.3139505,1.532754977233708
1790387493.3361661,1.857882016338408
1790387493.3385334,1.3385440106503665
1790387493.3493273,1.4027479919604957
1790387493.3612833,1.6832920082379133
1790387493.3729558,1.9908849790226668
1790387493.3856966,1.7475859785918146
1790387493.3977768,2.2787339985370636
1790387493.3997486,1.7243659822270274
1790387493.4018202,1.2849729973822832
1790387493.4068065,1.531677000457421
1790387493.417667,1.5125000209081918
1790387493.420369,1.404373993864283
1790387493.4475868,1.6395910060964525
1790387493.4639618,1.859444018919021
1790387493.4713013,2.034931007074192
1790387493.4748735,2.248834993224591
1790387493.5169177,1.902721996884793
1790387493.529056,2.0944429852534086
1790387493.5330527,1.8437499820720404
1790387493.5564053,2.3926739813759923
1790387493.5574136,1.8082399910781533
1790387493.577698,2.0667570061050355
1790387493.5816553,1.750163995893672
1790387493.6136863,2.4794249911792576
1790387493.6197898,2.3802499927114695
1790387493.640374,2.447364997351542
1790387493.650476,2.0073140040040016
1790387493.6579664,1.8791260081343353
1790387493.6777415,2.306108013726771
1790387493.6787295,1.9032260170206428
1790387493.681015,2.271879988256842
1790387493.6813147,1.7525939911138266
1790387493.6840365,1.6029849939513952
1790387493.7270892,1.696584018645808
1790387493.7567859,1.777631026925519
1790387493.7757862,1.7716310103423893
1790387493.7796547,1.3181650137994438
1790387493.8240962,2.1961720194667578
1790387493.8251622,1.5282340173143893
1790387493.829872,1.6967249976005405
1790387493.849569,1.9134650065097958
1790387493.8558886,1.431462005712092
1790387493.8672163,1.827134983614087
1790387493.886903,1.624644995899871
1790387493.9045882,2.1626990055665374
1790387493.9056284,1.8306499987374991
1790387493.9315836,1.644721021875739
1790387493.9413376,1.7561529821250588
1790387493.9474134,1.8215629970654845
1790387493.9636483,1.9427110091783106
1790387493.985625,1.6919150075409561
1790387494.0062182,1.7881439998745918
1790387494.0082986,1.6066860116552562
1790387494.0307713,1.6633069899398834
1790387494.0417085,1.7067989974748343
1790387494.048411,1.5339209930971265
1790387494.0629475,2.0029149891342968
1790387494.0690837,1.73538998933509
1790387494.0706387,1.3577660138253123
1790387494.0807827,1.6643140115775168
1790387494.0836031,1.1611189984250814
1790387494.0924501,1.4516520022880286
1790387494.1097164,1.6789910150691867
1790387494.125008,1.7148859915323555
1790387494.1401758,1.8663060036487877
1790387494.1427233,2.533375984057784
1790387494.142848,2.2080519993323833
1790387494.147289,1.3857739977538586
1790387494.1730795,1.7426729900762439
1790387494.1986341,2.279647014802322
1790387494.206989,1.6245209844782948
1790387494.2230484,1.7844389949459583
1790387494.2280302,1.4914170023985207
1790387494.233206,1.3810509990435094
1790387494.2514238,2.9768779932055622
1790387494.2515218,2.467484009684995
1790387494.256812,1.598981994902715
1790387494.2696364,1.8371040059719235
1790387494.2797148,1.61770501290448
1790387494.301457,2.197619993239641
1790387494.3085768,1.5724569966550916
1790387494.3149352,1.5960299933794886
1790387494.3250399,1.6634939820505679
1790387494.3376863,1.60980797954835
1790387494.341467,1.2532419932540506
1790387494.3647015,1.5858169936109334
1790387494.3780081,1.641348993871361
1790387494.3839154,1.4646609779447317
1790387494.4311614,1.8915209802798927
1790387494.4332762,1.7518780077807605
1790387494.4399855,1.7608119815122336
1790387494.4577026,1.891164982225746
1790387494.460198,2.65786299132742
1790387494.4602683,2.5546889810357243
1790387494.4804773,1.6961639921646565
1790387494.4934523,1.9529069832060486
1790387494.543782,1.8508429930079728
1790387494.5710213,1.7032170144375414
1790387494.5864854,1.6664089926052839
1790387494.6011348,1.6747059999033809
1790387494.6140907,1.8471090006642044
1790387494.6353366,2.0944980205968022
1790387494.6357737,1.360891998047009
1790387494.6489816,1.632528001209721
1790387494.6589346,1.5144770150072873
1790387494.6645617,1.4375790196936578
1790387494.6753159,1.8302699900232255
1790387494.67864,1.5401440032292157
1790387494.6869895,1.5126489743124694
1790387494.6904678,1.3093849993310869
1790387494.7145836,1.7044599808286875
1790387494.7291598,2.1153090056031942
1790387494.733158,1.948935998370871
1790387494.7429304,1.8005319871008396
1790387494.8382118,2.5398430007044226
1790387494.838294,2.0595850073732436
1790387494.845622,2.3217400012072176
1790387494.8531878,2.1576060098595917
1790387494.8543642,1.6392069810535759
1790387494.8551862,1.440668012946844
1790387494.873695,1.7909710004460067
1790387494.9137762,2.080650010611862
1790387494.9209943,2.1629559923894703
1790387494.9463577,2.0144990121480078
1790387494.9545932,1.6238520038314164
1790387494.984982,2.0814329909626395
1790387494.985863,1.7882809916045517
1790387495.0000439,1.622773997951299
1790387495.0110161,1.72511997516267
1790387495.0110972,2.368655987083912
1790387495.0175421,1.8406719900667667
1790387495.017611,2.4043390003498644
1790387495.0198114,1.3347720087040216
1790387495.024183,1.300796982832253
1790387495.024869,1.3023960054852068
1790387495.0340157,1.8182429776061326
1790387495.0352895,1.264186983462423
1790387495.048655,2.2995289764367044
1790387495.0590935,1.5964559861458838
1790387495.068259,1.7176030087284744
1790387495.0689735,1.66088598780334
1790387495.0936186,3.1548510014545172
1790387495.0937226,2.297857980011031
1790387495.0945263,2.330095012439415
1790387495.095941,1.213893003296107
1790387495.1082346,1.6426860238425434
1790387495.1464288,2.2843810147605836
1790387495.1639931,2.09212998743169
1790387495.1658013,1.4034410123713315
1790387495.1823173,1.6793630202300847
1790387495.2121663,1.9804990151897073
1790387495.2881396,3.202634979970753
1790387495.2882667,4.054494987940416
1790387495.288916,1.4822749944869429
1790387495.2942045,1.5770379977766424
1790387495.3016887,1.6456310113426298
1790387495.3154902,2.086878987029195
1790387495.3162055,1.4896559878252447
1790387495.3371668,1.6450949769932777
1790387495.3542144,1.6524620004929602
1790387495.4387345,1.9167790014762431
1790387495.4407756,1.7960339901037514
1790387495.446173,1.637953013414517
1790387495.4560106,1.420522981788963
1790387495.4616678,1.3761490117758512
1790387495.4690678,1.5404260193463415
1790387495.4732,2.038106002146378
1790387495.4753504,1.6282319847960025
1790387495.481232,1.4060510147828609
1790387495.5365417,1.9609699957072735
1790387495.5474508,1.7225229821633548
1790387495.5540664,1.7169289931189269
1790387495.5720723,1.8093390099238604
1790387495.5721605,2.4212750140577555
1790387495.5853581,2.260045992443338
1790387495.5856376,1.723471999866888
1790387495.5913293,1.5170940023381263
1790387495.5965543,1.291267020860687
1790387495.6338372,2.346014021895826
1790387495.6388803,2.3233469983097166
1790387495.6396902,2.087692992063239
1790387495.6489267,2.1895570098422468
1790387495.659321,1.9846740178763866
1790387495.690375,2.2085300006438047
1790387495.7092514,1.7272450204472989
1790387495.7268977,1.8216260068584234
1790387495.7285326,1.2472329835873097
1790387495.7324717,1.4035319909453392
1790387495.742569,1.9141439988743514
1790387495.7565124,1.9772789964918047
1790387495.7676146,1.7279479943681508
1790387495.7766316,1.522523001767695
1790387495.7833946,1.9417809962760657
1790387495.7918293,1.6942819929681718
1790387495.8081055,1.7432660097256303
1790387495.811269,1.390703982906416
1790387495.8129275,1.3155489868950099
1790387495.849395,1.687273004790768
1790387495.8579514,3.1680150132160634
1790387495.8580241,2.6400319766253233
1790387495.8666081,1.7537430103402585
1790387495.8858511,2.316647005500272
1790387495.8859143,3.1103539804462343
1790387495.8932126,1.6806430066935718
1790387495.9241989,1.8307270074728876
1790387495.9445903,1.7860249790828675
1790387496.0203717,1.6549160063732415
1790387496.0246801,1.3260929845273495
1790387496.0262835,1.1904090060852468
1790387496.03842,1.794165000319481
1790387496.0453575,1.423287991201505
1790387496.0538368,1.3686979946214706
1790387496.0641437,1.9580460211727768
1790387496.0829728,1.972139987628907
1790387496.091808,1.6528609849046916
1790387496.1097212,1.8721740052569658
1790387496.1267257,1.6112129960674793
1790387496.14577,1.8363450071774423
1790387496.1494164,1.3552320015151054
1790387496.1529553,1.7273339908570051
1790387496.1662002,1.7679129960015416
1790387496.1672397,1.7888399888761342
1790387496.185642,1.7370890127494931
1790387496.1870441,1.3010349939577281
1790387496.1888335,1.3274600205477327
1790387496.1918204,1.525855012005195
1790387496.2070992,2.4385869910474867
1790387496.2322476,1.8700789951253682
1790387496.2469273,1.9240299880038947
1790387496.2478333,1.8684669921640307
1790387496.248615,1.546061976114288
1790387496.25004,1.4154890086501837
1790387496.2520955,1.1394059984013438
1790387496.2589753,1.208056986797601
1790387496.262079,1.2126939836889505
1790387496.3079863,2.723589015658945
1790387496.3080652,3.311407985165715
1790387496.334344,1.9899710023310035
1790387496.3408215,2.1292610035743564
1790387496.3679755,1.8236979958601296
1790387496.3709526,1.6176520148292184
1790387496.3894448,1.5993329870980233
1790387496.398401,1.5902680170256644
1790387496.4183464,1.9072639988735318
1790387496.4192448,1.6659910033922642
1790387496.4209275,1.101647998439148
1790387496.4240468,2.2306140162982047
1790387496.4294274,1.653712010011077
1790387496.4371612,2.0661410235334188
1790387496.437662,1.432477991329506
1790387496.4598486,1.9986389961559325
1790387496.462006,1.2485499901231378
1790387496.4758146,1.5585590153932571
1790387496.4772832,1.15758299943991
1790387496.482215,1.5967020008247346
1790387496.48551,1.552461995743215
1790387496.5073402,1.942593982676044
1790387496.5183072,1.948933000676334
1790387496.5332649,1.988168020034209
1790387496.5448735,1.7969960172194988
1790387496.5579402,2.140028023859486
1790387496.5585434,1.8624170043040067
1790387496.5597525,1.1994060187134892
1790387496.5643911,1.377289998345077
1790387496.578465,1.914792985189706
1790387496.592171,2.6175470266025513
1790387496.6135948,1.8939519941341132
1790387496.6530843,1.788004010450095
1790387496.6547163,1.2681810185313225
1790387496.6640823,2.6988049794454128
1790387496.6641467,2.0819390192627907
1790387496.667074,1.2023680028505623
1790387496.6945164,1.8166399968322366
1790387496.6999583,1.4761470083612949
1790387496.7088072,1.661748014157638
1790387496.7233725,2.329965995159
1790387496.724617,2.1932829986326396
1790387496.7330964,1.7120690026786178
1790387496.743377,1.7305720248259604
1790387496.7541308,1.62483801250346
1790387496.7606318,1.8427959876134992
1790387496.827695,3.291108994744718
1790387496.8279564,3.6858890089206398
1790387496.8296247,1.656701002502814
1790387496.8523633,1.8293129978701472
1790387496.8541515,1.774035015841946
1790387496.8725586,1.9294510129839182
1790387496.8825989,1.7675209965091199
1790387496.8956811,1.754113007336855
1790387496.9171627,1.8481309816706926
1790387496.921338,1.4014710031915456
1790387496.9531648,1.8682540103327483
1790387496.9716074,2.0719169988296926
1790387496.9910994,1.6243290156126022
1790387496.9973447,2.2626860009040684
1790387496.9976635,3.0326770211104304
1790387497.0066104,1.4784889935981482
1790387497.0139785,1.6527599946130067
1790387497.0254216,1.652364997426048
1790387497.030219,1.2935420090798289
1790387497.0602186,1.651555998250842
1790387497.0782497,1.7765210068318993
1790387497.094376,1.7358229961246252
1790387497.106839,1.8312169995624572
1790387497.1099591,1.7601489962544292
1790387497.1230607,1.6646099975332618
1790387497.1265903,1.8540489836595953
1790387497.136607,1.6967820120044053
1790387497.1371505,1.4388870040420443
1790387497.1411595,1.495481003075838
1790387497.209249,1.767823996488005
1790387497.2141063,1.5575269935652614
1790387497.2750952,1.6007369849830866
1790387497.3084457,1.8276709888596088
1790387497.3610463,2.1430540073197335
1790387497.383386,1.6219429962802678
1790387497.3903935,1.942483999300748
1790387497.4001093,1.6296310059260577
1790387497.4307663,1.635255990549922
1790387497.4388163,1.5374390059150755
1790387497.4842954,1.8367120064795017
1790387497.495089,1.7262210021726787
1790387497.5075912,1.5909560024738312
1790387497.5118268,1.363793999189511
1790387497.5488727,2.994726994074881
1790387497.5489345,2.250568999443203
1790387497.5714533,1.601627009222284
1790387497.586557,2.4579700257163495
1790387497.5866416,2.6568449975457042
1790387497.6159716,1.7648520006332546
1790387497.6164043,1.349678001133725
1790387497.6384025,1.7521159898024052
1790387497.6424606,2.4137329892255366
1790387497.6662877,2.1083309839013964
1790387497.675467,2.4961270100902766
1790387497.683352,1.8696910119615495
1790387497.6897924,1.645908982027322
1790387497.739274,2.3215480032376945
1790387497.7433972,1.463977008825168
1790387497.7554085,1.8745209963526577
1790387497.771599,2.3431319859810174
1790387497.7905033,2.1636849851347506
1790387497.8124428,2.3499999952036887
1790387497.8308384,1.8877350084949285
1790387497.8493366,1.8222799990326166
1790387497.8694124,1.6840689931996167
1790387497.8729901,1.9437660230323672
1790387497.8777604,1.4754410076420754
1790387497.8836844,1.4062209811527282
1790387497.8893216,2.0214830001350492
1790387497.8894453,1.608238002518192
1790387497.9213448,2.14369100285694
1790387497.9633968,2.213867992395535
1790387497.965544,1.3644440041389316
1790387497.989658,2.4764540139585733
1790387498.0058727,1.6739290149416775
1790387498.0178754,1.6644840070512146
1790387498.0302892,1.7763689975254238
1790387498.036708,1.9603999971877784
1790387498.03758,1.3040189805906266
1790387498.0581548,1.708154974039644
1790387498.0613585,1.4317729801405221
1790387498.0685716,1.2768850137945265
1790387498.0709188,1.1271270050201565
1790387498.0763195,2.04821300576441
1790387498.088818,1.9587449787650257
1790387498.0954607,1.4768709952477366
1790387498.1265564,1.670986006502062
1790387498.1593916,1.8385770090389997
1790387498.1743126,1.6300060087814927
1790387498.177558,2.292390010552481
1790387498.1776404,1.739841012749821
1790387498.1935234,2.303890010807663
1790387498.194748,1.3470730045810342
1790387498.2078714,2.158754999982193
1790387498.208727,1.6553110035602003
1790387498.2157025,2.0259179873391986
1790387498.2189903,1.7297810118179768
1790387498.2278814,1.6342789749614894
1790387498.2511616,1.768696994986385
1790387498.262922,1.754894998157397
1790387498.2683823,1.3968829880468547
1790387498.2771688,1.488932000938803
1790387498.2866466,1.8067990022245795
1790387498.3017285,2.0554859947878867
1790387498.3357577,1.7026900022756308
1790387498.3826911,2.4252590083051473
1790387498.3850899,1.9156609778292477
1790387498.3926437,2.2902170021552593
1790387498.4076905,2.075112017337233
1790387498.4252167,1.975206978386268
1790387498.4567966,1.9838260195683688
1790387498.4655585,1.9383860053494573
1790387498.471227,1.8968510266859084
1790387498.4780893,2.1887720213271677
1790387498.4788613,1.8025590106844902
1790387498.4967015,1.815101015381515
1790387498.5083754,1.8323870026506484
1790387498.5154853,2.3340109910350293
1790387498.5530198,2.340191014809534
1790387498.565635,1.9756109977606684
1790387498.5656974,2.856492006685585
1790387498.5729678,1.4169140195008367
1790387498.5895672,1.6069239936769009
1790387498.6230211,2.4217400059569627
1790387498.656012,2.111757028615102
1790387498.6589577,1.3412469998002052
1790387498.6732056,1.8347050063312054
1790387498.681913,1.8421339918859303
1790387498.6819727,2.565817005233839
1790387498.684468,1.112136000301689
1790387498.7209597,1.6295539971906692
1790387498.7324283,1.659439003560692
1790387498.770439,2.008598006796092
1790387498.783679,2.0514609932433814
1790387498.8071973,1.8341770046390593
1790387498.8144855,1.6785170009825379
1790387498.8173904,1.5128560189623386
1790387498.845521,2.492324012564495
1790387498.8458233,2.2759269922971725
1790387498.85356,1.5144710196182132
1790387498.854929,1.10040299477987
1790387498.875429,3.197830985300243
1790387498.8758986,3.0395729991141707
1790387498.8762407,2.588662988273427
1790387498.91887,2.2458710009232163
1790387498.9213283,2.3067640140652657
1790387498.9221575,1.6623990086372942
1790387498.9403405,1.6126859991345555
1790387498.953492,1.8063619791064411
1790387498.9599485,1.4367529947776347
1790387498.9737155,1.719111984129995
1790387498.9836779,1.9543920061551034
1790387499.0042152,2.465518016833812
1790387499.0168207,1.5559679886791855
1790387499.0207605,1.356464985292405
1790387499.0279036,1.2988050002604723
1790387499.0419514,1.8285260011907667
1790387499.0517442,1.8837599782273173
1790387499.0518098,2.720498014241457
1790387499.07155,1.7834619793575257
1790387499.0747457,1.3230579788796604
1790387499.0976956,1.8829309847205877
1790387499.1076503,1.601922995178029
1790387499.1095731,1.3029210094828159
1790387499.1574066,1.729308016365394
1790387499.163768,2.0652410166803747
1790387499.1784883,2.0872860040981323
1790387499.1862087,1.7045889981091022
1790387499.2077398,1.9044690125156194
1790387499.240814,1.6944219823926687
1790387499.2434187,1.40235701110214
1790387499.2488306,1.612020976608619
1790387499.2689078,1.8957509892061353
1790387499.2719138,1.3354530092328787
1790387499.3001776,2.277024002978578
1790387499.300794,1.8644730153027922
1790387499.3394566,3.6206700024195015
1790387499.3397222,4.367168992757797
1790387499.3404546,2.7741729863919318
1790387499.3829885,1.6704750014469028
1790387499.3836274,3.1004680204205215
1790387499.3859434,1.3014480064157397
1790387499.3945394,1.4993969816714525
1790387499.4140096,1.6699350089766085
1790387499.4156544,1.3313759991433471
1790387499.4284904,1.5406710153911263
1790387499.4390872,2.0972799975425005
1790387499.4497917,1.6854150162544101
1790387499.455099,1.461207983084023
1790387499.4754932,1.7163660086225718
1790387499.4759722,1.4515210059471428
1790387499.498187,2.083544008200988
1790387499.5039206,1.8512450042180717
1790387499.506012,1.2142710038460791
1790387499.5141253,1.576330017996952
1790387499.5273492,1.754825992975384
1790387499.552269,1.9959369965363294
1790387499.5749857,1.8092560057993978
1790387499.5813005,1.9396350253373384
1790387499.591021,1.5507930074818432
1790387499.5966127,1.4937079977244139
1790387499.6158233,1.6953320009633899
1790387499.6367512,1.71365198912099
1790387499.656684,1.7056989890988916
1790387499.6685176,1.7778970068320632
1790387499.6764503,1.7785480013117194
1790387499.680632,1.3370669912546873
1790387499.6830394,1.3973269960843027
1790387499.6848445,1.1024469858966768
1790387499.6885903,1.472943025873974
1790387499.6957583,1.4343030052259564
1790387499.698184,1.2400819978211075
1790387499.7187803,2.5242420088034123
1790387499.728351,1.8603990029077977
1790387499.7332537,2.3277970030903816
1790387499.740145,1.6440789913758636
1790387499.762086,1.7431190062779933
1790387499.7747467,1.763942011166364
1790387499.7822185,1.6941229987423867
1790387499.785878,1.3449139951262623
1790387499.8023782,1.6017650195863098
1790387499.81077,1.8019220151472837
1790387499.8151097,1.404862996423617
1790387499.8381557,2.01365101383999
1790387499.839618,1.4498700038529932
1790387499.8401737,1.2745109852403402
1790387499.8491664,1.7189149803016335
1790387499.8713877,1.8331680039409548
1790387499.9028237,1.713128003757447
1790387499.9119713,2.0870789885520935
1790387499.950156,1.9329010101500899
1790387499.9527352,1.8275540205650032
1790387499.9862156,1.9240679976064712
1790387500.0323415,1.7979289987124503
1790387500.037679,1.348599005723372
1790387500.0538251,1.6523299855180085
1790387500.0713456,1.7532240017317235
1790387500.1227176,2.0127710013184696
1790387500.1443782,2.1487130143214017
1790387500.1546817,1.763787993695587
1790387500.1703994,1.8604779907036573
1790387500.2189057,1.810958026908338
1790387500.2210135,1.281555014429614
1790387500.225532,1.8661270150914788
1790387500.2283666,1.8817670061253011
1790387500.2593849,3.1177509808912873
1790387500.2594619,2.5636210048105568
1790387500.2705374,1.5828600153326988
1790387500.2824228,1.7864700057543814
1790387500.2891705,1.7036159988492727
1790387500.2966502,1.6856039874255657
1790387500.299585,1.335694018052891
1790387500.313917,1.572600012877956
1790387500.3301394,1.917891000630334
1790387500.3848436,1.6455200093332678
1790387500.3868964,1.3094850000925362
1790387500.4019458,1.877083006547764
1790387500.4032793,1.323740987572819
1790387500.4288464,1.9499070185702294
1790387500.4331148,1.7575499950908124
1790387500.4426627,1.6844500205479562
1790387500.450312,1.4872780011501163
1790387500.455019,1.5927900094538927
1790387500.5156727,1.795590011170134
1790387500.5197942,1.3263569853734225
1790387500.523397,1.5621269994881004
1790387500.5310524,1.5818059910088778
1790387500.534081,1.3491590216290206
1790387500.546364,2.4803059932310134
1790387500.5550933,3.108784992946312
1790387500.5569663,3.0184520001057535
1790387500.5570545,2.1443910081870854
1790387500.5573668,1.5998140152078122
1790387500.567249,1.7153299995698035
1790387500.5808709,1.83848399319686
1790387500.6147757,1.771601993823424
1790387500.6646214,2.750432991888374
1790387500.664699,2.9496199858840555
1790387500.6900985,2.060135011561215
1790387500.6922946,1.3976210029795766
1790387500.707891,1.6159299993887544
1790387500.736047,1.7620389990042895
1790387500.7453024,1.5979890013113618
1790387500.7473145,1.25285898684524
1790387500.75863,1.786620996426791
1790387500.770452,1.8046369950752705
1790387500.8117123,2.9781129851471633
1790387500.8335395,1.6862580087035894
1790387500.8567324,2.020709012867883
1790387500.906548,1.7068130255211145
1790387500.9552445,1.7031360184773803
1790387500.9615474,1.733707991661504
1790387500.9653826,1.7846650152932853
1790387500.9692736,1.272358000278473
1790387501.0118477,1.730870018946007
1790387501.022602,2.653013012604788
1790387501.0226724,2.220220980234444
1790387501.0241022,1.2947919894941151
1790387501.0353172,1.681741006905213
1790387501.051849,1.6397910076193511
1790387501.0611436,1.9547029805835336
1790387501.067682,1.4892760082148015
1790387501.0743546,1.2912630045320839
1790387501.084154,1.4783910010010004
1790387501.1535308,2.2783050080761313
1790387501.1540601,1.8875850073527545
1790387501.1644547,2.0466029818635434
1790387501.166145,1.570505992276594
1790387501.1734228,1.7162240110337734
1790387501.1742892,1.7713059787638485
1790387501.1892936,1.5851380012463778
1790387501.222051,2.1400819823611528
1790387501.2580686,2.1591969998553395
1790387501.2594085,1.3293669908307493
1790387501.2801511,1.9262850109953433
1790387501.2863235,1.7115400114562362
1790387501.2975185,1.6477490135002881
1790387501.3020675,1.3293169904500246
1790387501.3167324,1.6239029937423766
1790387501.3265893,2.33478398877196
1790387501.3271053,1.4467639848589897
1790387501.3372872,1.7845649854280055
1790387501.35201,1.873018016340211
1790387501.3633866,1.6467460081912577
1790387501.3654416,1.201963983476162
1790387501.3804736,1.780991005944088
1790387501.3962061,1.8336219945922494
1790387501.4130986,1.7347829998470843
1790387501.418117,1.5726799902040511
1790387501.4278574,1.7395650211255997
1790387501.4619896,2.39919702289626
1790387501.462484,1.717728009680286
1790387501.4753134,1.6083870141301304
1790387501.4852495,2.205707016400993
1790387501.502928,2.0706960058305413
1790387501.5067136,1.5293030010070652
1790387501.5135016,1.9688419997692108
1790387501.5186644,1.7137870017904788
1790387501.5230238,1.4251760148908943
1790387501.555166,1.8057000124827027
1790387501.5635893,1.9477159949019551
1790387501.5710654,1.972522004507482
1790387501.5857399,1.7233190010301769
1790387501.59349,1.8932130187749863
1790387501.6530914,2.0506400032900274
1790387501.6606944,1.586752012372017
1790387501.6671805,2.1630960109177977
1790387501.6679614,1.714841986540705
1790387501.6886835,1.6702189750503749
1790387501.6905377,1.6172670002561063
1790387501.6962092,1.7809949931688607
1790387501.700274,1.3559010112658143
1790387501.7193542,1.7636939883232117
1790387501.739199,1.7941840051207691
1790387501.7495065,2.0492309995461255
1790387501.752844,2.0794100128114223
1790387501.7534704,1.9476029847282916
1790387501.764137,2.369274996453896
1790387501.781293,2.696468000067398
1790387501.7813768,3.7472950061783195
1790387501.786003,1.6375560080632567
1790387501.7987266,2.9335430008359253
1790387501.7988098,2.4086250050459057
1790387501.8044832,1.902711985167116
1790387501.816553,1.6674869984854013
1790387501.847369,1.7152870132122189
1790387501.8762102,1.6424170171376318
1790387501.900084,2.207248006016016
1790387501.9044547,2.059844002360478
1790387501.907936,1.4148130139801651
1790387501.9106097,1.5230800199788064
1790387501.9224112,1.790022011846304
1790387501.9287498,1.8937440181616694
1790387501.9293523,1.5381929988507181
1790387501.9390407,1.5414739900734276
1790387501.9716616,1.9525289826560766
1790387501.9762418,1.3838299782946706
1790387501.9897609,1.6257590032182634
1790387501.992405,1.459084014641121
1790387502.0028253,2.1931259834673256
1790387502.0035286,1.8714730103965849
1790387502.0054455,1.1264880013186485
1790387502.00909,1.1950159969273955
1790387502.0147746,1.685778988758102
1790387502.0260727,1.7479989910498261
1790387502.0280194,1.8169879913330078
1790387502.0353408,1.8941400048788637
1790387502.0570238,1.7398199997842312
1790387502.065217,2.1356049983296543
1790387502.1081123,1.872635999461636
1790387502.1147091,1.7707909864839166
1790387502.131378,1.8633879953995347
1790387502.1445034,2.711048990022391
1790387502.1455603,2.9032409947831184
1790387502.146425,1.3885030057281256
1790387504.3172908,1.758675993187353
1790387504.3256195,1.676242973189801
1790387504.3316295,2.128780004568398
1790387504.3317246,1.5998499875422567
1790387504.3619604,2.7285309915896505
1790387504.3634818,2.300332998856902
1790387504.3662949,2.206004981417209
1790387504.3969188,1.8446090107318014
1790387504.401036,2.559068991104141
1790387504.4015536,2.568660012912005
1790387504.4016168,1.708486001007259
1790387504.409132,2.30327999452129
1790387504.4103887,1.2462800077628344
1790387504.4177747,1.3371880049817264
1790387504.42359,1.631191000342369
1790387504.434645,1.7131820204667747
1790387504.4364357,1.6388929798267782
1790387504.4395351,1.4353020233102143
1790387504.4428592,1.2883199960924685
1790387504.4512603,1.6283600125461817
1790387504.4757016,1.8579729949124157
1790387504.4844844,1.3980249932501465
1790387504.498435,1.7612759838812053
1790387504.5090559,1.6715810052119195
1790387504.5236845,2.026700007263571
1790387504.5322533,1.624872995307669
1790387504.5477476,1.675460982369259
1790387504.5514634,1.745367015246302
1790387504.5681572,1.5877959958743304
1790387504.5966167,1.5934919938445091
1790387504.601864,1.4955240185372531
1790387504.6114016,1.876149995950982
1790387504.6134427,1.5755719796288759
1790387504.667802,1.6597610083408654
1790387504.6684763,2.82710199826397
1790387504.6924531,2.0104770082980394
1790387504.704788,1.9481309864204377
1790387504.7057717,2.0037379872519523
1790387504.7062588,1.2735000054817647
1790387504.7124815,1.428998017217964
1790387504.7445025,2.1806250151712447
1790387504.746887,2.11756001226604
1790387504.7492359,1.629497011890635
1790387504.7636096,2.110025001456961
1790387504.771734,1.674387021921575
1790387504.7723718,1.6508729895576835
1790387504.7761562,1.4804379898123443
1790387504.7771168,1.6913180006667972
1790387504.777616,1.248636981472373
1790387504.8522427,1.659095985814929
1790387504.8568304,1.9082830112893134
1790387504.9040391,1.9069720001425594
1790387504.9479609,2.130417007720098
1790387504.950553,1.897606998682022
1790387504.95339,1.4182119921315461
1790387504.9589071,1.6836849972605705
1790387504.9598644,1.8423949950374663
1790387505.0011559,1.8778879893943667
1790387505.0123105,1.9523130031302571
1790387505.026498,1.5389059844892472
1790387505.0399547,1.6336049884557724
1790387505.050588,1.7480830138083547
1790387505.0685747,1.7996400129050016
1790387505.0704274,1.449853996746242
1790387505.0709794,1.3508839765563607
1790387505.074847,1.3269060000311583
1790387505.0903342,2.022361004492268
1790387505.0942466,1.6014209832064807
1790387505.105282,1.8594339780975133
1790387505.1213846,1.9104070088360459
1790387505.1237,1.3524480164051056
1790387505.1264422,1.5009019989520311
1790387505.1366534,1.8133510020561516
1790387505.162318,1.8879270064644516
1790387505.182536,2.293113007908687
1790387505.1951675,1.7453869804739952
1790387505.201053,2.762268006335944
1790387505.2047298,1.5971750253811479
1790387505.2631109,2.0260039891581982
1790387505.282712,2.4324920086655766
1790387505.2883635,1.8481419829186052
1790387505.2912915,2.2001619799993932
1790387505.291352,1.8269889988005161
1790387505.2978954,1.5617230092175305
1790387505.3051808,2.166630991268903
1790387505.315339,2.094252995448187
1790387505.3393025,3.0543759930878878
1790387505.3641107,2.426360995741561
1790387505.3644135,3.654815984191373
1790387505.3850057,2.8383290045894682
1790387505.3942373,2.7518290153238922
1790387505.4048553,2.8240270039532334
1790387505.407623,2.30993700097315
1790387505.4190054,2.763908007182181
1790387505.4323206,2.121630997862667
1790387505.4352615,2.2480680199805647
1790387505.4457567,2.0747099770233035
1790387505.4742615,2.0826160034630448
1790387505.4830513,2.005697984714061
1790387505.4893935,2.1567600197158754
1790387505.5178053,2.4112270039040595
1790387505.526576,1.931786013301462
1790387505.5509272,1.858550007455051
1790387505.5802495,2.19843300874345
1790387505.5889509,2.0892139873467386
1790387505.609301,2.443960984237492
1790387505.6116076,2.2898669994901866
1790387505.6142404,2.239076013211161
1790387505.6167305,1.9615869969129562
1790387505.617573,1.5808290045242757
1790387505.6326497,1.8639299960341305
1790387505.6381464,2.665094012627378
1790387505.6391032,1.4288059901446104
1790387505.6617165,1.6645080177113414
1790387505.699699,1.7884479893837124
1790387505.7168841,1.6063769871834666
1790387505.7217457,2.0633369858842343
1790387505.7323196,2.1073929965496063
1790387505.737916,1.8691570148803294
1790387505.7484548,1.8931219819933176
1790387505.7518582,1.6871459956746548
1790387505.7551253,1.3375810231082141
1790387505.757588,1.1812550073955208
1790387505.7675893,1.5657109906896949
1790387505.7813678,3.529285022523254
1790387505.799232,5.219710001256317
1790387505.8007812,4.091931012226269
1790387505.8286612,1.6584449913352728
1790387505.8394423,2.395015995716676
1790387505.8476534,1.423203997546807
1790387505.858168,1.7200199945364147
1790387505.8624978,1.4888459991198033
1790387505.8721292,1.5137740119826049
1790387505.8854597,2.9762140184175223
1790387505.8855767,2.0523550047073513
1790387505.900806,2.3018460196908563
1790387505.9015453,2.280730986967683
1790387505.9297452,1.7083310231100768
1790387505.9653912,2.285336988279596
1790387505.9840786,1.8643480143509805
1790387505.9904602,1.9065770029556006
1790387506.0004408,1.6131199954543263
1790387506.0152817,1.4788109983783215
1790387506.0292387,1.7353839939460158
1790387506.0358531,1.3833570119459182
1790387506.042664,2.1576750150416046
1790387506.043217,1.62980702589266
1790387506.061692,2.011949982261285
1790387506.080725,1.820136996684596
1790387506.0911589,2.92022101348266
1790387506.0995831,1.7134080117102712
1790387506.1161983,1.8083849863614887
1790387506.117418,1.2086369970347732
1790387506.1247232,1.179028011392802
1790387506.1291146,2.283105015521869
1790387506.1329064,1.5009540074970573
1790387506.1435447,3.2941210083663464
1790387506.1701267,2.994139998918399
1790387506.179163,2.3400259960908443
1790387506.2008042,5.133534985361621
1790387506.2234294,2.0436180057004094
1790387506.2649648,3.353025997057557
1790387506.2721848,2.801464986987412
1790387506.2796905,3.8449889980256557
1790387506.302513,5.950005986960605
1790387506.3139954,2.727740997215733
1790387506.3154967,4.102453007362783
1790387506.3332393,3.474012017250061
1790387506.3817143,2.4228289839811623
1790387506.384776,2.5775090034585446
1790387506.38786,2.659977995790541
1790387506.3927295,1.6049870173446834
1790387506.3960507,1.1711299885064363
1790387506.4156716,2.499194990377873
1790387506.464726,1.8673700105864555
1790387506.480048,1.7470720049459487
1790387506.489992,1.7490889877080917
1790387506.4921472,1.3525969989132136
1790387506.4963074,2.090093999868259
1790387506.5202055,1.737749989842996
1790387506.5224917,1.5807870076969266
1790387506.5251565,1.1927900195587426
1790387506.530024,2.153098990675062
1790387506.5301008,3.2575459918007255
1790387506.5394278,1.490049995481968
1790387506.5462384,2.731214975938201
1790387506.5470269,2.4707900010980666
1790387506.5474117,1.7162789881695062
1790387506.5723238,1.6045040101744235
1790387506.5957725,2.0687920041382313
1790387506.617819,1.5698469942435622
1790387506.6362972,2.5666099973022938
1790387506.6453047,1.6626820142846555
1790387506.65546,2.1072259987704456
1790387506.674749,2.1435689995996654
1790387506.6783617,1.3282410218380392
1790387506.680132,1.1227309878449887
1790387506.6852932,1.2618479959201068
1790387506.699271,2.2254950017668307
1790387506.7136464,1.8734330078586936
1790387506.7334242,1.7397899937350303
1790387506.736453,1.6489950066898018
1790387506.7409742,1.850850007031113
1790387506.7436607,1.1953719949815422
1790387506.7484124,1.9764909811783582
1790387506.7485144,2.5228119920939207
1790387506.7505527,1.6289819905068725
1790387506.7549417,1.6814330010674894
1790387506.7744808,1.648744015255943
1790387506.7782462,1.4610209909733385
1790387506.7824206,1.2980210012756288
1790387506.790975,1.6521329816896468
1790387506.791699,1.4878729998599738
1790387506.804772,1.5784369898028672
1790387506.8063364,1.2404480075929314
1790387506.8100185,1.1839820072054863
1790387506.824551,1.9256509840488434
1790387506.828188,1.2262709788046777
1790387506.8481755,1.7494920175522566
1790387506.8516746,1.3603199913632125
1790387506.8969083,1.7110949847847223
1790387506.9064176,3.0706580146215856
1790387506.9072242,4.397688986500725
1790387506.9073944,5.199450009968132
1790387506.9074817,3.327451995573938
1790387506.9130194,1.4594919921364635
1790387506.9285636,1.7493330233264714
1790387506.9296932,1.2379529944155365
1790387506.9337869,2.394748997176066
1790387506.9342346,3.2708329963497818
1790387506.9349825,1.185789005830884
1790387506.9445963,1.5694070025347173
1790387506.9491465,1.2669750140048563
1790387506.9671516,2.7943470049649477
1790387506.9970052,1.6027530073188245
1790387507.010107,2.155889989808202
1790387507.0124876,1.4603800082113594
1790387507.0150673,1.111540012061596
1790387507.0275264,1.5830170013941824
1790387507.0803978,2.0403109956532717
1790387507.0887375,1.587065024068579
1790387507.0985217,1.5060669975355268
1790387507.1001594,1.3565850094892085
1790387507.1182916,1.7276399885304272
1790387507.1480672,1.6649699828121811
1790387507.1563387,2.2216769866645336
1790387507.1753328,1.9504429947119206
1790387507.1803627,1.361850998364389
1790387507.18451,2.536856016376987
1790387507.1846483,2.473708998877555
1790387507.2024453,1.833854999858886
1790387507.2089145,1.5732790052425116
1790387507.2192483,2.8205980197526515
1790387507.2194033,3.524693980580196
1790387507.225184,2.285657013999298
1790387507.2534363,4.436143004568294
1790387507.2535958,3.9651560073252767
1790387507.254929,1.3226380106061697
1790387507.2986271,2.7188279782421887
1790387507.3182395,2.0416509942151606
1790387507.320206,1.2660790234804153
1790387507.3400886,3.5142670094501227
1790387507.3449082,3.596908994950354
1790387507.34516,3.2374690053984523
1790387507.3653204,1.855525013525039
1790387507.368844,1.2588080135174096
1790387507.3744853,1.5591849805787206
1790387507.4107783,1.593268010765314
1790387507.4244702,2.8592429880518466
1790387507.450279,1.677249005297199
1790387507.4609516,1.8452799995429814
1790387507.4960835,2.454142988426611
1790387507.4965246,2.327885013073683
1790387507.541814,2.1238070039544255
1790387507.571026,3.3728800190147012
1790387507.571329,3.176815982442349
1790387507.572107,1.622632989892736
1790387507.5846922,1.8093679973389953
1790387507.5949643,1.709547999780625
1790387507.6112504,1.6589380102232099
1790387507.6580849,2.991632994962856
1790387507.6598966,1.2585200020112097
1790387507.6615949,1.2484139879234135
1790387507.6642804,1.3900889898650348
1790387507.677521,1.869205996626988
1790387507.681237,1.421829976607114
1790387507.6813202,1.9560900109354407
1790387507.6925724,1.6093190060928464
1790387507.702624,1.5572389820590615
1790387507.7143764,1.6774229879956692
1790387507.717859,1.2171260023023933
1790387507.7201264,1.6654240025673062
1790387507.7491045,1.6377499850932509
1790387507.7689717,1.6669449978508055
1790387507.7697337,1.6801930032670498
1790387507.7738078,1.35052899713628
1790387507.775745,1.1121900170110166
1790387507.7921941,1.8252540030516684
1790387507.7938962,1.1999300040770322
1790387507.7955482,1.1362019868101925
1790387507.8080475,1.5952289977576584
1790387507.8323882,1.5994040004443377
1790387507.8350554,1.2519230076577514
1790387507.86354,3.205356013495475
1790387507.86441,2.3802559881005436
1790387507.8714397,1.6604019911028445
1790387507.879853,2.474420005455613
1790387507.8999093,1.5930099762044847
1790387507.9186425,1.743386994348839
1790387507.921203,1.2322279799263924
1790387507.9728084,4.7802999906707555
1790387507.9737248,4.846886993618682
1790387507.9752896,5.028327985201031
1790387507.9988832,2.0413619931787252
1790387507.9994423,1.7829999851528555
1790387508.0265942,1.8358780071139336
1790387508.0351055,1.570237014675513
1790387508.0490708,1.687873009359464
1790387508.054153,1.3144279946573079
1790387508.0718162,1.5788589953444898
1790387508.0896325,3.5936330095864832
1790387508.0901947,4.697958007454872
1790387508.1038363,2.1088600042276084
1790387508.1063535,1.317421003477648
1790387508.1226573,1.6689460026100278
1790387508.1426864,2.3943410196807235
1790387508.1465983,1.97689700871706
1790387508.1563976,1.7821999790612608
1790387508.1637197,1.9491410057526082
1790387508.1686869,1.2384239817038178
1790387508.1789608,2.898534992709756
1790387508.1962898,1.7494570056442171
1790387508.2115734,4.450723994523287
1790387508.232166,1.8706819973886013
1790387508.2356465,2.2204690030775964
1790387508.23572,2.8035430004820228
1790387508.2487404,1.628281024750322
1790387508.2565255,1.5043340099509805
1790387508.2712643,1.763391017448157
1790387508.2943988,4.265060997568071
1790387508.3081274,2.3272709804587066
1790387508.324333,1.8926610064227134
1790387508.3459318,2.551115001551807
1790387508.3520896,1.4503970160149038
1790387508.3528948,2.7747869899030775
1790387508.3548646,1.3791150122415274
1790387508.3655992,2.2113010054454207
1790387508.3677146,1.2276979978196323
1790387508.3834832,1.6629559977445751
1790387508.3891056,1.5278009814210236
1790387508.3974814,1.457581005524844
1790387508.3986893,1.0978720092680305
1790387508.4069083,2.3165150196291506
1790387508.4143744,1.4188109780661762
1790387508.418848,1.4263229968491942
1790387508.4260478,1.7285939829889685
1790387508.4446702,1.6388459771405905
1790387508.4569738,1.4587730111088604
1790387508.4651504,3.7536970048677176
1790387508.485378,1.6630210157018155
1790387508.4954255,2.530149999074638
1790387508.5103242,11.1496270110365
1790387508.5107517,8.68646299932152
1790387508.5113893,9.705689997645095
1790387508.5513308,4.249380988767371
1790387508.5562418,1.5604929940309376
1790387508.6114378,1.9098370103165507
1790387508.6121602,1.6789540241006762
1790387508.6180205,1.5339800156652927
1790387508.6220145,1.9031689735129476
1790387508.630476,2.1565470087807626
1790387508.685177,1.610528997844085
1790387508.6924825,1.6553119930904359
1790387508.6940842,1.5905009931884706
1790387508.6998858,1.3881190097890794
1790387508.7072682,1.5903960156720132
1790387508.7451005,2.1525170013774186
1790387508.7481673,1.468611997552216
1790387508.7503006,1.4247960061766207
1790387508.760327,1.9022510095965117
1790387508.7628098,1.8369430035818368
1790387508.7631686,2.7215769805479795
1790387508.7958727,2.6702920149546117
1790387508.807219,1.7431539890822023
1790387508.8202586,1.5520990127697587
1790387508.8239405,1.692455989541486
1790387508.8454804,1.6347630007658154
1790387508.8717945,2.2552890004590154
1790387508.8979912,1.8080399895552546
1790387508.8995998,1.2060590088367462
1790387508.9041533,1.8372090125922114
1790387508.912491,1.8700340006034821
1790387508.922855,1.7157200200017542
1790387508.9362264,1.8716460035648197
1790387508.9481037,1.6985559777822345
1790387508.9561658,1.74607802182436
1790387508.9592817,1.5821009874343872
1790387508.959958,1.3523329980671406
1790387508.967239,1.1966349848080426
1790387508.9792852,1.9524329982232302
1790387508.9952679,1.6453969874419272
1790387509.000384,1.7179980059154332
1790387509.0388145,1.573198998812586
1790387509.0569708,1.9042069907300174
1790387509.0741618,1.6245300066657364
1790387509.079037,1.4018689980730414
1790387509.1126876,5.34477099427022
1790387509.1145473,5.544218991417438
1790387509.1268895,1.7956770025193691
1790387509.1286407,1.2554689892567694
1790387509.1751475,5.357137997634709
1790387509.178755,4.655924014514312
1790387509.1987941,2.4150680110324174
1790387509.2174344,3.8268269854597747
1790387509.2176874,3.124808019492775
1790387509.2312586,1.7494490020908415
1790387509.2474108,1.7919850070029497
1790387509.2496367,1.3552420132327825
1790387509.275763,2.2822580067440867
1790387509.286887,2.178536989958957
1790387509.2923236,2.094702998874709
1790387509.3158445,1.5321969985961914
1790387509.3201365,1.37381799868308
1790387509.3396425,1.8267020059283823
1790387509.3404539,1.5886519977357239
1790387509.341195,1.0881309863179922
1790387509.3652132,1.7101170087698847
1790387509.3694286,1.5218720072880387
1790387509.3839824,1.5971649845596403
1790387509.3934193,2.6209500210825354
1790387509.4185216,1.6232809866778553
1790387509.4366426,2.5003030023071915
1790387509.436778,5.120374000398442
1790387509.4401839,1.5284430119208992
1790387509.4413393,1.1457279906608164
1790387509.445922,1.3587719877250493
1790387509.4540205,1.9921330094803125
1790387509.4769409,1.578833005623892
1790387509.4851177,4.995714989490807
1790387509.487661,1.320904993917793
1790387509.5010977,1.6804279875941575
1790387509.5037508,1.2092489923816174
1790387509.538051,2.1818919922225177
1790387509.5509133,1.9310720090288669
1790387509.552281,2.4304260150529444
1790387509.570561,1.6414909914601594
1790387509.5782914,2.2710629855282605
1790387509.586345,1.5648510016035289
1790387509.6071417,2.082115999655798
1790387509.6071959,2.6449160068295896
1790387509.610419,1.6529370041098446
1790387509.66979,8.233753993408754
1790387509.6736104,2.843489986844361
1790387509.6774848,1.63350798538886
1790387509.6797843,1.130827993620187
1790387509.7015197,2.0149170013610274
1790387509.702119,1.4097899838816375
1790387509.7188191,1.6517459880560637
1790387509.7256289,1.5655189927201718
1790387509.7298903,2.126964012859389
1790387509.7299466,2.777868998236954
1790387509.7356408,1.1651850072667003
1790387509.7407403,1.1749810073524714
1790387509.7576222,4.993673006538302
1790387509.7577028,5.209319991990924
1790387509.758702,4.9731379840523005
1790387509.7590508,2.8429390222299844
1790387509.7682693,1.312912005232647
1790387509.7850373,1.7523810092825443
1790387509.7979589,1.5291550080291927
1790387509.8238223,2.984153019497171
1790387509.8263698,2.312555006938055
1790387509.8401349,2.753426000708714
1790387509.8402486,2.0165519963484257
1790387509.8490472,2.084317005937919
1790387509.8606222,2.178110007662326
1790387509.8707874,2.0990369957871735
1790387509.8812778,2.1986679930705577
1790387509.9043314,1.7204339965246618
1790387509.9355164,1.6008199891075492
1790387509.9567218,1.7166080069728196
1790387509.981991,1.7784969822969288
1790387509.9841394,1.4911819889675826
1790387510.0028133,1.8843009893316776
1790387510.0142648,1.7367239925079048
1790387510.0451636,1.6997540078591555
1790387510.0687068,2.0221320155542344
1790387510.0790114,1.9621569954324514
1790387510.0903978,1.9595070043578744
1790387510.1272871,1.6442140040453523
1790387510.1335907,1.91677498514764
1790387510.1374326,1.4236129936762154
1790387510.1402621,1.5879730053711683
1790387510.1984556,1.811138994526118
1790387510.211083,1.6755599936004728
1790387510.211516,1.2915080005768687
1790387510.2252197,1.590414991369471
1790387510.2393494,1.755358010996133
1790387510.2500324,2.533107006456703
1790387510.2587926,1.7852239834610373
1790387510.2592728,1.5416739915963262
1790387510.2680686,1.697920000879094
1790387510.2866843,1.8357099907007068
1790387510.303687,1.9356269913259894
1790387510.3225193,2.3791880230419338
1790387510.3321323,2.0837520132772624
1790387510.3441021,2.7600880130194128
1790387510.3529823,2.0414199971128255
1790387510.3556798,2.034556004218757
1790387510.3722184,2.545241004554555
1790387510.3730028,1.8635849992278963
1790387510.3762088,2.2561590012628585
1790387510.3769627,1.6357990098185837
1790387510.3864596,1.836956012994051
1790387510.392361,1.7740819894243032
1790387510.4226122,3.1604469986632466
1790387510.4230552,2.810927020618692
1790387510.427306,1.9839779997710139
1790387510.4521203,1.9244399736635387
1790387510.4614038,2.438643015921116
1790387510.4705853,2.67416299902834
1790387510.4976578,1.7948650056496263
1790387510.5289273,1.510339992819354
1790387510.528995,2.479877002770081
1790387510.53684,1.7369769921060652
1790387510.539449,1.310474006459117
1790387510.5458088,1.6389969969168305
1790387510.5551794,1.5893290110398084
1790387510.5609436,2.7112480020150542
1790387510.5610366,2.9467160056810826
1790387510.5636716,1.5706009871792048
1790387510.579165,2.074375021038577
1790387510.5899937,1.6472839924972504
1790387510.5900753,2.3831729777157307
1790387510.597357,1.855159003753215
1790387510.6171803,1.605363009730354
1790387510.6259072,1.7656389973126352
1790387510.6424985,1.6874739958439022
1790387510.6682649,2.2773649834562093
1790387510.6730273,2.6253019750583917
1790387510.673599,1.4614970132242888
1790387510.679393,1.1790980061050504
1790387510.7060905,1.8282730015926063
1790387510.7187548,1.9572919991333038
1790387510.720317,1.4503739948850125
1790387510.7948582,1.6507170221302658
1790387510.8117788,1.8326629942748696
1790387510.8126442,1.6165440028999
1790387510.8242521,2.0488690061029047
1790387510.8246763,3.262299986090511
1790387510.830871,1.3147660065442324
1790387510.8368118,1.3970330182928592
1790387510.8439941,1.6075530147645622
1790387510.883349,1.7592910153325647
1790387510.8857884,1.34979301947169
1790387510.8964882,1.73973900382407
1790387510.923397,1.9604639965109527
1790387510.9379435,2.082707011140883
1790387510.9408708,1.4450220041908324
1790387510.9449465,1.266195991775021
1790387510.9566305,1.5800730034243315
1790387510.9652064,1.9009749812539667
1790387510.9707701,2.0285820064600557
1790387510.9854758,2.0662420138251036
1790387510.9969754,3.009441017638892
1790387510.997372,2.1895350073464215
1790387511.0099564,1.706299022771418
1790387511.0125463,1.7834190221037716
1790387511.017221,1.4621969894506037
1790387511.0274603,2.329574985196814
1790387511.0452027,1.9602140237111598
1790387511.0466776,1.4614780084230006
1790387511.051435,1.469171023927629
1790387511.0674706,1.8150879768654704
1790387511.102311,1.680497982306406
1790387511.1101587,1.7283160123042762
1790387511.1287146,1.7725659999996424
1790387511.1437044,3.1467679946217686
1790387511.1459348,1.8041309958789498
