timestamp,rtt
1790174621.1060832,32.142400999873644
1790174621.1075723,29.381661999650532
1790174621.108295,21.240631002001464
1790174621.1088421,26.825339999049902
1790174621.1845481,50.557488000777084
1790174621.197741,6.6179889981867746
1790174621.2429156,5.557992997637484
1790174621.2533476,10.029814002336934
1790174621.2566137,11.054907998186536
1790174621.2610505,7.325638001930201
1790174621.2755134,8.052504999795929
1790174621.280721,6.972359999053879
1790174621.2885818,6.722317000821931
1790174621.3042946,5.420524001237936
1790174621.3059764,48.63127000135137
1790174621.3141448,49.556857000425225
1790174621.3459861,6.255150001379661
1790174621.3503385,8.664281001983909
1790174621.3737278,51.01769599787076
1790174621.3753722,8.516622998286039
1790174621.389827,53.35308899884694
1790174621.3940556,6.509667000500485
1790174621.4364243,8.766703002038412
1790174621.437707,6.736865998391295
1790174621.4740243,48.06886000005761
1790174621.510345,49.68364600063069
1790174621.5442066,49.8737930029165
1790174621.5711038,5.814209998789011
1790174621.580656,8.48728499840945
1790174621.6262703,50.957652001670795
1790174621.6300719,6.146035997517174
1790174621.6304104,52.63137099973392
1790174621.6331952,5.427874999440974
1790174621.6828833,9.146417000010842
1790174621.6873364,7.591864999994868
1790174621.6962752,6.706289001158439
1790174621.6978943,49.22685199926491
1790174621.7059195,46.24500900172279
1790174621.7079265,6.879319000290707
1790174621.709951,46.52229500061367
1790174621.7663732,50.469767997128656
1790174621.8266447,8.421190999797545
1790174621.843996,6.3151550020847935
1790174621.8796892,7.809236998582492
1790174621.9016535,48.78029799874639
1790174621.9253736,6.909649000590434
1790174621.9538083,51.69631199896685
1790174621.9551358,5.550675999984378
1790174621.9662519,5.4620770024484955
1790174621.9821715,46.626817998912884
1790174622.0202174,4.550290999759454
1790174622.0654037,6.764403999113711
1790174622.0715246,5.67011200109846
1790174622.0940542,5.311750999680953
1790174622.1023629,5.159480999282096
1790174622.103082,4.588199000863824
1790174622.1382306,49.84666800010018
1790174622.1536372,4.516590001003351
1790174622.1629188,5.76886799899512
1790174622.2018113,45.81964799945126
1790174622.2300138,48.393925000709714
1790174622.2377446,46.102710999548435
1790174622.2441459,4.167057002632646
1790174622.246375,4.241226997692138
1790174622.3373375,5.041237000114052
1790174622.376322,4.413287999341264
1790174622.38855,3.999027998361271
1790174622.4054694,4.301158001908334
1790174622.4139662,45.84061599962297
1790174622.4444153,4.560872999718413
1790174622.470066,5.64367900005891
1790174622.537547,4.084898999280995
1790174622.5459356,46.46112000045832
1790174622.5628583,3.7584300007438287
1790174622.6031106,48.934899001324084
1790174622.6257932,3.9768060014466755
1790174622.6622262,45.60067299826187
1790174622.7304451,3.4910829999716952
1790174622.7450473,4.675070998928277
1790174622.7715502,3.637781999714207
1790174622.790183,4.160131000389811
1790174622.807347,3.6049610025656875
1790174622.8108797,3.3723460001056083
1790174622.8337686,3.9220450016728137
1790174622.8552432,4.750026000692742
1790174622.857844,48.83304600298288
1790174622.9591825,3.9187719994515646
1790174622.9955173,4.016635000880342
1790174623.0066137,4.074165000929497
1790174623.0068989,47.427890000108164
1790174623.0092516,3.7943179995636456
1790174623.0657315,5.425380000815494
1790174623.0723534,4.239655998389935
1790174623.1300497,3.3340999980282504
1790174623.1719768,4.284222999558551
1790174623.1776912,5.507043999386951
1790174623.177997,45.3371440016781
1790174623.2012737,3.8205870005185716
1790174623.230068,47.790452001208905
1790174623.2438328,3.86873299794388
1790174623.2495053,4.046065001602983
1790174623.3093598,5.1459489986882545
1790174623.3179438,45.99035499995807
1790174623.3221002,46.57394199966802
1790174623.3334064,3.875018999679014
1790174623.3767974,6.12624299901654
1790174623.390376,4.984273997251876
1790174623.4226828,4.10240800192696
1790174623.4510448,47.07537200010847
1790174623.4579415,4.145091999816941
1790174623.4622242,3.76604100165423
1790174623.4805517,4.120589001104236
1790174623.5096247,47.19215399745735
1790174623.517166,3.3643639981164597
1790174623.5918095,6.21631100148079
1790174623.6042416,5.6431930024700705
1790174623.611529,5.2085140014241915
1790174623.6493633,4.995364000933478
1790174623.6707091,44.79472100138082
1790174623.7311919,5.6327159982174635
1790174623.768654,5.639003997202963
1790174623.7807822,7.98657099949196
1790174623.783692,5.768926999735413
1790174623.8306243,5.8415499988768715
1790174623.8372984,5.84634000188089
1790174623.8439438,7.680416998482542
1790174623.848736,7.444469996698899
1790174623.8538163,53.58505800177227
1790174623.8910878,5.765394002082758
1790174623.897449,45.9778490003373
1790174623.907068,4.1889669992087875
1790174623.914433,4.425341998285148
1790174623.9164557,4.046918998938054
1790174623.9178529,44.59707899877685
1790174623.9376113,44.74057400148013
1790174623.9509017,4.211546998703852
1790174623.9550836,47.613108003133675
1790174623.9587467,5.601057997409953
1790174623.982014,47.526017002383014
1790174623.9981852,46.23700800220831
1790174624.007648,3.929350001271814
1790174624.013733,49.49692700029118
1790174624.0245552,4.88885999948252
1790174624.053574,4.963486000633566
1790174624.0590367,4.717849002190633
1790174624.1138914,46.61454899905948
1790174624.1363175,5.816430002596462
1790174624.1377857,47.90979999961564
1790174624.1959002,3.8907509988348465
1790174624.2179046,48.39933200128144
1790174624.238334,7.913859997643158
1790174624.2407296,8.032491998164915
1790174624.2418802,6.713504997605924
1790174624.248991,6.484418001491576
1790174624.2537642,46.96377999789547
1790174624.2900717,4.934684999170713
1790174624.2978475,48.82141300186049
1790174624.2988632,5.950880997261265
1790174624.3384333,5.334200999641325
1790174624.349642,49.83851199722267
1790174624.370242,4.012399000203004
1790174624.4119456,4.516019002039684
1790174624.4177206,46.904422000807244
1790174624.4627683,4.046156998811057
1790174624.4756722,3.1117470025492366
1790174624.48766,3.5333660016476642
1790174624.5138535,44.32876799910446
1790174624.5335867,3.5884540011466015
1790174624.5435164,3.5048099998675752
1790174624.569035,3.079283000261057
1790174624.586222,44.14496200115536
1790174624.5957584,3.1985819987312425
1790174624.6016738,3.0590930000471417
1790174624.6018243,50.30057099793339
1790174624.6056163,46.216311002353905
1790174624.657553,46.81984999842825
1790174624.6605422,5.120977999467868
1790174624.6614094,6.717915999615798
1790174623.925123,47.448746001464315
1790174623.941216,4.164665999269346
1790174623.9424992,4.421301000547828
1790174624.0177848,4.565130999253597
1790174624.0357049,4.117878001125064
1790174624.0657454,47.04916999980924
1790174624.106259,4.0342690008401405
1790174624.1180909,4.552394999336684
1790174623.31039,3.0973469984019175
1790174623.3252277,3.510696999001084
1790174623.3830845,3.589927997381892
1790174623.386056,46.28603099990869
1790174623.4048276,3.103429000475444
1790174623.4544935,44.78833100074553
1790174623.48345,3.960932997870259
1790174623.5124118,3.415895000216551
1790174623.550096,45.47387899947353
1790174623.5976317,3.032280001207255
1790174623.605094,3.2995820001815446
1790174623.6302178,47.005710999656
1790174623.6553042,3.83655100085889
1790174623.6580606,45.07694800122408
1790174623.6856496,3.4344160012551583
1790174623.7372296,3.7144289999559987
1790174623.7376716,3.3674879996397067
1790174623.7582347,44.84079599933466
1790174623.815951,47.77184100021259
1790174623.8763733,4.387981000036234
1790174623.9210162,3.3040039998013526
1790174623.92972,3.181967000273289
1790174623.9672182,3.540199002600275
1790174624.0106013,3.7845999977434985
1790174624.044588,3.979158998845378
1790174624.0451796,3.373955998540623
1790174624.0604491,3.2931499990809243
1790174624.113933,4.691362002631649
1790174624.1266382,45.76282999914838
1790174624.2556915,5.875711998669431
1790174624.3114316,3.0939899988879915
1790174624.332053,3.0551479976566043
1790174624.3340323,43.80151800069143
1790174624.372912,3.2060840021586046
1790174624.377461,3.2525259994145017
1790174624.3985064,46.388684000703506
1790174624.4023397,47.30215100062196
1790174624.4465332,46.493106998241274
1790174624.4500837,44.2866880002839
1790174624.4567585,2.844118997018086
1790174624.5114186,4.051214000355685
1790174624.574197,43.584641000052216
1790174624.5763059,3.77367500186665
1790174624.6221569,44.57769799773814
1790174624.6271245,3.2188349978241604
1790174624.6692724,3.2597360004729126
1790174624.7006748,4.1800809995038435
1790174624.704992,3.965666997828521
1790174624.745408,4.172332999587525
1790174624.7475762,4.095041000255151
1790174624.7787783,3.422080000746064
1790174624.8038144,3.487703001155751
1790174624.837953,3.846580999379512
1790174624.8493075,3.15109199800645
1790174624.892977,3.70824099809397
1790174624.8972642,2.9389470000751317
1790174624.9181929,44.083652002882445
1790174624.932391,3.6565949994837865
1790174624.936312,3.647582998382859
1790174624.9452438,3.4239609994983766
1790174624.9837575,45.87212099795579
1790174624.9883153,3.1176219999906607
1790174624.9898841,3.1706740010122303
1790174625.0293918,5.510588998731691
1790174625.0407586,3.410974000871647
1790174625.0486858,4.410058001667494
1790174625.049272,3.838076998363249
1790174625.081309,3.067348003241932
1790174625.0960953,2.915262000897201
1790174625.1181562,47.11162199964747
1790174625.154587,44.700106998789124
1790174625.1624105,47.16519900102867
1790174625.1862304,48.089334999531275
1790174625.234719,4.053507997014094
1790174625.272915,3.1675479986006394
1790174625.2908416,48.51052400044864
1790174625.3128393,3.172100998199312
1790174625.3459957,3.3373059995938092
1790174625.3461914,44.95137100093416
1790174625.363377,2.9190499990363605
1790174625.3856936,4.079327001818456
1790174625.4222388,46.49389699989115
1790174625.4374192,3.9330340005108155
1790174625.4650297,3.928210997401038
1790174625.50111,3.647050998552004
1790174625.5019693,43.57164499742794
1790174625.509974,43.235224999079946
1790174625.5590138,46.93177899753209
1790174625.5622303,46.22694300269359
1790174625.5661476,46.90230300184339
1790174625.610345,46.75924899856909
1790174625.6262918,44.29516199888894
1790174625.6351185,49.267927002802026
1790174625.6474524,5.351171999791404
1790174625.6900787,44.29791000075056
1790174625.698576,3.3001249976223335
1790174625.7333822,3.9163029978226405
1790174625.7514217,3.9663159986957908
1790174625.7941685,44.33499600054347
1790174625.8147688,3.185173001838848
1790174625.8322937,46.00907600251958
1790174625.8348541,3.5631630016723648
1790174625.9852648,3.0947519990149885
1790174626.0244417,3.5828199979732744
1790174626.0373135,3.124284998193616
1790174626.057919,3.7416550003399607
1790174626.072882,3.738205999979982
1790174626.0830312,4.347664002125384
1790174626.0866673,5.0426579982740805
1790174626.0868464,48.379593001300236
1790174626.0869794,46.12957599965739
1790174626.1142786,47.106801001064014
1790174626.11873,44.7224780000397
1790174626.13999,47.33030200077337
1790174626.1526806,3.9510459973826073
1790174626.1775236,3.8039060018491
1790174626.1902297,51.29905099965981
1790174626.2027993,49.232565997954225
1790174626.2053652,3.815429001406301
1790174626.220969,4.090877999260556
1790174626.242188,49.559309001779184
1790174626.2523916,4.164144000242231
1790174626.2586985,4.86159700085409
1790174626.3027174,46.372541997698136
1790174626.3104343,45.30489500029944
1790174626.3729498,6.762206998246256
1790174626.3737152,5.59823699950357
1790174626.3822827,47.25662199780345
1790174626.4058468,4.083317999175051
1790174626.4279716,48.34156600190909
1790174626.460311,4.113678998692194
1790174626.462149,4.2247300007147714
1790174626.5068378,4.717411000456195
1790174626.5097182,4.759698000270873
1790174626.578484,47.68697100007557
1790174626.6460314,3.2432170009997208
1790174626.6821735,4.335907997301547
1790174626.682654,5.923349999648053
1790174626.702357,2.982658003020333
1790174626.7101135,51.01387900140253
1790174626.770276,4.362346000561956
1790174626.7711895,44.932622000487754
1790174626.8158536,46.3782570004696
1790174626.8548265,3.23230000140029
1790174626.8943918,46.8766849990061
1790174626.900481,4.464128996914951
1790174626.9011497,3.912126998329768
1790174626.9665718,2.9405140012386255
1790174626.9785414,44.441270001698285
1790174627.0113986,3.5432500008028
1790174627.0706854,4.584389000228839
1790174627.1134913,3.8214269989111926
1790174627.1464698,4.178275998128811
1790174627.1466868,52.32715999954962
1790174627.1626542,47.42323000027682
1790174627.1823864,3.0801419998169877
1790174627.194619,46.293368002807256
1790174627.2336102,3.7877950016991235
1790174627.247411,3.702138998050941
1790174627.2541394,49.895408999873325
1790174627.3201277,4.523586998402607
1790174627.3425286,3.556602998287417
1790174627.362902,3.068381000048248
1790174627.3922048,3.4605260007083416
1790174627.396949,3.0763370014028624
1790174627.430991,3.75903200256289
1790174627.4358141,4.0984499974001665
1790174627.4490645,3.7191699993854854
1790174627.4541206,49.30813800092437
1790174627.568846,4.058803999214433
1790174627.572941,3.872166998917237
1790174627.67435,3.8698440002917778
1790174627.6955974,3.1466159998672083
1790174627.7408917,3.0902809994586278
1790174627.787526,2.9775389994028956
1790174627.7902029,45.802368000295246
1790174627.8294737,3.7702230001741555
1790174627.841136,4.205653000099119
1790174627.8420672,48.663584999303566
1790174627.9255128,3.2392989996878896
1790174627.9324043,4.202358999464195
1790174627.9370394,5.4928120007389225
1790174627.9393146,4.101746999367606
1790174628.0119863,3.391644000657834
1790174628.066364,47.02165900016553
1790174628.097982,2.986669998790603
1790174628.1084762,3.03719200019259
1790174628.1274981,4.217988000164041
1790174628.1706176,46.57043300176156
1790174628.1836424,3.0453030012722593
1790174628.2969568,3.715720999025507
1790174628.332685,4.368591999082128
1790174628.3577652,4.012484998384025
1790174628.374035,46.750790999794845
1790174628.3758163,3.885011003148975
1790174628.3825104,4.481166000914527
1790174628.4321692,3.6180770002829377
1790174628.449331,3.757655998924747
1790174628.4728668,4.175003999989713
1790174628.4914272,4.70312299876241
1790174628.5182564,47.77762699814048
1790174628.5259311,3.975649000494741
1790174628.5954154,6.388494002749212
1790174628.657017,6.911258002219256
1790174628.6581967,6.2378729999181814
1790174628.6586719,48.24146000100882
1790174628.7103574,47.260293998988345
1790174628.7309926,46.893029000784736
1790174628.735882,48.44800200226018
1790174628.7434301,3.293584999482846
1790174628.748464,3.3584560005692765
1790174628.815371,46.17054799746256
1790174628.8291638,3.849362998153083
1790174628.8663154,45.4072790016653
1790174628.9038413,4.502001000219025
1790174628.9060092,3.93672399877687
1790174628.9062617,50.676217000727775
1790174628.9460938,3.1678450031904504
1790174629.005758,2.9883360002713744
1790174629.008609,2.6194550009677187
1790174629.0222948,46.59847200309741
1790174629.0592299,4.032908000226598
1790174629.0595033,48.15415000120993
1790174629.0611734,3.9153859979705885
1790174629.0664392,44.000784000672866
1790174629.083865,3.8142640005389694
1790174629.1063108,43.322223998984555
1790174629.1258762,3.746254998986842
1790174629.130918,3.505082000629045
1790174629.142321,48.536982998484746
1790174629.1783965,44.35823099993286
1790174629.1981251,46.10943199804751
1790174629.214197,45.21731400018325
1790174629.2197964,3.7537159987550694
1790174629.2586272,46.92255600093631
1790174629.2713351,2.9870809994463343
1790174629.2941806,46.316431999002816
1790174629.3001125,3.7411730008898303
1790174629.32523,3.831863999948837
1790174629.374342,45.903222999186255
1790174629.4234107,4.362816998764174
1790174629.4829936,45.789772000716766
1790174629.5353954,4.7855810007604305
1790174629.5586607,4.876793002040358
1790174629.571492,5.1793849997920915
1790174629.5879815,4.540275000181282
1790174629.6297877,4.179111998382723
1790174629.6320877,4.791846000443911
1790174629.6462426,45.668273996852804
1790174629.6646519,3.387153999938164
1790174629.7325714,3.5106689974782057
1790174629.746107,50.37907899895799
1790174629.7653317,2.861833996576024
1790174629.80465,45.627839001099346
1790174629.8071716,3.651923998404527
1790174629.8454483,3.781486000661971
1790174629.8582768,47.74962500232505
1790174629.8915823,3.5033530002692714
1790174629.8940861,45.79540800114046
1790174629.9396884,46.479733999149175
1790174629.9502904,50.200523997773416
1790174629.9505043,5.931168001552578
1790174629.9924674,5.289480999635998
1790174630.0193872,5.231154998909915
1790174630.0371504,5.313597001077142
1790174630.0422912,49.565206998522626
1790174630.0489748,4.648695998184849
1790174630.0971448,6.108125999162439
1790174630.1163428,50.41555400021025
1790174630.1181822,56.19784299778985
1790174630.1189616,6.038006002199836
1790174630.121379,5.000412002118537
1790174630.1615279,8.825225002510706
1790174630.178745,47.835224999289494
1790174630.1946514,49.16316500020912
1790174630.2165666,3.9989990000321995
1790174630.277629,3.326031001051888
1790174630.3005452,3.152960998704657
1790174630.319766,3.1289619982999284
1790174630.390216,44.328084997687256
1790174630.434794,3.318256996863056
1790174630.4704533,45.8501739994972
1790174630.4772427,4.985777999536367
1790174630.4795666,3.912801999831572
1790174630.4927588,3.5492470015014987
1790174630.5240924,3.1538090006506536
1790174630.5288892,3.0085010002949275
1790174630.5497909,3.6626620021706913
1790174630.625238,4.081843999301782
1790174630.64072,4.340449999290286
1790174630.6768541,5.683679999492597
1790174630.6794164,6.713253002089914
1790174630.6811233,6.474248999438714
1790174630.691265,3.6473560030572116
1790174630.7030785,46.672207998199156
1790174630.7054172,3.4545579983387142
1790174630.7102873,44.791373002226464
1790174630.735862,46.35649800184183
1790174630.7775257,5.551129001105437
1790174630.7790217,5.580826000368688
1790174630.790166,44.71150500103249
1790174630.793413,5.216122001002077
1790174630.8137317,6.004615999700036
1790174630.8143587,46.883224000339396
1790174630.8228745,5.035373000282561
1790174630.8582695,49.05025900006876
1790174630.866855,3.790226001001429
1790174630.8862867,50.36639200261561
1790174630.8997695,3.9728000010654796
1790174630.9464364,3.81095800184994
1790174630.9543052,44.269592999626184
1790174630.9999313,3.2923809994827025
1790174631.0402868,3.402063000976341
1790174631.054667,3.259684999648016
1790174631.097624,3.2620720012346283
1790174631.128258,4.07553100012592
1790174631.1366243,3.330110001115827
1790174631.1419632,3.38288200146053
1790174631.1972263,4.567962998407893
1790174631.1987467,4.3794230005005375
1790174631.239543,3.8406509993365034
1790174631.2702742,3.275195998867275
1790174631.2704482,44.08206799780601
1790174631.2892778,3.823431998171145
1790174631.3333712,4.120388999581337
1790174631.3413327,3.4803290000127163
1790174631.3461823,48.05503799798316
1790174631.3513207,3.3843579985841643
1790174631.3775353,3.045891000510892
1790174631.4130487,3.176777001499431
1790174631.4225817,3.8875380014360417
1790174631.4687383,4.914335000648862
1790174631.4693432,4.405725998367416
1790174631.5186,46.05735400036792
1790174631.5378535,3.402434998861281
1790174631.563833,3.5161640007572714
1790174631.5901117,47.38713099868619
1790174631.594156,46.9785690002027
1790174631.6183748,43.809111000882694
1790174631.6559134,47.738801997184055
1790174631.6631908,7.24894299855805
1790174631.6922863,4.106399999727728
1790174631.702191,48.853199998120544
1790174631.7261496,46.227018003264675
1790174631.7707133,3.2516830033273436
1790174631.7919762,5.035128000599798
1790174631.813861,4.587961997458478
1790174631.8430502,4.1136569998343475
1790174631.846303,45.05910700027016
1790174631.9205706,4.559358996630181
1790174631.9934826,3.327892001834698
1790174632.0252862,4.879360996710602
1790174632.0483778,3.978342003392754
1790174632.0692792,4.108162000193261
1790174632.1182764,4.141651999816531
1790174632.1184983,50.72463499891455
1790174632.1482816,3.770518997043837
1790174632.1578453,3.6743279997608624
1790174632.174335,3.092624003329547
1790174632.1817956,3.2789889992272947
1790174632.2310064,3.5690490003617015
1790174632.2507088,3.497232999507105
1790174632.2902527,48.232818000542466
1790174632.3091478,50.289965998672415
1790174632.3306375,3.767297999729635
1790174632.3878715,3.547291002178099
1790174632.395728,3.5602400021161884
1790174632.4390197,3.8520989983226173
1790174632.485424,3.300051001133397
1790174632.5100439,3.706716001033783
1790174632.571475,3.99376499990467
1790174632.5895302,4.762133001349866
1790174632.605672,4.474754001421388
1790174632.6202097,3.770968000026187
1790174632.643922,4.889241998171201
1790174632.6786335,48.90122000142583
1790174632.6873786,46.98639499838464
1790174632.718877,3.118067001196323
1790174632.7371676,3.6119380019954406
1790174632.745788,3.869980002491502
1790174632.7743595,44.73242499807384
1790174632.81171,46.83342700081994
1790174632.8498058,4.103511000721483
1790174632.925753,3.5392449972277973
1790174632.9913406,4.803173000254901
1790174633.0089974,5.13460600268445
1790174633.0116694,4.574713999318192
1790174633.0236375,4.078174999449402
1790174633.042231,44.543951000378
1790174633.064397,5.392972001573071
1790174633.1030931,48.90942000201903
1790174633.1302145,3.009096999448957
1790174633.1477537,4.084279000380775
1790174633.1482148,3.3615429965720978
1790174633.185484,3.4766950011544395
1790174633.1862042,46.89078700175742
1790174633.201238,3.849008000543108
1790174633.214807,46.76370100060012
1790174633.242967,47.44612500144285
1790174633.273257,4.061108000314562
1790174633.3230615,3.3260880009038374
1790174633.3276286,3.337047997774789
1790174633.3351188,3.5658929991768673
1790174633.36363,3.9480909981648438
1790174633.40867,2.966013998957351
1790174633.4400375,46.22092300269287
1790174633.451688,2.9438750025292393
1790174633.5044992,3.1919920002110302
1790174633.5419133,4.412966998643242
1790174633.550623,44.251368002733216
1790174633.5810523,4.166230999544496
1790174633.6122513,3.3846929982246365
1790174633.7078109,3.0089349966146983
1790174633.7197046,3.049814000405604
1790174633.7447429,3.370480000739917
1790174633.7590659,44.29597199850832
1790174633.8072112,44.71490699870628
1790174633.8418357,3.368385001522256
1790174633.8693163,48.12256000150228
1790174633.942985,3.279251999629196
1790174633.9464068,46.76691500208108
1790174633.9940183,46.741944999666885
1790174634.0650692,3.310920001240447
1790174634.0702949,43.70564700002433
1790174634.0816264,5.170110998733435
1790174634.0830255,5.340896001143847
1790174634.128149,49.4398100017861
1790174634.2048838,3.01683300131117
1790174634.2163577,3.0571480019716546
1790174634.221039,3.2362540005124174
1790174634.2826095,3.734087000339059
1790174634.3223925,4.116730000532698
1790174634.3237529,3.93469200207619
1790174634.3583856,44.445906998589635
1790174634.3762345,3.1772319998708554
1790174634.4451327,5.442628000309924
1790174634.455544,4.890137999609578
1790174634.5245655,3.3550679981999565
1790174634.526487,3.3186830005433876
1790174634.5413406,3.0380910029634833
1790174634.5719383,3.2072649992187507
1790174634.5931108,3.2334709976566955
1790174634.6149724,3.561859000910772
1790174634.6182933,44.60326299886219
1790174634.643982,3.434236001339741
1790174634.666508,45.067479000863386
1790174634.6851842,3.6052859977644403
1790174634.7265933,46.103780001431005
1790174634.7901146,4.827223001484526
1790174634.791765,5.433646998426411
1790174634.7952087,5.0664059999689925
1790174634.79715,3.1712020027043764
1790174634.8287542,3.8046269983169623
1790174634.862285,4.209220001939684
1790174634.8742547,50.57978699915111
1790174634.9403718,46.70661199997994
1790174634.9505875,3.2594420008535963
1790174635.0019917,3.295373997389106
1790174635.0374637,3.461852000327781
1790174635.0466733,3.1098120016395114
1790174635.0637798,2.993238998897141
1790174635.0750825,3.305010999611113
1790174635.0915875,4.434370999661041
1790174635.0919414,5.620669999188976
1790174635.098406,49.91200000222307
1790174635.110445,45.795916998031316
1790174635.1221704,44.04837299807696
1790174635.1465092,3.4034460004477296
1790174635.1582646,47.45981399901211
1790174635.162129,45.66003600120894
1790174635.17026,43.87317300279392
1790174635.1764014,3.9861879995441996
1790174635.2186134,47.45942699810257
1790174635.2222536,43.69208000207436
1790174635.265444,4.528090998064727
1790174635.2700381,4.06066799769178
1790174635.3208172,3.42238799930783
1790174635.346269,46.589847002906026
1790174635.3584201,3.6474469998211134
1790174635.3797333,3.6368340006447397
1790174635.3815348,3.0702000003657304
1790174635.418447,45.937119000882376
1790174635.4259977,3.1644169976061676
1790174635.4905682,44.49149799984298
1790174635.5382335,4.1073299980780575
1790174635.5595765,3.0986149977252353
1790174635.6226065,3.308447001472814
1790174635.6524417,5.647173999022925
1790174635.6542177,4.392714999994496
1790174635.6738636,3.9112989979912527
1790174635.684225,4.194750003080117
1790174635.690136,44.67463000037242
1790174635.7184582,50.06811299972469
1790174635.7394404,3.7212150018604007
1790174635.7610893,3.635688997746911
1790174635.768133,3.154327001539059
1790174635.7902288,44.04860000067856
1790174635.7984788,3.290908996859798
1790174635.8798094,3.209193000657251
1790174635.9272718,3.261162000853801
1790174635.9720411,3.616660000261618
1790174636.027445,4.785671997524332
1790174636.0278847,4.234292999171885
1790174636.0803359,3.630076000263216
1790174636.0857158,3.229942998586921
1790174636.0914962,3.1893939994915854
1790174636.0982013,45.46249700069893
1790174636.1274505,4.159857999184169
1790174636.1757097,4.582973000651691
1790174636.176657,4.198635997454403
1790174636.2281928,3.842763999273302
1790174636.2745364,3.7259509990690276
1790174636.299181,3.619936000177404
1790174636.3022308,42.94210999796633
1790174636.3597186,3.421168999921065
1790174636.3823998,46.77565800011507
1790174636.3863475,3.7444070003402885
1790174636.3904436,50.81670500294422
1790174636.433456,3.3411879994673654
1790174636.45423,48.83935999896494
1790174636.478286,3.470120998827042
1790174636.4902697,44.88851000132854
1790174636.506198,6.677266999759013
1790174636.507142,4.078521000337787
1790174636.5181458,48.735005999333225
1790174636.5485153,50.445118999050464
1790174636.5500796,45.65079599706223
1790174636.5941892,46.650994998344686
1790174636.6117146,4.300115000660298
1790174636.637952,5.285094997816486
1790174636.6982198,43.72065999996266
1790174636.7307599,3.2655799986969214
1790174636.7728262,3.1694130011601374
1790174636.8042998,3.8138660020194948
1790174636.8121524,3.8731390013708733
1790174636.8382688,44.2627589982294
1790174636.8713672,3.5579239993239753
1790174636.9135747,4.1379469985258766
1790174636.9451716,3.1099679981707595
1790174636.9570484,3.7373529994511046
1790174636.9998882,3.2156660017790273
1790174637.011389,4.13031000061892
1790174637.0163627,3.99364600161789
1790174637.0223079,43.410559999756515
1790174637.0546255,44.73922599936486
1790174637.0799155,3.1268030033970717
1790174637.0871959,3.1244950005202554
1790174637.106872,3.625807999924291
1790174637.112968,3.553816997737158
1790174637.1302085,47.4094849996618
1790174637.1346889,3.44133500038879
1790174637.1662686,45.036613002594095
1790174637.2089112,3.318178001791239
1790174637.214109,45.06132100141258
1790174637.2891967,49.91655599951628
1790174637.2954657,3.0750090008950792
1790174637.3504238,46.31977100143558
1790174637.3514035,2.937673998530954
1790174637.3582118,51.53432199949748
1790174637.414965,3.484037002635887
1790174637.4273322,4.476457001146628
1790174637.43766,4.791775998455705
1790174637.489517,3.7972690006427
1790174637.4945502,3.8869089985382743
1790174637.4964805,3.8525409981957637
1790174637.500849,4.174074998445576
1790174637.5447528,4.246779000823153
1790174637.5504758,44.89024800204788
1790174637.5605154,5.022326000471367
1790174637.6051598,3.429739001148846
1790174637.6067765,3.133058999083005
1790174637.6209025,3.1284950018743984
1790174637.6303184,46.253680000518216
1790174637.6396728,3.8003730005584657
1790174637.6799834,49.40201299905311
1790174637.6978178,3.0099670002528
1790174637.7263784,4.292019999411423
1790174637.7301295,43.996690001222305
1790174637.8091958,3.115511997748399
1790174637.809867,45.14079499858781
1790174637.811509,3.479457001958508
1790174637.821318,3.327741000248352
1790174637.8677397,3.440491000219481
1790174637.8751667,2.9609970006276853
1790174637.8843248,2.865929996914929
1790174637.9239502,3.657178000139538
1790174637.9322362,3.825335999863455
1790174637.9609303,4.925586999888765
1790174637.962188,43.94203099946026
1790174637.974281,47.033366001414834
1790174638.0090604,49.7170249982446
1790174638.0568502,47.27508699943428
1790174638.0781922,3.430502998526208
1790174638.1128163,3.007195999089163
1790174638.139483,48.2934679967002
1790174638.210307,44.40544900353416
1790174638.2121825,3.013712001120439
1790174638.233611,3.389134999451926
1790174638.2594395,4.177777002041694
1790174638.2723093,3.5569140018196777
1790174638.308678,46.67643699940527
1790174638.3133264,3.3584990014787763
1790174638.349435,3.3393970006727614
1790174638.3529468,2.994865000800928
1790174638.4213574,3.1803559977561235
1790174638.4674392,3.6183079973852728
1790174638.5416648,3.924661999917589
1790174638.5446765,4.534752999461489
1790174638.545909,3.922271000192268
1790174638.5837066,3.638774000137346
1790174638.6064527,3.1706749978184234
1790174638.6143918,45.303436996618984
1790174638.6163156,3.055157998460345
1790174638.6735444,3.4433430009812582
1790174638.7123907,3.0632920024800114
1790174638.7222593,46.7428869997093
1790174638.7300014,3.338270002132049
1790174638.7366633,3.450142998190131
1790174638.7756221,3.929670998331858
1790174638.777524,3.384106999874348
1790174638.7889261,5.534297997655813
1790174638.791639,5.544166997424327
1790174638.792179,5.787951999081997
1790174638.8164403,3.0922369987820275
1790174638.8583846,3.415447001316352
1790174638.8781872,45.919952000986086
1790174638.890776,3.558816999429837
1790174638.9182348,44.362448003084864
1790174638.970084,3.751243002625415
1790174638.9771655,2.937640001619002
1790174638.9822965,44.09354500239715
1790174639.0089912,3.2401390017184895
1790174639.0305579,45.77158900065115
1790174639.0513165,3.358903999469476
1790174639.0892162,4.109543999220477
1790174639.09066,4.264988001523307
1790174639.1285095,46.50829400270595
1790174639.1334124,3.364200001669815
1790174639.1711512,3.1897760018182453
1790174639.1964655,3.640019000158645
1790174639.2023828,44.12205899643595
1790174639.2468207,3.050878000067314
1790174639.2501445,45.7934540027054
1790174639.2622964,49.93866899894783
1790174639.2780197,3.2484590010426473
1790174639.29421,43.76355699787382
1790174639.2997634,3.939498001273023
1790174639.3422735,47.60712999996031
1790174639.3501427,44.809951999923214
1790174639.4410117,70.08435700117843
1790174639.4418788,68.54304499938735
1790174639.4423997,30.401484000321943
1790174639.445936,76.89449499957846
1790174639.4591753,3.9674619983998127
1790174639.4724276,3.458567000052426
1790174639.4865978,3.5862830009136815
1790174639.5502808,6.33053600176936
1790174639.5523005,7.122340000933036
1790174639.5529554,5.272308997518849
1790174639.5814886,3.4981659991899505
1790174639.6146743,45.712828999967314
1790174639.7151327,4.273384001862723
1790174639.790332,44.60265200032154
1790174639.801312,4.455751997738844
1790174639.841154,3.4238159969390836
1790174639.8506558,45.740172998193884
1790174639.874529,3.2781250010884833
1790174639.8871107,3.4952989990415517
1790174639.9112816,45.207539998955326
1790174639.93417,45.55806600183132
1790174639.9347842,3.888326999003766
1790174639.9794028,3.1348339980468154
1790174639.9811182,3.004866000992479
1790174639.9903424,3.6915620003128424
1790174639.9917262,2.6783739995153155
1790174640.0418656,3.5859859999618493
1790174640.0544264,47.156938999251
1790174640.0700798,46.44652900242363
1790174640.07285,4.2603410001902375
1790174640.0892553,3.9644179996685125
1790174640.0902817,3.1992740005080123
1790174640.114399,47.14972199872136
1790174640.150717,47.525564001261955
1790174640.2016423,3.9249900000868365
1790174640.2221923,47.54864099959377
1790174640.239725,4.797573001269484
1790174640.2499778,64.77052900299896
1790174640.2684116,5.792424999526702
1790174640.308748,3.2568409988016356
1790174640.314282,50.10227700040559
1790174640.316285,4.405847001180518
1790174640.3869343,47.32979600157705
1790174640.4232187,3.0631839981651865
1790174640.4401429,3.419289998419117
1790174640.4419506,3.1676260005042423
1790174640.4724476,3.2108609993883874
1790174640.498243,46.813824999844655
1790174640.5305727,3.263343998696655
1790174640.5501707,3.982243000791641
1790174640.6153154,4.754396999487653
1790174640.668197,7.645898000191664
1790174640.6691618,6.355646000884008
1790174640.6876128,6.0405529984564055
1790174640.7540674,53.1962700006261
1790174640.7764401,5.439681001007557
1790174640.7788694,4.422943002282409
1790174640.8142767,44.79946400169865
1790174640.841761,3.324650999275036
1790174640.84202,43.9441810012795
1790174640.8432693,2.8479760003392585
1790174640.8655214,6.556095002451912
1790174640.9029758,3.444648002187023
1790174640.9102693,49.753905997931724
1790174640.9262562,51.93216699990444
1790174640.9845626,47.54038499959279
1790174641.0873141,3.302570999949239
1790174641.0902872,2.746491998550482
1790174641.130971,3.1966749993443955
1790174641.1646125,3.755491998163052
1790174641.171094,3.350735001731664
1790174641.174194,2.8302370010351297
1790174641.1941326,45.13822900116793
1790174641.219865,3.333610999106895
1790174641.2306943,46.56144000182394
1790174641.3348587,2.9640110005857423
1790174641.3971212,3.0888869987393264
1790174641.4000773,2.7429219990153797
1790174641.4577982,3.4779960005835164
1790174641.4857945,3.198218000761699
1790174641.5028377,3.326755999296438
1790174641.5418398,2.885164001781959
1790174641.5555544,3.5151230003975797
1790174641.5712469,47.07132100156741
1790174641.6485581,48.86947799968766
1790174641.694641,3.726432998519158
1790174641.7186694,45.693743999436265
1790174641.7477834,45.84041699854424
1790174641.779232,3.299295000033453
1790174641.8063405,50.596957000379916
1790174641.8365266,4.622974996891571
1790174641.8981674,3.4935839976242278
1790174641.9183807,4.1216669997083955
1790174641.9464052,4.293961999792373
1790174641.985249,3.8996420007606503
1790174642.0201144,49.0356439986499
1790174642.031631,5.418846998509252
1790174642.0753047,3.48266400033026
1790174642.0910325,46.93857700112858
1790174642.1456242,6.006946001434699
1790174642.1664176,5.471033000503667
1790174642.1746926,3.6927009969076607
1790174642.224498,46.471325997117674
1790174642.3295057,3.214545999071561
1790174642.3366961,3.372507002495695
1790174642.406779,45.61082199870725
1790174642.4330585,4.533698000159347
1790174642.434731,4.981191999831935
1790174642.481093,3.2103199991979636
1790174642.481976,50.703799999610055
1790174642.5292678,2.9953919984109234
1790174642.5459044,4.394478000904201
1790174642.5758374,3.075664000789402
1790174642.5866961,46.5715079990332
1790174642.6203938,3.0844120010442566
1790174642.629427,4.598178999003721
1790174642.6298792,3.8426240025728475
1790174642.6518166,3.442971999902511
1790174642.6744492,4.664997999498155
1790174642.6751523,3.971533998992527
1790174642.6781986,43.20942500271485
1790174642.7229486,3.006733000802342
1790174642.736234,3.3910930033016484
1790174642.789938,3.116357998806052
1790174642.8476014,47.37374299656949
1790174642.8549833,3.2043630017142277
1790174642.8939693,2.9117710000718944
1790174642.9112084,44.782707998820115
1790174642.9163742,3.1215669987432193
1790174642.935055,47.83729199698428
1790174642.9474602,3.20085199928144
1790174642.9524872,3.0773219987167977
1790174642.9916375,3.464179997536121
1790174642.9961846,3.275763003330212
1790174643.014226,50.33865700170281
1790174643.0330915,3.424663002078887
1790174643.0588822,3.34111900156131
1790174643.0822823,3.4077870004693978
1790174643.175845,3.8639129998045973
1790174643.179914,5.972627997834934
1790174643.1812928,3.1232809997163713
1790174643.2050838,3.4045830034301616
1790174643.2131057,3.057182999327779
1790174643.2749755,44.0459000019473
1790174643.290195,46.33655899669975
1790174643.3009331,3.160348998790141
1790174643.3247476,2.9656770020665135
1790174643.358975,44.87202999735018
1790174643.3591242,47.6437020006415
1790174643.3915143,3.6118380012339912
1790174643.418287,44.19312100071693
1790174643.474034,3.2214169987128116
1790174643.523478,3.1710949988337234
1790174643.5701077,3.884931000357028
1790174643.592611,3.8618520011368673
1790174643.5943317,3.4967229985340964
1790174643.6174803,3.427830000873655
1790174643.6534705,3.3590910024940968
1790174643.6556172,3.577419000066584
1790174643.7563024,3.274812999734422
1790174643.768997,3.3147960020869505
1790174643.7730908,3.1048559976625256
1790174643.7770772,3.060944000026211
1790174643.8061182,44.187798997882055
1790174643.8224983,44.065440000849776
1790174643.8548155,46.150371999829076
1790174643.8662314,3.3802620018832386
1790174643.8774352,4.120679001061944
1790174643.9224622,50.26972500127158
1790174643.9382346,45.38128999774926
1790174643.9441721,2.9978999991726596
1790174643.9911497,3.4253750018251594
1790174644.0132866,3.3249169973714743
1790174644.0182743,49.43035399992368
1790174644.066055,3.229400001146132
1790174644.073992,3.4391710032650735
1790174644.1009536,3.187156999047147
1790174644.1481109,2.9288810001162346
1790174644.172781,3.6479099981079344
1790174644.1963181,47.3089480001363
1790174644.2420363,3.9134830003604293
1790174644.242342,47.37849099910818
1790174644.268003,4.678579000028549
1790174644.2686195,3.8286290000542067
1790174644.3070316,2.936649998446228
1790174644.3144577,45.82296199805569
1790174644.322383,43.15243200107943
1790174644.3423495,4.265401999873575
1790174644.382255,45.04211099992972
1790174644.4378617,4.234023999742931
1790174644.4390213,3.9935619970492553
1790174644.474084,3.38196099983179
1790174644.4933486,3.086606000579195
1790174644.4983227,47.075488000700716
1790174644.52985,3.8929540023673326
1790174644.5379846,3.368836001754971
1790174644.5702162,46.22813699825201
1790174644.6165502,3.110557998297736
1790174644.6581156,3.060839000681881
1790174644.6914575,3.223992000130238
1790174644.693159,3.235241998481797
1790174644.7347353,3.6779180009034462
1790174644.8300557,4.0659609985596035
1790174644.8726516,4.266427997208666
1790174644.8733017,3.69177499669604
1790174644.8952606,47.55341200143448
1790174644.9068298,3.289347001555143
1790174644.9497457,3.5688150019268505
1790174644.953668,3.393514998606406
1790174644.970377,44.27834599846392
1790174645.0069017,46.78454999884707
1790174645.0222085,2.965400999528356
1790174645.0576608,3.2925630002864636
1790174645.070686,44.70573000071454
1790174645.0875666,3.640790997451404
1790174645.089673,3.426454000873491
1790174645.0909536,3.019649000634672
1790174645.118192,2.894511999329552
1790174645.2131245,4.5790330004820134
1790174645.2156847,6.117589000496082
1790174645.2160993,4.74775900147506
1790174645.2163486,5.87744400036172
1790174645.2491186,3.151359000185039
1790174645.263918,3.213740998035064
1790174645.3714693,3.1091660021047574
1790174645.4182467,3.1221339995681774
1790174645.4554458,4.382687002362218
1790174645.4694376,4.159609001362696
1790174645.4894373,3.4559480009193067
1790174645.494164,46.884277999197366
1790174645.5024807,46.72130100152572
1790174645.5049121,3.236302000004798
1790174645.5418544,3.5672279991558753
1790174645.554642,45.25005100003909
1790174645.5688782,3.4228120020998176
1790174645.6101305,49.88623000099324
1790174645.6338694,3.308184001070913
1790174645.6862128,43.64325399728841
1790174645.7044358,3.6913000003551133
1790174645.7048035,3.139071999612497
1790174645.7260141,2.985118997457903
1790174645.7501912,42.67093900125474
1790174645.7888923,3.6764910000783857
1790174645.822203,46.83198999919114
1790174645.8543549,44.436946998757776
1790174645.8872929,3.715943999850424
1790174645.9049664,3.532618000463117
1790174645.9061577,47.03095399963786
1790174645.959915,46.64188899914734
1790174646.003927,5.1559320017986465
1790174646.0160007,5.525224001758033
1790174646.073785,4.7815489997447
1790174646.1199052,3.4792980004567653
1790174646.1298923,3.034591001778608
1790174646.17388,3.0914829985704273
1790174646.205133,3.888707000442082
1790174646.2095706,3.3131590025732294
1790174646.2629228,3.0878629986546002
1790174646.2672236,3.054200002225116
1790174646.2830582,45.403495998471044
1790174646.301875,3.93659999826923
1790174646.4767473,3.8262439993559383
1790174646.482122,3.33133699678001
1790174646.4910805,3.3303900017926935
1790174646.5142229,3.8261560002865735
1790174646.5303187,47.92211000312818
1790174646.530913,4.054944001836702
1790174646.5414078,3.384338997420855
1790174646.563244,48.749057001259644
1790174646.6270983,3.6149119987385347
1790174646.6478925,3.440603999479208
1790174646.6524625,2.8891170004499145
1790174646.6748297,2.8999410023970995
1790174646.6840832,3.554883001925191
1790174646.6984723,44.24087799998233
1790174646.7109244,45.87314300079015
1790174646.7301595,45.524791999923764
1790174646.7342,46.32675600078073
1790174646.7647445,3.5138819985149894
1790174646.837353,4.389982997963671
1790174646.87247,4.250541998771951
1790174646.8732886,3.886999998940155
1790174646.8833356,3.5957309992227238
1790174646.9062364,51.06176899789716
1790174646.9083445,3.176679998432519
1790174646.9117923,3.1594610009051394
1790174646.920887,3.6468819998844992
1790174646.9383283,43.91093599770102
1790174647.0327697,3.7959100009175017
1790174647.0539036,3.1027260010887403
1790174647.0933435,3.456474001723109
1790174647.1163425,3.618368002207717
1790174647.1182265,48.44316299931961
1790174647.1273868,3.299183001217898
1790174647.1355119,3.7383859998953994
1790174647.1622036,44.935920002899365
1790174647.1713595,3.438363997702254
1790174647.1901827,46.03771699839854
1790174647.2421587,45.66704100216157
1790174647.3143582,3.526132000843063
1790174647.314577,47.17296099988744
1790174647.341833,3.4281959997315425
1790174647.3662124,45.940955002151895
1790174647.3825593,2.864919002604438
1790174647.3903496,47.46208299911814
1790174647.4143496,44.44660499939346
1790174647.4453573,4.36139799785451
1790174647.4461226,47.20782999720541
1790174647.4470446,3.348721998918336
1790174647.474371,47.38844800158404
1790174647.5013785,3.605934001825517
1790174647.528682,3.971942998759914
1790174647.5942078,3.0535019977833144
1790174647.6062698,3.224258998670848
1790174647.6115112,3.3641699992585927
1790174647.6624777,45.78315099934116
1790174647.6822093,47.13094199905754
1790174647.708805,2.832670998031972
1790174647.733672,49.960603999352315
1790174647.7358363,3.312715998617932
1790174647.755217,3.1356209983641747
1790174647.779232,3.819276000285754
1790174647.7871976,4.893477998848539
1790174647.806315,5.387518998759333
1790174647.8082087,4.278858999896329
1790174647.8359444,57.210557999496814
1790174647.8444574,3.4477230001357384
1790174647.8621857,46.70915400129161
1790174647.8929064,3.4501250011089724
1790174647.896715,3.454563997365767
1790174647.9246154,3.8310749987431336
1790174647.9422276,3.123738002614118
1790174647.9545884,45.3485610014468
1790174648.0061839,47.850597999058664
1790174648.0482607,3.3451790004619397
1790174648.09948,3.0827090013190173
1790174648.122019,3.29758499719901
1790174648.1702764,46.128662001137855
1790174648.2157574,3.1304090007324703
1790174648.2220016,3.016258000570815
1790174648.294253,44.83967100168229
1790174648.301527,3.2624019986542407
1790174648.348535,3.1525230006081983
1790174648.3594868,48.271039999235654
1790174648.3939545,3.5069709992967546
1790174648.441618,3.578645999368746
1790174648.4620445,3.4662930011108983
1790174648.491565,45.785886999510694
1790174648.5180216,3.660582999145845
1790174648.5210485,3.0099489995336626
1790174648.5425014,44.320316999801435
1790174648.585926,2.996821000124328
1790174648.5905557,44.927427003131015
1790174648.6261609,3.6781010021513794
1790174648.636523,46.83766000016476
1790174648.638452,4.395935000502504
1790174648.7185779,3.7522100028581917
1790174648.7918284,48.12644100093166
1790174648.7961798,41.98351399827516
1790174648.864103,2.9015000000072177
1790174648.8878696,4.45020200277213
1790174648.927754,2.962005000881618
1790174648.9339333,2.8919420001329854
1790174648.9701877,3.224943000532221
1790174648.9736047,2.984539001772646
1790174649.0043712,3.2825519992911723
1790174649.010596,3.4717790003924165
1790174649.063854,46.59543900197605
1790174649.0679893,48.8648300015484
1790174649.105049,3.1874009982857388
1790174649.1245012,3.4296849989914335
1790174649.1314337,3.3890650011016987
1790174649.1764739,3.34443500105408
1790174649.1892374,3.5844880003423896
1790174649.2283041,3.5506320018612314
1790174649.2446275,3.579902997444151
1790174649.24589,3.532611000991892
1790174649.2552202,3.9194700002553873
1790174649.2705095,3.6700299970107153
1790174649.2742243,44.732042002578964
1790174649.2979429,4.085707998456201
1790174649.2981236,51.23873100092169
1790174649.306205,44.37683500145795
1790174649.3224075,3.30261399722076
1790174649.3228486,50.41267599881394
1790174649.3421643,46.980962997622555
1790174649.3698843,4.205372002616059
1790174649.3882198,3.8729840016458184
1790174649.4062192,46.26543900303659
1790174649.427031,45.05465500187711
1790174649.4340026,3.5246280021965504
1790174649.4491868,3.7367799995990936
1790174649.4613044,3.4680419994401745
1790174649.4734013,3.340319999551866
1790174649.5393403,4.632635998859769
1790174649.5399017,4.208147998724598
1790174649.5841653,3.0202420020941645
1790174649.5929334,3.5380070003157016
1790174649.6589015,3.925049997633323
1790174649.670339,46.42755700115231
1790174649.6949024,2.8737840002577286
1790174649.7320695,48.28905099930125
1790174649.7511678,3.4355919997324236
1790174649.7559905,3.169889998389408
1790174649.7783859,44.087176996981725
1790174649.7944577,3.66183600272052
1790174649.8502314,46.96899499685969
1790174649.8809044,2.9568270001618657
1790174649.8981297,44.97741700106417
1790174649.9038806,2.9464299987012055
1790174649.938213,45.723406998149585
1790174650.0388768,3.787752997595817
1790174650.0395815,3.2062460013548844
1790174650.0483778,2.9911470010119956
1790174650.0537221,3.8441100005002227
1790174650.0854993,2.926650002336828
1790174650.0930142,3.0144510019454174
1790174650.1023777,2.9840930001228116
1790174650.1102111,48.986344001605175
1790174650.1449847,3.5442570006125607
1790174650.149712,2.972332000354072
1790174650.1673012,3.9781140003469773
1790174650.1687355,4.023173998575658
1790174650.1702492,45.17190499973367
1790174650.1981564,44.94724899996072
1790174650.2105434,3.338762999192113
1790174650.2143724,3.4642009995877743
1790174650.2161844,3.5127609990013298
1790174650.247662,46.96408100062399
1790174650.2550192,2.910188999521779
1790174650.263255,3.2577820020378567
1790174650.2921765,3.3857080015877727
1790174650.3099928,3.3162360014102887
1790174650.3496425,3.001577002578415
1790174650.3627346,45.08087899739621
1790174650.4499822,3.402513000764884
1790174650.5065331,3.1880999995337334
1790174650.5229776,44.1610909983865
1790174650.549935,3.611842999816872
1790174650.5793042,46.75286800193135
1790174650.5991058,44.13537999789696
1790174650.6013548,3.556334999302635
1790174650.6101134,3.4990959975402802
1790174650.6827688,3.814960000454448
1790174650.753522,3.2307699984812643
1790174650.8084552,3.1229609994625207
1790174650.8164046,3.028158000233816
1790174650.8630624,5.047354999987874
1790174650.864158,4.713116999482736
1790174650.8981247,5.110737001814414
1790174650.9024975,4.170186002738774
1790174650.9159703,4.621874999429565
1790174650.9184785,47.68732199954684
1790174650.9382935,46.55778999949689
1790174650.9661405,4.342428997915704
1790174650.9987192,3.5140779982612003
1790174651.008036,3.7549359985860065
1790174651.046426,44.73323400088702
1790174651.062267,3.248393997637322
1790174651.0663755,2.9527980004786514
1790174651.069275,2.882307999243494
1790174651.0826678,46.869153000443475
1790174651.0902221,43.61474400138832
1790174651.1068811,44.41846200279542
1790174651.1301904,46.772644000157015
1790174651.153096,3.7982710018695798
1790174651.1548815,3.1924479990266263
1790174651.1879675,48.63754499820061
1790174651.2144177,6.057357997633517
1790174651.2413733,5.445688002509996
1790174651.2942436,5.6970389996422455
1790174651.3264594,5.303975998685928
1790174651.381321,4.450142001587665
1790174651.3820825,3.7038260015833657
1790174651.4258761,3.4757829998852685
1790174651.4372404,3.867095998430159
1790174651.586981,3.140496999549214
1790174651.6616702,3.365951000887435
1790174651.664736,2.848151001671795
1790174651.7005808,4.549888999463292
1790174651.7423406,3.5790370020549744
1790174651.74253,48.80260399659164
1790174651.7888668,3.272808997280663
1790174651.822957,45.156881998991594
1790174651.8403966,3.397526001208462
1790174651.8721857,2.757171998382546
1790174651.8806,3.1331509999290574
1790174651.8950355,44.97065200121142
1790174651.9076452,5.750753000029363
1790174651.9102194,44.48624100041343
1790174651.9541962,50.41188200266333
1790174651.9667764,50.64895899704425
1790174651.9958215,3.7173099990468472
1790174652.0102904,44.855698997707805
1790174652.0697355,3.443050998612307
1790174652.1066258,4.201562998787267
1790174652.1080744,4.402419999678386
1790174652.1524985,4.416226998728234
1790174652.1540182,4.2694959993241355
1790174652.1542432,45.96555799798807
1790174652.1643097,3.1058229978953023
1790174652.2243955,49.635559000307694
1790174652.256102,3.324777997477213
1790174652.3221476,4.09423399833031
1790174652.3824773,47.3613430003752
1790174652.4032319,5.4515960000571795
1790174652.4862366,4.182584998488892
1790174652.5576088,4.580650002026232
1790174652.596156,5.026685001212172
1790174652.652648,48.972311000397895
1790174652.6559713,5.257148000964662
1790174652.7043073,3.0922320001991466
1790174652.710217,48.012183000537334
1790174652.7597895,5.6270660024893004
1790174652.767126,4.835996998735936
1790174652.8391304,38.81987799832132
1790174652.8705394,3.8263940004981123
1790174652.9084685,3.3184259991685394
1790174652.9227254,46.982646999822464
1790174652.9584465,46.74121300195111
1790174652.965431,5.65899499997613
1790174653.0148387,3.9528170018456876
1790174652.2912166,4.975151001417544
1790174652.3101835,3.1372809971799143
1790174652.3308697,4.851530000451021
1790174652.4072616,3.699082000821363
1790174652.4113278,3.916621000826126
1790174652.415813,4.113547998713329
1790174652.4498138,3.7863580000703223
1790174651.6274981,3.715947997989133
1790174651.6311436,50.55586000162293
1790174651.6342835,3.4783979972417
1790174651.6928847,46.94285699952161
1790174651.8166418,5.219285001658136
1790174651.8190417,4.2855100000451785
1790174651.8294249,4.047547998197842
1790174651.863483,5.836936998093734
1790174651.8697634,3.2368339998356532
1790174651.921673,5.920022002101177
1790174651.926726,4.057805999764241
1790174651.9820514,4.66357400000561
1790174652.0256965,5.036282000219217
1790174652.0266666,4.318478000641335
1790174652.0381997,3.088667999691097
1790174652.0601912,4.578449999826262
1790174652.0760176,3.810843998508062
1790174652.085987,3.8137730007292703
1790174652.0908873,49.53878100059228
1790174652.0910625,51.545146001444664
1790174652.1195698,44.21281300164992
1790174652.1586657,3.810286998486845
1790174652.200813,3.181361000315519
1790174652.2149048,3.0385079990082886
1790174652.2227495,3.0820909996691626
1790174652.2534096,43.942473999777576
1790174652.2599752,3.1415049998031463
1790174652.2631123,47.31757899935474
1790174652.2714477,46.033999999053776
1790174652.274554,3.092103997914819
1790174652.3276122,3.1949519980116747
1790174652.3773365,2.9118159982317593
1790174652.4228907,4.266494001058163
1790174652.4851108,7.3143150002579205
1790174652.486659,6.797574998927303
1790174652.5193214,3.6144639998383354
1790174652.5596352,46.231888998590875
1790174652.6205263,3.9596489987161476
1790174652.6277838,3.4477650006010663
1790174652.7057743,4.663341998821124
1790174652.915168,6.2714240011700895
1790174652.9780035,4.070050999871455
1790174652.9870956,45.128041001589736
1790174653.0013843,4.608595001627691
1790174653.0757465,45.44797699782066
1790174653.125225,5.479596999066416
1790174653.1700692,6.350453000777634
1790174653.188243,47.07653399964329
1790174653.1951122,6.036038001184352
1790174653.2156422,6.815224001911702
1790174653.2201228,3.7973829967086203
1790174653.2352707,4.115731997444527
1790174653.2629542,44.86372300016228
1790174653.2707343,49.98182900089887
1790174653.2872837,48.71574600110762
1790174653.2912278,47.16386399741168
1790174653.3395648,3.7820390025444794
1790174653.3501096,3.5150969997630455
1790174653.3935697,3.2486929994774982
1790174653.411999,45.201632998214336
1790174653.415593,3.565856000932399
1790174653.4688187,2.8998320012760814
1790174653.4846327,3.0936049988667946
1790174653.5167093,4.684241997892968
1790174653.5352561,45.26463200090802
1790174653.5469644,45.883292998041725
1790174653.5836012,43.5897310017026
1790174653.5839942,3.240010002627969
1790174653.6167011,46.65835900232196
1790174653.6542447,3.9466879970859736
1790174653.6854672,4.825938998692436
1790174653.6876209,5.847487002029084
1790174653.7148056,3.511762999551138
1790174653.7309177,47.38974700012477
1790174653.7431862,46.428956997260684
1790174653.8380518,5.758813000284135
1790174653.8911753,4.937215999234468
1790174653.891909,3.761353000300005
1790174653.9573686,4.060933999426197
1790174653.9984987,4.8310700003639795
1790174654.00269,3.614949997427175
1790174654.060625,4.320858002756722
1790174654.062751,48.0259269970702
1790174654.0859864,3.613114000472706
1790174654.1270275,6.539516001794254
1790174654.1400268,4.655436998291407
1790174654.1731718,6.095331998949405
1790174654.1745574,6.108826997660799
1790174654.183043,3.0427880010392983
1790174654.198734,46.60137999962899
1790174654.2038736,3.262932998040924
1790174654.2308242,43.9884389998042
1790174654.2467678,6.76843100154656
1790174654.2592113,47.31207399890991
1790174654.2848003,3.642613999545574
1790174654.2892513,3.242251001211116
1790174654.2947292,47.54320600113715
1790174654.3368607,46.194931001082296
1790174654.3436084,3.2269799994537607
1790174654.4579897,5.733082998631289
1790174654.48412,2.905613000621088
1790174654.525395,50.44807000012952
1790174654.5363913,6.309305998001946
1790174654.5378478,5.724089998693671
1790174654.5739806,6.14960799794062
1790174654.6034343,3.212594001524849
1790174654.6497116,5.210260998865124
1790174654.6697645,5.484739998792065
1790174654.7195075,45.764716996927746
1790174654.7802935,6.027013001585146
1790174654.8069193,50.92207499910728
1790174654.831198,3.448996001679916
1790174654.845248,4.006716000731103
1790174654.8498797,3.1073669997567777
1790174654.9032648,4.179651998128975
1790174654.9267573,45.75569200096652
1790174654.9830027,6.366808000166202
1790174655.059991,48.606628999550594
1790174655.0739644,5.131319001520751
1790174655.0914056,4.587049999827286
1790174655.131959,48.18874800184858
1790174655.1511743,4.25022700073896
1790174655.154729,3.29191199853085
1790174655.1783843,3.3946929979720153
1790174655.2068377,50.614199997653486
1790174655.219385,47.385205998580204
1790174655.2340803,4.039617997477762
1790174655.246918,47.19062399817631
1790174655.2702105,3.0723049967491534
1790174655.2705464,46.98563299825764
1790174655.279225,47.45067899784772
1790174655.2908878,46.886686999641825
1790174655.3041666,2.97435399988899
1790174655.327361,46.78991299806512
1790174655.348896,4.44320200040238
1790174655.3507352,46.196453000447946
1790174655.3907356,45.04921999978251
1790174655.4599843,3.2256390004477
1790174655.4651203,2.8985000026295893
1790174655.4750936,3.067197001655586
1790174655.4836097,3.114636998361675
1790174655.5044212,3.394695999304531
1790174655.5110505,44.69005099963397
1790174655.567025,3.0436669985647313
1790174655.618459,5.051334999734536
1790174655.6228852,4.096944998309482
1790174655.6609828,3.2743680021667387
1790174655.6794372,47.758120999787934
1790174655.7513638,3.4621289996721316
1790174655.7579746,3.4933629976876546
1790174655.7971256,3.7394419996417128
1790174655.844584,3.963603998272447
1790174655.8468127,47.57677100133151
1790174655.8999705,46.4279779989738
1790174655.9080482,3.9479039987782016
1790174655.915736,44.6152050026285
1790174655.9177165,2.8701779992843512
1790174655.9795327,2.953765997517621
1790174655.9954813,47.62487600237364
1790174656.0347881,5.625448997307103
1790174656.0352926,4.082710001966916
1790174656.05877,47.29411500011338
1790174656.0640657,4.024604000733234
1790174656.0741258,3.807563000009395
1790174656.074759,3.205224002158502
1790174656.1126916,46.10311699798331
1790174656.1128554,47.33812899939949
1790174656.1494012,4.738878000352997
1790174656.1789114,5.071530998975504
1790174656.187185,46.35499600044568
1790174656.2118244,6.247761000850005
1790174656.232166,4.188060000160476
1790174656.2506282,4.571132001728984
1790174656.2588496,51.58215600022231
1790174656.2774947,7.1066910022636876
1790174656.279041,5.778576000011526
1790174656.2793803,45.90079300032812
1790174656.2830474,46.39342199880048
1790174656.3434138,8.596833002229687
1790174656.377559,4.6235729969339445
1790174656.3990004,47.747370997967664
1790174656.4124684,6.0466889990493655
1790174656.4431367,3.937853998650098
1790174656.5537004,8.259141999587882
1790174656.561005,4.968736000591889
1790174656.5830708,3.594654001062736
1790174656.5997567,3.527688000758644
1790174656.6157699,45.58074300075532
1790174656.6409175,46.42863099797978
1790174656.6649356,4.35971900151344
1790174656.69454,3.18387600054848
1790174656.6987941,46.472095000353875
1790174656.7310667,2.9462029997375794
1790174656.7520697,5.8501990024524275
1790174656.7531462,4.7690729988971725
1790174656.7588174,47.18845499883173
1790174656.7663968,3.4270989999640733
1790174656.7892153,3.5260879994893912
1790174656.7987342,46.641854001791216
1790174656.9098966,3.2862690022739116
1790174656.9126003,4.00971600174671
1790174656.9500992,3.0721010007255245
1790174656.9786587,6.1659200000576675
1790174656.9853232,3.594956997403642
1790174657.040013,4.011884000647115
1790174657.0512927,43.817762001708616
1790174657.08004,4.908982999040745
1790174657.1002514,3.0470219971903134
1790174657.1026726,44.47450299994671
1790174657.1600661,46.15400100010447
1790174657.160458,47.442089999094605
1790174657.1705122,5.800714003271423
1790174657.186896,3.612761000113096
1790174657.229821,3.064917000301648
1790174657.2526095,3.2318260018655565
1790174657.258596,43.359696999687
1790174657.2907386,8.800204002909595
1790174657.2931116,5.64735800071503
1790174657.2990615,43.415255000581965
1790174657.3306556,3.2435739994980395
1790174657.3389533,44.14880900003482
1790174657.3468459,49.72825900040334
1790174657.3677988,45.95938800048316
1790174657.3823643,5.759620999015169
1790174657.385001,45.62911500033806
1790174657.4386687,44.23027699886006
1790174657.4463928,3.3899449990713038
1790174657.4508739,48.18496400184813
1790174657.4846358,3.2960440003080294
1790174657.4971814,4.79166900186101
1790174657.5029252,49.21276399909402
1790174657.504253,4.731928998808144
1790174657.5289605,3.589433999877656
1790174657.5423496,2.915633998782141
1790174657.5508416,46.57053100163466
1790174657.558912,45.437840999511536
1790174657.5627813,47.05381299936562
1790174657.586863,45.980471000802936
1790174657.6248112,48.21825000180979
1790174657.7072167,46.14839400164783
1790174657.7170627,5.3719079987786245
1790174657.7176013,4.593695000949083
1790174657.7559023,3.614508001192007
1790174657.7617884,3.000671000336297
1790174657.798526,3.0499489985231776
1790174657.8052275,3.855303999444004
1790174657.840411,47.10252800214221
1790174657.911955,6.282350997935282
1790174657.9228559,46.772811001574155
1790174657.9698272,5.59559900284512
1790174657.9721339,4.002104000392137
1790174658.0270123,5.004435999580892
1790174658.029193,3.943839001294691
1790174658.056222,6.703914998070104
1790174658.0951104,4.606815997249214
1790174658.098666,47.599528999853646
1790174658.1075056,3.6184979981044307
1790174658.1173177,3.5372460006328765
1790174658.1318686,45.059709998895414
1790174658.1338737,3.2734609994804487
1790174658.1427197,46.847462999721756
1790174658.1546884,45.83423399890307
1790174658.1793337,2.8069899999536574
1790174658.2209644,45.35204000058002
1790174658.2345023,2.957191001769388
1790174658.2476075,3.1942210007400718
1790174658.2587385,3.496896999422461
1790174658.288351,48.12127699915436
1790174658.3070557,47.374558002047706
1790174658.3983479,4.5443110029737
1790174658.4141376,3.8028939998184796
1790174658.4484537,4.727192997961538
1790174658.450882,46.36422199837398
1790174658.4786935,45.65545999867027
1790174658.4930549,4.363300999102648
1790174658.4938376,3.9950270002009347
1790174658.52488,48.44047200094792
1790174658.5700197,3.301089996966766
1790174658.5933733,2.8432959989004303
1790174658.6721451,3.7928429992462043
1790174658.721036,6.758831001207
1790174658.7235885,4.446645998541499
1790174658.7469246,51.78431099920999
1790174658.74872,4.212969000946032
1790174658.7675724,45.48215999966487
1790174658.7830024,47.232663000613684
1790174658.787672,3.6254500009818003
1790174658.842366,3.9422270019713324
1790174658.842603,44.63231000045198
1790174658.8471472,44.63523600134067
1790174658.871871,3.2360889999836218
1790174658.9133778,2.8972840009373613
1790174658.9201047,3.8160149997565895
1790174658.92192,3.238457997213118
1790174658.9269881,45.30565499953809
1790174658.9398136,44.92996299813967
1790174658.990717,45.98945499674301
1790174659.0634928,4.726964001747547
1790174659.1121173,47.534004002955044
1790174659.1361647,4.8731980023148935
1790174659.1695888,4.497447996982373
1790174659.1791039,4.516738001257181
1790174659.24168,5.90301299962448
1790174659.2506642,6.357237001793692
1790174659.2968044,50.23889599760878
1790174659.3347914,5.256428001302993
1790174659.3785443,5.308394000167027
1790174659.391384,4.627476999303326
1790174659.3928802,4.249456997058587
1790174659.5176384,4.135970000788802
1790174659.5501163,4.599533000146039
1790174659.5766885,3.5036619992752094
1790174659.614654,46.07620800015866
1790174659.6390755,3.789188001974253
1790174659.653284,2.992173998791259
1790174659.6592,47.306083997682435
1790174659.6716719,46.25724300058209
1790174659.692342,4.878635998466052
1790174659.7329888,43.75126300146803
1790174659.7378845,2.6328050007577986
1790174659.7470677,47.38029099826235
1790174659.7704885,4.201651998300804
1790174659.7916238,4.14120300047216
1790174659.8071644,44.880710000143154
1790174659.830837,47.84666500199819
1790174659.853152,2.7457840005808976
1790174659.8585403,3.09523000032641
1790174659.8627787,44.66968300039298
1790174659.8832452,2.9173709990573116
1790174659.890885,50.330584999755956
1790174659.9113321,4.62397700175643
1790174659.9148037,44.58650399828912
1790174659.925563,3.246749001846183
1790174659.9548833,2.934662999905413
1790174659.9550302,46.72391100029927
1790174659.975014,4.246012998919468
1790174659.9820387,3.5523579972505104
1790174660.0146394,45.17784400013625
1790174660.016716,3.3089690004999284
1790174660.018828,46.01098399871262
1790174660.0267236,46.30657300003804
1790174660.0674534,45.35555400070734
1790174660.074122,2.750809999270132
1790174660.0905728,46.29816400120035
1790174660.0952153,46.87022399957641
1790174660.1078827,3.9332560008915607
1790174660.1278636,47.2782830001961
1790174660.1854217,5.672660998243373
1790174660.1962051,6.365755998558598
1790174660.2054684,6.670639999356354
1790174660.2468557,50.05051099942648
1790174660.2750447,46.3013510016026
1790174660.2946775,3.4356370015302673
1790174660.3209498,4.2510029998084065
1790174660.36801,6.6786880015570205
1790174660.3692758,5.853038997884141
1790174660.430669,7.028660998912528
1790174660.4382067,4.766653997648973
1790174660.4892101,6.30092500068713
1790174660.5422065,2.9352960009418894
1790174660.5931983,46.071839999058284
1790174660.6380758,6.150116001663264
1790174660.6388404,4.874448000919074
1790174660.6507192,4.610616000718437
1790174660.683381,3.266007999627618
1790174660.6915505,3.2773969978734385
1790174660.6961973,50.306495002587326
1790174660.7371,42.52506299962988
1790174660.7507577,46.880650999810314
1790174660.7796,3.0056329997023568
1790174660.7879913,3.818449997197604
1790174660.7978475,3.1447440014744643
1790174660.8518622,3.2199750021391083
1790174660.881671,3.654825999547029
1790174660.915341,5.8791060000658035
1790174661.042027,5.0350709971098695
1790174661.092744,6.222463998710737
1790174661.1471882,48.18514900034643
1790174661.1492453,8.74910999846179
1790174661.1504352,7.004007999057649
1790174661.1870923,4.1106410026259255
1790174661.2016084,5.387414999859175
1790174661.2589018,48.210354001639644
1790174661.3158674,45.531085997936316
1790174661.365493,4.646225999749731
1790174661.4416854,6.883926002046792
1790174661.4451933,49.388920997444075
1790174661.4571447,4.463254001166206
1790174661.491326,48.83029000120587
1790174661.4957042,50.47946400009096
1790174661.496785,5.436299998109462
1790174661.5007706,7.18656800017925
1790174661.5038757,5.422079000709346
1790174661.5229752,47.52015900157858
1790174661.5956652,5.456399998365669
1790174661.5970194,5.146647999936249
1790174661.6085703,3.5921880007663276
1790174661.6441803,4.852381000091555
1790174661.712558,3.213274998415727
1790174661.714855,3.499860998999793
1790174661.786857,3.300522999779787
1790174661.8449843,46.65797800043947
1790174661.864911,3.3262819997617044
1790174661.8689125,3.7821929981873836
1790174661.8915272,3.152222001517657
1790174661.9166293,50.01776100107236
1790174661.9192846,3.7589660023513716
1790174661.9636536,6.321983997622738
1790174661.9714417,46.61817899977905
1790174661.9894369,4.480764000618365
1790174662.0152931,4.998100001103012
1790174662.0274885,4.266432002623333
1790174662.0404267,3.24768199789105
1790174662.0694945,2.9532090011343826
1790174662.0745983,3.3121739979833364
1790174662.120981,47.63477199958288
1790174662.1251066,4.107714001293061
1790174662.125493,3.5703380017366726
1790174662.1749113,4.911967997031752
1790174662.2157156,3.2108119994518347
1790174662.223046,2.7409419999457896
1790174662.2292516,2.5412229988432955
1790174662.2430432,50.760553996951785
1790174662.2625058,4.963315001077717
1790174662.2989242,46.72066200146219
1790174662.3304312,3.329043000121601
1790174662.3342,3.1212959984259214
1790174662.3481283,2.839265998773044
1790174662.354267,2.6999479996447917
1790174662.4079955,4.089199999725679
1790174662.4107256,4.4168679996801075
1790174662.4553769,3.745000998605974
1790174662.4713304,3.313758999865968
1790174662.5307744,50.424206998286536
1790174662.54748,3.0276799989223946
1790174662.610747,48.14267099936842
1790174662.6624613,6.4774790007504635
1790174662.6669302,4.103638999367831
1790174662.7226963,4.260402998625068
1790174662.726159,5.17338200006634
1790174662.754999,3.700962999573676
1790174662.7766874,3.1477100019401405
1790174662.7950592,44.83444199649966
1790174662.8227031,44.06644800110371
1790174662.8617275,4.246348002197919
1790174662.8620393,3.611807002016576
1790174662.866247,2.8663209996011574
1790174662.8736112,3.9461089982069097
1790174662.9056814,4.575424998620292
1790174662.917388,3.2568539972999133
1790174662.9267912,43.86257499936619
1790174662.941706,3.114826999080833
1790174662.996649,4.080416001670528
1790174663.0001452,3.2222230001934804
1790174663.0827622,5.559139000979485
1790174663.0905025,3.6161110001557972
1790174663.1306536,3.8883960005478
1790174663.1390152,43.46338200048194
1790174663.1678596,4.862191999563947
1790174663.1683578,3.629922000982333
1790174663.188276,45.05619599876809
1790174663.2034187,3.6972769994463306
1790174663.3040996,6.240004997380311
1790174663.3217509,5.789989001641516
1790174663.337023,3.209547998267226
1790174663.3439467,3.1652939978812356
1790174663.37077,46.04068499975256
1790174663.3717012,3.4595090000948403
1790174663.3758516,3.285958999185823
1790174663.3918653,45.47829500006628
1790174663.4163852,7.749897999019595
1790174663.4194357,5.181769000046188
1790174663.4557092,3.751208998437505
1790174663.468802,3.5058749999734573
1790174663.5147576,3.283169997303048
1790174663.5608797,2.9021299997111782
1790174663.5662627,2.740460000495659
1790174663.589003,4.432711000845302
1790174663.6107724,6.098828998801764
1790174663.6290689,3.7090929981786758
1790174663.658747,47.48085400206037
1790174663.6990128,50.38748600054532
1790174663.725941,5.632504999084631
1790174663.7652817,2.9856729997845832
1790174663.8066454,3.9552240014018025
1790174663.821612,4.274635000911076
1790174663.8631618,44.553886000358034
1790174663.906714,3.7767360008729156
1790174663.9554436,8.836806999170221
1790174663.9566813,6.95065599938971
1790174664.001179,5.771405998530099
1790174664.012149,45.381504998658784
1790174664.0413632,6.878434000100242
1790174664.043537,5.28057400151738
1790174664.0454652,3.7498189994948916
1790174664.0627577,50.5766330024926
1790174664.1027575,45.41745599999558
1790174664.1166494,2.9326939984457567
1790174664.135218,44.72856899883482
1790174664.1371675,4.45920499987551
1790174664.2470813,5.373574000259396
1790174664.2743926,5.134660998010077
1790174664.3240378,4.797076999238925
1790174664.377473,7.743092999589862
1790174664.379233,7.406065997201949
1790174664.3799534,4.85727900013444
1790174664.4442704,6.955901000765152
1790174664.4491847,4.435807000845671
1790174664.4699116,6.3443630024266895
1790174664.5192022,2.915586002927739
1790174664.54277,3.7971729980199598
1790174664.5956666,3.4664710001379717
1790174664.6179507,40.31183999904897
1790174664.7313478,3.989521999756107
1790174664.7902527,5.02094400144415
1790174664.7974913,3.5042689996771514
1790174664.8802493,6.683120998786762
1790174664.9033275,3.8233409977692645
1790174664.935808,46.72503800247796
1790174664.9719987,3.2468540011905134
1790174665.0528812,48.7339190003695
1790174665.0959237,6.777757000236306
1790174665.114121,3.3050660022126976
1790174665.1918354,47.60796800110256
1790174665.2185862,3.7414049984363373
1790174665.2558744,3.4207530006824527
1790174665.2773616,4.258977998688351
1790174665.289106,5.233635001786752
1790174665.307028,4.765576999488985
1790174665.3548222,47.350733999337535
1790174665.3560894,3.7270970024110284
1790174665.3861423,3.6925390013493598
1790174665.390604,3.996733998064883
1790174665.4146907,3.7549949993263
1790174665.4257514,3.5529900014807936
1790174665.432519,6.087694997404469
1790174665.4387803,45.62317299860297
1790174665.4427996,44.722762002493255
1790174665.5011892,5.729622000217205
1790174665.5058732,4.038723000121536
1790174665.5234582,3.738554001756711
1790174665.5449286,3.389294997759862
1790174665.5678089,5.006136001611594
1790174665.595118,3.2332320006389637
1790174665.6188526,46.292760998767335
1790174665.6230388,3.821024001808837
1790174665.6348238,43.98853399834479
1790174665.6548045,49.43170700062183
1790174665.6631265,2.9012129998591263
1790174665.6944592,3.6424070021894295
1790174665.705834,3.3311280021735
1790174665.7100925,3.211061000911286
1790174665.7303479,6.312366000202019
1790174665.7707937,48.77913000018452
1790174665.7789726,3.5382779969950207
1790174665.7869854,48.0870169994887
1790174665.8379095,4.332032000093022
1790174665.8471036,45.21914899669355
1790174665.848967,3.9412009973602835
1790174665.8630574,3.4283189997950103
1790174665.8943331,3.0388539998966735
1790174665.9306574,46.256547000666615
1790174665.9348135,46.364625999558484
1790174665.9409673,3.3845019970613066
1790174665.941897,41.914018998795655
1790174665.9455235,3.0760740010009613
1790174665.9588177,44.244018998142565
1790174665.9829626,47.27383400313556
1790174666.0205612,5.488280999998096
1790174666.034609,6.121989998064237
1790174666.038801,44.42618100074469
1790174666.060144,3.7622259987983853
1790174666.0894563,2.832394999131793
1790174666.1422567,4.678938999859383
1790174666.156482,4.672187998949084
1790174666.1694968,3.699974000483053
1790174666.2013094,4.121575999306515
1790174666.202598,4.226198998367181
1790174666.2128808,3.239007000956917
1790174666.2816203,3.1610149999323767
1790174666.3173563,5.804693999380106
1790174666.3285012,4.694315997767262
1790174666.351893,4.402128000947414
1790174666.37913,46.675408997543855
1790174666.4412444,4.569142998661846
1790174666.4531567,49.98320800223155
1790174666.4708178,3.225417996873148
1790174666.4974356,3.151249999064021
1790174666.5102518,4.844595998292789
1790174666.535843,46.55888799970853
1790174666.5545363,5.173039000510471
1790174666.586703,47.9486279982666
1790174666.5869582,50.44430899943109
1790174666.6476068,4.849695000302745
1790174666.6587021,3.377503002411686
1790174666.7094107,3.521176000504056
1790174666.7155383,49.76608200013288
1790174666.7157764,46.29877099796431
1790174666.7175412,3.6821730027440935
1790174666.7918894,3.0438479989243206
1790174666.8343308,5.144012000528164
1790174666.8351626,3.9152259996626526
1790174666.8726897,49.78899200068554
1790174666.9094453,3.0357019968505483
1790174666.9183342,4.25281299976632
1790174666.9468892,44.507771999633405
1790174666.9559247,3.360001999681117
1790174666.9693675,3.935961998649873
1790174666.9834218,43.894254999031546
1790174667.0086942,3.486873996735085
1790174667.0512342,47.179511002468644
1790174667.0978205,3.358432000823086
1790174667.1097517,2.8724490002787206
1790174667.1185207,3.083437000896083
1790174667.1410525,3.8444530000560917
1790174667.153361,3.5211160029575694
1790174667.1822884,5.066068002633983
1790174667.2050965,3.1484809987887274
1790174667.2151563,3.2460980000905693
1790174667.2388248,48.762203001388116
1790174667.310652,4.036354999698233
1790174667.3110435,4.701699999714037
1790174667.332496,2.4638110007799696
1790174667.3498485,3.4113080000679474
1790174667.371705,46.56040900226799
1790174667.372975,3.6649489993578754
1790174667.3829675,44.29663100017933
1790174667.4083042,3.8099669982329942
1790174667.4794593,5.75677300003008
1790174667.534992,3.889666997565655
1790174667.5751548,6.2335250004252885
1790174667.6077793,4.00526399971568
1790174667.6329439,2.9502359975595027
1790174667.6374388,3.250837999075884
1790174667.6514688,3.426816998398863
1790174667.686004,4.060752999066608
1790174667.7033732,47.09100199761451
1790174667.703693,45.37697100022342
1790174667.7381008,4.571913999825483
1790174667.8029363,45.86887799814576
1790174667.9356263,4.554868999548489
1790174667.9550629,3.594544999941718
1790174667.978421,4.974752002453897
1790174668.0305698,3.412581001612125
1790174668.032393,3.2851030009624083
1790174668.069396,4.819908001081785
1790174668.0864084,4.585132002830505
1790174668.0920084,3.9970060024643317
1790174668.1087654,4.0983319995575584
1790174668.139095,45.41061400232138
1790174668.1479173,46.83459199804929
1790174668.159792,2.7763360012613703
1790174668.198692,45.5536330009636
1790174668.1998441,4.388938003103249
1790174668.219,45.07046399885439
1790174668.2423682,3.435424001509091
1790174668.250973,46.527680999133736
1790174668.278808,44.296690000919625
1790174668.3129137,4.780989002028946
1790174668.3227708,46.76414300047327
1790174668.3350668,5.181688000448048
1790174668.337563,4.12537200099905
1790174668.344907,3.38767699940945
1790174668.3678577,44.83665000225301
1790174668.3750858,46.68438199951197
1790174668.3768508,2.761783998721512
1790174668.4271214,4.675139000028139
1790174668.431862,46.994623000500724
1790174668.4348552,4.440818000148283
1790174668.4558265,50.74938799953088
1790174668.4846582,3.6238889988453593
1790174668.4912553,3.3333709980070125
1790174668.503148,46.20910300218384
1790174668.5546865,45.02445699836244
1790174668.5908427,3.084811000007903
1790174668.649028,5.294565999065526
1790174668.6494453,5.37150499803829
1790174668.6508453,46.04798800210119
1790174668.6689918,2.619751998281572
1790174668.6921022,5.03030999971088
1790174668.7078757,47.540335999656236
1790174668.7238343,5.50031600141665
1790174668.7245204,4.162289998930646
1790174668.7875495,3.755757999897469
1790174668.790813,44.2370739983744
1790174668.8483326,3.2912710012169555
1790174668.8660898,3.1586250006512273
1790174668.909514,5.734456997743109
1790174668.928001,46.88125000029686
1790174668.9315062,5.205303001275752
1790174668.9392428,4.754768000566401
1790174668.9409451,5.058678998466348
1790174668.9628112,49.68979200202739
1790174668.9995172,46.286061999126105
1790174669.0063326,2.9509369996958412
1790174669.010903,44.63469400070608
1790174669.0145261,3.1875150016276166
1790174669.0433466,4.298256997572025
1790174669.0581613,3.411706999031594
1790174669.0708728,45.57671699876664
1790174669.0853987,3.4124360026908107
1790174669.0908558,45.24062399650575
1790174669.106899,45.88317099842243
1790174669.1180294,4.066160996444523
1790174669.1257315,3.8746609970985446
1790174669.1598263,3.200053000909975
1790174669.2012992,3.237228997022612
1790174669.222867,2.765556000667857
1790174669.2669866,4.630591000022832
1790174669.2782173,3.1371199984278064
1790174669.3352032,5.471650998515543
1790174669.3656795,5.300570002873428
1790174669.3960023,3.7217520002741367
1790174669.4356682,5.88624699958018
1790174669.4508033,6.396676999429474
1790174669.450998,45.17737700007274
1790174669.4920778,3.8403899998229463
1790174669.4947934,3.642465999291744
1790174669.5323668,4.06377399849589
1790174669.5342,3.293162997579202
1790174669.5486817,46.154843003023416
1790174669.551729,5.3354900010162964
1790174669.575311,3.9242370003194083
1790174669.624823,48.58835300183273
1790174669.647049,4.419711000082316
1790174669.6759188,49.07488300159457
1790174669.6787415,4.530457001237664
1790174669.6848207,4.496186000324087
1790174669.7361534,3.3863910030049738
1790174669.7725449,5.005694998544641
1790174669.7937326,4.548385997622972
1790174669.8343434,3.204438999091508
1790174669.8568282,5.438731997855939
1790174669.8817434,5.9002349989896175
1790174669.8917227,4.761514999700012
1790174669.9266484,2.8502349996415433
1790174669.9478219,45.50691999975243
1790174669.9567351,46.848455000144895
1790174670.014626,3.294533998996485
1790174670.0395555,3.1834539986448362
1790174670.0781014,6.110729998908937
1790174670.0840266,5.075449000287335
1790174670.1201131,3.239970999857178
1790174670.1311307,46.75571400002809
1790174670.1511714,46.88325899769552
1790174670.1713562,4.214648000925081
1790174670.1903837,3.5346229997230694
1790174670.2169003,4.503339001530549
1790174670.230999,51.892020001105266
1790174670.2337992,4.679384997871239
1790174670.277374,3.8678829987475183
1790174670.2788587,47.62714700336801
1790174670.2914977,45.42722699989099
1790174670.3034487,46.226845999626676
1790174670.3338044,3.094999003224075
1790174670.3466573,3.3619610003370326
1790174670.3714888,3.9244979998329654
1790174670.418696,3.925917000742629
1790174670.455193,2.808829998684814
1790174670.465164,2.8441959984775167
1790174670.5055997,5.979227000352694
1790174670.5112147,44.535402001201874
1790174670.5190008,45.028333999653114
1790174670.590699,5.114389001391828
1790174670.6239836,4.622021999239223
1790174670.6292863,4.843023001740221
1790174670.6758735,5.069631999504054
1790174670.7186465,5.458818002807675
1790174670.741315,5.0495809991844
1790174670.7501261,6.584997001482407
1790174670.8030357,8.869078003044706
1790174670.803316,49.30763199809007
1790174670.8056326,7.330692998948507
1790174670.8246982,3.595007998228539
1790174670.8588662,43.56581199681386
1790174670.8669357,47.15310900064651
1790174670.9046712,5.78318699990632
1790174670.929135,7.909607000328833
1790174670.9331286,6.89648800107534
1790174670.947754,6.922123000549618
1790174670.9513648,45.89963200123748
1790174670.9808419,3.1611630001862068
1790174671.0386536,5.507669000508031
1790174671.0787868,2.7949409995926544
1790174671.0836158,2.7556249988265336
1790174671.087942,2.830870998877799
1790174671.0912042,2.754990000539692
1790174671.1498988,5.53185399985523
1790174671.150969,45.29653099962161
1790174671.1519456,4.226987002766691
1790174671.1816924,2.999837997776922
1790174671.206905,4.326938997110119
1790174671.2313392,47.24794400317478
1790174671.2333908,3.6018809987581335
1790174671.2666988,5.621405001875246
1790174671.2668889,45.57778100206633
1790174671.2674613,5.086347999167629
1790174671.2871552,44.26916499869549
1790174671.2924485,3.8964809973549563
1790174671.309823,3.1764189989189617
1790174671.4570677,6.125944000814343
1790174671.4870558,6.100030997913564
1790174671.514427,6.778229999326868
1790174671.5394158,47.253992001060396
1790174671.545998,6.056425998394843
1790174671.5521271,4.95153600058984
1790174671.5629,47.5936750008259
1790174671.6139228,3.0083139972703066
1790174671.6144946,45.97289099910995
1790174671.6278398,47.49073000130011
1790174671.644122,4.989854998711962
1790174671.6667306,4.478678001760272
1790174671.674028,4.244161998940399
1790174671.678637,4.593109002598794
1790174671.7268646,50.28934000074514
1790174671.7398717,3.251865000493126
1790174671.7948651,44.97756899945671
1790174671.8026168,3.286751001724042
1790174671.8667755,6.028967000020202
1790174671.89862,2.8648859988607
1790174671.9149256,47.09689299852471
1790174671.9189215,3.333150001708418
1790174671.9521255,47.50750300081563
1790174671.9918506,3.8029030001780484
1790174672.0153255,3.1298690009862185
1790174672.043842,3.838038002868416
1790174672.071171,6.4539100021647755
1790174672.0720727,4.991509998944821
1790174672.0874007,3.9543870007037185
1790174672.1107526,48.25998599699233
1790174672.1174421,3.004206999321468
1790174672.1341534,5.323107998265186
1790174672.1386638,4.042994001792977
1790174672.1831424,50.70343999977922
1790174672.199442,3.260069999669213
1790174672.2135527,3.1991020005079918
1790174672.2250001,3.167106999171665
1790174672.2630074,45.10905699862633
1790174672.263572,4.337883001426235
1790174672.2946694,3.734857000381453
1790174672.298924,44.76374899968505
1790174672.3097167,3.3887659992615227
1790174672.310944,3.033679000509437
1790174672.3428075,47.33186999874306
1790174672.3467689,45.658523002202855
1790174672.3607907,3.1109999981708825
1790174672.4332755,50.15623399958713
1790174672.435601,3.3593260013731197
1790174672.4689014,3.002908000780735
1790174672.4729412,2.9993419993843418
1790174672.4986875,6.153819998871768
1790174672.498919,43.420641999546206
1790174672.5410597,2.959341996756848
1790174672.5608976,4.72234200060484
1790174672.5615144,3.6656720003520604
1790174672.6135554,4.656068002077518
1790174672.6146986,46.054501999606146
1790174672.6339746,3.7317879978218116
1790174672.66708,46.51389100035885
1790174672.676098,3.8755709974793717
1790174672.7184067,4.916802001389442
1790174672.7428317,5.778851998911705
1790174672.743169,45.487024999602
1790174672.7579854,3.93667200114578
1790174672.7886615,3.572691999579547
1790174672.7946432,43.95894699700875
1790174672.7985091,3.557248001015978
1790174672.8133464,3.517449997161748
1790174672.822214,3.337836002174299
1790174672.834957,44.350981999741634
1790174672.842753,44.2260849995364
1790174672.8798149,3.353438001795439
1790174672.8827798,46.60062699986156
1790174672.8841984,3.638152000348782
1790174672.9759,3.5830859997076914
1790174672.994976,2.9384490007942077
1790174673.0528085,3.7993770019966178
1790174673.075839,4.85339499937254
1790174673.144844,49.964515997999115
1790174673.150628,4.637849000573624
1790174673.1566782,5.6626099976710975
1790174673.1820276,2.9121090010448825
1790174673.1982236,3.2105190002766903
1790174673.202935,45.80399199767271
1790174673.2195344,45.730134999757865
1790174673.222704,4.931969997414853
1790174673.2632596,4.198962000373285
1790174673.2681575,3.338301001349464
1790174673.2821097,3.0835069992463104
1790174673.2826438,47.61232599776122
1790174673.3164728,3.095010997640202
1790174673.3323553,3.5962740003014915
1790174673.347274,44.96227400159114
1790174673.3778467,2.8545269997266587
1790174673.4316506,6.545357999129919
1790174673.4771705,4.370180999103468
1790174673.4863513,5.269879999104887
1790174673.4952157,48.00396999780787
1790174673.5248938,3.8499889997183345
1790174673.5285394,3.6268420008127578
1790174673.5931575,40.208432998042554
1790174673.6538475,4.589565000060247
1790174673.6655443,2.9956159996800125
1790174673.7231483,44.13072600073065
1790174673.7366242,4.409488999954192
1790174673.751223,3.916458001185674
1790174673.7834558,2.9162229984649457
1790174673.8112395,45.12735399839585
1790174673.8279886,44.35772500073654
1790174673.8729632,3.4141940013796557
1790174673.8746836,48.0893650019425
1790174673.885711,3.123334001429612
1790174673.915604,3.607112001191126
1790174673.9230855,43.99789399758447
1790174673.9349575,3.75170299957972
1790174673.9629326,47.12856200058013
1790174674.0068357,46.504373000061605
1790174674.029478,4.355665998446057
1790174674.0476,4.960154001310002
1790174674.0755868,3.231701997719938
1790174674.0874171,3.3352069985994603
1790174674.090758,46.56521899960353
1790174674.1008766,2.8484620015660767
1790174674.1067965,47.72445900016464
1790174674.1831143,3.337042999191908
1790174674.2185276,2.875452999433037
1790174674.2305164,4.033452001749538
1790174674.235017,47.06156099928194
1790174674.2961473,3.8788550009485334
1790174674.3082294,2.9215629983809777
1790174674.3293645,3.556259998731548
1790174674.3338182,2.622915999381803
1790174674.353444,3.619290997448843
1790174674.4424548,3.3239930016861763
1790174674.4508426,3.057206999073969
1790174674.5127506,4.629320999811171
1790174674.5135148,3.9805540000088513
1790174674.5193005,3.816649998043431
1790174674.5662026,4.159974996582605
1790174674.6042147,5.553688999498263
1790174674.6054204,5.012804998841602
1790174674.6078856,5.412964001152432
1790174674.6106222,4.801893999683671
1790174674.638765,47.757729997101706
1790174674.6852858,46.131831000820966
1790174674.7334263,3.611435000493657
1790174674.752731,2.905835001001833
1790174674.79179,4.138854001212167
1790174674.7938085,3.344480002851924
1790174674.8227696,46.99314800018328
1790174674.827216,3.1339130000560544
1790174674.839707,44.74630400000024
1790174674.8911147,46.509195999533404
1790174674.9035168,4.133091999392491
1790174674.9111466,46.150967998983106
1790174674.9294581,3.2111159998748917
1790174674.94147,3.120396002486814
1790174674.9666533,3.3183760024257936
1790174674.9865723,4.358547001174884
1790174675.020003,48.05284100075369
1790174675.0362964,3.169888001139043
1790174675.038661,48.085035999974934
1790174675.054094,2.8575079995789565
1790174675.0730975,4.158263000135776
1790174675.1198673,4.311872999096522
1790174675.1217465,3.8781300027039833
1790174675.1226656,44.229977000213694
1790174675.1352925,3.287128001829842
1790174675.1657333,3.087904999119928
1790174675.170704,47.691943000245374
1790174675.2048242,5.228136000368977
1790174675.2111313,44.79663000165601
1790174675.286651,47.53877699840814
1790174675.287336,3.2498369982931763
1790174675.316006,4.6394290002353955
1790174675.3454244,3.103155002463609
1790174675.3460152,2.703068999835523
1790174675.3555143,48.76530800174805
1790174675.433326,3.4597609992488287
1790174675.438703,51.79393800062826
1790174675.4407873,4.106060001504375
1790174675.505072,3.9970920006453525
1790174675.5992978,5.102492999867536
1790174675.6260936,4.865681999945082
1790174675.632948,4.725615002826089
1790174675.692163,46.46108700035256
1790174675.6978738,4.242319999320898
1790174675.7146173,3.640523998910794
1790174675.7467337,50.42095499811694
1790174675.7546465,4.403058999741916
1790174675.795263,4.466770998988068
1790174675.7990127,47.57345100006205
1790174675.8154538,43.73971600216464
1790174675.8550253,3.4382330013613682
1790174675.8652782,3.1014539999887347
1790174675.8995752,4.783536998729687
1790174675.9030008,3.20213600207353
1790174675.9252458,3.9526809996459633
1790174675.950731,3.0705059980391525
1790174675.9546616,44.861730999400606
1790174675.9565492,3.040132000023732
1790174675.9951086,3.446516999247251
1790174676.0068526,46.47648600075627
1790174676.007313,48.318619999918155
1790174676.0118406,46.61605700312066
1790174676.0324097,5.224493997957325
1790174676.0590193,3.2734599990362767
1790174676.0611255,3.7531759990088176
1790174676.0668654,50.37890399762546
1790174676.1112928,45.44019599779858
1790174676.1385665,4.950021000695415
1790174676.1823187,2.8530720010166988
1790174676.2032492,44.288935998338275
1790174676.2294512,5.329141997208353
1790174676.2307374,4.686708998633549
1790174676.2730145,3.097788998275064
1790174676.277513,2.9858659981982782
1790174676.3003094,2.809142002661247
1790174676.3201213,5.203646000154549
1790174676.3216562,4.731808003270999
1790174676.3351133,3.2852479998837225
1790174676.3390787,45.4271519993199
1790174676.3466666,43.46402399824001
1790174676.3735404,3.6239569999452215
1790174676.3870077,45.278794001205824
1790174676.3893237,3.559884000424063
1790174676.4302433,4.162573000940029
1790174676.4309494,3.543632999935653
1790174676.4715786,4.132001002290053
1790174676.4786162,3.4925910003948957
1790174676.5023696,3.989225999248447
1790174676.5076482,3.0504530004691333
1790174676.517588,2.9630919998453464
1790174676.5470548,47.010373000375694
1790174676.5599797,5.413432001660112
1790174676.5788267,3.0489679993479513
1790174676.6146939,46.98137000013958
1790174676.616156,3.011607001099037
1790174676.671417,4.77275999946869
1790174676.6733732,3.95570899854647
1790174676.6905704,3.1759000012243632
1790174676.7286336,3.872852001222782
1790174676.7509155,5.676884000422433
1790174676.751734,4.9561690029804595
1790174676.751955,51.083532998745795
1790174676.7628376,45.95223100113799
1790174676.7983956,3.362143001140794
1790174676.8067172,3.3203560014953837
1790174676.811351,3.093543000431964
1790174676.8227732,44.17742300211103
1790174676.8571963,2.890808998927241
1790174676.858738,45.77061799864168
1790174676.8960755,48.06163899775129
1790174676.9342983,3.087261997279711
1790174676.9355733,2.768496000498999
1790174676.9611351,3.331638999952702
1790174676.9791605,3.436943999986397
1790174676.9913092,47.342961999675026
1790174677.0449085,3.774138000153471
1790174677.0682333,47.28404900015448
1790174677.1095114,3.250036999816075
1790174677.1386163,5.526072000066051
1790174677.139514,4.7058480013220105
1790174677.200043,4.911013002129039
1790174677.2134275,3.363958003319567
1790174677.2438703,3.8306189999275375
1790174677.2554898,3.267430998675991
1790174677.2631347,44.908374999067746
1790174677.3015337,4.271651003364241
1790174677.3312373,3.7520389996643644
1790174677.346135,3.1097350001800805
1790174677.36567,3.656887998658931
1790174677.3995214,4.206060002616141
1790174677.431073,47.06566399909207
1790174677.4430447,43.5080859970185
1790174677.4933376,47.928469997714274
1790174677.5180812,3.6043899999640416
1790174677.56186,5.6120070003089495
1790174677.5621989,7.568742999865208
1790174677.5638082,4.3170770004508086
1790174677.5727897,2.896066001994768
1790174677.6308868,3.210637001757277
1790174677.6377368,3.1871840001258533
1790174677.6643832,2.8028769993397873
1790174677.6939285,4.110408997803461
1790174677.694772,3.77062600091449
1790174677.720667,4.648468002415029
1790174677.732561,4.338414000812918
1790174677.7940958,4.193022999970708
1790174677.8014321,3.6598639999283478
1790174677.805723,3.883910998411011
1790174677.8667223,4.446445000212407
1790174677.8709283,46.37376199752907
1790174677.9549968,3.0869600013829768
1790174677.9656806,3.2955850001599174
1790174678.018924,5.738310999731766
1790174678.0191002,46.00811400086968
1790174678.0388448,49.43351100155269
1790174678.0463607,4.92327100073453
1790174678.0758767,45.09175100247376
1790174678.0872743,47.169899000437
1790174678.098818,46.23630000060075
1790174678.103908,3.1013400002848357
1790174678.117701,3.7898230002610944
1790174678.1197052,3.6815249986830167
1790174678.1468308,47.10129200248048
1790174678.155091,43.44489800132578
1790174678.2041411,3.5664630013343412
1790174678.204742,2.8831739982706495
1790174678.2628567,47.04030699940631
1790174678.2728527,3.3644510003796313
1790174678.3375473,3.570834996935446
1790174678.4072707,5.970668000372825
1790174678.408075,5.09822000094573
1790174678.412347,3.8801000009698328
1790174678.4297054,3.912167998350924
1790174678.4833229,44.24922900216188
1790174678.4953177,47.170808000373654
1790174678.540948,4.668087000027299
1790174678.567273,48.35351799920318
1790174678.6485941,6.53706099910778
1790174678.6578038,5.214984001213452
1790174678.6588016,4.228256999340374
1790174678.6825693,3.1147450026765
1790174678.6989648,47.92780500065419
1790174678.7117898,45.337843999732286
1790174678.720024,4.188394999800948
1790174678.720691,3.8268130010692403
1790174678.7757945,3.1803579986444674
1790174678.77896,49.97723600172321
1790174678.793092,4.698133998317644
1790174678.8113415,4.129734999878565
1790174678.8347335,48.03469800026505
1790174678.8474028,48.18970099950093
1790174678.892677,3.44163999761804
1790174678.9108016,47.2367780021159
1790174678.9356825,3.092715000093449
1790174678.9743416,5.009152999264188
1790174678.97818,5.7206769997719675
1790174678.9814677,4.747282000607811
1790174678.9997625,47.54606799906469
1790174679.0211792,3.954836996854283
1790174679.1120324,4.371325001557125
1790174679.1615674,3.4629029978532344
1790174679.1722598,4.20500000109314
1790174679.179611,3.2217719999607652
1790174679.183897,3.1759690027683973
1790174679.1908836,44.989428999542724
1790174679.2053862,2.991017998283496
1790174679.215847,49.28199400092126
1790174679.240483,45.926832000986906
1790174679.2539952,47.477773998252815
1790174679.257031,4.2200019997835625
1790174679.259178,44.45065199979581
1790174679.289457,3.8387009990401566
1790174679.3074746,4.264865998266032
1790174679.309106,3.8528869990841486
1790174679.3150723,47.636572999181226
1790174679.3467255,45.834789001673926
1790174679.3687108,47.18091200265917
1790174679.3707075,44.790739000745816
1790174679.4272065,47.43107900139876
1790174679.4511626,43.59132299941848
1790174679.5225587,4.661491002480034
1790174679.5324547,4.99223500082735
1790174679.5342538,3.288244999566814
1790174679.5841887,6.504865999886533
1790174679.6005702,4.324705001636175
1790174679.606932,48.127524998562876
1790174679.6305103,2.9059049993520603
1790174679.642647,44.120170998212416
1790174679.6857786,46.771984998486005
1790174679.7445574,3.1297999994421843
1790174679.7746787,3.5004199999093544
1790174679.7797358,3.143953999824589
1790174679.785005,3.0678289986099117
1790174679.7961211,4.696375999628799
1790174679.8307936,50.844228997448226
1790174679.8409445,2.9548210004577413
1790174679.861032,3.197723999619484
1790174679.8748603,3.177251001034165
1790174679.890501,4.100262001884403
1790174679.9069452,44.49898500024574
1790174679.9319692,3.077846999076428
1790174679.9347796,43.844537998666056
1790174679.9429028,46.40596600074787
1790174680.0023499,5.808153000543825
1790174680.0076654,4.88949500140734
1790174680.0227175,3.0388999985007104
1790174680.0588644,45.15164099939284
1790174680.0810006,2.8034810020471923
1790174680.1201327,4.82501100123045
1790174680.1316226,5.681533999450039
1790174680.1326962,5.441089000669308
1790174680.1510794,47.49567299950286
1790174680.1706798,49.7844419987814
1790174680.1860018,4.321217002143385
1790174680.1865091,51.60596299901954
1790174680.2190695,47.235922000254504
1790174680.2218826,3.8656200013065245
1790174680.2395344,46.106384997983696
1790174680.2499344,3.3456900018791202
1790174680.2590287,45.14666000250145
1790174680.3012571,5.20383300317917
1790174680.331871,3.2632559996272903
1790174680.3536024,2.9800219999742694
1790174680.4004014,4.808355002751341
1790174680.4352322,3.3959499996853992
1790174680.4434147,3.3683020010357723
1790174680.4742715,3.4328609981457703
1790174680.4834027,3.787355999520514
1790174680.4961276,3.789728001720505
1790174680.4991267,43.79975700067007
1790174680.5121338,46.47622499760473
1790174680.524369,46.763693000684725
1790174680.5708349,45.54723000183003
1790174680.5952628,3.7172840020502917
1790174680.603683,48.43142599929706
1790174680.6428356,3.457007998804329
1790174680.7149339,5.931802003033226
1790174680.7193928,46.141848997649504
1790174680.769529,4.020190001028823
1790174680.7877257,46.88044600334251
1790174680.7935128,3.6371120004332624
1790174680.8639052,3.231691000110004
1790174680.8827353,3.134356000373373
1790174680.9588134,46.10774400134687
1790174681.0205429,6.463623998570256
1790174681.0281992,5.148305997863645
1790174681.0608482,4.483753000386059
1790174681.0872166,46.39613699691836
1790174681.1375294,49.43276699850685
1790174681.1419723,3.5192889990867116
1790174681.1545823,3.9281010031118058
1790174681.1638913,4.098979999980656
1790174681.1915762,48.5988959990209
1790174681.2145193,3.8205489981919527
1790174681.2146986,46.79606900026556
1790174681.246526,5.223152998951264
1790174681.2712975,47.241066000424325
1790174681.2732022,5.559083998377901
1790174681.2789667,52.00998300279025
1790174681.336285,5.618448998575332
1790174681.34297,45.58898200048134
1790174681.3692362,7.477620998542989
1790174681.3787022,4.915315003017895
1790174680.7093518,2.874226000130875
1790174680.7161553,2.696423001907533
1790174680.7221363,2.562010002293391
1790174680.766836,43.98035499980324
1790174680.7928064,50.31584700191161
1790174680.7942538,7.614843001647387
1790174680.8153713,3.654103998997016
1790174680.8411405,50.930202000017744
1790174680.8447957,5.360333001590334
1790174680.8465946,47.33591799958958
1790174680.8800688,8.74743499662145
1790174680.8950522,47.58769399995799
1790174680.9194422,50.32567299713264
1790174680.055422,53.102434998436365
1790174680.090894,4.4679639977402985
1790174680.1903052,3.0490019998978823
1790174680.2432635,3.9215260003402364
1790174680.2635264,5.699277997337049
1790174680.2873516,2.8593280003406107
1790174680.3460395,4.329306000727229
1790174680.4163966,5.948415000602836
1790174680.4730413,6.258372999582207
1790174680.499035,6.597422001505038
1790174680.5288804,4.564914001093712
1790174680.5531561,4.2696499986050185
1790174680.5619025,4.170577001787024
1790174680.599498,45.25602900321246
1790174680.6013534,3.646698001830373
1790174680.6326911,45.405480999761494
1790174680.6640718,3.097703000094043
1790174680.6773064,3.1340579989773687
1790174680.7053392,4.304386002331739
1790174680.7402735,3.897063001204515
1790174680.8159883,5.077241999970283
1790174680.8207095,48.695633002353134
1790174680.8213205,4.166056998656131
1790174680.8228536,3.7035370005469304
1790174680.892266,6.366620000335388
1790174680.9003327,47.854128999460954
1790174680.927242,6.041213000571588
1790174680.9583924,3.056489000300644
1790174680.9841492,3.1832889981160406
1790174681.0045884,45.62907699801144
1790174681.0371866,4.202519998216303
1790174681.0552256,47.351477998745395
1790174681.0704644,3.3555570007592905
1790174681.105488,4.7963739998522215
1790174681.1118948,43.888747997698374
1790174681.1156297,43.740596000134246
1790174681.1536686,4.128124000999378
1790174681.166045,3.0933439993532375
1790174681.1671376,47.812126998906024
1790174681.2061374,3.652839001006214
1790174681.2409654,4.016413000499597
1790174681.2532647,3.2375379996665288
1790174681.3208356,4.038011000375263
1790174681.3527935,4.4781399992643856
1790174681.3800547,4.075297998497263
1790174681.389141,3.338343998620985
1790174681.39127,46.30388200166635
1790174681.4273312,45.640953998372424
1790174681.4295692,3.929779999452876
1790174681.468868,3.573753998352913
1790174681.503933,47.67468299905886
1790174681.5060155,2.9951210017316043
1790174681.576871,3.4779219968186226
1790174681.6198049,3.6857920022157487
1790174681.6752656,45.30113600048935
1790174681.711415,3.0580069978896063
1790174681.7390063,5.233020001469413
1790174681.793416,2.8173190003144555
1790174681.8398583,6.490374998975312
1790174681.845856,46.259873000963125
1790174681.866514,5.249747999187093
1790174681.883307,4.170773998339428
1790174681.8912807,47.457930999371456
1790174681.913492,3.278903997852467
1790174681.9519963,5.550570000195876
1790174681.9536612,5.033581001043785
1790174681.984471,4.3595950010058
1790174681.9862053,3.5967769981652964
1790174682.0804505,6.40337900040322
1790174682.083192,5.3431939995789435
1790174682.085073,4.60110299900407
1790174682.1010573,2.8623920006793924
1790174682.1829007,3.636437002569437
1790174682.230939,3.4757829998852685
1790174682.2662868,6.226176999916788
1790174682.2677433,5.800195001938846
1790174682.3038375,46.84027500115917
1790174682.3172288,3.324077999423025
1790174682.3583567,5.3706400030932855
1790174682.4250758,3.200607003236655
1790174682.458245,5.848627999512246
1790174682.5114436,2.946208001958439
1790174682.517576,3.1846090023464058
1790174682.5234435,53.752447998704156
1790174682.5557654,4.695522999099921
1790174682.5722492,5.771877000370296
1790174682.575438,44.82631199789466
1790174682.5934558,4.350472998339683
1790174682.6320376,3.6405450009624474
1790174682.6527212,3.6888939976051915
1790174682.6595542,3.0258999977377243
1790174682.6782575,3.881958000420127
1790174682.7036939,4.216261997498805
1790174682.7072966,46.28106100062723
1790174682.7419274,4.693286999099655
1790174682.7515042,46.63862400047947
1790174682.7686646,4.118901000765618
1790174682.775426,46.89194200182101
1790174682.7873898,3.6677600000984967
1790174682.8197396,43.978921999951126
1790174682.8361642,4.054087999975309
1790174682.8441966,3.7352289982663933
1790174682.8502247,3.946067998185754
1790174682.851198,48.009835998527706
1790174682.8523629,4.285733000870096
1790174682.8671937,45.6073719979031
1790174682.88057,3.0672249995404854
1790174682.9191308,46.856457000103546
1790174682.9495893,48.00267199971131
1790174682.9829097,4.168511000898434
1790174683.0262978,3.3081699984904844
1790174683.0339444,3.1738010002300143
1790174683.0354567,44.60984199977247
1790174683.0396595,3.18014000004041
1790174683.091051,3.2084160011436325
1790174683.1112106,44.74084799949196
1790174683.1131942,4.301283002860146
1790174683.1600037,3.5729829978663474
1790174683.1926563,4.177291000814876
1790174683.223229,45.23969900037628
1790174683.2592316,46.83471300086239
1790174683.270311,4.202727002848405
1790174683.3218186,4.7863790023257025
1790174683.3242493,3.9752040029270574
1790174683.3405511,3.5522239995771088
1790174683.397741,3.199323000444565
1790174683.419146,44.49974300223403
1790174683.4374526,3.567879000911489
1790174683.441302,3.5342379997018725
1790174683.453327,3.4930120018543676
1790174683.4916182,46.01951699805795
1790174683.512265,45.04214599728584
1790174683.5318878,46.153330000379356
1790174683.5580482,5.726642000809079
1790174683.5994012,48.900188001425704
1790174683.625643,3.1560570023430046
1790174683.6612093,4.112778999115108
1790174683.6693268,4.2743419980979525
1790174683.6712432,3.2794949984236155
1790174683.7001812,3.6171680003462825
1790174683.71352,3.168172999721719
1790174683.7194006,49.59878899899195
1790174683.7836814,48.131948002264835
1790174683.7939289,8.256435001385398
1790174683.7948039,8.014868999453029
1790174683.79536,7.269628997164546
1790174683.795973,3.954097999667283
1790174683.7963667,6.071413001336623
1790174683.7996447,3.136032999464078
1790174683.8311014,46.66241100130719
1790174683.8373463,3.1632690006517805
1790174683.869822,3.7510389993258286
1790174683.8711076,46.84897800325416
1790174683.9368868,3.343183001561556
1790174683.9398658,2.9575560001831036
1790174683.9707928,3.23157899765647
1790174683.983224,3.485530000034487
1790174683.9834034,43.32625499955611
1790174683.989783,3.077962999668671
1790174683.9910598,48.87691600015387
1790174684.025091,48.27736399965943
1790174684.034012,2.9922970024927054
1790174684.0669155,4.706671999883838
1790174684.0684302,4.604427002050215
1790174684.0966039,3.6347499990370125
1790174684.103181,46.955607998825144
1790174684.116954,3.006612001627218
1790174684.1272004,43.87503199905041
1790174684.1380186,3.128702999674715
1790174684.1631591,45.583077997434884
1790174684.16811,47.95941500196932
1790174684.173272,3.5250079999968875
1790174684.1968825,3.4066589978465345
1790174684.2280383,3.4032660005323123
1790174684.2310898,46.720359998289496
1790174684.2521613,46.571136997954454
1790174684.2643216,3.316295002150582
1790174684.3365993,3.047602000151528
1790174684.3842165,3.5921029993915
1790174684.4432395,4.174375000729924
1790174684.4542482,3.962877999583725
1790174684.4732633,5.03295800081105
1790174684.5773516,5.162546000065049
1790174684.5850854,6.2243029969977215
1790174684.5881958,5.023996000090847
1790174684.619277,3.811271999438759
1790174684.6845253,4.080175000126474
1790174684.693169,4.2497809990891255
1790174684.7129042,4.498444999626372
1790174684.728131,3.7146540016692597
1790174684.7536974,3.5045449985773303
1790174684.7551348,49.84938599955058
1790174684.7733734,3.922489999240497
1790174684.8020418,4.612012999132276
1790174684.8351662,47.266176999983145
1790174684.9489243,3.154521997203119
1790174684.9988868,3.27009800093947
1790174685.0495875,3.18708199847606
1790174685.079737,2.8746690004481934
1790174685.1046767,3.3617019980738405
1790174685.113399,2.7825389988720417
1790174685.1624193,3.5267309976916295
1790174685.240966,3.671758000564296
1790174685.2867565,4.991085999790812
1790174685.3191755,46.39580400180421
1790174685.3262384,3.9877820017863996
1790174685.3928866,45.436500000505475
1790174685.3940597,4.479346996959066
1790174685.4291692,3.001236000272911
1790174685.4374554,3.096373999142088
1790174685.4622476,3.3814740017987788
1790174685.467229,46.24538500138442
1790174685.4862654,3.9732209988869727
1790174685.486944,3.5293260007165372
1790174685.4913502,43.11934600264067
1790174685.5070813,44.41765799856512
1790174685.544375,46.11020899756113
1790174685.5469334,3.8701560006302316
1790174685.5586472,4.950514998199651
1790174685.56524,3.6412289991858415
1790174685.567325,3.9413439990312327
1790174685.5917342,6.887553998240037
1790174685.60364,51.3032149974606
1790174685.603993,45.32694299996365
1790174685.6782846,5.933233998803189
1790174685.7088692,4.807231001905166
1790174685.7333238,4.859657998167677
1790174685.7360632,52.857718001178
1790174685.7390323,4.313085999456234
1790174685.7515874,3.811907001363579
1790174685.826279,6.265141000767471
1790174685.9061236,6.623614001000533
1790174685.9145432,6.019520998961525
1790174685.9480526,3.0427909987338353
1790174685.9717574,46.09752100077458
1790174685.9837883,6.558316999871749
1790174686.0904965,4.679644000134431
1790174686.107832,3.5813239992421586
1790174686.1420383,4.9210180004592985
1790174686.1611373,2.9214209971542004
1790174686.2181861,5.467702001624275
1790174686.2339497,3.9003599995339755
1790174686.2531078,4.405675001180498
1790174686.3477635,6.194157002028078
1790174686.3828204,2.9630150020238943
1790174686.4133673,46.09466399779194
1790174686.4973984,50.915120998979546
1790174686.5123231,5.896247002965538
1790174686.5598624,6.3586220021534245
1790174686.6477904,40.329725001356564
1790174686.6646233,5.455464000988286
1790174686.6989706,4.700541001511738
1790174686.7090793,4.122052003367571
1790174686.7323632,6.975927000894444
1790174686.737164,3.7958060020173434
1790174686.775433,47.6858820002235
1790174686.800786,3.745908001292264
1790174686.8189723,3.279271000792505
1790174686.857383,47.12889499933226
1790174686.8623068,4.503746000409592
1790174686.8678713,47.24384299697704
1790174686.9237888,2.9340799992496613
1790174686.9428732,5.76387800174416
1790174686.983681,4.331885000283364
1790174686.988726,4.189638999378076
1790174687.0303473,3.6270740019972436
1790174687.0442376,45.93103799925302
1790174687.058552,5.6065890021272935
1790174687.0771236,5.855715000507189
1790174687.0954196,4.615010002453346
1790174687.0965195,4.611044001649134
1790174687.1312907,50.533253997855354
1790174687.2059941,3.5016250003536697
1790174687.2151859,47.66136299804202
1790174687.2729685,48.130913000932196
1790174687.2970726,5.669649999617832
1790174687.3308809,3.98915099867736
1790174687.3326242,4.207846002827864
1790174687.347228,44.196798000484705
1790174687.3479404,3.791924002143787
1790174687.3553789,48.1509349992848
1790174687.395334,47.0829270016111
1790174687.4090664,2.997196999785956
1790174687.4186757,3.2531489996472374
1790174687.4276557,3.1074859980435576
1790174687.4715447,4.3144159972143825
1790174687.5387795,3.3100859982369
1790174687.5490859,3.2833730001584627
1790174687.555837,3.3229900000151247
1790174687.563866,3.433662001043558
1790174687.5978076,46.60292599874083
1790174687.6091056,7.25004100240767
1790174687.6276278,3.1072120000317227
1790174687.6558404,48.84552800285746
1790174687.6581538,3.930876002414152
1790174687.681935,2.6160230008827057
1790174687.6889515,3.5181479979655705
1790174687.7206924,45.16272099863272
1790174687.72323,50.79742599991732
1790174687.7858467,5.507034999027383
1790174687.8439276,3.536538999469485
1790174687.861533,4.405067000334384
1790174687.899254,4.127444000914693
1790174687.9073765,4.34824400144862
1790174687.9729285,48.59449800278526
1790174687.986047,6.290728000749368
1790174687.998333,4.554887000267627
1790174688.0232456,3.9354010004899465
1790174688.0556974,47.88592299883021
1790174688.0578856,3.5112490004394203
1790174688.0956156,48.03214400089928
1790174688.1123784,3.5962020010629203
1790174688.123409,45.965869998326525
1790174688.151399,45.96106399912969
1790174688.1758435,2.8519349980342668
1790174688.208184,45.41245400105254
1790174688.2390468,4.65354500192916
1790174688.2461646,3.99121199734509
1790174688.2843,3.3067859985749237
1790174688.287787,47.80512599973008
1790174688.3132691,47.963049000827596
1790174688.4063509,4.160569002124248
1790174688.4109666,3.9375759988615755
1790174688.4116104,3.51619599678088
1790174688.4231546,2.937713998107938
1790174688.4508626,3.333696000481723
1790174688.4542055,3.0561989988200366
1790174688.4585192,3.0632179987151176
1790174688.4804633,45.00865500085638
1790174688.4957569,46.47799600206781
1790174688.5289016,46.68121799841174
1790174688.5494487,49.33643599724746
1790174688.5629141,3.279463002400007
1790174688.6104903,4.067485999257769
1790174688.6364074,45.35492599825375
1790174688.7383347,5.061391999333864
1790174688.7699292,3.7098639986652415
1790174688.8585641,6.304228001681622
1790174688.8610568,4.8938280015136115
1790174688.8697183,3.71997900219867
1790174688.9212875,6.08712800021749
1790174688.9226875,4.49917900186847
1790174688.9237294,4.428234999068081
1790174688.9401097,47.81235799964634
1790174688.970989,4.076680997968651
1790174688.9901824,3.7496280019695405
1790174689.0283647,2.890441999625182
1790174689.0396936,44.648420000157785
1790174689.1498008,7.358685001236154
1790174689.1543932,4.568033997202292
1790174689.180646,3.961962000175845
1790174689.2067738,3.457644001173321
1790174689.2428885,3.5369879988138564
1790174689.2606068,45.64045699953567
1790174689.4434562,3.9478669968957547
1790174689.445652,3.639995000412455
1790174689.4512935,3.0336269992403686
1790174689.4838085,4.176615999313071
1790174689.5209162,49.09993600085727
1790174689.5563476,3.901830001268536
1790174689.6087203,5.498350001289509
1790174689.6092336,4.365459000837291
1790174689.6102128,3.092438000749098
1790174689.6512837,3.8804219984740485
1790174689.6534457,3.3653930004220456
1790174689.6603024,3.825176001555519
1790174689.6999102,3.6090330031584017
1790174689.7276013,3.410678000363987
1790174689.731227,49.2621359990153
1790174689.7611876,45.621474000654416
1790174689.7677243,3.804028998274589
1790174689.8535304,4.459629999473691
1790174689.960913,7.033368001430063
1790174689.9924452,4.0105160005623475
1790174690.0092444,4.176739999820711
1790174690.064656,6.897062001371523
1790174690.0742016,5.886316001124214
1790174690.0797043,4.227547000482446
1790174690.1483676,3.518623001582455
1790174690.2015166,48.24513399944408
1790174690.2368093,5.4906789991946425
1790174690.2955198,52.698505998705514
1790174690.340204,6.769845000235364
1790174690.3431692,5.4628390025754925
1790174690.4037652,5.26039599935757
1790174690.4604125,5.061684998509008
1790174690.4618876,4.839392000576481
1790174690.5040407,5.882378998649074
1790174690.5242116,6.405103998986306
1790174690.5402827,3.1443289990420453
1790174690.616699,8.150348996423418
1790174690.6179557,6.886903000122402
1790174690.6519344,4.052159001730615
1790174690.6835427,47.55881600067369
1790174690.7585506,2.9909270015195943
1790174690.7622182,2.760975999990478
1790174690.82151,6.404502000805223
1790174690.8280504,47.826227000768995
1790174690.867087,2.8129180027463008
1790174690.8768485,3.1775730021763593
1790174690.910398,7.221850002679275
1790174690.9439716,6.481773001723923
1790174690.955671,47.30343900155276
1790174690.9698298,2.8252519987290725
1790174691.005193,5.398029999923892
1790174691.0407555,7.029200001852587
1790174691.0877116,3.1130140014283825
1790174691.1671407,3.129552998871077
1790174691.1873808,3.0712309999216814
1790174691.219727,3.992042999016121
1790174691.2405033,3.7210009977570735
1790174691.2665102,3.5042990020883735
1790174691.3160586,5.766895999840926
1790174691.3375998,5.939802998909727
1790174691.4167562,3.475649002211867
1790174691.4192882,48.215197002718924
1790174691.4720585,4.319431998737855
1790174691.4754987,46.96337299901643
1790174691.49913,4.1082030002144165
1790174691.4998655,3.8320620005833916
1790174691.540939,4.503231000853702
1790174691.5585318,2.969666002172744
1790174691.5846741,4.115482999623055
1790174691.6174557,3.163262997986749
1790174691.661523,4.779817998496583
1790174691.6646733,4.8994009994203225
1790174691.6792426,45.21178800132475
1790174691.7067008,2.7862169990839902
1790174691.7373328,3.970042998844292
1790174691.7387896,4.049061000841903
1790174691.7433317,44.608527001400944
1790174691.790814,5.4893099986657035
1790174691.8033798,48.02253999878303
1790174691.8177545,5.936793000728358
1790174691.8461514,4.204389999358682
1790174691.8852363,47.72063199925469
1790174691.89625,5.114706000313163
1790174691.9012418,5.74687800326501
1790174691.9017015,4.535848001978593
1790174691.9539616,4.418417000124464
1790174691.9702032,5.7147620027535595
1790174692.0095077,6.0675839995383285
1790174692.0145385,4.643897998903412
1790174692.023373,50.13130799852661
1790174692.0420723,4.758172999572707
1790174692.0738943,5.335695001122076
1790174692.075426,4.341322000982473
1790174692.0792236,45.33889099911903
1790174692.0995083,47.91604400088545
1790174692.1279283,45.57944699990912
1790174692.1314542,44.23151700029848
1790174692.1554184,46.99249799887184
1790174692.1590495,3.5931130005337764
1790174692.2153132,48.24740599724464
1790174692.2870004,4.091454000445083
1790174692.3187327,3.6199800015310757
1790174692.3790317,4.0636789999553
1790174692.381054,3.8494860018545296
1790174692.400721,5.376996003178647
1790174692.4271588,3.4173759995610453
1790174692.4379904,3.566046001651557
1790174692.4404094,4.211024999676738
1790174692.451199,48.60626899971976
1790174692.5165477,44.82830499910051
1790174692.5830994,6.242289000510937
1790174692.6560655,45.12073899968527
1790174692.7505295,4.137845000514062
1790174692.803993,6.108115998358699
1790174692.818004,5.7146559993270785
1790174692.852794,4.249816000083229
1790174692.8790922,5.6297809969692025
1790174692.9197862,48.98828899968066
1790174692.927039,3.7737720012955833
1790174692.935871,3.4500840010878164
1790174692.969731,4.60469099925831
1790174692.9703693,3.787788999034092
1790174692.9883633,4.402498998388182
1790174693.0040753,46.83114700310398
1790174693.026286,48.284247000992764
1790174693.0295384,5.844171002536314
1790174693.030307,5.307903000357328
1790174693.050376,3.1508809988736175
1790174693.0749655,3.3046579992515035
1790174693.0791266,52.16171600113739
1790174693.1213872,7.129633002477931
1790174693.1429362,3.7662199974874966
1790174693.187446,2.799805999529781
1790174693.1968668,3.812303999438882
1790174693.2257292,48.76475700075389
1790174693.2293844,5.804205000458751
1790174693.2560585,3.4686129984038416
1790174693.2910419,3.6008120005135424
1790174693.294479,2.920711001934251
1790174693.3163066,45.86872899744776
1790174693.3630705,3.0585989989049267
1790174693.393903,4.401130001497222
1790174693.406539,4.042168999148998
1790174693.4482455,4.5621409990417305
1790174693.4559686,4.9072149995481595
1790174693.4655988,5.386226999689825
1790174693.4952545,3.421702000196092
1790174693.5935318,2.9105459980200976
1790174693.6270633,5.133263999596238
1790174693.652904,3.619486997195054
1790174693.6548197,4.254036000929773
1790174693.6923444,2.796020002278965
1790174693.714046,4.020649997983128
1790174693.7278938,2.7312709971738514
1790174693.7313929,45.272277002368355
1790174693.7407472,3.948382000089623
1790174693.7633407,45.17113099791459
1790174693.7834795,44.296555999608245
1790174693.8004377,3.7812089976796415
1790174693.9485915,5.470324998896103
1790174694.004388,3.3558140021341387
1790174694.0580025,2.8634289992623962
1790174694.1201198,6.371863000822486
1790174694.1703827,6.340611998894019
1790174694.1718543,5.259925001155352
1790174694.189788,6.055955996998819
1790174694.1912339,6.053572000382701
1790174694.1927311,4.099400000995956
1790174694.208457,3.645181001047604
1790174694.2225165,3.319389001262607
1790174694.2272062,46.00227300034021
1790174694.2354302,52.770520000194665
1790174694.2552433,44.02028199911001
1790174694.2557788,3.795897999225417
1790174694.2782006,3.822132999630412
1790174694.3113165,49.18522699881578
1790174694.3180604,4.5593540016852785
1790174694.3202777,4.173953999270452
1790174694.363182,48.49713899966446
1790174694.391189,43.4082390020194
1790174694.4104486,3.262431997427484
1790174694.4153757,44.369690000166884
1790174694.462437,3.7879910014453344
1790174694.4631832,3.47331699958886
1790174694.4717968,45.55885800073156
1790174694.5137548,3.8924330001464114
1790174694.5207963,5.166556002222933
1790174694.6071985,6.023442001605872
1790174694.608059,5.804504002298927
1790174694.609427,3.9993410027818754
1790174694.6931555,3.680402001918992
1790174694.715251,4.204812001262326
1790174694.7341444,3.2125380021170713
1790174694.8148422,3.7115869999979623
1790174694.8272538,3.5400650012888946
1790174694.8874454,47.97678699833341
1790174694.8891468,4.550842000753619
1790174694.8937678,3.125687002466293
1790174694.9102402,3.1657589970564004
1790174694.9662733,5.2007929989486
1790174695.0118644,3.2679029973223805
1790174695.0272834,3.6312109987193253
1790174695.0803232,5.91378199897008
1790174695.095025,5.157283998414641
1790174695.0955222,3.2351949994335882
1790174695.1351075,3.1034359999466687
1790174695.1520064,44.97078099666396
1790174695.1891313,5.68635799936601
1790174695.2065172,6.152491001557792
1790174695.2101617,6.097855999541935
1790174695.2131104,4.975536001438741
1790174695.2317157,3.4618600002431776
1790174695.2328646,54.93478800053708
1790174695.2631695,51.896886001486564
1790174695.2760684,44.157591997645795
1790174695.2889771,45.9654939986649
1790174695.2964694,45.565936001366936
1790174695.378174,3.119393000815762
1790174695.4393084,44.31146699789679
1790174695.472154,5.684450999979163
1790174695.4923093,6.13613400128088
1790174695.5162253,3.510963000735501
1790174695.583571,4.087983001227258
1790174695.5848832,4.157629002293106
1790174695.593119,51.950032997410744
1790174695.596196,4.022384997369954
1790174695.612008,3.6981550001655705
1790174695.6397758,49.09838900130126
1790174695.6551971,47.93170400080271
1790174695.663272,43.17178599740146
1790174695.6814547,3.5950860001321416
1790174695.6871037,45.111387997167185
1790174695.6966777,2.7271380022284575
1790174695.7302222,47.651453998696525
1790174695.7331295,4.989598997781286
1790174695.7432091,44.19957099889871
1790174695.7477646,44.995726999331964
1790174695.781803,3.4571420001157094
1790174695.8307862,5.430438999610487
1790174695.8371701,3.8520589987456333
1790174695.8624406,3.4484850002627354
1790174695.8912795,43.583224000030896
1790174695.9176724,47.47641699941596
1790174695.9479454,4.452430999663193
1790174695.9512975,44.902867997734575
1790174695.981991,2.8029909990436863
1790174695.9961762,4.11520399939036
1790174696.0413296,4.0022020002652425
1790174696.0857284,2.870072999940021
1790174696.0942137,2.7655810008582193
1790174696.1063168,3.683876002469333
1790174696.1089375,3.9139350010373164
1790174696.1097448,3.1662779983889777
1790174696.2123327,3.8646319990220945
1790174696.2323287,4.4510660009109415
1790174696.234841,3.9483920008933637
1790174696.2470326,4.123445996810915
1790174696.2562363,5.139855999004794
1790174696.319099,4.772854998009279
1790174696.3770082,3.384525000001304
1790174696.3832345,44.057586001144955
1790174696.396086,3.1033530030981638
1790174696.4295962,4.9423660020693205
1790174696.4312637,45.368307997705415
1790174696.4394007,44.354698999086395
1790174696.458464,3.211635001207469
1790174696.462662,3.8061419982113875
1790174696.4792068,46.76699400079087
1790174696.492654,46.793700003036065
1790174696.5224035,3.670616999443155
1790174696.5230129,3.2337439988623373
1790174696.5674155,44.17066400128533
1790174696.5918777,4.661457001930103
1790174696.6240654,48.82542999985162
1790174696.6263502,3.2417450020147953
1790174696.7631576,4.184801000519656
1790174696.770273,4.793256997800199
1790174696.77113,4.777845999342389
1790174696.8436055,46.21182700066129
1790174696.847332,51.07283399775042
1790174696.9052727,48.00908099787193
1790174696.9622557,6.348627000988927
1790174696.969557,5.340211999282474
1790174696.983782,4.967255998053588
1790174696.9885788,3.837156997178681
1790174697.019449,3.4600390026753303
1790174697.0738258,48.38822099918616
1790174697.076733,5.784795997897163
1790174697.118087,3.3056819993362296
1790174697.1227927,3.1869790000200737
1790174697.1546264,3.414881997741759
1790174697.1721268,45.11321400059387
1790174697.1804197,4.268442000466166
1790174697.19919,44.54789999726927
1790174697.238536,2.8727930002787616
1790174697.245741,3.560834000381874
1790174697.3210726,3.1839280018175486
1790174697.3244863,2.7019260014640167
1790174697.361128,4.779801001859596
1790174697.3805559,45.152549999329494
1790174697.3921778,47.68734300159849
1790174697.4140174,3.947805998905096
1790174697.416196,4.019418000098085
1790174697.5174043,3.9275140006793663
1790174697.5407631,4.517461999057559
1790174697.5540712,3.982887999882223
1790174697.563791,4.992796999431448
1790174697.5873487,46.08115299924975
1790174697.6326945,3.8733629990019836
1790174697.6353192,46.35113500262378
1790174697.643318,50.86338299952331
1790174697.6965253,44.62006099856808
1790174697.7017918,48.30760099866893
1790174697.7306013,3.4335720010858495
1790174697.7735524,47.71547299969825
1790174697.8119237,5.731790002755588
1790174697.8359747,3.533910999976797
1790174697.8495252,3.6098450000281446
1790174697.8612974,41.22740799721214
1790174697.87966,48.479699002200505
1790174697.88378,47.478581000177655
1790174697.8980873,4.275885999959428
1790174697.9031923,3.2843980006873608
1790174697.920799,4.742787998111453
1790174697.9391663,47.534543002257124
1790174697.9433484,44.975177999731386
1790174697.9551713,48.43102599988924
1790174697.98552,2.772427000309108
1790174697.9898756,2.3254490006365813
1790174698.0083144,44.32771899882937
1790174698.0659451,50.06808399775764
1790174698.0679595,2.9608059994643554
1790174698.1905496,6.255837000935571
1790174698.2117748,6.685675001790514
1790174698.2321162,5.964240001048893
1790174698.2330556,4.684101997554535
1790174698.2443604,5.550713998673018
1790174698.2592425,46.851175000483636
1790174698.2882462,47.83071400015615
1790174698.4273245,3.9433609999832697
1790174698.4319835,3.9241459999175277
1790174698.4515288,2.9125299988663755
1790174698.4869802,3.2608520014036912
1790174698.4899912,2.827450000040699
1790174698.5171804,4.1376049994141795
1790174698.5563996,3.241754999180557
1790174698.6069198,3.021437001734739
1790174698.7142932,7.929346000310034
1790174698.7159808,6.666290999419289
1790174698.7394106,3.891493000992341
1790174698.789576,48.223729001620086
1790174698.8549693,4.056341000250541
1790174698.8607936,3.6933100018359255
1790174698.92955,46.420746999501716
1790174698.9464986,3.038569000636926
1790174698.9851933,3.5592560016084462
1790174699.027545,6.34560799881001
1790174699.0288534,5.858407999767223
1790174699.0476077,4.83574600002612
1790174699.0778155,4.626743000699207
1790174699.088257,47.55926199868554
1790174699.0904336,3.5929599980590865
1790174699.1113074,46.036150997679215
1790174699.131539,46.14410100111854
1790174699.1578481,2.8227399998286273
1790174699.2081597,2.9343820024223533
1790174699.2137897,2.6179109991062433
1790174699.2556207,3.9899969997350127
1790174699.2870986,3.7521379999816418
1790174699.3167021,46.7979640015983
1790174699.3598034,6.244003001484089
1790174699.3758805,50.53650099944207
1790174699.388877,4.506198998569744
1790174699.3976812,4.724974998680409
1790174699.439463,44.614481997996336
1790174699.460612,47.90796499946737
1790174699.4892683,4.146977000345942
1790174699.5054007,3.4894720010925084
1790174699.51549,47.24740299934638
1790174699.5784047,5.360754999855999
1790174699.589307,6.562988997757202
1790174699.5919902,7.294307000847766
1790174699.6865447,5.620594998617889
1790174699.7277074,2.828011998644797
1790174699.7434158,3.4073030001309235
1790174699.8284197,5.537115001061466
1790174699.8461595,3.1508829997619614
1790174699.8861027,48.56505899806507
1790174699.8892083,4.024072997708572
1790174699.9055119,4.1985339994425885
1790174699.943235,47.35949700261699
1790174699.9468162,2.5984999992942903
1790174699.9814317,47.236808997695334
1790174700.0224555,3.2744180025474634
1790174700.0400996,3.2909670007938985
1790174700.0471733,53.07754700334044
1790174700.1161213,4.667585999413859
1790174700.1306577,3.4375760005787015
1790174700.1580963,4.0456670030835085
1790174700.183975,44.33134999999311
1790174700.1876643,6.028665000485489
1790174700.1894474,3.27608099905774
1790174700.2292309,49.666869002976455
1790174700.2477708,4.310331001761369
1790174700.2834904,3.5900100010621827
1790174700.291698,3.4157040026912
1790174700.3411195,3.4530319971963763
1790174700.3444357,3.1105000016395934
1790174700.355505,46.98831500354572
1790174700.3576312,3.2091809989651665
1790174700.4365065,5.259642999590142
1790174700.450336,4.745974001707509
1790174700.4942987,4.406323998409789
1790174700.4952703,44.919411000591936
1790174700.5388658,6.371347000822425
1790174700.539265,9.0108299991698
1790174700.5671737,3.2849390008777846
1790174700.568579,2.5351539989060257
1790174700.5983407,5.395140997279668
1790174700.6512752,46.80948000168428
1790174700.65149,48.22367899760138
1790174700.6591024,3.9715579987387173
1790174700.6758032,4.9674150031933095
1790174700.7155366,47.31870999967214
1790174700.7193727,49.586916000407655
1790174700.7624614,3.1135460012592375
1790174700.7912717,45.75095499967574
1790174700.8313124,6.406877000699751
1790174700.8318849,5.267029999231454
1790174700.8765926,5.507344001671299
1790174700.886338,5.693025999789825
1790174700.9291787,5.036952999944333
1790174701.0002856,3.459518000454409
1790174701.0629208,3.4310580012970604
1790174701.096327,3.14388300103019
1790174701.1049557,3.3052670005417895
1790174701.126079,3.2982820011966396
1790174701.1314058,46.93874899749062
1790174701.1515002,4.7329950029961765
1790174701.1531851,5.0805179998860694
1790174701.190266,3.528070999891497
1790174701.2139482,4.262725000444334
1790174701.214723,3.6909490008838475
1790174701.215044,48.54408599931048
1790174701.301675,2.925740001956001
1790174701.3088627,2.8535720011859667
1790174701.3556113,3.7199670005065855
1790174701.356593,3.1754390001879074
1790174701.4131687,3.562724003131734
1790174701.4184914,3.1023060000734404
1790174701.4390829,4.321512002206873
1790174701.4871376,46.4732410000579
1790174701.4999225,2.866596001695143
1790174701.5114818,3.58615799996187
1790174701.5206509,3.33902900092653
1790174701.5637033,47.42986899873358
1790174701.5715702,6.67765199978021
1790174701.6543183,3.7541590027103666
1790174701.6646197,2.87643300180207
1790174701.6690485,3.1663160007155966
1790174701.7129285,3.563108002708759
1790174701.7147467,4.00745400111191
1790174701.7150838,47.19637200105353
1790174701.7595937,45.970275001309346
1790174701.7714112,7.1733169970684685
1790174701.7741103,4.658508998545585
1790174701.807682,3.201725001417799
1790174701.8401911,4.223662002914352
1790174701.8473804,5.0170030008303
1790174701.8787112,3.38258099873201
1790174701.9090884,3.5168030008208007
1790174701.9579499,3.1284159995266236
1790174702.0103903,3.682307000417495
1790174702.0171773,2.917464000347536
1790174702.0235648,48.68212400106131
1790174702.0495274,4.489147002459504
1790174702.0591853,4.918106002151035
1790174702.0820158,3.602467000746401
1790174702.099453,46.616431998700136
1790174702.1390018,3.6293650009611156
1790174702.1614535,3.1279239992727526
1790174702.2071316,3.7459590021171607
1790174702.237901,3.702285001054406
1790174702.240521,4.237244000250939
1790174702.2544484,2.938632998848334
1790174702.2846842,49.29579300005571
1790174702.3144383,4.964210998878116
1790174702.3189812,3.7458549995790236
1790174702.3208745,4.307947001507273
1790174702.3315296,3.7552419998974074
1790174702.3458729,3.637059999164194
1790174702.3552427,47.26918999949703
1790174702.375449,45.65530499894521
1790174702.4031734,3.5453240016067866
1790174702.4117813,44.741456000338076
1790174702.444744,3.6873999997624196
1790174702.4465215,3.7319789989851415
1790174702.502833,3.573644000425702
1790174702.5065668,3.422753001359524
1790174702.5819209,47.37125400060904
1790174702.5991356,3.7624049982696306
1790174702.6481364,5.239125999651151
1790174702.7056906,4.186460999335395
1790174702.766348,4.6050759992795065
1790174702.7842584,5.4431719981948845
1790174702.7965338,4.518437999649905
1790174702.83176,46.325039002113044
1790174702.8605416,49.6863169973949
1790174702.8608139,50.27912799778278
1790174702.8759623,4.443419002200244
1790174702.8843467,48.59632199804764
1790174702.9391193,4.715056998975342
1790174702.9393044,49.75225299858721
1790174702.9469116,5.324591998942196
1790174702.9540088,4.274629001884023
1790174702.9915335,46.282617000542814
1790174702.9936132,3.059128997847438
1790174703.0223608,5.885077000129968
1790174703.031899,4.370670998468995
1790174703.0368683,3.4258310006407555
1790174703.0452135,3.7333489999582525
1790174703.047087,47.01115799980471
1790174703.05583,47.092028999031754
1790174703.1053388,3.9350879997073207
1790174703.115451,50.193800998385996
1790174703.1779711,4.720107001048746
1790174703.2002172,4.520285001490265
1790174703.2021523,4.219499998725951
1790174703.2583544,4.292707999411505
1790174703.2604868,3.8612489988736343
1790174703.3524535,3.9026239974191412
1790174703.3770313,4.507236000790726
1790174703.3930953,6.092414998420281
1790174703.39518,3.7171889998717234
1790174703.4594862,4.657018002035329
1790174703.5031536,3.6754659995494876
1790174703.5709636,45.47887200169498
1790174703.5730782,3.6197930021444336
1790174703.646954,5.205211997235892
1790174703.730557,6.632487999013392
1790174703.7924137,47.12207999909879
1790174703.8055704,4.681881000578869
1790174703.8108451,4.568305001157569
1790174703.813121,3.99802600077237
1790174703.8667288,4.629065999324666
1790174703.871332,44.153802999062464
1790174703.924071,48.20043699874077
1790174703.9832463,44.719411998812575
1790174704.0036218,4.1620420015533455
1790174704.0058472,4.008473999419948
1790174704.036334,3.528271001414396
1790174704.0460272,2.8550200004247017
1790174704.0556455,44.78246200233116
1790174704.0905235,3.4404729995003436
1790174704.097903,3.1978139995771926
1790174704.1373725,3.6203250019752886
1790174704.1831083,4.594822999933967
1790174704.2372255,6.245634001970757
1790174704.2908833,5.592556000920013
1790174704.3129437,3.086916000029305
1790174704.3433821,6.023819998517865
1790174704.3690908,6.224849999853177
1790174704.4158056,3.869421001581941
1790174704.4168131,3.569366002921015
1790174704.423159,48.40718199920957
1790174704.4729674,46.279840000352124
1790174704.4975116,4.87997600066592
1790174704.5382037,2.7898730004380923
1790174704.5553033,47.68444000001182
1790174704.5735383,3.8092729992058594
1790174704.6153936,3.258503998949891
1790174704.6642444,3.8716089984518476
1790174704.696671,3.190027997334255
1790174704.7260196,3.705913997691823
1790174704.7274735,44.4395650010847
1790174704.768629,3.5743239968724083
1790174704.7820685,3.2054849980340805
1790174704.7916017,47.49732299751486
1790174704.8068218,4.459596999367932
1790174704.811321,47.43143000087002
1790174704.8382373,3.1796629991731606
1790174704.8637185,43.77789799764287
1790174704.8714266,45.42834400126594
1790174704.887772,49.20852999930503
1790174704.8918304,3.829416000371566
1790174704.9153278,46.88517799877445
1790174704.923258,44.19190400221851
1790174704.941356,3.7831810004718136
1790174704.9553487,47.76466399925994
1790174704.9603662,3.185716999723809
1790174704.9712448,45.13785900053335
1790174704.9926987,45.86601800110657
1790174705.006454,5.130239002028247
1790174705.0372605,3.195174998836592
1790174705.0433853,3.9212810006574728
1790174705.0771742,6.175252001412446
1790174705.1012516,4.785330002050614
1790174705.115506,46.222593999118544
1790174705.1443727,46.75406599926646
1790174705.1493196,3.459327999735251
1790174705.154666,3.5234099996159784
1790174705.2348216,5.746247999923071
1790174705.2404149,5.557893000514014
1790174705.2786298,5.250120000710012
1790174705.3080442,44.87929599781637
1790174705.316212,3.733481997187482
1790174705.3487985,46.118333000777056
1790174705.4112985,5.563712002185639
1790174705.4741566,5.438686999696074
1790174705.538837,6.708134002110455
1790174705.540059,6.063281998649472
1790174705.5411346,5.047307000495493
1790174705.5469499,4.528911002125824
1790174705.5752242,4.865189999691211
1790174705.5931041,5.049506999057485
1790174705.635066,4.6248210019257385
1790174705.647516,4.328854000050342
1790174705.6996834,44.17700100020738
1790174705.7278638,4.614854999090312
1790174705.7784786,2.80624199876911
1790174705.7933319,2.859434000129113
1790174705.829497,47.462786998949014
1790174705.8430777,4.978199998731725
1790174705.852388,3.8468200000352226
1790174705.871397,2.7030010023736395
1790174705.9160714,50.52728500231751
1790174705.9196918,5.449693999253213
1790174705.931455,6.111703001806745
1790174705.9324012,4.79317700228421
1790174705.999482,44.57128099966212
1790174706.0051613,7.30742499945336
1790174706.0071578,3.9971369988052174
1790174706.0521877,5.086506000225199
1790174706.0547273,4.061489999003243
1790174706.0551932,46.71305599913467
1790174706.078313,3.0959659998188727
1790174706.1177993,49.65368699777173
1790174706.154057,5.758747000072617
1790174706.164626,6.266724998567952
1790174706.1653929,5.124465998960659
1790174706.1674886,46.6768830010551
1790174706.1844778,3.987049996794667
1790174706.2111099,46.45846700077527
1790174706.2145758,4.868631996941986
1790174706.2592595,46.408046000578906
1790174706.2755554,3.592750999814598
1790174706.2950528,47.00079900067067
1790174706.3607721,4.431448000104865
1790174706.363206,44.1222330009623
1790174706.402495,3.5210739988542628
1790174706.4157078,45.728384000540245
1790174706.4559798,6.072817999665858
1790174706.4637492,47.3098080001364
1790174706.5012984,3.2005159991967957
1790174706.5179074,2.888483999413438
1790174706.5191681,2.5050809999811463
1790174706.564232,44.35775599995395
1790174706.5753593,4.743755001982208
1790174706.5949347,3.0494070015265606
1790174706.6295552,50.04325900154072
1790174706.6413302,46.198350999475224
1790174706.6442537,4.3625270009215456
1790174706.6819806,4.463411998585798
1790174706.748157,3.767919999518199
1790174706.7896032,3.6918180012435187
1790174706.8339136,5.141984001966193
1790174706.8557978,7.2878169994510245
1790174706.856764,5.905443002120592
1790174706.920438,2.828018998116022
1790174706.9923482,3.6647070010076277
1790174707.0441124,6.222805997822434
1790174707.0660777,4.0877499995986
1790174707.1032882,48.50921300021582
1790174707.1391122,3.70423799904529
1790174707.1702714,4.118202003155602
1790174707.2101998,4.470253003091784
1790174707.2119958,4.930238999804715
1790174707.2353363,3.5575300025811885
1790174707.262826,5.0459339981898665
1790174707.263477,4.315484999096952
1790174707.2809267,4.090267000719905
1790174707.3022223,4.753673001687275
1790174707.3274727,45.939061001263326
1790174707.3396268,44.6041779978259
1790174707.3463352,49.11488099969574
1790174707.3919451,5.981924998195609
1790174707.442044,5.458636998810107
1790174707.4632254,57.6179769996088
1790174707.47106,3.333700999064604
1790174707.474662,3.3944099996006116
1790174707.4886818,3.2161420022021048
1790174707.5155978,6.59433100008755
1790174707.5404897,3.2769770004961174
1790174707.5511749,50.33857899979921
1790174707.5590572,5.413504997704877
1790174707.5685604,4.068253001605626
1790174707.5753386,46.59608300062246
1790174707.6117265,48.35285300214309
1790174707.614881,6.626549999054987
1790174707.630903,5.243734998657601
1790174707.6311424,45.655407000595005
1790174707.6688507,44.979643000260694
1790174707.675195,43.808533999253996
1790174707.6910381,3.7874100016779266
1790174707.7117064,5.527004999748897
1790174707.7227187,4.514920998190064
1790174707.7498493,3.1602579983882606
1790174707.7721813,48.064423997857375
1790174707.796557,3.5865080026269425
1790174707.8068717,4.20801499785739
1790174707.8367536,3.2107439983519726
1790174707.859563,47.18208499980392
1790174707.907813,6.57321800099453
1790174707.9081175,44.93011200247565
1790174708.0491502,6.412808997993125
1790174708.0882883,6.554856001457665
1790174708.105572,6.495301997347269
1790174708.1472185,46.13944300217554
1790174708.2052345,3.9925989985931665
1790174708.2607262,3.799176000029547
1790174708.2802696,48.61697800151887
1790174708.3146627,3.4518819993536454
1790174708.3247716,2.8988840022066142
1790174708.3432198,47.24762499972712
1790174708.397786,49.2331989989907
1790174708.4151285,4.8387389979325235
1790174708.4399862,4.111389000172494
1790174708.468324,45.629967000422766
1790174708.487248,47.000147998915054
1790174708.51922,4.540824997093296
1790174708.5274885,3.4576030011521652
1790174708.529462,3.27493599979789
1790174708.555126,52.433647000725614
1790174708.571575,46.36268099784502
1790174708.5735443,3.0623269994976
1790174708.5834284,3.1253230008587707
1790174708.61537,48.6037690025114
1790174708.6514618,46.146392000082415
1790174708.6848829,2.810055000736611
1790174708.7415674,5.970869999146089
1790174708.7724237,3.175336001731921
1790174708.8143578,5.5551170007674955
1790174708.83502,4.425375002028886
1790174708.8472898,3.1194959992717486
1790174708.8751738,45.717706001596525
1790174708.8905544,2.8010799978801515
1790174708.934747,6.724237002345035
1790174708.939855,46.88707999957842
1790174708.977348,4.197704998659901
1790174708.9801164,4.194499000732321
1790174709.0378687,49.0176919993246
1790174709.111976,2.7549690021260176
1790174709.1173644,3.0160189999151044
1790174709.1689003,49.129406001156894
1790174709.1826656,4.225298998790095
1790174709.183279,44.736793999618385
1790174709.1893208,4.24082300014561
1790174709.2418928,4.29989200347336
1790174709.247391,45.07812099836883
1790174709.2992883,4.211529998428887
1790174709.3151624,43.990701997245196
1790174709.44921,6.469264000770636
1790174709.4547753,4.423581001901766
1790174709.4584017,3.35309500223957
1790174709.4887314,4.44922799943015
1790174709.5090683,3.4550870004750323
1790174709.5304394,3.7158010018174537
1790174709.552996,3.107702999841422
1790174709.5802386,3.0675220004923176
1790174709.5875177,44.78650800228934
1790174709.6112278,43.493904999195365
1790174709.6208456,3.839517001324566
1790174709.6988478,3.8724439982615877
1790174709.7152097,3.990025998064084
1790174709.7446404,3.3682209977996536
1790174709.7618644,4.5952360014780425
1790174709.7633212,46.67775000052643
1790174709.807119,43.09848099728697
1790174709.8137472,3.459480998571962
1790174709.0994058,48.488001000805525
1790174709.130529,2.9177949982113205
1790174709.1608825,3.1689619972894434
1790174709.1793513,46.73179000019445
1790174709.1869366,4.186153000773629
1790174709.1905942,3.34287899750052
1790174709.2382874,3.1315020023612306
1790174709.241135,2.6257229983457364
1790174709.2999322,46.582470000430476
1790174708.4639053,3.6357710014272016
1790174708.4713922,45.67364900140092
1790174708.5324688,3.5722850007005036
1790174708.5514581,3.190662002452882
1790174708.5877337,4.848049997235648
1790174708.6118674,4.694038998422911
1790174708.639793,3.4064719984598923
1790174708.656562,4.016632999991998
1790174708.6717088,3.969691002566833
1790174708.672184,3.262661997723626
1790174708.7002118,45.39506899891421
1790174708.735274,3.8880520005477592
1790174708.743078,44.43411999818636
1790174708.7509427,4.267625998181757
1790174708.7517936,3.5942400027124677
1790174708.7815976,3.0107960010354873
1790174708.792448,2.9025019975961186
1790174708.8386111,3.367254998011049
1790174708.842923,44.23120899809874
1790174708.8440173,3.372698000021046
1790174708.84698,44.43867599911755
1790174708.8886633,3.3268030019826256
1790174708.9027085,43.62810399834416
1790174708.9349456,4.0538319990446325
1790174708.9468405,45.635768001375254
1790174708.9687057,3.049513001315063
1790174709.0031176,4.878032999840798
1790174709.0123506,4.202051997708622
1790174709.0267339,43.98086899891496
1790174709.0735419,49.02653899989673
1790174709.1104445,5.859075001353631
1790174709.1186278,5.267453998385463
1790174709.1244798,5.83260299754329
1790174709.1268404,4.723447000287706
1790174709.1868927,47.26077699888265
1790174709.1948447,49.22609300047043
1790174709.208882,5.138779000844806
1790174709.2448895,46.650919000967406
1790174709.2482078,5.421238998678746
1790174709.32015,3.0702789990755264
1790174709.3645182,2.9754060014965944
1790174709.3673768,2.62317699889536
1790174709.3797414,47.289881000324385
1790174709.4007885,6.2025629995332565
1790174709.433609,5.62328599698958
1790174709.4815812,2.9406379981082864
1790174709.5042062,4.723460999230156
1790174709.5163176,5.292984998959582
1790174709.558364,3.2167669996852055
1790174709.5752022,3.119937999144895
1790174709.6173797,4.632576001313282
1790174709.6233668,43.930126001214376
1790174709.6387703,5.237478999333689
1790174709.6471777,47.39182199773495
1790174709.6760092,4.283587997633731
1790174709.6831002,45.823753000149736
1790174709.8597744,14.512244000798091
1790174709.9012866,2.894466000725515
1790174709.9072874,2.9612200014526024
1790174709.9626634,6.492696000350406
1790174710.0335603,5.850923000252806
1790174710.0642157,7.25183000031393
1790174710.1129773,5.58033499692101
1790174710.1151402,50.15209900011541
1790174710.1636496,4.982265996659407
1790174710.1696823,5.049449999205535
1790174710.2089303,3.051717001653742
1790174710.2231588,48.12352899898542
1790174710.2322438,5.466296002850868
1790174710.2529058,5.679220001184149
1790174710.2806249,48.02039999776753
1790174710.314223,3.023956000106409
1790174710.3372838,2.8602010024769697
1790174710.3413193,3.793962001509499
1790174710.3852723,6.2585419982497115
1790174710.387313,4.325824000261491
1790174710.3932152,4.237752000335604
1790174710.400906,3.7335320012061857
1790174710.4351535,3.9508369991381187
1790174710.447487,47.72404300092603
1790174710.4555595,46.685667999554425
1790174710.5030138,3.3111089978774544
1790174710.5265183,3.1073970021679997
1790174710.5306265,3.187422000337392
1790174710.5398006,3.2982509983412456
1790174710.5906813,4.56187900272198
1790174710.5951378,49.80032100138487
1790174710.5993989,44.794239998736884
1790174710.6125576,3.175521000230219
1790174710.629115,3.0318300014187116
1790174710.6435769,3.30441299956874
1790174710.6594687,46.045268998568645
1790174710.6897788,5.90609999926528
1790174710.7149732,46.919288997742115
1790174710.785481,46.83170399948722
1790174710.807707,4.91833699925337
1790174710.8230126,4.313322999223601
1790174710.9147499,3.90102100209333
1790174710.9197845,4.5825390006939415
1790174710.9644578,4.089709000254516
1790174710.9997585,4.020279000542359
1790174711.0282755,3.176492999045877
1790174711.0560899,3.3145289999083616
1790174711.0735576,3.59842499892693
1790174711.0875268,47.7914069997496
1790174711.091123,3.280162000010023
1790174711.1707432,36.34146900003543
1790174711.1765082,3.041283998754807
1790174711.2165606,6.934982000529999
1790174711.2184901,6.539168000017526
1790174711.2260952,6.194502002472291
1790174711.232601,5.24183100060327
1790174711.2786956,3.6215199979778845
1790174711.2792017,3.073302999837324
1790174711.2870703,52.54587200033711
1790174711.309709,3.6802430004172493
1790174711.3326435,3.307302999019157
1790174711.3893118,3.5175320008420385
1790174711.4005005,2.882703996874625
1790174711.4114308,44.14299400013988
1790174711.4149086,2.838831002009101
1790174711.4503622,3.5301930001878645
1790174711.4655921,4.556277999654412
1790174711.4664435,4.258364999259356
1790174711.479482,47.39568600052735
1790174711.5054593,2.9199349992268253
1790174711.5430005,50.8674249977048
1790174711.6084614,6.871223999041831
1790174711.6468058,4.257147000316763
1790174711.7022192,4.432130001077894
1790174711.7037637,4.296956001780927
1790174711.7041793,3.543099999660626
1790174711.7184827,3.07129199791234
1790174711.7366464,3.630601000622846
1790174711.7591114,46.03884399693925
1790174711.793127,4.503437001403654
1790174711.7935839,3.8649800007988233
1790174711.8085034,3.709155000251485
1790174711.8243148,47.86422599863727
1790174711.828082,5.0413969984219875
1790174711.8590243,44.226100002561
1790174711.8591957,47.515581998595735
1790174711.8717265,3.140306998830056
1790174711.8838925,49.50826799904462
1790174711.9290125,4.367646997707197
1790174711.9351645,46.813973000098485
1790174711.95224,4.049131999636302
1790174712.0111601,47.294031999626895
1790174712.0436573,3.1132119984249584
1790174712.1075466,5.608441999356728
1790174712.140614,3.9377260000037495
1790174712.1486495,3.5029789978580084
1790174712.1738882,2.851847999409074
1790174712.1879656,2.7465050006867386
1790174712.240368,6.6241980021004565
1790174712.2461996,5.086323999421438
1790174712.2510858,4.485442997975042
1790174712.264461,5.300744000123814
1790174712.2662933,3.852760000881972
1790174712.2948866,47.034087001520675
1790174712.3071127,2.856227001757361
1790174712.3713822,3.571970999473706
1790174712.383277,44.6620160000748
1790174712.4535263,5.552749000344193
1790174712.4803786,3.7086769989400636
1790174712.5228856,5.267231001198525
1790174712.5346444,5.183687000680948
1790174712.5557728,5.128469001647318
1790174712.5759625,3.5984019996249117
1790174712.6631098,5.471243999636499
1790174712.7320654,7.191139997303253
1790174712.7341392,4.324787001678487
1790174712.7433991,50.77772000004188
1790174712.7795115,4.690727997513022
1790174712.7865462,3.9091210019250866
1790174712.8028524,4.0937939993455075
1790174712.848045,3.3227720014110673
1790174712.875136,3.3422190026612952
1790174712.8831573,4.739726999105187
1790174712.8839028,4.159284002525965
1790174712.9109173,44.13469599967357
1790174712.930256,3.6458059985307045
1790174712.934796,3.660760001366725
1790174712.9400067,46.09796000295319
1790174712.9834158,44.4442540028831
1790174712.98965,37.15304299839772
1790174713.0849168,4.393391998746665
1790174713.101006,3.3101790031651035
1790174713.2156818,5.494296998222126
1790174713.2311883,3.5052370003541
1790174713.2399282,4.07804999849759
1790174713.310802,4.388629000459332
1790174713.3110654,46.5339580005093
1790174713.3122354,4.376688997581368
1790174713.36533,4.063485001097433
1790174713.367979,3.8906419977138285
1790174713.3696628,2.9914020014985
1790174713.413329,3.830114997981582
1790174713.4189315,46.3438929982658
1790174713.4277315,3.239935002056882
1790174713.4750962,45.434486000885954
1790174713.5145178,3.2626030006213114
1790174713.5261304,3.1282240015571006
1790174713.539432,48.947018000035314
1790174713.56156,2.8578519995789975
1790174713.584685,44.98900700127706
1790174713.592916,46.12351499963552
1790174713.618395,5.14709699928062
1790174713.652597,3.2698889990570024
1790174713.6548405,48.99142299836967
1790174713.6610734,3.280646000348497
1790174713.663041,3.2142460004251916
1790174713.672731,3.1811430017114617
1790174713.6870942,46.075725000264356
1790174713.7115672,45.41111100115813
1790174713.7281823,46.773649999522604
1790174713.7452638,3.492318999633426
1790174713.759625,3.3989450021181256
1790174713.8285832,4.1878910014929716
1790174713.8911204,5.728574000386288
1790174713.9038372,44.87249299927498
1790174713.962889,49.0368969985866
1790174713.9819858,3.5532580004655756
1790174714.0249856,48.55900599795859
1790174714.0311766,4.053827000461752
1790174714.031533,44.63587299687788
1790174714.0764923,3.827137999905972
1790174714.1000807,45.92165199937881
1790174714.1151116,46.75213899827213
1790174714.1217535,3.7366550022852607
1790174714.1228235,45.60539800149854
1790174714.1275709,2.821952002705075
1790174714.1487634,3.5543039994081482
1790174714.15212,3.1387519993586466
1790174714.1674666,45.52217200034647
1790174714.1803105,3.206451001460664
1790174714.1912127,44.00042300039786
1790174714.207547,3.1170880029094405
1790174714.251152,4.0664139996806625
1790174714.2750862,50.26204100067844
1790174714.329442,6.1085389970685355
1790174714.3310664,48.849690003407886
1790174714.3775861,3.0133110012684483
1790174714.4259355,6.076261000998784
1790174714.4293513,47.33745300109149
1790174714.4311163,4.550694000499789
1790174714.4711084,3.1632319987693336
1790174714.4891484,3.8642409999738447
1790174714.5433314,5.549410001549404
1790174714.5671346,50.85782799869776
1790174714.6352732,45.94856699986849
1790174714.690215,2.8222770015418064
1790174714.708342,46.852368002873845
1790174714.7389712,6.2162460017134435
1790174714.7565637,47.59641999771702
1790174714.7884037,3.1866530007391702
1790174714.8077533,3.0264929991972167
1790174714.8350956,45.577664001029916
1790174714.8364036,4.07459100097185
1790174714.839212,48.594108997349394
1790174714.8597138,45.0749569972686
1790174714.894029,3.2461379996675532
1790174714.902946,47.14597999918624
1790174714.9031627,44.80058000262943
1790174714.915236,44.74631099947146
1790174714.967058,45.704789998126216
1790174715.0519702,4.015172999061178
1790174715.0539358,3.3668910000415053
1790174715.0974028,4.445365000719903
1790174715.0989647,3.05458799994085
1790174715.1178246,3.8391249981941655
1790174715.1481352,4.695779000030598
1790174715.1486204,4.1421030000492465
1790174715.1806116,45.993237999937264
1790174715.3234317,6.769430001440924
1790174715.325751,7.108121997589478
1790174715.3277416,3.970236000895966
1790174715.3804836,6.479504001617897
1790174715.445032,4.429028002050472
1790174715.4551823,4.58913200054667
1790174715.461756,3.059155998926144
1790174715.5009248,48.84751100325957
1790174715.5071406,44.44392799996422
1790174715.5586278,4.640144001314184
1790174715.579245,47.05382699830807
1790174715.6214676,5.025277998356614
1790174715.6327643,3.759301998798037
1790174715.6495116,2.7743460013880394
1790174715.662823,3.054388998862123
1790174715.690279,4.2346099980932195
1790174715.7191658,4.797576999408193
1790174715.738772,46.20328900273307
1790174715.7465763,2.8631249988393392
1790174715.7755342,45.30634700131486
1790174715.8268971,46.830251998471795
1790174715.8811808,4.924340999423293
1790174715.927183,4.100989001017297
1790174716.0036924,7.15352699990035
1790174716.0058942,4.2729630004032515
1790174716.0559556,4.60024000130943
1790174716.082974,46.33154899784131
1790174716.107402,3.5244739992776886
1790174716.1538165,4.082909999851836
1790174716.1556537,3.1441210012417287
1790174716.1915407,4.321918000641745
1790174716.1961164,2.8512500030046795
1790174716.2175174,3.426236999075627
1790174716.2312443,45.425077001709724
1790174716.2350707,46.102501000859775
1790174716.2588887,46.34506100046565
1790174716.2778583,3.5649690034915693
1790174716.2870755,49.70342100205016
1790174716.2907999,47.10895099924528
1790174716.326823,45.08411000279011
1790174716.3453026,3.204511998774251
1790174716.3467863,3.1420429986610543
1790174716.3509455,43.43956599768717
1790174716.3600085,47.18652600058704
1790174716.3703227,3.0759589972149115
1790174716.374622,3.127833999315044
1790174716.4071918,48.30745399885927
1790174716.4511127,4.196114001388196
1790174716.4768019,3.8526970020029694
1790174716.4784112,3.1624049988749903
1790174716.4878976,3.2515660022909287
1790174716.520521,3.16020999889588
1790174716.5269773,46.30542700033402
1790174716.5569801,3.717007999512134
1790174716.5784302,2.9454369978338946
1790174716.5830405,45.43356400245102
1790174716.5831623,47.01384900181438
1790174716.603481,44.12714800128015
1790174716.6280494,5.662547002430074
1790174716.6289759,4.734871999971801
1790174716.655968,48.25649400299881
1790174716.6835988,4.858705000515329
1790174716.7039332,4.676090000430122
1790174716.7059858,3.452206998190377
1790174716.724459,47.12055399795645
1790174716.7284842,6.07914600186632
1790174716.7603652,47.062366000318434
1790174716.7791104,44.59139100072207
1790174716.7884285,4.529137997451471
1790174716.8189056,47.144190997642
1790174716.8206675,3.7775149976368994
1790174716.825297,4.148829000769183
1790174716.8354545,44.26324100131751
1790174716.879555,45.0274780014297
1790174716.890967,47.4528669983556
1790174716.9076312,47.49469499802217
1790174716.91184,2.849369997420581
1790174717.0029454,2.9501359967980534
1790174717.013308,2.8824589971918613
1790174717.0484326,3.6755000000994187
1790174717.0571873,3.822517999651609
1790174717.070966,47.35240999798407
1790174717.0829616,44.21962299966253
1790174717.1211433,4.637732999981381
1790174717.143598,4.691057998570614
1790174717.1472793,46.751859998039436
1790174717.193185,4.378082001494477
1790174717.193652,5.49246199807385
1790174717.2512171,7.2639829995750915
1790174717.2539008,5.133893999300199
1790174717.2892344,4.526999000518117
1790174717.3351822,49.18241599807516
1790174717.351772,48.62591000346583
1790174717.3642108,5.320768999808934
1790174717.38671,5.0850179977715015
1790174717.3884287,5.53051799943205
1790174717.3891392,4.972222999640508
1790174717.4069812,46.72765700161108
1790174717.4086797,4.267978998541366
1790174717.4536672,3.716700000950368
1790174717.5441418,2.827329997671768
1790174717.5811646,5.676638997101691
1790174717.5819635,8.180576001905138
1790174717.6245728,6.186713002534816
1790174717.6507115,3.6291059986979235
1790174717.6960354,5.524561998754507
1790174717.6974938,5.170596999960253
1790174717.6989138,44.68489099963335
1790174717.7067828,4.203256001346745
1790174717.7425764,3.3296029978373554
1790174717.7755823,5.743986999732442
1790174717.7988224,3.722459998243721
1790174717.8256476,3.3245599988731556
1790174717.8611734,4.637087000446627
1790174717.8716562,45.71549499814864
1790174717.9234936,3.3184220010298304
1790174717.9951744,46.59571799857076
1790174718.009005,6.217231999471551
1790174718.053315,7.312230998650193
1790174718.0560262,4.693012000643648
1790174718.0659657,3.732074997969903
1790174718.1036847,6.353535998641746
1790174718.1055431,6.209985000168672
1790174718.1110394,50.721063002129085
1790174718.1553984,2.7831949992105365
1790174718.1789317,45.06483699879027
1790174718.1831343,3.3660440021776594
1790174718.1832645,44.46576799819013
1790174718.2229104,46.56366199924378
1790174718.2249188,3.065978002268821
1790174718.2535527,3.553431997715961
1790174718.2567647,3.1967370014172047
1790174718.2872503,45.609153999976115
1790174718.3149366,45.355496997217415
1790174718.3191767,5.4528110013052355
1790174718.3492935,3.145896000205539
1790174718.366531,4.618147999281064
1790174718.3683817,3.5225360006734263
1790174718.431191,47.26357300023665
1790174718.4613838,3.4237340005347505
1790174718.4629772,2.977369000291219
1790174718.476657,3.691390000312822
1790174718.477222,3.2697630012989976
1790174718.5264173,4.061594998347573
1790174718.53098,44.20853400006308
1790174718.538653,4.124500002944842
1790174718.5681827,2.975086001242744
1790174718.57802,3.2097889998112805
1790174718.583083,51.540169999498175
1790174718.5998485,45.297353997739265
1790174718.6161516,46.817278998787515
1790174718.6169844,9.50064200151246
1790174718.6173835,7.192442997620674
1790174718.6202207,5.167363000509795
1790174718.654916,46.40051900059916
1790174718.675209,3.6223579991201404
1790174718.6754482,46.44783999901847
1790174718.7468393,3.2303309999406338
1790174718.7558017,2.7633259996946435
1790174718.7670345,2.838233001966728
1790174718.8039312,4.323634999309434
1790174718.8044255,3.756362999411067
1790174718.8114965,44.271770002524136
1790174718.8365517,4.686727999796858
1790174718.843143,44.93146599997999
1790174718.8631082,46.36379400108126
1790174718.8747768,3.3108689967775717
1790174718.8804796,3.2741100003477186
1790174718.8977365,2.8641040007642005
1790174718.9395337,7.743376998405438
1790174718.9402986,5.617389000690309
1790174718.9731798,3.814628998952685
1790174718.979065,49.7747410008742
1790174718.9893599,3.2967590013868175
1790174719.0227227,3.1567929981974885
1790174719.0479906,44.8108950004098
1790174719.0731242,3.2512029974895995
1790174719.0790663,3.08047699945746
1790174719.108507,4.416552998009138
1790174719.1417904,4.2590810007823166
1790174719.1504498,3.591758999391459
1790174719.1508956,45.39423300229828
1790174719.1679773,3.201908002665732
1790174719.1877975,45.11611099951551
1790174719.2813096,3.581544999178732
1790174719.3427706,6.250133999856189
1790174719.34343,4.684104002080858
1790174719.3773172,3.170042000419926
1790174719.399692,48.69273100121063
1790174719.4047673,3.1328400000347756
1790174719.4237485,45.005383999523474
1790174719.4533863,47.32159299965133
1790174719.4886396,4.5434550011123065
1790174719.4956775,4.2508490005275235
1790174719.5044336,4.467571998247877
1790174719.530672,3.82670800172491
1790174719.5527215,50.537352999526775
1790174719.5570054,5.9630630021274555
1790174719.5591433,45.91709899978014
1790174719.5733721,3.812569000729127
1790174719.6154397,3.4227799988002516
1790174719.615759,47.49200099831796
1790174719.6717818,46.61050399954547
1790174719.7300699,4.747734998090891
1790174719.7791963,44.46828300206107
1790174719.8332021,5.961004997516284
1790174719.8408062,4.133927999646403
1790174719.8840976,5.147405001480365
1790174719.88473,4.365106000477681
1790174719.947717,6.527405999804614
1790174719.9480731,44.63208899687743
1790174720.0213497,2.8475830004026648
1790174720.098871,3.5791990012512542
1790174720.135512,6.129516998043982
1790174720.1438546,4.75743000060902
1790174720.147307,43.96201299823588
1790174720.213382,4.026187998533715
1790174720.2706645,4.2336939986853395
1790174720.3083694,3.6312010015535634
1790174720.3499982,5.060550000052899
1790174720.3667488,5.849042001500493
1790174720.3827348,7.93047499973909
1790174720.447084,46.55720200025826
1790174720.4877925,3.2447129997308366
1790174720.4994411,3.189509003277635
1790174720.5367892,5.258715998934349
1790174720.555347,43.78602200085879
1790174720.5847793,5.803599997307174
1790174720.5949578,6.451384000683902
1790174720.6121802,48.99085500073852
1790174720.6405628,3.9560369987157173
1790174720.6825233,6.0847819986520335
1790174720.7341163,2.7415460026531946
1790174720.794213,5.386928001826163
1790174720.7950299,4.68195299981744
1790174720.8330488,3.8505200027429964
1790174720.847368,46.3029149977956
1790174720.9200928,3.6928509980498347
1790174720.9686925,6.651725998381153
1790174720.9695191,5.585800001426833
1790174721.0120082,4.038492003019201
1790174721.012903,4.0081939987430815
1790174721.0351396,46.305501000460936
1790174721.0396008,3.125623999949312
1790174721.0487597,2.864086000045063
1790174721.0572317,2.4430779994872864
1790174721.0586932,46.40655000184779
1790174721.0849314,2.6930960011668503
1790174721.0861082,35.60367200043402
1790174721.1037042,44.83024599903729
1790174721.1580377,3.662822000478627
1790174721.1842678,46.856809000018984
1790174721.2034907,3.6094610004511196
1790174721.2616653,2.8321790014160797
1790174721.2667425,2.5673139971331693
1790174721.3308203,4.930291001073783
1790174721.3505845,2.869961001124466
1790174721.382396,35.72335499848123
1790174721.3858066,3.076151002460392
1790174721.414386,3.1118429978960194
1790174721.428674,3.6097640004300047
1790174721.464719,45.33294700013357
1790174721.5079648,3.199053000571439
1790174721.5451531,5.762942000728799
1790174721.545393,48.96840999936103
1790174721.574901,3.0679060000693426
1790174721.6213684,45.943355002236785
1790174721.6232483,43.594646002020454
1790174721.640685,4.699413999333046
1790174721.681613,4.492904001381248
1790174721.6836784,3.9289470005314797
1790174721.6923957,3.2721769966883585
1790174721.7202559,46.18344900154625
1790174721.7680428,3.194441000232473
1790174721.8312159,44.31749799914542
1790174721.8583758,4.782935000548605
1790174721.8754027,3.8855179991514888
1790174721.8917618,46.085125002718996
1790174721.944011,4.0785780001897365
1790174721.9490473,3.7427679999382235
1790174721.9593573,45.28973400010727
1790174722.023491,3.967027998442063
1790174722.111752,3.3144949993584305
1790174722.120969,3.191346000676276
1790174722.144884,3.8762549993407447
1790174722.1547978,3.7532699971052352
1790174722.3391647,7.009895001829136
1790174722.3716083,4.939889000525
1790174722.3740985,4.460521999135381
1790174722.3761923,4.53184299840359
1790174722.4170563,5.674333999195369
1790174722.4471977,45.08671700023115
1790174722.4701579,4.422636997333029
1790174722.4719145,4.845168001338607
1790174722.5431163,2.999024000018835
1790174722.545895,2.763657001196407
1790174722.583635,3.8945320011407603
1790174722.6211798,46.23237599662389
1790174722.6304467,5.132780999701936
1790174722.6731784,6.686294000246562
1790174722.7294266,51.03218699878198
1790174722.7747674,3.896800997608807
1790174722.7755811,3.6245729970687535
1790174722.812357,47.637478997785365
1790174722.8210173,3.4981629978574347
1790174722.8340797,3.1659419983043335
1790174722.8511171,3.5316409994265996
1790174722.8638096,45.18958299740916
1790174722.9059503,4.835820000153035
1790174722.957297,48.6129160017299
1790174722.9806528,4.942745999869658
1790174722.994949,6.528940000862349
1790174722.9964898,5.563359998632222
1790174723.0580215,5.946308996499283
1790174723.0588863,4.456523001863388
1790174723.2108016,4.130362998694181
1790174723.2516336,3.800903999945149
1790174723.2635024,3.8697759991919156
1790174723.2833972,48.52448000019649
1790174723.308744,4.976834999979474
1790174723.315267,46.1670309996407
1790174723.3369055,3.0201689987734426
1790174723.352171,3.016516002389835
1790174723.3563068,2.397836997261038
1790174723.3715796,45.503818000725005
1790174723.412667,5.109457000799011
1790174723.5254695,4.421239002112998
1790174723.5314107,5.534030999115203
1790174723.5508635,3.3924260023923125
1790174723.6314483,49.394924000807805
1790174723.674718,4.349670001829509
1790174723.6847525,3.783324998948956
1790174723.6999497,6.796622998081148
1790174723.7022192,4.4805390025430825
1790174723.7428515,47.68205499931355
1790174723.747291,3.249853998568142
1790174723.7755044,2.950640002381988
1790174723.7831419,47.52635499971802
1790174723.8003845,47.569064001436345
1790174723.8247056,6.267630000365898
1790174723.8298943,4.7594970019417815
1790174723.868925,3.0900150013621897
1790174723.8908234,5.093150000902824
1790174723.910355,3.4206410018668976
1790174723.9439852,3.3266179998463485
1790174723.9522092,3.3996800011664163
1790174723.9669583,45.66144099953817
1790174723.9767923,2.9485310005838983
1790174724.0168757,47.861967999779154
1790174724.0670094,4.099326000869041
1790174724.1470468,4.010128999652807
1790174724.2803216,5.445964001410175
1790174724.333055,6.1121959988668095
1790174724.3354175,4.207819001749158
1790174724.3629806,4.357489000540227
1790174724.3928351,49.703235999913886
1790174724.4773736,48.83736100237002
1790174724.526888,5.076047997135902
1790174724.556871,3.316120000818046
1790174724.5627105,3.796699002123205
1790174724.6104484,50.44968000220251
1790174724.6135159,4.39982200259692
1790174724.6410332,3.8793400017311797
1790174724.6611512,4.452608001884073
1790174724.702777,4.40629600052489
1790174724.7031453,48.51182200218318
1790174724.7252214,3.4448570004315116
1790174724.758696,4.684196999733103
1790174724.8238196,6.077614001696929
1790174724.8248963,5.107129996758886
1790174724.8354144,3.600675001507625
1790174724.8393047,47.31180399903678
1790174724.842011,4.081005998159526
1790174724.875867,3.2499859989911783
1790174724.895756,45.572176000860054
1790174724.8959224,47.091371001442894
1790174724.9460576,4.627258000255097
1790174724.985801,3.2613009971100837
1790174725.0111332,48.87980599960429
1790174725.063752,45.95339200022863
1790174725.0781505,7.420043999445625
1790174725.0987856,4.534398001851514
1790174725.1205592,7.045788999676006
1790174725.1214862,5.886443999770563
1790174725.131086,49.13847799980431
1790174725.1677835,4.706996001914376
1790174725.170811,52.96085800000583
1790174725.2043588,4.023394998512231
1790174725.2445505,3.066328998102108
1790174725.2612612,3.023972996743396
1790174725.2997835,3.338193000672618
1790174725.3189049,44.89940699932049
1790174725.3339903,3.7402800007839687
1790174725.3483887,3.6167780017422047
1790174725.3595734,46.08894500051974
1790174725.3715324,3.6752740015799645
1790174725.386701,3.392258000531001
1790174725.3968725,3.733328001544578
1790174725.4418979,4.688815002737101
1790174725.455044,49.67199200109462
1790174725.4617915,2.814929001033306
1790174725.5027854,7.036905000859406
1790174725.510076,6.233580999833066
1790174725.5112777,49.28371200003312
1790174725.5197895,45.87918400284252
1790174725.551149,5.2179730009811465
1790174725.5662496,6.729574000928551
1790174725.5753894,46.282499002700206
1790174725.579092,46.542500000214204
1790174725.5831406,47.78642700330238
1790174725.6231961,47.35196700130473
1790174725.627388,5.685273001290625
1790174725.630547,5.372416999307461
1790174725.647013,52.05535699860775
1790174725.6750433,46.98751700198045
1790174725.6759326,5.180935997486813
1790174725.689905,3.551372999936575
1790174725.7528493,45.69307199926698
1790174725.755777,44.9738659990544
1790174725.7589157,49.34681099985028
1790174725.788363,5.722579000575934
1790174725.8296347,3.139420998195419
1790174725.8332121,3.242293001676444
1790174725.8394299,4.018620002170792
1790174725.8400168,3.6338680001790635
1790174725.854932,47.73375600052532
1790174725.889095,49.0608180007257
1790174725.958975,46.767141997406725
1790174726.0002317,4.789769998751581
1790174726.052836,3.938859998015687
1790174726.0535092,3.368550998857245
1790174726.1435897,4.598550000082469
1790174726.1790583,5.226522000157274
1790174726.2211716,49.58470500059775
1790174726.2418878,3.042500997253228
1790174726.354422,4.6369740011869
1790174726.3684747,3.492465002636891
1790174726.3986204,5.090109996672254
1790174726.4008446,3.734358000656357
1790174726.4037302,48.447459001181414
1790174726.4066725,3.937356999813346
1790174726.4424272,4.088881996722193
1790174726.463135,44.818611997470725
1790174726.47653,3.614096000092104
1790174726.5237014,3.2294279990310315
1790174726.555019,3.1947349998517893
1790174726.5620947,2.749244998994982
1790174726.6235085,4.107941000256687
1790174726.6255193,3.8982980004220735
1790174726.6612842,4.95078200037824
1790174726.66345,4.3024429978686385
1790174726.6787596,4.106971002329374
1790174726.6952503,44.09620300066308
1790174726.7329385,48.05373099952703
1790174726.750968,50.43768300311058
1790174726.8024259,3.220023998437682
1790174726.8727186,3.560680997907184
1790174726.899738,4.599025000061374
1790174726.9410393,50.592485000379384
1790174726.9639134,3.983119000622537
1790174726.995731,3.8081729981058743
1790174726.9991395,45.70580899962806
1790174727.0153296,46.104962999379495
1790174727.0939832,3.161576998536475
1790174727.1416452,5.67825700272806
1790174727.1610332,7.251554001413751
1790174727.1650562,6.449697000789456
1790174727.1677496,4.476742000406375
1790174727.2271512,5.78749999840511
1790174727.2406397,5.221306000748882
1790174727.2660556,4.619194998667808
1790174727.2726817,3.98449899876141
1790174727.2968917,3.1685270005255006
1790174727.3264372,3.348215999722015
1790174727.3356996,45.50328999903286
1790174727.3564458,44.46582899981877
1790174727.3842726,3.816260999883525
1790174727.4079905,50.15048600034788
1790174727.4252107,3.553891001502052
1790174727.448156,3.7151579999772366
1790174727.4793785,5.960418999165995
1790174727.5182264,3.1625820010958705
1790174727.5234005,51.02899899793556
1790174727.5268364,3.164931000355864
1790174727.5588331,3.76807299835491
1790174727.560197,3.461117998085683
1790174727.567108,44.572733000677545
1790174727.5751038,43.439359000331024
1790174727.58448,3.416059000301175
1790174727.6180568,3.126383999187965
1790174727.6420295,3.0981529998825863
1790174727.6468613,46.04072099755285
1790174727.6629887,43.43580299973837
1790174727.6925414,3.261318997829221
1790174727.735994,3.1401560008816887
1790174727.773241,5.243923998932587
1790174727.7802937,4.805391999980202
1790174727.7825375,4.058780999912415
1790174727.839222,46.64241800128366
1790174727.9128585,3.1148019988904707
1790174727.914796,51.49214000266511
1790174727.9197454,2.742376000242075
1790174727.9354084,2.89488799899118
1790174727.9629302,43.01684800157091
1790174727.9799314,44.98065400184714
1790174728.0211122,3.610321000451222
1790174728.068726,3.160133997880621
1790174728.0761538,2.570557000581175
1790174728.1082742,3.9400450004904997
1790174728.1524794,49.10756699973717
1790174728.155031,4.32799899863312
1790174728.1720533,47.52084099891363
1790174728.2249897,3.7477999976545107
1790174728.2391846,3.4426790007273667
1790174728.32428,4.363121999631403
1790174728.347486,3.281760000390932
1790174728.364289,4.071225997904548
1790174728.3791122,4.4781760007026605
1790174728.3989508,4.175105998001527
1790174728.427431,47.59224000008544
1790174728.4627256,49.732186998880934
1790174728.502761,43.80016600043746
1790174728.504254,4.278447002434405
1790174728.6221204,5.541065998841077
1790174728.6273956,3.904643999703694
1790174728.6539822,3.4625150001375005
1790174728.660388,2.880320000258507
1790174728.6688318,3.325260000565322
1790174728.6700318,2.9173220027587377
1790174728.7175474,46.489194999594474
1790174728.7363677,4.045301000587642
1790174728.7774806,3.260331999626942
1790174728.804291,48.3294060031767
1790174728.8291287,3.554229999281233
1790174728.870966,46.87706899858313
1790174728.8919435,48.58401100136689
1790174728.9607732,3.339670001878403
1790174728.9905536,4.394866002257913
1790174729.0516794,4.021472999738762
1790174729.067289,2.8347810002742335
1790174729.0875747,2.7706880027835723
1790174729.1186802,5.718274998798734
1790174729.124762,48.68987100053346
1790174729.185897,3.230827998777386
1790174729.190939,45.95524699834641
1790174729.2643635,5.348097001842689
1790174729.2910914,3.632284002378583
1790174729.2931428,3.2530290009162854
1790174729.35017,6.324091998976655
1790174729.352354,4.637281002942473
1790174729.3549762,45.11425500095356
1790174729.4062757,4.387118999147788
1790174729.4669533,4.9580039994907565
1790174729.4694955,4.410243000165792
1790174729.4896674,4.056254998431541
1790174729.5430176,5.652579002344282
1790174729.5746036,54.420630000095116
1790174729.6531305,6.21339600184001
1790174729.671816,4.782254000019748
1790174729.7188296,3.830145000392804
1790174729.7632074,44.15477599832229
1790174729.7653995,5.395581996708643
1790174729.7873428,3.7980909983161837
1790174729.8208497,46.619660999567714
1790174729.8337843,5.507668000063859
1790174729.8947687,4.505705997871701
1790174729.9195452,2.9687739988730755
1790174729.9232786,3.0292179981188383
1790174729.9338758,3.708386000653263
1790174729.9969037,6.777906000934308
1790174729.998691,6.76984800156788
1790174730.0382147,3.63582300269627
1790174730.0428193,3.5020559989789035
1790174730.046811,47.797518000152195
1790174730.0490818,3.7236989992379677
1790174730.0926375,48.27511400071671
1790174730.0962138,5.320214997482253
1790174730.1496282,3.0123949982225895
1790174730.1509042,47.85662699941895
1790174730.1593106,4.619027000444476
1790174730.202867,46.37850699873525
1790174730.2099307,3.2844179986568633
1790174730.2148852,46.56328199780546
1790174730.2883637,5.9853009988728445
1790174730.3594286,50.72538799868198
1790174730.3629096,7.260406997374957
1790174730.3746276,4.543175997241633
1790174730.3921912,3.5633219995361287
1790174730.4112616,47.92712000198662
1790174730.4230025,50.054207000357565
1790174730.4364524,3.9049749975674786
1790174730.4684176,2.968525997857796
1790174730.4709148,50.245742000697646
1790174730.4790099,48.85552199993981
1790174730.4915578,44.21064299822319
1790174730.5498085,3.1361229994217865
1790174730.559732,4.8117710030055605
1790174730.5727577,2.9417820005619433
1790174730.6137528,3.1078649990377016
1790174730.6259975,2.8049280008417554
1790174730.646374,4.280598001059843
1790174730.7109077,6.94248800209607
1790174730.7304776,3.348326001287205
1790174730.785828,47.07219700139831
1790174730.787006,47.3499770014314
1790174730.78925,4.592593999404926
1790174730.8745372,4.135317001782823
1790174730.9020538,5.602922999969451
1790174730.910826,5.429405002359999
1790174730.9354832,57.90687800254091
1790174730.9431734,45.42118099925574
1790174730.9833777,5.182050001167227
1790174731.0135243,6.060479001462227
1790174731.0311007,11.458779998065438
1790174731.034959,46.11111700069159
1790174731.058729,4.062644999066833
1790174731.0735788,3.255638999689836
1790174731.0841525,3.332363998197252
1790174731.1492076,46.215228001528885
1790174731.1550817,5.0061560032190755
1790174731.1563997,4.134160997637082
1790174731.1601593,3.1864500015217345
1790174731.2323623,5.795913999463664
1790174731.271328,6.530851002025884
1790174731.2961113,2.9365059999690857
1790174731.311906,49.662589000945445
1790174731.376546,3.0553249998774845
1790174731.4197748,4.860248998738825
1790174731.4365659,46.818339000310516
1790174731.4697876,3.237687000364531
1790174731.4963477,47.08388299695798
1790174731.5156837,45.05282800164423
1790174731.5315723,6.219737999344943
1790174731.5478237,4.877727998973569
1790174731.5829191,47.39799199887784
1790174731.6141074,3.0750670011912007
1790174731.663458,3.558923999662511
1790174731.6731791,3.5662250011228025
1790174731.6910286,53.63849900095374
1790174731.6972837,2.8449969977373257
1790174731.7166445,4.641989999072393
1790174731.7283323,45.52485200110823
1790174731.7839024,3.317972001241287
1790174731.823296,3.9064539996616077
1790174731.8250864,3.4749770020425785
1790174731.8780608,4.489178998483112
1790174731.8802652,4.056501002196455
1790174731.923899,4.68918600017787
1790174731.9632754,4.134872000577161
1790174732.0081596,3.6280360000091605
1790174732.0088258,3.281760000390932
1790174732.031894,3.911895997589454
1790174732.0569184,3.542489001119975
1790174732.1111805,3.48202000168385
1790174732.1129572,3.3088449999922886
1790174732.1357312,47.55619199931971
1790174732.1808138,3.6262020003050566
1790174732.1896021,3.1187019994831644
1790174732.2041738,2.994605001731543
1790174732.241285,3.286785002273973
1790174732.2866497,5.087248002382694
1790174732.2877536,4.616846003045794
1790174732.3188636,2.78939000054379
1790174732.3308446,2.820466001139721
1790174732.346923,51.317498000571504
1790174732.3772867,5.970308000541991
1790174732.3876255,47.26297299930593
1790174732.400004,46.92250300286105
1790174732.4059355,3.1601730006514117
1790174732.4513981,44.41728699748637
1790174732.46701,44.587696000235155
1790174732.4683976,5.148478001501644
1790174732.5180194,4.017764000309398
1790174732.5183854,5.164128000615165
1790174732.5256681,3.1927060008456465
1790174732.5791464,45.18023000127869
1790174732.5984433,5.312212000717409
1790174732.6363049,3.307336002762895
1790174732.650098,2.873993998946389
1790174732.671081,47.76999099703971
1790174732.6927722,6.385225999110844
1790174732.7190216,3.7654640000255313
1790174732.755771,3.788891997828614
1790174732.7708662,3.1657010003982577
1790174732.8345234,3.3894080006575678
1790174732.8436303,3.5810650006169453
1790174732.8610413,2.899326998885954
1790174732.8781772,2.975227998831542
1790174732.8855202,2.9098229970259126
1790174732.91593,3.5244410028099082
1790174732.9348586,45.087541999237146
1790174732.947892,45.69870499835815
1790174732.995485,44.18832800001837
1790174733.0094955,7.046231999993324
1790174733.0128822,6.020876997354208
1790174733.0545185,3.8487739984702785
1790174733.0622668,2.9790200023853686
1790174733.0793715,3.121915000519948
1790174733.1108315,2.9554169996117707
1790174733.13187,4.663944997446379
1790174733.133895,3.9856930015957914
1790174733.1699936,3.207473000657046
1790174733.1752458,3.4539099979156163
1790174733.1869488,44.063807999918936
1790174733.1952224,47.58996400050819
1790174733.2749195,3.453604000242194
1790174733.2947447,4.571495999698527
1790174733.3411956,5.037311999330996
1790174733.3549736,3.517747998557752
1790174733.3553095,2.907965001213597
1790174733.3981066,5.460214997583535
1790174733.406747,3.1854110020503867
1790174733.4192777,43.57177999918349
1790174733.4429386,44.07664000245859
1790174733.4885259,4.442123001354048
1790174733.5109272,5.913265002163826
1790174733.5389974,8.215601999836508
1790174733.5407922,8.14057900061016
1790174733.5720887,3.0255130004661623
1790174733.5829978,46.4755429966317
1790174733.6005795,45.79195600308594
1790174733.6071842,48.95098999986658
1790174733.628751,3.9290620006795507
1790174733.6549733,44.77709099955973
1790174733.6588185,47.06360899945139
1790174733.6864305,3.137473002425395
1790174733.6909447,45.31308200239437
1790174733.7390556,4.634594999515684
1790174733.7555344,44.88246999972034
1790174733.782489,2.9376139973464888
1790174733.7828252,4.171939999650931
1790174733.8401527,6.471844000770943
1790174733.8422117,47.622430000046734
1790174733.8452818,5.1034300013270695
1790174733.932083,3.392406000784831
1790174733.9494352,5.2425680005399045
1790174733.9666734,3.7028760016255546
1790174733.9781852,3.128137999738101
1790174733.9914227,3.4887350011558738
1790174734.0036342,47.841522999078734
1790174734.0311177,4.101055001228815
1790174734.0715406,49.34833000152139
1790174734.1310277,2.8756709980370943
1790174734.1414158,2.7097539968963247
1790174734.17513,43.45676400043885
1790174734.2054622,4.5296969983610325
1790174734.2227626,47.42297699704068
1790174734.2493072,3.3416730002500117
1790174734.2588296,46.912427998904604
1790174734.2819798,3.212519000953762
1790174734.3000522,2.9861129987693857
1790174734.3028502,47.90481599775376
1790174734.3426924,5.7340170023962855
1790174734.3600385,46.331680998264346
1790174734.364203,44.6180769977218
1790174734.413635,3.0567009998776484
1790174734.440522,3.4324389998801053
1790174734.4837337,3.747667000425281
1790174734.4915009,3.3814929993241094
1790174734.4949956,3.4770759993989486
1790174734.50412,3.1756610005686525
1790174734.5057,3.124857001239434
1790174734.5325522,4.190655999991577
1790174734.5369508,4.035464997286908
1790174734.5428288,47.62657800165471
1790174734.5548964,48.459133999131154
1790174734.608667,3.1872500003373716
1790174734.6241508,3.1815729998925235
1790174734.6326728,3.245079002226703
1790174734.6556935,46.79233700153418
1790174734.691037,36.37748599794577
1790174734.6959,3.1081349989108276
1790174734.7246344,2.973211998323677
1790174734.7931623,6.318020001344848
1790174734.7957366,49.33239399906597
1790174734.797002,7.873763999668881
1790174734.7993407,6.157254003483104
1790174734.8480957,45.52333500032546
1790174734.8909252,4.141174002143089
1790174734.8927171,4.2805579978448804
1790174734.9232087,3.080628997849999
1790174734.9310696,47.696892001113156
1790174734.9910476,48.293316998751834
1790174734.9926138,5.89413399939076
1790174735.021779,3.14045199775137
1790174735.095443,5.083211002784083
1790174735.09712,46.225081001466606
1790174735.1233358,3.8692080015607644
1790174735.212313,4.0688560002308805
1790174735.261207,4.907684000500012
1790174735.3058112,5.896283997572027
1790174735.3148718,3.769514001760399
1790174735.3165069,3.48419100191677
1790174735.5072303,3.4927970009448472
1790174735.5167227,4.293590998713626
1790174735.5341947,2.860961001715623
1790174735.5880415,5.473922999954084
1790174735.6049256,4.54195799829904
1790174735.6336515,3.6610189999919385
1790174735.6509008,4.269314998964546
1790174735.6707973,45.656218000658555
1790174735.6717927,3.2008679991122335
1790174735.6941762,3.300369000498904
1790174735.6988487,38.7501750010415
1790174735.7244716,45.198723000794416
1790174735.766252,4.032754000945715
1790174735.7674625,3.73318100173492
1790174735.7708483,47.6755529998627
1790174735.785773,3.140143999189604
1790174735.8301096,5.284017999656498
1790174735.8321276,6.316597002296476
1790174735.8326678,4.781708998052636
1790174735.8916938,46.781819000898395
1790174735.8997126,3.4498599998187274
1790174735.9028542,47.24857300243457
1790174735.9456213,3.777107998757856
1790174735.970996,46.15426200325601
1790174735.9917042,2.9752160007774364
1790174736.019282,3.6424429999897256
1790174736.0472813,45.47950499909348
1790174736.0695877,3.660547001345549
1790174736.0788615,46.75533000045107
1790174736.105518,2.9337009982555173
1790174736.119732,45.66085300029954
1790174736.127487,5.134467999596382
1790174736.1708908,45.056471000862075
1790174736.17304,3.664161999040516
1790174736.1988168,45.27195300033782
1790174736.2269132,46.04422299962607
1790174736.245344,49.184462000994245
1790174736.2634053,3.4796420004568063
1790174736.2829213,4.667680997954449
1790174736.3017,3.1724889995530248
1790174736.4427226,3.5750440001720563
1790174736.4506378,3.111123001872329
1790174736.4545193,3.486325997073436
1790174736.4820793,2.748204002273269
1790174736.501645,4.209049999190029
1790174736.503148,4.050080999149941
1790174736.5211716,4.640892999304924
1790174736.5297241,3.686423002363881
1790174736.5480475,5.435209001007024
1790174736.5679626,45.163396000134526
1790174736.634155,3.0411370025831275
1790174736.6597652,4.792858999280725
1790174736.7039433,46.33165300037945
1790174736.7377915,3.072916002565762
1790174736.746763,3.0017610006325413
1790174736.8031404,2.9508799998438917
1790174736.8213336,3.314249999675667
1790174736.8292916,3.569938999135047
1790174736.8411386,3.1680669999332167
1790174736.8512876,44.30203599986271
1790174736.879444,45.06666000088444
1790174736.8868504,4.032834000099683
1790174736.8964407,3.5679739994520787
1790174736.929866,2.824276998580899
1790174736.952456,45.95253799925558
1790174736.963982,45.23177599912742
1790174737.0437582,48.13529899911373
1790174737.1278648,47.551571999065345
1790174737.1788967,3.122067999356659
1790174737.1897326,4.007438001281116
1790174737.2154632,3.4453570006007794
1790174737.2345865,3.958870001952164
1790174737.2353058,3.6824059970967937
1790174737.2501915,4.313097000704147
1790174737.2524505,3.534171999490354
1790174737.2718596,48.37303199747112
1790174737.2942731,3.578068000933854
1790174737.2978961,3.1916499974613544
1790174737.334929,48.1680070006405
1790174737.3564937,46.82989700086182
1790174737.4165506,48.523174998990726
1790174737.4175055,6.59311900017201
1790174737.4229038,10.627888997987611
1790174737.4663825,3.735500999027863
1790174737.5007443,7.506251000449993
1790174737.505885,7.848935001675272
1790174737.52179,3.2553220007685013
1790174737.5687914,6.732892998115858
1790174737.5692322,47.42471200006548
1790174737.572403,7.86384900129633
1790174737.5831735,45.115864002582384
1790174737.6422102,4.320560001360718
1790174737.6460407,3.2270669980789535
1790174737.7790003,6.361895997542888
1790174737.785522,5.1246719995106105
1790174737.7940874,4.7766200004843995
1790174737.878651,8.199603998946259
1790174737.8811042,5.961354003375163
1790174737.9119463,5.321910000930075
1790174737.9425838,2.9385980014922097
1790174737.9427216,45.4621489989222
1790174738.0270996,6.079535000026226
1790174738.0273302,47.040462002769345
1790174738.0817883,5.750214000727283
1790174738.0913792,46.87918399940827
1790174738.1533973,3.2692300010239705
1790174738.1553154,3.231926002627006
1790174738.1605568,2.709699998376891
1790174738.182138,3.1625499977963045
1790174738.2126808,5.962350998743204
1790174738.216185,3.271203000622336
1790174737.5218747,3.091639002377633
1790174737.5231738,49.645203002000926
1790174737.5577936,48.08790700190002
1790174737.5653796,3.5348810015420895
1790174737.6095865,50.49305799911963
1790174737.6158938,4.624874000001
1790174737.6268506,4.74603600014234
1790174737.6636279,3.9488619986514095
1790174737.6911054,3.6338399986561853
1790174737.6914158,51.44034100158024
1790174737.7114918,47.58676300116349
1790174736.8660772,3.584506001061527
1790174736.8752284,4.440557000634726
1790174736.8814723,4.510253998887492
1790174736.9337063,3.8919379985600244
1790174736.9374235,43.98079100064933
1790174736.9499192,46.18279400165193
1790174736.9934378,3.808569999819156
1790174736.9938283,3.1900869980745483
1790174737.0222147,5.128655000589788
1790174737.0266118,51.35363500085077
1790174737.0582135,4.0261189969896805
1790174737.0794752,2.9299529996933416
1790174737.093686,46.96674099977827
1790174737.112633,5.965919997834135
1790174737.113612,48.46673400243162
1790174737.18155,49.201581001398154
1790174737.2590978,3.058402999158716
1790174737.2852895,3.39740100025665
1790174737.337443,50.88257399984286
1790174737.3553016,45.407390000036685
1790174737.3651352,2.8834069998993073
1790174737.4105198,4.627204998541856
1790174737.4152792,3.8246739968599286
1790174737.44555,51.39084599795751
1790174737.4531815,4.238011999404989
1790174737.4579763,3.252477003115928
1790174737.461303,3.06384000214166
1790174737.4814994,46.8595929996809
1790174737.4963148,2.709196000068914
1790174737.4999268,2.9028399985691067
1790174737.5184479,48.160046000703005
1790174737.5543761,3.914335000445135
1790174737.5590756,3.6747470003319904
1790174737.6314676,3.295934002380818
1790174737.6712036,3.445996997470502
1790174737.7105465,5.112060000101337
1790174737.7225828,44.65743499895325
1790174737.7871487,2.895845002058195
1790174737.80093,4.125126000872115
1790174737.8255382,5.6348479993175715
1790174737.8320792,3.369426998688141
1790174737.8505387,46.237309001298854
1790174738.0089355,7.218618000479182
1790174738.0106566,3.9480119994550478
1790174738.060446,5.280952002067352
1790174738.108983,4.443984998943051
1790174738.1957595,3.4121000026061665
1790174738.2332997,4.343419001088478
1790174738.2539678,47.70380700210808
1790174738.304051,4.208542999549536
1790174738.329325,3.2198640001297463
1790174738.3849685,4.010081000160426
1790174738.4059286,46.91772099977243
1790174738.4345272,5.2202240003680345
1790174738.4403412,5.160746000910876
1790174738.563037,6.872022000607103
1790174738.5637634,5.429024000477511
1790174738.6179566,47.174023999104975
1790174738.630731,3.407057000003988
1790174738.7093678,3.4773469997162465
1790174738.7408373,5.540135000046575
1790174738.7462182,4.20277700322913
1790174738.7727537,4.338787002780009
1790174738.8013005,49.444234999100445
1790174738.8533194,3.2448819983983412
1790174738.8615472,45.8548980022897
1790174738.9195719,4.108758002985269
1790174738.9411807,3.738053001143271
1790174738.9995615,47.431502000108594
1790174739.0106056,3.744801000721054
1790174739.024097,4.214971002511447
1790174739.0619266,44.76749999957974
1790174739.0941393,49.107605998869985
1790174739.0950313,5.482303000462707
1790174739.0983431,6.145756997284479
1790174739.117262,49.55777899886016
1790174739.1355574,3.7702190020354465
1790174739.1454825,49.1120900005626
1790174739.1497972,6.188317998748971
1790174739.1684234,3.4697529990808107
1790174739.2021403,3.209763002814725
1790174739.2053146,47.37062799904379
1790174739.271971,3.79262599744834
1790174739.3639033,5.308749001414981
1790174739.453184,3.334692999487743
1790174739.4616168,3.1658520019846037
1790174739.4681458,3.264109000156168
1790174739.5213192,3.4944719991472084
1790174739.55461,2.8362699995341245
1790174739.5625925,2.7421260019764304
1790174739.6194315,6.002635000186274
1790174739.7013824,6.576583000423852
1790174739.701871,5.370013001083862
1790174739.703304,3.417807001824258
1790174739.7142704,2.821694997692248
1790174739.749548,44.99367700191215
1790174739.7677019,2.8365869984554593
1790174739.7736773,44.30594299992663
1790174739.8364754,6.172479002998443
1790174739.837724,5.663768999511376
1790174739.8392146,5.195490000915015
1790174739.8779452,5.680282996763708
1790174739.9326942,6.641173000389244
1790174739.9366052,6.108249002863886
1790174739.9723105,7.88505699892994
1790174739.9920213,6.383531999745173
1790174740.009117,6.678788999124663
1790174740.0175154,47.821113003010396
1790174740.0213475,46.77790999994613
1790174740.044829,3.7343929980124813
1790174740.0669181,3.2329640016541816
1790174740.1467428,3.473738001048332
1790174740.1570263,3.6063799998373725
1790174740.1827464,4.997451000235742
1790174740.1920185,2.8722719980578404
1790174740.2054374,44.293497998296516
1790174740.29501,4.132431997277308
1790174740.2966554,3.0311549999169074
1790174740.3209574,3.100190999248298
1790174740.3426278,47.323498998594005
1790174740.3473473,4.378926001663785
1790174740.3972907,45.95355200217455
1790174740.4386623,3.3418650018575136
1790174740.454128,4.1568950000510085
1790174740.4828076,48.64665499917464
1790174740.5329845,5.250590002106037
1790174740.5537398,47.576837001543026
1790174740.5585415,3.964022998843575
1790174740.5943732,2.79365100141149
1790174740.6256244,3.146017999824835
1790174740.6649928,6.508501999633154
1790174740.6694667,50.138692000473384
1790174740.705557,49.27597500136471
1790174740.7209027,4.939997001201846
1790174740.784721,3.42237400036538
1790174740.789185,46.53119299837272
1790174740.7910962,3.2441090006614104
1790174740.862816,5.519239002751419
1790174740.8673396,50.7100819995685
1790174740.8700683,5.539355999644613
1790174740.9212952,44.52922099881107
1790174740.9294152,44.34586099887383
1790174740.9325247,3.2680569966032635
1790174740.9353735,2.8355760005069897
1790174740.9748914,3.654369000287261
1790174740.9812138,4.454944999451982
1790174741.0052497,46.13170400261879
1790174741.0294495,47.83622499962803
1790174741.0410678,3.608156999689527
1790174741.0494597,3.4777689979819115
1790174741.069917,4.57321499925456
1790174741.0931895,4.154424997977912
1790174741.118508,6.114591000368819
1790174741.128125,5.375495999032864
1790174741.153485,51.51433599894517
1790174741.1766498,2.993570000398904
1790174741.1839147,3.5405300004640594
1790174741.2283602,3.6169029990560375
1790174741.2495027,48.34292699888465
1790174741.253429,50.13165599666536
1790174741.289377,49.15296499893884
1790174741.3093624,48.13779899996007
1790174741.3312345,4.135359999054344
1790174741.378666,3.259369001170853
1790174741.38724,3.419669999857433
1790174741.4216158,3.8156009977683425
1790174741.458811,48.17610499958391
1790174741.4958396,3.818744000454899
1790174741.4998758,3.6953230010112748
1790174741.546407,53.06449199997587
1790174741.5493164,4.693089002103079
1790174741.549554,51.34852100309217
1790174741.5659354,44.82087100041099
1790174741.5949662,48.537488997681066
1790174741.7123945,3.476834997854894
1790174741.7462792,4.588280997268157
1790174741.7650359,3.7384610004664864
1790174741.7926283,3.7720050022471696
1790174741.7970877,46.05475599964848
1790174741.8104951,4.366319000837393
1790174741.8293676,49.029350997443544
1790174741.8371673,44.26371699810261
1790174741.839119,3.6305569992691744
1790174741.8516974,3.793189000134589
1790174741.8577447,5.670091999490978
1790174741.9033875,49.54335200091009
1790174741.905306,45.91902399988612
1790174741.9054518,47.0767219994741
1790174741.9837143,48.90017800062196
1790174742.0085773,3.4130510030081496
1790174742.0164602,3.909369999746559
1790174742.0298684,4.422912999871187
1790174742.0613012,2.99666000137222
1790174742.0980315,4.607186001521768
1790174742.101516,47.1658380010922
1790174742.143739,3.6687579995486885
1790174742.1674423,2.8441579997888766
1790174742.1797996,4.218119000142906
1790174742.185911,39.899721999972826
1790174742.2060714,3.1320159978349693
1790174742.2376995,3.635002998635173
1790174742.2458131,3.946741999243386
1790174742.269539,46.48516200177255
1790174742.3132942,4.720794997410849
1790174742.3654432,3.434461999859195
1790174742.406483,5.241143000603188
1790174742.4187856,5.538525998417754
1790174742.5243018,5.801723000331549
1790174742.5866206,3.986433999671135
1790174742.612522,3.81493199893157
1790174742.6296241,5.268338998575928
1790174742.6556938,5.186505000892794
1790174742.6698942,2.934864998678677
1790174742.6851027,2.7019299996027257
1790174742.6975198,45.6046619983681
1790174742.7188733,47.16469000049983
1790174742.7408617,4.828064000321319
1790174742.7637496,4.415897001308622
1790174742.7777386,4.438420000951737
1790174742.780392,5.002882997359848
1790174742.8150566,46.42301500280155
1790174742.8573415,4.039661998831434
1790174742.8652968,47.06629100110149
1790174742.871453,3.1250579995685257
1790174742.9675097,4.48663499992108
1790174742.9689603,3.2376140006817877
1790174743.045432,44.0527650025615
1790174743.049852,3.312348999315873
1790174743.0571537,3.341059000376845
1790174743.0839174,3.290296997874975
1790174743.086507,3.7942029994155746
1790174743.1020982,45.871747002820484
1790174743.1057904,3.1919020002533216
1790174743.1217875,46.23145300138276
1790174743.1264052,4.3689759986591525
1790174743.1733851,3.668389999802457
1790174743.1809006,3.0487990006804466
1790174743.1940756,3.246229000069434
1790174743.2065306,3.062249001231976
1790174743.2748141,5.417910000687698
1790174743.313543,3.1540029995085206
1790174743.3367226,5.030682001233799
1790174743.338057,4.752508997626137
1790174743.3749409,5.8532570001261774
1790174743.4153688,3.7087880009494256
1790174743.4550636,5.992988997604698
1790174743.4805841,4.573015998175833
1790174743.505274,3.941452996514272
1790174743.509362,2.936729000794003
1790174743.514444,3.195399000105681
1790174743.5148647,2.7875300002051517
1790174743.5384054,48.00283299846342
1790174743.5460117,46.20174999945448
1790174743.564075,46.71415299890214
1790174743.567698,6.273008999414742
1790174743.5895352,3.887601000315044
1790174743.6086001,3.090961999987485
1790174743.637944,45.703821000643075
1790174743.6459558,3.1069990000105463
1790174743.686346,4.756170001201099
1790174743.7390468,47.44867100089323
1790174743.7516446,7.112152001354843
1790174743.7534075,5.657975001668092
1790174743.7545347,5.345805999240838
1790174743.7588131,5.135860999871511
1790174743.7996278,3.5715590020117816
1790174743.801334,46.77793399969232
1790174743.9321556,4.276485000445973
1790174743.9509795,6.022293000569334
1790174743.9793816,2.661657999851741
1790174743.9943972,49.988282000413164
1790174744.0444338,3.7226729982648976
1790174744.0494466,3.8634209995507263
1790174744.1212428,46.390614999836544
1790174744.1265993,3.3361860005243216
1790174744.132022,3.699730001244461
1790174744.1740997,3.268000000389293
1790174744.1756825,3.286028000729857
1790174744.216941,3.7348309997469187
1790174744.2249398,3.24290599746746
1790174744.2373202,46.337457999470644
1790174744.2519224,2.762971998890862
1790174744.2929552,5.707120999431936
1790174744.3519661,2.720297998166643
1790174744.3663902,48.993753000104334
1790174744.453778,3.274297996540554
1790174744.499278,6.287682997935917
1790174744.5967205,4.884264999418519
1790174744.60233,3.9362139978038613
1790174744.625325,4.054609999002423
1790174744.6545334,48.47903900008532
1790174744.6581714,5.108696001116186
1790174744.7265294,3.5243579986854456
1790174744.777416,45.99323599904892
1790174744.7797403,3.4284739995200653
1790174744.8408294,3.562125999451382
1790174744.8462837,3.2547830014664214
1790174744.8850656,3.736727998330025
1790174744.8868313,3.1431669995072298
1790174744.888412,3.069523998419754
1790174744.9262416,47.21880600118311
1790174744.9518774,3.541311998560559
1790174744.9981315,3.2822690009197686
1790174745.014671,3.5273380017315503
1790174745.0468514,4.945388998748967
1790174745.064995,4.6131160015647765
1790174745.0699794,4.233580999425612
1790174745.101358,46.22120899875881
1790174745.1269937,4.089113001100486
1790174745.1401477,3.7620709990733303
1790174745.1493273,50.89942999984487
1790174745.1501913,3.258534998167306
1790174745.1544437,3.4945830011565704
1790174745.199224,2.9815449997840915
1790174745.205355,47.28486399835674
1790174745.2421744,5.746741997427307
1790174745.3174896,5.766018999565858
1790174745.350823,4.487431000598008
1790174745.3808067,4.030788000818575
1790174745.383016,4.208567999739898
1790174745.3856459,48.06519100020523
1790174745.4061263,4.385345997434342
1790174745.4315236,4.2630539974197745
1790174745.4333973,47.34827799984487
1790174745.4525495,3.9152009994722903
1790174745.4616077,3.811841001152061
1790174745.469248,47.570070000801934
1790174745.4717007,4.311261000111699
1790174745.5104728,3.4713530003500637
1790174745.5353837,3.2660310025676154
1790174745.5869875,3.874980000546202
1790174745.635596,46.19819999788888
1790174745.6568725,3.9361239978461526
1790174745.6765954,3.4894069976871833
1790174745.7381861,5.672318002325483
1790174745.7854316,3.846352999971714
1790174745.7951326,3.486865000013495
1790174745.8042188,4.266820000339067
1790174745.8804913,4.107502001716057
1790174745.8907883,3.796660999796586
1790174745.9578664,5.224574000749271
1790174745.9680734,5.097394998301752
1790174745.9791505,3.8374889991246164
1790174746.0002117,4.2991570007870905
1790174746.0341876,48.48637499890174
1790174746.0392268,49.174838000908494
1790174746.07841,4.478871000173967
1790174746.098458,48.192004000156885
1790174746.1182945,5.393454001023201
1790174746.161763,46.33421800099313
1790174746.2061994,3.9909100014483556
1790174746.238531,3.7598079979943577
1790174746.2608964,5.061084000772098
1790174746.261457,4.152960998908384
1790174746.307559,3.7173710006754845
1790174746.3362074,3.014703001099406
1790174746.369329,3.4128389997931663
1790174746.3854651,46.82617100115749
1790174746.4149492,3.358928999659838
1790174746.4790587,2.9399020022538025
1790174746.495031,3.535293999448186
1790174746.4995954,3.7162709995754994
1790174746.5393598,49.87628700109781
1790174746.6500697,4.485006000322755
1790174746.6549017,3.3088149975810666
1790174746.694768,4.867968000326073
1790174746.721395,3.953962997911731
1790174746.7352304,3.6276279970479663
1790174746.7410893,3.0342809986905195
1790174746.7533965,47.699238999484805
1790174746.754253,3.7816100011696108
1790174746.782252,4.134042999794474
1790174746.789692,44.64682500110939
1790174746.8132637,4.069164999236818
1790174746.8251047,4.590607000864111
1790174746.825625,46.30954299864243
1790174746.8537025,4.692782000347506
1790174746.8694305,3.3977290004258975
1790174746.8696861,46.358897001482546
1790174746.8772676,46.45472099946346
1790174746.9404938,5.929438997554826
1790174746.941498,6.149690001620911
1790174746.9459374,4.4213299988768995
1790174747.0111415,47.02760999862221
1790174747.0829175,46.56325899850344
1790174747.1282527,6.1782759985362645
1790174747.153488,3.1854600019869395
1790174747.1884458,3.241793001507176
1790174747.1904745,45.01983799855225
1790174747.2202325,3.337575999466935
1790174747.290855,3.692154001328163
1790174747.331418,5.498711998370709
1790174747.345215,4.947246001393069
1790174747.34562,45.97948499940685
1790174747.3473582,4.260973997588735
1790174747.3946795,46.4881059997424
1790174747.4636407,4.995587001758395
1790174747.465501,5.174318001081701
1790174747.477307,48.197028001595754
1790174747.5178237,45.66120099843829
1790174747.5496476,47.28743899977417
1790174747.5572245,4.728413001430454
1790174747.5933883,4.0259950001200195
1790174747.6174436,49.808247000328265
1790174747.683801,3.6371520000102464
1790174747.7095351,3.4696779985097237
1790174747.7589478,4.041304997372208
1790174747.8079638,3.9485830020566937
1790174747.8092804,3.9099290006561205
1790174747.826233,45.96550799760735
1790174747.8771906,50.936634001118364
1790174747.8946915,3.997380001237616
1790174747.900891,4.7370849970320705
1790174747.992593,3.9471499985666014
1790174748.0369859,3.3085460017900914
1790174748.0410826,2.952203998574987
1790174748.081217,3.58553800106165
1790174748.0974276,50.13183299888624
1790174748.1056309,45.46224199657445
1790174748.1338406,49.97274000197649
1790174748.1383007,4.9258639992331155
1790174748.1442175,52.736776997335255
1790174748.1694164,46.37681500025792
1790174748.1824613,5.854161998286145
1790174748.189282,50.473188999603735
1790174748.2188475,3.8859109990880825
1790174748.2442045,3.1175240001175553
1790174748.2534273,46.58822599958512
1790174748.2918181,4.517670000495855
1790174748.3204234,4.417605003254721
1790174748.334492,4.265216997737298
1790174748.3522258,6.719193999742856
1790174748.3638415,3.9184970009955578
1790174748.3819048,3.4914140014734585
1790174748.3853564,46.988525999040576
1790174748.3859074,3.6136559974693228
1790174748.3886003,43.303449001541594
1790174748.3932872,45.49432700150646
1790174748.413502,44.03709699909086
1790174748.444024,4.939713999192463
1790174748.4667265,5.837132997839944
1790174748.4981349,4.563254999084165
1790174748.5054913,48.4915090019058
1790174748.547485,3.575885999453021
1790174748.573382,48.58923199935816
1790174748.5856674,5.3788069999427535
1790174748.6182992,3.047529997274978
1790174748.6280725,2.611972002341645
1790174748.6291494,50.28339799901005
1790174748.6295638,2.6781140004459303
1790174748.655783,3.529303001414519
1790174748.689706,47.690348998003174
1790174748.701097,6.33875200219336
1790174748.7114918,3.9444869980798103
1790174748.7435226,49.09485900134314
1790174748.7455108,2.918000001955079
1790174748.7739477,3.5955740022473037
1790174748.8110588,47.722289000375895
1790174748.8396008,2.913961001468124
1790174748.8562965,3.251665002608206
1790174748.8622768,3.184641002007993
1790174748.897679,47.526123002171516
1790174748.8984241,4.480598003283376
1790174748.91739,3.6216340013197623
1790174748.9176989,44.50750800242531
1790174748.9460063,47.078054001758574
1790174748.97359,45.31552199841826
1790174749.0109563,3.319816001749132
1790174749.0219343,45.177495001553325
1790174749.0235243,3.686355998070212
1790174749.057221,3.421920999244321
1790174749.0818028,3.1225820021063555
1790174749.1003013,3.206723999028327
1790174749.1078355,4.546203002973925
1790174749.1237342,3.2678729985491373
1790174749.1603878,3.231924001738662
1790174749.1772187,5.2353419996507
1790174749.1774328,46.632334000605624
1790174749.1855953,47.18425499959267
1790174749.185857,44.28110400112928
1790174749.2725089,3.040810999664245
1790174749.29253,3.510340000502765
1790174749.3034086,3.3681040004012175
1790174749.3371043,3.4982110009877943
1790174749.3379724,3.203061001840979
1790174749.345243,44.13992099944153
1790174749.356343,3.011564000189537
1790174749.4073064,5.969403999188216
1790174749.4409442,3.7339669979701284
1790174749.473673,46.75865199897089
1790174749.5184245,7.431399000779493
1790174749.5291655,4.31923900032416
1790174749.574633,4.259031000401592
1790174749.6991327,5.117201999382814
1790174749.727161,7.285708998097107
1790174749.7277637,8.55642099850229
1790174749.765817,49.001314997440204
1790174749.7771344,3.5157519996573683
1790174749.7899299,4.185959998721955
1790174749.8024404,48.27557099997648
1790174749.8258476,3.8634989978163503
1790174749.8402314,4.725591999886092
1790174749.8545954,45.18568799903733
1790174749.885387,4.0334309996978845
1790174749.8981714,44.53417699915008
1790174749.9002326,2.9667510025319643
1790174749.9061644,2.8284069994697347
1790174749.9093468,50.6137119991763
1790174749.9736118,44.57098800048698
1790174749.9947445,2.898705999541562
1790174750.019421,3.782779000175651
1790174750.0526772,5.755705002229661
1790174750.055336,4.854071998124709
1790174750.085361,47.53920199800632
1790174750.0880742,3.6861000007775147
1790174750.0935752,3.6581159984052647
1790174750.1418896,47.00512699855608
1790174750.160679,3.580742999474751
1790174750.1989763,46.155444000760326
1790174750.2015085,3.682170998217771
1790174750.2157576,3.6375999989104457
1790174750.250662,45.58059400005732
1790174750.2653172,4.556656000204384
1790174750.29725,48.332107999158325
1790174750.3372316,44.107232002716046
1790174750.3589256,5.558519998885458
1790174750.373405,46.86041999957524
1790174750.4057639,2.9131349983799737
1790174750.440349,5.204544999287464
1790174750.4698412,5.248809000477195
1790174750.5056117,47.71469999832334
1790174750.5079033,6.932465999852866
1790174750.511864,6.223215998033993
1790174750.5411332,53.7500030004594
1790174750.574204,6.341215997963445
1790174750.581748,5.170077998627676
1790174750.585563,63.72434900185908
1790174750.6413345,51.00594999748864
1790174750.6729116,6.577813997864723
1790174750.6759667,6.071120002161479
1790174750.7109063,48.25662300208933
1790174750.7738264,7.228259000839898
1790174750.7884867,7.292080998013262
1790174750.83849,49.29738300052122
1790174750.8429203,3.3808210027928
1790174750.8789089,6.983213002968114
1790174750.9082701,4.333413002314046
1790174750.9255848,3.62934800068615
1790174750.9453132,5.190374002268072
1790174750.9495723,44.160866000311216
1790174750.982901,4.016725000838051
1790174750.9879746,4.126389998418745
1790174750.9893043,45.994062998943264
1790174751.0208716,2.903942997363629
1790174751.0652661,45.74198800037266
1790174751.0664625,3.878641000483185
1790174751.0760195,3.679377001390094
1790174751.0928457,3.3357259999320377
1790174751.109189,4.07950999942841
1790174751.1295967,44.585772997379536
1790174751.1297998,46.729072000744054
1790174751.141046,3.2961900033114944
1790174751.1604788,4.82503899911535
1790174751.1856391,4.044199999043485
1790174751.1977994,44.97008100224775
1790174751.2907345,4.447833998710848
1790174751.3024385,3.3376700012013316
1790174751.3041303,3.2463580027979333
1790174751.3674488,45.27839100046549
1790174751.373606,46.075069996732054
1790174751.419705,3.2520290005777497
1790174751.421278,50.98143299983349
1790174751.4804597,5.755680998845492
1790174751.492541,4.395949003082933
1790174751.4936361,4.0309130017703865
1790174751.5311153,48.56264699992607
1790174751.6394715,4.1851480018522125
1790174751.6403189,3.778135000175098
1790174751.7099876,45.342375997279305
1790174751.7419715,2.8982240000914317
1790174751.7654872,3.6290999996708706
1790174751.8213847,47.838775000855094
1790174751.830087,4.808853998838458
1790174751.851033,2.7653839970298577
1790174751.8775885,45.90350699800183
1790174751.9150925,5.196433001401601
1790174751.9174037,46.24965599941788
1790174751.939878,4.129069999180501
1790174751.9710824,3.6917420002282597
1790174751.9811487,3.186552999977721
1790174751.982816,3.0735090003872756
1790174751.9892256,48.16063500038581
1790174752.0096445,3.564880000340054
1790174752.0213597,47.02821499813581
1790174752.0565932,5.631125000945758
1790174752.057393,45.908318999863695
1790174752.0672684,4.9887409986695275
1790174752.073486,46.03669099742547
1790174752.0756433,5.45342299665208
1790174752.1174462,48.80537500139326
1790174752.138251,47.651918001065496
1790174752.1526344,3.573216999939177
1790174752.1915605,3.8007229995855596
1790174752.2488582,3.122173002338968
1790174752.291931,5.042797998612514
1790174752.3161328,6.995502000791021
1790174752.320463,6.890977998409653
1790174752.3732066,5.278648000967223
1790174752.3778112,49.3923839967465
1790174752.3975337,48.84518800099613
1790174752.4274797,6.132046000857372
1790174752.4504206,46.091388998320326
1790174752.4524615,6.320595999568468
1790174752.4538567,5.24898799994844
1790174752.4733417,45.62383400116232
1790174752.4940155,3.6555600017891265
1790174752.5101533,45.02659900026629
1790174752.5230074,46.785024998825975
1790174752.576583,3.547300999343861
1790174752.585346,49.51425600302173
1790174752.5990934,4.737836999993306
1790174752.613527,3.3099480024247896
1790174752.6427262,45.580756002891576
1790174752.7077289,3.286985000158893
1790174752.7484114,5.000873999961186
1790174752.7594678,5.577792999247322
1790174752.761807,6.049231000361033
1790174752.7655385,50.574764998600585
1790174752.789908,3.6913359981554095
1790174752.8054996,48.27223900065292
1790174752.8335855,2.923574997112155
1790174752.8617854,3.324650999275036
1790174752.8823326,3.0722509982297197
1790174752.8872335,3.0781980021856725
1790174752.931953,4.833908002183307
1790174752.9373298,4.1257060001953505
1790174752.9813795,45.603480997669976
1790174752.9824865,4.185460998996859
1790174753.0299487,47.43991999930586
1790174753.0702302,3.332281001348747
1790174753.085331,46.00729499725276
1790174753.1285305,3.6644489991886076
1790174753.1343987,2.9881480004405603
1790174753.143846,3.212735002307454
1790174753.2026641,4.021172000648221
1790174753.2040436,4.167432001850102
1790174753.246262,3.5994040008517914
1790174753.2690666,4.344204997323686
1790174753.2875297,3.281064000475453
1790174753.3046756,3.1984980014385656
1790174753.3051276,2.6323029997001868
1790174753.3533726,4.446020000614226
1790174753.3828843,48.410041999886744
1790174753.412106,2.8850240014435258
1790174753.419485,2.5887339979817625
1790174753.4309182,3.538979999575531
1790174753.4379065,50.23371399875032
1790174753.460327,3.888063001795672
1790174753.4669433,3.8022810003894847
1790174753.468651,3.2535339996684343
1790174753.4913123,3.1166109984042123
1790174753.5013316,48.4260040029767
1790174753.5528693,3.9691439997113775
1790174753.5599735,4.551447000267217
1790174753.5928862,3.85503500001505
1790174753.6276503,3.420599998207763
1790174753.6763203,6.014105998474406
1790174753.6862957,44.879412998852786
1790174753.73222,47.16266000104952
1790174753.784404,3.9402069996867795
1790174753.8041618,3.0274529999587685
1790174753.8164878,2.9015770014666487
1790174753.838975,48.4120669971162
1790174753.8504944,45.82750600093277
1790174753.960152,3.083628002059413
1790174753.965711,3.295870999863837
1790174754.0163958,3.149110998492688
1790174754.0352361,49.45490500176675
1790174754.038173,4.149889002292184
1790174754.0400634,4.809173002286116
1790174754.0500677,48.45399699843256
1790174754.111305,5.456601000332739
1790174754.1377444,4.7976650021155365
1790174754.1576753,3.7274149981385563
1790174754.2177753,5.926945003011497
1790174754.2309387,4.645012999390019
1790174754.2617888,3.9996859995881096
1790174754.2623322,3.0856060002406593
1790174754.2696419,48.70191999725648
1790174754.30801,3.951932998461416
1790174754.316083,3.6581159984052647
1790174754.325525,3.808364999713376
1790174754.3471153,3.2312250004906673
1790174754.3613489,44.996180997259216
1790174754.3723073,2.885514997615246
1790174754.3773015,46.31536200031405
1790174754.3855321,43.802697997307405
1790174754.4437096,3.2410589992650785
1790174754.4532518,46.952754000813
1790174754.489439,3.236925997043727
1790174754.5145247,5.59100399914314
1790174754.522515,46.19458999877679
1790174754.5631495,3.628861999459332
1790174754.5694168,48.373794998042285
1790174754.608423,6.146114003058756
1790174754.6136217,4.638660000637174
1790174754.6741312,3.310810003313236
1790174754.7065222,6.462404002377298
1790174754.7188919,4.999863002012717
1790174754.7872548,46.53268299807678
1790174754.7940757,5.916722999245394
1790174754.803377,2.845741997589357
1790174754.8417928,4.301269000279717
1790174754.842062,45.47255899888114
1790174754.8422334,51.95945000014035
1790174754.9090712,5.997955999191618
1790174754.9156628,5.044397999881767
1790174754.9372575,5.4552140027226415
1790174754.982516,3.689895998832071
1790174755.0242355,3.6806549978791736
1790174755.043178,4.438396001205547
1790174755.0564024,3.6919070007570554
1790174755.0997264,49.70646199944895
1790174755.1476493,6.978340999921784
1790174755.1923425,3.5264549987914506
1790174755.1993852,4.936156001349445
1790174755.209435,4.184233999694698
1790174755.2218955,45.28466900228523
1790174755.267917,4.721887999039609
1790174755.288294,2.914180000516353
1790174755.3159587,6.455573002313031
1790174755.316882,5.797540001367452
1790174755.353445,49.60035600015544
1790174755.3712924,4.02968799971859
1790174755.3733807,44.442549002269516
1790174755.3832638,3.9685099982307293
1790174755.4042063,3.0713680025655776
1790174755.488647,3.1751749993418343
1790174755.4975915,3.218083998945076
1790174755.5014594,3.3536149967403617
1790174755.5416222,6.296308001765283
1790174755.544448,6.658753001829609
1790174755.545362,43.880503999389475
1790174755.547299,5.580185999860987
1790174755.5631263,50.963401001354214
1790174755.5938716,46.546880999812856
1790174755.6025615,49.63562500051921
1790174755.6098838,50.905023999803234
1790174755.6136389,50.09304199847975
1790174755.6547291,3.032353997696191
1790174755.6677957,3.189557999576209
1790174755.6692944,48.5785519995261
1790174755.6711962,3.017367998836562
1790174755.693814,46.142292998410994
1790174755.7069445,3.0075880022195634
1790174755.7637415,46.90708599810023
1790174755.7644598,5.224878001172328
1790174755.8234053,45.955133999086684
1790174755.8350139,3.0705150020367
1790174755.8874228,4.224430998874595
1790174755.896909,3.180379000696121
1790174755.915026,3.539402001479175
1790174755.9419181,3.4796580002876
1790174755.9628706,45.668140999623574
1790174755.9699185,46.76528900017729
1790174756.0271285,3.716678998898715
1790174756.0285985,3.0381689975911286
1790174756.0386918,3.2151970008271746
1790174756.0495706,2.7041940011258703
1790174756.1095963,3.259638000599807
1790174756.1257987,3.276990002632374
1790174756.1332548,48.45687499982887
1790174756.1338394,3.0495259998133406
1790174756.2182155,3.503263997117756
1790174756.267622,48.945917002129136
1790174756.2934628,5.655492001096718
1790174756.3199754,3.583712998079136
1790174756.345497,48.224898000626126
1790174756.3707538,2.954535000753822
1790174756.3818078,44.747144002030836
1790174756.4109764,3.5808270004054066
1790174756.4262831,3.877685998304514
1790174756.4293842,44.23744100131444
1790174756.4365225,4.910420000669546
1790174756.4539218,4.289390999474563
1790174756.4559567,3.764361001231009
1790174756.5095394,49.456202003057115
1790174756.510247,4.494704000535421
1790174756.558916,2.8528679977171123
1790174756.5739498,2.9485230006685015
1790174756.5949605,3.0080529977567494
1790174756.5980759,2.693188998819096
1790174756.6169906,3.375865999259986
1790174756.6252682,47.7076129973284
1790174756.6436155,37.8184239998518
1790174756.644137,4.023628996947082
1790174756.649369,48.2748319991515
1790174756.6823173,3.0348180007422343
1790174756.698995,2.974471000925405
1790174756.7240756,3.283316000306513
1790174756.7554266,47.29052599941497
1790174756.8615408,4.367456000181846
1790174756.8914955,5.95613699988462
1790174756.9148443,46.85562699887669
1790174756.976367,3.0003799984115176
1790174756.977089,51.02391299806186
1790174756.9818418,3.420405999349896
1790174756.9916754,2.5939570004993584
1790174757.0293665,3.6206810000294354
1790174757.0333815,46.42663800041191
1790174757.0864441,3.424704998906236
1790174757.108373,2.915708999353228
1790174757.1697807,4.337993999797618
1790174757.196132,5.044935998739675
1790174757.2097492,5.418560998805333
1790174757.2413437,44.89784600082203
1790174757.2493756,46.349783002369804
1790174757.316051,6.320627999230055
1790174757.3450706,6.126209002104588
1790174757.3782856,3.0422089985222556
1790174757.4572954,52.266204002080485
1790174757.489002,7.584284001495689
1790174757.4909346,6.575048999366118
1790174757.5335796,44.230134997633286
1790174757.5375597,6.4427819997945335
1790174757.5491562,4.072216001077322
1790174757.592881,3.1683370034443215
1790174757.6101906,3.395808002096601
1790174757.6238961,3.5064840012637433
1790174757.7479594,6.4225739988614805
1790174757.7639337,5.577534000622109
1790174757.7792554,6.080875002226094
1790174757.8359222,6.578745000297204
1790174757.8412125,3.9153770012489986
1790174757.8574178,48.09791600200697
1790174757.8589072,4.309904001274845
1790174757.8961895,2.8718510002363473
1790174757.9152613,3.855880000628531
1790174757.9227755,4.304681999201421
1790174757.9253924,48.046842002804624
1790174758.0769222,4.457482998986961
1790174758.1248522,5.4920100010349415
1790174758.13075,5.1791599980788305
1790174758.1884189,3.9272860012715682
1790174758.189314,46.868957000697264
1790174758.2600365,4.428315001860028
1790174758.3200967,3.867707997414982
1790174758.331268,3.251521000493085
1790174758.3697479,46.69403099978808
1790174758.3796427,6.016993997036479
1790174758.3818731,5.908539998927154
1790174758.4648287,5.902204000449274
1790174758.5295465,3.752631000679685
1790174758.5375688,2.9714029988099355
1790174758.5456336,46.43730599855189
1790174758.553864,3.3190649992320687
1790174758.5926342,6.190344000060577
1790174758.593538,6.382690000464208
1790174758.5974636,47.69597699851147
1790174758.6629965,3.9548060012748465
1790174758.6724374,3.8493800020660274
1790174758.7216613,3.11028799842461
1790174758.7310908,2.6305989995307755
1790174758.7659066,3.879710999171948
1790174758.8123326,5.2389849988685455
1790174758.8132665,4.974622999725398
1790174758.8134952,49.46037800254999
1790174758.8139026,4.624421999324113
1790174758.8172863,49.39362000004621
1790174758.8662848,45.35876899899449
1790174758.8669972,6.46880800195504
1790174758.8771038,5.0271690015506465
1790174758.927173,3.3228749998670537
1790174758.9516144,2.9021219997957814
1790174758.9634185,2.725792001001537
1790174759.061798,4.654512002161937
1790174759.0873694,4.285580998839578
1790174759.092402,3.875975002301857
1790174759.1201153,3.1257139999070205
1790174759.1418185,44.330093998723896
1790174759.1583176,46.74362399964593
1790174759.1614144,5.023557001550216
1790174759.22062,4.941895000229124
1790174759.2256744,44.14946800170583
1790174759.2259355,48.32156100019347
1790174759.297487,5.670380000083242
1790174759.3356826,3.749917999812169
1790174759.3429122,3.1815620022825897
1790174759.3859181,3.948880999814719
1790174759.4141414,9.889173998089973
1790174759.415593,9.219104002113454
1790174759.445513,47.506417002296075
1790174759.4648237,4.745464997540694
1790174759.4963424,48.261227002512896
1790174759.4982314,4.3609679996734485
1790174759.4986172,3.652417999546742
1790174759.5057461,48.59389200282749
1790174759.580911,3.510842001560377
1790174759.5933695,2.908579001086764
1790174759.6297016,3.7981669993314426
1790174759.649632,2.720379001402762
1790174759.6564958,2.8635220005526207
1790174759.7767992,3.412156002013944
1790174759.780052,2.801124999677995
1790174759.8299015,48.140378999960376
1790174759.8326244,49.56803399909404
1790174759.8396726,9.293428996898001
1790174759.8557112,3.222423001716379
1790174759.8597107,3.177933998813387
1790174759.8817663,49.117157999717165
1790174759.8956873,48.65858600169304
1790174759.92898,7.62684900109889
1790174759.939946,4.937923000397859
1790174759.9503398,3.2063159997051116
1790174759.973179,49.307724002574105
1790174759.9812791,51.6663670023263
1790174760.0006566,2.7615330000116955
1790174760.02178,47.38536800141446
1790174760.058663,3.860652999719605
1790174760.0880313,2.7358400002412964
1790174760.1291313,5.674395000824006
1790174760.1491916,4.94925499879173
1790174760.1519632,4.357972000434529
1790174760.1856248,45.204242000181694
1790174760.2232394,48.28475700196577
1790174760.257427,6.713284001307329
1790174760.264544,5.308203002641676
1790174760.3240905,3.524028001265833
1790174760.3567538,5.441162000352051
1790174760.4272316,3.2165820011869073
1790174760.4665804,4.532594000920653
1790174760.4773343,4.911738000373589
1790174760.518021,3.19288399987272
1790174760.5359926,2.9102480002620723
1790174760.5541902,44.321205001324415
1790174760.5814874,43.83401200175285
1790174760.597455,43.72578200127464
1790174760.6254969,46.509583000442944
1790174760.6476846,47.18076800054405
1790174760.6582096,4.9138889989990275
1790174760.7012625,45.859298999857856
1790174760.715762,2.9642940025951248
1790174760.7319155,4.541246002190746
1790174760.7757127,47.20131399881211
1790174760.7834508,3.6973669994040392
1790174760.7995048,3.3339319998049177
1790174760.8073003,2.920476999861421
1790174760.854031,6.865843999548815
1790174760.8577173,43.525162000150885
1790174760.9185288,3.2805660011945292
1790174760.9200382,2.58416699944064
1790174760.9237046,2.430707998428261
1790174760.9250767,48.54371799956425
1790174761.0074532,6.053306999092456
1790174761.0226543,5.572752997977659
1790174761.0694528,6.637026999669615
1790174761.081301,48.941017001197906
1790174761.0892863,49.47845700007747
1790174761.1636379,2.900658000726253
1790174761.178955,4.603298002621159
1790174761.1856906,5.1771420003206
1790174761.2144115,4.276363000826677
1790174761.256173,5.80580800306052
1790174761.2587452,46.94772800212377
1790174761.3426082,3.259526998590445
1790174761.4113314,3.7325040029827505
1790174761.551595,7.194866000645561
1790174761.5544262,7.354291999945417
1790174761.605511,4.917866001051152
1790174761.6100395,4.137847001402406
1790174761.6674862,4.0668680012458935
1790174761.6717348,4.0334680015803315
1790174761.720104,3.694820999953663
1790174761.7251554,3.674912997666979
1790174761.7933757,4.773461998411221
1790174761.7959282,4.3862099992111325
1790174761.7971184,3.3102300003520213
1790174761.8076167,3.6256980019970797
1790174761.8363044,46.1958899977617
1790174761.8371937,4.391954000311671
1790174761.8539257,44.63849199964898
1790174761.8561866,3.639302001829492
1790174761.861476,43.82428100143443
1790174761.873243,45.59117300232174
1790174761.8935192,47.07213199799298
1790174761.9173043,4.393701001390582
1790174761.9303787,5.238472000201
1790174761.9571862,50.60770699856221
1790174761.9661417,3.2040650003182236
1790174761.9733014,45.830532999389106
1790174761.9812388,49.78275000030408
1790174761.9865198,3.294234000350116
1790174762.007705,2.7023050024581607
1790174762.0436053,3.5387379975873046
1790174762.0441203,4.262980000930838
1790174762.049035,49.84427599993069
1790174762.062761,4.9250230003963225
1790174762.0652037,5.095591997815063
1790174762.0795038,3.908994000084931
1790174762.0933485,45.83125100180041
1790174762.1044602,3.446438000537455
1790174762.1134226,47.029214998474345
1790174762.1305928,45.43113399995491
1790174762.1413336,46.03015300017432
1790174762.183571,3.5519230004865676
1790174762.1925418,3.9772269992681686
1790174762.1965816,3.5970730023109354
1790174762.2093244,44.986972003243864
1790174762.2259789,4.032624998217216
1790174762.2532682,51.06088100001216
1790174762.26004,3.080017999309348
1790174762.2616167,44.34938699705526
1790174762.30547,45.17953100003069
1790174762.3159423,5.56978600070579
1790174762.4086637,5.291722998663317
1790174762.412658,3.1053469974722248
1790174762.4684215,3.882462999172276
1790174762.58289,5.708910000976175
1790174762.6079304,5.22378099776688
1790174762.6492698,3.659670001070481
1790174762.6884928,5.243340998276835
1790174762.7066288,4.431416000443278
1790174762.7736597,5.627417001960566
1790174762.7906559,4.500697999901604
1790174762.822083,46.56952300138073
1790174762.878161,4.214417000184767
1790174762.9281428,6.033552999724634
1790174762.9308822,6.58512300287839
1790174762.9312146,52.71202299991273
1790174763.010687,48.28018600164796
1790174763.0321622,4.976390999217983
1790174763.0771701,3.877851999277482
1790174763.081593,2.997234998474596
1790174763.1360555,49.23437600155012
1790174763.143558,6.768297000235179
1790174763.1461613,4.385105999972438
1790174763.193638,44.57666200323729
1790174763.242537,3.6886609996145125
1790174763.2513502,2.9642750014318153
1790174763.265176,3.8199810005608015
1790174763.3221896,3.67845900109387
1790174763.3424838,46.478633001243
1790174763.3531208,5.91228399935062
1790174763.3703241,4.784499000379583
1790174763.4093475,45.084039000357734
1790174763.4214551,44.035004000761546
1790174763.4415512,45.48673399767722
1790174763.4471931,3.553975999238901
1790174763.461482,50.4009149990452
1790174763.5254595,47.129637001489755
1790174763.5310318,4.091947001143126
1790174763.5323272,4.4320839988358784
1790174763.573347,44.3297439996968
1790174763.647688,4.858053998759715
1790174763.730562,6.065645997296087
1790174763.768429,4.594853999151383
1790174763.777928,45.806784000888
1790174763.8679128,3.7616129993693903
1790174763.872238,3.7387550000858027
1790174763.9056914,4.722163001133595
1790174763.907624,3.6462919997575227
1790174763.945419,3.6922070030414034
1790174763.9705696,5.5583629982720595
1790174763.9712946,4.2492850006965455
1790174764.0113077,48.444285999721615
1790174764.1025782,4.2542079972918145
1790174764.1159608,3.6440820003917906
1790174764.1192257,2.930172999185743
1790174764.16039,35.32637700118357
1790174764.1699598,2.956701999210054
1790174764.1774504,2.8114859997003805
1790174764.2148705,3.992149999248795
1790174764.2223773,44.328558000415796
1790174764.2309058,3.720450000400888
1790174764.2728665,3.0649760010419413
1790174764.276825,2.902070998970885
1790174764.320072,3.242220998799894
1790174764.3417008,46.886428997822804
1790174764.3778296,5.579492000833852
1790174764.3901234,44.34816599678015
1790174764.454957,3.3018819995049853
1790174764.513852,4.751268999825697
1790174764.5175176,51.24719700324931
1790174764.5392022,3.166112997860182
1790174764.5613961,4.0383140003541484
1790174764.5739498,44.3857249993016
1790174764.629647,50.03759700048249
1790174764.6500595,4.42684600056964
1790174764.6557448,4.1482439992250875
1790174764.6977172,44.859336001536576
1790174764.7038934,3.8119749988254625
1790174764.710755,3.1434019983862527
1790174764.7132678,45.30080699987593
1790174764.761066,4.643069001758704
1790174764.7902746,3.9476359997934196
1790174764.7918105,3.4782110014930367
1790174764.8134897,3.507606001221575
1790174764.822656,3.9689999975962564
1790174764.8633208,47.36466400208883
1790174764.8669322,3.013261997693917
1790174764.8859994,2.9576350025308784
1790174764.9317062,37.09669199815835
1790174764.9457345,45.8232080018206
1790174764.9507077,3.522998002154054
1790174764.953253,47.698194000986405
1790174764.9574802,3.6095399991609156
1790174764.9949102,2.918350000982173
1790174765.0099885,45.22719500164385
1790174765.057104,3.4339989979343954
1790174765.119186,4.15981600235682
1790174765.1300545,46.40966200167895
1790174765.1534111,3.739323998161126
1790174765.215074,5.264958999759983
1790174765.229391,47.42189099852112
1790174765.270788,48.15431799943326
1790174765.2854567,47.39890400014701
1790174765.327799,3.868427997076651
1790174765.3640924,5.083144998934586
1790174765.3651109,4.859739998209989
1790174765.3925657,3.0973350003478117
1790174765.4042943,3.065373999561416
1790174765.4202218,2.7709519999916665
1790174765.4296672,43.6655579978833
1790174765.4521506,3.558689000783488
1790174765.4640567,3.5446959991531912
1790174765.4771292,3.117274998658104
1790174765.5004206,3.2696230009605642
1790174765.5198097,2.966845997434575
1790174765.563138,4.08223399790586
1790174765.6278987,2.964569997857325
1790174765.679828,3.4848910036089364
1790174765.712929,3.7147500006540213
1790174765.7333584,5.295002003549598
1790174765.783225,5.719900000258349
1790174765.7866604,5.784368000604445
1790174765.8106234,46.77008300132002
1790174766.047267,3.6623460000555497
1790174766.0915997,4.034792000311427
1790174766.1015882,44.68756300047971
1790174766.1063561,3.126596002402948
1790174766.1541555,2.8732959981425665
1790174766.1772022,44.69748499832349
1790174766.1779575,3.6960249999538064
1790174766.2133582,47.100379000767134
1790174766.2547314,4.02166300045792
1790174766.2705681,3.1368730014946777
1790174766.2973979,48.79244200128596
1790174766.3328915,3.2038089993875474
1790174766.3331244,45.84863600030076
1790174766.3519645,4.186301001027459
1790174766.3789208,4.731697001261637
1790174766.3817167,4.638914000679506
1790174766.3934128,44.369747996825026
1790174766.4052985,47.37323300287244
1790174766.4287705,3.349632999743335
1790174766.4292376,48.945424998237286
1790174766.4415371,47.06522299966309
1790174766.4810994,3.4029999987978954
1790174766.5426574,3.9699469998595305
1790174766.544593,3.450743002758827
1790174766.60105,4.732526998850517
1790174765.904694,3.791678998823045
1790174765.9670594,5.212180996750249
1790174766.012311,43.88008599926252
1790174766.0137174,2.948164001281839
1790174766.0621092,45.29388399896561
1790174766.069872,4.267372998583596
1790174766.0717077,3.6150359992461745
1790174766.0768368,46.31762599819922
1790174766.0950043,3.40071699974942
1790174766.1220925,3.150053002173081
1790174766.1286516,47.152726001513656
1790174766.1326246,45.875845000409754
1790174766.138038,3.0214340004022233
1790174765.2736986,46.75529700034531
1790174765.2975323,45.18276999806403
1790174765.3335748,48.40482999861706
1790174765.3768077,2.925158001744421
1790174765.3772752,50.99554899788927
1790174765.3785703,3.174263001710642
1790174765.4195545,3.7707470000896137
1790174765.4298387,45.80016100226203
1790174765.4371765,44.57230000116397
1790174765.4433336,3.6967439991713036
1790174765.4548984,4.361104998679366
1790174765.4595032,2.8475470026023686
1790174765.483915,4.282792997400975
1790174765.4898221,45.641335997061105
1790174765.5336716,5.338773000403307
1790174765.5345566,4.79314800031716
1790174765.54618,3.5065980009676423
1790174765.5539832,50.268782000784995
1790174765.5804875,3.254562001529848
1790174765.597545,44.43199500019546
1790174765.6497808,3.3209419998456724
1790174765.6888871,3.553965001628967
1790174765.7024176,44.176658000651514
1790174765.7213378,4.938696001772769
1790174765.7719188,50.1162660002592
1790174765.7751982,4.514038999332115
1790174765.7870066,4.236769997078227
1790174765.8165038,6.686634998914087
1790174765.8440447,3.8364209976862185
1790174765.9059517,46.33836400171276
1790174765.9263692,4.186992002360057
1790174766.006755,37.49860700190766
1790174766.0310829,3.1508390020462684
1790174766.0602815,3.7383119997684844
1790174766.0621645,3.6027299975103233
1790174766.073423,3.0504750029649585
1790174766.083606,3.6505730022327043
1790174766.1322167,5.899362000491237
1790174766.1336675,44.344158999592764
1790174766.1953514,2.7448049986560363
1790174766.2674053,4.63631999809877
1790174766.292094,5.0536749986349605
1790174766.34387,3.8785360011388548
1790174766.347519,2.9956940015836153
1790174766.3536167,48.60818799716071
1790174766.3964014,2.846421000867849
1790174766.4058032,47.044793998793466
1790174766.4133365,3.6365419982757885
1790174766.4763494,3.3812900001066737
1790174766.4808142,3.2776860025478527
1790174766.5277808,5.624034998618299
1790174766.5290642,5.508804999408312
1790174766.5321455,2.849666998372413
1790174766.5538394,3.9632339976378717
1790174766.5575318,46.48727899984806
1790174766.598757,47.63072200148599
1790174766.6013181,3.894125002261717
1790174766.6156044,3.2070409979496617
1790174766.6254985,47.073555000679335
1790174766.6347759,2.839483000570908
1790174766.6411495,3.510008002194809
1790174766.6578445,46.366760001546936
1790174766.665526,46.43059199952404
1790174766.6816866,3.7215619995549787
1790174766.6895971,44.59234900059528
1790174766.725474,6.956224999157712
1790174766.7265394,4.260737001459347
1790174766.7319946,3.4500789988669567
1790174766.7695193,45.83659299896681
1790174766.770811,4.738858999189688
1790174766.7725856,4.950619000737788
1790174766.7895014,44.289154997386504
1790174766.797754,45.57601499982411
1790174766.8222797,3.249309000239009
1790174766.8745441,48.198971002420876
1790174766.9954066,3.1591410006512888
1790174767.0185556,4.687736000050791
1790174767.0256362,3.190512001310708
1790174767.0375798,4.053156000736635
1790174767.0543344,3.0627950000052806
1790174767.0658858,46.5430699987337
1790174767.086784,48.70401500011212
1790174767.1045718,3.414101000089431
1790174767.1098797,3.370874001120683
1790174767.1573048,45.36875100166071
1790174767.1579888,3.330453000671696
1790174767.1655319,3.3492789989395533
1790174767.1736403,2.674123999895528
1790174767.2055974,3.7855049995414447
1790174767.2135198,44.58277300000191
1790174767.2226305,3.1789479980943725
1790174767.2380853,46.93345699706697
1790174767.2522602,2.949538000393659
1790174767.2908056,4.182880002190359
1790174767.2975714,3.7656579988833982
1790174767.3014874,43.80224900160101
1790174767.3142233,4.156699000304798
1790174767.3424783,3.7843649988644756
1790174767.3563719,3.372932998900069
1790174767.366907,3.0335859992192127
1790174767.3812451,43.6168309970526
1790174767.402975,3.7129410011402797
1790174767.4093063,3.7527250024140812
1790174767.4254508,47.92296699815779
1790174767.4473994,3.4244170019519515
1790174767.470113,3.191396001057001
1790174767.4945319,3.98412199865561
1790174767.4962218,3.83113999851048
1790174767.518966,48.65612099820282
1790174767.5607455,42.88019200248527
1790174767.5734124,45.236390997160925
1790174767.5901968,4.047787999297725
1790174767.611793,4.286545001377817
1790174767.6433501,3.3386739996785764
1790174767.6437669,2.606026999274036
1790174767.661715,45.076366997818695
1790174767.695096,4.948983001668239
1790174767.697613,44.145058000140125
1790174767.765088,3.0512789999193046
1790174767.7652879,44.84998399857432
1790174767.773854,45.45757300002151
1790174767.8405757,3.2598539983155206
1790174767.8723385,3.958942001190735
1790174767.887593,4.018686999188503
1790174767.8925285,3.348105001350632
1790174767.935351,5.320959000528092
1790174767.9378028,4.2170250017079525
1790174768.0141487,4.069802998856176
1790174768.0177274,48.47094499928062
1790174768.0643642,3.6042690007889178
1790174768.069613,47.311704998719506
1790174768.0718515,3.455208003288135
1790174768.132155,5.104472002130933
1790174768.1334546,47.707198002171936
1790174768.134521,4.30970600064029
1790174768.1503792,3.470232000836404
1790174768.2297053,44.0273200001684
1790174768.2393818,4.721696001070086
1790174768.2810621,3.474883000308182
1790174768.3086934,4.464095000002999
1790174768.3300116,45.86820600161445
1790174768.337131,4.951626000547549
1790174768.3769395,3.760446998057887
1790174768.4043944,4.133808997721644
1790174768.4064572,3.8528199984284583
1790174768.4654918,45.03502000079607
1790174768.4896212,2.9294260020833462
1790174768.5213583,43.2468479993986
1790174768.5615063,4.902418000710895
1790174768.5617375,45.50156799814431
1790174768.5636888,4.628234000847442
1790174768.5815074,3.94319900078699
1790174768.5832136,3.055717999814078
1790174768.6143017,47.24798800089047
1790174768.628622,4.391651000332786
1790174768.6535,5.641698997351341
1790174768.690043,3.2815199992910493
1790174768.7122517,2.956626001832774
1790174768.7363386,3.2765969990578014
1790174768.846156,5.583098998613423
1790174768.8477175,5.203221000556368
1790174768.909165,3.493886997603113
1790174768.962159,3.7161910004215315
1790174769.0176601,3.1042839982546866
1790174769.0471096,3.848714997729985
1790174769.0774498,44.7888939997938
1790174769.0981686,47.33601699990686
1790174769.131008,48.32874099884066
1790174769.1380866,4.1196489983121864
1790174769.1457434,43.66041100001894
1790174769.1807156,3.5713260003831238
1790174769.1860237,3.0472340004052967
1790174769.2025762,3.371523998794146
1790174769.2043498,3.231647002394311
1790174769.2094917,47.226490001776256
1790174769.2705772,45.48034600156825
1790174769.2725904,5.097853998449864
1790174769.2747955,5.471533000672935
1790174769.307013,3.1924770009936765
1790174769.3211858,47.64738100129762
1790174769.322658,2.7997050019621383
1790174769.3709157,47.27640400233213
1790174769.3813627,3.880251999362372
1790174769.3928633,3.205688997695688
1790174769.420512,3.4066020016325638
1790174769.4354365,3.8063270003476646
1790174769.4415374,48.320824000256835
1790174769.4417164,45.169077999162255
1790174769.4672253,3.8903980021132156
1790174769.4864254,46.23007400005008
1790174769.4935513,44.67081099937786
1790174769.4985018,47.94836600194685
1790174769.5295556,3.7726910013589077
1790174769.5419877,44.569122001121286
1790174769.5471513,4.091253998922184
1790174769.5496733,50.48766300023999
1790174769.5534956,49.636538002232555
1790174769.6431513,3.3794640003179666
1790174769.685761,5.741477001720341
1790174769.6976957,4.286138002498774
1790174769.7122045,3.3173060000990517
1790174769.8078985,5.156868999620201
1790174769.810648,4.703390997747192
1790174769.8332152,3.7341499992180616
1790174769.854638,46.34970400002203
1790174769.8922493,3.80326599770342
1790174769.9055202,46.0900030011544
1790174769.9173925,4.613969998899847
1790174769.9558144,48.74498899880564
1790174770.0004795,5.044984001870034
1790174770.006374,5.599789998086635
1790174770.0201893,7.961154999065911
1790174770.0615795,47.004652999021346
1790174770.0938528,4.789581998920767
1790174770.0993872,2.914076998422388
1790174770.1998096,5.6431209995935205
1790174770.2159576,6.807338999351487
1790174770.2431514,6.204494999110466
1790174770.2503927,50.098488998628454
1790174770.2727325,5.9543770003074314
1790174770.323528,7.957927999086678
1790174770.3914578,5.064870998467086
1790174770.4197514,3.753585999220377
1790174770.4396656,3.0652290006401017
1790174770.4617903,48.18589299975429
1790174770.4662244,46.048347001487855
1790174770.5028675,6.5565950026211794
1790174770.5339184,4.014261998236179
1790174770.54559,51.56381900087581
1790174770.5535831,48.384363999502966
1790174770.5649579,4.093803003343055
1790174770.5979621,47.308216999226715
1790174770.6269712,4.720316002931213
1790174770.6734357,3.7880730014876463
1790174770.673682,45.70295399753377
1790174770.7442052,3.386882999620866
1790174770.7478426,3.362639999977546
1790174770.783233,3.5231030014983844
1790174770.788012,2.8879839992441703
1790174770.817784,45.97487699720659
1790174770.8439724,4.203513999527786
1790174770.8843384,3.8110329987830482
1790174770.8879118,3.3946000003197696
1790174770.9521492,3.493428997899173
1790174770.9584255,47.44928700165474
1790174770.9606576,3.3714169985614717
1790174770.965454,44.427165998058626
1790174771.028063,3.9011879998724908
1790174771.0337985,4.807958997844253
1790174771.034314,46.816457997920224
1790174771.0360806,4.186963000393007
1790174771.1031392,5.19634599913843
1790174771.10749,6.586127001355635
1790174771.1245742,3.718375002790708
1790174771.1339056,4.0600840002298355
1790174771.1422827,3.0996740024420433
1790174771.1575434,52.22038699866971
1790174771.1576912,46.83410099823959
1790174771.1946783,45.68027400091523
1790174771.226724,5.663830001140013
1790174771.2400534,4.623938999429811
1790174771.2459176,4.72158800039324
1790174771.2464406,48.701368999900296
1790174771.2789834,49.36323400033871
1790174771.3035057,3.7553059992205817
1790174771.3392355,2.845030998287257
1790174771.3647237,3.0738020032003988
1790174771.3694334,44.347684997774195
1790174771.4157836,4.898276001767954
1790174771.4221191,3.6213679995853454
1790174771.494839,2.8533969998534303
1790174771.558164,6.304915001237532
1790174771.6771445,5.706056999770226
1790174771.687077,3.287600000476232
1790174771.7153578,3.6968169988540467
1790174771.7559638,5.298461001075339
1790174771.7708297,48.29643899938674
1790174771.7766793,6.352079999487614
1790174771.7870388,3.9078760019037873
1790174771.8324735,3.3433220014558174
1790174771.83717,3.6751610023202375
1790174771.849994,46.23473099854891
1790174771.9783645,4.312176999519579
1790174771.9994183,4.244544998073252
1790174772.0013936,5.209006998484256
1790174772.003865,4.216258999804268
1790174772.0335863,48.4283059995505
1790174772.0479054,3.330764997372171
1790174772.075861,3.1786660001671407
1790174772.08298,2.85400800203206
1790174772.1066976,46.232627999415854
1790174772.1079292,3.865373000735417
1790174772.1345823,4.171898002823582
1790174772.1463187,3.501765997498296
1790174772.1706686,46.9820760008588
1790174772.248503,3.1175889998849016
1790174772.2826545,3.0365679995156825
1790174772.31317,6.466466998972464
1790174772.3147888,7.133863000490237
1790174772.3157008,5.173490000743186
1790174772.3174832,43.12948000006145
1790174772.3502257,46.063816000241786
1790174772.3593273,3.442092001932906
1790174772.3887339,3.361151000717655
1790174772.3925915,3.3479650010121986
1790174772.3932238,44.00689799877
1790174772.4016535,47.696809997432865
1790174772.4258268,47.197006999340374
1790174772.4456522,4.502232997765532
1790174772.4463747,4.109820998564828
1790174772.45037,46.42576199694304
1790174772.4690952,3.6093089984206017
1790174772.4975417,50.904399999126326
1790174772.497727,49.13049300012062
1790174772.5122578,3.81268500132137
1790174772.5337214,50.41611100023147
1790174772.5460796,45.519182000134606
1790174772.5883493,5.520892998902127
1790174772.5911229,4.7626500017941
1790174772.5943236,4.639763999875868
1790174772.6285965,4.7269770002458245
1790174772.6500301,44.52755199963576
1790174772.6909082,4.873608002526453
1790174772.707139,3.722801000549225
1790174772.7262473,45.492208999348804
1790174772.7421966,3.3558340001036413
1790174772.8271666,3.8654240015603136
1790174772.8570848,3.4808140007953625
1790174772.9138198,47.27531599928625
1790174772.9272678,5.890143002034165
1790174772.946146,3.698598000482889
1790174772.973354,45.02287799914484
1790174772.9752676,3.0706510005984455
1790174773.0138564,4.14067299789167
1790174773.025494,49.98845500085736
1790174773.079649,4.123964001337299
1790174773.0812848,2.739750998443924
1790174773.1371,6.3781120006751735
1790174773.1373758,43.96024900051998
1790174773.1414912,3.9170490017568227
1790174773.2028158,45.67862800104194
1790174773.2198815,48.87838599825045
1790174773.227638,4.730986998765729
1790174773.2736022,48.00463900028262
1790174773.291249,4.0180220021284185
1790174773.3453534,47.80144699907396
1790174773.3477461,4.149229996983195
1790174773.3661149,2.8421899987733923
1790174773.408275,2.5205129968526307
1790174773.4162874,2.7094049983134028
1790174773.4276843,3.183231998264091
1790174773.4414775,46.54849100188585
1790174773.463112,3.6662019992945716
1790174773.4697013,46.16751999856206
1790174773.5255196,46.06227299882448
1790174773.5338633,43.8940759995603
1790174773.598309,3.3663940012047533
1790174773.6424973,5.814208998344839
1790174773.6607413,3.9721210014249664
1790174773.685597,3.3936509971681517
1790174773.6894827,44.19522200259962
1790174773.7397938,47.096062000491656
1790174773.7593782,4.192396001599263
1790174773.823258,3.172661999997217
1790174773.8584723,2.961540001706453
1790174773.8972285,3.1650669989176095
1790174773.9491978,3.65874400085886
1790174773.9540215,3.718230000231415
1790174773.9679718,5.635473000438651
1790174773.9685512,5.844273997354321
1790174774.005597,48.0942230024084
1790174774.008907,3.1861479983490426
1790174774.0212584,48.13158300021314
1790174774.0218503,2.725823000218952
1790174774.0293252,47.82175000218558
1790174774.065465,48.12213399782195
1790174774.0839002,3.023919998668134
1790174774.1144075,3.096062999247806
1790174774.1264482,2.7881930000148714
1790174774.1378658,47.53299099684227
1790174774.280751,4.883606001385488
1790174774.3593705,4.215302000375232
1790174774.3610601,3.422575999138644
1790174774.41528,3.3220730001630727
1790174774.418614,3.0676370006403886
1790174774.4477322,4.57355900289258
1790174774.4624212,4.850343000725843
1790174774.4733822,3.8920869992580265
1790174774.525377,46.90252499858616
1790174774.601174,7.139630000892794
1790174774.605626,48.49424900021404
1790174774.6675808,6.21004599815933
1790174774.6697242,47.43364400201244
1790174774.6703823,5.7612920027168
1790174774.7969692,4.999177999707172
1790174774.8548698,47.14310000053956
1790174774.8787873,4.341236999607645
1790174774.8849862,3.4425260018906556
1790174774.9379106,4.692331000114791
1790174774.93836,3.9256050004041754
1790174774.9577322,46.77973800062318
1790174774.9960709,49.4656369992299
1790174774.9997203,5.298257001413731
1790174775.0664084,2.871488999517169
1790174775.0811086,3.127799998765113
1790174775.093022,3.455063997535035
1790174775.1693285,4.937632002111059
1790174775.1749783,4.217740999592934
1790174775.230863,7.012428999587428
1790174775.2371416,4.6140369995555375
1790174775.309013,8.5408049999387
1790174775.3120701,6.13762699867948
1790174775.3383536,4.047865997563349
1790174775.35077,3.309241001261398
1790174775.361458,46.38989000159199
1790174775.4522967,3.716888000781182
1790174775.5262172,4.979597997589735
1790174775.5854053,47.97267999674659
1790174775.5876572,3.360262999194674
1790174775.6427708,5.8889790016110055
1790174775.6591606,4.145709997828817
1790174775.6967714,5.429601998912403
1790174775.7104504,44.36108699883334
1790174775.7664695,4.292106001230422
1790174775.809887,4.665068001486361
1790174775.8164577,3.9416870022250805
1790174775.8309357,5.1153590029571205
1790174775.8480713,6.2699350019101985
1790174775.8805223,2.7597000007517636
1790174775.8904645,2.962159000162501
1790174775.897912,52.03383899788605
1790174775.9139397,5.65359400206944
1790174775.9145486,4.199226001219358
1790174775.9704716,3.8435440001194365
1790174775.9723346,3.0890689995430876
1790174775.9734342,47.67408699990483
1790174775.9794679,3.075508000620175
1790174775.9852993,46.894602997781476
1790174776.0230186,48.5042619984597
1790174776.0837367,49.62795699975686
1790174776.1013463,6.949336002435302
1790174776.1653364,4.068253001605626
1790174776.1960528,6.080516002839431
1790174776.2252371,4.201026000373531
1790174776.2575095,46.988496997073526
1790174776.2953432,47.23452800317318
1790174776.3294544,3.6000089967274107
1790174776.334786,3.3872000021801796
1790174776.3456078,45.692132000112906
1790174776.4108312,46.533204997103894
1790174776.4260776,43.895811002585106
1790174776.4630008,3.5920030022680294
1790174776.5420585,4.936162000376498
1790174776.5514085,3.0115529989416245
1790174776.5649357,2.8895789982925635
1790174776.6149595,45.27123299703817
1790174776.6277137,46.67885700109764
1790174776.659167,3.5283580000395887
1790174776.6787846,47.649663996708114
1790174776.6923923,3.5041010014538188
1790174776.7364175,4.472483000427019
1790174776.8315797,4.7628920001443475
1790174776.8718503,3.2005520006350707
1790174776.8840458,3.600455998821417
1790174776.8962142,4.537101001915289
1790174776.8975842,46.5754279975954
1790174776.96186,5.770043000666192
1790174777.012102,3.567502000805689
1790174777.0181613,3.9806690001569223
1790174777.0196867,4.1050410000025295
1790174777.0732818,3.7576680006168317
1790174777.0734327,47.87082099937834
1790174777.1414626,47.670582000137074
1790174777.1679103,4.639499002223602
1790174777.2072625,5.023226000048453
1790174777.208093,4.467787999601569
1790174777.213564,44.17313100202591
1790174777.282003,5.652241001371294
1790174777.306817,4.405327003041748
1790174777.3330772,3.98987599692191
1790174777.3751903,49.16875799972331
1790174777.3854637,47.44405800011009
1790174777.4449172,3.410917997825891
1790174777.455553,3.2015500000852626
1790174777.4750478,3.3080139983212575
1790174777.4830072,3.0610760004492477
1790174777.501528,45.81328499989468
1790174777.5070453,3.1121430001803674
1790174777.519661,3.3519399985380005
1790174777.5414212,46.86473599940655
1790174777.5615087,43.59453500001109
1790174777.6251502,6.463804002123652
1790174777.6693952,3.019583997229347
1790174777.7125542,6.398227000318002
1790174777.7433875,3.445569000177784
1790174777.7618039,3.2881109982554335
1790174777.824285,4.056657999171875
1790174777.8281524,5.170980999537278
1790174777.8432355,3.1675769969297107
1790174777.8440886,2.740771000389941
1790174777.8552651,3.1402019994857255
1790174777.9072142,5.494428998645162
1790174777.9186738,45.510632000514306
1790174777.940288,4.6913229998608585
1790174777.9860709,4.050575000292156
1790174777.9878418,4.825026000617072
1790174777.9924102,3.1424110020452645
1790174778.0015452,47.0352099982847
1790174778.057697,45.79422499955399
1790174778.120121,5.613749999611173
1790174778.122904,4.927314999804366
1790174778.1252508,4.6227689999795984
1790174778.1633375,3.918824000720633
1790174778.1775897,46.76998400100274
1790174778.186072,3.7423499998112675
1790174778.1995602,4.401357000460848
1790174778.2176387,3.369925998413237
1790174778.2346828,3.9317730006587226
1790174778.2415025,44.93963999993866
1790174778.2707593,45.13792999932775
1790174778.2775025,45.49225499795284
1790174778.2825625,3.115253999567358
1790174778.286692,3.16474300052505
1790174778.3189213,47.23628200008534
1790174778.362869,3.182696000294527
1790174778.3694627,49.769719000323676
1790174778.382453,3.1040520007081795
1790174778.3895836,47.127395002462436
1790174778.4171731,4.781407998962095
1790174778.535586,3.8851179997436702
1790174778.5920272,5.375123997509945
1790174778.6124554,4.707011998107191
1790174778.6414216,4.307713999878615
1790174778.6618893,3.8298149993352126
1790174778.6724935,3.1445909989997745
1790174778.6778457,48.62659299760708
1790174778.6786413,3.824991999863414
1790174778.7228024,46.1201770012849
1790174778.7293818,5.216189001657767
1790174778.7459176,47.664161000284366
1790174778.7700875,3.2439579990750644
1790174778.7818766,46.6707299965492
1790174778.7989247,48.5472749969631
1790174778.8524084,5.598134997853776
1790174778.8696377,5.487581001943909
1790174778.914303,3.2930999987001996
1790174779.0241368,4.765276000398444
1790174779.0373087,4.203782002150547
1790174779.038194,4.0599240019219
1790174779.072058,47.5088559978758
1790174779.0979898,4.118576001928886
1790174779.14557,3.9554659997520503
1790174779.1499636,4.018980002001626
1790174779.1667535,4.278240001440281
1790174779.205581,3.5551239998312667
1790174779.2126575,3.498943002341548
1790174779.2667646,6.307070998445852
1790174779.2695086,4.722587000287604
1790174779.318321,45.79270899921539
1790174779.3224618,2.8830629998992663
1790174779.342376,47.74670500046341
1790174779.421784,3.147038001770852
1790174779.4356265,3.164277000905713
1790174779.4816477,4.4548820005729795
1790174779.4822876,5.300497999996878
1790174779.4895232,3.516908000165131
1790174779.5215137,3.463338998699328
1790174779.5596812,49.11846200047876
1790174779.5824864,4.65923700176063
1790174779.6165817,5.02176000009058
1790174779.6269994,4.253265000443207
1790174779.6336784,4.25350500154309
1790174779.64726,4.239176996634342
1790174779.674905,46.61635299999034
1790174779.6958845,4.61342800190323
1790174779.7527556,2.8115259992773645
1790174779.8100293,4.33064699973329
1790174779.8178432,45.70349299683585
1790174779.8204062,4.791698000190081
1790174779.87812,44.92064800069784
1790174779.8832834,6.876938998175319
1790174779.9111004,3.5886480000044685
1790174779.9246078,3.3190760004799813
1790174779.9422593,49.79702800119412
1790174780.0196586,4.9898459983523935
1790174780.0222867,6.379917002050206
1790174780.0229416,5.0861999989137985
1790174780.0241675,4.122399001062149
1790174780.0753076,4.540242000075523
1790174780.093343,5.796312998427311
1790174780.1757524,5.911453001317568
1790174780.1948793,4.951504000928253
1790174780.2628381,2.935352000349667
1790174780.2684982,3.09813100102474
1790174780.2813442,3.305968002678128
1790174780.3232768,5.946835997747257
1790174780.3388772,3.2829709998623002
1790174780.366595,3.952463001041906
1790174780.3905175,47.72511500050314
1790174780.3930607,3.772112999286037
1790174780.422586,52.069520999793895
1790174780.4470448,4.209542999888072
1790174780.4578586,47.480456003540894
1790174780.4668558,3.8073950017860625
1790174780.4830945,4.200638002657797
1790174780.526281,46.12294899925473
1790174780.553706,47.436731998459436
1790174780.554678,5.40702800208237
1790174780.6088128,6.638329999987036
1790174780.6107862,6.030626002029749
1790174780.6404605,8.691112001542933
1790174780.7168057,2.8679760034719948
1790174780.7931125,50.889661000837805
1790174780.797381,6.072030999348499
1790174780.8165631,5.785515000752639
1790174780.8252943,5.996171999868238
1790174780.9043999,6.717494998156326
1790174780.9060733,49.60581799969077
1790174780.9521108,8.084810000582365
1790174780.9539251,6.733181999152293
1790174781.01392,5.842713002493838
1790174781.0185845,4.242545001034159
1790174781.072271,3.87466900065192
1790174781.0758433,3.2200770001509227
1790174781.1376476,5.101315000501927
1790174781.159578,5.942378000327153
1790174781.1639175,3.406059000553796
1790174781.2021606,4.4861390015285
1790174781.2361615,4.1016450013557915
1790174781.3088229,3.7205119988357183
1790174781.3128033,3.665303000161657
1790174781.3519719,3.696340998430969
1790174781.3700285,4.006361003121128
1790174781.4473467,3.7416989980556536
1790174781.4766881,5.16540899843676
1790174781.4906604,4.176529000687879
1790174781.5016809,43.819169000926195
1790174781.52263,2.750297000602586
1790174781.5513349,45.17591200055904
1790174781.5985577,3.48762099747546
1790174781.61834,46.11346300225705
1790174781.689229,3.352340998389991
1790174781.731985,5.525057997147087
1790174781.7396572,3.2101659999170806
1790174781.7814422,46.001048998732585
1790174781.8080986,2.9743250015599187
1790174781.813392,46.78539799715509
1790174781.8418775,3.3610890022828244
1790174781.8490946,3.219532998627983
1790174781.8756976,5.029513999033952
1790174781.918462,3.385889998753555
1790174781.9306445,3.6796309977944475
1790174781.9392903,3.275353999924846
1790174781.9551175,3.0629199973191135
1790174781.981376,47.40252899864572
1790174781.984354,4.099853998923209
1790174781.9867947,3.8350370014086366
1790174782.0282524,3.1123339977057185
1790174782.0332491,3.197144000296248
1790174782.0544589,44.644206998782465
1790174782.0702195,3.405784002097789
1790174782.108279,4.768902999785496
1790174782.1555364,3.8371420014300384
1790174782.1575296,52.08193499856861
1790174782.1658354,47.815501002332894
1790174782.1729999,3.420242999709444
1790174782.248127,5.4855349990248214
1790174782.2741375,3.6994070032960735
1790174782.2989056,49.55626200171537
1790174782.318453,5.275544001051458
1790174782.320476,4.063044998474652
1790174782.3451576,3.814810999756446
1790174782.3705444,45.6735480001953
1790174782.3743746,45.53624600157491
1790174782.4363155,3.804056999797467
1790174782.4591305,3.9646750010433607
1790174782.4708765,3.2470410005771555
1790174782.52477,6.042737997631775
1790174782.550647,4.947241999616381
1790174782.5853672,4.367800000181887
1790174782.5861478,4.128084998228587
1790174782.6396246,5.272933001833735
1790174782.6403863,5.016317998524755
1790174782.6453028,4.560015000606654
1790174782.6496198,46.89321300247684
1790174782.6851482,3.6555959995894227
1790174782.7081592,5.413635000877548
1790174782.7177615,45.975155000633094
1790174782.7393599,49.28613000083715
1790174782.756307,6.3086010013648774
1790174782.7578325,5.277020998619264
1790174782.8556347,7.229746999655617
1790174782.919422,5.601504002697766
1790174782.9614737,6.266005999350455
1790174782.964446,5.432136000308674
1790174782.9750888,5.413146998762386
1790174782.9862328,5.1520870001695585
1790174783.02615,47.53522700048052
1790174783.0508075,5.166969000129029
1790174783.1262045,6.489769999461714
1790174783.1473863,4.328054998040898
1790174783.1964304,5.577268999331864
1790174783.2319558,5.439311000372982
1790174783.3091457,6.559109999216162
1790174783.3350558,7.815499000571435
1790174783.337586,5.533062001632061
1790174783.3449733,3.554614002496237
1790174783.3655734,3.2528330011700746
1790174783.3980453,4.810647998965578
1790174783.4027264,3.56215900319512
1790174783.4060047,44.8747859991272
1790174783.455565,4.669179001211887
1790174783.467387,3.4704380013863556
1790174783.4777937,49.42463699990185
1790174783.5261085,5.1113640001858585
1790174783.528619,4.825642001378583
1790174783.5294542,6.84474800073076
1790174783.5653782,4.8759080018498935
1790174783.6053379,3.691357000207063
1790174783.6055427,46.76497800028301
1790174783.6459603,3.2586279994575307
1790174783.6586099,3.6678300020867027
1790174783.739164,45.77704899929813
1790174783.7734733,3.4746650017041247
1790174783.7813776,2.9264490003697574
1790174783.7893257,3.101477999734925
1790174783.8217611,46.927801999117946
1790174783.8404489,5.12224799967953
1790174783.8519716,3.2545219983148854
1790174783.9042602,3.1262179982149974
1790174783.9738245,6.731025001499802
1790174784.0104706,5.516840999916894
1790174784.0216763,44.56613799993647
1790174784.0687604,50.951209999766434
1790174784.0704925,8.407332003116608
1790174784.072773,6.687065000733128
1790174784.0751703,4.65017099850229
1790174784.1081645,3.0138829970383085
1790174784.1117744,2.5713040013215505
1790174784.1243243,3.1953709985828027
1790174784.1253715,44.149976998596685
1790174784.1662087,3.6346429988043383
1790174784.1945276,47.1001099977002
1790174784.2348213,2.943276998848887
1790174784.267163,47.143918000074336
1790174784.3217828,3.7702199988416396
1790174784.3297532,45.126913999411045
1790174784.3362157,3.8717190000170376
1790174784.3756692,3.5762109982897528
1790174784.405198,3.3314590000372846
1790174784.4195073,3.7676009997085202
1790174784.4491332,3.4990519998245873
1790174784.455639,3.9149520016508177
1790174784.4978576,48.435620999953244
1790174784.5098188,44.38166999898385
1790174784.5771785,3.9793180003471207
1790174784.6501484,3.4246180002810434
1790174784.6565764,3.1651079989387654
1790174784.7033703,5.778506001661299
1790174784.7909405,3.606357000535354
1790174784.8086722,3.9597729992237873
1790174784.8698924,5.703145998268155
1790174784.8714638,4.956065000442322
1790174784.8860989,3.5988719973829575
1790174784.9063172,3.7808329980180133
1790174784.9255304,46.6361329999927
1790174784.9522548,3.3156839999719523
1790174784.9700475,4.157383998972364
1790174784.9976914,4.411698999319924
1790174785.0018055,3.894534002029104
1790174785.01795,43.64503300166689
1790174785.0471084,3.41385199862998
1790174785.1042967,4.725569000584073
1790174785.1830618,6.131124002422439
1790174785.196438,6.129045999841765
1790174785.2095845,3.6189999991620425
1790174785.2193255,3.6291119977249764
1790174785.2495089,52.411656000913354
1790174785.261905,4.697610998846358
1790174785.2647738,4.853612001170404
1790174785.2708309,2.905987999838544
1790174785.2777464,50.12774099668604
1790174785.3264415,46.12161799741443
1790174785.3401608,3.7186980007390957
1790174785.3456743,44.802546999562765
1790174785.3834183,2.8233360026206356
1790174785.407875,2.82800900095026
1790174785.4336119,48.11323700050707
1790174785.4749377,2.876999002182856
1790174785.5351772,3.8180250012374017
1790174785.5773916,3.168210998410359
1790174785.5914745,4.691308000474237
1790174785.5919492,4.008055999292992
1790174785.645619,3.9748540002619848
1790174785.7202287,4.511538998485776
1790174785.7550108,3.720294000231661
1790174785.7566366,2.854017999197822
1790174785.775148,2.7363000008335803
1790174785.7818925,48.014219999458874
1790174785.8040044,3.635457000200404
1790174785.8179471,4.207336998661049
1790174785.8386364,45.4403910007386
1790174785.8868663,3.3980099979089573
1790174785.9369862,5.736013001296669
1790174785.9788089,2.9442880004353356
1790174786.0026112,47.40333999870927
1790174786.0144339,5.990622001263546
1790174786.0617633,6.262246999540366
1790174786.133741,6.834681000327691
1790174786.1367397,6.4923060017463285
1790174786.1951964,3.2644599996274337
1790174786.2367082,5.4416410021076445
1790174786.2503486,5.5696449999231845
1790174786.2578218,48.169302001042524
1790174786.31751,48.09120299978531
1790174786.391606,2.8619689983315766
1790174786.4193695,4.176898000878282
1790174786.439136,47.15366900200024
1790174786.5062118,2.7931479999097064
1790174786.531952,4.414153001562227
1790174786.5340812,3.671905000373954
1790174786.622443,3.929464000975713
1790174786.6855092,45.62228499707999
1790174786.6965916,2.995335999003146
1790174786.7340093,6.055095000192523
1790174786.7376406,46.41808700034744
1790174786.756373,6.080720999307232
1790174786.7574687,5.48171699847444
1790174786.7828367,6.157715997687774
1790174786.8009515,4.009741998743266
1790174786.8293574,50.24601699915365
1790174786.8320599,2.686165000341134
1790174786.8713877,46.00951600150438
1790174786.8734426,3.7175959987507667
1790174786.9098027,4.399180001200875
1790174786.9117417,4.814011997950729
1790174786.992079,3.790943999774754
1790174787.033336,3.8044630018703174
1790174787.0366185,2.929514001152711
1790174787.0797799,5.995486997562693
1790174787.0952299,7.949228001962183
1790174787.096853,5.985439001960913
1790174787.1011183,5.428084001323441
1790174787.1065738,5.16255099864793
1790174787.111879,8.119557998725213
1790174787.1416888,48.38900400136481
1790174787.1465535,3.3107589988503605
1790174787.1498744,47.18938400037587
1790174787.1540053,47.40952799693332
1790174787.1643012,3.432827001233818
1790174787.1780303,46.899259999918286
1790174787.2012322,4.760520998388529
1790174787.213774,44.112126000982244
1790174787.2803047,4.214538999804063
1790174787.2912412,4.1621160016802605
1790174787.467323,6.542506002006121
1790174787.4965427,5.384580999816535
1790174787.5354266,3.285260001575807
1790174787.535978,2.7740830009861384
1790174787.5644937,6.070732997613959
1790174787.636495,3.360914997756481
1790174787.6432047,2.9254170003696345
1790174787.6719353,5.1213900005677715
1790174787.6726785,4.38343199857627
1790174787.6836867,4.186198999377666
1790174787.6845486,4.008439998870017
1790174787.7202532,4.968602999724681
1790174787.7334106,44.832128998677945
1790174787.7665014,3.12055099857389
1790174787.817044,4.255158000887604
1790174787.8367317,3.052447002119152
1790174787.841386,46.5420170003199
1790174787.8736212,3.778164002142148
1790174787.8801315,4.028419996757293
1790174787.8811505,3.706611998495646
1790174787.8853111,46.10273199796211
1790174787.893664,45.106427001883276
1790174787.9314027,4.635362998669734
1790174787.9335318,51.201118003518786
1790174787.9789178,3.4233579972351436
1790174788.0149114,46.039644003030844
1790174788.0473003,4.613549001078354
1790174788.0910428,3.553817001375137
1790174788.0948884,2.993458001583349
1790174788.129985,5.418583001301158
1790174788.1403668,4.279570999642601
1790174788.1530192,3.6711629982164595
1790174788.1775665,51.66757999904803
1790174788.1976182,4.160471999057336
1790174788.220115,4.063432999828365
1790174788.2468634,4.1032159970200155
1790174788.2577484,47.56745700069587
1790174788.3255618,44.61775399977341
1790174788.326237,3.372621002199594
1790174788.3475118,3.0817480001132935
1790174788.3612843,3.089811001700582
1790174788.3866382,46.577692999562714
1790174788.4428823,5.663656000251649
1790174788.4654436,49.078962998464704
1790174788.5451615,6.352263000735547
1790174788.5830748,3.22055800279486
1790174788.610632,45.38067899920861
1790174788.6228008,6.573151000338839
1790174788.6557193,6.621233998885145
1790174788.6734753,49.833076998766046
1790174788.6993933,3.590612999687437
1790174788.7439654,6.461501998273889
1790174788.7622635,6.4725960000941996
1790174788.764808,4.471436001040274
1790174788.7967005,3.259602999605704
1790174788.8003206,3.363930001796689
1790174788.8253114,3.9407050026056822
1790174788.838037,45.69757399804075
1790174788.8854296,46.09881200303789
1790174788.9017107,44.16544699779479
1790174788.9458997,3.2962360019155312
1790174788.9577768,44.38169300192385
1790174788.9616523,43.890820001251996
1790174788.9845352,3.7556450006377418
1790174789.0021427,48.12589900029707
1790174789.0106676,45.44600699955481
1790174789.074835,6.995133000600617
1790174789.0889168,4.597107999870786
1790174789.1356285,2.966650998132536
1790174789.173532,3.920688002835959
1790174789.2092657,2.9167969987611286
1790174789.2204,3.217014000256313
1790174789.2588983,5.204886001592968
1790174789.2750914,5.337840000720462
1790174789.2860603,47.75844699906884
1790174789.3261223,3.5843709993059747
1790174789.3528013,5.160068998520728
1790174789.3618333,4.405697996844538
1790174789.415238,3.85499700132641
1790174789.4172478,3.9011050030239858
1790174789.423032,3.3891489983943757
1790174789.4587204,2.5688399982755072
1790174789.4652116,2.8406150013324805
1790174789.4939177,45.246015000884654
1790174789.50457,3.39370800065808
1790174789.509639,44.23249600222334
1790174789.512553,2.897261998441536
1790174789.5386305,45.14054700121051
1790174789.5518486,2.8352409972285386
1790174789.5816977,44.30942999897525
1790174789.603718,3.3406969996576663
1790174789.6175227,46.640355001727585
1790174789.6471019,3.669115998491179
1790174789.6756713,2.6760850014397874
1790174789.6895902,3.322017000755295
1790174789.7065032,3.285685001173988
1790174789.7095726,3.0530789990734775
1790174789.709818,45.397247002256336
1790174789.7286112,3.609259001677856
1790174789.7652037,2.932402003352763
1790174789.7836738,3.2840960011526477
1790174789.7894077,46.32951999883517
1790174789.789588,45.117134002794046
1790174789.8175352,45.645204998436384
1790174789.8493814,46.14276299980702
1790174789.896267,49.3621549976524
1790174789.9105246,3.3893859981617425
1790174789.941664,4.2223529999319
1790174789.9696076,47.78046899809851
1790174789.9697778,45.24999600107549
1790174789.9913213,4.009439999208553
1790174790.042496,3.5765230022661854
1790174790.0539,44.4360149995191
1790174790.0587842,3.01251500059152
1790174790.0618732,2.848064999852795
1790174790.1137109,44.270991998928366
1790174790.1678355,4.120904999581398
1790174790.1698701,3.5422910004854202
1790174790.1861765,45.282161998329684
1790174790.2462907,3.252619000704726
1790174790.2589507,3.10288800028502
1790174790.2816153,4.157666000537574
1790174790.354775,2.9130120019544847
1790174790.3708556,3.1597939996572677
1790174790.3941877,4.616456000803737
1790174790.4130929,4.888939998636488
1790174790.434931,4.861191999225412
1790174790.437478,49.805864997324534
1790174790.4432745,3.8052609997976106
1790174790.4736257,46.060466000199085
1790174790.504424,4.702337999333395
1790174790.5760562,3.4556120008346625
1790174790.5862992,3.7175759971432853
1790174790.6271045,4.085876000317512
1790174790.6489186,3.312225999252405
1790174790.6757905,3.4726960002444685
1790174790.7078805,47.450797999772476
1790174790.7577791,4.392819002532633
1790174790.7699761,3.6578679973899852
1790174790.8350625,5.798253998364089
1790174790.8545947,6.023653997544898
1790174790.9087522,50.25572900194675
1790174790.9402761,49.98558999795932
1790174790.9420915,6.355386998620816
1790174790.978999,4.514125997957308
1790174790.979951,4.101417001947993
1790174790.9915612,3.5404959999141283
1790174791.0816174,3.8900629988347646
1790174791.0938118,3.620920000685146
1790174791.1372907,6.162197998492047
1790174791.1407573,5.758439001510851
1790174791.188138,7.031701999949291
1790174791.2046769,6.241597999178339
1790174791.2574277,52.02907199782203
1790174791.2895732,6.1742280013277195
1790174791.300083,7.508300001063617
