timestamp,rtt
1790751679.6316059,3.2258789287880063
1790751679.6317267,4.277057945728302
1790751679.6321795,5.691163940355182
1790751679.6322272,2.43838201276958
1790751679.6531522,2.5377600686624646
1790751679.654745,1.5801010886207223
1790751679.7274475,2.273223944939673
1790751679.7898548,2.471249084919691
1790751679.792186,1.724864006973803
1790751679.8192248,1.6843840712681413
1790751679.8217149,1.787547953426838
1790751679.8276432,1.344878925010562
1790751679.8802562,2.5299639673903584
1790751679.897569,1.9604690605774522
1790751679.9004178,2.0634829998016357
1790751679.9048388,1.8264399841427803
1790751679.9306772,1.8975790590047836
1790751679.9453948,1.6454620053991675
1790751679.9692328,1.8354059429839253
1790751680.0270646,2.0030480809509754
1790751680.045975,2.182167023420334
1790751680.1010127,2.529465011321008
1790751680.1017807,2.3376099998131394
1790751680.1222591,1.7850029980763793
1790751680.1250846,1.5034489333629608
1790751680.1627588,1.9404370104894042
1790751680.1906765,2.3235949920490384
1790751680.1942627,1.3166220160201192
1790751680.2193902,1.821039943024516
1790751680.229923,1.612721011042595
1790751680.280909,2.238287008367479
1790751680.3606663,1.9034059951081872
1790751680.3648906,1.6618770314380527
1790751680.4262712,2.5001539615914226
1790751680.4430947,1.9933079602196813
1790751680.4670782,1.6656109364703298
1790751680.487234,1.9206649158149958
1790751680.5061631,2.556693973019719
1790751680.575399,2.0210740622133017
1790751680.5842025,1.367761055007577
1790751680.5983145,1.779146958142519
1790751680.6038837,1.685103983618319
1790751680.6113987,1.3339160941541195
1790751680.6614556,2.32412398327142
1790751680.6666923,1.6010449035093188
1790751680.6887047,1.7129990737885237
1790751680.701966,1.8295450136065483
1790751680.7342937,3.089571953751147
1790751680.7479975,1.6094220336526632
1790751680.788084,2.304201014339924
1790751680.8262668,4.332318087108433
1790751680.8310952,1.4990950003266335
1790751680.8471837,2.220276976004243
1790751680.8541183,1.7149880295619369
1790751680.8781872,1.741186948493123
1790751680.8911793,1.6271730419248343
1790751680.9038935,2.497229026630521
1790751680.9783175,8.587436052039266
1790751681.0009813,2.4723910028114915
1790751681.0207224,2.1791589679196477
1790751681.0248609,1.6585950506851077
1790751681.05697,4.295840044505894
1790751681.068009,1.6259329859167337
1790751681.1297057,2.6257389690726995
1790751681.1455364,2.8726960299536586
1790751681.1560729,2.0954060601070523
1790751681.1791182,1.8895530374720693
1790751681.2001755,2.4971950333565474
1790751681.2487867,2.0029740408062935
1790751681.2524483,2.3610859643667936
1790751681.2939692,2.6799780316650867
1790751681.3353457,2.3114419309422374
1790751681.351973,2.1532740211114287
1790751681.3607266,1.8352209590375423
1790751681.3667521,1.9757070112973452
1790751681.3800876,1.738346996717155
1790751681.4200773,1.832936075516045
1790751681.4874206,1.783630927093327
1790751681.5265756,1.6458259196951985
1790751681.5361161,2.0139339612796903
1790751681.5479474,1.6996630001813173
1790751681.567848,1.9204349955543876
1790751681.5879142,1.962281996384263
1790751681.605987,1.999564003199339
1790751681.6446357,2.9451489681378007
1790751681.6447005,2.4540710728615522
1790751681.737756,2.4459590204060078
1790751681.8083758,1.6470570117235184
1790751681.816864,1.4246829086914659
1790751681.8546414,2.446155995130539
1790751681.8607593,2.385817002505064
1790751681.866086,1.2614700244739652
1790751681.880235,2.233651001006365
1790751681.9416878,2.3201379226520658
1790751682.0313513,5.510727991349995
1790751682.0422547,2.038437989540398
1790751682.0879803,2.8003769693896174
1790751682.0880516,2.2589321015402675
1790751682.1681974,1.7441300442442298
1790751682.2059152,2.104121958836913
1790751682.2767882,1.747419941239059
1790751682.296245,1.85627699829638
1790751682.3182259,2.6137339882552624
1790751682.3657346,2.057428006082773
1790751682.3690865,1.5028620837256312
1790751682.3860672,1.98181695304811
1790751682.3955083,1.5405650483444333
1790751682.4213836,2.241738955490291
1790751682.439528,1.9741060677915812
1790751682.4664788,2.096918993629515
1790751682.4771476,1.500622951425612
1790751682.4936082,1.89515994861722
1790751682.4968944,1.696914085187018
1790751682.5124426,2.1393210627138615
1790751682.5263028,1.690225093625486
1790751682.541913,2.389625064097345
1790751682.5700712,2.0933609921485186
1790751682.634341,4.607897950336337
1790751682.7229626,2.07145803142339
1790751682.725423,1.4031120808795094
1790751682.753779,1.8950640223920345
1790751682.7581346,1.4313809806481004
1790751682.9433053,4.023223067633808
1790751682.949224,3.063596086576581
1790751682.9614828,1.7492560436949134
1790751682.9987576,2.258848981000483
1790751683.1062064,1.7316200537607074
1790751683.1367812,2.4304130347445607
1790751683.1373792,1.4591780491173267
1790751683.157952,3.6702370271086693
1790751683.1687202,1.5594708966091275
1790751683.2122386,2.3289970122277737
1790751683.214381,3.032948006875813
1790751683.218193,1.4016119530424476
1790751683.2365642,1.8869679188355803
1790751683.2509117,1.6174949705600739
1790751683.2565234,1.407027943059802
1790751683.2794425,1.7867699498310685
1790751683.280764,1.202578074298799
1790751683.3134072,1.7520940164104104
1790751683.3328438,1.7226079944521189
1790751683.3385296,1.2836629757657647
1790751683.3454204,1.6411049291491508
1790751683.4799418,2.0239719888195395
1790751683.4990864,2.376680029556155
1790751683.5039268,1.7896529752761126
1790751683.567792,3.05761001072824
1790751683.5693247,3.6007530288770795
1790751683.5727239,1.163549954071641
1790751683.5963151,2.4752640165388584
1790751683.606548,1.9021510379388928
1790751683.6379056,1.7360521014779806
1790751683.6933281,1.7003720859065652
1790751683.7127507,1.9083699444308877
1790751683.7235577,1.6733160009607673
1790751683.7498705,1.6011419938877225
1790751683.7584145,1.9152660388499498
1790751683.7743375,2.201847964897752
1790751683.8328292,2.385747036896646
1790751683.8634307,2.0123269641771913
1790751683.8999085,1.6870669787749648
1790751684.0750983,2.1327569847926497
1790751684.127974,2.1697880001738667
1790751684.1507406,1.8530740635469556
1790751684.1907594,3.4853509860113263
1790751684.2034144,1.7825750401243567
1790751684.2353632,2.429733984172344
1790751684.2980437,2.1304909605532885
1790751684.302026,1.5916769625619054
1790751684.349205,2.1657419856637716
1790751684.3913524,1.873627072200179
1790751684.4153442,2.3285559145733714
1790751684.4222105,1.5765620628371835
1790751684.4245172,1.7190459184348583
1790751684.426867,1.3560449006035924
1790751684.4280927,1.1238190345466137
1790751684.4716938,2.6903540128841996
1790751684.5158353,2.079315949231386
1790751684.520416,1.3342020101845264
1790751684.5364766,1.8588979728519917
1790751684.5651855,4.434171016328037
1790751684.6086214,2.4384859716519713
1790751684.6583285,1.6232290072366595
1790751684.726071,1.7268570372834802
1790751684.765081,3.117137006483972
1790751684.795709,3.3876800443977118
1790751684.8205879,1.8737480277195573
1790751684.9081953,1.7698360607028008
1790751684.9503832,1.9158769864588976
1790751685.0074596,1.7460300587117672
1790751685.066072,1.6610519960522652
1790751685.0707762,1.3591190800070763
1790751685.182611,1.7904039705172181
1790751685.1884477,1.4738040044903755
1790751685.2092748,1.6463310457766056
1790751685.2301722,1.6312040388584137
1790751685.2316382,2.264517010189593
1790751685.245744,1.5369679313153028
1790751685.250575,1.554235932417214
1790751685.2598128,1.627561985515058
1790751685.2606754,1.575689995661378
1790751685.3110538,2.8987140394747257
1790751685.3122709,3.2268770737573504
1790751685.4144812,1.792335999198258
1790751685.4564748,2.474288921803236
1790751685.475418,2.254831022582948
1790751685.495853,2.0262360339984298
1790751685.5238872,2.1224829833954573
1790751685.5453434,3.2085300190374255
1790751685.5459206,1.4952040510252118
1790751685.5523076,1.3915419112890959
1790751685.647042,1.6808039508759975
1790751685.6974354,1.7628729110583663
1790751685.714701,2.5841130409389734
1790751685.7525525,1.7590479692444205
1790751685.7559762,1.588169950991869
1790751685.8625221,2.4378650123253465
1790751685.8818896,2.1368899615481496
1790751685.906265,1.783184939995408
1790751685.9409049,1.7353359144181013
1790751685.9459047,2.1084690233692527
1790751685.9561272,2.894960925914347
1790751685.9645,2.0933030173182487
1790751686.0493755,1.7095579532906413
1790751686.0743694,1.7101198900491
1790751686.086913,1.8634169828146696
1790751686.1032586,2.1276610204949975
1790751686.1253662,2.144488040357828
1790751686.1418042,3.285277052782476
1790751686.1686003,2.051837043836713
1790751686.1728508,2.2568950662389398
1790751686.2139761,2.1206369856372476
1790751686.22449,2.326227957382798
1790751686.2349079,2.1581370383501053
1790751686.2921307,2.606505062431097
1790751686.294166,2.0230920054018497
1790751686.3433387,1.8938339781016111
1790751686.3524244,1.6727240290492773
1790751686.3747952,1.9640160026028752
1790751686.39754,1.8980080494657159
1790751686.4093843,1.6734689706936479
1790751686.47001,2.229544916190207
1790751686.4767025,1.7123469151556492
1790751686.4866393,1.7238939180970192
1790751686.5849032,1.7711659893393517
1790751686.6222558,2.0589210325852036
1790751686.6297565,1.8804030260071158
1790751686.665028,2.087370026856661
1790751686.6721587,1.5534249832853675
1790751686.67994,1.5853589866310358
1790751686.6902995,1.6479080077260733
1790751686.741315,1.9610130693763494
1790751686.7751453,2.514780033379793
1790751686.7850096,2.2675960790365934
1790751686.799906,1.9255989463999867
1790751686.89005,2.005859976634383
1790751686.8952086,2.064472995698452
1790751686.9075372,1.5908100176602602
1790751686.9738324,2.8525859815999866
1790751686.9794738,2.2949479753151536
1790751686.9930825,1.6557560302317142
1790751687.0399203,1.924749929457903
1790751687.041379,1.446679001674056
1790751687.1498432,6.717078038491309
1790751687.156933,2.188603044487536
1790751687.2170866,2.6018599746748805
1790751687.2238936,1.8212259747087955
1790751687.2337594,1.5694040339440107
1790751687.2451231,1.6555319307371974
1790751687.2552445,1.6134510515257716
1790751687.2901902,2.374792005866766
1790751687.3031023,1.6334449173882604
1790751687.3078907,1.2782179983332753
1790751687.409999,2.235674997791648
1790751687.4367166,2.52648803871125
1790751687.477554,1.813941984437406
1790751687.497066,1.8000589916482568
1790751687.5085707,2.0433589816093445
1790751687.5226858,1.731698983348906
1790751687.5313933,1.5769690508022904
1790751687.5719993,2.098811906762421
1790751687.6067412,2.038163016550243
1790751687.628584,1.751209027133882
1790751687.633992,1.5212090220302343
1790751687.6367593,1.553734065964818
1790751687.6437826,1.3947599800303578
1790751687.7006154,2.5538320187479258
1790751687.7014132,1.6034309519454837
1790751687.7226264,1.6837830189615488
1790751687.761643,1.90327491145581
1790751687.7724504,1.642805989831686
1790751687.7852595,1.6186190769076347
1790751687.8298802,1.703927991911769
1790751687.8330688,1.368404016830027
1790751687.8469832,1.664843992330134
1790751687.9207833,2.4056819966062903
1790751687.9227004,1.8004620214924216
1790751687.946979,1.7988759791478515
1790751688.03757,5.657123983837664
1790751688.1068661,2.7905369643121958
1790751688.1398768,3.9805950364097953
1790751688.1409295,1.6453469870612025
1790751688.142881,1.6369849909096956
1790751688.1478221,1.4314709696918726
1790751688.1525486,1.6829600790515542
1790751688.1559653,1.3815760612487793
1790751688.2168996,1.8768089357763529
1790751688.2249637,1.4908190350979567
1790751688.22964,1.2444820022210479
1790751688.261674,1.7451419262215495
1790751688.3442755,1.6700919950380921
1790751688.3732784,1.765261054970324
1790751688.3860283,2.0068639423698187
1790751688.4025538,1.7526439623907208
1790751688.4235024,1.7393069574609399
1790751688.4558966,1.6771410591900349
1790751688.466047,2.055251970887184
1790751688.4741957,1.7458320362493396
1790751688.4856818,1.3265019515529275
1790751688.501415,1.7756399465724826
1790751688.5122285,1.7644918989390135
1790751688.5455942,2.22654698882252
1790751688.5503597,1.676351996138692
1790751688.5964954,2.421283978037536
1790751688.5971353,1.5057100681588054
1790751688.6170082,1.6340550500899553
1790751688.6225128,1.7898769583553076
1790751688.6389995,2.013451070524752
1790751688.6582034,1.7504110001027584
1790751688.6757894,1.7645490588620305
1790751688.7109804,1.9436919828876853
1790751688.73152,2.232956001535058
1790751688.7490706,1.837095944210887
1790751688.7590806,1.6975309699773788
1790751688.8080614,1.719851978123188
1790751688.8173285,1.5302810352295637
1790751688.8310134,1.6584200784564018
1790751688.8594513,3.1220769742503762
1790751688.889747,2.0539419492706656
1790751688.9102688,1.9857579609379172
1790751688.984007,2.4080550065264106
1790751689.0032465,2.4456370156258345
1790751689.0056107,1.4208389911800623
1790751689.0459046,2.2951920982450247
1790751689.053486,1.4947870513424277
1790751689.056934,1.9701030105352402
1790751689.0887146,2.0760369952768087
1790751689.1011925,1.595314941368997
1790751689.1045783,1.3634540373459458
1790751689.1361575,1.6437569865956903
1790751689.1425223,1.518720993772149
1790751689.165015,1.6102200606837869
1790751689.2220457,3.903924021869898
1790751689.224199,4.498500027693808
1790751689.2249413,6.068781949579716
1790751689.2577567,1.587391016073525
1790751689.3019676,2.050221082754433
1790751689.331185,2.1329099545255303
1790751689.3615668,2.4357030633836985
1790751689.3690886,1.9675960065796971
1790751689.4149857,2.4055500980466604
1790751689.4280455,2.2729409392923117
1790751689.4452,1.668998971581459
1790751689.462531,1.7363299848511815
1790751689.4647224,1.897530979476869
1790751689.4742177,1.6144580440595746
1790751689.4777727,1.2170380214229226
1790751689.5204139,1.869949046522379
1790751689.5246744,1.539231976494193
1790751689.5742295,2.106160973198712
1790751691.5457041,1.8707469571381807
1790751691.5535293,1.8150630639865994
1790751691.5681102,1.7783369403332472
1790751691.574949,2.1703619277104735
1790751691.6223161,2.168996026739478
1790751691.6389873,1.600386924110353
1790751691.6524093,1.8013709923252463
1790751691.7122314,1.9098160555586219
1790751691.7367065,3.178127924911678
1790751691.7367618,2.4599049938842654
1790751691.7689931,1.7738640308380127
1790751691.787006,2.04291008412838
1790751691.8355207,2.0445080008357763
1790751691.863391,2.360935090109706
1790751691.8653197,1.4332470018416643
1790751691.907621,2.50855996273458
1790751691.9538505,1.8283569952473044
1790751691.9594078,1.50301493704319
1790751692.0171912,4.621663014404476
1790751692.0357742,2.104823011904955
1790751692.053993,2.043657936155796
1790751692.0597088,1.7236779676750302
1790751692.075329,4.913488053716719
1790751692.1197555,11.874528951011598
1790751692.133418,1.6954999882727861
1790751692.1729422,3.87589109595865
1790751692.2299147,2.7468979824334383
1790751692.252856,1.7787059769034386
1790751692.2874737,2.455247100442648
1790751692.2991414,1.7716509755700827
1790751692.3243792,1.6337450360879302
1790751692.3386981,1.7496240325272083
1790751692.3515453,1.7668739892542362
1790751692.362015,2.3738109739497304
1790751692.4106216,2.6941809337586164
1790751692.4116085,1.9122010562568903
1790751692.4393866,2.087271073833108
1790751692.4411116,1.5247659757733345
1790751692.4769423,2.3055520141497254
1790751692.489064,1.844468992203474
1790751692.5009336,1.6383930342271924
1790751692.5104077,1.9025460351258516
1790751692.541585,1.8956339918076992
1790751692.5488636,1.6064869705587626
1790751692.561555,1.7755529843270779
1790751692.5725458,1.4964620349928737
1790751692.5786018,1.255270093679428
1790751692.6027417,2.127093030139804
1790751692.6066332,1.579697011038661
1790751692.655952,1.807579887099564
1790751692.6599376,1.6694089863449335
1790751692.6878479,3.1407529022544622
1790751692.7289941,3.1397839775308967
1790751692.729326,2.357795019634068
1790751692.7379968,1.9324870081618428
1790751692.755428,2.007761038839817
1790751692.756019,1.5038360143080354
1790751692.8148963,1.9029650138691068
1790751692.8230548,1.8059549620375037
1790751692.83565,1.620988012291491
1790751692.8562374,1.6902709612622857
1790751692.8790698,1.9059720216318965
1790751692.8977714,1.6359840519726276
1790751692.9275262,3.6811770405620337
1790751692.9710565,1.9687509629875422
1790751692.9791093,2.1698770578950644
1790751693.0185359,2.7166259242221713
1790751693.019562,1.8556260038167238
1790751693.049319,2.34623602591455
1790751693.0652924,1.7739810282364488
1790751693.08982,2.243927912786603
1790751693.1075246,3.317579976283014
1790751693.1076183,2.6043009711429477
1790751693.1301503,1.997999963350594
1790751693.1513767,1.7437440110370517
1790751693.1584005,2.0372860599309206
1790751693.200196,3.272191039286554
1790751693.2022707,1.628270954824984
1790751693.2124252,1.828251057304442
1790751693.2165873,1.2961419997736812
1790751693.258044,1.8893929664045572
1790751693.2836506,2.003172063268721
1790751693.285755,1.2383210705593228
1790751693.297561,1.5746160643175244
1790751693.2993639,1.3207540614530444
1790751693.3576164,2.3671879898756742
1790751693.388452,3.997384919784963
1790751693.388661,3.4272969933226705
1790751693.3891206,1.9429120002314448
1790751693.408653,2.030130010098219
1790751693.4131417,1.2410440249368548
1790751693.4178326,1.286607002839446
1790751693.43574,1.9089359557256103
1790751693.4722793,2.0481019746512175
1790751693.501053,2.029358991421759
1790751693.537412,1.8230410059913993
1790751693.554457,2.0424110116437078
1790751693.5553935,1.3453750871121883
1790751693.5857787,1.6423249617218971
1790751693.6059756,1.6396589344367385
1790751693.6515305,1.8476489931344986
1790751693.6703405,4.544803989119828
1790751693.671092,6.006830022670329
1790751693.6731758,3.9065779419615865
1790751693.6736562,2.145739970728755
1790751693.683819,1.955315936356783
1790751693.6855028,1.3062540674582124
1790751693.6953967,1.3214870123192668
1790751693.7377615,3.0806580325588584
1790751693.7379143,2.3599860724061728
1790751693.7482898,1.6408879309892654
1790751693.7999132,1.8236160976812243
1790751693.819935,2.574585028924048
1790751693.846452,1.9189929589629173
1790751693.8629444,3.394491970539093
1790751693.8634303,1.9345090258866549
1790751693.897605,2.263501053676009
1790751693.9407978,2.13580799754709
1790751693.9670541,1.8465050961822271
1790751693.986172,2.1216770401224494
1790751694.0024667,1.705021015368402
1790751694.0261934,2.2737060207873583
1790751694.0267706,1.4777129981666803
1790751694.0456038,1.7401090590283275
1790751694.0635934,1.8060660222545266
1790751694.0819478,1.6615439672023058
1790751694.1120753,2.3808239493519068
1790751694.17029,2.594385063275695
1790751694.20415,1.962358015589416
1790751694.25882,2.0213350653648376
1790751694.2635813,1.645348034799099
1790751694.2701402,1.6091610305011272
1790751694.3356357,2.048121066763997
1790751694.3617973,4.175234003923833
1790751694.367914,1.9636120414361358
1790751694.3922956,3.327287035062909
1790751694.4027903,1.4491169713437557
1790751694.40709,1.4151500072330236
1790751694.4257655,1.848315936513245
1790751694.489213,2.020954038016498
1790751694.5069022,2.5732519570738077
1790751694.5092545,1.5239260392263532
1790751694.5222635,2.3737350711598992
1790751694.5345695,1.6412510303780437
1790751694.537925,2.8231929754838347
1790751694.5564249,1.7513720085844398
1790751694.5734515,1.8820640398189425
1790751694.5762765,1.3539190404117107
1790751694.636941,2.7095370460301638
1790751694.637579,3.9622019976377487
1790751694.6384356,2.706073923036456
1790751694.6792698,2.400644007138908
1790751694.684225,1.615528017282486
1790751694.7118568,1.96843093726784
1790751694.7174034,1.4085669536143541
1790751694.7427118,2.0724759669974446
1790751694.8093016,2.706822007894516
1790751694.8254125,2.422609948553145
1790751694.8258991,1.3948680134490132
1790751694.8374982,1.4848459977656603
1790751694.8442762,2.5565350661054254
1790751694.9094524,2.5355779798701406
1790751694.9149683,1.83694192674011
1790751694.9163492,1.359814079478383
1790751694.9967055,1.9888830138370395
1790751695.0113387,1.6807169886305928
1790751695.0604665,1.7529890174046159
1790751695.0672884,1.4172169612720609
1790751695.0822368,1.9319499842822552
1790751695.087739,1.5193350845947862
1790751695.102994,1.9514641026034951
1790751695.112725,2.1594599820673466
1790751695.1178346,1.4771850546821952
1790751695.1602523,1.8673810409381986
1790751695.2146175,3.0088829807937145
1790751695.2146888,2.398465061560273
1790751695.224815,2.9091889737173915
1790751695.2506278,2.102617989294231
1790751695.2582011,1.6459019389003515
1790751695.3023562,2.3545080330222845
1790751695.3056538,2.2878609597682953
1790751695.3466046,1.7684339545667171
1790751695.3508704,1.36721006128937
1790751695.3655226,2.5157020427286625
1790751695.38902,2.3640989093109965
1790751695.3915386,3.9122620364651084
1790751695.4006526,4.410196910612285
1790751695.4029665,4.213044070638716
1790751695.5011582,2.487085061147809
1790751695.5118623,1.9976510666310787
1790751695.594556,2.010603900998831
1790751695.5995135,1.3611720642074943
1790751695.6240659,2.333564101718366
1790751695.7107646,2.8978249756619334
1790751695.76864,2.7314809849485755
1790751695.7795956,1.8148779636248946
1790751695.783729,1.545540988445282
1790751695.798469,2.2439429303631186
1790751695.8255224,1.6547009581699967
1790751695.8466203,2.572137047536671
1790751695.8692737,2.7089499635621905
1790751695.9082618,2.184542012400925
1790751695.924529,2.563563990406692
1790751695.9458396,1.5810600016266108
1790751695.9684627,1.9234269857406616
1790751696.0064523,2.209333935752511
1790751696.0255744,1.979626016691327
1790751696.041928,2.045983914285898
1790751696.057922,1.7775819869711995
1790751696.0837991,1.9157750066369772
1790751696.132775,1.9892919808626175
1790751696.1425934,1.7617730190977454
1790751696.1909816,2.7762120589613914
1790751696.2194297,2.8500009793788195
1790751696.2889252,1.9278529798611999
1790751696.294494,1.4029580634087324
1790751696.3747902,1.9811700331047177
1790751696.3986592,2.167574013583362
1790751696.4487593,1.8717219354584813
1790751696.4616678,1.865845057182014
1790751696.5519927,2.254952094517648
1790751696.5666683,1.7377430340275168
1790751696.5720274,2.5032899575307965
1790751696.5784638,2.230689045973122
1790751696.5833406,1.5533060068264604
1790751696.5882192,1.4017530484125018
1790751696.590565,1.2911449884995818
1790751696.6301403,2.9809809057042003
1790751696.6313355,1.9565309630706906
1790751696.654425,1.8198639154434204
1790751696.661609,1.6882059862837195
1790751696.6678858,1.3629590393975377
1790751696.7016282,2.279283944517374
1790751696.7510042,2.1539489971473813
1790751696.769533,1.8972450634464622
1790751696.7792578,1.6711479984223843
1790751696.842725,1.9783600000664592
1790751696.8701503,2.1200149785727262
1790751696.8728383,1.4206949854269624
1790751696.8988202,2.040963969193399
1790751696.94768,1.8589739920571446
1790751696.9533868,2.456874935887754
1790751696.9538178,2.0259020384401083
1790751696.967791,1.722887041978538
1790751696.990042,1.6501100035384297
1790751697.001735,1.6317249974235892
1790751697.02162,2.6860269717872143
1790751697.0217154,2.2540600039064884
1790751697.0444434,1.758720027282834
1790751697.0605319,1.9420839380472898
1790751697.1064107,2.2503749933093786
1790751697.1495957,2.870769938454032
1790751697.165109,2.2572309244424105
1790751697.174842,1.490729977376759
1790751697.1812897,1.7566750757396221
1790751697.2591062,2.4102600291371346
1790751697.3037605,1.7278268933296204
1790751697.3228443,1.8182849744334817
1790751697.356812,1.804306055419147
1790751697.3753746,1.9793609390035272
1790751697.4489331,4.3846709886565804
1790751697.458779,1.7130729975178838
1790751697.4891431,1.6873800195753574
1790751697.5094798,1.9323520828038454
1790751697.5321417,3.2113390043377876
1790751697.5462525,2.603227971121669
1790751697.567209,1.8136840080842376
1790751697.5925758,2.2759089479222894
1790751697.6371305,1.755652017891407
1790751697.64316,1.3468899996951222
1790751697.691973,2.0239559235051274
1790751697.7064126,2.081776037812233
1790751697.7251742,1.717367093078792
1790751697.7405438,1.699593965895474
1790751697.770805,1.9120649667456746
1790751697.7847722,1.692210091277957
1790751697.819071,2.1699859062209725
1790751697.833825,1.9802689785137773
1790751697.8729703,2.880819025449455
1790751697.8738148,2.1120969904586673
1790751697.9127817,2.03015492297709
1790751697.924925,2.6607789332047105
1790751697.944875,2.151524997316301
1790751697.9704416,2.529866062104702
1790751698.0042994,2.377629978582263
1790751698.047876,1.9143070094287395
1790751698.1072938,2.1988690132275224
1790751698.1211507,2.3618029663339257
1790751698.1555023,1.6650999896228313
1790751698.177075,2.0522749982774258
1790751698.2371202,2.7307780692353845
1790751698.2431035,1.3699809787794948
1790751698.294569,2.545529045164585
1790751698.3610046,1.9656979711726308
1790751698.3728154,1.7523829592391849
1790751698.3769324,1.279517076909542
1790751698.3814995,1.3214859645813704
1790751698.4415874,1.792898983694613
1790751698.4599783,1.729876035824418
1790751698.4806452,2.010807045735419
1790751698.5240486,1.9513670122250915
1790751698.5581167,1.8913029925897717
1790751698.5584106,2.726536011323333
1790751698.572886,1.6735780518501997
1790751698.576697,1.5311340102925897
1790751698.5988157,1.7709970707073808
1790751698.6427972,2.304135006852448
1790751698.6520247,1.830667955800891
1790751698.6625881,3.059249953366816
1790751698.6638608,1.437861006706953
1790751698.6737015,1.6229089815169573
1790751698.6837025,2.0262700272724032
1790751698.686752,1.5355040086433291
1790751698.715318,1.8853360088542104
1790751698.7171474,1.2698250357061625
1790751698.7382789,1.7121069831773639
1790751698.753295,1.7697670264169574
1790751698.7713516,1.8332439940422773
1790751698.7733505,1.5124259516596794
1790751698.7837133,1.7715970752760768
1790751698.7859094,2.002213033847511
1790751698.870577,1.742648077197373
1790751698.9163013,3.087666933424771
1790751698.950383,1.7483590636402369
1790751698.9754272,2.4403820279985666
1790751699.0154967,1.7158359987661242
1790751699.0199697,1.2657350162044168
1790751699.0608754,2.4440829874947667
1790751699.0735705,1.7825720133259892
1790751699.0780277,1.3164110714569688
1790751699.1249964,2.515953965485096
1790751699.1619925,1.81173300370574
1790751699.1692114,1.813541050069034
1790751699.1998348,2.560300985351205
1790751699.2256687,2.7187749510630965
1790751699.269625,1.8984819762408733
1790751699.286585,1.7686040373519063
1790751699.305097,2.6239969301968813
1790751699.3117666,1.5306969871744514
1790751699.3743355,1.6721660504117608
1790751699.3822923,1.8865610472857952
1790751699.4427037,1.9364840118214488
1790751699.4488046,1.61687599029392
1790751699.4865198,2.223866991698742
1790751699.4870136,1.3831390533596277
1790751699.5367107,1.7284490168094635
1790751699.5606325,1.867186976596713
1790751699.5644503,1.492334995418787
1790751699.5906823,1.8876140238717198
1790751699.5920591,2.336540026590228
1790751699.5932262,1.159217907115817
1790751699.6490088,1.8465350149199367
1790751699.663276,1.7548860050737858
1790751699.6921911,2.5314389495179057
1790751699.7205071,2.391839982010424
1790751699.7600129,3.0737200286239386
1790751699.8002446,3.524367930367589
1790751699.8004625,4.413733957335353
1790751699.8157773,1.6348280478268862
1790751699.8374546,1.6936269821599126
1790751699.8405328,1.364356023259461
1790751699.8501668,1.5369049506261945
1790751699.9163387,2.1103600738570094
1790751699.9411075,1.9029340473935008
1790751700.0566568,1.823503989726305
1790751700.0785198,2.6069730520248413
1790751700.088501,1.5752679901197553
1790751700.1427462,1.8028909107670188
1790751700.1871357,2.146161044947803
1790751700.2157342,2.0416160114109516
1790751700.216257,1.3909349218010902
1790751700.237215,1.625829958356917
1790751700.2433078,1.5324460109695792
1790751700.258154,2.1666300017386675
1790751700.260526,1.5511020319536328
1790751700.2794209,1.7538510728627443
1790751700.2936375,1.6113969031721354
1790751700.3078866,1.8576340517029166
1790751700.3159802,2.6126650627702475
1790751700.3380587,1.96762103587389
1790751700.347873,1.7574470257386565
1790751700.3570573,1.4346690149977803
1790751700.3741558,2.2513349540531635
1790751700.3765671,2.0950010512024164
1790751700.376723,1.7713180277496576
1790751700.406948,5.197650985792279
1790751700.4426923,1.7051630420610309
1790751700.4958677,2.5642201071605086
1790751700.5321548,2.5781909935176373
1790751700.629385,2.396525931544602
1790751700.7617164,2.9874719912186265
1790751700.7631125,1.3475640444085002
1790751700.7739937,1.7212920356541872
1790751700.774586,1.5646499814465642
1790751700.7900774,1.610263017937541
1790751700.8837872,2.0879210205748677
1790751700.9100356,2.309659030288458
1790751700.9225087,1.6744069289416075
1790751700.9921405,1.7415070906281471
1790751701.0097759,1.8996510189026594
1790751701.0216722,1.661445014178753
1790751701.0282547,1.2610069243237376
1790751701.0497024,1.7433739267289639
1790751701.0553677,1.3353570830076933
1790751701.0587378,1.8137709703296423
1790751701.0636678,1.9619809463620186
1790751701.1087618,1.7537480453029275
1790751701.112165,1.3968970160931349
1790751701.1502998,2.746755024418235
1790751701.187973,1.7566189635545015
1790751701.1969173,1.5652020229026675
1790751701.219663,1.7027800204232335
1790751701.2445595,1.719592954032123
1790751701.2498205,1.3043709332123399
1790751701.31432,2.202810952439904
1790751701.322126,1.8508010543882847
1790751701.3558745,2.3205579491332173
1790751701.3911421,2.0994109800085425
1790751701.4164798,1.9684560829773545
1790751701.457064,2.0190549548715353
1790751701.5199373,2.657816978171468
1790751701.549358,2.5756399845704436
1790751701.5767539,1.682255999185145
1790751701.5789294,1.7404780955985188
1790751701.591103,1.9410839304327965
1790751701.5959654,1.2975489953532815
1790751701.6188781,1.735811005346477
1790751701.654552,3.26664000749588
1790751701.6934006,2.355169039219618
1790751701.7236462,2.32080090790987
1790751701.7289746,1.7774009611457586
1790751701.7433572,1.7713960260152817
1790751701.770237,2.047556103207171
1790751701.7758374,2.5036039296537638
1790751701.7763546,2.355164964683354
1790751701.805862,1.9899799954146147
1790751701.8277922,1.9161660457029939
1790751701.850653,1.9471439300104976
1790751701.8900073,2.3043500259518623
1790751701.9304214,1.9475240260362625
1790751701.9378064,2.8026739601045847
1790751701.9380891,2.3632290540263057
1790751701.9522834,1.646155957132578
1790751701.9569337,1.2369349133223295
1790751701.968838,1.6167709836736321
1790751702.0242548,1.9474159926176071
1790751702.0579407,7.471033022738993
1790751702.0580251,2.928968984633684
1790751702.1076264,2.9303429182618856
1790751702.1272914,2.8245820431038737
1790751702.202439,2.884250017814338
1790751702.2032735,1.653268001973629
1790751702.2260277,1.798611949197948
1790751702.275584,2.5707370368763804
1790751702.2767491,1.7061260296031833
1790751702.290124,2.1076740231364965
1790751702.2956986,1.8207809189334512
1790751702.2984118,1.564903068356216
1790751702.3008125,1.4338630717247725
1790751702.3182235,1.7854400211945176
1790751702.3201804,1.40105199534446
1790751702.3780644,2.303234999999404
1790751702.3781295,1.7291420372202992
1790751702.4115014,3.455741098150611
1790751702.4443412,1.8324280390515924
1790751702.5105069,2.3164189187809825
1790751702.5289247,2.6264520129188895
1790751702.5319805,1.5535260317847133
1790751702.5357218,1.2815369991585612
1790751702.5407603,1.6948459669947624
1790751702.554989,1.7360929632559419
1790751702.597107,2.122844918631017
1790751702.6241374,2.1504140459001064
1790751702.6375535,1.947115990333259
1790751702.6613379,1.862487057223916
1790751702.6680505,1.5501219313591719
1790751702.6756768,1.5632640570402145
1790751702.6893156,2.1163380006328225
1790751702.7267182,1.8638940528035164
1790751702.7554982,1.9304499728605151
1790751702.8293192,2.1224761148914695
1790751702.847354,3.3088629133999348
1790751702.8573925,2.7418959653005004
1790751702.9485161,1.9476090092211962
1790751702.9512079,1.8042010487988591
1790751702.9873555,2.2584160324186087
1790751703.0049536,2.241395995952189
1790751703.059717,1.6804810147732496
1790751703.1084077,2.4962699972093105
1790751703.1766033,1.8312539905309677
1790751703.2132165,1.7318649915978312
1790751703.2241712,1.5122859040275216
1790751703.246516,1.9179839873686433
1790751703.289487,2.7150620007887483
1790751703.2986953,1.5370829496532679
1790751703.3592725,2.017089049331844
1790751703.415216,3.7036100402474403
1790751703.4721122,2.2188100265339017
1790751703.502525,3.0525190522894263
1790751703.5194097,1.843158039264381
1790751703.5364745,1.6040380578488111
1790751703.6526942,1.777429017238319
1790751703.676491,1.9284550799056888
1790751703.7377586,1.9153200555592775
1790751703.7570384,1.9423800986260176
1790751703.7763507,1.6891200793907046
1790751703.7816741,1.82889006100595
1790751703.838662,2.625662018544972
1790751703.9182186,1.7338040051981807
1790751703.9214005,1.3916529715061188
1790751704.0031726,2.0449840230867267
1790751704.0261178,1.6895679291337729
1790751704.0415156,1.6061499482020736
1790751704.046223,1.577035989612341
1790751704.0523672,1.8300890224054456
1790751704.1207027,2.1150889806449413
1790751704.1530163,1.7595109529793262
1790751704.167677,3.1120229978114367
1790751704.1677594,3.3231230918318033
1790751704.206683,2.464176039211452
1790751704.2075276,1.3989540748298168
1790751704.2247806,1.9686430459842086
1790751704.2321296,1.6990479780361056
1790751704.2473817,2.1097990684211254
1790751704.2530696,1.9818920409306884
1790751704.2531643,2.654501935467124
1790751704.3155763,1.6678760293871164
1790751704.3442338,1.9022240303456783
1790751704.3630373,3.018290037289262
1790751704.3630996,2.1927100606262684
1790751704.3874466,1.859073992818594
1790751704.4033384,1.681142020970583
1790751704.4397964,2.7988170040771365
1790751704.4614844,1.8920479342341423
1790751704.4659424,1.4829100109636784
1790751704.4782681,1.7892559990286827
1790751704.4799116,1.2270779116079211
1790751704.4884713,2.230724901892245
1790751704.4929166,1.8422369612380862
1790751704.511734,1.6765360487625003
1790751704.5264645,1.7872309545055032
1790751704.5410905,2.2899539908394217
1790751704.554685,2.16369004920125
1790751704.5916028,2.005015965551138
1790751704.6780643,1.6864549834281206
1790751704.7131605,1.6350880032405257
1790751704.75439,2.39526794757694
1790751704.801229,1.6631881007924676
1790751704.8186262,1.9574110629037023
1790751704.8295987,1.6375830164179206
1790751704.8589196,1.922065974213183
1790751704.910071,2.0823099184781313
1790751704.9180076,1.942907925695181
1790751704.9817178,2.863592002540827
1790751704.9892452,1.559038064442575
1790751705.0658457,1.6929509583860636
1790751705.0932004,1.6706408932805061
1790751705.1355774,1.8551249522715807
1790751705.1370313,1.266435021534562
1790751705.1461186,1.8649549456313252
1790751705.1601758,2.2473459830507636
1790751705.1631293,1.9907659152522683
1790751705.2075167,1.848334912210703
1790751705.2171562,2.011333010159433
1790751705.2911308,1.909881946630776
1790751705.320394,2.7870810590684414
1790751705.3250105,1.3092149747535586
1790751705.3278592,1.8545269267633557
1790751705.3584144,2.14192399289459
1790751705.369764,3.1890750396996737
1790751705.3707998,2.7612459380179644
1790751705.3714173,1.4695220161229372
1790751705.3786201,1.6684930305927992
1790751705.4351234,2.2760990541428328
1790751705.4427924,2.0317579619586468
1790751705.4486947,1.8676649779081345
1790751705.4704053,1.772196963429451
1790751705.4771721,1.755113946273923
1790751705.4795856,1.3791050296276808
1790751705.4922733,1.8095719860866666
1790751705.5102994,1.8372080521658063
1790751705.5536048,1.7032650066539645
1790751705.5703087,1.9956199685111642
1790751705.615623,1.6774890245869756
1790751705.6615326,1.7253110418096185
1790751705.686174,1.7461719689890742
1790751705.6926568,1.3537820195779204
1790751705.6984468,1.390589983202517
1790751705.7209513,1.9905100343748927
1790751705.797208,2.479354036040604
1790751705.8032136,1.672097947448492
1790751705.8257458,3.6869699833914638
1790751705.8272312,1.4727109810337424
1790751705.835498,1.4366740360856056
1790751705.8604543,2.7649879921227694
1790751705.861302,2.0850449800491333
1790751705.8675451,3.143701935186982
1790751705.8685248,3.518118988722563
1790751705.8870857,2.084414940327406
1790751705.9041603,1.8080020090565085
1790751705.9306202,1.758964965119958
1790751705.932191,1.454599085263908
1790751705.935439,1.3967379927635193
1790751705.97766,1.7283180495724082
1790751705.98911,1.7335379961878061
1790751705.990837,1.2584601063281298
1790751706.0373013,1.6159819206222892
1790751706.046816,1.5025170287117362
1790751706.0672235,1.8238379852846265
1790751706.1422207,2.3694359697401524
1790751706.1685035,1.6547259874641895
1790751706.198145,1.8407299648970366
1790751706.2160249,3.026443999260664
1790751706.2221568,1.7254380509257317
1790751706.2550766,1.6359559958800673
1790751706.2749252,2.191340085119009
1790751706.2877965,2.05456605181098
1790751706.3770292,1.9937669858336449
1790751706.3847165,1.902083051390946
1790751706.4011104,1.8605550285428762
1790751706.4218614,2.4370490573346615
1790751706.44383,1.9584769615903497
1790751706.506618,1.8351580947637558
1790751706.5487561,1.9918429898098111
1790751706.62667,1.9726390019059181
1790751706.7107553,2.1829979959875345
1790751706.7749076,1.9850239623337984
1790751706.8129966,2.198160975240171
1790751706.8185859,2.1575919818133116
1790751706.8542104,1.7536100931465626
1790751706.897256,2.5028580566868186
1790751706.9207478,1.8697859486564994
1790751706.9581492,2.3439760552719235
1790751706.962895,1.6643080161884427
1790751706.9659913,1.4959180261939764
1790751706.9695528,1.2360300170257688
1790751707.0090878,1.926356926560402
1790751707.018535,1.6307119512930512
1790751707.0331094,1.7473830375820398
1790751707.0655003,1.7705450300127268
1790751707.102105,2.059430000372231
1790751707.1146867,2.136580995284021
1790751707.142811,1.7512280028313398
1790751707.1579063,1.7918380908668041
1790751707.1584795,1.6888990066945553
1790751707.1655617,1.4801410725340247
1790751707.218622,1.637162989936769
1790751707.23773,2.30501894839108
1790751707.2503405,1.6000820323824883
1790751707.260276,1.6070869751274586
1790751707.292747,1.9090300193056464
1790751707.3223038,2.2830769885331392
1790751707.35903,1.8297589849680662
1790751707.3667831,1.849886029958725
1790751707.4445584,2.0194289973005652
1790751707.4461963,1.2429900234565139
1790751707.483928,1.6352439997717738
1790751707.4981995,1.6083619557321072
1790751707.4999697,1.1322239879518747
1790751707.504423,3.1516740564256907
1790751707.5051076,2.3115089861676097
1790751707.5232713,1.8702970119193196
1790751707.5404496,1.6552979359403253
1790751707.5806944,2.015154925175011
1790751707.6187587,1.9726420287042856
1790751707.6793811,2.04855902120471
1790751707.6796548,1.530081033706665
1790751707.693975,2.0790090784430504
1790751707.7161887,3.1422009924426675
1790751707.719505,1.9337210105732083
1790751707.767933,1.7898500664159656
1790751707.772898,1.8060620641335845
1790751707.7834494,1.9375929841771722
1790751707.8286946,1.9480069167912006
1790751707.8704455,2.3247929057106376
1790751707.8956187,2.2958279587328434
1790751707.9044366,1.6671420307829976
1790751707.9172854,2.8511600103229284
1790751707.9321923,1.68499699793756
1790751707.9388893,1.3485250528901815
1790751707.9626646,1.682822941802442
1790751708.0383048,2.433289075270295
1790751708.0593154,1.701492932625115
1790751708.0656073,1.6340190777555108
1790751708.090525,1.7136980313807726
1790751708.0989091,1.4441689709201455
1790751708.14242,3.577174968086183
1790751708.2033658,1.7238690052181482
1790751708.2688718,1.6359059372916818
1790751708.3300986,2.249610028229654
1790751708.3777936,1.8382760463282466
1790751708.388839,1.4763090293854475
1790751708.414202,2.410699031315744
1790751708.440819,1.7379799392074347
1790751708.466419,1.8376869847998023
1790751708.485305,2.0201450679451227
1790751708.5180116,2.117144991643727
1790751708.540429,1.876333961263299
1790751708.5717976,3.6180330207571387
1790751708.6802742,2.4901800788939
1790751708.6832535,1.6569419531151652
1790751708.778099,1.8965479684993625
1790751708.7953231,1.9841119647026062
1790751708.8013356,1.7238250002264977
1790751708.8191903,1.6371109522879124
1790751708.821713,1.827739062719047
1790751708.8304498,1.5534049598500133
1790751708.8767352,1.7472950275987387
1790751708.8891046,1.9931349670514464
1790751708.9128113,4.8388499999418855
1790751708.9128823,3.184315050020814
1790751708.9134078,1.1717670131474733
1790751708.9149497,1.3531489530578256
1790751708.9207687,1.1534830555319786
1790751708.9455585,1.7680510645732284
1790751708.951464,1.4195609837770462
1790751708.965878,1.664508949033916
1790751708.9813902,2.052398049272597
1790751708.9887464,1.6070130513980985
1790751709.006575,1.6543329693377018
1790751709.0172522,1.599502982571721
1790751709.0283325,1.8473290838301182
1790751709.0691433,2.63872800860554
1790751709.1019616,2.1524069597944617
1790751709.1829405,1.986972987651825
1790751709.263543,3.482279018498957
1790751709.263824,3.8780870381742716
1790751709.277456,2.0884069381281734
1790751709.30377,3.1245959689840674
1790751709.3320296,2.372398041188717
1790751709.389093,3.4507729578763247
1790751709.4035501,2.4738890351727605
1790751709.4069695,1.5885980101302266
1790751709.4356222,1.9671280169859529
1790751709.4544544,1.5957170398905873
1790751709.5759823,2.6995190419256687
1790751709.6176548,1.9328780472278595
1790751709.6487145,1.6466629458591342
1790751709.6727896,1.605622936040163
1790751709.7281132,1.9952768925577402
1790751709.7464778,1.59916200209409
1790751709.7587142,2.3896150523796678
1790751709.7756803,2.21435003913939
1790751709.7760549,2.000223961658776
1790751709.7823722,1.5533639816567302
1790751709.7883825,1.1863319668918848
1790751709.81773,1.6441169427707791
1790751709.8219662,3.2213630620390177
1790751709.8496177,2.642860054038465
1790751709.8572676,1.8507660133764148
1790751709.8902674,1.677292981185019
1790751709.8951344,2.186025958508253
1790751709.895828,2.2136300103738904
1790751709.9386652,1.87917600851506
1790751709.940954,1.437371945939958
1790751710.009295,2.0170359639450908
1790751710.0625758,1.6570379957556725
1790751710.0770965,1.6443179920315742
1790751710.0846066,1.6656169900670648
1790751710.0966716,2.318034996278584
1790751710.0978837,1.2013219529762864
1790751710.1361544,2.0540179684758186
1790751710.1393707,2.1215799497440457
1790751710.1424987,1.649162033572793
1790751710.165534,1.8080929294228554
1790751710.2042763,2.448727027513087
1790751710.2387965,1.9303739536553621
1790751710.3212216,1.647404977120459
1790751710.353581,1.6664989525452256
1790751710.3601584,1.697756932117045
1790751710.4263759,2.153886016458273
1790751710.4436126,2.1063549211248755
1790751710.4547653,2.7891480131074786
1790751710.4559166,1.7071350011974573
1790751710.4751291,1.624933909624815
1790751710.476636,1.2409499613568187
1790751710.4871418,1.8684319220483303
1790751710.4936543,1.811091904528439
1790751710.5382116,1.729112002067268
1790751710.5582654,2.0762529456987977
1790751710.5622175,2.0015049958601594
1790751710.5793035,1.873748959042132
1790751710.6893172,4.034952959045768
1790751710.6965306,2.122165053151548
1790751710.755707,2.093840972520411
1790751710.7638006,1.7104679718613625
1790751710.7848403,1.901224022731185
1790751710.8121114,1.9593449542298913
1790751710.8380878,1.5834809746593237
1790751710.8990574,2.1454819943755865
1790751710.9118953,1.7841149820014834
1790751710.927263,1.6150230076164007
1790751710.9642477,3.7113489815965295
1790751710.987181,1.8174219876527786
1790751710.9943419,2.719992073252797
1790751711.0238748,1.6577249625697732
1790751711.0288854,1.4945039292797446
1790751711.0847147,2.93365097604692
1790751711.1284466,4.839707049541175
1790751711.2688944,2.5523260701447725
1790751711.2693653,1.8350520404055715
1790751711.2790241,1.487020985223353
1790751711.2840698,1.3482340145856142
1790751711.335163,1.963919959962368
1790751711.338835,1.943600014783442
1790751711.3599703,1.9798269495368004
1790751711.4000113,2.3004430113360286
1790751711.4191895,1.9908470567315817
1790751711.4266386,1.8485690234228969
1790751711.4355853,1.5527980867773294
1790751711.448335,1.7705990467220545
1790751711.4637144,1.5058829449117184
1790751711.4698741,1.287531922571361
1790751711.4826424,2.0885070553049445
1790751711.5046947,2.151313005015254
1790751711.5471148,1.6501829959452152
1790751711.5487745,1.1826689587906003
1790751711.566377,1.571660046465695
1790751711.5950425,1.5853760996833444
1790751711.6007452,2.200914081186056
1790751711.6008167,1.8109050579369068
1790751711.6176434,2.313903998583555
1790751711.6204176,1.3174499617889524
1790751711.637253,1.843725098297
1790751711.6711948,2.322177984751761
1790751711.6750684,2.067284076474607
1790751711.6950755,1.835053088143468
1790751711.7296002,1.7580969724804163
1790751711.7618227,2.004216075874865
1790751711.8102129,1.951072015799582
1790751711.840044,2.7443210128694773
1790751711.8478832,1.539521967060864
1790751711.8868487,2.1168290404602885
1790751711.90094,1.7665170598775148
1790751711.914787,1.7453728942200541
1790751711.982931,1.6939680790528655
1790751711.9874477,1.317352056503296
1790751712.0406196,2.5728149339556694
1790751712.0917912,1.9117110641673207
1790751712.1297896,2.272833022288978
1790751712.144625,1.8633150029927492
1790751712.1465297,1.1856791097670794
1790751712.168822,1.7189150676131248
1790751712.1958838,2.479755086824298
1790751712.1965683,1.8460080027580261
1790751712.2387366,2.8156270273029804
1790751712.3198273,2.9473300091922283
1790751712.3288605,1.6105560353025794
1790751712.3364553,1.5718709910288453
1790751712.36659,1.8234800081700087
1790751712.4037838,2.0190159557387233
1790751712.4133809,1.9395719282329082
1790751712.4180987,1.6194320050999522
1790751712.4935353,2.8809650102630258
1790751712.5038183,2.739786054007709
1790751712.5337777,1.8077020067721605
1790751712.554524,2.1922310115769506
1790751712.5776682,2.41356308106333
1790751712.5777214,1.8435120582580566
1790751712.587389,2.9765889048576355
1790751712.6424358,2.419494092464447
1790751712.6572614,1.9874200224876404
1790751712.66439,2.2107179975137115
1790751712.6942058,2.051957999356091
1790751712.6976972,2.0026760175824165
1790751712.7621686,1.9909680122509599
1790751712.7971525,1.815584022551775
1790751712.8476515,6.231639068573713
1790751712.8536184,2.1326340502128005
1790751712.8783464,1.767564914189279
1790751712.921568,2.1602099295705557
1790751712.9325833,1.6696848906576633
1790751712.9666648,1.632942003197968
1790751712.9743419,1.4307539677247405
1790751712.9774873,1.342823961749673
1790751713.0193057,2.037561032921076
1790751713.0298731,1.6386460047215223
1790751713.100139,2.0388109842315316
1790751713.15279,2.233859966509044
1790751713.1655622,1.6705900197848678
1790751713.171783,1.388128031976521
1790751713.2023659,2.0934019703418016
1790751713.2049477,1.3468189863488078
1790751713.22605,1.7376609612256289
1790751713.2583225,2.1298580104485154
1790751713.259132,1.2774820206686854
1790751713.263572,1.457019941881299
1790751713.2730837,2.2626209538429976
1790751713.2841554,1.507570967078209
1790751713.325645,2.743021002970636
1790751713.3413973,1.9943609368056059
1790751713.354586,1.696550054475665
1790751713.3841794,3.578396048396826
1790751713.4097853,2.0686329808086157
1790751713.420563,2.4405670119449496
1790751713.4223938,1.7192320665344596
1790751713.4342308,1.9722689175978303
1790751713.4349642,1.9211979815736413
1790751713.5057068,3.640774986706674
1790751713.5380442,1.8315379275009036
1790751713.5389223,1.66089809499681
1790751713.5513654,1.7576089594513178
1790751713.55615,2.3145689629018307
1790751713.5780053,1.8800769466906786
1790751713.5829983,1.8506560008972883
1790751713.597129,2.8506419621407986
1790751713.5972273,2.4524220498278737
1790751713.612117,1.5930159715935588
1790751713.6142545,1.7669870285317302
1790751713.6456146,2.920661005191505
1790751713.6719148,2.0097970264032483
1790751713.742105,2.526427968405187
1790751713.7571971,1.9202560652047396
1790751713.7700317,1.587684964761138
1790751713.78168,2.0526350708678365
1790751713.7897162,1.4612210216000676
1790751713.884594,2.9117059893906116
1790751713.9066162,1.636149943806231
1790751713.9184725,1.6659109387546778
1790751713.9283369,1.7227840144187212
1790751713.9427912,2.1267749834805727
1790751713.9672956,2.4152210680767894
1790751714.0175173,3.055138047784567
1790751714.082535,1.7373720183968544
1790751714.1480725,10.753936017863452
1790751714.149715,6.217693910002708
1790751714.1635823,4.554855986498296
1790751714.1822104,2.0202959422022104
1790751714.2405632,2.283934038132429
1790751714.2547295,4.6219551004469395
1790751714.2569873,2.0810540299862623
1790751714.321833,2.612523967400193
1790751714.3293903,1.7384610837325454
1790751714.3362417,1.8193689174950123
1790751714.3496437,1.5944719780236483
1790751714.393535,2.4092550156638026
1790751714.394922,1.372473081573844
1790751714.4019723,2.338349004276097
1790751714.4314234,2.7142770122736692
1790751714.442595,1.4449349837377667
1790751714.4473758,1.4460469828918576
1790751714.5074816,3.6128819920122623
1790751714.5075364,2.194517059251666
1790751714.5630028,2.249349025078118
1790751714.6151316,1.6675649676471949
1790751714.6170127,1.2536109425127506
1790751714.6501257,1.7413300229236484
1790751714.669926,1.7586039612069726
1790751714.6707227,1.7576030222699046
1790751714.6902614,2.229799050837755
1790751714.7391958,3.735276055522263
1790751714.7637877,2.9102229746058583
1790751714.779254,8.764590951614082
1790751714.7796884,11.785340961068869
1790751714.8332062,5.834577954374254
1790751714.8362086,2.9783500358462334
1790751714.8362725,2.1081040613353252
1790751714.8451266,1.5727729769423604
1790751714.8890324,6.082454929128289
1790751714.8968868,1.6056919703260064
1790751714.988698,2.5681849801912904
1790751714.9899402,2.4674959713593125
1790751715.0195122,2.333273063413799
1790751715.0388775,2.0292559638619423
1790751715.0670938,1.6751670045778155
1790751715.072519,1.2883860617876053
1790751715.0904927,1.9274920923635364
1790751715.0972166,1.50687200948596
1790751715.1194956,1.688802964054048
1790751715.1414654,1.9509110134094954
1790751715.1580567,1.6161359380930662
1790751715.1679072,1.9915850134566426
1790751715.1690307,1.5534489648416638
1790751715.1698496,1.5873099910095334
1790751715.2251844,2.9844780219718814
1790751715.2599127,5.976150976493955
1790751715.2633944,3.425327013246715
1790751715.2782648,1.5874550445005298
1790751715.3292487,11.036235024221241
1790751715.3357465,1.8884011078625917
1790751715.3369927,1.236493932083249
1790751715.353536,1.9580910447984934
1790751715.358092,2.1204049699008465
1790751715.3690095,1.8054399406537414
1790751715.4106839,1.8761740066111088
1790751715.4165986,1.767698093317449
1790751715.4465115,2.8876769356429577
1790751715.462352,2.6321749901399016
1790751715.4750876,2.276587998494506
1790751715.478309,2.130255103111267
1790751715.501738,2.407735912129283
1790751715.533647,2.1925969049334526
1790751715.555537,2.128363004885614
1790751715.5598824,1.6788539942353964
1790751715.6038408,1.8363919807597995
1790751715.6204782,1.6093290178105235
1790751715.630436,1.563811907544732
1790751715.6560743,3.8510500453412533
1790751715.6570501,3.6623330088332295
1790751715.6577904,1.7055980861186981
1790751715.6923463,2.671416965313256
1790751715.7116065,2.3260379675775766
1790751715.7163393,1.7761519411578774
1790751715.737473,1.7498519737273455
1790751715.7422714,1.3306390028446913
1790751715.7517953,2.2010039538145065
1790751715.7810664,2.2189649753272533
1790751715.7984912,1.7110799672082067
1790751715.8209805,1.8635379383340478
1790751715.835805,2.793380990624428
1790751715.8399327,1.3760360889136791
1790751715.8685093,1.7136140959337354
1790751715.9258075,3.056991030462086
1790751715.9359992,1.991791999898851
1790751715.9489548,1.672624028287828
1790751715.9857075,1.7244439804926515
1790751715.9902782,1.3543380191549659
1790751716.0018618,1.6699240077286959
1790751716.0121248,1.6081760404631495
1790751716.100113,1.760218059644103
1790751716.169513,3.0925190076231956
1790751716.169803,2.6460180524736643
1790751716.2306218,3.026947029866278
1790751716.2494876,1.9290030468255281
1790751716.39941,2.0985400769859552
1790751716.4160943,1.713931909762323
1790751716.4297202,1.8700780346989632
1790751716.4470026,1.6810320084914565
1790751716.4547663,1.499874982982874
1790751716.4900472,2.061571925878525
1790751716.5097308,2.1227269899100065
1790751716.5379553,1.6316110268235207
1790751716.5509074,1.802958082407713
1790751716.5602546,1.6041810158640146
1790751716.5848446,2.4461770663037896
1790751716.5908635,1.5881540020927787
1790751716.6283715,2.2376200649887323
1790751716.6298134,1.431095995940268
1790751716.6533413,1.7174320528283715
1790751716.6871593,1.788822002708912
1790751716.7124047,1.7228969372808933
1790751716.72085,1.7683019395917654
1790751716.7328463,1.7920209793373942
1790751716.7596662,2.0982910646125674
1790751716.783441,2.1607030648738146
1790751716.8017406,1.7055110074579716
1790751716.8283494,1.6517640324309468
1790751716.8325684,1.2367459712550044
1790751716.8690372,2.407304011285305
1790751716.873899,2.0251949317753315
1790751716.9015603,1.9300209823995829
1790751716.9052188,2.031542011536658
1790751716.933201,1.7138400580734015
1790751716.9944904,1.8465209286659956
1790751717.0092266,1.7744380747899413
1790751717.0788305,1.7767091048881412
1790751717.0854716,1.8962330650538206
1790751717.1040926,1.6786269843578339
1790751717.1101599,1.3933229492977262
1790751717.2274039,2.073967014439404
1790751717.3605216,3.049916005693376
1790751717.36227,1.7347109969705343
1790751717.3952281,2.468933002091944
1790751717.4005096,1.747495960444212
1790751717.4421794,2.627170062623918
1790751717.4500003,1.6273229848593473
1790751717.452348,1.3614259660243988
1790751717.482985,2.2412799298763275
1790751717.542803,5.2604059455916286
1790751717.543158,3.8878320483490825
1790751717.674661,2.471484011039138
1790751717.681082,2.6560459518805146
1790751717.6911182,2.270544064231217
1790751717.693244,1.6203969717025757
1790751717.7606225,2.0507880253717303
1790751717.7620864,1.452667056582868
1790751717.768338,1.6236900119110942
1790751717.8241158,2.01479101087898
1790751717.834459,2.1946619963273406
1790751717.8549068,2.3806720273569226
1790751717.9131372,1.8073199316859245
1790751717.9606097,2.3429079446941614
1790751717.997594,2.8693450149148703
1790751718.0040882,2.150704967789352
1790751718.0538294,3.602400072850287
1790751718.0891688,1.6781310550868511
1790751718.0942333,1.3294520322233438
1790751718.1254282,1.7860110383480787
1790751718.1326356,3.4030950628221035
1790751718.1344235,1.7774819862097502
1790751718.1601791,2.9304390773177147
1790751718.2197833,3.181824926286936
1790751718.2249973,1.5864670276641846
1790751718.3087661,5.125305964611471
1790751718.3222685,2.0756490994244814
1790751718.4302673,1.961059053428471
1790751718.4515958,2.2767349146306515
1790751718.4622402,1.7885399283841252
1790751718.4751272,1.652869046665728
1790751718.482578,2.142799086868763
1790751718.5421226,2.2409510565921664
1790751718.556647,3.0408879974856973
1790751718.5598943,1.583780045621097
1790751718.5887098,2.4387460434809327
1790751718.6142535,1.8368220189586282
1790751718.6156726,1.212664064951241
1790751718.643389,1.672137062996626
1790751718.6794655,4.659019992686808
1790751718.6829545,2.2161980159580708
1790751718.7099254,1.960334018804133
1790751718.7175958,1.6743829473853111
1790751718.7805743,1.7524700378999114
1790751718.8300679,2.4490420473739505
1790751718.959257,4.258483997546136
1790751718.9827442,2.026893082074821
1790751719.0296028,2.8554470045492053
1790751719.0380886,8.46334791276604
1790751719.089452,10.842869989573956
1790751719.092825,7.2177170077338815
1790751719.13062,2.268560929223895
1790751719.1500878,3.0730749713256955
1790751719.198335,3.3162509789690375
1790751719.2019255,1.8125800415873528
1790751719.2081976,1.7965079750865698
1790751719.216061,1.3596119824796915
1790751719.218204,1.1702768970280886
1790751719.2684627,1.9016790902242064
1790751719.2747352,1.4724009670317173
1790751719.277743,1.4820619253441691
1790751719.3086092,1.7768089892342687
1790751719.3306208,2.5975829921662807
1790751719.3312523,1.7941930564120412
1790751719.3339446,1.1581479338929057
1790751719.3647082,1.640602946281433
1790751719.402855,1.7640269361436367
1790751719.4069147,1.3376730494201183
1790751719.43833,1.701609930023551
1790751719.466108,1.7796240281313658
1790751719.524194,2.5978359626606107
1790751719.543596,2.2604690166190267
1790751719.5551052,1.6742430161684752
1790751719.5696774,1.5362820122390985
1790751719.6057322,2.3599209962412715
1790751719.6278002,2.1312469616532326
1790751719.6530654,2.1114289993420243
1790751719.6668575,4.175860085524619
1790751719.689656,2.253904938697815
1790751719.7045367,1.9479700131341815
1790751719.744936,1.6343190800398588
1790751719.7852232,2.302924985997379
1790751719.8094578,2.0743829663842916
1790751719.810006,1.37291697319597
1790751719.853537,2.3977819364517927
1790751719.8624349,1.7818110063672066
1790751719.8661504,1.4188180211931467
1790751719.869993,1.3923030346632004
1790751719.886961,2.5336151011288166
1790751719.887504,2.069665933959186
1790751719.8982165,1.5535249840468168
1790751719.9458232,1.8365699797868729
1790751719.97,2.5283070281147957
1790751719.9871273,1.7033410258591175
1790751720.0158222,2.6359149487689137
1790751720.015944,1.9974979804828763
1790751720.0180063,1.3831499963998795
1790751720.0384562,1.8518969882279634
1790751720.0722892,1.8339150119572878
1790751720.0740104,1.3171390164643526
1790751720.082007,1.4931840123608708
1790751720.1033158,1.620311988517642
1790751720.1344202,2.214259933680296
1790751720.157956,1.9892040872946382
1790751720.197877,1.7930390313267708
1790751720.248113,2.1401679841801524
1790751720.255245,1.7921820981428027
1790751720.267464,1.6849159728735685
1790751720.3439364,1.7081620171666145
1790751720.3949215,1.8517760327085853
1790751720.4969747,1.7874579643830657
1790751720.5056689,1.6002249903976917
1790751720.521724,2.286310074850917
1790751720.5278623,1.3774620601907372
1790751720.6155396,10.888466029427946
1790751720.6402786,2.500864095054567
1790751720.6703093,3.8300950545817614
1790751720.6782315,2.18104908708483
1790751720.6846976,4.076977958902717
1790751720.7111278,4.3566640233621
1790751720.7678797,2.1780449897050858
1790751720.778823,1.9581959350034595
1790751720.8319097,1.6474260482937098
1790751720.8361924,1.2416739482432604
1790751720.858639,1.7441799864172935
1790751720.867345,1.6596949426457286
1790751720.919751,5.887778010219336
1790751720.9203866,4.032984026707709
1790751720.9380364,1.5588999958708882
1790751720.9561088,2.472135005518794
1790751720.984327,3.692780970595777
1790751721.0145133,2.6060850359499454
1790751721.03446,3.1839610310271382
1790751721.0345242,2.5465519865974784
1790751721.0522974,1.7802049405872822
1790751721.0787337,1.6331509687006474
1790751721.0826612,1.5179540496319532
1790751721.1235695,2.5611609453335404
1790751721.1787066,2.2987109841778874
1790751721.19666,2.0922720432281494
1790751721.2063317,1.7430320149287581
1790751721.2098925,1.6812969697639346
1790751721.2142363,1.3659539399668574
1790751721.2571845,1.9035650184378028
1790751721.2635977,2.127663930878043
1790751721.287799,1.633990090340376
1790751721.3312898,1.974579063244164
1790751721.342846,1.7927009612321854
1790751721.3535564,1.6001479234546423
1790751721.3703895,2.0067490404471755
1790751721.372822,1.3358970172703266
1790751721.3996112,1.699001993983984
1790751721.4086847,1.6274600056931376
1790751721.4137115,1.5259289648383856
1790751721.4168081,1.3112530577927828
1790751721.4474542,1.6108279814943671
1790751721.4620068,1.7463508993387222
1790751721.4645758,1.3042549835518003
1790751721.4835274,2.126303967088461
1790751721.4904952,1.8971239915117621
1790751721.511057,1.9731279462575912
1790751721.5265772,1.9921460188925266
1790751721.547392,1.7768139950931072
1790751721.6187994,1.727280905470252
1790751721.6250112,1.602820004336536
1790751721.6302478,1.6923700459301472
1790751721.659808,3.116115927696228
1790751721.6712947,1.6922310460358858
1790751721.6725497,1.2450329959392548
1790751721.685777,1.4850969891995192
1790751721.6930933,1.6217969823628664
1790751721.7393272,1.6394141130149364
1790751721.7564425,1.6120689688250422
1790751721.7602217,1.412868034094572
1790751721.768571,1.8899058923125267
1790751721.8383613,1.8046559998765588
1790751721.8697565,2.325832028873265
1790751721.9050045,2.084019943140447
1790751721.9237535,2.118763979524374
1790751721.953369,4.242670023813844
1790751721.9534574,3.713974030688405
1790751721.95839,1.5739540103822947
1790751721.977248,1.7650779336690903
1790751721.98193,2.0600639982149005
1790751722.011814,2.200398943386972
1790751722.049304,1.6819600714370608
1790751722.147291,2.570276032201946
1790751722.1478336,1.542524085380137
1790751722.1792986,2.1270359866321087
1790751722.1969612,1.679721986874938
1790751722.2328699,4.020952968858182
1790751722.233041,3.2735569402575493
1790751722.2335997,1.7821950605139136
1790751722.282633,2.2067520767450333
1790751722.2861347,1.5076800482347608
1790751722.3123324,2.02657503541559
1790751722.3251646,1.8944580806419253
1790751722.3768659,2.787702949717641
1790751722.385671,1.550092943944037
1790751722.3993156,1.6213390044867992
1790751722.4161518,1.657190965488553
1790751722.4970999,2.098163007758558
1790751722.507478,1.9714819500222802
1790751722.6996143,1.9636749057099223
1790751722.713577,1.5922849997878075
1790751722.7465189,1.7869649454951286
1790751722.7791243,1.9165920093655586
1790751722.7932844,1.5419039409607649
1790751722.836096,2.543357899412513
1790751722.846338,3.212094074115157
1790751722.8464072,3.4239310771226883
1790751722.8576267,1.668189070187509
1790751722.8803926,2.0019999938085675
1790751722.9498708,1.8306020647287369
1790751722.9522665,1.5910851070657372
1790751722.9531167,1.5803460264578462
1790751722.954563,1.43708405084908
1790751722.9634814,1.8674080492928624
1790751722.9711602,1.4516969677060843
1790751723.0045722,1.704980037175119
1790751723.0160654,4.185934900306165
1790751723.0324478,2.175425994209945
1790751723.0783696,2.1017839899286628
1790751723.0848482,2.38044501747936
1790751723.08496,1.9690729677677155
1790751723.1115131,1.9177539506927133
1790751723.1169515,1.3582449173554778
1790751723.123265,2.1647089160978794
1790751723.134036,1.615854911506176
1790751723.1682122,2.0814379677176476
1790751723.1698706,2.157178008928895
1790751723.174923,1.2538980226963758
1790751723.1761718,1.155977020971477
1790751723.1905162,1.680881017819047
1790751723.1978261,1.8003489822149277
1790751723.2059488,1.856151968240738
1790751723.2468693,2.6992199709638953
1790751723.2479436,3.2080119708552957
1790751723.248259,4.657977027818561
1790751723.269614,2.4730850709602237
1790751723.303694,1.6116719925776124
1790751723.3375854,2.410674002021551
1790751723.3590121,2.27332697249949
1790751723.3611743,1.3537979684770107
1790751723.4083326,6.785769946873188
1790751723.4393678,2.1179589675739408
1790751723.4464698,1.9917089957743883
1790751723.4485152,1.640890957787633
1790751723.4801552,1.8352200277149677
1790751723.51095,1.9824489718303084
1790751723.5208528,2.2328629856929183
1790751723.6264682,1.8630900885909796
1790751723.6393676,1.9804650219157338
1790751723.6663315,2.517018001526594
1790751723.720215,2.0620550494641066
1790751723.727102,1.835803035646677
1790751723.759574,1.82047497946769
1790751725.6740308,1.851637032814324
1790751725.6769788,1.701615983620286
1790751725.7288387,2.1269419230520725
1790751725.7843826,2.1347959991544485
1790751725.7895453,1.659848028793931
1790751725.82021,2.2327289916574955
1790751725.8309903,1.5921960584819317
1790751725.8329499,1.2360330438241363
1790751725.8411834,1.2431700015440583
1790751725.85008,1.6016059089452028
1790751725.8730476,1.6879470786079764
1790751725.937219,1.923296949826181
1790751725.9516673,1.6402560286223888
1790751725.9542565,1.3842970365658402
1790751725.991263,2.7806709986180067
1790751726.0016453,2.0799109479412436
1790751726.0166733,2.026582951657474
1790751726.0271478,1.9855350255966187
1790751726.0448782,1.6042579663917422
1790751726.080331,2.173412940464914
1790751726.1110818,2.0426539704203606
1790751726.1154442,1.3176070060580969
1790751726.1336112,1.9226470030844212
1790751726.1868987,4.940918064676225
1790751726.1981282,1.7943320563063025
1790751726.2038658,1.4215310802683234
1790751726.2146378,1.9210779573768377
1790751726.2313309,1.8533599795773625
1790751726.2401023,1.3652939815074205
1790751726.2427359,1.2031790101900697
1790751726.2796772,3.8803539937362075
1790751726.2808557,3.863302059471607
1790751726.2817013,1.8957250285893679
1790751726.2873535,1.438673003576696
1790751726.296355,1.8458010163158178
1790751726.30099,1.2429780326783657
1790751726.3301995,1.801536069251597
1790751726.3315303,1.3208179734647274
1790751726.3639026,1.9713019719347358
1790751726.3715334,1.5854289522394538
1790751726.3759387,1.3695299858227372
1790751726.4108887,2.928907983005047
1790751726.4417124,2.2708229953423142
1790751726.5100002,1.8317010253667831
1790751726.5152562,1.6328539932146668
1790751726.5516589,2.2847600048407912
1790751726.701927,2.2471529664471745
1790751726.7148266,1.7761029303073883
1790751726.728221,1.5585969667881727
1790751726.7319024,1.3768930220976472
1790751726.736331,1.7224089242517948
1790751726.7565668,2.1542870672419667
1790751726.7811708,2.1511489758268
1790751726.7982903,2.249200944788754
1790751726.8234804,1.6356180422008038
1790751726.8305705,1.4221079181879759
1790751726.8469718,1.7826179973781109
1790751726.9068136,1.9107080297544599
1790751726.910836,1.3431069673970342
1790751726.9401073,2.8488849056884646
1790751726.9517899,2.1009669872000813
1790751726.989835,3.8536330685019493
1790751727.020305,4.305162001401186
1790751727.0240602,1.9541120855137706
1790751727.0348017,1.8654760206118226
1790751727.0608075,2.0717789884656668
1790751727.1028848,2.3499210365116596
1790751727.1217318,2.93611001688987
1790751727.1217997,1.820773002691567
1790751727.1251225,1.3898730976507068
1790751727.170566,2.8045770013704896
1790751727.2109327,1.830936991609633
1790751727.2534585,7.8952619805932045
1790751727.2548609,5.147212068550289
1790751727.2817435,3.3413460478186607
1790751727.2818747,2.757707959972322
1790751727.3025913,3.111904952675104
1790751727.3207912,2.4150870740413666
1790751727.3216689,1.3157930225133896
1790751727.363992,3.096412983722985
1790751727.387421,2.0715759601444006
1790751727.3922012,1.500059966929257
1790751727.4372056,1.8355969805270433
1790751727.46538,1.678108936175704
1790751727.5120535,2.2017809096723795
1790751727.5347316,1.9210890168324113
1790751727.538982,1.5664729289710522
1790751727.581988,1.891958061605692
1790751727.6294851,1.781729981303215
1790751727.6517222,1.7165140016004443
1790751727.6589022,1.8804059363901615
1790751727.757422,1.9359239377081394
1790751727.7811255,1.8505780026316643
1790751727.7833588,1.23561208602041
1790751727.8485746,2.468019025400281
1790751727.8617938,1.960230991244316
1790751727.862503,1.856601913459599
1790751727.8662457,1.457706093788147
1790751727.9004707,1.7900969833135605
1790751727.9334886,1.8399420659989119
1790751727.9484859,1.9241860136389732
1790751727.9682162,2.088707988150418
1790751727.9815845,1.8980080494657159
1790751728.0410964,1.8418540712445974
1790751728.0451984,2.1667409455403686
1790751728.049675,1.650567981414497
1790751728.0623348,2.068447065539658
1790751728.0769413,1.8255870090797544
1790751728.1034143,2.1968239452689886
1790751728.12173,1.5887429472059011
1790751728.1484644,3.9864020654931664
1790751728.152509,1.6028089448809624
1790751728.157628,1.2666060356423259
1790751728.1798353,1.9225639989599586
1790751728.2023954,2.093037008307874
1790751728.2048528,2.440504962578416
1790751728.2113976,1.4561288990080357
1790751728.2199054,2.3692300310358405
1790751728.2357345,1.871253945864737
1790751728.322315,3.739748033694923
1790751728.3233185,2.6659449795261025
1790751728.357419,1.517412019893527
1790751728.3617868,1.3025379739701748
1790751728.3803241,2.4857710814103484
1790751728.3809102,1.4422039967030287
1790751728.4041014,1.836571958847344
1790751728.4097595,2.013523946516216
1790751728.4123454,1.3376870192587376
1790751728.4140823,1.5381949488073587
1790751728.4690835,1.7395300092175603
1790751728.4886315,1.9023820059373975
1790751728.5154343,1.6885369550436735
1790751728.6078074,2.021207008510828
1790751728.6885295,2.222900977358222
1790751728.724972,1.9704339792951941
1790751728.7556815,2.0717409206554294
1790751728.757505,1.2823250144720078
1790751728.77096,2.0305890357121825
1790751728.8204756,1.8716560443863273
1790751728.8255236,1.7308560200035572
1790751728.929769,1.8908049678429961
1790751728.9371088,1.7163049196824431
1790751728.941706,1.287634950131178
1790751728.9997046,1.90482207108289
1790751729.1265314,2.4183379719033837
1790751729.1481316,2.0958229433745146
1790751729.2108839,2.1659400081261992
1790751729.235112,2.1314689656719565
1790751729.270199,2.380753983743489
1790751729.2753923,1.9548659911379218
1790751729.3022976,1.8863669829443097
1790751729.3042574,1.745773945003748
1790751729.317518,2.0577890099957585
1790751729.3306327,2.358857076615095
1790751729.3321524,2.7908519841730595
1790751729.3331063,1.8678170163184404
1790751729.4044657,2.0587119506672025
1790751729.44823,5.444283946417272
1790751729.4483037,3.7235820200294256
1790751729.4483833,4.925015033222735
1790751729.4553096,1.5333349583670497
1790751729.5763612,2.5870499666780233
1790751729.5804691,2.3653199896216393
1790751729.6994746,3.161124885082245
1790751729.715092,2.1159700118005276
1790751729.7601633,2.17511598020792
1790751729.7673047,2.170930034480989
1790751729.8025787,1.75034801941365
1790751729.807413,1.430682954378426
1790751729.810932,1.2775450013577938
1790751729.8204386,1.5318129444494843
1790751729.8660905,2.170592895708978
1790751729.9156294,2.51061306335032
1790751729.9385993,2.0758580649271607
1790751730.016315,1.704114954918623
1790751730.032073,1.819365075789392
1790751730.034161,1.2587460223585367
1790751730.0614939,1.7606670735403895
1790751730.0713792,1.5932860551401973
1790751730.1225982,1.722277025692165
1790751730.1285734,1.6546600963920355
1790751730.1976092,1.8097900319844484
1790751730.2187693,2.7915550163015723
1790751730.219678,1.436106045730412
1790751730.2430942,1.820133998990059
1790751730.2810059,2.3559440160170197
1790751730.320796,1.6828449442982674
1790751730.3265111,1.5090600354596972
1790751730.4343035,2.3723869817331433
1790751730.4445324,1.8459439743310213
1790751730.4473975,1.2311899336054921
1790751730.4967418,1.7418310744687915
1790751730.5314405,2.0638059359043837
1790751730.559228,1.8844020087271929
1790751730.6216636,2.042775973677635
1790751730.666722,4.157842020504177
1790751730.6882265,2.177682938054204
1790751730.714917,2.278293017297983
1790751730.7234063,2.192782936617732
1790751730.784836,1.8854030640795827
1790751730.8134758,3.461276995949447
1790751730.8728266,2.1152819972485304
1790751730.9002457,1.963854068890214
1790751730.9092968,1.7960399854928255
1790751730.9202163,1.7869570292532444
1790751730.9259007,1.7545989248901606
1790751730.9666798,1.8097750144079328
1790751731.0066118,1.868676976300776
1790751731.0115514,1.6050159465521574
1790751731.0264304,1.5959769953042269
1790751731.0291448,1.6261829296126962
1790751731.0483866,1.9571180455386639
1790751731.1440635,2.0311479456722736
1790751731.2527404,2.0387739641591907
1790751731.2808106,2.0193670643493533
1790751731.2815752,1.7465850105509162
1790751731.2916203,1.3626000145450234
1790751731.335676,2.459860988892615
1790751731.362308,1.7605989705771208
1790751731.363776,1.4579780399799347
1790751731.3668435,1.2467749183997512
1790751731.3702712,1.3306300388649106
1790751731.3821895,1.4576460234820843
1790751731.387283,3.4855129197239876
1790751731.3886085,3.0339809600263834
1790751731.3907351,1.5809409087523818
1790751731.421922,5.210784031078219
1790751731.459062,2.433774061501026
1790751731.4742327,5.19903504755348
1790751731.4870183,2.2264989092946053
1790751731.5101762,1.8984299385920167
1790751731.5118802,1.311550964601338
1790751731.5650015,2.1349169546738267
1790751731.5838962,2.9624899616464972
1790751731.6209571,2.231393940746784
1790751731.649017,2.0377609180286527
1790751731.6681144,2.0818159682676196
1790751731.6956382,1.9078690093010664
1790751731.765239,1.752206007950008
1790751731.7666934,1.2353539932519197
1790751731.77462,2.511810977011919
1790751731.775617,1.8111770041286945
1790751731.7983696,1.7852570163086057
1790751731.9075637,4.049462964758277
1790751731.9102423,1.9990949658676982
1790751731.916465,1.439129002392292
1790751731.9358013,2.719065989367664
1790751731.9367564,2.2028950043022633
1790751731.9607747,3.209986025467515
1790751731.960868,3.4146240213885903
1790751731.9773998,1.5785329742357135
1790751731.9917197,1.9597850041463971
1790751731.993072,1.2036310508847237
1790751731.9972658,1.8760369857773185
1790751732.0102797,1.6238960670307279
1790751732.0241115,1.9817729480564594
1790751732.059575,2.1137319272384048
1790751732.1423004,3.1100359046831727
1790751732.1741023,2.137168077751994
1790751732.1948233,1.9007960800081491
1790751732.2009213,1.8321769312024117
1790751732.2011974,1.5541999600827694
1790751732.2117991,1.7472580075263977
1790751732.2120883,2.5527409743517637
1790751732.2474108,1.983676920644939
1790751732.2720225,1.8936650594696403
1790751732.3375251,1.945839961990714
1790751732.3379807,1.6002999618649483
1790751732.36655,1.80787593126297
1790751732.379727,1.8329690210521221
1790751732.4075415,1.7059550154954195
1790751732.4109511,1.252940041013062
1790751732.456807,2.7656819438561797
1790751732.5405402,1.8854710506275296
1790751732.5689344,2.011470962315798
1790751732.578988,1.799524063244462
1790751732.6261842,1.9096030155196786
1790751732.6514082,1.7353480216115713
1790751732.6952903,1.81171006988734
1790751732.708721,2.1634380100294948
1790751732.7244668,2.88245000410825
1790751732.725524,1.546042039990425
1790751732.7286792,1.4717649901285768
1790751732.7472637,2.2397119319066405
1790751732.8193543,2.2501860512420535
1790751732.848906,1.913630054332316
1790751732.8782523,2.5084110675379634
1790751732.8908684,1.6255000373348594
1790751732.9182444,3.0191029654815793
1790751732.9340892,1.8116330029442906
1790751732.9652183,3.903327975422144
1790751732.9653332,2.9150430345907807
1790751732.9662325,2.127325045876205
1790751732.9819667,2.499758033081889
1790751733.0186925,1.936697051860392
1790751733.0707834,1.9244920695200562
1790751733.090681,2.1176390582695603
1790751733.1365516,1.7973569920286536
1790751733.1442182,1.7987210303544998
1790751733.1785264,6.05589197948575
1790751733.1839316,8.325612056069076
1790751733.18769,9.114290005527437
1790751733.2143745,4.417845048010349
1790751733.247071,1.6728569753468037
1790751733.260115,2.07606703042984
1790751733.2912471,2.133512985892594
1790751733.3210013,1.7980190459638834
1790751733.4106092,1.849781023338437
1790751733.437436,2.105019986629486
1790751733.4814835,1.7349269473925233
1790751733.5126991,1.8817581003531814
1790751733.5153625,1.499015954323113
1790751733.607604,1.985472976230085
1790751733.6243565,1.7481599934399128
1790751733.6452007,2.6236240519210696
1790751733.6457565,2.1032619988545775
1790751733.6579385,1.8020409625023603
1790751733.6814911,1.7632530070841312
1790751733.6870453,2.1665620151907206
1790751733.6871176,1.678084023296833
1790751733.689144,1.1206179624423385
1790751733.6967201,1.2146260123699903
1790751733.7011049,3.383869072422385
1790751733.75263,1.9659919198602438
1790751733.7609656,3.2434180611744523
1790751733.7631595,1.4977389946579933
1790751733.7661903,1.3580619124695659
1790751733.769887,1.3292590156197548
1790751733.7985616,1.769318012520671
1790751733.8258922,1.6402039909735322
1790751733.8393342,2.894449047744274
1790751733.853293,1.8331659957766533
1790751733.8587832,1.4939979882910848
1790751733.8797748,3.7118899635970592
1790751733.880557,2.6550270849838853
1790751733.8811553,2.162919961847365
1790751733.8866863,1.7703829798847437
1790751733.905262,1.6274460358545184
1790751733.914985,1.674224971793592
1790751733.9672894,2.7330958982929587
1790751734.0274553,2.1579409949481487
1790751734.0516481,2.343861968256533
1790751734.0590925,2.84343003295362
1790751734.0662665,1.3496889732778072
1790751734.0734055,1.8145620124414563
1790751734.0883825,2.1132889669388533
1790751734.1057115,3.0049639753997326
1790751734.1060448,3.4404509933665395
1790751734.1441634,1.951581914909184
1790751734.1854901,2.09919607732445
1790751734.1907446,1.8484729807823896
1790751734.1941154,2.52167705912143
1790751734.209566,1.8933300161734223
1790751734.2226646,2.2545759566128254
1790751734.2439682,2.0618430571630597
1790751734.303216,2.260825945995748
1790751734.3586285,1.7692790133878589
1790751734.3762171,1.8976129358634353
1790751734.3878324,1.6370139783248305
1790751734.3969493,1.9924970110878348
1790751734.4118538,2.0455849589779973
1790751734.422164,2.1312899189069867
1790751734.4471805,3.5602679708972573
1790751734.538163,1.6965590184554458
1790751734.5591958,1.6485429368913174
1790751734.5619562,1.8025509780272841
1790751734.6796415,2.3410089779645205
1790751734.7119472,2.142530051060021
1790751734.7167933,1.7291380790993571
1790751734.875442,2.211767015978694
1790751734.9238877,1.7023979453369975
1790751734.9297984,1.924009993672371
1790751734.980811,2.0722949411720037
1790751735.0292447,2.280204906128347
1790751735.0329382,1.6875109868124127
1790751735.0631359,2.5177740026265383
1790751735.067275,2.1804249845445156
1790751735.086602,1.9300449639558792
1790751735.1296515,2.1455970127135515
1790751735.1371536,1.9431660184636712
1790751735.1372669,1.5411960193887353
1790751735.146822,1.2804310536012053
1790751735.1533885,2.7837560046464205
1790751735.156738,1.8633439904078841
1790751735.224799,1.9458209862932563
1790751735.282202,1.8519379664212465
1790751735.3237503,2.175364992581308
1790751735.355109,3.216826939024031
1790751735.3553298,4.74752695299685
1790751735.3934715,1.8745739944279194
1790751735.3950238,1.4515629736706614
1790751735.49218,1.9438000163063407
1790751735.5353475,2.8359100688248873
1790751735.6199124,1.8518450669944286
1790751735.654179,2.0729530369862914
1790751735.666778,1.8239299533888698
1790751735.670657,1.6825780039653182
1790751735.6838942,1.6253190115094185
1790751735.7980254,1.8341440008953214
1790751735.8271759,1.8898380221799016
1790751735.837881,1.5380909899249673
1790751735.8415637,1.3142949901521206
1790751735.854317,1.6665799776092172
1790751735.888484,1.955091953277588
1790751735.8925145,1.2643790105357766
1790751735.897204,1.4726970111951232
1790751735.942246,2.482882933691144
1790751735.948254,1.937426975928247
1790751736.0021381,1.8368030432611704
1790751736.046014,2.799993031658232
1790751736.06597,1.9323640735819936
1790751736.0707378,1.3897930039092898
1790751736.0999382,2.174819936044514
1790751736.129817,2.1090139634907246
1790751736.1948452,2.397692995145917
1790751736.1951828,2.0137240644544363
1790751736.196414,1.222630962729454
1790751736.2457116,2.078734920360148
1790751736.3074708,2.598235965706408
1790751736.3360605,2.1465589525178075
1790751736.4283304,1.8694109749048948
1790751736.466372,1.7557580722495914
1790751736.492006,2.403307007625699
1790751736.492723,2.003311994485557
1790751736.4992194,1.4781970530748367
1790751736.5037909,1.2169739929959178
1790751736.513394,1.6028619138523936
1790751736.5230763,1.6669499455019832
1790751736.5338943,1.4461890095844865
1790751736.5564525,1.8337509827688336
1790751736.5758631,1.6659589018672705
1790751736.5962474,2.033183933235705
1790751736.607889,1.6269959742203355
1790751736.6872666,1.8987380899488926
1790751736.6952298,1.4723659260198474
1790751736.718162,2.3323450004681945
1790751736.7208824,1.3109289575368166
1790751736.8052235,1.905784010887146
1790751736.8570335,2.2868879605084658
1790751736.8902125,1.881452975794673
1790751736.9236524,1.7316020093858242
1790751736.9266524,1.638959045521915
1790751736.9492574,1.7104139551520348
1790751736.9687004,1.7748019890859723
1790751736.990119,2.331014024093747
1790751736.9943504,1.4369600685313344
1790751737.0067225,2.2415550192818046
1790751737.008248,1.3528430135920644
1790751737.0477018,1.9198869122192264
1790751737.0794935,2.247466938570142
1790751737.0971336,2.4198979372158647
1790751737.1497636,2.0909750601276755
1790751737.1790552,1.9340870203450322
1790751737.1837602,1.5683890087530017
1790751737.210182,1.6847780207172036
1790751737.2157235,1.3855849392712116
1790751737.228215,1.7571710050106049
1790751737.2409632,2.9619259294122458
1790751737.2808695,2.289709053002298
1790751737.3395114,3.9376700296998024
1790751737.4213812,7.035817019641399
1790751737.4328809,2.089968998916447
1790751737.4519348,1.6617199871689081
1790751737.4833388,2.871427917852998
1790751737.4905143,4.056135076098144
1790751737.511725,2.3208879865705967
1790751737.512131,1.8815570510923862
1790751737.6126795,1.9144159741699696
1790751737.6287951,1.7481630202382803
1790751737.6356611,1.6934499144554138
1790751737.6440966,1.5667220577597618
1790751737.6504726,2.371259033679962
1790751737.6533446,1.311830012127757
1790751737.6905973,2.0137070678174496
1790751737.7149632,1.774058910086751
1790751737.724006,1.6341520240530372
1790751737.732593,1.5446569304913282
1790751737.7590604,1.9635099451988935
1790751737.7914941,2.2736559621989727
1790751737.7996984,1.9680620171129704
1790751737.8507593,1.9090019632130861
1790751737.8520076,1.2378930114209652
1790751737.870212,2.0185550674796104
1790751737.8953216,2.120401943102479
1790751737.8995736,2.828810946084559
1790751737.9004447,1.8646930111572146
1790751737.9184687,1.9015049329027534
1790751737.9614651,1.9290019990876317
1790751738.0167773,3.3920389832928777
1790751738.035835,1.585375051945448
1790751738.0434334,1.8700771033763885
1790751738.0467725,1.9897309830412269
1790751738.0803468,1.6915349988266826
1790751738.0807595,1.350534032098949
1790751738.089401,1.413907972164452
1790751738.0914166,1.3528220588341355
1790751738.1100671,1.7692960100248456
1790751738.1203766,2.1722010569646955
1790751738.259932,2.644420019350946
1790751738.2690015,1.7415760084986687
1790751738.2712834,1.4639690052717924
1790751738.2961047,2.3007799172773957
1790751738.3542383,5.365796037949622
1790751738.3573697,1.6459820326417685
1790751738.3647745,1.841254997998476
1790751738.392717,1.66742701549083
1790751738.4267547,2.6541328988969326
1790751738.44927,1.7717769369482994
1790751738.5045538,2.0071580074727535
1790751738.5053542,1.5782879199832678
1790751738.56996,2.0194649696350098
1790751738.630779,1.6752579249441624
1790751738.7317536,3.2223400194197893
1790751738.7339373,1.5521629247814417
1790751738.7382936,1.2626610696315765
1790751738.7472136,1.875289948657155
1790751738.7672048,2.4555689888074994
1790751738.7882667,2.6378240436315536
1790751738.7897296,1.4518250245600939
1790751738.8626328,1.7125350423157215
1790751738.8970459,2.0961110712960362
1790751738.9106314,1.4879390364512801
1790751738.912603,1.227939035743475
1790751738.9325533,1.7463440308347344
1790751738.9419866,1.740186009556055
1790751738.9833117,2.7717299526557326
1790751738.983913,1.743428991176188
1790751739.0009646,2.329283975996077
1790751739.001457,1.4668549410998821
1790751739.0548024,1.6785740153864026
1790751739.1277006,2.183052944019437
1790751739.1302514,1.849772990681231
1790751739.1472585,2.0309300161898136
1790751739.1835272,1.7846320988610387
1790751739.272936,1.6983140958473086
1790751739.3186104,1.6891940031200647
1790751739.3272843,1.8844589358195662
1790751739.3341656,1.553360023535788
1790751739.3436246,2.087197033688426
1790751739.3507717,3.012481960467994
1790751739.3529658,4.606384900398552
1790751739.3995337,6.663950043730438
1790751739.4004338,3.9881489938125014
1790751739.4333837,1.7915799980983138
1790751739.4521005,2.130792010575533
1790751739.460206,1.586560974828899
1790751739.4702883,2.6758029125630856
1790751739.470347,1.9535879837349057
1790751739.484985,2.3002580273896456
1790751739.499831,1.6058089677244425
1790751739.5141652,1.992285018786788
1790751739.5256355,1.3813909608870745
1790751739.553542,1.6143090324476361
1790751739.6146255,1.6695749945938587
1790751739.6158583,1.2222969671711326
1790751739.6827395,2.095610019750893
1790751739.689458,1.7620519502088428
1790751739.7158277,3.09861998539418
1790751739.7709355,2.6693789986893535
1790751739.8980308,1.8271818989887834
1790751739.919891,1.6726839821785688
1790751739.954141,1.6613079933449626
1790751739.962739,1.805752981454134
1790751739.9926918,1.9300479907542467
1790751740.118638,1.8049059435725212
1790751740.1381767,1.6241929261013865
1790751740.1420197,1.2893370585516095
1790751740.1819358,1.7431199084967375
1790751740.1937337,1.8390610348433256
1790751740.1984289,1.6435199650004506
1790751740.2037866,1.2819720432162285
1790751740.220648,1.6433009877800941
1790751740.2510877,2.1400279365479946
1790751740.2627275,1.5675720060244203
1790751740.2743695,1.805876032449305
1790751740.312625,1.6233869828283787
1790751740.3368013,2.1842470159754157
1790751740.338712,1.9000829197466373
1790751740.3707845,2.1108080400153995
1790751740.371516,1.7158359987661242
1790751740.373201,1.3354590628296137
1790751740.4114354,2.375012030825019
1790751740.455692,2.4321589153259993
1790751740.4582818,1.3448320096358657
1790751740.4844878,1.7379209166392684
1790751740.5609071,3.0262959189713
1790751740.5618396,2.621285035274923
1790751740.6007135,1.8592419801279902
1790751740.604243,1.2049960205331445
1790751740.640304,2.047743066214025
1790751740.6758463,1.9758859416469932
1790751740.687172,1.6643389826640487
1790751740.7111852,1.9653979688882828
1790751740.7218895,1.645393087528646
1790751740.753522,2.728025894612074
1790751740.759068,1.6827320214360952
1790751740.828964,1.9311190117150545
1790751740.8724477,4.074375960044563
1790751740.872523,2.8707580640912056
1790751740.8916528,1.639659982174635
1790751740.9205155,2.1912180818617344
1790751740.9473867,5.254618008621037
1790751740.9503095,2.9019590001553297
1790751740.9989734,2.4676949251443148
1790751741.0006175,3.082953975535929
1790751741.0206833,2.977825002744794
1790751741.0422864,6.405339925549924
1790751741.1053367,3.879962954670191
1790751741.1056576,6.471052998676896
1790751741.128295,5.984983989037573
1790751741.1444967,2.4479300482198596
1790751741.1527262,2.242101007141173
1790751741.1871235,2.105229999870062
1790751741.2193193,1.7468970036134124
1790751741.2272232,1.6956960316747427
1790751741.239709,4.222457064315677
1790751741.2574754,4.83975897077471
1790751741.2582428,5.764110945165157
1790751741.2594814,3.9248899556696415
1790751741.271008,1.8753819167613983
1790751741.2778537,1.6764309257268906
1790751741.3238988,3.2253090757876635
1790751741.3261886,1.537232892587781
1790751741.3288279,1.2666620314121246
1790751741.339498,2.5251309853047132
1790751741.37366,2.3052620235830545
1790751741.3742754,1.7772469436749816
1790751741.3883672,1.8883519805967808
1790751741.3966236,3.845114028081298
1790751741.403439,2.1717449417337775
1790751741.435217,3.003838937729597
1790751741.440273,2.174388966523111
1790751741.494108,4.202750977128744
1790751741.5002015,2.821385976858437
1790751741.5359778,2.8240339597687125
1790751741.536756,2.2606420097872615
1790751741.5867338,1.6487139509990811
1790751741.5919538,1.527230953797698
1790751741.5950541,2.0830590510740876
1790751741.5953267,1.894765067845583
1790751741.6060927,1.665538060478866
1790751741.668886,3.07331804651767
1790751741.7024968,2.481415984220803
1790751741.72077,2.7721290243789554
1790751741.7367747,2.4454069789499044
1790751741.7376275,1.7478839727118611
1790751741.8045726,1.6633420018479228
1790751741.8140244,2.1466509206220508
1790751741.8145578,2.065202919766307
1790751741.8341715,1.7047349829226732
1790751741.8799355,3.2552729826420546
1790751741.8814743,1.511014997959137
1790751741.951316,3.4445589408278465
1790751741.95296,3.6080670543015003
1790751742.0063975,3.6540419096127152
1790751742.0165133,1.9010420655831695
1790751742.0223918,1.40478799585253
1790751742.0494523,1.7523959977552295
1790751742.0879767,2.314267912879586
1790751742.0960789,1.7356049502268434
1790751742.1655416,2.4267230182886124
1790751742.1661046,1.553090987727046
1790751742.1976109,2.7831440092995763
1790751742.2061777,1.4873690670356154
1790751742.2108665,1.5052229864522815
1790751742.2239463,1.5327699948102236
1790751742.2460825,1.736328937113285
1790751742.2901437,1.6200429527089
1790751742.3189728,2.2092489525675774
1790751742.3202262,2.327052061446011
1790751742.3304927,1.9431801047176123
1790751742.3337398,1.1947820894420147
1790751742.3539014,1.6663470305502415
1790751742.3649356,2.004107111133635
1790751742.3658402,1.6047479584813118
1790751742.3861294,1.8813309725373983
1790751742.4601927,3.303698031231761
1790751742.5013428,1.9001730252057314
1790751742.5391843,1.6674610087648034
1790751742.5445058,1.6462040366604924
1790751742.549604,2.39655002951622
1790751742.5851033,1.5955229755491018
1790751742.6364782,2.500023110769689
1790751742.6562526,1.9143270328640938
1790751742.674625,2.0134790102019906
1790751742.70593,1.6937509644776583
1790751742.7303545,1.9086990505456924
1790751742.7492683,1.8202679930254817
1790751742.7705386,2.3257540306076407
1790751742.7829196,1.5891300281509757
1790751742.7989802,4.01370192412287
1790751742.7992103,2.9738469747826457
1790751742.8210669,1.5722420066595078
1790751742.8753107,2.7471999637782574
1790751742.9313803,2.3953220807015896
1790751742.9314706,3.0944509198889136
1790751742.9600072,2.149730920791626
1790751742.9813223,2.4330810410901904
1790751743.020921,2.6490259915590286
1790751743.0315704,1.5098879812285304
1790751743.0361326,1.4928680611774325
1790751743.05096,3.084819996729493
1790751743.060578,1.7096629599109292
1790751743.0974464,2.256033942103386
1790751743.0984282,1.412443001754582
1790751743.1273983,1.8491350347176194
1790751743.1550984,1.7519419780001044
1790751743.1631987,1.5421919524669647
1790751743.2066433,1.7714300192892551
1790751743.281273,1.9770669750869274
1790751743.3125198,2.7405109722167253
1790751743.3130312,1.4393129386007786
1790751743.3264525,1.7801380017772317
1790751743.327722,1.257195952348411
1790751743.333681,1.469812006689608
1790751743.373952,1.8262529047206044
1790751743.3752937,1.3312590308487415
1790751743.4125824,1.9561279332265258
1790751743.4413936,1.9929819973185658
1790751743.4498377,1.5443199081346393
1790751743.4755027,1.8044490134343505
1790751743.4837782,1.4946979936212301
1790751743.4976718,2.676368923857808
1790751743.5226195,1.678711036220193
1790751743.5405772,3.8440879434347153
1790751743.5471458,1.7197909764945507
1790751743.5515645,1.3744489988312125
1790751743.586289,3.411513054743409
1790751743.612987,2.1469619823619723
1790751743.615051,1.444280962459743
1790751743.6280205,1.7304869834333658
1790751743.6418657,1.958733075298369
1790751743.6460226,2.3722200421616435
1790751743.6469367,1.9814210245385766
1790751743.663963,1.8475300166755915
1790751743.6646876,1.6069490229710937
1790751743.6735945,1.4457519864663482
1790751743.6855404,1.5649138949811459
1790751743.6881263,1.2995830038562417
1790751743.7003622,3.1096909660845995
1790751743.7062023,1.3294409727677703
1790751743.735339,2.4601409677416086
1790751743.7741547,1.965278061106801
1790751743.777087,1.3837440637871623
1790751743.85365,2.2493310971185565
1790751743.8925414,2.072339062578976
1790751743.9829175,2.0631650695577264
1790751743.9829805,2.714467002078891
1790751744.041357,1.8404669826850295
1790751744.0605292,2.6516879443079233
1790751744.1383014,1.8773810006678104
1790751744.1492136,2.08862591534853
1790751744.1586566,1.665601972490549
1790751744.1599514,1.2849279446527362
1790751744.208302,2.3508649319410324
1790751744.2107737,1.3989279977977276
1790751744.216476,1.5113549306988716
1790751744.243932,1.7509519821032882
1790751744.2538345,1.5139499446377158
1790751744.4125192,2.1974319824948907
1790751744.4378877,3.1881718896329403
1790751744.4677935,1.9913000287488103
1790751744.5728757,1.9753390224650502
1790751744.590017,2.5350829819217324
1790751744.5911794,1.1419240618124604
1790751744.6263876,1.6453659627586603
1790751744.7351134,2.33036105055362
1790751744.7453194,2.4384609423577785
1790751744.7619696,1.631297986023128
1790751744.7786355,2.0301509648561478
1790751744.7834914,1.6703479923307896
1790751744.7912972,1.3898330507799983
1790751744.79938,1.5373129863291979
1790751744.846879,2.20933195669204
1790751744.860187,1.9152290187776089
1790751744.8870769,2.1064840257167816
1790751744.8938375,1.457870937883854
1790751744.8994362,3.2623260049149394
1790751744.901702,1.2271919986233115
1790751744.9207964,1.6469880938529968
1790751744.9696615,3.616000059992075
1790751744.988176,1.643436960875988
1790751745.0009084,1.8883849261328578
1790751745.0027945,1.8759348895400763
1790751745.060708,2.877785009332001
1790751745.1526322,2.355967997573316
1790751745.1619203,1.6301670111715794
1790751745.1840343,1.7831620061770082
1790751745.2082825,1.65214401204139
1790751745.217493,1.8814580980688334
1790751745.3342986,2.223104005679488
1790751745.4020927,1.7475041095167398
1790751745.4440556,1.7225838964805007
1790751745.48561,1.7362579237669706
1790751745.5071344,4.611455020494759
1790751745.5556273,2.2815519478172064
1790751745.596451,2.1180439507588744
1790751745.6728716,2.0376419415697455
1790751745.7007465,1.9933430012315512
1790751745.7111235,1.6772019444033504
1790751745.7197235,1.5118391020223498
1790751745.7255163,1.3773910468444228
1790751745.8046288,2.0675240084528923
1790751745.816685,1.669632038101554
1790751745.8271546,2.150941058062017
1790751745.834672,1.3940590433776379
1790751745.8888083,2.009082934819162
1790751745.9324503,1.7307910602539778
1790751745.9658003,2.22612707875669
1790751745.9709845,1.7164150485768914
1790751745.997849,2.436295966617763
1790751746.001828,1.3302519218996167
1790751746.0254738,2.4862020509317517
1790751746.0891764,1.944566029123962
1790751746.0892518,2.8953920118510723
1790751746.0939496,1.2196940369904041
1790751746.1752868,2.000206965021789
1790751746.1757464,1.560780918225646
1790751746.1819892,2.204870106652379
1790751746.1820369,1.8413569778203964
1790751746.199877,2.005196991376579
1790751746.2262537,1.6368509968742728
1790751746.237313,1.6892909770831466
1790751746.2598877,1.9008569652214646
1790751746.273456,1.8620790215209126
1790751746.3075914,1.747802016325295
1790751746.3176675,1.9165159901604056
1790751746.3531783,2.422803081572056
1790751746.4497397,1.7226900672540069
1790751746.4632342,2.796576009131968
1790751746.470614,2.18768697232008
1790751746.490841,1.6242900164797902
1790751746.500681,1.903617987409234
1790751746.5348308,2.494279993698001
1790751746.5568259,2.145822043530643
1790751746.5682857,2.428669948130846
1790751746.5734992,1.7184580210596323
1790751746.6101015,1.7244430491700768
1790751746.6335058,1.9869490060955286
1790751746.6374514,1.2967319926247
1790751746.6526475,2.4991179816424847
1790751746.6574628,1.4886349672451615
1790751746.6729994,1.9112939480692148
1790751746.7231064,1.6588879516348243
1790751746.741363,1.8414170481264591
1790751746.7494283,1.5981249744072556
1790751746.7520294,1.2972509721294045
1790751746.7758906,1.6377390129491687
1790751746.8060462,1.5998838935047388
1790751746.842801,2.474778098985553
1790751746.864977,1.7861459637060761
1790751746.9320378,3.4380939323455095
1790751746.9725213,2.404746017418802
1790751747.0456135,2.2217570804059505
1790751747.1531093,1.8825640436261892
1790751747.1589458,1.3562809908762574
1790751747.163775,1.2196149909868836
1790751747.1748455,1.6745980829000473
1790751747.1864958,1.6872419510036707
1790751747.195494,1.8498150166124105
1790751747.2050416,1.7683409387245774
1790751747.323924,2.0684540504589677
1790751747.3467574,1.79655896499753
1790751747.350559,1.3133770553395152
1790751747.3683016,2.1493779495358467
1790751747.3854215,1.747978967614472
1790751747.5008423,2.029599971137941
1790751747.5161388,2.4686629185453057
1790751747.522688,1.8186760134994984
1790751747.532965,3.6238940665498376
1790751747.559693,2.1456320537254214
1790751747.5605707,1.710811979137361
1790751747.5675006,1.6743980813771486
1790751747.580284,2.9889310244470835
1790751747.5919838,1.6875850269570947
1790751747.6445146,1.7326939851045609
1790751747.661856,1.926966942846775
1790751747.6881828,2.308136085048318
1790751747.6917834,2.0433730678632855
1790751747.7250588,1.9434939604252577
1790751747.7436104,2.3171870270743966
1790751747.744451,1.7438679933547974
1790751747.7641337,1.688439049758017
1790751747.7820797,1.8480520229786634
1790751747.812642,1.8628679681569338
1790751747.835655,1.9028419628739357
1790751747.8665347,1.6991500742733479
1790751747.8950765,2.0540979458019137
1790751747.899344,1.4410560252144933
1790751747.9174037,2.390287001617253
1790751747.9235148,1.9365610787644982
1790751747.9247966,1.2705239932984114
1790751747.996617,2.281666034832597
1790751748.0214694,2.1035720128566027
1790751748.0365353,1.8972000107169151
1790751748.0405788,1.286968938075006
1790751748.1236725,2.2669020108878613
1790751748.1294754,2.403134945780039
1790751748.1307611,1.4272780390456319
1790751748.1522827,1.7685189377516508
1790751748.1566572,1.4032709877938032
1790751748.1773589,1.8450599163770676
1790751748.1890247,1.7486290307715535
1790751748.2106514,2.2080650087445974
1790751748.2753034,2.1316390484571457
1790751748.295948,2.1533259423449636
1790751748.3100343,1.8164790235459805
1790751748.35963,2.803709008730948
1790751748.380224,1.692507998086512
1790751748.435542,3.1056780135259032
1790751748.475138,2.238591085188091
1790751748.538611,2.285234979353845
1790751748.5423262,1.5662519726902246
1790751748.6167736,2.228537923656404
1790751748.6479802,2.1604460198432207
1790751748.697332,1.9032119307667017
1790751748.704867,1.4938190579414368
1790751748.791858,1.6976490151137114
1790751748.807815,1.6247869934886694
1790751748.8164496,4.619540995918214
1790751748.8169732,2.27995403110981
1790751748.821736,1.270600943826139
1790751748.8229358,1.870998996309936
1790751748.831941,1.5662619844079018
1790751748.833933,1.521519967354834
1790751748.8343828,1.2038929853588343
1790751748.8367882,1.1035909410566092
1790751748.8458936,3.622905001975596
1790751748.8846703,2.2865639766678214
1790751748.9198112,2.066500950604677
1790751748.9362102,1.925555057823658
1790751748.9627547,2.6249029906466603
1790751748.9633033,1.5894090756773949
1790751749.0044124,1.9277139799669385
1790751749.022503,1.9093200098723173
1790751749.0565124,1.674859900958836
1790751749.0667078,1.40568392816931
1790751749.106869,2.2661250550299883
1790751749.1143627,1.608610968105495
1790751749.1429598,2.2280929842963815
1790751749.1439595,2.7111839735880494
1790751749.1494846,1.7935939831659198
1790751749.1568975,1.652929000556469
1790751749.1632786,1.460721017792821
1790751749.1834583,1.70512602198869
1790751749.2018716,1.720472937449813
1790751749.2151597,5.023917066864669
1790751749.295559,1.8318119691684842
1790751749.3054023,1.664562034420669
1790751749.3190656,1.8239449709653854
1790751749.366786,1.7130939522758126
1790751749.4050066,1.8004910089075565
1790751749.4054832,1.3974689645692706
1790751749.4204717,1.576969982124865
1790751749.4243128,1.2335029896348715
1790751749.4776127,2.083058934658766
1790751749.530456,1.6862689517438412
1790751749.5458436,1.6912129940465093
1790751749.5525308,1.422993023879826
1790751749.5560079,1.2080429587513208
1790751749.5733478,2.2367759374901652
1790751749.573429,2.8132030274719
1790751749.5922139,3.835270064882934
1790751749.5926528,4.865056951530278
1790751749.6171873,1.7840880900621414
1790751749.6272802,4.483105964027345
1790751749.6274016,3.435660037212074
1790751749.6283627,2.2339769639074802
1790751749.6806707,1.791781047359109
1790751749.6888337,1.7642200691625476
1790751749.9195518,1.9781180890277028
1790751749.9462032,2.7071910444647074
1790751749.9511306,1.9365589832887053
1790751749.9671063,1.6207389999181032
1790751749.970988,1.330203958787024
1790751750.0862925,1.8260979559272528
1790751750.107861,2.577973995357752
1790751750.1188319,2.0572340581566095
1790751750.127921,1.7951219342648983
1790751750.1405673,1.7407489940524101
1790751750.2048392,1.6531320288777351
1790751750.2742126,1.7480369424447417
1790751750.3132863,2.1892510121688247
1790751750.3584607,2.5968400295823812
1790751750.3641915,1.6576159978285432
1790751750.4001598,1.6876260051503778
1790751750.4193027,2.469233935698867
1790751750.447483,2.770203980617225
1790751750.4630554,3.3097490668296814
1790751750.4638646,1.8425219459459186
1790751750.4678175,1.3209950411692262
1790751750.5108418,1.758862053975463
1790751750.56541,1.9368010107427835
1790751750.5842621,1.5370759647339582
1790751750.5870175,1.4794799499213696
1790751750.5895324,1.2252640444785357
1790751750.6156812,1.6630040481686592
1790751750.6224368,2.03227496240288
1790751750.6526282,2.52155598718673
1790751750.6549053,1.3667229795828462
1790751750.6778789,1.9333440577611327
1790751750.696825,1.6965990653261542
1790751750.7389922,3.9462250424548984
1790751750.7390494,3.3736389596015215
1790751750.8011565,2.3653960088267922
1790751750.8282146,1.7068319721147418
1790751750.8323793,1.4060609973967075
1790751750.896421,1.9978609634563327
1790751750.920727,1.6800389857962728
1790751750.9251726,2.0037610083818436
1790751750.9310122,1.4443229883909225
1790751750.9324248,1.3103910023346543
1790751750.9468668,1.7204548930749297
1790751750.958635,1.8437179969623685
1790751750.984864,2.134351059794426
1790751751.0014455,1.6201819526031613
1790751751.0286696,1.9829130033031106
1790751751.0306933,1.5701960073783994
1790751751.0324535,1.151117030531168
1790751751.0836673,2.266020979732275
1790751751.0891058,2.1995750721544027
1790751751.0962899,2.296381047926843
1790751751.0963664,2.2749530617147684
1790751751.1017013,1.1726670200005174
1790751751.1215298,3.3213970018550754
1790751751.1336277,1.6278859693557024
1790751751.1657426,1.9799860892817378
1790751751.1900973,3.1220719683915377
1790751751.239694,2.5189919397234917
1790751751.285602,1.976885017938912
1790751751.309229,2.124303951859474
1790751751.33364,1.772692077793181
1790751751.3395412,1.7425569240003824
1790751751.39017,1.6871809493750334
1790751751.4400692,1.6839270247146487
1790751751.4440176,1.8483300227671862
1790751751.552404,1.9864089554175735
1790751751.6165626,2.8725600568577647
1790751751.6166284,2.2707959869876504
1790751751.6234381,1.486535998992622
1790751751.6345544,1.8399860709905624
1790751751.6817408,1.7668609507381916
1790751751.68232,1.4345359522849321
1790751751.6986556,1.759725040756166
1790751751.7159214,1.8861599965021014
1790751751.7278118,1.7641939921304584
1790751751.8283782,2.5198309449478984
1790751751.8833532,2.945207990705967
1790751751.9029694,1.8116189166903496
1790751751.9198792,2.0820030476897955
1790751751.9221425,1.7292470438405871
1790751751.9524581,2.063089981675148
1790751751.9834733,1.7783759394660592
1790751752.068529,2.7443980798125267
1790751752.0764618,1.790510956197977
1790751752.079619,1.3604210689663887
1790751752.108867,3.923339070752263
1790751752.2125168,1.9793430110439658
1790751752.2422342,1.9298719707876444
1790751752.252174,1.533810980618
1790751752.260121,1.3906530803069472
1790751752.2659361,1.4840740477666259
1790751752.286815,1.9165349658578634
1790751752.3329592,1.8032030202448368
1790751752.337545,1.3441259507089853
1790751752.4917824,2.242370042949915
1790751752.505794,2.57864105515182
1790751752.575218,1.9239799585193396
1790751752.6342888,1.7005029367282987
1790751752.6372507,1.6251900233328342
1790751752.6467998,1.4914140338078141
1790751752.692597,2.0911990432068706
1790751752.6932878,1.7509500030428171
1790751752.7092607,1.6826960491016507
1790751752.7114294,1.5522179892286658
1790751752.729401,2.323155989870429
1790751752.7394388,1.6229560133069754
1790751752.7534208,1.7056029755622149
1790751752.8442957,2.089638961479068
1790751752.8449366,1.7845690017566085
1790751752.8518548,1.1927769519388676
1790751752.8548596,1.1756919557228684
1790751752.8921878,3.74775193631649
1790751752.9034793,1.5888400375843048
1790751752.9388933,1.8018949776887894
1790751752.941475,1.364925061352551
1790751752.9590626,2.05222109798342
1790751753.0193202,1.9173460314050317
1790751753.0251062,1.5927719650790095
1790751753.02922,1.403178903274238
1790751753.0323002,1.3814669800922275
1790751753.0414305,1.71672401484102
1790751753.0657442,2.071717055514455
1790751753.0665433,1.5051589580252767
1790751753.0877745,1.7335020238533616
1790751753.1276085,2.4921110598370433
1790751753.13318,1.6674749786034226
1790751753.1610606,1.6193680930882692
1790751753.2334864,2.3205290781334043
1790751753.2465394,1.6400829190388322
1790751753.2539713,1.5313760377466679
1790751753.2588828,1.549213076941669
1790751753.2695644,2.434936002828181
1790751753.2701902,1.665716990828514
1790751753.2757585,1.284544006921351
1790751753.298705,1.8906599143519998
1790751753.3141673,2.07333592697978
1790751753.315007,1.703831017948687
1790751753.3286994,2.0827449625357985
1790751753.3295207,1.8478990532457829
1790751753.3327777,2.046365989372134
1790751753.333675,2.0613339729607105
1790751753.3399768,1.6213710187003016
1790751753.4039516,2.847474068403244
1790751753.4096482,1.7031730385497212
1790751753.4758399,2.255563042126596
1790751753.488719,2.1498319692909718
1790751753.5005856,1.7196310218423605
1790751753.5058045,1.4182060258463025
1790751753.5117073,1.7691960092633963
1790751753.5416853,1.793244038708508
1790751753.5510533,1.4319459442049265
1790751753.5736747,3.04555706679821
1790751753.6665566,2.6548210298642516
1790751753.6791747,1.7234979895874858
1790751753.752067,1.9067139364778996
1790751753.7809258,3.880755975842476
1790751753.792262,2.865607035346329
1790751753.8594217,2.4100239388644695
1790751753.8946028,2.021371969021857
1790751753.9315403,2.066690009087324
1790751753.9381206,1.7573819495737553
1790751754.0035386,2.6828829431906343
1790751754.0922782,1.6750149661675096
1790751754.1071208,1.8030189676210284
1790751754.1079185,1.5039279824122787
1790751754.155048,2.7391130570322275
1790751754.1624389,2.2736339597031474
1790751754.1644695,2.0192760275676847
1790751754.1764252,2.0965399453416467
1790751754.2303283,2.215396030806005
1790751754.2727299,2.810537931509316
1790751754.2734766,2.770179067738354
1790751754.3513167,2.3413050221279263
1790751754.4517858,3.0157420551404357
1790751754.4522002,2.350433962419629
1790751754.4908435,1.8312310567125678
1790751754.561798,1.651128986850381
1790751754.585491,5.724065937101841
1790751754.5875354,5.624942015856504
1790751754.6001694,1.9350770162418485
1790751754.6072578,1.3303989544510841
1790751754.6290953,1.857312978245318
1790751754.6558254,2.0581729477271438
1790751754.6642044,1.5623311046510935
1790751754.6665037,1.1328539112582803
1790751754.686977,1.7043580301105976
1790751754.6925704,1.4288100646808743
1790751754.703723,1.5600579790771008
1790751754.7335088,1.926593016833067
1790751754.7467017,1.6907209064811468
1790751754.7635264,1.8915579421445727
1790751754.7671828,1.3454920845106244
1790751754.7689621,1.5114719280973077
1790751754.7936883,2.0025030244141817
1790751754.8975878,1.8772738985717297
1790751754.9199245,2.5815520202741027
1790751754.9266906,1.7402350204065442
1790751754.9545949,1.7180280992761254
1790751754.9737248,1.9056079909205437
1790751755.0131056,1.9407119834795594
1790751755.0328703,2.425519982352853
1790751755.0336235,1.5611080452799797
1790751755.0401177,2.2292709909379482
1790751755.059667,2.2505390224978328
1790751755.0601354,1.3272459618747234
1790751755.0952184,3.2806919189170003
1790751755.1272752,2.83520994707942
1790751755.1734242,2.015169942751527
1790751755.1926668,2.0821589278057218
1790751755.202248,1.4413159806281328
1790751755.2231421,2.322999993339181
1790751755.250143,1.7170669743791223
1790751755.2766738,2.0201089791953564
1790751755.3053823,2.18685797881335
1790751755.3768768,2.0409560529515147
1790751755.3905525,1.864794990979135
1790751755.394255,1.5467789489775896
1790751755.477531,2.1954230032861233
1790751755.5010567,2.0506030414253473
1790751755.5212278,1.6954500460997224
1790751755.5315766,1.6077110776677728
1790751755.5513048,1.6809470253065228
1790751755.563744,1.5490689547732472
1790751755.5680776,1.4273980632424355
1790751755.5709236,1.3133520260453224
1790751755.5754712,1.5591849805787206
1790751755.5955007,2.4950839579105377
1790751755.6052127,1.7416650662198663
1790751755.636411,2.4364249547943473
1790751755.7112255,1.6754490789026022
1790751755.730435,2.1298109786584973
1790751755.7656918,1.7979369731619954
1790751755.8075333,1.6701399581506848
1790751755.8640842,4.618863924406469
1790751755.8646915,2.4990650126710534
1790751755.8687084,1.3617369113489985
1790751755.875805,2.4929650826379657
1790751755.8994133,2.5193379260599613
1790751755.9365828,4.4579379027709365
1790751755.9438522,1.6028600512072444
1790751755.9618587,1.7152229556813836
1790751756.0413318,2.3062729742377996
1790751756.0656958,3.41373891569674
1790751756.0752773,2.056409022770822
1790751756.1093745,1.9913919968530536
1790751756.165777,1.8485590117052197
1790751756.1715016,1.9527969416230917
1790751756.190969,1.8502190941944718
1790751756.2142515,1.8829009495675564
1790751756.23248,1.6903959913179278
1790751756.3061275,1.8204530933871865
1790751756.3176596,1.579995034262538
1790751756.3407223,1.8388680182397366
1790751756.3771265,1.9278080435469747
1790751756.4091804,2.2955969907343388
1790751756.4139287,1.6070629935711622
1790751756.4340312,2.5470510590821505
1790751756.4437983,1.6446110093966126
1790751756.5000339,1.9837430445477366
1790751756.5351365,1.9879000028595328
1790751756.5687973,2.062260056845844
1790751756.5844333,2.0174679812043905
1790751756.5974567,2.248266013339162
1790751756.6097195,1.849740045145154
1790751756.6607482,1.6229490283876657
1790751756.6797576,1.6924820374697447
1790751756.692318,1.6883679199963808
1790751756.7035728,1.7240939196199179
1790751756.7113826,1.5364589635282755
1790751756.7491162,1.810238929465413
1790751756.7539077,1.8233050359413028
1790751756.763212,1.992498990148306
1790751756.8226025,1.7279229359701276
1790751756.8312473,1.835118979215622
1790751756.860888,1.8091880483552814
1790751756.8656843,1.3644800055772066
1790751756.910084,1.7729389946907759
1790751756.9490097,1.8778309458866715
1790751757.0186317,2.002628054469824
1790751757.0573761,1.6415670979768038
1790751757.071654,2.019810024648905
1790751757.074293,1.4830579748377204
1790751757.1002152,1.851655077189207
1790751757.1567202,1.6756490804255009
1790751757.224633,3.382217022590339
1790751757.2247193,4.2099879356101155
1790751757.2348065,1.4956960221752524
1790751757.2736928,2.670236979611218
1790751757.3583167,1.891707070171833
1790751757.4012296,2.407246036455035
1790751757.4018579,2.124774968251586
1790751757.4074967,1.2841830030083656
1790751757.4353137,1.6379249282181263
1790751757.4437118,1.6954719321802258
1790751757.4468722,1.4416840858757496
1790751757.519216,1.7398630734533072
1790751757.5229456,1.3127829879522324
1790751757.5300658,1.4236950082704425
1790751757.5443692,2.6341109769418836
1790751757.5444257,3.263276070356369
1790751757.55237,1.6712159849703312
1790751757.6462448,1.8563729245215654
1790751757.6913772,3.1904130009934306
1790751757.6926594,2.196258050389588
1790751757.6936185,1.7814569873735309
1790751757.7476406,1.7466970020905137
1790751757.749126,1.2152499984949827
1790751757.8458574,5.176719045266509
1790751757.8642,1.8035880057141185
1790751757.8655531,1.2128030648455024
1790751759.8019228,4.594797035679221
1790751759.848034,2.8132599545642734
1790751759.856295,2.034010016359389
1790751759.8790846,2.604916924610734
1790751759.916674,2.2767330519855022
1790751759.9378388,2.1203859942033887
1790751759.951108,1.8714049365371466
1790751759.9545338,1.2019539717584848
1790751759.9577196,1.3612579787150025
1790751759.9584708,1.4262370532378554
1790751760.0584688,2.178140915930271
1790751760.1319733,2.043298911303282
1790751760.1575446,4.300527973100543
1790751760.161433,2.1587240044027567
1790751760.1614928,2.7193300193175673
1790751760.167957,1.4995349338278174
1790751760.2322438,4.562105983495712
1790751760.267429,2.2304740268737078
1790751760.2805455,2.0257820142433047
1790751760.352451,1.6522749792784452
1790751760.371272,1.6820139717310667
1790751760.3726845,1.1218469589948654
1790751760.4213667,2.0427299896255136
1790751760.4768746,2.1585089853033423
1790751760.4797292,1.7929049208760262
1790751760.5344653,2.5424989871680737
1790751760.545018,1.6226270236074924
1790751760.5783865,2.673072973266244
1790751760.5856278,3.106931922957301
1790751760.590959,2.0969329634681344
1790751760.637836,2.010512980632484
1790751760.6779535,2.2768030175939202
1790751760.6824877,2.5205339770764112
1790751760.8814197,2.027301932685077
1790751760.919123,1.6462149797007442
1790751760.9551764,2.10105802398175
1790751760.997587,3.5540329990908504
1790751761.0126617,1.6372479731217027
1790751761.035481,1.6960659995675087
1790751761.0969672,4.330320982262492
1790751761.0972314,3.6981169832870364
1790751761.1645536,2.734243986196816
1790751761.1736546,2.513900981284678
1790751761.1755219,5.535273114219308
1790751761.1756158,5.511171999387443
1790751761.1828728,1.3606399297714233
1790751761.228419,1.6421439358964562
1790751761.2387512,1.7529979813843966
1790751761.2429614,2.639467013068497
1790751761.290316,1.9041229970753193
1790751761.321156,2.0719919120892882
1790751761.3315418,1.7059629317373037
1790751761.4321969,2.0423459354788065
1790751761.5436518,1.879171933978796
1790751761.5499156,1.3326030457392335
1790751761.5685904,2.3479079827666283
1790751761.6203728,1.9465259974822402
1790751761.7047343,1.6190899768844247
1790751761.7063146,1.308807055465877
1790751761.7242818,1.720044994726777
1790751761.772733,2.053314005024731
1790751761.8464608,3.074225038290024
1790751761.9064503,2.0178320119157434
1790751761.9800167,2.324566012248397
1790751762.03108,1.6623330302536488
1790751762.0965939,2.6181000284850597
1790751762.1273851,2.156904083676636
1790751762.1722498,1.8976780120283365
1790751762.2215714,1.7656820127740502
1790751762.2665968,1.8760950770229101
1790751762.3251114,1.7731250263750553
1790751762.3553374,1.8015110399574041
1790751762.3666313,1.5710389707237482
1790751762.3709543,1.96919497102499
1790751762.3972049,2.0886140409857035
1790751762.4551613,1.8796729855239391
1790751762.5715137,1.9311830401420593
1790751762.6077168,2.703817095607519
1790751762.607809,2.1138679003342986
1790751762.6570876,1.7725720535963774
1790751762.6801894,1.6233170172199607
1790751762.6820366,1.2901340378448367
1790751762.6960979,1.7666559433564544
1790751762.7186575,1.7027199501171708
1790751762.7323618,1.8814400536939502
1790751762.74087,1.579129952006042
1790751762.7828112,1.6833939589560032
1790751762.7988656,2.0822000224143267
1790751762.8209004,2.3356089368462563
1790751762.8306077,1.8359770765528083
1790751762.8489854,3.086302080191672
1790751762.8496912,2.4998789886012673
1790751762.8536935,1.473198994062841
1790751762.8977058,1.7547800671309233
1790751762.8995495,1.3145220000296831
1790751762.9012697,1.082214992493391
1790751762.9259086,1.7061890102922916
1790751762.9345365,1.5088459476828575
1790751762.9737825,1.9986809929832816
1790751762.993903,1.7754660220816731
1790751763.003764,1.681579975411296
1790751763.0469673,2.875684993341565
1790751763.049836,1.6027549281716347
1790751763.057261,2.183072967454791
1790751763.076162,1.8961990717798471
1790751763.08938,1.928579993546009
1790751763.1118405,1.7075520008802414
1790751763.1138113,1.2000000569969416
1790751763.116691,1.5106640057638288
1790751763.1805418,1.6302559524774551
1790751763.259687,2.5195140624418855
1790751763.267261,1.8107350915670395
1790751763.2916596,1.7677360447123647
1790751763.3096368,1.7252209363505244
1790751763.3480399,1.6549640567973256
1790751763.3519802,1.3181340182200074
1790751763.3639944,1.5829959884285927
1790751763.3929112,2.338603022508323
1790751763.4386282,1.659104018472135
1790751763.4665296,2.2728060139343143
1790751763.5061274,1.8646040698513389
1790751763.5156813,1.6173800686374307
1790751763.5249372,1.7949959728866816
1790751763.56907,2.5122769875451922
1790751763.5778177,1.8113019177690148
1790751763.5970535,2.1062579471617937
1790751763.6069388,1.7617919947952032
1790751763.6427088,2.0461900858208537
1790751763.6469784,1.574939931742847
1790751763.6556594,2.9257090063765645
1790751763.6846566,1.8846399616450071
1790751763.7132375,2.5485040387138724
1790751763.7151456,3.076581982895732
1790751763.7388365,2.0204619504511356
1790751763.8010516,3.233633004128933
1790751763.8212547,1.7344889929518104
1790751763.8220105,1.6150310402736068
1790751763.8457146,1.7502029659226537
1790751763.8620818,1.9707810133695602
1790751763.9266214,2.49778397846967
1790751763.952775,3.5256879637017846
1790751763.9877832,1.9984830869361758
1790751763.9930856,1.5579730970785022
1790751763.9979746,1.6094930469989777
1790751764.0049732,1.9649510504677892
1790751764.0208666,2.1853320067748427
1790751764.022874,1.1996810790151358
1790751764.0414934,1.9113499438390136
1790751764.0837839,2.5226700818166137
1790751764.0859869,1.4717249432578683
1790751764.1005213,1.541175995953381
1790751764.1369853,2.133887028321624
1790751764.1454964,1.6300369752570987
1790751764.2012873,1.9969430286437273
1790751764.237888,2.250146004371345
1790751764.2426379,1.7006840789690614
1790751764.255613,1.7266569193452597
1790751764.284551,1.8769759917631745
1790751764.2967916,2.012229058891535
1790751764.300741,1.6460829647257924
1790751764.301985,1.2234100140631199
1790751764.4012022,1.8967390060424805
1790751764.404268,1.3345980551093817
1790751764.4404764,1.8504170002415776
1790751764.4582663,1.7992809880524874
1790751764.4683335,1.643966999836266
1790751764.5256062,1.8170688999816775
1790751764.5923626,2.1264490205794573
1790751764.5960834,2.802488044835627
1790751764.596155,2.0872430177405477
1790751764.602197,1.9561570370569825
1790751764.612077,1.687746960669756
1790751764.6180367,1.3757990673184395
1790751764.628542,1.4478479279205203
1790751764.6541712,1.751098083332181
1790751764.6573446,2.049502916634083
1790751764.6673698,1.691638957709074
1790751764.7110856,1.99257698841393
1790751764.726977,2.1180049516260624
1790751764.7726083,2.040285966359079
1790751764.7949986,2.12511804420501
1790751764.8677616,2.026543952524662
1790751764.921368,1.8672830192372203
1790751764.9668925,1.912056002765894
1790751764.9925354,1.8419100670143962
1790751764.9985292,1.7350720008835196
1790751765.0045097,1.6463269712403417
1790751765.0462677,1.9871939439326525
1790751765.0738819,2.211187034845352
1790751765.0793142,1.36749807279557
1790751765.0864048,1.7160699935629964
1790751765.0898569,1.2632779544219375
1790751765.1398969,1.9453950226306915
1790751765.1437395,1.2032280210405588
1790751765.1647186,2.4878340773284435
1790751765.19623,1.7591610085219145
1790751765.2010992,1.2586480006575584
1790751765.2152944,1.5444150194525719
1790751765.3114104,2.3621940053999424
1790751765.3593886,1.6283660661429167
1790751765.423149,2.6031610323116183
1790751765.4706078,2.147558960132301
1790751765.4711196,1.7028609290719032
1790751765.5433176,1.9393349066376686
1790751765.5543745,2.0602759905159473
1790751765.5793636,2.4363870033994317
1790751765.5794659,3.159280982799828
1790751765.64977,2.181872958317399
1790751765.6575987,1.7098089447245002
1790751765.6597319,1.4966499293223023
1790751765.68922,2.0340459886938334
1790751765.6946907,1.318519003689289
1790751765.732586,5.901063093915582
1790751765.7438967,2.4157180450856686
1790751765.7692556,1.854139962233603
1790751765.7805836,2.0561040146276355
1790751765.80503,1.8248719861730933
1790751765.8244874,1.8929509678855538
1790751765.8847399,2.09726404864341
1790751765.9535854,2.8023619670420885
1790751765.9679308,1.7831570003181696
1790751765.9736807,2.120148972608149
1790751765.9752333,1.543664955534041
1790751765.975727,1.1676669819280505
1790751766.0007558,2.6433420134708285
1790751766.0581353,2.007797942496836
1790751766.0697293,2.521971007809043
1790751766.085934,2.3084100103005767
1790751766.0894134,1.5775889623910189
1790751766.1073189,1.5715340850874782
1790751766.1690803,1.9198369700461626
1790751766.2720141,3.104178933426738
1790751766.283926,2.0859979558736086
1790751766.2842245,1.7653170507401228
1790751766.2934206,1.5330290189012885
1790751766.3130777,2.108791028149426
1790751766.411144,2.2077750181779265
1790751766.4356961,1.851939014159143
1790751766.440671,2.340508042834699
1790751766.4756908,1.6617280198261142
1790751766.5162566,2.4665300734341145
1790751766.530551,2.1329389419406652
1790751766.547348,2.050823997706175
1790751766.595586,1.9465620862320065
1790751766.6178777,1.674033934250474
1790751766.644754,2.295842976309359
1790751766.6452641,2.1891259821131825
1790751766.6711895,1.7637219280004501
1790751766.7082553,2.7376579819247127
1790751766.7085102,2.2026560036465526
1790751766.7480967,2.0992900244891644
1790751766.7510648,1.4049350284039974
1790751766.7720895,1.6864649951457977
1790751766.7857254,4.749431042000651
1790751766.817015,2.2490369156003
1790751766.8210227,1.7220620065927505
1790751766.881916,2.248803968541324
1790751766.894457,1.842907047830522
1790751766.9038284,1.9394309492781758
1790751766.914075,1.3673050561919808
1790751766.9850698,2.4672800209373236
1790751766.9927127,3.6587590584531426
1790751767.021056,2.4550529196858406
1790751767.0226638,1.4155360404402018
1790751767.037711,1.727854018099606
1790751767.0587595,1.6298979753628373
1790751767.073597,1.8302449025213718
1790751767.078533,1.346384990029037
1790751767.0884256,1.8206420354545116
1790751767.0898852,1.2350390898063779
1790751767.1003923,1.981257926672697
1790751767.111418,1.494424999691546
1790751767.170507,2.034025965258479
1790751767.1824274,1.8662679940462112
1790751767.1943662,1.9953850423917174
1790751767.19761,1.2944650370627642
1790751767.2846944,2.2420589812099934
1790751767.3021529,3.5163690336048603
1790751767.3328032,3.2560849795117974
1790751767.412327,4.255815991200507
1790751767.4245276,1.6239379765465856
1790751767.4722216,2.7400050312280655
1790751767.4758563,1.7036390490829945
1790751767.4834108,1.4496180228888988
1790751767.4992292,4.070773953571916
1790751767.5077777,1.9923310028389096
1790751767.5158672,1.5091040404513478
1790751767.5220609,1.3345680199563503
1790751767.568401,2.871713018976152
1790751767.605442,2.1409960463643074
1790751767.6299925,2.227392978966236
1790751767.6836536,1.8629339756444097
1790751767.702914,1.8683880334720016
1790751767.7284596,1.6986409900709987
1790751767.735981,2.339910017326474
1790751767.7662866,1.8198860343545675
1790751767.7735312,1.53788598254323
1790751767.774654,1.2201960198581219
1790751767.8747559,2.226184937171638
1790751767.8861918,2.025130088441074
1790751767.8975515,2.021971973590553
1790751767.9115965,2.455099020153284
1790751767.9861126,2.335038036108017
1790751768.0037584,1.752740005031228
1790751768.0185769,4.352088086307049
1790751768.0203288,3.700288012623787
1790751768.0342376,1.9003689521923661
1790751768.0442078,1.635079039260745
1790751768.0880435,2.3756459122523665
1790751768.0981164,3.253909992054105
1790751768.1225278,1.8383240094408393
1790751768.1352937,2.3491899482905865
1790751768.1885583,2.276285085827112
1790751768.215778,3.6007859744131565
1790751768.2292,2.1161489421501756
1790751768.2669833,2.2915659938007593
1790751768.271734,2.1641210187226534
1790751768.3136137,4.454297013580799
1790751768.3306336,2.3712890688329935
1790751768.3332052,1.3128439895808697
1790751768.3474095,1.9002369372174144
1790751768.3750765,2.7000849368050694
1790751768.3818722,1.465504989027977
1790751768.4131622,2.1591789554804564
1790751768.4688103,1.7305510118603706
1790751768.4709637,1.2191419955343008
1790751768.4929135,1.877877046354115
1790751768.5014052,1.644294010475278
1790751768.5385656,1.990300021134317
1790751768.5590053,1.6902429051697254
1790751768.581137,2.570476965047419
1790751768.584401,1.3240260304883122
1790751768.6428468,1.9136859336867929
1790751768.6473897,1.5127239748835564
1790751768.669912,2.8170509031042457
1790751768.6709309,2.099015051499009
1790751768.6801615,1.5727980062365532
1790751768.694153,1.8208189867436886
1790751768.7239993,1.8035920802503824
1790751768.7453802,2.1385879954323173
1790751768.7740471,4.979846999049187
1790751768.8374908,3.950198064558208
1790751768.837584,2.000699983909726
1790751768.8644693,4.199504037387669
1790751768.9027898,1.6081969952210784
1790751768.906083,1.4679300365969539
1790751768.9147809,1.916802953928709
1790751768.932854,1.8231919966638088
1790751768.9740736,3.2362949568778276
1790751768.9750285,1.4425249537453055
1790751768.9924817,1.9877039594575763
1790751769.0651507,2.4669889826327562
1790751769.0919862,2.7892939979210496
1790751769.1575518,1.719772000797093
1790751769.1606033,1.2470929650589824
1790751769.1710556,1.998821971938014
1790751769.1731887,1.4648539945483208
1790751769.1967585,1.8106679199263453
1790751769.2001185,1.3436770532280207
1790751769.23216,2.487943973392248
1790751769.342605,1.7735629808157682
1790751769.3565795,1.7836219631135464
1790751769.4137695,2.122633974067867
1790751769.4199657,1.9135569455102086
1790751769.4370334,1.5887860208749771
1790751769.443861,1.6241460107266903
1790751769.4795914,1.6789929941296577
1790751769.4811554,1.266457955352962
1790751769.4961047,1.8642989452928305
1790751769.5044265,2.1866289898753166
1790751769.5292208,2.064405009150505
1790751769.547323,1.6569819999858737
1790751769.5745997,1.9042110070586205
1790751769.61592,2.0899279043078423
1790751769.637695,1.630032085813582
1790751769.6396153,1.2761770049110055
1790751769.64999,1.7714649438858032
1790751769.7173474,1.7960380064323545
1790751769.7713373,1.6525329556316137
1790751769.828536,1.8104069167748094
1790751769.831488,1.242769998498261
1790751769.8401084,1.7279129242524505
1790751769.8411214,1.6953330487012863
1790751769.8416362,1.1742990463972092
1790751769.8557453,1.649387995712459
1790751769.8894181,1.8881759606301785
1790751769.9557772,2.6996139204129577
1790751769.9931328,1.77405693102628
1790751770.0206053,1.6913210274651647
1790751770.0488958,1.8009470077231526
1790751770.0573251,1.8715090118348598
1790751770.1003864,3.0657920287922025
1790751770.1198432,2.460057963617146
1790751770.1295588,3.2729030353948474
1790751770.1296532,4.185813944786787
1790751770.1306322,2.4832310155034065
1790751770.1463256,2.452931017614901
1790751770.150448,2.6045480044558644
1790751770.2177331,1.8151489784941077
1790751770.2185597,1.7306410009041429
1790751770.22699,1.9340909784659743
1790751770.2539105,1.728186965920031
1790751770.2571828,1.476034987717867
1790751770.2585664,1.295974012464285
1790751770.3006825,2.505420008674264
1790751770.3234978,1.6274349763989449
1790751770.3325725,5.135364946909249
1790751770.3775322,1.8770589958876371
1790751770.3813715,1.4454820193350315
1790751770.40909,4.162217956036329
1790751770.419872,2.0960060646757483
1790751770.4257333,2.0744330249726772
1790751770.4311295,2.107804990373552
1790751770.4821715,1.949543016962707
1790751770.506223,2.2357089910656214
1790751770.5184157,2.4412410566583276
1790751770.5246003,2.043251064606011
1790751770.5343645,2.0689829252660275
1790751770.5535607,2.022295957431197
1790751770.6027622,2.397330943495035
1790751770.7239854,3.149522002786398
1790751770.8161669,1.6884609358385205
1790751770.8871298,1.9054010044783354
1790751770.9056535,2.4581700563430786
1790751770.9132793,1.4112619683146477
1790751770.9334698,2.7626510709524155
1790751771.042518,4.004920017905533
1790751771.0542438,1.773511990904808
1790751771.070049,1.8390370532870293
1790751771.1197784,1.9837779691442847
1790751771.1550863,1.8321770476177335
1790751771.1595857,1.5942229656502604
1790751771.1632614,1.5384400030598044
1790751771.1824691,1.7052829498425126
1790751771.1899085,1.523714978247881
1790751771.251919,1.6738909762352705
1790751771.2823222,2.2237160010263324
1790751771.2888236,1.7194249667227268
1790751771.3091197,1.7028360161930323
1790751771.3273487,1.9695870578289032
1790751771.3339121,2.0095790969207883
1790751771.39897,2.816349035128951
1790751771.4335852,2.5113819865509868
1790751771.4340768,1.5612910501658916
1790751771.5021045,2.3315029684454203
1790751771.5124848,2.7808810118585825
1790751771.545214,2.3369669215753675
1790751771.5459144,3.885737038217485
1790751771.545982,4.043100983835757
1790751771.5485246,1.1549729388207197
1790751771.5567765,3.4088579704985023
1790751771.5715296,1.732702017761767
1790751771.5894592,2.068529953248799
1790751771.6095412,2.340827020816505
1790751771.6302242,2.3220409639179707
1790751771.6547475,2.0897999638691545
1790751771.703295,3.1774539966136217
1790751771.703416,4.122573998756707
1790751771.7423756,2.0412199664860964
1790751771.7661827,2.505742944777012
1790751771.813427,2.9742629267275333
1790751771.835637,1.908761914819479
1790751771.8373613,1.1579280253499746
1790751771.841687,1.6038069734349847
1790751771.8525212,1.638554036617279
1790751771.8643124,1.4007529243826866
1790751771.8731205,1.6637860098853707
1790751771.8990343,2.001508022658527
1790751771.91875,1.8573739798739552
1790751771.9349923,1.58527004532516
1790751771.9428318,1.567467930726707
1790751771.9707627,2.1988110383972526
1790751771.9832957,1.8812629859894514
1790751771.9857454,2.427338040433824
1790751771.9950914,1.8574330024421215
1790751772.043658,1.6908930847421288
1790751772.0606256,1.7632120288908482
1790751772.0669773,1.7605589237064123
1790751772.2987316,3.1477640150114894
1790751772.3434422,2.8743180446326733
1790751772.3524513,1.6946189571172
1790751772.410817,3.1474019633606076
1790751772.467144,1.5567300142720342
1790751772.482885,1.5665539540350437
1790751772.4914658,1.5201169298961759
1790751772.5208993,1.9413710106164217
1790751772.568492,1.5884090680629015
1790751772.6121418,2.2896319860592484
1790751772.61934,1.5910729998722672
1790751772.6491072,2.249757992103696
1790751772.673454,1.7888819565996528
1790751772.6893568,2.432854031212628
1790751772.732532,1.672439044341445
1790751772.7362409,1.7844110261648893
1790751772.7985475,1.801071921363473
1790751772.8504303,3.0481850262731314
1790751772.8925126,2.565913018770516
1790751772.9125893,2.1221350179985166
1790751772.956141,1.77859200630337
1790751772.9637532,3.1527149258181453
1790751772.964974,3.9230259135365486
1790751772.987144,1.8673829035833478
1790751773.0169508,1.824056962504983
1790751773.0229979,2.2369390353560448
1790751773.0565226,2.7551279636099935
1790751773.0575767,2.7084850007668138
1790751773.0679111,1.591496984474361
1790751773.0815961,2.4803749984130263
1790751773.08567,1.6873859567567706
1790751773.092698,1.6243549762293696
1790751773.100413,1.3418750604614615
1790751773.1664946,2.709826920181513
1790751773.178845,1.6034949803724885
1790751773.1840746,1.4503709971904755
1790751773.190104,1.8065610202029347
1790751773.1909068,1.6675129299983382
1790751773.2116222,1.861965050920844
1790751773.2216277,1.4931519981473684
1790751773.2559245,1.933608902618289
1790751773.3495572,1.9433270208537579
1790751773.350321,1.814266899600625
1790751773.3837504,2.2794490214437246
1790751773.4004066,1.846865052357316
1790751773.4088523,1.6823889454826713
1790751773.4443302,2.3458569776266813
1790751773.4564805,2.1932580275461078
1790751773.4773538,1.7703879857435822
1790751773.4948764,1.631785067729652
1790751773.5071545,2.36408703494817
1790751773.562782,1.955490093678236
1790751773.5755134,1.5923409955576062
1790751773.6077366,1.8536850111559033
1790751773.6183553,1.506385044194758
1790751773.6280308,1.8569439416751266
1790751773.6594164,2.0563070429489017
1790751773.7043352,2.4735749466344714
1790751773.7053294,2.0164019661024213
1790751773.729119,1.6939729684963822
1790751773.734775,1.4805210521444678
1790751773.7379544,1.3508929405361414
1790751773.7512472,1.5874840319156647
1790751773.7555735,1.849881955422461
1790751773.7611275,1.5171649865806103
1790751773.7768316,1.651646918617189
1790751773.7896612,2.231393940746784
1790751773.7935143,1.3531259028241038
1790751773.798007,1.7023779219016433
1790751773.8098254,1.56464206520468
1790751773.8441632,2.3367609828710556
1790751773.8641887,2.1032970398664474
1790751773.8691397,1.451796037144959
1790751773.8708978,1.1614440008997917
1790751773.8800027,1.5908729983493686
1790751773.9540584,1.8457709811627865
1790751773.9807894,2.2902520140632987
1790751773.9830859,1.8284129910171032
1790751773.9959662,5.433717044070363
1790751774.000052,2.1358949597924948
1790751774.0147917,1.7876640195026994
1790751774.0215194,1.6855139983817935
1790751774.0268514,1.3648259919136763
1790751774.072985,1.6645350260660052
1790751774.099955,1.6775820404291153
1790751774.1349568,1.9867930095642805
1790751774.1638632,3.0067189363762736
1790751774.2357528,2.6258479338139296
1790751774.2449267,2.2915280424058437
1790751774.271085,4.985407926142216
1790751774.3017452,4.8679240280762315
1790751774.3089652,1.6339990543201566
1790751774.3108017,1.7334289150312543
1790751774.311261,1.3096019392833114
1790751774.337526,2.005390007980168
1790751774.338085,1.4079720713198185
1790751774.4139843,2.374225063249469
1790751774.4659867,3.140218905173242
1790751774.5243776,1.737148966640234
1790751774.561857,1.640970935113728
1790751774.6034265,2.2121539805084467
1790751774.6326044,2.895782934501767
1790751774.6575756,2.0047000143676996
1790751774.6594844,1.2334699276834726
1790751774.699194,1.8719229847192764
1790751774.7524433,1.7122860299423337
1790751774.770337,1.74309394787997
1790751774.7915356,2.6335109723731875
1790751774.7953396,1.295048976317048
1790751774.7991743,1.1719270842149854
1790751774.8496058,1.9741799915209413
1790751774.8501797,1.6547220293432474
1790751774.9590132,2.6842959923669696
1790751774.9758298,2.102619968354702
1790751774.98131,1.6149509465321898
1790751775.0324314,1.8052869709208608
1790751775.034525,1.721346052363515
1790751775.0469317,1.5804539434611797
1790751775.0493436,1.3120380463078618
1790751775.0607476,2.491499064490199
1790751775.0813956,1.7932909540832043
1790751775.0875416,1.227688044309616
1790751775.1073196,1.8815369112417102
1790751775.1972249,2.3317199666053057
1790751775.2651947,1.8101430032402277
1790751775.2658486,2.9895231127738953
1790751775.3368528,1.6879589529708028
1790751775.38281,1.7998130060732365
1790751775.467389,2.106558997184038
1790751775.5020602,2.012668992392719
1790751775.6519344,4.476091009564698
1790751775.6524878,3.5129409516230226
1790751775.6735175,1.8381039844825864
1790751775.6852233,1.6620199894532561
1790751775.7119958,2.2993909660726786
1790751775.7248337,1.5548400115221739
1790751775.7285762,1.4052280457690358
1790751775.7441912,1.9991769222542644
1790751775.7804914,1.8593469867482781
1790751775.8122694,1.7277490114793181
1790751775.8200076,1.4836270129308105
1790751775.825872,1.8255040049552917
1790751775.8636842,1.8889650236815214
1790751775.8759952,1.6223980346694589
1790751775.9108324,2.340864040888846
1790751775.9303672,2.212142921052873
1790751775.9958515,2.5070179253816605
1790751776.0035477,1.4764469815418124
1790751776.0053842,1.1316349264234304
1790751776.007997,1.1547219473868608
1790751776.0112097,1.540914992801845
1790751776.022784,1.5959650045260787
1790751776.06574,1.7402549274265766
1790751776.1586971,1.7006410052999854
1790751776.1825607,1.7259740270674229
1790751776.2108135,1.7108580796048045
1790751776.242915,4.601890919730067
1790751776.2836463,4.057201091200113
1790751776.3200371,1.9556410843506455
1790751776.3461568,4.95209195651114
1790751776.3470984,1.7160269198939204
1790751776.3492804,1.7513970378786325
1790751776.3510838,1.2375758960843086
1790751776.3607464,2.037532045505941
1790751776.5434654,1.7110439948737621
1790751776.5487778,1.9368299981579185
1790751776.5488322,2.6922019897028804
1790751776.5839198,1.9682369893416762
1790751776.612448,2.017550985328853
1790751776.6248055,1.7095799557864666
1790751776.6567297,2.117686904966831
1790751776.671404,1.540463068522513
1790751776.7393265,1.6878829337656498
1790751776.7967124,1.7814390594139695
1790751776.7978537,1.131882076151669
1790751776.81724,1.6266769962385297
1790751776.8214395,2.181897987611592
1790751776.8321288,1.5020460123196244
1790751776.9113064,1.8034710083156824
1790751776.967381,3.712568897753954
1790751776.96796,2.1933080861344934
1790751777.0138648,1.9718350376933813
1790751777.0284662,2.4727939162403345
1790751777.042659,1.8109980737790465
1790751777.0626128,1.808901084586978
1790751777.0697045,1.7051600152626634
1790751777.1112196,2.848799922503531
1790751777.1505835,2.0481180399656296
1790751777.181169,2.506944932974875
1790751777.1819625,1.87050795648247
1790751777.1837747,1.80063396692276
1790751777.2205565,3.3737029880285263
1790751777.2211924,3.219216945581138
1790751777.22166,2.2391979582607746
1790751777.2635643,1.7996690003201365
1790751777.3180695,1.82828598190099
1790751777.384431,2.5101209757849574
1790751777.40516,2.1816400112584233
1790751777.4581914,2.4665030650794506
1790751777.5609472,2.5464140344411135
1790751777.5779312,2.484836964868009
1790751777.5798504,1.5738040674477816
1790751777.5806231,1.1218920117244124
1790751777.597273,2.00573296751827
1790751777.609139,1.7907059518620372
1790751777.6149132,1.2877120170742273
1790751777.733984,2.8684919234365225
1790751777.7343516,2.9444550164043903
1790751777.741546,2.02812603674829
1790751777.7424433,1.4066469157114625
1790751777.8203568,2.3305469658225775
1790751777.839226,3.028149949386716
1790751777.8393211,2.0600829739123583
1790751777.8559017,4.958342062309384
1790751777.8564527,2.339125028811395
1790751777.966821,3.4338239347562194
1790751777.9882696,1.9066589884459972
1790751778.0002763,1.7354909796267748
1790751778.0742645,1.8055279506370425
1790751778.0951903,1.7628420609980822
1790751778.1036286,1.5472420491278172
1790751778.1326766,2.270266995765269
1790751778.1963058,1.9073779694736004
1790751778.2196949,1.7769969999790192
1790751778.293043,1.6066189855337143
1790751778.3200328,5.097135901451111
1790751778.3355565,2.9759909957647324
1790751778.3357122,2.513551968149841
1790751778.3809288,1.6259719850495458
1790751778.4025555,1.6719999257475138
1790751778.4750674,4.0442009922116995
1790751778.5003207,1.9932850264012814
1790751778.516661,3.4121409989893436
1790751778.5171187,2.524103969335556
1790751778.603392,2.4638900067657232
1790751778.6437833,2.523771021515131
1790751778.6487215,4.4423999497666955
1790751778.7497723,3.4936399897560477
1790751778.7961702,1.8847929313778877
1790751778.800226,1.475183991715312
1790751778.85774,2.028278075158596
1790751778.9508636,2.334174932911992
1790751778.9909446,2.902102074585855
1790751778.9916868,2.72226904053241
1790751779.0136282,1.750946044921875
1790751779.0400412,1.781911007128656
1790751779.1003497,1.9028439419344068
1790751779.1782534,2.3172589717432857
1790751779.1868544,1.9899869803339243
1790751779.1928751,1.6904800431802869
1790751779.193299,1.269986038096249
1790751779.2023606,1.504726940765977
1790751779.216883,1.8108510412275791
1790751779.2568786,1.7914499621838331
1790751779.2875607,1.7023800173774362
1790751779.314846,1.7361589707434177
1790751779.3747973,1.695081009529531
1790751779.3952513,1.6074980376288295
1790751779.397614,1.2330799363553524
1790751779.443433,2.915536053478718
1790751779.4508817,1.8360440153628588
1790751779.4523435,1.2233259622007608
1790751779.524725,2.0761459600180387
1790751779.552376,2.36281706020236
1790751779.5989575,1.613929052837193
1790751779.601163,1.6776840202510357
1790751779.628348,1.746618072502315
1790751779.635189,1.354087027721107
1790751779.7107832,1.6710079507902265
1790751779.7341707,1.8049129284918308
1790751779.8222508,2.526255091652274
1790751779.8223186,3.3551310189068317
1790751779.8318713,1.9674099748954177
1790751779.8389885,1.7834280151873827
1790751779.8530958,1.5442610019817948
1790751779.883762,1.7794340383261442
1790751779.949829,2.9791960259899497
1790751779.9635289,1.7102629644796252
1790751779.9867706,2.629815018735826
1790751779.998386,1.5934810508042574
1790751780.0058355,1.5458790585398674
1790751780.0147333,1.64976401720196
1790751780.1140711,2.2499270271509886
1790751780.1247127,1.8696020124480128
1790751780.1327245,1.3910999987274408
1790751780.1384373,1.2173299910500646
1790751780.147223,2.0403809612616897
1790751780.1566904,3.487783018499613
1790751780.156846,3.1195260817185044
1790751780.176673,2.244250033982098
1790751780.1805193,1.7652499955147505
1790751780.2586737,1.9528159173205495
1790751780.3037384,2.25280097220093
1790751780.3215687,2.9037039494141936
1790751780.3522894,1.9842670299112797
1790751780.3767707,2.2642880212515593
1790751780.3998413,1.9318509148433805
1790751780.4003305,1.2585950316861272
1790751780.4015553,1.0643319692462683
1790751780.4633908,1.742013031616807
1790751780.4748256,1.7093910137191415
1790751780.4766834,1.6675679944455624
1790751780.5418606,2.3788970429450274
1790751780.5438473,1.2966020731255412
1790751780.5494254,1.372160972096026
1790751780.555469,2.074677962809801
1790751780.6178389,3.5268139326944947
1790751780.61824,2.7329650474712253
1790751780.6250544,1.4772970462217927
1790751780.6276832,1.2211889261379838
1790751780.6468065,2.1721910452470183
1790751780.658205,1.4035080093890429
1790751780.674947,2.340422011911869
1790751780.7216425,1.6273281071335077
1790751780.730973,2.2875769063830376
1790751780.7314525,1.3904490042477846
1790751780.7937787,1.7822419758886099
1790751780.8562775,2.2379959700629115
1790751780.8838143,1.8149790121242404
1790751780.9331603,1.8576019210740924
1790751780.9513934,2.6549899484962225
1790751780.9530954,1.368799014016986
1790751780.958108,1.9373819231987
1790751781.0316198,2.6510460302233696
1790751781.0437126,2.212418941780925
1790751781.0726366,3.235085983760655
1790751781.0727394,2.6948710437864065
1790751781.105442,2.5800520088523626
1790751781.1241052,1.8197189783677459
1790751781.1674905,1.8616049783304334
1790751781.1716928,1.2920459266752005
1790751781.1957939,1.6249859472736716
1790751781.2297604,2.2624400444328785
1790751781.2447827,2.041853964328766
1790751781.2536643,1.5748130390420556
1790751781.260891,1.667737029492855
1790751781.2854352,1.6759040299803019
1790751781.2953732,2.49996199272573
1790751781.3002617,1.42111093737185
1790751781.3405926,1.961404923349619
1790751781.4270055,3.6913950461894274
1790751781.4273398,3.187773982062936
1790751781.510918,1.761471969075501
1790751781.5177035,1.4982480788603425
1790751781.5261748,1.5602440107613802
1790751781.5315082,2.828079042956233
1790751781.5416543,1.6272260108962655
1790751781.5631864,3.452487988397479
1790751781.5941594,1.6366969794034958
1790751781.6056094,2.1200859919190407
1790751781.617714,1.979026012122631
1790751781.6222281,1.3966920087113976
1790751781.648935,2.2302810102701187
1790751781.7450528,2.0079390378668904
1790751781.7536495,1.625601900741458
1790751781.764823,1.8212570575997233
1790751781.7879128,2.0880590891465545
1790751781.7941945,2.610647934488952
1790751781.7956066,1.5290770679712296
1790751781.8486333,1.9377380376681685
1790751781.8532147,2.2814349504187703
1790751781.8880382,2.152708009816706
1790751781.9167747,1.9141529919579625
1790751781.947689,1.6090880380943418
1790751781.9912112,2.2056049201637506
1790751782.0010095,2.2357909474521875
1790751782.0778286,2.5271939812228084
1790751782.1055944,1.9877840531989932
1790751782.110021,1.4089980395510793
1790751782.128339,1.5958379954099655
1790751782.1587396,1.7228849465027452
1790751782.1604292,1.2449499918147922
1790751782.1743922,1.6746409237384796
1790751782.184758,1.780604012310505
1790751782.1950645,1.8697479972615838
1790751782.2601888,1.703444984741509
1790751782.2738717,2.512707025744021
1790751782.2753804,1.497575081884861
1790751782.3180847,1.8375780200585723
1790751782.461841,3.971747006289661
1790751782.4975696,2.677696058526635
1790751782.535842,2.3775800364091992
1790751782.553556,2.017983002588153
1790751782.5695848,4.00516192894429
1790751782.5827563,1.837817020714283
1790751782.5868247,1.3459089677780867
1790751782.5906813,1.948795048519969
1790751782.592107,1.221435028128326
1790751782.596059,1.4528549509122968
1790751782.6224258,2.8982929652556777
1790751782.6422405,1.94191699847579
1790751782.7136955,1.6856529982760549
1790751782.7533226,2.5951419956982136
1790751782.7748036,1.7947530141100287
1790751782.8116565,2.4770969757810235
1790751782.8221128,1.7011270392686129
1790751782.833997,1.6672349302098155
1790751782.8365366,1.3634139904752374
1790751782.8382688,1.1095140362158418
1790751782.8506856,1.7573919612914324
1790751782.8832824,2.377027994953096
1790751782.9311516,2.3896150523796678
1790751783.056737,2.401372999884188
1790751783.0644522,1.7520940164104104
1790751783.0803576,2.0750979892909527
1790751783.0869687,1.9792820094153285
1790751783.0925279,1.613906933926046
1790751783.0936096,2.0343560026958585
1790751783.0941458,1.5172320418059826
1790751783.1483095,3.3388560405001044
1790751783.1893594,1.8106369534507394
1790751783.223052,2.0273569971323013
1790751783.291814,1.717909937724471
1790751783.3155184,2.5905329966917634
1790751783.3446395,1.9492990104481578
1790751783.3710315,4.833176964893937
1790751783.4005625,1.8094420665875077
1790751783.440848,2.1041049621999264
1790751783.4719627,1.9790930673480034
1790751783.4929485,1.5993539709597826
1790751783.574892,2.0082900300621986
1790751783.5890157,1.8680549692362547
1790751783.5924551,1.3116470072418451
1790751783.6179852,2.0783499348908663
1790751783.6223092,2.596191014163196
1790751783.6379323,1.7518199747428298
1790751783.693093,1.7528479220345616
1790751783.7103484,2.032588003203273
1790751783.712204,1.6419630264863372
1790751783.7203963,1.7264359630644321
1790751783.7657676,2.0795100135728717
1790751783.7810411,1.6005670186132193
1790751783.8175523,1.855820999480784
1790751783.851603,2.0640570437535644
1790751783.8875186,1.78091402631253
1790751783.9394422,4.385338048450649
1790751783.9688036,2.1791940089315176
1790751783.9760005,1.6099869972094893
1790751783.990032,1.678221975453198
1790751784.0063465,1.972333062440157
1790751784.0183513,2.866887953132391
1790751784.0184515,2.153404988348484
1790751784.0469904,2.252653008326888
1790751784.0550559,2.4639629991725087
1790751784.0551322,2.6118230307474732
1790751784.0804513,2.44540604762733
1790751784.113981,1.739816041663289
1790751784.1493628,2.4737929925322533
1790751784.1810162,2.6618370320647955
1790751784.1820307,1.445855014026165
1790751784.2084804,2.6186390314251184
1790751784.2540886,2.2842450998723507
1790751784.272162,1.7154570668935776
1790751784.2772295,1.4475280186161399
1790751784.4304729,1.6843819757923484
1790751784.4447954,3.365637967363
1790751784.4457603,2.6008490240201354
1790751784.4725423,2.075956901535392
1790751784.4912171,3.1209030421450734
1790751784.4999075,1.5670189168304205
1790751784.5167336,3.5205460153520107
1790751784.5378778,2.1852459758520126
1790751784.5633566,3.3357710344716907
1790751784.5717928,1.711438992060721
1790751784.610146,5.211421055719256
1790751784.6174524,1.480510109104216
1790751784.626979,2.1231650607660413
1790751784.650056,1.619103946723044
1790751784.6805348,2.184764016419649
1790751784.6810327,1.7945680301636457
1790751784.6827412,1.0438760509714484
1790751784.697827,1.5635490417480469
1790751784.713163,1.64118898101151
1790751784.7496014,1.6676420345902443
1790751784.779654,3.1560059869661927
1790751784.7797377,2.562070032581687
1790751784.7870736,1.5939800068736076
1790751784.7916481,1.2401019921526313
1790751784.796122,1.5035240212455392
1790751784.812111,2.054381067864597
1790751784.8125854,1.6545059625059366
1790751784.8384895,2.5036599254235625
1790751784.8540444,1.9704210571944714
1790751784.8625183,1.5661439392715693
1790751784.897853,1.655082916840911
1790751784.9181147,1.8860120326280594
1790751784.9198968,1.4201599406078458
1790751784.9235291,2.4812130723148584
1790751784.9443607,3.770660958252847
1790751784.9465234,4.968093940988183
1790751784.9470131,7.010368048213422
1790751784.954296,2.02014297246933
1790751784.9891999,1.9752479856833816
1790751784.9937196,1.6895260196179152
1790751785.0025115,1.773923053406179
1790751785.0080926,3.693950013257563
1790751785.0402532,2.640139078721404
1790751785.0422504,1.7860539956018329
1790751785.1009538,2.9036529595032334
1790751785.1012309,2.557037048973143
1790751785.108268,1.4651870587840676
1790751785.109402,1.125073991715908
1790751785.1357849,2.5384380714967847
1790751785.1385539,1.8181820632889867
1790751785.1493614,2.4723709793761373
1790751785.166403,2.3769570980221033
1790751785.1695042,1.8549819942563772
1790751785.173911,1.8560360185801983
1790751785.1877809,1.768549089320004
1790751785.2185137,1.9870930118486285
1790751785.24051,2.0199560094624758
1790751785.2458684,2.3347630631178617
1790751785.2462168,2.012853976339102
1790751785.2580972,2.122261095792055
1790751785.3081946,3.028276958502829
1790751785.3085005,2.586837043054402
1790751785.314471,1.4780809869989753
1790751785.3644204,2.3518529487773776
1790751785.364903,2.1981329191476107
1790751785.3797984,2.1380289690569043
1790751785.3932428,1.9806070486083627
1790751785.4110584,2.388685941696167
1790751785.4612863,1.921957009471953
1790751785.4657645,1.3956809416413307
1790751785.497925,1.6837150324136019
1790751785.6139424,1.6847200458869338
1790751785.6621997,2.3228719364851713
1790751785.6660924,1.8643479561433196
1790751785.6766636,1.727064955048263
1790751785.6801553,1.7545940354466438
1790751785.7351987,1.7591200303286314
1790751785.7590888,4.803474992513657
1790751785.7867517,2.792904037050903
1790751785.8053894,1.9379729637876153
1790751785.8224592,1.854071975685656
1790751785.8490815,2.153700916096568
1790751785.8759055,2.111001987941563
1790751785.9448128,2.642255974933505
1790751785.946146,1.321948948316276
1790751785.9722822,1.7206870252266526
1790751785.9944596,2.356854034587741
1790751785.9957428,1.8548190128058195
1790751786.0249872,1.668041106313467
1790751786.0281565,1.532195950858295
1790751786.0479078,2.0620219875127077
1790751786.1157424,1.723959925584495
1790751786.153863,2.157860901206732
1790751786.171295,1.6898890025913715
1790751786.2077749,2.0171719370409846
1790751786.2244565,1.75856810528785
1790751786.2295394,1.352956984192133
1790751786.2458382,2.5901939952746034
1790751786.247143,1.2925240444019437
1790751786.2596314,2.1976010175421834
1790751786.2836308,1.726913033053279
1790751786.2873764,1.9582969835028052
1790751786.3398285,2.0519659155979753
1790751786.344957,1.9533430458977818
1790751786.3454843,1.37564807664603
1790751786.357279,2.228693920187652
1790751786.38756,2.057041972875595
1790751786.3896847,1.3756470289081335
1790751786.3921368,1.6909760888665915
1790751786.4239202,1.6855349531397223
1790751786.4576428,2.071961062029004
1790751786.4859955,1.9650569884106517
1790751786.5257208,1.983752939850092
1790751786.5489054,2.3613469675183296
1790751786.613159,2.2270348854362965
1790751786.6625223,2.8773059602826834
1790751786.663458,2.6002670638263226
1790751786.700141,1.751424977555871
1790751786.7921362,2.219098969362676
1790751786.808349,2.183450968004763
1790751786.8154929,2.10141995921731
1790751786.8412125,2.1211339626461267
1790751786.9436517,2.1352290641516447
1790751786.9552662,1.9525539828464389
1790751786.9701703,1.8785070860758424
1790751786.9888835,1.7762939678505063
1790751787.0553286,4.256117041222751
1790751787.0553918,4.194880952127278
1790751787.0702047,1.8733220640569925
1790751787.0885968,1.632348052226007
1790751787.106982,2.021313994191587
1790751787.141823,1.5953689580783248
1790751787.1565607,2.038785023614764
1790751787.1621041,1.7026540590450168
1790751787.1694362,1.6969109419733286
1790751787.1928425,1.7850319854915142
1790751787.2556963,2.7377139776945114
1790751787.3527813,1.8903720192611217
1790751787.387499,2.374493982642889
1790751787.4341238,2.7104259934276342
1790751787.4513195,1.7910930328071117
1790751787.5443377,2.287404960952699
1790751787.545984,1.2325720163062215
1790751787.6064215,1.9074699375778437
1790751787.6292892,2.343880943953991
1790751787.645492,2.369375084526837
1790751787.7003822,1.7271660035476089
1790751787.7091784,1.5204530209302902
1790751787.7295845,3.1570070423185825
1790751787.7572978,1.878199982456863
1790751787.757759,1.3164780102670193
1790751787.7691014,1.8627910176292062
1790751787.7790742,1.443014945834875
1790751787.8048239,1.6958580818027258
1790751787.8165421,2.6945240097120404
1790751787.8166187,2.050909912213683
1790751787.8898706,1.6204770654439926
1790751787.8923962,1.2537300353869796
1790751787.9326408,2.1954550174996257
1790751787.9758255,2.143271965906024
1790751787.996739,2.187226084060967
1790751788.009023,1.739923027344048
1790751788.016798,1.8417409155517817
1790751788.133535,1.8430129857733846
1790751788.144888,1.7191190272569656
1790751788.2062054,2.075125928968191
1790751788.2992022,2.1964310435578227
1790751788.3072858,1.6692300559952855
1790751788.3244536,1.8473570235073566
1790751788.332192,1.6881260089576244
1790751788.3349323,1.239886973053217
1790751788.3379118,1.5748600708320737
1790751788.3394325,1.1919839307665825
1790751788.3533316,1.6173769254237413
1790751788.3683813,1.9327749032527208
1790751788.378185,1.5273879980668426
1790751788.397008,2.442534896545112
1790751788.4130523,1.5105470083653927
1790751788.4237735,2.126600011251867
1790751788.459001,2.060180064290762
1790751788.4608977,1.4484169660136104
1790751788.465854,1.6035831067711115
1790751788.4700515,1.4810560969635844
1790751788.4904113,2.223722985945642
1790751788.4906862,3.06045007891953
1790751788.5103862,1.6919029876589775
1790751788.5548408,1.6649099998176098
1790751788.5616207,1.6831490211188793
1790751788.622689,2.4233730509877205
1790751788.6633644,2.323322929441929
1790751788.682612,2.760356990620494
1790751788.7204525,1.858071074821055
1790751788.743485,4.127102089114487
1790751788.7475555,1.8772130133584142
1790751788.7783744,2.084103995002806
1790751788.8507512,7.118512992747128
1790751788.8511386,6.615984020754695
1790751788.854184,1.3751070946455002
1790751788.9352636,2.149439067579806
1790751788.942595,1.4369129203259945
1790751788.9653604,2.014879952184856
1790751788.99402,1.801560982130468
1790751789.0071065,1.6013389686122537
1790751789.025218,2.4552230024710298
1790751789.0377157,1.4923400012776256
1790751789.053809,4.847278934903443
1790751789.0747287,1.729372888803482
1790751789.0848687,1.6572130843997002
1790751789.0935054,1.552653033286333
1790751789.104702,1.5522330068051815
1790751789.1387765,2.1802129922434688
1790751789.1410909,1.6582950484007597
1790751789.1557412,2.03730002976954
1790751789.1839294,2.2140609798952937
1790751789.187526,1.9912630086764693
1790751789.1997,1.5954349655658007
1790751789.2312684,1.7025800189003348
1790751789.3046196,2.0207440247759223
1790751789.3830478,1.8851759377866983
1790751789.3887103,1.4113099314272404
1790751789.3984723,2.023531007580459
1790751789.434799,1.7269978998228908
1790751789.4474442,2.3243229370564222
1790751789.4668615,1.7575499368831515
1790751789.5122578,2.2574790054932237
1790751789.544391,2.010623924434185
1790751789.565656,2.686630003154278
1790751789.5822515,1.8349059391766787
1790751789.6414807,2.322399988770485
1790751789.6469724,1.7478150548413396
1790751789.652164,3.4726649755612016
1790751789.683374,2.514356980100274
1790751789.7090738,4.57235099747777
1790751789.780053,2.6439910288900137
1790751789.80047,1.8730449955910444
1790751789.9021113,2.535769948735833
1790751789.9476128,1.939755049534142
1790751789.9640853,1.785657019354403
1790751790.0335846,2.305495087057352
1790751790.0457087,2.9993229545652866
1790751790.0543997,2.406857907772064
1790751790.0588121,1.9518829649314284
1790751790.0656893,1.9522790098562837
1790751790.097316,1.7901889514178038
1790751790.1420267,2.0029639126732945
1790751790.2213447,2.0442389650270343
1790751790.2457192,3.5101090325042605
1790751790.2458227,2.654892043210566
1790751790.2514286,1.8808749737218022
1790751790.3486688,1.8955980194732547
1790751790.350308,1.2603040086105466
1790751790.3530488,2.0576539682224393
1790751790.36325,2.0601210417225957
1790751790.3826432,1.9090140704065561
1790751790.3984418,2.445880090817809
1790751790.4415975,2.325996058061719
1790751790.4486682,1.8940200097858906
1790751790.4493487,1.8632070859894156
1790751790.470194,1.799096935428679
1790751790.4942427,2.5674280477687716
1790751790.4980454,1.9517940236255527
1790751790.4986784,1.758744940161705
1790751790.506976,2.776656998321414
1790751790.5393744,1.8211989663541317
1790751790.5820534,1.8688739510253072
1790751790.6057346,2.5113370502367616
1790751790.6445618,1.7463619587942958
1790751790.646026,1.3044190127402544
1790751790.665799,1.8126990180462599
1790751790.6937113,4.4671110808849335
1790751790.7205863,3.635825007222593
1790751790.7223434,2.4403840070590377
1790751790.7679467,2.3909510346129537
1790751790.77307,2.1347779547795653
1790751790.8133268,1.9924590596929193
1790751790.818329,1.4604190364480019
1790751790.827269,1.7077859956771135
1790751790.837639,1.666337950155139
1790751790.8564286,2.107428968884051
1790751790.8744328,1.8950289813801646
1790751790.9043589,1.7799569759517908
1790751790.907045,1.8807889427989721
1790751790.907845,1.70146394520998
1790751790.950519,1.4008560683578253
1790751790.950662,2.445915946736932
1790751790.9884722,3.0468719778582454
1790751790.988541,2.3761020274832845
1790751790.9933865,1.315566012635827
1790751790.9978924,1.9925539381802082
1790751791.0138252,1.704266993328929
1790751791.0142522,1.2515140697360039
1790751791.0295558,2.6815979508683085
1790751791.0809586,1.931461039930582
1790751791.0958986,1.7871661111712456
1790751791.097981,1.4727780362591147
1790751791.1515257,1.7043480183929205
1790751791.2464364,2.036461024545133
1790751791.2506094,2.8113410808146
1790751791.2576077,1.8081769812852144
1790751791.3651373,3.8861159700900316
1790751791.3907566,3.109653014689684
1790751791.4070811,1.93784199655056
1790751791.4130955,1.4423049287870526
1790751791.415502,1.1689470848068595
1790751791.4246426,1.9901690538972616
1790751791.4470465,1.7669580411165953
1790751791.476238,1.8401789711788297
1790751791.4848907,1.755796023644507
1790751791.5133634,1.6760879661887884
1790751791.5399508,3.733388031832874
1790751791.5400283,2.4628499522805214
1790751791.5422108,1.4948219759389758
1790751791.5744636,2.453519031405449
1790751791.5874653,2.3915190249681473
1790751791.6175218,2.6763740461319685
1790751791.6608267,5.364320008084178
1790751791.7164302,3.1140249921008945
1790751791.757718,2.4401909904554486
1790751791.7603304,1.6239259857684374
1790751791.8396924,1.7690599197521806
1790751791.8491223,1.4980490086600184
1790751791.8591502,1.7215010011568666
1790751791.9032423,2.1060960134491324
1790751791.907348,1.6119299689307809
1790751791.9139702,1.753130927681923
1790751791.9185917,1.4723079511895776
1790751791.9337504,1.6991739394143224
1790751791.9674263,2.279818058013916
1790751791.9780138,2.1825480507686734
1790751791.9831443,1.7998929833993316
1790751792.0000181,1.6452160198241472
1790751793.938687,3.623233991675079
1790751793.9609473,1.7001180676743388
1790751794.019429,1.771796029061079
1790751794.0506606,2.1035369718447328
1790751794.0559952,2.404439030215144
1790751794.066724,1.4211349189281464
1790751794.1223774,2.8140299255028367
1790751794.1224976,2.37481901422143
1790751794.1516616,2.0359070040285587
1790751794.1656113,2.056240919046104
1790751794.1671498,1.5270169824361801
1790751794.1894088,3.4238919615745544
1790751794.1904318,1.8425309099256992
1790751794.1964538,1.7709889216348529
1790751794.2029424,1.3842980843037367
1790751794.216029,2.202554023824632
1790751794.2283034,1.7713900888338685
1790751794.2443073,1.6376919811591506
1790751794.2559116,2.144272089935839
1790751794.2624147,1.5097400173544884
1790751794.2796018,1.911803032271564
1790751794.3310118,1.829512999393046
1790751794.3433018,1.8551539396867156
1790751794.375501,1.7134040826931596
1790751794.379234,1.907434081658721
1790751794.4061327,2.6926950085908175
1790751794.424756,2.8937370516359806
1790751794.4449232,1.7901810351759195
1790751794.4959874,1.4956890372559428
1790751794.515203,2.0308109233155847
1790751794.526134,2.5909249670803547
1790751794.5494213,1.7810690915212035
1790751794.6050177,2.133831032551825
1790751794.6343143,1.9551010336726904
1790751794.650489,1.8958280561491847
1790751794.6560442,1.3750280486419797
1790751794.7764904,1.9428631057962775
1790751794.821045,1.99690496083349
1790751794.8393521,1.6711479984223843
1790751794.8578331,2.2176720667630434
1790751794.8786612,2.8116590110585093
1790751794.9045525,2.003141096793115
1790751794.939887,2.021634019911289
1790751794.9420485,1.396498060785234
1790751795.008673,2.484342083334923
1790751795.0157292,1.3356779236346483
1790751795.0468361,1.6436990117654204
1790751795.060934,2.175003057345748
1790751795.065024,1.459560007788241
1790751795.1315675,1.6857150476425886
1790751795.1532087,1.653272076509893
1790751795.1592517,1.4385029207915068
1790751795.182644,1.7468709265813231
1790751795.186731,1.6182420076802373
1790751795.2136042,1.8951160600408912
1790751795.2327867,4.040441941469908
1790751795.2484999,1.6763269668444991
1790751795.2660432,1.6979289939627051
1790751795.3162444,1.6500599449500442
1790751795.3201785,1.2972590047866106
1790751795.3607073,1.8583680503070354
1790751795.368049,1.6792950918897986
1790751795.3699174,1.280115102417767
1790751795.373511,1.6609278973191977
1790751795.423558,2.176470006816089
1790751795.4287448,2.538523986004293
1790751795.4375558,1.5873409574851394
1790751795.49381,2.09796498529613
1790751795.496659,1.4809330459684134
1790751795.51584,2.106135943904519
1790751795.6188893,2.2699740948155522
1790751795.6364694,1.7741980263963342
1790751795.6721184,1.7506639705970883
1790751795.6798422,1.9362859893590212
1790751795.7010317,2.137011964805424
1790751795.8141677,2.2545299725607038
1790751795.8178926,1.6324670286849141
1790751795.9450288,1.8746909918263555
1790751795.9922514,1.8688950221985579
1790751796.0109026,2.2357419366016984
1790751796.0685332,3.4301721025258303
1790751796.068616,2.9948879964649677
1790751796.0761163,1.4642030000686646
1790751796.0910234,1.6269859625026584
1790751796.1217196,1.6432410338893533
1790751796.142413,2.253017039038241
1790751796.1439936,1.434782985597849
1790751796.1485345,1.388865988701582
1790751796.1591654,1.3093999586999416
1790751796.186585,1.6720729181542993
1790751796.2247126,5.303499987348914
1790751796.2539268,2.414533053524792
1790751796.2828627,2.457462018355727
1790751796.2919989,1.6034990549087524
1790751796.300379,1.9087519031018019
1790751796.3283353,1.9803120521828532
1790751796.3595934,1.6898310277611017
1790751796.3608618,1.1650489177554846
1790751796.3667293,1.7651270609349012
1790751796.37331,2.3077140795066953
1790751796.412065,1.757896039634943
1790751796.4146943,1.8437979742884636
1790751796.4185472,1.4094449579715729
1790751796.4613104,3.845409955829382
1790751796.4660587,1.3854049611836672
1790751796.4685204,1.273898989893496
1790751796.4783077,2.2296670358628035
1790751796.4783657,2.7963389875367284
1790751796.480071,1.0819339659065008
1790751796.5130324,1.625100034289062
1790751796.5183272,1.4759789919480681
1790751796.5428474,1.8663749797269702
1790751796.5523624,1.7286209622398019
1790751796.5783658,2.532749087549746
1790751796.5784552,3.212005947716534
1790751796.584074,1.2011310318484902
1790751796.601535,1.9558221101760864
1790751796.60957,1.3859120663255453
1790751796.626395,1.818645978346467
1790751796.6371346,1.7218319699168205
1790751796.6377168,1.4759920304641128
1790751796.6428652,1.3963240198791027
1790751796.6433165,1.169382012449205
1790751796.7232325,2.126743085682392
1790751796.7717464,3.148407908156514
1790751796.8596885,2.0384779199957848
1790751796.867702,2.0995299564674497
1790751796.9037156,2.9554410139098763
1790751796.9037883,3.1584559474140406
1790751796.9831016,1.9900669576600194
1790751797.0098114,2.3578809341415763
1790751797.0640397,2.2076149471104145
1790751797.1159716,2.4636290036141872
1790751797.1616151,3.35067103151232
1790751797.1621392,1.6744730528444052
1790751797.164795,1.4631960075348616
1790751797.1668897,1.421638997271657
1790751797.2183013,1.7636240227147937
1790751797.2402847,1.5861110296100378
1790751797.254502,2.845535986125469
1790751797.2554858,2.0545420702546835
1790751797.257557,1.3023539213463664
1790751797.2614613,1.6051309648901224
1790751797.2669342,1.3881271006539464
1790751797.2702916,1.594634959474206
1790751797.2867305,1.7256200080737472
1790751797.3305426,1.6892789863049984
1790751797.3528154,2.0193130476400256
1790751797.3803594,1.7049000598490238
1790751797.400654,5.24526706431061
1790751797.435344,1.8296899506822228
1790751797.4686074,2.7626670198515058
1790751797.6152046,2.233389066532254
1790751797.714225,1.784280058927834
1790751797.755361,2.0576389506459236
1790751797.7602956,1.4683770714327693
1790751797.8031738,1.8825510051101446
1790751797.8090048,1.5444629825651646
1790751797.813304,1.3390210224315524
1790751797.905028,2.2822479950264096
1790751797.9521136,2.026928006671369
1790751797.9937105,3.850148059427738
1790751797.994502,1.8992869881913066
1790751798.0234609,1.7396340845152736
1790751798.0710871,1.8227749969810247
1790751798.124387,2.5638870429247618
1790751798.1264741,1.2933060061186552
1790751798.1340473,1.3030290137976408
1790751798.161917,1.7501040128991008
1790751798.206913,1.6781300073489547
1790751798.2206206,2.5651820469647646
1790751798.2607632,4.22730902209878
1790751798.2688038,1.9625260028988123
1790751798.2959054,2.063584979623556
1790751798.29764,1.4123449800536036
1790751798.3188553,1.7114980146288872
1790751798.378504,2.873157965950668
1790751798.4226267,2.4459819542244077
1790751798.4617257,1.7042680410668254
1790751798.4680657,1.853695954196155
1790751798.5075703,2.732787048444152
1790751798.532969,1.847504056058824
1790751798.5442162,2.3061729734763503
1790751798.5540276,2.0420860964804888
1790751798.5820713,1.6819979064166546
1790751798.587978,3.593690926209092
1790751798.5885696,2.366916975006461
1790751798.5917873,1.7566001042723656
1790751798.6941962,1.7162139993160963
1790751798.6966066,1.3432250125333667
1790751798.7085857,1.876077032648027
1790751798.722348,1.7624559113755822
1790751798.7364266,1.611722051165998
1790751798.7390373,1.2068169889971614
1790751798.7511072,2.6068310253322124
1790751798.7570174,1.4953119680285454
1790751798.7622828,1.4814710011705756
1790751798.7831423,1.8152740085497499
1790751798.8439336,6.141171092167497
1790751798.8518844,1.8238809425383806
1790751798.8754857,1.7811639700084925
1790751798.8791358,1.2721599778160453
1790751798.8935027,1.958400011062622
1790751798.912271,1.958318054676056
1790751798.92971,2.6972800260409713
1790751798.9731379,2.408131957054138
1790751799.0192606,1.7647230997681618
1790751799.0339613,2.0019561052322388
1790751799.0487354,2.576573984697461
1790751799.0741463,2.267361036501825
1790751799.0936143,1.8780840327963233
1790751799.1021945,1.7376670148223639
1790751799.1257205,2.048871014267206
1790751799.136432,2.8166190022602677
1790751799.1400294,2.6188110932707787
1790751799.154741,2.0522449631243944
1790751799.1573138,1.3258429244160652
1790751799.2078793,3.3713640877977014
1790751799.2407055,4.16653195861727
1790751799.2534585,1.8382000271230936
1790751799.3138428,1.8047309713438153
1790751799.3339727,2.1370149916037917
1790751799.356103,2.1630049450322986
1790751799.4065397,1.7171429935842752
1790751799.4411206,2.363999024964869
1790751799.4665177,1.908996026031673
1790751799.4967282,1.6839480958878994
1790751799.545504,1.7232149839401245
1790751799.5785615,4.156140028499067
1790751799.5802798,1.7046899301931262
1790751799.5987866,1.9345319597050548
1790751799.6381304,2.1041400032117963
1790751799.6445298,1.621148083359003
1790751799.6643586,2.1467539481818676
1790751799.6962602,2.087521948851645
1790751799.7340014,2.6584200095385313
1790751799.7553022,1.8787349108606577
1790751799.7832398,1.9593379693105817
1790751799.8599825,2.149848034605384
1790751799.871642,1.6198880039155483
1790751799.8990886,2.106630941852927
1790751799.9329722,1.8259770004078746
1790751799.9468014,2.323006046935916
1790751799.9863927,2.1196979796513915
1790751799.9864686,2.955907955765724
1790751800.0679302,1.8992919940501451
1790751800.1064756,1.6863240161910653
1790751800.1454475,1.7424669349566102
1790751800.1766973,1.6831780085340142
1790751800.197727,2.0528900204226375
1790751800.285558,2.3152619833126664
1790751800.36099,1.7003200482577085
1790751800.462135,2.5604129768908024
1790751800.4846354,2.1486839978024364
1790751800.5552955,1.9408069783821702
1790751800.5698528,1.9110069843009114
1790751800.590301,1.9387900829315186
1790751800.6095743,2.561381086707115
1790751800.6376948,1.7344619845971465
1790751800.7339225,1.7526120645925403
1790751800.7498991,1.8186739180237055
1790751800.7508101,1.696838065981865
1790751800.7744055,1.7423209501430392
1790751800.7988617,2.0808971021324396
1790751800.8438656,1.8825270235538483
1790751800.8504548,1.4316890155896544
1790751800.8524485,1.459190039895475
1790751800.8798215,2.0689620869234204
1790751800.901709,2.492501982487738
1790751800.9107978,2.4725820403546095
1790751800.9685128,1.6927310498431325
1790751800.98291,1.796226017177105
1790751801.0720453,1.9718590192496777
1790751801.0875576,1.8037990666925907
1790751801.1117325,1.8803030252456665
1790751801.1195712,1.7781560309231281
1790751801.208129,2.9892479069530964
1790751801.2107205,2.5323040317744017
1790751801.232594,1.7129899933934212
1790751801.255473,1.7742780037224293
1790751801.276195,1.6783310566097498
1790751801.3630614,2.3364139487966895
1790751801.3735309,2.255419036373496
1790751801.3953135,1.9431100226938725
1790751801.4116752,2.1431100321933627
1790751801.4280665,1.640720060095191
1790751801.4411814,1.6984180547297
1790751801.4608328,1.828245003707707
1790751801.4720988,1.836512004956603
1790751801.480097,1.6895269509404898
1790751801.4828293,1.6505410894751549
1790751801.5344527,1.95122801233083
1790751801.5416462,1.839165110141039
1790751801.5688298,1.8416550010442734
1790751801.5922399,1.6532250447198749
1790751801.5984447,1.7852180171757936
1790751801.6042585,1.8628539983183146
1790751801.6330795,1.9406899809837341
1790751801.6555252,2.458053990267217
1790751801.6716895,1.6520919743925333
1790751801.7309365,2.297281986102462
1790751801.7416904,1.6528150299564004
1790751801.7529173,1.6177099896594882
1790751801.7934992,3.014167072251439
1790751801.8070645,1.9563130335882306
1790751801.8279452,2.177983056753874
1790751801.8416395,1.8638350302353501
1790751801.9964414,1.7836829647421837
1790751802.0261118,2.116622985340655
1790751802.0447485,1.7809669952839613
1790751802.120609,1.7364270752295852
1790751802.1330385,2.1139830350875854
1790751802.159255,1.9028669921681285
1790751802.1746078,1.94576196372509
1790751802.2056494,2.564143040217459
1790751802.2205036,1.7946079606190324
1790751802.262781,1.8972560064867139
1790751802.3213446,3.074103966355324
1790751802.3662329,2.4013209622353315
1790751802.374094,1.7505900468677282
1790751802.39801,2.8276490047574043
1790751802.3988323,1.8496769480407238
1790751802.4165404,1.6430160030722618
1790751802.418199,1.4647969510406256
1790751802.4256778,1.438744948245585
1790751802.4406404,2.7203840436413884
1790751802.441461,1.5372480265796185
1790751802.464068,2.1078489953652024
1790751802.477371,1.7149819759652019
1790751802.5445912,2.076121047139168
1790751802.5616632,1.8686499679461122
1790751802.6071239,1.9527339609339833
1790751802.6102378,1.5413830988109112
1790751802.648597,1.992809004150331
1790751802.6550324,1.3770019868388772
1790751802.6818407,2.330134971998632
1790751802.6820323,3.002876997925341
1790751802.7026196,1.7096580704674125
1790751802.7066977,1.790062990039587
1790751802.7119346,1.7180469585582614
1790751802.731641,1.9188330043107271
1790751802.775961,1.9414479611441493
1790751802.8402681,3.706902964040637
1790751802.9007065,1.7043770058080554
1790751802.930078,2.942032995633781
1790751802.9403927,1.3666918966919184
1790751802.942632,1.5978369629010558
1790751802.9431126,1.2248939601704478
1790751802.9451785,1.2017220724374056
1790751802.977772,2.2870280081406236
1790751802.985482,1.572790089994669
1790751803.0109947,2.0540510304272175
1790751803.04115,2.1018569823354483
1790751803.052004,1.577483955770731
1790751803.0645852,2.4697260232642293
1790751803.064682,3.2973369816318154
1790751803.0716336,1.3850610703229904
1790751803.0756257,1.7091749468818307
1790751803.1612911,1.7629599897190928
1790751803.2973282,2.9545159777626395
1790751803.297437,3.1777520198374987
1790751803.3226864,2.226712997071445
1790751803.3231766,1.3969900319352746
1790751803.3255658,1.187919988296926
1790751803.3295033,1.8519640434533358
1790751803.3414137,1.460057101212442
1790751803.3508058,1.558925025165081
1790751803.3784583,1.9805720075964928
1790751803.4719596,3.1615860061720014
1790751803.514817,2.0901140524074435
1790751803.6056664,1.6820681048557162
1790751803.6188085,2.3690860252827406
1790751803.6196308,1.7471699975430965
1790751803.6477115,1.8580909818410873
1790751803.668538,2.183327917009592
1790751803.7091496,2.041436964645982
1790751803.7651134,2.2026589140295982
1790751803.782704,1.9801589660346508
1790751803.7840865,1.3661750126630068
1790751803.796163,1.6226510051637888
1790751803.8109841,3.0667519895359874
1790751803.81105,2.3342720232903957
1790751803.838159,2.2763529559597373
1790751803.83851,1.8755130004137754
1790751803.8632894,1.7027950379997492
1790751803.8685641,1.4002240495756269
1790751803.9251525,1.7291600815951824
1790751803.9630146,2.3277750005945563
1790751804.0050974,3.0157429864630103
1790751804.0207238,1.7811289289966226
1790751804.0537837,3.139109001494944
1790751804.070207,1.9634980708360672
1790751804.0739896,1.2058309512212873
1790751804.0801237,1.6974540194496512
1790751804.090479,1.7392449080944061
1790751804.1138093,2.5321180000901222
1790751804.146816,2.5458919117227197
1790751804.1481607,1.4603720046579838
1790751804.1504982,1.1648599756881595
1790751804.2840197,1.7106810119003057
1790751804.2929523,1.8139079911634326
1790751804.313765,2.012372948229313
1790751804.450802,2.787659061141312
1790751804.4687254,2.5366999907419086
1790751804.4691863,1.4072268968448043
1790751804.506617,2.221608068794012
1790751804.5209334,1.7772320425137877
1790751804.53046,1.4459129888564348
1790751804.5819027,1.63844705093652
1790751804.5910938,1.7148759216070175
1790751804.6599271,2.7886410243809223
1790751804.6697574,2.3226930061355233
1790751804.6769724,2.710169996134937
1790751804.6770961,3.730500931851566
1790751804.714055,2.62570905033499
1790751804.7161117,1.565297949127853
1790751804.7538908,1.9092439906671643
1790751804.767399,1.6451490810140967
1790751804.7831893,1.6194389900192618
1790751804.8070538,1.897045993246138
1790751804.8071396,2.879996900446713
1790751804.8186524,2.1510811056941748
1790751804.819447,1.7214160179719329
1790751804.8344207,2.142820041626692
1790751804.857234,1.9826520001515746
1790751804.8661435,2.293101977556944
1790751804.8742983,1.7780649941414595
1790751804.8972943,2.0182450534775853
1790751804.9510064,2.9883059905841947
1790751805.0171952,1.9613350741565228
1790751805.0263824,1.371410908177495
1790751805.0385823,1.652978011406958
1790751805.0504375,1.8493059324100614
1790751805.0721755,1.9106819527223706
1790751805.118492,1.902341959066689
1790751805.2384267,2.9993869829922915
1790751805.2894144,2.1890400676056743
1790751805.2981353,2.5582719827070832
1790751805.343623,2.1292599849402905
1790751805.3503811,1.8616400193423033
1790751805.3590968,1.9650899339467287
1790751805.3611097,1.4494300121441483
1790751805.3823142,1.7111519118770957
1790751805.384807,1.3712190557271242
1790751805.415834,2.217752975411713
1790751805.5302455,2.901290077716112
1790751805.5514207,2.5860629975795746
1790751805.593992,2.6925450656563044
1790751805.6944873,2.1688680863007903
1790751805.696183,1.6826980281621218
1790751805.7342725,1.745670917443931
1790751805.7806323,2.2015320137143135
1790751805.786376,3.933144034817815
1790751805.8095472,2.2559689823538065
1790751805.8674393,1.854643109254539
1790751805.9864016,5.263027967885137
1790751805.9864838,4.284375929273665
1790751806.0622056,1.7820140346884727
1790751806.0825133,1.9167739665135741
1790751806.0867057,1.5956989955157042
1790751806.1768215,2.0149940392002463
1790751806.217554,2.1713520400226116
1790751806.2181861,1.9808680517598987
1790751806.2499244,2.123597078025341
1790751806.2743487,1.7063770210370421
1790751806.2879858,1.5725159319117665
1790751806.301476,1.8825080478563905
1790751806.318697,1.682937960140407
1790751806.3314352,1.6222100239247084
1790751806.346924,1.6172220930457115
1790751806.374307,2.259375061839819
1790751806.376617,1.4146030880510807
1790751806.4228761,1.6850350657477975
1790751806.4643342,2.314333920367062
1790751806.4840553,2.796631073579192
1790751806.493873,1.5476070111617446
1790751806.5359254,1.7803270602598786
1790751806.5377786,1.1680079624056816
1790751806.5398157,1.8419920234009624
1790751806.5737305,2.6176340179517865
1790751806.5817032,1.6272029606625438
1790751806.6004772,1.8544550985097885
1790751806.611178,1.6005749348551035
1790751806.674758,3.1047159573063254
1790751806.6912673,2.094249939545989
1790751806.69349,1.294471905566752
1790751806.723615,1.5601270133629441
1790751806.7347586,2.049676957540214
1790751806.7388587,2.3665539920330048
1790751806.7490516,2.0997649990022182
1790751806.7551494,1.9318650010973215
1790751806.7940087,2.1326380083337426
1790751806.8049576,1.9393620314076543
1790751806.8417003,1.9807190401479602
1790751806.8850837,2.0094270585104823
1790751806.9009173,2.4806769797578454
1790751806.914163,1.758003025315702
1790751806.9183471,2.193883992731571
1790751806.9657173,1.661675050854683
1790751806.9764707,2.222660114057362
1790751806.9940372,1.7685559578239918
1790751807.007567,5.142538924701512
1790751807.0076685,5.764262052252889
1790751807.0458477,3.1149829737842083
1790751807.0539856,3.324751975014806
1790751807.0663667,1.5943530015647411
1790751807.0664203,2.2756009129807353
1790751807.0955606,1.6565360128879547
1790751807.1521316,1.7613800009712577
1790751807.1526783,1.3561759842559695
1790751807.1702707,1.8531660316511989
1790751807.1707885,1.65012595243752
1790751807.199232,2.432974986732006
1790751807.2088192,5.00862009357661
1790751807.2089038,4.878064035438001
1790751807.2104561,1.44051609095186
1790751807.2145774,1.400682027451694
1790751807.2212243,1.2536869617179036
1790751807.229942,1.9896510057151318
1790751807.2501073,3.5509460140019655
1790751807.2729037,1.99289305601269
1790751807.27849,2.3308120435103774
1790751807.294448,1.8495959229767323
1790751807.3291314,3.4692210610955954
1790751807.329236,2.5318600237369537
1790751807.334908,1.4437470817938447
1790751807.3408058,3.115739906206727
1790751807.354902,1.548839034512639
1790751807.3668926,1.7115119844675064
1790751807.3673804,1.3335869880393147
1790751807.3721237,1.7108999891206622
1790751807.3728673,1.3878269819542766
1790751807.4137166,1.879040035419166
1790751807.4210975,1.5945739578455687
1790751807.462041,2.0254459232091904
1790751807.5172522,1.7933780327439308
1790751807.518954,1.3731670333072543
1790751807.5599988,1.8701839726418257
1790751807.582124,1.9732710206881166
1790751807.5838199,1.3091430300846696
1790751807.6040406,1.5435899840667844
1790751807.6709929,2.5607900461182
1790751807.6981254,2.0724969217553735
1790751807.7536616,1.9881840562447906
1790751807.7824256,1.891250954940915
1790751807.7906077,1.6698070103302598
1790751807.7958708,1.3984590768814087
1790751807.8018079,1.2754020281136036
1790751807.8153036,1.5753390034660697
1790751807.8228102,1.5604859218001366
1790751807.8327997,1.4446380082517862
1790751807.8353887,1.1619379511103034
1790751807.8779094,2.9181319987401366
1790751807.8782556,3.919266047887504
1790751807.8783083,2.1384540013968945
1790751807.8903797,1.637656008824706
1790751807.9237635,1.7474519554525614
1790751807.9447894,1.6246030572801828
1790751808.0113058,2.080978942103684
1790751808.0493636,1.8064279574900866
1790751808.0615602,3.490997012704611
1790751808.0829582,2.2313130320981145
1790751808.1031756,1.7849720316007733
1790751808.114674,1.8721941160038114
1790751808.1782815,1.855678972788155
1790751808.1929786,1.8910419894382358
1790751808.2037723,2.7859299443662167
1790751808.2391381,2.358608995564282
1790751808.2847085,2.0192060619592667
1790751808.3023255,2.406449057161808
1790751808.3230362,1.9655150827020407
1790751808.3262303,1.7533149803057313
1790751808.368343,2.130858018063009
1790751808.4101293,6.035311962477863
1790751808.4500763,3.6916850367560983
1790751808.452584,5.139432963915169
1790751808.4586966,1.9235509680584073
1790751808.472875,2.0459770457819104
1790751808.489507,2.02276895288378
1790751808.4933896,1.9039619946852326
1790751808.505588,1.9400529563426971
1790751808.5497804,3.63803596701473
1790751808.582871,1.614346052519977
1790751808.6076722,2.407065941952169
1790751808.6196616,1.6436029691249132
1790751808.64148,2.246911986730993
1790751808.6516411,1.7476670909672976
1790751808.6632164,1.7738620517775416
1790751808.7100687,2.0909940358251333
1790751808.733006,1.6891669947654009
1790751808.7426121,1.6411649994552135
1790751808.793139,2.201260067522526
1790751808.8054385,1.5816569793969393
1790751808.931781,3.983344999141991
1790751808.9326785,4.144988022744656
1790751808.9436297,2.9820200288668275
1790751808.9452264,1.4301519840955734
1790751808.9675488,1.8222499638795853
1790751808.9943726,1.9990759901702404
1790751809.0085177,1.656488049775362
1790751809.0241616,1.8035259563475847
1790751809.0535433,3.3691040007397532
1790751809.053614,2.427143044769764
1790751809.0828881,1.7704800702631474
1790751809.0965185,2.5294109946116805
1790751809.1564922,1.8984429771080613
1790751809.1616604,1.463813940063119
1790751809.1641576,1.0907500982284546
1790751809.2167435,1.984175993129611
1790751809.242052,1.7061709659174085
1790751809.274088,2.3578270338475704
1790751809.30557,2.346046967431903
1790751809.3205519,1.9032129785045981
1790751809.3285675,1.490238937549293
1790751809.3778632,3.2947809668257833
1790751809.4056747,2.3506400175392628
1790751809.408126,1.466849003918469
1790751809.4146776,1.488563953898847
1790751809.443138,1.8906720215454698
1790751809.4503982,2.194689936004579
1790751809.461199,1.7062460537999868
1790751809.4711802,2.197338966652751
1790751809.502293,2.1894099190831184
1790751809.533946,2.200715010985732
1790751809.5454838,1.561383018270135
1790751809.586521,1.6162630636245012
1790751809.6112542,1.7748450627550483
1790751809.6185327,1.703537069261074
1790751809.654235,2.017820021137595
1790751809.6584463,1.458008075132966
1790751809.6667848,1.6129290452226996
1790751809.6818497,1.9971119472756982
1790751809.6871493,1.4974760124459863
1790751809.7640991,4.172798013314605
1790751809.7645764,2.4784179404377937
1790751809.7647073,3.555119037628174
1790751809.7834527,2.200645045377314
1790751809.783998,1.8601519986987114
1790751809.785062,1.055769040249288
1790751809.8356493,1.8562889890745282
1790751809.844178,2.1518300054594874
1790751809.8504386,1.402763999067247
1790751809.8757913,2.1446470636874437
1790751809.87585,2.8456669533625245
1790751809.890228,1.7688330262899399
1790751810.0163903,2.259709988720715
1790751810.0478487,2.119573997333646
1790751810.0568159,2.004964044317603
1790751810.145408,2.1718330681324005
1790751810.1504717,1.4644840266555548
1790751810.230537,2.095300005748868
1790751810.251122,1.9155490444973111
1790751810.3205168,2.620224026031792
1790751810.3368835,1.9617789657786489
1790751810.34761,2.0225869957357645
1790751810.3760026,1.905901008285582
1790751810.4406652,1.948714954778552
1790751810.4455683,2.011233940720558
1790751810.465121,1.9997500348836184
1790751810.4706824,1.8008400220423937
1790751810.4735434,1.4354849699884653
1790751810.5100863,1.7237120773643255
1790751810.5260544,1.6760529251769185
1790751810.5488544,2.0996310049667954
1790751810.5582068,2.3246390046551824
1790751810.5638843,2.0944549469277263
1790751810.5863695,2.2992530139163136
1790751810.5871613,1.8729050643742085
1790751810.6299682,1.7124009318649769
1790751810.6473749,2.0977009553462267
1790751810.649994,1.632818952202797
1790751810.6564426,1.701468019746244
1790751810.6623278,1.69749790802598
1790751810.6725583,1.8631640123203397
1790751810.67641,1.6545490361750126
1790751810.7059257,1.6468050889670849
1790751810.7143416,1.9747789483517408
1790751810.7207253,1.561099081300199
1790751810.7358267,2.1808110177516937
1790751810.7884274,2.5932228891178966
1790751810.8051727,1.6068180557340384
1790751810.8078609,1.49253208655864
1790751810.8111327,1.3613500632345676
1790751810.8456044,1.7637750133872032
1790751810.8530672,1.6202240949496627
1790751810.8593643,1.401590066961944
1790751810.921956,1.8265469698235393
1790751810.9633229,2.1320160012692213
1790751811.0061321,1.9937300821766257
1790751811.0635872,1.6430980758741498
1790751811.1057603,1.6795858973637223
1790751811.1080294,1.679718028753996
1790751811.1243927,2.6407899567857385
1790751811.1267703,2.220889087766409
1790751811.225273,1.6495550516992807
1790751811.240194,1.8083089962601662
1790751811.2530107,2.062621060758829
1790751811.3120275,1.9586359849199653
1790751811.3282135,1.828323001973331
1790751811.343721,1.9247459713369608
1790751811.3750708,1.8288969295099378
1790751811.4345155,1.968414057046175
1790751811.440334,2.0833880407735705
1790751811.4499094,1.8988089868798852
1790751811.4751906,2.262989990413189
1790751811.482191,1.8983520567417145
1790751811.5126975,1.9609280861914158
1790751811.553813,2.106252941302955
1790751811.5604715,1.539698918350041
1790751811.5760198,2.393244067206979
1790751811.6155064,2.5664069689810276
1790751811.6946716,2.3529939353466034
1790751811.6961892,1.402909983880818
1790751811.730774,2.4862090358510613
1790751811.772479,1.8033399246633053
1790751811.790824,1.774967066012323
1790751811.8291268,1.8844370497390628
1790751811.844676,1.7176719848066568
1790751811.8712008,1.8720879452303052
1790751811.900867,1.9047310343012214
1790751811.9052272,1.554626040160656
1790751811.9284818,1.9966789986938238
1790751811.949267,2.1270050201565027
1790751811.9544375,1.5393110224977136
1790751811.9756956,1.9561320077627897
1790751811.9818652,2.1137059666216373
1790751811.982711,1.85393204446882
1790751811.9931805,1.8730260198935866
1790751812.0208402,1.6711759380996227
1790751812.039273,1.9321480067446828
1790751812.046371,1.9646759610623121
1790751812.0562,1.9276579841971397
1790751812.0604172,1.6763779567554593
1790751812.1209595,1.8670399440452456
1790751812.1252983,2.1748360013589263
1790751812.1325345,1.8423110013827682
1790751812.1777513,1.8480869475752115
1790751812.2085037,1.813644077628851
1790751812.2104993,1.4598070411011577
1790751812.2134154,1.5456740511581302
1790751812.2138715,1.4506930019706488
1790751812.2833412,1.8850479973480105
1790751812.2954128,1.9517220789566636
1790751812.3017302,2.842194982804358
1790751812.3017886,2.2548300912603736
1790751812.3037715,1.5916300471872091
1790751812.343495,1.961603993549943
1790751812.3760812,2.3387179244309664
1790751812.3877225,2.191412029787898
1790751812.4265888,1.9313129596412182
1790751812.4398196,1.7866980051621795
1790751812.450001,2.601912012323737
1790751812.4661584,1.9131009466946125
1790751812.4794705,1.7446440178900957
1790751812.496414,1.8521510064601898
1790751812.535423,2.5627230061218143
1790751812.5534878,3.3175229327753186
1790751812.556015,1.4757829485461116
1790751812.6618657,2.436145907267928
1790751812.6634998,1.6171559691429138
1790751812.704038,1.6168300062417984
1790751812.7083118,1.8293230095878243
1790751812.7780492,1.8525270279496908
1790751812.8349366,1.805193955078721
1790751812.8401494,2.0468030124902725
1790751812.8554966,2.2689959732815623
1790751812.8720016,1.6325510805472732
1790751812.8811648,1.7438159557059407
1790751812.9052155,1.9551899749785662
1790751812.9265478,2.36869091168046
1790751812.929599,1.3509660493582487
1790751813.0214796,1.7664720071479678
1790751813.0374992,1.6729451017454267
1790751813.0463107,1.768572023138404
1790751813.0878572,2.9806020902469754
1790751813.1029449,1.7751780105754733
1790751813.1475432,1.9863760098814964
1790751813.1518168,1.5380840050056577
1790751813.2012448,1.8538450822234154
1790751813.2843487,1.7914458876475692
1790751813.29635,1.5738639049232006
1790751813.3079796,2.5920559419319034
1790751813.3080523,2.7614630525931716
1790751813.311115,1.3674140209332108
1790751813.319815,1.678758068010211
1790751813.3413858,1.7163309967145324
1790751813.408602,2.0215410040691495
1790751813.4546905,2.5927689857780933
1790751813.4569752,1.925425953231752
1790751813.4902081,2.176527981646359
1790751813.5025485,1.8708219286054373
1790751813.5294938,3.371136961504817
1790751813.5302339,3.563527949154377
1790751813.535511,1.4006850542500615
1790751813.5416112,1.3990739826112986
1790751813.5767875,3.903400036506355
1790751813.6144545,1.8363370327278972
1790751813.7036471,1.8295299960300326
1790751813.7142005,1.3779780128970742
1790751813.7202187,1.754708937369287
1790751813.79179,1.984918024390936
1790751813.804763,2.0081859547644854
1790751813.870195,2.108481014147401
1790751813.9042773,1.7937390366569161
1790751813.9183567,1.7872280441224575
1790751813.9317386,1.6707739559933543
1790751813.938374,2.455171081237495
1790751813.9758427,2.8586279368028045
1790751813.9779975,2.2770919604226947
1790751814.020487,1.7572250217199326
1790751814.0217743,1.2024079915136099
1790751814.0454922,1.746077905409038
1790751814.063779,1.675682025961578
1790751814.080471,1.9580050138756633
1790751814.112648,1.809256966225803
1790751814.1633756,1.7461120150983334
1790751814.203683,1.951738027855754
1790751814.2188377,1.9289209740236402
1790751814.2357123,1.5675920294597745
1790751814.2523828,1.6311199869960546
1790751814.3090467,1.8495399272069335
1790751814.3119159,1.5556660946458578
1790751814.3215177,1.4852320309728384
1790751814.3518791,4.7975999768823385
1790751814.406237,1.835903967730701
1790751814.425865,1.6116389306262136
1790751814.4407105,1.7863850807771087
1790751814.476701,1.9733710214495659
1790751814.488112,1.7430540174245834
1790751814.4885983,1.421517925336957
1790751814.5083442,1.8331339815631509
1790751814.54881,1.965576084330678
1790751814.5514379,1.3353520771488547
1790751814.563075,1.6012500273063779
1790751814.619644,1.7001678934320807
1790751814.680862,1.9225010182708502
1790751814.6976771,1.781713915988803
1790751814.7236423,2.829825971275568
1790751814.738558,2.4079049471765757
1790751814.7646303,2.0841469522565603
1790751814.8349063,2.371578011661768
1790751814.8392718,2.2225300781428814
1790751814.8610592,1.7816020408645272
1790751814.8681812,1.4833799796178937
1790751814.871477,1.3114189496263862
1790751814.8998623,1.7618039855733514
1790751814.909955,1.5033769886940718
1790751814.914285,1.2636360479518771
1790751814.9154747,1.0646500159054995
1790751814.9304748,1.6741829458624125
1790751814.9412968,1.4723639469593763
1790751814.9447331,1.271052984520793
1790751814.950245,1.2547479709610343
1790751815.0091093,2.030152012594044
1790751815.0109127,1.5044460305944085
1790751815.0361967,1.9754200475290418
1790751815.0781534,2.0314219873398542
1790751815.1218555,1.7869910225272179
1790751815.1610918,2.7616950683295727
1790751815.2363122,1.9138429779559374
1790751815.2630587,2.0497830118983984
1790751815.3115804,9.094692999497056
1790751815.3132248,7.285397965461016
1790751815.3569465,4.260345012880862
1790751815.3881598,2.7378840604797006
1790751815.4420857,2.1434699883684516
1790751815.5198295,3.4068230306729674
1790751815.550463,2.029548049904406
1790751815.569231,2.4488650960847735
1790751815.5828729,2.392960013821721
1790751815.5912585,1.7806329997256398
1790751815.6016774,1.7856719205155969
1790751815.6068442,1.5298790531232953
1790751815.627307,3.327723010443151
1790751815.6557903,2.151664928533137
1790751815.6600363,1.3993489556014538
1790751815.6664598,1.2602800270542502
1790751815.719862,2.0502270199358463
1790751815.7958724,2.0030669402331114
1790751815.8057768,1.6703729052096605
1790751815.8099012,1.2233860325068235
1790751815.8153102,1.2268000282347202
1790751815.822614,1.9186080899089575
1790751815.8269696,2.0197980338707566
1790751815.8270562,2.566816983744502
1790751815.8787692,1.7577719409018755
1790751815.8869364,1.8598439637571573
1790751815.9372215,2.302895998582244
1790751815.982434,1.8463080050423741
1790751815.9976661,1.722441054880619
1790751816.0249166,1.844507991336286
1790751816.0307353,1.3335600960999727
1790751816.0794094,2.9424059903249145
1790751816.1222928,2.3415099130943418
1790751816.1228824,1.834081020206213
1790751816.1288126,1.4363909140229225
1790751816.2109642,2.211709041148424
1790751816.2158964,1.7847720300778747
1790751816.2561765,2.42625898681581
1790751816.257467,1.280812080949545
1790751816.2605138,1.2001110007986426
1790751816.2801626,2.0932399202138186
1790751816.327469,1.9108629785478115
1790751816.345189,2.104993909597397
1790751816.3552666,1.6801119782030582
1790751816.459744,1.7379539785906672
1790751816.4958403,2.005356946028769
1790751816.510151,1.9570349249988794
1790751816.5150256,1.8377950182184577
1790751816.534788,2.449712948873639
1790751816.5388324,1.9785980693995953
1790751816.5551739,2.0604929886758327
1790751816.571288,2.438334049656987
1790751816.600604,2.0934349158778787
1790751816.7016516,2.0184010500088334
1790751816.7036817,1.3989709550514817
1790751816.7116985,1.6214379575103521
1790751816.7160225,1.4804949751123786
1790751816.7366192,1.6209749737754464
1790751816.743925,2.0034960471093655
1790751816.748287,1.4903399860486388
1790751816.7510736,1.3265700545161963
1790751816.7649221,1.7527980962768197
1790751816.771129,1.7644880572333932
1790751816.8121998,1.8138380255550146
1790751816.8372626,1.8299940275028348
1790751816.8566809,1.681717112660408
1790751816.8663676,1.8139550229534507
1790751816.8884041,1.8484280444681644
1790751816.9660556,1.9890000112354755
1790751817.029063,3.0197090236470103
1790751817.060585,1.7196170520037413
1790751817.0671992,1.6449450049549341
1790751817.0697453,1.2903159949928522
1790751817.0888536,1.9363160245120525
1790751817.0968082,2.6902450481429696
1790751817.1388566,2.5267230812460184
1790751817.1711483,2.0894940244033933
1790751817.1870828,1.712898025289178
1790751817.201424,2.1645519882440567
1790751817.259111,2.2672050399705768
1790751817.363543,2.77649296913296
1790751817.3917387,1.6966629773378372
1790751817.4249482,2.366840955801308
1790751817.4258482,1.7454240005463362
1790751817.452478,1.7262109322473407
1790751817.4929566,2.1031760843470693
1790751817.4956715,1.3126760022714734
1790751817.5189042,2.141422010026872
1790751817.5663934,2.5647799484431744
1790751817.5829597,1.6718539409339428
1790751817.6457925,1.6809849767014384
1790751817.6595013,2.0248210057616234
1790751817.6694155,1.5229529235512018
1790751817.6790454,1.3477429747581482
1790751817.6866593,2.7700799982994795
1790751817.6882553,1.4416410122066736
1790751817.7018635,1.613259082660079
1790751817.751139,1.7807040130719543
1790751817.7823443,1.6575210029259324
1790751817.882742,2.296768012456596
1790751817.8938768,2.1232080180197954
1790751817.9353757,1.7789490520954132
1790751817.9817433,1.741312094964087
1790751817.9967914,1.7159980488941073
1790751818.024584,1.738266902975738
1790751818.0338616,2.6208250783383846
1790751818.1384447,3.0737679917365313
1790751818.1423302,1.415841979905963
1790751818.1536381,3.250273992307484
1790751818.1537304,2.5366710033267736
1790751818.2515419,1.9193910993635654
1790751818.2599487,2.0342759089544415
1790751818.2944512,1.8167790258303285
1790751818.4301026,2.8844430344179273
1790751818.4696283,2.257309970445931
1790751818.5030792,1.694374019280076
1790751818.518373,2.0211728988215327
1790751818.5398898,2.1660999627783895
1790751818.5439198,1.430278061889112
1790751818.5573192,1.5772629994899035
1790751818.5768697,2.0263559417799115
1790751818.5971894,1.9382769241929054
1790751818.6178744,1.9467179663479328
1790751818.684624,2.101697027683258
1790751818.7087312,1.9792900420725346
1790751818.719783,1.6396749997511506
1790751818.7313535,1.5473220264539123
1790751818.7661316,1.7554949736222625
1790751818.849779,2.841379027813673
1790751818.8814244,2.337915007956326
1790751818.9706423,2.311183954589069
1790751818.9909165,1.9965399987995625
1790751819.0126638,1.9835439743474126
1790751819.0226176,2.278384054079652
1790751819.0281093,2.0988170290365815
1790751819.0351794,1.7066829605028033
1790751819.042264,1.2730209855362773
1790751819.05266,1.4541998971253633
1790751819.0690818,1.8335399217903614
1790751819.2023916,2.0759330363944173
1790751819.2131872,2.0910518942400813
1790751819.2186916,2.3318539606407285
1790751819.2204838,1.3645680155605078
1790751819.3635557,3.487615962512791
1790751819.3659935,1.6960969660431147
1790751819.3665879,1.458520069718361
1790751819.368307,1.1851389426738024
1790751819.3842893,1.8627520184963942
1790751819.386942,1.9211290637031198
1790751819.3888636,1.2421560240909457
1790751819.4037986,1.857064082287252
1790751819.4550104,3.454911056905985
1790751819.4831934,2.0928909070789814
1790751819.4836729,1.40378309879452
1790751819.5194166,2.134894020855427
1790751819.5654688,2.090999041683972
1790751819.581023,3.764613065868616
1790751819.582007,2.265490940771997
1790751819.5893056,1.737755024805665
1790751819.5902698,1.6741660656407475
1790751819.6464968,2.4323270190507174
1790751819.6563132,1.9685160368680954
1790751819.659604,1.6548270359635353
1790751819.6763995,1.8549250671640038
1790751819.687692,6.239044014364481
1790751819.7191548,3.332369029521942
1790751819.750267,2.59250495582819
1790751819.7782445,2.3632089141756296
1790751819.8179383,1.9665639847517014
1790751819.8276646,1.9677949603646994
1790751819.8339994,1.809748006053269
1790751819.8431466,1.640829024836421
1790751819.8477545,1.8996349535882473
1790751819.847829,2.4195730220526457
1790751819.8706384,1.9572869641706347
1790751819.9418333,2.5992270093411207
1790751819.9491115,2.5412209797650576
1790751819.949189,3.364040981978178
1790751819.9645755,1.8232139991596341
1790751819.9778574,2.436703070998192
1790751820.0110545,1.9675169605761766
1790751820.0740137,1.892177970148623
1790751820.082168,1.5824449947103858
1790751820.091927,1.3504669768735766
1790751820.1087666,1.7488279845565557
1790751820.1198604,1.747756963595748
1790751820.1444159,2.376851043663919
1790751820.153991,2.514753956347704
1790751820.1555417,1.5386559534817934
1790751820.157696,1.2761190300807357
1790751820.1823926,3.995032049715519
1790751820.1824899,4.217286943458021
1790751820.2441516,2.473082975484431
1790751820.2518373,1.5173869905993342
1790751820.257833,1.6200010431930423
1790751820.2678177,1.6347949858754873
1790751820.2800527,1.5578879974782467
1790751820.325283,2.051294082775712
1790751820.3977928,1.6982989618554711
1790751820.4070585,2.8128380654379725
1790751820.4728572,2.18514003790915
1790751820.49469,1.9152469467371702
1790751820.5536911,2.966043073683977
1790751820.5652921,2.7189559768885374
1790751820.5704522,3.111974918283522
1790751820.5841196,2.0309380488470197
1790751820.6141384,1.6410540556535125
1790751820.6411407,2.947531989775598
1790751820.6603832,1.7260820604860783
1790751820.6709902,2.896493999287486
1790751820.682829,1.7126910388469696
1790751820.7733252,3.5138820530846715
1790751820.7734036,2.925050910562277
1790751820.781535,1.5440830029547215
1790751820.8338475,1.9483130890876055
1790751820.850089,1.6526810359209776
1790751820.854105,1.2563810450956225
1790751820.915103,3.0355530325323343
1790751820.9151952,2.4692390579730272
1790751820.919272,2.2604719270020723
1790751820.9615552,1.687200041487813
1790751820.965776,1.5739280497655272
1790751820.985246,2.036395948380232
1790751820.986869,1.5039859572425485
1790751821.015435,1.9578629871830344
1790751821.088599,1.956744003109634
1790751821.0996554,1.8101170426234603
1790751821.1293905,2.1945509361103177
1790751821.1799045,1.8518969882279634
1790751821.2163315,2.294284990057349
1790751821.2168288,1.7087130108848214
1790751821.2192652,1.2269810540601611
1790751821.3243566,1.5924390172585845
1790751821.336565,1.6303788870573044
1790751821.3715322,1.7030269373208284
1790751821.3964543,1.799916964955628
1790751821.4490051,2.555925981141627
1790751821.464544,2.0821000216528773
1790751821.5023003,1.9212400075048208
1790751821.5104122,2.3930949391797185
1790751821.5511246,1.912579988129437
1790751821.5626748,1.9373020622879267
1790751821.5944138,1.7382240621373057
1790751821.5977914,2.0380240166559815
1790751821.598954,1.2923310277983546
1790751821.619716,2.9139439575374126
1790751821.654148,2.5348049821332097
1790751821.678328,1.9786299671977758
1790751821.6910207,1.7669289372861385
1790751821.7006924,1.945168012753129
1790751821.72438,1.693987986072898
1790751821.7548542,1.6987769631668925
1790751821.7682266,1.7215670086443424
1790751821.8082557,1.7332489369437099
1790751821.828353,1.9665559520944953
1790751821.8797364,2.256358042359352
1790751821.891378,1.495472970418632
1790751821.9417772,1.807020977139473
1790751821.964173,4.359437036328018
1790751821.965712,4.9609600100666285
1790751821.9659314,3.292976994998753
1790751821.9668791,2.3250350495800376
1790751821.996654,1.6427549999207258
1790751822.036219,2.3477060021832585
1790751822.0650377,2.990799956023693
1790751822.1327386,1.7952111084014177
1790751822.1479943,2.4522999301552773
1790751822.1638346,1.804090104997158
1790751822.1840944,2.5824339827522635
1790751822.200269,1.7231989186257124
1790751822.2035325,1.7706539947539568
1790751822.2041538,1.4593360247090459
1790751822.2286773,1.7613189993426204
1790751822.2502663,1.7899550730362535
1790751822.254098,1.2698789360001683
1790751822.286155,1.9584440160542727
1790751822.2886498,1.545651932246983
1790751822.3172762,1.9143969984725118
1790751822.3384676,1.699558924883604
1790751822.3731492,2.2193010663613677
1790751822.3902507,1.819241908378899
1790751822.4005766,1.4709639362990856
1790751822.4404151,2.074146061204374
1790751822.4716153,1.829660963267088
1790751822.486469,1.7505119321867824
1790751822.5168998,1.7677339492365718
1790751822.534,1.9478839822113514
1790751822.537433,1.7290030373260379
1790751822.5542362,1.5435180393978953
1790751822.5950541,2.317529055289924
1790751822.597968,1.899649971164763
1790751822.6330533,1.8138729501515627
1790751822.6768668,1.8432640936225653
1790751822.7201772,1.854733913205564
1790751822.7256126,1.4325670199468732
1790751822.7321868,1.5719329239800572
1790751822.7406292,1.5326259890571237
1790751822.7519934,1.3654358917847276
1790751822.789455,2.683117054402828
1790751822.79045,2.122158999554813
1790751822.8373077,2.1884219022467732
1790751822.8605673,2.1606909576803446
1790751822.899614,2.083968953229487
1790751822.9313903,1.9573259633034468
1790751822.944416,1.6857540467754006
1790751822.9692082,1.6102009685710073
1790751822.979563,1.970890094526112
1790751822.9817176,1.6323250019922853
1790751822.9908566,1.749000046402216
1790751822.9967618,1.933286082930863
1790751823.001,1.287342980504036
1790751823.005304,1.329702092334628
1790751823.0336747,1.7886420246213675
1790751823.0828874,2.694985014386475
1790751823.102397,1.9891440169885755
1790751823.1244276,1.7110889311879873
1790751823.1425352,1.6194010386243463
1790751823.165347,2.611165982671082
1790751823.1668036,1.4279839815571904
1790751823.2393904,2.742071053944528
1790751823.2658668,2.119058044627309
1790751823.3022454,1.9577799830585718
1790751823.325008,2.656740020029247
1790751823.3352094,1.9846128998324275
1790751823.50685,1.8750219605863094
1790751823.5390425,3.132975078187883
1790751823.5933788,1.7662299796938896
1790751823.5987108,1.6006790101528168
1790751823.6233027,4.208037978969514
1790751823.6237059,4.527578013949096
1790751823.623768,3.6158100701868534
1790751823.6523404,2.22393695730716
1790751823.690202,2.9921099776402116
1790751823.697949,1.7672539688646793
1790751823.6980195,3.2878220081329346
1790751823.7117405,2.345492015592754
1790751823.7568388,4.163966979831457
1790751823.7884085,2.6595399249345064
1790751823.8243425,3.655942971818149
1790751823.8244185,3.0511789955198765
1790751823.8644254,1.9049299880862236
1790751823.8898723,2.118285046890378
1790751823.992946,3.237282973714173
1790751824.0113277,1.6586199635639787
1790751824.0814724,1.6774010146036744
1790751824.0838814,1.3078360352665186
1790751824.117696,3.286937950178981
1790751824.1177804,2.515311003662646
1790751824.1788297,1.8770219758152962
1790751824.1910706,1.7598529811948538
1790751824.2207756,1.848102081567049
1790751824.2225971,1.297440961934626
1790751824.2737117,1.936575979925692
1790751824.2804296,1.4874719781801105
1790751824.3369048,2.1586030488833785
1790751824.347123,1.766070956364274
1790751824.426121,1.7234069528058171
1790751824.4705405,2.113119000568986
1790751824.4824758,2.0204359898343682
1790751824.493334,1.4862610260024667
1790751824.523059,2.206466975621879
1790751824.556892,1.6587510472163558
1790751824.5651884,2.379343961365521
1790751824.675938,2.9521369142457843
1790751824.6760142,2.4563749320805073
1790751824.706982,1.930168946273625
1790751824.7262392,2.2674669744446874
1790751824.7285445,1.6754419775679708
1790751824.7681508,3.4721040865406394
1790751824.7982228,1.8466620240360498
1790751824.8278387,1.8961449386551976
1790751824.8447924,1.6336520202457905
1790751824.8546283,2.3278669686987996
1790751824.8638325,1.7136469250544906
1790751824.8771956,1.7217439599335194
1790751824.880107,1.5188510296866298
1790751824.8817346,1.3328390195965767
1790751824.9038904,2.1292000310495496
1790751824.9053853,2.615886041894555
1790751824.93265,2.4618690367788076
1790751824.9962273,2.2751149954274297
1790751825.0117428,2.535591018386185
1790751825.1971684,1.6714909579604864
1790751825.2060254,1.436281017959118
1790751825.2168958,1.7575729871168733
1790751825.2906897,2.2991419536992908
1790751825.3080726,1.919424976222217
1790751825.311028,2.5635010097175837
1790751825.3111565,2.2900510812178254
1790751825.3163197,2.2321449359878898
1790751825.3329973,2.1588309900835156
1790751825.4018679,1.7837040359154344
1790751825.4117184,1.760727958753705
1790751825.46604,1.737074926495552
1790751825.4727685,2.027205075137317
1790751825.476007,1.2910329969599843
1790751825.4972975,1.9105449318885803
1790751825.5322073,2.205424942076206
1790751825.5623832,2.735616988502443
1790751825.567137,2.6795350713655353
1790751825.5844693,1.7836779588833451
1790751825.5999372,1.9623220432549715
1790751825.618201,1.8672840669751167
1790751825.6262157,2.0607070764526725
1790751825.7245507,2.2907189559191465
1790751825.7890894,1.9890459952875972
1790751825.8295786,2.2121949587017298
1790751825.8507676,2.191923907957971
1790751825.8542578,1.593444962054491
1790751825.8731108,1.8490910297259688
1790751825.8847055,2.0801060600206256
1790751825.9034233,2.0974259823560715
1790751825.9143586,3.2072369940578938
1790751825.914488,3.2101700780913234
1790751825.9168842,1.9663239363580942
1790751825.9594758,2.0270689856261015
1790751825.9632847,1.8134850542992353
1790751825.9909945,1.879660994745791
1790751825.9954324,1.8744610715657473
1790751826.0446217,2.229108940809965
1790751826.0574467,2.4919839343056083
1790751826.0632496,1.7355919117107987
1790751826.0776763,1.7249740194529295
1790751826.1059783,1.7459620721638203
1790751828.0657556,1.6537910560145974
1790751828.1492984,2.8722319984808564
1790751828.1627538,2.2690220503136516
1790751828.1725147,1.6627259319648147
1790751828.1978579,1.606191974133253
1790751828.220334,2.931801020167768
1790751828.2338614,1.9158018985763192
1790751828.2575908,2.389547065831721
1790751828.258688,2.146715996786952
1790751828.2820168,1.962972921319306
1790751828.2853706,1.706414041109383
1790751828.2879775,1.5255050966516137
1790751828.3589945,2.1918650018051267
1790751828.3992374,1.8317430512979627
1790751828.4187834,1.8729140283539891
1790751828.4283102,1.5119489980861545
1790751828.543276,2.064800006337464
1790751828.5433583,2.99594399984926
1790751828.583518,2.3358019534498453
1790751828.5843315,1.642304938286543
1790751828.6437414,4.0333239594474435
1790751828.643816,3.3304960234090686
1790751828.6626754,2.302094013430178
1790751828.6703646,2.495341934263706
1790751828.6704774,1.8638040637597442
1790751828.6797063,1.559961005114019
1790751828.706768,1.9271739292889833
1790751828.7183125,1.4734900323674083
1790751828.7382753,1.7893100157380104
1790751828.7812228,2.3545000003650784
1790751828.785116,1.5952140092849731
1790751828.8190906,1.8661170033738017
1790751828.8280287,1.4463369734585285
1790751828.8323674,1.2410099152475595
1790751828.8899071,2.5658259401097894
1790751828.8899765,2.0689800148829818
1790751828.9015715,2.3291659308597445
1790751828.9256535,1.9179959781467915
1790751828.9767332,2.329281996935606
1790751828.99582,1.8916740082204342
1790751829.0361347,1.5679330099374056
1790751829.086445,2.0391179714351892
1790751829.110013,3.386205993592739
1790751829.1101458,4.995144088752568
1790751829.1150525,1.4385310932993889
1790751829.1177218,1.889829058200121
1790751829.1399024,1.6193889314308763
1790751829.1403599,1.2588290264829993
1790751829.152982,1.56314205378294
1790751829.1583078,1.3621340040117502
1790751829.193697,1.6749320784583688
1790751829.207048,3.566642990335822
1790751829.20816,2.664675936102867
1790751829.2697744,2.4930060608312488
1790751829.283596,1.7413710011169314
1790751829.2970002,1.7684740014374256
1790751829.302669,1.8034439999610186
1790751829.308226,1.4813370071351528
1790751829.3097913,1.2253390159457922
1790751829.3239026,1.6433779383078218
1790751829.355584,2.4292320013046265
1790751829.4002059,1.8372240010648966
1790751829.4045067,1.3880800688639283
1790751829.4156141,1.473348936997354
1790751829.4473405,2.59426306001842
1790751829.44743,2.7717039920389652
1790751829.475502,2.7496309485286474
1790751829.4834673,1.602452015504241
1790751829.5156147,1.6273320652544498
1790751829.5769923,2.1784319542348385
1790751829.6178849,2.0548939937725663
1790751829.629573,1.8007239559665322
1790751829.6447508,1.6278839902952313
1790751829.6471078,1.498983008787036
1790751829.6547728,1.3858609599992633
1790751829.6689756,1.8859639531001449
1790751829.7197206,1.710818032734096
1790751829.782109,1.7373959999531507
1790751829.7844787,1.324819982983172
1790751829.792632,1.685449038632214
1790751829.8095672,1.8702480010688305
1790751829.8344553,1.8492849776521325
1790751829.8467853,1.8904010066762567
1790751829.8526292,1.608567894436419
1790751829.8582323,1.5146390069276094
1790751829.9297214,2.060426981188357
1790751829.9628513,2.4350349558517337
1790751829.968803,1.6397410072386265
1790751829.9875712,1.7770060803741217
1790751830.0227256,1.6758329002186656
1790751830.0364053,2.3025469854474068
1790751830.088157,2.5665239663794637
1790751830.089065,1.4474079944193363
1790751830.0921774,1.3345390325412154
1790751830.149551,1.73322600312531
1790751830.1596992,1.5970169333741069
1790751830.1742256,1.5758309746161103
1790751830.2009559,2.684730920009315
1790751830.2126126,1.84603501111269
1790751830.2271113,1.676840940490365
1790751830.2397509,1.8015600508078933
1790751830.3347366,2.1893710363656282
1790751830.3384595,1.3538369676098228
1790751830.3607254,1.8391009652987123
1790751830.3687978,1.4868400758132339
1790751830.4987328,1.6956160543486476
1790751830.511453,1.8554350826889277
1790751830.532893,1.7637580167502165
1790751830.5374815,1.6087009571492672
1790751830.5703583,2.0332190906628966
1790751830.6471233,1.8238839693367481
1790751830.66945,1.6954171005636454
1790751830.6846533,1.6110120341181755
1790751830.704716,1.6806970816105604
1790751830.7102723,1.2848729966208339
1790751830.7242594,1.8360500689595938
1790751830.742048,1.6330269863829017
1790751830.7764785,2.5611689779907465
1790751830.786168,2.5017999578267336
1790751830.788254,1.8343899864703417
1790751830.7999904,1.9047219539061189
1790751830.8088045,2.116398070938885
1790751830.8092823,1.374493003822863
1790751830.9021392,2.2095999447628856
1790751830.928508,2.2461359621956944
1790751830.987294,1.8963749753311276
1790751831.0214922,1.8904180033132434
1790751831.0309865,1.6858159797266126
1790751831.044031,2.0586239406839013
1790751831.0600452,1.5674480237066746
1790751831.1084867,2.0033069886267185
1790751831.1550572,1.7748191021382809
1790751831.1830711,2.008131006732583
1790751831.2648218,2.2164059337228537
1790751831.2681499,2.1273470483720303
1790751831.2686696,1.464206026867032
1790751831.3015685,2.185211982578039
1790751831.3042674,1.4063469134271145
1790751831.3440902,1.7885919660329819
1790751831.39009,2.406248007901013
1790751831.4386787,1.791485003195703
1790751831.4812438,1.994232996366918
1790751831.4830513,1.7959659453481436
1790751831.4982698,1.7676569987088442
1790751831.5615995,9.133436949923635
1790751831.5861952,2.0993039943277836
1790751831.5978978,4.431951092556119
1790751831.6093829,1.951248967088759
1790751831.6208143,2.103070029988885
1790751831.6663816,3.747705020941794
1790751831.6831307,1.740040024742484
1790751831.718861,1.8344359705224633
1790751831.7478678,2.184840035624802
1790751831.7510684,1.4323119539767504
1790751831.7524526,1.2867279583588243
1790751831.7641985,1.6682830173522234
1790751831.7803807,1.656926004216075
1790751831.8108933,2.3185659665614367
1790751831.9633512,12.965012108907104
1790751831.9660847,11.457614018581808
1790751831.9874544,4.884487949311733
1790751832.0041072,2.094974974170327
1790751832.0274603,2.3390710121020675
1790751832.0456226,3.1411610543727875
1790751832.0729694,2.9105920111760497
1790751832.123991,2.2293870570138097
1790751832.131085,2.7249479899182916
1790751832.142439,1.5753500629216433
1790751832.1776314,2.1159410243853927
1790751832.1959922,1.8826619489118457
1790751832.2184997,2.0764860091730952
1790751832.2777412,2.960818004794419
1790751832.2778127,2.430157968774438
1790751832.2897074,1.615747925825417
1790751832.3043587,2.112993039190769
1790751832.3149853,1.8926589982584119
1790751832.316424,1.2636089231818914
1790751832.3592074,1.7096679657697678
1790751832.4085696,1.7558559775352478
1790751832.422834,1.6044260701164603
1790751832.460566,1.8371189944446087
1790751832.464386,1.341640017926693
1790751832.4981747,1.83248205576092
1790751832.5023746,2.1837190724909306
1790751832.5127385,3.8932060124352574
1790751832.5191586,1.8174700671806931
1790751832.521321,1.4802120858803391
1790751832.522257,1.8480339786037803
1790751832.5428033,2.024932997301221
1790751832.5557153,1.589366002008319
1790751832.5740495,1.7034809570759535
1790751832.5874145,1.5325229614973068
1790751832.656055,2.699621021747589
1790751832.6767435,1.8574900459498167
1790751832.7084494,2.2647620644420385
1790751832.7223482,1.703444984741509
1790751832.7411678,2.181360963732004
1790751832.8161273,1.9995850743725896
1790751832.8165982,1.4107919996604323
1790751832.8448389,1.9303930457681417
1790751832.8837335,2.4512140080332756
1790751832.9713373,2.3309680400416255
1790751832.9751334,1.6013430431485176
1790751832.9825945,1.7277341103181243
1790751833.0529315,2.0074479980394244
1790751833.0708036,2.0225360058248043
1790751833.1050036,1.6692470526322722
1790751833.1259305,1.8473709933459759
1790751833.1532996,2.9310339596122503
1790751833.167252,2.2722299909219146
1790751833.1718717,2.0713380072265863
1790751833.1834931,2.396099967882037
1790751833.1913848,2.29355797637254
1790751833.2477014,2.5684370193630457
1790751833.2494035,2.9220039723441005
1790751833.252537,1.7689309315755963
1790751833.2788012,1.9482929492369294
1790751833.3003123,1.9079989288002253
1790751833.3255632,2.0973150385543704
1790751833.3454108,2.476884052157402
1790751833.3620968,2.1746400743722916
1790751833.3776193,2.053525997325778
1790751833.3983414,2.378653036430478
1790751833.4225914,2.501067006960511
1790751833.4327044,2.21077399328351
1790751833.444203,3.6319169448688626
1790751833.444279,2.5008510565385222
1790751833.5066264,2.018981031142175
1790751833.5200894,1.801355043426156
1790751833.5225084,1.4746919041499496
1790751833.6653068,1.7576060490682721
1790751833.704902,1.9994499161839485
1790751833.7676282,3.1902820337563753
1790751833.7677107,2.5022129993885756
1790751833.7783055,1.5556429279968143
1790751833.811453,2.1083259489387274
1790751833.8121693,1.7212510574609041
1790751833.818251,1.4676779974251986
1790751833.8679667,2.2339799907058477
1790751833.9362192,2.3445989936590195
1790751834.0101955,2.432598965242505
1790751834.0365543,2.3759810719639063
1790751834.0366354,3.09750996530056
1790751834.0399303,1.4879279769957066
1790751834.0460436,2.7786969440057874
1790751834.0474243,1.8679839558899403
1790751834.0913327,1.9668620079755783
1790751834.0988708,2.165207057259977
1790751834.112416,2.646754961460829
1790751834.1262608,1.6657289816066623
1790751834.1965177,3.5177440149709582
1790751834.3153596,2.0207359921187162
1790751834.331893,1.744400942698121
1790751834.3361552,1.4464420964941382
1790751834.4663832,1.9552480662241578
1790751834.4717543,2.0888749277219176
1790751834.5202413,1.6392749967053533
1790751834.558294,1.6434160061180592
1790751834.6212933,2.296408056281507
1790751834.655062,4.061896004714072
1790751834.6551523,3.9310320280492306
1790751834.6724758,2.0105759613215923
1790751834.6798487,1.489188987761736
1790751834.6849062,1.4805600512772799
1790751834.6965826,1.806642976589501
1790751834.7173748,3.2470320584252477
1790751834.717474,4.3360000709071755
1790751834.718184,2.1854860242456198
1790751834.7312055,1.5425410820171237
1790751834.8189204,2.3994490038603544
1790751834.8842826,2.3158930707722902
1790751834.898041,1.6795290866866708
1790751834.9388447,2.0641350420191884
1790751834.9662507,2.251678961329162
1790751835.0092394,2.1348270820453763
1790751835.048565,2.103284001350403
1790751835.081579,2.1599760511890054
1790751835.131885,1.825787010602653
1790751835.1830213,1.9041240448132157
1790751835.236441,3.6527729826048017
1790751835.2365422,3.0618750024586916
1790751835.290436,1.8958940636366606
1790751835.2956588,1.5808530151844025
1790751835.3023036,1.7461810493841767
1790751835.3121796,1.960658933967352
1790751835.3466456,2.0422369707375765
1790751835.3617942,1.9517060136422515
1790751835.407657,3.125938936136663
1790751835.4137375,2.528117038309574
1790751835.413896,2.2310729837045074
1790751835.4249537,1.9070740090683103
1790751835.42729,1.3401770265772939
1790751835.4570506,2.3329630494117737
1790751835.4579067,2.440492040477693
1790751835.4868581,1.7941410187631845
1790751835.5020463,1.6697029350325465
1790751835.5236075,1.7014039913192391
1790751835.5491872,1.9169340375810862
1790751835.549257,2.767876023426652
1790751835.565765,1.7747459933161736
1790751835.5740867,1.7114320071414113
1790751835.6030853,1.749336952343583
1790751835.6187377,2.254714025184512
1790751835.6668932,2.0418789936229587
1790751835.6682997,1.3959649950265884
1790751835.6713216,1.5883359592407942
1790751835.685236,1.698552048765123
1790751835.7079606,2.2751600481569767
1790751835.7117171,1.475473982281983
1790751835.724486,1.5378189273178577
1790751835.7294724,3.867206978611648
1790751835.7314491,3.98187804967165
1790751835.7497687,2.394607989117503
1790751835.784342,2.117222989909351
1790751835.8225951,9.549466078169644
1790751835.8234673,8.387278066948056
1790751835.8264136,1.5734959160909057
1790751835.9242733,2.1594250574707985
1790751835.9269977,2.385471947491169
1790751835.9986005,2.175939967855811
1790751836.006112,2.8569080168381333
1790751836.006188,3.541204030625522
1790751836.0227504,1.720558968372643
1790751836.0370238,1.9095350289717317
1790751836.0644886,2.3029749281704426
1790751836.0682073,1.4573120279237628
1790751836.078806,1.6647829907014966
1790751836.0979645,2.26043991278857
1790751836.0980668,1.6201810212805867
1790751836.1038568,2.257014042697847
1790751836.125286,1.6988590359687805
1790751836.1279097,1.3106820406392217
1790751836.1304753,1.3376279966905713
1790751836.157697,1.7894060583785176
1790751836.170534,1.7763960640877485
1790751836.2273679,2.0279150921851397
1790751836.258417,1.7637310083955526
1790751836.2677855,1.6109939897432923
1790751836.2785227,1.6784409526735544
1790751836.2974026,2.2203490370884538
1790751836.3341355,2.4117560824379325
1790751836.4036713,3.2559919636696577
1790751836.4409542,2.56149098277092
1790751836.459125,1.6641459660604596
1790751836.4737062,1.8064239993691444
1790751836.4855473,1.6506140818819404
1790751836.5000026,1.7148790648207068
1790751836.5084379,1.5497260028496385
1790751836.5462363,1.8190699629485607
1790751836.5525584,1.4067059382796288
1790751836.5690427,1.6926720272749662
1790751836.5908608,1.9045049557462335
1790751836.6028981,1.7080570105463266
1790751836.6049001,1.991569995880127
1790751836.6056523,1.4785940293222666
1790751836.6108775,1.627385034225881
1790751836.6116982,1.6711700009182096
1790751836.659775,1.7821899382397532
1790751836.691766,1.9346770131960511
1790751836.6957119,1.4491869369521737
1790751836.721128,2.0679840818047523
1790751836.7430522,2.428941079415381
1790751836.7774122,3.018423914909363
1790751836.7774923,3.0035149538889527
1790751836.8154502,1.7474220367148519
1790751836.829799,1.648294972255826
1790751836.878356,1.7349739791825414
1790751836.8907,1.777184079401195
1790751836.954505,2.201128052547574
1790751836.9775767,1.7458079382777214
1790751836.9827762,2.138147014193237
1790751837.0201266,1.7964770086109638
1790751837.0252745,1.9632430048659444
1790751837.0593011,2.109335968270898
1790751837.0736063,1.5680950600653887
1790751837.105561,2.1431678906083107
1790751837.129011,2.0150700584053993
1790751837.131362,1.4423950342461467
1790751837.1863635,1.8355740467086434
1790751837.2131348,1.6731710638850927
1790751837.257671,2.50162195879966
1790751837.3100958,2.119370037689805
1790751837.3277118,1.8002920551225543
1790751837.3345826,1.6549619613215327
1790751837.3439348,1.487631001509726
1790751837.3520248,1.6671729972586036
1790751837.3646212,2.1521899616345763
1790751837.4167333,2.270688069984317
1790751837.419951,1.4227438950911164
1790751837.4395673,4.266430041752756
1790751837.4423923,2.3755939910188317
1790751837.4616673,2.2333230590447783
1790751837.4657688,1.610595965757966
1790751837.5694387,1.6902009956538677
1790751837.589007,2.531374921090901
1790751837.6054668,2.1337649086490273
1790751837.624576,1.814096001908183
1790751837.6423185,1.7117209499701858
1790751837.697651,1.97217904496938
1790751837.7007086,1.3806680217385292
1790751837.7062464,2.1480009891092777
1790751837.7077463,1.3735259417444468
1790751837.733848,1.639708993025124
1790751837.7573292,1.8695259932428598
1790751837.7671008,1.8619950860738754
1790751837.7994041,2.0999390399083495
1790751837.8868484,1.71360292006284
1790751837.8974192,1.708080992102623
1790751837.9849856,1.8749760929495096
1790751838.0181034,1.740188105031848
1790751838.0352783,1.8113409169018269
1790751838.056986,1.6834608977660537
1790751838.0600028,1.2551419204100966
1790751838.0625875,1.1714380234479904
1790751838.0940042,1.6322549199685454
1790751838.1023302,1.489829970523715
1790751838.110357,2.0801370264962316
1790751838.1249952,2.4099729489535093
1790751838.1542115,2.0354680018499494
1790751838.1623764,2.1131880348548293
1790751838.1779323,1.947192009538412
1790751838.1943023,2.019001985900104
1790751838.2013955,1.9317470723763108
1790751838.2091634,1.8335620407015085
1790751838.2669456,2.2661909461021423
1790751838.2674885,1.5024810563772917
1790751838.284296,2.2333679953590035
1790751838.2988052,1.7688459483906627
1790751838.3010163,1.3374800328165293
1790751838.3157084,1.579883974045515
1790751838.359373,1.9129100255668163
1790751838.363818,2.157492912374437
1790751838.4509947,2.0479989470914006
1790751838.5388658,1.6473769210278988
1790751838.565404,2.14651704300195
1790751838.574498,1.5128480736166239
1790751838.5843682,1.5403120778501034
1790751838.5862389,1.3230819022282958
1790751838.6067834,1.6660100081935525
1790751838.6263077,1.859119045548141
1790751838.6488113,1.8943070899695158
1790751838.687061,1.7334700096398592
1790751838.6965773,1.4971810160204768
1790751838.7122042,2.7221639174968004
1790751838.7131863,2.0394179737195373
1790751838.758335,1.8463029991835356
1790751838.7633061,1.4638699358329177
1790751838.787133,1.9730000058189034
1790751838.8056197,1.6341080190613866
1790751838.855243,2.313063945621252
1790751838.8777702,2.245100913569331
1790751838.9248629,2.036568010225892
1790751838.937786,1.6188279259949923
1790751838.9600759,1.8177939346060157
1790751838.9908466,1.84871896635741
1790751839.0053952,1.6207851003855467
1790751839.0573192,2.14169395621866
1790751839.0763288,2.748016966506839
1790751839.1342208,2.6612109504640102
1790751839.150794,2.403446938842535
1790751839.1724887,1.8724310211837292
1790751839.1791966,1.5980569878593087
1790751839.1880717,1.2513140682131052
1790751839.19538,1.386958989314735
1790751839.208595,1.6344160540029407
1790751839.2109077,1.3573890319094062
1790751839.2336257,2.116409013979137
1790751839.2407007,1.5187099343165755
1790751839.27067,1.994999940507114
1790751839.2756007,2.8407720383256674
1790751839.2902248,1.8690440338104963
1790751839.3226013,2.2705619921907783
1790751839.3615284,2.013292978517711
1790751839.3660839,1.282897894270718
1790751839.3844447,1.655146013945341
1790751839.4084544,1.827472005970776
1790751839.5252934,2.474528970196843
1790751839.56616,1.7904510023072362
1790751839.5790021,2.664291998371482
1790751839.594089,2.196428016759455
1790751839.6082666,1.9418129231780767
1790751839.6211324,1.7513800412416458
1790751839.6260097,1.5443370211869478
1790751839.639589,2.35229404643178
1790751839.6407182,1.8498109420761466
1790751839.6476202,1.2049759970977902
1790751839.6779504,1.8453120719641447
1790751839.716304,1.9436050206422806
1790751839.7426238,1.9686049781739712
1790751839.7591043,1.872633001767099
1790751839.7740805,2.0003370009362698
1790751839.7845552,1.833904068917036
1790751839.7907119,2.1819580579176545
1790751839.7915728,1.6902720090001822
1790751839.8289812,1.8971629906445742
1790751839.8479822,1.889599021524191
1790751839.8491735,1.175294048152864
1790751839.8504288,1.102993031963706
1790751839.8724174,4.249079967848957
1790751839.8827746,1.6047100070863962
1790751839.899286,1.9031340489163995
1790751839.9343536,1.5824889997020364
1790751839.944527,1.7042000545188785
1790751839.9702795,2.7900190325453877
1790751839.9936907,2.170338062569499
1790751840.0532207,2.1423259750008583
1790751840.0674186,1.7614620737731457
1790751840.1677325,2.165196929126978
1790751840.2120807,2.507234108634293
1790751840.2359517,1.770300092175603
1790751840.240046,1.2813110370188951
1790751840.2706156,1.754374010488391
1790751840.3079882,1.766251982189715
1790751840.3116536,1.5739200171083212
1790751840.313365,1.2632220750674605
1790751840.4051704,1.7585060559213161
1790751840.4736402,2.2202490363270044
1790751840.49635,1.7395740142092109
1790751840.50321,1.4441270614042878
1790751840.535432,1.7115090740844607
1790751840.5402138,1.455912017263472
1790751840.5574102,1.6815649578347802
1790751840.5922673,2.0491479663178325
1790751840.6448572,1.708602998405695
1790751840.6574953,1.7378380289301276
1790751840.6895928,2.2689939942210913
1790751840.6923778,1.6103270463645458
1790751840.7495635,1.8622400239109993
1790751840.7519608,1.2570309918373823
1790751840.807028,1.7613450763747096
1790751840.8807468,2.6829560520127416
1790751840.8919683,1.5669589629396796
1790751840.9010632,1.9303389126434922
1790751840.9257278,1.9091860158368945
1790751840.9652002,2.87800095975399
1790751840.9707499,1.916434965096414
1790751840.9746468,1.68335298076272
1790751841.0176084,1.922365976497531
1790751841.0578446,1.8168709939345717
1790751841.0808163,3.1704329885542393
1790751841.1005259,1.6079919878393412
1790751841.1059377,1.5435089590027928
1790751841.1225278,1.9308890914544463
1790751841.166468,3.8677880074828863
1790751841.1665409,5.393680999986827
1790751841.183191,1.9377160351723433
1790751841.1873064,2.3243760224431753
1790751841.187386,2.9541950207203627
1790751841.1954362,1.8425439484417439
1790751841.2569602,2.2221029503270984
1790751841.2624915,1.906314049847424
1790751841.2741609,2.1177410380914807
1790751841.2772462,1.465203007683158
1790751841.3373673,2.7098710415884852
1790751841.364715,1.9500920316204429
1790751841.3777525,1.3165220152586699
1790751841.4052384,1.7304020002484322
1790751841.428061,1.947013079188764
1790751841.4539828,1.9106109393760562
1790751841.4965994,2.1827600430697203
1790751841.509472,3.0345539562404156
1790751841.511266,1.7830500146374106
1790751841.5339246,1.9438150338828564
1790751841.5662992,1.5912989620119333
1790751841.5840552,2.4774479679763317
1790751841.6078231,1.5926050255075097
1790751841.6221683,1.7001769738271832
1790751841.6323738,1.5713030006736517
1790751841.6418922,1.646079937927425
1790751841.6515515,1.8333280459046364
1790751841.6571524,1.4934369828552008
1790751841.676228,1.7141720745712519
1790751841.6832771,1.7658999422565103
1790751841.7565014,2.224992960691452
1790751841.763263,1.694419072009623
1790751841.7756016,2.358098980039358
1790751841.8037403,1.797050004824996
1790751841.8286495,2.0100740948691964
1790751841.8567061,1.6954690217971802
1790751841.8964982,2.0436219638213515
1790751841.9245636,2.240816946141422
1790751841.9359028,1.8169040558859706
1790751841.9582465,2.919235033914447
1790751841.9645157,1.4626869233325124
1790751841.9951978,3.495883080177009
1790751842.1448529,3.0359739903360605
1790751842.146846,1.7861929954960942
1790751842.1494732,3.6429130705073476
1790751842.2022414,1.654234016314149
1790751842.2067144,2.7203679783269763
1790751842.3013504,2.728675026446581
1790751842.3319352,1.753521035425365
1790751842.3357537,1.5208199620246887
1790751842.3399775,1.6191540053114295
1790751842.3417997,1.1961819836869836
1790751842.3477554,1.471201074309647
1790751842.3520472,1.9124819664284587
1790751842.3649259,2.068642061203718
1790751842.3885732,1.749304006807506
1790751842.4297314,1.9973210291936994
1790751842.4344482,1.941091031767428
1790751842.440504,1.3520099455490708
1790751842.455073,1.531451940536499
1790751842.4918911,8.177328971214592
1790751842.493172,2.595777972601354
1790751842.553278,1.7029810696840286
1790751842.560249,1.7442030366510153
1790751842.560357,2.336086006835103
1790751842.5899665,1.9268470350652933
1790751842.6018424,1.7567509785294533
1790751842.6193252,1.7124550649896264
1790751842.62158,1.2647430412471294
1790751842.6636097,1.9240179099142551
1790751842.7471962,1.7239919397979975
1790751842.7591286,1.8130670068785548
1790751842.7672684,1.5488449716940522
1790751842.7720733,1.8971379613503814
1790751842.808499,1.7419579671695828
1790751842.81345,1.3191408943384886
1790751842.8242712,1.5427999896928668
1790751842.8491452,1.8271799199283123
1790751842.8606145,1.711188000626862
1790751842.862139,1.292056986130774
1790751842.8992329,2.5225640274584293
1790751842.90437,2.2136600455269217
1790751842.9130714,1.7711189575493336
1790751842.916126,1.4993929071351886
1790751842.9223433,1.354382955469191
1790751842.9999537,2.4114210391417146
1790751843.0406125,1.8054950051009655
1790751843.0470548,2.257499028928578
1790751843.047171,3.158775973133743
1790751843.076176,2.4503449676558375
1790751843.0781946,1.8742820248007774
1790751843.0869515,1.930717029608786
1790751843.1243482,1.786960056051612
1790751843.1249175,3.068652004003525
1790751843.1454961,1.8917059060186148
1790751843.1710787,2.115884912200272
1790751843.2139332,2.9869499849155545
1790751843.2156987,2.4387789890170097
1790751843.2216625,2.58972798474133
1790751843.2564735,4.15732990950346
1790751843.268422,1.9774149404838681
1790751843.2880075,2.29681096971035
1790751843.3034844,2.132173045538366
1790751843.357623,2.946380991488695
1790751843.3780494,1.6960459761321545
1790751843.4225674,4.782384028658271
1790751843.4226935,6.212436011992395
1790751843.4500237,2.264331909827888
1790751843.501659,3.7845639744773507
1790751843.5580032,2.5622210232540965
1790751843.558064,3.3125970512628555
1790751843.604997,1.7783449729904532
1790751843.6363714,1.891288091428578
1790751843.68968,1.8266210099682212
1790751843.7036815,2.062423969618976
1790751843.7089014,1.3396040303632617
1790751843.7570338,1.8533971160650253
1790751843.7660265,1.4560769777745008
1790751843.7724702,1.2354230275377631
1790751843.8272245,1.806759973987937
1790751843.8956587,1.7473509069532156
1790751843.8996754,1.4702050248160958
1790751843.9079788,1.5445479657500982
1790751843.9247575,1.9391949754208326
1790751843.9581273,1.7645960906520486
1790751843.9602308,1.4070390025153756
1790751843.96268,1.4184609754011035
1790751844.04122,1.9365660846233368
1790751844.0504835,1.9006890943273902
1790751844.055249,1.3452240964397788
1790751844.058971,1.3687419705092907
1790751844.0956006,2.409496926702559
1790751844.1219587,2.4242530344054103
1790751844.1750875,1.7844029935076833
1790751844.186076,2.0360080525279045
1790751844.1980596,1.6856819856911898
1790751844.210033,1.9340059952810407
1790751844.227249,2.199825015850365
1790751844.2715993,2.129234024323523
1790751844.2850747,1.6411059768870473
1790751844.331829,2.486587967723608
1790751844.3682017,1.9038869068026543
1790751844.397016,2.965038060210645
1790751844.4230945,2.328817965462804
1790751844.4250844,1.8639219924807549
1790751844.4422944,1.8917489796876907
1790751844.4877708,1.684729941189289
1790751844.4935367,1.5299109509214759
1790751844.5056753,1.5950310043990612
1790751844.518058,1.751868985593319
1790751844.5477207,1.6777169657871127
1790751844.5534353,1.6161700477823615
1790751844.6281488,2.825799980200827
1790751844.6332464,1.7465109704062343
1790751844.6694546,1.6863320488482714
1790751844.676315,2.0529020112007856
1790751844.6929853,1.732749049551785
1790751844.7049503,1.7045069253072143
1790751844.7625887,2.3527289740741253
1790751844.7721364,1.7637729179114103
1790751844.777671,1.8010829808190465
1790751844.8327937,3.962248913012445
1790751844.8769212,2.9199770651757717
1790751844.9531507,1.6801190795376897
1790751844.9829001,1.6460770275443792
1790751845.020422,2.2379379952326417
1790751845.034786,2.192700980231166
1790751845.0698109,2.2575429175049067
1790751845.0836356,1.7679220763966441
1790751845.098759,1.8386830342933536
1790751845.1151216,1.6765460604801774
1790751845.148739,2.1593699930235744
1790751845.1736445,2.5190559681504965
1790751845.1744292,1.8494520336389542
1790751845.1870122,1.526443986222148
1790751845.2351217,2.3252610117197037
1790751845.2451313,1.59562099725008
1790751845.283239,1.908784033730626
1790751845.3068514,2.167786005884409
1790751845.3311067,1.838641008362174
1790751845.3574228,1.5935070114210248
1790751845.422977,3.7924631033092737
1790751845.4306633,1.7091010231524706
1790751845.4369588,2.0677800057455897
1790751845.4497025,1.6664479626342654
1790751845.49731,1.8161939224228263
1790751845.6097298,3.1642490066587925
1790751845.6507924,1.9644550047814846
1790751845.7140775,1.7993430374190211
1790751845.735073,2.3245339980348945
1790751845.7759707,1.9120210781693459
1790751845.8015096,1.7150280764326453
1790751845.812633,1.9621200626716018
1790751845.8184397,1.3691280037164688
1790751845.852163,2.870669006370008
1790751845.8533545,2.2230809554457664
1790751845.8566248,1.7887350404635072
1790751845.8670404,1.8138160230591893
1790751845.906779,1.8131460528820753
1790751845.9285161,2.106519998051226
1790751845.9330833,1.3261080021038651
1790751845.93825,1.5490979421883821
1790751845.951113,1.610337058082223
1790751845.9733205,1.6188949812203646
1790751845.9940183,1.5698609640821815
1790751846.054344,4.623266053386033
1790751846.059601,1.8313720356673002
1790751846.0732439,1.8465069588273764
1790751846.1023324,2.0462259417399764
1790751846.1032634,2.0937819499522448
1790751846.1148937,1.9993290770798922
1790751846.140428,1.625771983526647
1790751846.1478443,1.3705110177397728
1790751846.1903567,2.3214160464704037
1790751846.1911807,2.235795953311026
1790751846.1967084,1.1599169811233878
1790751846.223028,1.5856879763305187
1790751846.248563,1.9900599727407098
1790751846.3418841,2.134880982339382
1790751846.3490531,1.85036298353225
1790751846.4079936,3.51011601742357
1790751846.4132988,1.4725320506840944
1790751846.4181914,1.4636570122092962
1790751846.419124,1.8329959129914641
1790751846.520778,3.055528039112687
1790751846.5479126,2.240458969026804
1790751846.568119,2.4336599744856358
1790751846.5722692,1.6779510769993067
1790751846.5926008,1.7853050958365202
1790751846.613097,1.9031210104003549
1790751846.6398242,4.553511971607804
1790751846.648941,1.6844889614731073
1790751846.672245,2.6242260355502367
1790751846.7054193,2.1207910031080246
1790751846.7192416,1.7427320126444101
1790751846.7219956,1.4115739613771439
1790751846.7371907,1.6750120557844639
1790751846.780516,2.9823759105056524
1790751846.8004096,1.7015880439430475
1790751846.8053806,1.87657808419317
1790751846.8158774,1.684956019744277
1790751846.8231947,1.352502964437008
1790751846.8299906,1.5769239980727434
1790751846.8360994,1.7887389985844493
1790751846.8474708,1.5292291063815355
1790751846.8681295,3.633172018453479
1790751846.874183,1.6141619998961687
1790751846.8758814,1.2090310920029879
1790751846.910637,1.7212999518960714
1790751846.9190357,1.8895590910688043
1790751846.935997,2.1705729886889458
1790751846.9360602,2.736903028562665
1790751847.0770829,2.077077981084585
1790751847.1617055,2.5372819509357214
1790751847.1681173,1.4540510019287467
1790751847.2104294,1.6777650453150272
1790751847.215976,1.433654921129346
1790751847.281747,2.5359250139445066
1790751847.3515725,2.100393990986049
1790751847.398643,2.0750570110976696
1790751847.4141355,1.6269669868052006
1790751847.4175515,1.2066089548170567
1790751847.487893,2.2023660130798817
1790751847.4968488,1.7490610480308533
1790751847.5117674,1.6612439649179578
1790751847.5252457,1.5567690134048462
1790751847.5415087,2.474917913787067
1790751847.5684526,4.556861938908696
1790751847.5718534,1.8162870546802878
1790751847.5734763,1.4461500104516745
1790751847.6095302,2.5469890097156167
1790751847.6176348,1.3731810031458735
1790751847.6249387,1.3101049698889256
1790751847.6449895,2.692140988074243
1790751847.6913538,2.2055269218981266
1790751847.721065,1.8230220302939415
1790751847.7670996,1.8477910198271275
1790751847.78361,2.5684289867058396
1790751847.807437,1.7332029528915882
1790751847.8100867,1.249874010682106
1790751847.8427582,3.5360639449208975
1790751847.9367592,1.7691439716145396
1790751847.9549794,2.003289991989732
1790751848.0406945,3.3372939797118306
1790751848.0411081,2.724429010413587
1790751848.0506465,1.866293023340404
1790751848.0856214,2.1616710582748055
1790751848.125248,1.9511589780449867
1790751848.1278512,1.5083459438756108
1790751848.153091,2.0294900750741363
1790751848.1936936,3.5975190112367272
1790751848.2282455,4.8384660622105
1790751848.2347858,2.4027200415730476
1790751848.236847,1.4344750670716166
1790751848.2784448,4.058065940625966
1790751848.2823339,3.8373139686882496
1790751848.3276722,2.2585210390388966
1790751848.3710756,2.25709390360862
1790751848.378911,1.7057699151337147
1790751848.3923628,1.5442189760506153
1790751848.40559,1.8323659896850586
1790751848.4707575,1.8043218879029155
1790751848.472963,1.1843789834529161
1790751848.4784687,1.5447440091520548
1790751848.4822671,1.5543400077149272
1790751848.5220482,2.1780759561806917
1790751848.5572367,2.002855995669961
1790751848.5627482,3.5553519846871495
1790751848.563658,2.4851110065355897
1790751848.5772514,1.9900309853255749
1790751848.5780156,1.5093019464984536
1790751848.5816946,1.2086920905858278
1790751848.5828586,1.0572309838607907
1790751848.607344,1.660331035964191
1790751848.6616616,2.029716968536377
1790751848.6688726,2.032964024692774
1790751848.707418,3.3628270030021667
1790751848.7117083,1.7391040455549955
1790751848.729214,1.6430150717496872
1790751848.7431788,1.6264820005744696
1790751848.7445374,1.2559950118884444
1790751848.7486432,1.8105109920725226
1790751848.7515283,1.4155780663713813
1790751848.7575538,1.3199059758335352
1790751848.8284252,4.605415975674987
1790751848.8340018,2.433252055197954
1790751848.8792784,4.398591001518071
1790751848.8794708,3.9162799948826432
1790751848.890553,1.8742079846560955
1790751848.93042,2.448846003971994
1790751848.9327662,2.3285659262910485
1790751848.9558165,4.221235984005034
1790751848.9916801,1.8368810415267944
1790751849.0082984,1.8369609024375677
1790751849.0614681,1.946370000950992
1790751849.1132855,1.8923260504379869
1790751849.1551971,1.6434929566457868
1790751849.1608746,1.4178850688040257
1790751849.203018,2.8651379980146885
1790751849.213689,2.1131429821252823
1790751849.2145174,1.795068965293467
1790751849.2339215,1.6261049313470721
1790751849.373914,1.8225800013169646
1790751849.3935394,2.105475985445082
1790751849.4679654,3.287611994892359
1790751849.4711077,1.3833550037816167
1790751849.4747865,1.214509946294129
1790751849.481497,1.3892760034650564
1790751849.5126061,1.7816789913922548
1790751849.5190003,1.5598670579493046
1790751849.5470665,1.77462596911937
1790751849.5633984,1.8721850356087089
1790751849.5715458,1.602791016921401
1790751849.604855,2.207936020568013
1790751849.6189647,1.7066559521481395
1790751849.654409,2.103696926496923
1790751849.6656837,1.6964130336418748
1790751849.684226,2.0235400879755616
1790751849.7211413,2.5812459643930197
1790751849.721795,1.8072259845212102
1790751849.806312,2.707570092752576
1790751849.8365805,2.652166993357241
1790751849.862914,2.035000012256205
1790751849.9119956,2.153179026208818
1790751849.9227483,3.4111259737983346
1790751849.9326825,2.1828169701620936
1790751849.970262,2.842188929207623
1790751849.9704487,3.8250110810622573
1790751849.9816387,3.0182460322976112
1790751850.0721598,1.9024760695174336
1790751850.079486,1.6516579780727625
1790751850.083154,1.3444980140775442
1790751850.1645198,2.075553056783974
1790751850.1650944,1.483323983848095
1790751850.1737947,1.7497079679742455
1790751850.175122,1.2268890859559178
1790751850.1803308,1.1755380546674132
1790751850.2749355,1.9648309098556638
1790751850.390474,1.878023031167686
1790751850.396771,1.3657580129802227
1790751850.3991334,1.5420319978147745
1790751850.4011085,1.2619249755516648
1790751850.4477432,2.2519510239362717
1790751850.4899974,1.687456970103085
1790751850.5010614,1.5939109725877643
1790751850.5552444,4.491825005970895
1790751850.5573285,2.0628940546885133
1790751850.6615639,2.4673619773238897
1790751850.675728,1.6679170075803995
1790751850.686989,2.8486651135608554
1790751850.6870594,2.2925520315766335
1790751850.7014217,3.241766942664981
1790751850.7613966,1.852307002991438
1790751850.778759,2.085604937747121
1790751850.7805166,1.3250979827716947
1790751850.7941194,1.8511760281398892
1790751850.8582878,1.7464630072936416
1790751850.8695333,2.024746034294367
1790751850.880014,1.8474420066922903
1790751850.8909256,1.5197079628705978
1790751850.9095366,1.837439020164311
1790751850.97865,1.9043650245293975
1790751850.9837823,1.6418860759586096
1790751851.011428,1.8794179195538163
1790751851.0171223,1.645273994654417
1790751851.0436196,2.5455779395997524
1790751851.0896528,1.7623179592192173
1790751851.0992503,1.793542061932385
1790751851.1379833,2.98091396689415
1790751851.141566,1.5396600356325507
1790751851.2558835,1.6950219869613647
1790751851.2797408,2.876094076782465
1790751851.2984822,1.8583539640530944
1790751851.3342965,1.6881870105862617
1790751851.3866613,5.583408987149596
1790751851.3925672,1.6854640562087297
1790751851.397663,1.519020996056497
1790751851.612714,2.0596040412783623
1790751851.6176226,1.4630319783464074
1790751851.6211238,1.248834072612226
1790751851.6259756,1.1660190066322684
1790751851.6493826,1.975502003915608
1790751851.6727505,2.5200890377163887
1790751851.7012382,3.057069960050285
1790751851.7149546,2.0278649171814322
1790751851.7323594,1.9125320250168443
1790751851.8194892,2.2384929470717907
1790751851.8728147,2.9714000411331654
1790751851.8970842,1.872299937531352
1790751851.9323113,2.3584339069202542
1790751851.9394453,1.9236269872635603
1790751851.955908,1.744842971675098
1790751851.9606135,1.43136503174901
1790751852.0244136,3.5351829137653112
1790751852.02452,4.20480698812753
1790751852.0430477,2.040445921011269
1790751852.0620015,2.2089609410613775
1790751852.0815868,1.7165230819955468
1790751852.09956,2.4268750566989183
1790751852.1226838,2.106855041347444
1790751852.124856,1.6282480210065842
1790751852.1269825,1.1278130114078522
1790751852.130688,1.3418860035017133
1790751852.1592555,2.811555052176118
1790751852.1815088,1.6854420537129045
1790751852.1902864,1.771345967426896
1790751852.3205442,2.2771540097892284
1790751852.3305035,2.053002011962235
1790751852.3637388,2.205201075412333
1790751852.4214036,2.618491998873651
1790751852.4216793,2.2236990043893456
1790751852.4362078,1.556366914883256
1790751852.4471424,1.653689076192677
1790751852.4536283,1.4797529438510537
1790751852.4561684,1.9092930015176535
1790751852.470876,2.0161329302936792
1790751852.4892228,1.7094039358198643
1790751852.5107849,3.074820968322456
1790751852.5110595,2.68923700787127
1790751852.5142503,1.8148069502785802
1790751852.5149448,3.3750010188668966
1790751852.517513,1.495023025199771
1790751852.5269392,1.4858489157631993
1790751852.5315642,1.5946070197969675
1790751852.5833392,1.740665058605373
1790751852.607126,1.662316033616662
1790751852.6292605,1.8159319879487157
1790751852.6310887,1.8143249908462167
1790751852.6319783,1.8518149154260755
1790751852.6569781,2.1552960388362408
1790751852.6593697,1.255064969882369
1790751852.6616151,1.9456259906291962
1790751852.727299,1.89805100671947
1790751852.7459252,1.7666710773482919
1790751852.7747848,1.6467970563098788
1790751852.8901165,3.3063009614124894
1790751852.963955,2.1249670535326004
1790751852.9739733,1.6318249981850386
1790751852.9954085,1.880291965790093
1790751853.003943,2.0592670189216733
1790751853.0171502,1.825334969907999
1790751853.0552237,2.0692870020866394
1790751853.0930083,2.0224429899826646
1790751853.1159327,1.7070519970729947
1790751853.1312144,1.6771249938756227
1790751853.137615,1.8134939018636942
1790751853.1493585,1.779743004590273
1790751853.161903,1.9675000803545117
1790751853.165268,1.373886945657432
1790751853.2073421,1.642814022488892
1790751853.2145097,1.6671170014888048
1790751853.2366736,3.466340946033597
1790751853.261324,2.0096299704164267
1790751853.2694497,1.6611600294709206
1790751853.3826065,2.5269220350310206
1790751853.4163759,1.8966490169987082
1790751853.44935,2.142676035873592
1790751853.4524858,2.1257820772007108
1790751853.4730716,2.2338320268318057
1790751853.4880605,2.481914940290153
1790751853.4944685,1.3990920269861817
1790751853.5348618,1.8937180284410715
1790751853.542148,1.6546439146623015
1790751853.558804,2.2092520957812667
1790751853.5596733,1.7282060580328107
1790751853.626868,2.242238959297538
1790751853.642884,1.7986400052905083
1790751853.7377527,2.208616933785379
1790751853.7873251,2.418982097879052
1790751853.8161519,1.8146280199289322
1790751853.8493195,2.6092580519616604
1790751853.8496008,3.410609904676676
1790751853.8977017,2.1875269012525678
1790751853.916346,1.7245960189029574
1790751853.963729,1.7176020191982388
1790751853.9825354,1.9249259494245052
1790751853.9945128,1.8846530001610518
1790751853.9945946,2.5991559959948063
1790751854.023238,2.1923959720879793
1790751854.0333538,1.5730890445411205
1790751854.048164,1.5103449113667011
1790751854.0556474,1.8455620156601071
1790751854.0747676,2.0649300422519445
1790751854.1219692,2.200259012170136
1790751854.1271875,1.4640300069004297
1790751854.15386,1.6323319869115949
1790751854.3075438,2.441396936774254
1790751854.3639972,2.097784075886011
1790751854.3672123,1.6564580146223307
1790751854.386646,1.8412950448691845
1790751854.4224079,1.9162909593433142
1790751854.4258337,1.4810269931331277
1790751854.5079453,2.2607570281252265
1790751854.5098245,1.39381003100425
1790751854.554129,1.921586925163865
1790751854.5847309,3.1444269698113203
1790751854.5857375,1.9397159339860082
1790751854.5954137,1.8640740308910608
1790751854.5985503,1.8685789545997977
1790751854.6052518,1.4717249432578683
1790751854.6276095,1.709996024146676
1790751854.645347,2.647635992616415
1790751854.6455677,3.3930400386452675
1790751854.6732972,1.840319950133562
1790751854.7092261,1.7535299994051456
1790751854.7152863,1.623908057808876
1790751854.7311609,1.7073398921638727
1790751854.7466648,2.1118109580129385
1790751854.7479293,1.2536989524960518
1790751854.761103,1.9423720659688115
1790751854.7714424,1.676988904364407
1790751854.7843916,1.891702995635569
1790751854.7961977,1.621734001673758
1790751854.804008,1.5483599854633212
1790751854.8483746,1.9922730280086398
1790751854.8623915,2.6110688922926784
1790751854.889361,1.8519930308684707
1790751854.9150624,1.9767909543588758
1790751854.945095,1.9116749754175544
1790751854.9816608,2.2648259764537215
1790751854.9831522,1.2352729681879282
1790751855.0030565,2.096135984174907
1790751855.0193799,1.8617090536281466
1790751855.057212,2.7540340088307858
1790751855.1168818,2.1825539879500866
1790751855.1586554,1.630289014428854
1790751855.1755896,2.041561994701624
1790751855.2247121,2.3083409760147333
1790751855.2321832,1.6759289428591728
1790751855.235387,1.4634799445047975
1790751855.2407722,1.2520019663497806
1790751855.2455266,1.1825039982795715
1790751855.2630544,2.344963955692947
1790751855.2642887,1.6815719427540898
1790751855.2656455,1.9644899293780327
1790751855.3566182,1.7169800121337175
1790751855.3720717,1.8515849951654673
1790751855.382158,2.561138942837715
1790751855.4163954,1.6432759584859014
1790751855.4183445,1.3082409277558327
1790751855.4663599,2.1233619190752506
1790751855.487668,2.3657489800825715
1790751855.5197742,3.7663810653612018
1790751855.520299,2.6844460517168045
1790751855.5325613,1.8081909511238337
1790751855.5753336,1.9699300173670053
1790751855.5774183,1.498503959737718
1790751855.613288,1.7669659573584795
1790751855.6192253,1.4060179237276316
1790751855.63007,1.6291619976982474
1790751855.6366975,1.5800819965079427
1790751855.7253945,1.7100910190492868
1790751855.7293363,1.6150230076164007
1790751855.7613082,1.7854159232228994
1790751855.789518,1.780795049853623
1790751855.8131137,2.01025209389627
1790751855.8285184,1.990073942579329
1790751855.8311298,1.6811080276966095
1790751855.9161546,3.68804601021111
1790751855.9172456,2.7063190937042236
1790751855.9283786,2.137047005817294
1790751855.9369133,1.4223529724404216
1790751855.9719577,1.93208793643862
1790751855.9763238,1.470025978051126
1790751856.0525088,1.930715050548315
1790751856.1049747,1.7517810920253396
1790751856.1093757,1.2909870129078627
1790751856.2113853,1.9880760228261352
1790751856.2330515,1.8624140648171306
1790751856.26065,1.6848189989104867
1790751856.2882693,1.8925659824162722
1790751856.2966776,2.2708369651809335
1790751856.334284,1.8462110310792923
1790751856.3590367,2.8246580623090267
1790751856.3599706,1.8652400467544794
1790751856.4023712,3.286160994321108
1790751856.4118917,3.88844998087734
1790751856.4267292,1.7474569613114
1790751856.429659,1.2682409724220634
1790751856.443041,1.6186600551009178
1790751856.4605632,1.6466280212625861
1790751856.4619572,1.2959999730810523
1790751856.4877133,4.2786800768226385
1790751856.488059,2.9187360778450966
1790751856.494078,1.4708359958603978
1790751856.548228,2.6928200386464596
1790751856.5646102,2.393642091192305
1790751856.595791,1.9774289103224874
1790751856.623151,1.6386209754273295
1790751856.635674,1.9493630388751626
1790751856.6833603,2.251439029350877
1790751856.6927671,1.7993059009313583
1790751856.7459874,2.110469969920814
1790751856.764605,2.044376917183399
1790751856.7839472,1.9545300165191293
1790751856.7845435,1.5539160231128335
1790751856.8089964,2.138140029273927
1790751856.8589146,2.10880592931062
1790751856.8691628,2.982222009450197
1790751856.8831403,3.801851999014616
1790751856.883223,4.534062929451466
1790751856.9199219,1.8743089167401195
1790751856.9532743,1.6811199020594358
1790751856.956068,2.54552299156785
1790751856.966233,1.9727699691429734
1790751856.9934914,1.7747629899531603
1790751857.0326488,1.8647989491000772
1790751857.0527344,1.5890250215306878
1790751857.1070483,1.983744092285633
1790751857.1474645,1.92315096501261
1790751857.1605833,1.7091259360313416
1790751857.1748276,1.654681982472539
1790751857.2021701,2.655318006873131
1790751857.23427,2.1481539588421583
1790751857.257395,1.8362159607931972
1790751857.2724085,1.6948779812082648
1790751857.278259,2.209315076470375
1790751857.346846,2.37142201513052
1790751857.378569,2.166536054573953
1790751857.3913126,2.712414017878473
1790751857.3934603,3.42242990154773
1790751857.394799,2.17415695078671
1790751857.3948603,3.3568949438631535
1790751857.402144,1.3504310045391321
1790751857.4086814,1.578899915330112
1790751857.4223747,2.1770369494333863
1790751857.423291,2.212794963270426
1790751857.4659522,1.891277963295579
1790751857.5014162,2.0779409678652883
1790751857.537248,2.0602629519999027
1790751857.5434594,2.820962923578918
1790751857.5435236,2.1497600246220827
1790751857.5836513,1.877801027148962
1790751857.5881648,1.3138719368726015
1790751857.66392,4.489477025344968
1790751857.7354188,2.2640989627689123
1790751857.7744138,2.3794249864295125
1790751857.781544,1.987940981052816
1790751857.8203673,2.1255339961498976
1790751857.8399286,1.9956399919465184
1790751857.8674378,1.8555460264906287
1790751857.9153004,1.8792039481922984
1790751857.9652607,2.741746953688562
1790751857.9746132,2.192080020904541
1790751857.9854307,1.6997040947899222
1790751857.9866498,1.209142035804689
1790751858.0897317,2.151046064682305
1790751858.103573,1.7349980771541595
1790751858.1531646,1.678638975135982
1790751858.1636717,2.1783841075375676
1790751858.1708462,1.9918109755963087
1790751858.2119682,1.889455015771091
1790751858.2153134,1.8611510749906301
1790751858.2245595,2.1021110005676746
1790751858.3227007,2.260238048620522
1790751858.329847,4.586001043207943
1790751858.3348298,1.9387140637263656
1790751858.367701,2.5964450323954225
1790751858.401738,4.427904030308127
1790751858.4021726,6.160921999253333
1790751858.4127862,1.5936329727992415
1790751858.4620218,3.5776749718934298
1790751858.5586429,1.7336460296064615
1790751858.565335,1.497760065831244
1790751858.636301,2.8221890097483993
1790751858.6366005,3.9790020091459155
1790751858.6449602,1.7542990390211344
1790751858.6505558,1.3565219705924392
1790751858.7085323,2.207834040746093
1790751858.7203982,1.616423949599266
1790751858.7915614,5.2765990840271115
1790751858.7989047,1.6606580466032028
1790751858.8191845,2.011147909797728
1790751858.8546154,2.612820011563599
1790751858.8763077,2.0224780309945345
1790751858.9398863,2.621222985908389
1790751858.981163,3.344880067743361
1790751859.0258777,2.1465119207277894
1790751859.0884416,2.008058945648372
1790751859.1133096,2.766050980426371
1790751859.1889937,2.278110943734646
1790751859.1890545,2.8718439862132072
1790751859.2039297,1.975132036022842
1790751859.3093054,1.8006040481850505
1790751859.3911226,3.827268024906516
1790751859.395114,1.7188331112265587
1790751859.397885,1.2618869077414274
1790751859.4302497,1.6343799652531743
1790751859.455206,1.7292870907112956
1790751859.508943,1.7628379864618182
1790751859.5803425,2.0710150711238384
1790751859.5860083,2.442829078063369
1790751859.589378,1.5650680288672447
1790751859.600814,2.0838340278714895
1790751859.6132245,1.604767981916666
1790751859.6533046,2.7497370028868318
1790751859.707389,8.602331974543631
1790751859.7434356,2.423075959086418
1790751859.7671366,2.230982994660735
1790751859.779555,1.886985031887889
1790751859.8428733,1.6688959440216422
1790751859.8543432,2.304289024323225
1790751859.8662972,2.421158947981894
1790751859.9190078,3.206475987099111
1790751859.9253066,1.4794929884374142
1790751859.9467776,2.275016042403877
1790751859.9788365,2.1492140367627144
1790751859.982809,2.0801210775971413
1790751860.0052483,2.515785046853125
1790751860.007423,1.2403839500620961
1790751860.0167413,1.6260240226984024
1790751860.0594342,1.8036200199276209
1790751860.0626552,1.4584000455215573
1790751860.0758023,1.5855489764362574
1790751860.1058946,1.7540600383654237
1790751860.2352326,2.7822620468214154
1790751860.2648778,1.9392420072108507
1790751860.2950249,1.671255100518465
1790751862.2068975,1.6835839487612247
1790751862.2343156,1.8825409933924675
1790751862.2641957,1.6617790097370744
1790751862.3332942,2.2592900786548853
1790751862.394814,1.7092759953811765
1790751862.4436624,2.0197699777781963
1790751862.4510226,1.623939024284482
1790751862.4783819,1.775413053110242
1790751862.4873734,1.7045580316334963
1790751862.4917545,1.2794999638572335
1790751862.5794415,1.9136650953441858
1790751862.607313,1.960549969226122
1790751862.6186736,1.6480489866808057
1790751862.6264608,1.73084600828588
1790751862.6331694,1.70996505767107
1790751862.6489034,1.808989909477532
1790751862.7020857,2.6615739334374666
1790751862.7961352,5.223775980994105
1790751862.8145685,2.6864339597523212
1790751862.8338761,1.965078990906477
1790751862.837121,1.921712071634829
1790751862.84136,1.5547240618616343
1790751862.873998,2.4915870744735003
1790751862.9243195,1.6328840283676982
1790751862.955459,2.0254779374226928
1790751862.9712353,2.8188579017296433
1790751862.9712996,1.6841070028021932
1790751863.017688,2.755279070697725
1790751863.0375886,1.8896949477493763
1790751863.1024268,1.850439002737403
1790751863.123715,1.9141290104016662
1790751863.1298342,1.7348210094496608
1790751863.159845,2.8154440224170685
1790751863.1646483,2.108275075443089
1790751863.1775231,1.656853943131864
1790751863.1920853,1.7890729941427708
1790751863.283916,2.7158799348399043
1790751863.3009057,1.6768299974501133
1790751863.3601959,1.875394955277443
1790751863.3765857,1.8363769631832838
1790751863.393627,1.948043005540967
1790751863.4623358,1.8722759559750557
1790751863.473188,1.8522589234635234
1790751863.503723,2.264103968627751
1790751863.5260735,2.3186090402305126
1790751863.6485276,2.0910470047965646
1790751863.6816947,1.901394920423627
1790751863.6850238,1.4252999098971486
1790751863.6872854,1.8918919377028942
1790751863.688046,1.9765800097957253
1790751863.6945639,1.1770619312301278
1790751863.6983702,1.1746829841285944
1790751863.703385,1.6299299895763397
1790751863.7241724,2.06566508859396
1790751863.7308226,1.4501550467684865
1790751863.737683,1.5145170036703348
1790751863.74271,1.2119669700041413
1790751863.7510586,1.5154450666159391
1790751863.7604403,2.213727100752294
1790751863.7668068,2.059917082078755
1790751863.794572,2.5970630813390017
1790751863.7946362,2.8278620447963476
1790751863.806657,1.6628310550004244
1790751863.818941,2.1341219544410706
1790751863.8309345,1.5486240154132247
1790751863.8896606,1.9021539483219385
1790751863.8990169,1.5225779497995973
1790751863.9398584,1.8133280100300908
1790751863.9843273,2.4320839438587427
1790751863.9874744,2.4225759552791715
1790751864.0008655,1.7081530531868339
1790751864.0317595,2.0689890952780843
1790751864.0359251,1.3648070162162185
1790751864.0436163,1.568445935845375
1790751864.0561724,1.6168869333341718
1790751864.0591602,1.3458459870889783
1790751864.0628612,1.726068090647459
1790751864.0638163,1.563444035127759
1790751864.0798006,1.9029859686270356
1790751864.1128933,1.8982338951900601
1790751864.1962724,2.3822160437703133
1790751864.20769,1.7880280502140522
1790751864.2461803,2.2403219481930137
1790751864.283263,8.054496021941304
1790751864.286284,5.572604015469551
1790751864.3228364,6.137464079074562
1790751864.3504236,2.727254992350936
1790751864.3849518,8.678652928210795
1790751864.3991582,3.406540025025606
1790751864.4068975,2.0136740058660507
1790751864.4242995,2.5155299808830023
1790751864.4540336,3.671251004561782
1790751864.4547396,2.751459018327296
1790751864.4615712,1.316640991717577
1790751864.4905095,1.8630409613251686
1790751864.543216,2.3030570009723306
1790751864.555422,2.100739045999944
1790751864.570759,1.8366000149399042
1790751864.5820932,2.1908089984208345
1790751864.5844913,2.254089107736945
1790751864.6039708,1.994902966544032
1790751864.616984,2.1625340450555086
1790751864.6446116,1.8419470870867372
1790751864.652903,2.114503993652761
1790751864.6661856,2.0740809850394726
1790751864.6930501,1.709608011879027
1790751864.718752,1.6703360015526414
1790751864.758226,3.260522964410484
1790751864.7633092,2.3297860752791166
1790751864.841424,2.3455920163542032
1790751864.8432443,1.2781709665432572
1790751864.8462377,1.485308981500566
1790751864.8860319,2.216370077803731
1790751864.8865435,1.4770680572837591
1790751864.9083033,2.6819169288501143
1790751864.976416,1.9407509826123714
1790751864.9844298,1.6613929765298963
1790751864.9987822,2.8472389094531536
1790751865.0072992,1.4368140837177634
1790751865.0493424,2.2728150943294168
1790751865.0663686,2.312708063982427
1790751865.1000555,1.7865499248728156
1790751865.1426349,2.5071679847314954
1790751865.2093284,2.1540509769693017
1790751865.2212436,1.9134720787405968
1790751865.2246697,1.8558719893917441
1790751865.3337288,2.2293520160019398
1790751865.3350086,1.2669439893215895
1790751865.3635228,1.7946510342881083
1790751865.3681047,4.205400007776916
1790751865.3689868,3.6378420190885663
1790751865.3690739,2.124110935255885
1790751865.3743281,1.8578390590846539
1790751865.3751285,1.5817040111869574
1790751865.4044902,1.8106179777532816
1790751865.433701,1.89540209248662
1790751865.4369988,1.421577064320445
1790751865.4705687,2.260835957713425
1790751865.502959,2.240350004285574
1790751865.5137565,2.4739999789744616
1790751865.5305498,2.075284020975232
1790751865.5439699,1.7774059670045972
1790751865.5747855,2.0594920497387648
1790751865.6287224,1.7971521010622382
1790751865.64725,2.640787046402693
1790751865.6473045,1.7502480186522007
1790751865.6712317,2.652890980243683
1790751865.7486165,1.7615440301597118
1790751865.754424,1.4841859228909016
1790751865.791642,2.335894969291985
1790751865.8016822,1.656741020269692
1790751865.8054085,1.43489392939955
1790751865.82704,1.768125919625163
1790751865.8432472,1.6130289295688272
1790751865.85756,2.041834988631308
1790751865.8612654,1.373696024529636
1790751865.869399,1.4518910320475698
1790751865.8725088,1.5235909959301353
1790751865.885902,1.63207296282053
1790751865.901066,1.5890479553490877
1790751865.9090824,1.6696619568392634
1790751865.9204028,2.0904780831187963
1790751865.9466782,1.9808199722319841
1790751865.9505787,1.2449820060282946
1790751865.9524763,1.887802965939045
1790751865.9545963,1.175443991087377
1790751865.9649518,1.8011190695688128
1790751866.0048301,1.9612900214269757
1790751866.0108688,1.854709000326693
1790751866.107274,2.857526997104287
1790751866.1414704,1.7386829713359475
1790751866.1885777,1.7333610448986292
1790751866.2524018,1.961198984645307
1790751866.3111994,2.014657948166132
1790751866.318221,1.7433780012652278
1790751866.3578427,2.12304200977087
1790751866.3918715,1.8560600001364946
1790751866.4221325,1.8192899879068136
1790751866.4504654,1.7748370300978422
1790751866.4536777,1.4032089384272695
1790751866.4888816,2.12018599268049
1790751866.5236385,1.9596319179981947
1790751866.541468,1.7002109671011567
1790751866.552817,1.6980509972199798
1790751866.6039937,1.9640029640868306
1790751866.6070383,1.6234819777309895
1790751866.6388483,4.554304992780089
1790751866.6679986,2.0313540007919073
1790751866.7012894,1.6052409773692489
1790751866.7101724,1.5748910373076797
1790751866.746679,2.029316034168005
1790751866.7769787,1.9477930618450046
1790751866.8015978,2.2345479810610414
1790751866.8052812,1.826469087973237
1790751866.8070567,1.7637369455769658
1790751866.8227794,1.915907021611929
1790751866.8408206,2.0403889939188957
1790751866.8747444,1.7530929762870073
1790751866.9312942,2.086263964883983
1790751866.9460902,2.884607994928956
1790751866.950376,2.205714932642877
1790751866.9623587,1.7607129411771894
1790751866.9724114,1.3417969457805157
1790751866.9911032,1.7761540366336703
1790751866.9935162,1.5762780094519258
1790751867.0291815,1.9627169240266085
1790751867.0438936,1.7265819478780031
1790751867.0718048,3.137685009278357
1790751867.071873,2.5831060484051704
1790751867.1067455,1.7706840299069881
1790751867.114655,1.6657928936183453
1790751867.134196,1.6058789333328605
1790751867.1381257,1.4837359776720405
1790751867.1483243,1.48084107786417
1790751867.205285,2.3751399712637067
1790751867.2066908,1.394815044477582
1790751867.2151132,1.9471390405669808
1790751867.2179048,1.3527550036087632
1790751867.2428179,2.2923259530216455
1790751867.270408,2.604081993922591
1790751867.275992,1.9935109885409474
1790751867.2773278,1.3089929707348347
1790751867.3143947,1.899503986351192
1790751867.3195825,1.4671459794044495
1790751867.3420942,2.369945985265076
1790751867.342992,1.9177449867129326
1790751867.3790495,2.0772679708898067
1790751867.3817127,2.6476109633222222
1790751867.3906696,2.3043350083753467
1790751867.3933954,1.355918007902801
1790751867.397924,1.5072959940880537
1790751867.412261,1.720065949484706
1790751867.5183592,2.541737980209291
1790751867.5946484,1.6717029502615333
1790751867.6017566,1.492412993684411
1790751867.627971,1.8735029734671116
1790751867.657853,3.468732931651175
1790751867.7202923,2.046810113824904
1790751867.730722,1.7968250904232264
1790751867.735609,1.6994969919323921
1790751867.7376707,1.354666892439127
1790751867.7675598,2.6224199682474136
1790751867.8149545,2.482626005075872
1790751867.823668,1.9502879586070776
1790751867.8446908,1.74343294929713
1790751867.8987582,1.9370339578017592
1790751867.9019015,1.5000550774857402
1790751867.962208,1.9107609987258911
1790751867.9920793,1.6851209802553058
1790751868.0148194,2.2690469631925225
1790751868.015869,2.0531710470095277
1790751868.053852,1.9274660153314471
1790751868.0559402,1.2796280207112432
1790751868.0984004,1.6298090340569615
1790751868.131442,1.6791700618341565
1790751868.1671393,1.8252249574288726
1790751868.182882,1.6968559939414263
1790751868.2542706,2.7562659233808517
1790751868.311725,2.223102026619017
1790751868.3368607,2.221305971033871
1790751868.3410902,1.9921079510822892
1790751868.3508222,1.7837940249592066
1790751868.3625834,2.2666200529783964
1790751868.3762043,1.7553409561514854
1790751868.386139,1.634748070500791
1790751868.3944244,1.603929908014834
1790751868.4138637,1.7025560373440385
1790751868.5169935,2.826399984769523
1790751868.5342863,1.9515709718689322
1790751868.5371358,1.744148088619113
1790751868.5562844,1.7218339489772916
1790751868.5836906,2.542193979024887
1790751868.5955882,1.8809310859069228
1790751868.6155732,2.1568280644714832
1790751868.6160722,2.082030987367034
1790751868.6447582,1.7690729582682252
1790751868.6715777,1.908058999106288
1790751868.6974518,1.983117894269526
1790751868.702143,1.4614679384976625
1790751868.707699,1.489712973125279
1790751868.7468114,3.545448067598045
1790751868.783614,2.1853100042790174
1790751868.841519,2.008576993830502
1790751868.8443058,1.3069809647276998
1790751868.8643208,2.1068829810246825
1790751868.8799238,1.749024959281087
1790751868.8933535,1.9405540078878403
1790751868.8955848,1.2945340713486075
1790751868.9066198,2.6895160553976893
1790751868.9138308,1.9170930609107018
1790751868.9197986,1.3968090061098337
1790751868.942053,1.5920030418783426
1790751868.9575536,1.7762890784069896
1790751869.0187938,1.717751962132752
1790751869.0268874,1.744951936416328
1790751869.0599818,1.7664600163698196
1790751869.0653203,1.4032290782779455
1790751869.087902,1.7380809877067804
1790751869.1087933,1.6543299425393343
1790751869.1494708,2.535614068619907
1790751869.2033172,2.1371369948610663
1790751869.2216282,2.0182979060336947
1790751869.2238343,1.254154951311648
1790751869.233251,1.6490690177306533
1790751869.272132,2.101910999044776
1790751869.2807753,2.181521966122091
1790751869.298408,1.9207920413464308
1790751869.3133712,1.547900028526783
1790751869.3374338,1.7750560073181987
1790751869.3392177,1.7735681030899286
1790751869.3446789,1.3765589101240039
1790751869.361839,1.7065249849110842
1790751869.3961904,2.4325819686055183
1790751869.4041722,1.6269219340756536
1790751869.450422,2.663669059984386
1790751869.451281,2.2604669211432338
1790751869.5479405,1.7685479251667857
1790751869.5955975,3.089022939093411
1790751869.595674,2.9562870040535927
1790751869.6066732,2.086556050926447
1790751869.6318665,2.1029699128121138
1790751869.6475074,2.3168270708993077
1790751869.7154264,2.855606027878821
1790751869.7367353,2.888646093197167
1790751869.7450438,2.19229597132653
1790751869.7546427,2.7907040202990174
1790751869.778627,1.8842460121959448
1790751869.8149626,5.307028070092201
1790751869.8205178,1.7067069420590997
1790751869.8253736,1.3177440268918872
1790751869.8768716,2.9385129455477
1790751869.913253,1.6687470488250256
1790751869.9145875,1.178785925731063
1790751869.9537814,2.346358960494399
1790751869.9845889,1.8157809972763062
1790751870.0090103,1.6431810799986124
1790751870.013102,1.772542018443346
1790751870.0577457,2.206551027484238
1790751870.1055462,1.7268209485337138
1790751870.1412394,1.8992009572684765
1790751870.1763875,2.0129019394516945
1790751870.1910691,1.6057959292083979
1790751870.2756164,2.1252030273899436
1790751870.315017,2.407390042208135
1790751870.3350663,2.0910470047965646
1790751870.3544233,1.6349750803783536
1790751870.3625197,1.7103010322898626
1790751870.4346845,1.8331600585952401
1790751870.4423926,2.0414229948073626
1790751870.4465077,1.4209209475666285
1790751870.5178545,2.467265003360808
1790751870.5557802,4.030377953313291
1790751870.5870328,1.8691190052777529
1790751870.6050687,1.8316060304641724
1790751870.7683613,2.39213602617383
1790751870.7735877,3.8982309633865952
1790751870.7736895,3.465079003944993
1790751870.775669,1.5289250295609236
1790751870.812955,1.6621649265289307
1790751870.8259256,1.9221599213778973
1790751870.8394802,1.9108169944956899
1790751870.860334,1.7410209402441978
1790751870.8779902,2.034640056081116
1790751870.907212,1.7685008933767676
1790751870.9114869,1.603271928615868
1790751870.9134502,1.3781929155811667
1790751870.9151242,1.543820952065289
1790751870.9205422,1.8262580269947648
1790751870.9331326,2.831177902407944
