timestamp,rtt
1788412406.6577163,38.90589298680425
1788412406.6673448,53.96618999657221
1788412406.6721046,51.247667986899614
1788412406.6759284,49.409913015551865
1788412406.6784387,43.78184099914506
1788412406.6794364,64.40894299885258
1788412406.6805134,32.77513198554516
1788412406.6811843,36.02731699356809
1788412406.6817744,52.23890702473
1788412406.6823666,40.725102997384965
1788412406.6828399,46.15452900179662
1788412406.6839244,34.35049398103729
1788412406.6841576,44.28536997875199
1788412406.7156165,4.969914996763691
1788412406.728427,67.66608101315796
1788412406.7285697,56.441662018187344
1788412406.732572,13.616611977340654
1788412406.732835,48.01762301940471
1788412406.7353408,49.4969499995932
1788412406.7391343,51.406361017143354
1788412406.7403765,48.387802991783246
1788412406.7467728,49.04993899981491
1788412406.7512667,61.83238298399374
1788412406.7558315,51.73705201013945
1788412406.7602022,55.62552798073739
1788412406.7665555,51.54020700138062
1788412406.7675977,52.80358699383214
1788412406.780368,50.85442602285184
1788412406.7832975,52.43009701371193
1788412406.7847416,4.346842004451901
1788412406.7875922,52.23333902540617
1788412406.7927191,49.75124300108291
1788412406.7972567,50.45951300417073
1788412406.7999673,51.8275480135344
1788412406.81054,54.27898600464687
1788412406.8112426,47.97255899757147
1788412406.8122492,52.01990102068521
1788412406.8215203,50.89859399595298
1788412406.8229265,48.91933800536208
1788412406.833076,61.3120460184291
1788412406.8409812,56.21898898971267
1788412406.8436434,56.02906699641608
1788412406.8445385,50.319159985519946
1788412406.844771,59.421098994789645
1788412406.853608,58.94040100974962
1788412406.8556278,49.94571101269685
1788412406.865701,53.432087996043265
1788412406.8673973,47.13511699810624
1788412406.8683,52.63966802158393
1788412406.8798678,51.93556597805582
1788412406.8845232,53.58195200096816
1788412406.8911293,50.11744299554266
1788412406.8915818,52.6025659928564
1788412406.894012,51.21485801646486
1788412406.8999293,46.298202010802925
1788412406.9031653,55.5783860036172
1788412406.9051762,55.45487900963053
1788412406.9137585,51.87839598511346
1788412406.9149964,49.272537988144904
1788412406.9243402,53.201160015305504
1788412406.926784,45.41449699900113
1788412406.9367561,52.211243979400024
1788412406.937501,54.431272990768775
1788412406.9403417,49.644509999779984
1788412406.9509456,56.43343401607126
1788412406.952208,49.013014999218285
1788412406.9526567,52.698212006362155
1788412406.9542754,49.07210299279541
1788412406.9617603,52.04216399579309
1788412406.9685853,52.63958699651994
1788412406.973594,49.23271600273438
1788412406.979518,47.73881801520474
1788412406.9814255,52.35837399959564
1788412406.986872,50.0873829878401
1788412406.9917688,7.761796994600445
1788412406.9957423,51.80590500822291
1788412406.997117,56.747324008028954
1788412407.002545,50.313993997406214
1788412407.0027559,50.08022498805076
1788412407.0109828,49.19663901091553
1788412407.0144842,53.22360200807452
1788412407.01476,48.50815297686495
1788412407.0186687,45.04251797334291
1788412407.027579,44.838903995696455
1788412407.0317268,52.18786798650399
1788412407.042673,53.807499003596604
1788412407.043893,51.200507004978135
1788412407.054594,46.9005020277109
1788412407.0558257,46.67041799984872
1788412407.061721,5.866380000952631
1788412407.0665278,47.001000988529995
1788412407.067806,52.75884401635267
1788412407.0703888,47.49149898998439
1788412407.0730307,52.04612700617872
1788412407.0791965,50.29470601584762
1788412407.0803447,48.588292993372306
1788412407.0908267,46.91298399120569
1788412407.1024714,47.85475099924952
1788412407.1068895,45.144593983422965
1788412407.1186771,50.84777300362475
1788412407.121009,50.59396201977506
1788412407.1251562,4.127047985093668
1788412407.126996,46.616601990535855
1788412407.131131,4.114779992960393
1788412407.138551,47.69172199303284
1788412407.146736,44.238197995582595
1788412407.1526587,5.888262996450067
1788412407.1548288,47.91349801234901
1788412407.162607,43.901219993131235
1788412407.1705945,45.414891006657854
1788412407.1788824,47.72112800856121
1788412407.1841176,5.1735299930442125
1788412407.1864443,47.86579901701771
1788412407.1888525,4.711064015282318
1788412407.1985836,45.898268988821656
1788412407.202682,47.82170199905522
1788412407.2107673,48.12908501480706
1788412407.2185771,47.9252070072107
1788412407.2351415,48.66244501317851
1788412407.2387319,49.846378999063745
1788412407.250838,52.22048598807305
1788412407.2551732,4.310597985750064
1788412407.2631557,52.32833299669437
1788412407.266468,47.86597000202164
1788412407.2826211,47.43248500744812
1788412407.290478,51.70172199723311
1788412407.3066924,51.49692398845218
1788412407.3108606,44.36772601911798
1788412407.3129625,49.67373501858674
1788412407.3155031,8.790957013843581
1788412407.3177688,6.884647998958826
1788412407.3253477,7.551051006885245
1788412407.3345478,44.014423998305574
1788412407.3362336,53.58050001086667
1788412407.3407245,4.468491009902209
1788412407.3455126,4.769658989971504
1788412407.3629107,47.375986992847174
1788412407.3643556,51.347436994547024
1788412407.3745196,49.14219299098477
1788412407.3864117,51.83544001192786
1788412407.39452,48.98282201611437
1788412407.4106534,47.71768400678411
1788412407.4117079,47.32172598596662
1788412407.4229906,48.44710900215432
1788412407.4278297,4.818305984372273
1788412407.4346616,48.22469301871024
1788412407.4426441,48.095143982209265
1788412407.4586737,46.93753700121306
1788412407.4749339,47.08047898020595
1788412407.4804466,5.483112996444106
1788412407.4834857,48.78328199265525
1788412407.4946275,51.94387800293043
1788412407.5068762,48.16829599440098
1788412407.5305963,47.0719390141312
1788412407.555684,48.78031800035387
1788412407.5626643,6.940035003935918
1788412407.5685976,5.8827320171985775
1788412407.583023,52.393365011084825
1788412407.591167,8.108720008749515
1788412407.6192203,50.593216001288965
1788412407.6241353,4.890527983661741
1788412407.638413,47.21609398256987
1788412407.6428845,4.447346000233665
1788412407.6707134,46.55289600486867
1788412407.693527,1041.8467780109495
1788412407.7018564,1046.247874997789
1788412407.7092764,1051.5344069863204
1788412407.7111197,1056.928658974357
1788412407.7156339,1048.255372006679
1788412407.7168562,1052.4087070079986
1788412407.7239203,1049.9571739928797
1788412407.7275345,1051.587900990853
1788412407.7306232,59.866744006285444
1788412407.7363453,5.659957998432219
1788412407.7382412,10.67370199598372
1788412407.7585058,56.557331001386046
1788412407.7645185,5.98919001640752
1788412407.7675047,58.1939039984718
1788412407.7694366,58.27598599717021
1788412407.7718353,47.88533801911399
1788412407.7728667,8.314873994095251
1788412407.7776039,60.705556999891996
1788412407.78177,14.229639986297116
1788412407.7869284,50.56075198808685
1788412407.7872467,48.98416899959557
1788412407.7902787,12.632449012016878
1788412407.8185942,49.11588699906133
1788412407.8198776,46.98441698565148
1788412407.822444,50.57846600539051
1788412407.8265855,44.78439598460682
1788412407.829333,9.431573998881504
1788412407.832011,13.387737999437377
1788412407.8331523,10.672250005882233
1788412407.8352778,48.0104059970472
1788412407.8397503,10.382348991697654
1788412407.842041,55.08471600478515
1788412407.8478096,57.48216700158082
1788412407.874458,47.847361012827605
1788412407.8787935,4.308072006097063
1788412407.8830771,49.890433001564816
1788412407.8862653,54.21368600218557
1788412407.8875756,52.271691005444154
1788412407.890267,7.165195012930781
1788412407.8913968,51.62494900287129
1788412407.8937013,51.62910500075668
1788412407.8962245,9.927773993695155
1788412407.8998158,51.966933999210596
1788412407.9264476,47.62013099389151
1788412407.934979,47.37582401139662
1788412407.939358,4.356234974693507
1788412407.942938,52.64296699897386
1788412407.9460697,6.655526987742633
1788412407.9482465,54.51247998280451
1788412407.9539857,57.72346697631292
1788412407.957591,57.74119301349856
1788412407.9598224,13.71232100063935
1788412407.9602964,68.87203999212943
1788412407.9710026,44.52695001964457
1788412407.9905221,47.5575499876868
1788412407.9987526,50.46696498175152
1788412408.0026834,48.65286298445426
1788412408.0063574,48.738151002908126
1788412408.010583,50.738335005007684
1788412408.0184245,58.10203799046576
1788412408.022557,4.106690990738571
1788412408.0245688,53.53743600426242
1788412408.034607,44.06081198249012
1788412408.0505764,44.19433101429604
1788412408.0586207,48.01231899182312
1788412408.0706136,46.024978015339
1788412408.0754318,4.7855660086497664
1788412408.0784104,43.77770601422526
1788412408.0813954,5.941637995420024
1788412408.102671,52.070745994569734
1788412408.1065555,47.91130300145596
1788412408.1085236,5.831697984831408
1788412408.1266198,48.1784220028203
1788412408.1280482,46.61800398025662
1788412408.154764,46.21882498031482
1788412408.1588008,52.208820008672774
1788412408.161154,6.35037399479188
1788412408.1790705,50.958341016666964
1788412408.181335,54.68053600634448
1788412408.1876981,8.587732998421416
1788412408.1909647,9.585908992448822
1788412408.1978157,10.076200007461011
1788412408.2092512,50.407763017574325
1788412408.2153575,6.060182000510395
1788412408.2175593,56.35307799093425
1788412408.2507865,59.78173701441847
1788412408.2561088,58.25699502020143
1788412408.261166,5.028187995776534
1788412408.2667458,51.34327500127256
1788412408.2694128,8.222655014833435
1788412408.2759469,58.361748000606894
1788412408.2847388,8.751979999942705
1788412408.298783,47.955526009900495
1788412408.303684,4.861053981585428
1788412408.3146315,47.84650300280191
1788412408.3186738,49.222205008845776
1788412408.3308132,46.03493298054673
1788412408.3503625,46.65233101695776
1788412408.3629107,48.24207100318745
1788412408.366692,47.94855398358777
1788412408.3784533,47.60770298889838
1788412408.3944807,44.09466197830625
1788412408.4104805,43.748369003878906
1788412408.4115853,48.64665897912346
1788412408.416783,6.278493005083874
1788412408.4216075,4.7982399992179126
1788412408.4263983,47.91274399030954
1788412408.4310522,4.632909985957667
1788412408.4585922,46.982746018329635
1788412408.4666557,45.030434004729614
1788412408.4712,4.520546994172037
1788412408.4747007,43.62462300923653
1788412408.5065339,47.91898501571268
1788412408.5102437,3.691197984153405
1788412408.5183988,47.1776949998457
1788412408.5214732,3.0560169834643602
1788412408.526346,51.61039499216713
1788412408.5549936,44.72498598624952
1788412408.5671542,45.660684001632035
1788412408.5705655,44.19463200611062
1788412408.6025848,47.54440300166607
1788412408.6145484,47.363724996102974
1788412408.6182935,47.694175998913124
1788412408.6200373,5.456755985505879
1788412408.622529,4.2142519960179925
1788412408.6544118,51.79995798971504
1788412408.6624322,7.997020991751924
1788412408.6664944,46.43511297763325
1788412408.6691573,46.6051880212035
1788412408.7113853,8.584530994994566
1788412408.7128203,50.364186987280846
1788412408.7151673,12.708689988357946
1788412408.7166808,47.49648200231604
1788412408.7208323,54.306402016663924
1788412408.7301483,18.736680009169504
1788412408.7442958,25.690752983791754
1788412408.7485373,9.251649986254051
1788412408.7654102,3.1848019862081856
1788412408.7771168,4.171071981545538
1788412408.7789228,63.732000009622425
1788412408.781038,3.8991049805190414
1788412408.7829068,52.72950200014748
1788412408.7836378,66.91966598737054
1788412408.78397,51.766652992228046
1788412408.7983584,49.80189198977314
1788412408.810661,43.70689200004563
1788412408.814344,3.6643930070567876
1788412408.830409,47.482833993854
1788412408.8322725,48.287101002642885
1788412408.8331726,48.78909498802386
1788412408.8347247,46.63962300401181
1788412408.843496,5.511739000212401
1788412408.8465366,48.159291996853426
1788412408.85023,5.986308999126777
1788412408.8585582,44.19327698997222
1788412408.8623006,46.26488598296419
1788412408.866583,46.72057001153007
1788412408.8790808,45.89326499262825
1788412408.8844893,5.384919990319759
1788412408.8875337,52.787622989853844
1788412408.894592,53.267081995727494
1788412408.895728,49.17223899974488
1788412408.9023497,43.76993200276047
1788412408.9067342,44.41353099537082
1788412408.9189022,47.95066500082612
1788412408.933746,49.23824398429133
1788412408.9395218,51.958877011202276
1788412408.941725,7.957481982884929
1788412408.944325,48.57265600003302
1788412408.9472427,52.63105500489473
1788412408.9626694,51.319929014425725
1788412408.9784923,47.35161500866525
1788412408.9815803,3.0599129968322814
1788412408.985943,3.36180001613684
1788412408.987365,47.81070799799636
1788412408.9911065,49.36386499321088
1788412408.998299,51.031094015343115
1788412408.9992545,48.96646999986842
1788412409.0039277,4.655189986806363
1788412409.007497,3.5518850199878216
1788412409.008312,5.856034986209124
1788412409.0114863,48.792018002131954
1788412409.0185666,48.38640202069655
1788412409.0264797,44.84553501242772
1788412409.0345237,48.560956987785175
1788412409.0383902,47.26475401548669
1788412409.0447347,50.30911200447008
1788412409.0470622,5.830831010825932
1788412409.048313,47.26527299499139
1788412409.055423,45.24950799532235
1788412409.0588675,3.421214991249144
1788412409.0712554,44.754880014806986
1788412409.0813446,3.467089991318062
1788412409.0862882,47.879724006634206
1788412409.0903327,43.25234401039779
1788412409.0943723,46.042797999689355
1788412409.0983975,46.01166900829412
1788412409.1024365,43.54845799389295
1788412409.106172,3.7136219907552004
1788412409.12679,45.42638998827897
1788412409.130925,44.61035699932836
1788412409.1344597,44.10184401785955
1788412409.1505616,44.36421499121934
1788412409.154635,4.040789004648104
1788412409.1706667,43.8511690008454
1788412409.1785614,47.613858012482524
1788412409.1828952,4.312012024456635
1788412409.1870103,52.5091580057051
1788412409.1918244,4.788877005921677
1788412409.195837,3.9935079985298216
1788412409.1986182,43.9615520008374
1788412409.2116673,5.247183988103643
1788412409.2190113,48.3165750047192
1788412409.2306573,47.740985988639295
1788412409.236878,6.199430004926398
1788412409.2434566,47.59873601142317
1788412409.2477083,49.054645001888275
1788412409.2542455,6.502128002466634
1788412409.2589812,4.713133006589487
1788412409.2599978,48.309481993783265
1788412409.2865446,49.64328900678083
1788412409.2944322,50.9549540001899
1788412409.2977111,3.258358017774299
1788412409.3011634,3.4335080126766115
1788412409.3044329,3.250370005844161
1788412409.3064842,47.484498005360365
1788412409.3082535,48.23274599038996
1788412409.3344104,47.845249995589256
1788412409.3382192,3.7880380114074796
1788412409.3429275,4.688243003329262
1788412409.3546762,46.40301299514249
1788412409.3559499,51.49876800714992
1788412409.357915,51.40888298046775
1788412409.386914,43.96932100644335
1788412409.402498,47.79151701950468
1788412409.4070113,51.04169499827549
1788412409.4085624,50.624494993826374
1788412409.4109857,3.9569100190419704
1788412409.4304762,43.54271400370635
1788412409.43532,4.789256025105715
1788412409.4463696,43.8525159843266
1788412409.4543812,45.8019080106169
1788412409.4583917,47.387008991790935
1788412409.4622025,45.55625200737268
1788412409.4652436,3.0216809827834368
1788412409.478417,43.074114015325904
1788412409.4814835,3.041502000996843
1788412409.4944317,48.002825991716236
1788412409.5023615,43.952549021923915
1788412409.510502,45.23914601304568
1788412409.5135288,3.0069939966779202
1788412409.5265229,45.02083599800244
1788412409.5305092,43.12275000847876
1788412409.5427692,44.54139800509438
1788412409.5462658,43.87856801622547
1788412409.5586305,45.081890013534576
1788412409.5703619,43.821031984407455
1788412409.573575,3.191847004927695
1788412409.5745428,44.00443399208598
1788412409.5863395,43.55030000442639
1788412409.602363,43.71137000271119
1788412409.6207795,46.2154790002387
1788412409.6223826,48.785332997795194
1788412409.6273837,6.575540988706052
1788412409.634316,11.910942004760727
1788412409.6359236,49.5490139874164
1788412409.6534321,5.235910008195788
1788412409.657039,54.64166501769796
1788412409.6652384,11.771860998123884
1788412409.6787095,51.29462599870749
1788412409.6826317,3.899352013831958
1788412409.6841514,48.19174998556264
1788412409.6887643,54.35911100357771
1788412409.706728,4.5035340008325875
1788412409.7106395,45.37172999698669
1788412409.7125373,55.466480989707634
1788412409.7306838,48.02976400242187
1788412409.7327588,48.58661099569872
1788412409.7356753,46.888142998795956
1788412409.7435362,12.815768015570939
1788412409.754524,47.76917598792352
1788412409.7583714,47.69247100921348
1788412409.794413,61.62270001368597
1788412409.7984273,3.9935729873832315
1788412409.8024826,4.034573008539155
1788412409.8046594,50.10310900979675
1788412409.8055758,62.01463800971396
1788412409.8076725,49.267577996943146
1788412409.8106225,5.0255679816473275
1788412409.846575,44.073227007174864
1788412409.8517592,47.0535850035958
1788412409.8548844,44.22920799697749
1788412409.8573198,49.60030998336151
1788412409.8601325,5.224328022450209
1788412409.8624148,5.068375990958884
1788412409.890549,43.94879299798049
1788412409.8955607,4.987297987099737
1788412409.898385,46.60155699821189
1788412409.9001894,4.607131006196141
1788412409.904538,4.3322870042175055
1788412409.9066048,46.44949201610871
1788412409.9103823,47.934553993400186
1788412409.9463203,47.91189101524651
1788412409.9550512,44.6457409998402
1788412409.9566061,52.04990197671577
1788412409.9578676,51.24268200597726
1788412409.9600482,4.97843898483552
1788412409.9625318,4.5910409826319665
1788412409.965517,2.9667119961231947
1788412409.9904082,44.06869600643404
1788412409.9935808,3.153478988679126
1788412410.003256,46.63390901987441
1788412410.0082614,48.19067000062205
1788412410.0093012,6.024581991368905
1788412410.0103276,44.792764994781464
1788412410.0154583,5.112106999149546
1788412410.0188124,3.3267129911109805
1788412410.03237,3.2837399921845645
1788412410.0383368,44.7383529972285
1788412410.04635,43.95789001137018
1788412410.0588071,50.525931001175195
1788412410.059661,50.344309012871236
1788412410.066379,47.54621899337508
1788412410.0703325,3.9326200203504413
1788412410.0831144,50.72585499146953
1788412410.0864346,48.07652599993162
1788412410.088855,5.721436988096684
1788412410.0907643,44.38958800164983
1788412410.102398,43.572868016781285
1788412410.1159558,45.603512990055606
1788412410.1303804,43.916755996178836
1788412410.135046,4.645209002774209
1788412410.1365895,47.714197979075834
1788412410.1408026,50.00519801978953
1788412410.1448472,8.232257998315617
1788412410.152543,50.12122300104238
1788412410.1636877,47.71355498814955
1788412410.183637,48.566359997494146
1788412410.1895547,5.872511013876647
1788412410.191876,47.000450984342024
1788412410.1957946,54.95987299946137
1788412410.2036345,11.719986010575667
1788412410.2074897,54.873623012099415
1788412410.2130885,49.37044798862189
1788412410.238572,48.98464900907129
1788412410.2448149,48.983257001964375
1788412410.2526178,7.764748006593436
1788412410.2587776,55.108272994402796
1788412410.2603145,52.79070499818772
1788412410.2658782,52.74720300803892
1788412410.2681656,15.51774502149783
1788412410.275711,16.90013299230486
1788412410.2844508,8.70505700004287
1788412410.2871754,48.56402601581067
1788412410.3117797,51.42668398912065
1788412410.3145626,46.357032988453284
1788412410.3209352,54.94518700288609
1788412410.3336766,49.19590402278118
1788412410.334799,13.82155402097851
1788412410.3427794,55.56742800399661
1788412410.358707,46.88703900319524
1788412410.3627112,48.10323799028993
1788412410.3658195,7.072000007610768
1788412410.3867593,51.92613397957757
1788412410.3888607,55.147586012026295
1788412410.3929138,50.10428998502903
1788412410.4000406,11.149400001158938
1788412410.405044,18.23390700155869
1788412410.4153376,49.48895302368328
1788412410.4180675,55.31318701105192
1788412410.4218183,6.453929003328085
1788412410.4428668,49.92320598103106
1788412410.4483948,5.486720998305827
1788412410.4665773,48.476058000233024
1788412410.4704888,48.6338599876035
1788412410.4944644,46.044182003242895
1788412410.514538,47.93016397161409
1788412410.5225317,51.99944498599507
1788412410.5269806,4.424349986948073
1788412410.532004,4.998828982934356
1788412410.5475974,53.0961100012064
1788412410.5626826,48.118837003130466
1788412410.5788803,46.85488299583085
1788412410.5947957,47.17359700589441
1788412410.6034577,8.630820986581966
1788412410.6107507,48.03608200745657
1788412410.6165168,5.740594991948456
1788412410.626459,47.55496000871062
1788412410.6308787,4.395781987113878
1788412410.6546288,51.14517398760654
1788412410.6668205,50.27850600890815
1788412410.6745396,7.684651005547494
1788412410.681336,50.43312601628713
1788412410.7224364,47.87217199918814
1788412410.729637,7.175921986345202
1788412410.7333417,5.148806987563148
1788412410.7358365,54.47582001215778
1788412410.742129,8.751958986977115
1788412410.7441444,8.288167999126017
1788412410.75408,9.91649500792846
1788412410.7565954,14.442595012951642
1788412410.7761602,46.50196299189702
1788412410.7882729,17.074155999580398
1788412410.7940383,11.737768014427274
1788412410.7985964,7.554972020443529
1788412410.8079815,4.957919009029865
1788412410.8146107,60.501594009110704
1788412410.8231063,66.48949100053869
1788412410.8364286,4.6452259994111955
1788412410.8373468,49.05301099643111
1788412410.8414118,65.22138800937682
1788412410.8509562,7.1707519819028676
1788412410.8516843,53.055875992868096
1788412410.8574467,5.742920999182388
1788412410.8670757,16.099890985060483
1788412410.8727598,58.05398299708031
1788412410.8749654,51.831712014973164
1788412410.8788848,53.33173999679275
1788412410.8827417,22.682201000861824
1788412410.889031,51.66487500537187
1788412410.8926003,56.151358992792666
1788412410.901059,53.20955399656668
1788412410.9051979,47.729476005770266
1788412410.9082775,21.464138000737876
1788412410.9152331,16.212618007557467
1788412410.9190037,51.90727501758374
1788412410.9249623,48.28944799373858
1788412410.9321547,13.128892023814842
1788412410.9325156,49.753100000089034
1788412410.9372852,65.774838993093
1788412410.9414356,12.531118001788855
1788412410.9469385,68.02084000082687
1788412410.9509904,64.8677329882048
1788412410.9620466,20.592467015376315
1788412410.964486,59.26487399847247
1788412410.9680502,59.75431599654257
1788412410.9695218,51.87712798942812
1788412410.9738872,48.888867982896045
1788412410.9765365,12.018673005513847
1788412410.9829795,56.202896987088025
1788412410.9905322,53.222278016619384
1788412410.9953635,62.82629500492476
1788412411.0010312,9.435457002837211
1788412411.0077415,52.693068981170654
1788412411.0107265,47.57028800668195
1788412411.0242858,50.34515098668635
1788412411.0260842,56.54041399247944
1788412411.0281923,47.88544398616068
1788412411.0320635,10.590710007818416
1788412411.0332813,65.20753700169735
1788412411.0419931,65.42685200111009
1788412411.0494802,54.09330001566559
1788412411.0550838,5.581339995842427
1788412411.056012,53.637245000572875
1788412411.0602136,59.154095011763275
1788412411.0690598,8.82654800079763
1788412411.072172,55.436469992855564
1788412411.0804892,52.27211301098578
1788412411.0864258,53.12407898600213
1788412411.088704,56.61989498184994
1788412411.0944939,5.7684259954839945
1788412411.0952609,14.745821012184024
1788412411.096992,71.4602490188554
1788412411.1032615,57.71068800822832
1788412411.1044495,48.41746698366478
1788412411.10935,47.86744399461895
1788412411.1143079,72.28963100351393
1788412411.1164823,35.14219599310309
1788412411.1191094,50.02783201052807
1788412411.1224422,43.95510899485089
1788412411.1346107,12.148419977165759
1788412411.1472116,55.92839000746608
1788412411.1491952,52.180016005877405
1788412411.154048,6.811058992752805
1788412411.1571,61.81925197597593
1788412411.1623962,48.06227399967611
1788412411.1714027,52.214308991096914
1788412411.1756105,4.1867889813147485
1788412411.2029219,48.846392979612574
1788412411.2049935,55.75942702125758
1788412411.2082932,45.87615898344666
1788412411.21587,7.55539900274016
1788412411.2171314,12.1108669845853
1788412411.2222486,5.091194005217403
1788412411.2280347,52.400519023649395
1788412411.2584496,55.50278798909858
1788412411.2625582,4.0807850018609315
1788412411.2637084,47.81601601280272
1788412411.268451,4.721881996374577
1788412411.274531,52.25751901161857
1788412411.274961,46.892165002645925
1788412411.2765596,46.31995499948971
1788412411.2798045,4.818052024347708
1788412411.310764,48.181199992541224
1788412411.3158345,5.037973984144628
1788412411.322416,45.83204397931695
1788412411.3241174,8.262862975243479
1788412411.3266482,4.208678990835324
1788412411.331301,51.472884020768106
1788412411.331616,57.06078599905595
1788412411.339838,8.50848900154233
1788412411.3705091,46.361793007235974
1788412411.3746774,48.00655000144616
1788412411.382497,50.85733099258505
1788412411.3873572,4.83681500190869
1788412411.3907819,50.91981901205145
1788412411.3922243,4.845768999075517
1788412411.4152908,44.753719004802406
1788412411.4235623,48.86041401186958
1788412411.4346256,43.814311997266486
1788412411.438917,4.260012996383011
1788412411.463013,4.78322702110745
1788412411.4693809,54.06624800525606
1788412411.4701784,7.1314420201815665
1788412411.4782398,54.65026700403541
1788412411.4842641,5.996732012135908
1788412411.4900844,51.14537902409211
1788412411.497666,7.548870024038479
1788412411.5234752,54.07191999256611
1788412411.5323837,48.100018000695854
1788412411.5375662,5.1589639915619045
1788412411.5445135,46.82428200612776
1788412411.5515854,7.038256007945165
1788412411.5707393,47.235410020221025
1788412411.5773091,6.5418560116086155
1788412411.5821607,4.823953990126029
1788412411.583777,46.182885009329766
1788412411.5886533,6.4698500209487975
1788412411.5919037,8.10344802448526
1788412411.6024332,50.824091013055295
1788412411.60766,52.09086200920865
1788412411.634513,45.82472800393589
1788412411.638843,4.307762021198869
1788412411.6399455,48.01770800258964
1788412411.6460657,7.201723987236619
1788412411.6507916,4.7058649943210185
1788412411.6528764,50.41966200224124
1788412411.6591024,51.4177140139509
1788412411.663284,4.158174997428432
1788412411.6919777,52.009664999786764
1788412411.6992912,48.478517011972144
1788412411.7066476,53.74886200297624
1788412411.7155404,16.219785989960656
1788412411.722525,59.21064401627518
1788412411.7328734,17.310747993178666
1788412411.7362776,13.723554991884157
1788412411.7507932,58.78643799223937
1788412411.7543492,8.634691999759525
1788412411.763502,9.12061199778691
1788412411.7663343,59.64865899295546
1788412411.7777004,11.317618016619235
1788412411.7827103,49.811592005426064
1788412411.7860022,49.69824000727385
1788412411.7935412,51.2743940053042
1788412411.801241,50.42056800448336
1788412411.8109431,47.40306199528277
1788412411.8245378,13.560743012931198
1788412411.829444,4.8775720060803
1788412411.8374226,7.945785007905215
1788412411.846521,63.773722999030724
1788412411.860297,74.26623700303026
1788412411.8617113,60.435903986217454
1788412411.8723238,10.579692985629663
1788412411.87778,5.435428989585489
1788412411.887408,49.957832001382485
1788412411.8984742,51.9278229912743
1788412411.906769,46.440856996923685
1788412411.9225152,44.714415998896584
1788412411.9283094,5.745582981035113
1788412411.9331236,4.790596023667604
1788412411.9369178,49.48743601562455
1788412411.9464273,47.926756989909336
1788412411.95028,3.8282749883364886
1788412411.9555216,48.72991199954413
1788412411.982625,49.481864989502355
1788412411.983716,46.77606298355386
1788412411.9879735,5.325690028257668
1788412411.9944549,6.451930006733164
1788412411.999531,49.22920698300004
1788412412.0033138,47.769336990313604
1788412412.030533,46.79750499781221
1788412412.0349271,4.37102498835884
1788412412.0391316,4.181886004516855
1788412412.0424433,47.966595011530444
1788412412.0488591,49.305052001727745
1788412412.0516396,48.29129698919132
1788412412.0685072,4.031353018945083
1788412412.0733328,4.8037270025815815
1788412412.090497,51.340880017960444
1788412412.0933576,50.885281001683325
1788412412.0961618,5.627328995615244
1788412412.1023533,50.68614598712884
1788412412.10562,56.740169995464385
1788412412.1157348,10.094277007738128
1788412412.1393597,45.967376994667575
1788412412.1481702,51.976336020743474
1788412412.153558,5.357932997867465
1788412412.1586378,56.258330994751304
1788412412.1630716,47.31760598951951
1788412412.187071,47.68104798858985
1788412412.198634,45.0431969948113
1788412412.2035496,4.891433985903859
1788412412.2064106,47.74516599718481
1788412412.2148976,51.802870992105454
1788412412.23455,47.4571050144732
1788412412.2512097,47.63908500899561
1788412412.2526388,46.20922802132554
1788412412.2581818,6.951735005713999
1788412412.2641428,49.22399698989466
1788412412.2826025,48.02916198968887
1788412412.2998848,47.22478301846422
1788412412.3095863,51.38510899269022
1788412412.313469,3.8629370101261884
1788412412.3345702,51.94632799248211
1788412412.3391457,4.552668979158625
1788412412.3434746,4.30849299300462
1788412412.3473432,47.4369740113616
1788412412.3592541,45.75469400151633
1788412412.3929949,49.500790977617726
1788412412.3943768,47.0120900135953
1788412412.4011967,6.797556998208165
1788412412.4067204,5.504909990122542
1788412412.4114194,52.13738098973408
1788412412.4418485,6.748423998942599
1788412412.4454696,52.455413999268785
1788412412.4593167,52.57652499130927
1788412412.4607027,49.25368799013086
1788412412.4664257,5.694188002962619
1788412412.4706757,50.11515598744154
1788412412.490576,45.07945399382152
1788412412.5075815,48.24396301410161
1788412412.5170527,50.60540800332092
1788412412.5214818,4.405674000736326
1788412412.522898,52.19284901977517
1788412412.559456,51.85212497599423
1788412412.566485,44.976889999816194
1788412412.5717227,48.792602989124134
1788412412.5751262,8.617774001322687
1788412412.5793242,7.5800880149472505
1788412412.607309,47.829770017415285
1788412412.6112401,3.909765015123412
1788412412.6165824,5.320433992892504
1788412412.626427,47.074388014152646
1788412412.628979,53.83303601411171
1788412412.6326742,3.673878003610298
1788412412.6632729,46.6704020218458
1788412412.674361,47.91080902214162
1788412412.683896,51.20078599429689
1788412412.7105267,47.229265997884795
1788412412.7158666,55.050551978638396
1788412412.7308583,46.94071802077815
1788412412.7588255,48.274319007759914
1788412412.7644756,5.626448022667319
1788412412.7655816,49.69383199932054
1788412412.782815,51.932895003119484
1788412412.7845566,9.999944013543427
1788412412.7897701,5.193726974539459
1788412412.7950432,62.05456398311071
1788412412.8008344,5.772297998191789
1788412412.8154533,49.8521410045214
1788412412.82101,48.90339300618507
1788412412.8228722,53.58536299900152
1788412412.8332212,20.42427400010638
1788412412.874415,65.64468698343262
1788412412.8788984,55.98660101532005
1788412412.8833869,4.462218028493226
1788412412.88729,54.04560701572336
1788412412.8901923,74.71721898764372
1788412412.892691,11.470235011074692
1788412412.895848,79.02204600395635
1788412412.9187977,44.361970998579636
1788412412.9228382,4.017541999928653
1788412412.9378424,14.982652995968238
1788412412.9408662,57.443436002358794
1788412412.9437766,51.068180007860065
1788412412.9693975,62.87295700167306
1788412412.9845772,69.81597800040618
1788412412.9920084,7.410623977193609
1788412412.9937074,49.90902901045047
1788412412.9939387,64.8961330007296
1788412413.004842,63.95525499829091
1788412413.0273378,59.74868100020103
1788412413.028372,55.382168997311965
1788412413.0377424,68.32629200653173
1788412413.040205,12.845249992096797
1788412413.0444696,58.28314201789908
1788412413.0458064,50.93793600099161
1788412413.0500102,21.61595202051103
1788412413.055827,61.86231900937855
1788412413.0576937,23.088757996447384
1788412413.0718098,49.497127009090036
1788412413.1002388,50.20700700697489
1788412413.1040533,63.821440999163315
1788412413.1070483,61.217813985422254
1788412413.1128523,11.38416098547168
1788412413.1145687,50.452998984837905
1788412413.1202838,13.21110301068984
1788412413.1220968,54.267091007204726
1788412413.146486,10.427045985125005
1788412413.1478577,76.02401098120026
1788412413.1570697,52.99317601020448
1788412413.1611214,9.884521015919745
1788412413.1629348,30.07973698549904
1788412413.1645362,64.27377997897565
1788412413.1702912,22.40114100277424
1788412413.172213,15.118666982743889
1788412413.1766093,55.718576011713594
1788412413.1810296,58.913879009196535
1788412413.1889534,58.062656986294314
1788412413.194239,22.685831994749606
1788412413.1969087,50.400045001879334
1788412413.201431,12.447732005966827
1788412413.2082894,11.356437025824562
1788412413.2162712,45.940249983686954
1788412413.2234607,60.49371699918993
1788412413.224564,63.42246101121418
1788412413.2344296,57.797485002083704
1788412413.2404435,46.1724910128396
1788412413.2420783,61.02629500674084
1788412413.2527006,51.24884800170548
1788412413.255372,47.05068498151377
1788412413.2611878,5.78181998571381
1788412413.262603,46.310389996506274
1788412413.2703521,46.86947001027875
1788412413.274644,50.06100598257035
1788412413.2823408,47.88788000587374
1788412413.2904263,48.323295020964
1788412413.3000836,47.357741015730426
1788412413.3104858,47.848372982116416
1788412413.3116715,50.46234198380262
1788412413.3194437,49.06778899021447
1788412413.3243864,47.154047002550215
1788412413.3260942,51.42715101828799
1788412413.328518,46.156441007042304
1788412413.3298821,10.419005993753672
1788412413.3357563,45.305061008548364
1788412413.3512492,51.12392400042154
1788412413.3583677,46.67415298172273
1788412413.3711672,46.75992898410186
1788412413.3750515,46.51433599065058
1788412413.376403,46.42908298410475
1788412413.377158,5.96927700098604
1788412413.3822193,5.044064979301766
1788412413.3984418,47.1694559964817
1788412413.4044554,46.06361998594366
1788412413.4174178,10.324619011953473
1788412413.422592,47.51611998653971
1788412413.4249802,7.540844002505764
1788412413.4341793,51.93981601041742
1788412413.4373977,12.394539982778952
1788412413.444732,46.2638039898593
1788412413.4531643,8.401271014008671
1788412413.4597793,55.30229501891881
1788412413.4706926,48.067360010463744
1788412413.4790256,8.304593997308984
1788412413.4857776,48.35750500205904
1788412413.4886413,5.770268995547667
1788412413.488984,54.78276900248602
1788412413.500671,12.006990000372753
1788412413.5054553,52.265632984926924
1788412413.507388,47.58166000829078
1788412413.5319993,52.946334006264806
1788412413.535468,46.46192499785684
1788412413.5504162,49.72017800901085
1788412413.5540867,3.6482689902186394
1788412413.5595343,53.99604598642327
1788412413.562894,55.46859200694598
1788412413.563594,49.29368800367229
1788412413.5825236,47.03467900981195
1788412413.5872386,4.693477007094771
1788412413.591254,3.994444996351376
1788412413.5983734,44.26713701104745
1788412413.6067944,47.23662798642181
1788412413.6130865,49.467502016341314
1788412413.6171808,54.2643410153687
1788412413.6209688,3.7644509866368026
1788412413.6388345,47.55931597901508
1788412413.6427853,44.391317991539836
1788412413.6545253,47.697639995021746
1788412413.6604872,47.37824201583862
1788412413.6673875,46.393349999561906
1788412413.6830277,44.17045699665323
1788412413.6909637,48.153464013012126
1788412413.7117321,51.22467200271785
1788412413.715247,47.836006997385994
1788412413.7220287,6.756255985237658
1788412413.7269251,4.873047000728548
1788412413.730749,47.694704990135506
1788412413.7426987,51.704963989323005
1788412413.765435,53.678508003940806
1788412413.7780147,51.06598400743678
1788412413.78203,51.24405998503789
1788412413.789247,46.46461000083946
1788412413.796679,10.519456991460174
1788412413.8038547,14.57616500556469
1788412413.8066304,9.91952998447232
1788412413.8126183,47.156846994766966
1788412413.8162296,9.580011013895273
1788412413.828281,50.23265699855983
1788412413.8343663,52.314036001916975
1788412413.8544385,50.564770004712045
1788412413.870796,58.15622300724499
1788412413.876522,5.70141602656804
1788412413.8933537,65.03218298894353
1788412413.901087,66.69585101190023
1788412413.9041407,10.752843983937055
1788412413.9137864,59.31584400241263
1788412413.926659,50.11496398947202
1788412413.9341629,7.478682993678376
1788412413.9412735,7.085518998792395
1788412413.9497511,8.456918993033469
1788412413.9548454,50.663242989685386
1788412413.9557083,54.60122899967246
1788412413.967116,53.304234985262156
1788412413.9956338,45.85973999928683
1788412414.0009928,5.3247190080583096
1788412414.008489,53.60618501435965
1788412414.0096605,53.93071597791277
1788412414.014102,5.583888007095084
1788412414.0286875,5.4526969906874
1788412414.047332,46.31676300778054
1788412414.0588624,49.177377979503945
1788412414.0602865,46.161189005943015
1788412414.0755866,46.878641995135695
1788412414.0841339,5.1225339993834496
1788412414.098379,51.021904015215114
1788412414.1077714,48.88462700182572
1788412414.1267474,51.13738399813883
1788412414.1346517,7.826315995771438
1788412414.1391003,4.429195018019527
1788412414.1463053,47.90032800519839
1788412414.1600568,52.262273005908355
1788412414.1686032,8.52242298424244
1788412414.1885412,49.41957499249838
1788412414.193585,5.020673997933045
1788412414.1949675,48.64081600680947
1788412414.1984181,4.811858001630753
1788412414.203591,5.150616983883083
1788412414.2145915,45.96391299855895
1788412414.2435546,48.56383497826755
1788412414.2485623,4.983017017366365
1788412414.2521598,48.54650498600677
1788412414.2627032,48.08173098717816
1788412414.2649803,12.791549001121894
1788412414.269504,6.774298002710566
1788412414.2782977,13.286708010127768
1788412414.2879467,9.622550016501918
1788412414.2984085,49.81971898814663
1788412414.3145022,44.96371099958196
1788412414.319992,5.46410700189881
1788412414.3305733,49.21582399401814
1788412414.350655,52.21518100006506
1788412414.3673027,47.28648898890242
1788412414.3763385,45.739348977804184
1788412414.38103,4.6684629924129695
1788412414.3945127,43.83497199160047
1788412414.414331,47.00445500202477
1788412414.4275174,46.46717000287026
1788412414.4384818,43.937744019785896
1788412414.4652193,50.86237299838103
1788412414.4670305,7.238876016344875
1788412414.4723134,5.246941989753395
1788412414.4747639,9.523271990474313
1788412414.4803956,52.854394976748154
1788412414.483714,45.207269984530285
1788412414.4850893,10.305430012522265
1788412414.5274315,55.095952993724495
1788412414.5314596,4.003074020147324
1788412414.534497,49.386176018742844
1788412414.5361228,4.642309999326244
1788412414.5391328,55.39460401632823
1788412414.543751,7.605738006532192
1788412414.5444698,9.940177988028154
1788412414.595188,56.02046300191432
1788412414.596289,51.79620598210022
1788412414.599159,55.38779799826443
1788412414.6085079,9.32669301982969
1788412414.6169884,8.457160991383716
1788412414.6424627,46.14111300907098
1788412414.648524,6.0309990076348186
1788412414.6623623,45.35530201974325
1788412414.6819835,3.9317129994742572
1788412414.6945598,46.01619500317611
1788412414.70648,44.0949079929851
1788412414.7432346,48.65127700031735
1788412414.7504091,43.90537002473138
1788412414.7566164,6.184697995195165
1788412414.7629855,6.347852002363652
1788412414.79149,48.233146022539586
1788412414.80092,10.793204011861235
1788412414.8116198,9.730050020152703
1788412414.820778,57.77005897834897
1788412414.833031,49.68473702319898
1788412414.8720312,58.531022019451484
1788412414.8772821,56.48612300865352
1788412414.8786473,6.583348993444815
1788412414.8807456,46.75981300533749
1788412414.886848,9.545225999318063
1788412414.8888023,8.019093016628176
1788412414.9204128,5.555294977966696
1788412414.9264884,47.81962602282874
1788412414.9281442,7.710514008067548
1788412414.9420943,55.22277197451331
1788412414.9489477,60.123289993498474
1788412414.955616,52.290906984126195
1788412414.9618,50.50053700688295
1788412414.9714093,44.89453401765786
1788412414.9784422,50.269984029000625
1788412414.9864624,46.99066298780963
1788412414.9923933,5.9073019947391
1788412414.9993458,57.225218013627455
1788412415.001493,9.079026989638805
1788412415.0086198,59.65146399103105
1788412415.0119433,50.11961900163442
1788412415.0148857,59.2502249928657
1788412415.025155,46.68492800556123
1788412415.0343978,62.96535098226741
1788412415.0442038,19.022120017325506
1788412415.0470269,18.200710008386523
1788412415.049808,20.12312601436861
1788412415.0528085,57.77056599617936
1788412415.0582752,57.68600301234983
1788412415.0597653,58.251362992450595
1788412415.0694659,54.554199014091864
1788412415.078298,20.001243974547833
1788412415.087392,64.95371097116731
1788412415.0974336,53.21211798582226
1788412415.1082242,84.63080099318177
1788412415.1132033,31.372457975521684
1788412415.1193316,66.50018200161867
1788412415.1227195,75.6735359900631
1788412415.1239986,54.50378099340014
1788412415.1253304,59.133995993761346
1788412415.1268442,16.78000800893642
1788412415.1312215,17.997314978856593
1788412415.13363,10.890005010878667
1788412415.139875,90.04891497897916
1788412415.1408393,81.0528930160217
1788412415.1456003,26.24348399695009
1788412415.1534777,65.08139299694449
1788412415.158534,62.638497998705134
1788412415.1657746,12.27458199718967
1788412415.1704283,62.1841520187445
1788412415.1778734,52.52132102032192
1788412415.1848671,57.980286015663296
1788412415.191552,60.30841398751363
1788412415.1935406,34.983367018867284
1788412415.197238,63.58546600677073
1788412415.1989663,19.006118003744632
1788412415.2066934,61.07142398832366
1788412415.2128847,13.896126998588443
1788412415.2140467,73.18659502197988
1788412415.2241983,71.10042701242492
1788412415.2287047,57.24376701982692
1788412415.2351406,57.18727700877935
1788412415.2384698,35.48546298407018
1788412415.247371,62.48158300877549
1788412415.2528534,55.59063298278488
1788412415.2620912,55.375980999087915
1788412415.2725284,48.30073899938725
1788412415.278474,62.934259010944515
1788412415.2830815,4.582786001265049
1788412415.2844744,55.74138998053968
1788412415.2964056,57.915411016438156
1788412415.3013895,53.99846701766364
1788412415.3044038,51.52858997462317
1788412415.3304284,45.92691198922694
1788412415.335586,52.48326199944131
1788412415.3454595,9.85425102408044
1788412415.3500068,4.521163005847484
1788412415.3513095,10.441076999995857
1788412415.3526773,48.25260100187734
1788412415.3609517,59.53909098752774
1788412415.371391,10.404493979876861
1788412415.3751345,3.7242370017338544
1788412415.3984137,8.401867002248764
1788412415.403605,5.172110017156228
1788412415.406983,52.76150497957133
1788412415.4091105,59.076142992125824
1788412415.4105976,57.897819991922006
1788412415.4151785,63.8501480279956
1788412415.425447,50.29127499437891
1788412415.4295135,4.044912988319993
1788412415.4503958,46.76957102492452
1788412415.455615,48.60179399838671
1788412415.4577692,7.349001010879874
1788412415.4608653,51.72738299006596
1788412415.4639874,8.35336500313133
1788412415.476456,46.92044301191345
1788412415.503075,45.276399003341794
1788412415.5098438,6.746850005583838
1788412415.515347,5.482897016918287
1788412415.5277102,51.23199400259182
1788412415.5331988,5.4668899974785745
1788412415.5655627,50.18005199963227
1788412415.56657,55.64940502517857
1788412415.5883946,52.80350401881151
1788412415.6105115,43.92102500423789
1788412415.6148157,4.275651997886598
1788412415.6209435,55.361961014568806
1788412415.6350195,46.603193011833355
1788412415.66284,48.00432501360774
1788412415.6692562,48.29079401679337
1788412415.6866128,51.571276009781286
1788412415.6903522,3.715832979651168
1788412415.7115352,48.674001009203494
1788412415.722326,53.049896989250556
1788412415.7621558,50.5995329876896
1788412415.7796607,57.31341801583767
1788412415.7818809,11.296447977656499
1788412415.7908921,8.991420007077977
1788412415.7974195,6.510170991532505
1788412415.8127682,50.57276098523289
1788412415.8176918,4.902792017674074
1788412415.8464894,49.048263987060636
1788412415.851505,4.990318004274741
1788412415.86906,51.34876200463623
1788412415.874687,50.87993701454252
1788412415.882833,57.03592600184493
1788412415.899995,48.455416021170095
1788412415.9307,55.97554400446825
1788412415.9435775,60.72097702417523
1788412415.9474924,47.46445297496393
1788412415.9561327,8.612961013568565
1788412415.9944885,50.888986996142194
1788412416.0006795,6.167804996948689
1788412416.0107248,10.022375994594768
1788412416.0117087,55.55540500790812
1788412416.0585353,47.790211014216766
1788412416.064038,5.476801976328716
1788412416.0681229,4.061477986397222
1788412416.0791354,13.592635019449517
1788412416.0985105,7.49506798456423
1788412416.1055315,6.992145994445309
1788412416.1183496,50.200052006402984
1788412416.1316028,52.44294801377691
1788412416.1399317,21.557378000579774
1788412416.18661,54.97646899311803
1788412416.1878572,47.90226501063444
1788412416.1941347,7.5024399848189205
1788412416.2345486,46.660256979521364
1788412416.2415464,47.37510302220471
1788412416.2428586,8.285202988190576
1788412416.2917511,50.18188801477663
1788412416.2961776,53.29825199441984
1788412416.2980595,6.2838069861754775
1788412416.3033152,7.104620017344132
1788412416.3424466,44.36376100056805
1788412416.34929,6.816873996285722
1788412416.3582141,54.86970901256427
1788412416.3592732,50.61345000285655
1788412416.394345,45.03265902167186
1788412416.439621,45.250833994941786
1788412416.4445245,4.8829769948497415
1788412416.4503634,5.816794000566006
1788412416.4592779,7.803767977748066
1788412416.498962,48.57500799698755
1788412416.5003982,6.123865023255348
1788412416.510804,4.036997997900471
1788412416.5126374,53.34031497477554
1788412416.5538201,53.40238899225369
1788412416.5653787,54.5465009927284
1788412416.5984366,44.5926169923041
1788412416.6057482,7.2900590021163225
1788412416.6151927,9.424885996850207
1788412416.6631515,47.93997999513522
1788412416.6962278,8.652577991597354
1788412416.7011042,4.844089009566233
1788412416.7140326,50.85976701229811
1788412416.746701,45.57802798808552
1788412416.7652357,51.18015100015327
1788412416.771844,6.587028008652851
1788412416.7944484,47.72517899982631
1788412416.8201795,48.31576099968515
1788412416.8354402,15.2417249919381
1788412416.8412611,7.658422982785851
1788412416.8505754,9.293224982684478
1788412416.8772728,53.77448399667628
1788412416.8852017,7.905981998192146
1788412416.89195,60.2321439946536
1788412416.9074411,56.83709602453746
1788412416.9224553,14.97162799932994
1788412416.945545,53.57172500225715
1788412416.9552524,9.668915998190641
1788412416.9700613,59.48748500668444
1788412416.9758232,5.722365982364863
1788412416.9919524,62.87392898229882
1788412417.011329,56.047663994831964
1788412417.0267603,50.903499010019004
1788412417.088306,61.505870980909094
1788412417.1090088,97.64370101038367
1788412417.1188657,33.468701993115246
1788412417.1383903,19.475846987916157
1788412417.1778646,43.137895001564175
1788412417.18206,33.47955900244415
1788412417.183361,29.8580429807771
1788412417.2071376,50.61264001415111
1788412417.222327,15.167036995990202
1788412417.2267523,23.275437008123845
1788412417.2463536,57.673080009408295
1788412417.247305,27.813349006464705
1788412417.2520487,29.702539992285892
1788412417.259656,22.008505009580404
1788412417.2634335,16.10935101052746
1788412417.2687914,20.823700993787497
1788412417.2715032,52.239927026676014
1788412417.2780888,26.018592005129904
1788412417.298675,25.76732699526474
1788412417.3020368,62.58069898467511
1788412417.3061607,21.76260098349303
1788412417.306709,11.502299981657416
1788412417.3164024,52.94238298665732
1788412417.3201993,56.27354999887757
1788412417.3309405,59.41437199362554
1788412417.3393779,61.26800199854188
1788412417.3442857,75.4626459965948
1788412417.3615198,30.558161000953987
1788412417.3628414,64.14546302403323
1788412417.3636954,52.70022098557092
1788412417.3658447,59.66674300725572
1788412417.3720317,51.80169802042656
1788412417.3748715,11.157101020216942
1788412417.3887608,49.36029500095174
1788412417.3955498,49.4765889889095
1788412417.4064524,44.91089298971929
1788412417.4104168,47.552128991810605
1788412417.428361,53.46747298608534
1788412417.435952,4.874081001617014
1788412417.4414124,52.62794901500456
1788412417.447746,52.17486299807206
1788412417.4553597,7.590252993395552
1788412417.4781168,54.74463800783269
1788412417.4851425,6.993509014137089
1788412417.4870744,51.098905998514965
1788412417.4918568,15.135793015360832
1788412417.508206,52.821083983872086
1788412417.528501,55.945622007129714
1788412417.5338485,5.315493996022269
1788412417.5368528,51.680724980542436
1788412417.5395174,52.409072988666594
1788412417.5442245,52.33862198656425
1788412417.5798163,45.9468119952362
1788412417.5973728,52.21349801286124
1788412417.627118,47.27873200317845
1788412417.632177,5.036126007325947
1788412417.6433716,45.97592100617476
1788412417.678419,46.2205080257263
1788412417.6877198,7.459753978764638
1788412417.6910539,47.65890500857495
1788412417.700337,9.218771010637283
1788412417.7034683,15.729959995951504
1788412417.7163897,5.42696300544776
1788412417.7476084,47.25115100154653
1788412417.7540917,6.462530989665538
1788412417.7636,47.18672498711385
1788412417.8059711,51.85495098703541
1788412417.811168,47.5462409958709
1788412417.8123913,6.390808994183317
1788412417.8639586,51.54636700171977
1788412417.8708365,6.854806997580454
1788412417.8723655,61.17271998664364
1788412417.894242,23.37982101016678
1788412417.9109955,8.830751990899444
1788412417.9218311,10.809656989295036
1788412417.9332097,60.80945799476467
1788412417.9490588,27.206260012462735
1788412417.9950678,45.98424001596868
1788412418.0039082,50.22742599248886
1788412418.0051877,12.612132995855063
1788412418.0239666,4.324892011936754
1788412418.0545058,50.578269991092384
1788412418.122005,3.796870994847268
1788412418.126121,4.09343300270848
1788412418.1707811,44.637209008214995
1788412418.3812563,8.046286005992442
1788412418.3942044,19.60081802099012
1788412418.4034212,9.19100598548539
1788412418.4617305,58.28809802187607
1788412418.5107558,48.99606300750747
1788412418.524284,9.06186900101602
1788412418.5711713,46.86353899887763
1788412418.5735445,54.58192998776212
1788412418.5814793,7.914950023405254
1788412418.6323626,5.872276000445709
1788412418.6368825,51.948720996733755
1788412418.640081,7.698921021074057
1788412418.692173,52.0716899773106
1788412418.6974354,5.23926000460051
1788412418.8055499,5.175205995328724
1788412418.810323,4.7539180086459965
1788412418.866562,56.2128110032063
1788412418.8679457,5.771480005932972
1788412418.8794785,19.3156230088789
1788412418.9173758,5.7900589890778065
1788412418.926737,9.33713698759675
1788412418.954745,75.22595100454055
1788412418.9862535,59.485193982254714
1788412419.036997,82.21561700338498
1788412419.050186,13.166511984309182
1788412419.0588152,72.52494298154488
1788412419.1023827,52.17239199555479
1788412419.113558,7.509322022087872
1788412419.1610758,47.49367298791185
1788412419.1631546,53.81843901704997
1788412419.1650455,7.7705760195385665
1788412419.1700346,8.925016009015962
1788412419.1894803,19.4121090171393
1788412419.229597,27.01087499735877
1788412419.2374163,16.529134998563677
1788412419.238988,73.9096570177935
1788412419.249504,46.602182992501184
1788412419.2565932,74.12882198696025
1788412419.2573223,35.26722299284302
1788412419.2644985,25.48967397888191
1788412419.2850182,20.498697995208204
1788412419.30686,57.94120399514213
1788412419.3083284,23.28652099822648
1788412419.3198795,10.446161002619192
1788412419.324445,21.431311004562303
1788412419.3310978,78.7743050022982
1788412419.336049,64.19454800197855
1788412419.3413413,34.45962999830954
1788412419.352851,21.728069987148046
1788412419.3702047,52.49841802287847
1788412419.3772342,29.164356004912406
1788412419.3883293,11.0701959929429
1788412419.395545,54.181368002900854
1788412419.3965528,73.75611699535511
1788412419.409877,13.303941988851875
1788412419.419654,65.58128801407292
1788412419.428295,67.63129497994669
1788412419.438626,50.274915993213654
1788412419.4485762,9.925628022756428
1788412419.451444,29.98590699280612
1788412419.4709854,19.516533007845283
1788412419.4750004,64.89974301075563
1788412419.485496,10.464669001521543
1788412419.4870229,67.34494198462926
1788412419.4946878,99.1156930103898
1788412419.4963262,47.72786801913753
1788412419.4976046,10.555543994996697
1788412419.5192506,48.239707975881174
1788412419.524934,55.177627014927566
1788412419.54998,55.265157017856836
1788412419.5715168,52.235956012737006
1788412419.575399,50.441049999790266
1788412419.5875094,15.955459006363526
1788412419.5949244,58.01308999070898
1788412419.5965092,31.63361898623407
1788412419.5986574,31.112354015931487
1788412419.6007555,5.807003995869309
1788412419.6025157,52.51173401484266
1788412419.6189103,31.374362006317824
1788412419.6383414,69.41823099623434
1788412419.6394243,64.00030700024217
1788412419.6449406,48.40003399294801
1788412419.6487472,47.96949299634434
1788412419.6705096,51.575283985584974
1788412419.6892035,49.757934000808746
1788412419.6965947,47.824534005485475
1788412419.7188444,48.306201002560556
1788412419.7328892,4.846929979976267
1788412419.7431936,53.96213100175373
1788412419.7477245,51.10916402190924
1788412419.7512622,8.048757998039946
1788412419.7600698,8.784660982200876
1788412419.7741094,55.241873022168875
1788412419.7940047,61.095421988284215
1788412419.8121696,52.08063099416904
1788412419.8207328,8.542090974515304
1788412419.8287659,54.63094898732379
1788412419.8473475,53.31743499846198
1788412419.8521848,16.423300985479727
1788412419.8705375,49.7839949966874
1788412419.874556,45.770397991873324
1788412419.9003394,52.96910501783714
1788412419.9185019,47.93806199450046
1788412419.919913,45.33257000730373
1788412419.934105,14.171619986882433
1788412419.9624863,43.95647798082791
1788412419.971265,8.754226000746712
1788412419.9837716,49.6458780253306
1788412419.9967797,25.484528014203534
1788412420.024906,9.891016990877688
1788412420.0424385,45.63776799477637
1788412420.061199,47.687202983070165
1788412420.0768774,7.713508995948359
1788412420.0798135,51.99664199608378
1788412420.1225257,45.59448899817653
1788412420.1663306,43.78541401820257
1788412420.1705816,4.228798003168777
1788412420.174019,3.4143230004701763
1788412420.2183928,44.33647499536164
1788412420.2247975,6.380328006343916
1788412420.2764087,51.588959991931915
1788412420.2803614,3.924925986211747
1788412420.2853818,4.999436001526192
1788412420.3313065,45.901298988610506
1788412420.3452573,13.92439499613829
1788412420.3581872,12.90080597391352
1788412420.3735611,15.345650987001136
1788412420.387441,13.856913981726393
1788412420.4343958,46.936960017774254
1788412420.4864867,52.06594700575806
1788412420.4912114,4.699492012150586
1788412420.4981506,6.918550003319979
1788412420.5028615,4.691692010965198
1788412420.5473795,44.49459500028752
1788412420.5542204,6.812631007051095
1788412420.5636084,9.366696991492063
1788412420.6086352,7.507847010856494
1788412420.6143036,14.235626003937796
1788412420.6153102,51.68088598293252
1788412420.61699,8.334803016623482
1788412420.6260324,9.014513023430482
1788412420.6560502,9.989654005039483
1788412420.6657946,51.47053301334381
1788412420.6661677,50.83849499351345
1788412420.6715553,45.4489910043776
1788412420.6755052,9.68617998296395
1788412420.6842194,8.688592002727091
1788412420.6881387,16.56048998120241
1788412420.7183194,52.12081898935139
1788412420.7267113,8.368007023818791
1788412420.7331622,48.91931402380578
1788412420.7472873,59.12841099780053
1788412420.761643,55.45029600034468
1788412420.7874775,60.742765985196456
1788412420.7888129,55.629851995036006
1788412420.795034,7.527223002398387
1788412420.8009822,12.145923974458128
1788412420.8045843,57.27435299195349
1788412420.8060672,11.009445006493479
1788412420.8168604,55.191913997987285
1788412420.846491,45.48630799399689
1788412420.861758,15.238054998917505
1788412420.862229,57.61573000927456
1788412420.8730278,66.93760500638746
1788412420.8784635,16.679366992320865
1788412420.8826735,65.79116400098428
1788412420.9131808,50.92274598428048
1788412420.9239314,17.19700201647356
1788412420.933496,60.44572498649359
1788412420.936321,53.62625900306739
1788412420.9511778,54.9620529927779
1788412420.960806,9.604966006008908
1788412420.9638565,85.37091000471264
1788412420.9680884,7.260818005306646
1788412420.9835377,59.58480399567634
1788412420.9865148,50.1695119892247
1788412421.0127885,48.906305979471654
1788412421.0237281,55.61121299979277
1788412421.0317185,7.967160985572264
1788412421.0391493,55.58815199765377
1788412421.0394592,52.88900600862689
1788412421.042403,10.666501999367028
1788412421.0880733,11.080223979661241
1788412421.0913901,51.911903981817886
1788412421.0949256,11.61580698681064
1788412421.1042297,9.279242978664115
1788412421.1168997,12.642735004192218
1788412421.1435866,52.173208008753136
1788412421.1488657,5.257206998066977
1788412421.1563008,7.413749000988901
1788412421.162165,5.84273599088192
1788412421.1662905,49.36837198329158
1788412421.2161114,53.92354598734528
1788412421.220387,54.07263900269754
1788412421.2294304,13.29806400462985
1788412421.2324195,12.010870006633922
1788412421.2438054,14.356654020957649
1788412421.2464516,14.013882988365367
1788412421.2687852,5.764000001363456
1788412421.2973936,12.435570999514312
1788412421.3102543,66.4303739904426
1788412421.3126805,66.20793699403293
1788412421.3225646,53.75832601566799
1788412421.3478262,31.794390990398824
1788412421.3641267,7.860504993004724
1788412421.36957,56.86208899714984
1788412421.3741865,51.59801201079972
1788412421.387748,10.478442010935396
1788412421.3912094,16.140138002811
1788412421.4020793,54.231479996815324
1788412421.4432688,52.025943994522095
1788412421.4444883,56.71910900855437
1788412421.4482682,21.735237998655066
1788412421.4613953,27.57458999985829
1788412421.4711986,18.196496996097267
1788412421.4915452,48.248601000523195
1788412421.497613,7.398550020297989
1788412421.5070903,58.80137698841281
1788412421.516616,9.506197005975991
1788412421.521089,49.87162200268358
1788412421.5224469,24.814903998048976
1788412421.5238845,62.46276499587111
1788412421.530921,14.285041019320488
1788412421.5351226,62.60996399214491
1788412421.536626,14.15775899658911
1788412421.5533652,61.799143004463986
1788412421.557514,51.53242897358723
1788412421.5746558,43.715211999369785
1788412421.577799,56.68915799469687
1788412421.5832434,59.338677005143836
1788412421.5914824,54.83720201300457
1788412421.6104345,57.04803398111835
1788412421.623616,45.794784993631765
1788412421.6361723,52.907448989572
1788412421.640282,5.345167999621481
1788412421.6448033,8.608978998381644
1788412421.650288,58.78319899784401
1788412421.6550956,10.273448016960174
1788412421.659943,49.48638399946503
1788412421.6750762,51.43484199652448
1788412421.680787,5.679760011844337
1788412421.6904573,50.15280400402844
1788412421.6948059,13.995674991747364
1788412421.7096598,49.69651301507838
1788412421.7157795,51.85554499621503
1788412421.7221446,53.16702899290249
1788412421.738442,47.95931000262499
1788412421.759702,64.87081499653868
1788412421.7684307,58.74935898464173
1788412421.775233,53.06309400475584
1788412421.7764874,16.762229992309585
1788412421.7879634,49.49662499711849
1788412421.7887568,20.305475976783782
1788412421.790332,15.080368990311399
1788412421.8015513,12.776137999026105
1788412421.8225374,20.95955199911259
1788412421.832792,57.98339401371777
1788412421.8343093,11.750713980291039
1788412421.8475313,57.18071598676033
1788412421.8486173,72.09696897189133
1788412421.861328,12.684791989158839
1788412421.8831685,14.904704003129154
1788412421.8855026,51.166418998036534
1788412421.8874946,54.682130983565
1788412421.8981478,14.959600986912847
1788412421.9070644,59.51228801859543
1788412421.908553,47.20635601552203
1788412421.9257026,6.2937090115156025
1788412421.9399905,54.46624898468144
1788412421.9515204,53.350399975897744
1788412421.959097,50.5224910157267
1788412421.9700847,18.5426389798522
1788412421.9709928,63.90918101533316
1788412421.9770818,51.35139299090952
1788412421.9832072,12.193284987006336
1788412421.9954114,55.39989599492401
1788412422.003989,8.555992011679336
1788412422.0097084,61.528020014520735
1788412422.0266256,58.258804987417534
1788412422.0280213,50.89188300189562
1788412422.0448742,8.143086975906044
1788412422.046328,63.08966100914404
1788412422.05039,4.0398300043307245
1788412422.0570493,57.335712015628815
1788412422.0795834,52.90571801015176
1788412422.0894191,9.81508198310621
1788412422.0919235,63.878836983349174
1788412422.1023686,51.95586199988611
1788412422.1037095,13.160677015548572
1788412422.1072955,62.397981993854046
1788412422.11806,60.97779600531794
1788412422.128138,36.185364006087184
1788412422.1299665,22.64615401509218
1788412422.1304517,66.20928799384274
1788412422.1370864,47.64705500565469
1788412422.1538002,60.19196397392079
1788412422.1552112,51.479916990501806
1788412422.1566262,54.226765991188586
1788412422.1638427,10.010503989178687
1788412422.1715593,53.47787300706841
1788412422.1751716,44.67599498457275
1788412422.1868665,56.872620014473796
1788412422.1915014,16.302696021739393
1788412422.2034142,48.17907701362856
1788412422.2097485,53.09008900076151
1788412422.213382,9.940164018189535
1788412422.2209265,49.338151002302766
1788412422.2310042,10.05573000293225
1788412422.2395852,52.698371990118176
1788412422.2584748,45.07164898677729
1788412422.2631345,53.33885599975474
1788412422.2717752,13.275425997562706
1788412422.276383,4.58367500687018
1788412422.2839398,7.537127006798983
1788412422.287035,56.01135999313556
1788412422.2923675,52.75967498891987
1788412422.3146665,51.50881200097501
1788412422.324614,9.915820992318913
1788412422.3306084,46.65012200712226
1788412422.3358142,48.75991799053736
1788412422.3384843,46.09089798759669
1788412422.3456442,7.12753101834096
1788412422.3598523,14.18635799200274
1788412422.3705287,45.89373301132582
1788412422.377829,47.19639400718734
1788412422.4150548,55.17568500363268
1788412422.4224148,51.86061598942615
1788412422.4265738,90.73299501324072
1788412422.4504046,72.54145998740569
1788412422.4521852,25.57024999987334
1788412422.467708,38.450138992629945
1788412422.4770112,54.57086701062508
1788412422.4839094,33.476351003628224
1788412422.4887311,73.64667099318467
1788412422.4988716,21.8347409972921
1788412422.5029416,50.72970798937604
1788412422.5095122,25.57450401945971
1788412422.5166013,27.838517999043688
1788412422.5500824,51.19025899330154
1788412422.5549695,52.0050429913681
1788412422.567655,17.551477998495102
1788412422.571284,16.29047899041325
1788412422.5749888,58.35410300642252
1788412422.6146355,46.95849699783139
1788412422.63368,58.66591600351967
1788412422.6347375,63.43171000480652
1788412422.6445916,10.869332996662706
1788412422.6649473,50.28400800074451
1788412422.6686647,3.695832012454048
1788412422.690485,7.668321981327608
1788412422.6953006,50.6801709998399
1788412422.7192678,50.58298600488342
1788412422.7443807,53.873594995820895
1788412422.7522757,7.871063979109749
1788412422.7730224,53.73131501255557
1788412422.7812316,8.184586011338979
1788412422.7868996,5.6481119827367365
1788412422.7983737,46.07635200954974
1788412422.8040078,5.610995984170586
1788412422.8309348,44.01604598388076
1788412422.8511071,47.076267015654594
1788412422.8784242,47.46453900588676
1788412422.9024465,51.31385600543581
1788412422.9274917,7.361158001003787
1788412422.927868,49.421670992160216
1788412422.9334307,5.542141996556893
1788412422.9372926,9.778584004379809
1788412422.9415777,8.114536991342902
1788412422.9486144,46.142660023178905
1788412422.954982,6.344774999888614
1788412422.9887846,51.470950013026595
1788412422.9940891,52.48957499861717
1788412423.0145378,46.406343986745924
1788412423.0223129,67.30571601656266
1788412423.0402942,16.087814001366496
1788412423.042018,47.90248000063002
1788412423.050467,28.118557995185256
1788412423.0663009,51.724076009122655
1788412423.0737815,30.782594985794276
1788412423.0871344,46.810166008071974
1788412423.0916953,17.89414801169187
1788412423.096492,33.572653017472476
1788412423.1160448,49.71724798087962
1788412423.137138,7.790241012116894
1788412423.1388273,14.692714001284912
1788412423.1431782,56.02176999673247
1788412423.15149,59.77401399286464
1788412423.1578515,6.339588988339528
1788412423.1637402,5.867473984835669
1788412423.1689966,52.925805997801945
1788412423.1762547,7.237182988319546
1788412423.183808,7.529516995418817
1788412423.1920633,48.859435017220676
1788412423.2209845,57.222709991037846
1788412423.2246,3.5933539911638945
1788412423.2345538,50.70767400320619
1788412423.2393641,47.27884600288235
1788412423.2615197,50.71375900297426
1788412423.2773263,15.781899011926726
1788412423.2791657,44.585063005797565
1788412423.28411,6.757476017810404
1788412423.2930534,53.66685800254345
1788412423.303389,10.313970997231081
1788412423.3291163,53.75217500841245
1788412423.336506,57.31457198271528
1788412423.346401,62.26933002471924
1788412423.3615494,59.50185001711361
1788412423.3626592,59.2418739979621
1788412423.3966336,36.24893198139034
1788412423.4050183,70.60232700314373
1788412423.4203825,68.73059700592421
1788412423.4250462,62.367976002860814
1788412423.445318,48.661525011993945
1788412423.4587321,16.61899097962305
1788412423.4650407,60.00134698115289
1788412423.4681113,5.432076985016465
1788412423.5041451,45.393228996545076
1788412423.5177174,49.58588600857183
1788412423.5254467,7.709247001912445
1788412423.5713482,11.617565993219614
1788412423.5866892,61.22183799743652
1788412423.5943954,19.946077023632824
1788412423.6335037,46.7941660026554
1788412423.6387827,44.36686501139775
1788412423.6798732,12.87788400077261
1788412423.6847813,4.887888004304841
1788412423.691138,6.338526000035927
1788412423.692212,53.40197798795998
1788412423.7057872,13.541377004003152
1788412423.7384312,6.452024012105539
1788412423.7488077,10.356104001402855
1788412423.7548616,63.70429499656893
1788412423.756053,50.246336992131546
1788412423.7687073,12.633364996872842
1788412423.778611,49.76726899622008
1788412423.801611,52.779497986193746
1788412423.8190615,50.33374598133378
1788412423.8266296,3.5946219868492335
1788412423.8306103,51.97610298637301
1788412423.8344784,7.827807974535972
1788412423.8504913,48.85656197438948
1788412423.866438,47.352633002446964
1788412423.8759954,45.36213100072928
1788412423.8980088,47.4722649960313
1788412423.9245553,48.538143979385495
1788412423.932527,11.101423006039113
1788412423.9774857,52.90900100953877
1788412423.985868,8.360105013707653
1788412424.0173464,5.162573012057692
1788412424.027145,9.779343992704526
1788412424.0459275,18.760943989036605
1788412424.05342,64.53108199639246
1788412424.0594294,19.40599497174844
1788412424.096306,50.33695002202876
1788412424.1092432,55.76062100590207
1788412424.127211,30.872773000737652
1788412424.1353168,75.85595699492842
1788412424.1489396,21.707963984226808
1788412424.1564727,47.15684297843836
1788412424.1718626,7.150649995310232
1788412424.1897576,54.41958500887267
1788412424.1969008,47.940560994902626
1788412424.203025,13.246351009001955
1788412424.221265,49.380268988898024
1788412424.2407498,12.745140003971756
1788412424.2478402,50.919628993142396
1788412424.2512724,10.499139985768124
1788412424.2607756,12.913696002215147
1788412424.2631624,60.116267995908856
1788412424.265676,14.382553985342383
1788412424.2789357,57.6408619817812
1788412424.3117876,48.60096299671568
1788412424.324106,12.293559993850067
1788412424.325142,64.34522900963202
1788412424.327021,48.05936000775546
1788412424.3332267,9.102974989218637
1788412424.3815665,48.32121101208031
1788412424.3845835,57.531688013114035
1788412424.392776,8.174307004082948
1788412424.444294,51.49731200071983
1788412424.5423162,17.460289993323386
1788412424.5548577,12.520950986072421
1788412424.5653732,10.489538020920008
1788412424.6165001,51.09997300314717
1788412424.6664007,49.87829099991359
1788412424.6806607,14.236827002605423
1788412424.6848814,4.19719799538143
1788412424.7316577,46.75199298071675
1788412424.7414963,9.814555989578366
1788412424.7525103,52.66946498886682
1788412424.7906861,49.1696429962758
1788412424.8116744,59.14147000294179
1788412424.8166478,4.953120980644599
1788412424.8344188,43.70960101368837
1788412424.878601,44.15849401266314
1788412424.883701,5.061976000433788
1788412424.9305768,46.85574601171538
1788412425.0155973,9.877139003947377
1788412425.0328698,17.25444200565107
1788412425.0665069,50.45740099740215
1788412425.072203,5.674892978277057
1788412425.0848475,51.937100011855364
1788412425.1392968,11.804465000750497
1788412425.1476355,8.314039005199447
1788412425.1697357,84.86295398324728
1788412425.1750183,17.00776899815537
1788412425.198083,50.41783599881455
1788412425.2069821,50.593669002410024
1788412425.2147205,7.717352011241019
1788412425.2301352,55.0444980035536
1788412425.2515225,53.4183339914307
1788412425.260423,8.879309985786676
1788412425.266017,27.55134998005815
1788412425.270564,4.528185003437102
1788412425.2821627,52.00601601973176
1788412425.3066711,46.22936400119215
1788412425.3273056,45.119393995264545
1788412425.3543959,47.70108498632908
1788412425.3779578,50.628030992811546
1788412425.3864417,14.59561099181883
1788412425.4229066,14.960260014049709
1788412425.4386585,5.079494992969558
1788412425.447358,60.89574200450443
1788412425.4516659,27.472365007270128
1788412425.4532726,61.94907601457089
1788412425.4582865,16.12711898633279
1788412425.4869096,63.972606003517285
1788412425.5015996,30.573741998523474
1788412425.5039067,28.61040801508352
1788412425.5054893,25.037495011929423
1788412425.5112727,57.977687974926084
1788412425.515765,68.38658402557485
1788412425.5183556,12.845856981584802
1788412425.5271547,68.84656602051109
1788412425.551458,71.30476800375618
1788412425.5527575,41.461978980805725
1788412425.554331,52.711857977556065
1788412425.560707,42.332536017056555
1788412425.5726702,56.58112702076323
1788412425.581298,54.12317198351957
1788412425.5917635,10.446448985021561
1788412425.6037395,52.260168973589316
1788412425.611616,57.26471799425781
1788412425.6134932,52.76596199837513
1788412425.6272926,54.595793975749984
1788412425.642557,50.772551010595635
1788412425.658676,54.915888991672546
1788412425.6729712,61.33567000506446
1788412425.6960526,53.46495399135165
1788412425.7096095,58.57650699908845
1788412425.7302237,16.17054099915549
1788412425.7440374,34.4053840090055
1788412425.7521083,56.0341140080709
1788412425.7654848,13.356308016227558
1788412425.7761784,10.674680001102388
1788412425.7885268,12.329420977039263
1788412425.794788,10.34120301483199
1788412425.7971203,66.87979400157928
1788412425.8126032,15.464586991583928
1788412425.821816,27.007577009499073
1788412425.8326693,10.831280000275001
1788412425.884595,51.9079240038991
1788412425.8892696,17.083538987208158
1788412425.9316373,12.348465999821201
1788412425.9352672,3.5846540122292936
1788412425.952288,5.835906020365655
1788412425.9581702,68.88230700860731
1788412425.9846356,49.3478880089242
1788412425.990929,6.272161001106724
1788412426.000525,48.17917398759164
1788412426.0551462,54.60093301371671
1788412426.0661983,11.030438996385783
1788412426.0742252,57.69700001110323
1788412426.0823507,16.13035600166768
1788412426.128398,46.027456992305815
1788412426.134695,60.44646899681538
1788412426.139355,10.928828996839002
1788412426.186215,12.047986005200073
1788412426.1873662,52.642207010649145
1788412426.210452,23.066944006131962
1788412426.2261941,15.723340009571984
1788412426.2583454,48.47839500871487
1788412426.2665656,8.197579998522997
1788412426.2771683,50.94620698946528
1788412426.2942333,6.2348200008273125
1788412426.3006604,6.408440007362515
1788412426.318845,52.258284005802125
1788412426.3227682,3.8994690112303942
1788412426.3265054,3.716400999110192
1788412426.327894,50.702236010693014
1788412426.3605056,59.82752898125909
1788412426.3692584,8.731718000490218
1788412426.3754675,48.94044599495828
1788412426.3769999,49.06965501140803
1788412426.3801806,4.6821040159557015
1788412426.3933117,51.30572599591687
1788412426.4160044,46.723520004889
1788412426.4276283,47.41804697550833
1788412426.4287114,51.68743900139816
1788412426.4356534,7.999077992280945
1788412426.4508858,57.55421900539659
1788412426.4597976,31.062936992384493
1788412426.4745355,58.50859999191016
1788412426.4878967,52.22384200897068
1788412426.4954355,27.89738800493069
1788412426.4991744,11.256267025601119
1788412426.5049784,54.07083700993098
1788412426.5484009,52.94506999780424
1788412426.5532722,78.71441400493495
1788412426.555477,18.9996870176401
1788412426.5649257,65.72591201984324
1788412426.5850894,20.109840988880023
1788412426.5912576,35.75743502005935
1788412426.5973432,12.234525987878442
1788412426.600963,52.53906600410119
1788412426.6026576,49.346177984261885
1788412426.610632,19.35250699170865
1788412426.6277409,54.09583999426104
1788412426.6541224,53.1347609939985
1788412426.6676946,13.539292005589232
1788412426.6719654,61.309376993449405
1788412426.6833718,55.60250100097619
1788412426.6885552,16.56437700148672
1788412426.6995606,24.024521000683308
1788412426.7201817,20.577891991706565
1788412426.7235556,55.83337400457822
1788412426.7330317,9.443101997021586
1788412426.7420208,58.61536000156775
1788412426.8021975,69.14339499780908
1788412426.8165581,14.337614993564785
1788412426.8332155,16.636902990285307
1788412426.8543189,21.081876009702682
1788412426.928361,74.01804500841536
1788412426.9362624,7.873995986301452
1788412426.9821157,39.47899301419966
1788412427.0977323,12.05534499604255
1788412427.1743364,18.923515977803618
1788412427.1838043,9.44322400027886
1788412427.2089787,25.135645002592355
1788412427.2565687,81.26106401323341
1788412427.258681,44.061494001653045
1788412427.2644858,7.888313994044438
1788412427.2713284,16.619722999166697
1788412427.295621,86.61825500894338
1788412427.2977035,10.53701198543422
1788412427.3026588,4.933702992275357
1788412427.3111296,52.420662017539144
1788412427.323036,51.685448008356616
1788412427.3281991,24.10814998438582
1788412427.335185,12.121867999667302
1788412427.351414,16.207709995796904
1788412427.3663728,55.219241010490805
1788412427.378007,49.78683197987266
1788412427.3787897,76.10763699631207
1788412427.3958538,48.722320003435016
1788412427.4027855,24.755770980846137
1788412427.4156628,19.778585992753506
1788412427.43144,52.62795399175957
1788412427.478753,47.277821984607726
1788412427.4959526,80.26554001844488
1788412427.5060236,37.57244098233059
1788412427.5069103,58.892543020192534
1788412427.5426948,20.223304018145427
1788412427.5633025,56.37069800286554
1788412427.5817993,71.71546798781492
1788412427.6060789,29.494209011318162
1788412427.6083152,65.59010100318119
1788412427.6199942,17.194443993503228
1788412427.6366,32.0057230128441
1788412427.6621952,57.4039809871465
1788412427.6678548,61.735498980851844
1788412427.6694844,49.46427699178457
1788412427.6761663,8.288084995001554
1788412427.6777694,66.93713099230081
1788412427.681845,29.961345018818974
1788412427.694313,57.67505100811832
1788412427.7116177,49.398603005101904
1788412427.7247725,46.97995100286789
1788412427.740121,45.77874101232737
1788412427.7514777,69.60551301017404
1788412427.7536423,40.53950801608153
1788412427.757256,81.06098999269307
1788412427.758332,46.68658901937306
1788412427.7693596,19.77870101109147
1788412427.7750463,34.90068798419088
1788412427.7951813,70.38052901043557
1788412427.7996812,42.402410006616265
1788412427.8053007,35.910336999222636
1788412427.8203366,66.67131901485845
1788412427.8277326,52.653824997833
1788412427.8373234,16.963608999503776
1788412427.8477645,50.60083299758844
1788412427.8526316,16.87643100740388
1788412427.866959,61.63453898625448
1788412427.9303596,93.00790299312212
1788412427.9360063,101.63784000906162
1788412427.9366481,83.99530700989999
1788412427.956255,89.27225798834115
1788412427.958264,27.882961003342643
1788412427.959692,33.031937025953084
1788412427.9842994,28.024394006934017
1788412427.9948494,58.18093899870291
1788412428.0000906,41.80421298951842
1788412428.0012767,6.408061017282307
1788412428.0060346,21.707487991079688
1788412428.007946,17.072535993065685
1788412428.0211627,61.447618005331606
1788412428.0364132,28.4482259885408
1788412428.055341,54.042529984144494
1788412428.0590801,52.22309799864888
1788412428.0677714,61.71537999762222
1788412428.0769653,55.77922199154273
1788412428.0920587,32.9562219849322
1788412428.0991523,7.072816981235519
1788412428.117355,18.181270017521456
1788412428.1209996,53.20553999627009
1788412428.1359751,18.600593990413472
1788412428.194974,73.9454920112621
1788412428.1955678,59.5695270167198
1788412428.2273448,32.3202759900596
1788412428.2492461,32.13288099505007
1788412428.2716446,76.04179298505187
1788412428.2746978,47.32859501382336
1788412428.2932043,21.528206998482347
1788412428.3080084,58.7386799743399
1788412428.3189888,10.95612600329332
1788412428.320258,69.68981699901633
1788412428.334834,14.548812003340572
1788412428.3463135,27.301694004563615
1788412428.389674,54.8177839955315
1788412428.4411755,51.4782450045459
1788412428.45624,15.04073099931702
1788412428.4633007,7.0307419809978455
1788412428.4804294,10.920260014245287
1788412428.5075302,27.078590996097773
1788412428.5148556,51.52394302422181
1788412428.5165818,9.029834007378668
1788412428.5658321,50.95318998792209
1788412428.5901568,51.574803015682846
1788412428.6155095,49.65355698368512
1788412428.6317086,7.242375984787941
1788412428.6404736,50.286982994293794
1788412428.6535392,12.999509985093027
1788412428.67968,50.38683899329044
1788412428.6807566,49.01626298669726
1788412428.7107203,31.015125015983358
1788412428.7339692,53.18458401598036
1788412428.7557058,44.963405991438776
1788412428.7820141,48.017940018326044
1788412428.8007882,18.738011014647782
1788412428.8053536,49.61685498710722
1788412428.8143568,34.21176699339412
1788412428.8251588,26.46400799858384
1788412428.834879,29.49595300015062
1788412428.8457184,31.341491994680837
1788412428.8522906,17.37529700039886
1788412428.8718123,26.074561988934875
1788412428.8796499,9.369473991682753
1788412428.9044793,32.64386497903615
1788412428.9074147,55.0988310133107
1788412428.929542,49.83319700113498
1788412428.9392755,9.711206977954134
1788412428.9464083,7.1129429852589965
1788412428.959629,55.11590698733926
1788412429.0182486,58.59571599285118
1788412429.0405557,12.321201007580385
1788412429.046944,28.67421999690123
1788412429.0517793,11.204620997887105
1788412429.078361,56.2654210079927
1788412429.0946155,47.653376997914165
1788412429.113785,61.985545995412394
1788412429.1143782,19.741038006031886
1788412429.1354253,57.04248501569964
1788412429.1560893,20.640522998292
1788412429.1723506,57.95031299930997
1788412429.2129238,27.231868007220328
1788412429.220648,64.53808801597916
1788412429.2371855,24.22875800402835
1788412429.2442977,71.8683110026177
1788412429.2605698,23.34486198378727
1788412429.2733107,28.987516998313367
1788412429.2766924,56.01982297957875
1788412429.3006928,23.977659991942346
1788412429.3023665,63.7008220073767
1788412429.323631,50.29670399380848
1788412429.3385143,8.490115986205637
1788412429.3422318,39.83020401210524
1788412429.351947,13.40982600231655
1788412429.3604484,56.632772990269586
1788412429.3687904,16.821025987155735
1788412429.3764875,52.83562099793926
1788412429.3947518,52.4989890109282
1788412429.4144773,23.624280001968145
1788412429.4198382,59.36496998765506
1788412429.4320655,55.55414900300093
1788412429.4388032,17.8879709856119
1788412429.445162,13.071524997940287
1788412429.451658,12.835330999223515
1788412429.4529476,58.17453100462444
1788412429.4652884,50.46256599598564
1788412429.4711838,51.32211500313133
1788412429.4851832,52.24685900611803
1788412429.5027862,51.10774200875312
1788412429.5222704,51.062707003438845
1788412429.5292149,6.922502012457699
1788412429.530557,45.349908992648125
1788412429.5533152,50.505000981502235
1788412429.5778618,48.622955015162006
1788412429.581216,50.62677399837412
1788412429.595126,17.24152101087384
1788412429.6005716,7.050412008538842
1788412429.6363761,55.13804400106892
1788412429.6382618,14.576796005712822
1788412429.6497989,33.08261098572984
1788412429.6582272,19.93785600643605
1788412429.6638906,63.29903900041245
1788412429.67501,25.190320011461154
1788412429.6811194,18.33476801402867
1788412429.7153566,78.95913399988785
1788412429.7194548,55.5425769998692
1788412429.7206802,53.092699992703274
1788412429.725026,27.295248000882566
1788412429.7423503,40.793366002617404
1788412429.750659,92.41305902833119
1788412429.7646382,42.772544984472916
1788412429.7654922,50.117203005356714
1788412429.7731533,92.01414597919211
1788412429.778273,57.57130798883736
1788412429.7805316,29.850897000869736
1788412429.799665,37.62326599098742
1788412429.8011112,24.026729981414974
1788412429.8190298,19.344969012308866
1788412429.83701,75.8215929963626
1788412429.8471887,28.14056002534926
1788412429.8524914,15.460563998203725
1788412429.8535776,52.445468987571076
1788412429.8765023,23.989639012143016
1788412429.8845818,16.76007400965318
1788412429.8880103,49.13267100346275
1788412429.8891935,12.65512898680754
1788412429.8964908,58.51987499045208
1788412429.8985996,9.38620397937484
1788412429.8994772,52.26602798211388
1788412429.9007347,37.86696901079267
1788412429.9111035,57.496691995766014
1788412429.95231,64.27765398984775
1788412429.9622114,51.00102099822834
1788412429.9735281,77.01281900517642
1788412429.974342,73.5879389976617
1788412429.9758193,23.48747299402021
1788412429.982619,83.11891299672425
1788412429.9843946,22.161714994581416
1788412429.9871483,32.56436900119297
1788412429.9902182,14.376091974554583
1788412430.0095525,61.1706729978323
1788412430.0109694,37.41243400145322
1788412430.0316467,57.283998001366854
1788412430.032309,21.320783998817205
1788412430.0347793,62.436220003291965
1788412430.036139,51.7213320126757
1788412430.0446813,12.353262020042166
1788412430.050103,62.93184100650251
1788412430.0609367,19.747582002310082
1788412430.070083,60.51152100553736
1788412430.0818086,91.55129099963233
1788412430.0884616,38.33286400185898
1788412430.095861,52.85984600777738
1788412430.1058123,71.0097789997235
1788412430.1164942,72.47038098284975
1788412430.117586,72.88545198389329
1788412430.141303,52.823197009274736
1788412430.1435976,107.43586299940944
1788412430.1563675,58.624338009394705
1788412430.1605043,54.67013400630094
1788412430.1622233,20.03123299800791
1788412430.1651163,95.01179200015031
1788412430.175405,51.345835003303364
1788412430.1758537,59.33909100713208
1788412430.196409,20.53733100183308
1788412430.219649,59.124209015863016
1788412430.2429452,23.268010991159827
1788412430.2498991,74.47357001365162
1788412430.263429,98.28577400185168
1788412430.2668965,70.46375001664273
1788412430.2828858,15.965419996064156
1788412430.2951348,52.16980801196769
1788412430.3228142,48.56271098833531
1788412430.3312042,67.74222198873758
1788412430.342564,19.72738400218077
1788412430.3472078,29.88265102612786
1788412430.3558443,8.615461993031204
1788412430.373354,17.490811995230615
1788412430.3895218,58.298410003772005
1788412430.4199498,46.53969799983315
1788412430.4300637,47.27445199387148
1788412430.4734166,53.406608989462256
1788412430.5011885,71.10058999387547
1788412430.5256383,52.19867199775763
1788412430.541891,15.162517025601119
1788412430.5599077,14.715319994138554
1788412430.5684624,26.550919021246955
1788412430.5747185,73.50801699794829
1788412430.587031,18.549309024820104
1788412430.5932174,67.55379500100389
1788412430.6091661,15.923441998893395
1788412430.6133795,4.193884000414982
1788412430.6438308,56.78112499299459
1788412430.6506789,6.825390999438241
1788412430.6732013,22.50383800128475
1788412430.6795897,66.18586301920004
1788412430.6867752,7.161065994296223
1788412430.7004976,13.699878007173538
1788412430.7147307,51.070943009108305
1788412430.7512357,50.72015197947621
1788412430.7679615,53.21065802127123
1788412430.775362,7.380348019069061
1788412430.7798324,4.405131010571495
1788412430.8016493,50.39205099456012
1788412430.8288662,27.193259011255577
1788412430.8382072,58.30186701496132
1788412430.8607914,22.561806021258235
1788412430.8756733,5.834486975800246
1788412430.8780668,17.25447701755911
1788412430.8825638,53.6759159876965
1788412430.8899846,18.998473999090493
1788412430.9085057,32.807923009386286
1788412430.9103801,32.282308995490894
1788412430.9291809,18.772320996504277
1788412430.936024,53.434915986144915
1788412430.9616356,53.10005700448528
1788412430.9865754,29.030813981080428
1788412430.9949713,65.76936700730585
1788412430.9992058,63.157317985314876
1788412431.0072176,12.221522018080577
1788412431.0310934,59.16845999308862
1788412431.035972,4.837673011934385
1788412431.0572789,58.05127898929641
1788412431.0587323,51.49334901943803
1788412431.0729277,16.653383994707838
1788412431.0870364,51.04227300034836
1788412431.0973399,10.280304995831102
1788412431.1082952,50.99581502145156
1788412431.1096878,12.317896995227784
1788412431.1193619,60.60452901874669
1788412431.1594908,51.17497200262733
1788412431.1715443,12.033892999170348
1788412431.1719768,52.58631199831143
1788412431.1953688,18.5974600026384
1788412431.2216752,50.10444897925481
1788412431.245923,73.92739702481776
1788412431.2557642,9.79378999909386
1788412431.2740269,52.32881198753603
1788412431.275658,19.87574200029485
1788412431.3271935,53.139575000386685
1788412431.335046,59.368799993535504
1788412431.3512223,24.006252991966903
1788412431.370743,19.50209998176433
1788412431.3836088,48.53923199698329
1788412431.389245,18.48250100738369
1788412431.397556,9.955970017472282
1788412431.3980513,51.11353099346161
1788412431.407621,10.045695991721004
1788412431.4368007,53.17061499226838
1788412431.4377363,48.42158599058166
1788412431.4646053,16.807822976261377
1788412431.4689956,70.92753797769547
1788412431.4703324,33.51202298654243
1788412431.4741423,5.126175004988909
1788412431.5149872,77.23157299915329
1788412431.5221481,47.98521500197239
1788412431.5230997,58.47639701096341
1788412431.5357754,27.136696997331455
1788412431.5418324,19.654016999993473
1788412431.5439014,39.14398100459948
1788412431.5536294,60.339324991218746
1788412431.5823607,13.272961019538343
1788412431.5890133,11.357113980920985
1788412431.5953784,53.52255399338901
1788412431.5983582,54.42658098763786
1788412431.6587086,63.30691301263869
1788412431.6781776,20.597880007699132
1788412431.679709,40.111392008839175
1788412431.6884239,90.0454759830609
1788412431.6999784,11.534365999978036
1788412431.715343,56.61429898464121
1788412431.72178,21.778622001875192
1788412431.7230515,7.687464007176459
1788412431.7272303,10.96618000883609
1788412431.7754273,7.844029983971268
1788412431.7790504,51.79878999479115
1788412431.7845592,61.48794200271368
1788412431.7964618,24.26713000750169
1788412431.8311467,52.07313600112684
1788412431.8725283,89.227763004601
1788412431.875806,91.22288299840875
1788412431.8971062,85.24430097895674
1788412431.8996956,103.19454202544875
1788412431.9070663,74.24946900573559
1788412431.9138007,89.79562498279847
1788412431.928023,20.9349789947737
1788412431.9467382,70.90777697158046
1788412431.96026,25.465954007813707
1788412431.9835618,55.51857501268387
1788412431.9850678,71.24394300626591
1788412431.9863443,86.62593699409626
1788412431.9911766,30.896443990059197
1788412432.0005887,53.83152700960636
1788412432.0048091,39.785570988897234
1788412432.0233195,39.7351459832862
1788412432.0288641,42.49297099886462
1788412432.0383542,15.014817006886005
1788412432.0452173,16.332488012267277
1788412432.0541992,69.10862601944245
1788412432.055091,50.257658993359655
1788412432.0627756,8.555469015846029
1788412432.0638118,72.61229801224545
1788412432.0763316,21.219058020506054
1788412432.1142333,68.99763902765699
1788412432.1214092,83.03089500986971
1788412432.1222546,45.90291201020591
1788412432.1226172,57.010687014553696
1788412432.1244926,61.69735800358467
1788412432.1269622,63.127956993412226
1788412432.134047,11.772461992222816
1788412432.1471057,57.59364698315039
1788412432.1510053,26.491637021536008
1788412432.159159,13.437626010272652
1788412432.164073,6.934059987543151
1788412432.1726313,51.19451499194838
1788412432.188531,54.445713001769036
1788412432.2032752,56.150477001210675
1788412432.2069428,55.91757001820952
1788412432.2083433,35.69049900397658
1788412432.2169986,52.90244400384836
1788412432.2201815,31.62973199505359
1788412432.235528,63.93612298415974
1788412432.237178,28.81151100154966
1788412432.2416503,64.8078620142769
1788412432.2532904,17.74016398121603
1788412432.2634737,26.26675899955444
1788412432.2726204,70.34875400131568
1788412432.287208,68.65340401418507
1788412432.288817,81.85254200361669
1788412432.297188,76.98404500843026
1788412432.301274,59.60236498503946
1788412432.3054779,88.44125998439267
1788412432.3073595,10.14973601559177
1788412432.3208814,72.68492598086596
1788412432.3232384,50.59501697542146
1788412432.3245313,61.033937003230676
1788412432.3481328,27.231729007326066
1788412432.354247,52.94914299156517
1788412432.3681107,19.955305993789807
1788412432.380505,63.0738920008298
1788412432.3817177,76.2111819931306
1788412432.3973632,43.091475003166124
1788412432.4199078,111.65580700617284
1788412432.4243052,12.628880009287968
1788412432.4327917,36.917555989930406
1788412432.4380233,57.49514198396355
1788412432.4432647,75.1344529853668
1788412432.44485,13.806130999000743
1788412432.4518175,36.7598439916037
1788412432.4567144,74.97288100421429
1788412432.4832828,58.954693988198414
1788412432.5013378,68.52269900264218
1788412432.5031877,19.876464997651055
1788412432.5130982,69.81050202739425
1788412432.5174174,16.05761601240374
1788412432.5211608,69.32212001993321
1788412432.568018,50.579901988385245
1788412432.5691023,47.92013100814074
1788412432.5734618,60.341978998621926
1788412432.585835,16.71289198566228
1788412432.628082,54.597223992459476
1788412432.6323917,14.078197011258453
1788412432.6376448,51.78947700187564
1788412432.6470444,18.94112999434583
1788412432.6814551,49.04186399653554
1788412432.6949434,47.878960001980886
1788412432.8862782,13.62275899737142
1788412432.8966675,10.360259999288246
1788412433.0599227,19.64147901162505
1788412433.115807,19.49855897692032
1788412433.129975,14.149056980386376
1788412433.137107,7.111971004633233
1788412433.2092896,53.20779199246317
1788412433.2230835,9.95617700391449
1788412433.2731237,50.01641399576329
1788412433.440357,10.143585008336231
1788412433.4529846,12.601969996467233
1788412433.5293314,8.338629006175324
1788412433.596197,23.23959200293757
1788412433.6028035,51.37793900212273
1788412433.6124444,38.362913008313626
1788412433.66063,17.98771001631394
1788412433.6746979,61.958644015248865
1788412433.705867,4.149992018938065
1788412433.7258224,4.510416008997709
1788412433.727629,52.90648198570125
1788412433.7440493,18.20682201650925
1788412433.774349,12.662169989198446
1788412433.7877758,60.12700899736956
1788412433.8033128,59.242201008601114
1788412433.806798,25.235370005248114
1788412433.8547277,47.91074901004322
1788412433.861858,7.106848992407322
1788412433.8692398,65.90533000417054
1788412433.9072113,45.328431006055325
1788412433.9243376,55.07612100336701
1788412433.9759107,51.54963000677526
1788412433.9889338,32.40121199632995
1788412433.9953868,26.424923009471968
1788412434.0143793,38.44711498823017
1788412434.043251,54.00975598604418
1788412434.062574,73.61944098374806
1788412434.0731175,10.523465985897928
1788412434.0831792,23.465015983674675
1788412434.1080532,13.587197987362742
1788412434.1207368,37.53834799863398
1788412434.1761968,68.1225759908557
1788412434.1818573,15.561988984700292
1788412434.1825736,61.81248399661854
1788412434.1911962,11.280097998678684
1788412434.2262456,50.026790995616466
1788412434.2399337,17.92429300257936
1788412434.2405849,58.70248199789785
1788412434.2712867,31.330508994869888
1788412434.295723,27.822567004477605
1788412434.2961073,55.48183899372816
1788412434.3670185,71.27375100390054
1788412434.4035282,26.505409012315795
1788412434.4243033,57.26308998418972
1788412434.445511,41.9621390174143
1788412434.4614005,15.864017012063414
1788412434.4710913,14.831931999651715
1788412434.4816835,67.77931598480791
1788412434.4988432,40.78326799208298
1788412434.5086656,11.044366023270413
1788412434.5169885,18.126298004062846
1788412434.5226533,51.5365430037491
1788412434.5369384,18.67921501980163
1788412434.538252,52.905224001733586
1788412434.5773978,60.38755999179557
1788412434.5975645,57.72704997798428
1788412434.6244433,47.01690701767802
1788412434.640343,30.63865299918689
1788412434.6480055,50.41740500018932
1788412434.6596527,11.62498802295886
1788412434.6903489,20.47795499674976
1788412434.694124,9.449125005630776
1788412434.7054489,11.300803016638383
1788412434.7079809,16.09009099774994
1788412434.7171934,76.82806201046333
1788412434.7365086,22.434221988078207
1788412434.743752,53.37679700460285
1788412434.7818768,68.95096600055695
1788412434.7858102,42.03483197488822
1788412434.7871902,50.66341898054816
1788412434.8021693,96.6770309896674
1788412434.803531,21.633646014379337
1788412434.810259,8.06960102636367
1788412434.8141816,26.972842984832823
1788412434.8293426,15.139718016143888
1788412434.839716,36.16537500056438
1788412434.8439157,58.08429201715626
1788412434.861195,21.46003898815252
1788412434.8920858,62.7172700187657
1788412434.9137328,52.517546981107444
1788412434.9207177,11.604649014770985
1788412434.9680595,11.945801990805194
1788412434.9727895,4.710139008238912
1788412434.9848597,12.045512994518504
1788412435.0835268,4.217882989905775
1788412435.0874467,7.190233998699114
1788412435.0989225,15.365957020549104
1788412435.1360927,48.62415400566533
1788412435.1921084,55.984072998398915
1788412435.2088356,27.5842490082141
1788412435.2564738,47.6137200021185
1788412435.259892,16.80353400297463
1788412435.269138,9.22809899202548
1788412435.2756507,6.492443004390225
1788412435.317096,60.59979600831866
1788412435.3221612,46.488691004924476
1788412435.3737428,51.558464008849114
1788412435.5223384,25.673780008219182
1788412435.5276823,5.323463003151119
1788412435.5353277,7.623114011948928
1788412435.5736434,9.483782021561638
1788412435.5862505,12.588373996550217
1788412435.6009374,65.57793699903414
1788412435.6637588,62.799083010759205
1788412435.6652973,79.02710200869478
1788412435.6697917,13.622321013826877
1788412435.6713107,26.18655501282774
1788412435.7490873,19.84891199390404
1788412435.7734358,70.04352498915978
1788412435.8134975,55.122001998825
1788412435.8701959,35.9282239805907
1788412435.8839269,13.708496000617743
1788412436.0817792,38.373140996554866
1788412436.108865,43.43229898950085
1788412436.12951,47.71220401744358
1788412436.1576352,48.75069498666562
1788412436.2416825,51.04555300204083
1788412436.295322,53.62075299490243
1788412436.3178456,16.95465898956172
1788412436.331013,12.147904984885827
1788412436.3568637,55.17888700705953
1788412436.3640265,46.16348200943321
1788412436.419509,55.45976597932167
1788412436.4283433,8.817607013043016
1788412436.449215,50.09268398862332
1788412436.479014,50.653473008424044
1788412436.484007,4.970738023985177
1788412436.5057344,56.49758700747043
1788412436.5566227,6.093040021369234
1788412436.5642538,58.49035701248795
1788412436.5835216,10.534320987062529
1788412436.6041024,31.322824012022465
1788412436.613046,52.461329993093386
1788412436.6148179,50.541531993076205
1788412436.6270406,70.38406500942074
1788412436.6435044,28.66749497479759
1788412436.6518567,47.73499898146838
1788412436.6685739,55.511762999230996
1788412436.681714,8.144363993778825
1788412436.6838112,3.627647995017469
1788412436.7012615,74.20299100340344
1788412436.7029264,51.0529309976846
1788412436.7089317,65.4094879864715
1788412436.7229068,54.316219000611454
1788412436.7372587,61.752890003845096
1788412436.7382102,15.280852996511385
1788412436.7397738,58.04057800560258
1788412436.7681026,59.15427801664919
1788412436.7927463,54.51846498181112
1788412436.7975276,57.735381997190416
1788412436.823505,55.384708975907415
1788412436.8301976,5.127065000124276
1788412436.8420095,48.312905011698604
1788412436.8716009,48.07863701716997
1788412436.874882,44.66655501164496
1788412436.8763776,3.9337140042334795
1788412436.8907037,48.675755999283865
1788412436.921548,49.92850701091811
1788412436.9231935,48.289583006408066
1788412436.9414532,18.237490992760286
1788412436.9425614,51.83663099887781
1788412436.948374,5.7816909975372255
1788412436.987664,66.09202298568562
1788412436.988553,73.38762300787494
1788412436.9912329,42.83696800121106
1788412437.0298285,88.35367401479743
1788412437.032429,43.83163701277226
1788412437.039674,19.335946009960026
1788412437.0413783,91.86589697492309
1788412437.052701,20.241457998054102
1788412437.0568879,69.1024940169882
1788412437.0682697,28.554491000249982
1788412437.0897355,32.81497402349487
1788412437.0930624,51.64575902745128
1788412437.1188097,29.04245801619254
1788412437.1197295,67.01032299315557
1788412437.126843,58.54187600198202
1788412437.1378129,18.065237993141636
1788412437.1734135,46.551893989089876
1788412437.1988401,61.00736901862547
1788412437.2229748,24.1157770215068
1788412437.2276545,54.21686402405612
1788412437.2403967,12.715525983367115
1788412437.242668,19.668385008117184
1788412437.2515235,11.090154002886266
1788412437.3063135,54.76825899677351
1788412437.3137076,61.149146989919245
1788412437.3676991,53.96432301495224
1788412437.3889105,21.19153199600987
1788412437.4069118,16.772067989222705
1788412437.4299314,22.786169982282445
1788412437.4412937,52.36425198381767
1788412437.4502711,81.47664400166832
1788412437.4869986,45.68387498147786
1788412437.532651,45.631667017005384
1788412437.7060308,7.643357996130362
1788412437.7134676,8.97394900675863
1788412437.7342873,6.402459985110909
1788412437.737866,24.377682013437152
1788412437.791448,57.13866397854872
1788412437.8077936,58.990632998757064
1788412437.8438487,52.383353002369404
1788412437.8484855,10.939702013274655
1788412437.8653615,21.135327988304198
1788412437.8698509,21.34257400757633
1788412437.8735237,65.7098290103022
1788412437.8776639,12.283991993172094
1788412437.8786972,5.153500009328127
1788412437.8839848,40.11656099464744
1788412437.925253,55.380389996571466
1788412437.9291496,66.14791898755357
1788412437.930346,51.63471499690786
1788412437.9347732,74.6756849985104
1788412437.9495523,71.87335198977962
1788412437.9508128,37.05635800724849
1788412437.9897625,27.767952997237444
1788412437.9995759,50.00630198628642
1788412437.9998302,70.6617170071695
1788412438.003403,73.03861001855694
1788412438.0103455,75.55380201665685
1788412438.0224123,32.63152702129446
1788412438.0320847,9.631424996769056
1788412438.0477052,44.281573995249346
1788412438.0617924,51.432242995360866
1788412438.0719857,10.175439005251974
1788412438.0729163,73.06623298791237
1788412438.0990117,51.28782498650253
1788412438.1004012,11.048917018342763
1788412438.1194727,47.470621997490525
1788412438.138763,65.82878300105222
1788412438.145842,46.808718994725496
1788412438.154885,16.10413601156324
1788412438.1587236,12.859345995821059
1788412438.1672435,66.81988501804881
1788412438.1702812,68.2526599848643
1788412438.2070682,52.16694998671301
1788412438.214873,61.60691499826498
1788412438.2353976,52.76521798805334
1788412438.2521982,81.90204499987885
1788412438.2657528,50.86129601113498
1788412438.267079,14.86277999356389
1788412438.3175988,51.82753500412218
1788412438.3239944,56.90003000199795
1788412438.3305895,6.574731000000611
1788412438.349095,8.92905899672769
1788412438.3858404,56.85289500979707
1788412438.4076874,58.57577399001457
1788412438.4300644,22.357183013809845
1788412438.446893,61.03517199517228
1788412438.479035,6.501519004814327
1788412438.5313482,52.295761997811496
1788412438.554114,10.385969013441354
1788412438.5632796,9.136573993600905
1788412438.5769904,45.621146011399105
1788412438.5969508,19.921403989428654
1788412438.6425698,10.617419990012422
1788412438.6514668,54.49529699399136
1788412438.7220986,5.636842019157484
1788412438.737225,13.899326004320756
1788412438.7858117,48.565917008090764
1788412438.7905843,17.72850498673506
1788412438.845112,26.419797010021284
1788412438.8508728,60.26685700635426
1788412438.8616998,15.555910998955369
1788412438.9072454,56.353209976805374
1788412438.9099593,47.44694000692107
1788412438.929381,19.40506399841979
1788412438.9392073,9.810318006202579
1788412438.9834685,76.20458799647167
1788412438.9891891,49.96578401187435
1788412439.0156603,26.45140400272794
1788412439.032511,16.83346601203084
1788412439.044053,11.524002999067307
1788412439.0477202,64.23147200257517
1788412439.0593297,19.60146799683571
1788412439.0874906,43.417375010903925
1788412439.1068854,47.53657500259578
1788412439.1237452,9.709394973469898
1788412439.1410613,17.271602991968393
1788412439.1573691,50.44806201476604
1788412439.177975,20.585903985193
1788412439.1819046,3.9133809914346784
1788412439.1921742,51.09699699096382
1788412439.2175014,25.176269002258778
1788412439.2382655,53.27009200118482
1788412439.2419345,49.74182101432234
1788412439.2428484,60.927854996407405
1788412439.2900038,48.05087498971261
1788412439.2911198,52.836293005384505
1788412439.3307223,3.4193129977211356
1788412439.3359997,5.253514013020322
1788412439.3690867,33.06451998651028
1788412439.4188066,49.70205799327232
1788412439.4296653,10.43972501065582
1788412439.4794426,16.266947000985965
1788412439.4828038,63.97727600415237
1788412439.486036,3.214666008716449
1788412439.5395668,53.510565019678324
1788412439.550314,11.477245017886162
1788412439.5601382,9.80637499014847
1788412439.5913663,51.78242200054228
1788412439.5956252,4.241721995640546
1788412439.6525571,56.91462001414038
1788412439.6642866,11.71163099934347
1788412439.6785734,14.271699008531868
1788412439.7258983,47.30966401984915
1788412439.7635732,16.866602993104607
1788412439.7644773,17.966655985219404
1788412439.8003542,3.0610559915658087
1788412439.8071249,6.750278000254184
1788412439.824577,60.084429976996034
1788412439.8395224,18.551718996604905
1788412439.885786,55.19659200217575
1788412439.9001858,14.354685001308098
1788412439.921686,21.483542019268498
1788412439.9717627,51.26950499834493
1788412440.0330312,61.247673991601914
1788412440.0682366,18.498427991289645
1788412440.0760312,29.93619898916222
1788412440.0888112,55.74429401895031
1788412440.105495,37.21137100365013
1788412440.1189425,60.075003013480455
1788412440.1246474,19.136132003040984
1788412440.1325736,12.607054988620803
1788412440.1352115,10.547463985858485
1788412440.1400466,21.082337014377117
1788412440.141157,52.32718100887723
1788412440.179013,47.47745601343922
1788412440.1828256,32.28996699908748
1788412440.197505,57.44221800705418
1788412440.2023945,61.2208699749317
1788412440.2029886,20.145271002547815
1788412440.209407,54.77703100768849
1788412440.222306,66.95235901861452
1788412440.2226758,88.91163600492291
1788412440.230302,28.81207302561961
1788412440.267369,60.52582498523407
1788412440.2826629,80.25212201755494
1788412440.2907376,68.41080202138983
1788412440.290978,83.26394701725803
1788412440.296175,35.82045598886907
1788412440.2966588,29.272598010720685
1788412440.316917,20.72517099441029
1788412440.3180342,21.361977007472888
1788412440.3415785,23.527862009359524
1788412440.3561778,73.79426000989042
1788412440.3695416,27.946856018388644
1788412440.3736496,56.71577199245803
1788412440.3746672,24.665021017426625
1788412440.4105353,53.108185005839914
1788412440.4223073,52.11397600942291
1788412440.4254112,16.138887003762648
1788412440.4377089,68.15179000841454
1788412440.4386814,64.00031797238626
1788412440.4883878,50.66307200468145
1788412440.4917452,69.4202110171318
1788412440.492959,54.26020099548623
1788412440.4989092,10.50431199837476
1788412440.5456955,53.9334480126854
1788412440.553068,30.20594597910531
1788412440.5674574,68.5286580119282
1788412440.5753665,48.26948401750997
1788412440.584768,31.682074011769146
1788412440.5972037,51.48586101131514
1788412440.6188946,51.4094750105869
1788412440.6261365,7.222640997497365
1788412440.6469457,49.72535898559727
1788412440.6507332,65.94851100817323
1788412440.6556246,80.23821300594136
1788412440.6720922,14.524453988997266
1788412440.6726613,6.647681992035359
1788412440.6739693,47.81562299467623
1788412440.6918542,34.98006300651468
1788412440.698351,47.595398005796596
1788412440.711498,11.407617974327877
1788412440.7189662,7.451743993442506
1788412440.722638,66.9941829983145
1788412440.7228367,61.7362399934791
1788412440.7446833,72.56893601152115
1788412440.7455962,72.91924601304345
1788412440.756337,57.966394000686705
1788412440.760561,68.68967102491297
1788412440.7713242,25.711687019793317
1788412440.778017,55.35262799821794
1788412440.786092,8.057528990320861
1788412440.7891297,28.55227401596494
1788412440.8032773,58.57635400025174
1788412440.8038688,14.724601001944393
1788412440.816658,60.30411197571084
1788412440.8323426,61.00126900128089
1788412440.8368356,20.16131198615767
1788412440.8553195,69.21234799665399
1788412440.8563957,19.545121002011
1788412440.8651052,38.85327899479307
1788412440.8926697,60.31101901317015
1788412440.8995,7.692337007028982
1788412440.9038296,11.139110021758825
1788412440.9092767,44.15543100913055
1788412440.9198108,63.393639982677996
1788412440.9463224,42.46748599689454
1788412440.9765527,68.34480300312862
1788412440.9801507,70.8529319963418
1788412440.9945557,95.03833297640085
1788412441.0093176,59.02002801303752
1788412441.0117242,35.129427997162566
1788412441.0350692,25.72665098705329
1788412441.0474102,12.313107989029959
1788412441.0519617,71.77687299554236
1788412441.0700724,18.082777998642996
1788412441.0723948,24.954841996077448
1788412441.0843325,14.234420988941565
1788412441.1247025,40.34015198703855
1788412441.1408293,43.20240000379272
1788412441.173396,26.505560002988204
1788412441.1792097,5.792323994683102
1788412441.1971946,56.34442399605177
1788412441.2107363,13.518505002139136
1788412441.2760103,65.24917401839048
1788412441.3003747,37.994559010257944
1788412441.3157995,8.736790012335405
1788412441.3210335,11.031254980480298
1788412441.3647938,64.39806800335646
1788412441.388553,67.49857400427572
1788412441.3931937,28.379234980093315
1788412441.4689682,75.74968499829993
1788412441.5101714,41.170012002112344
1788412441.5210588,29.346297000302002
1788412441.5541887,53.09983200277202
1788412441.5623693,52.175825025187805
1788412441.572739,18.519981997087598
1788412441.6016037,80.5134319816716
1788412441.617255,44.49354199459776
1788412441.6601691,58.544185012578964
1788412441.670108,52.83151101320982
1788412441.6787543,18.547050014603883
1788412441.7015848,31.4547159941867
1788412441.7259908,24.377919995458797
1788412441.745343,19.331488001625985
1788412441.762369,21.928244997980073
1788412441.78219,19.803205999778584
1788412441.7937477,48.383999994257465
1788412441.8018818,63.143418985418975
1788412441.8219533,28.183596004964784
1788412441.8354573,41.25356799340807
1788412441.8749337,73.02652197540738
1788412441.910909,35.92699201544747
1788412441.9127045,47.0351770054549
1788412441.932621,21.693181013688445
1788412441.9516215,18.97964597446844
1788412441.9775376,22.206931986147538
1788412441.9853778,33.738813013769686
1788412442.033073,55.51644999650307
1788412442.07475,41.656763991340995
1788412442.0993607,24.589451000792906
1788412442.115176,15.797130996361375
1788412442.1542792,12.99080700846389
1788412442.1686049,53.40970799443312
1788412442.1838295,15.203994000330567
1788412442.21646,61.1343179771211
1788412442.239202,50.83900800673291
1788412442.2511835,34.700757008977234
1788412442.253448,6.124002975411713
1788412442.274864,20.290298998588696
1788412442.2870314,38.09798898873851
1788412442.2918556,52.632903010817245
1788412442.308464,21.409189008409157
1788412442.321928,30.049107008380815
1788412442.3340788,25.567202013917267
1788412442.3371902,40.11427701334469
1788412442.3435352,9.433175990125164
1788412442.3572907,13.733286992646754
1788412442.379535,21.818479988723993
1788412442.3844957,51.15707698860206
1788412442.3899627,68.01395499496721
1788412442.3957999,57.26854101521894
1788412442.441349,61.79412599885836
1788412442.4471717,62.65111200627871
1788412442.456922,9.728739009005949
1788412442.4650843,56.10262701520696
1788412442.4730005,53.59595699701458
1788412442.5006337,59.26406499929726
1788412442.5075598,55.38598899147473
1788412442.5403047,75.19976998446509
1788412442.5412107,84.26956698531285
1788412442.5695996,29.272340005263686
1788412442.5776901,13.983930984977633
1788412442.5827146,75.11136800167151
1788412442.5884528,87.79667300404981
1788412442.6008804,23.171545995865017
1788412442.6226382,57.884091016603634
1788412442.6310318,48.29567699925974
1788412442.6360126,47.537581995129585
1788412442.6425993,6.568857992533594
1788412442.6530497,30.39078798610717
1788412442.6623662,61.46468099905178
1788412442.6800258,26.958475005812943
1788412442.6876018,25.21078899735585
1788412442.68864,57.58797001908533
1788412442.7080505,65.43115398380905
1788412442.7489424,68.89577698893845
1788412442.7504022,42.31173198786564
1788412442.7693243,20.360599010018632
1788412442.7883444,37.85073998733424
1788412442.7928,15.136329981032759
1788412442.8022566,38.91775998636149
1788412442.8181317,66.57695202738978
1788412442.8348267,46.460502984700724
1788412442.8412561,23.43415201175958
1788412442.8946035,15.472869999939576
1788412442.9136288,60.30405400088057
1788412442.9269996,13.348671025596559
1788412442.989072,74.25795000744984
1788412443.0248804,35.780225007329136
1788412443.0329099,17.190004989970475
1788412443.0438266,18.927388009615242
1788412443.0521011,19.15020399610512
1788412443.0909195,47.07478400086984
1788412443.1146533,24.817741999868304
1788412443.1204033,29.464285005815327
1788412443.1476321,55.95471800188534
1788412443.1492617,24.065812001936138
1788412443.1536493,101.51417998713441
1788412443.1658468,51.17335802060552
1788412443.187211,76.59216100000776
1788412443.1932735,67.81404701177962
1788412443.2040408,50.37157901097089
1788412443.208486,60.82296100794338
1788412443.2189734,31.743118015583605
1788412443.2366426,32.582908985204995
1788412443.2723012,53.30264300573617
1788412443.2907596,54.094547987915576
1788412443.3267324,54.407419986091554
1788412443.3309097,40.12827799306251
1788412443.370299,39.37030999804847
1788412443.3834903,13.173356011975557
1788412443.4210224,12.417031015502289
1788412443.4259787,4.93525798083283
1788412443.455825,18.491936003556475
1788412443.4956913,39.84711697557941
1788412443.5195553,23.761635995469987
1788412443.5732958,53.716107009677216
1788412443.6044981,31.152537994785234
1788412443.6291184,24.598409014288336
1788412443.6402059,53.975349001120776
1788412443.6571617,28.020706988172606
1788412443.674191,29.107120004482567
1788412443.6846607,21.903596993070096
1788412443.7059906,21.30003899219446
1788412443.7186813,12.66773501993157
1788412443.728257,54.044313001213595
1788412443.7888594,60.5791759735439
1788412443.8542573,7.6065379835199565
1788412443.8594494,7.756923994747922
1788412443.896836,19.06858998700045
1788412443.906299,46.829620987409726
1788412443.976368,23.03057600511238
1788412443.9768338,55.27524999342859
1788412444.0437224,66.8689779995475
1788412444.067278,23.533089988632128
1788412444.1167898,49.491974990814924
1788412444.1206338,3.822111990302801
1788412444.1953285,48.74712700257078
1788412444.200179,17.330289003439248
1788412444.2715397,71.3380069937557
1788412444.338896,23.776566988090053
1788412444.3592708,25.866355979815125
1788412444.3921938,53.26475799665786
1788412444.4322815,72.99083098769188
1788412444.4375758,39.82768900459632
1788412444.451152,58.93154500517994
1788412444.4687183,6.03972899261862
1788412444.4821737,39.833752991398796
1788412444.5077958,39.05686398502439
1788412444.5205407,88.23940402362496
1788412444.5451376,37.322257994674146
1788412444.5510042,42.21597401192412
1788412444.5721712,51.60633800551295
1788412444.588037,30.45624098740518
1788412444.6034079,58.23944500298239
1788412444.6312938,43.238789978204295
1788412444.6334026,17.927215987583622
1788412444.6348732,31.446272012544796
1788412444.645261,13.949597981991246
1788412444.657828,22.07002299837768
1788412444.6923294,57.433312002103776
1788412444.712013,54.16506502660923
1788412444.7440863,51.732246996834874
1788412444.7594402,15.332643990404904
1788412444.7848153,72.78175099054351
1788412444.7914267,6.588499993085861
1788412444.8103898,18.935261003207415
1788412444.8146973,28.351560002192855
1788412444.8252878,65.82465500105172
1788412444.8566794,46.27133999019861
1788412444.876433,61.71718001132831
1788412444.8809562,60.75023699668236
1788412444.8900185,64.70901001011953
1788412444.915572,25.253069994505495
1788412444.9225883,8.742600999539718
1788412444.9307516,49.7713070071768
1788412444.9462204,56.17995499051176
1788412444.9549239,63.55759300640784
1788412444.98618,39.93679300765507
1788412444.987719,72.1195169899147
1788412445.0025635,71.79061198257841
1788412445.0113773,54.47130699758418
1788412445.0430946,55.355561984470114
1788412445.044637,72.09668299765326
1788412445.048009,61.810890008928254
1788412445.057995,9.968430997105315
1788412445.0726256,70.03953200182877
1788412445.087386,44.265573989832774
1788412445.106689,34.04266698635183
1788412445.107161,19.756508991122246
1788412445.1187305,74.0722180053126
1788412445.1471233,28.361923003103584
1788412445.1775491,70.36686601350084
1788412445.218754,71.6115550021641
1788412445.2711234,20.88325799559243
1788412445.2771916,16.240552999079227
1788412445.2788982,59.14907099213451
1788412445.284347,13.20444798329845
1788412445.2896705,12.457546981750056
1788412445.3127334,23.042617016471922
1788412445.3207002,101.92383101093583
1788412445.3371987,80.22982900729403
1788412445.3444533,23.733550013275817
1788412445.3456929,8.474840986309573
1788412445.371865,27.39316801307723
1788412445.3801785,76.59783202689141
1788412445.4166856,44.80143199907616
1788412445.437331,35.49585700966418
1788412445.4522128,35.50833402550779
1788412445.4535415,73.34205799270421
1788412445.4585335,28.941466996911913
1788412445.4872105,33.64613500889391
1788412445.488744,30.188310978701338
1788412445.502018,14.773898990824819
1788412445.5186582,63.99668400990777
1788412445.5199053,31.140172010054812
1788412445.5204449,68.21209102054127
1788412445.5479093,27.440357982413843
1788412445.5565379,54.49938599485904
1788412445.5580828,39.40570098347962
1788412445.5880716,68.14739099354483
1788412445.6149719,56.87033399590291
1788412445.6923976,77.40345899946988
1788412445.711086,18.65947901387699
1788412445.727304,16.195261996472254
1788412445.7525642,23.306988005060703
1788412445.828296,75.7023019832559
1788412445.8609471,23.754878988256678
1788412445.8662057,37.88676598924212
1788412445.8978083,36.841771012404934
1788412445.9319456,28.70138199068606
1788412445.950969,89.05108997714706
1788412445.9604843,28.514773002825677
1788412445.9622147,64.38558897934854
1788412445.9672687,30.62609999324195
1788412445.9844892,33.49287499440834
1788412445.9893909,22.10220499546267
1788412446.007519,18.10939298593439
1788412446.0160563,55.52836900460534
1788412446.0617154,23.879208980361
1788412446.0634108,55.870843993034214
1788412446.084828,23.08441899367608
1788412446.1113968,26.547864981694147
1788412446.1703117,58.88641899218783
1788412446.1719463,22.586909006349742
1788412446.1887457,18.405385984806344
1788412446.2395618,67.59267501183785
1788412446.2408233,17.4244639929384
1788412446.2419317,23.384720989270136
1788412446.2988958,56.94530199980363
1788412446.3535376,19.596255995566025
1788412446.4271634,73.60618800157681
1788412446.4315643,38.23912798543461
1788412446.441989,14.799416007008404
1788412446.4477632,11.448642995674163
1788412446.5457497,32.726039993576705
1788412446.5751395,50.21264901733957
1788412446.5839376,22.483542008558288
1788412446.5845175,64.68351601506583
1788412446.5933008,28.74293300556019
1788412446.6088872,33.728569018421695
1788412446.611182,27.22524499404244
1788412446.6314995,40.78471998218447
1788412446.6465564,37.64411000884138
1788412446.6604145,67.0903509890195
1788412446.6918902,54.866945021785796
1788412446.7165694,24.65975598897785
1788412446.7285295,81.94839800125919
1788412446.7679563,51.36832900461741
1788412446.7839487,54.592749977018684
1788412446.8414714,57.50253700534813
1788412446.8711588,29.66399199794978
1788412446.8859375,14.76146699860692
1788412446.9431753,66.48841401329264
1788412446.9810011,95.04181297961622
1788412447.0014153,58.20256000151858
1788412447.0205314,51.7718669725582
1788412447.0235307,45.83907997584902
1788412447.0263665,45.324695005547255
1788412447.0484893,22.084490017732605
1788412447.083917,63.34158900426701
1788412447.0890322,87.576991005335
1788412447.0979998,8.933007018640637
1788412447.1173258,33.37071000714786
1788412447.1771228,79.09552499768324
1788412447.1863756,72.22794299013913
1788412447.2044303,90.77287599211559
1788412447.2170024,99.6079700125847
1788412447.248843,107.60828899219632
1788412447.258289,53.837417013710365
1788412447.264067,22.296356997685507
1788412447.2711198,84.71473201643676
1788412447.2800436,61.170641012722626
1788412447.2917554,33.445282984757796
1788412447.2924073,12.344524002401158
1788412447.3025758,53.71228701551445
1788412447.315501,51.41408299095929
1788412447.3277516,25.15428198967129
1788412447.3391895,16.131707991007715
1788412447.3484077,56.63282499881461
1788412447.3711307,58.62796900328249
1788412447.3853445,63.32161001046188
1788412447.4009554,73.18392800516449
1788412447.4505174,59.43709399434738
1788412447.4562492,107.81735001364723
1788412447.466036,105.14838100061752
1788412447.4761493,90.78475998830982
1788412447.4852319,34.684568003285676
1788412447.5057979,104.81967200757936
1788412447.510917,54.64217800181359
1788412447.5340202,67.96261999988928
1788412447.5589314,73.68134398711845
1788412447.5706036,64.78448599227704
1788412447.5726502,61.71619001543149
1788412447.5755737,42.14608299662359
1788412447.5864778,10.882102011237293
1788412447.5914373,57.39791700034402
1788412447.5962543,23.58065900625661
1788412447.5968258,26.19906098698266
1788412447.6495624,58.104612020542845
1788412447.6617625,30.120804003672674
1788412447.663431,19.94561101309955
1788412447.6649241,68.08054499560967
1788412447.678102,45.238160993903875
1788412447.694254,32.47149600065313
1788412447.7249377,59.979324985761195
1788412447.7458596,20.89974598493427
1788412447.7571192,62.82485299743712
1788412447.8039286,58.04842701763846
1788412447.805749,48.60116099007428
1788412447.8077588,33.69672200642526
1788412447.8541813,48.408898001071066
1788412447.8561661,48.3748730039224
1788412447.8663204,22.08039499237202
1788412447.9161463,59.95074799284339
1788412447.928741,62.39701897720806
1788412447.953204,24.44111302611418
1788412447.9917793,75.60946198645979
1788412448.037405,23.56983901700005
1788412448.0546684,62.86446898593567
1788412448.0702794,28.08764498331584
1788412448.107401,37.10298001533374
1788412448.1215458,66.85000399011187
1788412448.1304977,25.00669300206937
1788412448.1355433,31.629862991394475
1788412448.1680608,60.636228998191655
1788412448.1754358,39.873982983408496
1788412448.2053578,64.24254897865467
1788412448.2109134,89.34627898270264
1788412448.2193863,51.30276799900457
1788412448.2309582,25.577082997187972
1788412448.2477746,28.3675940008834
1788412448.2866669,16.14900102140382
1788412448.3017352,75.89667799766175
1788412448.3247793,38.092019996838644
1788412448.3351858,11.768043012125418
1788412448.373514,38.30529400147498
1788412448.3748438,50.04298299900256
1788412448.398554,25.02175301196985
1788412448.407776,9.20169398887083
1788412448.4208205,45.94843101222068
1788412448.4675984,59.800248011015356
1788412448.5233843,55.76209997525439
1788412448.5588799,9.885678009595722
1788412448.5804164,21.520109003176913
1788412448.5966728,72.27985098143108
1788412448.6016903,78.28389000496827
1788412448.6615748,64.88240099861287
1788412448.6869662,15.953235008055344
1788412448.6881065,26.510753988986835
1788412448.7105753,23.590334021719173
1788412448.748186,37.59023599559441
1788412448.756592,68.46726199728437
1788412448.758067,26.159683999139816
1788412448.7671244,51.631490990985185
1788412448.768791,53.080302983289585
1788412448.7834177,26.803998014656827
1788412448.8031735,26.129553996725008
1788412448.8049457,56.73870601458475
1788412448.8059893,47.90103301638737
1788412448.821318,54.17161001241766
1788412448.8263252,42.879525979515165
1788412448.8485124,45.31963900080882
1788412448.8532696,48.29864398925565
1788412448.8627918,93.979160010349
1788412448.8677297,61.710384994512424
1788412448.8703353,69.84718699823134
1788412448.8715746,50.23758899187669
1788412448.9202545,66.9615319930017
1788412448.9392524,107.11962700588629
1788412448.943055,32.68934797961265
1788412448.9510233,80.66336900810711
1788412448.956459,93.64601300330833
1788412448.9739182,104.72162798396312
1788412448.9798894,36.801338981604204
1788412448.9883711,31.88982600113377
1788412448.9900944,118.50072900415398
1788412448.9912615,40.21562199341133
1788412449.0098655,35.91701600817032
1788412449.0397503,59.840325004188344
1788412449.044076,52.747661975445226
1788412449.049322,59.204935998423025
1788412449.1147316,70.63336999271996
1788412449.1159935,66.64418100262992
1788412449.130141,37.173004006035626
1788412449.1659188,51.16649600677192
1788412449.1726937,55.4693840094842
1788412449.1841896,60.959338006796315
1788412449.1992764,26.554076001048088
1788412449.23823,72.29027300490998
1788412449.2475727,63.35697302711196
1788412449.2920897,53.838624007767066
1788412449.2936954,22.026812977856025
1788412449.3103414,18.231139023555443
1788412449.3152463,21.524434996536
1788412449.3179424,34.21504201833159
1788412449.3506563,54.35686599230394
1788412449.3668425,50.5983259936329
1788412449.3818846,66.61903898930177
1788412449.3829782,72.61288200970739
1788412449.4164283,34.5194990222808
1788412449.43113,18.300759984413162
1788412449.518981,87.82462700037286
1788412449.5274334,8.431787980953231
1788412449.6610537,10.29656600439921
1788412449.6644216,17.634246993111446
1788412449.7081442,45.98645100486465
1788412449.7213843,13.2193110184744
1788412449.754842,32.6895960024558
1788412449.773224,13.545430003432557
1788412449.7862315,64.82699298067018
1788412449.7919154,18.671906989766285
1788412449.8474865,55.552289995830506
1788412449.8486745,61.271701008081436
1788412449.8622072,14.699195016874
1788412449.9028196,40.592006989754736
1788412449.943053,86.23992098728195
1788412449.9533653,31.33160699508153
1788412449.9642873,21.21076700859703
1788412449.9763782,22.99099598894827
1788412449.9890902,24.780653009656817
1788412450.042044,52.92557799839415
1788412450.043718,53.087834996404126
1788412450.074955,32.891174021642655
1788412450.1021,33.69030699832365
1788412450.1425738,40.44860799331218
1788412450.145949,70.97249498474412
1788412450.1629632,18.579764990136027
1788412450.2201867,74.2097299953457
1788412450.2248824,22.157778003020212
1788412450.2384796,18.244228995172307
1788412450.2687273,30.22633699583821
1788412450.2920592,23.307174997171387
1788412450.3323126,25.39600501768291
1788412450.3899632,6.518248992506415
1788412450.4097369,25.36439200048335
1788412450.454048,9.27798799239099
1788412450.4771335,67.36759498016909
1788412450.496599,19.445070007350296
1788412450.506303,9.68530899262987
1788412450.5825331,21.219545014901087
1788412450.5918574,9.30343201616779
1788412450.6658955,19.070708978688344
1788412450.6682858,12.629168981220573
1788412450.7265415,60.62660599127412
1788412450.727882,28.325272985966876
1788412450.772116,45.55385300773196
1788412450.7894943,17.354434996377677
1788412450.8008397,63.65325200022198
1788412450.8336213,45.41803800384514
1788412450.860274,70.75466998503543
1788412450.8786032,18.299277988262475
1788412450.883837,5.215114011662081
1788412450.9502313,16.122991975862533
1788412451.044189,29.570326005341485
1788412451.050054,99.80440899380483
1788412451.0513666,57.25018898374401
1788412451.057692,34.124083002097905
1788412451.068144,16.758849000325426
1788412451.1127641,24.565368017647415
1788412451.1507611,22.19597698422149
1788412451.152065,39.28192998864688
1788412451.1575217,59.4442620058544
1788412451.1588154,90.65299498615786
1788412451.1669605,8.128146000672132
1788412451.1706152,3.633196000009775
1788412451.2028291,50.744727021083236
1788412451.2218597,64.31881300522946
1788412451.2222915,51.656408002600074
1788412451.2391748,16.866424994077533
1788412451.2407207,16.823451005620882
1788412451.2593098,56.457769009284675
1788412451.278649,19.318156992085278
1788412451.29161,50.87000201456249
1788412451.319048,79.85361199826002
1788412451.3234978,73.09473800705746
1788412451.3335543,10.036374995252118
1788412451.3387418,60.0739759975113
1788412451.3435457,24.477821978507563
1788412451.3517737,60.14357798267156
1788412451.3868334,48.07265099952929
1788412451.3981793,11.325895000481978
1788412451.3993008,55.737893999321386
1788412451.4014308,23.141680983826518
1788412451.4115326,29.404625005554408
1788412451.4217265,69.93143499130383
1788412451.4579551,58.63683100324124
1788412451.4809296,22.954015992581844
1788412451.4819973,60.25153200607747
1788412451.533646,52.698001003591344
1788412451.5356226,52.65480402158573
1788412451.5741184,37.43564398610033
1788412451.57837,50.15699300565757
1788412451.5898519,54.20565800159238
1788412451.599825,21.43597201211378
1788412451.6350822,45.20836498704739
1788412451.6497815,75.64295001793653
1788412451.6634674,62.24465000559576
1788412451.6699705,11.979969014646485
1788412451.7050414,69.9362960003782
1788412451.7067595,35.44052698998712
1788412451.7137468,74.08707300783135
1788412451.746496,76.50384801672772
1788412451.7480083,34.23326401389204
1788412451.7589262,10.899738990701735
1788412451.7815666,49.2028420267161
1788412451.7843256,65.09270399692468
1788412451.816208,57.26268299622461
1788412451.8526168,44.67455399571918
1788412451.8535771,69.23100899439305
1788412451.871732,55.50375397433527
1788412451.8863301,14.578968985006213
1788412451.9209614,68.32494400441647
1788412451.925738,63.554461987223476
1788412451.9596786,38.69639101321809
1788412451.9820192,56.2524429988116
1788412451.9872158,14.233070018235594
1788412452.0000288,17.989340994972736
1788412452.0511386,51.08810399542563
1788412452.1012402,17.961192002985626
1788412452.1088057,7.533601019531488
1788412452.1877527,78.92306498251855
1788412452.256539,68.76307399943471
1788412452.2623127,37.99776401137933
1788412452.2672055,52.064994000829756
1788412452.2715926,15.031799994176254
1788412452.2863157,14.704005006933585
1788412452.338555,76.22168201487511
1788412452.3471014,79.87665600376204
1788412452.3611774,74.8395940172486
1788412452.387411,15.757293993374333
1788412452.4096873,48.488203989109024
1788412452.4391844,25.00187497935258
1788412452.440656,53.22613500175066
1788412452.4748783,35.672536003403366
1788412452.4798226,39.14202598389238
1788412452.496638,75.84959999076091
1788412452.520561,40.71985502378084
1788412452.5442293,47.568948997650295
1788412452.5456307,22.9922870057635
1788412452.546989,26.40741999493912
1788412452.5483513,73.45255301333964
1788412452.586227,37.85537299700081
1788412452.598322,52.67184702097438
1788412452.600036,13.789460994303226
1788412452.6067972,8.45491499057971
1788412452.64835,5.3425009828060865
1788412452.6538222,53.76438802340999
1788412452.6591675,10.776057984912768
1788412452.719387,65.54337602574378
1788412452.7355566,16.14712699665688
1788412452.7879295,60.01441698754206
1788412452.823104,66.10400500358082
1788412452.8947864,21.682777005480602
1788412452.9233255,28.517211991129443
1788412452.9794164,56.07213100302033
1788412452.9885337,9.095240995520726
1788412453.0203202,31.768387998454273
1788412453.0440364,23.69007101515308
1788412453.108095,49.02383001171984
1788412453.1169682,72.90410899440758
1788412453.1324644,24.34977501980029
1788412453.143349,26.36314698611386
1788412453.153894,30.637049989309162
1788412453.1632502,30.767521995585412
1788412453.1796489,99.43768999073654
1788412453.195166,51.79966599098407
1788412453.2284997,48.83180299657397
1788412453.25799,69.86064199008979
1788412453.2629168,34.39727899967693
1788412453.2673638,72.17896400834434
1788412453.283124,30.54728399729356
1788412453.3154778,57.468242972390726
1788412453.3166175,53.656805015634745
1788412453.3175805,17.319941020105034
1788412453.330788,63.405869994312525
1788412453.358252,75.11009098379873
1788412453.362537,45.902861980721354
1788412453.377478,14.923793991329148
1788412453.3829944,52.18869700911455
1788412453.403418,59.139077027793974
1788412453.4100802,32.583234016783535
1788412453.421693,38.68000098736957
1788412453.443847,31.931251985952258
1788412453.4520426,8.176636998541653
1788412453.4612603,57.81892698723823
1788412453.4656024,55.49672298366204
1788412453.467878,22.887707978952676
1788412453.4865868,64.87504302640446
1788412453.509328,43.70565401040949
1788412453.5104802,53.880965017015114
1788412453.5154994,54.2164120124653
1788412453.519549,32.94322799774818
1788412453.5684092,59.061284991912544
1788412453.5733886,105.49164999974892
1788412453.577045,61.52568000834435
1788412453.578159,58.59396298183128
1788412453.583929,10.487748979358003
1788412453.585681,11.995559005299583
1788412453.6102343,33.16767202340998
1788412453.6245527,46.370586002012715
1788412453.6375542,27.292839018628
1788412453.658898,73.19399798871018
1788412453.6695466,19.700211007148027
1788412453.6831245,45.551529998192564
1788412453.6848161,21.145787002751604
1788412453.7247918,30.478406988549978
1788412453.7346358,49.79303400614299
1788412453.739729,56.58361001405865
1788412453.7884045,53.748020000057295
1788412453.7898793,99.56477602827363
1788412453.8202891,30.388561019208282
1788412453.821635,30.63057499821298
1788412453.8739934,39.51192501699552
1788412453.8934312,49.11905000335537
1788412453.8949113,97.78759800246917
1788412453.896076,23.336450016358867
1788412453.8975296,79.4844460033346
1788412453.9151862,126.75618601497263
1788412453.9217832,26.84935901197605
1788412453.9382086,16.40363098704256
1788412453.9442477,50.793285976396874
1788412453.9495041,51.954758004285395
1788412453.964678,90.66497499588877
1788412453.9718053,56.596312002511695
1788412453.9780536,12.42837798781693
1788412453.978686,40.458221978042275
1788412454.003598,24.894631002098322
1788412454.0079744,71.39031600672752
1788412454.0307276,66.02817500242963
1788412454.0627007,59.083992993691936
1788412454.0694308,37.08151599857956
1788412454.070517,92.43805499863811
1788412454.071906,9.185915987472981
1788412454.0824077,73.57207799213938
1788412454.083329,52.57699501817115
1788412454.0852482,14.705834008054808
1788412454.0963411,26.890540000749752
1788412454.1151204,32.66104601789266
1788412454.1178453,45.91678499127738
1788412454.1476808,62.40800299565308
1788412454.1774445,62.29987202095799
1788412454.2032764,57.95647099148482
1788412454.2518196,80.60131801175885
1788412454.277455,25.603260000934824
1788412454.2786655,75.35227900370955
1788412454.295628,118.15318401204422
1788412454.3063536,27.649183000903577
1788412454.3186986,23.045919981086627
1788412454.3284683,22.076950990594923
1788412454.3311458,53.66841997602023
1788412454.384785,53.61625601653941
1788412454.3980162,13.195984007325023
1788412454.4155452,87.0541000040248
1788412454.477584,37.129247008124366
1788412454.5073142,28.71143099036999
1788412454.581083,73.74473600066267
1788412454.5826833,54.50326198479161
1788412454.630252,46.58625400043093
1788412454.6358428,53.13871998805553
1788412454.637324,26.514130004215986
1788412454.6678884,32.01832599006593
1788412454.6743655,53.379732999019325
1788412454.6922898,24.37673998065293
1788412454.7487812,35.108001000480726
1788412454.75472,62.408028985373676
1788412454.7915878,42.786895006429404
1788412454.811615,56.86733601032756
1788412454.8244622,32.85215099458583
1788412454.8528597,41.22435100725852
1788412454.859795,8.335916994838044
1788412454.915493,16.297609981847927
1788412454.9759197,11.585196974920109
1788412455.2234464,19.504029012750834
1788412455.309378,10.060450993478298
1788412455.319596,10.19805800751783
1788412455.3742905,54.674358980264515
1788412455.4158075,6.172969006001949
1788412455.4299831,14.154992997646332
1788412455.4723516,73.9548479905352
1788412455.47832,48.316652013454586
1788412455.479728,7.353898021392524
1788412455.5303771,50.622519018361345
1788412455.5477166,34.2127239855472
1788412455.5487397,70.39534600335173
1788412455.5984995,49.74082700209692
1788412455.6130676,55.08722399827093
1788412455.633498,15.510212979279459
1788412455.656914,58.39372001355514
1788412455.6687047,55.57170300744474
1788412455.6810799,37.10231397417374
1788412455.6826994,25.76556199346669
1788412455.7191212,85.60308098094538
1788412455.745416,76.68940001167357
1788412455.7480478,73.09060799889266
1788412455.7587683,77.67018600134179
1788412455.7626653,79.94738800334744
1788412455.7731688,26.878977980231866
1788412455.7821662,19.479536975268275
1788412455.787461,28.67363500990905
1788412455.788353,69.20818399521522
1788412455.8214288,39.23453000606969
1788412455.8327115,84.6450530225411
1788412455.8356624,31.828756007598713
1788412455.8369384,34.89291199366562
1788412455.842148,53.775910986587405
1788412455.8697307,34.04806699836627
1788412455.8835733,50.84008802077733
1788412455.8963068,59.3488689919468
1788412455.9063962,64.22787098563276
1788412455.9079504,24.35671800049022
1788412455.9099116,13.586020999355242
1788412455.9628234,54.05487000825815
1788412455.9677095,59.74020401481539
1788412456.005623,28.959345974726602
1788412456.014477,51.62318600923754
1788412456.0166297,79.98790999408811
1788412456.0236769,23.4881829819642
1788412456.0492115,81.47995400941
1788412456.0575967,62.83929297933355
1788412456.0620832,38.941373000852764
1788412456.0772285,19.61394600220956
1788412456.086602,69.9341940053273
1788412456.1335945,74.9154030054342
1788412456.143625,55.89923000661656
1788412456.1561444,78.89707200229168
1788412456.156732,70.108900021296
1788412456.1794944,23.331520991632715
1788412456.1958258,57.472900982247666
1788412456.2085614,74.9448639980983
1788412456.2106822,14.817307004705071
1788412456.2118819,55.13406000682153
1788412456.2136216,69.97676898026839
1788412456.2360535,29.438142984872684
1788412456.264103,14.94033299968578
1788412456.269752,59.048760012956336
1788412456.272887,60.98707398632541
1788412456.281575,67.93522401130758
1788412456.288291,79.68693500151858
1788412456.2903676,17.459241003962234
1788412456.3278763,46.28369500278495
1788412456.328844,135.31524999416433
1788412456.334275,63.64302500151098
1788412456.342271,53.94890400930308
1788412456.344191,108.11840600217693
1788412456.3518095,23.913915996672586
1788412456.3589141,30.05129800294526
1788412456.3851218,40.90951199759729
1788412456.3865883,27.653919998556376
1788412456.410829,68.5304650105536
1788412456.421968,50.714369979687035
1788412456.4275155,42.3690150200855
1788412456.4351368,48.528104001889005
1788412456.4570212,21.862529014470056
1788412456.458821,31.284255994250998
1788412456.4643128,112.47501001344062
1788412456.468054,9.211841999785975
1788412456.4832785,61.28942599752918
1788412456.4900205,42.72827098611742
1788412456.5139883,32.92517299996689
1788412456.515706,25.665321998531
1788412456.5273328,13.323997001862153
1788412456.5360258,52.72413999773562
1788412456.5510428,94.00258801179007
1788412456.5643377,34.91842999937944
1788412456.5716822,7.3133750120177865
1788412456.574963,34.2817600176204
1788412456.579811,64.08405600814149
1788412456.6179564,80.65303400508128
1788412456.6244419,52.737527003046125
1788412456.6261425,126.61232199752703
1788412456.6319256,52.09104999084957
1788412456.6427374,104.4035879895091
1788412456.6729496,48.485536011867225
1788412456.6836424,65.66007298533805
1788412456.6987946,56.03899699053727
1788412456.6997597,67.81242700526491
1788412456.734933,41.74921600497328
1788412456.74073,57.066070003202185
1788412456.7512362,30.618101998697966
1788412456.7669542,67.17542200931348
1788412456.7897227,6.354110024403781
1788412456.8179033,61.395080003421754
1788412456.8409839,89.72394798183814
1788412456.842503,75.52312099142
1788412456.8462822,56.53827800415456
1788412456.8627586,20.170964999124408
1788412456.8857405,22.96109398594126
1788412456.9354665,35.76663200510666
1788412456.956937,21.4512079837732
1788412457.0090508,52.06298502162099
1788412457.043961,57.42484799702652
1788412457.0541935,109.3662960047368
1788412457.055758,46.673545002704486
1788412457.0821419,26.34137199493125
1788412457.134268,80.03437099978328
1788412457.164775,82.60416198754683
1788412457.187781,22.9824069829192
1788412457.2685392,32.49771299306303
1788412457.316851,48.273716995026916
1788412457.3895764,46.81532600079663
1788412457.4072826,19.52551197609864
1788412457.453195,27.256802015472203
1788412457.518628,37.94724200270139
1788412457.618873,26.413573999889195
1788412457.651493,32.6023279922083
1788412457.6602871,32.00780399492942
1788412457.7225444,62.105508986860514
1788412457.7369902,85.47812199685723
1788412457.7382798,30.885838001267985
1788412457.745526,22.952893981710076
1788412457.7778566,32.29868097696453
1788412457.793959,56.94792600115761
1788412457.7952302,56.93098099436611
1788412457.8180296,30.49276300589554
1788412457.8285656,10.517518006963655
1788412457.8288965,51.02251999778673
1788412457.8846002,90.61834201565944
1788412457.8858783,56.96266901213676
1788412457.9305787,25.01240698620677
1788412457.940031,55.41049301973544
1788412457.954674,68.77401299425401
1788412457.9659963,74.85131098655984
1788412457.967596,12.903245020424947
1788412457.986068,19.73937900038436
1788412457.9910216,50.972226017620414
1788412457.9926937,25.078348990064114
1788412458.0124028,46.38360600802116
1788412458.0140867,27.999092009849846
1788412458.0743933,61.954194999998435
1788412458.0758305,84.791901987046
1788412458.084864,70.75868800166063
1788412458.1197503,45.33699798048474
1788412458.152877,67.99452000996098
1788412458.1748695,55.09772399091162
1788412458.220764,45.874163013650104
1788412458.2234476,97.65317500568926
1788412458.2432642,22.47390997945331
1788412458.2932885,49.995060020592064
1788412458.3001878,6.878036016132683
1788412458.3121712,88.68517199880444
1788412458.339299,39.087366982130334
1788412458.3440714,31.87645398429595
1788412458.3668857,27.559634996578097
1788412458.397656,53.5627770004794
1788412458.4290974,36.18601101334207
1788412458.4521317,54.4527749880217
1788412458.4583924,12.853210006142035
1788412458.4989548,69.83349099755287
1788412458.5228314,64.41225999151357
1788412458.5318007,72.10232698707841
1788412458.5749474,52.0706569950562
1788412458.588575,25.116838020039722
1788412458.6048894,73.04884999757633
1788412458.6232488,50.91898801038042
1788412458.644025,69.04963700799271
1788412458.646025,57.423841004492715
1788412458.6483526,25.077754980884492
1788412458.6628985,27.585688018007204
1788412458.6889305,84.0151869924739
1788412458.7091897,22.699390014167875
1788412458.712343,66.29488899488933
1788412458.7193596,30.39935798733495
1788412458.7653537,25.666152010671794
1788412458.7672722,54.90322597324848
1788412458.7695212,51.167611993150786
1788412458.771574,127.52657299279235
1788412458.7863078,66.9237990223337
1788412458.8038518,38.441309006884694
1788412458.8071046,127.7749200235121
1788412458.8335671,66.26622501062229
1788412458.8407154,56.185797991929576
1788412458.8570676,23.47785502206534
1788412458.867064,46.76635199575685
1788412458.872097,85.76436698785983
1788412458.8847134,43.97687700111419
1788412458.8942916,124.7433060198091
1788412458.9167247,49.64030897826888
1788412458.919532,34.79601800790988
1788412458.9213572,117.48069600434974
1788412458.9229624,14.829141000518575
1788412458.9350874,18.341210001381114
1788412458.9506645,26.839463011128828
1788412458.9528806,56.93941700155847
1788412459.005559,82.57709702593274
1788412459.01087,91.31806599907577
1788412459.0266328,73.73061598627828
1788412459.0421867,31.2955730187241
1788412459.0491114,43.529476010007784
1788412459.0506957,56.51286902138963
1788412459.0523105,25.656016019638628
1788412459.0675216,15.192620980087668
1788412459.0792544,37.02478401828557
1788412459.1098394,42.29864801163785
1788412459.1458082,66.53400298091583
1788412459.1473641,37.50441301963292
1788412459.1954134,48.02940000081435
1788412459.2306347,35.198933008359745
1788412459.2388773,8.211159001803026
1788412459.240921,6.118227000115439
1788412459.2626474,21.705635997932404
1788412459.2817929,42.88411801098846
1788412459.3060553,24.2414060048759
1788412459.3309424,7.396191009320319
1788412459.3575795,26.616550981998444
1788412459.4105868,52.9884549905546
1788412459.4272316,16.62178200786002
1788412459.4280097,8.50789700052701
1788412459.4814246,19.22454999294132
1788412459.4911494,9.705625008791685
1788412459.5548313,63.664364017313346
1788412459.5603185,44.13882200606167
1788412459.596271,15.55396500043571
1788412459.6170726,62.2206520056352
1788412459.6179903,57.65187798533589
1788412459.6406617,22.65461700153537
1788412459.7271035,50.90305799967609
1788412459.8284688,31.662926980061457
1788412459.8667994,38.31196800456382
1788412459.972469,130.7419810036663
1788412459.9781973,111.38051000307314
1788412459.9944353,21.94640302332118
1788412460.019751,32.80624598846771
1788412460.0424995,48.04549700929783
1788412460.0638444,71.00627999170683
1788412460.0776777,13.815951999276876
1788412460.083179,40.66115999012254
1788412460.183875,100.67751398310065
1788412460.201252,17.35507999546826
1788412460.2547503,53.468387020984665
1788412460.2579162,28.75844101072289
1788412460.313386,58.59147501178086
1788412460.3288054,15.389106993097812
1788412460.408695,43.41683999518864
1788412460.4205654,127.59810799616389
1788412460.426102,36.45622500334866
1788412460.4375777,16.99001100496389
1788412460.4529545,26.833592011826113
1788412460.4645548,26.95244600181468
1788412460.623108,27.389917988330126
1788412460.6793418,56.21215302380733
1788412460.703931,13.095375004922971
1788412460.708207,4.253174993209541
1788412460.8081896,31.38379700249061
1788412460.809803,31.51331501430832
1788412460.8481028,39.88678602036089
1788412460.8784184,30.296470009488985
1788412460.879716,26.111832994502038
1788412460.8848207,74.99774600728415
1788412460.914155,29.314354003872722
1788412460.942743,64.30280100903474
1788412460.95814,80.4943350085523
1788412460.9763823,18.223035003757104
1788412460.9949594,21.994099020957947
1788412461.0044131,61.64587999228388
1788412461.040868,64.46558798779733
1788412461.0492554,6.969172012759373
1788412461.050185,55.20897699170746
1788412461.0542822,49.84372199396603
1788412461.081544,31.338644010247663
1788412461.096373,47.09719802485779
1788412461.1028042,86.02955800597556
1788412461.1187873,15.955757990013808
1788412461.1245966,70.27768899570219
1788412461.1514027,55.01054000342265
1788412461.1524205,111.53299399302341
1788412461.1780705,26.648503000615165
1788412461.1842818,102.71908200229518
1788412461.201718,38.83429800043814
1788412461.225159,48.62010799115524
1788412461.226484,27.320344001054764
1788412461.2286227,104.00826999102719
1788412461.2364933,17.66664200113155
1788412461.2380564,85.61698600533418
1788412461.2399743,38.231631013331935
1788412461.2481892,11.673175991745666
1788412461.2635744,85.48611498554237
1788412461.2823415,55.840149987488985
1788412461.2830434,36.48867300944403
1788412461.288213,50.132806005422026
1788412461.294038,45.82936002407223
1788412461.295208,92.12720399955288
1788412461.3357077,11.027984990505502
1788412461.3500652,67.70155898993835
1788412461.355767,61.70586499501951
1788412461.3809166,85.6894759926945
1788412461.4180927,68.00915801431984
1788412461.4288347,73.04516801377758
1788412461.4394138,58.47730801906437
1788412461.4405675,22.455677011748776
1788412461.4785168,49.66045598848723
1788412461.4817364,42.304864997277036
1788412461.500631,20.570460008457303
1788412461.5261564,47.61904798215255
1788412461.5414147,100.82981697632931
1788412461.5435185,42.86827801843174
1788412461.5440304,28.750005003530532
1788412461.5647652,38.58528001001105
1788412461.5906494,47.112368018133566
1788412461.614639,49.85127502004616
1788412461.62676,82.71320702624507
1788412461.6280627,30.6170700059738
1788412461.6416018,50.926672003697604
1788412461.6633308,21.7077849956695
1788412461.6681008,41.32076998939738
1788412461.6757095,72.30731801246293
1788412461.6830182,14.898827008437365
1788412461.695106,19.376826006919146
1788412461.7428796,79.52928598388098
1788412461.7478995,90.36365599604324
1788412461.7712119,18.4965209919028
1788412461.7764125,28.490344004239887
1788412461.7789652,18.795487005263567
1788412461.8038297,60.930122010177
1788412461.8232584,19.407393992878497
1788412461.8507538,74.31400098721497
1788412461.8590157,35.737560014240444
1788412461.86544,14.665025024442002
1788412461.8958654,36.82085298351012
1788412461.9310138,35.12787300860509
1788412461.9448195,50.36876499070786
1788412461.9621851,31.14954600459896
1788412462.0415637,45.08137601078488
1788412462.1469698,76.3243249966763
1788412462.1609163,23.898131010355428
1788412462.1715543,24.56331899156794
1788412462.1824489,21.511839993763715
1788412462.1886144,39.91084601148032
1788412462.1898339,108.89874497661367
1788412462.218773,80.79479000298306
1788412462.2293494,17.01837999280542
1788412462.239567,66.83136001811363
1788412462.2411413,22.336975001962855
1788412462.242318,52.46668899781071
1788412462.2620792,20.913251995807514
1788412462.2845914,42.25397002301179
1788412462.294176,32.07854402717203
1788412462.3130202,73.43051201314665
1788412462.3272443,42.63174801599234
1788412462.3330147,19.901366002159193
1788412462.3423796,48.18323100334965
1788412462.3815093,25.303428003098816
1788412462.3824608,55.19843701040372
1788412462.431898,89.49037699494511
1788412462.443271,26.930561987683177
1788412462.4708703,88.39097898453474
1788412462.4735394,12.35274999635294
1788412462.4822025,54.62680899654515
1788412462.4939032,50.61300299712457
1788412462.4952073,50.93476199544966
1788412462.520333,21.300352993421257
1788412462.5218985,48.33076801151037
1788412462.5447648,73.86158299050294
1788412462.5826561,87.43137802230194
1788412462.584658,22.940711001865566
1788412462.5920672,70.14928801800124
1788412462.5946813,49.88773199147545
1788412462.605503,10.799584997585043
1788412462.615977,23.891171003924683
1788412462.621547,16.02452600491233
1788412462.638038,52.3506410245318
1788412462.643108,58.43073900905438
1788412462.6647668,48.76674001570791
1788412462.6988292,55.6979030079674
1788412462.700281,78.71665401034988
1788412462.7162223,51.42780998721719
1788412462.7202024,19.90543899592012
1788412462.7261465,11.025845975382254
1788412462.7696142,53.36884199641645
1788412462.7959807,75.75653598178178
1788412462.7982025,59.162172983633354
1788412462.8315635,33.339087007334456
1788412462.8320742,62.43682999047451
1788412462.8764553,44.362493994412944
1788412462.8820493,50.4640510189347
1788412462.8988256,16.74618700053543
1788412462.928288,29.441186983603984
1788412462.9547107,78.23195599485189
1788412462.9790804,50.764688989147544
1788412462.99819,19.08859401009977
1788412463.0078173,53.084990999195725
1788412463.0125396,6.225372984772548
1788412463.022576,24.36722200945951
1788412463.024548,15.11840897728689
1788412463.0631845,58.42566801584326
1788412463.067734,31.80755299399607
1788412463.08599,73.42895600595511
1788412463.0928164,68.24487200356089
1788412463.100184,22.936432011192665
1788412463.1219704,35.956234991317615
1788412463.1704443,107.23939098534174
1788412463.180818,102.34672398655675
1788412463.2168953,94.9043320142664
1788412463.2180185,117.81448000692762
1788412463.227297,128.47732900991105
1788412463.2286878,47.8493700211402
1788412463.233592,6.2747650081291795
1788412463.2390378,22.12122399942018
1788412463.2577705,39.73164097988047
1788412463.2594726,30.76206400874071
1788412463.2617404,28.123608994064853
1788412463.280919,144.77489999262616
1788412463.3088222,76.10303998808376
1788412463.3140213,52.25502699613571
1788412463.3162718,14.382939989445731
1788412463.3219268,62.43261200143024
1788412463.3407586,59.82011402375065
1788412463.342156,103.09528399375267
1788412463.348644,32.35185198718682
1788412463.3908217,48.64720901241526
1788412463.4034865,54.81650200090371
1788412463.410451,40.83631798857823
1788412463.4204535,79.67332200496458
1788412463.4215403,107.49529302120209
1788412463.4240925,20.582476019626483
1788412463.4260986,46.436247008387
1788412463.4322138,41.3690049899742
1788412463.4623392,51.86914399382658
1788412463.4694173,45.305596984690055
1788412463.4818974,25.015121995238587
1788412463.4920733,81.2597629847005
1788412463.492757,71.1982810171321
1788412463.4961185,26.682416995754465
1788412463.4971259,71.00176898529753
1788412463.5455923,78.21823700214736
1788412463.5529888,60.213230026420206
1788412463.572693,76.54461002675816
1788412463.5804203,83.27164698857814
1788412463.5990033,26.28778398502618
1788412463.5998683,46.85829998925328
1788412463.6449924,52.79556100140326
1788412463.677318,78.29473601304926
1788412463.7045567,59.544393996475264
1788412463.7184625,118.57633499312215
1788412463.744976,67.63913598842919
1788412463.7499137,45.33763098879717
1788412463.7511876,13.251539989141747
1788412463.7671692,38.57652100850828
1788412463.7917035,41.771440010052174
1788412463.798203,46.99789400910959
1788412463.8215451,32.14492098777555
1788412463.8318024,40.07083401666023
1788412463.847044,79.85553299658932
1788412463.847878,85.62927698949352
1788412463.8496225,17.79923599679023
1788412463.8864527,38.55426999507472
1788412463.897387,27.36917301081121
1788412463.914843,67.77356602833606
1788412463.934919,31.703584012575448
1788412463.9461493,48.741142003564164
1788412463.9581318,23.192714987089857
1788412463.9638422,48.90244698617607
1788412464.027715,75.79853001516312
1788412464.0294564,65.59402198763564
1788412464.0653496,35.872887005098164
1788412464.06613,36.4050270000007
1788412464.0909204,25.550763006322086
1788412464.1070247,16.082513000583276
1788412464.1326752,25.62570499139838
1788412464.1395268,6.824990006862208
1788412464.1766963,37.14782200404443
1788412464.1958432,19.126990024233237
1788412464.2178743,22.01093698386103
1788412464.2708776,38.63878198899329
1788412464.2723587,28.207972005475312
1788412464.3165276,51.39564600540325
1788412464.329419,58.51902099675499
1788412464.3355992,63.220656011253595
1788412464.3684564,52.51372800557874
1788412464.3890007,59.55353000899777
1788412464.3994818,10.45963101205416
1788412464.435192,66.71467298292555
1788412464.4654381,65.93611498828977
1788412464.4734874,60.872514004586264
1788412464.4832442,17.78473798185587
1788412464.5668116,83.54585801134817
1788412464.5723863,31.200815981719643
1788412464.594108,77.73611097945832
1788412464.639764,59.73552499199286
1788412464.6653147,71.14892700337805
1788412464.6665165,41.01419399376027
1788412464.6861556,35.76525300741196
1788412464.687402,47.60719000478275
1788412464.6886303,121.79754098178819
1788412464.7000692,13.894347997847944
1788412464.7105358,43.99826400913298
1788412464.7190025,30.35483800340444
1788412464.7428765,32.3211660142988
1788412464.7442884,56.868140993174165
1788412464.7510893,29.514188994653523
1788412464.7699423,58.019139978569
1788412464.7750328,56.00972002139315
1788412464.7815855,38.68857599445619
1788412464.7851725,10.119252983713523
1788412464.8116937,60.584003978874534
1788412464.8294115,17.695463000563905
1788412464.8389225,55.091091024223715
1788412464.8538585,83.89347299817018
1788412464.8700664,48.22017502738163
1788412464.8780274,91.64598298957571
1788412464.8840828,30.202446010662243
1788412464.8861907,56.750960007775575
1788412464.9425683,64.50833700364456
1788412464.9539883,11.398588976589963
1788412464.9870467,102.93989401543513
1788412464.997371,43.35872799856588
1788412465.072118,74.7265050013084
1788412465.095427,17.605119006475434
1788412465.1161366,60.047870996640995
1788412465.1574242,17.02994102379307
1788412465.1725473,77.0986349962186
1788412465.1922543,34.788635006407276
1788412465.256665,64.39041902194731
1788412465.276177,19.489864993374795
1788412465.3032975,28.233324992470443
1788412465.32344,36.85017800307833
1788412465.3619657,58.64426100743003
1788412465.4289007,66.91038399003446
1788412465.460591,87.70240101148374
1788412465.476627,47.682312986580655
1788412465.5151026,54.491309012519196
1788412465.5623875,54.88608402083628
1788412465.585305,70.175497996388
1788412465.5909474,114.28359500132501
1788412465.5934548,84.77019800920971
1788412465.6170719,26.088259008247405
1788412465.6240547,38.71029199217446
1788412465.6392255,22.107592987595126
1788412465.6463811,52.87934897933155
1788412465.6486404,34.1800729802344
1788412465.6641948,32.74773698649369
1788412465.6774464,57.78969099628739
1788412465.6812103,136.0678530181758
1788412465.6963098,47.63309002737515
1788412465.7063975,49.942268000449985
1788412465.75082,37.91057399939746
1788412465.767334,70.9899770154152
1788412465.773842,6.489887979114428
1788412465.8149877,5.806459987070411
1788412465.8176572,43.79477197653614
1788412465.8706362,52.955377992475405
1788412465.8841524,13.497476989869028
1788412465.9083972,23.012626013951376
1788412465.9412653,34.913768991827965
1788412465.9420073,57.838234992232174
1788412465.9839327,77.1780559734907
1788412465.988746,46.71614401740953
1788412465.9979782,14.018440997460857
1788412466.0032482,61.96645597810857
1788412466.004752,15.987419988960028
1788412466.0306563,46.42325500026345
1788412466.048856,44.08666200470179
1788412466.105779,75.10372399701737
1788412466.125278,18.588728009490296
1788412466.1418273,79.39521799562499
1788412466.154623,29.321609996259212
1788412466.155678,49.881029000971466
1788412466.1622777,6.573919992661104
1788412466.172169,30.32480998081155
1788412466.1781101,35.956645995611325
1788412466.1798134,17.511587997432798
1788412466.2221847,44.05308698187582
1788412466.242297,62.44344401056878
1788412466.2732348,51.032285002293065
1788412466.2865272,13.27410401427187
1788412466.2910626,48.74760398524813
1788412466.2996867,13.144413998816162
1788412466.3460317,54.92826399859041
1788412466.3576677,11.619577999226749
1788412466.3813465,23.66455100127496
1788412466.4148004,32.67830199911259
1788412466.435644,53.28863998875022
1788412466.487756,72.94152397662401
1788412466.5173364,9.94693802203983
1788412466.6476517,35.78660299535841
1788412466.670991,6.639108993113041
1788412466.7109177,8.966233028331771
1788412466.7163944,13.149321981472895
1788412466.740887,57.76554101612419
1788412466.7660856,25.178276002407074
1788412466.767128,16.223992977757007
1788412466.8787374,77.38799901562743
1788412466.8869863,34.904394997283816
1788412466.9209166,33.91237399773672
1788412467.00225,34.890847018687055
1788412467.0053432,39.46375899249688
1788412467.0770912,71.70624600257725
1788412467.1300628,150.39279501070268
1788412467.1323755,55.24429399520159
1788412467.1950223,69.35756900929846
1788412467.2046037,140.7763919851277
1788412467.2227383,18.113960017217323
1788412467.224287,29.24174099462107
1788412467.2354803,14.578322996385396
1788412467.2408154,16.504592000273988
1788412467.2500274,119.91706499247812
1788412467.2506192,121.92520700045861
1788412467.2778406,55.07728600059636
1788412467.2784696,27.80078598880209
1788412467.2961588,50.73589499806985
1788412467.302892,62.05771802342497
1788412467.3106794,14.499681012239307
1788412467.3119564,61.91141498857178
1788412467.3280177,49.52701801084913
1788412467.3436868,108.17155300173908
1788412467.3448462,66.98056199820712
1788412467.3674388,55.46189800952561
1788412467.3772528,66.55289299669676
1788412467.4241452,79.28009901661426
1788412467.438047,54.97960900538601
1788412467.466952,99.48969300603494
1788412467.481374,13.045329978922382
1788412467.4879327,20.961722009815276
1788412467.4900079,95.22593900328502
1788412467.5011277,62.82079202355817
1788412467.5135908,23.561412002891302
1788412467.523402,22.23909698659554
1788412467.5344584,53.062764985952526
1788412467.5598059,25.322744011646137
1788412467.565505,36.81406198302284
1788412467.5666556,53.0465800256934
1788412467.586934,63.5119000216946
1788412467.607591,20.633031002944335
1788412467.6222603,55.58562799706124
1788412467.644199,36.58498098957352
1788412467.6453366,79.81433399254456
1788412467.7147136,92.42966101737693
1788412467.7390482,93.6934879864566
1788412467.744491,100.26540397666395
1788412467.7731545,58.42145302449353
1788412467.7958379,56.332915992243215
1788412467.7972686,36.677199008408934
1788412467.8039126,32.1530899964273
1788412467.8092923,53.94684401107952
1788412467.8293417,33.463197003584355
1788412467.835151,61.97592199896462
1788412467.860373,63.077294995309785
1788412467.8748415,24.81011100462638
1788412467.8759844,46.62347701378167
1788412467.8990316,38.630533003015444
1788412467.9173548,18.30439700279385
1788412467.9275947,51.59381200792268
1788412467.949301,74.44036900415085
1788412467.9546335,27.020143024856225
1788412468.010447,55.79464099719189
1788412468.0744007,19.59097001235932
1788412468.079994,40.51606499706395
1788412468.093313,82.84574499703012
1788412468.1595156,85.09719299036078
1788412468.1605742,62.69222000264563
1788412468.1615174,68.18384499638341
1788412468.1751423,21.2425570061896
1788412468.1830025,22.401246998924762
1788412468.2035153,43.98138800752349
1788412468.2560349,80.86723199812695
1788412468.2568986,53.36434501805343
1788412468.2688444,23.702575999777764
1788412468.269908,55.80072198063135
1788412468.271044,89.1991950047668
1788412468.299087,28.029082983266562
1788412468.3046653,47.74815498967655
1788412468.3183897,37.780879996716976
1788412468.3713405,52.93149800854735
1788412468.3727934,68.1060699862428
1788412468.394732,21.911791991442442
1788412468.3966055,27.46499900240451
1788412468.414375,51.74486699979752
1788412468.4209,49.5354610029608
1788412468.4430072,28.61276699695736
1788412468.449107,53.51501400582492
1788412468.478774,29.64514199993573
1788412468.4837961,40.54739500861615
1788412468.539914,56.09873897628859
1788412468.54467,13.95005697850138
1788412468.5605044,15.81657599308528
1788412468.565603,122.57754598977044
1788412468.6342158,94.28415598813444
1788412468.6438236,73.94616599776782
1788412468.6653278,21.484480996150523
1788412468.6855044,20.154973986791447
1788412468.6969519,10.306859010597691
1788412468.7106678,25.143523002043366
1788412468.7425,18.882945994846523
1788412468.7462978,35.59178201248869
1788412468.7756858,78.71515999431722
1788412468.8083053,32.59770598378964
1788412468.809987,17.3110069881659
1788412468.8371997,60.036595998099074
1788412468.8426967,22.72128500044346
1788412468.866996,58.67373201181181
1788412468.8882983,21.283655980369076
1788412468.9377763,95.90418098377995
1788412468.9392664,50.943003996508196
1788412468.9574986,19.700798991834745
1788412468.9659467,58.46807701163925
1788412468.9715433,14.025410026079044
1788412468.9946797,55.387254018569365
1788412469.0063715,40.398156008450314
1788412469.0283825,33.67911500390619
1788412469.0495687,85.73655900545418
1788412469.0772412,27.651904005324468
1788412469.127066,49.80847999104299
1788412469.1814964,85.40124297724105
1788412469.1973033,15.782059985212982
1788412469.2144008,17.06558300065808
1788412469.2820988,67.61292100418359
1788412469.355468,15.499519009608775
1788412469.3924494,36.961573001462966
1788412469.4209661,35.36438901210204
1788412469.440979,36.087154992856085
1788412469.4469602,25.97340999636799
1788412469.5175455,18.161485000746325
1788412469.5447998,27.230634004808962
1788412469.5750365,28.24139199219644
1788412469.5805087,133.5268359980546
1788412469.6058376,82.894863007823
1788412469.632535,14.844538003671914
1788412469.634602,28.748036012984812
1788412469.6643796,77.78858501114883
1788412469.6660743,33.518299023853615
1788412469.6679769,33.35482400143519
1788412469.6882336,30.67357902182266
1788412469.7361825,70.08509800652973
1788412469.7659347,101.53172200080007
1788412469.778366,90.11407301295549
1788412469.7800567,14.102123997872695
1788412469.791306,55.104875995311886
1788412469.8125052,21.18039899505675
1788412469.8138142,33.73998901224695
1788412469.8220778,9.515495999949053
1788412469.846559,24.45727799204178
1788412469.8790445,17.862444976344705
1788412469.9001684,86.33957200800069
1788412469.9424536,48.35761999129318
1788412469.9486203,48.43453798093833
1788412469.9629936,116.40291102230549
1788412469.9925823,15.871774987317622
1788412469.993691,45.048742002109066
1788412470.0030022,39.98588499962352
1788412470.1035392,79.9014630028978
1788412470.1155057,13.289468013681471
1788412470.1172457,13.679842988494784
1788412470.119192,3.6704009980894625
1788412470.1714969,22.13185399887152
1788412470.1718557,52.64586501289159
1788412470.1775503,60.2878839999903
1788412470.2286973,22.892895998666063
1788412470.233887,5.173968005692586
1788412470.234856,62.98199499724433
1788412470.2428172,8.914678997825831
1788412470.263087,20.254436996765435
1788412470.3291967,29.800195974530652
1788412470.338247,9.035538008902222
1788412470.3392532,51.838270999724045
1788412470.369331,45.3619189793244
1788412470.376589,37.31170899118297
1788412470.4398818,40.53516301792115
1788412470.452131,11.86529200640507
1788412470.4752376,23.08306298800744
1788412470.4773695,37.456767982803285
1788412470.4933937,18.124309979612008
1788412470.5670006,89.59202299593017
1788412470.5875869,119.98184700496495
1788412470.5888193,95.39936599321663
1788412470.6110644,59.293736005201936
1788412470.6125424,24.84806298161857
1788412470.6376152,26.5313140116632
1788412470.6602948,68.30605200957507
1788412470.6768327,39.19832099927589
1788412470.6778684,65.30334000126459
1788412470.7414534,63.56256900471635
1788412470.746976,46.151135000400245
1788412470.7544446,12.963824003236368
1788412470.755519,78.66460300283507
1788412470.8086252,61.61103301565163
1788412470.836724,28.07653698255308
1788412470.8520577,15.315423981519416
1788412470.8847926,32.716426998376846
1788412470.9708655,48.826435988303274
1788412470.9802177,41.971586004365236
1788412470.985165,63.98916299804114
1788412470.9952292,79.78749502217397
1788412470.997528,12.344699003733695
1788412471.0015693,21.28321601776406
1788412471.0054529,10.203986981650814
1788412471.0266821,29.132472001947463
1788412471.0543158,52.719631989020854
1788412471.059767,60.4552399890963
1788412471.0671637,24.353040993446484
1788412471.0689445,25.34795700921677
1788412471.080906,26.56927300267853
1788412471.0935726,52.36564899678342
1788412471.1120672,18.472861003829166
1788412471.1178253,50.64109800150618
1788412471.129235,69.44870200823061
1788412471.1346242,16.780199017375708
1788412471.1634107,83.79763999255374
1788412471.1894226,60.16406501294114
1788412471.1958098,18.303949997061864
1788412471.2218113,58.37924699881114
1788412471.224795,11.81510099559091
1788412471.241919,17.104025988373905
1788412471.285256,18.95335500012152
1788412471.2976525,15.00380301149562
1788412471.311624,26.333101006457582
1788412471.3373966,25.749257998540998
1788412471.3520136,64.69332298729569
1788412471.3798041,28.70903300936334
1788412471.4280531,48.22635999880731
1788412471.4394078,11.326179024763405
1788412471.4651399,25.71330199134536
1788412471.5678759,102.71484000259079
1788412471.5795708,11.671548010781407
1788412471.6319926,15.80249599646777
1788412471.686062,54.05123200034723
1788412471.6949558,8.874371007550508
1788412471.7081766,13.197526015574113
1788412471.7366242,28.42712600249797
1788412471.7593148,58.120479981880635
1788412471.774837,48.599312984151766
1788412471.7982714,23.41107401298359
1788412471.8079283,71.28495199140161
1788412471.8508592,52.55933600710705
1788412471.8628173,54.86598299467005
1788412471.8906293,27.790814987383783
1788412471.9064908,68.86042500264011
1788412471.907927,23.624443012522534
1788412471.9364579,28.510105999885127
1788412471.9378335,31.320667010731995
1788412471.9396372,15.93660400249064
1788412471.9604928,69.84459701925516
1788412471.9665952,41.91826700116508
1788412472.001828,65.35042601171881
1788412472.0093727,58.87890700250864
1788412472.0152578,77.40426101372577
1788412472.0231616,31.461263017263263
1788412472.0258734,16.481764003401622
1788412472.0272596,87.598864978645
1788412472.0284796,42.90572399622761
1788412472.0424578,81.94357599131763
1788412472.0611331,32.63452698593028
1788412472.0623977,36.50615201331675
1788412472.0827935,35.09427802055143
1788412472.0841668,58.80520798382349
1788412472.090709,66.16273199324496
1788412472.1074827,92.20146900042892
1788412472.1209917,78.51530698826537
1788412472.1277263,20.213390002027154
1788412472.129852,39.115905994549394
1788412472.1313462,68.92600399442017
1788412472.138688,54.500058002304286
1788412472.1645873,33.2064529939089
1788412472.1657557,82.94127299450338
1788412472.181741,53.99363802280277
1788412472.2116292,45.84846401121467
1788412472.2262251,61.61634199088439
1788412472.2471528,24.432578997220844
1788412472.2710834,23.134100018069148
1788412472.2775211,30.347123014507815
1788412472.3207586,49.64861398912035
1788412472.3510106,124.75931202061474
1788412472.3516018,74.05543499044143
1788412472.3751826,24.148786993464455
1788412472.3949325,43.31179801374674
1788412472.396546,64.5404770039022
1788412472.4111187,16.1661249876488
1788412472.439014,63.8116079790052
1788412472.4509423,39.76522199809551
1788412472.452138,56.62051300168969
1788412472.4536464,57.08306501037441
1788412472.4816675,42.63291499228217
1788412472.4833186,29.653418983798474
1788412472.5041697,53.203952993499115
1788412472.505271,53.10448899399489
1788412472.5176833,13.492731988662854
1788412472.5630567,57.76177000370808
1788412472.5750003,57.29553400306031
1788412472.6076765,32.63790000346489
1788412472.6357512,72.67446900368668
1788412472.6371834,29.487318999599665
1788412472.6511524,82.2775440174155
1788412472.6623936,26.62054600659758
1788412472.7163308,16.939414985245094
1788412472.7185242,67.34895700355992
1788412472.7360916,73.67942199925892
1788412472.7471378,26.905462000286207
1788412472.76236,26.247445988701656
1788412472.7794902,32.32736399513669
1788412472.7817636,65.39744502515532
1788412472.7938826,21.193877008045092
1788412472.8001938,22.00489299139008
1788412472.8192334,37.447484995936975
1788412472.8350406,55.52884598728269
1788412472.8629367,43.683377996785566
1788412472.8706546,31.088140996871516
1788412472.8959062,25.232609012164176
1788412472.9087412,73.67844402324408
1788412472.9094045,46.44719499628991
1788412472.929887,20.464730012463406
1788412472.963421,54.65995898703113
1788412473.0028012,72.89413700345904
1788412473.0272176,39.25669498858042
1788412473.0336142,30.79542997875251
1788412473.0946283,60.99550999351777
1788412473.1064467,23.313569981837645
1788412473.1138647,19.218465022277087
1788412473.1354928,65.90772900381126
1788412473.1443262,8.81226998171769
1788412473.1626365,48.75302000436932
1788412473.1855907,30.00560699729249
1788412473.1868424,42.4925189872738
1788412473.222355,47.093581000808626
1788412473.2518344,29.461699014063925
1788412473.2596605,72.79874599771574
1788412473.2832901,31.436201999895275
1788412473.298812,9.886698011541739
1788412473.3108752,51.186450000386685
1788412473.3123133,13.48221898660995
1788412473.3133886,51.12354800803587
1788412473.3372846,23.87436799472198
1788412473.3780298,11.082101002102718
1788412473.3849425,74.0394140011631
1788412473.3861532,50.812009983928874
1788412473.3960414,58.734232996357605
1788412473.4033577,18.375362997176126
1788412473.4105973,32.54540098714642
1788412473.4173129,31.137765006860718
1788412473.4318767,14.540045987814665
1788412473.4490073,10.483127989573404
1788412473.4529266,56.85871100286022
1788412473.454926,23.02761300234124
1788412473.48451,35.37734999554232
1788412473.4921706,88.77503601252101
1788412473.5031216,48.16569297690876
1788412473.505655,55.23587801144458
1788412473.5082898,56.62930800463073
1788412473.532116,26.44106702064164
1788412473.5333781,25.067407987080514
1788412473.5398777,55.33835501410067
1788412473.591485,56.88843998359516
1788412473.5923805,58.98302100831643
1788412473.5955303,28.815088007831946
1788412473.6449006,49.34747700463049
1788412473.657117,64.699391979957
1788412473.668317,23.392092989524826
1788412473.6987405,49.06315400148742
1788412473.7146497,46.31361601059325
1788412473.7444901,20.935197011567652
1788412473.7518976,53.13497799215838
1788412473.753205,8.695293974597007
1788412473.7974203,42.9453770047985
1788412473.80259,49.364634993253276
1788412473.830827,78.90901400242001
1788412473.8904352,17.004780005663633
1788412473.915427,84.57667200127617
1788412473.9179668,27.50878900405951
1788412473.982708,64.71937798778526
1788412473.9990816,16.353048995370045
1788412474.0411792,42.06791199976578
1788412474.0563605,26.520119979977608
1788412474.1310422,41.5460089861881
1788412474.145188,14.124389010248706
1788412474.1494083,70.09608301450498
1788412474.1785316,23.94369599642232
1788412474.2033796,24.829291010973975
1788412474.2243743,92.59454501443543
1788412474.2309394,125.58157701278105
1788412474.2575028,31.622783979400992
1788412474.2612796,66.05114799458534
1788412474.278501,47.539759980281815
1788412474.2938137,90.40545098832808
1788412474.2943878,36.86477898736484
1788412474.2979722,36.63427400169894
1788412474.300769,76.36564099811949
1788412474.3307264,52.199005003785715
1788412474.3324516,34.451354993507266
1788412474.3335698,39.734989986754954
1788412474.3526025,21.854761987924576
1788412474.3656135,64.82182699255645
1788412474.371885,20.641172013711184
1788412474.3880186,35.39564399397932
1788412474.4128463,29.956062004202977
1788412474.4215617,55.92752501252107
1788412474.4383345,105.86114099714905
1788412474.4505308,36.73340700333938
1788412474.4590423,87.1354179980699
1788412474.4614341,79.09261199529283
1788412474.4674802,8.417225006269291
1788412474.4892597,76.37865099241026
1788412474.4975407,75.95616698381491
1788412474.5001748,10.85435098502785
1788412474.509565,59.01254998752847
1788412474.576306,78.72920797672123
1788412474.5944836,133.02048499463126
1788412474.5952916,46.473462018184364
1788412474.65053,74.20139701571316
1788412474.65726,78.38333601830527
1788412474.670701,73.53979902109131
1788412474.6732314,39.03565899236128
1788412474.6796327,8.908353018341586
1788412474.722833,43.17981001804583
1788412474.7242055,66.92395400023088
1788412474.7505674,100.01482500229031
1788412474.752021,157.2969930130057
1788412474.7779515,53.722719982033595
1788412474.8058767,132.61253299424425
1788412474.8550413,102.99922100966796
1788412474.8569233,51.0156350210309
1788412474.8732066,55.227030999958515
1788412474.8791816,128.5925859992858
1788412474.8798041,24.737689993344247
1788412474.9254608,46.25932002090849
1788412474.9628658,12.32205200358294
1788412474.9704525,34.37886800384149
1788412474.9937408,23.26961699873209
1788412474.994882,31.99655600474216
1788412475.0123441,17.443537013605237
1788412475.028899,52.26169899106026
1788412475.0676236,55.258657986996695
1788412475.0977848,54.12035100744106
1788412475.1146247,46.976318990346044
1788412475.133544,35.7395640166942
1788412475.1507301,17.164153017802164
1788412475.1631997,48.554059001617134
1788412475.2084444,59.53871400561184
1788412475.2105577,10.24731100187637
1788412475.2257485,74.99393899342977
1788412475.2384706,12.700569990556687
1788412475.238745,59.48781399638392
1788412475.2806149,73.73765000374988
1788412475.2818813,44.87729299580678
1788412475.2880147,8.816735993605107
1788412475.296856,58.36465899483301
1788412475.3164055,35.76978298951872
1788412475.3345351,37.64653598773293
1788412475.3517828,63.74800100456923
1788412475.36366,47.23374801687896
1788412475.3787162,44.157694006571546
1788412475.4195743,55.89471402345225
1788412475.4360487,84.24374400055967
1788412475.4372754,58.53972598561086
1788412475.4625165,85.75389001634903
1788412475.4834833,63.888221979141235
1788412475.5052466,42.708268010756
1788412475.5068014,23.29620998352766
1788412475.53005,24.776974983979017
1788412475.544478,37.65003499574959
1788412475.563775,126.4783070073463
1788412475.574017,55.579976993612945
1788412475.6092873,79.21146199805662
1788412475.615193,59.12477499805391
1788412475.636845,41.48416899261065
1788412475.6438837,34.560096013592556
1788412475.645391,63.22865199763328
1788412475.67688,102.83335100393742
1788412475.690169,74.93752101436257
1788412475.6915982,54.73263701424003
1788412475.7067838,23.50941000622697
1788412475.7093682,32.46566202142276
1788412475.7162943,24.66976598952897
1788412475.7316933,15.376057010143995
1788412475.7788322,69.44041899987496
1788412475.800171,68.4561129892245
1788412475.8024008,23.546317010186613
1788412475.8397808,39.58242398221046
1788412475.8560169,53.59318500268273
1788412475.8632653,25.071829004446045
1788412475.8942792,30.99509997991845
1788412475.9158611,76.04284101398662
1788412475.9564946,62.193242978537455
1788412475.9568205,100.78292700927705
1788412475.9588447,38.38385900598951
1788412475.970031,13.511450990336016
1788412476.015755,24.896860995795578
1788412476.0395217,69.46716498350725
1788412476.0483968,32.59917598916218
1788412476.0960908,56.53454799903557
1788412476.1081843,12.06935799564235
1788412476.1447756,96.35750399320386
1788412476.1599257,51.69572800514288
1788412476.177805,17.85954399383627
1788412476.2129207,35.092339996481314
1788412476.2347922,21.85152398305945
1788412476.2976913,69.48054698295891
1788412476.3365064,76.4566290017683
1788412476.339677,27.692314004525542
1788412476.3547263,119.91315902560018
1788412476.357585,59.025622002081946
1788412476.366884,10.990438982844353
1788412476.374618,76.90629400894977
1788412476.3913324,129.73486000555567
1788412476.3925655,56.03815699578263
1788412476.4062736,40.96181198838167
1788412476.4068117,57.81754499184899
1788412476.4252818,18.45180499367416
1788412476.436782,44.19240399147384
1788412476.4542723,62.91920901276171
1788412476.468582,93.94358898862265
1788412476.5083563,19.18950301478617
1788412476.5141902,77.38681600312702
1788412476.5146844,108.39146599755622
1788412476.5156114,24.63018399430439
1788412476.5234795,54.871475003892556
1788412476.573019,64.64421399869025
1788412476.5856712,14.14746098453179
1788412476.5872746,28.405107994331047
1788412476.596035,81.33242902113125
1788412476.6002505,76.7484349780716
1788412476.623657,23.386525979731232
1788412476.6372335,13.555851997807622
1788412476.6492703,61.95684100384824
1788412476.6607537,64.68378999852575
1788412476.672318,99.20695799519308
1788412476.6729147,37.502488994505256
1788412476.7034576,54.16225700173527
1788412476.7221417,49.80190200149082
1788412476.7497323,76.79991799523123
1788412476.7709806,48.81307200412266
1788412476.7722347,68.73357901349664
1788412476.7898183,40.06445300183259
1788412476.8016589,99.86119400127791
1788412476.8030336,13.194789993576705
1788412476.8292735,58.27290000161156
1788412476.8770719,47.75400800281204
1788412476.888328,85.27424800558947
1788412476.9146311,13.92907599802129
1788412476.9159217,20.631238003261387
1788412476.9291382,14.486160012893379
1788412476.9347901,63.334353995742276
1788412476.956041,21.23189900885336
1788412477.003999,88.05919002043083
1788412477.0262072,22.179902996867895
1788412477.0450132,83.56146700680256
1788412477.054796,98.73279900057241
1788412477.1372964,100.1170780218672
1788412477.1809545,27.97236602054909
1788412477.1983645,61.02971700602211
1788412477.2060552,7.666965975658968
1788412477.2625265,56.448681018082425
1788412477.3169465,54.40006498247385
1788412477.3305464,40.567863994510844
1788412477.3675332,50.565669022034854
1788412477.374186,6.631394993746653
1788412477.4543507,30.13460402144119
1788412477.4657826,80.2084390015807
1788412477.504946,50.57080998085439
1788412477.5216863,18.38731998577714
1788412477.5231597,18.192849995102733
1788412477.529283,63.47932099015452
1788412477.5617795,32.467893994180486
1788412477.5738885,50.709565985016525
1788412477.591154,69.44295999710448
1788412477.6034555,41.65560600813478
1788412477.6055067,25.3579179989174
1788412477.617295,26.102346018888056
1788412477.6186042,15.129250998143107
1788412477.6252196,51.30659800488502
1788412477.6382854,32.75415601092391
1788412477.649344,24.10025300923735
1788412477.670913,53.597944002831355
1788412477.6888242,39.45172901148908
1788412477.6976461,79.01987599325366
1788412477.709894,71.57903799088672
1788412477.712886,24.035133013967425
1788412477.7237558,67.19644699478522
1788412477.7347791,24.854774004779756
1788412477.765394,67.72026501130313
1788412477.7665408,76.45572401816025
1788412477.791727,78.80459900479764
1788412477.7983112,63.51056200219318
1788412477.8000777,34.657182986848056
1788412477.807011,40.44892298406921
1788412477.8387868,24.668925994774327
1788412477.8412492,51.35403000167571
1788412477.8542042,54.106361989397556
1788412477.878177,86.42411400796846
1788412477.9086583,101.6271999978926
1788412477.911409,121.89084000419825
1788412477.9243133,83.03936300217174
1788412477.9259548,77.56927498849109
1788412477.9272454,88.43729700311087
1788412477.9393864,85.15892099239863
1788412477.9469678,86.83753397781402
1788412477.9541187,29.78573998552747
1788412477.9611278,21.721088996855542
1788412477.981883,54.6148190042004
1788412477.999446,52.45748200104572
1788412478.0214486,21.983174985507503
1788412478.0286138,67.467030021362
1788412478.0299013,8.43320699641481
1788412478.0769029,16.870112012838945
1788412478.0987732,68.8537170062773
1788412478.1051204,57.64226600877009
1788412478.1538813,48.73398001655005
1788412478.2129521,14.528200001223013
1788412478.2485275,94.61981902131811
1788412478.2775843,29.02237299713306
1788412478.2788994,65.89423501281999
1788412478.309852,30.926878011086956
1788412478.316413,38.80948800360784
1788412478.3287542,18.881317984778434
1788412478.3935301,29.114370001479983
1788412478.4004872,71.70990199665539
1788412478.4132743,21.42279699910432
1788412478.4148107,14.305315009551123
1788412478.4238455,107.41332499310374
1788412478.4475791,17.44426501682028
1788412478.4592032,35.33726799651049
1788412478.466055,52.759821992367506
1788412478.4800186,64.01817899313755
1788412478.4962296,36.05665799113922
1788412478.4978316,29.765749000944197
1788412478.4992828,33.20820699445903
1788412478.56347,65.61426498228684
1788412478.5905902,94.34018700267188
1788412478.5928943,29.403228021692485
1788412478.6101532,25.761124008568004
1788412478.618883,28.27181702014059
1788412478.625402,15.22869901964441
1788412478.6322951,39.37545299413614
1788412478.666454,74.87752000452019
1788412478.6731079,15.04100501188077
1788412478.7049994,31.86666499823332
1788412478.7115283,92.62635500635952
1788412478.7286992,17.150405008578673
1788412478.7408264,51.15181297878735
1788412478.7420497,109.73618400748819
1788412478.7623522,33.634774008532986
1788412478.7645981,23.74407701427117
1788412478.7891185,47.04989099991508
1788412478.8192103,53.712716995505616
1788412478.826064,19.742828997550532
1788412478.837843,74.43492897436954
1788412478.8453028,82.92955401702784
1788412478.8723383,46.253333013737574
1788412478.8878899,15.5284839856904
1788412478.8984394,53.11533101485111
1788412478.9435484,27.098872000351548
1788412478.9491851,61.275701998965815
1788412478.968494,70.03528799396008
1788412478.9846675,16.154093988006935
1788412479.032665,25.986180000472814
1788412479.0414991,56.81123799877241
1788412479.053098,62.59259697981179
1788412479.0588915,41.762987995753065
1788412479.0965464,43.426174990599975
1788412479.1383758,96.85354700195603
1788412479.146681,50.11303798528388
1788412479.1568885,18.4887099894695
1788412479.1584353,10.224718018434942
1788412479.2216063,20.029759994940832
1788412479.241138,81.59799201530404
1788412479.2554734,52.29834801866673
1788412479.258527,17.359342018608004
1788412479.300923,42.37512600957416
1788412479.3696382,68.69434300460853
1788412479.408778,39.114759012591094
1788412479.4187593,37.20250498736277
1788412479.4338362,14.80755300144665
1788412479.4580913,49.277615995379165
1788412479.4586916,24.83538497472182
1788412479.4719632,13.251422002213076
1788412479.473292,54.51107700355351
1788412479.5298033,71.69058598810807
1788412479.5364473,47.28995499317534
1788412479.5448356,8.368209993932396
1788412479.5455153,43.568855995545164
1788412479.5488217,76.80953000090085
1788412479.6055691,24.675946013303474
1788412479.6176841,12.095532001694664
1788412479.6305552,81.6653780057095
1788412479.632917,88.06007797829807
1788412479.6543183,21.374105010181665
1788412479.6869044,32.56400302052498
1788412479.6919029,61.32460499065928
1788412479.7129118,95.2052959764842
1788412479.7612894,69.36307600699365
1788412479.7626414,49.707505997503176
1788412479.7935607,30.90218800934963
1788412479.8668582,73.2758580124937
1788412479.8875182,126.20364601025358
1788412479.9027946,15.255877980962396
1788412479.9152749,55.74943998362869
1788412479.916665,22.76840800186619
1788412479.9386294,104.51929297414608
1788412479.9628189,47.52367499168031
1788412479.9788227,62.13651999132708
1788412479.9978778,36.582464003004134
1788412479.999171,9.480804990744218
1788412480.0158746,53.03471599472687
1788412480.0298305,50.98709900630638
1788412480.0358672,39.48567100451328
1788412480.067256,31.36908501619473
1788412480.096176,47.02937000547536
1788412480.1032305,14.001240022480488
1788412480.1094959,93.60130201093853
1788412480.1185944,9.071660984773189
1788412480.1206658,72.9301779938396
1788412480.1292095,63.48500700551085
1788412480.1535091,50.257051014341414
1788412480.1563187,37.70207200432196
1788412480.163331,34.10016599809751
1788412480.1725123,18.15170599729754
1788412480.198264,77.56837201304734
1788412480.1997652,46.236405993113294
1788412480.2413046,68.77384800463915
1788412480.2671268,81.97337499586865
1788412480.3341706,31.91167098702863
1788412480.3355424,68.39385797502473
1788412480.4825025,33.095388003857806
1788412480.5071557,18.23770799092017
1788412480.559813,52.63631799607538
1788412480.6177337,52.55955099710263
1788412480.6190448,47.78425401309505
1788412480.6208372,41.0948499920778
1788412480.6777563,58.690554986242205
1788412480.697443,76.5831159951631
1788412480.7184432,20.976831001462415
1788412480.7404766,62.69498201436363
1788412480.761296,37.55837099743076
1788412480.789202,54.86927999299951
1788412480.7997713,59.27273601992056
1788412480.8078501,18.623485986609012
1788412480.84917,49.37365898513235
1788412480.8699102,46.649360010633245
1788412480.870926,63.052759011043236
1788412480.8775265,53.156042005866766
1788412480.8894548,69.55176300834864
1788412480.918591,47.642991004977375
1788412480.9250927,47.546382003929466
1788412480.932015,6.882550980662927
1788412480.960966,71.49151500198059
1788412480.961889,51.38033500406891
1788412480.9688873,50.278381997486576
1788412480.9699636,37.92917699320242
1788412481.0186982,49.78753099567257
1788412481.0335186,79.35406500473619
1788412481.035733,27.50288599054329
1788412481.0378084,67.82582300365902
1788412481.0841997,48.42975200153887
1788412481.107722,74.1654020093847
1788412481.1241095,86.26805600943044
1788412481.1259449,56.58471799688414
1788412481.1283514,58.50344998179935
1788412481.1411273,12.742496997816488
1788412481.1422906,58.058807015186176
1788412481.1613684,19.05542498570867
1788412481.1652722,39.297465002164245
1788412481.1679873,43.8515369896777
1788412481.1874223,21.076033997815102
1788412481.207173,11.621798010310158
1788412481.2196147,51.601999992271885
1788412481.2441149,82.7221619838383
1788412481.2500818,84.78689001640305
1788412481.2621813,54.98809501295909
1788412481.2785687,58.93355599255301
1788412481.2938704,43.76893298467621
1788412481.3005931,22.002820973284543
1788412481.302239,122.49059398891404
1788412481.3244035,80.26871099718846
1788412481.3269744,23.649198992643505
1788412481.3302543,27.995807002298534
1788412481.3607392,37.4006450001616
1788412481.3626435,32.364511978812516
1788412481.3633075,69.41799700143747
1788412481.3790193,68.86007901630364
1788412481.3798814,16.553513007238507
1788412481.3998241,99.2107599740848
1788412481.411731,49.05618500197306
1788412481.430159,30.3162659984082
1788412481.4304612,69.69662100891583
1788412481.4571977,57.97672798507847
1788412481.4587727,47.02291201101616
1788412481.4599576,29.479342978447676
1788412481.468008,10.77997000538744
1788412481.4689505,141.94566701189615
1788412481.47665,17.856994993053377
1788412481.4862185,26.2452439928893
1788412481.5195696,33.3316019969061
1788412481.5297847,60.81391600309871
1788412481.5439694,67.29552999604493
1788412481.5510178,21.210936014540493
1788412481.5594587,33.141551015432924
1788412481.5811632,93.934870994417
1788412481.5836837,32.64364699134603
1788412481.5967376,77.14759197551757
1788412481.6392114,48.902355978498235
1788412481.643577,59.85805700765923
1788412481.660843,63.38806598796509
1788412481.6833153,102.12723098811693
1788412481.7282953,67.41413698182441
1788412481.735522,96.28807599074207
1788412481.7368941,140.1326539926231
1788412481.753695,25.37487301742658
1788412481.7717726,88.43299999716692
1788412481.80376,31.953047000570223
1788412481.828785,38.13493499183096
1788412481.855602,118.68420100654475
1788412481.868186,39.37735300860368
1788412481.8982873,30.071094020968303
1788412481.97794,122.31401799363084
1788412481.986635,70.10530598927289
1788412482.0280943,41.43969601136632
1788412482.0513058,75.03324400749989
1788412482.0527709,13.18446997902356
1788412482.092712,64.59873900166713
1788412482.098494,45.70444399723783
1788412482.15321,54.69590600114316
1788412482.1836247,84.85144801670685
1788412482.1935346,9.881959995254874
1788412482.1969004,46.03428399423137
1788412482.2340047,37.086172989802435
1788412482.235303,39.45431500324048
1788412482.2416842,21.646479988703504
1788412482.2793186,126.08509699930437
1788412482.289008,54.982151981676
1788412482.2928677,84.54478401108645
1788412482.3000975,19.83052399009466
1788412482.306494,17.37370199407451
1788412482.3080997,89.56966799451038
1788412482.31413,72.42625701474026
1788412482.3521159,17.08419100032188
1788412482.3712595,71.14114001160488
1788412482.371883,19.748172984691337
1788412482.3800573,71.9380319933407
1788412482.3978636,107.20445998595096
1788412482.4101028,117.21401798422448
1788412482.4117203,39.81851099524647
1788412482.4233274,24.283323000418022
1788412482.4301622,50.082327012205496
1788412482.4471874,37.066690012579784
1788412482.478464,48.27772799762897
1788412482.4800515,32.84488100325689
1788412482.481285,89.14725299109705
1788412482.5278008,49.31505300919525
1788412482.5680609,38.93766601686366
1788412482.5686169,87.30347501114011
1788412482.5696995,41.871288005495444
1788412482.6088855,40.02748100901954
1788412482.6258714,44.32423401158303
1788412482.641829,73.74754900229163
1788412482.6656673,39.76544798933901
1788412482.7048562,95.94358701724559
1788412482.7169352,51.243811001768336
1788412482.7180765,65.22312000743113
1788412482.7459815,41.1039280006662
1788412482.7777715,31.77156700985506
1788412482.7855725,68.3028089988511
1788412482.792715,75.75748499948531
1788412482.8195024,41.71223900630139
1788412482.8357584,15.001989988377318
1788412482.8678849,75.14713797718287
1788412482.874697,47.63596298289485
1788412482.8767145,8.811234991298988
1788412482.9183276,43.613028014078736
1788412482.9299927,110.46240400173701
1788412482.9313023,95.52339400397614
1788412482.942233,23.883475980255753
1788412483.0231018,80.44530000188388
1788412483.028585,98.56191201834008
1788412483.0336008,156.8674799927976
1788412483.0398424,108.5197530046571
1788412483.0570803,45.73023799457587
1788412483.0638573,30.23604999179952
1788412483.0704525,30.589926027460024
1788412483.1141791,50.29862400260754
1788412483.129852,43.40518199023791
1788412483.1750593,9.036739997100085
1788412483.181807,51.934627001173794
1788412483.1831577,15.06446799612604
1788412483.2556386,72.45614498970099
1788412483.2735693,17.894205986522138
1788412483.28986,108.03090000990778
1788412483.2906163,39.258033997612074
1788412483.3176942,44.10323698539287
1788412483.3584049,24.180665001040325
1788412483.362445,22.229647991480306
1788412483.374718,16.294500994263217
1788412483.3806782,90.7972129934933
1788412483.4186516,42.39309800323099
1788412483.4193044,56.837069016182795
1788412483.4478006,72.55141300265677
1788412483.4824185,107.68210698734038
1788412483.483706,64.38220001291484
1788412483.5060477,52.83827299717814
1788412483.5331874,50.743046012939885
1788412483.5405643,56.83693499304354
1788412483.5418923,123.21531100315042
1788412483.5431175,66.11455499660224
1788412483.5616481,18.511873990064487
1788412483.5626023,64.90040101925842
1788412483.6033282,61.41380700864829
1788412483.6161757,101.66874699643813
1788412483.6227994,89.58855699165724
1788412483.6240308,62.36381299095228
1788412483.6349218,72.29826098773628
1788412483.6519408,48.59334501088597
1788412483.6637795,39.73151100217365
1788412483.6643205,48.1265049893409
1788412483.7040005,40.806226985296234
1788412483.704222,76.36364997597411
1788412483.7158892,52.09156501223333
1788412483.7176704,65.70768699748442
1788412483.7658377,49.9292169988621
1788412483.7773132,74.04768600827083
1788412483.8047273,38.868269009981304
1788412483.8245723,120.33449299633503
1788412483.8404512,63.11686398112215
1788412483.8519504,28.53784800390713
1788412483.8525395,47.78778599575162
1788412483.880093,27.53707699594088
1788412483.8860793,34.109882020857185
1788412483.915415,27.246273995842785
1788412483.9166543,30.558358994312584
1788412483.9382758,21.600071020657197
1788412483.9962325,46.355828002560884
1788412483.9972746,46.54055301216431
1788412484.0010152,85.57930699316785
1788412484.0784206,77.29575398843735
1788412484.0912669,94.66587900533341
1788412484.1270983,48.65016898838803
1788412484.1518767,24.75708202109672
1788412484.1860697,56.38478300534189
1788412484.1946013,65.8107380149886
1788412484.225216,62.999690999276936
1788412484.2498171,63.72608500532806
1788412484.2898438,34.22353498172015
1788412484.293266,68.01340499077924
1788412484.3051784,55.33983901841566
1788412484.3619485,68.6604889924638
1788412484.400133,19.706214021425694
1788412484.4235659,36.2905630026944
1788412484.465527,58.92335600219667
1788412484.478103,47.89388200151734
1788412484.505545,81.95900297141634
1788412484.5103223,55.80286600161344
1788412484.53677,31.194946001050994
1788412484.5431287,32.783967995783314
1788412484.5530071,44.82354799984023
1788412484.5712543,28.10212198528461
1788412484.6080027,54.94774898397736
1788412484.6153083,19.972114998381585
1788412484.6404016,51.294385018991306
1788412484.653019,12.590233993250877
1788412484.6896777,36.57790500437841
1788412484.6910067,58.69586401968263
1788412484.7204792,112.45461698854342
1788412484.7321758,25.606259994674474
1788412484.7702084,15.507853007875383
1788412484.776583,85.55812400300056
1788412484.7848053,64.3071289814543
1788412484.7867417,16.513345995917916
1788412484.7940562,10.387877991888672
1788412484.8149307,82.7366070006974
1788412484.816844,32.01897197868675
1788412484.86698,32.5019349984359
1788412484.877913,91.1515670013614
1788412484.8846219,17.6216590043623
1788412484.8919203,13.98530398728326
1788412484.9619303,69.98871199903078
1788412485.0140657,52.115572994807735
1788412485.0498278,18.975149985635653
1788412485.0518281,37.74104799958877
1788412485.0632834,32.23962298943661
1788412485.0886889,38.84109898353927
1788412485.102897,15.904659987427294
1788412485.1354785,83.62897002371028
1788412485.148096,14.191870985087007
1788412485.1692107,33.70914299739525
1788412485.186145,16.912271996261552
1788412485.1951451,92.22861702437513
1788412485.2071314,118.42095997417346
1788412485.2378953,42.72749598021619
1788412485.2392206,72.47893800376914
1788412485.261334,22.094220999861136
1788412485.268134,74.2343099846039
1788412485.2692456,43.48422301700339
1788412485.298092,111.92855300032534
1788412485.3111885,73.27359498594888
1788412485.3206203,51.35887599317357
1788412485.4117472,107.08601897931658
1788412485.4231658,155.01176999532618
1788412485.4492466,37.48085297411308
1788412485.4711962,21.93053998053074
1788412485.484307,85.76656499644741
1788412485.5385478,54.21722502796911
1788412485.5400908,29.72963498905301
1788412485.542112,70.89485999313183
1788412485.5663655,27.793345972895622
1788412485.591864,51.748541998676956
1788412485.611497,32.05106299719773
1788412485.6655142,123.38037899462506
1788412485.6671395,94.27514902199619
1788412485.6782825,111.8987709924113
1788412485.6948197,51.90173402661458
1788412485.7251298,59.59523297497071
1788412485.7531924,98.28110900707543
1788412485.7549026,41.285276995040476
1788412485.76276,11.382141005015
1788412485.7640903,96.9273459922988
1788412485.780229,27.012453007046133
1788412485.7965627,89.06346998992376
1788412485.8103073,30.052709014853463
1788412485.8168585,91.70610300498083
1788412485.8237994,26.797341997735202
1788412485.8253832,62.60250401101075
1788412485.8341784,37.59602800710127
1788412485.866664,102.55364197655581
1788412485.8876963,63.84859399986453
1788412485.8944063,84.07980698393658
1788412485.9009893,66.79014299879782
1788412485.9182572,16.202648024773225
1788412485.9380617,43.63344798912294
1788412485.9398987,52.17744701076299
1788412485.9573696,56.36150101781823
1788412485.9755473,181.68507900554687
1788412485.9881232,12.556150002637878
1788412485.9952998,77.02281101956032
1788412485.9966035,39.21413898933679
1788412486.0134203,16.795532981632277
1788412486.0145116,76.42866100650281
1788412486.015885,20.564556994941086
1788412486.0277576,39.61354499915615
1788412486.0489712,35.5299650109373
1788412486.056374,41.84047199669294
1788412486.0721521,15.759506000904366
1788412486.0734477,26.188326999545097
1788412486.0747185,30.214083002647385
1788412486.076314,16.810074012028053
1788412486.1102455,94.33578597963788
1788412486.1315532,58.08580599841662
1788412486.1778262,103.04736200487241
1788412486.1800735,69.79713897453621
1788412486.186685,55.10467500425875
1788412486.194608,16.750267008319497
1788412486.2081068,27.13878999929875
1788412486.2088315,22.12132400018163
1788412486.258263,50.13429600512609
1788412486.2782114,13.77152098575607
1788412486.2913594,82.5103489914909
1788412486.3094358,114.80095400474966
1788412486.3109012,32.66462200554088
1788412486.3174996,41.54478298733011
1788412486.3467777,56.59041000762954
1788412486.3715513,61.21759899542667
1788412486.3743994,83.01917900098488
1788412486.3870883,39.853283000411466
1788412486.3949869,23.414019000483677
1788412486.4287033,41.591007000533864
1788412486.4301763,50.48554498353042
1788412486.447409,25.71287500904873
1788412486.4489024,20.18313098233193
1788412486.4871888,59.324806003132835
1788412486.500735,53.307434980524704
1788412486.5019946,71.8011419812683
1788412486.5146685,27.46051098802127
1788412486.5461428,44.127387984190136
1788412486.5563333,57.36789799993858
1788412486.5671403,66.38571200892329
1788412486.6167417,57.7634829969611
1788412486.6400776,125.38799899630249
1788412486.6423333,75.16988800489344
1788412486.6557071,115.52020598901436
1788412486.6573858,40.62599901226349
1788412486.67519,21.4395220100414
1788412486.7004874,44.7590000112541
1788412486.701744,44.33153898571618
1788412486.7184298,17.921516991918907
1788412486.7452583,43.49412699230015
1788412486.7464054,71.19348100968637
1788412486.7587368,102.08732399041764
1788412486.785189,39.90887402324006
1788412486.792182,73.73148598708212
1788412486.8003538,53.92191800638102
1788412486.808029,15.824925998458639
1788412486.8309298,45.7197830255609
1788412486.8462148,15.263287001289427
1788412486.8531618,52.78351399465464
1788412486.9168243,84.04196501942351
1788412486.968357,115.17155097681098
1788412487.0038142,34.03811700991355
1788412487.0066197,89.74383599706925
1788412487.0266798,58.29397097113542
1788412487.0331464,68.57970199780539
1788412487.0795982,52.88501697941683
1788412487.172556,92.92790398467332
1788412487.1802275,147.04490700387396
1788412487.2048926,53.493479994358495
1788412487.2080734,35.48075899016112
1788412487.231487,26.572978997137398
1788412487.2561402,57.34299900359474
1788412487.2580523,49.95069099823013
1788412487.2995994,43.44065100303851
1788412487.3005714,45.20298700663261
1788412487.3544574,54.83514300431125
1788412487.3728108,18.332404986722395
1788412487.4115455,110.94618600327522
1788412487.4134183,95.72781700990163
1788412487.4223318,90.63629599404521
1788412487.4363995,14.047800010303035
1788412487.47188,35.45697798836045
1788412487.4789753,67.40571299451403
1788412487.5042877,25.284802017267793
1788412487.5613334,25.233374995877966
1788412487.5627222,58.41158700059168
1788412487.5847843,112.87865100894123
1788412487.5881326,24.9162630061619
1788412487.606358,21.553012978984043
1788412487.6109154,48.173889983445406
1788412487.66257,51.63352997624315
1788412487.7297568,123.379323980771
1788412487.731562,68.96897801198065
1788412487.7777388,55.025442998157814
1788412487.795339,39.286068989895284
1788412487.812959,69.30814500083216
1788412487.8516593,121.88181301462464
1788412487.8606193,65.2562030008994
1788412487.8738425,15.695008012698963
1788412487.9414291,80.78631100943312
1788412487.9437196,68.63508297828957
1788412487.958409,106.72276499099098
1788412487.9669833,93.11685702414252
1788412487.9717886,28.032722999341786
1788412487.994477,49.196403997484595
1788412488.002403,43.96587100927718
1788412488.003219,38.756694993935525
1788412488.0486286,45.39035199559294
1788412488.0519094,60.41807698784396
1788412488.1046162,55.967303982470185
1788412488.106196,54.267169995000586
1788412488.147693,33.76833299989812
1788412488.1797879,75.15278502251022
1788412488.219546,54.37081400305033
1788412488.22699,47.17927300953306
1788412488.2507648,23.753831017529592
1788412488.252782,48.201080004218966
1788412488.2827291,17.18382100807503
1788412488.3037455,56.41954799648374
1788412488.326682,75.88810898596421
1788412488.3325002,79.61150500341319
1788412488.3405252,57.77219799347222
1788412488.3546798,7.142893999116495
1788412488.386545,82.77080798870884
1788412488.3915663,64.84014602028765
1788412488.4119325,57.2301929933019
1788412488.470495,83.91200299956836
1788412488.481392,55.191805004142225
1788412488.4984407,85.11029399232939
1788412488.5133333,25.232462998246774
1788412488.521955,51.43797901109792
1788412488.5452862,44.709295994834974
1788412488.5664225,67.93167599244043
1788412488.6067226,40.27623499860056
1788412488.6535819,44.678659993223846
1788412488.6568735,48.666049988241866
1788412488.721008,27.81184800551273
1788412488.7243912,67.4947919906117
1788412488.7428226,29.596979991765693
1788412488.7777314,9.637934999773279
1788412488.7864416,43.59264500089921
1788412488.8359141,58.156079991022125
1788412488.8532355,66.22903401148506
1788412488.93363,72.18497901340015
1788412488.9340775,80.81859999219887
1788412488.9552376,26.537266006926075
1788412488.994153,12.499517004471272
1788412489.0211666,65.90531399706379
1788412489.025135,3.946167998947203
1788412489.103774,78.61631797277369
1788412489.136389,32.59245600202121
1788412489.1732893,36.88036999665201
1788412489.2281442,54.836769006215036
1788412489.2396545,9.077168011572212
1788412489.2617784,22.101623006165028
1788412489.3150349,20.674434985267
1788412489.3306205,68.8166479812935
1788412489.3365064,33.957504987483844
1788412489.3698723,33.3400130039081
1788412489.3717067,13.90710100531578
1788412489.3982592,67.61692897998728
1788412489.399731,29.83130401116796
1788412489.4307208,58.991709986003116
1788412489.4577801,27.036316983867437
1788412489.474002,75.72153999353759
1788412489.5176275,59.781143005238846
1788412489.525209,24.20341401011683
1788412489.583643,16.63716000621207
1788412489.58956,64.33025700971484
1788412489.6140316,30.365220009116456
1788412489.6829576,24.778427003184333
1788412489.6934304,79.38085298519582
1788412489.8089218,38.75265101669356
1788412489.9027333,39.734141988446936
1788412489.9093156,30.669323983602226
1788412489.910316,14.57142599974759
1788412489.9588563,49.52117201173678
1788412489.9704576,27.966675988864154
1788412489.9821706,23.293637990718707
1788412490.0378933,55.70380101562478
1788412490.039452,8.465097984299064
1788412490.086295,77.37327099312097
1788412490.093527,55.61031401157379
1788412490.1490765,92.0720259891823
1788412490.1590958,61.716503027128056
1788412490.1818588,87.22234601737
1788412490.183101,34.004406013991684
1788412490.2252052,43.32527201040648
1788412490.23151,48.39000100037083
1788412490.2857177,62.79952300246805
1788412490.297659,11.921286000870168
1788412490.3040483,49.914139992324635
1788412490.3642101,60.13980001443997
1788412490.3649387,72.58372998330742
1788412490.3821144,17.874795012176037
1788412490.3889122,23.953936994075775
1788412490.4145854,25.651706993812695
1788412490.4494975,67.36128599732183
1788412490.4508882,36.23298497404903
1788412490.4600427,53.12689099810086
1788412490.4762337,26.712812978075817
1788412490.5214365,27.306745992973447
1788412490.5225224,62.45418399339542
1788412490.5557458,35.8427089813631
1788412490.5606616,92.18617700389586
1788412490.5677874,45.22815000382252
1788412490.592156,31.469138979446143
1788412490.6247997,56.984585971804336
1788412490.6429658,16.88294598716311
1788412490.6752114,135.06561701069586
1788412490.6876273,95.45143297873437
1788412490.69474,69.91826300509274
1788412490.7119715,39.61649400298484
1788412490.7141342,19.373844988876954
1788412490.789336,63.28738099546172
1788412490.7908044,103.15464501036331
1788412490.810663,19.83491500141099
1788412490.8166184,102.46570300660096
1788412490.8277898,38.43436497845687
1788412490.844773,56.05502601247281
1788412490.853528,44.80876799789257
1788412490.872778,56.140127999242395
1788412490.891576,46.776428003795445
1788412490.8980696,70.25586199597456
1788412490.9125998,47.34917500172742
1788412490.9303184,38.720748998457566
1788412490.9375403,83.98635499179363
1788412490.9773943,17.67637999728322
1788412490.99513,64.7905060031917
1788412490.9968793,19.464330980554223
1788412490.9995315,15.771155012771487
1788412491.0130382,11.733569001080468
1788412491.0213754,108.75471698818728
1788412491.0469432,50.03616301110014
1788412491.072295,58.393648971104994
1788412491.073202,73.64935899386182
1788412491.0758755,28.20999498362653
1788412491.0783432,56.94212199887261
1788412491.112655,73.56424099998549
1788412491.1226194,45.608076005009934
1788412491.1241353,50.90997798833996
1788412491.1440153,68.11554901651107
1788412491.1449976,20.835581002756953
1788412491.152316,39.63686199858785
1788412491.1757565,103.44115100451745
1788412491.198953,23.173501016572118
1788412491.2057,61.6618899803143
1788412491.2257652,73.42724199406803
1788412491.2297292,84.70795099856332
1788412491.2422855,68.1009929976426
1788412491.2489982,19.23459899262525
1788412491.2551334,49.40170201007277
1788412491.2591205,16.811348992632702
1788412491.2605627,61.57956100651063
1788412491.2751071,49.308274989016354
1788412491.299247,50.22956398897804
1788412491.3035312,42.94504798599519
1788412491.3323543,73.20741200237535
1788412491.3341272,46.67285300092772
1788412491.3400497,36.49295200011693
1788412491.3538063,21.34697901783511
1788412491.3642628,64.9958070134744
1788412491.365146,25.077566999243572
1788412491.4035954,69.44669299991801
1788412491.4161777,51.0116380173713
1788412491.4406683,76.38166198739782
1788412491.443911,27.71246200427413
1788412491.4516025,47.987204015953466
1788412491.4912937,15.278960985597223
1788412491.4980583,57.366573018953204
1788412491.501653,57.71702897618525
1788412491.5228455,71.22365399845876
1788412491.5582852,60.2008480054792
1788412491.5710375,69.35643102042377
1788412491.5791137,20.79377498012036
1788412491.5801098,75.94950799830258
1788412491.6304553,50.3252700145822
1788412491.6320112,39.48201599996537
1788412491.6448925,34.61533901281655
1788412491.650795,79.72564300871454
1788412491.699973,67.94026898569427
1788412491.7026613,51.841646985849366
1788412491.7607727,60.768519004341215
1788412491.7628808,46.40058899531141
1788412491.8037758,101.07440501451492
1788412491.8051867,111.7844530090224
1788412491.806845,21.87265400425531
1788412491.808294,46.601291018305346
1788412491.8092415,48.44848401262425
1788412491.8547368,46.42148801940493
1788412491.8558545,52.05972498515621
1788412491.9170747,110.20807200111449
1788412491.9305305,13.435050990665331
1788412491.9424715,87.71636200253852
1788412491.949491,31.85853999457322
1788412491.9715075,21.996987983584404
1788412492.0318184,101.26788800698705
1788412492.0441976,72.67048102221452
1788412492.0699666,90.67003199015744
1788412492.0875752,31.379365973407403
1788412492.0999234,55.427587998565286
1788412492.102282,32.295293000061065
1788412492.1523788,52.39685199921951
1788412492.1536508,109.43220800254494
1788412492.178224,25.791558000491932
1788412492.2126784,85.31705499626696
1788412492.2229133,46.02292901836336
1788412492.226757,14.062939997529611
1788412492.2467706,93.10256500612013
1788412492.2481425,69.89897199673578
1788412492.2495768,37.644297000952065
1788412492.2616763,49.923070007935166
1788412492.27217,47.93191299540922
1788412492.2735703,11.871208989759907
1788412492.282342,32.74631701060571
1788412492.2842445,60.26803300483152
1788412492.3180299,69.86922200303525
1788412492.3264697,62.65263698878698
1788412492.3352876,61.69731600675732
1788412492.33686,54.49806398246437
1788412492.3443384,26.287917979061604
1788412492.4081378,81.64820898673497
1788412492.4254177,17.258856998523697
1788412492.426783,120.51788202370517
1788412492.4280663,91.1820089968387
1788412492.4805558,136.19656299124472
1788412492.4831905,56.38132998137735
1788412492.5062563,25.670058006653562
1788412492.5259366,42.7064310060814
1788412492.543683,115.59443597798236
1788412492.5645492,38.59052597545087
1788412492.6047432,40.15469699515961
1788412492.7009876,36.64617901085876
1788412492.7018778,97.11338698980398
1788412492.7361789,35.16607897472568
1788412492.7684972,66.58738199621439
1788412492.8304448,39.42048700992018
1788412492.8424432,11.979564995272085
1788412492.8631272,20.66412501153536
1788412492.8645842,15.5425829871092
1788412492.879512,16.367255011573434
1788412492.902037,78.2867909874767
1788412492.904252,135.72671700967476
1788412492.9328647,68.89426399720833
1788412492.9522142,25.97136000986211
1788412492.9549785,61.44147599115968
1788412492.9695587,18.923386989627033
1788412492.9711049,18.86816500336863
1788412492.9945319,61.64461499429308
1788412493.0033748,8.823027019388974
1788412493.011266,56.26201399718411
1788412493.0118906,40.76551800244488
1788412493.0246098,55.02980700111948
1788412493.056288,52.89194799843244
1788412493.0915422,35.23129899986088
1788412493.0934775,3.5146669833920896
1788412493.1064012,94.49553900049068
1788412493.1277275,21.305680013028905
1788412493.1296394,13.133300992194563
1788412493.1498222,56.32538298959844
1788412493.2062857,76.34004901046865
1788412493.267451,61.14288402022794
1788412493.3269012,59.085189015604556
1788412493.3731806,105.70705501595512
1788412493.391457,18.256657989695668
1788412493.3926463,33.012311992933974
1788412493.4064703,21.87640400370583
1788412493.4459927,53.32840498886071
1788412493.4940386,48.02476699114777
1788412493.5116608,105.17163100303151
1788412493.5177531,23.693975002970546
1788412493.5188613,18.684269016375765
1788412493.552203,33.32251601386815
1788412493.565873,54.191453993553296
1788412493.5668442,18.536539981141686
1788412493.6227083,55.846238014055416
1788412493.6415873,75.6957019912079
1788412493.6742353,9.341878991108388
1788412493.6835475,17.797465989133343
1788412493.7048497,82.12183698196895
1788412493.7076945,66.08293898170814
1788412493.7534018,48.52616399875842
1788412493.7545793,71.01010301266797
1788412493.7721663,64.44973300676793
1788412493.7736716,20.250691974069923
1788412493.839147,66.95916599710472
1788412493.8510513,11.884192994330078
1788412493.8639767,12.905813986435533
1788412493.9251912,61.18384000728838
1788412493.963013,48.90008200891316
1788412493.9932227,30.189678975148126
1788412493.9996822,20.520837977528572
1788412494.0102396,16.996085993014276
1788412494.047456,47.75158999837004
1788412494.0627499,52.491086011286825
1788412494.0694716,21.984352002618834
1788412494.118598,22.880053002154455
1788412494.1202035,57.43214802350849
1788412494.2061288,45.301378006115556
1788412494.20857,88.3457720046863
1788412494.216814,10.662956978194416
1788412494.3213627,104.52951400657184
1788412494.3504224,36.13384501659311
1788412494.3722124,21.769355982542038
1788412494.394323,30.877867015078664
1788412494.4277325,33.38907202123664
1788412494.4291651,65.31028301105835
1788412494.4668496,37.66691198688932
1788412494.5120513,84.29987900308333
1788412494.513356,46.487894986057654
1788412494.5392992,23.87867000652477
1788412494.5547507,40.62805700232275
1788412494.5568233,43.44981300528161
1788412494.5701997,30.880792008247226
1788412494.6011405,30.916633986635134
1788412494.6288433,71.99375898926519
1788412494.6318607,80.69455900113098
1788412494.6343973,35.14089298550971
1788412494.6552377,54.06298799789511
1788412494.6698194,40.927577996626496
1788412494.7228,61.47499301005155
1788412494.726009,94.11327101406641
1788412494.734461,54.24158999812789
1788412494.7537887,98.52537102415226
1788412494.796501,70.46660198830068
1788412494.7990625,64.57727399538271
1788412494.8063195,9.796290978556499
1788412494.8151965,61.37387698981911
1788412494.8305228,24.174746999051422
1788412494.8464148,47.33243101509288
1788412494.8488793,33.64142999635078
1788412494.8513598,20.815152005525306
1788412494.9159603,64.57764800870791
1788412494.9184253,71.98529900051653
1788412494.9322023,136.11240198952146
1788412494.938556,80.71113101323135
1788412494.957082,24.846892978530377
1788412494.970569,31.98110600351356
1788412495.011241,92.78419299516827
1788412495.0259705,68.8635959813837
1788412495.0281098,38.37949997978285
1788412495.056326,89.61217402247712
1788412495.062698,157.79746099724434
1788412495.0637908,40.494616026990116
1788412495.1087146,44.89097199984826
1788412495.1255028,114.23762698541395
1788412495.1267953,64.06888502533548
1788412495.1277215,71.37342198984697
1788412495.1393716,73.90390898217447
1788412495.1507416,23.92793499166146
1788412495.1913323,51.94093001773581
1788412495.192629,42.78134601190686
1788412495.2102304,59.47121500503272
1788412495.2169917,67.39464300335385
1788412495.2303138,20.023200020659715
1788412495.231772,39.119174994993955
1788412495.2461975,54.841728997416794
1788412495.2633376,60.499668994452804
1788412495.2657738,19.556628016289324
1788412495.267356,158.60378302750178
1788412495.3031693,55.498301022453234
1788412495.3050241,39.229537011124194
1788412495.3111892,80.85558298625983
1788412495.3121812,48.824402008904144
1788412495.3286788,96.8890649965033
1788412495.3356545,68.23383798473515
1788412495.3523726,49.18461400666274
1788412495.364266,35.57012099190615
1788412495.3911579,78.9599529816769
1788412495.4122424,47.95845100306906
1788412495.412756,77.07826999831013
1788412495.4350848,45.17704001045786
1788412495.457167,65.99151299451478
1788412495.458366,45.57842097710818
1788412495.464639,24.102747003780678
1788412495.4722252,30.806944996584207
1788412495.4737692,16.581173025770113
1788412495.5075352,33.74372000689618
1788412495.532623,74.23927099443972
1788412495.5337305,61.486096994485706
1788412495.539793,39.84795999713242
1788412495.5457485,79.87498299917206
1788412495.5548527,90.19770202576183
1788412495.5820787,74.52342100441456
1788412495.583699,37.9295319726225
1788412495.589891,50.0818130094558
1788412495.609633,25.917313992977142
1788412495.6148643,59.99595901812427
1788412495.6453686,55.45984199852683
1788412495.6508944,36.013292003190145
1788412495.6775618,27.725413005100563
1788412495.6786616,27.75231600389816
1788412495.6842716,38.885117013705894
1788412495.7079062,77.99030799651518
1788412495.7093303,29.934260004665703
1788412495.7106793,26.38964800280519
1788412495.7187483,41.16896097548306
1788412495.7197769,11.844344000564888
1788412495.7508955,31.103699002414942
1788412495.7624292,53.08206798508763
1788412495.7637515,12.57700298447162
1788412495.7700455,61.271871003555134
1788412495.79379,83.09269399615005
1788412495.8069158,36.851597018539906
1788412495.8387613,74.99209302477539
1788412495.8574636,63.65344300866127
1788412495.8628542,100.4064449807629
1788412495.8686712,73.30840299255215
1788412495.874558,11.684822995448485
1788412495.8934944,24.803009000606835
1788412495.915435,21.924654982285574
1788412495.9389396,81.45784100634046
1788412495.9444818,30.979157018009573
1788412495.9547133,80.13652099180035
1788412495.972541,57.08732799394056
1788412495.9838426,29.104271990945563
1788412495.9893708,50.41254000389017
1788412496.0183692,34.50971201527864
1788412496.0431628,53.4467319957912
1788412496.0441728,54.78768399916589
1788412496.081382,44.045315007679164
1788412496.0832748,8.366767986444756
1788412496.0994911,55.30345599981956
1788412496.1215096,40.1103799813427
1788412496.141956,20.430481992661953
1788412496.1530867,43.767645984189585
1788412496.1540337,72.21980599570088
1788412496.1549714,71.68135402025655
1788412496.1775568,23.506425990490243
1788412496.1832974,30.187313008354977
1788412496.18396,28.972625004826114
1788412496.2099483,25.97344300011173
1788412496.2248793,47.30710299918428
1788412496.2382843,13.388241990469396
1788412496.2389607,28.86493399273604
1788412496.2906892,80.72447899030522
1788412496.2915378,16.616073000477627
1788412496.3065133,67.5369429809507
1788412496.3121665,73.82920300005935
1788412496.3417478,50.196222990052775
1788412496.3724902,65.95576301333494
1788412496.374604,61.22927399701439
1788412496.4008393,28.33101700525731
1788412496.4227362,21.88166798441671
1788412496.4232311,17.00208699912764
1788412496.4292,87.43449201574549
1788412496.458096,27.829860016936436
1788412496.464784,6.672669987892732
1788412496.4720476,42.828684992855415
1788412496.481706,58.4614569961559
1788412496.5241988,59.39880898222327
1788412496.5361493,95.21318800398149
1788412496.54794,66.21587299741805
1788412496.5836213,76.36653399094939
1788412496.591106,43.1485720037017
1788412496.5946147,70.40000701090321
1788412496.5970619,5.937130015809089
1788412496.5977354,61.56998302321881
1788412496.6286993,31.616104999557137
1788412496.649343,54.71001300611533
1788412496.6826832,53.91031099134125
1788412496.6904843,35.66752499318682
1788412496.702303,19.308201008243486
1788412496.7180352,68.64184999722056
1788412496.7681746,77.67161400988698
1788412496.7939763,7.08479800960049
1788412496.8326602,38.648423011181876
1788412496.8525136,19.837945990730077
1788412496.8756537,62.25003601866774
1788412496.8814995,28.970721003133804
1788412496.9354858,6.566864001797512
1788412496.9541175,18.61551500041969
1788412496.9791396,20.144280017120764
1788412497.005536,26.3727460114751
1788412497.09134,28.35111098829657
1788412497.2348132,18.676845997106284
1788412497.2667623,39.33147600037046
1788412497.3030488,34.4222369894851
1788412497.319104,26.954551023663953
1788412497.3249192,58.14106701291166
1788412497.326051,22.978249995503575
1788412497.3426123,17.674107977654785
1788412497.361948,19.316489982884377
1788412497.3910728,65.00439398223534
1788412497.4367883,74.82307197642513
1788412497.472328,49.32276700856164
1788412497.4921832,55.37693900987506
1788412497.5271435,10.028788994532079
1788412497.5329354,60.592458001337945
1788412497.5394366,12.277470988919958
1788412497.5675714,75.36854699719697
1788412497.5799537,12.364904978312552
1788412497.6489785,79.9619400058873
1788412497.6848037,145.34938600263558
1788412497.7084775,59.481113974470645
1788412497.7397099,148.60500101349317
1788412497.7863193,30.225000984501094
1788412497.7928107,90.32123399083503
1788412497.8024333,93.93836298841052
1788412497.8129656,74.64319898281246
1788412497.8367229,23.741615004837513
1788412497.8474276,61.08992898953147
1788412497.8488722,46.422703977441415
1788412497.8638182,33.92610000446439
1788412497.874807,117.34725997666828
1788412497.885377,10.555048997048289
1788412497.889804,53.06476599071175
1788412497.9108071,61.91475901869126
1788412497.920323,34.92955700494349
1788412497.931534,67.69902099040337
1788412497.9466588,77.15721800923347
1788412497.972638,67.40435399115086
1788412497.983506,63.13884400879033
1788412497.984606,31.485977000556886
1788412497.993316,82.49305200297385
1788412498.0160458,69.37178800581023
1788412498.0216649,28.331929992418736
1788412498.0311966,26.46644800552167
1788412498.031811,59.15526099852286
1788412498.032318,48.79376100143418
1788412498.0438082,59.1873389785178
1788412498.0447614,12.43178901495412
1788412498.0563564,11.581498984014615
1788412498.0569327,13.10844998806715
1788412498.0785902,56.90988802234642
1788412498.0946324,16.025215008994564
1788412498.1043382,46.54059000313282
1788412498.116286,59.91158200777136
1788412498.1517448,47.3907420237083
1788412498.162914,11.150363978231326
1788412498.1705077,54.162076994543895
1788412498.1979291,27.403144020354375
1788412498.1996648,105.01673599355854
1788412498.2286272,59.32008399395272
1788412498.2460434,48.09466199367307
1788412498.2627883,64.13788802456111
1788412498.2706876,71.00236599217169
1788412498.2882006,49.465385993244126
1788412498.2893002,43.23585800011642
1788412498.2990909,36.28256599768065
1788412498.3449252,74.22117600799538
1788412498.3563042,68.0861129949335
1788412498.362232,63.124918000539765
1788412498.3922737,102.95262699946761
1788412498.4036863,58.71351098176092
1788412498.436001,73.74977497966029
1788412498.4543293,98.00712199648842
1788412498.4715886,67.88266598596238
1788412498.4729693,19.31007599341683
1788412498.4787357,7.130555022740737
1788412498.495142,22.15002299635671
1788412498.4963207,67.62986499234103
1788412498.5388162,60.06382801569998
1788412498.5445235,48.190375993726775
1788412498.5978122,58.97624799399637
1788412498.604201,11.923457001103088
1788412498.6093931,11.56265800818801
1788412498.610548,66.00773299578577
1788412498.6634278,14.35949798906222
1788412498.66467,37.51030800049193
1788412498.665612,56.204124994110316
1788412498.6713963,19.894505996489897
1788412498.681883,31.829496001591906
1788412498.6932685,27.64095101156272
1788412498.698101,81.65019401349127
1788412498.7248404,60.154742997838184
1788412498.73664,65.22468000184745
1788412498.7471862,49.0667829872109
1788412498.752866,28.008274995954707
1788412498.7578332,64.54811297589913
1788412498.7853224,54.34955999953672
1788412498.8189723,61.11369899008423
1788412498.8207858,67.9032769985497
1788412498.855055,53.119215997867286
1788412498.8735154,52.709132025483996
1788412498.8885698,103.2127900107298
1788412498.9089859,20.376827975269407
1788412498.9119823,56.88678799197078
1788412498.932863,11.322192993247882
1788412498.9458816,71.38849401962943
1788412498.9471161,38.09875200386159
1788412498.95595,10.04642600310035
1788412499.016107,104.09237598651089
1788412499.0165877,83.70208501582965
1788412499.046175,172.63445898424834
1788412499.0513215,35.18827600055374
1788412499.0529487,36.336510005639866
1788412499.0695114,113.54206697433256
1788412499.0785277,4.195947985863313
1788412499.084809,31.836155976634473
1788412499.0896137,4.782341013196856
1788412499.091098,39.757760998327285
1788412499.117137,38.58366399072111
1788412499.124127,24.417589011136442
1788412499.140525,93.3859999931883
1788412499.1408799,49.76166202686727
1788412499.1519449,62.31181399198249
1788412499.1831162,48.52977898553945
1788412499.1901383,72.98249198356643
1788412499.1980276,7.853788003558293
1788412499.2097797,26.645395992090926
1788412499.2400892,30.288694018963724
1788412499.246152,105.60106200864539
1788412499.2603257,14.150019007502124
1788412499.2950835,54.97528801788576
1788412499.3223736,49.653085006866604
1788412499.3374312,42.327459988882765
1788412499.3498719,66.46527501288801
1788412499.3874624,37.56827401230112
1788412499.399149,36.30267200060189
1788412499.4194853,23.490774998208508
1788412499.423698,28.91685499344021
1788412499.4268582,27.68010800355114
1788412499.4630969,36.21095299604349
1788412499.491728,67.97612601076253
1788412499.501188,88.31383101642132
1788412499.5021844,79.39324900507927
1788412499.5043645,47.29172299266793
1788412499.5151236,23.377711011562496
1788412499.5209203,18.721689004451036
1788412499.5343337,19.194340013200417
1788412499.5564442,52.00880899792537
1788412499.5777223,20.47605099505745
1788412499.5788329,44.484084006398916
1788412499.604701,83.7628580047749
1788412499.6202755,42.53472000709735
1788412499.6397805,35.061486007180065
1788412499.6407845,61.933179007610306
1788412499.6563773,16.5794090135023
1788412499.7021427,81.85155098908581
1788412499.703311,62.50515498686582
1788412499.7190182,16.85608201660216
1788412499.7547784,21.403516991995275
1788412499.760611,104.1278580087237
1788412499.7989619,79.91535699693486
1788412499.8002012,21.35867901961319
1788412499.8153398,60.543275001691654
1788412499.835818,69.66000000829808
1788412499.8558505,20.015918998979032
1788412499.889823,74.46615700609982
1788412499.9281676,50.05518501275219
1788412499.9352734,79.4042980123777
1788412499.9540203,25.829329999396577
1788412499.973218,83.37472897255793
1788412499.9884813,53.17284699412994
1788412500.008052,29.006889002630487
1788412500.019332,30.816607002634555
1788412500.0907052,117.45955600054003
1788412500.0946026,75.23508000303991
1788412500.1019473,93.85936200851575
1788412500.1243243,33.579217008082196
1788412500.1400807,19.86561800003983
1788412500.1465418,51.90457601565868
1788412500.1807303,40.62753001926467
1788412500.2029278,56.36266598594375
1788412500.2108335,30.082698998739943
1788412500.2142074,31.807663006475195
1788412500.2153032,90.95641298335977
1788412500.2544727,43.61587998573668
1788412500.2597997,44.473955989815295
1788412500.3046672,90.43990602367558
1788412500.3109941,51.16074898978695
1788412500.329946,28.405744000338018
1788412500.3446398,39.94694401626475
1788412500.371565,49.58544802502729
1788412500.3729234,42.95151401311159
1788412500.399395,54.725666996091604
1788412500.4131362,13.718606001930311
1788412500.442388,69.44242600002326
1788412500.4737504,60.593055008212104
1788412500.5211806,6.964579981286079
1788412500.5353923,80.55985899409279
1788412500.5423374,21.13249700050801
1788412500.5835934,109.823721984867
1788412500.6120963,69.7369150002487
1788412500.6370773,51.397389004705474
1788412500.6384814,103.06890300125815
1788412500.6425953,32.90533198742196
1788412500.6506217,12.121028994442895
1788412500.6742704,90.65580199239776
1788412500.6915987,17.30550400679931
1788412500.7183447,13.35474499501288
1788412500.719219,68.5759290063288
1788412500.7825778,64.20983601128682
1788412500.8071923,87.94843900250271
1788412500.810378,73.08132201433182
1788412500.824013,42.285319010261446
1788412500.8496015,33.111491007730365
1788412500.8793452,68.94296099198982
1788412500.8825028,38.47354601020925
1788412500.8968816,47.24978801095858
1788412500.9005067,93.28852797625586
1788412500.9023764,19.85169600811787
1788412500.9236865,23.15265400102362
1788412500.9287202,47.987583006033674
1788412500.984655,49.79139199713245
1788412500.990673,66.96362097864039
1788412501.0307457,133.8424040004611
1788412501.0456328,60.953134001465514
1788412501.0543127,23.54036198812537
1788412501.0818079,36.15131299011409
1788412501.1200395,65.70278300205246
1788412501.121369,69.17206000071019
1788412501.133833,33.77849099342711
1788412501.158941,57.51434899866581
1788412501.1669095,45.51753000123426
1788412501.1822743,48.42027398990467
1788412501.213942,54.978403000859544
1788412501.228911,27.9560349881649
1788412501.2488217,66.52670199400745
1788412501.2567039,7.85579698276706
1788412501.2643526,97.4233299784828
1788412501.2807412,51.80923000443727
1788412501.287213,72.10123899858445
1788412501.3040838,16.848073981236666
1788412501.3109431,45.40235997410491
1788412501.3172333,36.47167998133227
1788412501.3276618,23.552452999865636
1788412501.3389003,82.17579298070632
1788412501.3718295,54.575254005612805
1788412501.3849888,57.296807994134724
1788412501.3919513,53.015368001069874
1788412501.3937595,82.79505500104278
1788412501.4015274,29.677895014174283
1788412501.4025445,23.99454198894091
1788412501.4275687,27.572617982514203
1788412501.437705,28.904297010740265
1788412501.4558814,54.33260201243684
1788412501.4589489,65.16819697571918
1788412501.4921372,81.03175001451746
1788412501.496071,62.16647499240935
1788412501.5025442,57.60718998499215
1788412501.5094922,15.027580986497924
1788412501.5112388,73.51504900725558
1788412501.518236,62.333911017049104
1788412501.5400329,47.876723983790725
1788412501.5810225,69.76267401478253
1788412501.5825958,64.34019198059104
1788412501.5926292,13.834929995937273
1788412501.6067228,25.672510993899778
1788412501.6090345,112.94171999907121
1788412501.6436162,34.55697200843133
1788412501.6687837,62.03084098524414
1788412501.681855,41.52899602195248
1788412501.68498,44.88077899441123
1788412501.6883373,19.52888598316349
1788412501.7064486,24.570947978645563
1788412501.7589629,70.6026790139731
1788412501.7874641,37.494432006496936
1788412501.787789,81.32069700513966
1788412501.8015795,42.59284300496802
1788412501.8145313,19.06393899116665
1788412501.8481755,60.36625101114623
1788412501.8626797,26.679631002480164
1788412501.875549,60.99271200946532
1788412501.8969824,36.116111994488165
1788412501.9142942,66.09628300066106
1788412501.9306586,55.08804600685835
1788412501.9342844,40.43965399614535
1788412501.9808717,50.191651011118665
1788412501.9914498,77.11583000491373
1788412502.008356,27.461020014015958
1788412502.0307338,22.356820001732558
1788412502.063833,33.07745300116949
1788412502.1322072,71.03486699634232
1788412502.1514063,19.179609982529655
1788412502.163719,99.86570800538175
1788412502.178745,15.002241008915007
1788412502.208127,68.71175198466517
1788412502.2539942,44.932854012586176
1788412502.2566614,48.51204599253833
1788412502.2569857,105.56083102710545
1788412502.2584438,6.966902001295239
1788412502.296733,40.05067399702966
1788412502.3174844,20.732172997668386
1788412502.3304896,42.01639199163765
1788412502.3568878,26.379808987258002
1788412502.3874137,49.55304699251428
1788412502.3890443,32.13616998982616
1788412502.410275,112.00971200014465
1788412502.417017,25.95008400385268
1788412502.4305143,41.44957099924795
1788412502.4551156,45.4239769896958
1788412502.4565406,69.10454397439025
1788412502.46858,80.73168399278075
1788412502.5176063,87.06890602479689
1788412502.5195749,64.43901002057828
1788412502.5317814,12.178823002614081
1788412502.5794294,61.80470800609328
1788412502.5867581,118.15853402367793
1788412502.60225,22.80212499317713
1788412502.6155722,35.13628200744279
1788412502.66709,51.48980699595995
1788412502.6740935,71.81989899254404
1788412502.6951408,108.36464798194356
1788412502.7025135,35.40270900703035
1788412502.7607567,65.59788199956529
1788412502.76313,35.25866099516861
1788412502.7696617,8.860112982802093
1788412502.786787,23.636825004359707
1788412502.815316,28.509449010016397
1788412502.8276262,12.291231018025428
1788412502.8806624,53.01424500066787
1788412502.8874476,6.764413992641494
1788412502.9342003,36.137605988187715
1788412502.9460757,11.855541000841185
1788412502.977018,80.15777499531396
1788412503.035128,74.635302007664
1788412503.0365937,74.98556299833581
1788412503.0909774,53.01298698759638
1788412503.1033843,51.38180300127715
1788412503.1210985,85.9494500036817
1788412503.1326356,96.02537300088443
1788412503.1559489,52.54150301334448
1788412503.1707172,38.05641699000262
1788412503.1728237,81.82414199109189
1788412503.1946516,23.9026719937101
1788412503.1962926,23.436936986399814
1788412503.203248,82.11663199472241
1788412503.2173645,35.30368098290637
1788412503.2407372,46.06698401039466
1788412503.2434711,9.501392021775246
1788412503.2447362,28.90750500955619
1788412503.283116,39.623813005164266
1788412503.3065732,61.816322995582595
1788412503.325868,64.35235700337216
1788412503.3455365,12.053970975102857
1788412503.3543944,71.25910700415261
1788412503.3815153,55.62553001800552
1788412503.4248047,79.24639197881334
1788412503.4343324,52.79297899687663
1788412503.4421613,79.23093900899403
1788412503.4601905,35.36630800226703
1788412503.490574,56.22065399074927
1788412503.5061593,45.949656021548435
1788412503.5199091,15.389637992484495
1788412503.5447938,47.9889860143885
1788412503.57017,45.63614400103688
1788412503.6120024,40.36857097526081
1788412503.6157176,95.78965697437525
1788412503.6246648,118.47943501197733
1788412503.6436968,42.294323007809
1788412503.6517682,39.745479996781796
1788412503.670357,56.948588986415416
1788412503.6737556,49.059462995501235
1788412503.6922863,31.00233498844318
1788412503.6997015,73.70440301019698
1788412503.7011218,49.33063700445928
1788412503.7080214,18.13150499947369
1788412503.711981,41.598763986257836
1788412503.7208965,19.74951699958183
1788412503.7293174,8.400400984100997
1788412503.741781,27.884500013897195
1788412503.7430727,31.068922020494938
1788412503.7523074,78.527943987865
1788412503.7718506,72.12710598832928
1788412503.783875,54.537409014301375
1788412503.7962265,53.13512898283079
1788412503.79823,26.360666990512982
1788412503.8183272,34.43087299820036
1788412503.8616762,63.42815299285576
1788412503.881107,19.41082498524338
1788412503.9109757,29.8506940016523
1788412503.9307399,18.170543015003204
1788412503.9491565,67.20744201447815
1788412503.9641862,15.007953013991937
1788412503.9659677,35.205402004066855
1788412503.9881513,25.624013011110947
1788412503.9952836,4.6489590022247285
1788412504.0135531,25.38405600353144
1788412504.0147402,21.05545299127698
1788412504.0326397,66.64727997849695
1788412504.0463574,31.594653002684936
1788412504.1048098,58.42868398758583
1788412504.1740487,69.21862598392181
1788412504.1759615,50.65544898388907
1788412504.1849415,8.953273994848132
1788412504.1864269,12.356129998806864
1788412504.2005534,14.104436995694414
1788412504.2323492,31.776258983882144
1788412504.2398713,7.498812978155911
1788412504.2512772,33.38382299989462
1788412504.2639847,12.68233300652355
1788412504.2897058,25.700012018205598
1788412504.3081927,68.30084198736586
1788412504.3236902,33.964178001042455
1788412504.325377,17.163381999125704
1788412504.3743615,50.64617900643498
1788412504.3817077,61.47834699368104
1788412504.4121404,37.516138021601364
1788412504.42365,98.25330000603572
1788412504.4659398,53.77830797806382
1788412504.4703875,96.00693298853002
1788412504.4842126,60.540586011484265
1788412504.497491,27.08296399214305
1788412504.5072474,57.74238801677711
1788412504.5140681,48.10818698024377
1788412504.5212705,37.036690016975626
1788412504.5581257,36.83455599821173
1788412504.57876,74.50638801674359
1788412504.5808625,73.59396299580112
1788412504.604997,24.107314995490015
1788412504.6071594,49.01275201700628
1788412504.6775715,72.5536789977923
1788412504.693302,15.711735002696514
1788412504.7573879,50.92938500456512
1788412504.7904387,97.116304008523
1788412504.8091412,51.732436986640096
1788412504.8436868,53.22944399085827
1788412504.8466308,18.36066399118863
1788412504.8501146,20.324487995821983
1788412504.8746367,27.65645700856112
1788412504.9756494,100.99256501416676
1788412504.976946,130.28961900272407
1788412505.0389817,39.137645973823965
1788412505.0460877,69.1250049858354
1788412505.0659437,90.27520200470462
1788412505.1178248,78.82326398976147
1788412505.1277952,61.83050500112586
1788412505.150752,32.89940400281921
1788412505.1586826,106.20272500091232
1788412505.174412,128.3055990061257
1788412505.184737,56.91948300227523
1788412505.1860468,27.340719010680914
1788412505.196464,22.027906001312658
1788412505.2037227,52.935268002329394
1788412505.2622397,77.48279799125157
1788412505.2637744,14.644985989434645
1788412505.2649088,78.84144899435341
1788412505.2930825,89.32439997442998
1788412505.3505995,86.80368398199789
1788412505.3535526,55.00810398370959
1788412505.3545213,89.58641201024875
1788412505.3727806,110.52004699013196
1788412505.4282777,55.475872999522835
1788412505.4747233,53.2510060002096
1788412505.4789557,4.203763004625216
1788412505.5371115,51.046815991867334
1788412505.585883,25.034776976099238
1788412505.6765459,34.62834999663755
1788412505.6783807,36.90271999221295
1788412505.6849005,8.333267003763467
1788412505.7195904,58.877246017800644
1788412505.722205,12.938159983605146
1788412505.7253098,46.90891900099814
1788412505.7400417,55.1223780203145
1788412505.7501583,24.827541987178847
1788412505.7984684,76.24316398869269
1788412505.7996304,59.5704999868758
1788412505.8054304,55.25243197917007
1788412505.877394,78.90573400072753
1788412505.8910003,85.54781400016509
1788412505.891752,60.48743601422757
1788412505.8967924,97.14392101159319
1788412505.909697,41.599641990615055
1788412505.9385536,47.53209502086975
1788412505.9454222,53.643374994862825
1788412505.9469128,50.10038701584563
1788412505.958821,49.10183197353035
1788412505.9619138,23.340868996456265
1788412505.9827082,23.852658981923014
1788412505.9951625,33.22807198856026
1788412506.0311234,84.19072898686863
1788412506.049738,54.555622016778216
1788412506.0657053,34.55706700333394
1788412506.067208,15.53873301600106
1788412506.1243076,74.5476039883215
1788412506.1257596,60.74801000067964
1788412506.1288488,61.61695401533507
1788412506.1307094,64.98617198667489
1788412506.1321738,9.578070021234453
1788412506.1598911,34.110940992832184
1788412506.161297,32.425760000478476
1788412506.178359,46.16274998988956
1788412506.2239418,62.62526000500657
1788412506.2611284,82.74758598417975
1788412506.3356192,111.64629098493606
1788412506.3507757,17.709521984215826
1788412506.4067264,55.908294016262516
1788412506.4078264,191.713611013256
1788412506.4163659,8.518462011124939
1788412506.418342,11.594801006140187
1788412506.4201415,84.48886798578314
1788412506.43652,15.297525998903438
1788412506.5142064,77.66510199871846
1788412506.5214965,103.13366900663823
1788412506.5336845,19.456475973129272
1788412506.5377128,8.413411007495597
1788412506.58061,48.94608797621913
1788412506.5843213,62.79924599220976
1788412506.594434,10.086723021231592
1788412506.625248,44.614040991291404
1788412506.6557276,61.26366902026348
1788412506.704741,48.992619005730376
1788412506.7300308,23.93499101162888
1788412506.7515092,25.162810023175552
1788412506.7592733,22.61598501354456
1788412506.7792532,19.95310399797745
1788412506.7984977,19.225034018745646
1788412506.9034946,15.87647499400191
1788412506.9373615,36.830586002906784
1788412506.9490345,55.15675598871894
1788412506.9607587,107.90741900564171
1788412506.9824445,33.38864102261141
1788412507.0381532,55.67592699662782
1788412507.0454102,84.62616198812611
1788412507.0601234,74.86196901299991
1788412507.1313815,93.18923100363463
1788412507.1767864,45.36962599377148
1788412507.2380183,90.37842199904844
1788412507.2791638,41.12444000202231
1788412507.2829206,78.80656098132022
1788412507.3143375,38.4202619898133
1788412507.3185577,35.616565990494564
1788412507.3575842,23.719037999399006
1788412507.3703358,51.75288999453187
1788412507.3799508,9.590981004294008
1788412507.390198,49.04022999107838
1788412507.4154034,135.21577898063697
1788412507.4389513,23.52535500540398
1788412507.442042,50.46303800190799
1788412507.4640708,23.890442011179402
1788412507.4975078,117.53305501770228
1788412507.4988992,34.8075490037445
1788412507.5134542,71.39129302231595
1788412507.5170898,19.558161991881207
1788412507.5282474,54.0247609897051
1788412507.5582428,76.21259402367286
1788412507.5596445,42.52259898930788
1788412507.5658891,48.58577699633315
1788412507.5763586,62.8827589971479
1788412507.5979276,32.01713299495168
1788412507.6129508,54.68688899418339
1788412507.6215632,25.529601000016555
1788412507.6227303,63.066217000596225
1788412507.6610854,14.688121009385213
1788412507.67964,58.05548100033775
1788412507.6814868,58.73449699720368
1788412507.7415485,61.88808201113716
1788412507.7425482,61.03848200291395
1788412507.7978647,17.654198018135503
1788412507.7995908,58.02418201346882
1788412507.8656282,66.01903200498782
1788412507.8668556,120.22465499467216
1788412507.8823662,16.714847006369382
1788412507.9018922,35.016509995330125
1788412507.926232,45.61844500130974
1788412507.947436,21.18618000531569
1788412507.9746487,49.151089013321325
1788412508.02023,30.611940019298345
1788412508.0215425,74.08991499687545
1788412508.0988927,60.10527000762522
1788412508.167631,127.70222398103215
1788412508.189383,90.46800402575172
1788412508.1904988,22.84892601892352
1788412508.210581,21.177476010052487
1788412508.2225661,11.964355013333261
1788412508.223815,36.15600799093954
1788412508.2316267,41.10524299903773
1788412508.2393506,7.704691000981256
1788412508.285623,63.036292005563155
1788412508.299821,60.44485600432381
1788412508.3066509,72.90836502215825
1788412508.308801,8.960712992120534
1788412508.3118482,5.174138001166284
1788412508.3135982,27.950977004365996
1788412508.3910122,82.16992899542674
1788412508.4011858,10.134523996384814
1788412508.4033742,89.74375799880363
1788412508.408465,96.58547298749909
1788412508.4145355,15.951856010360643
1788412508.422619,21.30449001560919
1788412508.4748726,60.31452401657589
1788412508.487197,64.54604602186009
1788412508.4946887,91.27648701542057
1788412508.5203218,25.61166399391368
1788412508.528455,53.5582659940701
1788412508.5820515,53.57076399377547
1788412508.6218293,86.6257419984322
1788412508.6426709,61.100460996385664
1788412508.6497846,18.695489008678123
1788412508.6564908,103.01472700666636
1788412508.6765845,54.73149300087243
1788412508.6932106,50.519518001237884
1788412508.706497,56.68618401978165
1788412508.7230005,90.17455999855883
1788412508.7343867,121.77465297281742
1788412508.7471833,24.160108994692564
1788412508.7629783,87.26189500885084
1788412508.7636962,70.46482598525472
1788412508.7759595,69.43916698219255
1788412508.782155,92.17505701235496
1788412508.7856433,112.37447601160966
1788412508.803522,27.53695400315337
1788412508.8056014,42.59832500247285
1788412508.8533952,49.84189599053934
1788412508.854911,72.71760201547295
1788412508.8634686,116.2648169847671
1788412508.8698092,34.462079987861216
1788412508.8789954,73.36995500372723
1788412508.8944745,41.05513700051233
1788412508.8951452,117.98409500624985
1788412508.900248,36.753694992512465
1788412508.932582,62.75138599448837
1788412508.9358535,41.35742600192316
1788412508.985525,32.00868400745094
1788412509.0090094,76.40194200212136
1788412509.0101688,74.27836098941043
1788412509.0296757,91.46275499369949
1788412509.073739,63.55215999064967
1788412509.0810435,72.01133199851029
1788412509.107953,78.25809897622094
1788412509.1146603,40.899232000811026
1788412509.1381376,30.1657390082255
1788412509.1929471,54.78761901031248
1788412509.2308297,37.861532997339964
1788412509.2411015,10.246722988085821
1788412509.316024,16.357503016479313
1788412509.3669322,50.886442011687905
1788412509.4152079,40.88505302206613
1788412509.4460757,79.12188800401054
1788412509.4629004,49.084026977652684
1788412509.4936934,30.77166498405859
1788412509.502407,32.40668200305663
1788412509.5273418,81.2437360000331
1788412509.5865269,55.603444983717054
1788412509.5929463,87.05617699888535
1788412509.6273215,67.38789199152961
1788412509.6329505,9.441894013434649
1788412509.6569204,63.95354701089673
1788412509.6877434,56.4892910188064
1788412509.7004695,44.766865990823135
1788412509.7017224,44.782783021219075
1788412509.7112596,78.28838098794222
1788412509.712305,54.488589987158775
1788412509.7136378,62.957899004686624
1788412509.7201726,19.679018994793296
1788412509.74592,33.59698801068589
1788412509.7472377,59.47002398897894
1788412509.7618792,8.100866980385035
1788412509.7824714,36.527988006128
1788412509.7892864,37.5104819831904
1788412509.7931302,72.9316660144832
1788412509.8393753,26.499352999962866
1788412509.84099,51.681391982128844
1788412509.8420484,59.55696199089289
1788412509.8429048,49.751370010199025
1788412509.8667402,23.81596399936825
1788412509.9202893,53.52959400624968
1788412509.9375062,61.76646298263222
1788412509.971253,33.72549498453736
1788412510.0062094,58.808506990317255
1788412510.008606,166.5380490012467
1788412510.0102935,68.51860097958706
1788412510.0117567,5.528517998754978
1788412510.0271413,55.86863899952732
1788412510.041941,30.16469400608912
1788412510.0688477,56.02169598569162
1788412510.07049,37.447181006427854
1788412510.0858872,30.714766995515674
1788412510.1171114,48.23843398480676
1788412510.1321902,90.22996900603175
1788412510.1407871,54.88054201123305
1788412510.2005494,59.73779098712839
1788412510.2348833,93.27802000916563
1788412510.2632174,146.07369698933326
1788412510.2746983,12.899583991384134
1788412510.2762775,29.21445100218989
1788412510.294219,29.738918994553387
1788412510.3038895,27.592536993324757
1788412510.3727636,45.24462900008075
1788412510.3798752,75.96498698694631
1788412510.3975208,17.614200012758374
1788412510.4152355,19.26058399840258
1788412510.4356453,20.389904006151482
1788412510.5726845,23.33520000684075
1788412510.672941,100.23601399734616
1788412510.69365,22.150007978780195
1788412510.7406206,46.95123800775036
1788412510.7541761,27.83447699039243
1788412510.7676528,123.9012619771529
1788412510.7689347,76.84467002400197
1788412510.7931352,45.924295991426334
1788412510.7942908,24.477814993588254
1788412510.799421,31.750040012411773
1788412510.811059,16.749360016547143
1788412510.8303447,34.536669991211966
1788412510.8670485,73.8936309935525
1788412510.8780124,55.86624800343998
1788412510.88473,54.3665990117006
1788412510.8912551,16.60968697979115
1788412510.9299185,62.847160996170714
1788412510.9347198,18.23847700143233
1788412510.9365013,58.465435984544456
1788412510.9497008,14.95955401333049
1788412510.9619477,38.970752008026466
1788412510.968489,77.21484801732004
1788412511.001518,63.81726998370141
1788412511.023251,61.28397898282856
1788412511.035537,65.16032200306654
1788412511.0483387,25.066058995435014
1788412511.080087,14.685409987578169
1788412511.0818577,46.29850800847635
1788412511.083329,34.97141500702128
1788412511.1249943,44.88466199836694
1788412511.1388927,55.542326997965574
1788412511.1507807,25.767441984498873
1788412511.15902,10.151705995667726
1788412511.1710045,32.0873919990845
1788412511.2093065,16.0938500193879
1788412511.2113824,54.09727600635961
1788412511.2224066,10.975950019201264
1788412511.2290113,19.672862021252513
1788412511.230699,59.671975002856925
1788412511.2941396,63.40605899458751
1788412511.3188372,89.8053809942212
1788412511.3680842,50.71951501304284
1788412511.3701246,75.96339998417534
1788412511.3930244,33.89492101268843
1788412511.3948853,26.78061998449266
1788412511.4408703,47.8241259988863
1788412511.4446905,49.78265502722934
1788412511.4675868,26.692863990319893
1788412511.5155077,70.79381501534954
1788412511.5670297,51.50026798946783
1788412511.5984573,31.40187100507319
1788412511.6194417,26.64291299879551
1788412511.6269288,19.56981999683194
1788412511.6576734,59.18536501121707
1788412511.6783488,25.767238024855033
1788412511.6804552,60.915884998394176
1788412511.6891234,62.17377900611609
1788412511.7078464,29.47708300780505
1788412511.7144492,56.75128701841459
1788412511.7288647,20.04605598631315
1788412511.7521968,37.72447700612247
1788412511.785019,77.15006099897437
1788412511.7974498,30.543061991920695
1788412511.8058574,20.817887998418882
1788412511.8075542,78.66811897838488
1788412511.8309484,31.48627799237147
1788412511.8322926,84.58983697346412
1788412511.8428473,11.875706986756995
1788412511.86274,35.07974400417879
1788412511.8639386,30.44618500280194
1788412511.8725555,75.08353400044143
1788412511.8985512,35.79228697344661
1788412511.912769,48.81295599625446
1788412511.9144335,15.863282984355465
1788412511.9170988,44.51415000949055
1788412511.9554896,112.62336300569586
1788412511.9582715,47.28844700730406
1788412511.9818366,64.71575901377946
1788412511.9824512,24.158648011507466
1788412511.9887493,74.29524802137166
1788412511.9900968,17.549078998854384
1788412512.0388055,50.03551099798642
1788412512.0403268,50.20944299758412
1788412512.0492103,66.74082099925727
1788412512.0773437,28.11069300514646
1788412512.098558,21.19459700770676
1788412512.1128736,74.04569501522928
1788412512.1141176,74.26275601028465
1788412512.1371849,30.33469000365585
1788412512.1390536,18.509459012420848
1788412512.1401818,32.13585598859936
1788412512.1811507,42.0799569983501
1788412512.1891875,76.28455001395196
1788412512.2741857,93.01518098800443
1788412512.2768128,86.554588022409
1788412512.2835534,94.34635200886987
1788412512.3028808,19.309413008159027
1788412512.3042462,30.039006000151858
1788412512.35027,34.20569800073281
1788412512.4595542,155.88576000300236
1788412512.4630828,160.1830069848802
1788412512.4700012,11.769209988415241
1788412512.471078,93.04279199568555
1788412512.478424,18.849689018679783
1788412512.4798017,102.82701600226574
1788412512.4891157,26.012332004029304
1788412512.4971623,67.71825699252076
1788412512.5319312,60.83611599751748
1788412512.5349739,56.52974400436506
1788412512.580294,100.47037497861311
1788412512.606975,109.79077502270229
1788412512.624459,89.4618020101916
1788412512.6277223,138.5809069906827
1788412512.6283648,48.052418016595766
1788412512.6673093,38.8466129952576
1788412512.6694129,137.4615789973177
1788412512.68422,43.2807769975625
1788412512.6857693,61.276683991309255
1788412512.700231,14.435328979743645
1788412512.7015893,32.156332017621025
1788412512.7232924,97.05840298556723
1788412512.7725072,70.89674999588169
1788412512.790212,105.97194399451837
1788412512.8047955,14.56306199543178
1788412512.8194814,96.16922502755187
1788412512.8289168,24.10010399762541
1788412512.8366058,7.6695780153386295
1788412512.8390207,19.520925998222083
1788412512.8654778,53.18864999571815
1788412512.876053,10.555062995990738
1788412512.9020634,65.43918000534177
1788412512.9034274,27.353304001735523
1788412512.9246697,22.586642007809132
1788412512.9501767,25.488602987024933
1788412513.0092418,52.48241001390852
1788412513.0217218,34.89672299474478
1788412513.063131,48.58415899798274
1788412513.064605,114.41021799691953
1788412513.066662,56.20969698065892
1788412513.073705,78.81639499100856
1788412513.0864806,19.797310989815742
1788412513.0968723,85.38386700092815
1788412513.098929,34.30793198640458
1788412513.1237843,50.05880998214707
1788412513.1389172,51.296505000209436
1788412513.1589255,60.961300012422726
1788412513.160714,21.776111010694876
1788412513.162833,63.88413198874332
1788412513.1710887,84.58786198752932
1788412513.1919615,93.67935298359953
1788412513.1934285,34.45895199547522
1788412513.201873,39.014775975374505
1788412513.2211056,60.36540400236845
1788412513.2242928,53.17982999258675
1788412513.2477107,55.72706600651145
1788412513.2798498,77.95558299403638
1788412513.2999115,75.57780601200648
1788412513.319322,87.20187400467694
1788412513.334561,86.81783199426718
1788412513.3414252,120.27523800497875
1788412513.3548539,35.51156198955141
1788412513.3688529,88.97326601436362
1788412513.3848522,15.976706985384226
1788412513.3932867,51.836208993336186
1788412513.4064598,28.458387998398393
1788412513.438294,31.813099019927904
1788412513.439642,84.76254699053243
1788412513.4591534,74.27990500582382
1788412513.4725754,32.914537005126476
1788412513.5015402,63.22569400072098
1788412513.515128,42.52714099129662
1788412513.5419798,40.12254701228812
1788412513.5642319,60.11893498362042
1788412513.5725713,57.4154420173727
1788412513.5917742,19.181028997991234
1788412513.606317,64.30935798562132
1788412513.6103845,18.53405000292696
1788412513.6340992,27.718392986571416
1788412513.6583068,24.180899985367432
1788412513.670649,12.316537991864607
1788412513.7322385,61.56874101725407
1788412513.7513223,17.64426499721594
1788412513.8380942,86.74786699702963
1788412513.8688133,40.09125000447966
1788412513.8715248,12.26067601237446
1788412513.8823776,13.545569003326818
1788412513.8890922,49.126839003292844
1788412513.9042635,31.417635997058824
1788412513.9179246,16.617443005088717
1788412513.9361265,47.0129229943268
1788412513.9712434,53.29643498407677
1788412513.985086,48.93720202380791
1788412514.0034387,31.942014989908785
1788412514.0103102,25.204578007105738
1788412514.01731,56.813832983607426
1788412514.0674508,60.77573398943059
1788412514.0758493,8.379844017326832
1788412514.079071,61.73783299163915
1788412514.0925262,82.19364000251517
1788412514.1127567,52.59002899401821
1788412514.1136515,110.19024599227123
1788412514.1240923,31.54425902175717
1788412514.1343465,57.23537600715645
1788412514.144084,64.98671098961495
1788412514.1465554,32.87691599689424
1788412514.1479912,13.625128020066768
1788412514.1757677,51.65436599054374
1788412514.199622,37.7359609992709
1788412514.2080607,60.05081901093945
1788412514.2175934,71.01784399128519
1788412514.225559,42.36491900519468
1788412514.268985,43.40397397754714
1788412514.2703946,62.304624007083476
1788412514.2847598,57.81796801602468
1788412514.287994,17.58061198052019
1788412514.289288,89.6456429909449
1788412514.2896628,79.99257001210935
1788412514.3167794,27.47154198004864
1788412514.326059,57.053708005696535
1788412514.3478663,31.06553401448764
1788412514.3560672,66.38716100133024
1788412514.3934908,44.351360003929585
1788412514.4011514,75.06644100067206
1788412514.4141114,22.906519996467978
1788412514.4160926,89.0224169997964
1788412514.465936,49.81077800039202
1788412514.4845905,70.44774599489756
1788412514.4938865,19.57251099520363
1788412514.4954844,94.30322400294244
1788412514.5082157,49.53266400843859
1788412514.5154138,99.79581998777576
1788412514.5696955,61.452160007320344
1788412514.6272829,57.556332991225645
1788412514.6416624,14.35948399011977
1788412514.7134545,71.77205599145964
1788412514.7427084,17.209812998771667
1788412514.745793,12.242780008818954
1788412514.747484,4.750766995130107
1788412514.7589946,45.51861499203369
1788412514.771397,23.893335019238293
1788412514.851612,62.5793130020611
1788412514.8581676,86.74777101259679
1788412514.8724833,14.29346000077203
1788412514.8873062,36.945205996744335
1788412514.8885686,36.93734100670554
1788412514.897488,24.72330300952308
1788412514.9223113,34.98472098726779
1788412514.923886,35.29144200729206
1788412514.9649773,92.47214600327425
1788412514.9736018,51.27064499538392
1788412514.975248,39.84930500155315
1788412514.9768553,11.853620002511889
1788412514.9980338,24.40936499624513
1788412515.0116608,36.39123699394986
1788412515.0375936,53.652664995752275
1788412515.050363,52.31026900582947
1788412515.0523033,154.7901720041409
1788412515.0595412,21.927108988165855
1788412515.0678823,15.55177802219987
1788412515.1241062,64.5456720085349
1788412515.1265402,58.63617701106705
1788412515.1719582,20.42411800357513
1788412515.1860168,59.455508016981184
1788412515.1968637,26.243869011523202
1788412515.2134655,20.855641982052475
1788412515.2597053,44.48618702008389
1788412515.2609117,63.057921011932194
1788412515.2730918,76.19669000268914
1788412515.2923,120.32044798252173
1788412515.3343668,61.254296015249565
1788412515.359386,67.06530100200325
1788412515.3687932,20.324223005445674
1788412515.376217,42.88483699201606
1788412515.3863893,26.98286800296046
1788412515.4048312,53.23557602241635
1788412515.4060109,69.69911398482509
1788412515.4240634,89.67707501142286
1788412515.4263406,16.747421002946794
1788412515.43057,54.33068398269825
1788412515.4456444,39.613425004063174
1788412515.4801588,56.066641001962125
1788412515.510302,64.63620800059289
1788412515.5185416,87.9494970140513
1788412515.5317044,105.334613006562
1788412515.5344303,24.107193981762975
1788412515.5432215,8.772330998908728
1788412515.5772047,41.288988024462014
1788412515.59224,15.014650009106845
1788412515.6117165,51.07324899290688
1788412515.6587815,66.52029001270421
1788412515.6787677,19.96412599692121
1788412515.7345142,55.72501602000557
1788412515.7744713,24.675137014128268
1788412515.7876952,13.199003995396197
1788412515.8380682,50.3438159939833
1788412515.8682969,43.31139399437234
1788412515.8972232,59.13095301366411
1788412515.9139042,59.42473097820766
1788412515.9531264,53.61254600575194
1788412515.954935,41.00266899331473
1788412515.958415,56.35973598691635
1788412515.9621985,15.931249014101923
1788412516.0190928,15.527230978477746
1788412516.02074,58.52068401873112
1788412516.0933325,108.65019800257869
1788412516.104843,146.40054499614052
1788412516.1082747,14.922750007826835
1788412516.1170526,12.187765998532996
1788412516.175758,67.46382502024062
1788412516.1767597,59.686629014322534
1788412516.17747,28.39615201810375
1788412516.1976447,20.155967999016866
1788412516.228293,54.273124987958
1788412516.246823,70.0384679948911
1788412516.2506921,53.00943899783306
1788412516.2793252,32.47959798318334
1788412516.2945285,20.305445999838412
1788412516.2960474,67.72628397447988
1788412516.337889,87.17670102487318
1788412516.3409748,44.902049005031586
1788412516.3590367,16.64450898533687
1788412516.3601258,87.3748549784068
1788412516.3737311,32.731291983509436
1788412516.4335113,58.085544005734846
1788412516.4400058,91.24525499646552
1788412516.4418612,82.80216000275686
1788412516.4558501,95.70030801114626
1788412516.4824831,48.94818499451503
1788412516.489746,12.047810974763706
1788412516.50063,60.5996809899807
1788412516.5073395,51.46106699248776
1788412516.508555,66.67210999876261
1788412516.5152957,57.329085015226156
1788412516.516835,16.17642299970612
1788412516.5242689,41.76044597988948
1788412516.5577836,55.89462901116349
1788412516.583725,76.36150499456562
1788412516.6003356,44.792223983677104
1788412516.6177065,33.937339001568034
1788412516.6192808,39.34942101477645
1788412516.6202843,124.06544300029054
1788412516.6248024,24.447509000310674
1788412516.665342,148.48886799882166
1788412516.673449,8.08595700073056
1788412516.6802104,59.90619902149774
1788412516.6931865,68.36184300482273
1788412516.7100174,90.70243401220068
1788412516.736779,63.31093900371343
1788412516.7464821,53.27349802246317
1788412516.7470162,36.97611400275491
1788412516.7484193,11.619042983511463
1788412516.768164,87.92959398124367
1788412516.788266,20.07113301078789
1788412516.8193798,72.34696499654092
1788412516.8321993,85.6979470117949
1788412516.8368678,17.467908008256927
1788412516.8379915,49.705701996572316
1788412516.86246,41.99571898789145
1788412516.9173555,79.34439901146106
1788412516.9440472,29.37321999343112
1788412516.9461231,28.743550996296108
1788412516.989841,45.771848992444575
1788412517.0277965,37.9224170173984
1788412517.0720446,68.3050719962921
1788412517.079286,133.14272099523805
1788412517.0972898,58.22074998286553
1788412517.111321,32.00932501931675
1788412517.1340837,47.34898198512383
1788412517.1526403,58.37971399887465
1788412517.1881485,52.32585800695233
1788412517.1935253,59.402852988569066
1788412517.2075517,98.9318180072587
1788412517.2111402,58.46806801855564
1788412517.2131245,19.571559998439625
1788412517.254614,145.50707300077192
1788412517.2615893,6.955488002859056
1788412517.262933,55.36074301926419
1788412517.2641964,53.03115100832656
1788412517.2884612,75.31116201425903
1788412517.3127596,57.19333601882681
1788412517.3133922,50.4351390118245
1788412517.3512928,87.68929398502223
1788412517.3529131,66.27349101472646
1788412517.3575604,44.77941102231853
1788412517.3855577,32.608831010293216
1788412517.3961747,44.85946198110469
1788412517.4058704,24.642983975354582
1788412517.4188428,12.952655990375206
1788412517.4215071,25.308962009148672
1788412517.4805617,61.67138201999478
1788412517.5129695,55.08883501170203
1788412517.5200028,14.364065980771556
1788412517.5681741,28.66674101096578
1788412517.5805314,15.7230670156423
1788412517.5959346,75.43341000564396
1788412517.6116903,31.13769000628963
1788412517.6624417,66.48401301936246
1788412517.6641567,51.56553600681946
1788412517.6829128,71.19889798923396
1788412517.6860025,97.35449601430446
1788412517.7557235,93.25782599626109
1788412517.7569406,74.00370301911607
1788412517.783231,97.19922198564745
1788412517.8135617,57.81162698986009
1788412517.8477402,81.01633499609306
1788412517.8731356,89.87935999175534
1788412517.923882,18.43702301266603
1788412517.9378934,90.13034700183198
1788412517.9528084,28.904070000862703
1788412517.969646,31.72824200009927
1788412517.9984746,45.638340001460165
1788412518.0281138,54.326542012859136
1788412518.0880883,72.09118298487738
1788412518.0907238,39.324953977484256
1788412518.1154919,23.601705994224176
1788412518.1252277,51.27026399713941
1788412518.1261387,35.39416499552317
1788412518.1509404,35.42651800671592
1788412518.1646962,76.586078008404
1788412518.1760552,25.094790005823597
1788412518.19649,35.46839900081977
1788412518.1983469,73.09728799737059
1788412518.2425897,46.07568201026879
1788412518.2725122,107.77059799875133
1788412518.2838218,85.44459700351581
1788412518.2860487,13.515009981347248
1788412518.3231032,80.49314600066282
1788412518.3290737,45.55381301906891
1788412518.3619163,78.07352699455805
1788412518.3646166,35.48347600735724
1788412518.3820472,59.649615024682134
1788412518.3851357,62.013524991925806
1788412518.393307,7.130483019864187
1788412518.4444668,79.82899501803331
1788412518.4453874,63.31783000496216
1788412518.4715552,78.22793899686076
1788412518.4962285,24.651148007251322
1788412518.5165813,22.520230995723978
1788412518.53602,19.416858995100483
1788412518.5552928,81.36137700057589
1788412518.5934844,97.23737998865545
1788412518.5944107,39.093303988920525
1788412518.608667,11.980203009443358
1788412518.628491,34.03911899658851
1788412518.6325693,39.066580997314304
1788412518.642866,32.5712279882282
1788412518.6561472,47.46041100588627
1788412518.6735017,40.91068499838002
1788412518.6742353,18.067363009322435
1788412518.688836,16.7719210148789
1788412518.7049134,30.659156996989623
1788412518.7256396,97.11360599612817
1788412518.7325907,42.76279400801286
1788412518.733781,57.87799000972882
1788412518.7421072,53.25142201036215
1788412518.7694275,64.24413601052947
1788412518.7945063,60.706765012582764
1788412518.8127685,43.31547400215641
1788412518.8355372,41.00408300291747
1788412518.8662887,30.731164995813742
1788412518.9284847,54.44592100684531
1788412518.9420295,20.70958897820674
1788412518.9825735,21.606116992188618
1788412519.0077124,79.20132999424823
1788412519.0217097,19.44395000464283
1788412519.069199,61.46442602039315
1788412519.0799804,10.760480974568054
1788412519.1516185,71.61796602304094
1788412519.1609378,9.296614996856079
1788412519.1870413,25.28852000250481
1788412519.2107563,23.692649992881343
1788412519.2256906,64.73170701065101
1788412519.2439635,18.248741020215675
1788412519.2453635,21.943239000393078
1788412519.3017137,56.32961800438352
1788412519.3168092,34.42538998206146
1788412519.343198,28.002957988064736
1788412519.3746648,57.830917998217046
1788412519.3928764,87.94749400112778
1788412519.4264991,33.60029400209896
1788412519.44106,14.53835199936293
1788412519.444947,7.0152360131032765
1788412519.481268,53.68925997754559
1788412519.5071204,25.820070004556328
1788412519.5222335,81.14230900537223
1788412519.5300188,22.868289990583435
1788412519.5636525,41.388016019482166
1788412519.572677,56.7864470067434
1788412519.5807426,50.6960749917198
1788412519.605333,32.63083100318909
1788412519.620849,72.34727800823748
1788412519.6367004,55.932374991243705
1788412519.6437678,7.038840994937345
1788412519.6517806,27.77161099947989
1788412519.653785,48.431826988235116
1788412519.6805127,72.97736298642121
1788412519.6991806,55.39179898914881
1788412519.703052,49.246423004660755
1788412519.7086062,56.79788702400401
1788412519.7250512,15.293306991225109
1788412519.726753,27.552584011573344
1788412519.7351172,26.48931200383231
1788412519.778647,43.48588199354708
1788412519.7859323,60.855458985315636
1788412519.7949378,17.51039901864715
1788412519.7990723,118.84736799402162
1788412519.83169,46.97215498890728
1788412519.8336515,34.554548998130485
1788412519.8359673,4.2529599741101265
1788412519.8934214,57.429104985203594
1788412519.899942,66.26627300283872
1788412519.948332,54.87824897863902
1788412519.9550166,16.758615005528554
1788412519.9592047,18.452541989972815
1788412519.961987,22.37066099769436
1788412520.0335174,78.48135300446302
1788412520.047239,88.00164601416327
1788412520.0750835,27.81797799980268
1788412520.077733,44.192825007485226
1788412520.1214917,46.388221002416685
1788412520.1308846,53.12547201174311
1788412520.1469188,23.97322398610413
1788412520.1759636,45.056515984470025
1788412520.1987793,37.551969988271594
1788412520.246447,72.93472299352288
1788412520.25004,62.18082498526201
1788412520.2623434,11.980122013483196
1788412520.2669802,90.9909550100565
1788412520.2691534,49.51898200670257
1788412520.3242064,74.14787300513126
1788412520.3353257,88.85509899118915
1788412520.34838,81.37394901132211
1788412520.3500793,14.730859984410927
1788412520.365151,40.92310901614837
1788412520.4099512,25.888832984492183
1788412520.413541,65.12856300105341
1788412520.4315994,66.42486600321718
1788412520.4422395,32.26934900158085
1788412520.4772236,63.62464700941928
1788412520.4783928,46.77021500538103
1788412520.499114,29.715405020397156
1788412520.5190053,76.74133000546135
1788412520.536189,110.76668900204822
1788412520.5459092,18.97057000314817
1788412520.5482628,29.236423986731097
1788412520.5503175,51.184551004553214
1788412520.5510147,53.06465498870239
1788412520.5761697,39.958541019586846
1788412520.589733,43.510789022548124
1788412520.6017919,51.45098699722439
1788412520.6037576,14.0050959889777
1788412520.6309936,27.217980998102576
1788412520.6825078,131.47505701635964
1788412520.7321732,101.16092601674609
1788412520.746045,32.34097399399616
1788412520.7556992,17.743959004292265
1788412520.8195255,74.30611300515011
1788412520.8276484,8.104456996079534
1788412520.8379,31.429013004526496
1788412520.8441644,88.44113699160516
1788412520.8728626,27.60092099197209
1788412520.880195,50.994072982575744
1788412520.8823078,51.942165999207646
1788412520.902226,26.99506501085125
1788412520.9137502,69.56029398133978
1788412520.9645855,50.8147610235028
1788412520.9779618,15.406504011480138
1788412520.9851644,82.91534200543538
1788412520.9935205,28.91246200306341
1788412521.0191314,25.586974021280184
1788412521.0377285,59.742902987636626
1788412521.042058,50.04532300517894
1788412521.075339,16.432532022008672
1788412521.0902576,71.02702499832958
1788412521.0918136,16.454842989332974
1788412521.105621,67.86925799679011
1788412521.1277628,35.93020100379363
1788412521.159,68.71957899420522
1788412521.1956882,90.04387000459246
1788412521.212992,53.96644599386491
1788412521.219796,24.089154991088435
1788412521.2485268,28.71083200443536
1788412521.2992296,50.6797689886298
1788412521.3388605,9.64176602428779
1788412521.3401089,59.795184002723545
1788412521.3780084,103.99662001873367
1788412521.3805685,63.95835801959038
1788412521.3973598,57.23317799856886
1788412521.417381,20.002845994895324
1788412521.6232653,22.433431004174054
1788412521.672229,42.76896399096586
1788412521.6731224,134.35182100511156
1788412521.6982002,25.954354990972206
1788412521.6988606,23.05009198607877
1788412521.7000375,17.785687989089638
1788412521.711875,65.94588799634948
1788412521.741349,43.12848800327629
1788412521.75634,26.387138001155108
1788412521.779716,79.66036000289023
1788412521.8158064,52.45930899400264
1788412521.8176894,105.79116901499219
1788412521.8394828,59.74495998816565
1788412521.863264,39.90113697363995
1788412521.886665,27.681006002239883
1788412521.90088,39.15047599002719
1788412521.9422088,41.30830900976434
1788412521.983534,12.178064993349835
1788412521.9930048,146.60402899608016
1788412521.9950564,108.35654102265835
1788412522.0130184,19.996299990452826
1788412522.0143719,30.817692982964218
1788412522.054167,59.086666005896404
1788412522.0594642,46.42563400557265
1788412522.0727384,55.83699801354669
1788412522.07924,25.053571007447317
1788412522.080498,138.2700150134042
1788412522.0926237,78.23204601299949
1788412522.0945678,15.306090004742146
1788412522.1432111,70.44906000373885
1788412522.1530888,60.44315701001324
1788412522.1720293,77.44038899545558
1788412522.1856203,12.379660998703912
1788412522.2084055,55.253305996302515
1788412522.2352521,92.01725499588065
1788412522.246717,61.07560399686918
1788412522.267376,10.947263013804331
1788412522.2679622,59.530202008318156
1788412522.2876165,19.63603898184374
1788412522.2983668,29.90696200868115
1788412522.3240812,77.33916500001214
1788412522.325523,58.125665003899485
1788412522.3275208,25.649707997217774
1788412522.3681343,69.73948498489335
1788412522.3694928,28.09072198579088
1788412522.3962843,70.30828899587505
1788412522.3976324,61.99512799503282
1788412522.4113128,83.76841800054535
1788412522.4246578,28.347994026262313
1788412522.4257216,56.209275004221126
1788412522.452527,27.846810000482947
1788412522.472973,61.625503993127495
1788412522.479504,62.168285017833114
1788412522.5126274,60.07869899622165
1788412522.5296235,16.976077982690185
1788412522.5615194,81.991710991133
1788412522.627338,65.79501199303195
1788412522.6561399,28.777312021702528
1788412522.694214,33.75308500835672
1788412522.695612,39.450086012948304
1788412522.7378714,78.27812299365178
1788412522.7500656,54.43479001405649
1788412522.7946873,44.60174200357869
1788412522.8189473,27.54125400679186
1788412522.8236184,31.024049007100984
1788412522.8765154,57.54840298322961
1788412522.9034526,26.9137829891406
1788412522.956238,53.657165000913665
1788412522.9777033,30.066020000958815
1788412522.9945145,91.03853601845913
1788412522.998064,41.7926819936838
1788412523.0333874,55.66368598374538
1788412523.055987,56.62848599604331
1788412523.0582294,57.599562976974994
1788412523.059232,113.51109700626694
1788412523.0774515,44.043938018148765
1788412523.0901213,30.86860600160435
1788412523.102092,84.18096200330183
1788412523.1055536,15.413606015499681
1788412523.1128464,46.54420798760839
1788412523.116873,14.761989994440228
1788412523.1283336,15.467315999558195
1788412523.1295006,52.031419007107615
1788412523.1758904,58.99469301220961
1788412523.2006385,72.28245798614807
1788412523.2070248,31.10894502606243
1788412523.209645,53.44881699420512
1788412523.2321117,22.4466530198697
1788412523.2563093,55.63004600116983
1788412523.264971,26.44223000970669
1788412523.2664666,34.3320669780951
1788412523.3054624,40.471501008141786
1788412523.3332613,30.209733988158405
1788412523.3385277,72.04055800684728
1788412523.3740504,68.56741500087082
1788412523.407336,74.05273299082182
1788412523.443057,104.50572200352326
1788412523.482283,26.752641977509484
1788412523.5358963,128.53740202262998
1788412523.569488,104.51194801134989
1788412523.600687,38.355389988282695
1788412523.6026294,41.508245980367064
1788412523.6348073,32.159476017113775
1788412523.6368132,154.50962001341395
1788412523.707995,47.90768900420517
1788412523.709431,72.60091698844917
1788412523.7161725,6.725070998072624
1788412523.725866,91.03898500325158
1788412523.8116703,67.50421802280471
1788412523.8119447,95.75020501506515
1788412523.8186936,58.95655701169744
1788412523.8580823,33.89306002645753
1788412523.859127,47.43703900021501
1788412523.860409,47.85710299620405
1788412523.894672,75.9583690087311
1788412523.9285033,68.07607199880295
1788412523.934719,39.153193996753544
1788412523.9564967,27.973513992037624
1788412523.9622777,25.81264401669614
1788412523.9697106,61.48713600123301
1788412523.9927914,57.258468004874885
1788412524.0112848,54.76930199074559
1788412524.0290108,59.28083599428646
1788412524.0879593,58.925592980813235
1788412524.0882974,76.99069299269468
1788412524.1599941,72.00936300796457
1788412524.1719193,83.6018189729657
1788412524.1734009,26.656987000023946
1788412524.1922898,20.350519014755264
1788412524.1943283,20.904025004711002
1788412524.221001,26.652585016563535
1788412524.2558093,34.77830300107598
1788412524.2772143,46.247952996054664
1788412524.3594944,16.419890016550198
1788412524.3637555,16.74808797542937
1788412524.3771045,99.87075001117773
1788412524.41573,54.046584002207965
1788412524.462253,85.12691501528025
1788412524.4697335,53.978205018211156
1788412524.4845946,66.01977298851125
1788412524.4975183,35.2446069882717
1788412524.5248117,40.198021015385166
1788412524.5269878,29.448134009726346
1788412524.5826616,55.650686990702525
1788412524.6113238,82.90038601262495
1788412524.6403425,57.65285401139408
1788412524.6562002,44.84746200614609
1788412524.6629667,24.1463010024745
1788412524.6852484,67.4777029780671
1788412524.6894147,26.424101000884548
1788412524.6909149,29.134804994100705
1788412524.7164779,60.258593992330134
1788412524.735608,50.33641299814917
1788412524.7378085,34.901370003353804
1788412524.7460437,56.60116099170409
1788412524.7484126,12.782603997038677
1788412524.7603326,47.16198198730126
1788412524.7615945,45.09481499553658
1788412524.7680066,77.0676789979916
1788412524.8038979,57.833793020108715
1788412524.8200254,59.67238699668087
1788412524.833017,84.58318200428039
1788412524.8544896,50.57074400247075
1788412524.8553538,87.3278719955124
1788412524.8915246,58.48898401018232
1788412524.8926964,38.18232100456953
1788412524.9530137,60.29983802000061
1788412524.961201,105.83008200046606
1788412524.9730842,11.86278901877813
1788412524.9800832,147.41994001087733
1788412524.992436,19.33362300042063
1788412525.0040917,51.061634003417566
1788412525.012657,8.547894016373903
1788412525.0245357,20.19948000088334
1788412525.0321462,39.68746098689735
1788412525.0326486,78.56120998621918
1788412525.0678387,14.416735008126125
1788412525.078457,53.905285021755844
1788412525.0804112,67.73550598882139
1788412525.0837095,51.54609601595439
1788412525.0908732,23.01625901600346
1788412525.0980067,19.53215998946689
1788412525.1400177,59.56082299235277
1788412525.1694016,78.49731901660562
1788412525.1805348,96.79653999046423
1788412525.1974845,50.852996995672584
1788412525.204441,8.470999979181215
1788412525.2252944,55.873606994282454
1788412525.2271082,129.08235099166632
1788412525.2626133,99.25736399600282
1788412525.2702978,41.91114800050855
1788412525.2786622,51.53714198968373
1788412525.2908356,20.521205005934462
1788412525.2922995,29.66855198610574
1788412525.2933295,16.690346004907042
1788412525.294375,15.696410002419725
1788412525.324367,99.056423001457
1788412525.3356287,44.777022005291656
1788412525.3398075,15.422463009599596
1788412525.3611262,68.80871800240129
1788412525.3625019,24.827051005559042
1788412525.3633103,68.91468100366183
1788412525.3947642,59.11774799460545
1788412525.4003444,60.51835499238223
1788412525.415473,52.14724098914303
1788412525.4215727,59.05537700164132
1788412525.481686,81.32415101863444
1788412525.4880111,72.49329600017518
1788412525.497592,15.884321997873485
1788412525.5540378,66.00637797964737
1788412525.5760174,78.40772799681872
1788412525.5778131,39.95606998796575
1788412525.5793147,67.86964001366869
1788412525.595555,41.500224004266784
1788412525.6184843,41.41393298050389
1788412525.634575,39.00379201513715
1788412525.6405222,62.69030898693018
1788412525.662022,27.42740500252694
1788412525.6690245,50.51668101805262
1788412525.6882014,26.162879017647356
1788412525.6946516,54.10919798305258
1788412525.7155948,47.89111399441026
1788412525.727012,32.34548700856976
1788412525.7376888,56.75452601280995
1788412525.7543595,38.74890902079642
1788412525.7756953,21.32034598616883
1788412525.8030612,65.35266799619421
1788412525.80456,13.279509992571548
1788412525.8827038,54.41733400220983
1788412525.8896286,86.55026199994609
1788412525.9158351,44.93206899496727
1788412525.9324348,16.585744015173987
1788412525.932899,43.25511198840104
1788412525.9762878,93.56479402049445
1788412526.0116105,8.581553993280977
1788412526.01903,70.05626798490994
1788412526.0336092,29.190405999543145
1788412526.0934849,75.90959398658015
1788412526.112174,78.5458009922877
1788412526.1524606,58.95191399031319
1788412526.1816769,68.55406501563266
1788412526.2279835,75.50539099611342
1788412526.2346365,6.636846985202283
1788412526.2478874,13.234587997430936
1788412526.2999666,58.88110099476762
1788412526.315727,67.82291398849338
1788412526.3841627,68.41547699877992
1788412526.3866324,81.24145999317989
1788412526.4538014,67.64668299001642
1788412526.4573705,70.72410400724038
1788412526.4604583,10.138256009668112
1788412526.4682636,14.43571099662222
1788412526.5188544,61.462921992642805
1788412526.5406713,72.3883280006703
1788412526.5680459,49.1737819975242
1788412526.589814,59.61602699244395
1788412526.5907662,22.69942100974731
1788412526.5924988,17.832889017881826
1788412526.604663,63.97260399535298
1788412526.6442118,51.69136601034552
1788412526.660969,56.287699000677094
1788412526.6986961,54.45028899703175
1788412526.7040324,60.74116300442256
1788412526.741862,43.15003799274564
1788412526.7431197,82.13215100113302
1788412526.7787826,74.71622500452213
1788412526.7952397,69.05731000006199
1788412526.850138,54.1472079930827
1788412526.8565423,77.7444569976069
1788412526.8630295,67.7721649990417
1788412526.8952448,45.089930994436145
1788412526.8972905,34.24157199333422
1788412526.9314165,35.247349995188415
1788412526.9326417,37.38122101640329
1788412526.9336917,77.1324020170141
1788412526.940116,21.3249460211955
1788412526.941617,123.67524197907187
1788412526.9484873,15.830018994165584
1788412526.9810677,32.56345397676341
1788412526.9822278,50.79497001133859
1788412526.9953582,14.273459994001314
1788412527.0108702,70.73684601346031
1788412527.028781,33.40160401421599
1788412527.0796626,77.98461301717907
1788412527.0875633,45.20621200208552
1788412527.0895705,107.32155301957391
1788412527.0986385,11.038388998713344
1788412527.1075802,8.906604984076694
1788412527.1354897,55.794444982893765
1788412527.170481,159.58569999202155
1788412527.1738012,144.99429002171382
1788412527.2029634,29.1265310079325
1788412527.204744,86.42281300853938
1788412527.2484875,45.503589004511014
1788412527.2502325,79.72502999473363
1788412527.2579288,53.16507999668829
1788412527.2668478,94.89855798892677
1788412527.3035438,36.66830199654214
1788412527.3055387,15.738191024865955
1788412527.3072867,57.03241500305012
1788412527.3178725,6.650451017776504
1788412527.3385491,80.5960209982004
1788412527.3400679,34.32344997418113
1788412527.369834,60.899984993739054
1788412527.3710556,23.489261977374554
1788412527.3721945,32.10757399210706
1788412527.3913143,21.460022020619363
1788412527.3926725,46.55034700408578
1788412527.4280815,110.18977299681865
1788412527.4349556,19.3416959955357
1788412527.436189,63.973796990467235
1788412527.4550035,62.315392977325246
1788412527.4795957,16.780231992015615
1788412527.4903853,55.4126399802044
1788412527.544452,108.24492899700999
1788412527.5467792,67.16743801371194
1788412527.5538833,7.086691999575123
1788412527.5656273,21.15840298938565
1788412527.6213973,67.49677800689824
1788412527.627487,73.27502898988314
1788412527.6448069,79.16165899951011
1788412527.668025,11.654310015728697
1788412527.669643,42.13997200713493
1788412527.6974154,76.00180301233195
1788412527.6989977,12.793831992894411
1788412527.7110746,60.56579400319606
1788412527.717669,49.62827599956654
1788412527.7316198,13.93531501526013
1788412527.733057,63.40004998492077
1788412527.7459188,34.827636991394684
1788412527.827919,130.4853369947523
1788412527.835046,123.84448800003156
1788412527.8361218,90.18644102616236
1788412527.8470268,113.95665400777943
1788412527.8541305,91.38607699424028
1788412527.8610954,14.051044010557234
1788412527.8704655,8.57317601912655
1788412527.8778098,14.643539005191997
1788412527.8845375,48.399132007034495
1788412527.9381783,50.451418006559834
1788412527.949887,72.06097801099531
1788412527.9565291,71.77613701787777
1788412527.9572518,96.14055798738264
1788412527.9593177,21.123459009686485
1788412527.9761167,105.63380300300196
1788412527.9950163,35.6507730029989
1788412528.0173924,22.359465016052127
1788412528.0228288,65.5615399882663
1788412528.0289981,79.08975699683651
1788412528.0757477,28.809681010898203
1788412528.0769742,20.489632996032014
1788412528.083522,66.08315202174708
1788412528.1385226,61.53548098518513
1788412528.145314,69.54999797744676
1788412528.1515195,12.981348001630977
1788412528.1533973,124.34954100172035
1788412528.2024453,49.02711499016732
1788412528.2103353,45.983374991919845
1788412528.2237113,72.17191299423575
1788412528.2798111,56.08052900061011
1788412528.2819192,71.56475601368584
1788412528.3021393,22.312382992822677
1788412528.353094,71.15480699576437
1788412528.3754117,22.296989016467705
1788412528.4017906,26.361723023001105
1788412528.4234474,27.84275499288924
1788412528.434847,27.54778301459737
1788412528.484989,50.12648398405872
1788412528.5287483,105.27766399900429
1788412528.5681026,52.353163016960025
1788412528.5917785,63.01375100156292
1788412528.6121762,44.05293898889795
1788412528.6613092,69.51029199990444
1788412528.7103994,49.07274799188599
1788412528.7166727,12.714759010123089
1788412528.743858,103.76147300121374
1788412528.7698345,59.419135999633
1788412528.7903204,46.44468400510959
1788412528.848232,57.89632099913433
1788412528.8900683,12.822421005694196
1788412528.8919084,43.65987700293772
1788412528.9194098,28.47427799133584
1788412528.9310887,39.16301199933514
1788412528.9372547,45.16728699672967
1788412528.9898622,70.43699998757802
1788412529.0267766,62.72392498794943
1788412529.0440958,106.82507598539814
1788412529.051792,7.68101098947227
1788412529.0600104,33.21852799854241
1788412529.066788,76.90973600256257
1788412529.073966,28.96765200421214
1788412529.1422908,68.30750399967656
1788412529.150006,7.6941239822190255
1788412529.167758,17.71520500187762
1788412529.1877403,19.962093007052317
1788412529.2169573,37.57095799664967
1788412529.2492926,61.53458100743592
1788412529.289929,72.95531098498031
1788412529.307046,57.734139991225675
1788412529.3190484,57.762664975598454
1788412529.3260045,18.93986901268363
1788412529.345719,56.775653996737674
1788412529.3955483,25.125157000729814
1788412529.403863,59.06443198909983
1788412529.4108324,84.80020900606178
1788412529.4257593,80.02073099487461
1788412529.434894,30.99438300705515
1788412529.4628634,12.922199995955452
1788412529.4640388,29.092996002873406
1788412529.4944415,58.03732998901978
1788412529.531577,99.286465003388
1788412529.5467918,82.71924700238742
1788412529.5588717,82.48863599146716
1788412529.5781214,182.51597799826413
1788412529.598194,203.80345699959435
1788412529.606081,74.46496601914987
1788412529.6156437,37.4866480124183
1788412529.6350522,88.22201800649054
1788412529.645629,96.88357301638462
1788412529.6508086,44.69824899570085
1788412529.678545,62.87213499308564
1788412529.6888614,43.20617800112814
1788412529.702272,6.481643998995423
1788412529.7447581,93.92722698976286
1788412529.7488096,46.48026599898003
1788412529.7719746,23.141429002862424
1788412529.787863,31.416494020959362
1788412529.8979743,39.1023599950131
1788412529.913811,38.57205601525493
1788412529.932112,158.73779900721274
1788412529.9530828,64.69736600411125
1788412529.9596417,61.646897986065596
1788412529.9750407,61.2096440163441
1788412529.9930735,39.96973100584
1788412529.9950724,10.99977598641999
1788412529.995739,36.07418399769813
1788412530.0481033,20.05201901192777
1788412530.0724537,79.3590759858489
1788412530.0816088,85.84638399770483
1788412530.0885766,40.45183601556346
1788412530.1242971,50.50624199793674
1788412530.1268086,27.76282699778676
1788412530.1365702,122.25360199226998
1788412530.1561062,67.50871101394296
1788412530.2001927,73.36078697699122
1788412530.2072022,70.60432800790295
1788412530.217655,61.5276989992708
1788412530.2199988,95.67436701036058
1788412530.2703762,35.056135995546356
1788412530.2774963,77.27783400332555
1788412530.279947,69.77989300503395
1788412530.291625,73.94645898602903
1788412530.3183901,59.96465400676243
1788412530.3417535,43.513381999218836
1788412530.3440468,125.32702001044527
1788412530.3558896,11.788591014919803
1788412530.363424,85.89836998726241
1788412530.395309,53.528127988101915
1788412530.3977194,117.73191101383418
1788412530.4007967,116.83158797677606
1788412530.4261844,62.73370698909275
1788412530.4280941,30.352622998179868
1788412530.4787362,52.52791100065224
1788412530.525156,97.03989699482918
1788412530.5343382,55.57948900968768
1788412530.5444958,10.130431008292362
1788412530.569872,37.26533000008203
1788412530.5780034,52.82829501084052
1788412530.6681597,98.26650901231915
1788412530.670277,92.25182901718654
1788412530.690197,29.627016017911956
1788412530.6922977,38.947579014347866
1788412530.7161715,47.98071100958623
1788412530.7612484,58.94973699469119
1788412530.7661884,73.8577639858704
1788412530.7720675,81.83653000742197
1788412530.8216667,49.56504199071787
1788412530.8278017,85.88800899451599
1788412530.8724937,106.27333598677069
1788412530.8760917,54.40302801434882
1788412530.9278421,100.01047299010679
1788412530.933317,56.3059970154427
1788412530.9408605,68.3350749895908
1788412530.9415052,41.025498998351395
1788412530.9530506,25.1870279898867
1788412530.9550185,78.90153900370933
1788412530.967317,26.432444981765002
1788412530.9766202,23.546798998722807
1788412530.9780796,44.73300400422886
1788412530.9914367,36.38280800078064
1788412531.0088506,30.747545009944588
1788412531.0313177,46.865190990502015
1788412531.03593,68.58483501127921
1788412531.052232,20.891182008199394
1788412531.0595355,91.15071600535884
1788412531.0609875,52.11420499836095
1788412531.1080482,15.527481999015436
1788412531.1643882,103.38150800089352
1788412531.176442,68.36913601728156
1788412531.1898322,25.421018013730645
1788412531.1910574,25.513196014799178
1788412531.2019458,10.867901990422979
1788412531.2460608,56.20549802551977
1788412531.3277128,88.80321201286279
1788412531.330111,128.14224199973978
1788412531.367987,121.89938800293021
1788412531.3834116,55.67543098004535
1788412531.4070203,78.41453701257706
1788412531.4277663,97.63047800515778
1788412531.4305956,47.16333100805059
1788412531.439892,71.88130001304671
1788412531.4877431,80.70047199726105
1788412531.491832,51.91374599235132
1788412531.5242097,32.3467570124194
1788412531.524821,193.44893100787885
1788412531.5348697,17.674030998023227
1788412531.5508828,120.25945400819182
1788412531.5751362,76.71998901059851
1788412531.5916247,66.78071100031957
1788412531.637022,61.798076989362016
1788412531.6386034,46.943913999712095
1788412531.6596372,36.13322201999836
1788412531.6610136,110.09878700133413
1788412531.7078376,46.77169301430695
1788412531.7531629,114.44382098852657
1788412531.7574618,96.92632299265824
1788412531.7586105,38.54164699441753
1788412531.7594144,21.972471004119143
1788412531.7847855,76.90651298617013
1788412531.790309,39.974718005396426
1788412531.8216746,63.045610004337505
1788412531.82913,44.3160500144586
1788412531.8322968,45.872297981986776
1788412531.8566146,99.13165398756973
1788412531.8636272,104.19119498692453
1788412531.877992,47.562852007104084
1788412531.8804107,58.71526201372035
1788412531.8825734,18.916970991995186
1788412531.9130177,56.37885502073914
1788412531.929951,49.514037993503734
1788412531.9452577,67.23675099783577
1788412531.9608514,131.66282899328507
1788412531.9704342,25.14991199132055
1788412531.9777553,7.283446000656113
1788412532.012477,82.49520999379456
1788412532.0132396,64.91906198789366
1788412532.0468967,69.11472202045843
1788412532.0548596,42.359837010735646
1788412532.0561697,42.90914299781434
1788412532.1010153,54.08925100346096
1788412532.1117985,56.91541699343361
1788412532.1189222,17.881215026136488
1788412532.1315053,29.259206989081576
1788412532.137609,54.67700000735931
1788412532.1501937,80.74832300189883
1788412532.1579766,39.02480498072691
1788412532.1601934,9.973210981115699
1788412532.193305,33.08606700738892
1788412532.1969168,38.87102598673664
1788412532.198533,67.00767099391669
1788412532.2212656,22.708754986524582
1788412532.2218878,39.81780001777224
1788412532.2360644,49.65320401242934
1788412532.2628114,65.85874201846309
1788412532.283284,89.95806801249273
1788412532.2869353,60.066816018661484
1788412532.332992,46.028876007767394
1788412532.368499,147.20331600983627
1788412532.3773768,94.06248800223693
1788412532.398428,20.989276003092527
1788412532.4005952,60.38766598794609
1788412532.4155998,82.57290499750525
1788412532.4320965,16.476235003210604
1788412532.434085,65.55306998779997
1788412532.4697635,83.87684999615885
1788412532.4806032,138.393895002082
1788412532.4975998,65.47454901738092
1788412532.52277,88.65260498714633
1788412532.5265186,117.6208810065873
1788412532.535028,135.9255359857343
1788412532.5492163,79.4135740143247
1788412532.5604386,64.16167502175085
1788412532.562672,27.606432005995885
1788412532.5770764,54.27395598962903
1788412532.5889654,135.11646699043922
1788412532.591862,65.29028198565356
1788412532.6074128,42.89157298626378
1788412532.6187057,56.00218000472523
1788412532.6223967,30.51286400295794
1788412532.626432,77.18477500020526
1788412532.6284332,20.99521699710749
1788412532.6892416,112.11914801970124
1788412532.695951,69.49542998336256
1788412532.6974394,78.71084701037034
1788412532.7324781,104.02175100171007
1788412532.7531643,57.18938700738363
1788412532.7628183,65.35149700357579
1788412532.789235,56.73242299235426
1788412532.7962372,65.70839299820364
1788412532.8476968,84.84866100479849
1788412532.8547342,58.45975800184533
1788412532.8617873,75.30808300361969
1788412532.8683743,138.22137599345297
1788412532.881625,51.38834399986081
1788412532.899843,52.11884999880567
1788412532.9019585,47.2002399910707
1788412532.9228582,61.0481679905206
1788412532.9451866,43.19918301189318
1788412532.950796,50.9268419991713
1788412532.973442,105.0438079982996
1788412532.9943502,43.52289097732864
1788412533.0134323,69.89959100610577
1788412533.0146759,41.214174998458475
1788412533.015396,70.17948900465854
1788412533.0455124,39.86112799611874
1788412533.0460646,29.098722006892785
1788412533.0618079,67.43154200376011
1788412533.0702548,54.836378985783085
1788412533.0719464,57.251920021371916
1788412533.0883229,26.4928070246242
1788412533.0946143,24.33043599012308
1788412533.119804,47.831040021264926
1788412533.1270692,22.16166499420069
1788412533.1477199,27.88216801127419
1788412533.149283,46.995748998597264
1788412533.177759,132.22079098341055
1788412533.1942508,46.50913699879311
1788412533.1954505,100.81466799601912
1788412533.2146187,65.31077800900675
1788412533.262642,15.94402699265629
1788412533.2633605,67.88563998998143
1788412533.2955968,80.95797500573099
1788412533.3359718,31.852311978582293
1788412533.3474429,84.06462901621126
1788412533.3594053,23.411548987496644
1788412533.3806534,175.52267701830715
1788412533.41567,56.2344049976673
1788412533.4265387,79.07608198001981
1788412533.4411638,25.473154993960634
1788412533.4657836,39.22367800259963
1788412533.4857676,7.780538988299668
1788412533.497747,56.56086897943169
1788412533.532356,66.54491100925952
1788412533.547367,61.56464299419895
1788412533.548478,16.101209999760613
1788412533.5679765,20.587825012626126
1788412533.57818,10.1827259932179
1788412533.5864706,52.42710199672729
1788412533.587714,39.2174540029373
1788412533.6015491,23.346764006419107
1788412533.6257408,24.170281016267836
1788412533.6275773,28.22935100994073
1788412533.6637092,75.97108601476066
1788412533.6763666,50.602726987563074
1788412533.6835268,7.137067004805431
1788412533.686591,58.99597899406217
1788412533.6987047,57.67271900549531
1788412533.7004063,36.66681100730784
1788412533.7347846,51.238746993476525
1788412533.7431316,44.38994699739851
1788412533.767334,29.996358993230388
1788412533.7846925,98.08442302164622
1788412533.8005533,84.75669802282937
1788412533.8035254,60.33238800591789
1788412533.8048437,20.13050700770691
1788412533.8061054,67.86137199378572
1788412533.820617,20.04568700795062
1788412533.835572,30.70820600260049
1788412533.8370202,16.384896996896714
1788412533.8691244,65.5724249954801
1788412533.87061,43.7370190047659
1788412533.8816283,75.50414698198438
1788412533.9121473,41.516748984577134
1788412533.9204025,70.28595099109225
1788412533.9510155,32.27272297954187
1788412533.9728086,60.64173299819231
1788412533.9748971,54.47234999155626
1788412533.9752336,93.58697099378332
1788412534.0168684,41.61637101788074
1788412534.0185716,45.742442016489804
1788412534.0224948,5.60626300284639
1788412534.0252717,6.677688012132421
1788412534.048447,27.39996599848382
1788412534.0841918,35.726543981581926
1788412534.0886226,66.10605600872077
1788412534.1025753,18.364951014518738
1788412534.105147,43.43849702854641
1788412534.1235673,20.972494006855413
1788412534.1693435,29.961110005388036
1788412534.1709611,47.36658901674673
1788412534.2088578,36.515873012831435
1788412534.2359238,63.80021499353461
1788412534.244109,35.23128101369366
1788412534.3360877,91.95978098432533
1788412534.340308,104.36109200236388
1788412534.3418074,25.2062980143819
1788412534.3463113,53.954575007082894
1788412534.3601298,25.295061990618706
1788412534.367321,26.984147989423946
1788412534.3686967,8.542666997527704
1788412534.409421,8.136849995935336
1788412534.414534,47.18762999982573
1788412534.429904,20.46431100461632
1788412534.5190895,89.16484998189844
1788412534.5218954,107.33559401705861
1788412534.5339837,12.06513398210518
1788412534.5580285,14.58947898936458
1788412534.5618455,42.735313007142395
1788412534.582829,48.823893012013286
1788412534.5836887,21.817075001308694
1788412534.6118588,52.39428600179963
1788412534.6131058,55.04508598824032
1788412534.6357732,52.06638399977237
1788412534.636367,42.52644500229508
1788412534.6509376,14.552973996615037
1788412534.676713,49.443241994595155
1788412534.6985576,86.67469199281186
1788412534.7116005,67.54547398304567
1788412534.7170198,25.778250012081116
1788412534.7596672,48.042220005299896
1788412534.78422,67.17571397894062
1788412534.7888203,4.578047984978184
1788412534.8085427,48.85094999917783
1788412534.8315952,61.33060698630288
1788412534.848373,59.531681006774306
1788412534.8754365,66.87156300176866
1788412534.876495,55.572109995409846
1788412534.8846426,36.24647099059075
1788412534.886445,10.983661020873114
1788412534.9144616,92.08582300925627
1788412534.9195714,34.900561993708834
1788412534.9317052,17.220046021975577
1788412534.9398026,20.20980798988603
1788412534.9414504,64.93428198155016
1788412534.9486575,47.388509003212675
1788412534.9557667,14.290671999333426
1788412535.0046608,55.97681101062335
1788412535.0357711,31.07759600970894
1788412535.069884,34.092729998519644
1788412535.0841405,57.13588002254255
1788412535.1156425,45.73903599521145
1788412535.1264594,42.29941501398571
1788412535.1386943,48.262160999001935
1788412535.1497626,23.28236700850539
1788412535.160001,10.219477000646293
1788412535.209395,49.33523599174805
1788412535.2110174,95.35509900888428
1788412535.2501647,40.749221021542326
1788412535.2521188,41.073268017498776
1788412535.2865307,27.63487698393874
1788412535.2931423,41.00292798830196
1788412535.3313591,23.053522018017247
1788412535.3403301,62.41166402469389
1788412535.3424141,49.25040600937791
1788412535.3528259,85.507420997601
1788412535.3760173,35.66430098726414
1788412535.377873,25.02470198669471
1788412535.3919115,15.873866010224447
1788412535.3933594,106.80767000303604
1788412535.431516,53.618773992639035
1788412535.44892,55.53650300134905
1788412535.479906,48.36678199353628
1788412535.5018573,59.44031500257552
1788412535.5082886,59.345107001718134
1788412535.525472,37.17133097234182
1788412535.581988,80.10778902098536
1788412535.5903456,82.03271200181916
1788412535.6037931,21.780069975648075
1788412535.6116898,21.316612022928894
1788412535.6196098,15.796822000993416
1788412535.632917,21.207206998951733
1788412535.6399152,53.57396899489686
1788412535.6918852,51.94738999125548
1788412535.707604,23.36904002004303
1788412535.7514756,59.569884004304186
1788412535.7712617,63.63118198351003
1788412535.8225353,51.24444200191647
1788412535.8261013,21.252293983707204
1788412535.8275077,4.953333002049476
1788412535.8677871,22.598672978347167
1788412535.9053032,13.142690004315227
1788412535.9126458,85.11870697839186
1788412535.9239054,23.481468990212306
1788412535.9305496,25.22635500645265
1788412535.951658,27.72712497971952
1788412535.9682639,33.40136699262075
1788412535.9694028,56.73557901172899
1788412535.9756134,62.53435101825744
1788412536.0146637,46.38100098236464
1788412536.0345407,37.532491027377546
1788412536.0390632,63.427970017073676
1788412536.043444,28.759048000210896
1788412536.0616364,22.553276998223737
1788412536.1136894,80.6835689872969
1788412536.1203773,76.9048510119319
1788412536.1238463,83.61076799337752
1788412536.1256785,64.02315499144606
1788412536.1323376,18.62249700934626
1788412536.158304,25.944195018382743
1788412536.1647391,39.03903500759043
1788412536.1858566,61.98860201402567
1788412536.2193046,72.82617097371258
1788412536.2206275,100.22675001528114
1788412536.2442913,79.5336120063439
1788412536.2808352,41.199352010153234
1788412536.2825067,38.19801099598408
1788412536.3077445,85.79047699458897
1788412536.3448112,158.93090699682944
1788412536.347547,38.935185002628714
1788412536.367269,57.75628800620325
1788412536.3688,61.03370201890357
1788412536.387669,20.377045002533123
1788412536.3931031,5.412163998698816
1788412536.4060016,17.899750993819907
1788412536.4485624,17.158923001261428
1788412536.4499133,102.33831600635312
1788412536.468115,62.09150000358932
1788412536.4752934,7.157002983149141
1788412536.4768746,26.937644026475027
1788412536.4784749,29.892844991991296
1788412536.4850738,8.17923599970527
1788412536.5127063,27.613818005193025
1788412536.520193,41.69837600784376
1788412536.5383444,18.124056019587442
1788412536.6083083,95.58046801248565
1788412536.6643565,21.298873994965106
1788412536.6994402,11.529952986165881
1788412536.7054908,41.113584011327475
1788412536.73038,37.02633801731281
1788412536.7646406,65.17681200057268
1788412536.809393,103.88236999278888
1788412536.8251555,24.67189301387407
1788412536.8409007,29.08741499413736
1788412536.8453035,4.382031998829916
1788412536.8472958,37.879694980802014
1788412536.8925657,45.24983200826682
1788412536.9273381,34.75335901021026
1788412536.928489,24.320609983988106
1788412536.9799764,26.718921988504007
1788412536.9859476,18.399298016447574
1788412537.0128448,7.844320993172005
1788412537.0407424,27.854064013808966
1788412537.0467174,118.20670001907274
1788412537.0639567,83.95845800987445
1788412537.0749528,88.98117701755837
1788412537.0878975,47.07981800311245
1788412537.1125677,37.57641700212844
1788412537.1302984,66.30882099852897
1788412537.135831,23.236345004988834
1788412537.1717834,41.44640499725938
1788412537.208839,37.021195981651545
1788412537.2638533,54.983417998300865
1788412537.2817547,19.901291001588106
1788412537.2874866,70.9506299754139
1788412537.2883065,145.5242049996741
1788412537.3020642,13.733071013120934
1788412537.3389027,51.38826501206495
1788412537.3424847,40.39888398256153
1788412537.380392,53.79957699915394
1788412537.381766,39.25505300867371
1788412537.409303,20.8996000001207
1788412537.456183,74.39798401901498
1788412537.5067465,30.577094992622733
1788412537.5101113,96.72812299686484
1788412537.5676653,60.894669994013384
1788412537.5701091,59.97362098423764
1788412537.6049652,7.17615699977614
1788412537.6277027,60.01702099456452
1788412537.628525,58.389046986121684
1788412537.6566622,28.941379016032442
1788412537.6579907,52.996662008808926
1788412537.6815245,24.838986981194466
1788412537.7039475,68.88412099215202
1788412537.708268,50.25762697914615
1788412537.7247713,18.00568902399391
1788412537.7366252,11.834811011794955
1788412537.7697735,65.80080700223334
1788412537.7766109,39.96347798965871
1788412537.788297,62.57578101940453
1788412537.8492634,60.945056000491604
1788412537.8572392,69.94620399200357
1788412537.8714283,94.39592101261951
1788412537.8772635,27.978070982499048
1788412537.889243,119.4454710057471
1788412537.9066157,31.926002993714064
1788412537.9240417,52.593818021705374
1788412537.9351199,11.056994000682607
1788412537.9364455,47.179449000395834
1788412537.994564,59.31404800503515
1788412538.017372,80.90865999110974
1788412538.0247912,30.207570001948625
1788412538.0735626,56.16821799776517
1788412538.1146665,12.84626597771421
1788412538.1490636,75.47854102449492
1788412538.1502428,74.30578899220563
1788412538.1608276,10.567401011940092
1788412538.1761878,19.30773799540475
1788412538.253765,77.55683199502528
1788412538.3041892,12.821343989344314
1788412538.3054073,6.800392991863191
1788412538.3576057,53.395274997456
1788412538.369491,64.06560298637487
1788412538.390174,32.548541988944635
1788412538.403048,14.520569995511323
1788412538.4138556,63.9297179877758
1788412538.420358,50.846202997490764
1788412538.4545152,51.448557002004236
1788412538.4613898,47.517219005385414
1788412538.462576,26.065789978019893
1788412538.4774067,14.815355010796338
1788412538.480005,25.471711007412523
1788412538.4816577,36.258810985600576
1788412538.5306778,53.252800018526614
1788412538.5377455,23.499429982621223
1788412538.5451014,22.972767997998744
1788412538.5538921,72.2153700189665
1788412538.5830936,52.39525198703632
1788412538.583712,37.69623697735369
1788412538.6057174,59.077167010400444
1788412538.6066594,37.236083997413516
1788412538.6091287,71.36306000757031
1788412538.6218753,76.75290698534809
1788412538.6367483,53.01746801706031
1788412538.6457467,39.05781198409386
1788412538.6620839,16.318203997798264
1788412538.6637394,41.834684991044924
1788412538.671743,7.97327802865766
1788412538.678377,41.60503399907611
1788412538.7133892,51.28488200716674
1788412538.7255297,53.748792997794226
1788412538.801595,76.03474601637572
1788412538.8913524,26.21068200096488
1788412538.9157138,64.60987601894885
1788412538.9278362,126.21040997328237
1788412538.9364722,90.4870810045395
1788412538.9470608,33.33722401293926
1788412538.9731634,7.011074019828811
1788412538.985014,210.47471501515247
1788412538.994856,21.668575995136052
1788412539.011998,54.518952005309984
1788412539.0204432,73.35777799016796
1788412539.0263,41.26258101314306
1788412539.0550354,127.17417799285613
1788412539.070496,75.6055940000806
1788412539.0847461,66.14492301014252
1788412539.0860207,15.49965498270467
1788412539.088283,21.300470019923523
1788412539.1001718,88.14711202285253
1788412539.1374476,51.40501901041716
1788412539.1689758,84.20567700522952
1788412539.175829,75.62847001827322
1788412539.1884809,100.1668449898716
1788412539.2135482,44.53694200492464
1788412539.2196167,43.75948401866481
1788412539.2301497,24.165996990632266
1788412539.2750514,59.491460997378454
1788412539.2901978,101.68871699715964
1788412539.2958503,20.763331005582586
1788412539.3200746,100.42716900352389
1788412539.3364244,48.09922000276856
1788412539.3582258,128.03307801368646
1788412539.380973,27.262802002951503
1788412539.387379,29.128217982361093
1788412539.3938076,57.35984799684957
1788412539.4165845,22.75195298716426
1788412539.44821,67.21514297532849
1788412539.5125296,95.9182030055672
1788412539.5158288,11.120487994048744
1788412539.5320232,19.470149010885507
1788412539.5474608,20.062684023287147
1788412539.5660903,50.23839700152166
1788412539.5895536,23.44011899549514
1788412539.6056082,44.45114597911015
1788412539.6096416,161.4074299868662
1788412539.6215258,67.11076200008392
1788412539.665963,118.48211800679564
1788412539.667809,62.180050008464605
1788412539.6939323,85.02921901526861
1788412539.7046826,36.85151299578138
1788412539.7132947,47.30998398736119
1788412539.7466388,26.393406005809084
1788412539.7577524,53.049820009619
1788412539.8208318,74.17321199318394
1788412539.8273911,69.61465999484062
1788412539.872685,51.832183002261445
1788412539.881073,44.45693900925107
1788412539.9154174,88.00193000934087
1788412539.9273584,54.65346499113366
1788412539.9562798,40.841194975655526
1788412540.00018,72.79522399767302
1788412540.0218246,83.97237499593757
1788412540.022879,66.57861699932255
1788412540.0253475,34.65187599067576
1788412540.0514176,29.57087298273109
1788412540.096504,45.066780992783606
1788412540.1052158,8.692366012837738
1788412540.1809993,11.96056100889109
1788412540.1877387,45.09214300196618
1788412540.2185388,36.4752100140322
1788412540.2383492,50.591114995768294
1788412540.2397108,134.47462898329832
1788412540.2620769,43.51810200023465
1788412540.2932854,53.55268798302859
1788412540.2992349,50.261884985957295
1788412540.314964,15.698721021180972
1788412540.3538249,60.52000797353685
1788412540.3873687,33.52524200454354
1788412540.3909125,36.216965003404766
1788412540.4494069,58.47520200768486
1788412540.4854755,36.04620599071495
1788412540.5146265,33.46081299241632
1788412540.5356412,28.759732987964526
1788412540.5496576,64.09835399244912
1788412540.609361,73.7008840078488
1788412540.6135736,61.951237003086135
1788412540.6639075,50.31474001589231
1788412540.7330558,66.94345999858342
1788412540.740881,77.7822989912238
1788412540.752592,55.09233599877916
1788412540.759392,95.46370900352485
1788412540.7662451,13.63333998597227
1788412540.77439,64.64923900784925
1788412540.7795553,13.268357986817136
1788412540.804026,50.37161099608056
1788412540.8055792,26.00445202551782
1788412540.8102982,35.88729698094539
1788412540.8210022,16.95621499675326
1788412540.822303,11.98126599774696
1788412540.8884242,66.0999360261485
1788412541.045674,23.294168000575155
1788412541.1002505,33.64184100064449
1788412541.1120448,43.9212080091238
1788412541.1133943,15.92049899045378
1788412541.1202435,11.395557987270877
1788412541.1267781,28.30913499929011
1788412541.1497624,49.48672399041243
1788412541.182525,55.72460000985302
1788412541.1842663,70.85389699204825
1788412541.2327726,82.97912898706272
1788412541.2339907,15.27094200719148
1788412541.281819,49.025925021851435
1788412541.3400948,89.19451499241404
1788412541.3415203,59.68004901660606
1788412541.3732054,33.08459999971092
1788412541.4310296,89.47617097874172
1788412541.4384012,24.960906011983752
1788412541.4479966,114.33851800393313
1788412541.4718108,23.79320198087953
1788412541.484855,13.021851977100596
1788412541.4863107,79.61205599713139
1788412541.500284,74.87415699870326
1788412541.5102756,9.969098988221958
1788412541.511499,73.07396800024435
1788412541.52361,84.13945400388911
1788412541.5507622,27.132667019031942
1788412541.55182,65.48998999642208
1788412541.5582483,46.726258005946875
1788412541.5928543,82.55554299103096
1788412541.6223314,23.07778300018981
1788412541.6248064,66.5239920199383
1788412541.6309292,8.578876993851736
1788412541.6710615,45.12953999801539
1788412541.6891913,21.051114017609507
1788412541.701875,77.04330599517561
1788412541.7279577,26.061975018819794
1788412541.728601,176.76266300259158
1788412541.730706,59.62407702463679
1788412541.7526693,51.88270899816416
1788412541.761098,32.47791901230812
1788412541.7710845,40.35775800002739
1788412541.7786016,37.783142004627734
1788412541.7957642,34.64415998314507
1788412541.81922,86.7405500030145
1788412541.828659,70.62845499604009
1788412541.831718,67.89209501584992
1788412541.8438826,72.77717898250557
1788412541.844435,25.18963799229823
1788412541.875453,79.66623801621608
1788412541.910188,65.73602999560535
1788412541.9266357,94.89560601650737
1788412541.9283197,52.84741101786494
1788412541.9606204,33.96282100584358
1788412541.982823,70.57980299578048
1788412541.987472,59.13098398013972
1788412542.018161,35.3165130072739
1788412542.0208263,7.207647984614596
1788412542.0481522,29.97135097393766
1788412542.0510533,63.549301004968584
1788412542.070982,50.13481798232533
1788412542.1084025,21.725548984250054
1788412542.1188426,10.420595994219184
1788412542.1203003,69.21905299532227
1788412542.1454322,25.1021150033921
1788412542.1522546,30.89278400875628
1788412542.1677127,15.437018999364227
1788412542.1708078,99.80366297531873
1788412542.1748168,3.989085991634056
1788412542.18225,7.411815982777625
1788412542.2036319,58.179699000902474
1788412542.2193513,37.081392016261816
1788412542.2292414,19.742144999327138
1788412542.241635,22.26311800768599
1788412542.2798123,22.628683014772832
1788412542.297298,68.03538900567219
1788412542.3463593,30.92826998909004
1788412542.3470664,27.14067298802547
1788412542.3486845,68.84944398188964
1788412542.3724601,23.75710301566869
1788412542.3804002,33.31694897497073
1788412542.3872685,24.22354501322843
1788412542.4053717,32.88369599613361
1788412542.4519649,105.58479998144321
1788412542.4660447,78.75565299764276
1788412542.4772205,60.97854100516997
1788412542.50105,37.327796017052606
1788412542.5362487,35.177663987269625
1788412542.5381174,60.875932016642764
1788412542.543833,77.7672299882397
1788412542.5805738,50.87624298175797
1788412542.6114004,67.53274000948295
1788412542.6282375,90.10294999461621
1788412542.6469703,66.37874300940894
1788412542.716377,69.35399599024095
1788412542.7166874,88.42931399703957
1788412542.7448547,28.149421006673947
1788412542.7544103,11.343916004989296
1788412542.755866,10.987431014655158
1788412542.7679138,51.516143983462825
1788412542.777263,9.328601998277009
1788412542.8273866,71.49319001473486
1788412542.8287158,41.79858899442479
1788412542.841656,87.22670801216736
1788412542.8904154,49.75502300658263
1788412542.9082265,79.49093301431276
1788412542.9155834,32.52876497572288
1788412542.9253314,74.8779050190933
1788412542.973293,76.44905400229618
1788412542.9746034,114.8450979962945
1788412542.9980502,24.738541978877038
1788412543.00063,85.02669801237062
1788412543.0019183,93.67249099886976
1788412543.0216432,45.17887899419293
1788412543.0334902,32.843052002135664
1788412543.0647488,62.8144709917251
1788412543.088472,66.80959498044103
1788412543.1040342,39.26597099052742
1788412543.125732,37.240026984363794
1788412543.1686702,36.4974069816526
1788412543.1805332,54.77885398431681
1788412543.1835985,79.54428499215282
1788412543.184872,25.34565099631436
1788412543.213055,29.436857003020123
1788412543.2212799,8.204809011658654
1788412543.2487688,63.87659200117923
1788412543.2803886,21.546383009990677
1788412543.2818062,59.66400500619784
1788412543.3034859,57.099969999399036
1788412543.3314788,35.753373987972736
1788412543.3327909,29.28241901099682
1788412543.363489,26.323912985390052
1788412543.4323854,99.57618301268667
1788412543.4646275,32.220844994299114
1788412543.553258,88.60106999054551
1788412543.563834,10.555113985901698
1788412543.5762765,28.969572013011202
1788412543.5781152,23.444240010576323
1788412543.6189842,16.497784003149718
1788412543.6204743,42.336791986599565
1788412543.6351202,58.81791599676944
1788412543.6654515,46.44825198920444
1788412543.6796365,27.285329008009285
1788412543.7044556,24.799731007078663
1788412543.7078001,72.59197600069456
1788412543.7248175,59.34762500692159
1788412543.7395513,31.730303016956896
1788412543.8213634,39.343299984466285
1788412543.8225126,19.566451985156164
1788412543.834008,97.28380700107664
1788412543.8352962,95.72842202032916
1788412543.8547113,35.5874800006859
1788412543.8576288,14.837360009551048
1788412543.8922493,70.86577801965177
1788412543.8951194,59.80526999337599
1788412543.929219,71.56217601732351
1788412543.962732,37.93262399267405
1788412543.9643986,71.84084900654852
1788412543.9721153,117.38135400810279
1788412543.9850743,92.80548800597899
1788412544.0120063,110.1219400006812
1788412544.0211372,35.065684001892805
1788412544.0409946,55.89988999417983
1788412544.0445461,72.40837198332883
1788412544.044954,80.53705701604486
1788412544.0678542,55.82833700464107
1788412544.0820053,37.026829028036445
1788412544.0945375,26.663099008146673
1788412544.1138618,72.84590599010698
1788412544.1370325,115.87622200022452
1788412544.1770287,39.97756098397076
1788412544.1955438,100.98902098252438
1788412544.2064002,19.32516400120221
1788412544.2099829,96.09462099615484
1788412544.2332788,25.432964990613982
1788412544.2345939,46.23509800876491
1788412544.2524252,34.96134700253606
1788412544.2677824,90.73298299335875
1788412544.2690868,62.650300009408966
1788412544.272747,20.2991749974899
1788412544.3146393,45.532829011790454
1788412544.3216856,88.37534798658453
1788412544.323579,32.927252002991736
1788412544.325691,52.912674989784136
1788412544.3327749,35.799287987174466
1788412544.3600256,38.32051498466171
1788412544.3668413,41.13231899100356
1788412544.371469,11.424235999584198
1788412544.3805091,56.91213201498613
1788412544.4344575,105.31780298333615
1788412544.4469411,80.07705301861279
1788412544.466724,32.20806797617115
1788412544.4978342,50.86630198638886
1788412544.4998112,119.27807499887422
1788412544.503241,36.49571500136517
1788412544.5044165,55.01096401712857
1788412544.535965,32.69935998832807
1788412544.5492613,44.82064800686203
1788412544.5533643,55.507081997347996
1788412544.5554197,55.05614398862235
1788412544.582253,58.741620974615216
1788412544.5866172,19.320489023812115
1788412544.587715,32.26272598840296
1788412544.6038172,54.51972800074145
1788412544.610574,28.300851001404226
1788412544.6180437,82.05783998710103
1788412544.6439362,25.87162598501891
1788412544.6449473,57.17976400046609
1788412544.6551743,51.334151008632034
1788412544.6942563,83.6612860148307
1788412544.7003834,55.41716000880115
1788412544.7148287,59.620781015837565
1788412544.7161713,15.768769982969388
1788412544.7289581,34.679308999329805
1788412544.7428524,28.00006201141514
1788412544.775131,58.93565100268461
1788412544.7782567,35.38270099670626
1788412544.806557,38.39031601091847
1788412544.8810313,105.8316639973782
1788412544.8850534,40.30388098908588
1788412544.8891191,110.84382500848733
1788412544.8903515,33.54461301933043
1788412544.9076555,19.813500985037535
1788412544.968912,83.83533201413229
1788412544.9848695,94.49697998934425
1788412545.0006292,27.323454996803775
1788412545.0467205,125.78108502202667
1788412545.0836358,36.893073993269354
1788412545.085374,84.7087980073411
1788412545.0865915,84.40600198809989
1788412545.0905344,121.59052400966175
1788412545.1183524,32.95884100953117
1788412545.1375723,19.197357003577054
1788412545.1611147,74.5043320057448
1788412545.1704352,32.838482002262026
1788412545.1736882,16.177251003682613
1788412545.2284825,58.02743500680663
1788412545.2643332,35.82884601200931
1788412545.2650013,10.16796799376607
1788412545.299028,24.922816024627537
1788412545.35744,71.7262259859126
1788412545.358879,93.63575899624266
1788412545.3605719,9.884186001727358
1788412545.3904152,31.519138981821015
1788412545.4068606,9.998918016208336
1788412545.4108849,20.447285001864657
1788412545.4334888,72.8836210037116
1788412545.4402504,82.61429599951953
1788412545.472771,65.89125798200257
1788412545.4812603,70.35668499884196
1788412545.482597,9.807367983739823
1788412545.5029495,62.67447798745707
1788412545.5205085,122.59323301259428
1788412545.5491016,67.82060299883597
1788412545.551538,48.56639201170765
1788412545.5885491,68.02145799156278
1788412545.598717,10.147188004339114
1788412545.6276503,76.08401900506578
1788412545.6438894,45.149499987019226
1788412545.656563,108.89140301151201
1788412545.6979332,54.02195898932405
1788412545.7087076,57.86170298233628
1788412545.7278357,72.41695999982767
1788412545.739595,30.86622097180225
1788412545.7557638,27.001023991033435
1788412545.7694285,29.81201998773031
1788412545.8182669,37.32380399014801
1788412545.8274426,71.6564079921227
1788412545.8482544,29.967973998282105
1788412545.8710613,22.777035017497838
1788412545.8839808,56.517031975090504
1788412545.887419,16.338279005140066
1788412545.9011552,13.715627981582657
1788412545.981484,80.30868801870383
1788412545.9916325,10.128599999006838
1788412546.0324337,21.629880997352302
1788412546.0344837,52.67781799193472
1788412546.0388045,47.14839698863216
1788412546.1020026,67.47328999335878
1788412546.1068032,67.95727400458418
1788412546.134404,101.94284399040043
1788412546.172919,66.0939889785368
1788412546.198976,28.50877001765184
1788412546.204861,25.307984004030004
1788412546.231457,32.46034702169709
1788412546.256609,28.12922198791057
1788412546.257776,84.8346249840688
1788412546.2941988,62.70806401153095
1788412546.3024094,44.61158602498472
1788412546.3476613,53.444774996023625
1788412546.36187,34.027341986075044
1788412546.3957543,48.07354699005373
1788412546.3970258,94.59711401723325
1788412546.3983898,50.45357201015577
1788412546.401023,32.54381299484521
1788412546.4234638,26.418245979584754
1788412546.4675965,69.18615399627015
1788412546.4691725,45.68758301320486
1788412546.503816,34.62102799676359
1788412546.5216455,120.6022149999626
1788412546.5430565,75.43801199062727
1788412546.5617173,39.79268198600039
1788412546.562234,58.39707198902033
1788412546.5842564,19.390986009966582
1788412546.5963898,31.932842975948006
1788412546.614652,52.91411897633225
1788412546.6210704,99.40259699942544
1788412546.6224735,38.193775981198996
1788412546.6335895,18.91746898763813
1788412546.6461523,49.74163000588305
1788412546.6722484,49.7526410035789
1788412546.6794214,33.24900098959915
1788412546.7037253,48.20454301079735
1788412546.731123,58.849911991273984
1788412546.7457325,41.98711601202376
1788412546.790037,45.738571003312245
1788412546.8076642,61.89376598922536
1788412546.808292,18.228239001473412
1788412546.8308105,62.82934799673967
1788412546.831468,17.7899339760188
1788412546.8519895,43.67900101351552
1788412546.8999171,47.90633500670083
1788412546.9117308,80.24450999801047
1788412546.9130673,81.16081199841574
1788412546.9474998,35.74997099349275
1788412547.0014837,88.39527500094846
1788412547.026787,70.03857800737023
1788412547.0373888,30.996578017948195
1788412547.0602486,25.153062015306205
1788412547.0629606,91.904650995275
1788412547.073233,33.875687018735334
1788412547.0806005,43.17732100025751
1788412547.1285708,47.92129999259487
1788412547.140294,67.02670900267549
1788412547.1716828,23.026385984849185
1788412547.175832,112.8303839941509
1788412547.1937244,46.6826299962122
1788412547.2048624,11.038003984140232
1788412547.2086618,32.79335700790398
1788412547.2422776,70.56440602173097
1788412547.2464066,41.512532014166936
1788412547.2677648,79.03015599003993
1788412547.2782176,30.804389010882005
1788412547.2793553,150.7465990143828
1788412547.3114061,33.16726099001244
1788412547.3181787,71.75115801510401
1788412547.3254557,89.47486898978241
1788412547.3381693,26.74181299516931
1788412547.3388035,53.25857998104766
1788412547.3517153,72.33907098998316
1788412547.3535798,14.74973201402463
1788412547.3673003,41.82201297953725
1788412547.4093792,57.63718698290177
1788412547.4142985,60.69471500813961
1788412547.4202495,10.846646997379139
1788412547.427825,60.499676008475944
1788412547.4628708,35.02027899958193
1788412547.5142725,73.91673998790793
1788412547.5258288,61.68274598894641
1788412547.5475397,127.26863697753288
1788412547.5862777,60.41751999873668
1788412547.5939405,29.97108400450088
1788412547.615277,100.98308100714348
1788412547.6233497,37.048005004180595
1788412547.6821985,66.89759000437334
1788412547.7155018,92.13214399642311
1788412547.7170293,37.05273897503503
1788412547.7450106,27.509700012160465
1788412547.754786,37.735845980932936
1788412547.7704916,25.453610986005515
1788412547.7802122,97.98022799077444
1788412547.8125522,57.74328098050319
1788412547.843546,56.78636601078324
1788412547.8779886,34.415781003190205
1788412547.9173572,55.69200002355501
1788412547.917875,39.866395003627986
1788412547.9334612,78.60236501437612
1788412547.93742,63.27365501783788
1788412547.949434,31.540988013148308
1788412547.956469,19.029904011404142
1788412547.9760563,26.600458018947393
1788412547.9852364,67.85980000859126
1788412548.0256057,49.530397984199226
1788412548.1167896,131.5314679814037
1788412548.1404004,114.7750910022296
1788412548.1467314,29.85931298462674
1788412548.154602,14.175478980178013
1788412548.179435,38.02102798363194
1788412548.2003415,45.717670989688486
1788412548.2078588,61.091432988177985
1788412548.2146864,20.297527982620522
1788412548.255663,76.2072280049324
1788412548.2640262,49.311486014630646
1788412548.26979,69.42196900490671
1788412548.2715886,80.28943501994945
1788412548.3042662,34.456258988939226
1788412548.3179445,62.26139300270006
1788412548.3267164,62.670559011166915
1788412548.340408,20.5028020136524
1788412548.3427966,24.81846499722451
1788412548.3594775,56.52056698454544
1788412548.4029458,62.518364982679486
1788412548.4171667,74.35163101763465
1788412548.4283078,25.34180899965577
1788412548.4421587,37.55265902145766
1788412548.4476144,45.50124699017033
1788412548.4555776,13.392014021519572
1788412548.5070121,80.44395499746315
1788412548.5401418,33.10394499567337
1788412548.5467966,91.19808697141707
1788412548.5760486,29.230529005872086
1788412548.6014564,36.48100802092813
1788412548.603568,27.501592005137354
1788412548.6290224,26.63461200427264
1788412548.6446786,18.407922994811088
1788412548.6458774,42.28917299769819
1788412548.652436,50.95935601275414
1788412548.7105606,64.66471299063414
1788412548.722652,77.95085301040672
1788412548.7435544,91.09708300093189
1788412548.749655,4.470902989851311
1788412548.7957013,46.02680800599046
1788412548.8076746,64.10020097973756
1788412548.8192906,76.66932500433177
1788412548.850018,58.042368007590994
1788412548.8540387,46.343177993549034
1788412548.8550725,35.75359901878983
1788412548.85902,8.981716993730515
1788412548.8811128,30.346403014846146
1788412548.929864,75.80467101070099
1788412548.9360535,54.91995601914823
1788412548.9503188,95.22475302219391
1788412548.963613,33.72879498056136
1788412548.99247,28.836710000177845
1788412548.9936378,57.55979800596833
1788412549.020329,35.960461013019085
1788412549.0552652,62.77603900525719
1788412549.0832653,62.906965002184734
1788412549.085093,29.806871025357395
1788412549.0862868,92.61496301041916
1788412549.1111078,24.796730984235182
1788412549.1560874,70.9694699908141
1788412549.1615837,78.29194099758752
1788412549.1644363,53.30729600973427
1788412549.1807995,24.679947004187852
1788412549.2385943,16.500746976817027
1788412549.2492504,12.524108024081215
1788412549.250704,89.09073201357387
1788412549.2525606,18.046796991256997
1788412549.3074625,54.8765120038297
1788412549.3117232,30.529918003594503
1788412549.355306,12.05467400723137
1788412549.362081,50.328009005170316
1788412549.3898172,59.86464399029501
1788412549.391664,87.0818639814388
1788412549.415874,53.76701900968328
1788412549.417207,113.68370000855066
1788412549.4319963,42.15762100648135
1788412549.4399953,30.524964997312054
1788412549.4503381,10.317833017325029
1788412549.4533718,20.017321017803624
1788412549.4827263,29.327997006475925
1788412549.507362,90.13329198933206
1788412549.5088434,58.48120100563392
1788412549.5254037,18.01676698960364
1788412549.5407355,57.98775900620967
1788412549.5819237,8.920593973016366
1788412549.5942342,12.289177015190944
1788412549.6067932,66.03699998231605
1788412549.6474319,40.61947399168275
1788412549.6690388,143.6119529826101
1788412549.6702988,49.48968198732473
1788412549.6731052,78.84458199259825
1788412549.6960359,26.968654012307525
1788412549.7452912,57.307867013150826
1788412549.7561839,93.33626599982381
1788412549.7711005,25.769351021153852
1788412549.7726016,76.54662698041648
1788412549.8008337,36.381081998115405
1788412549.8253446,55.92612500186078
1788412549.8435779,8.116868993965909
1788412549.8662028,40.826827025739476
1788412549.883585,7.072687993058935
1788412549.923056,79.45663700229488
1788412549.924287,51.66046699741855
1788412549.990168,59.063736989628524
1788412549.9913523,16.19769399985671
1788412550.0008876,76.58066900330596
1788412550.0100756,18.70509600848891
1788412550.0341148,33.20725300000049
1788412550.0546207,89.23159501864575
1788412550.083817,49.68375200405717
1788412550.109272,25.41751999524422
1788412550.1354237,80.78125701285899
1788412550.140239,138.90317201730795
1788412550.163453,50.02878201776184
1788412550.169278,29.017244989518076
1788412550.1969512,61.50772198452614
1788412550.2424467,73.14915399183519
1788412550.2681186,25.653635995695367
1788412550.296678,28.539799008285627
1788412550.2994516,36.646691005444154
1788412550.3470156,50.31758200493641
1788412550.3604538,13.420534000033513
1788412550.3856597,26.67947599547915
1788412550.4002378,100.76142699108459
1788412550.4154468,15.19142699544318
1788412550.4374084,51.72878899611533
1788412550.4407253,25.258477980969474
1788412550.46389,35.335458000190556
1788412550.4914982,54.06765601946972
1788412550.5324216,25.34037799341604
1788412550.5540247,113.27755401725881
1788412550.5596733,82.8806410136167
1788412550.5661707,43.58185001183301
1788412550.5695944,78.07327999034896
1788412550.578301,24.255898024421185
1788412550.5815706,71.3530050124973
1788412550.588453,6.851443002233282
1788412550.596648,30.456585984211415
1788412550.6563997,60.33869902603328
1788412550.670718,92.3980700026732
1788412550.6735566,76.8907009914983
1788412550.709276,54.683105990989134
1788412550.727133,53.55573497945443
1788412550.7327187,38.10880600940436
1788412550.7361858,26.889486995059997
1788412550.8020663,65.86008798331022
1788412550.8033571,21.880145999602973
1788412550.8257716,98.61652497784235
1788412550.8324935,6.702472979668528
1788412550.8535972,49.32174499845132
1788412550.8560894,54.00233599357307
1788412550.865241,33.3942600118462
1788412550.8854578,20.18995099933818
1788412550.9086275,23.1520060042385
1788412550.916533,7.884014019509777
1788412550.9180832,61.97348400019109
1788412550.979085,62.529230985092
1788412551.0438802,93.76391299883835
1788412551.0464232,67.3164110048674
1788412551.0622153,18.314344983082265
1788412551.0947537,48.31045799073763
1788412551.1099877,47.74385900236666
1788412551.1389995,94.21958500752226
1788412551.1509895,40.982015983900055
1788412551.1523387,13.319139980012551
1788412551.163897,12.888551980722696
1788412551.2067955,54.435535974334925
1788412551.2426748,78.75708700157702
1788412551.2566173,86.99986099964008
1788412551.2628489,20.144918002188206
1788412551.3152862,52.39511700347066
1788412551.3774712,62.155449006240815
1788412551.3790312,113.50290500558913
1788412551.3850143,58.50779000320472
1788412551.3863835,61.520707997260615
1788412551.3930852,64.28877200232819
1788412551.4206433,34.240773995406926
1788412551.48075,60.08445197949186
1788412551.4836767,78.17218897980638
1788412551.5241785,60.84981100866571
1788412551.530373,61.686230008490384
1788412551.5361323,5.7374169991817325
1788412551.537214,13.015939999604598
1788412551.5388103,81.9187460001558
1788412551.5398667,59.094211988849565
1788412551.5419867,51.729650993365794
1788412551.569967,24.83919498627074
1788412551.5995245,60.69365199073218
1788412551.6008203,30.830202013021335
1788412551.6292763,145.56801598519087
1788412551.6331959,33.644890994764864
1788412551.6538928,20.671865000622347
1788412551.656291,120.13600501813926
1788412551.7067454,50.431251991540194
1788412551.7086115,79.30211699567735
1788412551.7371116,138.62931699259207
1788412551.7558525,12.300880975089967
1788412551.7568521,19.66559301945381
1788412551.7977958,55.15674498747103
1788412551.823865,117.09493200760335
1788412551.8406613,42.83976199803874
1788412551.849342,8.660762017825618
1788412551.851813,91.24722599517554
1788412551.853485,57.134600006975234
1788412551.8551302,31.243809004081413
1788412551.8918927,40.05887499079108
1788412551.905494,149.62042501429096
1788412551.9461014,40.58304300997406
1788412551.9633198,102.37338099977933
1788412551.9690764,115.56664100498892
1788412552.0090587,127.04484799178317
1788412552.0241094,60.76328697963618
1788412552.025568,79.44493400282227
1788412552.0548806,110.16623800969683
1788412552.0664864,57.403421989874914
1788412552.073215,47.625639999751
1788412552.0754454,106.34216899052262
1788412552.0803454,13.838965998729691
1788412552.10454,49.636543000815436
1788412552.1175554,44.315119012026116
1788412552.138402,93.4265110117849
1788412552.1515882,47.01598599785939
1788412552.1577575,6.14673100062646
1788412552.1582336,82.76315100374632
1788412552.1614347,5.881288991076872
1788412552.163002,45.41108198463917
1788412552.1674118,79.91577099892311
1788412552.2006748,120.30963998404332
1788412552.2148654,57.08713599597104
1788412552.228036,66.57932698726654
1788412552.2307205,31.240565003827214
1788412552.2534626,52.76737399981357
1788412552.2555428,97.28437499143183
1788412552.2742672,20.783737010788172
1788412552.2993155,84.42837299662642
1788412552.3048377,30.5483479751274
1788412552.3082047,8.86633197660558
1788412552.3172162,86.46934397984296
1788412552.3210406,20.346239005448297
1788412552.3665063,58.27401002170518
1788412552.3696537,48.58212199178524
1788412552.4256687,59.140405006473884
1788412552.4612632,35.5738410144113
1788412552.4823678,21.084493986563757
1788412552.549267,66.64148601703346
1788412552.5902822,40.99382398999296
1788412552.6569839,66.68284701299854
1788412552.6762435,19.24097101436928
1788412552.7061346,88.47836498171091
1788412552.709376,43.2042199827265
1788412552.7386143,29.21743199112825
1788412552.7499719,73.70922699919902
1788412552.7778208,39.186876005260274
1788412552.8387806,60.939524992136285
1788412552.8403008,69.36215801397339
1788412552.849823,8.250537008279935
1788412552.851323,37.800605001393706
1788412552.8776941,26.351138978498057
1788412552.9006991,22.9830669995863
1788412552.9120824,20.038617978570983
1788412552.9282157,87.89395401254296
1788412552.9455113,17.273635021410882
1788412552.9558432,55.12321097194217
1788412552.9757767,19.9110749817919
1788412552.9858277,46.516361995600164
1788412553.0148525,29.005382995819673
1788412553.0183756,96.33251998457126
1788412553.0314903,55.692980997264385
1788412553.0496004,44.01666999910958
1788412553.0681005,49.69960602466017
1788412553.0896358,58.11357402126305
1788412553.0962765,28.155804000562057
1788412553.1092536,43.63392200320959
1788412553.121607,71.95965299615636
1788412553.1468697,131.99844199698418
1788412553.2006776,79.04648900148459
1788412553.2057831,109.48910698061809
1788412553.2150366,68.14802100416273
1788412553.2162654,106.98329500155523
1788412553.2289994,23.199663002742454
1788412553.2644825,48.19768201559782
1788412553.2856505,21.148378000361845
1788412553.290941,61.92143898806535
1788412553.3492336,63.56560398126021
1788412553.3617787,12.526125996373594
1788412553.389671,27.872184989973903
1788412553.4443252,54.62829500902444
1788412553.4791594,34.80624200892635
1788412553.4970355,38.36794901872054
1788412553.513966,25.129078014288098
1788412553.582748,68.76195801305585
1788412553.5973902,46.24464100925252
1788412553.5989127,59.68834398663603
1788412553.602668,19.89965300890617
1788412553.6094692,10.538594011450186
1788412553.6437392,41.05102000175975
1788412553.6926599,48.901722009759396
1788412553.7142797,24.38176900614053
1788412553.7164812,87.3307739966549
1788412553.7173972,107.9082940123044
1788412553.7763467,18.96648801630363
1788412553.803564,86.14380599465221
1788412553.825813,111.51362000964582
1788412553.835126,31.52717201737687
1788412553.850935,73.33277398720384
1788412553.8541038,28.270270995562896
1788412553.8617976,10.838618007255718
1788412553.9161189,61.98615598259494
1788412553.9286811,66.58838200382888
1788412553.9427707,26.62782301194966
1788412553.9755495,32.757765002315864
1788412554.0044146,25.719625991769135
1788412554.0574691,119.29631500970572
1788412554.0864937,28.999583999393508
1788412554.1307669,44.252471008803695
1788412554.207571,76.78525100345723
1788412554.2535918,155.2990970085375
1788412554.279905,92.28131599957123
1788412554.2863255,78.73121599550359
1788412554.2948194,14.766571024665609
1788412554.3304098,44.059941021259874
1788412554.3416107,53.252952988259494
1788412554.361142,19.514993007760495
1788412554.3888338,28.73708901461214
1788412554.432331,137.4889530125074
1788412554.4336364,72.47742099571042
1788412554.4587278,71.36763600283302
1788412554.4596143,129.18836800963618
1788412554.4661305,32.47477300465107
1788412554.4780173,11.868629982927814
1788412554.496364,64.01525498949923
1788412554.520374,23.99258202058263
1788412554.5220988,44.063873996492475
1788412554.5283308,19.76918100262992
1788412554.575895,55.50397600745782
1788412554.5777798,10.578968998743221
1788412554.6062126,84.09691200358793
1788412554.612865,35.06026801187545
1788412554.6132994,36.786181008210406
1788412554.626083,50.17042899271473
1788412554.671132,57.81924998154864
1788412554.7127914,106.5625729970634
1788412554.7152257,31.210749002639204
1788412554.7395577,26.748852978926152
1788412554.7454593,74.30886500515044
1788412554.7784524,8.924188994569704
1788412554.799545,59.9462240061257
1788412554.819904,74.42896300926805
1788412554.8327186,34.63836101582274
1788412554.8466265,28.01948698470369
1788412554.8553915,76.92309300182387
1788412554.874927,75.36571798846126
1788412554.8767965,21.38608699897304
1788412554.87814,31.492873997194692
1788412554.8795266,59.60343100014143
1788412554.8968046,64.06668800627813
1788412554.898099,18.55417198385112
1788412554.905007,28.190088021801785
1788412554.9127712,15.920573001494631
1788412554.9378142,34.58688300452195
1788412554.950433,31.30043498822488
1788412554.9507287,51.78081200574525
1788412554.9596353,81.47557798656635
1788412554.9899008,52.07197301206179
1788412554.9965205,121.5772090072278
1788412555.00544,54.698146996088326
1788412555.018246,21.70548599679023
1788412555.018879,41.53494501952082
1788412555.1101947,68.76560201635584
1788412555.11783,127.91182199725881
1788412555.120047,114.58574698190205
1788412555.135107,69.86258999677375
1788412555.1487188,28.63389198319055
1788412555.2256844,107.82662100973539
1788412555.226114,77.36171700526029
1788412555.2583952,32.261222979286686
1788412555.2596633,55.33621000358835
1788412555.2673373,8.92318898695521
1788412555.2876832,20.31307597644627
1788412555.308034,48.350534023484215
1788412555.3608012,52.74385298253037
1788412555.3616621,80.19795001018792
1788412555.3723633,11.5432929887902
1788412555.3748977,4.631892021279782
1788412555.38354,9.65357301174663
1788412555.3855457,50.65854100394063
1788412555.3868158,63.981886982219294
1788412555.3986127,13.051391986664385
1788412555.4169543,55.276494997087866
1788412555.4289503,54.03468900476582
1788412555.4496346,62.801695021335036
1788412555.45713,7.477014005417004
1788412555.4994442,70.47428100486286
1788412555.4998167,82.84297800855711
1788412555.5180202,60.86326600052416
1788412555.5515265,51.68950601364486
1788412555.5882149,70.1647240202874
1788412555.6071808,38.23424701113254
1788412555.6253357,37.10616999887861
1788412555.692151,66.79982098285109
1788412555.7201595,76.58535099471919
1788412555.7335746,13.39679499506019
1788412555.740008,18.106392002664506
1788412555.7971525,28.174676990602165
1788412555.8038852,63.859817979391664
1788412555.816153,22.673165978631005
1788412555.8183823,21.210235980106518
1788412555.8273668,11.195038998266682
1788412555.856247,29.596957989269868
1788412555.8701959,51.792682002997026
1788412555.8781786,50.796743016690016
1788412555.9177625,47.551862022373825
1788412555.937859,68.16380901727825
1788412555.9708414,11.839734012028202
1788412555.9714613,31.41062500071712
1788412555.9808521,24.012654001126066
1788412555.9878695,49.990141997113824
1788412555.9970756,58.35848400602117
1788412556.0272686,56.41009600367397
1788412556.106943,98.1203919800464
1788412556.132726,105.43834700365551
1788412556.1792,37.388416996691376
1788412556.1805224,39.655770000535995
1788412556.1903164,57.57292700582184
1788412556.192342,60.83922699326649
1788412556.2137883,21.420916018541902
1788412556.2438304,53.484653995838016
1788412556.2528486,36.06710099847987
1788412556.2708535,27.002218004781753
1788412556.288314,35.439200000837445
1788412556.2893076,18.43168301275
1788412556.3086207,94.81431898893788
1788412556.3400025,50.67923999740742
1788412556.3414578,32.81964801135473
1788412556.3792589,71.8106240092311
1788412556.4016707,59.52048199833371
1788412556.402566,61.090350995073095
1788412556.426917,47.64022899325937
1788412556.4283152,19.80659901164472
1788412556.4626744,60.09366700891405
1788412556.4679122,66.22362200869247
1788412556.4765909,8.661313011543825
1788412556.5003297,73.3958269993309
1788412556.5055623,42.870559002039954
1788412556.5218801,52.62979501276277
1788412556.5518553,51.51010601548478
1788412556.5699265,48.332439007936046
1788412556.5819504,60.05451100645587
1788412556.5826387,60.48597299377434
1788412556.6018097,31.866912002442405
1788412556.6108265,13.578053010860458
1788412556.6118503,29.195530019933358
1788412556.629204,17.337640980258584
1788412556.6677425,38.52279801503755
1788412556.6689456,58.10203999863006
1788412556.6810887,73.00272601423785
1788412556.7288544,59.890043979976326
1788412556.7314522,50.34754998632707
1788412556.7377348,69.97497400152497
1788412556.7392876,33.23485402506776
1788412556.7523513,14.600162976421416
1788412556.7799816,40.67482199752703
1788412556.7820134,50.54248997475952
1788412556.8136394,4.191451997030526
1788412556.81472,62.35315400408581
1788412556.8365726,54.259185009868816
1788412556.8595555,44.82018802082166
1788412556.8734565,26.31895401282236
1788412556.876355,16.783769009634852
1788412556.9009042,26.059338997583836
1788412556.9021616,18.88646199950017
1788412556.9325738,30.397827009437606
1788412556.939478,63.1066229834687
1788412556.9526994,13.20090697845444
1788412556.954792,22.20396400662139
1788412557.037249,84.53016998828389
1788412557.039839,17.092216992750764
1788412557.0448713,39.58707599667832
1788412557.0564177,16.540194978006184
1788412557.1127832,67.88120398414321
1788412557.1416838,94.93145899614319
1788412557.1739442,56.56913999700919
1788412557.2098863,33.6512379872147
1788412557.2106068,97.78006299166009
1788412557.2246246,28.81771797547117
1788412557.227916,50.6882059853524
1788412557.2739313,123.83993802359328
1788412557.294188,69.54377898364328
1788412557.2987494,24.794697994366288
1788412557.325021,26.25316201010719
1788412557.3309414,121.03646597824991
1788412557.3335621,39.354398992145434
1788412557.3394809,14.443340012803674
1788412557.3691487,69.25170699832961
1788412557.3994799,30.30739800306037
1788412557.4016876,62.188573996536434
1788412557.4246776,91.09850198728964
1788412557.4829624,58.26577800326049
1788412557.484048,82.34593097586185
1788412557.4855256,27.198953001061454
1788412557.4997914,34.48770000250079
1788412557.5134294,30.446967022726312
1788412557.5145764,14.753007999388501
1788412557.546025,61.960067017935216
1788412557.5580938,72.55280698882416
1788412557.5706394,56.04560600477271
1788412557.5823343,24.221922998549417
1788412557.6209362,16.236374009167776
1788412557.6401496,19.185432989615947
1788412557.6418903,71.23270301963203
1788412557.6612322,19.32005601702258
1788412557.6997366,39.910516992677
1788412557.7062676,15.42698999401182
1788412557.7181318,56.87987001147121
1788412557.7278264,21.54361698194407
1788412557.7595356,32.675977010512725
1788412557.7790794,19.52666899887845
1788412557.780267,50.45947301550768
1788412557.8452892,26.981306000379845
1788412557.909702,27.06002999912016
1788412557.9126916,23.510806990088895
1788412557.937164,27.445621992228553
1788412557.9649441,53.5579560091719
1788412558.011344,7.113972998922691
1788412558.024175,12.813405017368495
1788412558.0717824,106.81587201543152
1788412558.078868,59.95867701130919
1788412558.0803208,23.83980600279756
1788412558.0825074,39.651227998547256
1788412558.1548426,83.03278099629097
1788412558.1562383,75.90301800519228
1788412558.1669412,9.904795995680615
1788412558.1941688,37.91502601234242
1788412558.197058,30.100848991423845
1788412558.2346692,37.5919500074815
1788412558.2475204,12.821594980778173
1788412558.268655,21.117614989634603
1788412558.3267553,58.08178798179142
1788412558.3354745,8.696372009580955
1788412558.3853786,49.884250009199604
1788412558.3924735,6.417702010367066
1788412558.404057,19.875942001817748
1788412558.4225411,18.466463981894776
1788412558.4937446,108.34914998849854
1788412558.517955,24.194028024794534
1788412558.5389044,12.503231992013752
1788412558.5746195,56.64797002100386
1788412558.5962281,9.083571989322081
1788412558.6555336,6.634975987253711
1788412558.6575198,6.975705997319892
1788412558.6587906,62.54377699224278
1788412558.6741214,16.582103999098763
1788412558.6813338,25.78185999300331
1788412558.6981735,110.09803900378756
1788412558.7051494,6.955110002309084
1788412558.745,70.85791300050914
1788412558.7534633,8.44462201348506
1788412558.792215,38.73458199086599
1788412558.7934475,112.08697501569986
1788412558.8081284,53.69478798820637
1788412558.8180938,24.61771000525914
1788412558.8255877,33.35073799826205
1788412558.8702354,52.12131000007503
1788412558.8926725,46.872251987224445
1788412558.9140093,21.31814497988671
1788412558.9276588,20.94704599585384
1788412558.9482877,20.611476997146383
1788412558.9927661,78.7377989909146
1788412559.0135527,65.24260900914669
1788412559.0346358,21.04970597429201
1788412559.053357,18.682816007640213
1788412559.0714796,38.63577399170026
1788412559.131391,78.00710698938929
1788412559.133284,61.77325002499856
1788412559.1678083,34.489579004002735
1788412559.1860561,51.36741301976144
1788412559.1969144,9.675090987002477
1788412559.252672,66.59220199799165
1788412559.2964325,43.72337899985723
1788412559.3245955,30.497661005938426
1788412559.3315926,106.80080801830627
1788412559.3446116,12.995869998121634
1788412559.3927772,68.15736202406697
1788412559.4187963,66.45475700497627
1788412559.4206252,27.815567998914048
1788412559.4397569,19.10355399013497
1788412559.4452276,26.409776997752488
1788412559.521705,76.45307300845161
1788412559.55993,52.7344930160325
1788412559.5612059,26.898092997726053
1788412559.6282828,106.55128699727356
1788412559.631413,70.18558200797997
1788412559.6690626,40.75969601399265
1788412559.6721714,41.80669100605883
1788412559.7082205,39.13814600673504
1788412559.7094917,78.05502600967884
1788412559.7107031,49.723629985237494
1788412559.734261,24.748395022470504
1788412559.7597692,19.95174097828567
1788412559.7603595,52.120933978585526
1788412559.781247,28.313945018453524
1788412559.7881987,27.820465009426698
1788412559.7961726,36.38474101899192
1788412559.8095522,28.282814979320392
1788412559.8125618,78.2768799981568
1788412559.825778,18.119643995305523
1788412559.838592,50.373527978081256
1788412559.8465803,37.79534198110923
1788412559.8666785,28.066025988664478
1788412559.895871,69.69308998668566
1788412559.8968935,71.09547100844793
1788412559.9320242,16.94214399321936
1788412559.9376976,41.807784989941865
1788412559.945038,8.71887500397861
1788412559.954135,21.09889601706527
1788412559.9768782,31.820236996281892
1788412559.9805493,83.63905001897365
1788412560.0087452,35.5954050028231
1788412560.0156207,35.0496250030119
1788412560.023118,68.95991100464016
1788412560.0733583,96.45689898752607
1788412560.1262562,52.877887996146455
1788412560.1270237,29.162780003389344
1788412560.1349041,43.54728100588545
1788412560.232307,97.38346599624492
1788412560.2635887,12.082447006832808
1788412560.2950454,64.12554800044745
1788412560.322988,89.71948199905455
1788412560.3407202,213.67695601657033
1788412560.356995,16.25258498825133
1788412560.3731804,78.1069360091351
1788412560.3906598,52.094571001362056
1788412560.4163914,43.18112798500806
1788412560.4830308,92.34560199547559
1788412560.4919014,8.850946993334219
1788412560.5243926,9.455955005250871
1788412560.5532112,77.67391300876625
1788412560.58249,58.07202000869438
1788412560.640363,87.12045499123633
1788412560.6479325,65.39529698784463
1788412560.6802688,39.88475797814317
1788412560.6992571,51.21743900235742
1788412560.722955,23.67660598247312
1788412560.7517803,28.80278299562633
1788412560.7551565,39.30270599084906
1788412560.764027,8.753239002544433
1788412560.8058238,41.771088988753036
1788412560.8424191,36.57599398866296
1788412560.8598368,17.398420022800565
1788412560.8631887,54.427068011136726
1788412560.8655283,7.844831008696929
1788412560.8724043,12.546070996904746
1788412560.921667,49.235234007937834
1788412560.9307115,57.914595992770046
1788412560.937782,18.865739984903485
1788412560.9390674,8.33527502254583
1788412560.9428573,62.85265399492346
1788412560.9899125,38.86670799693093
1788412561.0142093,11.19538297643885
1788412561.016385,78.57686301576905
1788412561.0400372,100.94812902389094
1788412561.0761733,59.75626999861561
1788412561.0928137,16.620930982753634
1788412561.1341364,41.30475202691741
1788412561.188241,54.07358400407247
1788412561.2226887,34.42453299066983
1788412561.3393078,36.02461700211279
1788412561.3724413,26.38386099715717
1788412561.4216945,51.92633002297953
1788412561.4330263,60.55697100237012
1788412561.4483685,109.0347770077642
1788412561.483864,50.811280991183594
1788412561.5126445,54.41615299787372
1788412561.5183666,96.63675399497151
1788412561.5259418,40.52331901038997
1788412561.5325172,48.631887999363244
1788412561.5609303,23.31685199169442
1788412561.5991454,38.177125999936834
1788412561.6018872,75.92155100428499
1788412561.610225,91.82610199786723
1788412561.6468964,134.22731499304064
1788412561.669661,59.40410599578172
1788412561.6887455,47.378279006807134
1788412561.710304,15.040784986922517
1788412561.7121074,23.33996698143892
1788412561.7455225,92.01921100611798
1788412561.756645,154.72222497919574
1788412561.7579472,45.817739999620244
1788412561.782486,30.362076009623706
1788412561.803683,84.93029800592922
1788412561.8333683,11.762605019612238
1788412561.8350031,52.49852000270039
1788412561.8478491,44.14643099880777
1788412561.8496718,93.00355799496174
1788412561.874146,26.277298980858177
1788412561.9102168,60.520197002915666
1788412561.9422748,70.7994639815297
1788412561.9435978,34.92033400107175
1788412561.9502592,38.829136989079416
1788412561.9721727,69.24358298419975
1788412561.9735296,31.236117996741086
1788412561.997604,53.98716698982753
1788412561.9988763,26.683300005970523
1788412562.0609906,17.152349988464266
1788412562.0887048,70.4121699964162
1788412562.0991912,38.1795690045692
1788412562.1174893,119.86343000899069
1788412562.1310334,132.13728301343508
1788412562.1416788,52.923345007002354
1788412562.1505125,51.04198897606693
1788412562.169488,27.789054001914337
1788412562.1830978,65.58367499383166
1788412562.2012663,50.73469199123792
1788412562.2047315,27.494580019265413
1788412562.2203002,37.18323999783024
1788412562.224294,19.54090502113104
1788412562.2841887,45.20354501437396
1788412562.3144732,94.15257998625748
1788412562.3161614,38.424682978075
1788412562.331855,47.64433499076404
1788412562.347692,33.198054996319115
1788412562.3483481,16.47324502118863
1788412562.3721225,22.526584012666717
1788412562.4068882,20.641623996198177
1788412562.4240751,17.147181002655998
1788412562.4256594,25.82699799677357
1788412562.4936056,64.30742700467817
1788412562.4992087,75.10910497512668
1788412562.502995,77.31666701147333
1788412562.5303926,36.76139301387593
1788412562.5414999,59.66085800901055
1788412562.6215062,118.48903400823474
1788412562.629667,108.5627689899411
1788412562.6313343,58.10357799055055
1788412562.647218,62.90429399814457
1788412562.6487057,118.28761600190774
1788412562.684327,37.08725198521279
1788412562.7060964,57.36677598906681
1788412562.709526,109.1261219989974
1788412562.722446,92.75835097650997
1788412562.7437942,21.327185007976368
1788412562.746726,37.17073201551102
1788412562.7488074,117.45168900233693
1788412562.7627604,78.40147099341266
1788412562.772953,29.13848197204061
1788412562.8058102,44.994538999162614
1788412562.8140097,67.26263201562688
1788412562.8237667,16.94947201758623
1788412562.825054,62.266655993880704
1788412562.8468041,40.91966399573721
1788412562.928018,104.22985898912884
1788412562.9314895,61.176517978310585
1788412562.9333582,39.97070298646577
1788412562.9455009,12.120653002057225
1788412562.9568279,28.78585600410588
1788412562.9975624,40.716591000091285
1788412562.9990153,67.50028202077374
1788412563.0111563,55.71147002046928
1788412563.014984,15.945432998705655
1788412563.020822,19.30241400259547
1788412563.0700603,55.0585110031534
1788412563.0899565,78.78114699269645
1788412563.0944958,39.18908801279031
1788412563.105017,84.17682300205342
1788412563.1144545,43.47648800467141
1788412563.1324644,35.90863000135869
1788412563.1402905,45.76868799631484
1788412563.148201,58.22483098017983
1788412563.1493742,58.61506599467248
1788412563.1613965,12.003967975033447
1788412563.1913826,43.16465501324274
1788412563.228483,47.444499999983236
1788412563.2369194,45.51845300011337
1788412563.2706366,33.69875898351893
1788412563.29501,30.690628016600385
1788412563.2958546,48.60042402287945
1788412563.310115,39.4609329814557
1788412563.332067,21.931914991000667
1788412563.36472,32.63125999365002
1788412563.3691342,73.25918201240711
1788412563.3867009,91.67023800546303
1788412563.4178808,31.158052996033803
1788412563.4242942,55.131817993242294
1788412563.4642003,39.88442200352438
1788412563.7011387,35.134950012434274
1788412563.716472,65.01781198312528
1788412563.724547,17.21114301471971
1788412563.7630856,46.58905600081198
1788412563.8011587,58.39715100592002
1788412563.8136692,57.75661199004389
1788412563.8394914,50.698070001089945
1788412563.8413801,78.27382400864735
1788412563.884671,83.49009702214971
1788412563.9000514,58.636677014874294
1788412563.9234936,40.091095987008885
1788412563.9368694,36.79136800928973
1788412563.9617436,31.6425189957954
1788412563.9758143,15.247622999595478
1788412563.9858723,10.039201995823532
1788412564.001853,53.023785003460944
1788412564.0272167,53.872499003773555
1788412564.0371416,100.25090799899772
1788412564.0695486,67.67349399160594
1788412564.0845497,98.65970001555979
1788412564.1041145,76.8707099778112
1788412564.1415722,104.38611399149522
1788412564.1424458,72.87767698289827
1788412564.1437807,39.6460379997734
1788412564.1776202,93.0503650160972
1788412564.2087712,64.96515599428676
1788412564.237613,61.38997199013829
1788412564.238556,29.76084698457271
1788412564.2700002,6.889807991683483
1788412564.2841895,46.551572013413534
1788412564.3114955,28.464791015721858
1788412564.3185778,34.3709199805744
1788412564.3226197,84.03636000002734
1788412564.3687766,56.35282400180586
1788412564.369968,99.94811899377964
1788412564.3747075,52.063916984479874
1788412564.4014354,82.83339801710099
1788412564.4083686,33.631107973633334
1788412564.4390218,37.55756499595009
1788412564.4512758,16.138709004735574
1788412564.468336,99.5366059942171
1788412564.4900153,50.95430702203885
1788412564.502173,33.81482799886726
1788412564.5027032,201.4897640037816
1788412564.5157342,63.26813399209641
1788412564.5166824,67.67702801153064
1788412564.5274045,11.64974900893867
1788412564.5352604,33.64667997811921
1788412564.5714724,69.28148897713982
1788412564.5797698,63.06577200302854
1788412564.5827942,80.06906099035405
1788412564.6029396,56.035446003079414
1788412564.6205418,85.26095701381564
1788412564.6487997,45.82636701525189
1788412564.6595867,39.01624400168657
1788412564.6609235,81.13176401820965
1788412564.6746304,91.81074702064507
1788412564.6981015,23.44591499422677
1788412564.7198565,21.73202100675553
1788412564.723431,74.60326599539258
1788412564.7504945,89.5494149881415
1788412564.751139,31.263054988812655
1788412564.7942405,43.72637200867757
1788412564.8224156,70.28059198637493
1788412564.823686,100.22543699597009
1788412564.865269,41.56360900378786
1788412564.871332,53.89015199034475
1788412564.8718321,77.57034202222712
1788412564.8886256,23.31963600590825
1788412564.9070494,43.82535599870607
1788412564.9335175,46.20015699765645
1788412564.9362793,47.63285297667608
1788412564.9377756,65.56545000057667
1788412564.9389558,67.59553699521348
1788412564.959051,65.51995099289343
1788412564.9850821,48.78129702410661
1788412564.9959936,62.39629001356661
1788412565.0082514,23.146015009842813
1788412565.0115056,15.471613995032385
1788412565.0184128,111.3379969901871
1788412565.019323,81.5275950008072
1788412565.0259917,86.99237598921172
1788412565.0340455,41.96656701969914
1788412565.035468,16.12476000445895
1788412565.0365798,28.308982989983633
1788412565.083233,49.16867500287481
1788412565.097537,62.051410001004115
1788412565.1063426,24.947914003860205
1788412565.1245646,87.9660079954192
1788412565.1334894,8.903048001229763
1788412565.1429873,59.7287839918863
1788412565.171796,65.43259698082693
1788412565.1747909,77.23067500046454
1788412565.1854343,53.20257201674394
1788412565.1985612,26.745729002868757
1788412565.2342658,91.25411999411881
1788412565.236747,13.93520800047554
1788412565.2431817,46.232252003392205
1788412565.244599,46.01893899962306
1788412565.2594233,25.137963006272912
1788412565.2804127,35.79499700572342
1788412565.3247626,139.30760300718248
1788412565.3270183,83.8153840159066
1788412565.3297079,92.93966100085527
1788412565.3595798,79.14724899455905
1788412565.3827248,55.685500003164634
1788412565.3890574,64.27432000054978
1788412565.4029932,43.388735997723415
1788412565.4085262,149.08149401890114
1788412565.4209676,12.419128994224593
1788412565.4363897,15.400115982629359
1788412565.4690788,79.99903801828623
1788412565.4760685,39.65960300411098
1788412565.5105126,64.48453300981782
1788412565.513443,66.19244100875221
1788412565.5350435,58.950474980520085
1788412565.5628846,49.42121999920346
1788412565.5923448,61.93413501023315
1788412565.6043818,24.487681017490104
1788412565.6174073,82.33778001158498
1788412565.64014,22.710092016495764
1788412565.667317,27.154085983056575
1788412565.6688519,64.44809399545193
1788412565.6836388,16.29084799787961
1788412565.754311,85.42464498896152
1788412565.7903273,35.995673009892926
1788412565.8152745,49.359074007952586
1788412565.8476977,57.34963301802054
1788412565.8835833,68.28783900709823
1788412565.8976352,49.91871101083234
1788412565.9284153,30.757489992538467
1788412565.9497135,65.07710998994298
1788412565.958368,109.7026189963799
1788412565.973673,15.288002992747352
1788412565.974999,25.26429100544192
1788412565.9813013,52.86713599343784
1788412565.9937027,36.51746897958219
1788412566.009975,41.33329601609148
1788412566.0278478,46.52215802343562
1788412566.093249,86.9989299972076
1788412566.140098,46.8290520075243
1788412566.142387,3.8049299910198897
1788412566.1613355,21.2099339987617
1788412566.203593,32.623498991597444
1788412566.2143893,71.98066299315542
1788412566.2157333,24.92422200157307
1788412566.2645888,68.83688498055562
1788412566.295538,30.927979008993134
1788412566.3070054,91.2496320088394
1788412566.32465,110.23382699931972
1788412566.3291256,33.565719990292564
1788412566.3311665,24.1404410044197
1788412566.3387914,50.10056498576887
1788412566.3615334,32.387033017585054
1788412566.3781433,39.332894986728206
1788412566.3856163,24.063218996161595
1788412566.419554,94.88197098835371
1788412566.44893,63.29439001274295
1788412566.4557943,77.63210398843512
1788412566.504008,48.19406900787726
1788412566.5379305,33.90105700236745
1788412566.5446315,6.680788996163756
1788412566.547912,14.358806976815686
1788412566.56193,17.279185994993895
1788412566.5725255,37.581810989649966
1788412566.6176069,14.822803001152351
1788412566.6619265,44.30204798700288
1788412566.662463,40.90306698344648
1788412566.6656365,103.68426499189809
1788412566.6669812,94.42159600439481
1788412566.6693223,7.373306987574324
1788412566.6807644,15.09294201969169
1788412566.693906,29.360470012761652
1788412566.7007277,31.376605009427294
1788412566.7699263,77.82899102312513
1788412566.7819536,27.836684981593862
1788412566.7894387,88.68999101105146
1788412566.7964318,102.49719399143942
1788412566.812996,23.530571983428672
1788412566.8654146,68.9608309767209
1788412566.8693507,99.40002398798242
1788412566.894963,112.98483400605619
1788412566.909642,96.61654799128883
1788412566.9153605,49.920896999537945
1788412566.917421,22.43281900882721
1788412566.921176,51.770958001725376
1788412566.949751,39.069648017175496
1788412566.9775188,62.13349101017229
1788412567.0172777,99.8241150227841
1788412567.0328624,83.08322599623352
1788412567.0341234,123.64381100633182
1788412567.081275,63.55601199902594
1788412567.1171112,99.7978129889816
1788412567.1437302,110.82493999856524
1788412567.1629903,19.208141980925575
1788412567.2001417,88.99664197815582
1788412567.2428129,125.66094601061195
1788412567.2784705,114.41418700269423
1788412567.3082404,108.06123202200979
1788412567.3222501,36.657878023106605
1788412567.327771,19.500975002301857
1788412567.328521,165.49366898834705
1788412567.3354986,92.64444001019001
1788412567.358459,79.94711000355892
1788412567.3603845,38.091285998234525
1788412567.3973737,68.8297489832621
1788412567.3989432,38.521453010616824
1788412567.4002163,24.313895002705976
1788412567.4123497,14.955023012589663
1788412567.4192274,20.262908976292238
1788412567.445082,109.55542398733087
1788412567.4789608,18.523799983086064
1788412567.5034826,65.06926199654117
1788412567.5322754,87.16498600551859
1788412567.5339162,114.66746698715724
1788412567.5404012,128.0308460118249
1788412567.5469801,44.59590298938565
1788412567.5484731,8.052371005760506
1788412567.5643713,32.0764509961009
1788412567.5662742,42.26774600101635
1788412567.5815094,78.00542699988
1788412567.5911956,28.278596000745893
1788412567.5932987,11.765868024667725
1788412567.6101673,67.16498199966736
1788412567.6273994,30.740551999770105
1788412567.6293354,36.00413299864158
1788412567.6298854,38.66838300018571
1788412567.6485097,45.271538983797655
1788412567.663631,33.72607799246907
1788412567.688991,61.57060599070974
1788412567.7065375,30.901333986548707
1788412567.7157686,26.756714010844007
1788412567.7243528,94.99825199600309
1788412567.7258158,10.023729992099106
1788412567.7281308,64.47739899158478
1788412567.7291417,22.584796999581158
1788412567.736931,12.558086978970096
1788412567.7931862,67.3493139911443
1788412567.8233497,94.18564799125306
1788412567.8299344,36.72697601723485
1788412567.8447542,21.38287600246258
1788412567.8518028,21.8492700078059
1788412567.8734336,28.660013020271435
1788412567.8867617,34.93928301031701
1788412567.8988106,12.02401498449035
1788412567.9303246,84.45910201407969
1788412567.9615197,62.68858301336877
1788412567.9630392,11.83780501014553
1788412567.9979844,67.6358120108489
1788412568.0047462,44.57896901294589
1788412568.0061986,43.14051498658955
1788412568.0213356,15.114299021661282
1788412568.063284,101.72019398305565
1788412568.0652668,67.2611290065106
1788412568.0977917,34.48535900679417
1788412568.135925,38.11376899830066
1788412568.147857,24.847456981660798
1788412568.1696293,47.493058984400705
1788412568.1952572,52.69141899771057
1788412568.1977253,61.70178300817497
1788412568.227639,57.98807000974193
1788412568.2851121,57.45414301054552
1788412568.3191323,121.38385599246249
1788412568.3227372,48.07121300837025
1788412568.3311048,11.939794989302754
1788412568.3334198,26.20387199567631
1788412568.3493261,131.86427799519151
1788412568.3658645,49.64498500339687
1788412568.375461,62.078796996502206
1788412568.3892214,55.781735019991174
1788412568.3981104,66.98612699983642
1788412568.398889,170.2371269930154
1788412568.4018977,26.40299199265428
1788412568.4028952,13.6534970079083
1788412568.426005,76.65759199880995
1788412568.4273086,28.40219798963517
1788412568.474169,49.530411983141676
1788412568.4757879,72.86991298315115
1788412568.5473037,71.49464500253089
1788412568.5486012,146.6627129993867
1788412568.5632324,89.04343697940931
1788412568.5670748,77.70016198628582
1788412568.582791,15.69659699453041
1788412568.5848756,37.55159801221453
1788412568.6102896,47.037244978128
1788412568.6235657,40.00449800514616
1788412568.626819,44.00802298914641
1788412568.6448884,18.04833600181155
1788412568.673862,105.1891399838496
1788412568.6770298,53.44479999621399
1788412568.6863801,76.06982000288554
1788412568.6945403,20.660466980189085
1788412568.7015765,116.67938000755385
1788412568.7179778,31.57824499066919
1788412568.7196383,42.589541990309954
1788412568.7225206,29.315787978703156
1788412568.7230809,21.484350989339873
1788412568.7443485,23.14342200406827
1788412568.7754717,31.100852007512003
1788412568.7894697,13.978226023027673
1788412568.79038,67.28142098290846
1788412568.7930565,75.05802597734146
1788412568.818179,40.83955698297359
1788412568.8418615,39.886804996058345
1788412568.8488684,58.46557600307278
1788412568.8507812,32.57800100254826
1788412568.8728342,79.75417000125162
1788412568.8854718,58.373283012770116
1788412568.902473,60.58863099315204
1788412568.90935,36.49137300089933
1788412568.9237077,74.80722200125456
1788412568.9364004,85.5897759902291
1788412568.9792318,41.88251600135118
1788412568.9803483,77.85309298196808
1788412568.9850957,75.71951602585614
1788412568.9938178,8.697896992089227
1788412568.9973185,18.067124008666724
1788412569.0311286,107.38379100803286
1788412569.071748,74.40829300321639
1788412569.0791383,85.29898698907346
1788412569.095623,115.2489279920701
1788412569.130105,58.33091799286194
1788412569.1406665,10.53586500347592
1788412569.1739008,33.204575011041015
1788412569.241336,83.02465901942924
1788412569.2653413,91.41781899961643
1788412569.266925,38.12426602235064
1788412569.2686863,80.29007699224167
1788412569.2706518,5.285666004056111
1788412569.3340514,92.69102799589746
1788412569.335129,7.579182012705132
1788412569.3530803,82.40305999061093
1788412569.382132,46.97092599235475
1788412569.397342,128.63033599569462
1788412569.4492285,84.29916898603551
1788412569.4511929,53.81728400243446
1788412569.4742472,140.15061999089085
1788412569.4836562,32.44085700134747
1788412569.5006676,94.86115199979395
1788412569.5266542,25.954003998776898
1788412569.5276463,53.37305201101117
1788412569.542303,14.633595012128353
1788412569.5528874,49.20279298676178
1788412569.575376,48.698626982513815
1788412569.5928166,39.907697995658964
1788412569.60318,60.85440900642425
1788412569.6197991,44.39468699274585
1788412569.6488032,52.797758020460606
1788412569.6597865,56.583079014671966
1788412569.671769,53.91507799504325
1788412569.679355,30.519532010657713
1788412569.7090201,89.18911698856391
1788412569.7102652,30.876540986355394
1788412569.712995,41.1941499914974
1788412569.7350335,24.748736002948135
1788412569.7424834,51.295746001414955
1788412569.765427,52.406918024644256
1788412569.7765677,41.51486000046134
1788412569.8063247,29.736477008555084
1788412569.8076887,14.181467005982995
1788412569.8152335,49.78543898323551
1788412569.8648634,57.15518401120789
1788412569.865424,50.17162300646305
1788412569.9219468,98.0428550101351
1788412569.9339812,68.5395410109777
1788412569.940666,18.6983690073248
1788412569.97143,37.42864201194607
1788412569.9802978,22.823653009254485
1788412570.0065072,35.056660999543965
1788412570.049438,42.91168399504386
1788412570.0857158,13.43672999064438
1788412570.1011913,30.701226991368458
1788412570.1035576,17.822674999479204
1788412570.1592464,58.03052199189551
1788412570.184127,33.86061597848311
1788412570.1972687,93.69129300466739
1788412570.2077634,48.496223986148834
1788412570.2389033,41.61167601705529
1788412570.3247452,66.50840700604022
1788412570.3566868,24.96749599231407
1788412570.408917,23.244482988957316
1788412570.4495926,40.65501701552421
1788412570.450856,94.14917198591866
1788412570.4870741,36.19974499451928
1788412570.4904227,80.29644499765709
1788412570.5000813,61.13751101656817
1788412570.5907228,103.62845502095297
1788412570.6057577,105.6562710145954
1788412570.6120589,7.922427001176402
1788412570.636275,54.79135600035079
1788412570.63859,32.81152999261394
1788412570.6570113,20.71728400187567
1788412570.6937296,81.64998100255616
1788412570.6997006,61.09163898508996
1788412570.7013834,7.6350190211087465
1788412570.7568455,55.43950299033895
1788412570.785734,28.86638999916613
1788412570.7888162,131.78486801916733
1788412570.8062835,35.01134100952186
1788412570.835122,49.36946197994985
1788412570.8528342,17.687707004370168
1788412570.882907,76.59938500728458
1788412570.8968828,13.94681999227032
1788412570.9035969,58.51304199313745
1788412570.920989,17.370700021274388
1788412570.9215229,26.82556299259886
1788412570.9493518,81.94635598920286
1788412570.9614766,64.56760899163783
1788412570.989281,27.780919015640393
1788412571.000359,78.81910700234585
1788412571.0174057,17.021357984049246
1788412571.0260239,77.64443699852563
1788412571.0689204,51.48664099397138
1788412571.0886655,99.36219902010635
1788412571.1016724,32.732328021666035
1788412571.1030684,49.69461899599992
1788412571.121703,95.65909299999475
1788412571.136712,35.01876801601611
1788412571.1651833,62.09247501101345
1788412571.1753619,70.05240698345006
1788412571.17662,87.9355939978268
1788412571.1777606,56.03759200312197
1788412571.1897666,24.563523998949677
1788412571.1913486,15.963355981511995
1788412571.1983566,34.794101025909185
1788412571.2164874,45.17871601274237
1788412571.2469182,55.54493400268257
1788412571.248612,32.101689983392134
1788412571.2615747,14.6336629986763
1788412571.265072,75.28637000359595
1788412571.2674358,89.64767900761217
1788412571.2773917,28.758502012351528
1788412571.3083975,30.98547100671567
1788412571.3262155,58.75806699623354
1788412571.329112,67.51146801980212
1788412571.3310783,4.841495014261454
1788412571.3536792,22.580209013540298
1788412571.3577976,83.81394899333827
1788412571.3896997,60.557086020708084
1788412571.4012475,11.527555994689465
1788412571.4531984,95.38124399841763
1788412571.4800942,78.82535600219853
1788412571.5127785,20.262151985662058
1788412571.516622,63.39310499606654
1788412571.5399098,55.291121010668576
1788412571.572326,63.603260001400486
1788412571.5894291,72.75948699680157
1788412571.5956311,55.70013399119489
1788412571.6098678,37.516704003792256
1788412571.6170266,136.90574798965827
1788412571.6276915,13.657128991326317
1788412571.6348338,45.376589987426996
1788412571.6647043,54.81670901644975
1788412571.7020836,81.43147599184886
1788412571.7082477,32.67364000203088
1788412571.7237704,73.98099699639715
1788412571.7370691,34.96070101391524
1788412571.7870028,23.395488009555265
1788412571.793264,84.99738300452009
1788412571.7965684,16.378516011172906
1788412571.7977717,73.97503100219183
1788412571.8154895,18.88342300662771
1788412571.8836296,58.992926991777495
1788412571.914978,117.18365401611663
1788412571.9212635,78.77999101765454
1788412571.9225032,71.0320679936558
1788412571.945799,44.36801900737919
1788412571.9514794,30.195852974429727
1788412571.9686024,22.781195992138237
1788412571.9958215,54.18535298667848
1788412572.0130613,19.100781995803118
1788412572.025451,29.60582301602699
1788412572.0526016,54.21882000518963
1788412572.0602448,91.61781301372685
1788412572.0796194,20.579168980475515
1788412572.091712,31.439184996997938
1788412572.1049006,91.80585399735719
1788412572.127532,22.607981984037906
1788412572.1292195,76.59555799909867
1788412572.1737185,81.98177101439796
1788412572.1825318,104.09450699808076
1788412572.1848068,30.866204004269093
1788412572.1868386,6.774666981073096
1788412572.2024972,73.24193802196532
1788412572.2224367,19.691008987138048
1788412572.229121,46.5659589972347
1788412572.236368,27.689018985256553
1788412572.2498453,62.98191600944847
1788412572.2848284,55.684824008494616
1788412572.300972,51.10580401378684
1788412572.336504,18.26012198580429
1788412572.346735,79.28495900705457
1788412572.3541358,53.14253599499352
1788412572.3995135,45.356816990533844
1788412572.4139216,77.39814999513328
1788412572.4206913,73.93403199966997
1788412572.4534674,39.52330400352366
1788412572.4573128,36.59891401184723
1788412572.484555,31.06937400298193
1788412572.5483193,63.71543000568636
1788412572.6311963,82.85617499495856
1788412572.639052,5.629216990200803
1788412572.6617484,27.265801007160917
1788412572.6940305,34.37937199487351
1788412572.7148542,28.494297002907842
1788412572.7157664,76.69467199593782
1788412572.7178137,23.76390900462866
1788412572.737789,76.00620298762806
1788412572.7693706,31.56280200346373
1788412572.8205738,104.78853000677191
1788412572.821817,52.42900099256076
1788412572.8670235,45.18877199734561
1788412572.8863232,80.32115598325618
1788412572.9227872,71.67047800612636
1788412572.9529517,30.145994009217247
1788412572.959448,60.364395001670346
1788412572.961618,94.57162700709887
1788412572.9714725,63.85408699861728
1788412573.0388186,79.34337400365621
1788412573.0477633,94.79208299308084
1788412573.0519884,80.49548001145013
1788412573.0616329,22.793207986978814
1788412573.0866594,34.64791702572256
1788412573.121407,59.75378499715589
1788412573.1278837,80.09790501091629
1788412573.2507248,22.678521985653788
1788412573.2563083,128.4009929804597
1788412573.297733,41.40141297830269
1788412573.311428,32.864595006685704
1788412573.338516,40.760298987152055
1788412573.3438725,26.06465300777927
1788412573.3583724,19.83540301444009
1788412573.3594534,53.75060401274823
1788412573.3882565,28.78467700793408
1788412573.4043474,16.070423007477075
1788412573.466413,108.01975001231767
1788412573.4986951,49.316095013637096
1788412573.5148,110.43195199454203
1788412573.5226147,23.87922498746775
1788412573.5326529,66.20607699733227
1788412573.5573597,43.83335102465935
1788412573.5579572,35.319518006872386
1788412573.6373973,79.42044798983261
1788412573.6540463,23.35374499671161
1788412573.6725254,115.14362899470143
1788412573.6930711,20.526231004623696
1788412573.736729,82.66147199901752
1788412573.7462595,53.16777899861336
1788412573.772581,89.36936099780723
1788412573.7767088,62.99772302736528
1788412573.7904792,44.19822298223153
1788412573.8153582,62.76174099184573
1788412573.8372288,62.034230009885505
1788412573.8474386,28.748573997290805
1788412573.8521051,115.35824701422825
1788412573.8824115,45.16136899474077
1788412573.9237857,108.40468399692327
1788412573.9261842,135.68377098999918
1788412573.9414732,94.01278299628757
1788412573.9420257,81.59293798962608
1788412573.9660144,41.2478789803572
1788412573.9812891,98.85419000056572
1788412573.9927135,51.98371098958887
1788412574.0228257,81.33378298953176
1788412574.0244215,43.11170699656941
1788412574.0443296,78.29572400078177
1788412574.0555522,64.61516101262532
1788412574.0670547,42.6135930174496
1788412574.0853653,62.52020099782385
1788412574.091274,35.6962880177889
1788412574.0943196,31.63674401002936
1788412574.1215248,30.174235987942666
1788412574.1230013,55.922529980307445
1788412574.1356096,49.0452210069634
1788412574.1764452,54.898656002478674
1788412574.1861923,62.728034012252465
1788412574.187336,10.868843994103372
1788412574.1892374,66.21086999075487
1788412574.200102,80.05832598428242
1788412574.2072861,121.89935200149193
1788412574.2098587,9.730016987305135
1788412574.2336574,44.38292598933913
1788412574.2589593,51.646282023284584
1788412574.272411,15.926977997878566
1788412574.2812083,94.98876897851005
1788412574.2893157,30.327535001561046
1788412574.3206563,39.425926021067426
1788412574.3316956,42.33322001527995
1788412574.358932,141.47455300553702
1788412574.3809135,107.17194800963625
1788412574.4004524,79.77266100351699
1788412574.4025283,43.574743991484866
1788412574.4153314,83.59892602311447
1788412574.447125,55.07795201265253
1788412574.4862123,70.8460719906725
1788412574.5017946,101.30456401384436
1788412574.531554,45.00347698922269
1788412574.5333598,31.545754987746477
1788412574.5415702,91.91537098377012
1788412574.543081,11.043759004678577
1788412574.5675619,35.98708598292433
1788412574.5838816,50.50379899330437
1788412574.6216197,78.51481297984719
1788412574.6264527,58.8619569898583
1788412574.6521835,67.73695797892287
1788412574.6587138,32.22859397646971
1788412574.7091296,56.92183700739406
1788412574.7260897,19.733755994820967
1788412574.747616,21.504493983229622
1788412574.7544155,45.26542898383923
1788412574.7748597,27.223803015658632
1788412574.7763205,21.884204004891217
1788412574.8085797,31.93828699295409
1788412574.830182,21.58286000485532
1788412574.8807824,104.4409430178348
1788412574.884918,54.714835016056895
1788412574.9417832,60.97671599127352
1788412575.0101178,68.31474401406012
1788412575.0522742,44.801926997024566
1788412575.0729363,20.644258009269834
1788412575.0844798,56.60371802514419
1788412575.085652,34.195045998785645
1788412575.0993447,26.387482997961342
1788412575.1077492,23.246500990353525
1788412575.1281881,42.51930900500156
1788412575.1563032,56.93972000153735
1788412575.1851542,56.94404899259098
1788412575.2268384,70.51137398229912
1788412575.2286758,43.49578401888721
1788412575.2397168,11.002426996128634
1788412575.2516816,13.941432000137866
1788412575.2729821,46.11687199212611
1788412575.309839,36.82899399427697
1788412575.3202693,10.408848989754915
1788412575.3272243,75.51212099497207
1788412575.3475525,27.259158989181742
1788412575.3825374,55.29121600557119
1788412575.4023974,35.34713797853328
1788412575.4437253,61.15345799480565
1788412575.4726112,63.60161301563494
1788412575.51257,97.15008400962688
1788412575.5302713,57.641691993921995
1788412575.5957825,65.49133200314827
1788412575.6633441,67.54318898310885
1788412575.7010462,37.68104102346115
1788412575.702494,36.00887500215322
1788412575.7433863,42.3172400041949
1788412575.7448242,10.42902801418677
1788412575.7480085,18.398273998172954
1788412575.7831924,80.67808099440299
1788412575.7850475,40.20342300646007
1788412575.7961252,12.911380006698892
1788412575.7969456,118.44129100791179
1788412575.8097558,61.707510001724586
1788412575.8300962,45.027974992990494
1788412575.8612332,51.445376011542976
1788412575.8674707,60.61445301747881
1788412575.873697,77.54965400090441
1788412575.9300823,68.00304100033827
1788412575.930797,57.08010098896921
1788412575.9608305,81.67304398375563
1788412575.962983,101.72254699864425
1788412575.976141,12.26637201034464
1788412575.9869084,56.80576499435119
1788412576.0394895,78.64110602531582
1788412576.0605683,73.63412698032334
1788412576.0676134,48.26921600033529
1788412576.0752528,14.664173999335617
1788412576.1121862,36.91263901419006
1788412576.139849,32.83445897977799
1788412576.1532388,38.928249006858096
1788412576.165387,53.13713298528455
1788412576.169353,29.484899016097188
1788412576.195996,44.435529998736456
1788412576.2047372,35.36125097889453
1788412576.209952,56.6920260025654
1788412576.2253726,31.0022400226444
1788412576.2348027,63.108358008321375
1788412576.2798142,81.0795080033131
1788412576.3020625,22.22712300135754
1788412576.3029926,94.69313101726584
1788412576.3080778,82.68524199957028
1788412576.3096185,74.7954530233983
1788412576.3541691,61.97554597747512
1788412576.3780754,69.97599601163529
1788412576.391848,37.6585450139828
1788412576.4194555,37.03440600656904
1788412576.4208074,117.79316299362108
1788412576.427331,53.9562469930388
1788412576.440142,48.27168199699372
1788412576.4410832,61.492240987718105
1788412576.4483502,27.521416021045297
1788412576.4845107,57.15790099930018
1788412576.5163262,67.95455599785782
1788412576.5180902,33.555856003658846
1788412576.522809,81.70732102007605
1788412576.5746853,51.84907099464908
1788412576.5808103,62.698377994820476
1788412576.6290386,107.37881500972435
1788412576.6814082,78.0712710111402
1788412576.6924005,63.34024798707105
1788412576.716587,135.75220000348054
1788412576.732575,46.34604600141756
1788412576.7431085,30.602009006543085
1788412576.7444775,99.75577300065197
1788412576.746118,64.67637800960802
1788412576.7471244,30.51724101533182
1788412576.7927806,39.30878400569782
1788412576.8082755,61.12769301398657
1788412576.8118627,68.73068099957891
1788412576.8330503,100.45379199436866
1788412576.89456,82.67608899041079
1788412576.9161098,83.03599499049596
1788412576.9221325,27.553346008062363
1788412576.965504,43.351928994525224
1788412576.9723623,56.22798900003545
1788412576.9771779,50.032350001856685
1788412577.0149548,37.75341500295326
1788412577.02464,52.25194798549637
1788412577.069354,56.75079100183211
1788412577.0804017,55.73693700716831
1788412577.104903,53.57655099942349
1788412577.122112,46.942899003624916
1788412577.1688004,46.650009986478835
1788412577.2225592,52.66811102046631
1788412577.2592294,36.64078199653886
1788412577.293075,48.12540501006879
1788412577.3349466,75.69576898822561
1788412577.3566418,21.669520006980747
1788412577.364084,70.9840220224578
1788412577.4448407,80.72232699487358
1788412577.460532,90.92989799682982
1788412577.4671836,49.32564799673855
1788412577.5177367,72.87699999869801
1788412577.5331614,15.405016980366781
1788412577.5598583,49.95970401796512
1788412577.6245458,84.73298599710688
1788412577.6325173,39.10148999420926
1788412577.6766238,52.05718000070192
1788412577.6884427,55.90386301628314
1788412577.7259395,37.467436981387436
1788412577.733244,7.284604012966156
1788412577.8057148,29.36188501189463
1788412577.8468654,40.79944500699639
1788412577.8650262,12.012500985292718
1788412577.8755803,69.84799401834607
1788412577.900928,54.042097995989025
1788412577.9296796,54.0789199876599
1788412577.9691918,39.48733498691581
1788412577.970496,69.54851100454107
1788412577.9931865,42.06874599913135
1788412578.0091825,15.968900988809764
1788412578.0163548,45.83827801980078
1788412578.0290368,43.047539016697556
1788412578.0779035,61.52817202382721
1788412578.0886893,59.62429300416261
1788412578.1204438,59.69088900019415
1788412578.1372528,48.19005200988613
1788412578.1392527,48.76043598051183
1788412578.1682801,47.816678998060524
1788412578.1751802,35.59838599176146
1788412578.1768472,8.546578988898546
1788412578.1912084,51.935269992100075
1788412578.2390149,63.8103749952279
1788412578.255649,78.7727490242105
1788412578.287655,64.70187398372218
1788412578.3324184,47.22194402711466
1788412578.3581147,39.914696011692286
1788412578.35935,8.162393001839519
1788412578.3604715,104.79562397813424
1788412578.399831,39.34112298884429
1788412578.4005315,42.394383024657145
1788412578.437718,78.34162999643013
1788412578.5127094,74.95546899735928
1788412578.5468633,125.98159399931319
1788412578.5685158,33.866348006995395
1788412578.58583,26.667507976526394
1788412578.6096463,62.75997997727245
1788412578.610964,189.69580699922517
1788412578.6184192,105.67709099268541
1788412578.655196,36.75265100901015
1788412578.6594472,90.89956901152618
1788412578.6666765,55.691640998702496
1788412578.668673,59.003978996770456
1788412578.683042,14.346433017635718
1788412578.720852,37.78690501349047
1788412578.7288752,62.17231700429693
1788412578.7483675,45.3937929996755
1788412578.781238,126.01668300339952
1788412578.782677,53.76538299606182
1788412578.7846215,36.229915014700964
1788412578.8146453,33.37569200084545
1788412578.8153446,94.4531669956632
1788412578.816754,34.0520600148011
1788412578.8266351,77.02422901638784
1788412578.8285656,27.1933650074061
1788412578.8515413,54.10175700671971
1788412578.8533602,36.58492999966256
1788412578.887905,58.21891999221407
1788412578.8963027,69.63493701186962
1788412578.8980587,83.3907240012195
1788412578.909086,57.517067005392164
1788412578.931478,35.147241986123845
1788412578.9382963,29.180433019064367
1788412578.9397836,86.39677899191156
1788412578.9601448,62.017946009291336
1788412578.9771502,45.646167011000216
1788412579.0137308,73.91877399641089
1788412579.0811763,127.04365001991391
1788412579.1058445,24.64637000230141
1788412579.1088932,95.12932298821397
1788412579.1228018,18.6811099993065
1788412579.1581159,49.19801198411733
1788412579.165024,42.2009929898195
1788412579.176624,18.483984982594848
1788412579.1839263,68.43008400755934
1788412579.1969163,31.871829996816814
1788412579.2254643,30.732020997675136
1788412579.248875,51.9392540154513
1788412579.273937,97.29134099325165
1788412579.2769227,25.639277999289334
1788412579.2829955,57.50059097772464
1788412579.2846203,10.658001992851496
1788412579.3463233,61.674975004279986
1788412579.3474512,70.49715699395165
1788412579.367179,20.838116004597396
1788412579.3705764,23.103262996301055
1788412579.4002943,29.698254977120087
1788412579.5699873,50.66549399634823
1788412579.6364365,38.06038698530756
1788412579.6951962,58.72597798588686
1788412579.7096415,240.81641499651596
1788412579.7110994,141.09173099859618
1788412579.7835097,88.28840099158697
1788412579.8074675,9.980926988646388
1788412579.8132102,104.97787100030109
1788412579.8789113,134.88739900640212
1788412579.88057,73.07824998861179
1788412579.8969316,16.331523976987228
1788412579.975904,96.9691869977396
1788412579.9778929,25.376111996592954
1788412580.0609064,84.97288599028252
1788412580.063165,85.23707799031399
1788412580.1105285,49.5911389880348
1788412580.1423945,79.19201900949702
1788412580.1910653,33.41378801269457
1788412580.1997159,89.16411799145862
1788412580.2102153,67.79562000883743
1788412580.2129781,79.54726100433618
1788412580.2154756,24.378988979151472
1788412580.2358387,20.32213401980698
1788412580.243215,35.490591020789
1788412580.2717273,58.71572397882119
1788412580.2733319,63.090392999583855
1788412580.2748783,39.01306301122531
1788412580.3069263,33.570163999684155
1788412580.3224337,79.19320499058813
1788412580.3534229,78.51802298682742
1788412580.370153,63.20172399864532
1788412580.4151735,38.38665701914579
1788412580.4300241,76.57324598403648
1788412580.4460273,54.04508300125599
1788412580.4535024,36.85812000185251
1788412580.4555695,40.35844298778102
1788412580.477952,47.900537989335135
1788412580.490835,35.23724898695946
1788412580.531265,77.73114397423342
1788412580.5475903,69.59893798921257
1788412580.5496473,58.78583699814044
1788412580.5777478,62.980221991892904
1788412580.5798972,32.27926799445413
1788412580.6070986,75.78560401452705
1788412580.6134102,45.688878977671266
1788412580.619373,39.45211198879406
1788412580.6510708,18.841643002815545
1788412580.6524029,74.62686998769641
1788412580.6552992,35.90299899224192
1788412580.6805215,26.85872500296682
1788412580.7296915,49.14505500346422
1788412580.732569,77.24956099991687
1788412580.7369118,85.82187400315888
1788412580.7485476,135.1132050040178
1788412580.75907,22.12984798825346
1788412580.7818732,49.22427600831725
1788412580.794144,53.295125981094316
1788412580.8193285,25.16004300559871
1788412580.820982,39.085529977455735
1788412580.835952,56.539845012594014
1788412580.8840697,6.836198997916654
1788412580.8842497,56.63082600221969
1788412580.904697,154.45247301249765
1788412580.9063892,87.02925298712216
1788412580.914522,78.53914698353037
1788412580.9156804,31.411159987328574
1788412580.9468162,31.100102001801133
1788412580.9766927,69.18715397478081
1788412580.979794,35.385257011512294
1788412581.0033705,56.53431001701392
1788412581.011114,74.55932299490087
1788412581.0295808,51.02417300804518
1788412581.0355523,49.7375070117414
1788412581.063956,34.35499800252728
1788412581.0655565,54.405481001595035
1788412581.0790844,43.50409298785962
1788412581.0902889,110.47221199260093
1788412581.1082096,44.233315013116226
1788412581.1126103,109.21831999439746
1788412581.137382,39.55518201109953
1788412581.1470573,11.146564007503912
1788412581.1478007,68.65788798313588
1788412581.1567943,60.19231097889133
1788412581.1680796,21.002502995543182
1788412581.1920147,54.61180201382376
1788412581.1935065,25.40662299725227
1788412581.2164228,24.38804498524405
1788412581.2395217,88.62653499818407
1788412581.2707272,54.282005003187805
1788412581.2785234,84.99605700490065
1788412581.2852383,45.693558000493795
1788412581.2866879,15.940045996103436
1788412581.2989051,12.194084003567696
1788412581.339646,54.38382498687133
1788412581.347084,48.158720979699865
1788412581.3698668,63.278717978391796
1788412581.3705058,130.133439990459
1788412581.3857503,46.07193701667711
1788412581.463145,60.08055599522777
1788412581.476925,91.13676298875362
1788412581.4800065,109.47607099660672
1788412581.4834766,101.13637300673872
1788412581.5013945,38.203985983273014
1788412581.5087607,161.6523950069677
1788412581.5367165,69.71211399650201
1788412581.551609,103.34812899236567
1788412581.5606854,77.1573540114332
1788412581.608754,128.71272797929123
1788412581.6103382,49.60656599723734
1788412581.6474755,138.67623600526713
1788412581.6549718,103.32100800587796
1788412581.6669223,58.12923100893386
1788412581.6700923,22.570651985006407
1788412581.6788042,23.794011998688802
1788412581.7257426,116.51709899888374
1788412581.7509472,72.1038129995577
1788412581.76712,230.36162499920465
1788412581.7818303,33.962176006753
1788412581.8395,169.36092299874872
1788412581.8421843,75.02464501885697
1788412581.863684,130.27598400367424
1788412581.8724892,90.61490499880165
1788412581.90369,90.68394399946555
1788412581.9130082,17.300314997555688
1788412581.9148633,51.13930598599836
1788412581.9173617,101.85466200346127
1788412581.941947,27.041316992836073
1788412581.9988413,159.3043679895345
1788412582.0008955,83.48685101373121
1788412582.0154693,142.94386401888914
1788412582.0198603,17.434169974876568
1788412582.0285275,91.23842901317403
1788412582.0298905,87.9013059893623
1788412582.032644,134.8601279896684
1788412582.0543694,53.44189199968241
1788412582.0602646,30.34573601325974
1788412582.068903,51.94767098873854
1788412582.0821,83.23390199802816
1788412582.0949566,75.04049502313137
1788412582.0963748,183.331456995802
1788412582.104943,36.00645298138261
1788412582.1113188,29.19330500299111
1788412582.1429315,46.52955397614278
1788412582.1503356,38.99143199669197
1788412582.1548495,100.44854797888547
1788412582.1572375,124.55726900952868
1788412582.1909432,85.97528998507187
1788412582.222424,65.15855100587942
1788412582.2422667,99.30718300165609
1788412582.2436547,65.55001001106575
1788412582.2468207,94.7076230077073
1788412582.2519298,22.7441810129676
1788412582.2539392,7.094614993548021
1788412582.2752028,31.52878599939868
1788412582.2774475,25.496190006379038
1788412582.2906506,135.7757919759024
1788412582.29298,50.68576798657887
1788412582.3198006,26.796592981554568
1788412582.3593707,84.146770008374
1788412582.3617506,72.71267802570947
1788412582.3772244,86.55245500267483
1788412582.389362,44.025793991750106
1788412582.3941288,34.730127023067325
1788412582.4113386,34.09093400114216
1788412582.4200213,30.63772400491871
1788412582.4255033,57.46758801979013
1788412582.4529235,58.77444599173032
1788412582.468989,16.045204014517367
1788412582.493912,24.903318990254775
1788412582.5006242,14.619775989558548
1788412582.5028226,77.29894801741466
1788412582.5040371,92.67474201624282
1788412582.541526,37.466957001015544
1788412582.545414,28.70850800536573
1788412582.5612533,67.31745399883948
1788412582.5965762,94.59955801139586
1788412582.604341,58.904069010168314
1788412582.6100652,48.44678597874008
1788412582.614499,72.95052098925225
1788412582.6173866,56.106274016201496
1788412582.641854,37.48263299348764
1788412582.6548486,44.76487898500636
1788412582.6593075,44.78029700112529
1788412582.6855116,61.68808898655698
1788412582.7054918,88.08512901305221
1788412582.70727,47.562491992721334
1788412582.7221236,67.2538389917463
1788412582.7276242,22.112147009465843
1788412582.7903984,83.09945100336336
1788412582.8238149,53.0280860257335
1788412582.8317778,7.939381001051515
1788412582.8531833,21.38218199252151
1788412582.9213285,64.99355600681156
1788412582.9258687,4.518379981163889
1788412582.9937074,67.81786700594239
1788412583.0067804,51.65714499889873
1788412583.0515575,68.38368400349282
1788412583.0613468,72.44252701639198
1788412583.0620477,45.405251992633566
1788412583.0634043,62.865495972801
1788412583.077788,70.98400098038837
1788412583.110406,87.67944201827049
1788412583.116696,55.32749998383224
1788412583.119488,9.060715994564816
1788412583.1200676,57.99548901268281
1788412583.1492023,85.77582202269696
1788412583.1510088,67.28268502047285
1788412583.1552567,35.16715098521672
1788412583.1632998,12.265142984688282
1788412583.2059762,53.976869996404275
1788412583.2125776,63.35573899559677
1788412583.224721,31.4497769868467
1788412583.2347393,71.41818999662064
1788412583.2361178,22.56414099247195
1788412583.2445173,38.51831698557362
1788412583.2594776,46.88048499519937
1788412583.2646217,29.857888992410153
1788412583.2978737,38.37586002191529
1788412583.2991252,54.57847801153548
1788412583.305576,80.8341600059066
1788412583.3424416,36.84468299616128
1788412583.3508575,52.963116992032155
1788412583.3577359,58.58889201772399
1788412583.370153,12.086769012967125
1788412583.398242,55.77776100835763
1788412583.4059448,34.65743700508028
1788412583.4353647,77.60935500846244
1788412583.4520319,16.645919007714838
1788412583.4558382,3.786449000472203
1788412583.5327346,51.28704500384629
1788412583.5628266,9.405774995684624
1788412583.6023872,39.53946099500172
1788412583.6227257,20.31790601904504
1788412583.6752229,30.678276991238818
1788412583.676263,53.51787299150601
1788412583.688847,13.606494991108775
1788412583.7361684,59.885630995268
1788412583.8353791,99.18197398656048
1788412583.882279,46.84661599458195
1788412583.9275107,45.21365600521676
1788412583.936837,48.08727899217047
1788412583.9608777,33.34932599682361
1788412583.9757247,38.869157986482605
1788412584.0152829,42.35866101225838
1788412584.0505223,35.17718199873343
1788412584.0680919,92.34759298851714
1788412584.0951993,25.95171201392077
1788412584.0959458,27.833150990772992
1788412584.1258693,30.65012799925171
1788412584.156445,35.5274030007422
1788412584.16082,41.80279601132497
1788412584.184164,58.268645021598786
1788412584.1898508,5.66710700513795
1788412584.2034757,47.01086902059615
1788412584.3229275,61.701883998466656
1788412584.338581,177.7410139911808
1788412584.3879952,60.10864701238461
1788412584.4015882,62.9857330059167
1788412584.4041073,19.90940101677552
1788412584.4412413,55.91194998123683
1788412584.4427063,54.684154980350286
1788412584.457378,14.65318800183013
1788412584.4605873,71.11787499161437
1788412584.4809825,35.66894799587317
1788412584.484988,83.38181799626909
1788412584.4856706,75.82786001148634
1788412584.4869359,45.67640501772985
1788412584.4898221,29.210735025117174
1788412584.4917798,6.773375003831461
1788412584.499314,18.314293993171304
1788412584.5269256,68.5339629999362
1788412584.540455,53.50382599863224
1788412584.5555627,65.7125310099218
1788412584.5725133,16.93253798293881
1788412584.5754764,48.5326949856244
1788412584.600603,60.12906497926451
1788412584.6019258,102.59235798730515
1788412584.6048934,34.797572006937116
1788412584.6244617,19.548951997421682
1788412584.62564,53.10526699759066
1788412584.626527,51.02541801170446
1788412584.6454022,43.456162995425984
1788412584.6711311,25.71144897956401
1788412584.678691,52.150464995065704
1788412584.6807714,80.14557999558747
1788412584.6876743,6.882500980282202
1788412584.7384217,59.70932301715948
1788412584.7432997,31.60071698948741
1788412584.750189,11.746291012968868
1788412584.7712603,27.942023996729404
1788412584.7752988,10.55210901540704
1788412584.8072243,57.01061699073762
1788412584.8335958,58.279521006625146
1788412584.8489554,43.459494976559654
1788412584.8528497,18.861877993913367
1788412584.862284,68.9501840097364
1788412584.890915,49.276496982201934
1788412584.8919027,23.33348200772889
1788412584.8922954,39.41980699892156
1788412584.9054215,13.112168002407998
1788412584.9155366,53.2326259999536
1788412584.939991,24.436110979877412
1788412584.9654775,73.55834901682101
1788412584.9918513,59.18209897936322
1788412584.9928312,52.82401799922809
1788412585.040827,47.98085501533933
1788412585.0417454,76.24957099324092
1788412585.0496564,56.198873004177585
1788412585.0561268,15.283079992514104
1788412585.0777917,28.118062997236848
1788412585.0956454,53.15830200561322
1788412585.1219764,65.83459602552466
1788412585.1233,45.494454010622576
1788412585.1548831,31.568287988193333
1788412585.1730833,77.41835800698027
1788412585.2230425,49.940104014240205
1788412585.2830544,38.84547698544338
1788412585.3033695,80.30912699177861
1788412585.3436642,47.91585501516238
1788412585.3673337,62.72490799892694
1788412585.3684676,85.3975520003587
1788412585.36966,25.981692015193403
1788412585.3950155,29.120174993295223
1788412585.4185646,48.88978801318444
1788412585.4195998,76.90225899568759
1788412585.4264927,32.72577899042517
1788412585.4469194,78.43598400359042
1788412585.4547367,59.7062690067105
1788412585.4647677,17.83110501128249
1788412585.473425,46.91625098348595
1788412585.4797184,61.13636199734174
1788412585.4913235,36.554908991092816
1788412585.4939818,40.74297001352534
1788412585.497558,34.06977900885977
1788412585.4990344,25.590455014025792
1788412585.5024135,11.066226987168193
1788412585.5196476,17.206610005814582
1788412585.52332,43.585692008491606
1788412585.5541394,89.35288499924354
1788412585.5552049,57.626157999038696
1788412585.5565073,55.98536299658008
1788412585.562934,7.711787009611726
1788412585.581482,61.16801800089888
1788412585.5939887,99.97942100744694
1788412585.6164658,59.9355710146483
1788412585.6186712,99.00507898419164
1788412585.626274,9.790734009584412
1788412585.6392705,115.93539197929204
1788412585.6418788,23.18285300862044
1788412585.6439621,49.959074007347226
1788412585.6452034,18.913849984528497
1788412585.6620648,20.168557995930314
1788412585.6817026,36.48188500665128
1788412585.7005002,56.51983999996446
1788412585.7104943,48.41068800305948
1788412585.7120051,30.285501008620486
1788412585.7153153,6.112880015280098
1788412585.7159238,3.901238989783451
1788412585.7723024,61.78553099744022
1788412585.772904,57.5714610167779
1788412585.8388624,65.94106301781721
1788412585.8429646,20.203549996949732
1788412585.8579583,85.63577299355529
1788412585.8649604,26.08010100084357
1788412585.8760672,33.07889599818736
1788412585.9015467,36.56772899557836
1788412585.9030979,27.014906983822584
1788412585.9544644,51.351281988900155
1788412586.0141337,112.57078099879436
1788412586.01594,16.233272006502375
1788412586.0304086,14.45304398657754
1788412586.062332,31.904563977150247
1788412586.075983,61.83064400102012
1788412586.087614,56.225045991595834
1788412586.0897222,13.722219999181107
1788412586.1045132,6.703068997012451
1788412586.1285195,66.16909499280155
1788412586.164458,59.883758978685364
1788412586.1825356,53.991249995306134
1788412586.224593,136.95703700068407
1788412586.2358694,95.06648298702203
1788412586.2368464,27.61063998332247
1788412586.2426338,76.54175200150348
1788412586.255358,30.736109998542815
1788412586.2569373,48.665306996554136
1788412586.2592666,16.614832013146952
1788412586.315858,58.90414898749441
1788412586.3171568,49.51816899119876
1788412586.3184865,63.1124310020823
1788412586.448572,74.29190300172195
1788412586.4917555,43.16750401630998
1788412586.5059898,19.40453299903311
1788412586.51891,31.380766013171524
1788412586.5467196,15.924020000966266
1788412586.556239,9.502958011580631
1788412586.5632644,74.79102598153986
1788412586.5648365,45.9103079920169
1788412586.567904,4.622061998816207
1788412586.611742,46.89094499917701
1788412586.6198156,8.029193006223068
1788412586.6481552,13.190355995902792
1788412586.6645453,49.71032700268552
1788412586.6708965,53.78661799477413
1788412586.6878932,23.327795002842322
1788412586.720042,71.84114999836311
1788412586.7310898,44.68405700754374
1788412586.746162,35.02709200256504
1788412586.747895,63.691897987155244
1788412586.7654755,45.414562977384776
1788412586.7658968,41.38213599799201
1788412586.7948859,48.70182400918566
1788412586.7974453,31.531472981441766
1788412586.8110225,63.10896298964508
1788412586.824042,29.131497984053567
1788412586.847493,17.15338899521157
1788412586.87602,41.27716799848713
1788412586.8768017,65.76265301555395
1788412586.883399,37.18949301401153
1788412586.9519267,75.89033499243669
1788412586.960747,83.93161999993026
1788412586.980486,19.717470015166327
1788412586.9912455,39.30111098452471
1788412586.9998522,116.4356489898637
1788412587.0306647,50.15377700328827
1788412587.0359712,44.70107800443657
1788412587.0519977,49.017392011592165
1788412587.1619859,109.95626501971856
1788412587.1850193,154.3131920043379
