timestamp,rtt
1790344839.0347064,5.004370003007352
1790344839.035524,4.715792019851506
1790344839.0356832,3.853850008454174
1790344839.0359619,2.908705995650962
1790344839.0442097,1.9474699802231044
1790344839.047231,1.3935320021118969
1790344839.0476706,1.18855299660936
1790344839.0938392,1.6496120078954846
1790344839.1112702,1.5875049866735935
1790344839.1651862,2.0325689984019846
1790344839.1806078,1.8084809998981655
1790344839.1915264,2.1520119917113334
1790344839.192623,2.080885984469205
1790344839.2331412,1.6986929986160249
1790344839.259324,1.9362629973329604
1790344839.289121,1.793722010916099
1790344839.3943186,1.8080529989674687
1790344839.4026911,1.7236720013897866
1790344839.4125853,1.6990790027193725
1790344839.4439967,1.6096160106826574
1790344839.4730875,1.6297819965984672
1790344839.4901965,1.6321389994118363
1790344839.523492,2.1306449780240655
1790344839.5286984,2.308650000486523
1790344839.5341063,1.2720430095214397
1790344839.614822,1.6057509928941727
1790344839.6311197,1.6256870003417134
1790344839.639784,2.668339991942048
1790344839.640614,1.8370759789831936
1790344839.6596553,1.8771199975162745
1790344839.684307,1.6485129890497774
1790344839.698601,1.6105799877550453
1790344839.7410882,2.194469008827582
1790344839.779728,1.8759049999061972
1790344839.791808,2.0318260067142546
1790344839.7926834,1.299010997172445
1790344839.818993,1.8785840074997395
1790344839.8293934,1.622437994228676
1790344839.8343601,1.453216013032943
1790344839.8821428,2.7047719922848046
1790344839.8829067,1.8003940058406442
1790344839.8876088,1.6085219976957887
1790344839.8932202,1.8215689924545586
1790344839.9044032,1.6197040094994009
1790344839.926063,1.7459559894632548
1790344839.9339147,1.306397985899821
1790344839.940229,1.3993010215926915
1790344839.9701033,1.7593330121599138
1790344839.975726,1.3618720113299787
1790344839.9962168,2.0496549841482192
1790344840.0053673,1.8076080013997853
1790344840.0245862,2.529326011426747
1790344840.109698,2.291866985615343
1790344840.1518853,1.7415470210835338
1790344840.1600034,1.861537981312722
1790344840.1712523,1.5605739899910986
1790344840.2401183,2.1700119832530618
1790344840.2530303,1.556676987092942
1790344840.2804458,1.8774869968183339
1790344840.321532,2.0687160140369087
1790344840.3285773,1.4616049884352833
1790344840.3581839,2.0766700035892427
1790344840.3697457,1.5157830202952027
1790344840.4770904,1.770711998688057
1790344840.4794643,1.2667419796343893
1790344840.487936,1.463339984184131
1790344840.5006287,1.7030310118570924
1790344840.513605,1.7661500023677945
1790344840.537209,2.1365570137277246
1790344840.5460749,1.2325810093898326
1790344840.6094046,1.7743790231179446
1790344840.610729,1.208019006298855
1790344840.7060165,1.7301340121775866
1790344840.7654822,3.0591050162911415
1790344840.7664948,1.8237740150652826
1790344840.7885468,2.5087890098802745
1790344840.8146513,2.1140289900358766
1790344840.8326225,1.5936080017127097
1790344840.8570461,1.9238140084780753
1790344840.9047863,1.642874995013699
1790344840.9431043,1.8262320081703365
1790344841.0116382,1.8839240074157715
1790344841.0631604,1.7820899956859648
1790344841.076053,1.6715480014681816
1790344841.0932934,1.7898340011015534
1790344841.095739,1.2020730064250529
1790344841.1373038,1.7946059815585613
1790344841.2145276,1.7955070070456713
1790344841.2431526,2.1444000012706965
1790344841.2480757,1.531757996417582
1790344841.2568603,1.4833619934506714
1790344841.2962594,1.9758010166697204
1790344841.309626,1.6732799995224923
1790344841.3101025,1.3817529834341258
1790344841.33392,1.6762820014264435
1790344841.3589053,1.915277010994032
1790344841.3705933,1.524660998256877
1790344841.3923445,1.7333670111838728
1790344841.4417636,1.7220799927599728
1790344841.472175,2.0775369775947183
1790344841.4756763,2.0625690231099725
1790344841.4761682,1.281703996937722
1790344841.4858668,1.7876880010589957
1790344841.4937382,1.2071809906046838
1790344841.5088997,1.3607329747173935
1790344841.5167959,1.3968429993838072
1790344841.540685,3.389176999917254
1790344841.5407627,4.769736988237128
1790344841.5535028,1.6409579839091748
1790344841.5648487,2.08684999961406
1790344841.5772343,1.7069650057237595
1790344841.5960712,1.7125379818025976
1790344841.64425,1.6099179920274764
1790344841.838276,10.518268012674525
1790344841.8620322,3.6587489885278046
1790344841.8970425,2.6079670060425997
1790344841.9001546,2.6833610027097166
1790344841.9639137,8.115467004245147
1790344841.9841843,2.8767280164174736
1790344841.993477,1.701798988506198
1790344842.0298429,2.1938399877399206
1790344842.0741801,3.5688340140040964
1790344842.0777242,2.2465680085588247
1790344842.0837977,1.9506219832692295
1790344842.0845664,1.6687529860064387
1790344842.117389,2.715067006647587
1790344842.1794708,5.151342018507421
1790344842.2211013,5.858901015017182
1790344842.2218654,2.703392005059868
1790344842.244416,3.031330998055637
1790344842.2453926,1.510188973043114
1790344842.27831,4.9506850191392004
1790344842.2843285,3.2542510016355664
1790344842.3015974,2.945590007584542
1790344842.3144326,4.1627669997978956
1790344842.3680773,5.857830983586609
1790344842.3758886,3.9077649998944253
1790344842.4346364,5.958038003882393
1790344842.44785,5.801527993753552
1790344842.447995,7.600689015816897
1790344842.457904,4.184558987617493
1790344842.5016215,1.6723059816285968
1790344842.5140023,2.2261510021053255
1790344842.5248337,2.5649119925219566
1790344842.5562637,6.059242004994303
1790344842.6391907,4.095345997484401
1790344842.647369,2.686349005671218
1790344842.658737,1.78449900704436
1790344842.7172892,5.313032015692443
1790344842.7415812,4.575924976961687
1790344842.750475,3.039359988179058
1790344842.801492,2.8604899998754263
1790344842.809083,2.387737011304125
1790344842.8399596,5.316370981745422
1790344842.915363,5.000926001230255
1790344843.0410914,7.785358000546694
1790344843.0694134,5.392424995079637
1790344843.0732908,3.3595400163903832
1790344843.1289127,1.655030995607376
1790344843.140958,1.616761990590021
1790344843.184736,4.511842998908833
1790344843.231844,3.2370269764214754
1790344843.2391188,2.3559910187032074
1790344843.2590175,3.559503995347768
1790344843.259607,2.0371779974084347
1790344843.286179,3.7099710025358945
1790344843.29009,2.1563190093729645
1790344843.2980251,1.9891239935532212
1790344843.3106956,2.5280130212195218
1790344843.3229096,1.7400039942003787
1790344843.4012117,4.999547993065789
1790344843.4269674,5.468805000418797
1790344843.4603457,4.091273003723472
1790344843.475488,1.6620160022284836
1790344843.4863837,2.1885080204810947
1790344843.5070102,3.3965689945034683
1790344843.5137103,2.483569987816736
1790344843.602206,2.4826419830787927
1790344843.6115391,1.6725689929444343
1790344843.6370616,1.995311991777271
1790344843.6853771,1.678929984336719
1790344843.6869938,1.2836969981435686
1790344843.7160814,2.478395006619394
1790344843.7297227,2.032481017522514
1790344843.7319677,1.4457590004894882
1790344843.7530894,1.6016830049920827
1790344843.7597823,1.3670590124092996
1790344843.783279,1.867792016128078
1790344843.795986,1.5118579904083163
1790344843.857749,8.707138011232018
1790344843.8951836,3.3917370019480586
1790344843.9058702,2.463609998812899
1790344843.9097052,2.708293992327526
1790344843.920944,2.872170996852219
1790344843.921876,1.551483990624547
1790344843.9384189,1.9738870032597333
1790344843.9939644,1.8338239751756191
1790344844.0165615,1.7602470179554075
1790344844.0368557,2.2414629929699004
1790344844.0516732,2.683752973098308
1790344844.0570192,2.0265089988242835
1790344844.060205,1.9659049867186695
1790344844.0697713,2.4592010013293475
1790344844.0927422,3.5287580103613436
1790344844.1151493,5.4634190164506435
1790344844.1773152,9.226319001754746
1790344844.1780076,12.159509991761297
1790344844.1799757,5.33659101347439
1790344844.2016664,4.313632001867518
1790344844.2275586,4.824853996979073
1790344844.2628806,4.155631992034614
1790344844.2810795,4.4865329982712865
1790344844.2815096,6.330852978862822
1790344844.2815833,8.184200996765867
1790344844.3195493,5.241533013759181
1790344844.3636594,5.056266993051395
1790344844.3748443,3.8202139839995652
1790344844.3803682,2.27114898734726
1790344844.3902955,2.3396689794026315
1790344844.4126089,2.8481560002546757
1790344844.4393642,2.7153179980814457
1790344844.523999,4.555475985398516
1790344844.550806,5.054201988968998
1790344844.5867221,5.967428005533293
1790344844.5875697,3.1368100026156753
1790344844.5983996,3.0002569837961346
1790344844.642834,4.937026009429246
1790344844.6660416,6.891946017276496
1790344844.6972382,5.973377003101632
1790344844.724232,8.29341498319991
1790344844.7506068,5.57773100445047
1790344844.7973676,4.147225990891457
1790344844.8346932,3.846856008749455
1790344844.89998,2.4160280008800328
1790344844.9000463,3.225863998522982
1790344844.9137328,1.4767870015930384
1790344844.9151306,1.1428510188125074
1790344844.9422593,3.1165570253506303
1790344845.0065262,5.403674993431196
1790344845.007168,7.681021990720183
1790344845.0209546,1.3462440110743046
1790344845.077012,4.721802979474887
1790344845.1242,8.632860000943765
1790344845.1620524,7.160226989071816
1790344845.1661499,3.710573975695297
1790344845.1881862,5.02911297371611
1790344845.2704818,6.410528003470972
1790344845.2724757,5.807121022371575
1790344845.2831857,2.963208011351526
1790344845.2838798,2.166115998988971
1790344845.327337,4.96073899557814
1790344845.3356955,3.5519909870345145
1790344845.3510363,3.4885359928011894
1790344845.4187675,5.29959102277644
1790344845.4396787,4.65818599332124
1790344845.448939,4.255442006979138
1790344845.457004,2.6169609918724746
1790344845.472091,3.4561330103315413
1790344845.5010483,4.705890023615211
1790344845.5338316,5.773765005869791
1790344845.6272,4.774553992319852
1790344845.6517737,4.916550009511411
1790344845.6596527,3.6362279788590968
1790344845.660506,3.033310000319034
1790344845.6785712,3.4559939813334495
1790344845.6797836,2.621368010295555
1790344845.6949048,2.811853017192334
1790344845.7245324,2.7629380056168884
1790344845.728419,1.9695849914569408
1790344845.7507918,7.336112001212314
1790344845.7646117,3.1677359947934747
1790344845.7826474,3.9582899771630764
1790344845.8108485,3.353878011694178
1790344845.8591964,4.761486983625218
1790344845.859261,2.6055769994854927
1790344845.9400175,6.140268000308424
1790344845.952721,4.1116439970210195
1790344845.9729471,4.207235004287213
1790344845.9961958,1.7453699838370085
1790344846.0160325,1.78905000211671
1790344846.0221758,1.3528380077332258
1790344846.050116,3.2401570060756058
1790344846.0740175,4.376475000753999
1790344846.0790753,5.044523015385494
1790344846.0916762,3.403637994779274
1790344846.0979493,1.8936890119221061
1790344846.1800485,1.8917570123448968
1790344846.1985765,1.616199006093666
1790344846.2265708,1.7701830074656755
1790344846.2832274,1.6312339866999537
1790344846.3341975,2.392105001490563
1790344846.336968,1.433936005923897
1790344846.3835387,1.7892459873110056
1790344846.3962362,1.535819988930598
1790344846.4708164,1.775445998646319
1790344846.4758618,1.4014549960847944
1790344846.4830687,1.4045330171938986
1790344846.552747,1.6749200003687292
1790344846.5601723,1.3880649930797517
1790344846.5998864,1.6034489963203669
1790344846.6184282,1.479698985349387
1790344846.634165,1.4404160028789192
1790344846.6511552,1.650057005463168
1790344846.6541884,1.2282140087336302
1790344846.65692,1.0937839979305863
1790344846.6671932,1.5708690043538809
1790344846.6728196,1.4338969776872545
1790344846.687082,1.4479240053333342
1790344846.6955318,1.386668998748064
1790344846.746283,2.0168890187051147
1790344846.747817,1.2600779882632196
1790344846.7538946,1.5654110175091773
1790344846.8102198,1.708561001578346
1790344846.8319178,1.9430370011832565
1790344846.8400922,1.2670290016103536
1790344846.8540766,1.6249190084636211
1790344846.8556557,1.2471929949242622
1790344846.9496975,1.8067030177917331
1790344846.965665,1.6124359972309321
1790344846.976258,1.505555002950132
1790344847.0077217,1.6185379936359823
1790344847.0288653,1.8898640119004995
1790344847.0393953,1.5428979822900146
1790344847.0786428,1.7150600033346564
1790344847.112959,1.5435650129802525
1790344847.1477075,1.5772129991091788
1790344847.155938,1.5030520153231919
1790344847.1753983,1.4229259977582842
1790344847.1897085,1.415763981640339
1790344847.23193,1.9559070060495287
1790344847.240695,1.4174430107232183
1790344847.2686715,2.0479619852267206
1790344847.380647,2.1771419851575047
1790344847.3924184,1.5166859957389534
1790344847.4267304,1.816022995626554
1790344847.442043,1.6258530085906386
1790344847.5123231,2.0170710049569607
1790344847.5505602,1.8300689989700913
1790344847.572725,1.541432982776314
1790344847.5872822,1.4394769968930632
1790344847.5926178,1.2130239920224994
1790344847.61101,1.5561409818474203
1790344847.6402647,1.6840850003063679
1790344847.649914,1.273034984478727
1790344847.6547992,1.7158800037577748
1790344847.6872396,1.5949499793350697
1790344847.706147,1.7184679745696485
1790344847.7093213,1.7148439947050065
1790344847.7209098,1.5033370000310242
1790344847.7302773,1.5895649848971516
1790344847.7419689,1.4840520161669701
1790344847.7715683,1.5688510029576719
1790344847.7907193,1.643433002755046
1790344847.8332613,2.0219220023136586
1790344847.8549705,1.6519560012966394
1790344847.857714,1.346651988569647
1790344847.925505,2.617543999804184
1790344847.950474,2.013913996051997
1790344847.960739,2.1272419835440814
1790344847.9834445,1.7482819966971874
1790344848.0309782,1.6245250008068979
1790344848.0534928,1.6351300000678748
1790344848.0615313,1.4855469926260412
1790344848.1421058,1.6186439897865057
1790344848.2230415,2.2962299990467727
1790344848.2906082,2.033843018580228
1790344848.2911253,1.681221998296678
1790344848.31573,1.877578004496172
1790344848.3244052,1.4771900023333728
1790344848.3272617,1.6331759979948401
1790344848.3452706,2.25432199658826
1790344848.3488705,2.0487590227276087
1790344848.362864,2.2865219798404723
1790344848.430073,2.11638500331901
1790344848.4578662,2.5801030278671533
1790344848.4590735,2.2085229866206646
1790344848.4758172,1.990335003938526
1790344848.5041509,2.107507025357336
1790344848.5185242,2.1373049821704626
1790344848.5386548,1.7442299867980182
1790344848.5420108,1.3168890145607293
1790344848.5784564,1.7218180000782013
1790344848.581438,1.1967610043939203
1790344848.667629,1.9262499990873039
1790344848.6856585,1.5036849945317954
1790344848.6919613,1.6933500010054559
1790344848.692329,1.2210080167278647
1790344848.720017,1.5454569947905838
1790344848.8744948,1.7292569973506033
1790344848.8799129,1.4527780003845692
1790344848.8918598,1.5347159933298826
1790344848.9080203,2.3106040025595576
1790344848.9080698,2.7846549928653985
1790344848.9133623,1.317755988566205
1790344848.9155657,1.1447900033090264
1790344848.9297986,1.3309710193425417
1790344848.938245,1.4041130198165774
1790344848.9460492,1.4468930021394044
1790344848.9499872,1.1132859799545258
1790344848.9587417,1.600996998604387
1790344851.9463515,1.8139629974029958
1790344851.9848852,1.7236499988939613
1790344852.0226605,1.7559310072101653
1790344852.0449526,1.5504150069318712
1790344852.0482419,2.258978027384728
1790344852.0483081,1.879102026578039
1790344852.139096,1.810613990528509
1790344852.1589203,1.5281180094461888
1790344852.1644413,1.645568001549691
1790344852.1821043,1.4459480007644743
1790344852.2409256,2.0424880203790963
1790344852.2492619,1.6424630011897534
1790344852.2786343,1.9278639811091125
1790344852.2870405,1.524805004009977
1790344852.323413,1.674822997301817
1790344852.3387084,1.4181000005919486
1790344852.3808055,1.6580980154685676
1790344852.4512067,1.893452019430697
1790344852.495535,1.8648089899215847
1790344852.5065157,1.6904659860301763
1790344852.61085,1.9417500006966293
1790344852.6126823,1.4062970003578812
1790344852.676583,1.9839339947793633
1790344852.6800647,1.325158984400332
1790344852.6989908,1.7575070087332278
1790344852.70955,1.331812993157655
1790344852.7147863,1.2663610104937106
1790344852.809242,1.6988209972623736
1790344852.867219,2.6789889961946756
1790344852.8673248,1.9774050160776824
1790344852.8906157,2.218431996880099
1790344852.9050307,1.7535529914312065
1790344852.9137907,1.7131789936684072
1790344852.939884,1.604958000825718
1790344852.9735684,1.799099991330877
1790344852.9803028,1.3954180176369846
1790344853.0056393,2.28447699919343
1790344853.0059073,1.9685839943122119
1790344853.028137,1.7023230029735714
1790344853.0564942,1.838558993767947
1790344853.0752292,1.6472670249640942
1790344853.0763917,1.152451994130388
1790344853.082826,1.278338982956484
1790344853.1005328,1.3962530065327883
1790344853.1218104,1.6291160136461258
1790344853.1477478,1.582463999511674
1790344853.1545928,1.5018830017652363
1790344853.172668,1.5911950031295419
1790344853.1762977,1.3321559817995876
1790344853.215047,2.4540570157114416
1790344853.215299,2.2419389861170202
1790344853.2404492,1.6460089827887714
1790344853.2862046,1.5935059927869588
1790344853.3163881,1.7161320138256997
1790344853.324267,1.666954020038247
1790344853.4343073,1.9438400049693882
1790344853.4594994,1.8083740142174065
1790344853.5699787,2.5758510164450854
1790344853.570464,1.6916989989113063
1790344853.5740767,1.225167012307793
1790344853.5835621,1.4976560196373612
1790344853.5874684,1.1679849994834512
1790344853.5964956,1.226961991051212
1790344853.6408849,1.641420996747911
1790344853.6552992,1.5360290126409382
1790344853.6633713,2.148058993043378
1790344853.6725914,1.4863740070722997
1790344853.6886513,1.7038370133377612
1790344853.7479503,1.7101610137615353
1790344853.7673538,2.0140559936407954
1790344853.7674356,2.65488401055336
1790344853.8474638,1.7368319968227297
1790344853.8627975,1.5996959991753101
1790344853.8667736,1.650655991397798
1790344853.86713,2.5121700018644333
1790344853.9284391,1.703599002212286
1790344853.936151,1.6070169804152101
1790344854.0127587,2.108134009176865
1790344854.01713,2.0039990195073187
1790344854.0172036,2.5485630030743778
1790344854.0297754,1.5601599880028516
1790344854.0388248,1.343853014986962
1790344854.0487561,1.304984005400911
1790344854.062081,1.8273530004080385
1790344854.0625498,1.2653620215132833
1790344854.067893,1.1009169975295663
1790344854.070507,1.0541839874349535
1790344854.1231816,1.7161009891424328
1790344854.137868,1.653794024605304
1790344854.172685,1.7224949842784554
1790344854.1881268,1.4975809899624437
1790344854.196246,1.4031489845365286
1790344854.2014334,1.5395239752251655
1790344854.290622,2.2200820094440132
1790344854.2910187,1.8935760017484426
1790344854.3608582,1.8070240039378405
1790344854.3660877,1.3725869939662516
1790344854.3704283,1.5656109899282455
1790344854.393122,1.6471559938509017
1790344854.3993309,1.4544400037266314
1790344854.4890585,1.7479769885540009
1790344854.5351768,1.629133999813348
1790344854.551686,1.6841759788803756
1790344854.5644114,1.7391369910910726
1790344854.5716534,1.6610659949947149
1790344854.5739174,1.5521009918302298
1790344854.6226926,1.954097009729594
1790344854.6480758,1.6368039941880852
1790344854.6874974,1.7045979911927134
1790344854.745572,1.9654819916468114
1790344854.7641904,1.7924809944815934
1790344854.778187,1.6904649964999408
1790344854.8330219,1.894529996206984
1790344854.8462133,1.4868789876345545
1790344854.8578775,1.3424849894363433
1790344854.885138,1.573461020598188
1790344854.894367,1.6710140043869615
1790344854.939812,1.5975020069163293
1790344855.0211313,2.3456820053979754
1790344855.0482166,1.5998349990695715
1790344855.1196585,1.7584820161573589
1790344855.133914,1.7536740051582456
1790344855.1547742,1.6698359977453947
1790344855.1896782,1.6668599855620414
1790344855.196633,1.3466569944284856
1790344855.2302835,1.8364379939157516
1790344855.2413907,1.4507560117635876
1790344855.2430732,1.502083003288135
1790344855.2803886,1.9714360241778195
1790344855.292663,1.553834998048842
1790344855.3239863,1.860458985902369
1790344855.3306618,1.3693379878532141
1790344855.3415284,1.6608330188319087
1790344855.3467965,1.3665959995705634
1790344855.3673582,1.4959750114940107
1790344855.388072,1.6515740135218948
1790344855.4534457,1.6702509892638773
1790344855.457611,1.4784550003241748
1790344855.474677,1.7659379809629172
1790344855.4931746,1.638062996789813
1790344855.4973004,1.6012240084819496
1790344855.4981136,1.42114597838372
1790344855.5158815,1.5586759836878628
1790344855.5239158,1.5533690166193992
1790344855.5290716,1.7450320010539144
1790344855.6136734,1.797278004232794
1790344855.6169963,1.5909339999780059
1790344855.6709077,1.740334992064163
1790344855.7343261,1.8122369947377592
1790344855.753982,1.7545750015415251
1790344855.7749703,1.7834260070230812
1790344855.7810957,1.5891359944362193
1790344855.7846777,1.2746930005960166
1790344855.81318,1.6605340060777962
1790344855.825044,1.468684000428766
1790344855.8706794,1.6074150044005364
1790344855.8883743,1.4823359961155802
1790344855.9229653,1.8695940088946372
1790344855.9403415,1.7086289881262928
1790344855.9643235,1.7436210182495415
1790344855.9930527,1.739839994115755
1790344856.0031102,1.4259549789130688
1790344856.0419145,2.0829979912377894
1790344856.0478544,2.160092000849545
1790344856.0950236,1.8732970056589693
1790344856.1171873,1.8093980033881962
1790344856.1306732,1.8259960052091628
1790344856.1417882,2.030022005783394
1790344856.1559834,1.7544919974170625
1790344856.164284,2.1646670065820217
1790344856.1762717,1.820861012674868
1790344856.3229566,1.948560995515436
1790344856.3393989,1.7283099878113717
1790344856.3583665,1.6978179919533432
1790344856.3788357,1.975919003598392
1790344856.3891559,1.3396319991443306
1790344856.4203334,1.533324015326798
1790344856.4476647,1.6348649805877358
1790344856.4924843,1.6828189836815
1790344856.5283098,1.7738199967425317
1790344856.5416822,1.5703359968028963
1790344856.5717332,1.7267130024265498
1790344856.5871649,1.5655489987693727
1790344856.6039517,1.7015339981298894
1790344856.653128,1.7370970163028687
1790344856.6668632,1.453887001844123
1790344856.7119143,1.789207017282024
1790344856.715336,1.3566080015152693
1790344856.732454,1.6439559985883534
1790344856.733336,1.5980610041879117
1790344856.7507815,1.6956669860519469
1790344856.7614715,1.5553470002487302
1790344856.801842,1.6936809988692403
1790344856.8169796,1.7644499894231558
1790344856.8437264,1.9385839987080544
1790344856.8593724,2.031803975114599
1790344856.8621886,1.455983001505956
1790344856.892892,1.788871013559401
1790344856.930345,1.8445939931552857
1790344856.9306066,2.6042810059152544
1790344856.9503553,1.9116220064461231
1790344856.9674115,1.6994840116240084
1790344856.9750245,1.387708995025605
1790344856.982295,1.441855012672022
1790344856.9882596,1.1514129873830825
1790344856.9955394,1.9277419778518379
1790344857.0125353,2.396852010861039
1790344857.0256152,1.4503459970001131
1790344857.0405014,1.4107929891906679
1790344857.0615618,1.5564330096822232
1790344857.132262,1.802235987270251
1790344857.1382005,1.4516669907607138
1790344857.1470242,1.4077860105317086
1790344857.1650078,1.5355749928858131
1790344857.1994717,1.7517840024083853
1790344857.2297933,1.5603129868395627
1790344857.251736,2.2041980118956417
1790344857.2585642,1.2305070122238249
1790344857.2826962,1.8899889837484807
1790344857.327657,2.0595250243786722
1790344857.3755965,1.72444898635149
1790344857.393294,1.7216810083482414
1790344857.4337616,2.1308560098987073
1790344857.4607077,1.6744280001148582
1790344857.517355,1.6560110088903457
1790344857.5416412,2.0147670002188534
1790344857.5721068,2.0275609858799726
1790344857.6450105,1.8393640057183802
1790344857.6817641,1.7245159833692014
1790344857.6945233,2.7129219961352646
1790344857.6946065,2.345612010685727
1790344857.7226655,1.5805269940756261
1790344857.7436354,1.5355079958681017
1790344857.769262,1.5467350021936
1790344857.779494,1.264221005840227
1790344857.7865844,2.0027830032631755
1790344857.7888448,1.623079995624721
1790344857.8233366,1.865722006186843
1790344857.8439536,1.6851099790073931
1790344857.8543108,1.524360995972529
1790344857.8590999,1.1775209859479219
1790344857.8649356,1.2575850123539567
1790344857.8812888,1.4750979898963124
1790344858.0064456,1.7118190007749945
1790344858.0352888,1.7938539967872202
1790344858.0459335,1.9956730247940868
1790344858.0673969,1.749068993376568
1790344858.0832455,2.1659609919879586
1790344858.0835793,1.8550579843576998
1790344858.090431,1.4224050100892782
1790344858.2065423,1.7711020191200078
1790344858.2208233,1.5528950025327504
1790344858.239684,1.6425000212620944
1790344858.2683573,1.7332409915979952
1790344858.309781,1.7866519920062274
1790344858.3372912,1.6550429863855243
1790344858.3602316,1.557659008540213
1790344858.4238722,1.6817239811643958
1790344858.4371605,1.4555199886672199
1790344858.457855,1.930970000103116
1790344858.4716105,1.5720659866929054
1790344858.4922175,1.7630129877943546
1790344858.5295947,1.8438409897498786
1790344858.5392218,1.6541139921173453
1790344858.5500805,1.5098760195542127
1790344858.5820386,1.601358992047608
1790344858.623859,1.8185469962190837
1790344858.6289244,1.3085390091873705
1790344858.661171,1.8909299978986382
1790344858.7517116,1.8090929952450097
1790344858.76847,1.593858003616333
1790344858.7863665,1.6365860064979643
1790344858.8198838,1.6117169870994985
1790344858.847786,2.068925998173654
1790344858.8615181,1.896711008157581
1790344858.862852,1.3248429750092328
1790344858.8786745,1.8604760116431862
1790344858.8787413,2.656241995282471
1790344858.903189,1.7572150100022554
1790344858.9267747,1.4465129934251308
1790344858.972617,1.7684100021142513
1790344859.054464,1.677849009865895
1790344859.0655642,1.374416024191305
1790344859.0660791,1.3370689994189888
1790344859.0785995,1.3449119869619608
1790344859.1145487,2.138756011845544
1790344859.1169617,1.204985979711637
1790344859.1384614,1.7204330069944263
1790344859.1699824,1.6464939981233329
1790344859.1786895,1.462706015445292
1790344859.1945882,1.8072340171784163
1790344859.233232,1.7590569914318621
1790344859.2769268,1.7014440090861171
1790344859.2952883,1.5308689908124506
1790344859.3403015,1.6533660236746073
1790344859.3512523,1.3818180013913661
1790344859.3761144,1.6311010112985969
1790344859.4376955,1.7357839969918132
1790344859.4453952,1.7885359993670136
1790344859.4462733,1.738154998747632
1790344859.4470148,1.444392022676766
1790344859.4616218,1.5233699814416468
1790344859.4639006,1.4620829897467047
1790344859.4992948,1.7159570124931633
1790344859.5201042,1.832135021686554
1790344859.526592,1.727278984617442
1790344859.5699558,1.7279099847655743
1790344859.5847187,1.8192809948232025
1790344859.6118774,1.7751719860825688
1790344859.6338272,1.719635009067133
1790344859.649434,2.0140029955655336
1790344859.6616323,1.3801439781673253
1790344859.6640954,1.497163000749424
1790344859.6752229,1.278451003599912
1790344859.6873446,1.882393000414595
1790344859.7092862,1.633504987694323
1790344859.7103317,1.7115059890784323
1790344859.7194307,1.2055310071446002
1790344859.7322493,1.4611840015277267
1790344859.7444806,1.5491960220970213
1790344859.857825,1.7245140043087304
1790344859.8814273,1.6894240106921643
1790344859.94183,1.7854190082289279
1790344859.96132,1.6268120089080185
1790344860.0626538,1.679727982264012
1790344860.085313,1.5856839891057462
1790344860.1163435,1.5981649921741337
1790344860.147766,1.5946530038490891
1790344860.201163,1.768125017406419
1790344860.2577374,1.8146130023524165
1790344860.2804916,1.5510889934375882
1790344860.3202138,1.7426629783585668
1790344860.3352046,1.6124050016514957
1790344860.3463283,1.4918189845047891
1790344860.4032488,2.0135669910814613
1790344860.4421012,1.7892020114231855
1790344860.4459643,1.6296250105369836
1790344860.4490895,1.2840749986935407
1790344860.4808443,2.038998994976282
1790344860.4820507,1.1969819897785783
1790344860.503547,1.7512060003355145
1790344860.517315,1.5491480007767677
1790344860.5287285,1.392420002957806
1790344860.5465617,1.39615498483181
1790344860.5672128,1.6301050200127065
1790344860.5756447,1.2727649882435799
1790344860.5947998,1.3983359967824072
1790344860.6155066,1.5387140156235546
1790344860.6166542,1.1382389930076897
1790344860.6353378,1.518263976322487
1790344860.665205,1.638499990804121
1790344860.6893616,1.7215219850186259
1790344860.7816567,1.8210639827884734
1790344860.8145385,2.550453005824238
1790344860.827523,2.4020499840844423
1790344860.8449225,1.99877901468426
1790344860.846963,1.8016730027738959
1790344860.8881888,1.8074740073643625
1790344860.9100304,1.6735849785618484
1790344860.9510756,2.050472015980631
1790344860.9571023,2.5294020015280694
1790344860.9580867,2.038987004198134
1790344861.0798693,1.792307011783123
1790344861.0978303,1.5923730097711086
1790344861.1854687,1.91713499953039
1790344861.2146888,1.7076359945349395
1790344861.2514765,1.714067009743303
1790344861.2915115,2.022431988734752
1790344861.2941413,1.3145410048309714
1790344861.2952363,1.0888820106629282
1790344861.3051484,1.3699640112463385
1790344861.3143547,1.4637729909736663
1790344861.3217945,1.1611950176302344
1790344861.3337371,1.4663409965578467
1790344861.3463802,1.4110580086708069
1790344861.3530416,1.178206002805382
1790344861.3728588,1.6134920006152242
1790344861.4338276,1.7964649887289852
1790344861.4617505,1.5681689837947488
1790344861.4802291,1.6490480047650635
1790344861.524358,1.6950129938777536
1790344861.5735826,2.269830001750961
1790344861.5932002,1.8618830072227865
1790344861.612956,1.6078379994723946
1790344861.6234949,1.413725025486201
1790344861.6383476,1.3766299816779792
1790344861.6470218,1.2582500057760626
1790344861.65919,1.4527309976983815
1790344861.6795022,1.543974009109661
1790344861.6812956,1.5336319920606911
1790344861.691544,1.4514699869323522
1790344861.7038848,1.5912149974610656
1790344861.7216516,1.565162994666025
1790344861.731321,1.509566995082423
1790344861.779687,1.7920240061357617
1790344861.8323507,1.8884419987443835
1790344861.8465147,1.6622830007690936
1790344861.8591464,1.766375993611291
1790344861.8592181,2.397041011136025
1790344861.8970187,1.784824999049306
1790344861.900609,1.214821997564286
1790344862.0269418,63.50833101896569
1790344862.1446452,182.05990199930966
1790344862.1547754,190.7425190147478
1790344862.159359,109.70992399961688
1790344862.1596942,199.53942400752567
1790344862.1605358,106.50354498648085
1790344862.1614444,35.979366017272696
1790344862.1615174,200.07968798745424
1790344862.1615796,65.74036699021235
1790344862.1863847,1.507100008893758
1790344862.1892202,1.1762279900722206
1790344862.2141855,1.5547130024060607
1790344862.2355933,1.546665997011587
1790344862.2618542,1.7996489768847823
1790344862.271521,1.4464289997704327
1790344862.2750328,1.244828017661348
1790344862.2886949,1.5419800183735788
1790344862.312934,1.6451519913971424
1790344862.3359702,1.9114809983875602
1790344862.3750527,1.6056280001066625
1790344862.4036882,1.764833985362202
1790344862.4348402,2.2412569960579276
1790344862.4365466,1.6919570043683052
1790344862.4419332,1.2892099912278354
1790344862.4729633,1.7433440079912543
1790344862.4874747,1.5682369994465262
1790344862.5104973,1.7387040134053677
1790344862.5370743,2.2910670086275786
1790344862.5409474,1.3173359911888838
1790344862.575337,1.8536449933890253
1790344862.632914,1.7263040062971413
1790344862.6366851,1.2078919971827418
1790344862.6533642,1.7069370078388602
1790344862.6703055,1.4554600056726485
1790344862.7057362,1.8402330169919878
1790344862.7336185,1.7873249889817089
1790344862.747402,1.5627600078005344
1790344862.753206,1.7765109951142222
1790344862.7721245,1.687501004198566
1790344862.8230698,2.074486023047939
1790344862.8534594,1.9497089961078018
1790344862.9434066,1.8896120018325746
1790344862.9477181,1.2327570002526045
1790344862.9559193,2.794976986479014
1790344862.9627392,1.69553401065059
1790344862.9859831,1.6303040029015392
1790344862.9981241,1.6591449966654181
1790344863.0053744,1.4041970134712756
1790344863.099486,1.68199697509408
1790344863.1392493,2.0708260126411915
1790344863.1694791,2.1978729928378016
1790344863.1710176,1.5278240025509149
1790344863.1796033,1.424296002369374
1790344863.3068461,2.7235719899181277
1790344863.3069365,2.202764997491613
1790344863.3096995,1.40288399416022
1790344863.312331,1.2954499979969114
1790344863.3270066,1.4543279830832034
1790344863.4042041,1.6639399982523173
1790344863.408531,1.5834950027056038
1790344863.4193516,1.4949810283724219
1790344863.4376712,1.8258600030094385
1790344863.4421172,1.347251993138343
1790344863.4831161,2.1944819891359657
1790344863.5129426,1.85784199857153
1790344863.5271163,1.86355400364846
1790344863.5304594,1.40363399987109
1790344863.5371494,1.380803994834423
1790344863.5407672,1.3456880114972591
1790344863.5590963,1.5492210222873837
1790344863.60362,1.777105004293844
1790344863.635382,1.7212470120284706
1790344863.6405156,1.6489349945914
1790344863.6413484,1.6085669922176749
1790344863.6447897,1.13612599670887
1790344863.6498044,1.1162640003021806
1790344863.6640468,1.4453870244324207
1790344863.6802034,1.6007740050554276
1790344863.7347252,1.8096870044246316
1790344863.7519898,1.6756129916757345
1790344863.7805114,1.7063360137399286
1790344863.7841327,1.746419002301991
1790344863.79547,1.3573510223068297
1790344863.8639817,1.7364610102958977
1790344863.8848867,2.1063530002720654
1790344863.900342,1.6401750035583973
1790344863.9433568,2.8655620117206126
1790344863.9541156,1.6426869842689484
1790344863.9697788,1.5453350206371397
1790344864.0193233,2.168566978070885
1790344864.036642,1.527906977571547
1790344864.040914,1.369545003399253
1790344864.155668,2.0163249864708632
1790344864.1795192,1.705659000435844
1790344864.2044055,1.7562219873070717
1790344864.2597709,1.7475539934821427
1790344864.285702,1.7367160180583596
1790344864.2998917,2.003760018851608
1790344864.3037477,1.414231985108927
1790344864.3261576,1.683990005403757
1790344864.3431785,1.88194599468261
1790344864.3741062,1.779938000254333
1790344864.3871589,1.5064019826240838
1790344864.3953862,1.1838969949167222
1790344864.415997,2.1261160145513713
1790344864.4378316,1.6337020206265152
1790344864.4706833,1.678939996054396
1790344864.4807816,1.28786702407524
1790344864.486318,1.1664100165944546
1790344864.5206342,1.6012960113584995
1790344864.6440737,1.8798349774442613
1790344864.6582885,1.5893930103629827
1790344864.68982,1.6506609972566366
1790344864.7041972,1.6017649904824793
1790344864.735746,1.7253629921469837
1790344864.7690678,1.6278369876090437
1790344864.7955284,1.5025440079625696
1790344864.8045762,2.519300003768876
1790344864.9203286,1.9338539859745651
1790344864.9251137,1.3579640071839094
1790344864.9492285,2.653022005688399
1790344865.0278,1.8705160182435066
1790344865.031739,1.1847770074382424
1790344865.0339618,1.6554579779040068
1790344865.049769,1.4558820112142712
1790344865.079594,1.493874005973339
1790344865.1199427,1.6167800058610737
1790344865.123378,1.1930619948543608
1790344865.1648898,2.0240250159986317
1790344865.17645,1.391968980897218
1790344865.2038798,1.7363469814881682
1790344865.2175672,1.424860005499795
1790344865.2803204,1.6770189977250993
1790344865.2978697,1.7575359961483628
1790344865.3179617,1.8358640081714839
1790344865.359484,1.7136230017058551
1790344865.3724482,1.7968879838008434
1790344865.379193,1.3183440023567528
1790344865.4066172,1.5405860031023622
1790344865.4243395,2.1718450007028878
1790344865.438388,1.7659039876889437
1790344865.4425242,1.5193719882518053
1790344865.4835835,1.7668539949227124
1790344865.5005095,2.1654960000887513
1790344865.5051997,1.6393570112995803
1790344865.5478814,1.7737180169206113
1790344865.6003275,1.954726001713425
1790344865.6116037,1.683940994553268
1790344865.6263604,1.7501700203865767
1790344865.6356025,1.8646190001163632
1790344865.6394286,2.337685989914462
1790344865.681114,3.871461987728253
1790344865.714941,2.30071201804094
1790344865.7379427,1.8508060020394623
1790344865.7502227,1.6378359869122505
1790344865.7974787,1.685853989329189
1790344865.8026435,1.256224000826478
1790344865.882848,4.202034993795678
1790344865.8912497,1.9151279993820935
1790344865.9168482,2.1903029992245138
1790344866.005165,1.8283329845871776
1790344866.0212405,1.6094029997475445
1790344866.082413,4.7983450058382004
1790344866.1448781,5.877474992303178
1790344866.165827,3.146550996461883
1790344866.2009082,5.307348998030648
1790344866.2157617,2.9386560199782252
1790344866.2319324,2.601607993710786
1790344866.232617,2.257318003103137
1790344866.247039,2.620960003696382
1790344866.3002634,1.6277569811791182
1790344866.4375033,10.518184979446232
1790344866.4377806,8.66974500240758
1790344866.4390805,1.9988900166936219
1790344866.4391541,5.771733005531132
1790344866.4446766,1.1429120204411447
1790344866.4489677,1.1610719957388937
1790344866.4501073,1.0386009817011654
1790344866.478896,3.9270940178539604
1790344866.6050944,7.966603996464983
1790344866.6051857,12.352375983027741
1790344866.6057892,2.758679009275511
1790344866.6370125,6.373549986165017
1790344866.6370995,4.783103009685874
1790344866.6403925,1.7458299989812076
1790344866.7220588,8.022382011404261
1790344866.72529,7.9374819761142135
1790344866.7289321,1.899839990073815
1790344866.7376935,2.7009969926439226
1790344866.756612,5.273846996715292
1790344866.7820404,1.5077359857968986
1790344866.848539,1.7426190024707466
1790344866.8746233,1.6260030097328126
1790344866.8874843,1.2461809965316206
1790344866.9438515,3.421217988943681
1790344867.0087554,5.5187180114444345
1790344867.0181227,2.9615630046464503
1790344867.0302942,5.989238998154178
1790344867.0316627,10.19684100174345
1790344867.0328648,6.983144994592294
1790344867.0828452,4.514870001003146
1790344867.0892682,3.0664530058857054
1790344867.1279767,4.303555004298687
1790344867.1361952,4.7218590043485165
1790344867.1545444,6.462587974965572
1790344867.160294,2.848308999091387
1790344867.1824841,5.364267999539152
1790344867.1956642,4.77145699551329
1790344867.2048886,3.800741978920996
1790344867.217909,3.9172260148916394
1790344867.218033,5.482110020238906
1790344867.2312958,2.634700998896733
1790344867.231362,3.6158649891149253
1790344867.2552135,2.9368530085776
1790344867.2584245,1.9577960192691535
1790344867.2810001,3.3200439938809723
1790344867.2819424,3.1185240077320486
1790344867.282,2.1742029930464923
1790344867.2954688,1.776050019543618
1790344867.313921,2.867863979190588
1790344867.3299637,2.9974109784234315
1790344867.3924937,5.202686996199191
1790344867.4205048,4.289292002795264
1790344867.450915,3.608460974646732
1790344867.4608767,2.0836589974351227
1790344867.4802418,2.8436550055630505
1790344867.486938,1.654429011978209
1790344867.513616,1.604467019205913
1790344867.5813797,1.6848600062076002
1790344867.6016233,1.480484992498532
1790344867.625069,1.7914230120368302
1790344867.6262958,1.2167269887868315
1790344867.6395268,1.6614869819022715
1790344867.648968,1.2438810081221163
1790344867.6506705,1.0647239978425205
1790344867.7213085,3.7526540108956397
1790344867.7375727,3.7353950028773397
1790344867.7552001,1.7341790080536157
1790344867.770268,3.0694000015500933
1790344867.7815835,3.9855199865996838
1790344867.8640132,3.270082001108676
1790344867.864116,4.2258379980921745
1790344867.8760204,2.5290070043411106
1790344867.8784351,1.8822300189640373
1790344867.9131052,1.7953719943761826
1790344867.9168825,1.4513259811792523
1790344867.9347622,1.8612240091897547
1790344867.9951434,4.768802027683705
1790344868.0763562,2.349599002627656
1790344868.1041095,5.7046480069402605
1790344868.136022,2.4827360175549984
1790344868.1798437,3.7787580222357064
1790344868.1799707,8.152286987751722
1790344868.292795,5.740713997511193
1790344868.3552146,5.026106984587386
1790344868.3561797,3.257546020904556
1790344868.3613837,1.702779991319403
1790344868.375135,4.6672339958604425
1790344868.3832824,3.124864975688979
1790344868.4545603,5.291187990223989
1790344868.4854712,2.435002999845892
1790344868.4882224,1.8320480012334883
1790344868.5048013,2.836272004060447
1790344868.5105436,2.050241979304701
1790344868.515623,2.4650730192661285
1790344868.7070487,5.328500003088266
1790344868.7142904,1.9139770010951906
1790344868.7207928,1.6228020249400288
1790344868.733195,1.9233860075473785
1790344868.7618601,3.3859710092656314
1790344868.8407044,1.9193699990864843
1790344868.8630939,1.752926007611677
1790344868.9443913,5.006858002161607
1790344868.9448981,2.14708098792471
1790344868.9905276,7.932598004117608
1790344869.037695,6.85802599764429
1790344869.0397837,5.864480015588924
1790344869.0615427,2.944897976703942
1790344869.0836096,4.837516986299306
1790344869.086944,3.3125579939223826
1790344869.1086025,2.27667301078327
1790344869.1370556,4.025219997856766
1790344869.1524217,3.844252001727
1790344869.1853926,5.680237984051928
1790344869.2363129,3.0868269968777895
1790344869.3372118,5.5498020083177835
1790344869.3400407,2.3251640086527914
1790344869.3837314,3.893151006195694
1790344869.392349,2.5913669960573316
1790344869.4682794,4.847982985666022
1790344869.4888108,3.8034339959267527
1790344869.5094435,7.216927013359964
1790344869.5095582,4.487706028157845
1790344869.5425482,4.865133989369497
1790344869.581939,6.019749998813495
1790344869.6666486,7.430661004036665
1790344869.6674862,3.711313009262085
1790344869.6815894,1.4857219939585775
1790344869.6993387,3.1844539917074144
1790344869.7125409,2.2006950166542083
1790344869.7524595,4.391430993564427
1790344869.7564049,3.5261989978607744
1790344869.768494,3.1150010181590915
1790344869.7873354,3.3740969956852496
1790344869.807981,4.138630989473313
1790344869.8128743,2.0876170019619167
1790344869.8245246,3.261120989918709
1790344869.9102507,4.766127996845171
1790344869.9253428,2.5686610024422407
1790344869.963113,4.010848002508283
1790344870.0169885,6.114307994721457
1790344870.0311651,5.096212000353262
1790344870.0320296,2.912210999056697
1790344870.0926783,5.2619019988924265
1790344870.1186678,5.458768981043249
1790344870.1231773,2.9610199853777885
1790344870.146787,5.525423010112718
1790344870.2155404,6.888962001539767
1790344870.2382474,2.806464006425813
1790344870.24915,3.039172006538138
1790344870.302728,1.9669119792524725
1790344870.334705,1.7247340001631528
1790344870.3476446,1.9686699961312115
1790344870.3551164,1.821193000068888
1790344870.3847084,2.1918650018051267
1790344870.4224741,2.1859580010641366
1790344870.4518638,2.337933983653784
1790344870.4674618,2.4969090009108186
1790344870.4676063,3.3548919891472906
1790344870.5038548,1.6735770041123033
1790344870.5155947,1.4068969758227468
1790344870.5512516,1.6336349945049733
1790344870.5986505,1.6910559788811952
1790344870.6529372,1.8520989979151636
1790344870.6844718,1.7816449981182814
1790344870.7007039,1.7500329995527864
1790344870.7068477,1.4395789767149836
1790344870.7073648,1.2391050113365054
1790344870.7139065,1.4642280002590269
1790344870.7591367,1.8593110144138336
1790344870.7804732,1.5439279959537089
1790344870.8047934,2.013944002101198
1790344870.8065445,1.5231440193019807
1790344870.8364344,1.7895440105348825
1790344870.84456,1.5837170067243278
1790344870.9267888,1.7585710156708956
1790344870.9526994,2.133036992745474
1790344870.9537945,1.5021449944470078
1790344871.0108664,1.648114004638046
1790344871.049449,1.7530889890622348
1790344871.0558174,1.502915023593232
1790344871.101015,1.666941010626033
1790344871.1033947,1.294749992666766
1790344871.1136894,1.517112978035584
1790344871.1263158,1.3648029998876154
1790344871.1464417,1.497863995609805
1790344871.1560416,1.7162940057460219
1790344871.179401,1.4246749924495816
1790344871.2248135,1.8109160009771585
1790344871.2352984,2.576319995569065
1790344871.2360919,1.6461109917145222
1790344871.3081157,1.6590359737165272
1790344871.3125627,1.1920429824385792
1790344871.3319805,1.5427940234076232
1790344871.3927078,1.6398640000261366
1790344871.4266298,1.827388012316078
1790344871.439273,1.4901739777997136
1790344871.4447217,1.5097309951670468
1790344871.4654222,1.437603001249954
1790344871.471552,1.4370249991770834
1790344871.4790878,1.4268159866333008
1790344871.492104,1.3924099912401289
1790344871.5290852,1.6860640025697649
1790344871.5336626,1.419589010765776
1790344871.557982,1.9035639998037368
1790344871.5747643,1.6705850139260292
1790344871.612514,1.685916999122128
1790344871.6175957,1.3483049988280982
1790344871.6331632,1.6715859819669276
1790344871.6370237,1.2567009835038334
1790344871.6707397,1.6301169816870242
1790344871.7430272,1.8483049934729934
1790344871.766867,1.7537559906486422
1790344871.7712545,1.2384000001475215
1790344871.8011165,2.496414992492646
1790344871.8024912,1.496557000791654
1790344871.8108075,1.5286139969248325
1790344871.8269594,1.4874199987389147
1790344871.835455,1.225386979058385
1790344871.8916411,1.7460929811932147
1790344871.8982608,1.3304099848028272
1790344871.9344916,1.8625119992066175
1790344871.9518242,1.700688007986173
1790344871.9856305,1.6162749961949885
1790344872.0427122,1.9322890148032457
1790344872.0734284,1.8367790034972131
1790344872.0757658,1.4546489983331412
1790344872.0835826,1.3970599975436926
1790344872.1043103,1.8918520072475076
1790344872.1404386,1.800789003027603
1790344872.170728,1.5740100061520934
1790344872.1867456,1.7286549846176058
1790344872.2226665,2.0139349799137563
1790344872.2241485,1.4700540050398558
1790344872.2694874,1.9326499896124005
1790344872.299744,1.907872996525839
1790344872.3539767,1.7160569841507822
1790344872.382881,1.840923010604456
1790344872.3913822,1.4961609849706292
1790344872.4377782,1.8240439821965992
1790344872.4590812,1.6283330041915178
1790344872.4964237,1.9302320142742246
1790344872.5228152,2.2667500015813857
1790344872.522874,3.0053730006329715
1790344872.5738606,1.977528998395428
1790344872.621898,1.871597021818161
1790344872.656665,1.7572559881955385
1790344872.659238,1.2744769919663668
1790344872.7420192,2.0685410127043724
1790344872.750266,1.426128001185134
1790344872.7623365,1.4419880171772093
1790344872.7669685,1.31425799918361
1790344872.8279734,2.006530005019158
1790344872.9063435,1.779482001438737
1790344872.9126112,1.4133200165815651
1790344872.9470968,1.6645419818814844
1790344872.952542,1.1629769869614393
1790344873.0109394,1.5607739915139973
1790344873.075389,1.631003979127854
1790344873.0937476,2.125851984601468
1790344873.1236815,1.9690810004249215
1790344873.1288168,1.4504620048683137
1790344873.1327696,1.217326003825292
1790344873.142103,1.2879209825769067
1790344873.1576495,1.3919619959779084
1790344873.194425,1.6741750005166978
1790344873.2716637,1.859708980191499
1790344873.2765617,1.6227029846049845
1790344873.2877357,1.3252480130176991
1790344873.309075,1.6469940019305795
1790344873.330717,1.6095849859993905
1790344873.339133,1.6108010022435337
1790344873.3402803,1.1385779944248497
1790344873.3569098,1.4024620177224278
1790344873.3709881,1.6196859942283481
1790344873.3993397,2.0786839886568487
1790344873.479611,1.973107981029898
1790344873.5543337,1.9352360104676336
1790344873.5810628,1.8975819984916598
1790344873.597426,1.9067369867116213
1790344873.605128,1.7341499915346503
1790344873.6416786,1.7028700094670057
1790344873.6477644,1.4427310088649392
1790344873.6804976,1.5430910279974341
1790344873.7821589,1.8897770205512643
1790344873.7840588,1.3465889787767082
1790344873.7905834,1.3147930148988962
1790344873.8457336,1.7561489949002862
1790344873.8606694,1.6348919889423996
1790344873.8681083,1.332565996563062
1790344873.888822,1.826378022087738
1790344873.8915753,1.3642630074173212
1790344873.9432766,1.8599480099510401
1790344873.9652362,1.7289860115852207
1790344873.9714892,1.2719850055873394
1790344873.9735756,1.1738809989765286
1790344873.9861004,1.8599629984237254
1790344874.0027745,1.6895909793674946
1790344874.109027,1.6325019823852926
1790344874.1147833,1.2452130031306297
1790344874.151334,1.7051300092134625
1790344874.196259,1.6189840098377317
1790344874.2272985,1.7419920186512172
1790344874.2307177,1.282002020161599
1790344874.296945,1.7158739792648703
1790344874.3231118,1.8773290212266147
1790344874.3323913,1.522197009762749
1790344874.4309814,1.757596997777
1790344874.44047,1.3995209883432835
1790344874.4689374,2.0374459854792804
1790344874.4898434,1.7450630257371813
1790344874.5571268,1.7576440004631877
1790344874.5842426,1.6165639972314239
1790344874.5973747,1.872754015494138
1790344874.644328,1.7098929965868592
1790344874.6935346,1.9377050048206002
1790344874.7486994,1.8070789810735732
1790344874.75132,1.5774579951539636
1790344874.8016112,1.9228000019211322
1790344874.8312426,1.6014199936762452
1790344874.8424923,1.4618299901485443
1790344874.8851962,1.6935930179897696
1790344874.9755032,2.4285439867526293
1790344874.9756098,2.614433004055172
1790344874.9770062,1.0585919953882694
1790344874.979593,1.3925939856562763
1790344875.005994,1.6593860054854304
1790344875.1086545,2.7314100007060915
1790344875.1087282,2.0891550229862332
1790344875.1218545,1.993077021325007
1790344875.127295,1.912250998429954
1790344875.1311848,1.6324580064974725
1790344875.1625447,1.9441490003373474
1790344875.1916223,1.9103239756077528
1790344875.2030869,2.1352100011426955
1790344875.2414799,2.109035005560145
1790344875.2543921,1.7298239981755614
1790344875.259536,1.1949950130656362
1790344875.2731872,1.4006929995957762
1790344875.3031855,1.56934600090608
1790344875.307425,1.3179010129533708
1790344875.3139553,1.3746729819104075
1790344875.3150525,1.0889630066230893
1790344875.3401816,1.933810010086745
1790344875.3440669,1.3990379811730236
1790344875.3472667,1.1945169826503843
1790344875.4161885,2.0755750010721385
1790344875.4532394,2.20503201126121
1790344875.4678423,1.4809200074523687
1790344875.4952385,1.6965850081760436
1790344875.5459945,1.8197820172645152
1790344875.5555775,1.5388629981316626
1790344875.563008,1.3736079854425043
1790344875.5668163,1.3011879927944392
1790344875.5786562,1.4909279998391867
1790344875.6592424,1.880670984974131
1790344875.675571,1.7213289975188673
1790344875.6866426,1.4335820160340518
1790344875.6909375,1.4786130050197244
1790344875.6991115,1.1907870066352189
1790344875.808924,2.5796170230023563
1790344875.829811,3.598557988880202
1790344875.8298683,3.413430997170508
1790344875.8412604,1.291309017688036
1790344875.8812616,2.346471999771893
1790344875.8824623,2.3994460061658174
1790344875.8825386,3.0063379963394254
1790344875.9302967,1.7087689775507897
1790344875.959279,1.72923001809977
1790344875.9621503,1.1800749925896525
1790344876.0023274,1.9350640068296343
1790344876.0292733,1.6748640045989305
1790344876.0823143,1.59923400497064
1790344876.1841354,1.6585239791311324
1790344876.2449846,1.70796801103279
1790344876.2569442,1.4529599866364151
1790344876.302555,1.981674984563142
1790344876.3297572,1.8536830029916018
1790344876.3590853,1.8112580000888556
1790344876.371687,1.4476249925792217
1790344876.38504,1.598935981746763
1790344876.3954175,1.4618340064771473
1790344876.41366,1.563369994983077
1790344876.4787495,50.16265498124994
1790344876.4788725,21.99911800562404
1790344876.4791696,8.752889989409596
1790344876.4836118,1.4965289738029242
1790344876.4947712,1.646499993512407
1790344876.507745,1.4173910021781921
1790344876.558808,1.7769150144886225
1790344876.6788309,1.8068169883918017
1790344876.6838467,1.7060660175047815
1790344876.6958983,1.3441320043057203
1790344876.69914,1.469917013309896
1790344876.710086,1.46883400157094
1790344876.7147534,1.5396630042232573
1790344876.7192154,1.2387310271151364
1790344876.7220347,1.1522379936650395
1790344876.7608006,1.9084160157945007
1790344876.7934237,2.0373190054669976
1790344876.7944436,1.9911729905288666
1790344876.796841,1.3565260160248727
1790344876.7997046,1.2993690033908933
1790344876.849022,1.585373014677316
1790344876.8566077,1.3786680065095425
1790344876.8734186,1.656220993027091
1790344876.887342,1.5140539908315986
1790344876.888683,1.2333210033830255
1790344876.9014246,1.4399969950318336
1790344876.9092808,2.2981119982432574
1790344876.9100037,1.7371260037180036
1790344876.9198132,1.3792600075248629
1790344876.9209619,1.1406320263631642
1790344876.9598646,1.8687729898374528
1790344877.0177495,1.860871008830145
1790344877.023565,1.680506975390017
1790344877.0299451,1.1967229947913438
1790344877.0353801,1.7963059945032
1790344877.0383172,1.3739190180785954
1790344877.1054835,1.789279980584979
1790344877.1069834,1.1963899887632579
1790344877.1750638,1.6507610271219164
1790344877.1982083,1.5952349931467324
1790344877.206493,1.4102190034464002
1790344877.2288942,2.1701150108128786
1790344877.2317393,1.4776730095036328
1790344877.2568157,1.5561250038444996
1790344877.2652116,1.3777640124317259
1790344877.3395343,2.127621992258355
1790344877.3593426,1.5880799910519272
1790344877.3710728,1.811845024349168
1790344877.3729095,1.2564230128191411
1790344877.391068,1.4450500020757318
1790344877.4069903,1.515162002760917
1790344877.4125745,1.3564320106524974
1790344877.4188163,1.3600380043499172
1790344877.4259932,1.3743129966314882
1790344877.463008,2.032124000834301
1790344877.4817731,2.1201329946052283
1790344877.4828238,1.7519789980724454
1790344877.5012853,1.4359019987750798
1790344877.5316582,1.5797399973962456
1790344877.5448766,1.473773008910939
1790344877.5491362,1.1626810010056943
1790344877.5610166,1.593715016497299
1790344877.5975232,1.7751239938661456
1790344877.5989256,1.3913040165789425
1790344877.6131296,1.6035290027502924
1790344877.6391747,1.5893180097918957
1790344877.641103,1.1810339929070324
1790344877.6768486,1.9480680057313293
1790344877.679223,1.284466008655727
1790344877.6982062,1.56627397518605
1790344877.7060075,1.6232549969572574
1790344877.7144446,1.5020990103948861
1790344877.7516277,1.5833750076126307
1790344877.772601,1.5551259857602417
1790344877.805581,1.728978008031845
1790344877.8140671,1.6857849841471761
1790344877.845861,2.135098009603098
1790344877.8635564,1.690220000455156
1790344877.8811302,1.5920559817459434
1790344877.9243515,1.7169509956147522
1790344877.941953,1.5418959956150502
1790344877.9999871,1.6720670100767165
1790344878.0700235,1.8211080168839544
1790344878.10166,1.7327740206383169
1790344878.1335022,1.7164610035251826
1790344878.172531,1.8167960224673152
1790344878.2447116,1.7449430015403777
1790344878.2500017,1.6121249936986715
1790344878.2955427,1.667948003159836
1790344878.301444,1.2688020069617778
1790344878.3053489,1.336923975031823
1790344878.314046,1.2494859984144568
1790344878.3506596,1.6706220048945397
1790344878.3942585,1.9234310020692647
1790344878.4122524,1.6093809972517192
1790344878.4638917,1.8932480015791953
1790344878.4881716,2.674004004802555
1790344878.4888804,1.7159130075015128
1790344878.5659554,1.8587360100355
1790344878.6812685,1.7661830061115324
1790344878.6856568,1.5209679841063917
1790344878.7171786,1.6569410217925906
1790344878.72322,1.5999320021364838
1790344878.7929165,1.9368049979675561
1790344878.8137631,1.6328790225088596
1790344878.819465,1.1236759892199188
1790344878.8282447,1.2181980127934366
1790344878.8304248,1.0778279975056648
1790344878.8375742,1.319779985351488
1790344878.8607104,1.5895150136202574
1790344878.8651628,2.2662270057480782
1790344878.8652153,1.7014819895848632
1790344878.868843,1.4298740134108812
1790344878.8739595,1.2851200008299202
1790344878.9039993,2.0875630143564194
1790344878.9066079,1.5306809800677001
1790344878.9129894,1.3400180032476783
1790344878.977614,1.6595159831922501
1790344878.9986978,1.6122329980134964
1790344879.0288656,1.6074870072770864
1790344879.0346572,1.231411995831877
1790344879.0856287,1.7393850139342248
1790344879.1158552,1.8738109793048352
1790344879.1386154,1.741083018714562
1790344879.1921895,1.652082020882517
1790344879.2060473,1.5669419954065233
1790344879.2096045,1.2774569913744926
1790344879.268213,1.6573560133110732
1790344879.2902613,1.582158001838252
1790344879.303391,1.520513993455097
1790344879.3106184,1.538853975944221
1790344879.31882,1.505555002950132
1790344879.323533,1.3253249926492572
1790344879.341088,1.7370589775964618
1790344879.3973286,1.9766239856835455
1790344879.568888,1.833401998737827
1790344879.5786405,1.413797988789156
1790344879.5941515,1.7327720124740154
1790344879.623157,1.8927649944089353
1790344879.6482594,1.8413030193187296
1790344879.7349186,1.7256109858863056
1790344879.745669,1.6116320039145648
1790344879.7503278,1.2325769930612296
1790344879.7971568,1.6935369931161404
1790344879.8054774,1.3790160010103136
1790344879.830515,2.8073000139556825
1790344879.8318443,2.568671014159918
1790344879.891129,2.0187009940855205
1790344879.9314086,1.9913790165446699
1790344879.9622037,2.346869994653389
1790344879.9965012,2.4233910080511123
1790344879.996578,3.050383005756885
1790344880.0047505,1.6267029859591275
1790344880.0123422,2.1115660201758146
1790344880.0189667,2.3774600122123957
1790344880.019038,2.5380949955433607
1790344880.0392456,1.6447759990114719
1790344880.0417554,1.1283909843768924
1790344880.0532894,1.311155006987974
1790344880.106684,1.799627993023023
1790344880.1257331,1.5519419976044446
1790344880.195718,1.835502014728263
1790344880.2271836,2.146415994502604
1790344880.2273543,2.7927700139116496
1790344880.295251,1.8135420104954392
1790344880.3320117,1.8644869851414114
1790344880.3656654,1.886202022433281
1790344880.3658302,2.771462983218953
1790344880.3771021,1.430831995094195
1790344880.3874052,1.5727120044175535
1790344880.4026482,1.883290009573102
1790344880.4195538,1.5545460046269
1790344880.4385777,1.5378690150100738
1790344880.446647,1.4825210091657937
1790344880.4481368,1.2041839945595711
1790344880.4873126,2.0432300225365907
1790344880.5226464,1.7361420032102615
1790344880.5455482,1.6455970180686563
1790344880.5611196,1.653755985898897
1790344880.5939903,1.7287390073761344
1790344880.6070027,1.4919429959263653
1790344880.6311257,1.835574978031218
1790344880.649789,1.5804379945620894
1790344880.6523058,1.3124510005582124
1790344880.6559625,1.4500780089292675
1790344880.706186,1.6997049970086664
1790344880.7108912,1.3717300025746226
1790344880.7248726,1.8715119804255664
1790344880.7255678,1.889639999717474
1790344880.7711768,1.8468080088496208
1790344880.7754252,1.5311299939639866
1790344880.83201,1.5813170175533742
1790344880.8363912,1.3057120086159557
1790344880.8677306,1.66089300182648
1790344880.878425,1.8550190143287182
1790344880.9073122,1.9402779871597886
1790344880.9122906,1.2725539854727685
1790344880.9296415,1.4474960044026375
1790344880.9794023,1.7548710166011006
1790344880.9824176,1.3408700178842992
1790344881.0111496,2.606586000183597
1790344881.011794,1.5024329768493772
1790344881.0241184,1.8229690031148493
1790344881.0375252,1.60636700456962
1790344881.1381872,2.2052470012567937
1790344881.154319,2.0580749842338264
1790344881.1728425,2.2565149993170053
1790344881.174428,1.5713910106569529
1790344881.1811502,1.8363429990131408
1790344881.2653835,1.5872479998506606
1790344881.2886124,1.852761022746563
1790344881.3003907,1.6043409996200353
1790344881.3062234,1.4295000000856817
1790344881.3075502,1.210707996506244
1790344881.3228292,1.952944992808625
1790344881.3245435,1.4884230040479451
1790344881.3312986,1.34747801348567
1790344881.3450475,1.3853889831807464
1790344881.3513951,1.1526280140969902
1790344881.3975089,1.6921790083870292
1790344881.4299653,1.7227449861820787
1790344881.4356709,1.3071630091872066
1790344881.4394965,1.3874410069547594
1790344881.4556932,1.4524769794661552
1790344881.4856637,1.7920969985425472
1790344881.5377674,1.6904219810385257
1790344881.5735047,1.9837470026686788
1790344881.5782082,1.2962879845872521
1790344881.583097,1.3439809845294803
1790344881.5948858,1.39712099917233
1790344881.643096,2.0100700203329325
1790344881.6443346,1.2295949854888022
1790344881.683961,1.7908719892147928
1790344881.7085521,1.5408429899252951
1790344881.7368965,1.8612670246511698
1790344881.7444155,1.458896993426606
1790344881.7577393,1.358758978312835
1790344881.7617779,1.3329990033525974
1790344881.7780354,1.5583740023430437
1790344881.788617,1.5886790060903877
1790344881.8168125,2.0906389981973916
1790344881.8187377,1.2472910166252404
1790344881.8361356,1.3931900030001998
1790344881.8530138,1.803738996386528
1790344881.877926,1.8354739877395332
1790344881.922629,2.0035159832332283
1790344881.9343345,1.9013970158994198
1790344881.9610865,1.5778150118421763
1790344882.0014064,2.3328520182985812
1790344882.0019531,1.5689449792262167
1790344882.025107,1.5956400020513684
1790344882.031317,1.362443988909945
1790344882.044555,1.4897209766786546
1790344882.075473,1.7664699989836663
1790344882.1142845,2.3693869879934937
1790344882.148928,1.7288759991060942
1790344882.1627817,1.4626160264015198
1790344882.169695,1.441247994080186
1790344882.1858978,1.4743520005140454
1790344882.2038562,1.7395590257365257
1790344882.2042327,2.624782995553687
1790344882.2270029,1.6522060032002628
1790344882.2308452,1.342903997283429
1790344882.264719,1.6755669785197824
1790344882.3095148,1.7807550029829144
1790344882.363258,1.7734419961925596
1790344882.3723457,1.7775669984985143
1790344882.3978944,1.8739820225164294
1790344882.404977,1.5370550099760294
1790344882.417137,1.3242580171208829
1790344882.4314122,2.4838400131557137
1790344882.43154,3.198143996996805
1790344882.469581,1.781285012839362
1790344882.4714072,1.1665589991025627
1790344882.586873,2.353424992179498
1790344882.5894356,1.4472799957729876
1790344882.6407573,1.5986100188456476
1790344882.657495,1.76899298094213
1790344882.6637805,1.3455240114126354
1790344882.6907651,1.942105998750776
1790344882.6915991,1.560942007927224
1790344882.7120445,2.0212290110066533
1790344882.7315314,1.9487300014588982
1790344882.74208,1.8433700024615973
1790344882.758681,1.9793770043179393
1790344882.7921498,1.6254349902737886
1790344882.7983809,1.5448850172106177
1790344882.8068304,1.434342993889004
1790344882.8416083,1.8043589952867478
1790344882.8436322,1.334995002252981
1790344882.8450117,1.1334659939166158
1790344882.8770623,1.673253980698064
1790344882.889968,1.5773780178278685
1790344882.9114842,1.7250990204047412
1790344882.9287312,1.551150984596461
1790344882.9717572,1.620505005121231
1790344882.9804552,1.4062249974813312
1790344882.9822116,1.3536699989344925
1790344882.9835567,1.2279479997232556
1790344883.0190597,1.7301240004599094
1790344883.0791564,1.8229010165669024
1790344883.111433,1.67453198810108
1790344883.1192813,1.3080010248813778
1790344883.1207404,1.1443739931564778
1790344883.132567,1.6068149998318404
1790344883.1427503,1.4235460257623345
1790344883.1598625,1.5818259853404015
1790344883.1625981,1.2970830139238387
1790344883.1859195,1.578241994138807
1790344883.1890738,1.1923229903914034
1790344883.2360013,2.125629980582744
1790344883.2364979,1.4940830005798489
1790344883.247263,1.4780579949729145
1790344883.3170583,1.723467983538285
1790344883.3490577,1.7277590231969953
1790344883.4222867,1.9701509736478329
1790344883.440386,1.7956890224013478
1790344883.48082,2.0679500012192875
1790344883.566555,1.7670530069153756
1790344883.5719924,1.3460839982144535
1790344883.5804024,1.4959429972805083
1790344883.5868394,1.4142329746391624
1790344883.6281068,1.7815209866967052
1790344883.6711385,1.7483220144640654
1790344883.724858,1.60038800095208
1790344883.7532303,1.6653999919071794
1790344883.8027244,23.33353500580415
1790344883.8081605,17.240877001313493
1790344883.8089752,52.01645501074381
1790344883.8425715,1.6582410025876015
1790344883.910259,1.7560160194989294
1790344883.92758,1.7282510234508663
1790344883.9344838,1.7836670158430934
1790344883.9649699,1.6894600121304393
1790344883.9965777,2.0501640101429075
1790344883.997183,1.6298299888148904
1790344884.0756311,1.7221150046680123
1790344884.0943153,2.1046960027888417
1790344884.1133883,1.7542870191391557
1790344884.1544323,2.081540005747229
1790344884.1683393,1.4066849835217
1790344887.1174483,1.7235040140803903
1790344887.1252406,1.1710920080076903
1790344887.1369376,1.5948039945214987
1790344887.1741335,1.733273995341733
1790344887.2876217,1.622890995349735
1790344887.2936218,1.3229000032879412
1790344887.3018458,1.3225930160842836
1790344887.3445055,1.8983279878739268
1790344887.3616183,1.5936149866320193
1790344887.377594,1.6796889831312
1790344887.3841016,1.2900290021207184
1790344887.404916,2.322696993360296
1790344887.4053829,1.5689499850850552
1790344887.4124603,1.2478030112106353
1790344887.4197626,1.551257009850815
1790344887.426729,1.2920990120619535
1790344887.428279,1.1772800062317401
1790344887.5304005,2.2801200102549046
1790344887.5318792,1.4661820023320615
1790344887.6090322,1.8425740126986057
1790344887.6220732,1.9023339846171439
1790344887.6327639,2.0494180207606405
1790344887.6368926,1.717161008855328
1790344887.6382766,1.2752799957524985
1790344887.7066734,1.6294130182359368
1790344887.7305284,1.6172369942069054
1790344887.754594,1.697772997431457
1790344887.7614415,1.3321490259841084
1790344887.7680943,1.8079619912896305
1790344887.7688408,1.4380300126504153
1790344887.7775493,1.5691759763285518
1790344887.7841454,1.3422429910860956
1790344887.7925913,1.6231709741987288
1790344887.803285,1.866029982920736
1790344887.824015,1.598383008968085
1790344887.8247168,1.519268989795819
1790344887.8308966,1.4063380076549947
1790344887.8559413,1.6646959993522614
1790344887.9318795,1.8430410127621144
1790344887.9713678,1.660624984651804
1790344887.9761755,1.3357519928831607
1790344887.9936738,1.5693900058977306
1790344888.003521,1.5369319880846888
1790344888.0137627,1.8897920090239495
1790344888.0867693,2.041834988631308
1790344888.119009,1.7623250023461878
1790344888.124349,1.4119289990048856
1790344888.14069,1.491320988861844
1790344888.1599984,1.6240349796134979
1790344888.198719,1.8713530153036118
1790344888.2271235,1.7501389957033098
1790344888.300418,1.883552991785109
1790344888.3264732,1.7169619968626648
1790344888.3608327,1.6468399844598025
1790344888.3658843,1.3332809903658926
1790344888.5188646,2.243833994725719
1790344888.6191645,1.9971470173913985
1790344888.642422,1.8507580098230392
1790344888.678106,1.6771470254752785
1790344888.7035735,2.1174050052650273
1790344888.8025355,32.16898499522358
1790344888.8094046,47.51085001043975
1790344888.8253982,1.9228759920224547
1790344888.8315332,1.57028398825787
1790344888.8435075,1.3933000154793262
1790344888.847738,1.1779589985962957
1790344888.8498545,1.2923019821755588
1790344888.853152,1.3462039933074266
1790344888.8931413,2.35182698816061
1790344888.8936973,1.7186710028909147
1790344888.9351227,1.6654600040055811
1790344888.9657097,1.7006359994411469
1790344888.9813328,1.569913001731038
1790344889.0468378,1.8302590178791434
1790344889.050542,1.3693019864149392
1790344889.1004086,2.136849972885102
1790344889.3356197,1.7795849998947233
1790344889.3480723,1.6348030185326934
1790344889.3502922,1.3185600109864026
1790344889.36335,1.770597998984158
1790344889.37549,1.855190988862887
1790344889.3755488,2.5265490112360567
1790344889.4079921,1.6117400082293898
1790344889.4295974,1.5725480043329298
1790344889.47521,1.777468016371131
1790344889.4768512,1.3184519775677472
1790344889.529107,1.8210590060334653
1790344889.5456123,1.89763298840262
1790344889.566869,1.652078004553914
1790344889.6059346,2.145917998859659
1790344889.6116912,1.3938670163042843
1790344889.6138294,1.331147999735549
1790344889.6369503,1.7068199813365936
1790344889.663661,1.9618560036178678
1790344889.6666305,1.591948006534949
1790344889.6737683,1.6746229957789183
1790344889.6769435,1.3783859903924167
1790344889.6800704,1.5956720162648708
1790344889.7183418,1.568487990880385
1790344889.7332091,2.2584429825656116
1790344889.7415597,1.9943029910791665
1790344889.7659779,1.611525978660211
1790344889.8463614,8.184539998183027
1790344889.8467786,11.414455977501348
1790344889.858617,1.9044319924432784
1790344889.8669918,1.4405699912458658
1790344889.8753195,1.2587829842232168
1790344889.878235,1.2270529987290502
1790344889.8906026,1.485902990680188
1790344889.9014187,1.8969599914271384
1790344889.9486895,3.4358820121269673
1790344890.0054357,1.785204018233344
1790344890.0070488,1.2293339823372662
1790344890.0264084,2.304207009728998
1790344890.034278,3.1031600083224475
1790344890.0382395,1.4594660024158657
1790344890.0465162,1.3918699987698346
1790344890.0815983,2.2974259918555617
1790344890.0974867,1.4413809985853732
1790344890.1085722,4.262987000402063
1790344890.1094012,4.462063021492213
1790344890.1095572,5.81375599722378
1790344890.1303613,2.9501719982363284
1790344890.1511936,1.894049986731261
1790344890.1547408,1.6577350033912808
1790344890.1601398,1.2068049982190132
1790344890.1799097,1.8443810113240033
1790344890.1963947,3.045490011572838
1790344890.2380054,3.077663015574217
1790344890.3072515,2.8948749823030084
1790344890.3361926,4.037336009787396
1790344890.348213,3.1873990083113313
1790344890.4063895,6.027281982824206
1790344890.4694223,4.992108995793387
1790344890.4706388,3.027030994417146
1790344890.480635,2.2016930161044
1790344890.489035,1.9320139836054295
1790344890.4973063,1.4186690095812082
1790344890.5093803,1.6541570075787604
1790344890.5112169,1.2206549872644246
1790344890.5537682,1.7400220094714314
1790344890.6109855,3.586335020372644
1790344890.650851,5.042689008405432
1790344890.714602,5.501873005414382
1790344890.737987,6.96134299505502
1790344890.7395618,2.43682402651757
1790344890.7797241,5.2228959975764155
1790344890.7999895,4.311016004066914
1790344890.833654,1.845435006543994
1790344890.8473475,1.5421190182678401
1790344890.8611329,1.814423012547195
1790344890.865183,1.5317870129365474
1790344890.8896484,1.4654090045951307
1790344890.918953,3.220696991775185
1790344890.9922297,4.395347001263872
1790344891.0136223,3.273676004027948
1790344891.0177913,2.494386018952355
1790344891.0279293,1.543491001939401
1790344891.0357583,1.2727920257020742
1790344891.0413327,1.178309990791604
1790344891.057313,1.7696119903121144
1790344891.0866177,4.076509998412803
1790344891.0935738,2.6080409879796207
1790344891.135335,5.456954997498542
1790344891.186532,5.4895670036785305
1790344891.2751186,4.391437018057331
1790344891.317429,5.836273019667715
1790344891.3458242,7.713692000834271
1790344891.35985,4.772072978084907
1790344891.371672,4.278846987290308
1790344891.3749187,2.593945013359189
1790344891.386262,3.555778006557375
1790344891.3928177,3.5334260028321296
1790344891.4383934,5.669092992320657
1790344891.458289,6.604980007978156
1790344891.464752,3.301593998912722
1790344891.4872823,5.306267004925758
1790344891.5621555,8.496504015056416
1790344891.6048474,2.333996002562344
1790344891.6114907,2.1602039923891425
1790344891.719752,1.7262510082218796
1790344891.7597067,6.97402999503538
1790344891.7772212,4.732175002573058
1790344891.7805655,2.1631309937220067
1790344891.7858071,1.8072569801006466
1790344891.8074071,6.1032949888613075
1790344891.8373942,5.506657995283604
1790344891.8472345,4.065409011673182
1790344891.8734426,6.009706994518638
1790344891.8857124,8.278776018414646
1790344891.8876216,2.4027029867284
1790344891.9179137,4.999747994588688
1790344891.91925,2.248383010737598
1790344891.9789782,7.729691016720608
1790344892.0197809,5.608497012872249
1790344892.0273814,3.8847909891046584
1790344892.0298657,2.4645239755045623
1790344892.0475338,2.037159982137382
1790344892.0599284,3.2606930180918425
1790344892.0610073,2.4720520013943315
1790344892.0990517,4.116282012546435
1790344892.1035788,2.1672210132237524
1790344892.1124222,2.5004719791468233
1790344892.1164658,1.9028600072488189
1790344892.1463547,2.0952750055585057
1790344892.151004,2.030649018706754
1790344892.1592317,1.711108983727172
1790344892.1713088,3.1327799952123314
1790344892.1914086,2.9425270040519536
1790344892.197291,2.408954984275624
1790344892.2032297,2.1541720198001713
1790344892.2140994,3.4882159961853176
1790344892.2141852,4.5495300146285444
1790344892.259064,4.140959004871547
1790344892.2597542,2.741118019912392
1790344892.3289523,1.9067280227318406
1790344892.3294098,1.512893009930849
1790344892.3378856,1.6131940064951777
1790344892.3745368,1.8136129947379231
1790344892.3838825,2.0863169920630753
1790344892.401092,2.052569994702935
1790344892.4273942,19.036982994293794
1790344892.4376545,20.05454001482576
1790344892.4643562,19.08568700309843
1790344892.4646583,55.67179201170802
1790344892.4647498,46.46378199686296
1790344892.465741,15.155701985349879
1790344892.4658098,16.072939994046465
1790344892.4736598,1.193756004795432
1790344892.4888077,1.422608009306714
1790344892.5400078,5.688734003342688
1790344892.5619035,3.9353799948003143
1790344892.6196191,5.863333004526794
1790344892.6270635,4.006243980256841
1790344892.6457782,3.524350991938263
1790344892.6529555,2.2421210014726967
1790344892.6564035,1.535012008389458
1790344892.6613736,1.548005995573476
1790344892.7006812,4.623974993592128
1790344892.7486782,4.258038999978453
1790344892.7692714,4.304270987631753
1790344892.7870595,5.393064027884975
1790344892.8209603,3.7010270170867443
1790344892.831515,2.8808890201617032
1790344892.8325188,1.554704998852685
1790344892.838249,1.5675979957450181
1790344892.8586473,1.8573550041764975
1790344892.862346,1.2066840135958046
1790344892.885511,2.4676840112078935
1790344892.895522,2.40074799512513
1790344892.9113348,1.619454997126013
1790344892.9570057,2.287454000907019
1790344893.0170293,5.033513996750116
1790344893.024718,3.7042019830551
1790344893.0664423,4.1602580167818815
1790344893.0940359,4.7701750008855015
1790344893.0941324,6.877720006741583
1790344893.0981684,2.350608992855996
1790344893.1149902,3.8942509854678065
1790344893.1248798,2.886706992285326
1790344893.141337,4.192768014036119
1790344893.2083888,2.1239180059637874
1790344893.218079,1.8715329933911562
1790344893.2227173,1.5413110086228698
1790344893.2304087,1.6742509906180203
1790344893.25255,3.358346992172301
1790344893.2594962,2.0625720208045095
1790344893.271465,3.2836809987202287
1790344893.300885,5.467815004521981
1790344893.3237927,3.8680399884469807
1790344893.3266335,2.6413240120746195
1790344893.338708,2.602488995762542
1790344893.3598573,4.064517997903749
1790344893.3756785,3.41985299019143
1790344893.376819,3.0051899957470596
1790344893.3780692,2.184999000746757
1790344893.3799903,1.1580029968172312
1790344893.4247255,2.4140520254150033
1790344893.4481058,3.076914988923818
1790344893.4759634,3.3382589754182845
1790344893.5027497,4.349246999481693
1790344893.5182273,3.4571249852888286
1790344893.5554779,7.122161012375727
1790344893.5555804,5.6342100142501295
1790344893.5563834,3.4965300001204014
1790344893.5948024,21.661478996975347
1790344893.6023836,44.456428004195914
1790344893.6030478,1.434831996448338
1790344893.6165779,1.406018011039123
1790344893.6188781,1.0695710079744458
1790344893.6706212,3.10134599567391
1790344893.694595,1.6308960039168596
1790344893.7031188,1.6261560085695237
1790344893.7049565,1.5169100079219788
1790344893.7054775,1.2108380033168942
1790344893.7650745,4.134669987251982
1790344893.7778037,3.788661997532472
1790344893.8051243,7.716849999269471
1790344893.8805149,3.9597779978066683
1790344893.9076748,7.532914023613557
1790344893.9136682,5.9258079854771495
1790344893.9675145,4.472881002584472
1790344893.9824345,1.3684220029972494
1790344894.0589323,7.182680012192577
1790344894.0875852,8.179236989235505
1790344894.1187332,3.4792970109265298
1790344894.1516814,4.945913009578362
1790344894.18105,4.811080027138814
1790344894.1811388,5.063809978310019
1790344894.1888452,2.1889899799134582
1790344894.1965945,1.7192779923789203
1790344894.2663176,7.75803899159655
1790344894.267335,6.010151002556086
1790344894.3022773,5.386041011661291
1790344894.3053358,2.5115380121860653
1790344894.355915,2.011044998653233
1790344894.3597064,1.5460699796676636
1790344894.3751264,1.5746270073577762
1790344894.377466,1.163075998192653
1790344894.3813555,1.6301269934047014
1790344894.405098,1.7655380070209503
1790344894.4170742,1.9539319910109043
1790344894.421928,1.3276399986352772
1790344894.4441369,1.6816470015328377
1790344894.5184276,1.6187340079341084
1790344894.5552607,2.0283109915908426
1790344894.5683393,1.424674002919346
1790344894.574457,1.4715440047439188
1790344894.6140628,1.8123009940609336
1790344894.6388705,1.7683889891486615
1790344894.6533256,1.9055800221394747
1790344894.6710513,1.5572150005027652
1790344894.676911,1.4409070136025548
1790344894.691365,1.5512539830524474
1790344894.7085478,1.4938410022296011
1790344894.7797344,1.5653699811082333
1790344894.8269522,2.032304008025676
1790344894.8277555,1.6494709998369217
1790344894.8606274,1.9458240130916238
1790344894.9031076,2.2790269867982715
1790344894.904011,1.2987070076633245
1790344894.9062073,1.3246299931779504
1790344894.9124138,1.4138310216367245
1790344894.9194782,1.255887997103855
1790344894.955191,1.8508799839764833
1790344894.982812,2.1772769978269935
1790344895.0579371,1.8711840093601495
1790344895.0907779,1.5891770017333329
1790344895.107629,1.662543014390394
1790344895.1362333,1.7424050020053983
1790344895.211307,2.5703310093376786
1790344895.2119057,1.7783950024750084
1790344895.2144544,1.3585900014732033
1790344895.2685838,2.214385982370004
1790344895.277337,1.4764009974896908
1790344895.2941864,1.808600005460903
1790344895.3121867,1.5057259879540652
1790344895.3660655,1.8040929862763733
1790344895.3788192,1.4553159999195486
1790344895.4063344,7.4271869962103665
1790344895.4483376,48.85726800421253
1790344895.448409,3.2089949818328023
1790344895.4836667,1.861349999671802
1790344895.4861515,1.528624998172745
1790344895.5127764,2.741124015301466
1790344895.5128703,2.2675979998894036
1790344895.550897,1.7610770009923726
1790344895.5837998,2.313221979420632
1790344895.5838716,1.704680995317176
1790344895.609581,1.8961720052175224
1790344895.6104338,1.7465419950895011
1790344895.6115324,1.0907889809459448
1790344895.6236284,1.7211439844686538
1790344895.6289268,1.2463079765439034
1790344895.6443744,1.4098450192250311
1790344895.6508822,1.225288986461237
1790344895.727813,1.9124429963994771
1790344895.7345674,1.3193899940233678
1790344895.7418187,1.467902009608224
1790344895.7461262,1.372170983813703
1790344895.924639,1.9950339919887483
1790344895.9349449,1.3898519973736256
1790344896.0658305,1.8377610249444842
1790344896.0900562,1.6752939845900983
1790344896.115533,1.5728939906693995
1790344896.1214063,1.1981099960394204
1790344896.1307461,1.6437259910162538
1790344896.1546407,1.6429329989477992
1790344896.166986,1.7020890081766993
1790344896.1922288,1.9668489985633641
1790344896.1997979,1.2927140051033348
1790344896.204622,1.5426930040121078
1790344896.2371757,1.839903008658439
1790344896.239111,1.1924880091100931
1790344896.2629192,1.750522991642356
1790344896.3099606,1.6394899867009372
1790344896.3177326,1.4238320000004023
1790344896.327596,1.4282490010373294
1790344896.3596268,1.682563015492633
1790344896.3685474,1.4382830122485757
1790344896.46551,1.7582839936949313
1790344896.490724,1.5749759913887829
1790344896.4943104,2.36625102115795
1790344896.4946775,2.5980900099966675
1790344896.5008533,1.307518978137523
1790344896.5091662,1.236424985108897
1790344896.5139024,1.3501350185833871
1790344896.5360813,1.5690230065956712
1790344896.5840652,1.727284019580111
1790344896.6064,1.6417699807789177
1790344896.6137924,1.6506419924553484
1790344896.652294,1.7287409864366055
1790344896.6753345,1.6007910016924143
1790344896.695935,1.474732009228319
1790344896.7317252,1.6443399945273995
1790344896.7527423,1.7042589897755533
1790344896.763134,1.658766996115446
1790344896.7717578,1.4575610111933202
1790344896.7957098,1.5899459831416607
1790344896.8353705,16.81269600521773
1790344896.8442795,10.165432002395391
1790344896.8443527,47.56366301444359
1790344896.851909,1.272060995688662
1790344896.8539772,1.136873004725203
1790344896.8566947,1.2725639971904457
1790344896.9305766,2.061823004623875
1790344897.0117939,1.701586996205151
1790344897.0235846,1.5738270012661815
1790344897.0413895,1.6193869814742357
1790344897.0604687,2.2607669816352427
1790344897.1063573,1.9480780174490064
1790344897.1614103,1.9010970136150718
1790344897.1880817,1.810684014344588
1790344897.22939,2.1595389989670366
1790344897.2448707,1.6010949912015349
1790344897.2480567,1.387860014801845
1790344897.3020263,1.767838024534285
1790344897.304116,1.5728679718449712
1790344897.319861,1.8576119909994304
1790344897.374538,1.6104039968922734
1790344897.382522,1.3745589822065085
1790344897.3896189,1.3937460025772452
1790344897.391641,1.0972529998980463
1790344897.4227238,1.8040699942503124
1790344897.4267123,1.7359819903504103
1790344897.48773,2.8331139765214175
1790344897.4877927,2.433721994748339
1790344897.491167,1.173799013486132
1790344897.5245261,1.7371849971823394
1790344897.5684862,1.703939982689917
1790344897.5900736,1.7832119774539024
1790344897.617354,1.6793989925645292
1790344897.7205567,1.8518819997552782
1790344897.7415767,1.524955005152151
1790344897.7449224,1.2522829929366708
1790344897.8285275,1.6030959959607571
1790344897.8317456,1.1852780007757246
1790344897.8388622,1.4150009956210852
1790344897.8704295,1.7009750008583069
1790344897.8775403,1.3334449904505163
1790344897.9169745,1.6685249865986407
1790344897.9501343,2.0407970005180687
1790344897.996843,1.774491014657542
1790344898.0530834,2.0461539970710874
1790344898.0729551,1.5371690096799284
1790344898.0784032,1.2197979958727956
1790344898.1069558,1.5617519966326654
1790344898.1104858,1.1907459993381053
1790344898.1320076,1.7270740063395351
1790344898.1338766,1.4530489861499518
1790344898.138549,1.1374980094842613
1790344898.1559484,1.551009016111493
1790344898.2347317,1.6370349912904203
1790344898.324683,1.69478400493972
1790344898.3370214,1.5762969851493835
1790344898.3540065,2.749278995906934
1790344898.3540628,2.3237779969349504
1790344898.3827915,2.1077379933558404
1790344898.4467769,1.7588390037417412
1790344898.4613001,1.5389790059998631
1790344898.497172,1.727144990582019
1790344898.5711617,1.8053310050163418
1790344898.5728974,1.5348599990829825
1790344898.5801053,1.5301050152629614
1790344898.5954401,1.6254040237981826
1790344898.6322997,1.688533986452967
1790344898.6380951,1.4232339744921774
1790344898.6418693,1.2914670223835856
1790344898.6664085,1.7909189919009805
1790344898.673235,1.3937290059402585
1790344898.7155826,17.701389006106183
1790344898.721355,14.636551000876352
1790344898.7425451,30.08759199292399
1790344898.7525182,54.203189007239416
1790344898.7531018,1.5467180055566132
1790344898.8101027,1.7308940005023032
1790344898.8580039,1.6458900063298643
1790344898.8610516,1.2713249889202416
1790344898.8646026,1.3016669836360961
1790344898.9094098,1.7742599884513766
1790344898.9127266,1.4418390055652708
1790344898.921009,1.3830850075464696
1790344898.9876792,1.6988420102279633
1790344898.995382,1.2095299898646772
1790344899.1190197,1.7948590102605522
1790344899.126923,1.600872987182811
1790344899.1405768,1.6827009967528284
1790344899.1583695,1.532176014734432
1790344899.2812035,1.714886020636186
1790344899.298127,3.0079289863351732
1790344899.2982912,2.649032016051933
1790344899.3034081,1.3579510268755257
1790344899.3502192,1.6690450138412416
1790344899.4106727,1.8117589934263378
1790344899.4132717,2.1421870042104274
1790344899.41691,1.3208650052547455
1790344899.419384,1.2843770091421902
1790344899.5020044,1.6776809934526682
1790344899.5497408,2.0838939817622304
1790344899.556191,1.2923790200147778
1790344899.590627,1.6162029933184385
1790344899.7000213,1.7822799854911864
1790344899.7012093,1.1777289910241961
1790344899.7418022,1.6546880069654435
1790344899.7492456,1.411896024364978
1790344899.8032491,1.7075700161512941
1790344899.8360624,1.8688870186451823
1790344899.8361492,2.5132519949693233
1790344899.8375459,1.260708988411352
1790344899.8414943,1.9150210137013346
1790344899.8634377,1.68447001487948
1790344899.8774917,1.5792899939697236
1790344899.92247,1.9835940038319677
1790344899.9231083,1.6868310049176216
1790344899.971979,1.6887089877855033
1790344900.008435,1.9264399888925254
1790344900.0878224,1.5961610188242048
1790344900.1203349,1.6490709967911243
1790344900.144734,1.5844189911149442
1790344900.147846,1.283246005186811
1790344900.17419,1.767720008501783
1790344900.1995394,1.7535299994051456
1790344900.2501252,1.7913880001287907
1790344900.2531388,1.698227017186582
1790344900.2626913,1.5464010066352785
1790344900.264413,1.1590600188355893
1790344900.312415,1.8605260120239109
1790344900.3915472,2.0892089814879
1790344900.407116,2.109696011757478
1790344900.4396255,1.6431639960501343
1790344900.4449396,1.4742339844815433
1790344900.4871259,2.5328930059913546
1790344900.4876912,1.6195299976971
1790344900.5215614,1.725090987747535
1790344900.54373,2.095399016980082
1790344900.5484738,1.3222020061220974
1790344900.6084893,2.251864003483206
1790344900.644135,1.960086025064811
1790344900.8249934,1.7408989951945841
1790344900.8282287,1.4733020216226578
1790344900.8311553,1.2250299914740026
1790344900.8607614,1.7603640153538436
1790344900.8790143,2.4920130090322345
1790344900.8790865,2.049375994829461
1790344900.88861,1.375783991534263
1790344900.9723632,1.953534985659644
1790344901.0077837,1.5810590120963752
1790344901.0242498,1.6331190126948059
1790344901.056447,1.6538370109628886
1790344901.0926895,2.0105380099266768
1790344901.1038072,1.6071859863586724
1790344901.1219575,1.6959469940047711
1790344901.1354408,1.5640179917681962
1790344901.1453013,1.485390996094793
1790344901.1673775,1.577682007336989
1790344901.2372148,1.793351984815672
1790344901.2417123,1.2157819874119014
1790344901.2580636,2.1149270178284496
1790344901.2618694,1.331436011241749
1790344901.305744,1.7882889951579273
1790344901.3243246,1.5741550014354289
1790344901.3539789,1.8630370032042265
1790344901.3594348,1.4798839983996004
1790344901.3683088,1.6393229889217764
1790344901.3698514,1.1738120228983462
1790344901.3854022,1.6277629765681922
1790344901.3864489,1.8409810145385563
1790344901.411046,1.6401449975091964
1790344901.4397566,1.6871689877007157
1790344901.4617739,1.554763992317021
1790344901.4806247,1.7006139969453216
1790344901.5222883,1.767043984727934
1790344901.5617092,1.6224299906753004
1790344901.5738826,1.5037099947221577
1790344901.5797138,1.365322998026386
1790344901.5801861,1.3808750081807375
1790344901.5842087,1.1584209860302508
1790344901.60254,1.4688819937873632
1790344901.60502,1.18990198825486
1790344901.6090207,1.0677399986889213
1790344901.62551,2.0505219872575253
1790344901.6461594,1.8248379928991199
1790344901.6603632,1.8843889993149787
1790344901.676749,1.6440959880128503
1790344901.6804044,1.1530299962032586
1790344901.6894526,1.5593049756716937
1790344901.6951091,1.1100959964096546
1790344901.696631,1.0114950127899647
1790344901.7083201,1.3090209977235645
1790344901.7258532,1.57572899479419
1790344901.7291582,1.2786140141543
1790344901.7693868,2.882975008105859
1790344901.771537,1.988700998481363
1790344901.771613,3.4482819901313633
1790344901.8009496,1.7120589909609407
1790344901.812934,2.4249139823950827
1790344901.8347871,2.0641130104195327
1790344901.8468435,1.9613280019257218
1790344901.8545406,1.7347440007142723
1790344901.8635936,1.760134007781744
1790344901.9818883,1.9250109908170998
1790344901.9899495,1.8426319875288755
1790344901.9919977,1.2575229920912534
1790344902.0052497,1.5624910010956228
1790344902.0301876,1.6678989923093468
1790344902.049294,1.5622270002495497
1790344902.1021602,2.095117000862956
1790344902.1794271,1.8359630194026977
1790344902.1949933,1.7986079910770059
1790344902.2178383,1.7895929922815412
1790344902.235591,1.8402929999865592
1790344902.267552,1.667511009145528
1790344902.2920518,1.7628970090299845
1790344902.310564,1.4670419914182276
1790344902.3266823,1.6447509988211095
1790344902.3288853,1.4117050159256905
1790344902.3390176,1.497230987297371
1790344902.3657124,2.444840007228777
1790344902.3658035,2.070107002509758
1790344902.3896477,1.6388660005759448
1790344902.39333,1.4822929806541651
1790344902.4082303,1.429828000254929
1790344902.4255693,2.032523014349863
1790344902.425657,2.6654409884940833
1790344902.453583,2.52176501089707
1790344902.4540422,1.59624801017344
1790344902.4743152,1.4905630087014288
1790344902.4841197,1.591760024894029
1790344902.4944727,1.2831859930884093
1790344902.5295122,1.8813179922290146
1790344902.5337667,1.4913440099917352
1790344902.5611522,1.7756389861460775
1790344902.5831761,1.7564820009283721
1790344902.6046996,1.907725993078202
1790344902.6320746,1.6551519802305847
1790344902.6455305,1.3722620205953717
1790344902.6732972,1.7649630026426166
1790344902.6985795,1.6653089842293411
1790344902.7367737,1.7586929898243397
1790344902.7618477,2.058645011857152
1790344902.7633092,1.343400013865903
1790344902.7823925,1.6644489951431751
1790344902.8427768,1.6577799979131669
1790344902.8636937,2.658108016476035
1790344902.8637977,2.0986390009056777
1790344902.9277763,1.7202830058522522
1790344902.9379418,1.433636003639549
1790344903.026254,1.59053600509651
1790344903.0417001,1.8467050103936344
1790344903.0573168,1.7320199985988438
1790344903.1453304,1.9595869816839695
1790344903.1939104,2.0021979871671647
1790344903.2677443,1.8496520060580224
1790344903.3469126,1.6544020036235452
1790344903.3690236,1.8173890130128711
1790344903.411653,1.650642981985584
1790344903.449849,1.7971820197999477
1790344903.4530032,1.4299009926617146
1790344903.4876635,1.7341919883619994
1790344903.4918044,1.637302979361266
1790344903.5386794,1.792340975953266
1790344903.572805,1.755684003001079
1790344903.5744038,1.4102919958531857
1790344903.5779383,1.232880022143945
1790344903.5881417,1.6254549846053123
1790344903.6099522,2.663527993718162
1790344903.624449,2.075545024126768
1790344903.6513772,1.7745190125424415
1790344903.7410827,1.7794550221879035
1790344903.8110504,1.7322020139545202
1790344903.814596,1.302886987105012
1790344903.866155,1.866182021331042
1790344903.9148464,1.68839399702847
1790344903.930275,1.5021919971331954
1790344903.9686613,1.9939880003221333
1790344904.00578,1.7574589874129742
1790344904.0246942,1.7351900169160217
1790344904.0274553,1.3470709964167327
1790344904.0304573,1.2626719835679978
1790344904.0325208,1.1274160060565919
1790344904.1089954,2.153760986402631
1790344904.129168,1.6001419862732291
1790344904.1473305,1.5150620019994676
1790344904.150843,1.3291620125528425
1790344904.1586916,1.2280670052859932
1790344904.1813781,1.7480090027675033
1790344904.217207,1.676062005572021
1790344904.2306378,1.4980979904066771
1790344904.2481384,1.588396989973262
1790344904.279486,1.7506180156487972
1790344904.2884905,2.0094649808015674
1790344904.2891958,1.7662640020716935
1790344904.300625,1.550442015286535
1790344904.3046188,1.2733249750453979
1790344904.357608,1.5840150008443743
1790344904.423803,1.809000998036936
1790344904.43352,1.4409159775823355
1790344904.4809735,2.8111860156059265
1790344904.481402,3.8983830017969012
1790344904.4818544,1.825824991101399
1790344904.5155582,1.7794239975046366
1790344904.5358617,1.5806029841769487
1790344904.5409615,1.2978680024389178
1790344904.5748286,2.7281030197627842
1790344904.5748832,3.5893859749194235
1790344904.6225924,2.1532019891310483
1790344904.6244621,1.4580679999198765
1790344904.6279619,1.6146569978445768
1790344904.6329951,2.02980000176467
1790344904.6335278,1.3886250089854002
1790344904.639182,2.4771729949861765
1790344904.6427293,1.7342670180369169
1790344904.6653683,1.777501980541274
1790344904.6753097,1.5455679967999458
1790344904.7368555,2.24992202129215
1790344904.7374337,1.504068000940606
1790344904.7390075,1.3202789996284992
1790344904.7442691,2.2072620049584657
1790344904.7445617,1.999414002057165
1790344904.7755754,2.4996350111905485
1790344904.7765062,1.397089014062658
1790344904.7789845,1.136011997004971
1790344904.8363256,2.008039999054745
1790344904.8389723,1.443054003175348
1790344904.852058,3.100991016253829
1790344904.852141,2.6344580110162497
1790344904.865897,1.6212630143854767
1790344904.903673,1.6065119998529553
1790344904.9157128,1.3930209970567375
1790344904.9183424,1.1443010007496923
1790344904.9538589,2.003097004489973
1790344904.9852798,1.6014119901228696
1790344905.0185814,1.9600979867391288
1790344905.0408938,1.833857997553423
1790344905.083444,1.7901099927257746
1790344905.0882618,1.3044779771007597
1790344905.1108913,1.8131049873773009
1790344905.133303,1.8058920104522258
1790344905.166572,1.867105980636552
1790344905.1671956,1.5500670124311
1790344905.189698,1.6389770025853068
1790344905.2024977,1.5647750115022063
1790344905.2228808,1.7499800014775246
1790344905.2577317,1.70591298956424
1790344905.3052273,1.7656529962550849
1790344905.3182783,1.5984979982022196
1790344905.3430524,1.7788830155041069
1790344905.3588192,1.4814359892625362
1790344905.362109,1.2078610016033053
1790344905.3689096,1.3396389840636402
1790344905.3854604,1.8271500011906028
1790344905.4075549,1.743661006912589
1790344905.4308372,1.603826996870339
1790344905.442065,1.5235880273394287
1790344905.4464462,1.4113249781075865
1790344905.4588127,1.5756950015202165
1790344905.502172,1.618548994883895
1790344905.5473323,1.6632390033919364
1790344905.6402044,1.8543579790275544
1790344905.656579,1.672998012509197
1790344905.6832447,1.7181589792016894
1790344905.707347,2.194946981035173
1790344905.7104666,1.7768070101737976
1790344905.715578,1.5608409885317087
1790344905.7594693,1.904881006339565
1790344905.7659252,1.575257017975673
1790344905.7699711,1.3284669839777052
1790344905.7913427,1.410986005794257
1790344905.8354142,1.8280860094819218
1790344905.8359404,1.5435999957844615
1790344905.8422155,1.3298619887791574
1790344905.8425932,1.1429190053604543
1790344905.843714,1.1128000041935593
1790344905.8770854,1.6076100000645965
1790344905.8916705,1.51243299478665
1790344905.9004593,1.5747759898658842
1790344905.913792,1.6494219889864326
1790344906.0012674,1.6893520078156143
1790344906.0252917,1.524994004284963
1790344906.076442,1.7732720007188618
1790344906.0928493,2.075602998957038
1790344906.1025949,1.5087439969647676
1790344906.1123378,1.5583820058964193
1790344906.1518998,1.9503519870340824
1790344906.1529152,1.9680830009747297
1790344906.1574526,1.2972420081496239
1790344906.2286983,1.7708469822537154
1790344906.2321575,1.1629849905148149
1790344906.2460895,1.4995280071161687
1790344906.2488055,1.4139190025161952
1790344906.270477,2.230115991551429
1790344906.2711823,2.079670986859128
1790344906.2824376,1.2085539929103106
1790344906.3071342,1.7725599755067378
1790344906.3539891,1.7296599980909377
1790344906.381682,1.680356013821438
1790344906.4284701,1.703420013654977
1790344906.4442704,1.4699719904456288
1790344906.450802,1.3828789815306664
1790344906.4667253,1.6019350150600076
1790344906.5017176,1.8377329979557544
1790344906.5410368,1.7371099966112524
1790344906.5629919,1.7829459975473583
1790344906.625626,1.953573024366051
1790344906.6461,1.8810449982993305
1790344906.7008133,3.0202019843272865
1790344906.7013922,2.8894059942103922
1790344906.7119129,2.1516770066227764
1790344906.7876654,1.647593977395445
1790344906.7893934,1.1419880029279739
1790344906.8194346,1.7534430080559105
1790344906.8432865,1.8007259932346642
1790344906.8686123,1.8563390185590833
1790344906.8798811,1.6720220155548304
1790344906.9166896,1.818733027903363
1790344906.939651,1.4980300038587302
1790344906.9651592,1.5394220245070755
1790344906.991883,1.693882019026205
1790344907.0079901,1.503166015027091
1790344907.048307,2.152884000679478
1790344907.0491197,1.5101750032044947
1790344907.1111338,1.639552996493876
1790344907.1203914,1.4041989925317466
1790344907.134198,1.5361919940914959
1790344907.139645,1.2956309947185218
1790344907.1715417,1.879810995887965
1790344907.1892574,1.7557539977133274
1790344907.191385,1.2395679950714111
1790344907.1969182,1.3056790048722178
1790344907.2242749,1.7351229907944798
1790344907.2290895,1.2724190019071102
1790344907.260575,2.158118993975222
1790344907.2692535,1.271738001378253
1790344907.3617883,1.8013770168181509
1790344907.3739326,1.6478330071549863
1790344907.3793674,1.2711329909507185
1790344907.431394,1.7985579906962812
1790344907.4744387,1.9725809979718179
1790344907.4873397,1.7387469997629523
1790344907.5404572,1.8849490152206272
1790344907.5837739,1.7594059754628688
1790344907.5909562,1.72907899832353
1790344907.5972538,1.9137229828629643
1790344907.5989861,1.519990008091554
1790344907.6253474,1.674818980973214
1790344907.6654575,1.5823130088392645
1790344907.6945462,1.7614690004847944
1790344907.7478037,1.5922879974823445
1790344907.7625177,1.3506599934771657
1790344907.7693384,1.3176000211387873
1790344907.8567505,1.7119289841502905
1790344907.8892674,1.989926997339353
1790344907.8907387,1.3496990140993148
1790344907.944071,1.721113978419453
1790344907.9627395,1.681523019215092
1790344907.9916515,1.6839920135680586
1790344908.0572543,1.6527380212210119
1790344908.104895,1.990120013942942
1790344908.117238,1.6632149927318096
1790344908.170417,1.6557810013182461
1790344908.1823747,1.6231740009970963
1790344908.2134926,1.9436049915384501
1790344908.251823,1.7864819965325296
1790344908.2739732,2.1920200088061392
1790344908.323197,2.0111869962420315
1790344908.338108,1.7797279870137572
1790344908.3668416,1.7855350160971284
1790344908.3813646,1.4782590151298791
1790344908.4161947,1.8131770193576813
1790344908.438039,1.6447590023744851
1790344908.4989517,1.8653910083230585
1790344908.5048375,1.572820998262614
1790344908.5890803,1.9895599980372936
1790344908.6281574,1.7603499873075634
1790344908.6398335,1.5897539851721376
1790344908.6531787,1.6014120192267
1790344908.663108,1.6730549978092313
1790344908.6872752,1.884369004983455
1790344908.7079978,1.7277960141655058
1790344908.7173018,1.5314290067180991
1790344908.7364786,1.5384529833681881
1790344908.7408624,1.2236960174050182
1790344908.743353,1.2176759773865342
1790344908.7815902,1.7015239864122123
1790344908.7929938,2.0512820046860725
1790344908.8069491,1.5877859841566533
1790344908.8307543,1.6751959919929504
1790344908.8399496,1.3927599939052016
1790344908.8575115,1.6831989923957735
1790344908.8646398,1.3188840239308774
1790344908.9062293,1.912353007355705
1790344908.9470835,2.104872983181849
1790344908.995104,2.014026016695425
1790344909.0350008,1.6207139997277409
1790344909.0504582,1.7579529958311468
1790344909.0704541,1.6449200047645718
1790344909.0862157,1.5418000111822039
1790344909.0908318,1.4502580161206424
1790344909.0970323,1.3329920184332877
1790344909.1205153,2.0311060070525855
1790344909.120599,2.6416830078233033
1790344909.1528137,1.7586949979886413
1790344909.1579857,1.2053410173393786
1790344909.172707,1.637456996832043
1790344909.1748214,1.3662790006492287
1790344909.249294,1.9491430139169097
1790344909.3099253,1.7635510012041777
1790344909.3623269,12.090286996681243
1790344909.3705993,48.90313500072807
1790344909.375649,1.799708988983184
1790344909.37637,1.4810280117671937
1790344909.4079325,1.6390510136261582
1790344909.457943,2.246189018478617
1790344909.4582832,2.504912990843877
1790344909.478212,2.142646990250796
1790344909.4805603,1.3816680002491921
1790344909.5170405,1.670010999077931
1790344909.6069934,1.9833999976981431
1790344909.6132445,1.823994010919705
1790344909.6998441,2.767090976703912
1790344909.701275,2.577532024588436
1790344909.7681766,2.653231000294909
1790344909.7895832,2.4897419789340347
1790344909.8802068,2.794288011500612
1790344909.9248524,2.9191839857958257
1790344909.9525692,2.7783510158769786
1790344909.976247,2.79294399661012
1790344910.0382135,2.633397001773119
1790344910.145354,2.6544780121184886
1790344910.1752899,2.7903710142709315
1790344910.1778982,2.5889849930536
1790344910.2429154,2.886011003283784
1790344910.2662632,3.012287023011595
1790344910.355885,2.2878230083733797
1790344910.3631718,2.969947992824018
1790344910.3632746,2.2665300057269633
1790344910.4257514,2.100490004522726
1790344910.4793086,2.1683679951820523
1790344910.5011544,2.3843070084694773
1790344910.5433173,2.252632984891534
1790344910.6268744,1.652478997129947
1790344910.6341302,1.3343070168048143
1790344910.6426282,1.395293016685173
1790344910.6734908,1.6510199930053204
1790344910.6861298,1.365966018056497
1790344910.6907556,1.2644219968933612
1790344910.6989431,1.20892800623551
1790344910.7831392,1.6910530102904886
1790344910.8088787,1.9686160085257143
1790344910.8495376,2.045392000582069
1790344910.8496187,2.852145000360906
1790344910.8599856,1.295538997510448
1790344910.8807256,1.678675995208323
1790344910.8984685,1.4754630101379007
1790344910.9054868,1.7173579835798591
1790344910.9125211,1.988657022593543
1790344910.917541,1.5385049919132143
1790344910.9319768,1.5322309918701649
1790344910.9398513,1.6023439820855856
1790344910.9451003,1.1723189963959157
1790344910.9601643,1.452685974072665
1790344910.9744673,1.516626012744382
1790344910.9868205,1.3440809852909297
1790344911.0252345,1.6201839898712933
1790344911.0392308,1.6285340243484825
1790344911.044568,1.1917160009033978
1790344911.0489163,1.2198099866509438
1790344911.0643272,1.3832409749738872
1790344911.0739782,1.357699977234006
1790344911.079744,1.1531049967743456
1790344911.1031413,1.734123012283817
1790344911.1162694,1.55753901344724
1790344911.1509228,1.7797679756768048
1790344911.153422,1.340255024842918
1790344911.1615977,1.7282699991483241
1790344911.1797757,1.4258660085033625
1790344911.212309,1.7296229780185968
1790344911.2264314,1.4101949927862734
1790344911.241501,1.9898570026271045
1790344911.2755322,1.7866790003608912
1790344911.2951357,1.9590580195654184
1790344911.3701148,1.8506060005165637
1790344911.3803785,1.848048996180296
1790344911.4419026,1.7301089828833938
1790344911.447539,1.9037320162169635
1790344911.4651058,2.0927650039084256
1790344911.492397,2.0604230230674148
1790344911.5045261,1.8092539976350963
1790344911.5273015,2.47137199039571
1790344911.5756917,2.665783016709611
1790344911.6144965,1.708941999822855
1790344911.623566,1.635711989365518
1790344911.6503527,1.7228980141226202
1790344911.6547348,1.1841559899039567
1790344911.6648622,1.3956769835203886
1790344911.6837015,3.2406419923063368
1790344911.7107096,2.450956992106512
1790344911.724881,4.322689987020567
1790344911.7403655,1.6506719985045493
1790344911.801213,8.283912990009412
1790344911.8013158,7.025541010079905
1790344911.8235085,2.385992993367836
1790344911.8269677,1.9846840004902333
1790344911.837161,3.174837998813018
1790344911.8383183,2.2829849913250655
1790344911.8984187,4.259642999386415
1790344911.9539456,4.077560995938256
1790344911.9906592,2.775501023279503
1790344912.0144129,4.603676003171131
1790344912.0702655,4.149524989770725
1790344912.0827866,1.4825770049355924
1790344912.0902736,1.402439986122772
1790344912.1609907,2.581361011834815
1790344912.239713,4.536291991826147
1790344912.2404647,2.469922008458525
1790344912.2975872,9.743825998157263
1790344912.299637,5.438167980173603
1790344912.3005211,4.198053997242823
1790344912.3036208,1.811285997973755
1790344912.3478155,6.060056999558583
1790344912.3601308,3.7160569918341935
1790344912.3991058,5.160358996363357
1790344912.524397,9.178084990708157
1790344912.5427604,4.529796016868204
1790344912.5665197,4.575892991852015
1790344912.5691361,2.468481019604951
1790344912.5727232,2.32255898299627
1790344912.5816956,2.8084559889975935
1790344912.5897138,3.7402820016723126
1790344912.616906,5.891731008887291
1790344912.63403,3.62094200681895
1790344912.6840568,5.072211992228404
1790344912.6903615,3.077421017223969
1790344912.7222235,7.0969150110613555
1790344912.7278633,3.263018006691709
1790344912.7703462,6.703930994262919
1790344912.8681352,8.719547011423856
1790344912.8698542,6.6560050181578845
1790344912.898137,1.7962389974854887
1790344912.917351,2.086702996166423
1790344912.9533927,3.0183290073182434
1790344912.9597514,5.609387008007616
1790344912.9965653,1.7599760030861944
1790344913.0371587,6.372985022608191
1790344913.0688052,4.532874008873478
1790344913.1244092,2.706550993025303
1790344913.1252124,1.533324015326798
1790344913.1303296,1.2966030044481158
1790344913.1748781,4.253991006407887
1790344913.1791222,1.7013000033330172
1790344913.2111442,6.1393190117087215
1790344913.239659,8.547303004888818
1790344913.2425337,8.291057019960135
1790344913.242684,6.446379004046321
1790344913.2649944,4.09710401436314
1790344913.271351,2.7286599797662348
1790344913.2885933,2.508671022951603
1790344913.291325,1.4426499838009477
1790344913.2917337,1.2004569871351123
1790344913.312827,2.7567200013436377
1790344913.3580272,7.5334529974497855
1790344913.3701,2.198639005655423
1790344913.385772,3.59297200338915
1790344913.4039981,5.25455002207309
1790344913.4162214,3.3907080069184303
1790344913.425274,2.0308220118749887
1790344913.4398541,4.223154013743624
1790344913.5006757,5.934985994827002
1790344913.537749,8.559542009606957
1790344913.53797,5.480735009768978
1790344913.568759,3.339076996780932
1790344913.5913463,3.8129439926706254
1790344913.6032155,2.99707698286511
1790344913.6080658,1.5108359802979976
1790344913.6101658,1.2497130082920194
1790344913.6153684,1.5328000008594245
1790344913.6227336,1.8555260030552745
1790344913.6626306,1.8356280052103102
1790344913.6849911,3.5845530219376087
1790344913.7201483,2.827171003445983
1790344913.7496638,1.7490119789727032
1790344913.7884831,5.142912006704137
1790344913.7937515,3.4890320093836635
1790344913.8262577,10.23995500872843
1790344913.8754883,47.810369986109436
1790344913.8799598,1.5056579723022878
1790344913.9075193,2.247697993880138
1790344913.9085798,2.052963973255828
1790344913.9808555,2.536271989811212
1790344913.9836767,1.8194479926023632
1790344914.0198948,1.94796800496988
1790344914.02797,1.719777996186167
1790344914.0456064,2.713730005780235
1790344914.081446,3.7044190103188157
1790344914.1202896,2.590869989944622
1790344914.1210048,1.1312759888824075
1790344914.1893418,4.667489003622904
1790344914.232645,2.8342299920041114
1790344914.3461566,3.5955820058006793
1790344914.3583665,2.1688540000468493
1790344914.3654456,2.097507007420063
1790344914.368724,2.0761850173585117
1790344914.3780923,2.1683820232283324
1790344914.3848763,2.035131008597091
1790344914.391243,1.7114570073317736
1790344914.4218707,3.3418830134905875
1790344914.4372365,2.832283003954217
1790344914.45633,2.640915015945211
1790344914.4612837,2.243105001980439
1790344914.472322,1.27420001081191
1790344914.482633,2.0358650072012097
1790344914.4851518,1.1312570131849498
1790344914.5442717,7.063533994369209
1790344914.5448568,5.397813976742327
1790344914.5549521,3.176797996275127
1790344914.6029525,7.799512997735292
1790344914.6033757,5.414668994490057
1790344914.616448,2.4783569970168173
1790344914.6473293,4.592642013449222
1790344914.654177,2.2211110044736415
1790344914.664605,3.7783950101584196
1790344914.7004669,3.0686199897900224
1790344914.7015827,2.315054996870458
1790344914.7089984,1.6629829769954085
1790344914.7511532,1.8897489935625345
1790344914.7518568,1.8198570178356022
1790344914.7889562,1.568153005791828
1790344914.7916994,1.19079599971883
1790344914.7953553,1.2060700100846589
1790344914.799009,1.2085030029993504
1790344914.8317878,1.6844119818415493
1790344914.8658197,1.5393199864774942
1790344914.8704917,1.1794650054071099
1790344914.8743083,1.0726629989221692
1790344914.9210489,2.545547002227977
1790344914.9416406,2.182679978432134
1790344915.0298584,3.7708650052081794
1790344915.0650718,3.5121059918310493
1790344915.087476,3.9888949831947684
1790344915.0981405,3.2025050022639334
1790344915.1025558,2.5780919822864234
1790344915.1324544,1.9437210285104811
1790344915.1506689,2.62193800881505
1790344915.212518,2.0559169934131205
1790344915.2133765,1.7452870088163763
1790344915.2151194,1.038494985550642
1790344915.2236977,1.0816529975272715
1790344915.2477918,1.6292610089294612
1790344915.2633445,1.5129559906199574
1790344915.273503,1.3217889936640859
1790344915.2775702,1.1085659789387137
1790344915.283915,1.141444023232907
1790344915.382574,5.260286998236552
1790344915.3998175,5.978102009976283
1790344915.4019616,4.928825976094231
1790344915.409625,5.091865023132414
1790344915.436989,5.56973199127242
1790344915.478455,6.9770829868502915
1790344915.528235,5.878131021745503
1790344915.5416582,2.8040830220561475
1790344915.5868087,6.852721999166533
1790344915.587335,3.954786981921643
1790344915.6073985,2.199706999817863
1790344915.6474016,1.5687249833717942
1790344915.682112,5.114703002618626
1790344915.6908362,2.517382992664352
1790344915.7407503,1.6937890031840652
1790344915.800712,5.637471011141315
1790344915.8395622,2.71878601051867
1790344915.8549163,2.3920809908304363
1790344915.927893,8.216974994866177
1790344915.937443,1.9987589912489057
1790344915.9407206,1.2699869985226542
1790344915.946333,1.1628369975369424
1790344915.9539568,1.492787996539846
1790344915.9848008,2.2906619997229427
1790344916.0110755,1.7887059948407114
1790344916.012668,1.3595949858427048
1790344916.0443912,2.1800539980176836
1790344916.090021,2.0223489846102893
1790344916.1332724,2.437159011606127
1790344916.135972,2.4440200068056583
1790344916.1417863,2.62512598419562
1790344916.147456,2.5288150063715875
1790344916.162465,2.0396480103954673
1790344916.1631408,1.7683609912637621
1790344916.1691933,2.4958110006991774
1790344916.2130563,2.046787994913757
1790344916.2247317,1.9445550278760493
1790344916.2296484,1.7318059981334955
1790344916.300907,2.267327014124021
1790344916.3415475,2.1138140000402927
1790344916.3682353,1.9466349913273007
1790344916.3857145,1.9110040157102048
1790344916.4102032,2.2704119910486042
1790344916.433595,2.3522160190623254
1790344916.448949,2.114649018039927
1790344916.4570644,1.835613016737625
1790344916.4919705,2.5253689964301884
1790344916.5383782,2.0366729877423495
1790344916.5963168,1.798879005946219
1790344916.606773,1.7917559889610857
1790344916.6307638,1.9195170025341213
1790344916.6415434,1.7950359906535596
1790344916.7250834,1.846182014560327
1790344916.7664886,1.8387680174782872
1790344916.7750957,1.6896759916562587
1790344916.8071647,1.6807070060167462
1790344916.824407,1.605252007720992
1790344916.834482,1.446605019737035
1790344916.8691034,1.7626449989620596
1790344916.87065,1.39174799551256
1790344916.8712993,1.4734300202690065
1790344916.9291668,2.7885799936484545
1790344916.9292402,2.320767001947388
1790344916.9345207,1.3496539904735982
1790344916.9626222,2.121956000337377
1790344916.9810522,1.9553180027287453
1790344916.9937994,1.7150610219687223
1790344917.0236402,3.7821090081706643
1790344917.0237586,3.3612959960009903
1790344917.0243108,1.8725789850577712
1790344917.0371473,1.5468380006495863
1790344917.0785637,1.8039819842670113
1790344917.1254206,1.741478976327926
1790344917.1418414,1.9696299859788269
1790344917.1423697,1.428396994015202
1790344917.1524649,1.5065330080688
1790344917.2015088,44.324752991087735
1790344917.2194843,2.1910490177106112
1790344917.221131,2.8047429805155843
1790344917.2211838,1.6761920123826712
1790344917.2232223,1.163557986728847
1790344917.2656977,1.731964002829045
1790344917.397144,1.7578229890204966
1790344917.4196126,1.6960749926511198
1790344917.4375663,1.7004409746732563
1790344917.459382,1.671053993050009
1790344917.4683495,1.4828950224909931
1790344917.4794543,1.480384002206847
1790344917.5804236,1.8308080034330487
1790344917.6001797,2.0741120097227395
1790344917.6297941,1.8449269991833717
1790344917.6557786,1.7569619813002646
1790344917.6852696,1.6527219850104302
1790344917.7035942,1.5151890111155808
1790344917.7450376,1.957380009116605
1790344917.8275304,1.8463289889041334
1790344917.8659878,1.7149609921034425
1790344917.8914578,1.8492980161681771
1790344917.9035733,1.5655850002076477
1790344918.0389369,2.2344699827954173
1790344918.0389986,2.9062970133963972
1790344918.074267,1.6457439924124628
1790344918.0947723,1.5731370076537132
1790344918.1203668,1.7845540132839233
1790344918.1452322,1.8141439941246063
1790344918.1712296,1.5443760203197598
1790344918.1951725,1.488342008087784
1790344918.2002666,1.2411430070642382
1790344918.2309794,1.4911759935785085
1790344918.2507815,1.6169690061360598
1790344918.3001137,1.7573759832885116
1790344918.3542187,1.9738280097953975
1790344918.3733459,1.689211989287287
1790344918.3767333,1.2428720074240118
1790344918.3985841,1.5949130174703896
1790344918.4096107,1.4579959970433265
1790344918.4222627,1.5698829956818372
1790344918.4394057,1.5216599858831614
1790344918.449726,1.686737989075482
1790344918.449778,2.3223180032800883
1790344918.457603,1.1931769840884954
1790344918.4629283,1.2642989750020206
1790344918.469999,1.283082994632423
1790344918.4802144,1.5285589906852692
1790344918.5004883,1.7798719927668571
1790344918.604481,1.782626990461722
1790344918.641481,1.8809140019584447
1790344918.6563365,1.5870979987084866
1790344918.6717017,1.8059160211123526
1790344918.7663012,2.7671949937939644
1790344918.7663589,2.0485389977693558
1790344918.767781,1.0852059931494296
1790344918.794924,1.788644993212074
1790344918.8046906,1.4771790010854602
1790344918.8520873,1.7643460014369339
1790344918.8883755,1.6743769811000675
1790344918.9148366,1.6718839760869741
1790344919.0903995,2.003055007662624
1790344919.2025683,1.7610220238566399
1790344919.2622483,1.7133509973064065
1790344919.2919312,1.902863004943356
1790344919.2973886,1.238094992004335
1790344919.3443022,1.7997859977185726
1790344922.297785,1.6968059935607016
1790344922.3719687,1.796004013158381
1790344922.3812857,1.2506780039984733
1790344922.4184487,1.7594119999557734
1790344922.475932,1.886243000626564
1790344922.4850483,1.559773983899504
1790344922.4944222,1.5280370134860277
1790344922.5024698,1.6057569882832468
1790344922.5816326,1.738951017614454
1790344922.5958347,1.8151529948227108
1790344922.5968547,1.7075380019377917
1790344922.6117733,1.8462840234860778
1790344922.6313052,2.0085029827896506
1790344922.663885,1.98327298858203
1790344922.664333,1.258244999917224
1790344922.674633,1.5637800097465515
1790344922.725714,1.762476982548833
1790344922.7523916,1.532199006760493
1790344922.7749236,1.5830960182938725
1790344922.802535,1.9047189853154123
1790344922.8096962,1.5752410108689219
1790344922.821593,1.43590901279822
1790344922.8351502,1.4145339955575764
1790344922.8586612,1.5901679871603847
1790344922.8606262,1.4354430022649467
1790344922.8870747,1.737376005621627
1790344922.9341936,1.9723169971257448
1790344922.9591722,1.6615130007266998
1790344922.9752755,1.4775820018257946
1790344922.986048,1.698932988801971
1790344923.047234,1.6580389929004014
1790344923.0502136,1.347840006928891
1790344923.0597367,1.4901410031598061
1790344923.1313965,1.8948180077131838
1790344923.1389527,1.3115100155118853
1790344923.1506538,1.6124809917528182
1790344923.1591423,1.3027730165049434
1790344923.1686347,1.3293649826664478
1790344923.2050679,1.785872009349987
1790344923.2175696,1.4796819887124002
1790344923.2555535,1.9074000010732561
1790344923.2789679,1.6274480149149895
1790344923.2943318,1.6674820217303932
1790344923.2960267,1.309320010477677
1790344923.3070772,1.4116620004642755
1790344923.3273175,1.6187540022656322
1790344923.3352835,1.515284995548427
1790344923.348942,1.4605040196329355
1790344923.4097414,1.7576599784661084
1790344923.434101,1.872263994300738
1790344923.4510028,1.5695239999331534
1790344923.458053,1.843197998823598
1790344923.4822183,1.448925002478063
1790344923.4889321,1.4125359884928912
1790344923.5092301,1.6662969719618559
1790344923.530839,1.6280320123769343
1790344923.5536983,1.4505319995805621
1790344923.5870733,1.6208919987548143
1790344923.6573465,1.7022789979819208
1790344923.6681945,1.3122899981681257
1790344923.6902769,1.7769330006558448
1790344923.7006006,1.4986350142862648
1790344923.7675116,1.8492689996492118
1790344923.810906,1.9884360081050545
1790344923.8540795,1.8415719969198108
1790344923.8681834,1.9586620037443936
1790344923.8712835,2.0743040076922625
1790344924.0098872,1.7051679897122085
1790344924.011832,1.277336006751284
1790344924.0633252,1.6571489977650344
1790344924.0759652,1.4176520053297281
1790344924.0916147,1.6816529969219118
1790344924.1327398,1.8146400107070804
1790344924.134954,1.2967420043423772
1790344924.1472423,1.6394520062021911
1790344924.1810336,1.6752349911257625
1790344924.1932137,1.6384189948439598
1790344924.201727,2.0892379980068654
1790344924.242783,1.6637789958622307
1790344924.2478178,1.4174839889165014
1790344924.282951,1.8799930112436414
1790344924.2897098,1.5322649851441383
1790344924.2973156,1.3785100018139929
1790344924.3905933,1.827164989663288
1790344924.400118,2.060933009488508
1790344924.4308968,2.0831460133194923
1790344924.4447486,1.3921450008638203
1790344924.46851,1.6235139919444919
1790344924.4931736,2.5305059971287847
1790344924.4986346,2.2674030042253435
1790344924.5666797,1.5886889887042344
1790344924.5725005,1.4981139975134283
1790344924.6532366,1.753552001900971
1790344924.6591833,1.3651319895870984
1790344924.6802528,1.6593210166320205
1790344924.7100952,1.5829420008230954
1790344924.7159696,1.2460900179576129
1790344924.7472317,1.9553200108930469
1790344924.778072,1.7992549983318895
1790344924.8090358,1.6416650032624602
1790344924.8225486,1.542028010590002
1790344924.852272,1.546774001326412
1790344924.8820987,1.562546007335186
1790344924.906588,1.5264319954439998
1790344924.9245594,1.5212720027193427
1790344924.931189,1.3174880004953593
1790344924.9404929,1.5200090128928423
1790344924.9623897,1.5260479995049536
1790344924.9786577,1.5836019883863628
1790344925.0633507,1.7354190058540553
1790344925.069775,1.6167880094144493
1790344925.083292,1.473282987717539
1790344925.1344783,1.6686640155967325
1790344925.192887,1.6319480200763792
1790344925.233424,1.980546017875895
1790344925.2514262,1.4732700074091554
1790344925.305256,1.7311800038442016
1790344925.3117032,1.4138550031930208
1790344925.3393884,1.7891949974000454
1790344925.3667367,1.90436199773103
1790344925.399645,1.7393919988535345
1790344925.4089618,1.6271829954348505
1790344925.4478834,1.6562389791943133
1790344925.4580238,1.507022010628134
1790344925.4814837,1.8490759830456227
1790344925.5214145,1.8930579826701432
1790344925.5280862,1.3767139753326774
1790344925.5385113,1.4339699991978705
1790344925.554406,1.4588109916076064
1790344925.6095624,1.8112979887519032
1790344925.6212084,1.3605509884655476
1790344925.64791,1.5915599942672998
1790344925.6593575,1.607576006790623
1790344925.7116332,1.72045300132595
1790344925.7460759,2.7351909957360476
1790344925.7513423,1.7055240168701857
1790344925.7656317,1.7140600248239934
1790344925.7779627,1.5374060021713376
1790344925.7809398,1.2415280216373503
1790344925.8300018,1.8258439959026873
1790344925.8452652,1.517299999250099
1790344925.8892348,1.6311919898726046
1790344925.952147,1.6801239980850369
1790344925.9802773,1.7740580078680068
1790344925.9821365,1.206710992846638
1790344926.0430005,1.7715779831632972
1790344926.1045578,1.5505700139328837
1790344926.1094832,1.151970005594194
1790344926.1459184,1.686714997049421
1790344926.2029154,1.8980400054715574
1790344926.2212155,2.074782009003684
1790344926.2600975,1.7938140081241727
1790344926.277497,1.7924009880516678
1790344926.3291128,1.8774009949993342
1790344926.38656,2.0681089954450727
1790344926.4070559,1.6972650191746652
1790344926.4111407,1.160609012003988
1790344926.4232118,1.3430099934339523
1790344926.4724138,1.8121299799531698
1790344926.4796383,1.960491994395852
1790344926.5079365,1.8390159821137786
1790344926.5177915,2.350755996303633
1790344926.5188646,1.5395760128740221
1790344926.5189202,2.4808190064504743
1790344926.5368185,1.4849829894956201
1790344926.5742357,1.6232840134762228
1790344926.57747,1.2452609953470528
1790344926.6251154,1.6888199897948653
1790344926.653428,1.5245190006680787
1790344926.7893753,1.7029510054271668
1790344926.7964528,1.3835110003128648
1790344926.7999492,1.6024860087782145
1790344926.8270802,1.639674010220915
1790344926.83445,1.485390996094793
1790344926.860721,2.5610440061427653
1790344926.8608193,2.5904009817168117
1790344926.8824766,2.195226988987997
1790344926.8829758,1.4840869989711791
1790344926.8960738,1.4216290146578103
1790344926.909979,1.728214992908761
1790344926.9403477,2.6793599827215075
1790344926.9404175,2.2344780154526234
1790344926.96051,1.5465260075870901
1790344926.976244,1.30786799127236
1790344926.995501,1.4594150125049055
1790344927.0377014,1.881039992440492
1790344927.072506,2.363522013183683
1790344927.111725,7.333679008297622
1790344927.132618,11.646448983810842
1790344927.1433654,13.29069898929447
1790344927.1560605,51.153908018022776
1790344927.2402499,2.0275950082577765
1790344927.2470148,1.3086349936202168
1790344927.2625954,1.3518439955078065
1790344927.2715895,1.3218229869380593
1790344927.2949357,1.52397999772802
1790344927.301544,2.488123020157218
1790344927.3019528,2.411886991467327
1790344927.312719,1.7042880062945187
1790344927.3877614,1.616571011254564
1790344927.4250052,1.9470039987936616
1790344927.4397373,1.6380860179197043
1790344927.4488144,1.6632319893687963
1790344927.4862535,2.2326139733195305
1790344927.4879713,1.393729995470494
1790344927.5053017,1.7002930107992142
1790344927.5085618,1.1662500037346035
1790344927.6163719,1.6550549771636724
1790344927.6346972,1.791257003787905
1790344927.6378546,1.2278540234547108
1790344927.6518505,1.465366018237546
1790344927.7048624,1.5935270057525486
1790344927.7250366,1.6202790138777345
1790344927.744,1.5926570049487054
1790344927.7652977,1.6001220210455358
1790344927.7976384,1.8862900033127517
1790344927.8151379,1.8335420172661543
1790344927.817919,1.1891030007973313
1790344927.834507,1.3116619957145303
1790344927.8729239,1.8788030138239264
1790344927.8790436,1.260138989891857
1790344927.9113364,1.892145985038951
1790344927.9147396,1.6930729907471687
1790344927.918096,1.2768479937221855
1790344927.9353964,1.4561940042767674
1790344927.9450552,1.5603589999955148
1790344928.033389,1.6982080123852938
1790344928.0442533,1.5555970021523535
1790344928.059644,1.8444909946992993
1790344928.0663717,1.3817170110996813
1790344928.1218371,1.6085930110421032
1790344928.1285172,1.823062018956989
1790344928.147978,1.7082460108213127
1790344928.1916177,1.6832900000736117
1790344928.2156723,1.719281979603693
1790344928.2175462,1.1915659997612238
1790344928.2216415,1.246397994691506
1790344928.3065665,1.759423001203686
1790344928.3214238,1.6274620138574392
1790344928.3297894,1.4846629928797483
1790344928.366361,1.6061979986261576
1790344928.422417,1.6625879798084497
1790344928.4267726,1.6109599964693189
1790344928.435214,1.4256300055421889
1790344928.4372602,1.154214987764135
1790344928.4523253,1.3815330166835338
1790344928.4917397,1.7944480059668422
1790344928.5014803,1.7000710067804903
1790344928.539405,1.589485997101292
1790344928.563723,1.606370002264157
1790344928.6669645,1.8518800206948072
1790344928.6923745,2.1005329908803105
1790344928.7178051,1.7747470119502395
1790344928.7299256,2.21255500218831
1790344928.7463946,1.8645400123205036
1790344928.7653935,1.7824249807745218
1790344928.7799716,1.46957699325867
1790344928.797887,1.5538570005446672
1790344928.8659582,1.7189520003739744
1790344928.9142008,1.9166150013916194
1790344928.999507,1.8603559874463826
1790344929.006143,1.2046800111420453
1790344929.0310116,1.9252349738962948
1790344929.0314698,1.4145119930617511
1790344929.0803647,1.550248998682946
1790344929.0870543,1.2350690085440874
1790344929.1147757,1.6391219978686422
1790344929.1843932,1.8287840066477656
1790344929.1941073,1.3766979973297566
1790344929.2354767,1.6522909863851964
1790344929.238963,1.315737987169996
1790344929.2479985,1.4428410213440657
1790344929.2694676,1.8062950111925602
1790344929.298637,1.7016080091707408
1790344929.3261707,1.6294139786623418
1790344929.3323023,1.6732710064388812
1790344929.3447247,1.621622999664396
1790344929.3591402,1.5498069988097996
1790344929.4097347,1.7746509984135628
1790344929.4171674,1.947929005837068
1790344929.4178078,1.7655990086495876
1790344929.480444,2.007366012549028
1790344929.5394607,1.7319100152235478
1790344929.5547965,1.472122996347025
1790344929.6010432,1.770407019648701
1790344929.6036494,1.2715269986074418
1790344929.630378,1.7242119938600808
1790344929.642354,1.5633850125595927
1790344929.650716,1.3874320138711482
1790344929.6767657,1.6498269978910685
1790344929.6802382,1.4142619911581278
1790344929.7114074,1.6770539805293083
1790344929.7345395,1.6195839853025973
1790344929.7363946,1.3885420048609376
1790344929.7381423,1.2862629955634475
1790344929.745356,1.1621239827945828
1790344929.7549837,1.3397389848250896
1790344929.759876,1.292695989832282
1790344929.82868,1.8424649897497147
1790344929.8333557,1.3739280111622065
1790344929.942776,1.8496050033718348
1790344929.9497359,1.395038008922711
1790344929.962896,1.5366640000138432
1790344929.9702482,1.3866799999959767
1790344929.9824169,1.5586770023219287
1790344929.9880412,1.3894900039304048
1790344930.016783,1.8245039973407984
1790344930.0250566,1.579844014486298
1790344930.041139,1.6489629924762994
1790344930.057368,1.8172170093748719
1790344930.0684896,1.931004982907325
1790344930.0692916,1.572027977090329
1790344930.095879,1.4777030155528337
1790344930.1212418,1.5498029824811965
1790344930.1264932,1.1358399933669716
1790344930.1385517,1.3508789998013526
1790344930.1435554,1.6326309996657073
1790344930.2097535,1.7559170082677156
1790344930.2211933,1.8464060267433524
1790344930.2314873,1.3587790017481893
1790344930.2394419,2.3736949951853603
1790344930.239494,1.8978099978994578
1790344930.273036,1.6132440068759024
1790344930.2841759,1.3963780074846
1790344930.289081,1.2262000236660242
1790344930.2978928,1.3617090007755905
1790344930.306609,1.9576330087147653
1790344930.313734,1.8358649977017194
1790344930.3725169,1.7955579969566315
1790344930.4075058,1.7024879925884306
1790344930.4348984,1.8404709990136325
1790344930.44548,2.091834001475945
1790344930.4583716,2.186906000133604
1790344930.4923282,1.669193006819114
1790344930.5204697,1.6759000136516988
1790344930.5441773,1.5237700135912746
1790344930.5506446,1.3795580016449094
1790344930.5787435,1.6750329814385623
1790344930.6056397,1.7572600045241416
1790344930.6128235,1.2313030019868165
1790344930.6637897,1.8014769884757698
1790344930.6741214,1.4541569980792701
1790344930.7683249,1.745005021803081
1790344930.7838674,1.5206760144792497
1790344930.834234,1.8917960114777088
1790344930.8386705,1.2476030096877366
1790344930.8460357,1.3772150268778205
1790344930.8466246,1.422569010173902
1790344930.8550756,1.1996990069746971
1790344930.879144,1.7972509958781302
1790344930.8943362,1.6577700152993202
1790344930.8984566,1.306516001932323
1790344930.9157543,1.7140590061899275
1790344930.92414,1.5117040020413697
1790344931.0263011,47.54276599851437
1790344931.026377,7.754974998533726
1790344931.0743592,26.31380400271155
1790344931.0745287,46.46855001919903
1790344931.0745893,25.944549997802824
1790344931.11135,1.7014449986163527
1790344931.121065,1.4309539983514696
1790344931.1250277,1.24505499843508
1790344931.1537538,1.7804689996410161
1790344931.2002106,2.3623519809916615
1790344931.2284582,1.7061929975170642
1790344931.2621264,2.5308140029665083
1790344931.2897582,1.9683940045069903
1790344931.2959042,1.3171489990781993
1790344931.3336966,1.652289996854961
1790344931.3548043,1.6830519889481366
1790344931.369213,1.5723269898444414
1790344931.391225,1.793869014363736
1790344931.428622,1.8188789836131036
1790344931.463511,1.5258759958669543
1790344931.4681275,1.2106239737477154
1790344931.4785094,1.355010987026617
1790344931.528022,1.8310690065845847
1790344931.5351315,1.8564779893495142
1790344931.5555804,1.5450550126843154
1790344931.601807,1.9040059996768832
1790344931.618742,1.6393539845012128
1790344931.631412,1.71474099624902
1790344931.6754928,1.7702299810480326
1790344931.7517715,1.7313579737674445
1790344931.7744298,1.5049700159579515
1790344931.7938347,1.750488008838147
1790344931.804286,1.7143879958894104
1790344931.8329864,1.8161240150220692
1790344931.8966815,1.913176995003596
1790344931.905261,1.9620450038928539
1790344931.9069257,1.1973259970545769
1790344932.000858,1.72127500991337
1790344932.0732787,17.537981999339536
1790344932.0733948,47.04618200776167
1790344932.0887308,2.053122007055208
1790344932.1237757,1.8352059996686876
1790344932.1904466,1.8148469971492887
1790344932.237483,2.2492769930977374
1790344932.242902,1.3789449876639992
1790344932.2829027,1.6427499940618873
1790344932.2898054,1.5610989939887077
1790344932.2969291,1.1663470068015158
1790344932.3003876,1.2667039991356432
1790344932.3065972,1.1823910172097385
1790344932.3360744,1.777852012310177
1790344932.338968,1.5936929848976433
1790344932.3397243,1.4099210093263537
1790344932.3463976,1.4616329863201827
1790344932.3713508,1.9983869860880077
1790344932.3719006,1.4560720010194927
1790344932.3937883,1.6252789937425405
1790344932.4031286,1.2836379755754024
1790344932.4082086,1.3294029922690243
1790344932.4209266,1.8270309956278652
1790344932.434946,1.6239149845205247
1790344932.4408677,1.94016401655972
1790344932.4474313,1.7672620015218854
1790344932.4811952,1.8943059840239584
1790344932.491461,1.3340620207600296
1790344932.519974,1.5643950027879328
1790344932.526363,1.1749050172511488
1790344932.5376148,1.5534390113316476
1790344932.5521386,1.4826389960944653
1790344932.5614455,1.3212299963925034
1790344932.587342,1.7623010207898915
1790344932.5953424,1.5745119890198112
1790344932.6020014,1.1346119863446802
1790344932.6742904,1.8128369993064553
1790344932.6843486,1.558741001645103
1790344932.735216,1.760288025252521
1790344932.7357788,2.8016050055157393
1790344932.8373473,1.728633011225611
1790344932.8439453,1.356366992695257
1790344932.8502808,1.5304200060199946
1790344932.8806148,1.8496050033718348
1790344932.9439902,1.8190300033893436
1790344932.9604456,1.788382011000067
1790344932.9618204,1.3644220016431063
1790344932.967467,1.1539499973878264
1790344932.976822,1.3614130148198456
1790344932.9900815,1.7187119810841978
1790344933.0220807,1.6645509749650955
1790344933.055861,1.6770449874456972
1790344933.0617287,1.341864001005888
1790344933.1163256,1.5846340102143586
1790344933.1581964,1.6874329885467887
1790344933.173695,1.5063509927131236
1790344933.1780376,1.3807410141453147
1790344933.2441595,1.8240880162920803
1790344933.24688,1.6645720170345157
1790344933.268371,1.9086510001216084
1790344933.3155513,1.7829459975473583
1790344933.3283627,1.5795340004842728
1790344933.3531795,2.262989990413189
1790344933.3723776,1.85776999569498
1790344933.4498844,2.1105149935465306
1790344933.4775586,2.242618997115642
1790344933.4882016,1.8796240037772804
1790344933.5023339,2.009318006457761
1790344933.5864446,1.7332109855487943
1790344933.65041,1.7723210039548576
1790344933.6930518,1.9218669913243502
1790344933.708038,1.9956979958806187
1790344933.7505116,2.1034060046076775
1790344933.7699144,2.0531890040729195
1790344933.8085132,1.858476985944435
1790344933.8115714,1.5875640092417598
1790344933.8496842,1.862547011114657
1790344933.9076548,2.209896018030122
1790344933.9114485,1.404375012498349
1790344933.9499016,2.3724869824945927
1790344933.974035,1.4773799921385944
1790344933.9965076,1.6034849977586418
1790344933.9996135,1.2420390266925097
1790344934.0068,1.292133005335927
1790344934.0161006,1.3354250113479793
1790344934.062019,1.7123630095738918
1790344934.0771706,1.5087770007085055
1790344934.0908322,1.5708470018580556
1790344934.1152763,1.4857710048090667
1790344934.1736653,1.7934729985427111
1790344934.1844852,1.6932480211835355
1790344934.1850097,1.3913779985159636
1790344934.189063,1.10952602699399
1790344934.2168689,1.5635080053471029
1790344934.2305148,1.6054649895522743
1790344934.2687144,1.8082619935739785
1790344934.2981946,1.6973250021692365
1790344934.3083801,1.5218010230455548
1790344934.35234,1.5880790015216917
1790344934.3619344,1.341335999313742
1790344934.3744068,1.3125450059305876
1790344934.3804543,1.40975700924173
1790344934.4086978,1.7162409785669297
1790344934.427192,2.0959590037819
1790344934.462552,1.7583809967618436
1790344934.4857037,1.7540949920658022
1790344934.5027075,1.4316839806269854
1790344934.5679839,1.83938501868397
1790344934.5707264,1.275090005947277
1790344934.5775776,1.3158420042600483
1790344934.6008816,1.7214590043295175
1790344934.607842,1.3399090094026178
1790344934.6451986,1.5391450142487884
1790344934.6608844,1.7384700186084956
1790344934.6792107,1.7417990020476282
1790344934.683648,1.3070980203337967
1790344934.730585,1.8625750089995563
1790344934.7338305,1.222557999426499
1790344934.7438745,1.3304919993970543
1790344934.7500482,1.3254400109872222
1790344934.7596047,1.2509869993664324
1790344934.7632668,1.0962439991999418
1790344934.7898424,2.0165419846307486
1790344934.8135736,1.5144450007937849
1790344934.8822236,47.55044900230132
1790344934.8823075,15.421724005136639
1790344934.882457,11.38692902168259
1790344934.9302375,2.012950018979609
1790344934.9304945,2.7999090088997036
1790344934.9459844,1.36106600984931
1790344934.9595394,1.4759000041522086
1790344935.0277748,1.7380979843437672
1790344935.0321214,1.3000009930692613
1790344935.0706728,2.0755720033776015
1790344935.076137,1.273196015972644
1790344935.1046476,1.4596520049963146
1790344935.128861,1.607424987014383
1790344935.1668546,1.8536460120230913
1790344935.1690655,1.5441479918081313
1790344935.172669,1.4320310147013515
1790344935.2029364,1.6896759916562587
1790344935.2076967,1.33980400278233
1790344935.2189922,1.3023510109633207
1790344935.3086538,2.0648339996114373
1790344935.3657587,1.9233339990023524
1790344935.3782911,1.595085021108389
1790344935.4606442,1.97647899040021
1790344935.4938078,1.9394970149733126
1790344935.515966,1.7024650005623698
1790344935.5251062,1.5086519997566938
1790344935.5585475,1.876669004559517
1790344935.5620346,1.306109974393621
1790344935.5884266,2.0586730097420514
1790344935.5889368,1.4131230127532035
1790344935.664938,2.0188550115562975
1790344935.6665463,1.597487018443644
1790344935.677237,1.431124983355403
1790344935.690622,1.525519008282572
1790344935.706733,2.987359999679029
1790344935.7312145,3.698844986502081
1790344935.7529767,6.882005021907389
1790344935.7758625,1.7015289922710508
1790344935.808596,1.6139899962581694
1790344935.8670013,3.8968150038272142
1790344935.911861,3.390088997548446
1790344935.9700341,2.2845510102342814
1790344936.0010762,4.602717002853751
1790344936.029688,6.054669007426128
1790344936.042437,7.495165016734973
1790344936.042747,4.9341690028086305
1790344936.0528612,2.1662449871655554
1790344936.084178,1.606256002560258
1790344936.0861385,1.1823719833046198
1790344936.0965736,1.3533069868572056
1790344936.0977283,1.0651819757185876
1790344936.193717,6.744583020918071
1790344936.213344,3.991992009105161
1790344936.263907,4.549920005956665
1790344936.269006,2.508237987058237
1790344936.2700655,2.3304840142372996
1790344936.3124356,5.065136996563524
1790344936.383943,4.570816003251821
1790344936.4114397,4.15921097737737
1790344936.4260845,1.6440649924334139
1790344936.4640217,1.694259000942111
1790344936.497468,3.6753839813172817
1790344936.5573037,5.449304007925093
1790344936.6075208,8.34080102504231
1790344936.6629035,9.014862007461488
1790344936.6642888,5.236063996562734
1790344936.6998203,3.565116989193484
1790344936.7093608,2.212904015323147
1790344936.7147453,1.7148659972008318
1790344936.71481,2.28760699974373
1790344936.7517095,3.4501820045989007
1790344936.763463,4.466220998438075
1790344936.781382,3.6225020012352616
1790344936.8108664,4.6924089838285
1790344936.8195474,3.9218220044858754
1790344936.8297353,4.29118997999467
1790344936.8298726,3.3810729801189154
1790344936.8679671,1.849405001848936
1790344936.8759017,1.8258070049341768
1790344936.9165323,4.039182007545605
1790344936.9530692,4.045262990985066
1790344936.9647481,2.4178339808713645
1790344936.9845867,2.444701996864751
1790344937.0107188,3.4001590101979673
1790344937.0821657,5.829682020703331
1790344937.0842786,2.0948989840690047
1790344937.1192365,1.608053018571809
1790344937.1384108,2.607558009913191
1790344937.2204762,6.7817420058418065
1790344937.2432446,4.042588989250362
1790344937.2836208,3.386260010302067
1790344937.3065915,1.6187140136025846
1790344937.3107102,1.3381839962676167
1790344937.3257735,1.4416920021176338
1790344937.331983,1.2912829988636076
1790344937.3387697,1.5233200101647526
1790344937.3760703,5.225984990829602
1790344937.3905897,3.0736179905943573
1790344937.4055905,2.3179819982033223
1790344937.4959402,8.923571003833786
1790344937.496654,4.194250010186806
1790344937.505769,1.7548929899930954
1790344937.5215442,3.054312983294949
1790344937.5731683,1.7863779794424772
1790344937.587957,1.41667400021106
1790344937.595138,1.2076749990228564
1790344937.6122177,1.3050470151938498
1790344937.6167648,1.3041969796177
1790344937.6334147,1.3412469998002052
1790344937.6435385,1.189034985145554
1790344937.671419,1.4975040103308856
1790344937.6762297,1.6505959792993963
1790344937.6924336,1.4494879869744182
1790344937.6947596,1.1214000114705414
1790344937.7638717,4.828061995794997
1790344937.771549,3.6614510172512382
1790344937.825911,2.6132950151804835
1790344937.8653908,3.9949589991010725
1790344937.8949196,4.790723993210122
1790344937.9224265,2.987243002280593
1790344937.9310465,1.7165229946840554
1790344937.9383054,1.4089329924900085
1790344937.9520664,2.5819489965215325
1790344938.0140355,7.844741019653156
1790344938.0344799,3.7370170175563544
1790344938.0735826,5.939989991020411
1790344938.0978408,4.485385987209156
1790344938.1055818,6.804396980442107
1790344938.1074686,6.749038002453744
1790344938.1202614,2.7859499969054013
1790344938.1776018,2.4147609947249293
1790344938.1786914,2.2554590250365436
1790344938.2118979,2.1771129977423698
1790344938.2341008,2.1207620156928897
1790344938.2518413,1.66429701494053
1790344938.2538016,1.5385940205305815
1790344938.2669675,2.961330988910049
1790344938.2670348,2.5161530065815896
1790344938.289659,1.6115669859573245
1790344938.2931576,1.1489349999465048
1790344938.3702352,9.921269986080006
1790344938.376352,3.28011202509515
1790344938.3847244,1.939786976436153
1790344938.4050627,1.618140988284722
1790344938.472977,3.416704013943672
1790344938.5009897,6.53738301480189
1790344938.5066354,2.328186994418502
1790344938.5356379,2.25660897558555
1790344938.5480416,3.1070690019987524
1790344938.551288,1.3528229901567101
1790344938.5517793,1.1615389958024025
1790344938.5580661,1.1593470117077231
1790344938.5973,5.061920004663989
1790344938.599962,2.3453860194422305
1790344938.6440845,7.4622800166253
1790344938.6773553,5.5452469969168305
1790344938.693773,3.890407009748742
1790344938.6964145,2.62104399735108
1790344938.7296886,4.458354000234976
1790344938.7499082,1.877015980426222
1790344938.8128908,5.9828649973496795
1790344938.8261387,4.920331004541367
1790344938.8273172,3.1469220120925456
1790344938.8353326,2.4475110112689435
1790344938.8751717,3.431365010328591
1790344938.8807876,2.6191459910478443
1790344938.896319,2.906189998611808
1790344938.9266045,4.858612024690956
1790344938.9321826,1.5191729762591422
1790344938.9416993,1.2525170168373734
1790344938.9544606,1.2709030124824494
1790344938.966219,2.008793002460152
1790344938.973967,2.137791976565495
1790344938.9743297,3.2251100055873394
1790344938.9961243,2.4954249965958297
1790344939.0069156,1.5193549916148186
1790344939.0329006,2.9626899922732264
1790344939.069608,2.658546989550814
1790344939.0887067,4.064830980496481
1790344939.0951724,4.262011003447697
1790344939.1598608,1.9882279739249498
1790344939.1842372,1.5160990005824715
1790344939.1889858,1.8988880037795752
1790344939.190047,1.8369269964750856
1790344939.2119713,1.575064001372084
1790344939.2253392,1.3314730022102594
1790344939.2378266,1.4890219899825752
1790344939.2400565,1.2078959844075143
1790344939.2663517,1.511125999968499
1790344939.2690618,1.1924689752049744
1790344939.2934403,1.5512410027440637
1790344939.3112957,1.745491987094283
1790344939.326452,2.39063601475209
1790344939.328684,1.4451220049522817
1790344939.3332253,1.3339599827304482
1790344939.347335,2.074867981718853
1790344939.3559213,2.0469059818424284
1790344939.3955603,4.422273981617764
1790344939.4287229,1.9679759861901402
1790344939.456368,2.0482889958657324
1790344939.4611979,1.5994889836292714
1790344939.4623666,1.159261999418959
1790344939.525069,5.936014000326395
1790344939.5459504,4.110963986022398
1790344939.5471299,3.630662977229804
1790344939.5476756,1.5930020017549396
1790344939.551528,1.3374469999689609
1790344939.5619462,1.6162979882210493
1790344939.5692377,2.1833119972143322
1790344939.5718405,1.727769005810842
1790344939.5794427,1.923906005686149
1790344939.5957413,3.079990012338385
1790344939.5982113,1.6942840011324733
1790344939.605125,1.6584499971941113
1790344939.6123393,1.548196974908933
1790344939.6394422,3.459914994891733
1790344939.6683776,2.588089002529159
1790344939.684374,2.682955004274845
1790344939.7979813,10.697499994421378
1790344939.7997046,5.558502016356215
1790344939.812452,2.4832940252963454
1790344939.8283772,2.7246760146226734
1790344939.841386,3.595335001591593
1790344939.9173605,3.8232200022321194
1790344939.9252546,3.2202230067923665
1790344939.9582253,2.9781619959976524
1790344939.972129,2.0122419809922576
1790344939.9726374,1.3100780197419226
1790344939.9824553,1.7298019956797361
1790344939.9896073,1.863217999925837
1790344939.995462,1.900436996947974
1790344940.11125,3.013768990058452
1790344940.1145997,2.177179994760081
1790344940.1165714,1.1223859910387546
1790344940.15953,2.4407430028077215
1790344940.159605,4.735463997349143
1790344940.174509,2.1064309985376894
1790344940.3836193,1.6780260193627328
1790344940.4397259,1.8012650252785534
1790344940.5325587,2.2013599809724838
1790344940.6064758,1.6388789808843285
1790344940.610748,1.279835996683687
1790344940.6143737,1.1174250103067607
1790344940.6411302,1.6675480001140386
1790344940.7177444,2.282691013533622
1790344940.778165,2.448751009069383
1790344940.7788076,1.6213819908443838
1790344940.7880929,1.4350780111271888
1790344940.7972856,1.5606050146743655
1790344940.8322854,1.9909889961127192
1790344940.8612332,1.798131997929886
1790344940.867598,1.239110977621749
1790344940.8712623,1.3375789858400822
1790344940.931828,1.8683570087887347
1790344940.9698725,1.8899700080510229
1790344940.9737847,1.278187002753839
1790344940.9797225,1.3544450048357248
1790344941.010975,1.8127409857697785
1790344941.03258,1.4846830163151026
1790344941.0410686,1.435543003026396
1790344941.0528653,1.819092984078452
1790344941.0695543,1.6135640034917742
1790344941.1078966,1.6951319994404912
1790344941.110735,1.3990610023029149
1790344941.112629,1.116881991038099
1790344941.1426706,1.6575860208831728
1790344941.1552367,1.6081269714049995
1790344941.1629457,1.3869759859517217
1790344941.1755538,1.5322850085794926
1790344941.2817423,1.8170200055465102
1790344941.3135822,1.8615470035001636
1790344941.3480742,1.8034660024568439
1790344941.364401,1.4314019936136901
1790344941.500504,3.331144980620593
1790344941.5011592,1.9394569972064346
1790344941.517105,1.532197988126427
1790344941.5843618,44.92091998690739
1790344941.5936463,1.638025016291067
1790344941.6425407,1.8628610123414546
1790344941.6450021,1.820926001528278
1790344941.7098775,1.9830029923468828
1790344941.7421281,1.6487739922013134
1790344941.7560096,1.8083620234392583
1790344941.7891634,1.6514689777977765
1790344941.7932546,1.2043939786963165
1790344941.7960844,1.1166789918206632
1790344941.7976131,1.0546510166022927
1790344941.835387,1.6553449968341738
1790344941.8417764,1.2652750010602176
1790344941.8448977,1.5731530147604644
1790344941.8694599,1.683837006567046
1790344941.8932643,1.7748789978213608
1790344941.9117014,1.603676995728165
1790344941.9759543,1.6732689982745796
1790344941.988388,1.5620279882568866
1790344941.9889724,1.4359600027091801
1790344942.025756,1.6939460183493793
1790344942.0700674,1.7848590214271098
1790344942.1087737,2.201819996116683
1790344942.1092856,1.4734739961568266
1790344942.1642423,2.0841619989369065
1790344942.1645262,1.6540640208404511
1790344942.2060459,1.6076869796961546
1790344942.214792,1.439657004084438
1790344942.2187824,1.1699229944497347
1790344942.242552,1.7830620054155588
1790344942.3367035,1.774673000909388
1790344942.4016562,2.120004006428644
1790344942.4059887,1.640235015656799
1790344942.4369273,1.6450829862151295
1790344942.4942937,1.8061730079352856
1790344942.5072632,1.6200359968934208
1790344942.5142777,3.3084650058299303
1790344942.5165339,2.234479004982859
1790344942.5898557,1.9871380063705146
1790344942.6516912,1.644937990931794
1790344942.6554668,1.3311160146258771
1790344942.6828604,1.8097980064339936
1790344942.7909925,1.6964039823506027
1790344942.8203304,1.6165880078915507
1790344942.8398962,1.80153499240987
1790344942.8533518,1.5552080003544688
1790344942.8607554,1.6221149999182671
1790344942.9326797,2.053567994153127
1790344942.958068,1.9068179826717824
1790344942.9815903,1.9081620266661048
1790344943.0079129,2.152592991478741
1790344943.03552,1.8846830062102526
1790344943.0378342,1.5573679993394762
1790344943.087168,1.7280599859077483
1790344943.1230395,2.047084999503568
1790344943.12721,1.2284599943086505
1790344943.137048,1.493755989940837
1790344943.1581714,1.8535590206738561
1790344943.1639795,1.3033279974479228
1790344943.2012138,1.8992149853147566
1790344943.2384982,3.004029975272715
1790344943.2387817,2.650399983394891
1790344943.2545989,1.4984349836595356
1790344943.2662032,1.5455640095751733
1790344943.2727952,1.3888070243410766
1790344943.274814,1.1702939809765667
1790344943.2783926,1.0771770030260086
1790344943.3060246,1.7083899874705821
1790344943.3065574,1.4841499796602875
1790344943.3500307,1.8041020084638149
1790344943.3687377,1.6977839986793697
1790344943.389143,1.7436720081605017
1790344943.4085367,1.5747630095575005
1790344943.4486659,1.716535014566034
1790344943.472199,1.7550099873915315
1790344943.4846354,1.7205440090037882
1790344943.5056345,1.9713320070877671
1790344943.5201004,1.6271109925583005
1790344943.5279253,1.6526439867448062
1790344943.5440598,1.7423460085410625
1790344943.575079,1.6644900024402887
1790344943.637237,1.9128589774481952
1790344943.647555,1.5528750082012266
1790344943.6596932,1.5885790053289384
1790344943.7122564,2.603645989438519
1790344943.712543,1.9464869983494282
1790344943.7454681,2.036805992247537
1790344943.7542732,1.5526920033153147
1790344943.8189197,1.806657004635781
1790344943.8535511,1.7595990211702883
1790344943.8717036,1.7940840043593198
1790344943.9210472,1.7415379988960922
1790344943.9307883,1.7576520040165633
1790344943.9564428,1.8556650029495358
1790344944.048377,1.7639299912843853
1790344944.0554328,1.645569980610162
1790344944.083751,1.743811008054763
1790344944.1029475,1.5804159920662642
1790344944.1462169,1.6194279887713492
1790344944.223365,1.6606090066488832
1790344944.2451465,1.954136008862406
1790344944.2663214,1.5259560022968799
1790344944.320701,1.8816829833667725
1790344944.3414702,1.8724630062934011
1790344944.34301,1.1762369831558317
1790344944.3546917,2.2060159826651216
1790344944.3554187,2.0310179970692843
1790344944.3654861,1.661226007854566
1790344944.3903747,2.366847009398043
1790344944.3904514,2.9881670197937638
1790344944.4208388,1.6711060015950352
1790344944.4268305,1.307039987295866
1790344944.4647946,1.658498018514365
1790344944.4844937,1.5352900081779808
1790344944.4913538,1.5973410045262426
1790344944.5068414,1.7254659906029701
1790344944.5269964,1.744287001201883
1790344944.5371401,1.4364499947987497
1790344944.6030061,3.0521379958372563
1790344944.6031084,2.2997490013949573
1790344944.6038024,1.2785110156983137
1790344944.6170397,1.4520109980367124
1790344944.6271772,1.670981990173459
1790344944.6798892,1.8165780056733638
1790344944.6865058,1.3157779758330435
1790344944.7048936,1.5158489986788481
1790344944.7165194,1.4211350062396377
1790344944.747737,1.7485140124335885
1790344944.7901185,22.412658989196643
1790344944.8002903,30.363030004082248
1790344944.80036,26.739085995359346
1790344944.8004296,49.90479699335992
1790344944.8056307,1.324529992416501
1790344944.8417912,21.957321994705126
1790344944.857662,12.494005990447477
1790344944.8631492,1.9803819886874408
1790344944.8632352,49.68367700348608
1790344944.8706703,1.6176179924514145
1790344944.8891633,1.5638410113751888
1790344944.8913171,1.1147920158691704
1790344944.8932712,1.0564799886196852
1790344944.9163938,1.5524429909419268
1790344944.9212606,1.2914139952044934
1790344944.979981,2.0116640080232173
1790344945.0149004,1.8891200015787035
1790344945.1090536,2.073380019282922
1790344945.1245565,1.6863199998624623
1790344945.1376128,1.6654609935358167
1790344945.1500447,1.901454001199454
1790344945.175799,1.7286840011365712
1790344945.2021968,1.5648050175514072
1790344945.2129788,1.6289399936795235
1790344945.2460985,1.6205240099225193
1790344945.2658942,1.645351992920041
1790344945.3087513,1.7955809889826924
1790344945.3156724,1.648634992307052
1790344945.3339372,1.4290200197137892
1790344945.351787,1.4640319859609008
1790344945.3710408,1.818157994421199
1790344945.6000707,1.8937739951070398
1790344945.6199615,1.845130987931043
1790344945.6287334,1.4923079870641232
1790344945.6974585,1.9258949905633926
1790344945.6997702,1.4017020002938807
1790344945.7192466,1.5737880021333694
1790344945.7436523,1.731923985062167
1790344945.7556689,1.3548870047088712
1790344945.7656875,1.552528003230691
1790344945.8101454,1.7066739965230227
1790344945.863146,1.565724000101909
1790344945.8668664,1.496676995884627
1790344945.9070194,1.6925239760894328
1790344945.9143677,1.3360800221562386
1790344945.9423108,2.346405992284417
1790344945.9432082,1.3416309957392514
1790344945.955941,1.4281510084401816
1790344945.970134,1.6956999897956848
1790344946.01339,1.7400200013071299
1790344946.0499318,1.7581699939910322
1790344946.0616243,1.51807299698703
1790344946.0928128,2.1949289948679507
1790344946.092919,3.1554790039081126
1790344946.1035175,1.5664069796912372
1790344946.218161,1.969048986211419
1790344946.3501818,2.0246799977030605
1790344946.3807716,1.9131800218019634
1790344946.3835545,1.3858269958291203
1790344946.4204566,1.695087004918605
1790344946.4342608,1.437025988707319
1790344946.4427116,1.1948900064453483
1790344946.4525044,1.505380991147831
1790344946.4870894,1.5953129914123565
1790344946.53853,1.687205018242821
1790344946.5706582,1.7931969778146595
1790344946.5801296,1.5118960000108927
1790344946.5805311,1.1964570148847997
1790344946.5842261,1.1915049981325865
1790344946.6283057,1.8472270166967064
1790344946.6615264,1.5293860051315278
1790344946.678923,1.491074013756588
1790344946.695831,1.9294889934826642
1790344946.6959631,2.6386659883428365
1790344946.7682037,1.7937289958354086
1790344946.779114,1.3449029938783497
1790344946.7808874,1.3221270055510104
1790344946.8351843,1.8011180218309164
1790344946.8467314,1.5104719786904752
1790344946.9244688,1.8098180007655174
1790344946.9732063,1.6583810211159289
1790344947.0033486,1.5655220195185393
1790344947.0161364,1.7856360063888133
1790344947.0172813,1.136089995270595
1790344947.03232,1.6771919908933342
1790344947.0366569,1.7235279956366867
1790344947.0650523,1.8158329767175019
1790344947.0742376,1.3541960215661675
1790344947.0996401,1.5506290073972195
1790344947.1087494,1.3723169977311045
1790344947.120734,1.7930179892573506
1790344947.1340978,2.4994639970827848
1790344947.1456676,1.378712011501193
1790344947.1558573,1.3328729837667197
1790344947.177329,1.5143539931159467
1790344947.1830873,1.3659209944307804
1790344947.2162924,1.5389440231956542
1790344947.2323375,1.5054749965202063
1790344947.2564898,1.7430199950467795
1790344947.292547,1.7277740116696805
1790344947.3036582,1.3744239986408502
1790344947.3640416,1.9351259979885072
1790344947.375568,1.3874750002287328
1790344947.4383178,2.605268993647769
1790344947.4464984,1.4979080006014556
1790344947.4720168,1.6128479910548776
1790344947.475731,1.2776670046150684
1790344947.4803407,1.8232190050184727
1790344947.4808936,1.488445996074006
1790344947.5658529,1.7493579944130033
1790344947.6083481,1.78842298919335
1790344947.6323547,2.0970019977539778
1790344947.6597557,2.0564750011544675
1790344947.7915308,2.112510002916679
1790344947.8113198,1.6438419988844544
1790344947.8360605,2.2734280209988356
1790344947.8370926,1.4614620013162494
1790344947.841709,1.1000120139215142
1790344947.8854494,1.580398005899042
1790344948.0501127,2.058609010418877
1790344948.0657876,1.9045300141442567
1790344948.0771687,1.28865399165079
1790344948.1063051,1.6286890022456646
1790344948.1433885,1.9436930015217513
1790344948.1440046,1.502498984336853
1790344948.1455069,1.1856509954668581
1790344948.1864276,1.7132539942394942
1790344948.2149923,1.530567998997867
1790344948.2232945,1.4411850133910775
1790344948.2924855,1.821599988033995
1790344948.383094,2.4297700147144496
1790344948.3831596,3.025109996087849
1790344948.3859417,1.387967000482604
1790344948.4018939,1.4832790184300393
1790344948.4076958,1.2262669915799052
1790344948.4101381,1.1901859834324569
1790344948.4398878,1.9668390159495175
1790344948.4547584,2.6821040082722902
1790344948.497325,1.6364790208172053
1790344948.4978046,1.4192369999364018
1790344948.5296376,1.7329730035271496
1790344948.5481734,1.584559999173507
1790344948.5853841,1.9113489834126085
1790344948.6019332,1.496562996180728
1790344948.6331756,1.9682429847307503
1790344948.6502156,1.7565620073582977
1790344948.6607997,1.6399089945480227
1790344948.662327,1.5150080143939704
1790344948.666145,1.188330992590636
1790344948.6925626,1.5779810200911015
1790344948.6990051,1.1613050010055304
1790344948.7103298,1.4218270080164075
1790344948.7178621,1.3664980069734156
1790344948.718112,2.0271679968573153
1790344948.7557013,1.7845520051196218
1790344948.7584054,1.329532009549439
1790344948.7714727,1.514489995315671
1790344948.777713,1.275583985261619
1790344948.8026624,1.7357819888275117
1790344948.8101144,2.273224003147334
1790344948.810178,1.824261009460315
1790344948.846017,1.6250759945251048
1790344948.8686984,1.6851910040713847
1790344948.8735182,1.258648990187794
1790344948.876395,1.5624820080120116
1790344948.9207647,2.3519359820056707
1790344948.945305,1.7773089930415154
1790344948.9691315,1.5976099821273237
1790344948.9706926,1.2280209921300411
1790344948.9876418,1.515622017905116
1790344949.0458755,1.6853220004122704
1790344949.0579052,1.5711110027041286
1790344949.0620952,1.3197849912103266
1790344949.111011,1.8339710077270865
1790344949.1128054,1.6943100199569017
1790344949.1134815,1.1055439827032387
1790344949.1454415,1.5596470038872212
1790344949.2200933,1.8129080126527697
1790344949.2786138,1.8779889796860516
1790344949.3254027,1.7649049987085164
1790344949.3446693,1.7588369955774397
1790344949.4073157,2.035720011917874
1790344949.4149337,1.4424069959204644
1790344949.474836,1.6565000114496797
1790344949.4833727,1.6902390052564442
1790344949.5791411,1.8039080023299903
1790344949.590856,1.3168099976610392
1790344949.6219187,2.482487994711846
1790344949.6219976,3.063116018893197
1790344949.6292129,1.3684830046258867
1790344949.6556182,1.6403509944211692
1790344949.6750576,1.655353989917785
1790344949.7034268,1.552046014694497
1790344949.8042533,1.8547879881225526
1790344949.8208134,1.6505919920746237
1790344949.9242272,1.8989680102095008
1790344949.942027,1.5502280148211867
1790344950.0069187,2.165906975278631
1790344950.0464983,1.7114249931182712
1790344950.0604463,1.552202011225745
1790344950.076516,1.614326989511028
1790344950.1127555,2.214929001638666
1790344950.1600637,1.6968970012385398
1790344950.1910114,1.5973529953043908
1790344950.2103393,1.956863998202607
1790344950.2281492,1.8420590204186738
1790344950.2376113,1.41282202093862
1790344950.2811203,2.286163973622024
1790344950.3301537,2.0792210125364363
1790344950.4146225,1.6502640210092068
1790344950.420623,1.4836030022706836
1790344950.4248135,1.1934220092371106
1790344950.4302592,1.1496469960547984
1790344950.4331536,1.3724699965678155
1790344950.4401474,1.4237099967431277
1790344950.4997041,1.7826750117819756
1790344950.5194721,1.5419880219269544
1790344950.559689,1.6326399927493185
1790344950.5796554,1.5404479927383363
1790344950.6115327,1.6360759909730405
1790344950.6413836,2.1223500079941005
1790344950.6416903,2.5075429875869304
1790344950.6590176,1.6453290008939803
1790344950.6664622,1.5219030028674752
1790344950.750262,1.7951950139831752
1790344950.7746756,1.8036790133919567
1790344950.7831137,1.4627969940192997
1790344950.8182952,1.7064989951904863
1790344950.830987,2.0440520020201802
1790344950.8427427,2.043974003754556
1790344950.8428245,2.599047002149746
1790344950.8504362,1.3137909991201013
1790344950.8733327,1.7320110055152327
1790344950.922363,2.0597179827746004
1790344950.950128,1.7774909792933613
1790344950.9589794,2.2254510258790106
1790344950.9590693,2.8031920082867146
1790344950.9964163,2.68591201165691
1790344950.9965172,2.2791330120526254
1790344951.0121188,1.5506560157518834
1790344951.0641522,1.5888200141489506
1790344951.0761878,1.5592470008414239
1790344951.1064293,1.6179099911823869
1790344951.123081,2.9977629892528057
1790344951.1231663,2.5337169936392456
1790344951.1419985,1.4564339944627136
1790344951.16829,2.1969309891574085
1790344951.1688464,1.292434986680746
1790344951.1822643,1.7782820214051753
1790344951.2009888,1.854512986028567
1790344951.2149417,1.9241219852119684
1790344951.2536657,2.8428329969756305
1790344951.2542777,1.777127996319905
1790344951.2580307,1.5094639966264367
1790344951.2901335,2.345922024687752
1790344951.2906272,3.4259829844813794
1790344951.2906826,1.9938250188715756
1790344951.2955565,1.1934229987673461
1790344951.3368282,1.7074400093406439
1790344951.3569624,1.6173039912246168
1790344951.3759146,1.9411259854678065
1790344951.3768737,1.7964479920919985
1790344951.3869789,1.6434459830634296
1790344951.3940802,1.3813459954690188
1790344951.4117825,1.6239429824054241
1790344951.4186106,1.1854220065288246
1790344951.4284523,1.418198022292927
1790344951.4704964,1.6634110070299357
1790344951.6419847,14.707839000038803
1790344951.6422567,46.999610000057146
1790344951.6425247,3.0256060126703233
1790344951.6808765,1.7632840026635677
1790344951.703173,1.6154240001924336
1790344951.7127905,1.847717008786276
1790344951.736348,1.5769090096000582
1790344951.7404006,1.3567830028478056
1790344951.7669191,1.8132460245396942
1790344951.7669837,2.548354008467868
1790344951.7759092,1.1971610074397177
1790344951.8363488,1.6128839924931526
1790344951.8461585,1.5932430105749518
1790344951.8526332,1.2074529950041324
1790344951.8577623,1.464301982196048
1790344951.8982623,1.6553169989492744
1790344951.9255195,1.694186998065561
1790344951.9386168,1.638498972170055
1790344951.9655814,1.7889640002977103
1790344951.990733,1.9207829900551587
1790344951.99915,1.3594109914265573
1790344952.0245109,1.58021500101313
1790344952.0750692,1.9615459896158427
1790344952.07938,1.4392299926839769
1790344952.104997,1.835989998653531
1790344952.1075523,1.3534679892472923
1790344952.1180701,1.5215310268104076
1790344952.120411,1.2041600130032748
1790344952.1270134,1.2989559909328818
1790344952.136488,1.3020210026297718
1790344952.163085,1.4951009943615645
1790344952.175648,1.3795150152873248
1790344952.186206,1.4149040216580033
1790344952.227392,1.8367489974480122
1790344952.297527,30.836250982247293
1790344952.312837,47.80587801360525
1790344952.330598,1.9739599956665188
1790344952.382148,1.5617510071024299
1790344952.387347,1.3219929824117571
1790344952.4055216,3.499724989524111
1790344952.4336863,2.11052197846584
1790344952.4425023,1.8971670069731772
1790344952.475924,1.7814459861256182
1790344952.487406,1.8845470040105283
1790344952.5330582,1.9287790055386722
1790344952.5390794,1.9234850187785923
1790344952.5459359,2.0990909833926708
1790344952.5814142,1.6691189957782626
1790344952.6217902,1.6712310025468469
1790344952.6410084,1.5662600053474307
1790344952.6534514,1.448842987883836
1790344952.667536,1.5296170022338629
1790344952.6819847,1.4965849986765534
1790344952.7361023,1.6145099943969399
1790344952.7560601,1.877528993645683
1790344952.7646418,1.3323180028237402
1790344952.790209,1.6240639961324632
1790344952.8208823,1.6042949864640832
1790344952.8334987,1.412265992257744
1790344952.8473096,1.7270340176764876
1790344952.8750608,1.5062850143294781
1790344952.878489,1.3277340040076524
1790344952.9113867,1.6987359849736094
1790344952.988211,1.8347430159337819
1790344953.003719,1.4450599846895784
1790344953.026284,1.7586960166227072
1790344953.0329025,1.3930049899499863
1790344953.0948665,1.7635980038903654
1790344953.1050143,1.4778519980609417
1790344953.1464543,1.8229520064778626
1790344953.2037888,1.647589000640437
1790344953.2321541,1.5758350200485438
1790344953.244572,1.6767550259828568
1790344953.2526407,1.3092770241200924
1790344953.2745686,1.7876799975056201
1790344953.335128,1.7925739812199026
1790344953.3697255,2.3691320093348622
1790344953.3782856,1.4466979773715138
1790344953.3895183,1.3894680014345795
1790344953.413933,1.5313129988498986
1790344953.4246042,1.437663013348356
1790344953.4319193,1.3898580218665302
1790344953.4767034,1.738765015034005
1790344953.4787261,1.2492359965108335
1790344953.5019794,1.6401670000050217
1790344953.5203805,1.6493629955220968
1790344953.529766,1.4700870087835938
1790344953.5667984,1.5726530109532177
1790344953.6459155,1.9404310151003301
1790344953.658357,1.5520319866482168
1790344953.7450614,2.278205007314682
1790344953.8013988,1.8693419988267124
1790344953.8523285,1.740513980621472
1790344953.861747,1.5278829960152507
1790344953.9070563,1.5974040143191814
1790344953.9500144,1.716751983622089
1790344953.9528518,1.25076700351201
1790344953.9550438,1.1994169908575714
1790344953.965926,1.387530006468296
1790344953.9671378,1.106345996959135
1790344953.9745142,1.2520460004452616
1790344953.994031,1.6006490041036159
1790344954.0567908,1.9487389945425093
1790344954.0576172,1.6848130035214126
1790344954.0808156,1.7642710008658469
1790344954.087118,1.6089030250441283
1790344954.1825833,1.7707789957057685
1790344954.2285233,2.0308149978518486
1790344954.330467,1.844015991082415
1790344954.363999,1.6569569997955114
1790344954.3787212,1.677958993241191
1790344954.403981,1.7117540119215846
1790344954.40885,1.3780750159639865
1790344954.4180188,1.4749379770364612
1790344954.4252963,1.324979995843023
1790344954.4522145,1.7609570058993995
1790344954.4591942,1.7761759809218347
1790344954.4642546,1.2104249908588827
1790344954.4769502,1.50314302300103
1790344954.4774559,1.3668760075233877
1790344957.492183,26.903212012257427
1790344957.4928546,45.691481995163485
1790344957.4944973,1.326316996710375
1790344957.5674968,1.7224040057044476
1790344957.6225255,2.3596659884788096
1790344957.6284657,1.4058850065339357
1790344957.6473713,1.6326640034094453
1790344957.6657379,1.4997560065239668
1790344957.675845,1.4028360019437969
1790344957.7136052,2.1028290211688727
1790344957.716197,1.2922100140713155
1790344957.7218719,1.4090210024733096
1790344957.734316,1.6700559935998172
1790344957.769139,1.7132610082626343
1790344957.772671,1.2369300238788128
1790344957.779118,1.2958710140082985
1790344957.8328536,28.157775988802314
1790344957.832982,31.951804005075246
1790344957.833252,47.984131990233436
1790344957.8963485,1.8879300041589886
1790344957.9050674,1.560088014230132
1790344957.905906,1.5764299896545708
1790344957.927169,2.148236002540216
1790344957.98822,1.8694790196605027
1790344957.9931214,1.2993130076210946
1790344957.9973006,1.6481639759149402
1790344957.9980257,1.119657012168318
1790344958.0130274,1.834038004744798
1790344958.1107738,2.0250850066076964
1790344958.178269,1.7824620008468628
1790344958.2339106,2.025297988438979
1790344958.2372046,1.4607360062655061
1790344958.249799,1.457620004657656
1790344958.2650654,1.422317000105977
1790344958.2712765,1.3524279929697514
1790344958.3001144,1.5938139986246824
1790344958.3067331,1.3104059908073395
1790344958.333742,1.9735789974220097
1790344958.339252,1.4736510056536645
1790344958.3857665,2.0460440136957914
1790344958.3962634,1.5358800010289997
1790344958.4422023,1.8388830067124218
1790344958.5005116,1.7444990226067603
1790344958.5200508,1.5331190079450607
1790344958.595113,1.7366640095133334
1790344958.6396103,1.7227719945367426
1790344958.6665695,1.6076559841167182
1790344958.702083,1.7555699741933495
1790344958.7596831,1.6793379909358919
1790344958.7686093,1.5447080077137798
1790344958.8054347,1.7553159850649536
1790344958.836259,1.5650590066798031
1790344958.862834,1.8390679906588048
1790344958.8815978,1.74633800634183
1790344958.8969462,1.4374300080817193
1790344958.9078183,1.396784995449707
1790344958.9356823,1.7652820097282529
1790344958.9734807,1.7502880073152483
1790344959.0123546,2.017549006268382
1790344959.0899785,2.038475009612739
1790344959.1700103,1.9235709914937615
1790344959.1730084,1.2637260078918189
1790344959.204395,1.7450680024921894
1790344959.209666,1.5887720219325274
1790344959.2279978,2.3392349830828607
1790344959.2832994,1.5537549916189164
1790344959.293941,1.3197250082157552
1790344959.3094099,1.4066800067666918
1790344959.3635156,2.310531010152772
1790344959.3789842,2.2559239878319204
1790344959.4082322,1.690977020189166
1790344959.4266548,1.7466980207245797
1790344959.4293294,1.232615002663806
1790344959.500661,2.133078989572823
1790344959.5091906,1.6041430062614381
1790344959.5346408,1.509827998233959
1790344959.5444212,1.3467609824147075
1790344959.5731316,1.5334099880419672
1790344959.583725,1.5769529854878783
1790344959.5952716,1.4987419999670237
1790344959.6004236,1.28485300228931
1790344959.611499,1.5214619925245643
1790344959.6303234,1.5724120021332055
1790344959.644762,1.5531779790762812
1790344959.6942976,1.7486760043539107
1790344959.8351727,2.9475859773810953
1790344959.8584754,3.2585050212219357
1790344959.8628826,2.3613040102645755
1790344959.8671324,2.262431022245437
1790344959.8867555,2.903765009250492
1790344959.9071577,1.765768975019455
1790344959.9472172,1.7802600050345063
1790344959.9652753,1.628001977223903
1790344959.9716034,1.2523600016720593
1790344959.9870539,1.8091349920723587
1790344960.0555668,4.531512997345999
1790344960.1092405,2.1762730029877275
1790344960.1238024,1.6964719980023801
1790344960.174031,1.966543000889942
1790344960.2395103,21.897669008467346
1790344960.239969,49.09410301479511
1790344960.2400265,11.321308003971353
1790344960.2420032,1.5878720150794834
1790344960.2752562,1.9349869980942458
1790344960.2955737,2.9413700103759766
1790344960.2956479,2.5298339896835387
1790344960.320314,1.671500998781994
1790344960.3454337,1.4220619923435152
1790344960.3902292,1.7928750021383166
1790344960.3915193,1.2803369900211692
1790344960.4159486,2.6748769741971046
1790344960.4778626,5.467759998282418
1790344960.5356777,6.192030996317044
1790344960.5444095,4.545408999547362
1790344960.546675,4.011707991594449
1790344960.546748,2.1181429910939187
1790344960.5627117,2.8425340133253485
1790344960.6020527,3.0432119965553284
1790344960.6021154,3.1853149994276464
1790344960.606022,1.0502839868422598
1790344960.637418,1.3465090014506131
1790344960.6412106,1.1387270060367882
1790344960.6426284,1.0790560045279562
1790344960.6463687,1.389993994962424
1790344960.6477268,1.0946580150630325
1790344960.6741605,1.4599370188079774
1790344960.6772976,1.2210860149934888
1790344960.6954432,1.3888959947507828
1790344960.7218106,1.6807350039016455
1790344960.723374,1.2065389892086387
1790344960.7339766,1.1449650046415627
1790344960.7498236,1.283755002077669
1790344960.807415,3.652497020084411
1790344960.848988,1.968363008927554
1790344960.8986092,2.708412997890264
1790344960.9083164,2.3473870242014527
1790344961.003232,8.668788999784738
1790344961.0967016,9.718800021801144
1790344961.0976665,5.441934015834704
1790344961.099146,1.4665990020148456
1790344961.105175,1.2999650207348168
1790344961.1619377,7.688880985369906
1790344961.1633132,6.128993991296738
1790344961.1652293,1.898013986647129
1790344961.2109892,1.8397910171188414
1790344961.221855,2.167030004784465
1790344961.239306,1.800981000997126
1790344961.2901096,2.863984991563484
1790344961.3613012,33.5601270198822
1790344961.374145,45.58973800158128
1790344961.3746068,1.2453249946702272
1790344961.3866184,1.1984349985141307
1790344961.3910863,1.1185079929418862
1790344961.3967946,1.1273050040472299
1790344961.5563478,5.262917984509841
1790344961.60546,13.436684996122494
1790344961.607152,5.6666849995963275
1790344961.6072254,10.894117993302643
1790344961.698248,2.046418987447396
1790344961.7021668,1.3385119964368641
1790344961.7134113,1.4024559932295233
1790344961.7766995,4.976725991582498
1790344961.788401,3.183310996973887
1790344961.8231926,2.1050170180387795
1790344961.8299143,1.6459700127597898
1790344961.8369095,1.6628070152364671
1790344961.8528273,3.2142199925146997
1790344961.933405,6.666272005531937
1790344961.981656,4.453639005078003
1790344962.034494,4.596979997586459
1790344962.0355008,3.244594990974292
1790344962.0654259,2.2692540078423917
1790344962.0724573,1.829661981901154
1790344962.0793798,1.4083999849390239
1790344962.1921217,5.399457993917167
1790344962.2739654,7.450609002262354
1790344962.2780304,3.026196005521342
1790344962.2920508,3.225907013984397
1790344962.293316,1.255922019481659
1790344962.310397,3.3996819984167814
1790344962.4144535,4.756048001581803
1790344962.4350328,4.663341998821124
1790344962.4395828,1.836323004681617
1790344962.4819162,4.9158220062963665
1790344962.4966571,5.835015996126458
1790344962.5049322,1.625359000172466
1790344962.5479841,1.6033000138122588
1790344962.5924113,5.944598990026861
1790344962.5960243,1.9180709787178785
1790344962.6733336,10.133042989764363
1790344962.7184775,5.455485981656238
1790344962.7216525,2.8621040110010654
1790344962.742865,5.406901007518172
1790344962.8165834,3.530696005327627
1790344962.8526638,5.316832015523687
1790344962.9035242,7.288292021257803
1790344962.936467,3.5796440206468105
1790344962.953444,1.9725459860637784
1790344962.963142,1.6013309941627085
1790344962.9814653,2.6991360064130276
1790344963.0164526,1.632161991437897
1790344963.026687,1.425447000656277
1790344963.0899105,10.137200995814055
1790344963.097443,6.548953999299556
1790344963.1170647,2.2116799955256283
1790344963.1235435,3.0361030076164752
1790344963.164256,1.6001200128812343
1790344963.1658149,1.2383930152282119
1790344963.190571,4.112750990316272
1790344963.1906767,5.314155016094446
1790344963.2189684,1.7242649919353426
1790344963.2615519,2.226298995083198
1790344963.264435,1.5822589921299368
1790344963.274759,1.299310999456793
1790344963.3485918,6.0117149841971695
1790344963.3994915,3.9347989950329065
1790344963.4062715,3.0517110135406256
1790344963.4543595,6.003369024256244
1790344963.5536413,6.644493987550959
1790344963.5621037,2.2772910015191883
1790344963.567526,1.5065740153659135
1790344963.5958529,4.004520014859736
1790344963.6004581,3.3298050111625344
1790344963.6146772,3.833211027085781
1790344963.622155,2.6373360014986247
1790344963.6324494,2.566479000961408
1790344963.6333928,1.997928018681705
1790344963.6543798,3.465062996838242
1790344963.6615558,1.8337470246478915
1790344963.67211,2.738461014814675
1790344963.686352,2.6498209917917848
1790344963.730045,4.642485990189016
1790344963.7760918,2.5067929818760604
1790344963.8133235,3.8666239997837692
1790344963.8836591,6.663775013294071
1790344963.8877213,1.8643180083017796
1790344963.8941617,1.8554269918240607
1790344963.9141939,2.9650510114151984
1790344963.953639,2.152589993784204
1790344964.0152066,3.713116981089115
1790344964.083296,7.040390017209575
1790344964.1255195,15.8929189783521
1790344964.1256583,13.480738998623565
1790344964.1265488,3.331747982883826
1790344964.1379733,2.2125740069895983
1790344964.1835027,44.685198983643204
1790344964.1839502,15.527422016020864
1790344964.184011,8.240630006184801
1790344964.221136,1.9504220108501613
1790344964.2319465,1.9334170210640877
1790344964.2340791,1.2712950119748712
1790344964.2565367,2.488033991539851
1790344964.2765808,3.3593719999771565
1790344964.3332157,4.3590060085989535
1790344964.423393,2.063386986264959
1790344964.435315,1.8632459978107363
1790344964.4916875,2.1016100072301924
1790344964.4992151,1.6604409902356565
1790344964.5611155,1.6474120202474296
1790344964.6399794,2.0442439999897033
1790344964.6638854,1.8225880048703402
1790344964.7070305,2.5351460208185017
1790344964.7152753,2.1105869964230806
1790344964.7377968,1.6821990138851106
1790344964.7391152,1.1637179995886981
1790344964.7806563,1.605328026926145
1790344964.8104491,1.8896220135502517
1790344964.8379133,1.80216200533323
1790344964.8583183,1.9014389836229384
1790344964.9273705,2.099108009133488
1790344964.9919324,1.960221998160705
1790344964.9987063,1.8234869930893183
1790344965.0012038,1.6948480042628944
1790344965.0034225,1.5877910191193223
1790344965.008392,1.7149859922938049
1790344965.0585723,1.6651700134389102
1790344965.072888,1.4345170056913048
1790344965.1000347,2.077276003547013
1790344965.1148088,1.5188989927992225
1790344965.1407893,1.7477499786764383
1790344965.1598716,1.5794619976077229
1790344965.1653802,1.392712991219014
1790344965.1842418,1.9617170037236065
1790344965.1935868,2.142129000276327
1790344965.1977663,1.7972580099012703
1790344965.206888,1.620718016056344
1790344965.2797983,1.7085539875552058
1790344965.2816505,1.2303119874559343
1790344965.284621,1.204257016070187
1790344965.2919962,1.6662789857946336
1790344965.3134644,1.4284309872891754
1790344965.3318746,2.384696010267362
1790344965.337613,1.943823997862637
1790344965.512532,1.797393022570759
1790344965.518684,1.1849979928229004
1790344965.5272157,1.3740709982812405
1790344965.604644,1.6657320084050298
1790344965.6239367,1.5351720212493092
1790344965.6315799,1.354605017695576
1790344965.6332028,1.2365830189082772
1790344965.693142,1.6154450131580234
1790344965.698929,1.286412007175386
1790344965.704165,1.485095010139048
1790344965.7228587,1.5229669807013124
1790344965.7503116,2.1100169979035854
1790344965.7665997,1.632191997487098
1790344965.7919073,2.637629018863663
1790344965.7919793,2.794166997773573
1790344965.8203921,1.5763849951326847
1790344965.8476572,1.736823993269354
1790344965.8719678,1.6234029899351299
1790344965.9307535,1.8973530095536262
1790344965.9626236,2.0408789860084653
1790344965.9844136,1.6536999901290983
1790344966.0005343,1.4364320086315274
1790344966.0531533,1.6834209964144975
1790344966.0567813,1.3365729828365147
1790344966.0723386,1.5689629944972694
1790344966.0942936,1.7170640057884157
1790344966.1062827,1.6159279912244529
1790344966.144953,1.5667090192437172
1790344966.1658502,1.5626790118403733
1790344966.1770458,2.810396021232009
1790344966.1772099,2.501387003576383
1790344966.1868846,1.401086978148669
1790344966.1914086,1.438081992091611
1790344966.2584398,1.69504398945719
1790344966.2881753,1.7657929856795818
1790344966.3033733,1.5745120181236416
1790344966.3235211,1.686857984168455
1790344966.327984,1.3987449929118156
1790344966.3653054,1.721943001030013
1790344966.3831291,1.7432969762012362
1790344966.3923705,1.5069739893078804
1790344966.5029042,1.7884070111904293
1790344966.5525804,1.7604320019017905
1790344966.648101,2.0575009984895587
1790344966.6491654,1.9656280055642128
1790344966.651783,1.3522990047931671
1790344966.6622076,1.2980579922441393
1790344966.7367356,1.681780006038025
1790344966.746866,1.3179300003685057
1790344966.7678027,1.5218560001812875
1790344966.7978559,1.7825679969973862
1790344966.8015685,1.3088739942759275
1790344966.808588,1.296383998123929
1790344966.8163018,1.2521969911176711
1790344966.8223479,1.4271510008256882
1790344966.8388433,1.6843040066305548
1790344966.8412187,1.4006870042067021
1790344966.8644552,2.3956889926921576
1790344966.8843708,1.5262920060195029
1790344966.8952034,1.6172989853657782
1790344966.9239266,1.6033379943110049
1790344966.9488635,1.787565997801721
1790344966.9941049,1.7007220012601465
1790344967.0047574,1.6103419766295701
1790344967.0183682,1.3693039945792407
1790344967.0352056,2.0757309976033866
1790344967.0739346,1.660067995544523
1790344967.0758247,1.2907380005344748
1790344967.0917864,1.6601049865130335
1790344967.1328185,2.7543310134205967
1790344967.180811,1.7471410101279616
1790344967.203465,1.8466559995431453
1790344967.2157483,1.8075160041917115
1790344967.230264,2.782711002510041
1790344967.2303412,2.330816991161555
1790344967.2733252,1.7167649930343032
1790344967.2984393,1.5573610144201666
1790344967.3019574,1.3806039933115244
1790344967.3817885,1.7095980001613498
1790344967.4166942,1.6489700064994395
1790344967.4323158,1.5803510032128543
1790344967.4868612,1.8570239772088826
1790344967.525046,1.7965490114875138
1790344967.5321531,1.864983991254121
1790344967.5328467,1.3945150130894035
1790344967.5706773,1.8861029820982367
1790344967.6173322,1.8473620002623647
1790344967.6185577,1.2162780039943755
1790344967.6280396,1.636147004319355
1790344967.6762872,1.8101540044881403
1790344967.7147467,1.8015269888564944
1790344967.8385136,1.8805169966071844
1790344967.8430386,1.4842160162515938
1790344967.8765495,1.7194339889101684
1790344967.8830504,1.3435370055958629
1790344967.9062738,1.5780639951117337
1790344967.9110668,1.3777360145468265
1790344967.9351017,1.8759049999061972
1790344967.965469,1.9361160229891539
1790344968.0009482,1.6469160036649555
1790344968.0170224,1.621764007722959
1790344968.0297163,1.4633450191468
1790344968.0428944,1.5619329933542758
1790344968.0719533,2.0066519791726023
1790344968.0946252,1.8531359964981675
1790344968.095107,1.3496350147761405
1790344968.1119313,1.672473008511588
1790344968.1591537,1.7573100049048662
1790344968.1643054,1.428585994290188
1790344968.1711624,1.3521150103770196
1790344968.2492564,1.6496150055900216
1790344968.3425446,1.804778992664069
1790344968.3677504,1.5922710008453578
1790344968.382634,1.5344470157288015
1790344968.385396,1.2407040048856288
1790344968.4026978,1.555366994580254
1790344968.4263244,1.640378002775833
1790344968.4284647,1.6887779929675162
1790344968.4287422,1.5006979811005294
1790344968.4409585,1.4825359976384789
1790344968.442776,1.1869599984493107
1790344968.4530652,1.5761300164740533
1790344968.522773,2.0367359975352883
1790344968.582276,1.9127450068481266
1790344968.6124592,1.7346709792036563
1790344968.6333458,1.6297530091833323
1790344968.6410842,1.5072539972607046
1790344968.6642087,1.6379019943997264
1790344968.71396,1.6734289820306003
1790344968.7330446,1.487248984631151
1790344968.7466247,1.512182003352791
1790344968.7512639,1.4215410046745092
1790344968.7736228,1.7536920204292983
1790344968.782135,1.6089050041045994
1790344968.7928104,1.3906430103816092
1790344968.7961478,1.2523620098363608
1790344968.8113403,1.528125983895734
1790344968.8296056,1.5743399853818119
1790344968.8574178,1.988768024602905
1790344968.8675497,1.610335981240496
1790344968.8712025,1.4090189943090081
1790344968.8968194,1.810607995139435
1790344968.9096258,1.3440169859677553
1790344968.9266963,1.8941359885502607
1790344968.9428027,1.6061759961303324
1790344968.970177,1.6347059863619506
1790344968.9777822,1.613286993233487
1790344969.0361931,1.8051360093522817
1790344969.0763025,1.717941981041804
1790344969.087867,1.503985986346379
1790344969.1155684,1.7357119941152632
1790344969.1194873,1.1929369939025491
1790344969.122006,1.6150220180861652
1790344969.1320055,1.4387389819603413
1790344969.1654372,1.5888949856162071
1790344969.178581,1.7945969884749502
1790344969.2127435,1.7970339977182448
1790344969.2302852,1.5660779899917543
1790344969.2465687,1.4907370205037296
1790344969.2977564,1.6813109978102148
1790344969.31941,2.66539299627766
1790344969.32051,2.026550006121397
1790344969.3300047,1.3945469981990755
1790344969.4022968,1.766377012245357
1790344969.465302,2.438017982058227
1790344969.4653616,1.6353529936168343
1790344969.5244355,1.6121939988806844
1790344969.5263345,1.2292869796510786
1790344969.6119277,43.821250001201406
1790344969.6331184,1.951441023265943
1790344969.675956,2.9430940048769116
1790344969.676027,3.10665401048027
1790344969.6909904,2.004770009079948
1790344969.7149596,1.8339439993724227
1790344969.7623684,2.0169369818177074
1790344969.787106,1.632972009247169
1790344969.7923608,1.1502760171424598
1790344969.8016245,1.4904289855621755
1790344969.8133488,1.3253870129119605
1790344969.8209066,1.2705140106845647
1790344969.8252363,1.357340021058917
1790344969.8276718,1.2089170049875975
1790344969.8351293,1.1315099836792797
1790344969.8611364,1.6699130064807832
1790344969.894578,2.1537530119530857
1790344969.9085946,1.7241710156667978
1790344969.9146135,1.3032790157012641
1790344969.9248447,1.4398519997484982
1790344969.9287515,1.2391250056680292
1790344969.9326806,1.235938019817695
1790344970.0143595,1.7023769905790687
1790344970.058425,1.8529859953559935
1790344970.0755098,1.6200379759538919
1790344970.0813673,1.3635460054501891
1790344970.093817,1.5372670022770762
1790344970.0960555,1.2494499969761819
1790344970.166438,1.6751839721109718
1790344970.185709,1.667876000283286
1790344970.2216308,1.9048099929932505
1790344970.2333274,1.4249490050133318
1790344970.2536268,1.670188008574769
1790344970.2995322,1.915008993819356
1790344970.3355362,2.6682869938667864
1790344970.336148,3.9240580226760358
1790344970.3362656,2.286137983901426
1790344970.3483298,1.4621909940615296
1790344970.3546646,1.3011629926040769
1790344970.3768175,1.7780859780032188
1790344970.3998363,1.8706309783738106
1790344970.4428954,1.8447070033289492
1790344970.444242,1.2449050263967365
1790344970.4505682,1.210442977026105
1790344970.4640126,1.6098250052891672
1790344970.484366,1.7906249850057065
1790344970.493027,1.4417560014408082
1790344970.5239859,1.7655090196058154
1790344970.5929132,2.286043018102646
1790344970.664843,1.7663509934209287
1790344970.6671226,1.2561999901663512
1790344970.684693,1.7825670074671507
1790344970.708197,1.6469999973196536
1790344970.7099538,1.1809300049208105
1790344970.7264085,1.7675779818091542
1790344970.739546,1.372655009618029
1790344970.7492557,1.4360019995365292
1790344970.7515624,1.4714959834236652
1790344970.7612736,1.6876749868970364
1790344970.7739708,1.760137005476281
1790344970.7747118,1.6175860073417425
1790344970.7940416,1.512998016551137
1790344970.804571,1.3309989881236106
1790344970.8554616,27.391556999646127
1790344970.8697755,37.745854002423584
1790344970.8701494,35.179169004550204
1790344970.870476,52.97599598998204
1790344970.8711054,31.655147002311423
1790344970.871357,18.46067898441106
1790344970.9027524,1.629054982913658
1790344970.9064176,1.2680899817496538
1790344970.9459033,2.1252209844533354
1790344970.946466,1.4567500038538128
1790344970.9541152,1.8493419920559973
1790344970.9801378,1.9086280080955476
1790344970.986486,1.6187239962164313
1790344971.02012,1.832365000154823
1790344971.0261066,1.5266030095517635
1790344971.07173,1.8014540255535394
1790344971.1093223,1.6148690192494541
1790344971.1480267,1.633951993426308
1790344971.264415,2.1868750045541674
1790344971.2719495,1.4898760127834976
1790344971.3137422,1.6912900027818978
1790344971.3228924,1.177784986793995
1790344971.364221,1.6934310260694474
1790344971.3704271,1.6736290126573294
1790344971.4014454,2.1043219894636422
1790344971.4023945,1.9907050009351224
1790344971.4102156,1.2929909862577915
1790344971.4232774,1.5388670144602656
1790344971.4561484,1.8080410081893206
1790344971.482515,1.7624410102143884
1790344971.4922357,1.39189200126566
1790344971.4937334,1.4685229980386794
1790344971.5108337,1.5733139880467206
1790344971.5655584,1.6296260000672191
1790344971.5896876,1.8181570048909634
1790344971.5941877,1.4104860019870102
1790344971.5949535,1.6471859999001026
1790344971.5954947,1.2975709978491068
1790344971.6077168,1.428923016646877
1790344971.6470275,1.7978090036194772
1790344971.667292,1.7650209774728864
1790344971.6774004,1.4883520198054612
1790344971.6856341,1.7757320019882172
1790344971.728086,2.0492659823503345
1790344971.728342,3.00250799045898
1790344971.732264,1.1385480174794793
1790344971.739656,1.2552060070447624
1790344971.764634,1.6067659889813513
1790344971.7720363,1.6245540173258632
1790344971.7748063,1.2816450034733862
1790344971.7973192,1.4747059904038906
1790344971.8738987,24.236480006948113
1790344971.8746333,25.543051975546405
1790344971.875018,14.79913800721988
1790344971.8753266,47.70837401156314
1790344971.933564,1.7345149826724082
1790344971.9355228,1.2844050070270896
1790344971.9775722,1.7109200125560164
1790344971.988755,1.875926012871787
1790344971.98945,1.6397080034948885
1790344971.999166,1.722207001876086
1790344971.999657,1.394841994624585
1790344972.0172606,1.5124600031413138
1790344972.0189211,1.2859209964517504
1790344972.0347977,1.5467850025743246
1790344972.0411627,1.4207570056896657
1790344972.0469778,1.3880999758839607
1790344972.0878544,1.6245019796770066
1790344972.1251361,1.6534089809283614
1790344972.1366727,1.5460950089618564
1790344972.151778,1.6715590027160943
1790344972.163757,1.4192610105965286
1790344972.2040656,1.6597069916315377
1790344972.2282,1.8777619989123195
1790344972.2412212,1.650133985094726
1790344972.2432485,1.2651689758058637
1790344972.265475,1.6367009957320988
1790344972.2892122,1.8477239937055856
1790344972.2931798,1.2176480086054653
1790344972.3124325,1.5212459838949144
1790344972.3367102,1.7067829903680831
1790344972.3504417,1.6079620108939707
1790344972.371275,1.9225550058763474
1790344972.398237,1.7376999894622713
1790344972.4171865,1.5202059876173735
1790344972.4223204,1.2277759960852563
1790344972.4593263,1.764626009389758
1790344972.4736032,1.7453300242777914
1790344972.5079746,1.6227179730776697
1790344972.5264115,1.4871289895381778
1790344972.5543044,1.8314350163564086
1790344972.5571244,1.5500860172323883
1790344972.5627446,1.6930609999690205
1790344972.563556,1.4942680136300623
1790344972.6241314,1.8627860117703676
1790344972.637989,1.6571979795116931
1790344972.6391819,1.9250900077167898
1790344972.6866784,1.5918859862722456
1790344972.7126133,1.7879910010378808
1790344972.7554436,1.9690699991770089
1790344972.7650223,1.644190022489056
1790344972.779481,1.4787600084673613
1790344972.7888188,1.3267130125313997
1790344972.8099475,1.6405729984398931
1790344972.85671,1.8592039996292442
1790344972.877933,1.5953140100464225
1790344972.9302473,2.774392021819949
1790344972.9312398,2.0593439985532314
1790344972.9586406,1.7865079862531275
1790344972.9621325,1.3793059915769845
1790344973.0113049,1.7924200219567865
1790344973.036037,2.0414619939401746
1790344973.0744605,2.0168949849903584
1790344973.103861,2.145169011782855
1790344973.2022047,1.5947410138323903
1790344973.230634,1.7710209940560162
1790344973.2306983,2.4438399996142834
1790344973.316667,1.751798001350835
1790344973.3198638,1.3754099782090634
1790344973.3221776,1.2344459828455001
1790344973.332794,1.4517839881591499
1790344973.3373756,1.1766560201067477
1790344973.3559225,1.7866020207293332
1790344973.3989618,9.99792298534885
1790344973.3990524,22.706374991685152
1790344973.4121702,54.817005002405494
1790344973.4214752,1.7535329970996827
1790344973.4472601,1.7344020016025752
1790344973.4744005,1.708598982077092
1790344973.5364134,1.9515030144248158
1790344973.5368946,1.4537509996443987
1790344973.5668535,1.7155609966721386
1790344973.5756214,1.5899809950497001
1790344973.6356077,1.9107380066998303
1790344973.6774528,1.7174849926959723
1790344973.6902187,1.7861389787867665
1790344973.7089977,1.7153079970739782
1790344973.740633,1.6450349939987063
1790344973.7783825,1.7090390028897673
1790344973.7960153,1.460831001168117
1790344973.8008885,2.1799700043629855
1790344973.8018074,1.8144490022677928
1790344973.828544,1.6537599731236696
1790344973.8580658,1.8592819978948683
1790344973.903416,15.140266012167558
1790344973.9035013,45.57198198745027
1790344973.9124322,1.6057150205597281
1790344973.9562762,1.7189820064231753
1790344973.9641619,1.2991589901503175
1790344973.9944572,1.6893889987841249
1790344974.0143285,1.8008469778578728
1790344974.0429115,1.676660991506651
1790344974.0492635,1.3746889890171587
1790344974.0578434,1.2627359828911722
1790344974.0785015,1.780754013452679
1790344974.0837991,1.395480998326093
1790344974.1161718,1.692092017037794
1790344974.1443143,1.64399400819093
1790344974.151568,2.3386760149151087
1790344974.1803226,1.6317180125042796
1790344974.1949043,1.6308269987348467
1790344974.2012377,1.4934409991838038
1790344974.2250292,1.6900860064197332
1790344974.3248649,1.8074240069836378
1790344974.342912,1.5003570006228983
1790344974.353378,2.3113570059649646
1790344974.3534417,1.7913010087795556
1790344974.3582084,1.1100980045739561
1790344974.366644,2.1238290064502507
1790344974.3750756,1.9397249852772802
1790344974.3859074,2.116709016263485
1790344974.407395,1.7493510094936937
1790344974.4188106,1.86015700455755
1790344974.4477735,2.100740995956585
1790344974.4601405,1.7903289990499616
1790344974.4987025,1.9717479881364852
1790344974.5054982,1.792383991414681
1790344974.520821,1.9348940113559365
1790344974.5397613,1.5641649952158332
1790344974.5514657,1.4706900110468268
1790344974.5925012,1.5839370025787503
1790344974.608842,2.24995898315683
1790344974.610017,1.674593979259953
1790344974.6159735,1.1856230266857892
1790344974.6252384,1.6437800077255815
1790344974.7056575,2.0282480109017342
1790344974.7525525,1.776983990566805
1790344974.7555687,1.3443829957395792
1790344974.7579591,1.2202670041006058
1790344974.8062189,1.7975960217881948
1790344974.8233526,1.5051380032673478
1790344974.8256407,1.3752170198131353
1790344974.8493733,1.5989129897207022
1790344974.8631077,2.0496649958658963
1790344974.8631918,2.6763360074255615
1790344974.8694484,1.4608470082748681
1790344974.892826,1.6508819826412946
1790344974.90618,1.5427250182256103
1790344975.0016158,1.9224179850425571
1790344975.0249076,1.5964519989211112
1790344975.0585546,1.674876024480909
1790344975.0625963,1.6264939913526177
1790344975.0724845,1.4334779989439994
1790344975.0905318,1.67610400239937
1790344975.1148841,1.783106999937445
1790344975.1266322,1.49925600271672
1790344975.1420562,2.0170100033283234
1790344975.2122583,1.6480280028190464
1790344975.233818,1.5027880144771188
1790344975.304115,2.000993990805
1790344975.3461509,1.7628260247875005
1790344975.3536105,1.464422995923087
1790344975.354871,1.2492820096667856
1790344975.3684802,1.4295490109361708
1790344975.3844533,1.5230739954859018
1790344975.4206529,1.843337988248095
1790344975.4250755,1.3154599873814732
1790344975.4687622,1.6868060047272593
1790344975.4817884,1.720494998153299
1790344975.4880333,1.1945570004172623
1790344975.5051582,1.5467579942196608
1790344975.54091,2.823504008119926
1790344975.5410082,2.2616890200879425
1790344975.5481956,1.325232005910948
1790344975.5689278,1.6224900027737021
1790344975.5766675,1.4492770133074373
1790344975.61329,2.6553159987088293
1790344975.6133642,2.1361550025176257
1790344975.619602,1.2339700188022107
1790344975.6266427,1.217654993524775
1790344975.665383,2.0058669906575233
1790344975.8305967,1.7190939979627728
1790344975.832594,1.6403689805883914
1790344975.895193,1.701953005976975
1790344975.9058278,1.797455013729632
1790344975.9487414,1.8450079951435328
1790344976.0237992,1.790256006643176
1790344976.0582507,1.8157279992010444
1790344976.0739202,1.877090980997309
1790344976.0883179,1.661971997236833
1790344976.1071262,2.0226289925631136
1790344976.134804,1.640564005356282
1790344976.1589715,1.7606359906494617
1790344976.1707294,1.7242990143131465
1790344976.196283,1.559850003104657
1790344976.2224162,1.8306690035387874
1790344976.2245219,1.3113430177327245
1790344976.2602987,2.1775980130769312
1790344976.2938023,1.736021979013458
1790344976.359253,1.652483973884955
1790344976.4142249,1.8504830077290535
1790344976.4509144,1.6815879789646715
1790344976.463416,1.4784270024392754
1790344976.5420642,1.7050059977918863
1790344976.5463498,1.1729180114343762
1790344976.5533016,1.354378997348249
1790344976.5601492,1.0838210000656545
1790344976.6565015,1.9292579963803291
1790344976.7125256,2.0024199911858886
1790344976.7563348,1.630957005545497
1790344976.7911193,2.186101017287001
1790344976.8203292,1.7230189987458289
1790344976.8387098,1.6432479897048324
1790344976.8687682,1.760767016094178
1790344976.908985,1.6902060015127063
1790344976.9230254,1.7140709969680756
1790344976.9552534,1.8200399936176836
1790344976.9580553,1.2231199943926185
1790344976.9605474,1.1152510123793036
1790344976.9659953,1.5455599932465702
1790344976.9953175,1.9365610205568373
1790344977.0217876,1.92711700219661
1790344977.070596,1.9049750117119402
1790344977.0760713,1.369509001960978
1790344977.0952117,1.5972769760992378
1790344977.1478674,1.6951150028035045
1790344977.1497614,1.7530590121168643
1790344977.2051475,1.7006359994411469
1790344977.2141037,1.4008129946887493
1790344977.218111,1.1409630242269486
1790344977.2492316,1.6781259910203516
1790344977.273143,3.025390993570909
1790344977.273239,2.5047950039152056
1790344977.3062646,2.067859983071685
1790344977.3070517,1.7652960086707026
1790344977.3130908,1.1271160037722439
1790344977.3186977,1.131689001340419
1790344977.3308747,1.5726099954918027
1790344977.3353674,1.7176579858642071
1790344977.3717709,1.818453980376944
1790344977.4378896,1.937388995429501
1790344977.4495628,1.5038569981697947
1790344977.4839234,1.813570997910574
1790344977.4860454,1.3135999906808138
1790344977.4883249,1.3137859932612628
1790344977.525751,1.837811025325209
1790344977.5305815,1.4213119866326451
1790344977.5375655,1.6457040037494153
1790344977.5568476,1.5349950117524713
1790344977.5605848,1.3506340037565678
1790344977.5920076,1.6609530139248818
1790344977.5998638,1.359763991786167
1790344977.6271436,1.6158230137079954
1790344977.630249,1.2944339832756668
1790344977.6623118,1.7754720174707472
1790344977.7544856,1.7426339909434319
1790344977.8043165,1.6222349950112402
1790344977.8115416,1.416927989339456
1790344977.8379138,1.7043780244421214
1790344977.8526983,2.323455992154777
1790344977.8566144,1.3837470032740384
1790344977.8718612,1.7760439950507134
1790344977.9535377,1.7626630142331123
1790344978.024848,1.7607420159038156
1790344978.0628586,2.0300530013628304
1790344978.104016,1.7635309777688235
1790344978.135157,1.7672969843260944
1790344978.1436462,1.4798000047449023
1790344978.185827,2.7667449903674424
1790344978.1859128,3.3840440155472606
1790344978.1896687,1.2327060103416443
1790344978.2004755,1.6088389966171235
1790344978.2661843,1.8409779877401888
1790344978.2720134,1.2503640027716756
1790344978.2868526,1.4016609929967672
1790344978.3274047,1.7932979972101748
1790344978.3533635,1.8633099971339107
1790344978.4392228,1.75984000088647
1790344978.4479458,1.4842429955024272
1790344978.454366,1.1956609960179776
1790344978.488171,1.8283749814145267
1790344978.4973414,1.4969049952924252
1790344978.5068479,1.4341330097522587
1790344978.516412,1.2661109794862568
1790344978.52434,1.5472899831365794
1790344978.5361075,1.4522700221277773
1790344978.5520568,1.9159380171913654
1790344978.5981433,1.9897720194421709
1790344978.5994444,1.2880309950560331
1790344978.604257,1.2365160218905658
1790344978.6082666,1.1696500005200505
1790344978.6623998,1.647596014663577
1790344978.66597,1.1752780119422823
1790344978.7116687,1.9428460218477994
1790344978.744335,1.7172629886772484
1790344978.7476668,1.2094510020688176
1790344978.7646663,1.558365998789668
1790344978.7941854,1.7919949896167964
1790344978.8476694,1.9060880003962666
1790344978.90747,1.772271003574133
1790344978.9138017,1.2778860109392554
1790344978.9511104,1.7076169897336513
1790344978.9607084,2.5324909947812557
1790344978.9607654,2.444439014652744
1790344979.0038693,1.6142859822139144
1790344979.0686357,1.7175510001834482
1790344979.0882206,1.6501570062246174
1790344979.0967321,1.378929999191314
1790344979.1066318,1.7318379832431674
1790344979.1343417,2.132613997673616
1790344979.1383617,2.0112479978706688
1790344979.1407452,1.740398001857102
1790344979.1537526,2.1285489783622324
1790344979.2157838,2.0851570006925613
1790344979.2224572,1.9795649859588593
1790344979.2334828,2.146101003745571
1790344979.2393334,2.4572950205765665
1790344979.2590911,1.93290802417323
1790344979.2870998,1.8245070241391659
1790344979.2997925,1.6397220024373382
1790344979.305104,1.290185988182202
1790344979.3208847,1.661905989749357
1790344979.339214,1.5700980147812515
1790344979.3795404,1.7505980213172734
1790344979.4093218,1.7039829981513321
1790344979.4128177,1.2282130192033947
1790344979.4537826,1.847425999585539
1790344979.457511,1.4165159955155104
1790344979.4699514,1.5473280218429863
1790344979.4739618,1.396345003740862
1790344979.484769,1.4685899950563908
1790344979.5246193,1.5371349873021245
1790344979.5590541,1.864014018792659
1790344979.6688194,1.8220290075987577
1790344979.6886096,1.6149930015671998
1790344979.7033777,1.541690027806908
1790344979.7732396,1.7871540039777756
1790344979.8256934,1.7753400024957955
1790344979.873172,2.1074120013508946
1790344979.8952403,1.6058050096035004
1790344979.9046736,1.4196010015439242
1790344979.9221985,1.5724199765827507
1790344979.9317913,1.6338029818143696
1790344980.0140634,1.7310119874309748
1790344980.0322504,1.6382679750677198
1790344980.061885,2.0425620023161173
1790344980.0623875,1.4797939802519977
1790344980.1715145,1.9155869958922267
1790344980.2224324,1.6237919917330146
1790344980.2984834,1.7542940040584654
1790344980.323606,2.243161987280473
1790344980.3746145,1.8257280171383172
1790344980.4451692,1.7421490047127008
1790344980.4841015,1.656141015700996
1790344980.4898922,1.3537179911509156
1790344980.5085247,2.28645300376229
1790344980.5679045,2.053139003692195
1790344980.5694988,1.580292999278754
1790344980.6523824,1.8678880005609244
1790344980.670123,1.5927950153127313
1790344980.6938689,1.757110992912203
1790344980.697085,1.414352998835966
1790344980.7835093,24.0084920078516
1790344980.799587,47.22456098534167
1790344980.7996566,27.483893994940445
1790344980.808028,1.2743569968733937
1790344980.8179576,1.3875639997422695
1790344980.9194448,2.131073997588828
1790344980.9238865,1.5999640163499862
1790344980.967289,2.118550008162856
1790344980.97497,1.4089829928707331
1790344980.9882205,1.8580949981696904
1790344980.9888325,1.58198201097548
1790344981.0392082,2.151449996745214
1790344981.070953,4.9988069804385304
1790344981.0904586,5.6406160001643
1790344981.090535,4.31729998672381
1790344981.0987594,3.1129950075410306
1790344981.1119087,2.24155600881204
1790344981.1195292,1.9085380190517753
1790344981.1446617,1.860757009126246
1790344981.1733572,2.1899890271015465
1790344981.211547,1.7472979961894453
1790344981.2198486,1.2310169986449182
1790344981.2589025,4.230603983160108
1790344981.2885962,3.2927870051935315
1790344981.2986975,2.1988720109220594
1790344981.304342,1.2296499917283654
1790344981.3210428,1.6497489996254444
1790344981.3262212,1.3199149980209768
1790344981.349983,2.081665996229276
1790344981.360196,2.026066998951137
1790344981.3950953,2.0432099991012365
1790344981.4495854,1.8831669876817614
1790344981.5213833,4.663377010729164
1790344981.5215015,8.35814600577578
1790344981.549572,5.338411981938407
1790344981.5667443,5.947395984549075
1790344981.5745308,2.1843290014658123
1790344981.6067095,4.7985370038077235
1790344981.6188874,4.750516003696248
1790344981.6204925,3.8919140060897917
1790344981.64198,4.753493994940072
1790344981.6460483,2.2130700235720724
1790344981.6734679,6.221990013727918
1790344981.686431,2.211104001617059
1790344981.6945462,1.8803489801939577
1790344981.6965349,1.1340210039634258
1790344981.7230098,3.199111990397796
1790344981.7484038,5.954708001809195
1790344981.7608492,5.764039990026504
1790344981.7687309,1.5656690229661763
1790344981.8158772,3.5535420174710453
1790344981.8173406,3.217716992367059
1790344981.833355,3.0020249832887203
1790344981.8565056,3.854270005831495
1790344981.9782445,6.419426994398236
1790344981.9790912,3.8079009973444045
1790344981.9960876,4.185084981145337
1790344981.9997425,1.8278549832757562
1790344982.0557866,9.290928981499746
1790344982.057863,7.242017978569493
1790344982.0966184,4.545484000118449
1790344982.116356,6.010581011651084
1790344982.19004,2.9891610029153526
1790344982.212322,5.526347988052294
1790344982.2412345,3.2966370054055005
1790344982.3130991,8.668132999446243
1790344982.3132112,6.747632985934615
1790344982.328315,1.5592100098729134
1790344982.386879,5.4505640000570565
1790344982.4568841,3.610609011957422
1790344982.4815307,6.343454006128013
1790344982.4984426,6.711164023727179
1790344982.526917,5.993002007016912
1790344982.529919,2.7486530016176403
1790344982.5358775,2.8781000000890344
1790344982.573126,5.5082930193748325
1790344982.5831943,2.7500900032464415
1790344982.6022925,3.9847969892434776
1790344982.6666899,7.733970996923745
1790344982.722247,11.70364799327217
1790344982.7335262,57.425551989581436
1790344982.7340293,1.5007049951236695
1790344982.7779489,4.702192003605887
1790344982.797405,3.5605590092018247
1790344982.8045034,2.348650014027953
1790344982.8474915,5.796433018986136
1790344982.894981,3.0891539936419576
1790344982.951236,8.619100000942126
1790344982.974323,6.123928993474692
1790344983.031992,4.547906020889059
1790344983.096609,4.973671981133521
1790344983.1072,2.739229006692767
1790344983.13058,1.9406619830988348
1790344983.1425674,1.7192329978570342
1790344983.2133029,5.044750025263056
1790344983.2552717,12.894479994429275
1790344983.3482382,41.301343007944524
1790344983.3532577,34.81269700569101
1790344983.3557482,4.473537992453203
1790344983.3558757,22.06290198955685
1790344983.3559916,56.576937990030274
1790344983.3563364,1.8797469965647906
1790344983.376917,1.5690729778725654
1790344983.4478002,8.287133008707315
1790344983.452081,8.545983990188688
1790344983.4765525,8.46224298584275
1790344983.490962,6.705506995785981
1790344983.5082543,6.420332007110119
1790344983.5157845,1.3618849916383624
1790344983.6069586,1.680210989434272
1790344983.6142974,1.3515190221369267
1790344983.6330771,1.537777017802
1790344983.6839192,1.7801680078264326
1790344983.689156,1.2661590008065104
1790344983.7668824,4.236565000610426
1790344983.7948792,5.093834974104539
1790344983.8000438,2.6121549890376627
1790344983.8793197,7.0645960222464055
1790344983.8799415,5.082157993456349
1790344983.9120655,1.962763024494052
1790344983.9377353,2.2740709828212857
1790344983.9383543,1.6313939995598048
1790344983.959033,2.0292339904699475
1790344983.9877868,2.7295119944028556
1790344983.9878626,2.288827992742881
1790344984.038432,2.3013259924482554
1790344984.0390565,1.7678260046523064
1790344984.0539107,2.122439007507637
1790344984.0539758,1.556307979626581
1790344984.073149,1.3773750106338412
1790344984.1094124,3.523093997500837
1790344984.1304164,5.935544992098585
1790344984.1316552,5.169229989405721
1790344984.1584466,2.7827000012621284
1790344984.1755009,2.7900470013264567
1790344984.180688,1.76955500501208
1790344984.2058148,1.7638030112721026
1790344984.2246654,2.118440985213965
1790344984.254172,4.613355005858466
1790344984.2574344,2.3057629878167063
1790344984.2575054,3.315583016956225
1790344984.3031929,3.890077001415193
1790344984.3360634,1.7988109902944416
1790344984.3515525,2.438349009025842
1790344984.5328677,4.499331000261009
1790344984.5422192,3.0035710078664124
1790344984.563868,4.362855019280687
1790344984.5656312,1.7476500070188195
1790344984.5742638,2.1795440115965903
1790344984.6062412,5.790591007098556
1790344984.639769,8.537618006812409
1790344984.641088,5.220774008193985
1790344984.6411958,4.400644975248724
1790344984.6769154,5.280276003759354
1790344984.685114,2.133722009602934
1790344984.7135468,3.1836690031923354
1790344984.7354293,3.8012269942555577
1790344984.7382705,2.627875015605241
1790344984.7505846,2.984719001688063
1790344984.8145428,4.21795598231256
1790344984.8827662,5.642420990625396
1790344984.9022658,4.720644996268675
1790344984.905401,2.465453988406807
1790344984.9343903,4.399647994432598
1790344984.990255,6.113804003689438
1790344984.9911296,2.5773429952096194
1790344985.0061452,2.6087920123245567
1790344985.012753,1.1257480073254555
1790344985.0237885,1.7162509902846068
1790344985.0242293,1.2803070130757987
1790344985.04052,2.072387986117974
1790344985.0428247,1.3793230173178017
1790344985.060747,4.264366987627
1790344985.0762806,3.3180030004587024
1790344985.0902112,3.313631023047492
1790344985.1684964,1.7759920156095177
1790344985.2046492,2.2004639904480428
1790344985.2111647,2.141530014341697
1790344985.2224133,2.2911420091986656
1790344985.2364411,2.791120990877971
1790344985.2372148,1.9446499936748296
1790344985.2446945,2.5050129916053265
1790344985.2787454,3.262776997871697
1790344985.2808678,1.86778002534993
1790344985.296713,2.512257982743904
1790344985.3410912,6.799017020966858
1790344985.342919,2.986024017445743
1790344985.343037,6.232643005205318
1790344985.3792644,3.081394999753684
1790344985.3884966,3.2190440106205642
1790344985.4015641,3.2795130100566894
1790344985.434241,5.156449013156816
1790344985.4369903,2.318444981938228
1790344985.4438612,2.033127995673567
1790344985.4518676,2.3906340065877885
1790344985.5192254,6.913933000760153
1790344985.5215862,2.3383460065815598
1790344985.5476027,4.5108990161679685
1790344985.5634685,5.509612994501367
1790344985.6140494,3.251231013564393
1790344985.6222348,1.7782929935492575
1790344985.663002,5.8281010133214295
1790344985.6992102,5.209455994190648
1790344985.7470014,5.066065001301467
1790344985.7673817,2.2269460023380816
1790344985.7840097,2.627192996442318
1790344985.8456542,5.644143995596096
1790344985.8686886,3.66046599810943
1790344985.8740814,2.251822006655857
1790344985.8745782,1.476838020607829
1790344985.8875334,1.9231280020903796
1790344985.931438,5.101426999317482
1790344985.9437845,3.5902319941669703
1790344986.0029607,3.545878018485382
1790344986.0167408,1.5828429895918816
1790344986.1441815,27.084079018095508
1790344986.145994,24.354638997465372
1790344986.1460667,46.376332989893854
1790344986.16826,1.6646640142425895
1790344986.292855,4.809839010704309
1790344986.2929726,8.683394000399858
1790344986.325276,3.8114670023787767
1790344986.3405278,3.650756989372894
1790344986.3442104,3.027430997462943
1790344986.3548045,1.4376910112332553
1790344986.3785484,8.350925985723734
1790344986.378893,5.911280983127654
1790344986.379178,2.20630198600702
1790344986.4033506,2.438467985484749
1790344986.426481,3.5614969965536147
1790344986.4294875,2.8134290187153965
1790344986.4356818,2.33013101387769
1790344986.5131042,1.7916570068337023
1790344986.558047,2.05691100563854
1790344986.5716014,1.7480889800935984
1790344986.5912538,1.6356790147256106
1790344986.6164093,1.941885013366118
1790344986.6589756,2.7445079758763313
1790344986.6941006,2.1158129966352135
1790344986.6964784,1.2889530044049025
1790344986.741733,4.685904976213351
1790344986.7645116,2.677822980331257
1790344986.7967596,2.3812629806343466
1790344986.836371,2.214748994447291
1790344986.915668,1.8975559796672314
1790344986.9210777,1.2829600018449128
1790344986.9303637,1.5723550168331712
1790344986.9626577,1.6857560258358717
1790344987.0046945,1.7349759873468429
1790344987.0273736,1.7236550047527999
1790344987.066656,1.6038869798649102
1790344987.1088748,2.0371199934743345
1790344987.113732,1.8972510006278753
1790344987.1157932,1.5434469969477504
1790344987.1497185,1.6212809714488685
1790344987.1612267,1.604575983947143
1790344987.1739922,1.34381401585415
1790344987.229663,1.8655580061022192
1790344987.2575614,1.9607449939940125
1790344987.2667909,1.2386410089675337
1790344987.2764955,1.5005669847596437
1790344987.301896,1.9342130108270794
1790344987.3266463,1.482841995311901
1790344987.3448286,1.7538309912197292
1790344987.3527293,1.708755997242406
1790344987.3537943,1.767573005054146
1790344987.3623025,1.3173369807191193
1790344987.3688,1.3544170069508255
1790344987.3811579,1.4037649962119758
1790344987.4022512,1.665011019213125
1790344987.4051464,1.144534006016329
1790344987.4360633,1.635399996303022
1790344987.469058,1.9033020071219653
1790344987.4715874,1.4552710053976625
1790344987.5115802,1.7157550028059632
1790344987.514972,1.3859050231985748
1790344987.5904284,2.2894110006745905
1790344987.597026,1.3072269794065505
1790344987.624932,1.529956003651023
1790344987.6743507,1.8160100153181702
1790344987.6891458,1.5560309984721243
1790344987.707688,1.5651819994673133
1790344987.723148,1.5690250147599727
1790344987.7342541,1.3471730053424835
1790344987.7431867,1.2453589879442006
1790344987.7451036,1.2508989893831313
1790344987.7561302,1.3085570244584233
1790344987.7992067,1.7311599804088473
1790344987.8043876,1.3783369795419276
1790344987.826055,1.7600649734959006
1790344987.8280585,1.3661349948961288
1790344987.8353963,1.4009779843036085
1790344987.8450925,1.412254001479596
1790344987.8566623,1.3972389861010015
1790344987.859613,1.4052560145501047
1790344987.8657324,1.2253849999979138
1790344987.9672437,2.8953379951417446
1790344987.967361,3.137301973765716
1790344988.0114512,1.8322920077480376
1790344988.020791,1.4805030077695847
1790344988.0786445,1.7500980175100267
1790344988.1069717,1.5747510187793523
1790344988.1246471,1.6028739919420332
1790344988.144569,1.635888998862356
1790344988.1506503,1.2561609910335392
1790344988.1978695,1.775421987986192
1790344988.2143056,1.5546729846391827
1790344988.2237244,1.398706022882834
1790344988.2256665,1.2190990091767162
1790344988.2609084,1.594671979546547
1790344988.3023324,1.8295390182174742
1790344988.3436968,2.1551609970629215
1790344988.3776536,1.7875699850264937
1790344988.394986,1.7802919901441783
1790344988.4148474,1.8142909975722432
1790344988.4168177,1.2800839904230088
1790344988.442116,1.6559470095671713
1790344988.4529052,1.5405919984914362
1790344988.589793,1.7980079865083098
1790344988.6168919,1.8660879868548363
1790344988.6347568,2.5862290058285
1790344988.6506956,2.2211549803614616
1790344988.6555254,1.7446420097257942
1790344988.668347,2.0749920222442597
1790344988.753216,2.2904610086698085
1790344988.8028743,2.316710975719616
1790344988.8645852,1.8130620010197163
1790344988.879852,1.609810016816482
1790344988.9093342,1.995760016143322
1790344988.9306998,2.319413993973285
1790344988.9408946,1.7204050091095269
1790344988.9639206,1.6554350149817765
1790344988.9820395,1.5071770176291466
1790344989.0152674,1.6106870025396347
1790344989.0365546,1.6320190043188632
1790344989.0529728,1.5659910277463496
1790344989.0568707,1.1934590002056211
1790344989.088438,1.8953570106532425
1790344989.1361182,1.6744489839766175
1790344989.1946921,1.7247729992959648
1790344989.2145643,1.885684992885217
1790344989.2441585,1.7140150011982769
1790344989.276353,2.2026170045137405
1790344989.2772014,1.6718409897293895
1790344989.290709,1.3370589877013117
1790344989.3244696,1.9378380093257874
1790344989.3252718,1.5617070021107793
1790344989.381941,1.667731994530186
1790344989.432626,2.007653994951397
1790344989.4483361,1.5932660026010126
1790344989.467997,1.6415519930887967
1790344989.4766216,1.369184989016503
1790344989.5041604,1.6436529986094683
1790344989.5111346,1.458034006645903
1790344989.532373,1.6275140224024653
1790344989.5368445,1.3913900183979422
1790344989.5432875,2.0066910074092448
1790344989.5448277,2.05574301071465
1790344989.5449355,1.6376659914385527
1790344989.561968,1.6381389868911356
1790344989.5632732,1.1714209977071732
1790344989.5782223,1.5717009955551475
1790344989.5794642,1.2310959864407778
1790344989.5882227,1.3926649990025908
1790344989.5922625,1.1453139886725694
1790344989.5953271,1.1202709865756333
1790344989.6267655,1.7343060171697289
1790344989.631222,1.4160569990053773
1790344992.664404,1.733223005430773
1790344992.6699364,1.5204049996100366
1790344992.7008884,1.6227370069827884
1790344992.7403338,1.7014129844028503
1790344992.751776,1.766512985341251
1790344992.7676227,1.5073630202095956
1790344992.7850485,1.8458090198691934
1790344992.795864,1.4692249824292958
1790344992.805296,1.9910970004275441
1790344992.8230157,1.6415749851148576
1790344992.8532531,1.7660549783613533
1790344992.8932354,1.6370800149161369
1790344992.901414,1.496864017099142
1790344992.903903,1.1817569902632385
1790344992.9118886,1.422042987542227
1790344992.9631903,1.9568549760151654
1790344992.982687,1.6835850256029516
1790344992.9966652,1.8732240132521838
1790344993.0263643,1.6458940226584673
1790344993.038417,1.604197983397171
1790344993.1069152,1.9081229984294623
1790344993.114454,1.5132830012589693
1790344993.1683562,22.417225991375744
1790344993.1684968,47.37625899724662
1790344993.1689832,21.459617011714727
1790344993.1694844,5.84156799595803
1790344993.1950803,1.7504080024082214
1790344993.200368,1.1759910266846418
1790344993.2280269,1.6483269864693284
1790344993.2449548,1.7262230103369802
1790344993.3217115,1.75265601137653
1790344993.3745708,1.8609279941301793
1790344993.3902316,1.619348011445254
1790344993.395169,1.3420820177998394
1790344993.402053,1.4066580042708665
1790344993.4279678,2.1657909965142608
1790344993.4282422,1.6740089922677726
1790344993.4435172,1.4785929815843701
1790344993.4657505,1.6414739948231727
1790344993.6074655,2.5049810064956546
1790344993.628264,1.7511460173409432
1790344993.6388276,1.4287530211731791
1790344993.656649,1.7166350153274834
1790344993.6611497,1.915607019327581
1790344993.6821046,1.7219019937328994
1790344993.6944873,1.923790987348184
1790344993.7248468,1.7533870122861117
1790344993.7494364,1.637017005123198
1790344993.7583585,1.6556560003664345
1790344993.8069718,2.1463489974848926
1790344993.8275816,1.7134660156443715
1790344993.8344245,1.3987970014568418
1790344993.8594654,1.746747992001474
1790344993.9027064,1.7757739988155663
1790344993.916754,1.411449018632993
1790344993.9317818,1.6181340033654124
1790344994.013798,1.9059300248045474
1790344994.067467,1.6427449882030487
1790344994.0804868,1.6248510219156742
1790344994.0822754,1.164832996437326
1790344994.0989766,1.5649270208086818
1790344994.1504872,2.3968540190253407
1790344994.1617947,1.7348190012853593
1790344994.2422113,2.312273980351165
1790344994.2430575,1.6039159963838756
1790344994.3105776,1.79231000947766
1790344994.3234522,1.5299090009648353
1790344994.4158893,1.8181749910581857
1790344994.476964,1.81479801540263
1790344994.5157757,1.7366560059599578
1790344994.5229461,1.3933299924246967
1790344994.5537982,1.8315239867661148
1790344994.570049,1.5446860052179545
1790344994.5769641,1.4293240092229098
1790344994.587361,1.3818349980283529
1790344994.5900645,2.1364270069170743
1790344994.5901222,1.75467599183321
1790344994.6070187,1.432404009392485
1790344994.6219068,2.3300619795918465
1790344994.6221888,2.7440550038591027
1790344994.6395912,1.7292069969698787
1790344994.6879818,1.6755120013840497
1790344994.723467,1.785351021680981
1790344994.7269914,1.3796209823340178
1790344994.7394056,1.5197170141618699
1790344994.8079724,1.9991389999631792
1790344994.8451922,1.8875430105254054
1790344994.8992767,1.8909850041382015
1790344994.9361463,1.7027310095727444
1790344994.9719927,1.670978992478922
1790344994.9786866,1.5329229936469346
1790344994.9933393,1.4649970107711852
1790344994.9957275,1.2848320184275508
1790344994.9973085,1.1072249908465892
1790344995.0234387,1.625843986403197
1790344995.0320148,1.2908729841001332
1790344995.055866,1.6881210030987859
1790344995.1078491,1.6485679952893406
1790344995.1847131,1.8064770265482366
1790344995.1869013,1.250834990059957
1790344995.213633,1.763726002536714
1790344995.2185254,1.4983920264057815
1790344995.3191361,33.912237995537
1790344995.3243701,43.01125000347383
1790344995.3398619,37.41991799324751
1790344995.3476398,16.292679007165134
1790344995.3481953,67.6411259919405
1790344995.3482552,8.178487012628466
1790344995.381593,1.7679909942671657
1790344995.39755,1.8084650218952447
1790344995.398085,1.3473579892888665
1790344995.4701002,1.9176759815309197
1790344995.4830277,1.6813130059745163
1790344995.550533,1.5609639813192189
1790344995.5652032,1.95794299361296
1790344995.608031,37.649542005965486
1790344995.6128302,18.70832798886113
1790344995.613229,49.414844979764894
1790344995.6137064,8.359534986084327
1790344995.6206553,1.4445749984588474
1790344995.6352172,1.6028709942474961
1790344995.6366558,1.3090150023344904
1790344995.6500394,2.0125449809711426
1790344995.6789794,1.6519170021638274
1790344995.6928394,1.5997810114640743
1790344995.7091,2.0166999893262982
1790344995.7215776,1.6238950192928314
1790344995.7359138,1.4480279933195561
1790344995.7708552,1.7345180094707757
1790344995.8568296,1.711602002615109
1790344995.8707685,1.6917169850785285
1790344995.8890145,1.7174600216094404
1790344995.9037418,1.489265006966889
1790344995.9573066,1.6323399904649705
1790344995.9666183,1.6667400195728987
1790344996.1191454,1.884637982584536
1790344996.1722443,1.7120830016210675
1790344996.1746264,1.2461809965316206
1790344996.1923995,2.1197870082687587
1790344996.2248282,1.662613998632878
1790344996.241089,1.5442190051544458
1790344996.2867596,2.1203009819146246
1790344996.2872663,1.5998079907149076
1790344996.3168163,1.8227090185973793
1790344996.351139,2.049392001936212
1790344996.3735023,1.8741130188573152
1790344996.389593,1.7379049968440086
1790344996.3961287,1.9754800014197826
1790344996.4090197,2.2457820014096797
1790344996.4741395,2.5626830174587667
1790344996.4752152,2.0130530174355954
1790344996.5053244,1.6474550066050142
1790344996.6030388,56.8435899913311
1790344996.6235914,2.075308992061764
1790344996.629429,1.4267469814512879
1790344996.7012155,2.196362998802215
1790344996.740476,1.6710789932403713
1790344996.7927167,47.45332300080918
1790344996.8145618,1.676554005825892
1790344996.817472,1.1947189923375845
1790344996.8305864,1.4745030202902853
1790344996.8487194,1.5133350098039955
1790344996.8729548,1.5319850062951446
1790344996.907126,1.7385539831593633
1790344996.9582343,1.665034011239186
1790344997.002196,1.6242609999608248
1790344997.0271282,1.8365989963058382
1790344997.0276399,1.7259730084333569
1790344997.0708797,1.860572985606268
1790344997.1072729,1.6288100159727037
1790344997.1542716,2.378226985456422
1790344997.1546853,2.234261977719143
1790344997.2081244,1.7679519951343536
1790344997.2705717,1.785013999324292
1790344997.3073597,1.5610409900546074
1790344997.3385344,1.5959560114424676
1790344997.3599753,1.7588740156497806
1790344997.389366,1.9146359991282225
1790344997.397539,1.3201539986766875
1790344997.399647,1.3753310195170343
1790344997.4004261,1.3830119860358536
1790344997.4210293,1.6386799979954958
1790344997.4321005,1.362713985145092
1790344997.4532812,1.5979309973772615
1790344997.5094845,1.6757099947426468
1790344997.5242937,1.702142006251961
1790344997.5317519,1.7180870054289699
1790344997.5644724,1.8241810030303895
1790344997.6189342,1.864230987848714
1790344997.6318426,1.871446002041921
1790344997.7899961,1.716256985673681
1790344997.817211,1.8195040174759924
1790344997.8831587,1.898529997561127
1790344997.9004922,1.6873170097824186
1790344997.9184792,1.6976119950413704
1790344997.9254029,1.4387359842658043
1790344997.9358528,1.398705004248768
1790344997.9417074,1.455118996091187
1790344997.9470205,1.2925319897476584
1790344998.0095913,1.7818589985836297
1790344998.0182526,1.8818799871951342
1790344998.070613,1.6093779995571822
1790344998.0785089,1.5154829889070243
1790344998.1181495,2.2399599838536233
1790344998.127942,1.6774320101831108
1790344998.1864283,2.70628699217923
1790344998.2098258,1.7614199896343052
1790344998.2448108,1.927829987835139
1790344998.2665286,1.6976379847619683
1790344998.3446178,1.7664710176177323
1790344998.3612866,1.6427109949290752
1790344998.3722627,1.4707089867442846
1790344998.3756068,1.215302007040009
1790344998.3831234,1.2881339935120195
1790344998.38479,1.343437994364649
1790344998.420414,1.631854014704004
1790344998.4260728,1.3112809974700212
1790344998.5036929,2.0699349988717586
1790344998.5391204,1.572481996845454
1790344998.561808,1.4686989889014512
1790344998.563782,1.1501889966893941
1790344998.5658493,1.0919799969997257
1790344998.6564672,12.007913988782093
1790344998.6825664,12.640644010389224
1790344998.6826699,47.713826992549
1790344998.7179384,2.1259420027490705
1790344998.7243981,1.421341992681846
1790344998.7626398,1.702965993899852
1790344998.7975245,1.7307439993601292
1790344998.8750014,2.0011449814774096
1790344998.8790798,1.3300089922267944
1790344998.9134185,1.7625039909034967
1790344998.9340389,1.8986380018759519
1790344998.9409,1.4261180185712874
1790344998.9514563,2.0161810098215938
1790344998.95224,1.4737469900865108
1790344998.9582243,1.3516850012820214
1790344998.9687579,1.574810012243688
1790344998.978642,1.575472007971257
1790344999.0455947,2.0637910056393594
1790344999.0542336,1.9211140170227736
1790344999.121017,2.035226993029937
1790344999.1477883,1.636337983654812
1790344999.151459,1.6294179949909449
1790344999.1519117,1.3054560113232583
1790344999.1559076,1.2929039949085563
1790344999.169328,1.902225980302319
1790344999.1708925,1.4292510168161243
1790344999.2067275,2.1504019969142973
1790344999.2215693,1.8385599832981825
1790344999.2473457,1.667734992224723
1790344999.2666976,1.9899420149158686
1790344999.3251762,1.7581729916855693
1790344999.4623983,2.1038440172560513
1790344999.4857607,1.9135280163027346
1790344999.4937825,1.5444490127265453
1790344999.5000653,1.4141409774310887
1790344999.5049565,1.5036049881018698
1790344999.509135,1.2968629889655858
1790344999.600585,17.16789900092408
1790344999.6016521,48.89156299759634
1790344999.601761,15.80585801275447
1790344999.6127687,1.8191940034739673
1790344999.6180887,1.5668639971408993
1790344999.6628683,1.6828930238261819
1790344999.6679237,1.4278349990490824
1790344999.6748414,1.6142370004672557
1790344999.6959088,2.139946009265259
1790344999.702789,2.4733819882385433
1790344999.7032115,2.81509300111793
1790344999.7056627,1.7223010072484612
1790344999.7062254,1.4892140170559287
1790344999.7208073,1.827503991080448
1790344999.7459848,2.107189007801935
1790344999.7592528,1.7440039955545217
1790344999.7777224,1.8424960144329816
1790344999.8420334,2.4659780028741807
1790344999.8426244,1.6900610062293708
1790344999.8774486,1.7042150138877332
1790344999.8901145,1.926971977809444
1790344999.8921149,1.536244002636522
1790344999.9149272,2.007307019084692
1790344999.939889,1.8982890178449452
1790344999.944979,1.6213370254263282
1790344999.9598026,1.8861769931390882
1790344999.9699154,2.4235860037151724
1790344999.9982872,1.9499619957059622
1790345000.0032833,1.7419439973309636
1790345000.0396855,1.6855470021255314
1790345000.1030946,1.8865900055970997
1790345000.1378694,1.7592090007383376
1790345000.146842,1.5862539876252413
1790345000.1525202,1.5868580085225403
1790345000.2029305,2.04942500567995
1790345000.2092535,1.5815200167708099
1790345000.2129683,1.509032998001203
1790345000.2223446,1.609172992175445
1790345000.2449481,1.9418429874349385
1790345000.2981327,1.9240539986640215
1790345000.3083057,1.802398997824639
1790345000.3360736,1.859459007391706
1790345000.3582232,1.7391229921486229
1790345000.384191,2.0563050056807697
1790345000.392214,1.7794859886635095
1790345000.3946323,1.4320129994302988
1790345000.4105482,1.888034021249041
1790345000.4496322,1.6610390157438815
1790345000.5366726,2.0662480092141777
1790345000.5372877,1.5873689844738692
1790345000.5880458,1.7486209981143475
1790345000.612162,2.596000995254144
1790345000.6122754,3.3111830125562847
1790345000.6156368,1.477682002587244
1790345000.6462085,1.67930600582622
1790345000.6512299,1.5934979892335832
1790345000.6752305,1.8087379867210984
1790345000.6780818,1.5795569925103337
1790345000.6836996,1.399302011122927
1790345000.6910038,1.6507410036865622
1790345000.7337537,1.8128689844161272
1790345000.7468743,1.8580100149847567
1790345000.778679,1.7438520153518766
1790345000.7898526,1.752845011651516
1790345000.7990556,1.7785469826776534
1790345000.802606,1.5641610079910606
1790345000.8535855,2.191036008298397
1790345000.8760715,1.9505939853843302
1790345000.900479,1.9942510116379708
1790345000.9512286,1.7071010079234838
1790345000.973669,2.179695002269
1790345000.9808478,1.7266779905185103
1790345001.0228128,1.8738280050456524
1790345001.0538251,1.8210929993074387
1790345001.0734015,1.5755319909658283
1790345001.0783398,2.0796339958906174
1790345001.0790117,1.495142001658678
1790345001.112277,1.9151309970766306
1790345001.121797,2.5298389955423772
1790345001.1331944,1.775909011485055
1790345001.1481123,1.9654560019262135
1790345001.1592166,1.7079389945138246
1790345001.1806293,2.0512790069915354
1790345001.2204287,2.0796669996343553
1790345001.227388,2.030559000559151
1790345001.244863,2.253101993119344
1790345001.2458644,2.03498502378352
1790345001.2520688,1.8704600224737078
1790345001.2545033,1.7578029946889728
1790345001.2799993,2.375690994085744
1790345001.2800617,1.9260540138930082
1790345001.3471828,1.637543988181278
1790345001.358289,1.488976995460689
1790345001.3778143,1.775940996594727
1790345001.3922224,1.742942986311391
1790345001.4538362,1.9802570168394595
1790345001.5130486,1.8332000181544572
1790345001.5600827,1.952308986801654
1790345001.5771148,1.8421559943817556
1790345001.5775628,1.5812790079507977
1790345001.6260066,1.5450359787791967
1790345001.6842022,1.6814720002003014
1790345001.8197918,2.1573530102614313
1790345001.8351357,2.2411659883800894
1790345001.8520362,1.5865530003793538
1790345001.8791106,1.9556129991542548
1790345001.8878853,1.46170100197196
1790345001.900681,1.550774002680555
1790345001.9745781,1.808070024708286
1790345002.0083964,1.926363998791203
1790345002.009026,1.4159859856590629
1790345002.0744698,1.7673279799055308
1790345002.0821,1.4556839887518436
1790345002.1029985,1.6997320053633302
1790345002.1152203,1.4229549851734191
1790345002.160743,1.6150920127984136
1790345002.2020266,1.6515360039193183
1790345002.2160907,1.7334389849565923
1790345002.2254252,1.5344470157288015
1790345002.2329261,1.385441020829603
1790345002.238577,1.1982849973719567
1790345002.2599134,1.4651950041297823
1790345002.3276045,1.7017259960994124
1790345002.329246,1.226592983584851
1790345002.3335562,1.2582339986693114
1790345002.3450506,1.6986170085147023
1790345002.3526635,1.35147399851121
1790345002.365092,1.6318799753207713
1790345002.379402,1.6195669886656106
1790345002.3962646,1.499769015936181
1790345002.4120708,1.4630719961132854
1790345002.4378786,1.641947979805991
1790345002.4662936,1.573499001096934
1790345002.4748464,1.3894680014345795
1790345002.4857426,1.582842000061646
1790345002.5444098,2.569124015280977
1790345002.5444794,3.1808119965717196
1790345002.548348,1.0623329726513475
1790345002.63986,2.5967599940486252
1790345002.6399794,3.2305860077030957
1790345002.6408322,2.136804017936811
1790345002.6809347,1.7378269985783845
1790345002.7163796,1.9191890023648739
1790345002.7373326,1.7637900018598884
1790345002.76648,1.9870409741997719
1790345002.7835615,1.6429880051873624
1790345002.798223,1.6985239926725626
1790345002.8131595,1.6956389881670475
1790345002.830633,1.4527879829984158
1790345002.8500175,1.5899879799690098
1790345002.8538651,1.3254100049380213
1790345002.8554091,1.2337089865468442
1790345002.9015813,1.7510000034235418
1790345002.9031181,1.3258649851195514
1790345002.904747,1.3296300021465868
1790345002.9322906,1.5955549897626042
1790345002.9413466,1.5268109855242074
1790345002.9916878,1.7897819925565273
1790345003.0189147,1.6653630009386688
1790345003.0524256,1.6511589928995818
1790345003.0716527,1.7749139806255698
1790345003.0730314,1.2283969845157117
1790345003.0846398,1.4171000220812857
1790345003.091414,1.3648959866259247
1790345003.1099815,1.4948540192563087
1790345003.1262763,1.6314150125253946
1790345003.128611,1.167337002698332
1790345003.1870623,1.6528140113223344
1790345003.202304,1.464718981878832
1790345003.21071,2.59991898201406
1790345003.2229836,1.5335059724748135
1790345003.2258904,1.4585719909518957
1790345003.2560418,1.6247839957941324
1790345003.289686,1.5763480041641742
1790345003.3485746,1.7734839930199087
1790345003.3832123,1.609767001355067
1790345003.3970804,1.4968290051911026
1790345003.4022608,1.195571996504441
1790345003.405084,1.3352179958019406
1790345003.4120843,1.4293789863586426
1790345003.420376,1.2504409824032336
1790345003.4236403,1.6543050005566329
1790345003.447337,1.6736960096750408
1790345003.461065,1.4234060072340071
1790345003.4657404,1.2846630124840885
1790345003.5674727,1.8162330088671297
1790345003.5840256,1.4836780028417706
1790345003.6176696,1.6172979958355427
1790345003.7286994,59.70666400389746
1790345003.7989955,1.7945260042324662
1790345003.8239682,1.7655249976087362
1790345003.833235,1.2606130039785057
1790345003.856589,1.5853099757805467
1790345003.9026542,1.7218950088135898
1790345003.926205,1.6567900020163506
1790345003.9295802,1.3749829959124327
1790345003.9401906,1.782859006198123
1790345003.9543507,2.077918004943058
1790345003.9948971,1.6753879899624735
1790345004.0112493,1.4684209891129285
1790345004.0399022,1.6253759968094528
1790345004.0458362,1.1442630202509463
1790345004.0523953,1.2941680033691227
1790345004.0592134,1.2623700022231787
1790345004.1303911,1.6267210012301803
1790345004.2192514,1.7465390264987946
1790345004.229538,1.340404007351026
1790345004.238577,1.4644209877587855
1790345004.2804754,1.7893699987325817
1790345004.2859335,1.3197340012993664
1790345004.2995548,1.5144770150072873
1790345004.3164942,1.4915070205461234
1790345004.4236462,1.7526360170450062
1790345004.4445846,1.6654370119795203
1790345004.470984,1.6380290035158396
1790345004.4979553,1.6056230233516544
1790345004.6132338,1.900175993796438
1790345004.6226737,1.7581159772817045
1790345004.6590614,1.615414017578587
1790345004.6662946,1.4230489905457944
1790345004.6713443,1.6272770008072257
1790345004.7372832,2.015853999182582
1790345004.7514384,1.654096005950123
1790345004.8236787,1.72778099658899
1790345004.8374536,1.556647999677807
1790345004.8517525,1.542449026601389
1790345004.9320245,16.408569004852325
1790345004.9321015,49.13918499369174
1790345004.9726894,1.6933729930315167
1790345004.9995835,1.8013670051004738
1790345005.000001,1.6013220010790974
1790345005.0034606,1.0873799910768867
1790345005.0922544,1.7133090004790574
1790345005.0962265,2.186440979130566
1790345005.096321,1.7501589900348336
1790345005.1719017,1.6427870141342282
1790345005.1933208,1.4459209924098104
1790345005.1991062,1.3862469932064414
1790345005.2363687,1.7133369983639568
1790345005.2400577,1.2123850174248219
1790345005.2431533,1.5099970041774213
1790345005.247974,1.1670819949358702
1790345005.3001482,2.0812450093217194
1790345005.303121,2.2903229983057827
1790345005.3031912,2.8675659850705415
1790345005.3470695,1.662830007262528
1790345005.3501766,1.384053990477696
1790345005.3603873,1.5566140064038336
1790345005.384316,1.606751000508666
1790345005.4108098,1.6433119890280068
1790345005.4112794,1.4184300089254975
1790345005.4530468,1.778895006282255
1790345005.476535,1.6322099836543202
1790345005.5092018,1.7907889850903302
1790345005.5200737,1.444583002012223
1790345005.5346189,1.714136014925316
1790345005.5680766,1.838630996644497
1790345005.583234,1.6499039775226265
1790345005.5859756,1.3614250055979937
1790345005.622057,1.7948289751075208
1790345005.6420095,1.7179299902636558
1790345005.6871583,1.8220749916508794
1790345005.6982267,1.317473012022674
1790345005.7019663,1.35861401213333
1790345005.7477202,1.7006320122163743
1790345005.7798162,1.6904239892028272
1790345005.7872913,1.741457002935931
1790345005.8034582,1.6974190075416118
1790345005.8122265,1.3257560203783214
1790345005.8425794,1.6724629967939109
1790345005.8702602,1.9140979857183993
1790345005.8871036,1.9201999821234494
1790345005.8989172,1.9405990024097264
1790345005.949637,2.16412398731336
1790345005.959644,2.499827998690307
1790345005.9979963,1.9893840071745217
1790345005.9992785,1.2725720007438213
1790345006.0087962,1.781911007128656
1790345006.0093756,1.7121710116043687
1790345006.0166018,2.085259009618312
1790345006.0648935,1.9119819917250425
1790345006.0861113,1.8092670070473105
1790345006.1312346,1.728748989989981
1790345006.2053125,1.6870920080691576
1790345006.2227094,1.5349159948527813
1790345006.2278748,1.3148309953976423
1790345006.2782826,1.8310329760424793
1790345006.2894773,1.681778987403959
1790345006.2967248,1.35685401619412
1790345006.3012605,1.5541900065727532
1790345006.3978744,1.7987920145969838
1790345006.491203,3.1006189819891006
1790345006.5808375,1.951824000570923
1790345006.6105616,1.603315002284944
1790345006.6826165,3.322281001601368
1790345006.7005038,2.3524400021415204
1790345006.716987,2.7686260000336915
1790345006.7366202,3.879005991620943
1790345006.7467268,2.0604839955922216
1790345006.790649,3.9482120191678405
1790345006.8134813,2.8202420216985047
1790345006.850366,2.1628279937431216
1790345006.9793885,3.9630180108360946
1790345006.9918745,2.535173000069335
1790345007.0038798,2.420782984700054
1790345007.0111203,1.2610160047188401
1790345007.061161,5.916117021115497
1790345007.1068242,2.8292720089666545
1790345007.1235535,1.3807910145260394
1790345007.1547527,1.6061890055425465
1790345007.1636674,1.4010989980306476
1790345007.2067807,1.7535780207253993
1790345007.2170885,1.496860000770539
1790345007.2404938,1.5370530018117279
1790345007.249607,1.356557011604309
1790345007.2591202,1.4413890021387488
1790345007.265513,1.0961139923892915
1790345007.2799795,1.2084970076102763
1790345007.2818315,1.2304379779379815
1790345007.2823074,1.11132298479788
1790345007.3253994,3.398036991711706
1790345007.38242,1.9013079872820526
1790345007.389844,1.526979001937434
1790345007.3998938,1.7111010092776269
1790345007.4938254,1.733647019136697
1790345007.57138,4.704588995082304
1790345007.5972345,5.645805998938158
1790345007.6349947,5.804821994388476
1790345007.6494374,3.5455600009299815
1790345007.690773,3.442370012635365
1790345007.6908412,5.491425021318719
1790345007.6912007,2.6997969835065305
1790345007.7286716,5.630614992696792
1790345007.7693582,7.71423798869364
1790345007.7706993,4.9360789998900145
1790345007.7737598,2.2090580023359507
1790345007.8173892,3.203128988388926
1790345007.8417182,3.057410998735577
1790345007.869177,7.260057027451694
1790345007.8703387,5.3509820136241615
1790345007.9175904,6.444514001486823
1790345007.9596202,1.8129569943994284
1790345007.9616058,1.3993690081406385
1790345007.96424,1.3595170166809112
1790345008.0251658,3.958754998166114
1790345008.045004,3.729090007254854
1790345008.0769176,4.826550022698939
1790345008.1528797,6.325529015157372
1790345008.1654785,6.245983007829636
1790345008.1820807,9.561852988554165
1790345008.1941152,11.131356994155794
1790345008.197762,11.872750998008996
1790345008.263325,11.826419999124482
1790345008.264194,11.849306989461184
1790345008.2993453,9.491234988672659
1790345008.3012807,7.608693995280191
1790345008.3111079,2.4924259923864156
1790345008.33057,2.292896999279037
1790345008.3486366,4.9398109840694815
1790345008.3487468,3.8653270166832954
1790345008.3633115,3.3385150018148124
1790345008.4229872,6.998125987593085
1790345008.4409726,4.032641998492181
1790345008.5172167,7.103104988345876
1790345008.5216305,7.652152999071404
1790345008.522345,5.106797005282715
1790345008.5242531,1.256564981304109
1790345008.5432973,4.022874985821545
1790345008.6090653,11.333198985084891
1790345008.67957,2.6205130270682275
1790345008.6796355,2.7716209879145026
1790345008.6810586,1.0705720051191747
1790345008.7150261,4.009629978099838
1790345008.7372398,21.656664001056924
1790345008.7609415,47.710432001622394
1790345008.7617614,11.664014018606395
1790345008.7628946,1.6320940048899502
1790345008.763386,1.3391530083026737
1790345008.8448875,3.4957420139107853
1790345008.8898156,4.976215015631169
1790345008.902213,3.0310370202641934
1790345008.960606,26.0778279916849
1790345008.9791183,14.40404201275669
1790345008.979554,47.604289022274315
1790345008.9797726,11.749853001674637
1790345009.079403,7.386894023511559
1790345009.1490126,5.985467985738069
1790345009.16754,3.083251998759806
1790345009.3078275,1.8059180001728237
1790345009.3363879,4.386253014672548
1790345009.3377314,3.542199992807582
1790345009.3495567,2.2616880014538765
1790345009.4039452,1.7478829831816256
1790345009.416819,2.466096979333088
1790345009.4224432,1.6719380219001323
1790345009.4238064,1.2151419941801578
1790345009.4405346,2.3132179921958596
1790345009.445327,2.371614013100043
1790345009.488738,5.631772975903004
1790345009.498903,2.84319298225455
1790345009.5101416,2.441910997731611
1790345009.5266862,3.061125025851652
1790345009.6009452,6.119089986896142
1790345009.6282651,2.358728990657255
1790345009.6973577,27.87837601499632
1790345009.697918,8.737382013350725
1790345009.698012,49.21293200459331
1790345009.7059615,1.2834570079576224
1790345009.7176287,1.444363995688036
1790345009.7191422,1.1211549863219261
1790345009.726542,1.2614330044016242
1790345009.7352462,1.8152539851143956
1790345009.7881002,5.514162010513246
1790345009.8614483,6.210927997017279
1790345009.8680012,2.7097759884782135
1790345009.9221866,4.593848017975688
1790345009.928381,2.319160004844889
1790345009.9361122,2.6836280012503266
1790345009.9402058,2.2533879964612424
1790345009.9550326,2.070483023999259
1790345009.9657757,1.7572710057720542
1790345010.0145416,2.2463389905169606
1790345010.0172155,1.2059530126862228
1790345010.0296235,1.6453090065624565
1790345010.0435975,2.1308739960659295
1790345010.0554512,2.9109190218150616
1790345010.1069305,3.9778079953975976
1790345010.263019,6.646227004239336
1790345010.2751088,4.2655580036807805
1790345010.2752233,3.098826011409983
1790345010.3166828,5.06870899698697
1790345010.335843,4.739984986372292
1790345010.3388433,2.9707200010307133
1790345010.342473,1.567333994898945
1790345010.4251802,3.0089979991316795
1790345010.4570866,4.043758992338553
1790345010.4800937,4.6428449859377
1790345010.543316,5.9816330031026155
1790345010.5771284,4.576538020046428
1790345010.5797873,2.3509750026278198
1790345010.6072724,4.300980013795197
1790345010.6121268,3.599060990381986
1790345010.639638,1.7464539851062
1790345010.655395,1.973641978111118
1790345010.658734,1.7512969789095223
1790345010.6825309,1.9268149917479604
1790345010.7247243,2.4243259977083653
1790345010.7248707,3.2872260198928416
1790345010.7348475,2.1177529997657984
1790345010.7540052,1.8426370224915445
1790345010.797891,1.715549995424226
1790345010.815665,3.8808670069556683
1790345010.830774,1.9560350046958774
1790345010.844541,3.203050000593066
1790345010.8594892,2.878559986129403
1790345010.867555,3.6836540093645453
1790345010.8980594,6.582779984455556
1790345010.9041398,2.841334993718192
1790345011.0370321,5.516214994713664
1790345011.0408545,2.1914509998168796
1790345011.0698593,1.7923710111062974
1790345011.1057649,1.757671998348087
1790345011.1446908,1.803404971724376
1790345011.1627233,1.7071629990823567
1790345011.2002666,2.3494540073443204
1790345011.2433922,1.8073440005537122
1790345011.2557998,1.9012090051546693
1790345011.3024733,1.8821749836206436
1790345011.3095813,1.7319719772785902
1790345011.3508341,1.6370810044463724
1790345011.357174,1.302181015489623
1790345011.4324615,2.2264739964157343
1790345011.4404068,1.502243016147986
1790345011.4428296,1.1863750114571303
1790345011.4913883,2.243868017103523
1790345011.4931588,1.3121379888616502
1790345011.4973283,1.3289840135257691
1790345011.4978406,1.2804539874196053
1790345011.515973,1.5294000040739775
1790345011.5181687,1.2356119987089187
1790345011.5227046,1.4140490093268454
1790345011.5417316,1.5029339992906898
1790345011.5704575,1.6257829847745597
1790345011.6026483,1.784652005881071
1790345011.6445172,1.8210510024800897
1790345011.6747005,2.6883840037044138
1790345011.6748466,1.9984020036645234
1790345011.701605,1.5684910176787525
1790345011.7149496,1.808678003726527
1790345011.7799196,2.114505012286827
1790345011.8424337,44.88361399853602
1790345011.8476794,1.518456992926076
1790345011.863916,1.5056960110086948
1790345011.8723025,1.789282978279516
1790345011.9125812,1.6637549852021039
1790345011.9264526,1.7949049943126738
1790345011.9912379,1.599427982000634
1790345012.0114062,1.465174980694428
1790345012.0840914,1.7880439991131425
1790345012.096658,1.4298690075520426
1790345012.150146,1.9000479951500893
1790345012.1558616,1.2234469759278
1790345012.1602955,1.0787660139612854
1790345012.1944604,2.6957400259561837
1790345012.1949723,1.561314013088122
1790345012.200312,1.1370129941496998
1790345012.2529879,11.76423198194243
1790345012.253068,47.410264989594
1790345012.2835143,1.6618709778413177
1790345012.321441,1.7178179987240583
1790345012.330151,1.643697003601119
1790345012.3357713,1.31731599685736
1790345012.348067,1.4253870176617056
1790345012.358227,1.3121689844410866
1790345012.404999,9.476378007093444
1790345012.4050732,43.85671400814317
1790345012.4317727,1.5874759992584586
1790345012.465909,1.807922002626583
1790345012.4689696,1.3702930009458214
1790345012.4994137,1.711190998321399
1790345012.5188296,1.6615759814158082
1790345012.5612013,1.7257480067200959
1790345012.5674043,1.348588994005695
1790345012.580841,1.6091320139821619
1790345012.595789,1.6146390116773546
1790345012.6180587,1.578202995005995
1790345012.6500745,1.9658430246636271
1790345012.6640368,1.5747789875604212
1790345012.6752732,1.4408389979507774
1790345012.6847808,1.6157719946932048
1790345012.7210386,1.6354320105165243
1790345012.75464,1.724606001516804
1790345012.7703972,1.5961509780026972
1790345012.7954285,1.7288969829678535
1790345012.9466126,1.7781920032575727
1790345012.9538417,1.291644002776593
1790345012.9910436,1.7286830116063356
1790345012.9996324,1.331218023551628
1790345013.0340528,1.7642969905864447
1790345013.0376005,1.3084829843137413
1790345013.0424821,1.3200999819673598
1790345013.049745,1.3941169891040772
1790345013.0995934,1.6778110002633184
1790345013.1749716,1.9340960134286433
1790345013.2179937,2.219871006673202
1790345013.2218866,1.4482260157819837
1790345013.2531984,1.6012779960874468
1790345013.268292,1.6270120104309171
1790345013.304481,1.8812640046235174
1790345013.384531,1.9320310093462467
1790345013.4371746,2.4701710208319128
1790345013.4374523,2.8491810080595315
1790345013.4784455,1.7076630028896034
1790345013.4881268,1.2939379957970232
1790345013.518327,1.692243997240439
1790345013.5500286,1.6217189840972424
1790345013.6059985,1.85832500574179
1790345013.6110706,1.3965110119897872
1790345013.6388493,1.9329870119690895
1790345013.7090015,1.578233001055196
1790345013.7712474,1.7684859922155738
1790345013.8180225,1.7254579870495945
1790345013.8457663,1.817226002458483
1790345013.8538275,1.3422119955066592
1790345013.8597207,1.4880550152156502
1790345013.863439,1.1494189966470003
1790345013.875256,1.5709880099166185
1790345013.8863468,1.4658330183010548
1790345013.8921964,1.8633170111570507
1790345013.9034598,1.5566610090900213
1790345013.9095871,1.332145999185741
1790345013.999028,1.6481989878229797
1790345014.0318713,2.0522770064417273
1790345014.0551827,2.182116004405543
1790345014.0722587,1.8023430020548403
1790345014.0778446,1.1659399897325784
1790345014.0983398,1.5352459740824997
1790345014.1883817,1.887438993435353
1790345014.1984036,1.4969200128689408
1790345014.2120667,1.7004639958031476
1790345014.2148166,1.3747899793088436
1790345014.232943,1.4927120064385235
1790345014.2714372,1.6350139921996742
1790345014.2908773,1.6738949925638735
1790345014.326119,1.9005259964615107
1790345014.3401103,1.6119689971674234
1790345014.3695664,1.7783929943107069
1790345014.4467766,1.9300820131320506
1790345014.5014288,1.88623700523749
1790345014.5059922,1.4110560005065054
1790345014.5182607,1.6518119955435395
1790345014.5381615,1.8062150047626346
1790345014.5473833,1.4274060085881501
1790345014.5494902,1.2944309855811298
1790345014.5623004,1.7411330190952867
1790345014.63093,1.7554329824633896
1790345014.656595,1.6895040171220899
1790345014.66865,1.4619120047427714
1790345014.6726608,1.312414009589702
1790345014.7202494,1.9373719987925142
1790345014.7620833,1.6747410118114203
1790345014.7946918,1.8274419999215752
1790345014.8062382,1.5033890085760504
1790345014.8392558,1.677223015576601
1790345014.8428667,1.3011560076847672
1790345014.8506744,1.5310869785025716
1790345014.889713,1.6790459922049195
1790345014.9055872,1.5875330136623234
1790345014.9490354,1.7369100241921842
1790345014.9768157,1.8206160166300833
1790345015.001965,1.9501950009725988
1790345015.044228,1.5568910166621208
1790345015.079003,1.6656939988024533
1790345015.1469662,1.6804440238047391
1790345015.1722991,1.9448240054771304
1790345015.2057135,1.7829889839049429
1790345015.2274518,1.479231024859473
1790345015.247198,1.550475979456678
1790345015.2970707,1.6827310028020293
1790345015.3332183,1.8331860192120075
1790345015.3436825,1.6650870093144476
1790345015.3655643,2.011868986301124
1790345015.3745873,2.242179005406797
1790345015.3850126,1.945996016729623
1790345015.4082465,2.3863659880589694
1790345015.409171,1.428477989975363
1790345015.421304,1.8059639842249453
1790345015.4279635,1.6248909814748913
1790345015.4498868,1.7717420123517513
1790345015.4565039,1.949430996319279
1790345015.5127995,2.2084219963289797
1790345015.5213091,1.9092489965260029
1790345015.5703545,1.917137997224927
1790345015.5709333,1.5744499978609383
1790345015.6000907,1.6035739972721785
1790345015.6305866,2.0486110006459057
1790345015.6510866,1.7395190079696476
1790345015.66957,1.6467509849462658
1790345015.6714308,1.1675730056595057
1790345015.6786063,1.300083997193724
1790345015.6801043,1.0927789844572544
1790345015.7485344,1.72583301900886
1790345015.7678363,1.9356999837327749
1790345015.7718818,1.4523289864882827
1790345015.791031,1.8772080074995756
1790345015.8218737,1.80725401150994
1790345015.8277206,1.558963005663827
1790345015.83588,1.3487979886122048
1790345015.8501396,1.476675010053441
1790345015.8737576,1.7935989890247583
1790345015.9137204,2.191582985688001
1790345015.9309027,2.003305999096483
1790345015.9617848,1.6421590116806328
1790345015.9742517,1.4170590147841722
1790345015.9999778,1.6833370027597994
1790345016.0014412,1.12723300117068
1790345016.0196445,1.6804199840407819
1790345016.035196,1.6175190103240311
1790345016.0423207,2.012243989156559
1790345016.0591443,1.6908019897527993
1790345016.1022713,1.5737980138510466
1790345016.11987,1.5823479916434735
1790345016.1506217,1.9097830227110535
1790345016.2238758,1.6532540030311793
1790345016.2644296,1.7353619914501905
1790345016.3275588,2.123017009580508
1790345016.328279,2.1777180081699044
1790345016.3922498,1.8682549998629838
1790345016.4060037,1.5336509968619794
1790345016.4202154,1.6150989977177233
1790345016.426272,1.3977079943288118
1790345016.4529393,1.6162880056072026
1790345016.4811075,1.731956988805905
1790345016.4842174,1.2996829755138606
1790345016.5062275,1.6966810217127204
1790345016.5411668,1.9339610007591546
1790345016.5733285,1.843573001679033
1790345016.577445,1.5031459915917367
1790345016.5987358,1.5577430021949112
1790345016.6107633,1.5266949776560068
1790345016.6501267,1.9432819972280413
1790345016.664299,1.5561319887638092
1790345016.692241,1.7097870004363358
1790345016.7119246,1.5868880145717412
1790345016.7245772,1.6477630124427378
1790345016.7304327,1.9128809799440205
1790345016.795055,1.9738089758902788
1790345016.8425925,1.7337509780190885
1790345016.8494773,1.3815200072713196
1790345016.8513875,1.3393849949352443
1790345016.892539,1.6895319859031588
1790345016.898019,1.6761470178607851
1790345016.9459867,2.0291040127631277
1790345016.9520152,1.3823929766658694
1790345016.9777498,1.737782993586734
1790345016.9884226,1.3483499933499843
1790345017.0008261,1.6306859906762838
1790345017.0032787,1.2703390093520284
1790345017.0450094,1.8127490184269845
1790345017.054222,1.6965139948297292
1790345017.0601246,1.3848049857188016
1790345017.0632184,1.2129739916417748
1790345017.1184897,1.8361870024818927
1790345017.1269064,1.5274809848051518
1790345017.1470623,1.5807030140422285
1790345017.1557722,1.3588839792646468
1790345017.1610384,1.3062960060779005
1790345017.1639152,1.4478779921773821
1790345017.1801083,2.0306639780756086
1790345017.1809356,1.5018029953353107
1790345017.1902444,1.392082980601117
1790345017.1991887,1.3367270003072917
1790345017.2003,1.10366300214082
1790345017.2346668,1.85892399167642
1790345017.237969,1.894951012218371
1790345017.2435243,1.800865982659161
1790345017.2515738,1.4737000165041536
1790345017.2639413,1.5783550043124706
1790345017.279415,2.0267770159989595
1790345017.2808216,1.2909120123367757
1790345017.361261,1.8176849989686161
1790345017.3889787,1.7957439995370805
1790345017.3913193,1.3202819973230362
1790345017.3941104,1.3957170012872666
1790345017.3993125,1.3908219989389181
1790345017.4278324,1.8486139888409525
1790345017.428326,1.3526020047720522
1790345017.4354813,1.8102290050592273
1790345017.5038607,2.049860020633787
1790345017.5045116,1.9596850033849478
1790345017.5092041,1.69357901904732
1790345017.514457,1.475143973948434
1790345017.5212002,1.618896028958261
1790345017.526599,1.4560040144715458
1790345017.5329497,1.165977999335155
1790345017.616723,1.9860239990521222
1790345017.6310003,1.645979005843401
1790345017.652484,2.1969930094201118
1790345017.6670625,1.5559690073132515
1790345017.687842,1.7467320139985532
1790345017.7246587,1.700949011137709
1790345017.7368987,1.4253469998948276
1790345017.7985444,1.8473980017006397
1790345017.8682082,1.7496809887234122
1790345017.8827822,1.5343019913416356
1790345017.8915074,1.6905929951462895
1790345017.9024925,2.122649981174618
1790345017.925442,1.8537869909778237
1790345018.1193805,1.7844130052253604
1790345018.1224504,1.7209910147357732
1790345018.1632195,1.7755849985405803
1790345018.2007103,1.8705609836615622
1790345018.225809,1.736663980409503
1790345018.258235,2.2900830081198364
1790345018.286306,1.624191994778812
1790345018.2930655,1.336600020295009
1790345018.3213654,1.5923619794193655
1790345018.330703,1.530419016489759
1790345018.3550675,1.7810569843277335
1790345018.3625789,1.382928981911391
1790345018.414921,1.7496210057288408
1790345018.4280508,1.4820399810560048
1790345018.4572241,1.68166498770006
1790345018.511766,1.6832230030559003
1790345018.6533382,1.7583490116521716
1790345018.6633244,1.4570610073860735
1790345018.6712906,1.5188560064416379
1790345018.7387273,1.7031370080076158
1790345018.7622821,2.004126989049837
1790345018.7723787,1.4406820118892938
1790345018.7904131,1.4681410102639347
1790345018.796281,1.3345740153454244
1790345018.8161922,1.7061789985746145
1790345018.8543317,2.0026559941470623
1790345018.864301,1.7950159963220358
1790345018.86815,1.4445999986492097
1790345018.903454,1.7303820059169084
1790345018.9163916,1.6651140176691115
1790345018.9813523,1.9802250026259571
1790345019.0014338,1.5027270128484815
1790345019.0565226,1.8499709840398282
1790345019.118342,1.7948710010387003
1790345019.125058,1.7003679822664708
1790345019.1548014,1.8262969970237464
1790345019.1744604,2.507846016669646
1790345019.1929388,1.4891760074533522
1790345019.2139833,1.5609370020683855
1790345019.2826545,1.902905001770705
1790345019.289867,1.7412470187991858
1790345019.295353,1.2740120000671595
1790345019.3364637,1.9611690076999366
1790345019.340784,1.9021760090254247
1790345019.3414068,1.3750750222243369
1790345019.3917694,1.8059520225506276
1790345019.39472,1.4023830008227378
1790345019.4100702,1.7762280185706913
1790345019.4308982,1.631229999475181
1790345019.4474556,1.723248016787693
1790345019.454498,1.4180890284478664
1790345019.5382571,1.8465529719833285
1790345019.5597465,1.827170024625957
1790345019.567994,1.3042599894106388
1790345019.5958474,1.7295299912802875
1790345019.6048248,1.5079269942361861
1790345019.6131907,1.1883889965247363
1790345019.6461926,1.6122430097311735
1790345019.6483848,1.4433370088227093
1790345019.675063,1.7251110111828893
1790345019.7353735,1.7421840166207403
1790345019.768616,2.9309600067790598
1790345019.769065,3.27928300248459
1790345019.769591,1.9578080100473017
1790345019.779325,1.4166850014589727
1790345019.7929327,1.3487830001395196
1790345019.8515863,1.6382620087824762
1790345019.894718,2.027978014666587
1790345019.9280148,2.161592012271285
1790345019.9285219,1.3978109927847981
1790345019.9635725,1.6248400206677616
1790345020.0485892,1.740298990625888
1790345020.0545976,1.4484380080830306
1790345020.0809274,1.5753399929963052
1790345020.1204987,1.554171001771465
1790345020.1867805,1.7379310156684369
1790345020.1894355,1.6773149836808443
1790345020.2935293,2.275607024785131
1790345020.3066428,1.684401009697467
1790345020.3721051,1.660331996390596
1790345020.3837461,1.5253750025294721
1790345020.4017742,1.973854989046231
1790345020.4186656,1.8706909904722124
1790345020.4317012,1.6576529887970537
1790345020.4394498,1.3878360041417181
1790345020.493011,1.7205080075655133
1790345020.5332084,1.762335014063865
1790345020.6043618,1.8855129892472178
1790345020.6068897,1.2227539846207947
1790345020.6124532,1.4423669781535864
1790345020.6129677,1.3954949972685426
1790345020.6425042,1.77430099574849
1790345020.6482964,1.4149770140647888
1790345020.6918325,1.6515219758730382
1790345020.7019453,1.6226200095843524
1790345020.7653365,1.9601630046963692
1790345020.7804463,1.6844090132508427
1790345020.797243,1.5179420006461442
1790345020.88599,2.1384719875641167
1790345020.9478512,1.7988629988394678
1790345020.9870472,1.9154349865857512
1790345020.9960558,1.5799089742358774
1790345021.055753,1.8957970023620874
1790345021.0821035,1.7293260025326163
1790345021.0897186,1.5081090095918626
1790345021.1035314,1.58354701125063
1790345021.1116216,1.3703510048799217
1790345021.200758,1.8522210011724383
1790345021.2318838,1.6687109891790897
1790345021.2565541,1.6782440070528537
1790345021.2761772,1.598308008396998
1790345021.2954113,1.5916630218271166
1790345021.3206694,1.8497839919291437
1790345021.347413,1.9503390067256987
1790345021.379539,1.8981879984494299
1790345021.3867877,1.7353449948132038
1790345021.41117,1.6213729977607727
1790345021.4253018,1.53781397966668
1790345021.427904,1.1204009933862835
1790345021.4479134,1.639438996789977
1790345021.451866,1.3846720103174448
1790345021.4841218,1.746672991430387
1790345021.530745,1.880302996141836
1790345021.6003945,1.8032189982477576
1790345021.6178393,1.8226160027552396
1790345021.657621,1.8384379800409079
1790345021.6943188,2.4384999996982515
1790345021.6958668,3.1437129946425557
1790345021.6959236,2.4790620082058012
1790345021.789396,1.8065299955196679
1790345021.8063085,1.5205199888441712
1790345021.9102757,2.194700005929917
1790345021.9115942,1.3077410112600774
1790345021.9182804,1.599948009243235
1790345021.9357982,1.7215049883816391
1790345021.963838,1.6360399895347655
1790345021.9806035,1.684804999968037
1790345021.9948134,1.6214270144701004
1790345022.0693884,1.7667240172158927
1790345022.074827,1.222405000589788
1790345022.1199415,1.836395007558167
1790345022.1451955,1.8969179945997894
1790345022.163789,2.08290500449948
1790345022.1797738,1.754677010467276
1790345022.1982267,1.6973729943856597
1790345022.2211316,1.686812989646569
1790345022.2333407,1.7825340037234128
1790345022.2479124,1.6270870110020041
1790345022.2696939,1.615941000636667
1790345022.295191,1.7771449929568917
1790345022.3006992,1.2167420063633472
1790345022.3133473,1.4289789833128452
1790345022.3157475,1.0845290089491755
1790345022.3414752,1.6272999928332865
1790345022.5455294,1.7493490013293922
1790345022.6015816,1.7418389907106757
1790345022.6050339,2.0676860003732145
1790345022.6057448,2.312810014700517
1790345022.607401,1.1983769945800304
1790345022.6258142,1.510898000560701
1790345022.6745584,1.7534850048832595
1790345022.689558,1.847523992182687
1790345022.6902583,1.7546599847264588
1790345022.7429488,1.8019230046775192
1790345022.7602625,1.7156579997390509
1790345022.7651558,1.504259998910129
1790345022.803139,1.723435998428613
1790345022.839352,1.8612109997775406
1790345022.857162,1.6431369876954705
1790345022.9035814,1.6748410125728697
1790345022.914731,1.3936720206402242
1790345022.9256036,1.409499003784731
1790345022.9314945,1.298079005209729
1790345022.9877312,1.8624989897944033
1790345022.994236,1.7634109826758504
1790345023.012087,1.9469799881335348
1790345023.023188,1.4156260003801435
1790345023.0617406,1.9224249990656972
1790345023.0713124,1.4114630175754428
1790345023.0983758,2.726340986555442
1790345023.0993795,1.5348310116678476
1790345023.1221552,1.788939000107348
1790345023.12441,1.4058769738767296
1790345023.1712253,1.67217300622724
1790345023.1945374,1.927190023707226
1790345023.2004354,1.1750920093618333
1790345023.202519,1.0570090089458972
1790345023.2140543,1.6942360089160502
1790345023.230675,1.5033710224088281
1790345023.2334743,1.2314379855524749
1790345023.3084064,2.517557004466653
1790345023.308474,3.13147998531349
1790345023.3490467,1.8284230027347803
1790345023.4033723,1.9022109918296337
1790345023.4126365,1.4732569979969412
1790345023.4534922,1.7941700061783195
1790345023.458535,1.3862309860996902
1790345023.4845557,1.862583012552932
1790345023.4924412,1.229131012223661
1790345023.5087748,1.5381159901153296
1790345023.51191,1.196705998154357
1790345023.5470963,1.8752409960143268
1790345023.5626895,1.5144459903240204
1790345023.56806,1.3765170006081462
1790345023.5800557,1.8320599920116365
1790345023.66285,1.7355980235151947
1790345023.794819,2.4644479854032397
1790345023.7949486,3.308294981252402
1790345023.7956946,2.2353900130838156
1790345023.8074582,1.5771290054544806
1790345023.83489,2.0352620049379766
1790345023.8706408,2.2603460238315165
1790345023.9144793,1.8353099876549095
1790345023.923647,1.4123989967629313
1790345023.9257855,1.3401350006461143
1790345023.9623828,1.5677580086048692
1790345023.9747236,1.5261860098689795
1790345023.9776626,1.1616710107773542
1790345024.003578,1.7011780000757426
1790345024.0414302,1.5462320006918162
1790345024.0578969,1.9377779972273856
1790345024.1882007,1.7671370005700737
1790345024.19892,1.4739379985257983
1790345024.249002,2.0074670028407127
1790345024.2881172,1.7029080190695822
1790345024.3184948,1.604841003427282
1790345024.353829,2.4450269993394613
1790345024.3544788,2.3038890212774277
1790345024.3749435,1.8012829823419452
1790345024.3920712,1.5988069935701787
1790345024.4456487,1.9936000171583146
1790345024.463669,1.7275739810429513
1790345024.511792,2.2344060125760734
1790345024.5313895,1.9306570175103843
1790345024.548008,1.532797992695123
1790345024.5533834,1.358376001007855
1790345024.5599234,1.3114650209899992
1790345024.5985293,2.070111979264766
1790345024.6173449,2.858049003407359
1790345024.643488,2.112588001182303
1790345024.6462047,1.826755004003644
1790345024.6463048,2.4593680282123387
1790345024.6755207,1.8195430166088045
1790345024.6789653,1.379235996864736
1790345024.7280834,1.613184023881331
1790345024.7318316,1.4533069916069508
1790345024.7404113,1.454863988328725
1790345024.7755833,1.826636987971142
1790345024.8242166,1.7895050114020705
1790345024.8607595,1.695162005489692
1790345024.8989685,2.187882986618206
1790345024.899652,1.7133310029748827
1790345027.8604407,2.383096987614408
1790345027.8617969,2.1827050077263266
1790345027.892765,1.8225050007458776
1790345027.914525,1.7977849929593503
1790345027.9185119,1.7459070077165961
1790345027.9329486,1.90593401202932
1790345027.978412,1.8585659854579717
1790345027.9958541,2.2450489923357964
1790345028.072754,1.8637939938344061
1790345028.1260502,1.9435549911577255
1790345028.1616611,1.6071829886641353
1790345028.1660657,1.8467710178811103
1790345028.1865788,1.7041179817169905
1790345028.2063718,1.6039950132835656
1790345028.2170517,1.3630310131702572
1790345028.2235157,1.1526389862410724
1790345028.2284408,1.2973280099686235
1790345028.267466,1.6497140168212354
1790345028.2720838,1.5729700098745525
1790345028.303744,1.840129029005766
1790345028.3101118,1.3948669948149472
1790345028.3189576,1.387791009619832
1790345028.3756173,1.792898023268208
1790345028.420075,1.9994799804408103
1790345028.4273238,1.3746810145676136
1790345028.4377964,1.4012199826538563
1790345028.4524784,1.4380740176420659
1790345028.4835553,2.100548008456826
1790345028.4861574,1.8120069871656597
1790345028.4914029,1.2862200092058629
1790345028.5093045,1.534403010737151
1790345028.5114918,1.156088983407244
1790345028.514186,1.0455129959154874
1790345028.5267596,1.5380810073111206
1790345028.5380924,1.6106829862110317
1790345028.567414,1.7061479738913476
1790345028.6599452,2.0751580013893545
1790345028.6793625,1.6485590022057295
1790345028.744624,1.8929129873868078
1790345028.7768514,2.0412440062500536
1790345028.7804995,1.24235701514408
1790345028.7880075,1.1646990024019033
1790345028.8416371,1.5708550054114312
1790345028.859343,1.4928189921192825
1790345028.9321594,2.1274150058161467
1790345028.9502015,1.5834920050110668
1790345029.0000541,1.5873590018600225
1790345029.0295122,1.7568620096426457
1790345029.0771875,1.823845988838002
1790345029.1260855,1.8231059948448092
1790345029.2402382,1.6559729992877692
1790345029.317444,1.8797939992509782
1790345029.3454156,1.7068940214812756
1790345029.3576477,2.396498981397599
1790345029.3628259,1.2855069944635034
1790345029.3965642,1.9788480130955577
1790345029.5221856,2.0594079978764057
1790345029.573466,1.8208600231446326
1790345029.5902233,1.637723995372653
1790345029.603039,1.5861070132814348
1790345029.6287367,1.86504700104706
1790345029.6554253,1.7703110061120242
1790345029.7016194,1.780277001671493
1790345029.7091556,1.6754149983171374
1790345029.7122557,1.3175529893487692
1790345029.751144,1.7741519841365516
1790345029.809224,1.984886999707669
1790345029.8129947,1.6837559815030545
1790345029.8241644,1.8391740159131587
1790345029.8957934,1.9988860003650188
1790345029.920817,1.7228219949174672
1790345029.9390817,1.605958997970447
1790345029.9496222,1.4382700028363615
1790345029.9762826,1.7017760255839676
1790345029.9879708,1.5534400008618832
1790345029.9988315,1.4908929879311472
1790345030.0123386,1.6157450154423714
1790345030.0159717,1.5187549870461226
1790345030.033066,1.5355159994214773
1790345030.0682561,1.640901988139376
1790345030.0935423,1.7214700055774301
1790345030.102615,1.4074629871174693
1790345030.107442,1.3424770149867982
1790345030.1160526,1.403077010763809
1790345030.14776,1.8643260118551552
1790345030.1574807,1.8337400106247514
1790345030.158103,1.405347022227943
1790345030.17143,1.3824650086462498
1790345030.1896617,1.7067860171664506
1790345030.2005565,1.5221080102492124
1790345030.2013364,1.5835700032766908
1790345030.2637608,1.7969369946513325
1790345030.2713907,1.5357979864347726
1790345030.3499632,2.098194003337994
1790345030.3784642,1.6557920025661588
1790345030.3871562,1.5761560061946511
1790345030.4027617,1.7125539889093488
1790345030.4092956,1.4372739824466407
1790345030.4623258,1.806321000913158
1790345030.4761717,1.5440080023836344
1790345030.5721614,2.15165302506648
1790345030.5912375,3.1040749745443463
1790345030.6433074,2.1961260063108057
1790345030.646438,1.7233649850822985
1790345030.67992,2.073058974929154
1790345030.6857429,2.7988319925498217
1790345030.703839,2.342137013329193
1790345030.7303908,1.7504600109532475
1790345030.7319837,1.583659992320463
1790345030.7674708,2.4716620100662112
1790345030.7716866,1.883128978079185
1790345030.7833796,3.8361689948942512
1790345030.7895646,4.63067801319994
1790345030.8108385,2.1784609998576343
1790345030.8197324,2.317232982022688
1790345030.890698,8.50792700657621
1790345030.8910544,10.869560996070504
1790345030.896514,8.949128008680418
1790345030.9102151,2.7215059963054955
1790345030.9174628,1.649389014346525
1790345030.9617805,1.6800030134618282
1790345031.016311,3.85346298571676
1790345031.0166388,5.296782008372247
1790345031.0276785,2.9377590108197182
1790345031.0895486,5.437440006062388
1790345031.0935962,4.025397996883839
1790345031.10004,2.17634899308905
1790345031.1172335,2.9502020042855293
1790345031.16668,5.909721017815173
1790345031.1834865,3.715036000357941
1790345031.2196825,2.0349600235931575
1790345031.2349029,1.7668419750407338
1790345031.2445598,1.999316009460017
1790345031.2653031,5.429900978924707
1790345031.3414357,6.822155002737418
1790345031.3427284,5.660300987074152
1790345031.3430655,3.706022980622947
1790345031.349985,1.4569319901056588
1790345031.3613067,2.0124939910601825
1790345031.387566,4.0293330093845725
1790345031.3901286,2.3336309823207557
1790345031.4224977,6.846917007351294
1790345031.4844673,4.158404015470296
1790345031.486123,1.5281710075214505
1790345031.496666,5.288086016662419
1790345031.549883,6.5855289867613465
1790345031.552601,2.6969129976350814
1790345031.5812898,7.46967300074175
1790345031.5825343,4.452386987395585
1790345031.5853264,2.27067997911945
1790345031.598026,2.6998610119335353
1790345031.6068761,3.309800988063216
1790345031.6212227,4.16772099561058
1790345031.656725,3.8371270056813955
1790345031.6617424,2.6124749856535345
1790345031.682395,3.691164019983262
1790345031.6929808,2.3355379817076027
1790345031.7236536,3.6406749859452248
1790345031.7357147,3.419460990699008
1790345031.7377574,2.015384001424536
1790345031.7501552,2.640714985318482
1790345031.7566295,2.0250620145816356
1790345031.784116,2.663661987753585
1790345031.8009427,4.048172995680943
1790345031.801518,2.2360729926731437
1790345031.8168826,3.1424449989572167
1790345031.8387482,3.4487539960537106
1790345031.9100397,7.1433259872719646
1790345031.9570453,3.704581002239138
1790345032.0047643,6.036623002728447
1790345032.0865045,4.252593993442133
1790345032.1708226,4.358067002613097
1790345032.1871188,2.817020023940131
1790345032.28144,3.745663008885458
1790345032.3665018,8.471066015772521
1790345032.368036,3.9867659797891974
1790345032.3927867,1.6124520043376833
1790345032.4120798,2.767961996141821
1790345032.4364746,3.1591180013492703
1790345032.442651,1.4602209848817438
1790345032.5602446,12.261925003258511
1790345032.566138,9.125016978941858
1790345032.5678625,6.089859001804143
1790345032.5759072,2.3121900158002973
1790345032.596575,6.061290012439713
1790345032.6426542,1.8040899885818362
1790345032.6471884,2.4986359931062907
1790345032.6472545,1.9849310046993196
1790345032.6569717,1.8923019815701991
1790345032.6693769,2.0479329978115857
1790345032.679879,1.8868249899242073
1790345032.719074,2.127783023752272
1790345032.7525,1.9511829887051135
1790345032.7620852,2.0390870049595833
1790345032.7693477,1.4925480063538998
1790345032.8515444,1.6098220075946301
1790345032.855839,1.395664003212005
1790345032.8642519,1.187999005196616
1790345032.871121,1.369172998238355
1790345032.9484787,2.5137299962807447
1790345033.0026717,6.714274000842124
1790345033.0204587,6.313824997050688
1790345033.046665,3.7014129920862615
1790345033.0478346,3.1094060104805976
1790345033.0487158,1.434678997611627
1790345033.0906377,3.415721992496401
1790345033.1286278,4.745707003166899
1790345033.134801,2.2470290132332593
1790345033.1685903,4.73844600492157
1790345033.1696212,3.5080639936495572
1790345033.205151,2.7271170110907406
1790345033.2744944,6.983156024944037
1790345033.3327372,8.876634004991502
1790345033.3328466,6.334563018754125
1790345033.3585744,2.617035002913326
1790345033.3773894,3.351972991367802
1790345033.4035726,4.946917993947864
1790345033.4145565,2.807061013299972
1790345033.4181855,1.8070449877995998
1790345033.4323637,2.370223985053599
1790345033.4496331,1.538563024951145
1790345033.4518352,1.2323349947109818
1790345033.4589417,1.729937008349225
1790345033.5223005,3.4408739884383976
1790345033.557439,4.736555012641475
1790345033.5635822,1.7779149929992855
1790345033.5779033,3.7773509975522757
1790345033.5784745,1.746528985677287
1790345033.5863316,2.3835659958422184
1790345033.5989058,2.2406720090657473
1790345033.6134543,1.69388999347575
1790345033.6512787,4.72763497964479
1790345033.657843,3.6415499926079065
1790345033.72739,6.6119160037487745
1790345033.7282171,5.187481991015375
1790345033.7596755,6.937878992175683
1790345033.7613502,4.670808993978426
1790345033.7640557,2.4943060125224292
1790345033.764653,1.6797599964775145
1790345033.7815855,2.4092330131679773
1790345033.805249,3.6013109784107655
1790345033.8236856,2.8443799819797277
1790345033.8498774,3.257226984715089
1790345033.8930871,4.463099001441151
1790345033.927191,6.360323983244598
1790345033.9737506,6.222097988938913
1790345034.0580842,2.1330780000425875
1790345034.0682967,2.43726497865282
1790345034.0880935,6.785731995478272
1790345034.1038582,6.925791996764019
1790345034.1598125,5.051912012277171
1790345034.1772509,3.9490939816460013
1790345034.1912725,4.0774930093903095
1790345034.2001288,3.5699740110430866
1790345034.2024856,2.341248997254297
1790345034.2264183,2.5057790044229478
1790345034.2591183,4.752032022224739
1790345034.264755,2.3355300072580576
1790345034.266867,1.58871102030389
1790345034.2752285,1.9961079815402627
1790345034.293046,3.623347991378978
1790345034.300631,1.912815001560375
1790345034.3598728,5.389297002693638
1790345034.3785653,3.136871993774548
1790345034.4238362,4.984116007108241
1790345034.447559,6.057906983187422
1790345034.4520671,1.8424080044496804
1790345034.4534607,1.366743992548436
1790345034.4725378,1.6780550067778677
1790345034.528122,5.020331998821348
1790345034.5426846,3.7494739808607846
1790345034.5509255,2.8657139919232577
1790345034.597632,4.441457975190133
1790345034.5977485,7.197618979262188
1790345034.6169224,4.196241992758587
1790345034.6518574,2.414864022284746
1790345034.6863074,5.109833989990875
1790345034.701691,4.344722983660176
1790345034.719417,5.135070998221636
1790345034.7506275,6.172740017063916
1790345034.7521224,5.297632014844567
1790345034.783195,3.006739018019289
1790345034.7889974,2.0938120142091066
1790345034.8238916,1.676090992987156
1790345034.8278306,1.357855973765254
1790345034.8749547,4.42516797920689
1790345034.920868,5.597177019808441
1790345034.9356413,6.5018000022973865
1790345034.977192,3.5308240039739758
1790345034.9856396,4.668942012358457
1790345035.029066,12.708181020570919
1790345035.0293577,10.682057007215917
1790345035.0418665,9.154915023827925
1790345035.0422406,8.142059989040717
1790345035.048191,1.4270029787439853
1790345035.0508873,1.356477994704619
1790345035.1431222,4.513413005042821
1790345035.1511533,2.0299799798522145
1790345035.1523094,2.0385000098031014
1790345035.1787293,2.2534180025104433
1790345035.1864688,1.8033020023722202
1790345035.1925533,2.0781229832209647
1790345035.2495315,1.6148209979292005
1790345035.3191175,1.6774409741628915
1790345035.3247156,1.3937100011389703
1790345035.3327832,1.4877649955451488
1790345035.3630111,1.5893139934632927
1790345035.366396,1.2173409922979772
1790345035.3785799,1.6143499815370888
1790345035.3908033,1.6489340050611645
1790345035.4620788,1.604012999450788
1790345035.4721577,1.5171439736150205
1790345035.480229,1.1868180008605123
1790345035.5086117,1.6467529931105673
1790345035.5121357,1.3348629872780293
1790345035.5140285,1.4926430012565106
1790345035.5345614,1.6880600014701486
1790345035.5489874,2.026163012487814
1790345035.5497477,1.22177301091142
1790345035.5595467,1.650057005463168
1790345035.6098673,2.2681010013911873
1790345035.610432,1.4257820148486644
1790345035.6161115,1.7642110178712755
1790345035.64682,2.1325499983504415
1790345035.6480777,1.2478499847929925
1790345035.649259,1.0842309857252985
1790345035.6824114,1.7666970088612288
1790345035.6977162,1.595654000993818
1790345035.7205477,1.7389910062775016
1790345035.753353,1.7091319896280766
1790345035.7659538,1.640080998186022
1790345035.7702549,1.317621994530782
1790345035.8017492,1.8797669908963144
1790345035.8248975,1.7502609989605844
1790345035.8439198,1.645159994950518
1790345035.878411,1.6476459859404713
1790345035.9042234,1.7323080101050436
1790345035.951108,2.082603983581066
1790345035.9524357,1.3156429922673851
1790345036.0052736,1.6592229949310422
1790345036.0473,1.742564985761419
1790345036.053591,1.4252709806896746
1790345036.1714902,1.7580619896762073
1790345036.206562,1.7464069824200124
1790345036.242754,1.6334139800164849
1790345036.2589436,1.4727090019732714
1790345036.2907188,1.686142000835389
1790345036.3076394,1.6264040023088455
1790345036.3268943,1.5619290061295033
1790345036.3412845,1.7426690028514713
1790345036.3796277,1.6967030242085457
1790345036.3828428,1.2586810044012964
1790345036.3934815,1.3936589821241796
1790345036.421343,1.5568540256936103
1790345036.450063,1.7395940085407346
1790345036.4883323,1.555225986521691
1790345036.4946368,1.3521130022127181
1790345036.5131052,1.6325519827660173
1790345036.5891652,1.792745984857902
1790345036.608577,1.4241499884519726
1790345036.6347635,2.8654249908868223
1790345036.6373901,2.6129820034839213
