
===== [1/8] normal isolado agg20_WU10_rep1 (rps/cliente=5.0) =====
Simulation duration set to: 180
Attack duration set to: 0
Normal traffic RPS per client set to: 5.0
Normal traffic number of clients set to: 4
Normal traffic work units set to: 10
[Orchestrator] Initializing simulation environment...
[Sniffer] Realtime tcpdump started on any
[Sniffer] Label set to: benign
[Autoscaler] Initialized.
Attempting to build Docker image: edos_target_app:latest...
Image edos_target_app:latest already exists. Skipping build.
Docker network 'edos_network' already exists.
[Orchestrator] Cleaning up any pre-existing simulation instances...
Cleaning up all simulation instances...
No simulation instances found to clean up.
[Orchestrator] Starting initial 1 instance(s)...
Attempting to start container target_instance_1 mapping container:80 to host:8080...
Container 655d69988a (target_instance_1) started. Accessible on host port 8080.
[Autoscaler] Initial number of instances set to: 1
[Orchestrator] 1 initial instance(s) running.
[Orchestrator] Metrics will be logged to: simulation_metrics.csv
[Orchestrator] Attack summary will be logged to: attack_summary_log.csv
[Orchestrator] Normal traffic summary will be logged to: normal_traffic_summary_log.csv
[Orchestrator] Starting simulation main loop for 180 seconds.
[Orchestrator] Monitoring interval: 5s. Cooldown: 20s.
[Orchestrator] CPU Thresholds: Scale Up > 60.0%, Scale Down < 25.0%
[Orchestrator] No traffic injection scheduled (ATTACK_DURATION_SECONDS is 0 or less).
[Sniffer] Label set to: benign

--- Iteration 1 | Time: 0.0s / 180s ---
[Orchestrator]RTT = 0.0
[Orchestrator] Metrics: 1 active instance(s), Avg CPU: 0.00%, Avg App MEM: 0.00 MB
[Autoscaler] Condition for SCALE_DOWN met (Avg CPU: 0.00%), but already at MIN_INSTANCES (1). No action.
[DEBUG Orchestrator] Iteration Start. Instances Before Injector Logic: 1, Attack Started Flag: False, Normal Traffic Started Flag: False
[DEBUG Orchestrator] URLs derived for injector (if active): ['http://localhost:8080']
[Orchestrator] Starting Normal Traffic (if not already active). Target URLs for this call: ['http://localhost:8080']
[LoadBalancer:Normal] Alvos atualizados: ['http://localhost:8080']
[Normal_Injector] Starting HTTP flood with 4 attackers, ~20.0 RPS total, across 1 targets: http://localhost:8080
  [Normal_Injector Worker 139783077320384] Started. RPS: 5.00, Mean interval: 0.2000s (Poisson)
  [Normal_Injector Worker 139782990587584] Started. RPS: 5.00, Mean interval: 0.2000s (Poisson)
  [Normal_Injector Worker 139782982194880] Started. RPS: 5.00, Mean interval: 0.2000s (Poisson)
  [Normal_Injector Worker 139782965409472] Started. RPS: 5.00, Mean interval: 0.2000s (Poisson)
[Normal_Injector] All 4 attacker threads launched.
[DEGUG Orchestrator Loop Duration] Loop Duration = 466145.61899953
[Sniffer] Label set to: benign

--- Iteration 2 | Time: 5.0s / 180s ---
[Orchestrator]RTT = 2.7042052298873807
[Orchestrator] Metrics: 1 active instance(s), Avg CPU: 1.83%, Avg App MEM: 13.10 MB
[Autoscaler] Condition for SCALE_DOWN met (Avg CPU: 1.83%), but already at MIN_INSTANCES (1). No action.
[DEBUG Orchestrator] Iteration Start. Instances Before Injector Logic: 1, Attack Started Flag: False, Normal Traffic Started Flag: True
[DEBUG Orchestrator] URLs derived for injector (if active): ['http://localhost:8080']
[Orchestrator] Starting Normal Traffic (if not already active). Target URLs for this call: ['http://localhost:8080']
[Normal_Injector] Normal traffic already in progress. Call stop_http_traffic() first.
[DEGUG Orchestrator Loop Duration] Loop Duration = 466150.61899953
[Sniffer] Label set to: benign

--- Iteration 3 | Time: 10.0s / 180s ---
[Orchestrator]RTT = 2.0332396179939822
[Orchestrator] Metrics: 1 active instance(s), Avg CPU: 2.13%, Avg App MEM: 13.15 MB
[Autoscaler] Condition for SCALE_DOWN met (Avg CPU: 2.13%), but already at MIN_INSTANCES (1). No action.
[DEBUG Orchestrator] Iteration Start. Instances Before Injector Logic: 1, Attack Started Flag: False, Normal Traffic Started Flag: True
[DEBUG Orchestrator] URLs derived for injector (if active): ['http://localhost:8080']
[Orchestrator] Starting Normal Traffic (if not already active). Target URLs for this call: ['http://localhost:8080']
[Normal_Injector] Normal traffic already in progress. Call stop_http_traffic() first.
[DEGUG Orchestrator Loop Duration] Loop Duration = 466155.61899953
[Sniffer] Label set to: benign

--- Iteration 4 | Time: 15.0s / 180s ---
[Orchestrator]RTT = 1.9779397114320076
[Orchestrator] Metrics: 1 active instance(s), Avg CPU: 2.23%, Avg App MEM: 13.13 MB
[Autoscaler] Condition for SCALE_DOWN met (Avg CPU: 2.23%), but already at MIN_INSTANCES (1). No action.
[DEBUG Orchestrator] Iteration Start. Instances Before Injector Logic: 1, Attack Started Flag: False, Normal Traffic Started Flag: True
[DEBUG Orchestrator] URLs derived for injector (if active): ['http://localhost:8080']
[Orchestrator] Starting Normal Traffic (if not already active). Target URLs for this call: ['http://localhost:8080']
[Normal_Injector] Normal traffic already in progress. Call stop_http_traffic() first.
[DEGUG Orchestrator Loop Duration] Loop Duration = 466160.61899953
[Sniffer] Label set to: benign

--- Iteration 5 | Time: 20.0s / 180s ---
[Orchestrator]RTT = 2.4822946046090997
[Orchestrator] Metrics: 1 active instance(s), Avg CPU: 2.29%, Avg App MEM: 13.06 MB
[Autoscaler] Condition for SCALE_DOWN met (Avg CPU: 2.29%), but already at MIN_INSTANCES (1). No action.
[DEBUG Orchestrator] Iteration Start. Instances Before Injector Logic: 1, Attack Started Flag: False, Normal Traffic Started Flag: True
[DEBUG Orchestrator] URLs derived for injector (if active): ['http://localhost:8080']
[Orchestrator] Starting Normal Traffic (if not already active). Target URLs for this call: ['http://localhost:8080']
[Normal_Injector] Normal traffic already in progress. Call stop_http_traffic() first.
[DEGUG Orchestrator Loop Duration] Loop Duration = 466165.61899953
[Sniffer] Label set to: benign

--- Iteration 6 | Time: 25.0s / 180s ---
[Orchestrator]RTT = 1.8261277048481166
[Orchestrator] Metrics: 1 active instance(s), Avg CPU: 1.59%, Avg App MEM: 13.08 MB
[Autoscaler] Condition for SCALE_DOWN met (Avg CPU: 1.59%), but already at MIN_INSTANCES (1). No action.
[DEBUG Orchestrator] Iteration Start. Instances Before Injector Logic: 1, Attack Started Flag: False, Normal Traffic Started Flag: True
[DEBUG Orchestrator] URLs derived for injector (if active): ['http://localhost:8080']
[Orchestrator] Starting Normal Traffic (if not already active). Target URLs for this call: ['http://localhost:8080']
[Normal_Injector] Normal traffic already in progress. Call stop_http_traffic() first.
[DEGUG Orchestrator Loop Duration] Loop Duration = 466170.61899953
[Sniffer] Label set to: benign

--- Iteration 7 | Time: 30.0s / 180s ---
[Orchestrator]RTT = 2.087554882615386
[Orchestrator] Metrics: 1 active instance(s), Avg CPU: 1.73%, Avg App MEM: 13.04 MB
[Autoscaler] Condition for SCALE_DOWN met (Avg CPU: 1.73%), but already at MIN_INSTANCES (1). No action.
[DEBUG Orchestrator] Iteration Start. Instances Before Injector Logic: 1, Attack Started Flag: False, Normal Traffic Started Flag: True
[DEBUG Orchestrator] URLs derived for injector (if active): ['http://localhost:8080']
[Orchestrator] Starting Normal Traffic (if not already active). Target URLs for this call: ['http://localhost:8080']
[Normal_Injector] Normal traffic already in progress. Call stop_http_traffic() first.
[DEGUG Orchestrator Loop Duration] Loop Duration = 466175.61899953
[Sniffer] Label set to: benign

--- Iteration 8 | Time: 35.0s / 180s ---
[Orchestrator]RTT = 1.8116368597839028
[Orchestrator] Metrics: 1 active instance(s), Avg CPU: 1.63%, Avg App MEM: 13.13 MB
[Autoscaler] Condition for SCALE_DOWN met (Avg CPU: 1.63%), but already at MIN_INSTANCES (1). No action.
[DEBUG Orchestrator] Iteration Start. Instances Before Injector Logic: 1, Attack Started Flag: False, Normal Traffic Started Flag: True
[DEBUG Orchestrator] URLs derived for injector (if active): ['http://localhost:8080']
[Orchestrator] Starting Normal Traffic (if not already active). Target URLs for this call: ['http://localhost:8080']
[Normal_Injector] Normal traffic already in progress. Call stop_http_traffic() first.
[DEGUG Orchestrator Loop Duration] Loop Duration = 466180.61899953
[Sniffer] Label set to: benign

--- Iteration 9 | Time: 40.0s / 180s ---
[Orchestrator]RTT = 2.30126133461417
[Orchestrator] Metrics: 1 active instance(s), Avg CPU: 1.82%, Avg App MEM: 13.04 MB
[Autoscaler] Condition for SCALE_DOWN met (Avg CPU: 1.82%), but already at MIN_INSTANCES (1). No action.
[DEBUG Orchestrator] Iteration Start. Instances Before Injector Logic: 1, Attack Started Flag: False, Normal Traffic Started Flag: True
[DEBUG Orchestrator] URLs derived for injector (if active): ['http://localhost:8080']
[Orchestrator] Starting Normal Traffic (if not already active). Target URLs for this call: ['http://localhost:8080']
[Normal_Injector] Normal traffic already in progress. Call stop_http_traffic() first.
[DEGUG Orchestrator Loop Duration] Loop Duration = 466185.61899953
[Sniffer] Label set to: benign

--- Iteration 10 | Time: 45.0s / 180s ---
[Orchestrator]RTT = 1.8697942562756085
[Orchestrator] Metrics: 1 active instance(s), Avg CPU: 1.61%, Avg App MEM: 13.09 MB
[Autoscaler] Condition for SCALE_DOWN met (Avg CPU: 1.61%), but already at MIN_INSTANCES (1). No action.
[DEBUG Orchestrator] Iteration Start. Instances Before Injector Logic: 1, Attack Started Flag: False, Normal Traffic Started Flag: True
[DEBUG Orchestrator] URLs derived for injector (if active): ['http://localhost:8080']
[Orchestrator] Starting Normal Traffic (if not already active). Target URLs for this call: ['http://localhost:8080']
[Normal_Injector] Normal traffic already in progress. Call stop_http_traffic() first.
[DEGUG Orchestrator Loop Duration] Loop Duration = 466190.61899953
[Sniffer] Label set to: benign

--- Iteration 11 | Time: 50.0s / 180s ---
[Orchestrator]RTT = 2.0436665883566114
[Orchestrator] Metrics: 1 active instance(s), Avg CPU: 1.20%, Avg App MEM: 13.08 MB
[Autoscaler] Condition for SCALE_DOWN met (Avg CPU: 1.20%), but already at MIN_INSTANCES (1). No action.
[DEBUG Orchestrator] Iteration Start. Instances Before Injector Logic: 1, Attack Started Flag: False, Normal Traffic Started Flag: True
[DEBUG Orchestrator] URLs derived for injector (if active): ['http://localhost:8080']
[Orchestrator] Starting Normal Traffic (if not already active). Target URLs for this call: ['http://localhost:8080']
[Normal_Injector] Normal traffic already in progress. Call stop_http_traffic() first.
[DEGUG Orchestrator Loop Duration] Loop Duration = 466195.61899953
[Sniffer] Label set to: benign

--- Iteration 12 | Time: 55.0s / 180s ---
[Orchestrator]RTT = 1.971204150968588
[Orchestrator] Metrics: 1 active instance(s), Avg CPU: 1.77%, Avg App MEM: 13.07 MB
[Autoscaler] Condition for SCALE_DOWN met (Avg CPU: 1.77%), but already at MIN_INSTANCES (1). No action.
[DEBUG Orchestrator] Iteration Start. Instances Before Injector Logic: 1, Attack Started Flag: False, Normal Traffic Started Flag: True
[DEBUG Orchestrator] URLs derived for injector (if active): ['http://localhost:8080']
[Orchestrator] Starting Normal Traffic (if not already active). Target URLs for this call: ['http://localhost:8080']
[Normal_Injector] Normal traffic already in progress. Call stop_http_traffic() first.
[DEGUG Orchestrator Loop Duration] Loop Duration = 466200.61899953
[Sniffer] Label set to: benign

--- Iteration 13 | Time: 60.0s / 180s ---
[Orchestrator]RTT = 1.8332548847544299
[Orchestrator] Metrics: 1 active instance(s), Avg CPU: 1.66%, Avg App MEM: 13.14 MB
[Autoscaler] Condition for SCALE_DOWN met (Avg CPU: 1.66%), but already at MIN_INSTANCES (1). No action.
[DEBUG Orchestrator] Iteration Start. Instances Before Injector Logic: 1, Attack Started Flag: False, Normal Traffic Started Flag: True
[DEBUG Orchestrator] URLs derived for injector (if active): ['http://localhost:8080']
[Orchestrator] Starting Normal Traffic (if not already active). Target URLs for this call: ['http://localhost:8080']
[Normal_Injector] Normal traffic already in progress. Call stop_http_traffic() first.
[DEGUG Orchestrator Loop Duration] Loop Duration = 466205.61899953
[Sniffer] Label set to: benign

--- Iteration 14 | Time: 65.0s / 180s ---
[Orchestrator]RTT = 2.3573944428270415
[Orchestrator] Metrics: 1 active instance(s), Avg CPU: 1.80%, Avg App MEM: 13.09 MB
[Autoscaler] Condition for SCALE_DOWN met (Avg CPU: 1.80%), but already at MIN_INSTANCES (1). No action.
[DEBUG Orchestrator] Iteration Start. Instances Before Injector Logic: 1, Attack Started Flag: False, Normal Traffic Started Flag: True
[DEBUG Orchestrator] URLs derived for injector (if active): ['http://localhost:8080']
[Orchestrator] Starting Normal Traffic (if not already active). Target URLs for this call: ['http://localhost:8080']
[Normal_Injector] Normal traffic already in progress. Call stop_http_traffic() first.
[DEGUG Orchestrator Loop Duration] Loop Duration = 466210.61899953
[Sniffer] Label set to: benign

--- Iteration 15 | Time: 70.0s / 180s ---
[Orchestrator]RTT = 1.8528310871867386
[Orchestrator] Metrics: 1 active instance(s), Avg CPU: 1.82%, Avg App MEM: 13.05 MB
[Autoscaler] Condition for SCALE_DOWN met (Avg CPU: 1.82%), but already at MIN_INSTANCES (1). No action.
[DEBUG Orchestrator] Iteration Start. Instances Before Injector Logic: 1, Attack Started Flag: False, Normal Traffic Started Flag: True
[DEBUG Orchestrator] URLs derived for injector (if active): ['http://localhost:8080']
[Orchestrator] Starting Normal Traffic (if not already active). Target URLs for this call: ['http://localhost:8080']
[Normal_Injector] Normal traffic already in progress. Call stop_http_traffic() first.
[DEGUG Orchestrator Loop Duration] Loop Duration = 466215.61899953
[Sniffer] Label set to: benign

--- Iteration 16 | Time: 75.0s / 180s ---
[Orchestrator]RTT = 2.169411421742883
[Orchestrator] Metrics: 1 active instance(s), Avg CPU: 1.40%, Avg App MEM: 13.10 MB
[Autoscaler] Condition for SCALE_DOWN met (Avg CPU: 1.40%), but already at MIN_INSTANCES (1). No action.
[DEBUG Orchestrator] Iteration Start. Instances Before Injector Logic: 1, Attack Started Flag: False, Normal Traffic Started Flag: True
[DEBUG Orchestrator] URLs derived for injector (if active): ['http://localhost:8080']
[Orchestrator] Starting Normal Traffic (if not already active). Target URLs for this call: ['http://localhost:8080']
[Normal_Injector] Normal traffic already in progress. Call stop_http_traffic() first.
[DEGUG Orchestrator Loop Duration] Loop Duration = 466220.61899953
[Sniffer] Label set to: benign

--- Iteration 17 | Time: 80.0s / 180s ---
[Orchestrator]RTT = 2.0119493527870094
[Orchestrator] Metrics: 1 active instance(s), Avg CPU: 1.58%, Avg App MEM: 13.04 MB
[Autoscaler] Condition for SCALE_DOWN met (Avg CPU: 1.58%), but already at MIN_INSTANCES (1). No action.
[DEBUG Orchestrator] Iteration Start. Instances Before Injector Logic: 1, Attack Started Flag: False, Normal Traffic Started Flag: True
[DEBUG Orchestrator] URLs derived for injector (if active): ['http://localhost:8080']
[Orchestrator] Starting Normal Traffic (if not already active). Target URLs for this call: ['http://localhost:8080']
[Normal_Injector] Normal traffic already in progress. Call stop_http_traffic() first.
[DEGUG Orchestrator Loop Duration] Loop Duration = 466225.61899953
[Sniffer] Label set to: benign

--- Iteration 18 | Time: 85.0s / 180s ---
[Orchestrator]RTT = 2.0310159451157332
[Orchestrator] Metrics: 1 active instance(s), Avg CPU: 2.48%, Avg App MEM: 13.10 MB
[Autoscaler] Condition for SCALE_DOWN met (Avg CPU: 2.48%), but already at MIN_INSTANCES (1). No action.
[DEBUG Orchestrator] Iteration Start. Instances Before Injector Logic: 1, Attack Started Flag: False, Normal Traffic Started Flag: True
[DEBUG Orchestrator] URLs derived for injector (if active): ['http://localhost:8080']
[Orchestrator] Starting Normal Traffic (if not already active). Target URLs for this call: ['http://localhost:8080']
[Normal_Injector] Normal traffic already in progress. Call stop_http_traffic() first.
[DEGUG Orchestrator Loop Duration] Loop Duration = 466230.61899953
[Sniffer] Label set to: benign

--- Iteration 19 | Time: 90.0s / 180s ---
[Orchestrator]RTT = 2.3610040678509643
[Orchestrator] Metrics: 1 active instance(s), Avg CPU: 1.90%, Avg App MEM: 13.12 MB
[Autoscaler] Condition for SCALE_DOWN met (Avg CPU: 1.90%), but already at MIN_INSTANCES (1). No action.
[DEBUG Orchestrator] Iteration Start. Instances Before Injector Logic: 1, Attack Started Flag: False, Normal Traffic Started Flag: True
[DEBUG Orchestrator] URLs derived for injector (if active): ['http://localhost:8080']
[Orchestrator] Starting Normal Traffic (if not already active). Target URLs for this call: ['http://localhost:8080']
[Normal_Injector] Normal traffic already in progress. Call stop_http_traffic() first.
[DEGUG Orchestrator Loop Duration] Loop Duration = 466235.61899953
[Sniffer] Label set to: benign

--- Iteration 20 | Time: 95.0s / 180s ---
[Orchestrator]RTT = 1.7893414478749037
[Orchestrator] Metrics: 1 active instance(s), Avg CPU: 1.67%, Avg App MEM: 13.11 MB
[Autoscaler] Condition for SCALE_DOWN met (Avg CPU: 1.67%), but already at MIN_INSTANCES (1). No action.
[DEBUG Orchestrator] Iteration Start. Instances Before Injector Logic: 1, Attack Started Flag: False, Normal Traffic Started Flag: True
[DEBUG Orchestrator] URLs derived for injector (if active): ['http://localhost:8080']
[Orchestrator] Starting Normal Traffic (if not already active). Target URLs for this call: ['http://localhost:8080']
[Normal_Injector] Normal traffic already in progress. Call stop_http_traffic() first.
[DEGUG Orchestrator Loop Duration] Loop Duration = 466240.61899953
[Sniffer] Label set to: benign

--- Iteration 21 | Time: 100.0s / 180s ---
[Orchestrator]RTT = 2.3019170176292607
[Orchestrator] Metrics: 1 active instance(s), Avg CPU: 2.01%, Avg App MEM: 13.10 MB
[Autoscaler] Condition for SCALE_DOWN met (Avg CPU: 2.01%), but already at MIN_INSTANCES (1). No action.
[DEBUG Orchestrator] Iteration Start. Instances Before Injector Logic: 1, Attack Started Flag: False, Normal Traffic Started Flag: True
[DEBUG Orchestrator] URLs derived for injector (if active): ['http://localhost:8080']
[Orchestrator] Starting Normal Traffic (if not already active). Target URLs for this call: ['http://localhost:8080']
[Normal_Injector] Normal traffic already in progress. Call stop_http_traffic() first.
[DEGUG Orchestrator Loop Duration] Loop Duration = 466245.61899953
[Sniffer] Label set to: benign

--- Iteration 22 | Time: 105.0s / 180s ---
[Orchestrator]RTT = 1.728463001199998
[Orchestrator] Metrics: 1 active instance(s), Avg CPU: 1.43%, Avg App MEM: 13.09 MB
[Autoscaler] Condition for SCALE_DOWN met (Avg CPU: 1.43%), but already at MIN_INSTANCES (1). No action.
[DEBUG Orchestrator] Iteration Start. Instances Before Injector Logic: 1, Attack Started Flag: False, Normal Traffic Started Flag: True
[DEBUG Orchestrator] URLs derived for injector (if active): ['http://localhost:8080']
[Orchestrator] Starting Normal Traffic (if not already active). Target URLs for this call: ['http://localhost:8080']
[Normal_Injector] Normal traffic already in progress. Call stop_http_traffic() first.
[DEGUG Orchestrator Loop Duration] Loop Duration = 466250.61899953
[Sniffer] Label set to: benign

--- Iteration 23 | Time: 110.0s / 180s ---
[Orchestrator]RTT = 2.8544134693220258
[Orchestrator] Metrics: 1 active instance(s), Avg CPU: 2.33%, Avg App MEM: 13.15 MB
[Autoscaler] Condition for SCALE_DOWN met (Avg CPU: 2.33%), but already at MIN_INSTANCES (1). No action.
[DEBUG Orchestrator] Iteration Start. Instances Before Injector Logic: 1, Attack Started Flag: False, Normal Traffic Started Flag: True
[DEBUG Orchestrator] URLs derived for injector (if active): ['http://localhost:8080']
[Orchestrator] Starting Normal Traffic (if not already active). Target URLs for this call: ['http://localhost:8080']
[Normal_Injector] Normal traffic already in progress. Call stop_http_traffic() first.
[DEGUG Orchestrator Loop Duration] Loop Duration = 466255.61899953
[Sniffer] Label set to: benign

--- Iteration 24 | Time: 115.0s / 180s ---
[Orchestrator]RTT = 1.9112801242988768
[Orchestrator] Metrics: 1 active instance(s), Avg CPU: 2.22%, Avg App MEM: 13.10 MB
[Autoscaler] Condition for SCALE_DOWN met (Avg CPU: 2.22%), but already at MIN_INSTANCES (1). No action.
[DEBUG Orchestrator] Iteration Start. Instances Before Injector Logic: 1, Attack Started Flag: False, Normal Traffic Started Flag: True
[DEBUG Orchestrator] URLs derived for injector (if active): ['http://localhost:8080']
[Orchestrator] Starting Normal Traffic (if not already active). Target URLs for this call: ['http://localhost:8080']
[Normal_Injector] Normal traffic already in progress. Call stop_http_traffic() first.
[DEGUG Orchestrator Loop Duration] Loop Duration = 466260.61899953
[Sniffer] Label set to: benign

--- Iteration 25 | Time: 120.0s / 180s ---
[Orchestrator]RTT = 2.706883700103363
[Orchestrator] Metrics: 1 active instance(s), Avg CPU: 1.30%, Avg App MEM: 13.12 MB
[Autoscaler] Condition for SCALE_DOWN met (Avg CPU: 1.30%), but already at MIN_INSTANCES (1). No action.
[DEBUG Orchestrator] Iteration Start. Instances Before Injector Logic: 1, Attack Started Flag: False, Normal Traffic Started Flag: True
[DEBUG Orchestrator] URLs derived for injector (if active): ['http://localhost:8080']
[Orchestrator] Starting Normal Traffic (if not already active). Target URLs for this call: ['http://localhost:8080']
[Normal_Injector] Normal traffic already in progress. Call stop_http_traffic() first.
[DEGUG Orchestrator Loop Duration] Loop Duration = 466265.61899953
[Sniffer] Label set to: benign

--- Iteration 26 | Time: 125.0s / 180s ---
[Orchestrator]RTT = 2.0601629974445346
[Orchestrator] Metrics: 1 active instance(s), Avg CPU: 1.83%, Avg App MEM: 13.10 MB
[Autoscaler] Condition for SCALE_DOWN met (Avg CPU: 1.83%), but already at MIN_INSTANCES (1). No action.
[DEBUG Orchestrator] Iteration Start. Instances Before Injector Logic: 1, Attack Started Flag: False, Normal Traffic Started Flag: True
[DEBUG Orchestrator] URLs derived for injector (if active): ['http://localhost:8080']
[Orchestrator] Starting Normal Traffic (if not already active). Target URLs for this call: ['http://localhost:8080']
[Normal_Injector] Normal traffic already in progress. Call stop_http_traffic() first.
[DEGUG Orchestrator Loop Duration] Loop Duration = 466270.61899953
[Sniffer] Label set to: benign

--- Iteration 27 | Time: 130.0s / 180s ---
[Orchestrator]RTT = 1.9095084426226094
[Orchestrator] Metrics: 1 active instance(s), Avg CPU: 1.27%, Avg App MEM: 13.14 MB
[Autoscaler] Condition for SCALE_DOWN met (Avg CPU: 1.27%), but already at MIN_INSTANCES (1). No action.
[DEBUG Orchestrator] Iteration Start. Instances Before Injector Logic: 1, Attack Started Flag: False, Normal Traffic Started Flag: True
[DEBUG Orchestrator] URLs derived for injector (if active): ['http://localhost:8080']
[Orchestrator] Starting Normal Traffic (if not already active). Target URLs for this call: ['http://localhost:8080']
[Normal_Injector] Normal traffic already in progress. Call stop_http_traffic() first.
[DEGUG Orchestrator Loop Duration] Loop Duration = 466275.61899953
[Sniffer] Label set to: benign

--- Iteration 28 | Time: 135.0s / 180s ---
[Orchestrator]RTT = 2.6865392081582775
[Orchestrator] Metrics: 1 active instance(s), Avg CPU: 2.56%, Avg App MEM: 13.21 MB
[Autoscaler] Condition for SCALE_DOWN met (Avg CPU: 2.56%), but already at MIN_INSTANCES (1). No action.
[DEBUG Orchestrator] Iteration Start. Instances Before Injector Logic: 1, Attack Started Flag: False, Normal Traffic Started Flag: True
[DEBUG Orchestrator] URLs derived for injector (if active): ['http://localhost:8080']
[Orchestrator] Starting Normal Traffic (if not already active). Target URLs for this call: ['http://localhost:8080']
[Normal_Injector] Normal traffic already in progress. Call stop_http_traffic() first.
[DEGUG Orchestrator Loop Duration] Loop Duration = 466280.61899953
[Sniffer] Label set to: benign

--- Iteration 29 | Time: 140.0s / 180s ---
[Orchestrator]RTT = 1.7189688272386168
[Orchestrator] Metrics: 1 active instance(s), Avg CPU: 1.72%, Avg App MEM: 13.18 MB
[Autoscaler] Condition for SCALE_DOWN met (Avg CPU: 1.72%), but already at MIN_INSTANCES (1). No action.
[DEBUG Orchestrator] Iteration Start. Instances Before Injector Logic: 1, Attack Started Flag: False, Normal Traffic Started Flag: True
[DEBUG Orchestrator] URLs derived for injector (if active): ['http://localhost:8080']
[Orchestrator] Starting Normal Traffic (if not already active). Target URLs for this call: ['http://localhost:8080']
[Normal_Injector] Normal traffic already in progress. Call stop_http_traffic() first.
[DEGUG Orchestrator Loop Duration] Loop Duration = 466285.61899953
[Sniffer] Label set to: benign

--- Iteration 30 | Time: 145.0s / 180s ---
[Orchestrator]RTT = 2.955563498758956
[Orchestrator] Metrics: 1 active instance(s), Avg CPU: 2.07%, Avg App MEM: 13.15 MB
[Autoscaler] Condition for SCALE_DOWN met (Avg CPU: 2.07%), but already at MIN_INSTANCES (1). No action.
[DEBUG Orchestrator] Iteration Start. Instances Before Injector Logic: 1, Attack Started Flag: False, Normal Traffic Started Flag: True
[DEBUG Orchestrator] URLs derived for injector (if active): ['http://localhost:8080']
[Orchestrator] Starting Normal Traffic (if not already active). Target URLs for this call: ['http://localhost:8080']
[Normal_Injector] Normal traffic already in progress. Call stop_http_traffic() first.
[DEGUG Orchestrator Loop Duration] Loop Duration = 466290.61899953
[Sniffer] Label set to: benign

--- Iteration 31 | Time: 150.0s / 180s ---
[Orchestrator]RTT = 1.8970709203915925
[Orchestrator] Metrics: 1 active instance(s), Avg CPU: 1.46%, Avg App MEM: 13.14 MB
[Autoscaler] Condition for SCALE_DOWN met (Avg CPU: 1.46%), but already at MIN_INSTANCES (1). No action.
[DEBUG Orchestrator] Iteration Start. Instances Before Injector Logic: 1, Attack Started Flag: False, Normal Traffic Started Flag: True
[DEBUG Orchestrator] URLs derived for injector (if active): ['http://localhost:8080']
[Orchestrator] Starting Normal Traffic (if not already active). Target URLs for this call: ['http://localhost:8080']
[Normal_Injector] Normal traffic already in progress. Call stop_http_traffic() first.
[DEGUG Orchestrator Loop Duration] Loop Duration = 466295.61899953
[Sniffer] Label set to: benign

--- Iteration 32 | Time: 155.0s / 180s ---
[Orchestrator]RTT = 2.483783270624216
[Orchestrator] Metrics: 1 active instance(s), Avg CPU: 1.73%, Avg App MEM: 13.20 MB
[Autoscaler] Condition for SCALE_DOWN met (Avg CPU: 1.73%), but already at MIN_INSTANCES (1). No action.
[DEBUG Orchestrator] Iteration Start. Instances Before Injector Logic: 1, Attack Started Flag: False, Normal Traffic Started Flag: True
[DEBUG Orchestrator] URLs derived for injector (if active): ['http://localhost:8080']
[Orchestrator] Starting Normal Traffic (if not already active). Target URLs for this call: ['http://localhost:8080']
[Normal_Injector] Normal traffic already in progress. Call stop_http_traffic() first.
[DEGUG Orchestrator Loop Duration] Loop Duration = 466300.61899953
[Sniffer] Label set to: benign

--- Iteration 33 | Time: 160.0s / 180s ---
[Orchestrator]RTT = 1.919940129785876
[Orchestrator] Metrics: 1 active instance(s), Avg CPU: 1.66%, Avg App MEM: 13.15 MB
[Autoscaler] Condition for SCALE_DOWN met (Avg CPU: 1.66%), but already at MIN_INSTANCES (1). No action.
[DEBUG Orchestrator] Iteration Start. Instances Before Injector Logic: 1, Attack Started Flag: False, Normal Traffic Started Flag: True
[DEBUG Orchestrator] URLs derived for injector (if active): ['http://localhost:8080']
[Orchestrator] Starting Normal Traffic (if not already active). Target URLs for this call: ['http://localhost:8080']
[Normal_Injector] Normal traffic already in progress. Call stop_http_traffic() first.
[DEGUG Orchestrator Loop Duration] Loop Duration = 466305.61899953
[Sniffer] Label set to: benign

--- Iteration 34 | Time: 165.0s / 180s ---
[Orchestrator]RTT = 1.8303645077233748
[Orchestrator] Metrics: 1 active instance(s), Avg CPU: 1.79%, Avg App MEM: 13.12 MB
[Autoscaler] Condition for SCALE_DOWN met (Avg CPU: 1.79%), but already at MIN_INSTANCES (1). No action.
[DEBUG Orchestrator] Iteration Start. Instances Before Injector Logic: 1, Attack Started Flag: False, Normal Traffic Started Flag: True
[DEBUG Orchestrator] URLs derived for injector (if active): ['http://localhost:8080']
[Orchestrator] Starting Normal Traffic (if not already active). Target URLs for this call: ['http://localhost:8080']
[Normal_Injector] Normal traffic already in progress. Call stop_http_traffic() first.
[DEGUG Orchestrator Loop Duration] Loop Duration = 466310.61899953
[Sniffer] Label set to: benign

--- Iteration 35 | Time: 170.0s / 180s ---
[Orchestrator]RTT = 2.499305142555386
[Orchestrator] Metrics: 1 active instance(s), Avg CPU: 2.37%, Avg App MEM: 13.18 MB
[Autoscaler] Condition for SCALE_DOWN met (Avg CPU: 2.37%), but already at MIN_INSTANCES (1). No action.
[DEBUG Orchestrator] Iteration Start. Instances Before Injector Logic: 1, Attack Started Flag: False, Normal Traffic Started Flag: True
[DEBUG Orchestrator] URLs derived for injector (if active): ['http://localhost:8080']
[Orchestrator] Starting Normal Traffic (if not already active). Target URLs for this call: ['http://localhost:8080']
[Normal_Injector] Normal traffic already in progress. Call stop_http_traffic() first.
[DEGUG Orchestrator Loop Duration] Loop Duration = 466315.61899953
[Sniffer] Label set to: benign

--- Iteration 36 | Time: 175.0s / 180s ---
[Orchestrator]RTT = 1.7025526897105876
[Orchestrator] Metrics: 1 active instance(s), Avg CPU: 1.58%, Avg App MEM: 13.14 MB
[Autoscaler] Condition for SCALE_DOWN met (Avg CPU: 1.58%), but already at MIN_INSTANCES (1). No action.
[DEBUG Orchestrator] Iteration Start. Instances Before Injector Logic: 1, Attack Started Flag: False, Normal Traffic Started Flag: True
[DEBUG Orchestrator] URLs derived for injector (if active): ['http://localhost:8080']
[Orchestrator] Starting Normal Traffic (if not already active). Target URLs for this call: ['http://localhost:8080']
[Normal_Injector] Normal traffic already in progress. Call stop_http_traffic() first.
[DEGUG Orchestrator Loop Duration] Loop Duration = 466320.61899953

[Orchestrator] Simulation duration reached.
[Orchestrator] Saving RTT log...
[Sniffer] Realtime tcpdump stopped.
[Orchestrator] Stopping normal traffic...
[Normal_Injector] Signaling workers to stop...
  [Normal_Injector Worker 139782982194880] Stopped. Total requests: 933, Errors: 0
  [Normal_Injector Worker 139783077320384] Stopped. Total requests: 861, Errors: 0
  [Normal_Injector Worker 139782965409472] Stopped. Total requests: 944, Errors: 0
  [Normal_Injector Worker 139782990587584] Stopped. Total requests: 864, Errors: 0
[Normal_Injector] Stop signal sent (non-blocking).
[Orchestrator] Cleaning up all simulation instances...
Cleaning up all simulation instances...
Stopping and removing container: target_instance_1 (655d69988a)...
  Container target_instance_1 removed.
Simulation instance cleanup complete.
[Stats_Collector] Stopping stats collector thread...
[Orchestrator] Simulation Complete. Total Fictional Cost: $0.0010
[Orchestrator] Metrics logged in: simulation_metrics.csv

===== [2/8] normal isolado agg40_WU10_rep1 (rps/cliente=10.0) =====
Simulation duration set to: 180
Attack duration set to: 0
Normal traffic RPS per client set to: 10.0
Normal traffic number of clients set to: 4
Normal traffic work units set to: 10
[Orchestrator] Initializing simulation environment...
[Sniffer] Realtime tcpdump started on any
[Sniffer] Label set to: benign
[Autoscaler] Initialized.
Attempting to build Docker image: edos_target_app:latest...
Image edos_target_app:latest already exists. Skipping build.
Docker network 'edos_network' already exists.
[Orchestrator] Cleaning up any pre-existing simulation instances...
Cleaning up all simulation instances...
No simulation instances found to clean up.
[Orchestrator] Starting initial 1 instance(s)...
Attempting to start container target_instance_1 mapping container:80 to host:8080...
Container 110d5ab646 (target_instance_1) started. Accessible on host port 8080.
[Autoscaler] Initial number of instances set to: 1
[Orchestrator] 1 initial instance(s) running.
[Orchestrator] Metrics will be logged to: simulation_metrics.csv
[Orchestrator] Attack summary will be logged to: attack_summary_log.csv
[Orchestrator] Normal traffic summary will be logged to: normal_traffic_summary_log.csv
[Orchestrator] Starting simulation main loop for 180 seconds.
[Orchestrator] Monitoring interval: 5s. Cooldown: 20s.
[Orchestrator] CPU Thresholds: Scale Up > 60.0%, Scale Down < 25.0%
[Orchestrator] No traffic injection scheduled (ATTACK_DURATION_SECONDS is 0 or less).
[Sniffer] Label set to: benign

--- Iteration 1 | Time: 0.0s / 180s ---
[Orchestrator]RTT = 0.0
[Orchestrator] Metrics: 1 active instance(s), Avg CPU: 0.00%, Avg App MEM: 0.00 MB
[Autoscaler] Condition for SCALE_DOWN met (Avg CPU: 0.00%), but already at MIN_INSTANCES (1). No action.
[DEBUG Orchestrator] Iteration Start. Instances Before Injector Logic: 1, Attack Started Flag: False, Normal Traffic Started Flag: False
[DEBUG Orchestrator] URLs derived for injector (if active): ['http://localhost:8080']
[Orchestrator] Starting Normal Traffic (if not already active). Target URLs for this call: ['http://localhost:8080']
[LoadBalancer:Normal] Alvos atualizados: ['http://localhost:8080']
[Normal_Injector] Starting HTTP flood with 4 attackers, ~40.0 RPS total, across 1 targets: http://localhost:8080
  [Normal_Injector Worker 140290811250368] Started. RPS: 10.00, Mean interval: 0.1000s (Poisson)
  [Normal_Injector Worker 140290794464960] Started. RPS: 10.00, Mean interval: 0.1000s (Poisson)
  [Normal_Injector Worker 140290786072256] Started. RPS: 10.00, Mean interval: 0.1000s (Poisson)
  [Normal_Injector Worker 140290769270464] Started. RPS: 10.00, Mean interval: 0.1000s (Poisson)
[Normal_Injector] All 4 attacker threads launched.
[DEGUG Orchestrator Loop Duration] Loop Duration = 466329.348183441
[Sniffer] Label set to: benign

--- Iteration 2 | Time: 5.0s / 180s ---
[Orchestrator]RTT = 1.9633498839495411
[Orchestrator] Metrics: 1 active instance(s), Avg CPU: 2.89%, Avg App MEM: 11.10 MB
[Autoscaler] Condition for SCALE_DOWN met (Avg CPU: 2.89%), but already at MIN_INSTANCES (1). No action.
[DEBUG Orchestrator] Iteration Start. Instances Before Injector Logic: 1, Attack Started Flag: False, Normal Traffic Started Flag: True
[DEBUG Orchestrator] URLs derived for injector (if active): ['http://localhost:8080']
[Orchestrator] Starting Normal Traffic (if not already active). Target URLs for this call: ['http://localhost:8080']
[Normal_Injector] Normal traffic already in progress. Call stop_http_traffic() first.
[DEGUG Orchestrator Loop Duration] Loop Duration = 466334.348183441
[Sniffer] Label set to: benign

--- Iteration 3 | Time: 10.0s / 180s ---
[Orchestrator]RTT = 2.2080822387639594
[Orchestrator] Metrics: 1 active instance(s), Avg CPU: 4.25%, Avg App MEM: 11.14 MB
[Autoscaler] Condition for SCALE_DOWN met (Avg CPU: 4.25%), but already at MIN_INSTANCES (1). No action.
[DEBUG Orchestrator] Iteration Start. Instances Before Injector Logic: 1, Attack Started Flag: False, Normal Traffic Started Flag: True
[DEBUG Orchestrator] URLs derived for injector (if active): ['http://localhost:8080']
[Orchestrator] Starting Normal Traffic (if not already active). Target URLs for this call: ['http://localhost:8080']
[Normal_Injector] Normal traffic already in progress. Call stop_http_traffic() first.
[DEGUG Orchestrator Loop Duration] Loop Duration = 466339.348183441
[Sniffer] Label set to: benign

--- Iteration 4 | Time: 15.0s / 180s ---
[Orchestrator]RTT = 1.7354684675107517
[Orchestrator] Metrics: 1 active instance(s), Avg CPU: 2.89%, Avg App MEM: 11.08 MB
[Autoscaler] Condition for SCALE_DOWN met (Avg CPU: 2.89%), but already at MIN_INSTANCES (1). No action.
[DEBUG Orchestrator] Iteration Start. Instances Before Injector Logic: 1, Attack Started Flag: False, Normal Traffic Started Flag: True
[DEBUG Orchestrator] URLs derived for injector (if active): ['http://localhost:8080']
[Orchestrator] Starting Normal Traffic (if not already active). Target URLs for this call: ['http://localhost:8080']
[Normal_Injector] Normal traffic already in progress. Call stop_http_traffic() first.
[DEGUG Orchestrator Loop Duration] Loop Duration = 466344.348183441
[Sniffer] Label set to: benign

--- Iteration 5 | Time: 20.0s / 180s ---
[Orchestrator]RTT = 2.588022654568643
[Orchestrator] Metrics: 1 active instance(s), Avg CPU: 4.20%, Avg App MEM: 11.12 MB
[Autoscaler] Condition for SCALE_DOWN met (Avg CPU: 4.20%), but already at MIN_INSTANCES (1). No action.
[DEBUG Orchestrator] Iteration Start. Instances Before Injector Logic: 1, Attack Started Flag: False, Normal Traffic Started Flag: True
[DEBUG Orchestrator] URLs derived for injector (if active): ['http://localhost:8080']
[Orchestrator] Starting Normal Traffic (if not already active). Target URLs for this call: ['http://localhost:8080']
[Normal_Injector] Normal traffic already in progress. Call stop_http_traffic() first.
[DEGUG Orchestrator Loop Duration] Loop Duration = 466349.348183441
[Sniffer] Label set to: benign

--- Iteration 6 | Time: 25.0s / 180s ---
[Orchestrator]RTT = 2.0151078873035955
[Orchestrator] Metrics: 1 active instance(s), Avg CPU: 3.13%, Avg App MEM: 11.13 MB
[Autoscaler] Condition for SCALE_DOWN met (Avg CPU: 3.13%), but already at MIN_INSTANCES (1). No action.
[DEBUG Orchestrator] Iteration Start. Instances Before Injector Logic: 1, Attack Started Flag: False, Normal Traffic Started Flag: True
[DEBUG Orchestrator] URLs derived for injector (if active): ['http://localhost:8080']
[Orchestrator] Starting Normal Traffic (if not already active). Target URLs for this call: ['http://localhost:8080']
[Normal_Injector] Normal traffic already in progress. Call stop_http_traffic() first.
[DEGUG Orchestrator Loop Duration] Loop Duration = 466354.348183441
[Sniffer] Label set to: benign

--- Iteration 7 | Time: 30.0s / 180s ---
[Orchestrator]RTT = 2.0023585258362195
[Orchestrator] Metrics: 1 active instance(s), Avg CPU: 3.12%, Avg App MEM: 10.97 MB
[Autoscaler] Condition for SCALE_DOWN met (Avg CPU: 3.12%), but already at MIN_INSTANCES (1). No action.
[DEBUG Orchestrator] Iteration Start. Instances Before Injector Logic: 1, Attack Started Flag: False, Normal Traffic Started Flag: True
[DEBUG Orchestrator] URLs derived for injector (if active): ['http://localhost:8080']
[Orchestrator] Starting Normal Traffic (if not already active). Target URLs for this call: ['http://localhost:8080']
[Normal_Injector] Normal traffic already in progress. Call stop_http_traffic() first.
[DEGUG Orchestrator Loop Duration] Loop Duration = 466359.348183441
[Sniffer] Label set to: benign

--- Iteration 8 | Time: 35.0s / 180s ---
[Orchestrator]RTT = 1.9818401790030722
[Orchestrator] Metrics: 1 active instance(s), Avg CPU: 4.48%, Avg App MEM: 11.07 MB
[Autoscaler] Condition for SCALE_DOWN met (Avg CPU: 4.48%), but already at MIN_INSTANCES (1). No action.
[DEBUG Orchestrator] Iteration Start. Instances Before Injector Logic: 1, Attack Started Flag: False, Normal Traffic Started Flag: True
[DEBUG Orchestrator] URLs derived for injector (if active): ['http://localhost:8080']
[Orchestrator] Starting Normal Traffic (if not already active). Target URLs for this call: ['http://localhost:8080']
[Normal_Injector] Normal traffic already in progress. Call stop_http_traffic() first.
[DEGUG Orchestrator Loop Duration] Loop Duration = 466364.348183441
[Sniffer] Label set to: benign

--- Iteration 9 | Time: 40.0s / 180s ---
[Orchestrator]RTT = 1.764035818573598
[Orchestrator] Metrics: 1 active instance(s), Avg CPU: 3.00%, Avg App MEM: 11.03 MB
[Autoscaler] Condition for SCALE_DOWN met (Avg CPU: 3.00%), but already at MIN_INSTANCES (1). No action.
[DEBUG Orchestrator] Iteration Start. Instances Before Injector Logic: 1, Attack Started Flag: False, Normal Traffic Started Flag: True
[DEBUG Orchestrator] URLs derived for injector (if active): ['http://localhost:8080']
[Orchestrator] Starting Normal Traffic (if not already active). Target URLs for this call: ['http://localhost:8080']
[Normal_Injector] Normal traffic already in progress. Call stop_http_traffic() first.
[DEGUG Orchestrator Loop Duration] Loop Duration = 466369.348183441
[Sniffer] Label set to: benign

--- Iteration 10 | Time: 45.0s / 180s ---
[Orchestrator]RTT = 2.391615550608394
[Orchestrator] Metrics: 1 active instance(s), Avg CPU: 3.63%, Avg App MEM: 11.01 MB
[Autoscaler] Condition for SCALE_DOWN met (Avg CPU: 3.63%), but already at MIN_INSTANCES (1). No action.
[DEBUG Orchestrator] Iteration Start. Instances Before Injector Logic: 1, Attack Started Flag: False, Normal Traffic Started Flag: True
[DEBUG Orchestrator] URLs derived for injector (if active): ['http://localhost:8080']
[Orchestrator] Starting Normal Traffic (if not already active). Target URLs for this call: ['http://localhost:8080']
[Normal_Injector] Normal traffic already in progress. Call stop_http_traffic() first.
[DEGUG Orchestrator Loop Duration] Loop Duration = 466374.348183441
[Sniffer] Label set to: benign

--- Iteration 11 | Time: 50.0s / 180s ---
[Orchestrator]RTT = 1.7595569110570615
[Orchestrator] Metrics: 1 active instance(s), Avg CPU: 2.69%, Avg App MEM: 11.04 MB
[Autoscaler] Condition for SCALE_DOWN met (Avg CPU: 2.69%), but already at MIN_INSTANCES (1). No action.
[DEBUG Orchestrator] Iteration Start. Instances Before Injector Logic: 1, Attack Started Flag: False, Normal Traffic Started Flag: True
[DEBUG Orchestrator] URLs derived for injector (if active): ['http://localhost:8080']
[Orchestrator] Starting Normal Traffic (if not already active). Target URLs for this call: ['http://localhost:8080']
[Normal_Injector] Normal traffic already in progress. Call stop_http_traffic() first.
[DEGUG Orchestrator Loop Duration] Loop Duration = 466379.348183441
[Sniffer] Label set to: benign

--- Iteration 12 | Time: 55.0s / 180s ---
[Orchestrator]RTT = 2.6151597849093378
[Orchestrator] Metrics: 1 active instance(s), Avg CPU: 4.63%, Avg App MEM: 11.11 MB
[Autoscaler] Condition for SCALE_DOWN met (Avg CPU: 4.63%), but already at MIN_INSTANCES (1). No action.
[DEBUG Orchestrator] Iteration Start. Instances Before Injector Logic: 1, Attack Started Flag: False, Normal Traffic Started Flag: True
[DEBUG Orchestrator] URLs derived for injector (if active): ['http://localhost:8080']
[Orchestrator] Starting Normal Traffic (if not already active). Target URLs for this call: ['http://localhost:8080']
[Normal_Injector] Normal traffic already in progress. Call stop_http_traffic() first.
[DEGUG Orchestrator Loop Duration] Loop Duration = 466384.348183441
[Sniffer] Label set to: benign

--- Iteration 13 | Time: 60.0s / 180s ---
[Orchestrator]RTT = 1.911901796976214
[Orchestrator] Metrics: 1 active instance(s), Avg CPU: 4.02%, Avg App MEM: 11.07 MB
[Autoscaler] Condition for SCALE_DOWN met (Avg CPU: 4.02%), but already at MIN_INSTANCES (1). No action.
[DEBUG Orchestrator] Iteration Start. Instances Before Injector Logic: 1, Attack Started Flag: False, Normal Traffic Started Flag: True
[DEBUG Orchestrator] URLs derived for injector (if active): ['http://localhost:8080']
[Orchestrator] Starting Normal Traffic (if not already active). Target URLs for this call: ['http://localhost:8080']
[Normal_Injector] Normal traffic already in progress. Call stop_http_traffic() first.
[DEGUG Orchestrator Loop Duration] Loop Duration = 466389.348183441
[Sniffer] Label set to: benign

--- Iteration 14 | Time: 65.0s / 180s ---
[Orchestrator]RTT = 2.1179264043765094
[Orchestrator] Metrics: 1 active instance(s), Avg CPU: 4.17%, Avg App MEM: 11.06 MB
[Autoscaler] Condition for SCALE_DOWN met (Avg CPU: 4.17%), but already at MIN_INSTANCES (1). No action.
[DEBUG Orchestrator] Iteration Start. Instances Before Injector Logic: 1, Attack Started Flag: False, Normal Traffic Started Flag: True
[DEBUG Orchestrator] URLs derived for injector (if active): ['http://localhost:8080']
[Orchestrator] Starting Normal Traffic (if not already active). Target URLs for this call: ['http://localhost:8080']
[Normal_Injector] Normal traffic already in progress. Call stop_http_traffic() first.
[DEGUG Orchestrator Loop Duration] Loop Duration = 466394.348183441
[Sniffer] Label set to: benign

--- Iteration 15 | Time: 70.0s / 180s ---
[Orchestrator]RTT = 2.2674965081574103
[Orchestrator] Metrics: 1 active instance(s), Avg CPU: 4.11%, Avg App MEM: 11.01 MB
[Autoscaler] Condition for SCALE_DOWN met (Avg CPU: 4.11%), but already at MIN_INSTANCES (1). No action.
[DEBUG Orchestrator] Iteration Start. Instances Before Injector Logic: 1, Attack Started Flag: False, Normal Traffic Started Flag: True
[DEBUG Orchestrator] URLs derived for injector (if active): ['http://localhost:8080']
[Orchestrator] Starting Normal Traffic (if not already active). Target URLs for this call: ['http://localhost:8080']
[Normal_Injector] Normal traffic already in progress. Call stop_http_traffic() first.
[DEGUG Orchestrator Loop Duration] Loop Duration = 466399.348183441
[Sniffer] Label set to: benign

--- Iteration 16 | Time: 75.0s / 180s ---
[Orchestrator]RTT = 1.778484160222963
[Orchestrator] Metrics: 1 active instance(s), Avg CPU: 3.35%, Avg App MEM: 11.02 MB
[Autoscaler] Condition for SCALE_DOWN met (Avg CPU: 3.35%), but already at MIN_INSTANCES (1). No action.
[DEBUG Orchestrator] Iteration Start. Instances Before Injector Logic: 1, Attack Started Flag: False, Normal Traffic Started Flag: True
[DEBUG Orchestrator] URLs derived for injector (if active): ['http://localhost:8080']
[Orchestrator] Starting Normal Traffic (if not already active). Target URLs for this call: ['http://localhost:8080']
[Normal_Injector] Normal traffic already in progress. Call stop_http_traffic() first.
[DEGUG Orchestrator Loop Duration] Loop Duration = 466404.348183441
[Sniffer] Label set to: benign

--- Iteration 17 | Time: 80.0s / 180s ---
[Orchestrator]RTT = 2.322061993139754
[Orchestrator] Metrics: 1 active instance(s), Avg CPU: 4.82%, Avg App MEM: 11.06 MB
[Autoscaler] Condition for SCALE_DOWN met (Avg CPU: 4.82%), but already at MIN_INSTANCES (1). No action.
[DEBUG Orchestrator] Iteration Start. Instances Before Injector Logic: 1, Attack Started Flag: False, Normal Traffic Started Flag: True
[DEBUG Orchestrator] URLs derived for injector (if active): ['http://localhost:8080']
[Orchestrator] Starting Normal Traffic (if not already active). Target URLs for this call: ['http://localhost:8080']
[Normal_Injector] Normal traffic already in progress. Call stop_http_traffic() first.
[DEGUG Orchestrator Loop Duration] Loop Duration = 466409.348183441
[Sniffer] Label set to: benign

--- Iteration 18 | Time: 85.0s / 180s ---
[Orchestrator]RTT = 1.728944875851638
[Orchestrator] Metrics: 1 active instance(s), Avg CPU: 3.02%, Avg App MEM: 11.04 MB
[Autoscaler] Condition for SCALE_DOWN met (Avg CPU: 3.02%), but already at MIN_INSTANCES (1). No action.
[DEBUG Orchestrator] Iteration Start. Instances Before Injector Logic: 1, Attack Started Flag: False, Normal Traffic Started Flag: True
[DEBUG Orchestrator] URLs derived for injector (if active): ['http://localhost:8080']
[Orchestrator] Starting Normal Traffic (if not already active). Target URLs for this call: ['http://localhost:8080']
[Normal_Injector] Normal traffic already in progress. Call stop_http_traffic() first.
[DEGUG Orchestrator Loop Duration] Loop Duration = 466414.348183441
[Sniffer] Label set to: benign

--- Iteration 19 | Time: 90.0s / 180s ---
[Orchestrator]RTT = 2.636878240635902
[Orchestrator] Metrics: 1 active instance(s), Avg CPU: 3.46%, Avg App MEM: 11.11 MB
[Autoscaler] Condition for SCALE_DOWN met (Avg CPU: 3.46%), but already at MIN_INSTANCES (1). No action.
[DEBUG Orchestrator] Iteration Start. Instances Before Injector Logic: 1, Attack Started Flag: False, Normal Traffic Started Flag: True
[DEBUG Orchestrator] URLs derived for injector (if active): ['http://localhost:8080']
[Orchestrator] Starting Normal Traffic (if not already active). Target URLs for this call: ['http://localhost:8080']
[Normal_Injector] Normal traffic already in progress. Call stop_http_traffic() first.
[DEGUG Orchestrator Loop Duration] Loop Duration = 466419.348183441
[Sniffer] Label set to: benign

--- Iteration 20 | Time: 95.0s / 180s ---
[Orchestrator]RTT = 1.8300110247190022
[Orchestrator] Metrics: 1 active instance(s), Avg CPU: 3.31%, Avg App MEM: 11.03 MB
[Autoscaler] Condition for SCALE_DOWN met (Avg CPU: 3.31%), but already at MIN_INSTANCES (1). No action.
[DEBUG Orchestrator] Iteration Start. Instances Before Injector Logic: 1, Attack Started Flag: False, Normal Traffic Started Flag: True
[DEBUG Orchestrator] URLs derived for injector (if active): ['http://localhost:8080']
[Orchestrator] Starting Normal Traffic (if not already active). Target URLs for this call: ['http://localhost:8080']
[Normal_Injector] Normal traffic already in progress. Call stop_http_traffic() first.
[DEGUG Orchestrator Loop Duration] Loop Duration = 466424.348183441
[Sniffer] Label set to: benign

--- Iteration 21 | Time: 100.0s / 180s ---
[Orchestrator]RTT = 2.1942882449366152
[Orchestrator] Metrics: 1 active instance(s), Avg CPU: 2.96%, Avg App MEM: 11.07 MB
[Autoscaler] Condition for SCALE_DOWN met (Avg CPU: 2.96%), but already at MIN_INSTANCES (1). No action.
[DEBUG Orchestrator] Iteration Start. Instances Before Injector Logic: 1, Attack Started Flag: False, Normal Traffic Started Flag: True
[DEBUG Orchestrator] URLs derived for injector (if active): ['http://localhost:8080']
[Orchestrator] Starting Normal Traffic (if not already active). Target URLs for this call: ['http://localhost:8080']
[Normal_Injector] Normal traffic already in progress. Call stop_http_traffic() first.
[DEGUG Orchestrator Loop Duration] Loop Duration = 466429.348183441
[Sniffer] Label set to: benign

--- Iteration 22 | Time: 105.0s / 180s ---
[Orchestrator]RTT = 2.169899670747636
[Orchestrator] Metrics: 1 active instance(s), Avg CPU: 4.15%, Avg App MEM: 11.10 MB
[Autoscaler] Condition for SCALE_DOWN met (Avg CPU: 4.15%), but already at MIN_INSTANCES (1). No action.
[DEBUG Orchestrator] Iteration Start. Instances Before Injector Logic: 1, Attack Started Flag: False, Normal Traffic Started Flag: True
[DEBUG Orchestrator] URLs derived for injector (if active): ['http://localhost:8080']
[Orchestrator] Starting Normal Traffic (if not already active). Target URLs for this call: ['http://localhost:8080']
[Normal_Injector] Normal traffic already in progress. Call stop_http_traffic() first.
[DEGUG Orchestrator Loop Duration] Loop Duration = 466434.348183441
[Sniffer] Label set to: benign

--- Iteration 23 | Time: 110.0s / 180s ---
[Orchestrator]RTT = 1.8786777141920223
[Orchestrator] Metrics: 1 active instance(s), Avg CPU: 3.06%, Avg App MEM: 11.00 MB
[Autoscaler] Condition for SCALE_DOWN met (Avg CPU: 3.06%), but already at MIN_INSTANCES (1). No action.
[DEBUG Orchestrator] Iteration Start. Instances Before Injector Logic: 1, Attack Started Flag: False, Normal Traffic Started Flag: True
[DEBUG Orchestrator] URLs derived for injector (if active): ['http://localhost:8080']
[Orchestrator] Starting Normal Traffic (if not already active). Target URLs for this call: ['http://localhost:8080']
[Normal_Injector] Normal traffic already in progress. Call stop_http_traffic() first.
[DEGUG Orchestrator Loop Duration] Loop Duration = 466439.348183441
[Sniffer] Label set to: benign

--- Iteration 24 | Time: 115.0s / 180s ---
[Orchestrator]RTT = 2.3293594349926923
[Orchestrator] Metrics: 1 active instance(s), Avg CPU: 4.14%, Avg App MEM: 11.08 MB
[Autoscaler] Condition for SCALE_DOWN met (Avg CPU: 4.14%), but already at MIN_INSTANCES (1). No action.
[DEBUG Orchestrator] Iteration Start. Instances Before Injector Logic: 1, Attack Started Flag: False, Normal Traffic Started Flag: True
[DEBUG Orchestrator] URLs derived for injector (if active): ['http://localhost:8080']
[Orchestrator] Starting Normal Traffic (if not already active). Target URLs for this call: ['http://localhost:8080']
[Normal_Injector] Normal traffic already in progress. Call stop_http_traffic() first.
[DEGUG Orchestrator Loop Duration] Loop Duration = 466444.348183441
[Sniffer] Label set to: benign

--- Iteration 25 | Time: 120.0s / 180s ---
[Orchestrator]RTT = 1.7499525498902135
[Orchestrator] Metrics: 1 active instance(s), Avg CPU: 3.34%, Avg App MEM: 10.99 MB
[Autoscaler] Condition for SCALE_DOWN met (Avg CPU: 3.34%), but already at MIN_INSTANCES (1). No action.
[DEBUG Orchestrator] Iteration Start. Instances Before Injector Logic: 1, Attack Started Flag: False, Normal Traffic Started Flag: True
[DEBUG Orchestrator] URLs derived for injector (if active): ['http://localhost:8080']
[Orchestrator] Starting Normal Traffic (if not already active). Target URLs for this call: ['http://localhost:8080']
[Normal_Injector] Normal traffic already in progress. Call stop_http_traffic() first.
[DEGUG Orchestrator Loop Duration] Loop Duration = 466449.348183441
[Sniffer] Label set to: benign

--- Iteration 26 | Time: 125.0s / 180s ---
[Orchestrator]RTT = 2.7446487017809167
[Orchestrator] Metrics: 1 active instance(s), Avg CPU: 4.40%, Avg App MEM: 11.06 MB
[Autoscaler] Condition for SCALE_DOWN met (Avg CPU: 4.40%), but already at MIN_INSTANCES (1). No action.
[DEBUG Orchestrator] Iteration Start. Instances Before Injector Logic: 1, Attack Started Flag: False, Normal Traffic Started Flag: True
[DEBUG Orchestrator] URLs derived for injector (if active): ['http://localhost:8080']
[Orchestrator] Starting Normal Traffic (if not already active). Target URLs for this call: ['http://localhost:8080']
[Normal_Injector] Normal traffic already in progress. Call stop_http_traffic() first.
[DEGUG Orchestrator Loop Duration] Loop Duration = 466454.348183441
[Sniffer] Label set to: benign

--- Iteration 27 | Time: 130.0s / 180s ---
[Orchestrator]RTT = 2.151609842143758
[Orchestrator] Metrics: 1 active instance(s), Avg CPU: 4.39%, Avg App MEM: 11.02 MB
[Autoscaler] Condition for SCALE_DOWN met (Avg CPU: 4.39%), but already at MIN_INSTANCES (1). No action.
[DEBUG Orchestrator] Iteration Start. Instances Before Injector Logic: 1, Attack Started Flag: False, Normal Traffic Started Flag: True
[DEBUG Orchestrator] URLs derived for injector (if active): ['http://localhost:8080']
[Orchestrator] Starting Normal Traffic (if not already active). Target URLs for this call: ['http://localhost:8080']
[Normal_Injector] Normal traffic already in progress. Call stop_http_traffic() first.
[DEGUG Orchestrator Loop Duration] Loop Duration = 466459.348183441
[Sniffer] Label set to: benign

--- Iteration 28 | Time: 135.0s / 180s ---
[Orchestrator]RTT = 2.0637021845323034
[Orchestrator] Metrics: 1 active instance(s), Avg CPU: 3.60%, Avg App MEM: 11.02 MB
[Autoscaler] Condition for SCALE_DOWN met (Avg CPU: 3.60%), but already at MIN_INSTANCES (1). No action.
[DEBUG Orchestrator] Iteration Start. Instances Before Injector Logic: 1, Attack Started Flag: False, Normal Traffic Started Flag: True
[DEBUG Orchestrator] URLs derived for injector (if active): ['http://localhost:8080']
[Orchestrator] Starting Normal Traffic (if not already active). Target URLs for this call: ['http://localhost:8080']
[Normal_Injector] Normal traffic already in progress. Call stop_http_traffic() first.
[DEGUG Orchestrator Loop Duration] Loop Duration = 466464.348183441
[Sniffer] Label set to: benign

--- Iteration 29 | Time: 140.0s / 180s ---
[Orchestrator]RTT = 2.224099808259897
[Orchestrator] Metrics: 1 active instance(s), Avg CPU: 3.22%, Avg App MEM: 10.99 MB
[Autoscaler] Condition for SCALE_DOWN met (Avg CPU: 3.22%), but already at MIN_INSTANCES (1). No action.
[DEBUG Orchestrator] Iteration Start. Instances Before Injector Logic: 1, Attack Started Flag: False, Normal Traffic Started Flag: True
[DEBUG Orchestrator] URLs derived for injector (if active): ['http://localhost:8080']
[Orchestrator] Starting Normal Traffic (if not already active). Target URLs for this call: ['http://localhost:8080']
[Normal_Injector] Normal traffic already in progress. Call stop_http_traffic() first.
[DEGUG Orchestrator Loop Duration] Loop Duration = 466469.348183441
[Sniffer] Label set to: benign

--- Iteration 30 | Time: 145.0s / 180s ---
[Orchestrator]RTT = 1.9021020519945664
[Orchestrator] Metrics: 1 active instance(s), Avg CPU: 3.01%, Avg App MEM: 11.01 MB
[Autoscaler] Condition for SCALE_DOWN met (Avg CPU: 3.01%), but already at MIN_INSTANCES (1). No action.
[DEBUG Orchestrator] Iteration Start. Instances Before Injector Logic: 1, Attack Started Flag: False, Normal Traffic Started Flag: True
[DEBUG Orchestrator] URLs derived for injector (if active): ['http://localhost:8080']
[Orchestrator] Starting Normal Traffic (if not already active). Target URLs for this call: ['http://localhost:8080']
[Normal_Injector] Normal traffic already in progress. Call stop_http_traffic() first.
[DEGUG Orchestrator Loop Duration] Loop Duration = 466474.348183441
[Sniffer] Label set to: benign

--- Iteration 31 | Time: 150.0s / 180s ---
[Orchestrator]RTT = 2.528064945591705
[Orchestrator] Metrics: 1 active instance(s), Avg CPU: 4.10%, Avg App MEM: 10.98 MB
[Autoscaler] Condition for SCALE_DOWN met (Avg CPU: 4.10%), but already at MIN_INSTANCES (1). No action.
[DEBUG Orchestrator] Iteration Start. Instances Before Injector Logic: 1, Attack Started Flag: False, Normal Traffic Started Flag: True
[DEBUG Orchestrator] URLs derived for injector (if active): ['http://localhost:8080']
[Orchestrator] Starting Normal Traffic (if not already active). Target URLs for this call: ['http://localhost:8080']
[Normal_Injector] Normal traffic already in progress. Call stop_http_traffic() first.
[DEGUG Orchestrator Loop Duration] Loop Duration = 466479.348183441
[Sniffer] Label set to: benign

--- Iteration 32 | Time: 155.0s / 180s ---
[Orchestrator]RTT = 1.7185379941473056
[Orchestrator] Metrics: 1 active instance(s), Avg CPU: 3.22%, Avg App MEM: 11.00 MB
[Autoscaler] Condition for SCALE_DOWN met (Avg CPU: 3.22%), but already at MIN_INSTANCES (1). No action.
[DEBUG Orchestrator] Iteration Start. Instances Before Injector Logic: 1, Attack Started Flag: False, Normal Traffic Started Flag: True
[DEBUG Orchestrator] URLs derived for injector (if active): ['http://localhost:8080']
[Orchestrator] Starting Normal Traffic (if not already active). Target URLs for this call: ['http://localhost:8080']
[Normal_Injector] Normal traffic already in progress. Call stop_http_traffic() first.
[DEGUG Orchestrator Loop Duration] Loop Duration = 466484.348183441
[Sniffer] Label set to: benign

--- Iteration 33 | Time: 160.0s / 180s ---
[Orchestrator]RTT = 2.8315155886159076
[Orchestrator] Metrics: 1 active instance(s), Avg CPU: 5.34%, Avg App MEM: 11.10 MB
[Autoscaler] Condition for SCALE_DOWN met (Avg CPU: 5.34%), but already at MIN_INSTANCES (1). No action.
[DEBUG Orchestrator] Iteration Start. Instances Before Injector Logic: 1, Attack Started Flag: False, Normal Traffic Started Flag: True
[DEBUG Orchestrator] URLs derived for injector (if active): ['http://localhost:8080']
[Orchestrator] Starting Normal Traffic (if not already active). Target URLs for this call: ['http://localhost:8080']
[Normal_Injector] Normal traffic already in progress. Call stop_http_traffic() first.
[DEGUG Orchestrator Loop Duration] Loop Duration = 466489.348183441
[Sniffer] Label set to: benign

--- Iteration 34 | Time: 165.0s / 180s ---
[Orchestrator]RTT = 1.7202210165624328
[Orchestrator] Metrics: 1 active instance(s), Avg CPU: 3.74%, Avg App MEM: 11.09 MB
[Autoscaler] Condition for SCALE_DOWN met (Avg CPU: 3.74%), but already at MIN_INSTANCES (1). No action.
[DEBUG Orchestrator] Iteration Start. Instances Before Injector Logic: 1, Attack Started Flag: False, Normal Traffic Started Flag: True
[DEBUG Orchestrator] URLs derived for injector (if active): ['http://localhost:8080']
[Orchestrator] Starting Normal Traffic (if not already active). Target URLs for this call: ['http://localhost:8080']
[Normal_Injector] Normal traffic already in progress. Call stop_http_traffic() first.
[DEGUG Orchestrator Loop Duration] Loop Duration = 466494.348183441
[Sniffer] Label set to: benign

--- Iteration 35 | Time: 170.0s / 180s ---
[Orchestrator]RTT = 1.9388557699219346
[Orchestrator] Metrics: 1 active instance(s), Avg CPU: 2.50%, Avg App MEM: 10.97 MB
[Autoscaler] Condition for SCALE_DOWN met (Avg CPU: 2.50%), but already at MIN_INSTANCES (1). No action.
[DEBUG Orchestrator] Iteration Start. Instances Before Injector Logic: 1, Attack Started Flag: False, Normal Traffic Started Flag: True
[DEBUG Orchestrator] URLs derived for injector (if active): ['http://localhost:8080']
[Orchestrator] Starting Normal Traffic (if not already active). Target URLs for this call: ['http://localhost:8080']
[Normal_Injector] Normal traffic already in progress. Call stop_http_traffic() first.
[DEGUG Orchestrator Loop Duration] Loop Duration = 466499.348183441
[Sniffer] Label set to: benign

--- Iteration 36 | Time: 175.0s / 180s ---
[Orchestrator]RTT = 2.207148656145566
[Orchestrator] Metrics: 1 active instance(s), Avg CPU: 4.60%, Avg App MEM: 11.04 MB
[Autoscaler] Condition for SCALE_DOWN met (Avg CPU: 4.60%), but already at MIN_INSTANCES (1). No action.
[DEBUG Orchestrator] Iteration Start. Instances Before Injector Logic: 1, Attack Started Flag: False, Normal Traffic Started Flag: True
[DEBUG Orchestrator] URLs derived for injector (if active): ['http://localhost:8080']
[Orchestrator] Starting Normal Traffic (if not already active). Target URLs for this call: ['http://localhost:8080']
[Normal_Injector] Normal traffic already in progress. Call stop_http_traffic() first.
[DEGUG Orchestrator Loop Duration] Loop Duration = 466504.348183441

[Orchestrator] Simulation duration reached.
[Orchestrator] Saving RTT log...
[Sniffer] Realtime tcpdump stopped.
[Orchestrator] Stopping normal traffic...
[Normal_Injector] Signaling workers to stop...
  [Normal_Injector Worker 140290769270464] Stopped. Total requests: 1802, Errors: 0
  [Normal_Injector Worker 140290794464960] Stopped. Total requests: 1778, Errors: 0
  [Normal_Injector Worker 140290786072256] Stopped. Total requests: 1812, Errors: 0
[Normal_Injector] Stop signal sent (non-blocking).
[Orchestrator] Cleaning up all simulation instances...
Cleaning up all simulation instances...
Stopping and removing container: target_instance_1 (110d5ab646)...
  [Normal_Injector Worker 140290811250368] Stopped. Total requests: 1794, Errors: 0
  Container target_instance_1 removed.
Simulation instance cleanup complete.
[Stats_Collector] Stopping stats collector thread...
[Orchestrator] Simulation Complete. Total Fictional Cost: $0.0010
[Orchestrator] Metrics logged in: simulation_metrics.csv

===== [3/8] normal isolado agg80_WU10_rep1 (rps/cliente=20.0) =====
Simulation duration set to: 180
Attack duration set to: 0
Normal traffic RPS per client set to: 20.0
Normal traffic number of clients set to: 4
Normal traffic work units set to: 10
[Orchestrator] Initializing simulation environment...
[Sniffer] Realtime tcpdump started on any
[Sniffer] Label set to: benign
[Autoscaler] Initialized.
Attempting to build Docker image: edos_target_app:latest...
Image edos_target_app:latest already exists. Skipping build.
Docker network 'edos_network' already exists.
[Orchestrator] Cleaning up any pre-existing simulation instances...
Cleaning up all simulation instances...
No simulation instances found to clean up.
[Orchestrator] Starting initial 1 instance(s)...
Attempting to start container target_instance_1 mapping container:80 to host:8080...
Container 0ba9797e9e (target_instance_1) started. Accessible on host port 8080.
[Autoscaler] Initial number of instances set to: 1
[Orchestrator] 1 initial instance(s) running.
[Orchestrator] Metrics will be logged to: simulation_metrics.csv
[Orchestrator] Attack summary will be logged to: attack_summary_log.csv
[Orchestrator] Normal traffic summary will be logged to: normal_traffic_summary_log.csv
[Orchestrator] Starting simulation main loop for 180 seconds.
[Orchestrator] Monitoring interval: 5s. Cooldown: 20s.
[Orchestrator] CPU Thresholds: Scale Up > 60.0%, Scale Down < 25.0%
[Orchestrator] No traffic injection scheduled (ATTACK_DURATION_SECONDS is 0 or less).
[Sniffer] Label set to: benign

--- Iteration 1 | Time: 0.0s / 180s ---
[Orchestrator]RTT = 0.0
[Orchestrator] Metrics: 1 active instance(s), Avg CPU: 0.00%, Avg App MEM: 0.00 MB
[Autoscaler] Condition for SCALE_DOWN met (Avg CPU: 0.00%), but already at MIN_INSTANCES (1). No action.
[DEBUG Orchestrator] Iteration Start. Instances Before Injector Logic: 1, Attack Started Flag: False, Normal Traffic Started Flag: False
[DEBUG Orchestrator] URLs derived for injector (if active): ['http://localhost:8080']
[Orchestrator] Starting Normal Traffic (if not already active). Target URLs for this call: ['http://localhost:8080']
[LoadBalancer:Normal] Alvos atualizados: ['http://localhost:8080']
[Normal_Injector] Starting HTTP flood with 4 attackers, ~80.0 RPS total, across 1 targets: http://localhost:8080
  [Normal_Injector Worker 140249044608704] Started. RPS: 20.00, Mean interval: 0.0500s (Poisson)
  [Normal_Injector Worker 140249027823296] Started. RPS: 20.00, Mean interval: 0.0500s (Poisson)
  [Normal_Injector Worker 140248667387584] Started. RPS: 20.00, Mean interval: 0.0500s (Poisson)
  [Normal_Injector Worker 140248658994880] Started. RPS: 20.00, Mean interval: 0.0500s (Poisson)
[Normal_Injector] All 4 attacker threads launched.
[DEGUG Orchestrator Loop Duration] Loop Duration = 466513.146120594
[Sniffer] Label set to: benign

--- Iteration 2 | Time: 5.0s / 180s ---
[Orchestrator]RTT = 1.752379283304691
[Orchestrator] Metrics: 1 active instance(s), Avg CPU: 6.87%, Avg App MEM: 11.04 MB
[Autoscaler] Condition for SCALE_DOWN met (Avg CPU: 6.87%), but already at MIN_INSTANCES (1). No action.
[DEBUG Orchestrator] Iteration Start. Instances Before Injector Logic: 1, Attack Started Flag: False, Normal Traffic Started Flag: True
[DEBUG Orchestrator] URLs derived for injector (if active): ['http://localhost:8080']
[Orchestrator] Starting Normal Traffic (if not already active). Target URLs for this call: ['http://localhost:8080']
[Normal_Injector] Normal traffic already in progress. Call stop_http_traffic() first.
[DEGUG Orchestrator Loop Duration] Loop Duration = 466518.146120594
[Sniffer] Label set to: benign

--- Iteration 3 | Time: 10.0s / 180s ---
[Orchestrator]RTT = 2.1831403164902614
[Orchestrator] Metrics: 1 active instance(s), Avg CPU: 6.59%, Avg App MEM: 12.07 MB
[Autoscaler] Condition for SCALE_DOWN met (Avg CPU: 6.59%), but already at MIN_INSTANCES (1). No action.
[DEBUG Orchestrator] Iteration Start. Instances Before Injector Logic: 1, Attack Started Flag: False, Normal Traffic Started Flag: True
[DEBUG Orchestrator] URLs derived for injector (if active): ['http://localhost:8080']
[Orchestrator] Starting Normal Traffic (if not already active). Target URLs for this call: ['http://localhost:8080']
[Normal_Injector] Normal traffic already in progress. Call stop_http_traffic() first.
[DEGUG Orchestrator Loop Duration] Loop Duration = 466523.146120594
[Sniffer] Label set to: benign

--- Iteration 4 | Time: 15.0s / 180s ---
[Orchestrator]RTT = 1.943257058221868
[Orchestrator] Metrics: 1 active instance(s), Avg CPU: 6.67%, Avg App MEM: 13.13 MB
[Autoscaler] Condition for SCALE_DOWN met (Avg CPU: 6.67%), but already at MIN_INSTANCES (1). No action.
[DEBUG Orchestrator] Iteration Start. Instances Before Injector Logic: 1, Attack Started Flag: False, Normal Traffic Started Flag: True
[DEBUG Orchestrator] URLs derived for injector (if active): ['http://localhost:8080']
[Orchestrator] Starting Normal Traffic (if not already active). Target URLs for this call: ['http://localhost:8080']
[Normal_Injector] Normal traffic already in progress. Call stop_http_traffic() first.
[DEGUG Orchestrator Loop Duration] Loop Duration = 466528.146120594
[Sniffer] Label set to: benign

--- Iteration 5 | Time: 20.0s / 180s ---
[Orchestrator]RTT = 2.1220412409792724
[Orchestrator] Metrics: 1 active instance(s), Avg CPU: 5.17%, Avg App MEM: 13.08 MB
[Autoscaler] Condition for SCALE_DOWN met (Avg CPU: 5.17%), but already at MIN_INSTANCES (1). No action.
[DEBUG Orchestrator] Iteration Start. Instances Before Injector Logic: 1, Attack Started Flag: False, Normal Traffic Started Flag: True
[DEBUG Orchestrator] URLs derived for injector (if active): ['http://localhost:8080']
[Orchestrator] Starting Normal Traffic (if not already active). Target URLs for this call: ['http://localhost:8080']
[Normal_Injector] Normal traffic already in progress. Call stop_http_traffic() first.
[DEGUG Orchestrator Loop Duration] Loop Duration = 466533.146120594
[Sniffer] Label set to: benign

--- Iteration 6 | Time: 25.0s / 180s ---
[Orchestrator]RTT = 1.8180047923114093
[Orchestrator] Metrics: 1 active instance(s), Avg CPU: 7.99%, Avg App MEM: 13.07 MB
[Autoscaler] Condition for SCALE_DOWN met (Avg CPU: 7.99%), but already at MIN_INSTANCES (1). No action.
[DEBUG Orchestrator] Iteration Start. Instances Before Injector Logic: 1, Attack Started Flag: False, Normal Traffic Started Flag: True
[DEBUG Orchestrator] URLs derived for injector (if active): ['http://localhost:8080']
[Orchestrator] Starting Normal Traffic (if not already active). Target URLs for this call: ['http://localhost:8080']
[Normal_Injector] Normal traffic already in progress. Call stop_http_traffic() first.
[DEGUG Orchestrator Loop Duration] Loop Duration = 466538.146120594
[Sniffer] Label set to: benign

--- Iteration 7 | Time: 30.0s / 180s ---
[Orchestrator]RTT = 1.714191865020742
[Orchestrator] Metrics: 1 active instance(s), Avg CPU: 6.20%, Avg App MEM: 13.04 MB
[Autoscaler] Condition for SCALE_DOWN met (Avg CPU: 6.20%), but already at MIN_INSTANCES (1). No action.
[DEBUG Orchestrator] Iteration Start. Instances Before Injector Logic: 1, Attack Started Flag: False, Normal Traffic Started Flag: True
[DEBUG Orchestrator] URLs derived for injector (if active): ['http://localhost:8080']
[Orchestrator] Starting Normal Traffic (if not already active). Target URLs for this call: ['http://localhost:8080']
[Normal_Injector] Normal traffic already in progress. Call stop_http_traffic() first.
[DEGUG Orchestrator Loop Duration] Loop Duration = 466543.146120594
[Sniffer] Label set to: benign

--- Iteration 8 | Time: 35.0s / 180s ---
[Orchestrator]RTT = 2.3478688070299447
[Orchestrator] Metrics: 1 active instance(s), Avg CPU: 7.25%, Avg App MEM: 13.07 MB
[Autoscaler] Condition for SCALE_DOWN met (Avg CPU: 7.25%), but already at MIN_INSTANCES (1). No action.
[DEBUG Orchestrator] Iteration Start. Instances Before Injector Logic: 1, Attack Started Flag: False, Normal Traffic Started Flag: True
[DEBUG Orchestrator] URLs derived for injector (if active): ['http://localhost:8080']
[Orchestrator] Starting Normal Traffic (if not already active). Target URLs for this call: ['http://localhost:8080']
[Normal_Injector] Normal traffic already in progress. Call stop_http_traffic() first.
[DEGUG Orchestrator Loop Duration] Loop Duration = 466548.146120594
[Sniffer] Label set to: benign

--- Iteration 9 | Time: 40.0s / 180s ---
[Orchestrator]RTT = 1.6545159462536987
[Orchestrator] Metrics: 1 active instance(s), Avg CPU: 5.93%, Avg App MEM: 13.09 MB
[Autoscaler] Condition for SCALE_DOWN met (Avg CPU: 5.93%), but already at MIN_INSTANCES (1). No action.
[DEBUG Orchestrator] Iteration Start. Instances Before Injector Logic: 1, Attack Started Flag: False, Normal Traffic Started Flag: True
[DEBUG Orchestrator] URLs derived for injector (if active): ['http://localhost:8080']
[Orchestrator] Starting Normal Traffic (if not already active). Target URLs for this call: ['http://localhost:8080']
[Normal_Injector] Normal traffic already in progress. Call stop_http_traffic() first.
[DEGUG Orchestrator Loop Duration] Loop Duration = 466553.146120594
[Sniffer] Label set to: benign

--- Iteration 10 | Time: 45.0s / 180s ---
[Orchestrator]RTT = 2.341099939394229
[Orchestrator] Metrics: 1 active instance(s), Avg CPU: 7.99%, Avg App MEM: 13.11 MB
[Autoscaler] Condition for SCALE_DOWN met (Avg CPU: 7.99%), but already at MIN_INSTANCES (1). No action.
[DEBUG Orchestrator] Iteration Start. Instances Before Injector Logic: 1, Attack Started Flag: False, Normal Traffic Started Flag: True
[DEBUG Orchestrator] URLs derived for injector (if active): ['http://localhost:8080']
[Orchestrator] Starting Normal Traffic (if not already active). Target URLs for this call: ['http://localhost:8080']
[Normal_Injector] Normal traffic already in progress. Call stop_http_traffic() first.
[DEGUG Orchestrator Loop Duration] Loop Duration = 466558.146120594
[Sniffer] Label set to: benign

--- Iteration 11 | Time: 50.0s / 180s ---
[Orchestrator]RTT = 1.975326623636274
[Orchestrator] Metrics: 1 active instance(s), Avg CPU: 8.59%, Avg App MEM: 13.08 MB
[Autoscaler] Condition for SCALE_DOWN met (Avg CPU: 8.59%), but already at MIN_INSTANCES (1). No action.
[DEBUG Orchestrator] Iteration Start. Instances Before Injector Logic: 1, Attack Started Flag: False, Normal Traffic Started Flag: True
[DEBUG Orchestrator] URLs derived for injector (if active): ['http://localhost:8080']
[Orchestrator] Starting Normal Traffic (if not already active). Target URLs for this call: ['http://localhost:8080']
[Normal_Injector] Normal traffic already in progress. Call stop_http_traffic() first.
[DEGUG Orchestrator Loop Duration] Loop Duration = 466563.146120594
[Sniffer] Label set to: benign

--- Iteration 12 | Time: 55.0s / 180s ---
[Orchestrator]RTT = 1.861108308990619
[Orchestrator] Metrics: 1 active instance(s), Avg CPU: 7.03%, Avg App MEM: 13.07 MB
[Autoscaler] Condition for SCALE_DOWN met (Avg CPU: 7.03%), but already at MIN_INSTANCES (1). No action.
[DEBUG Orchestrator] Iteration Start. Instances Before Injector Logic: 1, Attack Started Flag: False, Normal Traffic Started Flag: True
[DEBUG Orchestrator] URLs derived for injector (if active): ['http://localhost:8080']
[Orchestrator] Starting Normal Traffic (if not already active). Target URLs for this call: ['http://localhost:8080']
[Normal_Injector] Normal traffic already in progress. Call stop_http_traffic() first.
[DEGUG Orchestrator Loop Duration] Loop Duration = 466568.146120594
[Sniffer] Label set to: benign

--- Iteration 13 | Time: 60.0s / 180s ---
[Orchestrator]RTT = 2.0128859495634397
[Orchestrator] Metrics: 1 active instance(s), Avg CPU: 6.95%, Avg App MEM: 13.04 MB
[Autoscaler] Condition for SCALE_DOWN met (Avg CPU: 6.95%), but already at MIN_INSTANCES (1). No action.
[DEBUG Orchestrator] Iteration Start. Instances Before Injector Logic: 1, Attack Started Flag: False, Normal Traffic Started Flag: True
[DEBUG Orchestrator] URLs derived for injector (if active): ['http://localhost:8080']
[Orchestrator] Starting Normal Traffic (if not already active). Target URLs for this call: ['http://localhost:8080']
[Normal_Injector] Normal traffic already in progress. Call stop_http_traffic() first.
[DEGUG Orchestrator Loop Duration] Loop Duration = 466573.146120594
[Sniffer] Label set to: benign

--- Iteration 14 | Time: 65.0s / 180s ---
[Orchestrator]RTT = 1.7192478944664442
[Orchestrator] Metrics: 1 active instance(s), Avg CPU: 5.72%, Avg App MEM: 13.10 MB
[Autoscaler] Condition for SCALE_DOWN met (Avg CPU: 5.72%), but already at MIN_INSTANCES (1). No action.
[DEBUG Orchestrator] Iteration Start. Instances Before Injector Logic: 1, Attack Started Flag: False, Normal Traffic Started Flag: True
[DEBUG Orchestrator] URLs derived for injector (if active): ['http://localhost:8080']
[Orchestrator] Starting Normal Traffic (if not already active). Target URLs for this call: ['http://localhost:8080']
[Normal_Injector] Normal traffic already in progress. Call stop_http_traffic() first.
[DEGUG Orchestrator Loop Duration] Loop Duration = 466578.146120594
[Sniffer] Label set to: benign

--- Iteration 15 | Time: 70.0s / 180s ---
[Orchestrator]RTT = 2.0590530336943105
[Orchestrator] Metrics: 1 active instance(s), Avg CPU: 7.87%, Avg App MEM: 13.04 MB
[Autoscaler] Condition for SCALE_DOWN met (Avg CPU: 7.87%), but already at MIN_INSTANCES (1). No action.
[DEBUG Orchestrator] Iteration Start. Instances Before Injector Logic: 1, Attack Started Flag: False, Normal Traffic Started Flag: True
[DEBUG Orchestrator] URLs derived for injector (if active): ['http://localhost:8080']
[Orchestrator] Starting Normal Traffic (if not already active). Target URLs for this call: ['http://localhost:8080']
[Normal_Injector] Normal traffic already in progress. Call stop_http_traffic() first.
[DEGUG Orchestrator Loop Duration] Loop Duration = 466583.146120594
[Sniffer] Label set to: benign

--- Iteration 16 | Time: 75.0s / 180s ---
[Orchestrator]RTT = 1.6402194375405088
[Orchestrator] Metrics: 1 active instance(s), Avg CPU: 6.27%, Avg App MEM: 13.11 MB
[Autoscaler] Condition for SCALE_DOWN met (Avg CPU: 6.27%), but already at MIN_INSTANCES (1). No action.
[DEBUG Orchestrator] Iteration Start. Instances Before Injector Logic: 1, Attack Started Flag: False, Normal Traffic Started Flag: True
[DEBUG Orchestrator] URLs derived for injector (if active): ['http://localhost:8080']
[Orchestrator] Starting Normal Traffic (if not already active). Target URLs for this call: ['http://localhost:8080']
[Normal_Injector] Normal traffic already in progress. Call stop_http_traffic() first.
[DEGUG Orchestrator Loop Duration] Loop Duration = 466588.146120594
[Sniffer] Label set to: benign

--- Iteration 17 | Time: 80.0s / 180s ---
[Orchestrator]RTT = 2.31889143301977
[Orchestrator] Metrics: 1 active instance(s), Avg CPU: 8.15%, Avg App MEM: 13.16 MB
[Autoscaler] Condition for SCALE_DOWN met (Avg CPU: 8.15%), but already at MIN_INSTANCES (1). No action.
[DEBUG Orchestrator] Iteration Start. Instances Before Injector Logic: 1, Attack Started Flag: False, Normal Traffic Started Flag: True
[DEBUG Orchestrator] URLs derived for injector (if active): ['http://localhost:8080']
[Orchestrator] Starting Normal Traffic (if not already active). Target URLs for this call: ['http://localhost:8080']
[Normal_Injector] Normal traffic already in progress. Call stop_http_traffic() first.
[DEGUG Orchestrator Loop Duration] Loop Duration = 466593.146120594
[Sniffer] Label set to: benign

--- Iteration 18 | Time: 85.0s / 180s ---
[Orchestrator]RTT = 1.8355857320657802
[Orchestrator] Metrics: 1 active instance(s), Avg CPU: 6.00%, Avg App MEM: 13.06 MB
[Autoscaler] Condition for SCALE_DOWN met (Avg CPU: 6.00%), but already at MIN_INSTANCES (1). No action.
[DEBUG Orchestrator] Iteration Start. Instances Before Injector Logic: 1, Attack Started Flag: False, Normal Traffic Started Flag: True
[DEBUG Orchestrator] URLs derived for injector (if active): ['http://localhost:8080']
[Orchestrator] Starting Normal Traffic (if not already active). Target URLs for this call: ['http://localhost:8080']
[Normal_Injector] Normal traffic already in progress. Call stop_http_traffic() first.
[DEGUG Orchestrator Loop Duration] Loop Duration = 466598.146120594
[Sniffer] Label set to: benign

--- Iteration 19 | Time: 90.0s / 180s ---
[Orchestrator]RTT = 1.832651155830429
[Orchestrator] Metrics: 1 active instance(s), Avg CPU: 6.79%, Avg App MEM: 13.07 MB
[Autoscaler] Condition for SCALE_DOWN met (Avg CPU: 6.79%), but already at MIN_INSTANCES (1). No action.
[DEBUG Orchestrator] Iteration Start. Instances Before Injector Logic: 1, Attack Started Flag: False, Normal Traffic Started Flag: True
[DEBUG Orchestrator] URLs derived for injector (if active): ['http://localhost:8080']
[Orchestrator] Starting Normal Traffic (if not already active). Target URLs for this call: ['http://localhost:8080']
[Normal_Injector] Normal traffic already in progress. Call stop_http_traffic() first.
[DEGUG Orchestrator Loop Duration] Loop Duration = 466603.146120594
[Sniffer] Label set to: benign

--- Iteration 20 | Time: 95.0s / 180s ---
[Orchestrator]RTT = 2.2433150863957287
[Orchestrator] Metrics: 1 active instance(s), Avg CPU: 7.80%, Avg App MEM: 13.11 MB
[Autoscaler] Condition for SCALE_DOWN met (Avg CPU: 7.80%), but already at MIN_INSTANCES (1). No action.
[DEBUG Orchestrator] Iteration Start. Instances Before Injector Logic: 1, Attack Started Flag: False, Normal Traffic Started Flag: True
[DEBUG Orchestrator] URLs derived for injector (if active): ['http://localhost:8080']
[Orchestrator] Starting Normal Traffic (if not already active). Target URLs for this call: ['http://localhost:8080']
[Normal_Injector] Normal traffic already in progress. Call stop_http_traffic() first.
[DEGUG Orchestrator Loop Duration] Loop Duration = 466608.146120594
[Sniffer] Label set to: benign

--- Iteration 21 | Time: 100.0s / 180s ---
[Orchestrator]RTT = 1.765710138804897
[Orchestrator] Metrics: 1 active instance(s), Avg CPU: 6.33%, Avg App MEM: 13.16 MB
[Autoscaler] Condition for SCALE_DOWN met (Avg CPU: 6.33%), but already at MIN_INSTANCES (1). No action.
[DEBUG Orchestrator] Iteration Start. Instances Before Injector Logic: 1, Attack Started Flag: False, Normal Traffic Started Flag: True
[DEBUG Orchestrator] URLs derived for injector (if active): ['http://localhost:8080']
[Orchestrator] Starting Normal Traffic (if not already active). Target URLs for this call: ['http://localhost:8080']
[Normal_Injector] Normal traffic already in progress. Call stop_http_traffic() first.
[DEGUG Orchestrator Loop Duration] Loop Duration = 466613.146120594
[Sniffer] Label set to: benign

--- Iteration 22 | Time: 105.0s / 180s ---
[Orchestrator]RTT = 2.2857492813787794
[Orchestrator] Metrics: 1 active instance(s), Avg CPU: 7.98%, Avg App MEM: 13.16 MB
[Autoscaler] Condition for SCALE_DOWN met (Avg CPU: 7.98%), but already at MIN_INSTANCES (1). No action.
[DEBUG Orchestrator] Iteration Start. Instances Before Injector Logic: 1, Attack Started Flag: False, Normal Traffic Started Flag: True
[DEBUG Orchestrator] URLs derived for injector (if active): ['http://localhost:8080']
[Orchestrator] Starting Normal Traffic (if not already active). Target URLs for this call: ['http://localhost:8080']
[Normal_Injector] Normal traffic already in progress. Call stop_http_traffic() first.
[DEGUG Orchestrator Loop Duration] Loop Duration = 466618.146120594
[Sniffer] Label set to: benign

--- Iteration 23 | Time: 110.0s / 180s ---
[Orchestrator]RTT = 1.653282820709376
[Orchestrator] Metrics: 1 active instance(s), Avg CPU: 5.59%, Avg App MEM: 13.08 MB
[Autoscaler] Condition for SCALE_DOWN met (Avg CPU: 5.59%), but already at MIN_INSTANCES (1). No action.
[DEBUG Orchestrator] Iteration Start. Instances Before Injector Logic: 1, Attack Started Flag: False, Normal Traffic Started Flag: True
[DEBUG Orchestrator] URLs derived for injector (if active): ['http://localhost:8080']
[Orchestrator] Starting Normal Traffic (if not already active). Target URLs for this call: ['http://localhost:8080']
[Normal_Injector] Normal traffic already in progress. Call stop_http_traffic() first.
[DEGUG Orchestrator Loop Duration] Loop Duration = 466623.146120594
[Sniffer] Label set to: benign

--- Iteration 24 | Time: 115.0s / 180s ---
[Orchestrator]RTT = 2.1056895952590153
[Orchestrator] Metrics: 1 active instance(s), Avg CPU: 6.82%, Avg App MEM: 13.11 MB
[Autoscaler] Condition for SCALE_DOWN met (Avg CPU: 6.82%), but already at MIN_INSTANCES (1). No action.
[DEBUG Orchestrator] Iteration Start. Instances Before Injector Logic: 1, Attack Started Flag: False, Normal Traffic Started Flag: True
[DEBUG Orchestrator] URLs derived for injector (if active): ['http://localhost:8080']
[Orchestrator] Starting Normal Traffic (if not already active). Target URLs for this call: ['http://localhost:8080']
[Normal_Injector] Normal traffic already in progress. Call stop_http_traffic() first.
[DEGUG Orchestrator Loop Duration] Loop Duration = 466628.146120594
[Sniffer] Label set to: benign

--- Iteration 25 | Time: 120.0s / 180s ---
[Orchestrator]RTT = 1.9282420768558501
[Orchestrator] Metrics: 1 active instance(s), Avg CPU: 8.04%, Avg App MEM: 13.12 MB
[Autoscaler] Condition for SCALE_DOWN met (Avg CPU: 8.04%), but already at MIN_INSTANCES (1). No action.
[DEBUG Orchestrator] Iteration Start. Instances Before Injector Logic: 1, Attack Started Flag: False, Normal Traffic Started Flag: True
[DEBUG Orchestrator] URLs derived for injector (if active): ['http://localhost:8080']
[Orchestrator] Starting Normal Traffic (if not already active). Target URLs for this call: ['http://localhost:8080']
[Normal_Injector] Normal traffic already in progress. Call stop_http_traffic() first.
[DEGUG Orchestrator Loop Duration] Loop Duration = 466633.146120594
[Sniffer] Label set to: benign

--- Iteration 26 | Time: 125.0s / 180s ---
[Orchestrator]RTT = 2.035436666031104
[Orchestrator] Metrics: 1 active instance(s), Avg CPU: 6.39%, Avg App MEM: 13.15 MB
[Autoscaler] Condition for SCALE_DOWN met (Avg CPU: 6.39%), but already at MIN_INSTANCES (1). No action.
[DEBUG Orchestrator] Iteration Start. Instances Before Injector Logic: 1, Attack Started Flag: False, Normal Traffic Started Flag: True
[DEBUG Orchestrator] URLs derived for injector (if active): ['http://localhost:8080']
[Orchestrator] Starting Normal Traffic (if not already active). Target URLs for this call: ['http://localhost:8080']
[Normal_Injector] Normal traffic already in progress. Call stop_http_traffic() first.
[DEGUG Orchestrator Loop Duration] Loop Duration = 466638.146120594
[Sniffer] Label set to: benign

--- Iteration 27 | Time: 130.0s / 180s ---
[Orchestrator]RTT = 1.8847698624878644
[Orchestrator] Metrics: 1 active instance(s), Avg CPU: 6.61%, Avg App MEM: 13.12 MB
[Autoscaler] Condition for SCALE_DOWN met (Avg CPU: 6.61%), but already at MIN_INSTANCES (1). No action.
[DEBUG Orchestrator] Iteration Start. Instances Before Injector Logic: 1, Attack Started Flag: False, Normal Traffic Started Flag: True
[DEBUG Orchestrator] URLs derived for injector (if active): ['http://localhost:8080']
[Orchestrator] Starting Normal Traffic (if not already active). Target URLs for this call: ['http://localhost:8080']
[Normal_Injector] Normal traffic already in progress. Call stop_http_traffic() first.
[DEGUG Orchestrator Loop Duration] Loop Duration = 466643.146120594
[Sniffer] Label set to: benign

--- Iteration 28 | Time: 135.0s / 180s ---
[Orchestrator]RTT = 1.6797086210934433
[Orchestrator] Metrics: 1 active instance(s), Avg CPU: 6.45%, Avg App MEM: 13.16 MB
[Autoscaler] Condition for SCALE_DOWN met (Avg CPU: 6.45%), but already at MIN_INSTANCES (1). No action.
[DEBUG Orchestrator] Iteration Start. Instances Before Injector Logic: 1, Attack Started Flag: False, Normal Traffic Started Flag: True
[DEBUG Orchestrator] URLs derived for injector (if active): ['http://localhost:8080']
[Orchestrator] Starting Normal Traffic (if not already active). Target URLs for this call: ['http://localhost:8080']
[Normal_Injector] Normal traffic already in progress. Call stop_http_traffic() first.
[DEGUG Orchestrator Loop Duration] Loop Duration = 466648.146120594
[Sniffer] Label set to: benign

--- Iteration 29 | Time: 140.0s / 180s ---
[Orchestrator]RTT = 2.013586428371929
[Orchestrator] Metrics: 1 active instance(s), Avg CPU: 6.63%, Avg App MEM: 13.12 MB
[Autoscaler] Condition for SCALE_DOWN met (Avg CPU: 6.63%), but already at MIN_INSTANCES (1). No action.
[DEBUG Orchestrator] Iteration Start. Instances Before Injector Logic: 1, Attack Started Flag: False, Normal Traffic Started Flag: True
[DEBUG Orchestrator] URLs derived for injector (if active): ['http://localhost:8080']
[Orchestrator] Starting Normal Traffic (if not already active). Target URLs for this call: ['http://localhost:8080']
[Normal_Injector] Normal traffic already in progress. Call stop_http_traffic() first.
[DEGUG Orchestrator Loop Duration] Loop Duration = 466653.146120594
[Sniffer] Label set to: benign

--- Iteration 30 | Time: 145.0s / 180s ---
[Orchestrator]RTT = 1.7176004730381988
[Orchestrator] Metrics: 1 active instance(s), Avg CPU: 6.14%, Avg App MEM: 13.07 MB
[Autoscaler] Condition for SCALE_DOWN met (Avg CPU: 6.14%), but already at MIN_INSTANCES (1). No action.
[DEBUG Orchestrator] Iteration Start. Instances Before Injector Logic: 1, Attack Started Flag: False, Normal Traffic Started Flag: True
[DEBUG Orchestrator] URLs derived for injector (if active): ['http://localhost:8080']
[Orchestrator] Starting Normal Traffic (if not already active). Target URLs for this call: ['http://localhost:8080']
[Normal_Injector] Normal traffic already in progress. Call stop_http_traffic() first.
[DEGUG Orchestrator Loop Duration] Loop Duration = 466658.146120594
[Sniffer] Label set to: benign

--- Iteration 31 | Time: 150.0s / 180s ---
[Orchestrator]RTT = 2.1338941305207255
[Orchestrator] Metrics: 1 active instance(s), Avg CPU: 8.13%, Avg App MEM: 13.13 MB
[Autoscaler] Condition for SCALE_DOWN met (Avg CPU: 8.13%), but already at MIN_INSTANCES (1). No action.
[DEBUG Orchestrator] Iteration Start. Instances Before Injector Logic: 1, Attack Started Flag: False, Normal Traffic Started Flag: True
[DEBUG Orchestrator] URLs derived for injector (if active): ['http://localhost:8080']
[Orchestrator] Starting Normal Traffic (if not already active). Target URLs for this call: ['http://localhost:8080']
[Normal_Injector] Normal traffic already in progress. Call stop_http_traffic() first.
[DEGUG Orchestrator Loop Duration] Loop Duration = 466663.146120594
[Sniffer] Label set to: benign

--- Iteration 32 | Time: 155.0s / 180s ---
[Orchestrator]RTT = 2.10681428101712
[Orchestrator] Metrics: 1 active instance(s), Avg CPU: 8.30%, Avg App MEM: 13.14 MB
[Autoscaler] Condition for SCALE_DOWN met (Avg CPU: 8.30%), but already at MIN_INSTANCES (1). No action.
[DEBUG Orchestrator] Iteration Start. Instances Before Injector Logic: 1, Attack Started Flag: False, Normal Traffic Started Flag: True
[DEBUG Orchestrator] URLs derived for injector (if active): ['http://localhost:8080']
[Orchestrator] Starting Normal Traffic (if not already active). Target URLs for this call: ['http://localhost:8080']
[Normal_Injector] Normal traffic already in progress. Call stop_http_traffic() first.
[DEGUG Orchestrator Loop Duration] Loop Duration = 466668.146120594
[Sniffer] Label set to: benign

--- Iteration 33 | Time: 160.0s / 180s ---
[Orchestrator]RTT = 1.770492826358645
[Orchestrator] Metrics: 1 active instance(s), Avg CPU: 5.90%, Avg App MEM: 13.10 MB
[Autoscaler] Condition for SCALE_DOWN met (Avg CPU: 5.90%), but already at MIN_INSTANCES (1). No action.
[DEBUG Orchestrator] Iteration Start. Instances Before Injector Logic: 1, Attack Started Flag: False, Normal Traffic Started Flag: True
[DEBUG Orchestrator] URLs derived for injector (if active): ['http://localhost:8080']
[Orchestrator] Starting Normal Traffic (if not already active). Target URLs for this call: ['http://localhost:8080']
[Normal_Injector] Normal traffic already in progress. Call stop_http_traffic() first.
[DEGUG Orchestrator Loop Duration] Loop Duration = 466673.146120594
[Sniffer] Label set to: benign

--- Iteration 34 | Time: 165.0s / 180s ---
[Orchestrator]RTT = 2.0450504755501226
[Orchestrator] Metrics: 1 active instance(s), Avg CPU: 6.92%, Avg App MEM: 13.11 MB
[Autoscaler] Condition for SCALE_DOWN met (Avg CPU: 6.92%), but already at MIN_INSTANCES (1). No action.
[DEBUG Orchestrator] Iteration Start. Instances Before Injector Logic: 1, Attack Started Flag: False, Normal Traffic Started Flag: True
[DEBUG Orchestrator] URLs derived for injector (if active): ['http://localhost:8080']
[Orchestrator] Starting Normal Traffic (if not already active). Target URLs for this call: ['http://localhost:8080']
[Normal_Injector] Normal traffic already in progress. Call stop_http_traffic() first.
[DEGUG Orchestrator Loop Duration] Loop Duration = 466678.146120594
[Sniffer] Label set to: benign

--- Iteration 35 | Time: 170.0s / 180s ---
[Orchestrator]RTT = 1.737902206588508
[Orchestrator] Metrics: 1 active instance(s), Avg CPU: 5.43%, Avg App MEM: 13.16 MB
[Autoscaler] Condition for SCALE_DOWN met (Avg CPU: 5.43%), but already at MIN_INSTANCES (1). No action.
[DEBUG Orchestrator] Iteration Start. Instances Before Injector Logic: 1, Attack Started Flag: False, Normal Traffic Started Flag: True
[DEBUG Orchestrator] URLs derived for injector (if active): ['http://localhost:8080']
[Orchestrator] Starting Normal Traffic (if not already active). Target URLs for this call: ['http://localhost:8080']
[Normal_Injector] Normal traffic already in progress. Call stop_http_traffic() first.
[DEGUG Orchestrator Loop Duration] Loop Duration = 466683.146120594
[Sniffer] Label set to: benign

--- Iteration 36 | Time: 175.0s / 180s ---
[Orchestrator]RTT = 1.9347773945899498
[Orchestrator] Metrics: 1 active instance(s), Avg CPU: 7.69%, Avg App MEM: 13.14 MB
[Autoscaler] Condition for SCALE_DOWN met (Avg CPU: 7.69%), but already at MIN_INSTANCES (1). No action.
[DEBUG Orchestrator] Iteration Start. Instances Before Injector Logic: 1, Attack Started Flag: False, Normal Traffic Started Flag: True
[DEBUG Orchestrator] URLs derived for injector (if active): ['http://localhost:8080']
[Orchestrator] Starting Normal Traffic (if not already active). Target URLs for this call: ['http://localhost:8080']
[Normal_Injector] Normal traffic already in progress. Call stop_http_traffic() first.
[DEGUG Orchestrator Loop Duration] Loop Duration = 466688.146120594

[Orchestrator] Simulation duration reached.
[Orchestrator] Saving RTT log...
[Sniffer] Realtime tcpdump stopped.
[Orchestrator] Stopping normal traffic...
[Normal_Injector] Signaling workers to stop...
  [Normal_Injector Worker 140248658994880] Stopped. Total requests: 3582, Errors: 0
  [Normal_Injector Worker 140248667387584] Stopped. Total requests: 3511, Errors: 0
  [Normal_Injector Worker 140249027823296] Stopped. Total requests: 3649, Errors: 0
  [Normal_Injector Worker 140249044608704] Stopped. Total requests: 3592, Errors: 0
[Normal_Injector] Stop signal sent (non-blocking).
[Orchestrator] Cleaning up all simulation instances...
Cleaning up all simulation instances...
Stopping and removing container: target_instance_1 (0ba9797e9e)...
  Container target_instance_1 removed.
Simulation instance cleanup complete.
[Stats_Collector] Stopping stats collector thread...
[Orchestrator] Simulation Complete. Total Fictional Cost: $0.0010
[Orchestrator] Metrics logged in: simulation_metrics.csv

===== [4/8] normal isolado agg160_WU10_rep1 (rps/cliente=40.0) =====
Simulation duration set to: 180
Attack duration set to: 0
Normal traffic RPS per client set to: 40.0
Normal traffic number of clients set to: 4
Normal traffic work units set to: 10
[Orchestrator] Initializing simulation environment...
[Sniffer] Realtime tcpdump started on any
[Sniffer] Label set to: benign
[Autoscaler] Initialized.
Attempting to build Docker image: edos_target_app:latest...
Image edos_target_app:latest already exists. Skipping build.
Docker network 'edos_network' already exists.
[Orchestrator] Cleaning up any pre-existing simulation instances...
Cleaning up all simulation instances...
No simulation instances found to clean up.
[Orchestrator] Starting initial 1 instance(s)...
Attempting to start container target_instance_1 mapping container:80 to host:8080...
Container cb962a50cf (target_instance_1) started. Accessible on host port 8080.
[Autoscaler] Initial number of instances set to: 1
[Orchestrator] 1 initial instance(s) running.
[Orchestrator] Metrics will be logged to: simulation_metrics.csv
[Orchestrator] Attack summary will be logged to: attack_summary_log.csv
[Orchestrator] Normal traffic summary will be logged to: normal_traffic_summary_log.csv
[Orchestrator] Starting simulation main loop for 180 seconds.
[Orchestrator] Monitoring interval: 5s. Cooldown: 20s.
[Orchestrator] CPU Thresholds: Scale Up > 60.0%, Scale Down < 25.0%
[Orchestrator] No traffic injection scheduled (ATTACK_DURATION_SECONDS is 0 or less).
[Sniffer] Label set to: benign

--- Iteration 1 | Time: 0.0s / 180s ---
[Orchestrator]RTT = 0.0
[Orchestrator] Metrics: 1 active instance(s), Avg CPU: 0.00%, Avg App MEM: 0.00 MB
[Autoscaler] Condition for SCALE_DOWN met (Avg CPU: 0.00%), but already at MIN_INSTANCES (1). No action.
[DEBUG Orchestrator] Iteration Start. Instances Before Injector Logic: 1, Attack Started Flag: False, Normal Traffic Started Flag: False
[DEBUG Orchestrator] URLs derived for injector (if active): ['http://localhost:8080']
[Orchestrator] Starting Normal Traffic (if not already active). Target URLs for this call: ['http://localhost:8080']
[LoadBalancer:Normal] Alvos atualizados: ['http://localhost:8080']
[Normal_Injector] Starting HTTP flood with 4 attackers, ~160.0 RPS total, across 1 targets: http://localhost:8080
  [Normal_Injector Worker 139654638503616] Started. RPS: 40.00, Mean interval: 0.0250s (Poisson)
  [Normal_Injector Worker 139654418396864] Started. RPS: 40.00, Mean interval: 0.0250s (Poisson)
  [Normal_Injector Worker 139654410004160] Started. RPS: 40.00, Mean interval: 0.0250s (Poisson)
  [Normal_Injector Worker 139654384826048] Started. RPS: 40.00, Mean interval: 0.0250s (Poisson)
[Normal_Injector] All 4 attacker threads launched.
[DEGUG Orchestrator Loop Duration] Loop Duration = 466696.905009794
[Sniffer] Label set to: benign

--- Iteration 2 | Time: 5.0s / 180s ---
[Orchestrator]RTT = 1.8080727619884216
[Orchestrator] Metrics: 1 active instance(s), Avg CPU: 12.25%, Avg App MEM: 11.08 MB
[Autoscaler] Condition for SCALE_DOWN met (Avg CPU: 12.25%), but already at MIN_INSTANCES (1). No action.
[DEBUG Orchestrator] Iteration Start. Instances Before Injector Logic: 1, Attack Started Flag: False, Normal Traffic Started Flag: True
[DEBUG Orchestrator] URLs derived for injector (if active): ['http://localhost:8080']
[Orchestrator] Starting Normal Traffic (if not already active). Target URLs for this call: ['http://localhost:8080']
[Normal_Injector] Normal traffic already in progress. Call stop_http_traffic() first.
[DEGUG Orchestrator Loop Duration] Loop Duration = 466701.905009794
[Sniffer] Label set to: benign

--- Iteration 3 | Time: 10.0s / 180s ---
[Orchestrator]RTT = 1.8482039106514407
[Orchestrator] Metrics: 1 active instance(s), Avg CPU: 10.88%, Avg App MEM: 11.14 MB
[Autoscaler] Condition for SCALE_DOWN met (Avg CPU: 10.88%), but already at MIN_INSTANCES (1). No action.
[DEBUG Orchestrator] Iteration Start. Instances Before Injector Logic: 1, Attack Started Flag: False, Normal Traffic Started Flag: True
[DEBUG Orchestrator] URLs derived for injector (if active): ['http://localhost:8080']
[Orchestrator] Starting Normal Traffic (if not already active). Target URLs for this call: ['http://localhost:8080']
[Normal_Injector] Normal traffic already in progress. Call stop_http_traffic() first.
[DEGUG Orchestrator Loop Duration] Loop Duration = 466706.905009794
[Sniffer] Label set to: benign

--- Iteration 4 | Time: 15.0s / 180s ---
[Orchestrator]RTT = 1.8947952285856147
[Orchestrator] Metrics: 1 active instance(s), Avg CPU: 12.54%, Avg App MEM: 13.17 MB
[Autoscaler] Condition for SCALE_DOWN met (Avg CPU: 12.54%), but already at MIN_INSTANCES (1). No action.
[DEBUG Orchestrator] Iteration Start. Instances Before Injector Logic: 1, Attack Started Flag: False, Normal Traffic Started Flag: True
[DEBUG Orchestrator] URLs derived for injector (if active): ['http://localhost:8080']
[Orchestrator] Starting Normal Traffic (if not already active). Target URLs for this call: ['http://localhost:8080']
[Normal_Injector] Normal traffic already in progress. Call stop_http_traffic() first.
[DEGUG Orchestrator Loop Duration] Loop Duration = 466711.905009794
[Sniffer] Label set to: benign

--- Iteration 5 | Time: 20.0s / 180s ---
[Orchestrator]RTT = 1.6985220654724487
[Orchestrator] Metrics: 1 active instance(s), Avg CPU: 11.81%, Avg App MEM: 13.12 MB
[Autoscaler] Condition for SCALE_DOWN met (Avg CPU: 11.81%), but already at MIN_INSTANCES (1). No action.
[DEBUG Orchestrator] Iteration Start. Instances Before Injector Logic: 1, Attack Started Flag: False, Normal Traffic Started Flag: True
[DEBUG Orchestrator] URLs derived for injector (if active): ['http://localhost:8080']
[Orchestrator] Starting Normal Traffic (if not already active). Target URLs for this call: ['http://localhost:8080']
[Normal_Injector] Normal traffic already in progress. Call stop_http_traffic() first.
[DEGUG Orchestrator Loop Duration] Loop Duration = 466716.905009794
[Sniffer] Label set to: benign

--- Iteration 6 | Time: 25.0s / 180s ---
[Orchestrator]RTT = 1.758301112675798
[Orchestrator] Metrics: 1 active instance(s), Avg CPU: 12.24%, Avg App MEM: 13.10 MB
[Autoscaler] Condition for SCALE_DOWN met (Avg CPU: 12.24%), but already at MIN_INSTANCES (1). No action.
[DEBUG Orchestrator] Iteration Start. Instances Before Injector Logic: 1, Attack Started Flag: False, Normal Traffic Started Flag: True
[DEBUG Orchestrator] URLs derived for injector (if active): ['http://localhost:8080']
[Orchestrator] Starting Normal Traffic (if not already active). Target URLs for this call: ['http://localhost:8080']
[Normal_Injector] Normal traffic already in progress. Call stop_http_traffic() first.
[DEGUG Orchestrator Loop Duration] Loop Duration = 466721.905009794
[Sniffer] Label set to: benign

--- Iteration 7 | Time: 30.0s / 180s ---
[Orchestrator]RTT = 1.6791712659095253
[Orchestrator] Metrics: 1 active instance(s), Avg CPU: 11.45%, Avg App MEM: 13.11 MB
[Autoscaler] Condition for SCALE_DOWN met (Avg CPU: 11.45%), but already at MIN_INSTANCES (1). No action.
[DEBUG Orchestrator] Iteration Start. Instances Before Injector Logic: 1, Attack Started Flag: False, Normal Traffic Started Flag: True
[DEBUG Orchestrator] URLs derived for injector (if active): ['http://localhost:8080']
[Orchestrator] Starting Normal Traffic (if not already active). Target URLs for this call: ['http://localhost:8080']
[Normal_Injector] Normal traffic already in progress. Call stop_http_traffic() first.
[DEGUG Orchestrator Loop Duration] Loop Duration = 466726.905009794
[Sniffer] Label set to: benign

--- Iteration 8 | Time: 35.0s / 180s ---
[Orchestrator]RTT = 2.111889526549253
[Orchestrator] Metrics: 1 active instance(s), Avg CPU: 13.19%, Avg App MEM: 13.12 MB
[Autoscaler] Condition for SCALE_DOWN met (Avg CPU: 13.19%), but already at MIN_INSTANCES (1). No action.
[DEBUG Orchestrator] Iteration Start. Instances Before Injector Logic: 1, Attack Started Flag: False, Normal Traffic Started Flag: True
[DEBUG Orchestrator] URLs derived for injector (if active): ['http://localhost:8080']
[Orchestrator] Starting Normal Traffic (if not already active). Target URLs for this call: ['http://localhost:8080']
[Normal_Injector] Normal traffic already in progress. Call stop_http_traffic() first.
[DEGUG Orchestrator Loop Duration] Loop Duration = 466731.905009794
[Sniffer] Label set to: benign

--- Iteration 9 | Time: 40.0s / 180s ---
[Orchestrator]RTT = 1.663893700954703
[Orchestrator] Metrics: 1 active instance(s), Avg CPU: 11.68%, Avg App MEM: 13.12 MB
[Autoscaler] Condition for SCALE_DOWN met (Avg CPU: 11.68%), but already at MIN_INSTANCES (1). No action.
[DEBUG Orchestrator] Iteration Start. Instances Before Injector Logic: 1, Attack Started Flag: False, Normal Traffic Started Flag: True
[DEBUG Orchestrator] URLs derived for injector (if active): ['http://localhost:8080']
[Orchestrator] Starting Normal Traffic (if not already active). Target URLs for this call: ['http://localhost:8080']
[Normal_Injector] Normal traffic already in progress. Call stop_http_traffic() first.
[DEGUG Orchestrator Loop Duration] Loop Duration = 466736.905009794
[Sniffer] Label set to: benign

--- Iteration 10 | Time: 45.0s / 180s ---
[Orchestrator]RTT = 1.8390947969374276
[Orchestrator] Metrics: 1 active instance(s), Avg CPU: 11.58%, Avg App MEM: 13.10 MB
[Autoscaler] Condition for SCALE_DOWN met (Avg CPU: 11.58%), but already at MIN_INSTANCES (1). No action.
[DEBUG Orchestrator] Iteration Start. Instances Before Injector Logic: 1, Attack Started Flag: False, Normal Traffic Started Flag: True
[DEBUG Orchestrator] URLs derived for injector (if active): ['http://localhost:8080']
[Orchestrator] Starting Normal Traffic (if not already active). Target URLs for this call: ['http://localhost:8080']
[Normal_Injector] Normal traffic already in progress. Call stop_http_traffic() first.
[DEGUG Orchestrator Loop Duration] Loop Duration = 466741.905009794
[Sniffer] Label set to: benign

--- Iteration 11 | Time: 50.0s / 180s ---
[Orchestrator]RTT = 1.7645128339106546
[Orchestrator] Metrics: 1 active instance(s), Avg CPU: 12.53%, Avg App MEM: 13.17 MB
[Autoscaler] Condition for SCALE_DOWN met (Avg CPU: 12.53%), but already at MIN_INSTANCES (1). No action.
[DEBUG Orchestrator] Iteration Start. Instances Before Injector Logic: 1, Attack Started Flag: False, Normal Traffic Started Flag: True
[DEBUG Orchestrator] URLs derived for injector (if active): ['http://localhost:8080']
[Orchestrator] Starting Normal Traffic (if not already active). Target URLs for this call: ['http://localhost:8080']
[Normal_Injector] Normal traffic already in progress. Call stop_http_traffic() first.
[DEGUG Orchestrator Loop Duration] Loop Duration = 466746.905009794
[Sniffer] Label set to: benign

--- Iteration 12 | Time: 55.0s / 180s ---
[Orchestrator]RTT = 1.6273500920628265
[Orchestrator] Metrics: 1 active instance(s), Avg CPU: 10.71%, Avg App MEM: 13.10 MB
[Autoscaler] Condition for SCALE_DOWN met (Avg CPU: 10.71%), but already at MIN_INSTANCES (1). No action.
[DEBUG Orchestrator] Iteration Start. Instances Before Injector Logic: 1, Attack Started Flag: False, Normal Traffic Started Flag: True
[DEBUG Orchestrator] URLs derived for injector (if active): ['http://localhost:8080']
[Orchestrator] Starting Normal Traffic (if not already active). Target URLs for this call: ['http://localhost:8080']
[Normal_Injector] Normal traffic already in progress. Call stop_http_traffic() first.
[DEGUG Orchestrator Loop Duration] Loop Duration = 466751.905009794
[Sniffer] Label set to: benign

--- Iteration 13 | Time: 60.0s / 180s ---
[Orchestrator]RTT = 1.7822371871144964
[Orchestrator] Metrics: 1 active instance(s), Avg CPU: 11.61%, Avg App MEM: 13.15 MB
[Autoscaler] Condition for SCALE_DOWN met (Avg CPU: 11.61%), but already at MIN_INSTANCES (1). No action.
[DEBUG Orchestrator] Iteration Start. Instances Before Injector Logic: 1, Attack Started Flag: False, Normal Traffic Started Flag: True
[DEBUG Orchestrator] URLs derived for injector (if active): ['http://localhost:8080']
[Orchestrator] Starting Normal Traffic (if not already active). Target URLs for this call: ['http://localhost:8080']
[Normal_Injector] Normal traffic already in progress. Call stop_http_traffic() first.
[DEGUG Orchestrator Loop Duration] Loop Duration = 466756.905009794
[Sniffer] Label set to: benign

--- Iteration 14 | Time: 65.0s / 180s ---
[Orchestrator]RTT = 1.6198273582977516
[Orchestrator] Metrics: 1 active instance(s), Avg CPU: 10.33%, Avg App MEM: 13.11 MB
[Autoscaler] Condition for SCALE_DOWN met (Avg CPU: 10.33%), but already at MIN_INSTANCES (1). No action.
[DEBUG Orchestrator] Iteration Start. Instances Before Injector Logic: 1, Attack Started Flag: False, Normal Traffic Started Flag: True
[DEBUG Orchestrator] URLs derived for injector (if active): ['http://localhost:8080']
[Orchestrator] Starting Normal Traffic (if not already active). Target URLs for this call: ['http://localhost:8080']
[Normal_Injector] Normal traffic already in progress. Call stop_http_traffic() first.
[DEGUG Orchestrator Loop Duration] Loop Duration = 466761.905009794
[Sniffer] Label set to: benign

--- Iteration 15 | Time: 70.0s / 180s ---
[Orchestrator]RTT = 1.8527758704294683
[Orchestrator] Metrics: 1 active instance(s), Avg CPU: 11.91%, Avg App MEM: 13.16 MB
[Autoscaler] Condition for SCALE_DOWN met (Avg CPU: 11.91%), but already at MIN_INSTANCES (1). No action.
[DEBUG Orchestrator] Iteration Start. Instances Before Injector Logic: 1, Attack Started Flag: False, Normal Traffic Started Flag: True
[DEBUG Orchestrator] URLs derived for injector (if active): ['http://localhost:8080']
[Orchestrator] Starting Normal Traffic (if not already active). Target URLs for this call: ['http://localhost:8080']
[Normal_Injector] Normal traffic already in progress. Call stop_http_traffic() first.
[DEGUG Orchestrator Loop Duration] Loop Duration = 466766.905009794
[Sniffer] Label set to: benign

--- Iteration 16 | Time: 75.0s / 180s ---
[Orchestrator]RTT = 1.8022208455755744
[Orchestrator] Metrics: 1 active instance(s), Avg CPU: 11.01%, Avg App MEM: 13.13 MB
[Autoscaler] Condition for SCALE_DOWN met (Avg CPU: 11.01%), but already at MIN_INSTANCES (1). No action.
[DEBUG Orchestrator] Iteration Start. Instances Before Injector Logic: 1, Attack Started Flag: False, Normal Traffic Started Flag: True
[DEBUG Orchestrator] URLs derived for injector (if active): ['http://localhost:8080']
[Orchestrator] Starting Normal Traffic (if not already active). Target URLs for this call: ['http://localhost:8080']
[Normal_Injector] Normal traffic already in progress. Call stop_http_traffic() first.
[DEGUG Orchestrator Loop Duration] Loop Duration = 466771.905009794
[Sniffer] Label set to: benign

--- Iteration 17 | Time: 80.0s / 180s ---
[Orchestrator]RTT = 1.7676135493023262
[Orchestrator] Metrics: 1 active instance(s), Avg CPU: 10.70%, Avg App MEM: 13.15 MB
[Autoscaler] Condition for SCALE_DOWN met (Avg CPU: 10.70%), but already at MIN_INSTANCES (1). No action.
[DEBUG Orchestrator] Iteration Start. Instances Before Injector Logic: 1, Attack Started Flag: False, Normal Traffic Started Flag: True
[DEBUG Orchestrator] URLs derived for injector (if active): ['http://localhost:8080']
[Orchestrator] Starting Normal Traffic (if not already active). Target URLs for this call: ['http://localhost:8080']
[Normal_Injector] Normal traffic already in progress. Call stop_http_traffic() first.
[DEGUG Orchestrator Loop Duration] Loop Duration = 466776.905009794
[Sniffer] Label set to: benign

--- Iteration 18 | Time: 85.0s / 180s ---
[Orchestrator]RTT = 1.8697753779774442
[Orchestrator] Metrics: 1 active instance(s), Avg CPU: 10.90%, Avg App MEM: 13.14 MB
[Autoscaler] Condition for SCALE_DOWN met (Avg CPU: 10.90%), but already at MIN_INSTANCES (1). No action.
[DEBUG Orchestrator] Iteration Start. Instances Before Injector Logic: 1, Attack Started Flag: False, Normal Traffic Started Flag: True
[DEBUG Orchestrator] URLs derived for injector (if active): ['http://localhost:8080']
[Orchestrator] Starting Normal Traffic (if not already active). Target URLs for this call: ['http://localhost:8080']
[Normal_Injector] Normal traffic already in progress. Call stop_http_traffic() first.
[DEGUG Orchestrator Loop Duration] Loop Duration = 466781.905009794
[Sniffer] Label set to: benign

--- Iteration 19 | Time: 90.0s / 180s ---
[Orchestrator]RTT = 1.6331253350005086
[Orchestrator] Metrics: 1 active instance(s), Avg CPU: 10.97%, Avg App MEM: 13.10 MB
[Autoscaler] Condition for SCALE_DOWN met (Avg CPU: 10.97%), but already at MIN_INSTANCES (1). No action.
[DEBUG Orchestrator] Iteration Start. Instances Before Injector Logic: 1, Attack Started Flag: False, Normal Traffic Started Flag: True
[DEBUG Orchestrator] URLs derived for injector (if active): ['http://localhost:8080']
[Orchestrator] Starting Normal Traffic (if not already active). Target URLs for this call: ['http://localhost:8080']
[Normal_Injector] Normal traffic already in progress. Call stop_http_traffic() first.
[DEGUG Orchestrator Loop Duration] Loop Duration = 466786.905009794
[Sniffer] Label set to: benign

--- Iteration 20 | Time: 95.0s / 180s ---
[Orchestrator]RTT = 1.934705925265861
[Orchestrator] Metrics: 1 active instance(s), Avg CPU: 11.66%, Avg App MEM: 13.11 MB
[Autoscaler] Condition for SCALE_DOWN met (Avg CPU: 11.66%), but already at MIN_INSTANCES (1). No action.
[DEBUG Orchestrator] Iteration Start. Instances Before Injector Logic: 1, Attack Started Flag: False, Normal Traffic Started Flag: True
[DEBUG Orchestrator] URLs derived for injector (if active): ['http://localhost:8080']
[Orchestrator] Starting Normal Traffic (if not already active). Target URLs for this call: ['http://localhost:8080']
[Normal_Injector] Normal traffic already in progress. Call stop_http_traffic() first.
[DEGUG Orchestrator Loop Duration] Loop Duration = 466791.905009794
[Sniffer] Label set to: benign

--- Iteration 21 | Time: 100.0s / 180s ---
[Orchestrator]RTT = 1.6417089015756017
[Orchestrator] Metrics: 1 active instance(s), Avg CPU: 11.41%, Avg App MEM: 13.14 MB
[Autoscaler] Condition for SCALE_DOWN met (Avg CPU: 11.41%), but already at MIN_INSTANCES (1). No action.
[DEBUG Orchestrator] Iteration Start. Instances Before Injector Logic: 1, Attack Started Flag: False, Normal Traffic Started Flag: True
[DEBUG Orchestrator] URLs derived for injector (if active): ['http://localhost:8080']
[Orchestrator] Starting Normal Traffic (if not already active). Target URLs for this call: ['http://localhost:8080']
[Normal_Injector] Normal traffic already in progress. Call stop_http_traffic() first.
[DEGUG Orchestrator Loop Duration] Loop Duration = 466796.905009794
[Sniffer] Label set to: benign

--- Iteration 22 | Time: 105.0s / 180s ---
[Orchestrator]RTT = 2.273830551617815
[Orchestrator] Metrics: 1 active instance(s), Avg CPU: 12.67%, Avg App MEM: 13.11 MB
[Autoscaler] Condition for SCALE_DOWN met (Avg CPU: 12.67%), but already at MIN_INSTANCES (1). No action.
[DEBUG Orchestrator] Iteration Start. Instances Before Injector Logic: 1, Attack Started Flag: False, Normal Traffic Started Flag: True
[DEBUG Orchestrator] URLs derived for injector (if active): ['http://localhost:8080']
[Orchestrator] Starting Normal Traffic (if not already active). Target URLs for this call: ['http://localhost:8080']
[Normal_Injector] Normal traffic already in progress. Call stop_http_traffic() first.
[DEGUG Orchestrator Loop Duration] Loop Duration = 466801.905009794
[Sniffer] Label set to: benign

--- Iteration 23 | Time: 110.0s / 180s ---
[Orchestrator]RTT = 1.6593434104340365
[Orchestrator] Metrics: 1 active instance(s), Avg CPU: 10.70%, Avg App MEM: 13.10 MB
[Autoscaler] Condition for SCALE_DOWN met (Avg CPU: 10.70%), but already at MIN_INSTANCES (1). No action.
[DEBUG Orchestrator] Iteration Start. Instances Before Injector Logic: 1, Attack Started Flag: False, Normal Traffic Started Flag: True
[DEBUG Orchestrator] URLs derived for injector (if active): ['http://localhost:8080']
[Orchestrator] Starting Normal Traffic (if not already active). Target URLs for this call: ['http://localhost:8080']
[Normal_Injector] Normal traffic already in progress. Call stop_http_traffic() first.
[DEGUG Orchestrator Loop Duration] Loop Duration = 466806.905009794
[Sniffer] Label set to: benign

--- Iteration 24 | Time: 115.0s / 180s ---
[Orchestrator]RTT = 1.7001522320848987
[Orchestrator] Metrics: 1 active instance(s), Avg CPU: 11.34%, Avg App MEM: 13.10 MB
[Autoscaler] Condition for SCALE_DOWN met (Avg CPU: 11.34%), but already at MIN_INSTANCES (1). No action.
[DEBUG Orchestrator] Iteration Start. Instances Before Injector Logic: 1, Attack Started Flag: False, Normal Traffic Started Flag: True
[DEBUG Orchestrator] URLs derived for injector (if active): ['http://localhost:8080']
[Orchestrator] Starting Normal Traffic (if not already active). Target URLs for this call: ['http://localhost:8080']
[Normal_Injector] Normal traffic already in progress. Call stop_http_traffic() first.
[DEGUG Orchestrator Loop Duration] Loop Duration = 466811.905009794
[Sniffer] Label set to: benign

--- Iteration 25 | Time: 120.0s / 180s ---
[Orchestrator]RTT = 1.7889624972355358
[Orchestrator] Metrics: 1 active instance(s), Avg CPU: 10.95%, Avg App MEM: 13.09 MB
[Autoscaler] Condition for SCALE_DOWN met (Avg CPU: 10.95%), but already at MIN_INSTANCES (1). No action.
[DEBUG Orchestrator] Iteration Start. Instances Before Injector Logic: 1, Attack Started Flag: False, Normal Traffic Started Flag: True
[DEBUG Orchestrator] URLs derived for injector (if active): ['http://localhost:8080']
[Orchestrator] Starting Normal Traffic (if not already active). Target URLs for this call: ['http://localhost:8080']
[Normal_Injector] Normal traffic already in progress. Call stop_http_traffic() first.
[DEGUG Orchestrator Loop Duration] Loop Duration = 466816.905009794
[Sniffer] Label set to: benign

--- Iteration 26 | Time: 125.0s / 180s ---
[Orchestrator]RTT = 1.739975120900143
[Orchestrator] Metrics: 1 active instance(s), Avg CPU: 10.95%, Avg App MEM: 13.14 MB
[Autoscaler] Condition for SCALE_DOWN met (Avg CPU: 10.95%), but already at MIN_INSTANCES (1). No action.
[DEBUG Orchestrator] Iteration Start. Instances Before Injector Logic: 1, Attack Started Flag: False, Normal Traffic Started Flag: True
[DEBUG Orchestrator] URLs derived for injector (if active): ['http://localhost:8080']
[Orchestrator] Starting Normal Traffic (if not already active). Target URLs for this call: ['http://localhost:8080']
[Normal_Injector] Normal traffic already in progress. Call stop_http_traffic() first.
[DEGUG Orchestrator Loop Duration] Loop Duration = 466821.905009794
[Sniffer] Label set to: benign

--- Iteration 27 | Time: 130.0s / 180s ---
[Orchestrator]RTT = 2.030345047863982
[Orchestrator] Metrics: 1 active instance(s), Avg CPU: 13.27%, Avg App MEM: 13.16 MB
[Autoscaler] Condition for SCALE_DOWN met (Avg CPU: 13.27%), but already at MIN_INSTANCES (1). No action.
[DEBUG Orchestrator] Iteration Start. Instances Before Injector Logic: 1, Attack Started Flag: False, Normal Traffic Started Flag: True
[DEBUG Orchestrator] URLs derived for injector (if active): ['http://localhost:8080']
[Orchestrator] Starting Normal Traffic (if not already active). Target URLs for this call: ['http://localhost:8080']
[Normal_Injector] Normal traffic already in progress. Call stop_http_traffic() first.
[DEGUG Orchestrator Loop Duration] Loop Duration = 466826.905009794
[Sniffer] Label set to: benign

--- Iteration 28 | Time: 135.0s / 180s ---
[Orchestrator]RTT = 1.6322332400676307
[Orchestrator] Metrics: 1 active instance(s), Avg CPU: 10.85%, Avg App MEM: 13.15 MB
[Autoscaler] Condition for SCALE_DOWN met (Avg CPU: 10.85%), but already at MIN_INSTANCES (1). No action.
[DEBUG Orchestrator] Iteration Start. Instances Before Injector Logic: 1, Attack Started Flag: False, Normal Traffic Started Flag: True
[DEBUG Orchestrator] URLs derived for injector (if active): ['http://localhost:8080']
[Orchestrator] Starting Normal Traffic (if not already active). Target URLs for this call: ['http://localhost:8080']
[Normal_Injector] Normal traffic already in progress. Call stop_http_traffic() first.
[DEGUG Orchestrator Loop Duration] Loop Duration = 466831.905009794
[Sniffer] Label set to: benign

--- Iteration 29 | Time: 140.0s / 180s ---
[Orchestrator]RTT = 1.9459911483737453
[Orchestrator] Metrics: 1 active instance(s), Avg CPU: 13.05%, Avg App MEM: 13.24 MB
[Autoscaler] Condition for SCALE_DOWN met (Avg CPU: 13.05%), but already at MIN_INSTANCES (1). No action.
[DEBUG Orchestrator] Iteration Start. Instances Before Injector Logic: 1, Attack Started Flag: False, Normal Traffic Started Flag: True
[DEBUG Orchestrator] URLs derived for injector (if active): ['http://localhost:8080']
[Orchestrator] Starting Normal Traffic (if not already active). Target URLs for this call: ['http://localhost:8080']
[Normal_Injector] Normal traffic already in progress. Call stop_http_traffic() first.
[DEGUG Orchestrator Loop Duration] Loop Duration = 466836.905009794
[Sniffer] Label set to: benign

--- Iteration 30 | Time: 145.0s / 180s ---
[Orchestrator]RTT = 1.677273892297466
[Orchestrator] Metrics: 1 active instance(s), Avg CPU: 10.73%, Avg App MEM: 13.12 MB
[Autoscaler] Condition for SCALE_DOWN met (Avg CPU: 10.73%), but already at MIN_INSTANCES (1). No action.
[DEBUG Orchestrator] Iteration Start. Instances Before Injector Logic: 1, Attack Started Flag: False, Normal Traffic Started Flag: True
[DEBUG Orchestrator] URLs derived for injector (if active): ['http://localhost:8080']
[Orchestrator] Starting Normal Traffic (if not already active). Target URLs for this call: ['http://localhost:8080']
[Normal_Injector] Normal traffic already in progress. Call stop_http_traffic() first.
[DEGUG Orchestrator Loop Duration] Loop Duration = 466841.905009794
[Sniffer] Label set to: benign

--- Iteration 31 | Time: 150.0s / 180s ---
[Orchestrator]RTT = 1.7518563653127954
[Orchestrator] Metrics: 1 active instance(s), Avg CPU: 10.78%, Avg App MEM: 13.15 MB
[Autoscaler] Condition for SCALE_DOWN met (Avg CPU: 10.78%), but already at MIN_INSTANCES (1). No action.
[DEBUG Orchestrator] Iteration Start. Instances Before Injector Logic: 1, Attack Started Flag: False, Normal Traffic Started Flag: True
[DEBUG Orchestrator] URLs derived for injector (if active): ['http://localhost:8080']
[Orchestrator] Starting Normal Traffic (if not already active). Target URLs for this call: ['http://localhost:8080']
[Normal_Injector] Normal traffic already in progress. Call stop_http_traffic() first.
[DEGUG Orchestrator Loop Duration] Loop Duration = 466846.905009794
[Sniffer] Label set to: benign

--- Iteration 32 | Time: 155.0s / 180s ---
[Orchestrator]RTT = 1.79103542112637
[Orchestrator] Metrics: 1 active instance(s), Avg CPU: 12.36%, Avg App MEM: 13.13 MB
[Autoscaler] Condition for SCALE_DOWN met (Avg CPU: 12.36%), but already at MIN_INSTANCES (1). No action.
[DEBUG Orchestrator] Iteration Start. Instances Before Injector Logic: 1, Attack Started Flag: False, Normal Traffic Started Flag: True
[DEBUG Orchestrator] URLs derived for injector (if active): ['http://localhost:8080']
[Orchestrator] Starting Normal Traffic (if not already active). Target URLs for this call: ['http://localhost:8080']
[Normal_Injector] Normal traffic already in progress. Call stop_http_traffic() first.
[DEGUG Orchestrator Loop Duration] Loop Duration = 466851.905009794
[Sniffer] Label set to: benign

--- Iteration 33 | Time: 160.0s / 180s ---
[Orchestrator]RTT = 1.6271324975278754
[Orchestrator] Metrics: 1 active instance(s), Avg CPU: 10.34%, Avg App MEM: 13.18 MB
[Autoscaler] Condition for SCALE_DOWN met (Avg CPU: 10.34%), but already at MIN_INSTANCES (1). No action.
[DEBUG Orchestrator] Iteration Start. Instances Before Injector Logic: 1, Attack Started Flag: False, Normal Traffic Started Flag: True
[DEBUG Orchestrator] URLs derived for injector (if active): ['http://localhost:8080']
[Orchestrator] Starting Normal Traffic (if not already active). Target URLs for this call: ['http://localhost:8080']
[Normal_Injector] Normal traffic already in progress. Call stop_http_traffic() first.
[DEGUG Orchestrator Loop Duration] Loop Duration = 466856.905009794
[Sniffer] Label set to: benign

--- Iteration 34 | Time: 165.0s / 180s ---
[Orchestrator]RTT = 2.1326281560412257
[Orchestrator] Metrics: 1 active instance(s), Avg CPU: 12.42%, Avg App MEM: 13.14 MB
[Autoscaler] Condition for SCALE_DOWN met (Avg CPU: 12.42%), but already at MIN_INSTANCES (1). No action.
[DEBUG Orchestrator] Iteration Start. Instances Before Injector Logic: 1, Attack Started Flag: False, Normal Traffic Started Flag: True
[DEBUG Orchestrator] URLs derived for injector (if active): ['http://localhost:8080']
[Orchestrator] Starting Normal Traffic (if not already active). Target URLs for this call: ['http://localhost:8080']
[Normal_Injector] Normal traffic already in progress. Call stop_http_traffic() first.
[DEGUG Orchestrator Loop Duration] Loop Duration = 466861.905009794
[Sniffer] Label set to: benign

--- Iteration 35 | Time: 170.0s / 180s ---
[Orchestrator]RTT = 1.7087535215559584
[Orchestrator] Metrics: 1 active instance(s), Avg CPU: 10.40%, Avg App MEM: 13.11 MB
[Autoscaler] Condition for SCALE_DOWN met (Avg CPU: 10.40%), but already at MIN_INSTANCES (1). No action.
[DEBUG Orchestrator] Iteration Start. Instances Before Injector Logic: 1, Attack Started Flag: False, Normal Traffic Started Flag: True
[DEBUG Orchestrator] URLs derived for injector (if active): ['http://localhost:8080']
[Orchestrator] Starting Normal Traffic (if not already active). Target URLs for this call: ['http://localhost:8080']
[Normal_Injector] Normal traffic already in progress. Call stop_http_traffic() first.
[DEGUG Orchestrator Loop Duration] Loop Duration = 466866.905009794
[Sniffer] Label set to: benign

--- Iteration 36 | Time: 175.0s / 180s ---
[Orchestrator]RTT = 2.376208692370044
[Orchestrator] Metrics: 1 active instance(s), Avg CPU: 12.74%, Avg App MEM: 13.11 MB
[Autoscaler] Condition for SCALE_DOWN met (Avg CPU: 12.74%), but already at MIN_INSTANCES (1). No action.
[DEBUG Orchestrator] Iteration Start. Instances Before Injector Logic: 1, Attack Started Flag: False, Normal Traffic Started Flag: True
[DEBUG Orchestrator] URLs derived for injector (if active): ['http://localhost:8080']
[Orchestrator] Starting Normal Traffic (if not already active). Target URLs for this call: ['http://localhost:8080']
[Normal_Injector] Normal traffic already in progress. Call stop_http_traffic() first.
[DEGUG Orchestrator Loop Duration] Loop Duration = 466871.905009794

[Orchestrator] Simulation duration reached.
[Orchestrator] Saving RTT log...
[Sniffer] Realtime tcpdump stopped.
[Orchestrator] Stopping normal traffic...
[Normal_Injector] Signaling workers to stop...
  [Normal_Injector Worker 139654638503616] Stopped. Total requests: 7137, Errors: 0
  [Normal_Injector Worker 139654410004160] Stopped. Total requests: 7085, Errors: 0
  [Normal_Injector Worker 139654384826048] Stopped. Total requests: 7122, Errors: 0
  [Normal_Injector Worker 139654418396864] Stopped. Total requests: 7117, Errors: 0
[Normal_Injector] Stop signal sent (non-blocking).
[Orchestrator] Cleaning up all simulation instances...
Cleaning up all simulation instances...
Stopping and removing container: target_instance_1 (cb962a50cf)...
  Container target_instance_1 removed.
Simulation instance cleanup complete.
[Stats_Collector] Stopping stats collector thread...
[Orchestrator] Simulation Complete. Total Fictional Cost: $0.0010
[Orchestrator] Metrics logged in: simulation_metrics.csv

===== [5/8] normal isolado agg320_WU10_rep1 (rps/cliente=80.0) =====
Simulation duration set to: 180
Attack duration set to: 0
Normal traffic RPS per client set to: 80.0
Normal traffic number of clients set to: 4
Normal traffic work units set to: 10
[Orchestrator] Initializing simulation environment...
[Sniffer] Realtime tcpdump started on any
[Sniffer] Label set to: benign
[Autoscaler] Initialized.
Attempting to build Docker image: edos_target_app:latest...
Image edos_target_app:latest already exists. Skipping build.
Docker network 'edos_network' already exists.
[Orchestrator] Cleaning up any pre-existing simulation instances...
Cleaning up all simulation instances...
No simulation instances found to clean up.
[Orchestrator] Starting initial 1 instance(s)...
Attempting to start container target_instance_1 mapping container:80 to host:8080...
Container 4bb8cbbf23 (target_instance_1) started. Accessible on host port 8080.
[Autoscaler] Initial number of instances set to: 1
[Orchestrator] 1 initial instance(s) running.
[Orchestrator] Metrics will be logged to: simulation_metrics.csv
[Orchestrator] Attack summary will be logged to: attack_summary_log.csv
[Orchestrator] Normal traffic summary will be logged to: normal_traffic_summary_log.csv
[Orchestrator] Starting simulation main loop for 180 seconds.
[Orchestrator] Monitoring interval: 5s. Cooldown: 20s.
[Orchestrator] CPU Thresholds: Scale Up > 60.0%, Scale Down < 25.0%
[Orchestrator] No traffic injection scheduled (ATTACK_DURATION_SECONDS is 0 or less).
[Sniffer] Label set to: benign

--- Iteration 1 | Time: 0.0s / 180s ---
[Orchestrator]RTT = 0.0
[Orchestrator] Metrics: 1 active instance(s), Avg CPU: 0.00%, Avg App MEM: 0.00 MB
[Autoscaler] Condition for SCALE_DOWN met (Avg CPU: 0.00%), but already at MIN_INSTANCES (1). No action.
[DEBUG Orchestrator] Iteration Start. Instances Before Injector Logic: 1, Attack Started Flag: False, Normal Traffic Started Flag: False
[DEBUG Orchestrator] URLs derived for injector (if active): ['http://localhost:8080']
[Orchestrator] Starting Normal Traffic (if not already active). Target URLs for this call: ['http://localhost:8080']
[LoadBalancer:Normal] Alvos atualizados: ['http://localhost:8080']
[Normal_Injector] Starting HTTP flood with 4 attackers, ~320.0 RPS total, across 1 targets: http://localhost:8080
  [Normal_Injector Worker 139919722370752] Started. RPS: 80.00, Mean interval: 0.0125s (Poisson)
  [Normal_Injector Worker 139919498409664] Started. RPS: 80.00, Mean interval: 0.0125s (Poisson)
  [Normal_Injector Worker 139919490016960] Started. RPS: 80.00, Mean interval: 0.0125s (Poisson)
  [Normal_Injector Worker 139919473231552] Started. RPS: 80.00, Mean interval: 0.0125s (Poisson)
[Normal_Injector] All 4 attacker threads launched.
[DEGUG Orchestrator Loop Duration] Loop Duration = 466880.868551685
[Sniffer] Label set to: benign

--- Iteration 2 | Time: 5.0s / 180s ---
[Orchestrator]RTT = 1.9465124726849394
[Orchestrator] Metrics: 1 active instance(s), Avg CPU: 22.43%, Avg App MEM: 11.20 MB
[Autoscaler] Condition for SCALE_DOWN met (Avg CPU: 22.43%), but already at MIN_INSTANCES (1). No action.
[DEBUG Orchestrator] Iteration Start. Instances Before Injector Logic: 1, Attack Started Flag: False, Normal Traffic Started Flag: True
[DEBUG Orchestrator] URLs derived for injector (if active): ['http://localhost:8080']
[Orchestrator] Starting Normal Traffic (if not already active). Target URLs for this call: ['http://localhost:8080']
[Normal_Injector] Normal traffic already in progress. Call stop_http_traffic() first.
[DEGUG Orchestrator Loop Duration] Loop Duration = 466885.868551685
[Sniffer] Label set to: benign

--- Iteration 3 | Time: 10.0s / 180s ---
[Orchestrator]RTT = 1.878628142641709
[Orchestrator] Metrics: 1 active instance(s), Avg CPU: 19.89%, Avg App MEM: 12.10 MB
[Autoscaler] Condition for SCALE_DOWN met (Avg CPU: 19.89%), but already at MIN_INSTANCES (1). No action.
[DEBUG Orchestrator] Iteration Start. Instances Before Injector Logic: 1, Attack Started Flag: False, Normal Traffic Started Flag: True
[DEBUG Orchestrator] URLs derived for injector (if active): ['http://localhost:8080']
[Orchestrator] Starting Normal Traffic (if not already active). Target URLs for this call: ['http://localhost:8080']
[Normal_Injector] Normal traffic already in progress. Call stop_http_traffic() first.
[DEGUG Orchestrator Loop Duration] Loop Duration = 466890.868551685
[Sniffer] Label set to: benign

--- Iteration 4 | Time: 15.0s / 180s ---
[Orchestrator]RTT = 1.7810344115858172
[Orchestrator] Metrics: 1 active instance(s), Avg CPU: 20.99%, Avg App MEM: 12.49 MB
[Autoscaler] Condition for SCALE_DOWN met (Avg CPU: 20.99%), but already at MIN_INSTANCES (1). No action.
[DEBUG Orchestrator] Iteration Start. Instances Before Injector Logic: 1, Attack Started Flag: False, Normal Traffic Started Flag: True
[DEBUG Orchestrator] URLs derived for injector (if active): ['http://localhost:8080']
[Orchestrator] Starting Normal Traffic (if not already active). Target URLs for this call: ['http://localhost:8080']
[Normal_Injector] Normal traffic already in progress. Call stop_http_traffic() first.
[DEGUG Orchestrator Loop Duration] Loop Duration = 466895.868551685
[Sniffer] Label set to: benign

--- Iteration 5 | Time: 20.0s / 180s ---
[Orchestrator]RTT = 1.7580905600750287
[Orchestrator] Metrics: 1 active instance(s), Avg CPU: 19.36%, Avg App MEM: 11.28 MB
[Autoscaler] Condition for SCALE_DOWN met (Avg CPU: 19.36%), but already at MIN_INSTANCES (1). No action.
[DEBUG Orchestrator] Iteration Start. Instances Before Injector Logic: 1, Attack Started Flag: False, Normal Traffic Started Flag: True
[DEBUG Orchestrator] URLs derived for injector (if active): ['http://localhost:8080']
[Orchestrator] Starting Normal Traffic (if not already active). Target URLs for this call: ['http://localhost:8080']
[Normal_Injector] Normal traffic already in progress. Call stop_http_traffic() first.
[DEGUG Orchestrator Loop Duration] Loop Duration = 466900.868551685
[Sniffer] Label set to: benign

--- Iteration 6 | Time: 25.0s / 180s ---
[Orchestrator]RTT = 1.8208683164772757
[Orchestrator] Metrics: 1 active instance(s), Avg CPU: 21.89%, Avg App MEM: 11.28 MB
[Autoscaler] Condition for SCALE_DOWN met (Avg CPU: 21.89%), but already at MIN_INSTANCES (1). No action.
[DEBUG Orchestrator] Iteration Start. Instances Before Injector Logic: 1, Attack Started Flag: False, Normal Traffic Started Flag: True
[DEBUG Orchestrator] URLs derived for injector (if active): ['http://localhost:8080']
[Orchestrator] Starting Normal Traffic (if not already active). Target URLs for this call: ['http://localhost:8080']
[Normal_Injector] Normal traffic already in progress. Call stop_http_traffic() first.
[DEGUG Orchestrator Loop Duration] Loop Duration = 466905.868551685
[Sniffer] Label set to: benign

--- Iteration 7 | Time: 30.0s / 180s ---
[Orchestrator]RTT = 1.808157789367505
[Orchestrator] Metrics: 1 active instance(s), Avg CPU: 21.34%, Avg App MEM: 11.30 MB
[Autoscaler] Condition for SCALE_DOWN met (Avg CPU: 21.34%), but already at MIN_INSTANCES (1). No action.
[DEBUG Orchestrator] Iteration Start. Instances Before Injector Logic: 1, Attack Started Flag: False, Normal Traffic Started Flag: True
[DEBUG Orchestrator] URLs derived for injector (if active): ['http://localhost:8080']
[Orchestrator] Starting Normal Traffic (if not already active). Target URLs for this call: ['http://localhost:8080']
[Normal_Injector] Normal traffic already in progress. Call stop_http_traffic() first.
[DEGUG Orchestrator Loop Duration] Loop Duration = 466910.868551685
[Sniffer] Label set to: benign

--- Iteration 8 | Time: 35.0s / 180s ---
[Orchestrator]RTT = 1.6788443229872025
[Orchestrator] Metrics: 1 active instance(s), Avg CPU: 21.13%, Avg App MEM: 11.22 MB
[Autoscaler] Condition for SCALE_DOWN met (Avg CPU: 21.13%), but already at MIN_INSTANCES (1). No action.
[DEBUG Orchestrator] Iteration Start. Instances Before Injector Logic: 1, Attack Started Flag: False, Normal Traffic Started Flag: True
[DEBUG Orchestrator] URLs derived for injector (if active): ['http://localhost:8080']
[Orchestrator] Starting Normal Traffic (if not already active). Target URLs for this call: ['http://localhost:8080']
[Normal_Injector] Normal traffic already in progress. Call stop_http_traffic() first.
[DEGUG Orchestrator Loop Duration] Loop Duration = 466915.868551685
[Sniffer] Label set to: benign

--- Iteration 9 | Time: 40.0s / 180s ---
[Orchestrator]RTT = 1.7261509584178574
[Orchestrator] Metrics: 1 active instance(s), Avg CPU: 19.30%, Avg App MEM: 11.26 MB
[Autoscaler] Condition for SCALE_DOWN met (Avg CPU: 19.30%), but already at MIN_INSTANCES (1). No action.
[DEBUG Orchestrator] Iteration Start. Instances Before Injector Logic: 1, Attack Started Flag: False, Normal Traffic Started Flag: True
[DEBUG Orchestrator] URLs derived for injector (if active): ['http://localhost:8080']
[Orchestrator] Starting Normal Traffic (if not already active). Target URLs for this call: ['http://localhost:8080']
[Normal_Injector] Normal traffic already in progress. Call stop_http_traffic() first.
[DEGUG Orchestrator Loop Duration] Loop Duration = 466920.868551685
[Sniffer] Label set to: benign

--- Iteration 10 | Time: 45.0s / 180s ---
[Orchestrator]RTT = 1.8105146871865496
[Orchestrator] Metrics: 1 active instance(s), Avg CPU: 20.35%, Avg App MEM: 11.23 MB
[Autoscaler] Condition for SCALE_DOWN met (Avg CPU: 20.35%), but already at MIN_INSTANCES (1). No action.
[DEBUG Orchestrator] Iteration Start. Instances Before Injector Logic: 1, Attack Started Flag: False, Normal Traffic Started Flag: True
[DEBUG Orchestrator] URLs derived for injector (if active): ['http://localhost:8080']
[Orchestrator] Starting Normal Traffic (if not already active). Target URLs for this call: ['http://localhost:8080']
[Normal_Injector] Normal traffic already in progress. Call stop_http_traffic() first.
[DEGUG Orchestrator Loop Duration] Loop Duration = 466925.868551685
[Sniffer] Label set to: benign

--- Iteration 11 | Time: 50.0s / 180s ---
[Orchestrator]RTT = 2.062334841006169
[Orchestrator] Metrics: 1 active instance(s), Avg CPU: 23.95%, Avg App MEM: 11.21 MB
[Autoscaler] Condition for SCALE_DOWN met (Avg CPU: 23.95%), but already at MIN_INSTANCES (1). No action.
[DEBUG Orchestrator] Iteration Start. Instances Before Injector Logic: 1, Attack Started Flag: False, Normal Traffic Started Flag: True
[DEBUG Orchestrator] URLs derived for injector (if active): ['http://localhost:8080']
[Orchestrator] Starting Normal Traffic (if not already active). Target URLs for this call: ['http://localhost:8080']
[Normal_Injector] Normal traffic already in progress. Call stop_http_traffic() first.
[DEGUG Orchestrator Loop Duration] Loop Duration = 466930.868551685
[Sniffer] Label set to: benign

--- Iteration 12 | Time: 55.0s / 180s ---
[Orchestrator]RTT = 1.8344423155607046
[Orchestrator] Metrics: 1 active instance(s), Avg CPU: 21.38%, Avg App MEM: 11.22 MB
[Autoscaler] Condition for SCALE_DOWN met (Avg CPU: 21.38%), but already at MIN_INSTANCES (1). No action.
[DEBUG Orchestrator] Iteration Start. Instances Before Injector Logic: 1, Attack Started Flag: False, Normal Traffic Started Flag: True
[DEBUG Orchestrator] URLs derived for injector (if active): ['http://localhost:8080']
[Orchestrator] Starting Normal Traffic (if not already active). Target URLs for this call: ['http://localhost:8080']
[Normal_Injector] Normal traffic already in progress. Call stop_http_traffic() first.
[DEGUG Orchestrator Loop Duration] Loop Duration = 466935.868551685
[Sniffer] Label set to: benign

--- Iteration 13 | Time: 60.0s / 180s ---
[Orchestrator]RTT = 1.863944403267225
[Orchestrator] Metrics: 1 active instance(s), Avg CPU: 22.20%, Avg App MEM: 11.24 MB
[Autoscaler] Condition for SCALE_DOWN met (Avg CPU: 22.20%), but already at MIN_INSTANCES (1). No action.
[DEBUG Orchestrator] Iteration Start. Instances Before Injector Logic: 1, Attack Started Flag: False, Normal Traffic Started Flag: True
[DEBUG Orchestrator] URLs derived for injector (if active): ['http://localhost:8080']
[Orchestrator] Starting Normal Traffic (if not already active). Target URLs for this call: ['http://localhost:8080']
[Normal_Injector] Normal traffic already in progress. Call stop_http_traffic() first.
[DEGUG Orchestrator Loop Duration] Loop Duration = 466940.868551685
[Sniffer] Label set to: benign

--- Iteration 14 | Time: 65.0s / 180s ---
[Orchestrator]RTT = 1.8998814928832106
[Orchestrator] Metrics: 1 active instance(s), Avg CPU: 21.47%, Avg App MEM: 11.87 MB
[Autoscaler] Condition for SCALE_DOWN met (Avg CPU: 21.47%), but already at MIN_INSTANCES (1). No action.
[DEBUG Orchestrator] Iteration Start. Instances Before Injector Logic: 1, Attack Started Flag: False, Normal Traffic Started Flag: True
[DEBUG Orchestrator] URLs derived for injector (if active): ['http://localhost:8080']
[Orchestrator] Starting Normal Traffic (if not already active). Target URLs for this call: ['http://localhost:8080']
[Normal_Injector] Normal traffic already in progress. Call stop_http_traffic() first.
[DEGUG Orchestrator Loop Duration] Loop Duration = 466945.868551685
[Sniffer] Label set to: benign

--- Iteration 15 | Time: 70.0s / 180s ---
[Orchestrator]RTT = 1.7548401999879708
[Orchestrator] Metrics: 1 active instance(s), Avg CPU: 21.56%, Avg App MEM: 13.25 MB
[Autoscaler] Condition for SCALE_DOWN met (Avg CPU: 21.56%), but already at MIN_INSTANCES (1). No action.
[DEBUG Orchestrator] Iteration Start. Instances Before Injector Logic: 1, Attack Started Flag: False, Normal Traffic Started Flag: True
[DEBUG Orchestrator] URLs derived for injector (if active): ['http://localhost:8080']
[Orchestrator] Starting Normal Traffic (if not already active). Target URLs for this call: ['http://localhost:8080']
[Normal_Injector] Normal traffic already in progress. Call stop_http_traffic() first.
[DEGUG Orchestrator Loop Duration] Loop Duration = 466950.868551685
[Sniffer] Label set to: benign

--- Iteration 16 | Time: 75.0s / 180s ---
[Orchestrator]RTT = 1.816324147612942
[Orchestrator] Metrics: 1 active instance(s), Avg CPU: 21.49%, Avg App MEM: 13.23 MB
[Autoscaler] Condition for SCALE_DOWN met (Avg CPU: 21.49%), but already at MIN_INSTANCES (1). No action.
[DEBUG Orchestrator] Iteration Start. Instances Before Injector Logic: 1, Attack Started Flag: False, Normal Traffic Started Flag: True
[DEBUG Orchestrator] URLs derived for injector (if active): ['http://localhost:8080']
[Orchestrator] Starting Normal Traffic (if not already active). Target URLs for this call: ['http://localhost:8080']
[Normal_Injector] Normal traffic already in progress. Call stop_http_traffic() first.
[DEGUG Orchestrator Loop Duration] Loop Duration = 466955.868551685
[Sniffer] Label set to: benign

--- Iteration 17 | Time: 80.0s / 180s ---
[Orchestrator]RTT = 1.7102626919334183
[Orchestrator] Metrics: 1 active instance(s), Avg CPU: 20.02%, Avg App MEM: 13.27 MB
[Autoscaler] Condition for SCALE_DOWN met (Avg CPU: 20.02%), but already at MIN_INSTANCES (1). No action.
[DEBUG Orchestrator] Iteration Start. Instances Before Injector Logic: 1, Attack Started Flag: False, Normal Traffic Started Flag: True
[DEBUG Orchestrator] URLs derived for injector (if active): ['http://localhost:8080']
[Orchestrator] Starting Normal Traffic (if not already active). Target URLs for this call: ['http://localhost:8080']
[Normal_Injector] Normal traffic already in progress. Call stop_http_traffic() first.
[DEGUG Orchestrator Loop Duration] Loop Duration = 466960.868551685
[Sniffer] Label set to: benign

--- Iteration 18 | Time: 85.0s / 180s ---
[Orchestrator]RTT = 1.883961202374138
[Orchestrator] Metrics: 1 active instance(s), Avg CPU: 20.53%, Avg App MEM: 13.19 MB
[Autoscaler] Condition for SCALE_DOWN met (Avg CPU: 20.53%), but already at MIN_INSTANCES (1). No action.
[DEBUG Orchestrator] Iteration Start. Instances Before Injector Logic: 1, Attack Started Flag: False, Normal Traffic Started Flag: True
[DEBUG Orchestrator] URLs derived for injector (if active): ['http://localhost:8080']
[Orchestrator] Starting Normal Traffic (if not already active). Target URLs for this call: ['http://localhost:8080']
[Normal_Injector] Normal traffic already in progress. Call stop_http_traffic() first.
[DEGUG Orchestrator Loop Duration] Loop Duration = 466965.868551685
[Sniffer] Label set to: benign

--- Iteration 19 | Time: 90.0s / 180s ---
[Orchestrator]RTT = 1.7553086788171108
[Orchestrator] Metrics: 1 active instance(s), Avg CPU: 19.23%, Avg App MEM: 13.19 MB
[Autoscaler] Condition for SCALE_DOWN met (Avg CPU: 19.23%), but already at MIN_INSTANCES (1). No action.
[DEBUG Orchestrator] Iteration Start. Instances Before Injector Logic: 1, Attack Started Flag: False, Normal Traffic Started Flag: True
[DEBUG Orchestrator] URLs derived for injector (if active): ['http://localhost:8080']
[Orchestrator] Starting Normal Traffic (if not already active). Target URLs for this call: ['http://localhost:8080']
[Normal_Injector] Normal traffic already in progress. Call stop_http_traffic() first.
[DEGUG Orchestrator Loop Duration] Loop Duration = 466970.868551685
[Sniffer] Label set to: benign

--- Iteration 20 | Time: 95.0s / 180s ---
[Orchestrator]RTT = 1.8991882731365264
[Orchestrator] Metrics: 1 active instance(s), Avg CPU: 21.28%, Avg App MEM: 13.31 MB
[Autoscaler] Condition for SCALE_DOWN met (Avg CPU: 21.28%), but already at MIN_INSTANCES (1). No action.
[DEBUG Orchestrator] Iteration Start. Instances Before Injector Logic: 1, Attack Started Flag: False, Normal Traffic Started Flag: True
[DEBUG Orchestrator] URLs derived for injector (if active): ['http://localhost:8080']
[Orchestrator] Starting Normal Traffic (if not already active). Target URLs for this call: ['http://localhost:8080']
[Normal_Injector] Normal traffic already in progress. Call stop_http_traffic() first.
[DEGUG Orchestrator Loop Duration] Loop Duration = 466975.868551685
[Sniffer] Label set to: benign

--- Iteration 21 | Time: 100.0s / 180s ---
[Orchestrator]RTT = 1.8501427468422376
[Orchestrator] Metrics: 1 active instance(s), Avg CPU: 20.32%, Avg App MEM: 13.24 MB
[Autoscaler] Condition for SCALE_DOWN met (Avg CPU: 20.32%), but already at MIN_INSTANCES (1). No action.
[DEBUG Orchestrator] Iteration Start. Instances Before Injector Logic: 1, Attack Started Flag: False, Normal Traffic Started Flag: True
[DEBUG Orchestrator] URLs derived for injector (if active): ['http://localhost:8080']
[Orchestrator] Starting Normal Traffic (if not already active). Target URLs for this call: ['http://localhost:8080']
[Normal_Injector] Normal traffic already in progress. Call stop_http_traffic() first.
[DEGUG Orchestrator Loop Duration] Loop Duration = 466980.868551685
[Sniffer] Label set to: benign

--- Iteration 22 | Time: 105.0s / 180s ---
[Orchestrator]RTT = 1.7290325356869523
[Orchestrator] Metrics: 1 active instance(s), Avg CPU: 20.84%, Avg App MEM: 11.87 MB
[Autoscaler] Condition for SCALE_DOWN met (Avg CPU: 20.84%), but already at MIN_INSTANCES (1). No action.
[DEBUG Orchestrator] Iteration Start. Instances Before Injector Logic: 1, Attack Started Flag: False, Normal Traffic Started Flag: True
[DEBUG Orchestrator] URLs derived for injector (if active): ['http://localhost:8080']
[Orchestrator] Starting Normal Traffic (if not already active). Target URLs for this call: ['http://localhost:8080']
[Normal_Injector] Normal traffic already in progress. Call stop_http_traffic() first.
[DEGUG Orchestrator Loop Duration] Loop Duration = 466985.868551685
[Sniffer] Label set to: benign

--- Iteration 23 | Time: 110.0s / 180s ---
[Orchestrator]RTT = 1.9668649578985866
[Orchestrator] Metrics: 1 active instance(s), Avg CPU: 21.75%, Avg App MEM: 11.26 MB
[Autoscaler] Condition for SCALE_DOWN met (Avg CPU: 21.75%), but already at MIN_INSTANCES (1). No action.
[DEBUG Orchestrator] Iteration Start. Instances Before Injector Logic: 1, Attack Started Flag: False, Normal Traffic Started Flag: True
[DEBUG Orchestrator] URLs derived for injector (if active): ['http://localhost:8080']
[Orchestrator] Starting Normal Traffic (if not already active). Target URLs for this call: ['http://localhost:8080']
[Normal_Injector] Normal traffic already in progress. Call stop_http_traffic() first.
[DEGUG Orchestrator Loop Duration] Loop Duration = 466990.868551685
[Sniffer] Label set to: benign

--- Iteration 24 | Time: 115.0s / 180s ---
[Orchestrator]RTT = 1.9273251147886876
[Orchestrator] Metrics: 1 active instance(s), Avg CPU: 19.46%, Avg App MEM: 11.23 MB
[Autoscaler] Condition for SCALE_DOWN met (Avg CPU: 19.46%), but already at MIN_INSTANCES (1). No action.
[DEBUG Orchestrator] Iteration Start. Instances Before Injector Logic: 1, Attack Started Flag: False, Normal Traffic Started Flag: True
[DEBUG Orchestrator] URLs derived for injector (if active): ['http://localhost:8080']
[Orchestrator] Starting Normal Traffic (if not already active). Target URLs for this call: ['http://localhost:8080']
[Normal_Injector] Normal traffic already in progress. Call stop_http_traffic() first.
[DEGUG Orchestrator Loop Duration] Loop Duration = 466995.868551685
[Sniffer] Label set to: benign

--- Iteration 25 | Time: 120.0s / 180s ---
[Orchestrator]RTT = 2.0249746334563765
[Orchestrator] Metrics: 1 active instance(s), Avg CPU: 21.10%, Avg App MEM: 11.20 MB
[Autoscaler] Condition for SCALE_DOWN met (Avg CPU: 21.10%), but already at MIN_INSTANCES (1). No action.
[DEBUG Orchestrator] Iteration Start. Instances Before Injector Logic: 1, Attack Started Flag: False, Normal Traffic Started Flag: True
[DEBUG Orchestrator] URLs derived for injector (if active): ['http://localhost:8080']
[Orchestrator] Starting Normal Traffic (if not already active). Target URLs for this call: ['http://localhost:8080']
[Normal_Injector] Normal traffic already in progress. Call stop_http_traffic() first.
[DEGUG Orchestrator Loop Duration] Loop Duration = 467000.868551685
[Sniffer] Label set to: benign

--- Iteration 26 | Time: 125.0s / 180s ---
[Orchestrator]RTT = 1.857408391903663
[Orchestrator] Metrics: 1 active instance(s), Avg CPU: 20.90%, Avg App MEM: 11.21 MB
[Autoscaler] Condition for SCALE_DOWN met (Avg CPU: 20.90%), but already at MIN_INSTANCES (1). No action.
[DEBUG Orchestrator] Iteration Start. Instances Before Injector Logic: 1, Attack Started Flag: False, Normal Traffic Started Flag: True
[DEBUG Orchestrator] URLs derived for injector (if active): ['http://localhost:8080']
[Orchestrator] Starting Normal Traffic (if not already active). Target URLs for this call: ['http://localhost:8080']
[Normal_Injector] Normal traffic already in progress. Call stop_http_traffic() first.
[DEGUG Orchestrator Loop Duration] Loop Duration = 467005.868551685
[Sniffer] Label set to: benign

--- Iteration 27 | Time: 130.0s / 180s ---
[Orchestrator]RTT = 1.7886671172591913
[Orchestrator] Metrics: 1 active instance(s), Avg CPU: 19.81%, Avg App MEM: 11.20 MB
[Autoscaler] Condition for SCALE_DOWN met (Avg CPU: 19.81%), but already at MIN_INSTANCES (1). No action.
[DEBUG Orchestrator] Iteration Start. Instances Before Injector Logic: 1, Attack Started Flag: False, Normal Traffic Started Flag: True
[DEBUG Orchestrator] URLs derived for injector (if active): ['http://localhost:8080']
[Orchestrator] Starting Normal Traffic (if not already active). Target URLs for this call: ['http://localhost:8080']
[Normal_Injector] Normal traffic already in progress. Call stop_http_traffic() first.
[DEGUG Orchestrator Loop Duration] Loop Duration = 467010.868551685
[Sniffer] Label set to: benign

--- Iteration 28 | Time: 135.0s / 180s ---
[Orchestrator]RTT = 1.7580197168057223
[Orchestrator] Metrics: 1 active instance(s), Avg CPU: 20.38%, Avg App MEM: 11.23 MB
[Autoscaler] Condition for SCALE_DOWN met (Avg CPU: 20.38%), but already at MIN_INSTANCES (1). No action.
[DEBUG Orchestrator] Iteration Start. Instances Before Injector Logic: 1, Attack Started Flag: False, Normal Traffic Started Flag: True
[DEBUG Orchestrator] URLs derived for injector (if active): ['http://localhost:8080']
[Orchestrator] Starting Normal Traffic (if not already active). Target URLs for this call: ['http://localhost:8080']
[Normal_Injector] Normal traffic already in progress. Call stop_http_traffic() first.
[DEGUG Orchestrator Loop Duration] Loop Duration = 467015.868551685
[Sniffer] Label set to: benign

--- Iteration 29 | Time: 140.0s / 180s ---
[Orchestrator]RTT = 1.7784299703566133
[Orchestrator] Metrics: 1 active instance(s), Avg CPU: 20.66%, Avg App MEM: 11.30 MB
[Autoscaler] Condition for SCALE_DOWN met (Avg CPU: 20.66%), but already at MIN_INSTANCES (1). No action.
[DEBUG Orchestrator] Iteration Start. Instances Before Injector Logic: 1, Attack Started Flag: False, Normal Traffic Started Flag: True
[DEBUG Orchestrator] URLs derived for injector (if active): ['http://localhost:8080']
[Orchestrator] Starting Normal Traffic (if not already active). Target URLs for this call: ['http://localhost:8080']
[Normal_Injector] Normal traffic already in progress. Call stop_http_traffic() first.
[DEGUG Orchestrator Loop Duration] Loop Duration = 467020.868551685
[Sniffer] Label set to: benign

--- Iteration 30 | Time: 145.0s / 180s ---
[Orchestrator]RTT = 1.834698838111914
[Orchestrator] Metrics: 1 active instance(s), Avg CPU: 19.85%, Avg App MEM: 11.25 MB
[Autoscaler] Condition for SCALE_DOWN met (Avg CPU: 19.85%), but already at MIN_INSTANCES (1). No action.
[DEBUG Orchestrator] Iteration Start. Instances Before Injector Logic: 1, Attack Started Flag: False, Normal Traffic Started Flag: True
[DEBUG Orchestrator] URLs derived for injector (if active): ['http://localhost:8080']
[Orchestrator] Starting Normal Traffic (if not already active). Target URLs for this call: ['http://localhost:8080']
[Normal_Injector] Normal traffic already in progress. Call stop_http_traffic() first.
[DEGUG Orchestrator Loop Duration] Loop Duration = 467025.868551685
[Sniffer] Label set to: benign

--- Iteration 31 | Time: 150.0s / 180s ---
[Orchestrator]RTT = 1.8493994319791809
[Orchestrator] Metrics: 1 active instance(s), Avg CPU: 20.77%, Avg App MEM: 11.25 MB
[Autoscaler] Condition for SCALE_DOWN met (Avg CPU: 20.77%), but already at MIN_INSTANCES (1). No action.
[DEBUG Orchestrator] Iteration Start. Instances Before Injector Logic: 1, Attack Started Flag: False, Normal Traffic Started Flag: True
[DEBUG Orchestrator] URLs derived for injector (if active): ['http://localhost:8080']
[Orchestrator] Starting Normal Traffic (if not already active). Target URLs for this call: ['http://localhost:8080']
[Normal_Injector] Normal traffic already in progress. Call stop_http_traffic() first.
[DEGUG Orchestrator Loop Duration] Loop Duration = 467030.868551685
[Sniffer] Label set to: benign

--- Iteration 32 | Time: 155.0s / 180s ---
[Orchestrator]RTT = 1.801915737483512
[Orchestrator] Metrics: 1 active instance(s), Avg CPU: 21.97%, Avg App MEM: 11.23 MB
[Autoscaler] Condition for SCALE_DOWN met (Avg CPU: 21.97%), but already at MIN_INSTANCES (1). No action.
[DEBUG Orchestrator] Iteration Start. Instances Before Injector Logic: 1, Attack Started Flag: False, Normal Traffic Started Flag: True
[DEBUG Orchestrator] URLs derived for injector (if active): ['http://localhost:8080']
[Orchestrator] Starting Normal Traffic (if not already active). Target URLs for this call: ['http://localhost:8080']
[Normal_Injector] Normal traffic already in progress. Call stop_http_traffic() first.
[DEGUG Orchestrator Loop Duration] Loop Duration = 467035.868551685
[Sniffer] Label set to: benign

--- Iteration 33 | Time: 160.0s / 180s ---
[Orchestrator]RTT = 1.76325199091328
[Orchestrator] Metrics: 1 active instance(s), Avg CPU: 20.45%, Avg App MEM: 11.28 MB
[Autoscaler] Condition for SCALE_DOWN met (Avg CPU: 20.45%), but already at MIN_INSTANCES (1). No action.
[DEBUG Orchestrator] Iteration Start. Instances Before Injector Logic: 1, Attack Started Flag: False, Normal Traffic Started Flag: True
[DEBUG Orchestrator] URLs derived for injector (if active): ['http://localhost:8080']
[Orchestrator] Starting Normal Traffic (if not already active). Target URLs for this call: ['http://localhost:8080']
[Normal_Injector] Normal traffic already in progress. Call stop_http_traffic() first.
[DEGUG Orchestrator Loop Duration] Loop Duration = 467040.868551685
[Sniffer] Label set to: benign

--- Iteration 34 | Time: 165.0s / 180s ---
[Orchestrator]RTT = 1.8662750383664202
[Orchestrator] Metrics: 1 active instance(s), Avg CPU: 20.87%, Avg App MEM: 11.31 MB
[Autoscaler] Condition for SCALE_DOWN met (Avg CPU: 20.87%), but already at MIN_INSTANCES (1). No action.
[DEBUG Orchestrator] Iteration Start. Instances Before Injector Logic: 1, Attack Started Flag: False, Normal Traffic Started Flag: True
[DEBUG Orchestrator] URLs derived for injector (if active): ['http://localhost:8080']
[Orchestrator] Starting Normal Traffic (if not already active). Target URLs for this call: ['http://localhost:8080']
[Normal_Injector] Normal traffic already in progress. Call stop_http_traffic() first.
[DEGUG Orchestrator Loop Duration] Loop Duration = 467045.868551685
[Sniffer] Label set to: benign

--- Iteration 35 | Time: 170.0s / 180s ---
[Orchestrator]RTT = 1.9760893891450348
[Orchestrator] Metrics: 1 active instance(s), Avg CPU: 22.79%, Avg App MEM: 11.30 MB
[Autoscaler] Condition for SCALE_DOWN met (Avg CPU: 22.79%), but already at MIN_INSTANCES (1). No action.
[DEBUG Orchestrator] Iteration Start. Instances Before Injector Logic: 1, Attack Started Flag: False, Normal Traffic Started Flag: True
[DEBUG Orchestrator] URLs derived for injector (if active): ['http://localhost:8080']
[Orchestrator] Starting Normal Traffic (if not already active). Target URLs for this call: ['http://localhost:8080']
[Normal_Injector] Normal traffic already in progress. Call stop_http_traffic() first.
[DEGUG Orchestrator Loop Duration] Loop Duration = 467050.868551685
[Sniffer] Label set to: benign

--- Iteration 36 | Time: 175.0s / 180s ---
[Orchestrator]RTT = 1.9845630755526145
[Orchestrator] Metrics: 1 active instance(s), Avg CPU: 19.68%, Avg App MEM: 11.23 MB
[Autoscaler] Condition for SCALE_DOWN met (Avg CPU: 19.68%), but already at MIN_INSTANCES (1). No action.
[DEBUG Orchestrator] Iteration Start. Instances Before Injector Logic: 1, Attack Started Flag: False, Normal Traffic Started Flag: True
[DEBUG Orchestrator] URLs derived for injector (if active): ['http://localhost:8080']
[Orchestrator] Starting Normal Traffic (if not already active). Target URLs for this call: ['http://localhost:8080']
[Normal_Injector] Normal traffic already in progress. Call stop_http_traffic() first.
[DEGUG Orchestrator Loop Duration] Loop Duration = 467055.868551685

[Orchestrator] Simulation duration reached.
[Orchestrator] Saving RTT log...
[Sniffer] Realtime tcpdump stopped.
[Orchestrator] Stopping normal traffic...
[Normal_Injector] Signaling workers to stop...
  [Normal_Injector Worker 139919498409664] Stopped. Total requests: 14291, Errors: 0
  [Normal_Injector Worker 139919473231552] Stopped. Total requests: 14085, Errors: 0
  [Normal_Injector Worker 139919490016960] Stopped. Total requests: 14320, Errors: 0
  [Normal_Injector Worker 139919722370752] Stopped. Total requests: 14239, Errors: 0
[Normal_Injector] Stop signal sent (non-blocking).
[Orchestrator] Cleaning up all simulation instances...
Cleaning up all simulation instances...
Stopping and removing container: target_instance_1 (4bb8cbbf23)...
  Container target_instance_1 removed.
Simulation instance cleanup complete.
[Stats_Collector] Stopping stats collector thread...
[Orchestrator] Simulation Complete. Total Fictional Cost: $0.0010
[Orchestrator] Metrics logged in: simulation_metrics.csv

===== [6/8] normal isolado agg640_WU10_rep1 (rps/cliente=160.0) =====
Simulation duration set to: 180
Attack duration set to: 0
Normal traffic RPS per client set to: 160.0
Normal traffic number of clients set to: 4
Normal traffic work units set to: 10
[Orchestrator] Initializing simulation environment...
[Sniffer] Realtime tcpdump started on any
[Sniffer] Label set to: benign
[Autoscaler] Initialized.
Attempting to build Docker image: edos_target_app:latest...
Image edos_target_app:latest already exists. Skipping build.
Docker network 'edos_network' already exists.
[Orchestrator] Cleaning up any pre-existing simulation instances...
Cleaning up all simulation instances...
No simulation instances found to clean up.
[Orchestrator] Starting initial 1 instance(s)...
Attempting to start container target_instance_1 mapping container:80 to host:8080...
Container b56b7035f8 (target_instance_1) started. Accessible on host port 8080.
[Autoscaler] Initial number of instances set to: 1
[Orchestrator] 1 initial instance(s) running.
[Orchestrator] Metrics will be logged to: simulation_metrics.csv
[Orchestrator] Attack summary will be logged to: attack_summary_log.csv
[Orchestrator] Normal traffic summary will be logged to: normal_traffic_summary_log.csv
[Orchestrator] Starting simulation main loop for 180 seconds.
[Orchestrator] Monitoring interval: 5s. Cooldown: 20s.
[Orchestrator] CPU Thresholds: Scale Up > 60.0%, Scale Down < 25.0%
[Orchestrator] No traffic injection scheduled (ATTACK_DURATION_SECONDS is 0 or less).
[Sniffer] Label set to: benign

--- Iteration 1 | Time: 0.0s / 180s ---
[Orchestrator]RTT = 0.0
[Orchestrator] Metrics: 1 active instance(s), Avg CPU: 0.00%, Avg App MEM: 0.00 MB
[Autoscaler] Condition for SCALE_DOWN met (Avg CPU: 0.00%), but already at MIN_INSTANCES (1). No action.
[DEBUG Orchestrator] Iteration Start. Instances Before Injector Logic: 1, Attack Started Flag: False, Normal Traffic Started Flag: False
[DEBUG Orchestrator] URLs derived for injector (if active): ['http://localhost:8080']
[Orchestrator] Starting Normal Traffic (if not already active). Target URLs for this call: ['http://localhost:8080']
[LoadBalancer:Normal] Alvos atualizados: ['http://localhost:8080']
[Normal_Injector] Starting HTTP flood with 4 attackers, ~640.0 RPS total, across 1 targets: http://localhost:8080
  [Normal_Injector Worker 139732436043456] Started. RPS: 160.00, Mean interval: 0.0063s (Poisson)
  [Normal_Injector Worker 139732419258048] Started. RPS: 160.00, Mean interval: 0.0063s (Poisson)
  [Normal_Injector Worker 139732410865344] Started. RPS: 160.00, Mean interval: 0.0063s (Poisson)
  [Normal_Injector Worker 139732054959808] Started. RPS: 160.00, Mean interval: 0.0063s (Poisson)
[Normal_Injector] All 4 attacker threads launched.
[DEGUG Orchestrator Loop Duration] Loop Duration = 467064.928850976
[Sniffer] Label set to: benign

--- Iteration 2 | Time: 5.0s / 180s ---
[Orchestrator]RTT = 18.318335752233683
[Orchestrator] Metrics: 1 active instance(s), Avg CPU: 46.82%, Avg App MEM: 12.48 MB
[Autoscaler] Decision: NO_ACTION. Avg CPU: 46.82% is within thresholds (25.0% - 60.0%).
[DEBUG Orchestrator] Iteration Start. Instances Before Injector Logic: 1, Attack Started Flag: False, Normal Traffic Started Flag: True
[DEBUG Orchestrator] URLs derived for injector (if active): ['http://localhost:8080']
[Orchestrator] Starting Normal Traffic (if not already active). Target URLs for this call: ['http://localhost:8080']
[Normal_Injector] Normal traffic already in progress. Call stop_http_traffic() first.
[DEGUG Orchestrator Loop Duration] Loop Duration = 467069.928850976
[Sniffer] Label set to: benign

--- Iteration 3 | Time: 10.0s / 180s ---
[Orchestrator]RTT = 3.112380992476291
[Orchestrator] Metrics: 1 active instance(s), Avg CPU: 43.61%, Avg App MEM: 13.49 MB
[Autoscaler] Decision: NO_ACTION. Avg CPU: 43.61% is within thresholds (25.0% - 60.0%).
[DEBUG Orchestrator] Iteration Start. Instances Before Injector Logic: 1, Attack Started Flag: False, Normal Traffic Started Flag: True
[DEBUG Orchestrator] URLs derived for injector (if active): ['http://localhost:8080']
[Orchestrator] Starting Normal Traffic (if not already active). Target URLs for this call: ['http://localhost:8080']
[Normal_Injector] Normal traffic already in progress. Call stop_http_traffic() first.
[DEGUG Orchestrator Loop Duration] Loop Duration = 467074.928850976
[Sniffer] Label set to: benign

--- Iteration 4 | Time: 15.0s / 180s ---
[Orchestrator]RTT = 2.710805454279479
[Orchestrator] Metrics: 1 active instance(s), Avg CPU: 41.68%, Avg App MEM: 12.88 MB
[Autoscaler] Decision: NO_ACTION. Avg CPU: 41.68% is within thresholds (25.0% - 60.0%).
[DEBUG Orchestrator] Iteration Start. Instances Before Injector Logic: 1, Attack Started Flag: False, Normal Traffic Started Flag: True
[DEBUG Orchestrator] URLs derived for injector (if active): ['http://localhost:8080']
[Orchestrator] Starting Normal Traffic (if not already active). Target URLs for this call: ['http://localhost:8080']
[Normal_Injector] Normal traffic already in progress. Call stop_http_traffic() first.
[DEGUG Orchestrator Loop Duration] Loop Duration = 467079.928850976
[Sniffer] Label set to: benign

--- Iteration 5 | Time: 20.0s / 180s ---
[Orchestrator]RTT = 2.860370153065823
[Orchestrator] Metrics: 1 active instance(s), Avg CPU: 39.57%, Avg App MEM: 13.50 MB
[Autoscaler] Decision: NO_ACTION. Avg CPU: 39.57% is within thresholds (25.0% - 60.0%).
[DEBUG Orchestrator] Iteration Start. Instances Before Injector Logic: 1, Attack Started Flag: False, Normal Traffic Started Flag: True
[DEBUG Orchestrator] URLs derived for injector (if active): ['http://localhost:8080']
[Orchestrator] Starting Normal Traffic (if not already active). Target URLs for this call: ['http://localhost:8080']
[Normal_Injector] Normal traffic already in progress. Call stop_http_traffic() first.
[DEGUG Orchestrator Loop Duration] Loop Duration = 467084.928850976
[Sniffer] Label set to: benign

--- Iteration 6 | Time: 25.0s / 180s ---
[Orchestrator]RTT = 2.527080884001634
[Orchestrator] Metrics: 1 active instance(s), Avg CPU: 39.63%, Avg App MEM: 12.28 MB
[Autoscaler] Decision: NO_ACTION. Avg CPU: 39.63% is within thresholds (25.0% - 60.0%).
[DEBUG Orchestrator] Iteration Start. Instances Before Injector Logic: 1, Attack Started Flag: False, Normal Traffic Started Flag: True
[DEBUG Orchestrator] URLs derived for injector (if active): ['http://localhost:8080']
[Orchestrator] Starting Normal Traffic (if not already active). Target URLs for this call: ['http://localhost:8080']
[Normal_Injector] Normal traffic already in progress. Call stop_http_traffic() first.
[DEGUG Orchestrator Loop Duration] Loop Duration = 467089.928850976
[Sniffer] Label set to: benign

--- Iteration 7 | Time: 30.0s / 180s ---
[Orchestrator]RTT = 2.8050777616676736
[Orchestrator] Metrics: 1 active instance(s), Avg CPU: 41.00%, Avg App MEM: 12.55 MB
[Autoscaler] Decision: NO_ACTION. Avg CPU: 41.00% is within thresholds (25.0% - 60.0%).
[DEBUG Orchestrator] Iteration Start. Instances Before Injector Logic: 1, Attack Started Flag: False, Normal Traffic Started Flag: True
[DEBUG Orchestrator] URLs derived for injector (if active): ['http://localhost:8080']
[Orchestrator] Starting Normal Traffic (if not already active). Target URLs for this call: ['http://localhost:8080']
[Normal_Injector] Normal traffic already in progress. Call stop_http_traffic() first.
[DEGUG Orchestrator Loop Duration] Loop Duration = 467094.928850976
[Sniffer] Label set to: benign

--- Iteration 8 | Time: 35.0s / 180s ---
[Orchestrator]RTT = 2.6816127076221816
[Orchestrator] Metrics: 1 active instance(s), Avg CPU: 41.32%, Avg App MEM: 12.21 MB
[Autoscaler] Decision: NO_ACTION. Avg CPU: 41.32% is within thresholds (25.0% - 60.0%).
[DEBUG Orchestrator] Iteration Start. Instances Before Injector Logic: 1, Attack Started Flag: False, Normal Traffic Started Flag: True
[DEBUG Orchestrator] URLs derived for injector (if active): ['http://localhost:8080']
[Orchestrator] Starting Normal Traffic (if not already active). Target URLs for this call: ['http://localhost:8080']
[Normal_Injector] Normal traffic already in progress. Call stop_http_traffic() first.
[DEGUG Orchestrator Loop Duration] Loop Duration = 467099.928850976
[Sniffer] Label set to: benign

--- Iteration 9 | Time: 40.0s / 180s ---
[Orchestrator]RTT = 2.7930126564254523
[Orchestrator] Metrics: 1 active instance(s), Avg CPU: 39.57%, Avg App MEM: 11.58 MB
[Autoscaler] Decision: NO_ACTION. Avg CPU: 39.57% is within thresholds (25.0% - 60.0%).
[DEBUG Orchestrator] Iteration Start. Instances Before Injector Logic: 1, Attack Started Flag: False, Normal Traffic Started Flag: True
[DEBUG Orchestrator] URLs derived for injector (if active): ['http://localhost:8080']
[Orchestrator] Starting Normal Traffic (if not already active). Target URLs for this call: ['http://localhost:8080']
[Normal_Injector] Normal traffic already in progress. Call stop_http_traffic() first.
[DEGUG Orchestrator Loop Duration] Loop Duration = 467104.928850976
[Sniffer] Label set to: benign

--- Iteration 10 | Time: 45.0s / 180s ---
[Orchestrator]RTT = 2.8437960198540266
[Orchestrator] Metrics: 1 active instance(s), Avg CPU: 42.71%, Avg App MEM: 12.24 MB
[Autoscaler] Decision: NO_ACTION. Avg CPU: 42.71% is within thresholds (25.0% - 60.0%).
[DEBUG Orchestrator] Iteration Start. Instances Before Injector Logic: 1, Attack Started Flag: False, Normal Traffic Started Flag: True
[DEBUG Orchestrator] URLs derived for injector (if active): ['http://localhost:8080']
[Orchestrator] Starting Normal Traffic (if not already active). Target URLs for this call: ['http://localhost:8080']
[Normal_Injector] Normal traffic already in progress. Call stop_http_traffic() first.
[DEGUG Orchestrator Loop Duration] Loop Duration = 467109.928850976
[Sniffer] Label set to: benign

--- Iteration 11 | Time: 50.0s / 180s ---
[Orchestrator]RTT = 2.5513659416980605
[Orchestrator] Metrics: 1 active instance(s), Avg CPU: 39.20%, Avg App MEM: 12.50 MB
[Autoscaler] Decision: NO_ACTION. Avg CPU: 39.20% is within thresholds (25.0% - 60.0%).
[DEBUG Orchestrator] Iteration Start. Instances Before Injector Logic: 1, Attack Started Flag: False, Normal Traffic Started Flag: True
[DEBUG Orchestrator] URLs derived for injector (if active): ['http://localhost:8080']
[Orchestrator] Starting Normal Traffic (if not already active). Target URLs for this call: ['http://localhost:8080']
[Normal_Injector] Normal traffic already in progress. Call stop_http_traffic() first.
[DEGUG Orchestrator Loop Duration] Loop Duration = 467114.928850976
[Sniffer] Label set to: benign

--- Iteration 12 | Time: 55.0s / 180s ---
[Orchestrator]RTT = 3.5486421732516495
[Orchestrator] Metrics: 1 active instance(s), Avg CPU: 42.41%, Avg App MEM: 13.66 MB
[Autoscaler] Decision: NO_ACTION. Avg CPU: 42.41% is within thresholds (25.0% - 60.0%).
[DEBUG Orchestrator] Iteration Start. Instances Before Injector Logic: 1, Attack Started Flag: False, Normal Traffic Started Flag: True
[DEBUG Orchestrator] URLs derived for injector (if active): ['http://localhost:8080']
[Orchestrator] Starting Normal Traffic (if not already active). Target URLs for this call: ['http://localhost:8080']
[Normal_Injector] Normal traffic already in progress. Call stop_http_traffic() first.
[DEGUG Orchestrator Loop Duration] Loop Duration = 467119.928850976
[Sniffer] Label set to: benign

--- Iteration 13 | Time: 60.0s / 180s ---
[Orchestrator]RTT = 2.9980257014087837
[Orchestrator] Metrics: 1 active instance(s), Avg CPU: 37.77%, Avg App MEM: 12.51 MB
[Autoscaler] Decision: NO_ACTION. Avg CPU: 37.77% is within thresholds (25.0% - 60.0%).
[DEBUG Orchestrator] Iteration Start. Instances Before Injector Logic: 1, Attack Started Flag: False, Normal Traffic Started Flag: True
[DEBUG Orchestrator] URLs derived for injector (if active): ['http://localhost:8080']
[Orchestrator] Starting Normal Traffic (if not already active). Target URLs for this call: ['http://localhost:8080']
[Normal_Injector] Normal traffic already in progress. Call stop_http_traffic() first.
[DEGUG Orchestrator Loop Duration] Loop Duration = 467124.928850976
[Sniffer] Label set to: benign

--- Iteration 14 | Time: 65.0s / 180s ---
[Orchestrator]RTT = 2.672722492082536
[Orchestrator] Metrics: 1 active instance(s), Avg CPU: 40.79%, Avg App MEM: 12.94 MB
[Autoscaler] Decision: NO_ACTION. Avg CPU: 40.79% is within thresholds (25.0% - 60.0%).
[DEBUG Orchestrator] Iteration Start. Instances Before Injector Logic: 1, Attack Started Flag: False, Normal Traffic Started Flag: True
[DEBUG Orchestrator] URLs derived for injector (if active): ['http://localhost:8080']
[Orchestrator] Starting Normal Traffic (if not already active). Target URLs for this call: ['http://localhost:8080']
[Normal_Injector] Normal traffic already in progress. Call stop_http_traffic() first.
[DEGUG Orchestrator Loop Duration] Loop Duration = 467129.928850976
[Sniffer] Label set to: benign

--- Iteration 15 | Time: 70.0s / 180s ---
[Orchestrator]RTT = 3.019041114740407
[Orchestrator] Metrics: 1 active instance(s), Avg CPU: 43.11%, Avg App MEM: 11.67 MB
[Autoscaler] Decision: NO_ACTION. Avg CPU: 43.11% is within thresholds (25.0% - 60.0%).
[DEBUG Orchestrator] Iteration Start. Instances Before Injector Logic: 1, Attack Started Flag: False, Normal Traffic Started Flag: True
[DEBUG Orchestrator] URLs derived for injector (if active): ['http://localhost:8080']
[Orchestrator] Starting Normal Traffic (if not already active). Target URLs for this call: ['http://localhost:8080']
[Normal_Injector] Normal traffic already in progress. Call stop_http_traffic() first.
[DEGUG Orchestrator Loop Duration] Loop Duration = 467134.928850976
[Sniffer] Label set to: benign

--- Iteration 16 | Time: 75.0s / 180s ---
[Orchestrator]RTT = 2.543475451559042
[Orchestrator] Metrics: 1 active instance(s), Avg CPU: 41.73%, Avg App MEM: 12.27 MB
[Autoscaler] Decision: NO_ACTION. Avg CPU: 41.73% is within thresholds (25.0% - 60.0%).
[DEBUG Orchestrator] Iteration Start. Instances Before Injector Logic: 1, Attack Started Flag: False, Normal Traffic Started Flag: True
[DEBUG Orchestrator] URLs derived for injector (if active): ['http://localhost:8080']
[Orchestrator] Starting Normal Traffic (if not already active). Target URLs for this call: ['http://localhost:8080']
[Normal_Injector] Normal traffic already in progress. Call stop_http_traffic() first.
[DEGUG Orchestrator Loop Duration] Loop Duration = 467139.928850976
[Sniffer] Label set to: benign

--- Iteration 17 | Time: 80.0s / 180s ---
[Orchestrator]RTT = 2.965876343755793
[Orchestrator] Metrics: 1 active instance(s), Avg CPU: 41.04%, Avg App MEM: 11.58 MB
[Autoscaler] Decision: NO_ACTION. Avg CPU: 41.04% is within thresholds (25.0% - 60.0%).
[DEBUG Orchestrator] Iteration Start. Instances Before Injector Logic: 1, Attack Started Flag: False, Normal Traffic Started Flag: True
[DEBUG Orchestrator] URLs derived for injector (if active): ['http://localhost:8080']
[Orchestrator] Starting Normal Traffic (if not already active). Target URLs for this call: ['http://localhost:8080']
[Normal_Injector] Normal traffic already in progress. Call stop_http_traffic() first.
[DEGUG Orchestrator Loop Duration] Loop Duration = 467144.928850976
[Sniffer] Label set to: benign

--- Iteration 18 | Time: 85.0s / 180s ---
[Orchestrator]RTT = 3.2101534725524035
[Orchestrator] Metrics: 1 active instance(s), Avg CPU: 42.36%, Avg App MEM: 11.61 MB
[Autoscaler] Decision: NO_ACTION. Avg CPU: 42.36% is within thresholds (25.0% - 60.0%).
[DEBUG Orchestrator] Iteration Start. Instances Before Injector Logic: 1, Attack Started Flag: False, Normal Traffic Started Flag: True
[DEBUG Orchestrator] URLs derived for injector (if active): ['http://localhost:8080']
[Orchestrator] Starting Normal Traffic (if not already active). Target URLs for this call: ['http://localhost:8080']
[Normal_Injector] Normal traffic already in progress. Call stop_http_traffic() first.
[DEGUG Orchestrator Loop Duration] Loop Duration = 467149.928850976
[Sniffer] Label set to: benign

--- Iteration 19 | Time: 90.0s / 180s ---
[Orchestrator]RTT = 3.1113292491401974
[Orchestrator] Metrics: 1 active instance(s), Avg CPU: 40.96%, Avg App MEM: 12.56 MB
[Autoscaler] Decision: NO_ACTION. Avg CPU: 40.96% is within thresholds (25.0% - 60.0%).
[DEBUG Orchestrator] Iteration Start. Instances Before Injector Logic: 1, Attack Started Flag: False, Normal Traffic Started Flag: True
[DEBUG Orchestrator] URLs derived for injector (if active): ['http://localhost:8080']
[Orchestrator] Starting Normal Traffic (if not already active). Target URLs for this call: ['http://localhost:8080']
[Normal_Injector] Normal traffic already in progress. Call stop_http_traffic() first.
[DEGUG Orchestrator Loop Duration] Loop Duration = 467154.928850976
[Sniffer] Label set to: benign

--- Iteration 20 | Time: 95.0s / 180s ---
[Orchestrator]RTT = 3.1261854053462748
[Orchestrator] Metrics: 1 active instance(s), Avg CPU: 42.90%, Avg App MEM: 12.92 MB
[Autoscaler] Decision: NO_ACTION. Avg CPU: 42.90% is within thresholds (25.0% - 60.0%).
[DEBUG Orchestrator] Iteration Start. Instances Before Injector Logic: 1, Attack Started Flag: False, Normal Traffic Started Flag: True
[DEBUG Orchestrator] URLs derived for injector (if active): ['http://localhost:8080']
[Orchestrator] Starting Normal Traffic (if not already active). Target URLs for this call: ['http://localhost:8080']
[Normal_Injector] Normal traffic already in progress. Call stop_http_traffic() first.
[DEGUG Orchestrator Loop Duration] Loop Duration = 467159.928850976
[Sniffer] Label set to: benign

--- Iteration 21 | Time: 100.0s / 180s ---
[Orchestrator]RTT = 2.7608359789190975
[Orchestrator] Metrics: 1 active instance(s), Avg CPU: 38.14%, Avg App MEM: 13.61 MB
[Autoscaler] Decision: NO_ACTION. Avg CPU: 38.14% is within thresholds (25.0% - 60.0%).
[DEBUG Orchestrator] Iteration Start. Instances Before Injector Logic: 1, Attack Started Flag: False, Normal Traffic Started Flag: True
[DEBUG Orchestrator] URLs derived for injector (if active): ['http://localhost:8080']
[Orchestrator] Starting Normal Traffic (if not already active). Target URLs for this call: ['http://localhost:8080']
[Normal_Injector] Normal traffic already in progress. Call stop_http_traffic() first.
[DEGUG Orchestrator Loop Duration] Loop Duration = 467164.928850976
[Sniffer] Label set to: benign

--- Iteration 22 | Time: 105.0s / 180s ---
[Orchestrator]RTT = 2.8729520847615264
[Orchestrator] Metrics: 1 active instance(s), Avg CPU: 42.79%, Avg App MEM: 12.89 MB
[Autoscaler] Decision: NO_ACTION. Avg CPU: 42.79% is within thresholds (25.0% - 60.0%).
[DEBUG Orchestrator] Iteration Start. Instances Before Injector Logic: 1, Attack Started Flag: False, Normal Traffic Started Flag: True
[DEBUG Orchestrator] URLs derived for injector (if active): ['http://localhost:8080']
[Orchestrator] Starting Normal Traffic (if not already active). Target URLs for this call: ['http://localhost:8080']
[Normal_Injector] Normal traffic already in progress. Call stop_http_traffic() first.
[DEGUG Orchestrator Loop Duration] Loop Duration = 467169.928850976
[Sniffer] Label set to: benign

--- Iteration 23 | Time: 110.0s / 180s ---
[Orchestrator]RTT = 2.7827863298971223
[Orchestrator] Metrics: 1 active instance(s), Avg CPU: 41.28%, Avg App MEM: 13.49 MB
[Autoscaler] Decision: NO_ACTION. Avg CPU: 41.28% is within thresholds (25.0% - 60.0%).
[DEBUG Orchestrator] Iteration Start. Instances Before Injector Logic: 1, Attack Started Flag: False, Normal Traffic Started Flag: True
[DEBUG Orchestrator] URLs derived for injector (if active): ['http://localhost:8080']
[Orchestrator] Starting Normal Traffic (if not already active). Target URLs for this call: ['http://localhost:8080']
[Normal_Injector] Normal traffic already in progress. Call stop_http_traffic() first.
[DEGUG Orchestrator Loop Duration] Loop Duration = 467174.928850976
[Sniffer] Label set to: benign

--- Iteration 24 | Time: 115.0s / 180s ---
[Orchestrator]RTT = 2.8305279516073902
[Orchestrator] Metrics: 1 active instance(s), Avg CPU: 42.08%, Avg App MEM: 12.26 MB
[Autoscaler] Decision: NO_ACTION. Avg CPU: 42.08% is within thresholds (25.0% - 60.0%).
[DEBUG Orchestrator] Iteration Start. Instances Before Injector Logic: 1, Attack Started Flag: False, Normal Traffic Started Flag: True
[DEBUG Orchestrator] URLs derived for injector (if active): ['http://localhost:8080']
[Orchestrator] Starting Normal Traffic (if not already active). Target URLs for this call: ['http://localhost:8080']
[Normal_Injector] Normal traffic already in progress. Call stop_http_traffic() first.
[DEGUG Orchestrator Loop Duration] Loop Duration = 467179.928850976
[Sniffer] Label set to: benign

--- Iteration 25 | Time: 120.0s / 180s ---
[Orchestrator]RTT = 3.092278581155658
[Orchestrator] Metrics: 1 active instance(s), Avg CPU: 40.02%, Avg App MEM: 11.62 MB
[Autoscaler] Decision: NO_ACTION. Avg CPU: 40.02% is within thresholds (25.0% - 60.0%).
[DEBUG Orchestrator] Iteration Start. Instances Before Injector Logic: 1, Attack Started Flag: False, Normal Traffic Started Flag: True
[DEBUG Orchestrator] URLs derived for injector (if active): ['http://localhost:8080']
[Orchestrator] Starting Normal Traffic (if not already active). Target URLs for this call: ['http://localhost:8080']
[Normal_Injector] Normal traffic already in progress. Call stop_http_traffic() first.
[DEGUG Orchestrator Loop Duration] Loop Duration = 467184.928850976
[Sniffer] Label set to: benign

--- Iteration 26 | Time: 125.0s / 180s ---
[Orchestrator]RTT = 2.7677647189868337
[Orchestrator] Metrics: 1 active instance(s), Avg CPU: 39.39%, Avg App MEM: 12.25 MB
[Autoscaler] Decision: NO_ACTION. Avg CPU: 39.39% is within thresholds (25.0% - 60.0%).
[DEBUG Orchestrator] Iteration Start. Instances Before Injector Logic: 1, Attack Started Flag: False, Normal Traffic Started Flag: True
[DEBUG Orchestrator] URLs derived for injector (if active): ['http://localhost:8080']
[Orchestrator] Starting Normal Traffic (if not already active). Target URLs for this call: ['http://localhost:8080']
[Normal_Injector] Normal traffic already in progress. Call stop_http_traffic() first.
[DEGUG Orchestrator Loop Duration] Loop Duration = 467189.928850976
[Sniffer] Label set to: benign

--- Iteration 27 | Time: 130.0s / 180s ---
[Orchestrator]RTT = 3.082768734000893
[Orchestrator] Metrics: 1 active instance(s), Avg CPU: 42.95%, Avg App MEM: 12.60 MB
[Autoscaler] Decision: NO_ACTION. Avg CPU: 42.95% is within thresholds (25.0% - 60.0%).
[DEBUG Orchestrator] Iteration Start. Instances Before Injector Logic: 1, Attack Started Flag: False, Normal Traffic Started Flag: True
[DEBUG Orchestrator] URLs derived for injector (if active): ['http://localhost:8080']
[Orchestrator] Starting Normal Traffic (if not already active). Target URLs for this call: ['http://localhost:8080']
[Normal_Injector] Normal traffic already in progress. Call stop_http_traffic() first.
[DEGUG Orchestrator Loop Duration] Loop Duration = 467194.928850976
[Sniffer] Label set to: benign

--- Iteration 28 | Time: 135.0s / 180s ---
[Orchestrator]RTT = 3.1931878536917773
[Orchestrator] Metrics: 1 active instance(s), Avg CPU: 41.18%, Avg App MEM: 12.22 MB
[Autoscaler] Decision: NO_ACTION. Avg CPU: 41.18% is within thresholds (25.0% - 60.0%).
[DEBUG Orchestrator] Iteration Start. Instances Before Injector Logic: 1, Attack Started Flag: False, Normal Traffic Started Flag: True
[DEBUG Orchestrator] URLs derived for injector (if active): ['http://localhost:8080']
[Orchestrator] Starting Normal Traffic (if not already active). Target URLs for this call: ['http://localhost:8080']
[Normal_Injector] Normal traffic already in progress. Call stop_http_traffic() first.
[DEGUG Orchestrator Loop Duration] Loop Duration = 467199.928850976
[Sniffer] Label set to: benign

--- Iteration 29 | Time: 140.0s / 180s ---
[Orchestrator]RTT = 2.9373519868502647
[Orchestrator] Metrics: 1 active instance(s), Avg CPU: 38.83%, Avg App MEM: 11.54 MB
[Autoscaler] Decision: NO_ACTION. Avg CPU: 38.83% is within thresholds (25.0% - 60.0%).
[DEBUG Orchestrator] Iteration Start. Instances Before Injector Logic: 1, Attack Started Flag: False, Normal Traffic Started Flag: True
[DEBUG Orchestrator] URLs derived for injector (if active): ['http://localhost:8080']
[Orchestrator] Starting Normal Traffic (if not already active). Target URLs for this call: ['http://localhost:8080']
[Normal_Injector] Normal traffic already in progress. Call stop_http_traffic() first.
[DEGUG Orchestrator Loop Duration] Loop Duration = 467204.928850976
[Sniffer] Label set to: benign

--- Iteration 30 | Time: 145.0s / 180s ---
[Orchestrator]RTT = 3.1768107550601923
[Orchestrator] Metrics: 1 active instance(s), Avg CPU: 44.09%, Avg App MEM: 12.97 MB
[Autoscaler] Decision: NO_ACTION. Avg CPU: 44.09% is within thresholds (25.0% - 60.0%).
[DEBUG Orchestrator] Iteration Start. Instances Before Injector Logic: 1, Attack Started Flag: False, Normal Traffic Started Flag: True
[DEBUG Orchestrator] URLs derived for injector (if active): ['http://localhost:8080']
[Orchestrator] Starting Normal Traffic (if not already active). Target URLs for this call: ['http://localhost:8080']
[Normal_Injector] Normal traffic already in progress. Call stop_http_traffic() first.
[DEGUG Orchestrator Loop Duration] Loop Duration = 467209.928850976
[Sniffer] Label set to: benign

--- Iteration 31 | Time: 150.0s / 180s ---
[Orchestrator]RTT = 3.16805229917618
[Orchestrator] Metrics: 1 active instance(s), Avg CPU: 43.30%, Avg App MEM: 13.53 MB
[Autoscaler] Decision: NO_ACTION. Avg CPU: 43.30% is within thresholds (25.0% - 60.0%).
[DEBUG Orchestrator] Iteration Start. Instances Before Injector Logic: 1, Attack Started Flag: False, Normal Traffic Started Flag: True
[DEBUG Orchestrator] URLs derived for injector (if active): ['http://localhost:8080']
[Orchestrator] Starting Normal Traffic (if not already active). Target URLs for this call: ['http://localhost:8080']
[Normal_Injector] Normal traffic already in progress. Call stop_http_traffic() first.
[DEGUG Orchestrator Loop Duration] Loop Duration = 467214.928850976
[Sniffer] Label set to: benign

--- Iteration 32 | Time: 155.0s / 180s ---
[Orchestrator]RTT = 3.1579554309088196
[Orchestrator] Metrics: 1 active instance(s), Avg CPU: 42.69%, Avg App MEM: 12.86 MB
[Autoscaler] Decision: NO_ACTION. Avg CPU: 42.69% is within thresholds (25.0% - 60.0%).
[DEBUG Orchestrator] Iteration Start. Instances Before Injector Logic: 1, Attack Started Flag: False, Normal Traffic Started Flag: True
[DEBUG Orchestrator] URLs derived for injector (if active): ['http://localhost:8080']
[Orchestrator] Starting Normal Traffic (if not already active). Target URLs for this call: ['http://localhost:8080']
[Normal_Injector] Normal traffic already in progress. Call stop_http_traffic() first.
[DEGUG Orchestrator Loop Duration] Loop Duration = 467219.928850976
[Sniffer] Label set to: benign

--- Iteration 33 | Time: 160.0s / 180s ---
[Orchestrator]RTT = 3.1674726249943275
[Orchestrator] Metrics: 1 active instance(s), Avg CPU: 42.38%, Avg App MEM: 11.52 MB
[Autoscaler] Decision: NO_ACTION. Avg CPU: 42.38% is within thresholds (25.0% - 60.0%).
[DEBUG Orchestrator] Iteration Start. Instances Before Injector Logic: 1, Attack Started Flag: False, Normal Traffic Started Flag: True
[DEBUG Orchestrator] URLs derived for injector (if active): ['http://localhost:8080']
[Orchestrator] Starting Normal Traffic (if not already active). Target URLs for this call: ['http://localhost:8080']
[Normal_Injector] Normal traffic already in progress. Call stop_http_traffic() first.
[DEGUG Orchestrator Loop Duration] Loop Duration = 467224.928850976
[Sniffer] Label set to: benign

--- Iteration 34 | Time: 165.0s / 180s ---
[Orchestrator]RTT = 2.6748708807786326
[Orchestrator] Metrics: 1 active instance(s), Avg CPU: 39.28%, Avg App MEM: 12.92 MB
[Autoscaler] Decision: NO_ACTION. Avg CPU: 39.28% is within thresholds (25.0% - 60.0%).
[DEBUG Orchestrator] Iteration Start. Instances Before Injector Logic: 1, Attack Started Flag: False, Normal Traffic Started Flag: True
[DEBUG Orchestrator] URLs derived for injector (if active): ['http://localhost:8080']
[Orchestrator] Starting Normal Traffic (if not already active). Target URLs for this call: ['http://localhost:8080']
[Normal_Injector] Normal traffic already in progress. Call stop_http_traffic() first.
[DEGUG Orchestrator Loop Duration] Loop Duration = 467229.928850976
[Sniffer] Label set to: benign

--- Iteration 35 | Time: 170.0s / 180s ---
[Orchestrator]RTT = 3.0503239058595155
[Orchestrator] Metrics: 1 active instance(s), Avg CPU: 44.00%, Avg App MEM: 11.62 MB
[Autoscaler] Decision: NO_ACTION. Avg CPU: 44.00% is within thresholds (25.0% - 60.0%).
[DEBUG Orchestrator] Iteration Start. Instances Before Injector Logic: 1, Attack Started Flag: False, Normal Traffic Started Flag: True
[DEBUG Orchestrator] URLs derived for injector (if active): ['http://localhost:8080']
[Orchestrator] Starting Normal Traffic (if not already active). Target URLs for this call: ['http://localhost:8080']
[Normal_Injector] Normal traffic already in progress. Call stop_http_traffic() first.
[DEGUG Orchestrator Loop Duration] Loop Duration = 467234.928850976
[Sniffer] Label set to: benign

--- Iteration 36 | Time: 175.0s / 180s ---
[Orchestrator]RTT = 3.27039554295112
[Orchestrator] Metrics: 1 active instance(s), Avg CPU: 42.21%, Avg App MEM: 12.30 MB
[Autoscaler] Decision: NO_ACTION. Avg CPU: 42.21% is within thresholds (25.0% - 60.0%).
[DEBUG Orchestrator] Iteration Start. Instances Before Injector Logic: 1, Attack Started Flag: False, Normal Traffic Started Flag: True
[DEBUG Orchestrator] URLs derived for injector (if active): ['http://localhost:8080']
[Orchestrator] Starting Normal Traffic (if not already active). Target URLs for this call: ['http://localhost:8080']
[Normal_Injector] Normal traffic already in progress. Call stop_http_traffic() first.
[DEGUG Orchestrator Loop Duration] Loop Duration = 467239.928850976

[Orchestrator] Simulation duration reached.
[Orchestrator] Saving RTT log...
[Sniffer] Realtime tcpdump stopped.
[Orchestrator] Stopping normal traffic...
[Normal_Injector] Signaling workers to stop...
  [Normal_Injector Worker 139732410865344] Stopped. Total requests: 27577, Errors: 1
  [Normal_Injector Worker 139732436043456] Stopped. Total requests: 27366, Errors: 1
  [Normal_Injector Worker 139732419258048] Stopped. Total requests: 27685, Errors: 1
  [Normal_Injector Worker 139732054959808] Stopped. Total requests: 27751, Errors: 1
[Normal_Injector] Stop signal sent (non-blocking).
[Orchestrator] Cleaning up all simulation instances...
Cleaning up all simulation instances...
Stopping and removing container: target_instance_1 (b56b7035f8)...
  Container target_instance_1 removed.
Simulation instance cleanup complete.
[Stats_Collector] Stopping stats collector thread...
[Orchestrator] Simulation Complete. Total Fictional Cost: $0.0010
[Orchestrator] Metrics logged in: simulation_metrics.csv

===== [7/8] normal isolado agg1280_WU10_rep1 (rps/cliente=320.0) =====
Simulation duration set to: 180
Attack duration set to: 0
Normal traffic RPS per client set to: 320.0
Normal traffic number of clients set to: 4
Normal traffic work units set to: 10
[Orchestrator] Initializing simulation environment...
[Sniffer] Realtime tcpdump started on any
[Sniffer] Label set to: benign
[Autoscaler] Initialized.
Attempting to build Docker image: edos_target_app:latest...
Image edos_target_app:latest already exists. Skipping build.
Docker network 'edos_network' already exists.
[Orchestrator] Cleaning up any pre-existing simulation instances...
Cleaning up all simulation instances...
No simulation instances found to clean up.
[Orchestrator] Starting initial 1 instance(s)...
Attempting to start container target_instance_1 mapping container:80 to host:8080...
Container f2e7a0ab63 (target_instance_1) started. Accessible on host port 8080.
[Autoscaler] Initial number of instances set to: 1
[Orchestrator] 1 initial instance(s) running.
[Orchestrator] Metrics will be logged to: simulation_metrics.csv
[Orchestrator] Attack summary will be logged to: attack_summary_log.csv
[Orchestrator] Normal traffic summary will be logged to: normal_traffic_summary_log.csv
[Orchestrator] Starting simulation main loop for 180 seconds.
[Orchestrator] Monitoring interval: 5s. Cooldown: 20s.
[Orchestrator] CPU Thresholds: Scale Up > 60.0%, Scale Down < 25.0%
[Orchestrator] No traffic injection scheduled (ATTACK_DURATION_SECONDS is 0 or less).
[Sniffer] Label set to: benign

--- Iteration 1 | Time: 0.0s / 180s ---
[Orchestrator]RTT = 0.0
[Orchestrator] Metrics: 1 active instance(s), Avg CPU: 0.00%, Avg App MEM: 0.00 MB
[Autoscaler] Condition for SCALE_DOWN met (Avg CPU: 0.00%), but already at MIN_INSTANCES (1). No action.
[DEBUG Orchestrator] Iteration Start. Instances Before Injector Logic: 1, Attack Started Flag: False, Normal Traffic Started Flag: False
[DEBUG Orchestrator] URLs derived for injector (if active): ['http://localhost:8080']
[Orchestrator] Starting Normal Traffic (if not already active). Target URLs for this call: ['http://localhost:8080']
[LoadBalancer:Normal] Alvos atualizados: ['http://localhost:8080']
[Normal_Injector] Starting HTTP flood with 4 attackers, ~1280.0 RPS total, across 1 targets: http://localhost:8080
  [Normal_Injector Worker 140450542487232] Started. RPS: 320.00, Mean interval: 0.0031s (Poisson)
  [Normal_Injector Worker 140450455348928] Started. RPS: 320.00, Mean interval: 0.0031s (Poisson)
  [Normal_Injector Worker 140450446956224] Started. RPS: 320.00, Mean interval: 0.0031s (Poisson)
  [Normal_Injector Worker 140450430170816] Started. RPS: 320.00, Mean interval: 0.0031s (Poisson)
[Normal_Injector] All 4 attacker threads launched.
[DEGUG Orchestrator Loop Duration] Loop Duration = 467249.449271268
[Sniffer] Label set to: benign

--- Iteration 2 | Time: 5.0s / 180s ---
[Orchestrator]RTT = 28.24174585466633
[Orchestrator] Metrics: 1 active instance(s), Avg CPU: 71.13%, Avg App MEM: 12.89 MB
[Autoscaler] Decision: SCALE_UP. Avg CPU: 71.13% > 60.0%. Current instances: 1, Max: 4
[Orchestrator] Action: Scaling UP from 1 instance(s). Attempting to start instance 2.
Attempting to start container target_instance_2 mapping container:80 to host:8081...
Container 077cf55afc (target_instance_2) started. Accessible on host port 8081.
[Orchestrator] Successfully started target_instance_2. Now 2 instance(s).
[Autoscaler] Scale action recorded. New instance count: 2. Cooldown timer reset.
[DEBUG Orchestrator] Iteration Start. Instances Before Injector Logic: 2, Attack Started Flag: False, Normal Traffic Started Flag: True
[DEBUG Orchestrator] URLs derived for injector (if active): ['http://localhost:8080', 'http://localhost:8081']
[Orchestrator] Starting Normal Traffic (if not already active). Target URLs for this call: ['http://localhost:8080', 'http://localhost:8081']
[Normal_Injector] Normal traffic already in progress. Call stop_http_traffic() first.
[LoadBalancer:Normal] Alvos atualizados: ['http://localhost:8080', 'http://localhost:8081']
[DEGUG Orchestrator Loop Duration] Loop Duration = 467254.449271268
[Sniffer] Label set to: benign

--- Iteration 3 | Time: 10.0s / 180s ---
[Orchestrator]RTT = 16.066920752836968
[Orchestrator] Metrics: 2 active instance(s), Avg CPU: 50.78%, Avg App MEM: 12.54 MB
[Autoscaler]In cooldown: 14.999180969025474
[DEBUG Orchestrator] Iteration Start. Instances Before Injector Logic: 2, Attack Started Flag: False, Normal Traffic Started Flag: True
[DEBUG Orchestrator] URLs derived for injector (if active): ['http://localhost:8080', 'http://localhost:8081']
[Orchestrator] Starting Normal Traffic (if not already active). Target URLs for this call: ['http://localhost:8080', 'http://localhost:8081']
[Normal_Injector] Normal traffic already in progress. Call stop_http_traffic() first.
[DEGUG Orchestrator Loop Duration] Loop Duration = 467259.449271268
[Sniffer] Label set to: benign

--- Iteration 4 | Time: 15.0s / 180s ---
[Orchestrator]RTT = 16.342778674505457
[Orchestrator] Metrics: 2 active instance(s), Avg CPU: 34.43%, Avg App MEM: 12.15 MB
[Autoscaler]In cooldown: 9.99976602505194
[DEBUG Orchestrator] Iteration Start. Instances Before Injector Logic: 2, Attack Started Flag: False, Normal Traffic Started Flag: True
[DEBUG Orchestrator] URLs derived for injector (if active): ['http://localhost:8080', 'http://localhost:8081']
[Orchestrator] Starting Normal Traffic (if not already active). Target URLs for this call: ['http://localhost:8080', 'http://localhost:8081']
[Normal_Injector] Normal traffic already in progress. Call stop_http_traffic() first.
[DEGUG Orchestrator Loop Duration] Loop Duration = 467264.449271268
[Sniffer] Label set to: benign

--- Iteration 5 | Time: 20.0s / 180s ---
[Orchestrator]RTT = 14.074537132593594
[Orchestrator] Metrics: 2 active instance(s), Avg CPU: 34.33%, Avg App MEM: 13.50 MB
[Autoscaler]In cooldown: 4.998598855047021
[DEBUG Orchestrator] Iteration Start. Instances Before Injector Logic: 2, Attack Started Flag: False, Normal Traffic Started Flag: True
[DEBUG Orchestrator] URLs derived for injector (if active): ['http://localhost:8080', 'http://localhost:8081']
[Orchestrator] Starting Normal Traffic (if not already active). Target URLs for this call: ['http://localhost:8080', 'http://localhost:8081']
[Normal_Injector] Normal traffic already in progress. Call stop_http_traffic() first.
[DEGUG Orchestrator Loop Duration] Loop Duration = 467269.449271268
[Sniffer] Label set to: benign

--- Iteration 6 | Time: 25.0s / 180s ---
[Orchestrator]RTT = 14.927042509221243
[Orchestrator] Metrics: 2 active instance(s), Avg CPU: 33.63%, Avg App MEM: 12.78 MB
[Autoscaler] Decision: NO_ACTION. Avg CPU: 33.63% is within thresholds (25.0% - 60.0%).
[DEBUG Orchestrator] Iteration Start. Instances Before Injector Logic: 2, Attack Started Flag: False, Normal Traffic Started Flag: True
[DEBUG Orchestrator] URLs derived for injector (if active): ['http://localhost:8080', 'http://localhost:8081']
[Orchestrator] Starting Normal Traffic (if not already active). Target URLs for this call: ['http://localhost:8080', 'http://localhost:8081']
[Normal_Injector] Normal traffic already in progress. Call stop_http_traffic() first.
[DEGUG Orchestrator Loop Duration] Loop Duration = 467274.449271268
[Sniffer] Label set to: benign

--- Iteration 7 | Time: 30.0s / 180s ---
[Orchestrator]RTT = 14.021871108091815
[Orchestrator] Metrics: 2 active instance(s), Avg CPU: 33.46%, Avg App MEM: 11.52 MB
[Autoscaler] Decision: NO_ACTION. Avg CPU: 33.46% is within thresholds (25.0% - 60.0%).
[DEBUG Orchestrator] Iteration Start. Instances Before Injector Logic: 2, Attack Started Flag: False, Normal Traffic Started Flag: True
[DEBUG Orchestrator] URLs derived for injector (if active): ['http://localhost:8080', 'http://localhost:8081']
[Orchestrator] Starting Normal Traffic (if not already active). Target URLs for this call: ['http://localhost:8080', 'http://localhost:8081']
[Normal_Injector] Normal traffic already in progress. Call stop_http_traffic() first.
[DEGUG Orchestrator Loop Duration] Loop Duration = 467279.449271268
[Sniffer] Label set to: benign

--- Iteration 8 | Time: 35.0s / 180s ---
[Orchestrator]RTT = 17.059632018922844
[Orchestrator] Metrics: 2 active instance(s), Avg CPU: 33.28%, Avg App MEM: 13.43 MB
[Autoscaler] Decision: NO_ACTION. Avg CPU: 33.28% is within thresholds (25.0% - 60.0%).
[DEBUG Orchestrator] Iteration Start. Instances Before Injector Logic: 2, Attack Started Flag: False, Normal Traffic Started Flag: True
[DEBUG Orchestrator] URLs derived for injector (if active): ['http://localhost:8080', 'http://localhost:8081']
[Orchestrator] Starting Normal Traffic (if not already active). Target URLs for this call: ['http://localhost:8080', 'http://localhost:8081']
[Normal_Injector] Normal traffic already in progress. Call stop_http_traffic() first.
[DEGUG Orchestrator Loop Duration] Loop Duration = 467284.449271268
[Sniffer] Label set to: benign

--- Iteration 9 | Time: 40.0s / 180s ---
[Orchestrator]RTT = 16.841210442420618
[Orchestrator] Metrics: 2 active instance(s), Avg CPU: 33.38%, Avg App MEM: 13.51 MB
[Autoscaler] Decision: NO_ACTION. Avg CPU: 33.38% is within thresholds (25.0% - 60.0%).
[DEBUG Orchestrator] Iteration Start. Instances Before Injector Logic: 2, Attack Started Flag: False, Normal Traffic Started Flag: True
[DEBUG Orchestrator] URLs derived for injector (if active): ['http://localhost:8080', 'http://localhost:8081']
[Orchestrator] Starting Normal Traffic (if not already active). Target URLs for this call: ['http://localhost:8080', 'http://localhost:8081']
[Normal_Injector] Normal traffic already in progress. Call stop_http_traffic() first.
[DEGUG Orchestrator Loop Duration] Loop Duration = 467289.449271268
[Sniffer] Label set to: benign

--- Iteration 10 | Time: 45.0s / 180s ---
[Orchestrator]RTT = 16.43746689023322
[Orchestrator] Metrics: 2 active instance(s), Avg CPU: 33.75%, Avg App MEM: 12.21 MB
[Autoscaler] Decision: NO_ACTION. Avg CPU: 33.75% is within thresholds (25.0% - 60.0%).
[DEBUG Orchestrator] Iteration Start. Instances Before Injector Logic: 2, Attack Started Flag: False, Normal Traffic Started Flag: True
[DEBUG Orchestrator] URLs derived for injector (if active): ['http://localhost:8080', 'http://localhost:8081']
[Orchestrator] Starting Normal Traffic (if not already active). Target URLs for this call: ['http://localhost:8080', 'http://localhost:8081']
[Normal_Injector] Normal traffic already in progress. Call stop_http_traffic() first.
[DEGUG Orchestrator Loop Duration] Loop Duration = 467294.449271268
[Sniffer] Label set to: benign

--- Iteration 11 | Time: 50.0s / 180s ---
[Orchestrator]RTT = 16.281289865743553
[Orchestrator] Metrics: 2 active instance(s), Avg CPU: 32.88%, Avg App MEM: 12.45 MB
[Autoscaler] Decision: NO_ACTION. Avg CPU: 32.88% is within thresholds (25.0% - 60.0%).
[DEBUG Orchestrator] Iteration Start. Instances Before Injector Logic: 2, Attack Started Flag: False, Normal Traffic Started Flag: True
[DEBUG Orchestrator] URLs derived for injector (if active): ['http://localhost:8080', 'http://localhost:8081']
[Orchestrator] Starting Normal Traffic (if not already active). Target URLs for this call: ['http://localhost:8080', 'http://localhost:8081']
[Normal_Injector] Normal traffic already in progress. Call stop_http_traffic() first.
[DEGUG Orchestrator Loop Duration] Loop Duration = 467299.449271268
[Sniffer] Label set to: benign

--- Iteration 12 | Time: 55.0s / 180s ---
[Orchestrator]RTT = 16.986807309341547
[Orchestrator] Metrics: 2 active instance(s), Avg CPU: 33.35%, Avg App MEM: 13.42 MB
[Autoscaler] Decision: NO_ACTION. Avg CPU: 33.35% is within thresholds (25.0% - 60.0%).
[DEBUG Orchestrator] Iteration Start. Instances Before Injector Logic: 2, Attack Started Flag: False, Normal Traffic Started Flag: True
[DEBUG Orchestrator] URLs derived for injector (if active): ['http://localhost:8080', 'http://localhost:8081']
[Orchestrator] Starting Normal Traffic (if not already active). Target URLs for this call: ['http://localhost:8080', 'http://localhost:8081']
[Normal_Injector] Normal traffic already in progress. Call stop_http_traffic() first.
[DEGUG Orchestrator Loop Duration] Loop Duration = 467304.449271268
[Sniffer] Label set to: benign

--- Iteration 13 | Time: 60.0s / 180s ---
[Orchestrator]RTT = 15.724323320692905
[Orchestrator] Metrics: 2 active instance(s), Avg CPU: 32.79%, Avg App MEM: 12.39 MB
[Autoscaler] Decision: NO_ACTION. Avg CPU: 32.79% is within thresholds (25.0% - 60.0%).
[DEBUG Orchestrator] Iteration Start. Instances Before Injector Logic: 2, Attack Started Flag: False, Normal Traffic Started Flag: True
[DEBUG Orchestrator] URLs derived for injector (if active): ['http://localhost:8080', 'http://localhost:8081']
[Orchestrator] Starting Normal Traffic (if not already active). Target URLs for this call: ['http://localhost:8080', 'http://localhost:8081']
[Normal_Injector] Normal traffic already in progress. Call stop_http_traffic() first.
[DEGUG Orchestrator Loop Duration] Loop Duration = 467309.449271268
[Sniffer] Label set to: benign

--- Iteration 14 | Time: 65.0s / 180s ---
[Orchestrator]RTT = 21.529616908506718
[Orchestrator] Metrics: 2 active instance(s), Avg CPU: 28.50%, Avg App MEM: 11.46 MB
[Autoscaler] Decision: NO_ACTION. Avg CPU: 28.50% is within thresholds (25.0% - 60.0%).
[DEBUG Orchestrator] Iteration Start. Instances Before Injector Logic: 2, Attack Started Flag: False, Normal Traffic Started Flag: True
[DEBUG Orchestrator] URLs derived for injector (if active): ['http://localhost:8080', 'http://localhost:8081']
[Orchestrator] Starting Normal Traffic (if not already active). Target URLs for this call: ['http://localhost:8080', 'http://localhost:8081']
[Normal_Injector] Normal traffic already in progress. Call stop_http_traffic() first.
[DEGUG Orchestrator Loop Duration] Loop Duration = 467314.449271268
[Sniffer] Label set to: benign

--- Iteration 15 | Time: 70.0s / 180s ---
[Orchestrator]RTT = 18.139949583595254
[Orchestrator] Metrics: 2 active instance(s), Avg CPU: 31.34%, Avg App MEM: 11.46 MB
[Autoscaler] Decision: NO_ACTION. Avg CPU: 31.34% is within thresholds (25.0% - 60.0%).
[DEBUG Orchestrator] Iteration Start. Instances Before Injector Logic: 2, Attack Started Flag: False, Normal Traffic Started Flag: True
[DEBUG Orchestrator] URLs derived for injector (if active): ['http://localhost:8080', 'http://localhost:8081']
[Orchestrator] Starting Normal Traffic (if not already active). Target URLs for this call: ['http://localhost:8080', 'http://localhost:8081']
[Normal_Injector] Normal traffic already in progress. Call stop_http_traffic() first.
[DEGUG Orchestrator Loop Duration] Loop Duration = 467319.449271268
[Sniffer] Label set to: benign

--- Iteration 16 | Time: 75.0s / 180s ---
[Orchestrator]RTT = 15.272547792225117
[Orchestrator] Metrics: 2 active instance(s), Avg CPU: 33.86%, Avg App MEM: 11.49 MB
[Autoscaler] Decision: NO_ACTION. Avg CPU: 33.86% is within thresholds (25.0% - 60.0%).
[DEBUG Orchestrator] Iteration Start. Instances Before Injector Logic: 2, Attack Started Flag: False, Normal Traffic Started Flag: True
[DEBUG Orchestrator] URLs derived for injector (if active): ['http://localhost:8080', 'http://localhost:8081']
[Orchestrator] Starting Normal Traffic (if not already active). Target URLs for this call: ['http://localhost:8080', 'http://localhost:8081']
[Normal_Injector] Normal traffic already in progress. Call stop_http_traffic() first.
[DEGUG Orchestrator Loop Duration] Loop Duration = 467324.449271268
[Sniffer] Label set to: benign

--- Iteration 17 | Time: 80.0s / 180s ---
[Orchestrator]RTT = 16.695870342769812
[Orchestrator] Metrics: 2 active instance(s), Avg CPU: 33.92%, Avg App MEM: 11.56 MB
[Autoscaler] Decision: NO_ACTION. Avg CPU: 33.92% is within thresholds (25.0% - 60.0%).
[DEBUG Orchestrator] Iteration Start. Instances Before Injector Logic: 2, Attack Started Flag: False, Normal Traffic Started Flag: True
[DEBUG Orchestrator] URLs derived for injector (if active): ['http://localhost:8080', 'http://localhost:8081']
[Orchestrator] Starting Normal Traffic (if not already active). Target URLs for this call: ['http://localhost:8080', 'http://localhost:8081']
[Normal_Injector] Normal traffic already in progress. Call stop_http_traffic() first.
[DEGUG Orchestrator Loop Duration] Loop Duration = 467329.449271268
[Sniffer] Label set to: benign

--- Iteration 18 | Time: 85.0s / 180s ---
[Orchestrator]RTT = 16.785531320102265
[Orchestrator] Metrics: 2 active instance(s), Avg CPU: 33.62%, Avg App MEM: 12.10 MB
[Autoscaler] Decision: NO_ACTION. Avg CPU: 33.62% is within thresholds (25.0% - 60.0%).
[DEBUG Orchestrator] Iteration Start. Instances Before Injector Logic: 2, Attack Started Flag: False, Normal Traffic Started Flag: True
[DEBUG Orchestrator] URLs derived for injector (if active): ['http://localhost:8080', 'http://localhost:8081']
[Orchestrator] Starting Normal Traffic (if not already active). Target URLs for this call: ['http://localhost:8080', 'http://localhost:8081']
[Normal_Injector] Normal traffic already in progress. Call stop_http_traffic() first.
[DEGUG Orchestrator Loop Duration] Loop Duration = 467334.449271268
[Sniffer] Label set to: benign

--- Iteration 19 | Time: 90.0s / 180s ---
[Orchestrator]RTT = 13.143007493048243
[Orchestrator] Metrics: 2 active instance(s), Avg CPU: 32.98%, Avg App MEM: 11.46 MB
[Autoscaler] Decision: NO_ACTION. Avg CPU: 32.98% is within thresholds (25.0% - 60.0%).
[DEBUG Orchestrator] Iteration Start. Instances Before Injector Logic: 2, Attack Started Flag: False, Normal Traffic Started Flag: True
[DEBUG Orchestrator] URLs derived for injector (if active): ['http://localhost:8080', 'http://localhost:8081']
[Orchestrator] Starting Normal Traffic (if not already active). Target URLs for this call: ['http://localhost:8080', 'http://localhost:8081']
[Normal_Injector] Normal traffic already in progress. Call stop_http_traffic() first.
[DEGUG Orchestrator Loop Duration] Loop Duration = 467339.449271268
[Sniffer] Label set to: benign

--- Iteration 20 | Time: 95.0s / 180s ---
[Orchestrator]RTT = 16.89319215426552
[Orchestrator] Metrics: 2 active instance(s), Avg CPU: 33.71%, Avg App MEM: 12.72 MB
[Autoscaler] Decision: NO_ACTION. Avg CPU: 33.71% is within thresholds (25.0% - 60.0%).
[DEBUG Orchestrator] Iteration Start. Instances Before Injector Logic: 2, Attack Started Flag: False, Normal Traffic Started Flag: True
[DEBUG Orchestrator] URLs derived for injector (if active): ['http://localhost:8080', 'http://localhost:8081']
[Orchestrator] Starting Normal Traffic (if not already active). Target URLs for this call: ['http://localhost:8080', 'http://localhost:8081']
[Normal_Injector] Normal traffic already in progress. Call stop_http_traffic() first.
[DEGUG Orchestrator Loop Duration] Loop Duration = 467344.449271268
[Sniffer] Label set to: benign

--- Iteration 21 | Time: 100.0s / 180s ---
[Orchestrator]RTT = 19.991679662361225
[Orchestrator] Metrics: 2 active instance(s), Avg CPU: 31.47%, Avg App MEM: 13.52 MB
[Autoscaler] Decision: NO_ACTION. Avg CPU: 31.47% is within thresholds (25.0% - 60.0%).
[DEBUG Orchestrator] Iteration Start. Instances Before Injector Logic: 2, Attack Started Flag: False, Normal Traffic Started Flag: True
[DEBUG Orchestrator] URLs derived for injector (if active): ['http://localhost:8080', 'http://localhost:8081']
[Orchestrator] Starting Normal Traffic (if not already active). Target URLs for this call: ['http://localhost:8080', 'http://localhost:8081']
[Normal_Injector] Normal traffic already in progress. Call stop_http_traffic() first.
[DEGUG Orchestrator Loop Duration] Loop Duration = 467349.449271268
[Sniffer] Label set to: benign

--- Iteration 22 | Time: 105.0s / 180s ---
[Orchestrator]RTT = 14.164071431773406
[Orchestrator] Metrics: 2 active instance(s), Avg CPU: 33.35%, Avg App MEM: 12.77 MB
[Autoscaler] Decision: NO_ACTION. Avg CPU: 33.35% is within thresholds (25.0% - 60.0%).
[DEBUG Orchestrator] Iteration Start. Instances Before Injector Logic: 2, Attack Started Flag: False, Normal Traffic Started Flag: True
[DEBUG Orchestrator] URLs derived for injector (if active): ['http://localhost:8080', 'http://localhost:8081']
[Orchestrator] Starting Normal Traffic (if not already active). Target URLs for this call: ['http://localhost:8080', 'http://localhost:8081']
[Normal_Injector] Normal traffic already in progress. Call stop_http_traffic() first.
[DEGUG Orchestrator Loop Duration] Loop Duration = 467354.449271268
[Sniffer] Label set to: benign

--- Iteration 23 | Time: 110.0s / 180s ---
[Orchestrator]RTT = 15.909303227834577
[Orchestrator] Metrics: 2 active instance(s), Avg CPU: 34.54%, Avg App MEM: 13.46 MB
[Autoscaler] Decision: NO_ACTION. Avg CPU: 34.54% is within thresholds (25.0% - 60.0%).
[DEBUG Orchestrator] Iteration Start. Instances Before Injector Logic: 2, Attack Started Flag: False, Normal Traffic Started Flag: True
[DEBUG Orchestrator] URLs derived for injector (if active): ['http://localhost:8080', 'http://localhost:8081']
[Orchestrator] Starting Normal Traffic (if not already active). Target URLs for this call: ['http://localhost:8080', 'http://localhost:8081']
[Normal_Injector] Normal traffic already in progress. Call stop_http_traffic() first.
[DEGUG Orchestrator Loop Duration] Loop Duration = 467359.449271268
[Sniffer] Label set to: benign

--- Iteration 24 | Time: 115.0s / 180s ---
[Orchestrator]RTT = 16.854910969908307
[Orchestrator] Metrics: 2 active instance(s), Avg CPU: 33.90%, Avg App MEM: 12.14 MB
[Autoscaler] Decision: NO_ACTION. Avg CPU: 33.90% is within thresholds (25.0% - 60.0%).
[DEBUG Orchestrator] Iteration Start. Instances Before Injector Logic: 2, Attack Started Flag: False, Normal Traffic Started Flag: True
[DEBUG Orchestrator] URLs derived for injector (if active): ['http://localhost:8080', 'http://localhost:8081']
[Orchestrator] Starting Normal Traffic (if not already active). Target URLs for this call: ['http://localhost:8080', 'http://localhost:8081']
[Normal_Injector] Normal traffic already in progress. Call stop_http_traffic() first.
[DEGUG Orchestrator Loop Duration] Loop Duration = 467364.449271268
[Sniffer] Label set to: benign

--- Iteration 25 | Time: 120.0s / 180s ---
[Orchestrator]RTT = 12.874005454644644
[Orchestrator] Metrics: 2 active instance(s), Avg CPU: 33.58%, Avg App MEM: 13.66 MB
[Autoscaler] Decision: NO_ACTION. Avg CPU: 33.58% is within thresholds (25.0% - 60.0%).
[DEBUG Orchestrator] Iteration Start. Instances Before Injector Logic: 2, Attack Started Flag: False, Normal Traffic Started Flag: True
[DEBUG Orchestrator] URLs derived for injector (if active): ['http://localhost:8080', 'http://localhost:8081']
[Orchestrator] Starting Normal Traffic (if not already active). Target URLs for this call: ['http://localhost:8080', 'http://localhost:8081']
[Normal_Injector] Normal traffic already in progress. Call stop_http_traffic() first.
[DEGUG Orchestrator Loop Duration] Loop Duration = 467369.449271268
[Sniffer] Label set to: benign

--- Iteration 26 | Time: 125.0s / 180s ---
[Orchestrator]RTT = 17.953198948694723
[Orchestrator] Metrics: 2 active instance(s), Avg CPU: 32.28%, Avg App MEM: 11.47 MB
[Autoscaler] Decision: NO_ACTION. Avg CPU: 32.28% is within thresholds (25.0% - 60.0%).
[DEBUG Orchestrator] Iteration Start. Instances Before Injector Logic: 2, Attack Started Flag: False, Normal Traffic Started Flag: True
[DEBUG Orchestrator] URLs derived for injector (if active): ['http://localhost:8080', 'http://localhost:8081']
[Orchestrator] Starting Normal Traffic (if not already active). Target URLs for this call: ['http://localhost:8080', 'http://localhost:8081']
[Normal_Injector] Normal traffic already in progress. Call stop_http_traffic() first.
[DEGUG Orchestrator Loop Duration] Loop Duration = 467374.449271268
[Sniffer] Label set to: benign

--- Iteration 27 | Time: 130.0s / 180s ---
[Orchestrator]RTT = 19.852712902336254
[Orchestrator] Metrics: 2 active instance(s), Avg CPU: 31.50%, Avg App MEM: 12.62 MB
[Autoscaler] Decision: NO_ACTION. Avg CPU: 31.50% is within thresholds (25.0% - 60.0%).
[DEBUG Orchestrator] Iteration Start. Instances Before Injector Logic: 2, Attack Started Flag: False, Normal Traffic Started Flag: True
[DEBUG Orchestrator] URLs derived for injector (if active): ['http://localhost:8080', 'http://localhost:8081']
[Orchestrator] Starting Normal Traffic (if not already active). Target URLs for this call: ['http://localhost:8080', 'http://localhost:8081']
[Normal_Injector] Normal traffic already in progress. Call stop_http_traffic() first.
[DEGUG Orchestrator Loop Duration] Loop Duration = 467379.449271268
[Sniffer] Label set to: benign

--- Iteration 28 | Time: 135.0s / 180s ---
[Orchestrator]RTT = 14.664537236885657
[Orchestrator] Metrics: 2 active instance(s), Avg CPU: 31.96%, Avg App MEM: 12.10 MB
[Autoscaler] Decision: NO_ACTION. Avg CPU: 31.96% is within thresholds (25.0% - 60.0%).
[DEBUG Orchestrator] Iteration Start. Instances Before Injector Logic: 2, Attack Started Flag: False, Normal Traffic Started Flag: True
[DEBUG Orchestrator] URLs derived for injector (if active): ['http://localhost:8080', 'http://localhost:8081']
[Orchestrator] Starting Normal Traffic (if not already active). Target URLs for this call: ['http://localhost:8080', 'http://localhost:8081']
[Normal_Injector] Normal traffic already in progress. Call stop_http_traffic() first.
[DEGUG Orchestrator Loop Duration] Loop Duration = 467384.449271268
[Sniffer] Label set to: benign

--- Iteration 29 | Time: 140.0s / 180s ---
[Orchestrator]RTT = 16.474710386336078
[Orchestrator] Metrics: 2 active instance(s), Avg CPU: 33.51%, Avg App MEM: 13.44 MB
[Autoscaler] Decision: NO_ACTION. Avg CPU: 33.51% is within thresholds (25.0% - 60.0%).
[DEBUG Orchestrator] Iteration Start. Instances Before Injector Logic: 2, Attack Started Flag: False, Normal Traffic Started Flag: True
[DEBUG Orchestrator] URLs derived for injector (if active): ['http://localhost:8080', 'http://localhost:8081']
[Orchestrator] Starting Normal Traffic (if not already active). Target URLs for this call: ['http://localhost:8080', 'http://localhost:8081']
[Normal_Injector] Normal traffic already in progress. Call stop_http_traffic() first.
[DEGUG Orchestrator Loop Duration] Loop Duration = 467389.449271268
[Sniffer] Label set to: benign

--- Iteration 30 | Time: 145.0s / 180s ---
[Orchestrator]RTT = 15.08127286381041
[Orchestrator] Metrics: 2 active instance(s), Avg CPU: 33.48%, Avg App MEM: 12.18 MB
[Autoscaler] Decision: NO_ACTION. Avg CPU: 33.48% is within thresholds (25.0% - 60.0%).
[DEBUG Orchestrator] Iteration Start. Instances Before Injector Logic: 2, Attack Started Flag: False, Normal Traffic Started Flag: True
[DEBUG Orchestrator] URLs derived for injector (if active): ['http://localhost:8080', 'http://localhost:8081']
[Orchestrator] Starting Normal Traffic (if not already active). Target URLs for this call: ['http://localhost:8080', 'http://localhost:8081']
[Normal_Injector] Normal traffic already in progress. Call stop_http_traffic() first.
[DEGUG Orchestrator Loop Duration] Loop Duration = 467394.449271268
[Sniffer] Label set to: benign

--- Iteration 31 | Time: 150.0s / 180s ---
[Orchestrator]RTT = 13.766531675580763
[Orchestrator] Metrics: 2 active instance(s), Avg CPU: 32.27%, Avg App MEM: 12.44 MB
[Autoscaler] Decision: NO_ACTION. Avg CPU: 32.27% is within thresholds (25.0% - 60.0%).
[DEBUG Orchestrator] Iteration Start. Instances Before Injector Logic: 2, Attack Started Flag: False, Normal Traffic Started Flag: True
[DEBUG Orchestrator] URLs derived for injector (if active): ['http://localhost:8080', 'http://localhost:8081']
[Orchestrator] Starting Normal Traffic (if not already active). Target URLs for this call: ['http://localhost:8080', 'http://localhost:8081']
[Normal_Injector] Normal traffic already in progress. Call stop_http_traffic() first.
[DEGUG Orchestrator Loop Duration] Loop Duration = 467399.449271268
[Sniffer] Label set to: benign

--- Iteration 32 | Time: 155.0s / 180s ---
[Orchestrator]RTT = 17.549662658102502
[Orchestrator] Metrics: 2 active instance(s), Avg CPU: 33.05%, Avg App MEM: 12.17 MB
[Autoscaler] Decision: NO_ACTION. Avg CPU: 33.05% is within thresholds (25.0% - 60.0%).
[DEBUG Orchestrator] Iteration Start. Instances Before Injector Logic: 2, Attack Started Flag: False, Normal Traffic Started Flag: True
[DEBUG Orchestrator] URLs derived for injector (if active): ['http://localhost:8080', 'http://localhost:8081']
[Orchestrator] Starting Normal Traffic (if not already active). Target URLs for this call: ['http://localhost:8080', 'http://localhost:8081']
[Normal_Injector] Normal traffic already in progress. Call stop_http_traffic() first.
[DEGUG Orchestrator Loop Duration] Loop Duration = 467404.449271268
[Sniffer] Label set to: benign

--- Iteration 33 | Time: 160.0s / 180s ---
[Orchestrator]RTT = 18.60158458442399
[Orchestrator] Metrics: 2 active instance(s), Avg CPU: 32.26%, Avg App MEM: 11.45 MB
[Autoscaler] Decision: NO_ACTION. Avg CPU: 32.26% is within thresholds (25.0% - 60.0%).
[DEBUG Orchestrator] Iteration Start. Instances Before Injector Logic: 2, Attack Started Flag: False, Normal Traffic Started Flag: True
[DEBUG Orchestrator] URLs derived for injector (if active): ['http://localhost:8080', 'http://localhost:8081']
[Orchestrator] Starting Normal Traffic (if not already active). Target URLs for this call: ['http://localhost:8080', 'http://localhost:8081']
[Normal_Injector] Normal traffic already in progress. Call stop_http_traffic() first.
[DEGUG Orchestrator Loop Duration] Loop Duration = 467409.449271268
[Sniffer] Label set to: benign

--- Iteration 34 | Time: 165.0s / 180s ---
[Orchestrator]RTT = 14.377519935947982
[Orchestrator] Metrics: 2 active instance(s), Avg CPU: 32.19%, Avg App MEM: 12.85 MB
[Autoscaler] Decision: NO_ACTION. Avg CPU: 32.19% is within thresholds (25.0% - 60.0%).
[DEBUG Orchestrator] Iteration Start. Instances Before Injector Logic: 2, Attack Started Flag: False, Normal Traffic Started Flag: True
[DEBUG Orchestrator] URLs derived for injector (if active): ['http://localhost:8080', 'http://localhost:8081']
[Orchestrator] Starting Normal Traffic (if not already active). Target URLs for this call: ['http://localhost:8080', 'http://localhost:8081']
[Normal_Injector] Normal traffic already in progress. Call stop_http_traffic() first.
[DEGUG Orchestrator Loop Duration] Loop Duration = 467414.449271268
[Sniffer] Label set to: benign

--- Iteration 35 | Time: 170.0s / 180s ---
[Orchestrator]RTT = 16.844502596522176
[Orchestrator] Metrics: 2 active instance(s), Avg CPU: 33.99%, Avg App MEM: 12.41 MB
[Autoscaler] Decision: NO_ACTION. Avg CPU: 33.99% is within thresholds (25.0% - 60.0%).
[DEBUG Orchestrator] Iteration Start. Instances Before Injector Logic: 2, Attack Started Flag: False, Normal Traffic Started Flag: True
[DEBUG Orchestrator] URLs derived for injector (if active): ['http://localhost:8080', 'http://localhost:8081']
[Orchestrator] Starting Normal Traffic (if not already active). Target URLs for this call: ['http://localhost:8080', 'http://localhost:8081']
[Normal_Injector] Normal traffic already in progress. Call stop_http_traffic() first.
[DEGUG Orchestrator Loop Duration] Loop Duration = 467419.449271268
[Sniffer] Label set to: benign

--- Iteration 36 | Time: 175.0s / 180s ---
[Orchestrator]RTT = 19.411080588115503
[Orchestrator] Metrics: 2 active instance(s), Avg CPU: 34.31%, Avg App MEM: 12.81 MB
[Autoscaler] Decision: NO_ACTION. Avg CPU: 34.31% is within thresholds (25.0% - 60.0%).
[DEBUG Orchestrator] Iteration Start. Instances Before Injector Logic: 2, Attack Started Flag: False, Normal Traffic Started Flag: True
[DEBUG Orchestrator] URLs derived for injector (if active): ['http://localhost:8080', 'http://localhost:8081']
[Orchestrator] Starting Normal Traffic (if not already active). Target URLs for this call: ['http://localhost:8080', 'http://localhost:8081']
[Normal_Injector] Normal traffic already in progress. Call stop_http_traffic() first.
[DEGUG Orchestrator Loop Duration] Loop Duration = 467424.449271268

[Orchestrator] Simulation duration reached.
[Orchestrator] Saving RTT log...
[Sniffer] Realtime tcpdump stopped.
[Orchestrator] Stopping normal traffic...
[Normal_Injector] Signaling workers to stop...
  [Normal_Injector Worker 140450430170816] Stopped. Total requests: 38916, Errors: 0
  [Normal_Injector Worker 140450446956224] Stopped. Total requests: 38956, Errors: 0
  [Normal_Injector Worker 140450542487232] Stopped. Total requests: 38451, Errors: 0
  [Normal_Injector Worker 140450455348928] Stopped. Total requests: 38742, Errors: 0
[Normal_Injector] Stop signal sent (non-blocking).
[Orchestrator] Cleaning up all simulation instances...
Cleaning up all simulation instances...
Stopping and removing container: target_instance_2 (077cf55afc)...
  Container target_instance_2 removed.
Stopping and removing container: target_instance_1 (f2e7a0ab63)...
  Container target_instance_1 removed.
Simulation instance cleanup complete.
[Stats_Collector] Stopping stats collector thread...
[Orchestrator] Simulation Complete. Total Fictional Cost: $0.0020
[Orchestrator] Metrics logged in: simulation_metrics.csv

===== [8/8] normal isolado agg2560_WU10_rep1 (rps/cliente=640.0) =====
Simulation duration set to: 180
Attack duration set to: 0
Normal traffic RPS per client set to: 640.0
Normal traffic number of clients set to: 4
Normal traffic work units set to: 10
[Orchestrator] Initializing simulation environment...
[Sniffer] Realtime tcpdump started on any
[Sniffer] Label set to: benign
[Autoscaler] Initialized.
Attempting to build Docker image: edos_target_app:latest...
Image edos_target_app:latest already exists. Skipping build.
Docker network 'edos_network' already exists.
[Orchestrator] Cleaning up any pre-existing simulation instances...
Cleaning up all simulation instances...
No simulation instances found to clean up.
[Orchestrator] Starting initial 1 instance(s)...
Attempting to start container target_instance_1 mapping container:80 to host:8080...
Container 8797e7bf79 (target_instance_1) started. Accessible on host port 8080.
[Autoscaler] Initial number of instances set to: 1
[Orchestrator] 1 initial instance(s) running.
[Orchestrator] Metrics will be logged to: simulation_metrics.csv
[Orchestrator] Attack summary will be logged to: attack_summary_log.csv
[Orchestrator] Normal traffic summary will be logged to: normal_traffic_summary_log.csv
[Orchestrator] Starting simulation main loop for 180 seconds.
[Orchestrator] Monitoring interval: 5s. Cooldown: 20s.
[Orchestrator] CPU Thresholds: Scale Up > 60.0%, Scale Down < 25.0%
[Orchestrator] No traffic injection scheduled (ATTACK_DURATION_SECONDS is 0 or less).
[Sniffer] Label set to: benign

--- Iteration 1 | Time: 0.0s / 180s ---
[Orchestrator]RTT = 0.0
[Orchestrator] Metrics: 1 active instance(s), Avg CPU: 0.00%, Avg App MEM: 0.00 MB
[Autoscaler] Condition for SCALE_DOWN met (Avg CPU: 0.00%), but already at MIN_INSTANCES (1). No action.
[DEBUG Orchestrator] Iteration Start. Instances Before Injector Logic: 1, Attack Started Flag: False, Normal Traffic Started Flag: False
[DEBUG Orchestrator] URLs derived for injector (if active): ['http://localhost:8080']
[Orchestrator] Starting Normal Traffic (if not already active). Target URLs for this call: ['http://localhost:8080']
[LoadBalancer:Normal] Alvos atualizados: ['http://localhost:8080']
[Normal_Injector] Starting HTTP flood with 4 attackers, ~2560.0 RPS total, across 1 targets: http://localhost:8080
  [Normal_Injector Worker 139757725505216] Started. RPS: 640.00, Mean interval: 0.0016s (Poisson)
  [Normal_Injector Worker 139757708719808] Started. RPS: 640.00, Mean interval: 0.0016s (Poisson)
  [Normal_Injector Worker 139757489219264] Started. RPS: 640.00, Mean interval: 0.0016s (Poisson)
  [Normal_Injector Worker 139757480826560] Started. RPS: 640.00, Mean interval: 0.0016s (Poisson)
[Normal_Injector] All 4 attacker threads launched.
[DEGUG Orchestrator Loop Duration] Loop Duration = 467438.372232954
[Sniffer] Label set to: benign

--- Iteration 2 | Time: 5.0s / 180s ---
[Orchestrator]RTT = 82.99670264422502
[Orchestrator] Metrics: 1 active instance(s), Avg CPU: 58.97%, Avg App MEM: 18.50 MB
[Autoscaler] Decision: NO_ACTION. Avg CPU: 58.97% is within thresholds (25.0% - 60.0%).
[DEBUG Orchestrator] Iteration Start. Instances Before Injector Logic: 1, Attack Started Flag: False, Normal Traffic Started Flag: True
[DEBUG Orchestrator] URLs derived for injector (if active): ['http://localhost:8080']
[Orchestrator] Starting Normal Traffic (if not already active). Target URLs for this call: ['http://localhost:8080']
[Normal_Injector] Normal traffic already in progress. Call stop_http_traffic() first.
[DEGUG Orchestrator Loop Duration] Loop Duration = 467443.372232954
[Sniffer] Label set to: benign

--- Iteration 3 | Time: 10.0s / 180s ---
[Orchestrator]RTT = 33.843007673699326
[Orchestrator] Metrics: 1 active instance(s), Avg CPU: 70.25%, Avg App MEM: 14.53 MB
[Autoscaler] Decision: SCALE_UP. Avg CPU: 70.25% > 60.0%. Current instances: 1, Max: 4
[Orchestrator] Action: Scaling UP from 1 instance(s). Attempting to start instance 2.
Attempting to start container target_instance_2 mapping container:80 to host:8081...
Container 1f547d95b1 (target_instance_2) started. Accessible on host port 8081.
[Orchestrator] Successfully started target_instance_2. Now 2 instance(s).
[Autoscaler] Scale action recorded. New instance count: 2. Cooldown timer reset.
[DEBUG Orchestrator] Iteration Start. Instances Before Injector Logic: 2, Attack Started Flag: False, Normal Traffic Started Flag: True
[DEBUG Orchestrator] URLs derived for injector (if active): ['http://localhost:8080', 'http://localhost:8081']
[Orchestrator] Starting Normal Traffic (if not already active). Target URLs for this call: ['http://localhost:8080', 'http://localhost:8081']
[Normal_Injector] Normal traffic already in progress. Call stop_http_traffic() first.
[LoadBalancer:Normal] Alvos atualizados: ['http://localhost:8080', 'http://localhost:8081']
[DEGUG Orchestrator Loop Duration] Loop Duration = 467448.372232954
[Sniffer] Label set to: benign

--- Iteration 4 | Time: 15.0s / 180s ---
[Orchestrator]RTT = 33.24905907115257
[Orchestrator] Metrics: 2 active instance(s), Avg CPU: 46.92%, Avg App MEM: 14.08 MB
[Autoscaler]In cooldown: 15.00293454300845
[DEBUG Orchestrator] Iteration Start. Instances Before Injector Logic: 2, Attack Started Flag: False, Normal Traffic Started Flag: True
[DEBUG Orchestrator] URLs derived for injector (if active): ['http://localhost:8080', 'http://localhost:8081']
[Orchestrator] Starting Normal Traffic (if not already active). Target URLs for this call: ['http://localhost:8080', 'http://localhost:8081']
[Normal_Injector] Normal traffic already in progress. Call stop_http_traffic() first.
[DEGUG Orchestrator Loop Duration] Loop Duration = 467453.372232954
[Sniffer] Label set to: benign

--- Iteration 5 | Time: 20.0s / 180s ---
[Orchestrator]RTT = 30.532374759959417
[Orchestrator] Metrics: 2 active instance(s), Avg CPU: 34.89%, Avg App MEM: 12.78 MB
[Autoscaler]In cooldown: 10.004386837012134
[DEBUG Orchestrator] Iteration Start. Instances Before Injector Logic: 2, Attack Started Flag: False, Normal Traffic Started Flag: True
[DEBUG Orchestrator] URLs derived for injector (if active): ['http://localhost:8080', 'http://localhost:8081']
[Orchestrator] Starting Normal Traffic (if not already active). Target URLs for this call: ['http://localhost:8080', 'http://localhost:8081']
[Normal_Injector] Normal traffic already in progress. Call stop_http_traffic() first.
[DEGUG Orchestrator Loop Duration] Loop Duration = 467458.372232954
[Sniffer] Label set to: benign

--- Iteration 6 | Time: 25.0s / 180s ---
[Orchestrator]RTT = 31.46345868682264
[Orchestrator] Metrics: 2 active instance(s), Avg CPU: 34.97%, Avg App MEM: 12.61 MB
[Autoscaler]In cooldown: 5.004927675006911
[DEBUG Orchestrator] Iteration Start. Instances Before Injector Logic: 2, Attack Started Flag: False, Normal Traffic Started Flag: True
[DEBUG Orchestrator] URLs derived for injector (if active): ['http://localhost:8080', 'http://localhost:8081']
[Orchestrator] Starting Normal Traffic (if not already active). Target URLs for this call: ['http://localhost:8080', 'http://localhost:8081']
[Normal_Injector] Normal traffic already in progress. Call stop_http_traffic() first.
[DEGUG Orchestrator Loop Duration] Loop Duration = 467463.372232954
[Sniffer] Label set to: benign

--- Iteration 7 | Time: 30.0s / 180s ---
[Orchestrator]RTT = 32.19619811628518
[Orchestrator] Metrics: 2 active instance(s), Avg CPU: 34.80%, Avg App MEM: 12.83 MB
[Autoscaler] Decision: NO_ACTION. Avg CPU: 34.80% is within thresholds (25.0% - 60.0%).
[DEBUG Orchestrator] Iteration Start. Instances Before Injector Logic: 2, Attack Started Flag: False, Normal Traffic Started Flag: True
[DEBUG Orchestrator] URLs derived for injector (if active): ['http://localhost:8080', 'http://localhost:8081']
[Orchestrator] Starting Normal Traffic (if not already active). Target URLs for this call: ['http://localhost:8080', 'http://localhost:8081']
[Normal_Injector] Normal traffic already in progress. Call stop_http_traffic() first.
[DEGUG Orchestrator Loop Duration] Loop Duration = 467468.372232954
[Sniffer] Label set to: benign

--- Iteration 8 | Time: 35.0s / 180s ---
[Orchestrator]RTT = 31.172968934859252
[Orchestrator] Metrics: 2 active instance(s), Avg CPU: 33.66%, Avg App MEM: 13.77 MB
[Autoscaler] Decision: NO_ACTION. Avg CPU: 33.66% is within thresholds (25.0% - 60.0%).
[DEBUG Orchestrator] Iteration Start. Instances Before Injector Logic: 2, Attack Started Flag: False, Normal Traffic Started Flag: True
[DEBUG Orchestrator] URLs derived for injector (if active): ['http://localhost:8080', 'http://localhost:8081']
[Orchestrator] Starting Normal Traffic (if not already active). Target URLs for this call: ['http://localhost:8080', 'http://localhost:8081']
[Normal_Injector] Normal traffic already in progress. Call stop_http_traffic() first.
[DEGUG Orchestrator Loop Duration] Loop Duration = 467473.372232954
[Sniffer] Label set to: benign

--- Iteration 9 | Time: 40.0s / 180s ---
[Orchestrator]RTT = 34.640755354921104
[Orchestrator] Metrics: 2 active instance(s), Avg CPU: 32.60%, Avg App MEM: 12.81 MB
[Autoscaler] Decision: NO_ACTION. Avg CPU: 32.60% is within thresholds (25.0% - 60.0%).
[DEBUG Orchestrator] Iteration Start. Instances Before Injector Logic: 2, Attack Started Flag: False, Normal Traffic Started Flag: True
[DEBUG Orchestrator] URLs derived for injector (if active): ['http://localhost:8080', 'http://localhost:8081']
[Orchestrator] Starting Normal Traffic (if not already active). Target URLs for this call: ['http://localhost:8080', 'http://localhost:8081']
[Normal_Injector] Normal traffic already in progress. Call stop_http_traffic() first.
[DEGUG Orchestrator Loop Duration] Loop Duration = 467478.372232954
[Sniffer] Label set to: benign

--- Iteration 10 | Time: 45.0s / 180s ---
[Orchestrator]RTT = 31.65229254693393
[Orchestrator] Metrics: 2 active instance(s), Avg CPU: 34.53%, Avg App MEM: 13.34 MB
[Autoscaler] Decision: NO_ACTION. Avg CPU: 34.53% is within thresholds (25.0% - 60.0%).
[DEBUG Orchestrator] Iteration Start. Instances Before Injector Logic: 2, Attack Started Flag: False, Normal Traffic Started Flag: True
[DEBUG Orchestrator] URLs derived for injector (if active): ['http://localhost:8080', 'http://localhost:8081']
[Orchestrator] Starting Normal Traffic (if not already active). Target URLs for this call: ['http://localhost:8080', 'http://localhost:8081']
[Normal_Injector] Normal traffic already in progress. Call stop_http_traffic() first.
[DEGUG Orchestrator Loop Duration] Loop Duration = 467483.372232954
[Sniffer] Label set to: benign

--- Iteration 11 | Time: 50.0s / 180s ---
[Orchestrator]RTT = 28.62403503868109
[Orchestrator] Metrics: 2 active instance(s), Avg CPU: 34.53%, Avg App MEM: 14.06 MB
[Autoscaler] Decision: NO_ACTION. Avg CPU: 34.53% is within thresholds (25.0% - 60.0%).
[DEBUG Orchestrator] Iteration Start. Instances Before Injector Logic: 2, Attack Started Flag: False, Normal Traffic Started Flag: True
[DEBUG Orchestrator] URLs derived for injector (if active): ['http://localhost:8080', 'http://localhost:8081']
[Orchestrator] Starting Normal Traffic (if not already active). Target URLs for this call: ['http://localhost:8080', 'http://localhost:8081']
[Normal_Injector] Normal traffic already in progress. Call stop_http_traffic() first.
[DEGUG Orchestrator Loop Duration] Loop Duration = 467488.372232954
[Sniffer] Label set to: benign

--- Iteration 12 | Time: 55.0s / 180s ---
[Orchestrator]RTT = 32.12641870466
[Orchestrator] Metrics: 2 active instance(s), Avg CPU: 34.67%, Avg App MEM: 12.45 MB
[Autoscaler] Decision: NO_ACTION. Avg CPU: 34.67% is within thresholds (25.0% - 60.0%).
[DEBUG Orchestrator] Iteration Start. Instances Before Injector Logic: 2, Attack Started Flag: False, Normal Traffic Started Flag: True
[DEBUG Orchestrator] URLs derived for injector (if active): ['http://localhost:8080', 'http://localhost:8081']
[Orchestrator] Starting Normal Traffic (if not already active). Target URLs for this call: ['http://localhost:8080', 'http://localhost:8081']
[Normal_Injector] Normal traffic already in progress. Call stop_http_traffic() first.
[DEGUG Orchestrator Loop Duration] Loop Duration = 467493.372232954
[Sniffer] Label set to: benign

--- Iteration 13 | Time: 60.0s / 180s ---
[Orchestrator]RTT = 33.58292909711718
[Orchestrator] Metrics: 2 active instance(s), Avg CPU: 34.91%, Avg App MEM: 13.84 MB
[Autoscaler] Decision: NO_ACTION. Avg CPU: 34.91% is within thresholds (25.0% - 60.0%).
[DEBUG Orchestrator] Iteration Start. Instances Before Injector Logic: 2, Attack Started Flag: False, Normal Traffic Started Flag: True
[DEBUG Orchestrator] URLs derived for injector (if active): ['http://localhost:8080', 'http://localhost:8081']
[Orchestrator] Starting Normal Traffic (if not already active). Target URLs for this call: ['http://localhost:8080', 'http://localhost:8081']
[Normal_Injector] Normal traffic already in progress. Call stop_http_traffic() first.
[DEGUG Orchestrator Loop Duration] Loop Duration = 467498.372232954
[Sniffer] Label set to: benign

--- Iteration 14 | Time: 65.0s / 180s ---
[Orchestrator]RTT = 29.44957117816431
[Orchestrator] Metrics: 2 active instance(s), Avg CPU: 34.74%, Avg App MEM: 14.64 MB
[Autoscaler] Decision: NO_ACTION. Avg CPU: 34.74% is within thresholds (25.0% - 60.0%).
[DEBUG Orchestrator] Iteration Start. Instances Before Injector Logic: 2, Attack Started Flag: False, Normal Traffic Started Flag: True
[DEBUG Orchestrator] URLs derived for injector (if active): ['http://localhost:8080', 'http://localhost:8081']
[Orchestrator] Starting Normal Traffic (if not already active). Target URLs for this call: ['http://localhost:8080', 'http://localhost:8081']
[Normal_Injector] Normal traffic already in progress. Call stop_http_traffic() first.
[DEGUG Orchestrator Loop Duration] Loop Duration = 467503.372232954
[Sniffer] Label set to: benign

--- Iteration 15 | Time: 70.0s / 180s ---
[Orchestrator]RTT = 35.947291643504315
[Orchestrator] Metrics: 2 active instance(s), Avg CPU: 31.66%, Avg App MEM: 13.81 MB
[Autoscaler] Decision: NO_ACTION. Avg CPU: 31.66% is within thresholds (25.0% - 60.0%).
[DEBUG Orchestrator] Iteration Start. Instances Before Injector Logic: 2, Attack Started Flag: False, Normal Traffic Started Flag: True
[DEBUG Orchestrator] URLs derived for injector (if active): ['http://localhost:8080', 'http://localhost:8081']
[Orchestrator] Starting Normal Traffic (if not already active). Target URLs for this call: ['http://localhost:8080', 'http://localhost:8081']
[Normal_Injector] Normal traffic already in progress. Call stop_http_traffic() first.
[DEGUG Orchestrator Loop Duration] Loop Duration = 467508.372232954
[Sniffer] Label set to: benign

--- Iteration 16 | Time: 75.0s / 180s ---
[Orchestrator]RTT = 32.783092809081104
[Orchestrator] Metrics: 2 active instance(s), Avg CPU: 34.74%, Avg App MEM: 13.85 MB
[Autoscaler] Decision: NO_ACTION. Avg CPU: 34.74% is within thresholds (25.0% - 60.0%).
[DEBUG Orchestrator] Iteration Start. Instances Before Injector Logic: 2, Attack Started Flag: False, Normal Traffic Started Flag: True
[DEBUG Orchestrator] URLs derived for injector (if active): ['http://localhost:8080', 'http://localhost:8081']
[Orchestrator] Starting Normal Traffic (if not already active). Target URLs for this call: ['http://localhost:8080', 'http://localhost:8081']
[Normal_Injector] Normal traffic already in progress. Call stop_http_traffic() first.
[DEGUG Orchestrator Loop Duration] Loop Duration = 467513.372232954
[Sniffer] Label set to: benign

--- Iteration 17 | Time: 80.0s / 180s ---
[Orchestrator]RTT = 30.278812061856524
[Orchestrator] Metrics: 2 active instance(s), Avg CPU: 35.58%, Avg App MEM: 13.98 MB
[Autoscaler] Decision: NO_ACTION. Avg CPU: 35.58% is within thresholds (25.0% - 60.0%).
[DEBUG Orchestrator] Iteration Start. Instances Before Injector Logic: 2, Attack Started Flag: False, Normal Traffic Started Flag: True
[DEBUG Orchestrator] URLs derived for injector (if active): ['http://localhost:8080', 'http://localhost:8081']
[Orchestrator] Starting Normal Traffic (if not already active). Target URLs for this call: ['http://localhost:8080', 'http://localhost:8081']
[Normal_Injector] Normal traffic already in progress. Call stop_http_traffic() first.
[DEGUG Orchestrator Loop Duration] Loop Duration = 467518.372232954
[Sniffer] Label set to: benign

--- Iteration 18 | Time: 85.0s / 180s ---
[Orchestrator]RTT = 31.714241081381804
[Orchestrator] Metrics: 2 active instance(s), Avg CPU: 34.72%, Avg App MEM: 14.04 MB
[Autoscaler] Decision: NO_ACTION. Avg CPU: 34.72% is within thresholds (25.0% - 60.0%).
[DEBUG Orchestrator] Iteration Start. Instances Before Injector Logic: 2, Attack Started Flag: False, Normal Traffic Started Flag: True
[DEBUG Orchestrator] URLs derived for injector (if active): ['http://localhost:8080', 'http://localhost:8081']
[Orchestrator] Starting Normal Traffic (if not already active). Target URLs for this call: ['http://localhost:8080', 'http://localhost:8081']
[Normal_Injector] Normal traffic already in progress. Call stop_http_traffic() first.
[DEGUG Orchestrator Loop Duration] Loop Duration = 467523.372232954
[Sniffer] Label set to: benign

--- Iteration 19 | Time: 90.0s / 180s ---
[Orchestrator]RTT = 31.375971152789624
[Orchestrator] Metrics: 2 active instance(s), Avg CPU: 34.65%, Avg App MEM: 13.96 MB
[Autoscaler] Decision: NO_ACTION. Avg CPU: 34.65% is within thresholds (25.0% - 60.0%).
[DEBUG Orchestrator] Iteration Start. Instances Before Injector Logic: 2, Attack Started Flag: False, Normal Traffic Started Flag: True
[DEBUG Orchestrator] URLs derived for injector (if active): ['http://localhost:8080', 'http://localhost:8081']
[Orchestrator] Starting Normal Traffic (if not already active). Target URLs for this call: ['http://localhost:8080', 'http://localhost:8081']
[Normal_Injector] Normal traffic already in progress. Call stop_http_traffic() first.
[DEGUG Orchestrator Loop Duration] Loop Duration = 467528.372232954
[Sniffer] Label set to: benign

--- Iteration 20 | Time: 95.0s / 180s ---
[Orchestrator]RTT = 29.255917745149826
[Orchestrator] Metrics: 2 active instance(s), Avg CPU: 34.46%, Avg App MEM: 14.44 MB
[Autoscaler] Decision: NO_ACTION. Avg CPU: 34.46% is within thresholds (25.0% - 60.0%).
[DEBUG Orchestrator] Iteration Start. Instances Before Injector Logic: 2, Attack Started Flag: False, Normal Traffic Started Flag: True
[DEBUG Orchestrator] URLs derived for injector (if active): ['http://localhost:8080', 'http://localhost:8081']
[Orchestrator] Starting Normal Traffic (if not already active). Target URLs for this call: ['http://localhost:8080', 'http://localhost:8081']
[Normal_Injector] Normal traffic already in progress. Call stop_http_traffic() first.
[DEGUG Orchestrator Loop Duration] Loop Duration = 467533.372232954
[Sniffer] Label set to: benign

--- Iteration 21 | Time: 100.0s / 180s ---
[Orchestrator]RTT = 34.41920439131697
[Orchestrator] Metrics: 2 active instance(s), Avg CPU: 32.90%, Avg App MEM: 13.95 MB
[Autoscaler] Decision: NO_ACTION. Avg CPU: 32.90% is within thresholds (25.0% - 60.0%).
[DEBUG Orchestrator] Iteration Start. Instances Before Injector Logic: 2, Attack Started Flag: False, Normal Traffic Started Flag: True
[DEBUG Orchestrator] URLs derived for injector (if active): ['http://localhost:8080', 'http://localhost:8081']
[Orchestrator] Starting Normal Traffic (if not already active). Target URLs for this call: ['http://localhost:8080', 'http://localhost:8081']
[Normal_Injector] Normal traffic already in progress. Call stop_http_traffic() first.
[DEGUG Orchestrator Loop Duration] Loop Duration = 467538.372232954
[Sniffer] Label set to: benign

--- Iteration 22 | Time: 105.0s / 180s ---
[Orchestrator]RTT = 33.559625352221445
[Orchestrator] Metrics: 2 active instance(s), Avg CPU: 33.46%, Avg App MEM: 13.32 MB
[Autoscaler] Decision: NO_ACTION. Avg CPU: 33.46% is within thresholds (25.0% - 60.0%).
[DEBUG Orchestrator] Iteration Start. Instances Before Injector Logic: 2, Attack Started Flag: False, Normal Traffic Started Flag: True
[DEBUG Orchestrator] URLs derived for injector (if active): ['http://localhost:8080', 'http://localhost:8081']
[Orchestrator] Starting Normal Traffic (if not already active). Target URLs for this call: ['http://localhost:8080', 'http://localhost:8081']
[Normal_Injector] Normal traffic already in progress. Call stop_http_traffic() first.
[DEGUG Orchestrator Loop Duration] Loop Duration = 467543.372232954
[Sniffer] Label set to: benign

--- Iteration 23 | Time: 110.0s / 180s ---
[Orchestrator]RTT = 29.51904705638952
[Orchestrator] Metrics: 2 active instance(s), Avg CPU: 34.23%, Avg App MEM: 12.96 MB
[Autoscaler] Decision: NO_ACTION. Avg CPU: 34.23% is within thresholds (25.0% - 60.0%).
[DEBUG Orchestrator] Iteration Start. Instances Before Injector Logic: 2, Attack Started Flag: False, Normal Traffic Started Flag: True
[DEBUG Orchestrator] URLs derived for injector (if active): ['http://localhost:8080', 'http://localhost:8081']
[Orchestrator] Starting Normal Traffic (if not already active). Target URLs for this call: ['http://localhost:8080', 'http://localhost:8081']
[Normal_Injector] Normal traffic already in progress. Call stop_http_traffic() first.
[DEGUG Orchestrator Loop Duration] Loop Duration = 467548.372232954
[Sniffer] Label set to: benign

--- Iteration 24 | Time: 115.0s / 180s ---
[Orchestrator]RTT = 31.33054048666431
[Orchestrator] Metrics: 2 active instance(s), Avg CPU: 34.99%, Avg App MEM: 13.79 MB
[Autoscaler] Decision: NO_ACTION. Avg CPU: 34.99% is within thresholds (25.0% - 60.0%).
[DEBUG Orchestrator] Iteration Start. Instances Before Injector Logic: 2, Attack Started Flag: False, Normal Traffic Started Flag: True
[DEBUG Orchestrator] URLs derived for injector (if active): ['http://localhost:8080', 'http://localhost:8081']
[Orchestrator] Starting Normal Traffic (if not already active). Target URLs for this call: ['http://localhost:8080', 'http://localhost:8081']
[Normal_Injector] Normal traffic already in progress. Call stop_http_traffic() first.
[DEGUG Orchestrator Loop Duration] Loop Duration = 467553.372232954
[Sniffer] Label set to: benign

--- Iteration 25 | Time: 120.0s / 180s ---
[Orchestrator]RTT = 32.81635291059232
[Orchestrator] Metrics: 2 active instance(s), Avg CPU: 34.36%, Avg App MEM: 12.88 MB
[Autoscaler] Decision: NO_ACTION. Avg CPU: 34.36% is within thresholds (25.0% - 60.0%).
[DEBUG Orchestrator] Iteration Start. Instances Before Injector Logic: 2, Attack Started Flag: False, Normal Traffic Started Flag: True
[DEBUG Orchestrator] URLs derived for injector (if active): ['http://localhost:8080', 'http://localhost:8081']
[Orchestrator] Starting Normal Traffic (if not already active). Target URLs for this call: ['http://localhost:8080', 'http://localhost:8081']
[Normal_Injector] Normal traffic already in progress. Call stop_http_traffic() first.
[DEGUG Orchestrator Loop Duration] Loop Duration = 467558.372232954
[Sniffer] Label set to: benign

--- Iteration 26 | Time: 125.0s / 180s ---
[Orchestrator]RTT = 28.926034054971197
[Orchestrator] Metrics: 2 active instance(s), Avg CPU: 34.79%, Avg App MEM: 13.98 MB
[Autoscaler] Decision: NO_ACTION. Avg CPU: 34.79% is within thresholds (25.0% - 60.0%).
[DEBUG Orchestrator] Iteration Start. Instances Before Injector Logic: 2, Attack Started Flag: False, Normal Traffic Started Flag: True
[DEBUG Orchestrator] URLs derived for injector (if active): ['http://localhost:8080', 'http://localhost:8081']
[Orchestrator] Starting Normal Traffic (if not already active). Target URLs for this call: ['http://localhost:8080', 'http://localhost:8081']
[Normal_Injector] Normal traffic already in progress. Call stop_http_traffic() first.
[DEGUG Orchestrator Loop Duration] Loop Duration = 467563.372232954
[Sniffer] Label set to: benign

--- Iteration 27 | Time: 130.0s / 180s ---
[Orchestrator]RTT = 33.34140890817181
[Orchestrator] Metrics: 2 active instance(s), Avg CPU: 33.82%, Avg App MEM: 12.80 MB
[Autoscaler] Decision: NO_ACTION. Avg CPU: 33.82% is within thresholds (25.0% - 60.0%).
[DEBUG Orchestrator] Iteration Start. Instances Before Injector Logic: 2, Attack Started Flag: False, Normal Traffic Started Flag: True
[DEBUG Orchestrator] URLs derived for injector (if active): ['http://localhost:8080', 'http://localhost:8081']
[Orchestrator] Starting Normal Traffic (if not already active). Target URLs for this call: ['http://localhost:8080', 'http://localhost:8081']
[Normal_Injector] Normal traffic already in progress. Call stop_http_traffic() first.
[DEGUG Orchestrator Loop Duration] Loop Duration = 467568.372232954
[Sniffer] Label set to: benign

--- Iteration 28 | Time: 135.0s / 180s ---
[Orchestrator]RTT = 34.50707623353531
[Orchestrator] Metrics: 2 active instance(s), Avg CPU: 31.79%, Avg App MEM: 13.96 MB
[Autoscaler] Decision: NO_ACTION. Avg CPU: 31.79% is within thresholds (25.0% - 60.0%).
[DEBUG Orchestrator] Iteration Start. Instances Before Injector Logic: 2, Attack Started Flag: False, Normal Traffic Started Flag: True
[DEBUG Orchestrator] URLs derived for injector (if active): ['http://localhost:8080', 'http://localhost:8081']
[Orchestrator] Starting Normal Traffic (if not already active). Target URLs for this call: ['http://localhost:8080', 'http://localhost:8081']
[Normal_Injector] Normal traffic already in progress. Call stop_http_traffic() first.
[DEGUG Orchestrator Loop Duration] Loop Duration = 467573.372232954
[Sniffer] Label set to: benign

--- Iteration 29 | Time: 140.0s / 180s ---
[Orchestrator]RTT = 30.753419690056216
[Orchestrator] Metrics: 2 active instance(s), Avg CPU: 34.85%, Avg App MEM: 13.22 MB
[Autoscaler] Decision: NO_ACTION. Avg CPU: 34.85% is within thresholds (25.0% - 60.0%).
[DEBUG Orchestrator] Iteration Start. Instances Before Injector Logic: 2, Attack Started Flag: False, Normal Traffic Started Flag: True
[DEBUG Orchestrator] URLs derived for injector (if active): ['http://localhost:8080', 'http://localhost:8081']
[Orchestrator] Starting Normal Traffic (if not already active). Target URLs for this call: ['http://localhost:8080', 'http://localhost:8081']
[Normal_Injector] Normal traffic already in progress. Call stop_http_traffic() first.
[DEGUG Orchestrator Loop Duration] Loop Duration = 467578.372232954
[Sniffer] Label set to: benign

--- Iteration 30 | Time: 145.0s / 180s ---
[Orchestrator]RTT = 31.23516275572275
[Orchestrator] Metrics: 2 active instance(s), Avg CPU: 34.62%, Avg App MEM: 13.92 MB
[Autoscaler] Decision: NO_ACTION. Avg CPU: 34.62% is within thresholds (25.0% - 60.0%).
[DEBUG Orchestrator] Iteration Start. Instances Before Injector Logic: 2, Attack Started Flag: False, Normal Traffic Started Flag: True
[DEBUG Orchestrator] URLs derived for injector (if active): ['http://localhost:8080', 'http://localhost:8081']
[Orchestrator] Starting Normal Traffic (if not already active). Target URLs for this call: ['http://localhost:8080', 'http://localhost:8081']
[Normal_Injector] Normal traffic already in progress. Call stop_http_traffic() first.
[DEGUG Orchestrator Loop Duration] Loop Duration = 467583.372232954
[Sniffer] Label set to: benign

--- Iteration 31 | Time: 150.0s / 180s ---
[Orchestrator]RTT = 31.238509077416442
[Orchestrator] Metrics: 2 active instance(s), Avg CPU: 34.43%, Avg App MEM: 13.35 MB
[Autoscaler] Decision: NO_ACTION. Avg CPU: 34.43% is within thresholds (25.0% - 60.0%).
[DEBUG Orchestrator] Iteration Start. Instances Before Injector Logic: 2, Attack Started Flag: False, Normal Traffic Started Flag: True
[DEBUG Orchestrator] URLs derived for injector (if active): ['http://localhost:8080', 'http://localhost:8081']
[Orchestrator] Starting Normal Traffic (if not already active). Target URLs for this call: ['http://localhost:8080', 'http://localhost:8081']
[Normal_Injector] Normal traffic already in progress. Call stop_http_traffic() first.
[DEGUG Orchestrator Loop Duration] Loop Duration = 467588.372232954
[Sniffer] Label set to: benign

--- Iteration 32 | Time: 155.0s / 180s ---
[Orchestrator]RTT = 28.446224584120305
[Orchestrator] Metrics: 2 active instance(s), Avg CPU: 34.83%, Avg App MEM: 13.86 MB
[Autoscaler] Decision: NO_ACTION. Avg CPU: 34.83% is within thresholds (25.0% - 60.0%).
[DEBUG Orchestrator] Iteration Start. Instances Before Injector Logic: 2, Attack Started Flag: False, Normal Traffic Started Flag: True
[DEBUG Orchestrator] URLs derived for injector (if active): ['http://localhost:8080', 'http://localhost:8081']
[Orchestrator] Starting Normal Traffic (if not already active). Target URLs for this call: ['http://localhost:8080', 'http://localhost:8081']
[Normal_Injector] Normal traffic already in progress. Call stop_http_traffic() first.
[DEGUG Orchestrator Loop Duration] Loop Duration = 467593.372232954
[Sniffer] Label set to: benign

--- Iteration 33 | Time: 160.0s / 180s ---
[Orchestrator]RTT = 31.78891257051104
[Orchestrator] Metrics: 2 active instance(s), Avg CPU: 34.16%, Avg App MEM: 13.79 MB
[Autoscaler] Decision: NO_ACTION. Avg CPU: 34.16% is within thresholds (25.0% - 60.0%).
[DEBUG Orchestrator] Iteration Start. Instances Before Injector Logic: 2, Attack Started Flag: False, Normal Traffic Started Flag: True
[DEBUG Orchestrator] URLs derived for injector (if active): ['http://localhost:8080', 'http://localhost:8081']
[Orchestrator] Starting Normal Traffic (if not already active). Target URLs for this call: ['http://localhost:8080', 'http://localhost:8081']
[Normal_Injector] Normal traffic already in progress. Call stop_http_traffic() first.
[DEGUG Orchestrator Loop Duration] Loop Duration = 467598.372232954
[Sniffer] Label set to: benign

--- Iteration 34 | Time: 165.0s / 180s ---
[Orchestrator]RTT = 34.23628550598371
[Orchestrator] Metrics: 2 active instance(s), Avg CPU: 32.47%, Avg App MEM: 13.85 MB
[Autoscaler] Decision: NO_ACTION. Avg CPU: 32.47% is within thresholds (25.0% - 60.0%).
[DEBUG Orchestrator] Iteration Start. Instances Before Injector Logic: 2, Attack Started Flag: False, Normal Traffic Started Flag: True
[DEBUG Orchestrator] URLs derived for injector (if active): ['http://localhost:8080', 'http://localhost:8081']
[Orchestrator] Starting Normal Traffic (if not already active). Target URLs for this call: ['http://localhost:8080', 'http://localhost:8081']
[Normal_Injector] Normal traffic already in progress. Call stop_http_traffic() first.
[DEGUG Orchestrator Loop Duration] Loop Duration = 467603.372232954
[Sniffer] Label set to: benign

--- Iteration 35 | Time: 170.0s / 180s ---
[Orchestrator]RTT = 28.2287273783973
[Orchestrator] Metrics: 2 active instance(s), Avg CPU: 33.79%, Avg App MEM: 14.00 MB
[Autoscaler] Decision: NO_ACTION. Avg CPU: 33.79% is within thresholds (25.0% - 60.0%).
[DEBUG Orchestrator] Iteration Start. Instances Before Injector Logic: 2, Attack Started Flag: False, Normal Traffic Started Flag: True
[DEBUG Orchestrator] URLs derived for injector (if active): ['http://localhost:8080', 'http://localhost:8081']
[Orchestrator] Starting Normal Traffic (if not already active). Target URLs for this call: ['http://localhost:8080', 'http://localhost:8081']
[Normal_Injector] Normal traffic already in progress. Call stop_http_traffic() first.
[DEGUG Orchestrator Loop Duration] Loop Duration = 467608.372232954
[Sniffer] Label set to: benign

--- Iteration 36 | Time: 175.0s / 180s ---
[Orchestrator]RTT = 31.781282549091415
[Orchestrator] Metrics: 2 active instance(s), Avg CPU: 35.29%, Avg App MEM: 12.95 MB
[Autoscaler] Decision: NO_ACTION. Avg CPU: 35.29% is within thresholds (25.0% - 60.0%).
[DEBUG Orchestrator] Iteration Start. Instances Before Injector Logic: 2, Attack Started Flag: False, Normal Traffic Started Flag: True
[DEBUG Orchestrator] URLs derived for injector (if active): ['http://localhost:8080', 'http://localhost:8081']
[Orchestrator] Starting Normal Traffic (if not already active). Target URLs for this call: ['http://localhost:8080', 'http://localhost:8081']
[Normal_Injector] Normal traffic already in progress. Call stop_http_traffic() first.
[DEGUG Orchestrator Loop Duration] Loop Duration = 467613.372232954

[Orchestrator] Simulation duration reached.
[Orchestrator] Saving RTT log...
[Sniffer] Realtime tcpdump stopped.
[Orchestrator] Stopping normal traffic...
[Normal_Injector] Signaling workers to stop...
  [Normal_Injector Worker 139757489219264] Stopped. Total requests: 39940, Errors: 1
  [Normal_Injector Worker 139757708719808] Stopped. Total requests: 39733, Errors: 5
  [Normal_Injector Worker 139757725505216] Stopped. Total requests: 39879, Errors: 0
  [Normal_Injector Worker 139757480826560] Stopped. Total requests: 40028, Errors: 0
[Normal_Injector] Stop signal sent (non-blocking).
[Orchestrator] Cleaning up all simulation instances...
Cleaning up all simulation instances...
Stopping and removing container: target_instance_2 (1f547d95b1)...
  Container target_instance_2 removed.
Stopping and removing container: target_instance_1 (8797e7bf79)...
  Container target_instance_1 removed.
Simulation instance cleanup complete.
[Stats_Collector] Stopping stats collector thread...
[Orchestrator] Simulation Complete. Total Fictional Cost: $0.0019
[Orchestrator] Metrics logged in: simulation_metrics.csv

normal isolado pós-LB: 8 execuções concluídas
