timestamp,rtt
1788393362.1975818,39.25624999101274
1788393362.2024298,41.89705499447882
1788393362.2265127,62.71320200175978
1788393362.2397661,73.42520100064576
1788393362.2793043,106.80376998789143
1788393362.2989025,124.06517600174993
1788393362.3293896,147.63354900060222
1788393362.3941998,138.63727000716608
1788393362.4383066,100.84693100361619
1788393362.4771645,147.45729899732396
1788393362.5058095,148.0303939897567
1788393362.5317564,81.56436299032066
1788393362.537797,189.57027500437107
1788393362.5387123,63.149620007607155
1788393362.5553198,66.92660399130546
1788393362.6088402,26.89112100051716
1788393362.6177466,65.94291700457688
1788393362.633811,67.98384500143584
1788393362.6396985,24.294143993756734
1788393362.6595523,23.439708005753346
1788393362.7218776,67.51470199378673
1788393362.7302961,33.321435999823734
1788393362.764996,21.096172000397928
1788393362.7726073,21.469133003847674
1788393362.7853923,29.348614989430644
1788393362.806473,20.866023012786172
1788393362.8457456,61.90335701103322
1788393362.8501942,25.838571003987454
1788393362.8577342,24.413250997895375
1788393362.8935397,55.47545000445098
1788393362.9136765,77.8175980085507
1788393362.9406848,54.249041990260594
1788393362.9617314,93.99483900051564
1788393362.9667547,77.84133798850235
1788393362.9785244,69.85241700022016
1788393362.9876173,64.27677100873552
1788393363.0211532,20.88573398941662
1788393363.0374177,20.424950009328313
1788393363.1057482,67.3180050071096
1788393363.1324944,22.71509700221941
1788393363.1539793,31.12721499928739
1788393363.181846,62.34553600370418
1788393363.208144,32.77388600690756
1788393363.2281573,45.65081201144494
1788393363.2450309,23.83808900776785
1788393363.2457013,68.10417599626817
1788393363.2674954,33.723126995028
1788393363.2828712,31.753913004649803
1788393363.2946541,32.442787996842526
1788393363.297861,65.39035199966747
1788393363.3196287,27.49208601017017
1788393363.3414629,32.23819700360764
1788393363.357721,67.06532600219361
1788393363.3631442,43.245700988336466
1788393363.365446,37.07427599874791
1788393363.3818326,83.5807170078624
1788393363.4201458,31.696858000941575
1788393363.4297595,70.5435639974894
1788393363.440484,42.33551200013608
1788393363.4467373,26.03009599260986
1788393363.4579208,71.35241100331768
1788393363.5057569,33.09314699436072
1788393363.5060892,74.69595999282319
1788393363.5419846,79.04737899661995
1788393363.570972,22.354586006258614
1788393363.6438746,25.629208990721963
1788393363.650815,29.003240997553803
1788393363.6664004,39.2532159894472
1788393363.6705267,35.18065500247758
1788393363.709502,24.403014002018608
1788393363.738099,67.31983200006653
1788393363.782162,26.47764701396227
1788393363.8146818,21.7142620094819
1788393363.8237777,21.770933992229402
1788393363.854197,21.10624499619007
1788393363.8752437,23.015425991616212
1788393363.9461234,67.0529390044976
1788393364.0105906,24.572923008236103
1788393364.01726,21.266802010359243
1788393364.0335631,19.485554003040306
1788393364.1062677,22.769304996472783
1788393364.121684,65.49763299699407
1788393364.125582,20.609346000128426
1788393364.1361225,21.51053499255795
1788393364.1472514,28.512257005786523
1788393364.1663406,21.795897991978563
1788393364.2241764,27.37260099092964
1788393364.236387,27.417466990300454
1788393364.2551546,32.710819999920204
1788393364.2786121,36.40722099225968
1788393364.2997622,31.633951992262155
1788393364.3017344,67.28837599803228
1788393364.3072147,30.080131997237913
1788393364.3226292,22.849122004117817
1788393364.325797,67.97423100215383
1788393364.3866875,20.290778993512504
1788393364.3871238,19.695195005624555
1788393364.3977993,59.98402400291525
1788393364.398059,62.287098000524566
1788393364.4632514,22.745841997675598
1788393364.4726517,24.658542999532074
1788393364.4939332,63.70700499974191
1788393364.5379548,22.473940000054426
1788393364.5656042,19.551830991986208
1788393364.5816686,65.18911599414423
1788393364.5855453,20.53955198789481
1788393364.669725,65.63169900618959
1788393364.6724539,19.92202601104509
1788393364.7329369,29.819264993420802
1788393364.7931392,24.694085004739463
1788393364.8577144,21.37182600563392
1788393364.8639083,21.09097999345977
1788393364.8905752,20.86452199728228
1788393364.9275486,21.665331005351618
1788393364.9377131,64.47046301036607
1788393364.9546216,19.99084099952597
1788393365.0182018,62.30065500130877
1788393365.045537,32.78326700092293
1788393365.1262949,60.61388799571432
1788393365.1575737,24.675720007508062
1788393365.2298422,63.42177701299079
1788393365.23645,20.75812898692675
1788393365.2760606,19.18078400194645
1788393365.3019783,20.89538901054766
1788393365.3100848,22.398590997909196
1788393365.3218508,28.181962989037856
1788393365.3330104,36.762321993592195
1788393365.3429458,24.26473099330906
1788393365.3827412,53.291193005861714
1788393365.3978586,71.68993100640364
1788393365.4137673,86.63954299117904
1788393365.41461,52.99990400089882
1788393365.4272425,63.05878500279505
1788393365.4336882,102.16442799719516
1788393365.445765,85.63297100772616
1788393365.452266,48.98432199843228
1788393365.4819226,91.42190500278957
1788393365.4898071,78.58694800233934
1788393365.513781,105.75635600253008
1788393365.5266902,70.85699500748888
1788393365.5497613,101.19321699312422
1788393365.5511193,64.24545400659554
1788393365.5670521,57.97492699639406
1788393365.5778077,93.71772299346048
1788393365.5882132,76.78601500811055
1788393365.594459,73.78937599423807
1788393365.6132474,75.77231399773154
1788393365.619118,51.72652100736741
1788393365.6371176,68.41285599512048
1788393365.6433635,56.506430002627894
1788393365.6630402,29.574162006611004
1788393365.6844814,28.868277004221454
1788393365.6879115,26.779956999234855
1788393365.7479715,27.73332200013101
1788393365.7538185,75.11492700723466
1788393365.7603192,28.620680008316413
1788393365.8240733,19.883517001289874
1788393365.8459475,65.5096179980319
1788393365.8969536,21.96180500322953
1788393365.9178498,34.69063600641675
1788393365.9351974,24.811021008645184
1788393365.939502,27.591366990236565
1788393365.9457304,63.64534099702723
1788393366.0183556,43.479697007569484
1788393366.0536852,80.8584990008967
1788393366.0583584,50.77610501029994
1788393366.0631533,49.00243900192436
1788393366.0807252,31.99425399361644
1788393366.1258507,19.376324009499513
1788393366.1299963,20.179636994726025
1788393366.1483269,21.818282999447547
1788393366.189694,62.304803999722935
1788393366.1991868,22.5859960046364
1788393366.2110794,26.506313995923847
1788393366.2259881,32.70572501060087
1788393366.2261999,64.31340999552049
1788393366.268345,21.471645013662055
1788393366.275194,23.629228002391756
1788393366.2777078,68.2437109935563
1788393366.292922,30.45839500555303
1788393366.29368,66.64525099040475
1788393366.3432693,24.28542499546893
1788393366.3451166,22.473777004051954
1788393366.3619285,64.33847700827755
1788393366.4678934,19.844819995341823
1788393366.4726176,20.077258988749236
1788393366.5624528,63.412989999051206
1788393366.6503007,22.074042994063348
1788393366.6696024,18.34087198949419
1788393366.6926043,19.559583000955172
1788393366.7563856,22.636324996710755
1788393366.8324492,18.90134198765736
1788393366.8380907,62.20906600356102
1788393366.9318795,26.67362599459011
1788393366.9368124,20.680614004959352
1788393366.9495304,30.044038998312317
1788393367.051596,18.472551004379056
1788393367.1094136,25.12921000015922
1788393367.1100092,23.419489996740595
1788393367.14478,21.393668997916393
1788393367.1810944,31.865709999692626
1788393367.1840682,31.508489002590068
1788393367.1897135,63.828147991443984
1788393367.2203283,21.969209992676042
1788393367.284208,39.251688998774625
1788393367.2846649,35.82905100483913
1788393367.3132315,44.51491199142765
1788393367.3392355,66.64121699577663
1788393367.3704307,92.29983900149819
1788393367.394262,114.01021899655461
1788393367.4480093,96.23241100052837
1788393367.4620535,170.4726220050361
1788393367.468251,77.37159100361168
1788393367.5124755,98.44326799793635
1788393367.5258849,119.02173300040886
1788393367.5265508,104.9882829975104
1788393367.5754893,77.82335599767976
1788393367.5912995,70.8025570056634
1788393367.5939035,145.60300100129098
1788393367.6105132,73.83225900412071
1788393367.642483,56.903005999629386
1788393367.6587958,44.62234200036619
1788393367.665953,87.83825000864454
1788393367.6980867,59.38482499914244
1788393367.7167916,56.620666990056634
1788393367.721962,87.37535300315358
1788393367.7741203,103.30168300424702
1788393367.7760494,63.26172599801794
1788393367.8020084,116.41394199978095
1788393367.8043175,77.31735501147341
1788393367.822691,94.10422200744506
1788393367.8503942,31.557800000882708
1788393367.8618104,41.016239003511146
1788393367.8875184,64.12048199854326
1788393367.9039836,65.17074799921829
1788393367.9291651,84.08231299836189
1788393367.9426465,45.25923798792064
1788393367.9858577,86.18446500622667
1788393368.0244386,120.4230750008719
1788393368.0292768,117.02130499179475
1788393368.0339139,132.2148949984694
1788393368.068436,53.08435999904759
1788393368.109983,180.3899289952824
1788393368.1377826,89.29723600158468
1788393368.1471364,38.67560600338038
1788393368.2212632,31.75510799337644
1788393368.249766,71.8112220056355
1788393368.2850173,37.62851899955422
1788393368.3337715,37.940770998829976
1788393368.3458152,43.57017700385768
1788393368.3714826,46.54891000245698
1788393368.380553,46.368045994313434
1788393368.398893,55.25793800188694
1788393369.6429048,43.578833996434696
1788393369.6491237,46.499853997374885
1788393369.6593614,55.11351600580383
1788393369.660444,59.550416001002304
1788393369.6850476,78.44119099900126
1788393369.6945195,56.66450600256212
1788393369.72032,80.6176600017352
1788393369.7330775,31.110757001442835
1788393369.733678,79.07361601246521
1788393369.7539515,74.94572400173638
1788393369.7696366,50.66278399317525
1788393369.769887,99.98651100613642
1788393369.7737043,30.03630301100202
1788393369.7857542,82.37399600329809
1788393369.798709,92.03613101271912
1788393369.861675,63.98323000757955
1788393369.8863778,19.38336000603158
1788393369.9627113,19.40149201254826
1788393369.9763398,18.768203997751698
1788393370.0101163,20.082128001376987
1788393370.0121932,19.058175006648526
1788393370.0295558,29.308472003322095
1788393370.039758,23.782313000992872
1788393370.069248,19.68423200014513
1788393370.103936,22.02568799839355
1788393370.109353,23.353285010671243
1788393370.1337333,60.84914300299715
1788393370.1384048,20.532023001578636
1788393370.185698,62.85965599818155
1788393370.1936986,65.62428000324871
1788393370.266052,33.53309199155774
1788393370.2931426,20.979711989639327
1788393370.2943618,20.078219997230917
1788393370.3268602,27.30634198815096
1788393370.3379374,62.740925000980496
1788393370.4074821,58.59495999175124
1788393370.41534,48.29484700167086
1788393370.4320369,39.949842990608886
1788393370.4405346,40.29458499280736
1788393370.449732,93.38862900040112
1788393370.497572,65.27803000062704
1788393370.5012264,25.275169988162816
1788393370.5064213,22.170854004798457
1788393370.5299132,64.43266000133008
1788393370.5891628,32.5545880041318
1788393370.6664407,25.644360997830518
1788393370.684574,19.805848991381936
1788393370.7002902,20.64641800825484
1788393370.7305388,26.922958000795916
1788393370.749725,60.731442004907876
1788393370.761634,68.6232920124894
1788393370.778318,19.967395011917688
1788393370.7816317,72.63516700186301
1788393370.828738,19.01533399359323
1788393370.855401,18.787202003295533
1788393370.8863204,22.254579002037644
1788393370.9460163,20.893098990200087
1788393370.9765632,20.469205002882518
1788393370.9897068,67.25378001283389
1788393371.0045855,29.292709994479083
1788393371.0052724,28.189515011035837
1788393371.013731,61.43200000224169
1788393371.0162234,28.36622900213115
1788393371.0368557,22.923982003703713
1788393371.0533524,19.177855996531434
1788393371.0736835,72.16744300967548
1788393371.0940003,25.31660300155636
1788393371.1032162,25.875613995594904
1788393371.1159778,26.953839987982064
1788393371.1177127,61.074691999237984
1788393371.1378171,63.71366399980616
1788393371.1456935,22.342923999531195
1788393371.230727,19.93019800283946
1788393371.310546,26.581830010400154
1788393371.341402,20.36064000276383
1788393371.3556373,26.717341999756172
1788393371.3575072,26.558728000964038
1788393371.3690383,24.358711001696065
1788393371.3818018,62.546514003770426
1788393371.3859177,22.59872500144411
1788393371.4137437,64.46720499661751
1788393371.4417167,65.99242800439242
1788393371.4511485,21.046836001914926
1788393371.5121799,24.331378008355387
1788393371.5525773,27.489790008985437
1788393371.5651417,28.191931996843778
1788393371.5857444,63.30333699588664
1788393371.6618037,68.73516101040877
1788393371.6756537,19.926906999899074
1788393371.7416759,22.43796999391634
1788393371.7427638,19.892048003384843
1788393371.7652383,19.354588992428035
1788393371.820389,26.372623004135676
1788393371.831158,21.65457099908963
1788393371.8346977,20.69813599518966
1788393371.853084,19.902412008377723
1788393371.961888,20.716247003292665
1788393372.002077,18.583501994726248
1788393372.019732,19.554500002413988
1788393372.0645812,20.839488992351107
1788393372.1326797,21.80452000175137
1788393372.1537702,68.65223500062712
1788393372.1589656,24.89278800203465
1788393372.196453,21.718975011026487
1788393372.2118633,21.015260004787706
1788393372.2246406,21.416885007056408
1788393372.2319214,64.36400499660522
1788393372.2921526,60.72146999940742
1788393372.307542,62.903764002840035
1788393372.3410158,68.19566199555993
1788393372.34158,111.83514400909189
1788393372.3889349,73.4440639935201
1788393372.4143195,58.464699002797715
1788393372.4264414,52.37539300287608
1788393372.5032666,29.61557699018158
1788393372.5077553,36.37908599921502
1788393372.517505,30.358685995452106
1788393372.5297804,73.27555000665598
1788393372.5713723,27.409009999246337
1788393372.59742,21.609254996292293
1788393372.6164782,27.90103299776092
1788393372.6369247,23.412330003338866
1788393372.641678,62.32934400031809
1788393372.6617882,27.301380992867053
1788393372.7258668,62.331292996532284
1788393372.745728,33.6126429901924
1788393372.7919996,19.91676600300707
1788393372.8284647,21.729022002546117
1788393372.8445024,33.43794400279876
1788393372.8506067,31.089725001947954
1788393372.8625617,39.1957999963779
1788393372.8694851,28.340044998913072
1788393372.9459143,24.452950005070306
1788393373.0047355,18.403695998131298
1788393373.0866375,24.20646499376744
1788393373.1959047,21.027763999882154
1788393373.1962576,19.92681199044455
1788393373.2176585,19.771696999669075
1788393373.226401,19.65621799172368
1788393373.266318,61.50832799903583
1788393373.293652,60.270055997534655
1788393373.335571,22.00310499756597
1788393373.3418632,19.902418993297033
1788393373.4003894,27.277872010017745
1788393373.4092526,40.20352799852844
1788393373.4230993,32.419821989606135
1788393373.4380083,71.2782699993113
1788393373.4867187,23.37172800616827
1788393373.490074,21.862459994736128
1788393373.5126796,19.2333049926674
1788393373.5469055,33.01689799991436
1788393373.5627384,31.891170991002582
1788393373.569848,67.19974600127898
1788393373.5780559,65.18700400192756
1788393373.5809097,23.304361995542422
1788393373.6498775,70.88678899162915
1788393373.699761,55.80253498919774
1788393373.700297,54.940041998634115
1788393373.7301764,39.02770399872679
1788393373.7817948,75.39097098924685
1788393373.8298466,68.37672500114422
1788393373.8375347,21.29408999462612
1788393373.8591356,20.19208799174521
1788393373.8962355,22.42097500129603
1788393373.9167058,20.454434998100623
1788393373.9632626,19.50562300044112
1788393373.9730642,25.74021001055371
1788393373.981406,26.479446998564526
1788393373.9817076,64.69861500954721
1788393374.1191504,24.419563007541
1788393374.1196373,22.93052399181761
1788393374.1440034,43.11168199637905
1788393374.1903243,19.64559000043664
1788393374.2018585,59.737182993558235
1788393374.225185,23.116641998058185
1788393374.257719,66.59323000349104
1788393374.2804227,18.460484003298916
1788393374.2937336,64.563931999146
1788393374.2961342,18.6763730016537
1788393374.3433821,30.739819994778372
1788393374.365451,36.42501900321804
1788393374.3712468,35.631808001198806
1788393374.3750825,28.24076099204831
1788393374.3818305,67.51941499533132
1788393374.3819914,71.1681620014133
1788393374.386975,26.8675940023968
1788393374.3978038,74.29843800491653
1788393374.472568,22.6879809924867
1788393374.4746296,21.16449900495354
1788393374.4816315,72.04432599246502
1788393374.5590277,20.654189997003414
1788393374.6319826,28.34567600802984
1788393374.6503108,21.77264599595219
1788393374.659707,21.132587004103698
1788393374.6700952,21.316170998034067
1788393374.6778374,23.501404997659847
1788393374.7060542,21.241153997834772
1788393374.7137327,63.40701199951582
1788393374.7336996,61.92377398838289
1788393374.7350137,19.436959992162883
1788393374.8097086,20.16573400760535
1788393374.8300626,19.642133003799245
1788393374.9185276,19.577701008529402
1788393374.9264762,63.441925987717696
1788393374.9982948,69.58333599322941
1788393375.1286852,23.707950007519685
1788393375.249385,27.158493001479656
1788393375.2536235,20.760325001901947
1788393375.259314,20.73280200420413
1788393375.2702973,19.236387001001276
1788393375.337275,22.025757003575563
1788393375.349404,59.94521100365091
1788393375.359033,22.95829101058189
1788393375.3815732,25.65834700362757
1788393375.3860388,26.9884299923433
1788393375.4165843,20.49668101244606
1788393375.4456568,66.84456999937538
1788393375.4494934,64.70074200478848
1788393375.4768696,20.651286002248526
1788393375.4813437,62.169816010282375
1788393375.494133,20.4726359952474
1788393375.5102537,19.84305899532046
1788393375.5270135,21.848353004315868
1788393375.5297713,27.096481004264206
1788393375.5486584,24.924772005761042
1788393375.5654109,63.477901989244856
1788393375.5714586,25.100315004237927
1788393375.5854936,24.93255700392183
1788393375.6094368,64.95826099126134
1788393375.6307962,19.72287600801792
1788393375.7109733,33.02615899883676
1788393375.7201543,29.56250699935481
1788393375.7814739,67.85664599738084
1788393375.8028243,19.31190500908997
1788393375.8153062,19.43688098981511
1788393375.889514,60.23175200971309
1788393375.9015856,62.304566003149375
1788393375.9358764,19.463874996290542
1788393375.9572296,19.47499200468883
1788393375.979945,21.254036997561343
1788393375.987936,22.683960996801034
1788393376.0394986,20.307905986555852
1788393376.0666988,18.63901900651399
1788393376.0841432,23.56093500566203
1788393376.0873587,23.50017399294302
1788393376.1052454,26.705173004302196
1788393376.1399293,20.391450001625344
1788393376.1617367,21.176553011173382
1788393376.2488594,23.09631500975229
1788393376.3027654,24.177013008738868
1788393376.3072069,19.60436999797821
1788393376.3131073,19.85167499515228
1788393376.385458,60.884537000674754
1788393376.3933074,21.351431001676247
1788393376.4008858,21.04730499559082
1788393376.4282856,23.99997900647577
1788393376.4481316,22.950648999540135
1788393376.4485102,24.488424009177834
1788393376.4615374,21.698872005799785
1788393376.4654238,63.457401003688574
1788393376.473432,65.31445300788619
1788393376.4828303,23.347574009676464
1788393376.5009534,25.170826993416995
1788393376.533581,67.12557400169317
1788393376.537258,20.759156992426142
1788393376.5494213,21.161047989153303
1788393376.6085322,23.73497700318694
1788393376.6342726,19.601744003011845
1788393376.6710873,19.47494198975619
1788393376.7054405,59.7694309981307
1788393376.7251241,21.308475013938732
1788393376.753573,67.09486599720549
1788393376.8138888,28.121134004322812
1788393376.8143854,26.50504400662612
1788393376.8365803,31.754594994708896
1788393376.8392153,33.21175499877427
1788393376.8558695,37.50757299712859
1788393376.9055822,64.75055700866506
1788393376.9247093,24.686380013008602
1788393376.9375763,22.706713003572077
1788393376.9504523,20.97275799314957
1788393376.970314,21.334531003958546
1788393376.9976902,61.82771601015702
1788393377.0365582,27.374766999855638
1788393377.0374267,61.38307000219356
1788393377.0934978,20.693101003416814
1788393377.1095512,60.04814399057068
1788393377.1282036,26.912280009128153
1788393377.1375659,67.17510899761692
1788393377.1848521,21.9775019941153
1788393377.1964247,23.58330599963665
1788393377.1978168,68.7180530076148
1788393377.257548,65.74972599628381
1788393377.2910614,31.374747995869257
1788393377.3218539,21.738415001891553
1788393377.4628406,27.86661199934315
1788393377.4666138,21.810497011756524
1788393377.5112073,25.728553999215364
1788393377.5453887,68.08460899628699
1788393377.5494387,62.964365002699196
1788393377.657454,69.87772100546863
1788393377.7386775,27.693276992067695
1788393377.794698,30.60342199751176
1788393377.8062775,32.46274399862159
1788393377.829946,68.01172000996303
1788393377.8322544,31.165874999715015
1788393377.8463924,33.38760400947649
1788393377.8667982,38.82390599756036
1788393377.8687387,47.266791996662505
1788393377.8995237,27.826927005662583
1788393377.9053411,78.84877000469714
1788393377.9293056,80.41924399731215
1788393377.9455094,67.12464500742499
1788393377.9460206,20.583228004397824
1788393377.9614403,64.45081300626043
1788393377.997445,60.67985300614964
1788393378.0397213,20.9162269893568
1788393378.0468411,25.723205995745957
1788393378.0566738,24.369939987082034
1788393378.069451,63.194646005285904
1788393378.0849848,21.582062006928027
1788393378.1137524,66.67400800506584
1788393378.192256,32.855740006198175
1788393378.2073617,25.93750398955308
1788393378.2254426,19.170257990481332
1788393378.271663,21.779677001177333
1788393378.2947457,20.527878994471394
1788393378.3013804,66.12271101039369
1788393378.3303792,19.407753003179096
1788393378.344812,22.243390005314723
1788393378.349413,62.89515299431514
1788393378.3630526,19.9096119904425
1788393378.3854501,61.17508199531585
1788393378.3946023,20.770849994733
1788393378.4162617,20.45834599994123
1788393378.4654255,20.419013002538122
1788393378.4793785,21.91315700474661
1788393378.4899762,22.903332006535493
1788393378.4974697,62.69438400340732
1788393378.529445,21.002720997785218
1788393378.540798,21.44570800010115
1788393378.585518,69.00487399252597
1788393378.591549,26.97165499557741
1788393378.6015134,79.58286500070244
1788393378.6053226,29.851209008484147
1788393378.6088176,31.274484004825354
1788393378.6537216,80.43110600556247
1788393378.6644564,25.79053099907469
1788393378.668363,26.03014999476727
1788393378.685533,68.2045650028158
1788393378.6974535,70.79628700739704
1788393378.7574537,68.66017100401223
1788393378.7613993,68.56111499655526
1788393378.7679856,19.897029997082427
1788393378.8420594,62.75724001170602
1788393378.8649418,20.23045500391163
1788393378.9054496,62.936848000390455
1788393378.9295423,63.063852008781396
1788393378.9311662,20.314975001383573
1788393378.9339206,21.476947993505746
1788393378.942326,23.847571996157058
1788393378.9657786,22.57488900795579
1788393378.9918754,22.115786996437237
1788393379.009376,67.03372500487603
1788393379.029431,62.691294006071985
1788393379.109362,60.755967992008664
1788393379.1616282,19.151629996486008
1788393379.1895707,62.636971997562796
1788393379.2177265,25.036557999555953
1788393379.2614799,22.095341002568603
1788393379.270881,30.335383999045007
1788393379.2902923,22.218896003323607
1788393379.297502,71.9716680032434
1788393379.3463132,20.97437100019306
1788393379.3555374,20.61138499993831
1788393379.3752706,19.423641002504155
1788393379.44547,60.677686997223645
1788393379.446702,22.194003002368845
1788393379.4536362,20.566182007314637
1788393379.5118854,19.86269599001389
1788393379.5217557,20.818003002204932
1788393379.5455797,63.39934999414254
1788393379.5911489,19.658338991575874
1788393379.609736,63.49848199170083
1788393379.6591272,19.855067002936266
1788393379.7212808,31.253794993972406
1788393379.7558014,45.672124993870966
1788393379.7576728,48.8146260031499
1788393379.7604423,50.05422000249382
1788393379.7614949,70.04995799798053
1788393379.763741,46.22598600690253
1788393379.785959,63.77383999642916
1788393379.7865372,30.452132006757893
1788393379.8067641,37.27010398870334
1788393379.8375423,73.51762100006454
1788393379.8598738,27.779036987340078
1788393379.8611546,26.94696899561677
1788393379.9213026,26.151775004109368
1788393379.9262316,28.065434002201073
1788393379.9437854,32.553705997997895
1788393380.0495424,44.90331400302239
1788393380.053656,41.79877099522855
1788393380.0631874,26.467310992302373
1788393380.0669804,28.25037900765892
1788393380.083391,36.8509000109043
1788393380.1353674,29.17473900015466
1788393380.1372342,28.659118004725315
1788393380.1381567,29.74554500542581
1788393380.284385,38.512900995556265
1788393380.2948277,45.50001700408757
1788393380.31041,50.489458997617476
1788393380.3816645,62.706650991458446
1788393380.402032,19.91424099833239
1788393380.4456694,62.40158199216239
1788393380.4696195,60.94699499954004
1788393380.4701629,23.755129004712217
1788393380.4894192,19.774560001678765
1788393380.5012522,19.32805399701465
1788393380.5505307,19.308660994283855
1788393380.565388,60.994345010840334
1788393380.6234877,19.728307001059875
1788393380.6360724,19.328239999595098
1788393380.6768517,28.460895002353936
1788393380.699127,19.47263500187546
1788393380.7256556,19.54982399183791
1788393380.736683,20.359029003884643
1788393380.7462883,19.777946989051998
1788393380.7513864,20.941975992172956
1788393380.8175042,62.629117994219996
1788393380.8258479,19.81834899925161
1788393380.830549,20.615977002307773
1788393380.9025397,21.87595899158623
1788393380.9069057,22.11725500819739
1788393380.9094186,61.12413298978936
1788393380.9167309,23.237011992023326
1788393380.9695814,62.43052499485202
1788393380.972606,23.183598998002708
1788393380.985388,63.04629798978567
1788393380.9975326,64.80324199947063
1788393380.9976735,63.623684996855445
1788393381.0520349,20.51486300479155
1788393381.0814948,60.19220199959818
1788393381.0969691,25.50003200303763
1788393381.1217675,61.257093999302015
1788393381.1450677,20.343217998743057
1788393381.152587,21.011056000133976
1788393381.164114,31.39987899339758
1788393381.2174542,64.54953600768931
1788393381.2221074,20.490091003011912
1788393381.2606184,20.167716007563286
1788393381.2784805,22.49215400661342
1788393381.2886243,27.989371999865398
1788393381.3701873,19.411404005950317
1788393381.4217393,19.4088050047867
1788393381.5004864,31.32610599277541
1788393381.5559623,24.788200011244044
1788393381.563161,20.09582199389115
1788393381.5734212,20.27639700099826
1788393381.586021,21.162443998036906
1788393381.6620817,68.09890900331084
1788393381.6882265,23.291175995836966
1788393381.7173226,26.07576000445988
1788393381.773784,62.20334600948263
1788393381.7912014,22.360404997016303
1788393381.8490562,18.85615500214044
1788393381.8898351,19.00314500380773
1788393381.951064,23.773548993631266
1788393381.9592,24.66872800141573
1788393381.962637,22.709828001097776
1788393381.9811246,25.65252999193035
1788393381.985528,65.95016899518669
1788393382.1629403,41.69127500790637
1788393382.164421,39.935324995894916
1788393382.1687155,37.01560899207834
1788393382.3508022,55.31320199952461
1788393382.3547912,51.164610995328985
1788393382.3612688,59.95775399787817
1788393382.4059389,61.58894699183293
1788393382.4140944,61.68562899983954
1788393382.4488063,66.56331299745943
1788393382.4565544,48.57807399821468
1788393382.463729,55.92759199498687
1788393382.4654095,98.20967400446534
1788393382.493493,100.84479399665724
1788393382.5458567,64.28627300192602
1788393382.5757961,46.81225099193398
1788393382.5780694,52.293624001322314
1788393382.585745,43.6127930006478
1788393382.5931616,30.60289000859484
1788393382.606563,36.03145900706295
1788393382.6070254,60.731324992957525
1788393382.6134193,52.631592989200726
1788393382.7098396,76.85648099868558
1788393382.7533824,40.67707000649534
1788393382.771345,29.2378479934996
1788393382.8017519,68.23601000360213
1788393382.850584,45.048364001559094
1788393382.861598,43.016222000005655
1788393382.8644707,39.07163700205274
1788393382.8721228,44.42337100044824
1788393382.886355,30.280602994025685
1788393382.9023402,27.202149998629466
1788393382.9205096,33.87078900414053
1788393382.9213853,91.70609099965077
1788393382.9418967,71.4454879926052
1788393382.974331,23.910381001769565
1788393383.006081,25.946845998987556
1788393383.0132957,22.744267000234686
1788393383.1051786,71.59947900800034
1788393383.1163435,63.21594900509808
1788393383.1239877,52.59288501110859
1788393383.14615,66.3901180087123
1788393383.1529212,67.82016999204643
1788393383.161528,120.88558101095259
1788393383.1722753,48.032941995188594
1788393383.1861908,67.28461799502838
1788393383.1897218,73.35765000607353
1788393383.1906073,56.13592200097628
1788393383.2523983,20.03616299771238
1788393383.261511,64.97794699680526
1788393383.2674673,21.134887996595353
1788393383.3227558,25.89049299422186
1788393383.3295045,65.94099299400114
1788393383.3334846,25.505588011583313
1788393383.3454654,65.0804189936025
1788393383.3694165,26.19151100225281
1788393383.4600832,20.657564004068263
1788393383.4627929,19.40773898968473
1788393383.4780974,23.609101001056843
1788393383.5522234,24.847330001648515
1788393383.5648546,19.877931001246907
1788393383.653571,62.030232991673984
1788393383.6588492,45.16856299596839
1788393383.6625504,46.25824399408884
1788393383.6687133,25.043996996828355
1788393383.6843293,32.46374100854155
1788393383.6933036,24.57577400491573
1788393383.703937,24.441520989057608
1788393383.757586,71.03415699384641
1788393383.7612927,39.58351700566709
1788393383.764271,36.7046759929508
1788393383.766278,40.1292759925127
1788393383.8572185,21.711997003876604
1788393383.877697,22.235290001844987
1788393383.890653,25.056983999093063
1788393383.912645,23.899745996459387
1788393383.9255273,63.57244499668013
1788393383.936925,22.147961004520766
1788393383.9452796,27.706585999112576
1788393384.0283325,31.007966012111865
1788393384.0389512,34.69583299010992
1788393384.0416844,75.43789999908768
1788393384.0419874,77.26925799215678
1788393384.0651436,47.13222999998834
1788393384.0657232,28.7491159979254
1788393384.1401203,24.34746900689788
1788393384.145831,65.0618900108384
1788393384.1945658,22.546997002791613
1788393384.2446249,40.51765298936516
1788393384.2469654,40.660484999534674
1788393384.254464,38.80729900265578
1788393384.2815125,82.9711300029885
1788393384.3256578,64.74206599523313
1788393384.3731441,39.56809199007694
1788393384.3748722,24.421210007858463
1788393384.3855956,70.18620500457473
1788393384.3886235,49.96369099535514
1788393384.393392,28.65238800586667
1788393384.4059596,26.330794993555173
1788393384.4494817,103.35429401311558
1788393384.4592748,21.9187650072854
1788393384.4783452,20.399547996930778
1788393384.4820075,20.401393994688988
1788393384.5233388,22.739502004696988
1788393384.5733182,21.204309989116155
1788393384.579835,22.79705900582485
1788393384.580561,22.18780599650927
1788393384.5875843,23.2777250057552
1788393384.597464,63.68771201232448
1788393384.655013,21.777806992758997
1788393384.6566265,20.97751700785011
1788393384.6745324,22.618340997723863
1788393384.680002,21.947936998913065
1788393384.6845,24.393198007601313
1788393384.7046852,21.666682994691655
1788393384.7574878,66.32884099963121
1788393384.7695043,63.23355600761715
1788393384.7901928,23.066135006956756
1788393384.8295698,65.43178099673241
1788393384.8376615,21.337209007469937
1788393384.8573833,71.63882999157067
1788393384.8897297,19.30369199544657
1788393384.9055655,63.3670809911564
1788393384.954196,25.5176799983019
1788393384.954916,24.11092899274081
1788393384.97391,30.005284992512316
1788393384.9758515,24.54380999552086
1788393384.999501,37.68367099110037
1788393385.0054054,25.66007299174089
1788393385.0199094,23.375107994070277
1788393385.037492,76.6596219909843
1788393385.1084156,38.02832499786746
1788393385.1145535,34.13765899313148
1788393385.1216235,63.88201999652665
1788393385.1302125,23.647666006581858
1788393385.1360173,43.21131500182673
1788393385.1501603,50.120795000111684
1788393385.1592312,57.70492799638305
1788393385.201542,69.92631799948867
1788393385.2233799,25.859928005957045
1788393385.225152,25.1674580067629
1788393385.2252991,64.72295499406755
1788393385.2948394,19.744724995689467
1788393385.310008,21.21025399537757
1788393385.3731577,21.637735000695102
1788393385.3733642,60.669833997962996
1788393385.382143,20.463441003812477
1788393385.3923843,21.232204991974868
1788393385.4480603,21.302541994373314
1788393385.4513202,20.95993900729809
1788393385.527748,23.75759599090088
1788393385.5284693,21.999246993800625
1788393385.552137,19.276979990536347
1788393385.5671144,22.580728007596917
1788393385.5807915,21.80536500236485
1788393385.5904727,61.630131007405
1788393385.6264143,23.08421299676411
1788393385.6414056,65.30839900369756
1788393385.6533506,63.89088100695517
1788393385.7014132,62.27551298798062
1788393385.708925,20.089375000679865
1788393385.7924569,20.486545996391214
1788393385.8601131,19.688981992658228
1788393385.9836059,26.729391000117175
1788393385.9859128,25.247832003515214
1788393386.0003924,29.88656799425371
1788393386.012894,19.851327990181744
1788393386.0346787,19.354899995960295
1788393386.0895777,62.076154004898854
1788393386.0905688,22.209186005056836
1788393386.1169071,20.9803650068352
1788393386.1525471,21.55927100102417
1788393386.1539388,21.93786800489761
1788393386.1738982,23.262396003701724
1788393386.2016158,27.456105992314406
1788393386.222445,27.229840008658357
1788393386.22549,70.41236000077333
1788393386.2307248,34.197960994788446
1788393386.2614238,75.51281699852552
1788393386.2681155,23.0512560083298
1788393386.278869,30.403397991904058
1788393386.2855375,77.03255298838485
1788393386.3013923,67.52220200723968
1788393386.3093896,65.33250400389079
1788393386.3362446,31.70596799463965
1788393386.3703208,24.954260006779805
1788393386.3783734,24.35847900051158
1788393386.3896394,75.49846600159071
1788393386.3932564,38.22711198881734
1788393386.3975236,66.74814500729553
1788393386.4156883,25.382374005857855
1788393386.4422936,68.1596199865453
1788393386.4428926,22.07554900087416
1788393386.4636345,22.332076012389734
1788393386.5187528,22.83600800728891
1788393386.5242848,32.789435994345695
1788393386.5614395,78.93700899148826
1788393386.571483,21.744981000665575
1788393386.5898104,31.62006099591963
1788393386.6174395,61.63174399989657
1788393386.64149,63.20575000427198
1788393386.643901,21.285861992510036
1788393386.713567,62.66020599287003
1788393386.728378,31.46663300867658
1788393386.7657523,23.359739003353752
1788393386.789533,69.408637995366
1788393386.831422,21.601444997941144
1788393386.8421998,22.616977992583998
1788393386.8654091,64.63858400820754
1788393386.8980927,64.84233000082895
1788393386.9532201,19.684829996549524
1788393387.033816,21.659610007191077
1788393387.0403514,20.649587007937953
1788393387.0635586,20.498060999670997
1788393387.0673351,19.1481619986007
1788393387.0923758,20.304675999796018
1788393387.137486,61.864299001172185
1788393387.1535695,30.565077991923317
1788393387.161677,65.86706399684772
1788393387.1706088,68.23337699461263
1788393387.1767123,42.395783006213605
1788393387.1769896,41.59166000317782
1788393387.2374928,68.50143600604497
1788393387.2430477,23.044835004839115
1788393387.249398,62.638407995109446
1788393387.264203,22.90656100376509
1788393387.2694204,65.64433399762493
1788393387.3144248,23.523227995610796
1788393387.3154266,22.32842998637352
1788393387.3220675,21.730121996370144
1788393387.3380394,36.652748996857554
1788393387.3615074,64.66547198942862
1788393387.3656726,43.356683003366925
1788393387.3674505,29.16246300446801
1788393387.389579,73.6868969979696
1788393387.3935375,76.5730440034531
1788393387.4209826,21.97835801052861
1788393387.4334927,67.79763899976388
1788393387.4614792,67.90155499766115
1788393387.4896264,63.56076798692811
1788393387.5084448,21.55735099222511
1788393387.517381,62.62122100451961
1788393387.5226102,19.51055800600443
1788393387.6218488,23.14131800085306
1788393387.6239426,21.365972992498428
1788393387.6285188,20.731693002744578
1788393387.659697,23.780524992616847
1788393387.6884558,20.940187998348847
1788393387.6895328,63.93025899888016
1788393387.714076,19.607953014201485
1788393387.7868285,37.434739992022514
1788393387.7929435,35.892389991204254
1788393387.8192189,20.023942008265294
1788393387.8794432,27.918365012737922
1788393387.8841553,28.689705999568105
1788393387.8923092,35.58562901162077
1788393387.909649,67.59350099309813
1788393387.9751668,23.117097007343546
1788393387.982733,21.87929798674304
1788393387.9959939,33.48297599586658
1788393388.0170002,21.55441300419625
1788393388.0305083,21.813935003592633
1788393388.0500054,66.06736600224394
1788393388.0934618,64.29335600114428
1788393388.125895,62.98097599938046
1788393388.1514702,19.537161002517678
1788393388.183005,29.440512997098267
1788393388.1849997,28.53452999261208
1788393388.193662,62.98189099470619
1788393388.208923,39.35535601340234
1788393388.279862,43.694748004782014
1788393388.2856584,67.74899299489334
1788393388.2871444,42.6258509978652
1788393388.2927675,35.037958004977554
1788393388.3095577,72.95020500896499
1788393388.361411,64.77930799883325
1788393388.3653815,23.001232999376953
1788393388.3724322,20.623882999643683
1788393388.376685,21.769456987385638
1788393388.3854246,69.03344200691208
1788393388.4341345,65.28226099908352
1788393388.4748678,42.900724001810886
1788393388.479395,31.85998200206086
1788393388.4927163,40.084093998302706
1788393388.5173905,78.88661700417288
1788393388.5738642,61.82296200131532
1788393388.6029112,27.077152000856586
1788393388.6164813,19.705509999766946
1788393388.677944,60.73228699096944
1788393388.7085352,26.475804988876916
1788393388.7170372,21.139778997167014
1788393388.744444,21.02934999857098
1788393388.7696128,63.90573699900415
1788393388.8031228,40.637844998855144
1788393388.805549,67.38996000785846
1788393388.8168092,55.894603006890975
1788393388.8295703,93.13637300510891
1788393388.8307128,47.16733600071166
1788393388.8727508,25.85064798768144
1788393388.8934097,73.34418100072071
1788393388.9070907,23.43855799699668
1788393388.9093878,69.62720600131433
1788393388.9134147,72.96237199625466
1788393388.946809,39.52036899863742
1788393388.953214,42.308057003538124
1788393388.965585,67.13487500383053
1788393389.0884182,26.240406004944816
1788393389.0910475,25.79612800036557
1788393389.1323283,39.372422004817054
1788393389.156942,33.44160900451243
1788393389.1841133,19.49485100340098
1788393389.185704,86.41585399163887
1788393389.2237573,25.752838992048055
1788393389.2325919,26.586039995891042
1788393389.2775054,30.82684699620586
1788393389.2789462,67.71243999537546
1788393389.2845502,46.775066992267966
1788393389.2975218,64.6186650119489
1788393389.2990892,41.766761991311796
1788393389.312736,31.38229899923317
1788393389.3293934,87.1268949995283
1788393389.353402,75.60320300399326
1788393389.369362,78.07413500268012
1788393389.3796442,21.690609995857812
1788393389.3810763,22.1420739981113
1788393389.3813517,72.49995299207512
1788393389.4077926,21.067281006253324
1788393389.418945,23.169652005890384
1788393389.4447145,25.107465000473894
1788393389.4679413,34.521604000474326
1788393389.4801037,28.578835001098923
1788393389.4839792,28.545267006848007
1788393389.4854236,69.3282080028439
1788393389.5732327,20.647076991735958
1788393389.637148,19.52898500894662
1788393389.652932,19.734661997063085
1788393389.668372,19.852824989357032
1788393389.6693058,67.68211300368421
1788393389.7121592,20.727355004055426
1788393389.7254486,60.924300996703096
1788393389.739222,22.34716799284797
1788393389.760882,23.059163009747863
1788393389.8334725,21.299075000570156
1788393389.8414633,63.25155201193411
1788393389.8606322,21.949891990516335
1788393389.9018736,20.644969001295976
1788393389.909108,20.666230004280806
1788393389.944239,27.527244004886597
1788393389.9589996,24.544372005038895
1788393389.9694645,66.31459700292908
1788393389.9814677,69.87654799013399
1788393389.9857712,21.44961300655268
1788393389.9880853,21.60262300458271
1788393389.9964085,22.33336899371352
1788393390.0494177,69.15368999761995
1788393390.067788,21.316423997632228
1788393390.0764916,20.38763801101595
1788393390.1024191,21.19087500614114
1788393390.1186535,22.556557989446446
1788393390.161335,23.938265003380366
1788393390.1694672,23.9308160089422
1788393390.1815498,23.092555013136007
1788393390.189403,63.855678992695175
1788393390.2357442,19.856707003782503
1788393390.266762,26.006432992289774
1788393390.2734334,63.91428899951279
1788393390.293312,21.975594005198218
1788393390.3217509,64.3695740000112
1788393390.3248422,30.816925995168276
1788393390.3357117,37.819113000296056
1788393390.3372662,37.7410829969449
1788393390.361718,47.72790800780058
1788393390.3736212,76.81016200513113
1788393390.4175053,76.46366399421822
1788393390.4374685,69.04170199413784
1788393390.449568,69.16461800574325
1788393390.4629216,29.68930000497494
1788393390.497505,72.44342599005904
1788393390.5026407,25.521016999846324
1788393390.515261,28.99468499526847
1788393390.5380697,49.17466899496503
1788393390.544287,52.962085988838226
1788393390.5608866,25.27811699837912
1788393390.6077676,21.548244010773487
1788393390.6093624,66.34717599081341
1788393390.6119132,22.90663700841833
1788393390.6457248,48.11806199722923
1788393390.6463792,47.53444199741352
1788393390.6826231,24.944981996668503
1788393390.6974277,63.46277099510189
1788393390.729918,65.12740500329528
1788393390.7669327,24.404456999036483
1788393390.800074,20.077036999282427
1788393390.801528,66.42430000647437
1788393390.8134818,66.54354800411966
1788393390.8371449,20.184401990263723
1788393390.856137,21.92466899577994
1788393390.8756318,24.740704000578262
1788393390.885996,26.43986899056472
1788393390.9034116,38.08658500202
1788393390.9157438,31.643066002288833
1788393390.9379044,51.28279500058852
1788393390.990746,99.27744801098015
1788393391.0094557,105.57720600627363
1788393391.0228658,73.7950900074793
1788393391.027837,49.62783899100032
1788393391.045641,40.01215100288391
1788393391.0794463,23.68993900017813
1788393391.0991843,26.672958993003704
1788393391.1086347,28.13387700007297
1788393391.1298804,28.700897993985564
1788393391.1519463,23.96717200463172
1788393391.1738503,71.37939600215759
1788393391.2140493,39.712338999379426
1788393391.2252786,31.47704599541612
1788393391.242388,27.047141004004516
1788393391.2654562,73.88466500560753
1788393391.2861362,19.124856000416912
1788393391.3174067,69.69764200039208
1788393391.393714,34.39249799703248
1788393391.398454,37.05560599337332
1788393391.4106114,37.31709699786734
1788393391.4138906,37.04190500138793
1788393391.4372814,25.070096002309583
1788393391.4555428,25.037324987351894
1788393391.469495,68.4606840077322
1788393391.501574,68.8100929983193
1788393391.5094354,68.37806700787041
1788393391.5451872,24.48592100699898
1788393391.545365,62.925474005169235
1788393391.5697184,61.86751699715387
1788393391.6009715,22.814589989138767
1788393391.6414745,68.72606799879577
1788393391.6454558,62.90346999594476
1788393391.679102,23.799614995368756
1788393391.7525823,18.111954996129498
1788393391.8435729,22.077721994719468
1788393391.8686666,20.631498002330773
1788393391.8717527,19.724447003682144
1788393391.9070354,22.536119999131188
1788393391.9074316,21.735611007898115
1788393391.9276168,30.960706004407257
1788393391.9658432,65.68613900162745
1788393392.0413878,26.910453001619317
1788393392.0472054,24.8830399941653
1788393392.053471,68.75490400125273
1788393392.0734313,24.780027990345843
1788393392.121356,22.02020399272442
1788393392.2149825,20.55805800773669
1788393392.338405,69.05595600255765
1788393392.35323,73.17321200389415
1788393392.3974543,70.6461380032124
1788393392.4310822,87.76059000228997
1788393392.4506097,75.08603399037383
1788393392.4818168,134.8426319891587
1788393392.5045304,116.35688900423702
1788393392.5177343,125.13397599104792
1788393392.5510778,63.5686580062611
1788393392.585147,67.18561200250406
1788393392.5853534,83.65657000103965
1788393392.603984,75.29792000423186
1788393392.6341183,92.9539909993764
1788393392.649535,135.26439300039783
1788393392.6776133,88.07354798773304
1788393392.7097476,69.19042699155398
1788393392.7379282,40.82306100463029
1788393392.738961,40.84478798904456
1788393392.7754996,52.48374000075273
1788393392.8152926,34.36089400202036
1788393392.8175137,102.66085699549876
1788393392.8205714,35.123548994306475
1788393392.8626218,49.4425200013211
1788393392.9087622,72.63075200899038
1788393392.913696,93.09417501208372
1788393392.9421942,51.46025901194662
1788393393.0223467,89.3379589979304
1788393393.0297124,45.83890199137386
1788393393.036095,50.646068004425615
1788393393.0614529,50.88113200326916
1788393393.066828,48.55178701109253
1788393393.0821047,58.95120999775827
1788393393.114899,67.07906599331181
1788393393.1393065,85.65676600846928
1788393393.1456532,100.29942599066999
1788393393.1551654,36.795961001189426
1788393393.176011,38.63202499633189
1788393393.1896632,125.26188300398644
1788393393.2130022,27.661675005219877
1788393393.2972217,46.84332699980587
1788393393.298755,48.66660801053513
1788393393.3056836,76.90010199439712
1788393393.3242476,47.13330999948084
1788393393.3431368,61.040335000143386
1788393393.3493922,43.502165004611015
1788393393.384511,38.72668699477799
1788393393.4097106,46.56366800190881
1788393393.409966,81.61867699527647
1788393393.4282887,58.92786399635952
1788393393.4422152,61.515938010415994
1788393393.481674,99.24610800226219
1788393393.494821,82.49763000640087
1788393393.528124,63.54843999724835
1788393393.5342195,62.08468500699382
1788393393.5345616,104.66769199410919
1788393393.5410006,58.85748300352134
1788393394.7620268,27.266898003290407
1788393394.7676437,33.79545199277345
1788393394.778635,40.22627598897088
1788393394.7808325,50.919461005833
1788393394.7812262,48.98340499494225
1788393394.7979398,58.27621500066016
1788393394.84942,61.47771900577936
1788393394.8534234,64.34316599916201
1788393394.8572905,67.3625289928168
1788393394.865609,23.490042993216775
1788393394.8978143,66.89250499766786
1788393394.9496977,85.444568991079
1788393394.9502382,33.47594699880574
1788393394.9757464,41.80846699455287
1788393395.005594,76.77666199742816
1788393395.010877,43.05184900294989
1788393395.0495822,83.58902599138673
1788393395.0686634,22.091160994023085
1788393395.0735965,67.70333100575954
1788393395.094662,28.411153005436063
1788393395.137916,27.797823000582866
1788393395.1465666,27.392234987928532
1788393395.1518028,27.748031003284268
1788393395.1694982,26.331358996685594
1788393395.179768,30.948798012104817
1788393395.2174864,67.55495000106748
1788393395.2256463,26.639764007995836
1788393395.237346,22.79260300565511
1788393395.24534,71.93994599219877
1788393395.291324,44.05536600097548
1788393395.3173556,69.02220699703321
1788393395.3373911,83.0518779985141
1788393395.33978,21.09900800860487
1788393395.3511193,20.072173996595666
1788393395.3699014,21.069530994282104
1788393395.377544,61.35542799893301
1788393395.4414566,65.64392299333122
1788393395.4454904,63.438252997002564
1788393395.4617314,22.9055759991752
1788393395.465613,72.76527199428529
1788393395.5375168,19.48528799402993
1788393395.537657,69.88145099603571
1788393395.5425503,20.01891899271868
1788393395.5497346,20.332536005298607
1788393395.6042883,21.640676000970416
1788393395.6134384,62.55776100442745
1788393395.6585255,20.76168700295966
1788393395.6639066,20.66568599548191
1788393395.6787398,21.380371996201575
1788393395.6854556,62.540621001971886
1788393395.7441196,20.39558900287375
1788393395.7495925,63.80066399287898
1788393395.8144093,23.014994992990978
1788393395.8171248,24.327406004886143
1788393395.8585584,20.12198000738863
1788393395.8638859,21.46102000551764
1788393395.881529,61.42566500057001
1788393395.8876255,25.001012996654026
1788393395.9171834,32.999217000906356
1788393395.9223454,34.425383011694066
1788393395.985534,42.84457099856809
1788393395.991745,46.49475699989125
1788393396.0018096,28.76517600088846
1788393396.0054882,66.5650480077602
1788393396.0069396,26.109938000445254
1788393396.0094864,63.512584994896315
1788393396.0946295,19.761353003559634
1788393396.1094108,62.88231600774452
1788393396.1519334,19.534289996954612
1788393396.1656868,19.68496199697256
1788393396.2526832,20.667636999860406
1788393396.2575464,71.86244099284522
1788393396.2580237,21.050206996733323
1788393396.3164306,23.468250001315027
1788393396.3208392,23.23579900257755
1788393396.3536496,65.4934470076114
1788393396.381467,64.7639819944743
1788393396.399942,20.150570999248885
1788393396.4294171,68.86709001264535
1788393396.4393973,24.427804004517384
1788393396.4821284,22.303324003587477
1788393396.500677,22.698846005368978
1788393396.5095072,62.354720997973345
1788393396.5237834,22.848906999570318
1788393396.5596132,20.856704999459907
1788393396.6212132,20.814622010220774
1788393396.6220791,20.01733100041747
1788393396.6414886,61.93217300460674
1788393396.642191,22.72868200088851
1788393396.6681013,35.57898300641682
1788393396.6935813,66.84697700256947
1788393396.713046,43.7271859991597
1788393396.7144783,42.746182007249445
1788393396.7256517,81.00660500349477
1788393396.7335746,77.46980499359779
1788393396.74597,50.032551007461734
1788393396.7480638,41.94220498902723
1788393396.7612932,30.801203989540227
1788393396.8343234,25.048587005585432
1788393396.837513,66.85947100049816
1788393396.857529,65.95340900821611
1788393396.8766599,22.12679300282616
1788393396.9295063,69.98598400969058
1788393396.9304473,33.02588200313039
1788393396.936153,35.303893993841484
1788393396.9651577,50.78905601112638
1788393396.976625,53.93794500560034
1788393396.9771764,67.27692999993451
1788393397.0055504,94.03227100847289
1788393397.010777,36.262136010918766
1788393397.0497637,112.78552799194586
1788393397.0538082,100.96961999079213
1788393397.0617757,78.44226899032947
1788393397.1254478,70.26698099798523
1788393397.1461253,60.75001599674579
1788393397.2315753,24.349447005079128
1788393397.2319531,22.945994991459884
1788393397.303452,36.743707009009086
1788393397.3073652,32.5286959996447
1788393397.33153,20.013179004308768
1788393397.3793898,22.360436007147655
1788393397.3810523,22.12405799946282
1788393397.3856752,22.45696801401209
1788393397.4018023,63.19963399437256
1788393397.4767628,21.215208995272405
1788393397.4773102,71.32759400701616
1788393397.4774923,68.258354003774
1788393397.493757,21.501010996871628
1788393397.497165,21.77111999480985
1788393397.5250657,23.143497004639357
1788393397.5454142,21.663431005435996
1788393397.5494742,63.29775199992582
1788393397.617436,61.81667798955459
1788393397.621435,63.77484400582034
1788393397.6281712,21.289322001393884
1788393397.6435897,22.14151300722733
1788393397.6634996,21.196993999183178
1788393397.7245877,20.134628997766413
1788393397.7724786,23.282583002583124
1788393397.8239434,19.634103009593673
1788393397.8414357,24.507787005859427
1788393397.8630393,22.13343400217127
1788393397.8655064,67.09270799183287
1788393397.8827448,23.42478500213474
1788393398.031918,24.814074000460096
1788393398.0394478,21.866556999157183
1788393398.0485785,21.551742000156082
1788393398.0655873,20.06580498709809
1788393398.1085598,19.34293498925399
1788393398.113626,61.94572200183757
1788393398.1887422,23.346143992966972
1788393398.2065756,25.913946999935433
1788393398.2133107,23.225547003676184
1788393398.216904,28.974159999052063
1788393398.2337132,28.625410996028222
1788393398.2436903,22.172498996951617
1788393398.2893982,64.83070401009172
1788393398.3134065,59.06131899973843
1788393398.395508,30.979767005192116
1788393398.44885,24.37329299573321
1788393398.4514992,20.828193999477662
1788393398.5367246,19.501001996104605
1788393398.5383043,19.001683001988567
1788393398.602794,21.291773999109864
1788393398.6058578,61.46334500226658
1788393398.6256313,20.654942985856906
1788393398.633531,63.741903999471106
1788393398.685752,64.27633999555837
1788393398.7034159,27.09680699626915
1788393398.7365024,32.83708999515511
1788393398.738352,36.67112800758332
1788393398.740775,34.5527229947038
1788393398.7535806,63.46679698617663
1788393398.756274,28.932693996466696
1788393398.7785447,29.99436999380123
1788393398.792017,35.50112500670366
1788393398.8374295,73.67880000674631
1788393398.8414536,70.16499599558301
1788393398.8449922,24.688645993592218
1788393398.8594546,25.15793799830135
1788393398.9110572,26.249567992636003
1788393398.979848,19.90219899744261
1788393398.9934824,69.49211099708918
1788393399.020077,24.939344002632424
1788393399.0384743,20.01824499166105
1788393399.0523832,20.802108003408648
1788393399.0751739,20.523440005490556
1788393399.0950668,19.675208008266054
1788393399.1014044,67.83713299955707
1788393399.156445,21.69246500125155
1788393399.1741862,22.086753000621684
1788393399.1795678,20.90198898804374
1788393399.2208853,22.38032298919279
1788393399.235577,27.744956998503767
1788393399.2505662,28.156606989796273
1788393399.3138015,65.73484100226779
1788393399.3434281,28.00673599995207
1788393399.4172585,23.354525998001918
1788393399.4186406,22.535641997819766
1788393399.421291,19.716969996807165
1788393399.4487877,27.117299003293738
1788393399.4962156,21.50151900423225
1788393399.497566,66.94050700752996
1788393399.566329,19.342730010976084
1788393399.577253,19.367680011782795
1788393399.6119728,18.853406989364885
1788393399.7606306,24.818614008836448
1788393399.8076587,19.874958001310006
1788393399.836323,20.259381999494508
1788393399.883882,20.1083730062237
1788393399.8938222,25.481389006017707
1788393399.9076965,26.582135003991425
1788393399.960394,23.582563997479156
1788393399.9707358,20.123527996474877
1788393400.0899518,33.90914900228381
1788393400.1151273,23.966181004652753
1788393400.1253266,23.684714004048146
1788393400.1697352,64.30682800419163
1788393400.204539,36.75382799701765
1788393400.230769,20.291463006287813
1788393400.2336552,81.28141300403513
1788393400.2536933,70.7276949979132
1788393400.2592568,21.96442701097112
1788393400.3258889,63.93669900717214
1788393400.4107115,50.238839990925044
1788393400.4145343,56.773440999677405
1788393400.4448671,39.98735600907821
1788393400.4463274,82.2736120026093
1788393400.4495726,94.37464599614032
1788393400.522257,21.774591004941612
1788393400.5578723,20.47896001022309
1788393400.5660267,20.672904996899888
1788393400.6604915,22.041194009943865
1788393400.6693196,20.120062996284105
1788393400.750713,20.912441992550157
1788393400.7779188,20.991579003748484
1788393400.8372378,21.992392008542083
1788393400.8430114,21.73941799264867
1788393400.8576856,62.22553699626587
1788393400.8627954,30.61134400195442
1788393400.8707488,32.069740002043545
1788393400.9256737,79.75683599943295
1788393400.929839,41.26720300700981
1788393400.9495602,82.74233499832917
1788393401.022117,25.776301001315005
1788393401.0430717,20.706871000584215
1788393401.086476,22.627786005614325
1788393401.0918138,20.33222099998966
1788393401.0938811,21.143377001862973
1788393401.1702852,21.070422008051537
1788393401.1775696,65.43562099977862
1788393401.1907926,22.037296992493793
1788393401.1930032,21.859077998669818
1788393401.253347,19.62337900476996
1788393401.267081,20.329651990323327
1788393401.289202,21.817850007209927
1788393401.366823,20.551900001009926
1788393401.417542,21.746245998656377
1788393401.4442246,23.471776003134437
1788393401.4462776,24.487842005328275
1788393401.461342,24.205421999795362
1788393401.5180535,65.61418699857313
1788393401.5397036,22.742365006706677
1788393401.5445676,24.825561995385215
1788393401.5568976,24.440021996269934
1788393401.5834777,25.539548994856887
1788393401.6022217,25.58727101131808
1788393401.613526,65.12516899965703
1788393401.6153293,26.97240399720613
1788393401.6335316,70.14309299120214
1788393401.6372204,34.74032900703605
1788393401.6415217,33.14165899064392
1788393401.730843,46.1781339981826
1788393401.7490852,53.274728008545935
1788393401.7536442,55.07863199454732
1788393401.7595637,48.893800005316734
1788393401.760467,46.8269720004173
1788393401.774549,59.607100003631786
1788393401.7890882,67.04558299679775
1788393401.7914531,41.48437200638
1788393401.7929723,38.898013997823
1788393401.861598,70.12123599997722
1788393401.8655314,67.69176801026333
1788393401.869966,35.36737999820616
1788393401.8713057,43.053425004472956
1788393401.887007,34.30132399080321
1788393401.8935933,77.52528200217057
1788393401.9230006,26.90363700094167
1788393402.0200515,28.53251699707471
1788393402.0269063,28.408844998921268
1788393402.0315948,31.222477002302185
1788393402.0813081,25.28827398782596
1788393402.0869477,21.07548499770928
1788393402.1536558,42.035032995045185
1788393402.1632278,41.47212998941541
1788393402.1793215,42.26541800017003
1788393402.211657,39.88873498747125
1788393402.2152605,39.17636199912522
1788393402.3024907,56.491601004381664
1788393402.3240108,59.62688699946739
1788393402.3321884,53.22829900251236
1788393402.4017801,63.69113999244291
1788393402.441831,64.196556006209
1788393402.479639,123.28247699770145
1788393402.537944,80.7286499912152
1788393402.547454,73.35261099797208
1788393402.5572367,56.24500098929275
1788393402.5816,110.27094798919279
1788393402.5887194,65.34676400769968
1788393402.5935915,108.7271620053798
1788393402.5975664,43.41292100434657
1788393402.5982199,68.29564498912077
1788393402.6257775,87.19867101171985
1788393402.6369007,46.25001699605491
1788393402.673982,78.68972599681001
1788393402.6815052,91.95965400431305
1788393402.6976552,24.90521800064016
1788393402.7054722,86.87471500888932
1788393402.7137265,79.99593099521007
1788393402.724586,23.395438998704776
1788393402.7772086,24.798352998914197
1788393402.7967632,22.90603100846056
1788393402.8055809,66.93382300727535
1788393402.8862426,31.36819899373222
1788393402.8919077,35.584666999056935
1788393402.9122481,52.21680300019216
1788393402.9136188,71.06464299431536
1788393402.916337,43.75116700248327
1788393402.960601,51.80077800469007
1788393402.969706,72.04216100217309
1788393402.9712865,41.16831599094439
1788393402.9816108,88.51623800001107
1788393403.06214,63.69339099910576
1788393403.0866578,50.206326006446034
1788393403.0939357,105.98025200306438
1788393403.0977414,115.3416000015568
1788393403.0982952,80.39030800864566
1788393403.1209984,47.60579101275653
1788393403.1267588,49.52299599244725
1788393403.132808,50.36843700509053
1788393403.1622775,31.544868994387798
1788393403.2015932,79.39855199947488
1788393403.2095773,79.81319699320011
1788393403.2195354,30.298084995592944
1788393403.2577357,71.28105200536083
1788393403.2752056,33.835679991170764
1788393403.3077052,30.365550992428325
1788393403.3763325,28.579988997080363
1788393403.3785307,28.74179200443905
1788393403.389684,68.17761299316771
1788393403.4715552,71.58111200260464
1788393403.4776433,65.81629000720568
1788393403.5021455,38.40528699220158
1788393403.5105093,41.05032100051176
1788393403.5243886,30.234682009904645
1788393403.5878057,35.74081099941395
1788393403.605995,26.52989099442493
1788393403.6218786,22.970514997723512
1788393403.6429718,23.064451990649104
1788393403.6795726,21.918739003012888
1788393403.6934347,63.78597400907893
1788393403.7265604,22.74923700315412
1788393403.7407942,24.256330012576655
1788393403.74787,40.58233500109054
1788393403.7695494,67.62612999591511
1788393403.7919064,21.844097005669028
1788393403.8076818,27.770503002102487
1788393403.8164256,28.66454799368512
1788393403.8187666,64.19268500758335
1788393403.8318455,46.82219499954954
1788393403.8376656,42.79831101302989
1788393403.8743036,57.330744006321765
1788393403.8777308,84.81855400896166
1788393403.881871,48.016490996815264
1788393403.9025705,50.111383010516874
1788393403.913479,84.79704000637867
1788393403.9174633,84.39492600155063
1788393403.923679,34.59564800141379
1788393403.9415264,105.05370100145228
1788393403.9574666,69.5020069979364
1788393403.9683888,46.283172006951645
1788393403.9697273,78.8610570016317
1788393403.972628,47.28811098902952
1788393403.988919,45.16825200698804
1788393403.9921758,40.55621998850256
1788393404.0151546,88.10839999932796
1788393404.02229,93.37191100348718
1788393404.0456088,75.85866200679448
1788393404.0907774,73.55999700666871
1788393404.100572,57.655652999528684
1788393404.109719,109.10681598761585
1788393404.12058,94.1829810035415
1788393404.1218011,116.3919749960769
1788393404.1297472,64.52557499869727
1788393404.1371315,65.67298898880836
1788393404.1407752,49.96998699789401
1788393404.2216418,77.48688399442472
1788393404.236393,47.59252200892661
1788393404.246416,55.69230898981914
1788393404.2523658,54.87005399481859
1788393404.253906,60.38879600237124
1788393404.2847397,71.46550899778958
1788393404.2864838,55.32615199626889
1788393404.3236947,51.49932000495028
1788393404.3497412,89.6654940006556
1788393404.3952231,39.08680799941067
1788393404.4275646,51.99482700845692
1788393404.4372795,51.989603001857176
1788393404.4520233,51.99497900321148
1788393404.4738564,86.9285380031215
1788393404.4842024,68.51632999314461
1788393404.493714,91.9920890009962
1788393404.5012596,43.00766601227224
1788393404.536116,37.62097300204914
1788393404.5736585,78.03700599470176
1788393404.597325,38.50769701239187
1788393404.6130688,36.095764007768594
1788393404.6455069,84.11239100678358
1788393404.6733594,33.64532500563655
1788393404.6899672,30.867705994751304
1788393404.6976461,71.28714700229466
1788393404.7402997,31.846440004301257
1788393404.7413476,34.4770689989673
1788393404.777605,77.77961599640548
1788393404.795732,35.42237599322107
1788393404.855953,39.138576001278125
1788393404.8580077,32.608145993435755
1788393404.8699868,38.708906999090686
1788393404.8795176,28.389347993652336
1788393404.8942711,30.337051008245908
1788393404.9485536,32.69680301309563
1788393404.9776084,81.81870500266086
1788393404.9783602,29.308370998478495
1788393404.9853914,29.39523600798566
1788393404.9857054,79.52117601234931
1788393405.003455,28.869610992842354
1788393405.0782897,43.70081800152548
1788393405.0956411,46.327761010616086
1788393405.1070735,41.4313640067121
1788393405.1171036,68.32397599646356
1788393405.1367524,56.3536489935359
1788393405.1466863,53.80861699813977
1788393405.180437,32.522709007025696
1788393405.2057164,96.44394500355702
1788393405.217633,86.37389900104608
1788393405.2297843,51.40424199635163
1788393405.25538,55.768033998901956
1788393405.2692542,39.00951100513339
1788393405.273915,92.6818430016283
1788393405.3180592,80.33936200081371
1788393405.340897,71.89966800797265
1788393405.3647344,32.188723009312525
1788393405.3688745,76.65262500813697
1788393405.424754,76.6363199945772
1788393405.440785,74.42527900275309
1788393405.4458237,41.165578993968666
1788393405.4548807,36.325937006040476
1788393405.4700885,47.32023899850901
1788393405.4805949,47.22745300387032
1788393405.5023954,29.391996999038383
1788393405.5210087,73.56315701326821
1788393405.6268408,25.656154000898823
1788393405.6312878,44.193688008817844
1788393405.6406398,42.23658099363092
1788393405.6679075,26.277507000486366
1788393405.6878357,28.60061000683345
1788393405.6900651,29.13805800199043
1788393405.7089388,71.46215700777248
1788393405.7657812,26.98718100145925
1788393405.7810187,70.97651399089955
1788393405.7910786,24.65426200069487
1788393405.852476,23.888998999609612
1788393405.8550391,23.88349200191442
1788393405.8919184,23.380190003081225
1788393405.908676,26.588594002532773
1788393405.932775,23.708755004918203
1788393405.936822,66.44329200207721
1788393406.035416,22.25254400400445
1788393406.0675414,22.216992001631297
1788393406.0838492,24.21240600233432
1788393406.1004813,20.6638119998388
1788393406.151064,20.953098006430082
1788393406.1578841,21.204826000030152
1788393406.168769,64.31979199987836
1788393406.185642,20.544575003441423
1788393406.2506952,20.991461002267897
1788393406.2838404,20.516199991106987
1788393406.3315215,21.893580997129902
1788393406.3410912,21.321056003216654
1788393406.3595636,19.765605989960022
1788393406.3868892,19.671141999424435
1788393406.401192,19.855154008837417
1788393406.4163961,19.87290800025221
1788393406.4167573,61.201340999105014
1788393406.424777,20.189500006381422
1788393406.5210373,25.096377998124808
1788393406.5663044,19.317347003379837
1788393406.5734067,19.47803099756129
1788393406.6269236,20.698681997600943
1788393406.6372902,22.834179006167687
1788393406.644865,63.74242699530441
1788393406.679288,20.588794999639504
1788393406.7092917,63.58509499114007
1788393406.7622902,24.986522999824956
1788393406.852728,60.04519200359937
1788393406.8580103,24.685602998943068
1788393406.8654587,19.817819993477315
1788393406.872575,19.17435700306669
1788393406.983552,49.625858999206685
1788393406.9876566,44.187149993376806
1788393407.0143616,19.137867988320068
1788393407.1427853,26.493808996747248
1788393407.1800556,31.420315004652366
1788393407.1830552,30.01584300363902
1788393407.2222786,27.732322007068433
1788393407.2407222,69.40737100376282
1788393407.2611537,23.621656990144402
1788393407.272739,71.34706400393043
1788393407.27701,27.32911499333568
1788393407.298011,26.68871500645764
1788393407.3231926,29.557132002082653
1788393407.3277407,29.050793003989384
1788393407.3373373,27.864711999427527
1788393407.3573012,23.909007999463938
1788393407.3959322,23.72532000299543
1788393407.4113805,23.13914200931322
1788393407.4206471,70.96181399538182
1788393407.4341266,20.573638001224026
1788393407.4407582,82.04543399915565
1788393407.470912,38.30081000342034
1788393407.4805503,25.778973009437323
1788393407.5127337,81.8721590039786
1788393407.5248816,20.198967002215795
1788393407.5807183,23.52344201062806
1788393407.5809422,62.59639099880587
1788393407.596761,62.96785399899818
1788393407.5985525,31.622353999409825
1788393407.6017644,31.804170008399524
1788393407.6612206,68.03604000015184
1788393407.7004826,28.19197800999973
1788393407.7026644,24.69279400247615
1788393407.738286,20.668482000473887
1788393407.7458513,22.0567999931518
1788393407.781943,62.339804993825965
1788393407.814466,34.67760399507824
1788393407.8241382,34.719625997240655
1788393407.8367608,22.280053002759814
1788393407.853411,75.86326000455301
1788393407.8730996,72.77428300585598
1788393407.8789418,27.073057004599832
1788393407.8874826,23.43091600050684
1788393407.9576666,20.373102990561165
1788393408.0163114,20.146563998423517
1788393408.0168378,19.12684499984607
1788393408.1059084,24.040285003138706
1788393408.106546,26.60345600452274
1788393408.172175,29.744350991677493
1788393408.2101884,21.250776000670157
1788393408.2253718,19.564718997571617
1788393408.2330527,20.270343986339867
1788393408.2388306,21.425422994070686
1788393408.2722316,20.53136499307584
1788393408.2807326,19.443042008788325
1788393408.290383,19.526146992575377
1788393408.2956734,20.509748996119015
1788393408.3567634,63.09673600480892
1788393408.3634176,18.81847999175079
1788393408.3727198,64.22244000714272
1788393408.4367514,61.959330007084645
1788393408.4488788,67.93037199531682
1788393408.6176956,32.73752499080729
1788393408.6194627,32.313278992660344
1788393408.7015777,38.330953000695445
1788393408.7070723,27.921993008931167
1788393408.732716,21.515644999453798
1788393408.7414591,24.785710003925487
1788393408.7569249,26.883113008807413
1788393408.804847,64.6593940036837
1788393408.80542,20.489586007897742
1788393408.8065016,20.51309301168658
1788393408.8247566,65.99426300090272
1788393408.8340404,22.8928279975662
1788393408.9089751,66.02950600790791
1788393408.9307475,27.41182599856984
1788393408.9439564,21.585609996691346
1788393408.9914296,18.777801989926957
1788393408.9926665,63.74600299750455
1788393409.0546627,21.230726008070633
1788393409.1032639,21.19449399469886
1788393409.1158981,21.099738994962536
1788393409.128795,66.43260599230416
1788393409.1464272,21.217397006694227
1788393409.154186,27.801775009720586
1788393409.1849074,20.984809001674876
1788393409.1850994,66.91619100456592
1788393409.1893916,21.971705005853437
1788393409.2207775,60.52640800771769
1788393409.239987,22.398935005185194
1788393409.261086,26.064555000630207
1788393409.2648327,64.7890219988767
1788393409.3822782,49.511926001287065
1788393409.3835042,43.458920990815386
1788393409.4008,41.53601199504919
1788393409.4446442,26.19480800058227
1788393409.4452956,25.83645899721887
1788393409.4550464,27.574345003813505
1788393409.5127819,66.35059899417683
1788393409.5205393,30.83557701029349
1788393409.5242338,24.995910993311554
1788393409.5278482,22.462791996076703
1788393409.6058333,19.08679500047583
1788393409.6180692,19.788765988778323
1788393409.6599457,39.400624998961575
1788393409.675738,24.352512002224103
1788393409.6796787,39.00363099819515
1788393409.7049985,82.73480800562538
1788393409.7781348,28.657832008320838
1788393409.7847443,62.034383008722216
1788393409.789091,22.331051994115114
1788393409.849251,64.31632699968759
1788393409.8851538,26.021899000625126
1788393409.9100924,24.555661002523266
1788393409.9976287,20.590814005117863
1788393410.0188355,19.369973000721075
1788393410.0808368,27.896710991626605
1788393410.0820334,23.351598996669054
1788393410.0985177,19.0085590002127
1788393410.1347609,19.351809998624958
1788393410.2082245,23.339673993177712
1788393410.211095,20.882889002677985
1788393410.2610242,23.43192300759256
1788393410.2616127,24.886731000151485
1788393410.278515,35.23603899520822
1788393410.2857733,27.056699997046962
1788393410.2927375,61.70502099848818
1788393410.333841,21.686827996745706
1788393410.3488295,30.195542989531532
1788393410.3728597,67.47810299566481
1788393410.3768568,23.84134200110566
1788393410.3790133,24.05300800455734
1788393410.38473,65.45297699631192
1788393410.4087594,67.05744899227284
1788393410.4407678,65.81367200124077
1788393410.4608133,66.07971599441953
1788393410.514579,34.12624599877745
1788393410.524793,66.20170699898154
1788393410.5376215,25.362432992551476
1788393410.5528276,73.99011100642383
1788393410.6127625,64.07392199616879
1788393410.6366868,70.45370699779596
1788393410.640317,20.606225996743888
1788393410.6407087,20.10374900419265
1788393410.6594186,25.751100009074435
1788393410.6890824,64.68011700781062
1788393410.6908884,25.13057499891147
1788393410.7088716,66.07480299135204
1788393410.7093663,26.03359099884983
1788393410.7230046,32.09535899804905
1788393410.7292774,68.44410600024275
1788393410.7618852,52.241643992601894
1788393410.7687154,79.60801498848014
1788393410.7840695,53.04238600365352
1788393410.804747,81.22558399918489
1788393410.8167748,88.6090870044427
1788393410.816909,95.40156000002753
1788393410.8610706,22.689325007377192
1788393410.8847709,63.04715400619898
1788393410.8934536,20.520427002338693
1788393410.9327831,61.08775400207378
1788393411.0214415,23.382218001643196
1788393411.0377374,19.627262008725666
1788393411.0538137,22.360684000886977
1788393411.075556,28.079784009605646
1788393411.0789988,29.867260993341915
1788393411.12664,26.673369997297414
1788393411.1328135,70.44173999747727
1788393411.1537147,26.828738002222963
1788393411.1544566,26.378654001746327
1788393411.2167823,20.554339003865607
1788393411.2361825,21.046383990324102
1788393411.2487152,69.12432600802276
1788393411.3060849,60.49076000635978
1788393411.3298,25.14073101337999
1788393411.3327954,24.087476995191537
1788393411.4756103,24.9405869981274
1788393411.4869475,24.740747991017997
1788393411.4958432,30.279555008746684
1788393411.5367024,25.420047008083202
1788393411.5669122,22.981194997555576
1788393411.5716593,22.5375529989833
1788393411.5849643,71.0040590056451
1788393411.5874581,32.98254900437314
1788393411.629003,19.59902599628549
1788393411.6607997,62.06559301062953
1788393411.6648488,29.809138999553397
1788393411.6655064,28.8730819884222
1788393411.668424,25.56685199670028
1788393411.685968,24.688930992851965
1788393411.6878288,24.655111992615275
1788393411.7526748,64.63710000389256
1788393411.7568026,65.4017799970461
1788393411.7600055,20.299159004935063
1788393411.772658,23.923742002807558
1788393411.8083153,27.076404003310017
1788393411.8228004,37.926395001704805
1788393411.8408237,66.36628099658992
1788393411.8414972,25.12652799487114
1788393411.8433063,24.722116999328136
1788393411.872626,28.704259006190114
1788393411.87754,25.737396004842594
1788393411.8847368,67.27444399439264
1788393411.9120862,20.861157012404874
1788393411.9368253,62.9451870045159
1788393411.9403994,20.23284899769351
1788393411.9499464,21.716466013458557
1788393412.0644884,27.146073000039905
1788393412.0823493,26.88717600540258
1788393412.1275697,22.350876999553293
1788393412.1449127,61.082367989001796
1788393412.1646774,28.199220992974006
1788393412.18075,28.626650004298426
1788393412.2115345,22.800402992288582
1788393412.2165496,22.333536995574832
1788393412.2550957,23.134959003073163
1788393412.3169153,56.445665992214344
1788393412.3195734,50.765225998475216
1788393412.3249495,79.07071099907625
1788393412.3480184,28.42213500116486
1788393412.4574897,103.9373400126351
1788393412.4585354,100.03251899615861
1788393412.4872513,51.50771600892767
1788393412.505778,32.8265249991091
1788393412.5715768,35.537764997570775
1788393412.588108,28.783686997485347
1788393412.6013603,28.81857099418994
1788393412.6108065,33.12708900193684
1788393412.669171,66.93874500342645
1788393412.7610378,73.21852800669149
1788393412.825928,46.627570991404355
1788393412.8788614,26.948034996166825
1788393412.9137235,19.07596598903183
1788393412.928923,66.49950100108981
1788393412.930003,20.225095009664074
1788393412.940678,59.45697199786082
1788393412.9516625,20.0259429984726
1788393413.0167603,62.45014899468515
1788393413.0257592,20.130554999923334
1788393413.0286844,61.45851800101809
1788393413.1015632,25.67410600022413
1788393413.1079853,25.426332009374164
1788393413.1382897,19.244298004196025
1788393413.202654,21.0191020014463
1788393413.2166917,59.813835003296845
1788393413.2241485,20.792053008335643
1788393413.226958,20.891870008199476
1788393413.2770107,62.43439500394743
1788393413.3184404,27.56379199854564
1788393413.3649962,18.952372993226163
1788393413.385021,20.00952600792516
1788393413.413121,61.63171899970621
1788393413.4532106,19.755151006393135
1788393413.5129817,62.54711499786936
1788393413.555743,22.588017003727145
1788393413.5811715,61.21836199599784
1788393413.6900866,20.162698012427427
1788393413.7002504,20.600073010427877
1788393413.7332344,22.62797299772501
1788393413.7567413,61.77540300996043
1788393413.7616205,19.652472998131998
1788393413.8278098,20.37825000297744
1788393413.8608747,67.89523200131953
1788393413.8613539,20.5921509914333
1788393413.8971853,19.635167001979426
1788393413.897586,18.64928999566473
1788393413.9032,20.420325992745347
1788393413.9351258,23.80561298923567
1788393413.9665022,24.47780899819918
1788393413.9688246,66.7267160024494
1788393414.0052087,67.89190699055325
1788393414.0623612,36.176452005747706
1788393414.0859337,38.65936500369571
1788393414.0902832,36.07606601144653
1788393414.174199,51.81228100263979
1788393414.1791153,52.34803800703958
1788393414.186798,53.22460600291379
1788393414.2030358,35.665858013089746
1788393414.2128658,92.39005600102246
1788393414.2243204,25.353531003929675
1788393414.2518592,24.02257100038696
1788393414.2527473,67.82156499684788
1788393414.2767627,66.17035200179089
1788393414.3287904,67.5922590016853
1788393414.4177623,20.10227699065581
1788393414.4468548,22.458268998889253
1788393414.4749422,19.3885729968315
1788393414.4834652,19.68883301015012
1788393414.5649567,61.04697300179396
1788393414.5721517,24.39445399795659
1788393414.589288,23.11090000148397
1788393414.6406431,21.148312007426284
1788393414.652229,28.114668995840475
1788393414.660756,59.85547699674498
1788393414.6692078,31.063340007676743
1788393414.6694446,63.180122000630945
1788393414.717869,21.939097001450136
1788393414.738781,22.251763002714142
1788393414.7447312,63.02678899373859
1788393414.7615204,24.401880989898928
1788393414.762257,27.04437600914389
1788393414.792552,27.30314999644179
1788393414.828737,66.46061499486677
1788393414.8334177,24.14262700767722
1788393414.8408036,71.1293630010914
1788393414.86896,65.79103101103101
1788393414.9340532,19.490008999127895
1788393414.967638,20.040306000737473
1788393414.983827,24.49833499849774
1788393415.0104177,20.73928399477154
1788393415.0311341,19.42708699789364
1788393415.0455952,19.33860000281129
1788393415.0580475,19.45922199229244
1788393415.1208766,37.93441200105008
1788393415.123689,28.276704004383646
1788393415.1407049,70.49468100012746
1788393415.144602,70.4193679994205
1788393415.1859682,24.038952993578278
1788393415.1929188,60.10528800834436
1788393415.2063367,22.11304201046005
1788393415.2727408,60.01125500188209
1788393415.2846751,23.865240989835
1788393415.3137982,24.669421996804886
1788393415.3437572,22.39000100234989
1788393415.3464227,22.123065995401703
1788393415.352866,69.24976898881141
1788393415.3643978,37.2819730109768
1788393415.3687475,62.561635990277864
1788393415.376993,62.91536500793882
1788393415.3835402,21.328880000510253
1788393415.430413,19.510847007040866
1788393415.4716697,20.872455002972856
1788393415.4809008,23.31335100461729
1788393415.4865582,23.629288989468478
1788393415.498463,28.10718200635165
1788393415.5009253,64.05083400022704
1788393415.5551004,19.329241011291742
1788393415.6551394,61.635334001039155
1788393415.66647,48.22989000240341
1788393415.6729028,111.18921000161208
1788393415.726335,23.8751750002848
1788393415.7408283,66.9846209930256
1788393415.7821171,28.405412012943998
1788393415.8288023,66.85472899698652
1788393415.839634,19.710020002094097
1788393415.8615546,21.621754989610054
1788393415.8641713,21.242143004201353
1788393415.918838,22.712056001182646
1788393415.957329,20.42280600289814
1788393416.021184,28.6434699955862
1788393416.041649,19.573206998757087
1788393416.0473785,18.985075992532074
1788393416.1004403,20.019710005726665
1788393416.1249208,64.8323190107476
1788393416.1530364,27.86193700740114
1788393416.1534116,26.94607200101018
1788393416.2367868,63.42035600391682
1788393416.244778,63.98519499634858
1788393416.2474515,19.867473994963802
1788393416.30949,61.83909699029755
1788393416.347713,24.51056298741605
1788393416.3770926,19.122408994007856
1788393416.3940315,20.731002994580194
1788393416.4007561,61.53216099482961
1788393416.4027624,19.763189004152082
1788393416.4249537,21.075202006613836
1788393416.430544,22.265196006628685
1788393416.494742,22.29443399119191
1788393416.498307,22.68936499604024
1788393416.5007615,70.89860799896996
1788393416.5055676,22.271869995165616
1788393416.50873,65.108220995171
1788393416.5167422,23.68903800379485
1788393416.5928032,63.6915009963559
1788393416.5967133,64.56854699354153
1788393416.6209972,20.784209002158605
1788393416.6560907,22.77878299355507
1788393416.6959999,19.331750998389907
1788393416.7154179,22.05734798917547
1788393416.7215254,22.99984901037533
1788393416.7489092,22.919569004443474
1788393416.7666197,20.941116992617026
1788393416.8159373,21.27659299003426
1788393416.9249096,21.86432400776539
1788393417.0184581,23.68595899315551
1788393417.0966299,24.517034005839378
1788393417.1114292,22.57439200184308
1788393417.1727805,62.93310500041116
1788393417.1767118,21.737552000558935
1788393417.2320466,25.236263987608254
1788393417.251493,36.91819000232499
1788393417.2556834,28.342050005448982
1788393417.2697349,40.80119699938223
1788393417.2749343,40.13985699566547
1788393417.3179388,36.37314200750552
1788393417.3288364,76.9660490041133
1788393417.3365815,23.61798500351142
1788393417.3567827,76.70697300636675
1788393417.3583176,24.503784996340983
1788393417.3592026,26.685290999012068
1788393417.392828,68.6614010046469
1788393417.424881,20.6280889979098
1788393417.4329462,69.53763200726826
1788393417.524918,64.08122500579339
1788393417.5458138,26.06019700760953
1788393417.5986004,44.04731800605077
1788393417.6014707,70.33150900679175
1788393417.6936915,71.25583199376706
1788393417.717804,67.2932209999999
1788393417.726957,60.009883003658615
1788393417.731864,63.28732099791523
1788393417.7615967,89.52073400723748
1788393417.7692766,72.19413500570226
1788393418.8711438,46.32628400577232
1788393418.8721619,44.03360400465317
1788393418.8739405,50.414911995176226
1788393418.8759165,43.2312430057209
1788393418.896696,44.60333299357444
1788393418.9588454,31.071113000507466
1788393418.9631445,32.34208800131455
1788393418.9649565,70.93415399140213
1788393418.9808967,74.4182040070882
1788393418.9814312,32.40457799984142
1788393419.0400853,21.62929500627797
1788393419.0727892,63.78896298701875
1788393419.0968485,21.59887200105004
1788393419.102638,33.89379900181666
1788393419.1332402,24.57534499990288
1788393419.1477883,24.60654900642112
1788393419.156812,79.82740599254612
1788393419.198786,33.588139005587436
1788393419.2001,33.67409900238272
1788393419.2162836,25.702839004225098
1788393419.2457883,24.955278990091756
1788393419.2768893,68.46921199758071
1788393419.291717,29.043768998235464
1788393419.3290474,72.84386298852041
1788393419.4439008,24.70817300491035
1788393419.4463146,22.910936997504905
1788393419.467266,19.709597996552475
1788393419.5342422,23.311105993343517
1788393419.5358694,21.449495005072095
1788393419.5959718,20.451494012377225
1788393419.6007855,58.84921499819029
1788393419.6525333,23.170493994257413
1788393419.6871147,23.155736998887733
1788393419.697,26.88833000138402
1788393419.7180305,19.648275992949493
1788393419.7534263,19.895190998795442
1788393419.7887418,64.29502900573425
1788393419.8279872,22.225352004170418
1788393419.8494644,23.72296199609991
1788393419.8816264,36.3115009968169
1788393419.888943,64.85054100630805
1788393419.899467,40.07400700356811
1788393419.9122002,40.12749200046528
1788393419.9250126,47.550361006869934
1788393419.9367943,82.85589799925219
1788393419.980449,21.041792002506554
1788393419.9836073,20.641722992877476
1788393419.992759,76.17881199985277
1788393420.0597157,19.646842003567144
1788393420.0811777,64.96370300010312
1788393420.1244972,20.850965011049993
1788393420.1425328,19.30793799692765
1788393420.1926465,25.774068999453448
1788393420.206733,25.874895000015385
1788393420.2258472,21.996768002281897
1788393420.2576435,21.03893800813239
1788393420.2730956,64.66797200846486
1788393420.3394055,19.582002991228364
1788393420.352264,20.445656002266333
1788393420.360829,62.71163800556678
1788393420.4186077,28.480048989877105
1788393420.4209008,62.164845992811024
1788393420.4218082,27.91678300127387
1788393420.4414978,36.35622200090438
1788393420.447927,31.619576999219134
1788393420.5187988,22.32840799842961
1788393420.5281723,23.465322999982163
1788393420.532704,65.30804000794888
1788393420.661077,20.880513999145478
1788393420.666456,19.293472010758705
1788393420.6924949,20.035352994455025
1788393420.7170787,20.18832799512893
1788393420.7619236,20.065436998265795
1788393420.7698576,21.806426986586303
1788393420.7928474,63.925039998139255
1788393420.879026,20.27628400537651
1788393420.8847833,70.01900000614114
1788393420.9676683,19.83040099730715
1788393420.9846604,18.78278999356553
1788393421.0285435,23.593882011482492
1788393421.0505772,25.332677992992103
1788393421.0591104,22.73956399585586
1788393421.0610864,21.685947009245865
1788393421.0699418,21.6566160088405
1788393421.1130018,19.26860900130123
1788393421.1356606,19.680967001477256
1788393421.1418676,22.43360700958874
1788393421.188727,26.03086100134533
1788393421.1911678,33.47643600136507
1788393421.2087696,74.80490799935069
1788393421.2139738,33.68336200946942
1788393421.2195375,32.43065100105014
1788393421.2264435,44.18043600162491
1788393421.2328448,73.73381601064466
1788393421.2468517,54.3381689931266
1788393421.258876,56.767930000205524
1788393421.2634604,45.367781989625655
1788393421.2847352,88.09520999784581
1788393421.2887583,90.36690500215627
1788393421.3423789,19.41691999672912
1788393421.4038825,20.98863599530887
1788393421.4089012,22.329968996928073
1788393421.4229681,23.325444999500178
1788393421.4353602,22.936768000363372
1788393421.4544191,25.006070995004848
1788393421.4802587,21.990396999171935
1788393421.5122094,20.4515280056512
1788393421.5815642,19.55214199551847
1788393421.581928,20.819041004870087
1788393421.646149,24.483091998263262
1788393421.6493971,21.571492005023174
1788393421.6777422,19.510181999066845
1788393421.7006054,22.00867900683079
1788393421.7108335,23.478743009036407
1788393421.7368739,64.83586799004115
1788393421.7531805,64.9131079990184
1788393421.8481598,22.311922002700157
1788393421.8598032,19.961228987085633
1788393421.884819,23.77536399581004
1788393421.9021418,23.357548998319544
1788393421.9024823,24.847018998116255
1788393421.9061728,22.919069000636227
1788393421.9249167,66.93551200442016
1788393421.9927173,62.63888700050302
1788393422.086427,26.446340008988045
1788393422.0867832,22.2102439875016
1788393422.111169,24.11440799187403
1788393422.118391,24.01234999706503
1788393422.1441078,23.73573899967596
1788393422.150005,25.140444005955942
1788393422.2162488,24.92176000669133
1788393422.226877,34.45393899164628
1788393422.2334075,33.69063200079836
1788393422.252158,20.746666996274143
1788393422.3473773,55.64706899167504
1788393422.3877637,80.159980992903
1788393422.4008484,95.28725000564009
1788393422.4015148,80.91006599715911
1788393422.441863,112.05365900241304
1788393422.4543908,92.56883700436447
1788393422.4638028,104.18616799870506
1788393422.4811826,111.31912599375937
1788393422.4900427,80.1522279944038
1788393422.5074902,109.86405400035437
1788393422.5134275,92.61156601132825
1788393422.5198207,86.50912300799973
1788393422.5688112,82.54779300477821
1788393422.5808089,86.97420200041961
1788393422.5890732,28.171954007120803
1788393422.5927064,100.74591700686142
1788393422.623053,25.234503991669044
1788393422.6448202,69.25801000033971
1788393422.6678228,22.547084008692764
1788393422.6727536,70.39437101047952
1788393422.6905253,22.447226991062053
1788393422.7461855,20.142021996434778
1788393422.748277,21.094418989378028
1788393422.7486413,63.4372039930895
1788393422.7651975,29.078762003337033
1788393422.8367505,59.43791200115811
1788393422.8580194,19.69213799748104
1788393422.8727949,21.30620200478006
1788393422.8991916,19.907712994609028
1788393422.9102125,21.153185007278807
1788393423.0191638,26.011777998064645
1788393423.041606,20.80919500440359
1788393423.0557222,21.44377600052394
1788393423.1094782,19.987703999504447
1788393423.1127372,19.817419990431517
1788393423.1287286,62.13348000892438
1788393423.1852503,27.067674993304536
1788393423.2159557,26.656665009795688
1788393423.2170222,26.00229899690021
1788393423.2248616,65.72526598756667
1788393423.2970028,65.0130470021395
1788393423.3048306,63.93770201248117
1788393423.336728,20.41156000632327
1788393423.3608115,62.05254299857188
1788393423.3692167,20.189896997180767
1788393423.385035,21.720527001889423
1788393423.4650226,53.82715701125562
1788393423.4848945,55.34509300196078
1788393423.510146,74.78521400480531
1788393423.514758,47.99919799552299
1788393423.519282,68.43441599630751
1788393423.536844,83.88210300472565
1788393423.5448372,69.78287400852423
1788393423.5888505,28.9925429970026
1788393423.6048677,71.86659700528253
1788393423.6325977,75.03704400733113
1788393423.654095,28.512967997812666
1788393423.660757,67.56782600132283
1788393423.6629703,32.42037899326533
1788393423.668295,33.32304098876193
1788393423.734426,23.418533004587516
1788393423.744043,19.475891007459722
1788393423.899429,22.056107001844794
1788393423.920067,23.77157901355531
1788393423.9447992,19.991966008092277
1788393423.9976478,18.795127994962968
1788393424.0050704,65.54763700114563
1788393424.0946112,22.669058002065867
1788393424.1088462,67.92569800745696
1788393424.1171098,30.220975997508503
1788393424.1851592,63.06092700106092
1788393424.2241287,29.071540004224516
1788393424.2303512,26.515428005950525
1788393424.310308,20.114357001148164
1788393424.3142118,20.92507600900717
1788393424.3314767,37.386487994808704
1788393424.347993,22.098159999586642
1788393424.394015,25.799326002015732
1788393424.4130566,63.57459200080484
1788393424.4249575,69.23358800122514
1788393424.500162,28.613307993509807
1788393424.5170872,82.68545000464655
1788393424.523931,28.372386994305998
1788393424.5327826,40.289582990226336
1788393424.5379734,42.126795000513084
1788393424.555661,30.36641000653617
1788393424.5869765,22.1361000003526
1788393424.6242762,24.07113299705088
1788393424.6456437,23.37852999335155
1788393424.6462636,22.96083400142379
1788393424.652458,24.818179008434527
1788393424.6567652,62.465097013046034
1788393424.6657438,28.292846996919252
1788393424.7240646,21.232156999758445
1788393424.7493734,62.430746998870745
1788393424.7775402,29.834705012035556
1788393424.7975338,21.06935699703172
1788393424.8106203,21.284734990331344
1788393424.8759935,25.396400000317954
1788393424.8954527,23.079931997926906
1788393424.91555,23.55469699250534
1788393424.9170206,20.226820997777395
1788393424.9336812,22.713263009791262
1788393424.9928362,24.81208700919524
1788393425.0418048,19.52376299595926
1788393425.068821,63.51752100454178
1788393425.1208065,61.03462401370052
1788393425.1222296,31.93934098817408
1788393425.1375513,23.1475100008538
1788393425.152079,36.30593100388069
1788393425.1559923,39.12885699537583
1788393425.1667655,24.255658994661644
1788393425.3033888,20.115096995141357
1788393425.3217416,21.26342999690678
1788393425.389659,62.838291996740736
1788393425.4048705,61.23720500909258
1788393425.4063106,18.13184400089085
1788393425.4502754,23.967840999830514
1788393425.4559503,21.159105002880096
1788393425.468755,21.57223799440544
1788393425.4889932,67.33062100829557
1788393425.5416412,28.422627001418732
1788393425.5709193,19.578734994865954
1788393425.575788,20.236134994775057
1788393425.61292,23.184819001471624
1788393425.6210263,27.712031005648896
1788393425.6468117,48.139484992134385
1788393425.660708,72.04472899320535
1788393425.680839,81.23335499840323
1788393425.7256875,25.1426030008588
1788393425.7718842,27.560588001506403
1788393425.7769096,69.53423300001305
1788393425.7788224,30.22902899829205
1788393425.7859879,32.78442600276321
1788393425.8368564,76.35510900581721
1788393425.9088187,63.37139799143188
1788393425.9114313,21.880934000364505
1788393425.9130275,22.43129200360272
1788393425.9808142,67.60065400158055
1788393426.0240757,23.49659199535381
1788393426.0246553,22.080973998527043
1788393426.044419,21.518168010516092
1788393426.0754995,19.668164997710846
1788393426.1086001,19.748823993722908
1788393426.1167648,59.696641998016275
1788393426.1234498,20.2229919959791
1788393426.1739054,34.37664300145116
1788393426.200315,31.78572798788082
1788393426.2207716,79.12393199512735
1788393426.2287834,80.49156599736307
1788393426.258403,31.04982500371989
1788393426.2747643,33.91051398648415
1788393426.2818694,26.93007799098268
1788393426.2822483,65.924485999858
1788393426.292814,71.04824999987613
1788393426.2994323,25.282650007284246
1788393426.3063474,26.052358007291332
1788393426.377516,42.87487600231543
1788393426.4318678,20.03878499090206
1788393426.4327757,19.7874400037108
1788393426.5153105,24.196861006203108
1788393426.531966,19.397069001570344
1788393426.5415027,21.12649500486441
1788393426.550288,21.65269998658914
1788393426.5916808,23.397372991894372
1788393426.5991266,23.221783005283214
1788393426.6168222,64.7077640023781
1788393426.6210384,24.341071999515407
1788393426.643363,22.053291992051527
1788393426.6826558,21.146939994650893
1788393426.7318254,20.408269003382884
1788393426.7774048,26.407295008539222
1788393426.7856517,32.64351299731061
1788393426.8068428,41.34789599629585
1788393426.8094573,47.0250299986219
1788393426.8135428,46.64617299567908
1788393426.81503,50.92746700393036
1788393426.8369932,77.78596600110177
1788393426.898422,34.68831299687736
1788393426.9371536,21.25354899908416
1788393426.940825,71.66897899878677
1788393426.9982111,21.704336002585478
1788393427.098581,28.56868899834808
1788393427.107417,20.672984013799578
1788393427.1107576,20.19788700272329
1788393427.1847367,67.13512599526439
1788393427.1860714,21.17107699450571
1788393427.224605,23.26101399376057
1788393427.226156,22.907542006578296
1788393427.269551,20.023144999868236
1788393427.2820296,19.5078039978398
1788393427.3087385,65.40970598871354
1788393427.3648133,61.56798099982552
1788393427.3661819,19.648077999590896
1788393427.3892374,20.866339997155592
1788393427.4172852,21.25856399652548
1788393427.4288645,61.41343500348739
1788393427.4306545,22.106527991127223
1788393427.4391217,21.416620002128184
1788393427.5316424,19.521192007232457
1788393427.532655,63.60340899846051
1788393427.6245277,20.049488011864014
1788393427.6816995,19.798959998297505
1788393427.7010183,66.19813900033478
1788393427.7188435,28.69155799271539
1788393427.7337124,36.40561900101602
1788393427.7727113,73.4957230015425
1788393427.7732604,19.542832000297494
1788393427.7807136,78.65746700554155
1788393427.790314,28.762938993168063
1788393427.8128798,62.77637199673336
1788393427.8567734,64.19058699975722
1788393427.9054806,23.35030899848789
1788393427.9291286,23.20660700206645
1788393427.934848,21.12206199672073
1788393427.9902518,24.11727399157826
1788393427.9948494,23.119833000237122
1788393428.005818,20.1785110111814
1788393428.0658388,21.19981798750814
1788393428.0767643,62.30971100740135
1788393428.0768783,65.1105270080734
1788393428.0773923,22.9100269934861
1788393428.0883884,24.08965499489568
1788393428.1447835,66.37826500809751
1788393428.1487882,64.9449610064039
1788393428.2153456,23.995137991732918
1788393428.227613,27.605524999671616
1788393428.2575107,35.272875989903696
1788393428.2703347,34.87944400694687
1788393428.2907908,46.144252992235124
1788393428.2938411,38.225889002205804
1788393428.300901,71.52559599489905
1788393428.305212,33.04130399192218
1788393428.3128588,79.27638999535702
1788393428.3170967,40.039968007477
1788393428.3928654,77.94133799325209
1788393428.4089198,77.00643700081855
1788393428.4343503,22.40125100070145
1788393428.454706,32.168578007258475
1788393428.4614813,32.33147099672351
1788393428.4648373,63.412129995413125
1788393428.5358946,38.38326901313849
1788393428.5440989,34.05563499836717
1788393428.5572035,36.35001400834881
1788393428.5767262,81.31671999581158
1788393428.5907924,24.21554499596823
1788393428.6128132,68.30067599366885
1788393428.6286325,63.10154899256304
1788393428.6386073,21.308251991285942
1788393428.6479552,20.913865009788424
1788393428.6567557,63.30454799172003
1788393428.7387123,22.164734997204505
1788393428.7440703,24.446604991680942
1788393428.7447572,62.87388400232885
1788393428.7528598,24.793044998659752
1788393428.7573898,69.9778249982046
1788393428.762014,30.523865993018262
1788393428.80513,38.98077699705027
1788393428.8210812,26.162720008869655
1788393428.8246467,68.77436299691908
1788393428.8287623,68.20988398976624
1788393428.852293,19.807022996246815
1788393428.8942041,20.77543300401885
1788393428.9729974,61.70366100559477
1788393429.003842,22.65174500644207
1788393429.0165467,21.521645001485012
1788393429.0369942,62.69894899742212
1788393429.0838032,20.443272005650215
1788393429.1010325,62.87349900230765
1788393429.1335,21.713738999096677
1788393429.1393275,21.879196996451356
1788393429.156894,60.161977991811
1788393429.2249467,64.19846699282061
1788393429.2631958,28.242191998288035
1788393429.2636998,27.48947500367649
1788393429.3320456,63.26054201053921
1788393429.3351398,87.77326700510457
1788393429.3715892,63.43619400286116
1788393429.3820755,37.123555011930875
1788393429.394645,83.20438400551211
1788393429.4008384,103.20330099784769
1788393429.4123163,65.22894999943674
1788393429.4140275,44.58999400958419
1788393429.4359145,45.16125000372995
1788393429.4579203,27.911324010347016
1788393429.4602172,25.62890900298953
1788393429.4647434,110.89085799176246
1788393429.4849591,69.95451900002081
1788393429.5354788,33.363080001436174
1788393429.535913,37.91048900166061
1788393429.5589278,37.00203500920907
1788393429.561174,53.62516098830383
1788393429.5688448,78.56119899952319
1788393429.5812857,53.15591899852734
1788393429.589347,25.06419400742743
1788393429.7129538,19.51149999513291
1788393429.7345083,21.53540500148665
1788393429.742942,25.168581007164903
1788393429.7575874,38.877790997503325
1788393429.7642841,44.18217200145591
1788393429.819075,20.80336000653915
1788393429.8541617,72.24583000061102
1788393429.8757496,29.632876001414843
1788393429.876805,28.558243007864803
1788393429.894387,43.008344000554644
1788393429.9167225,72.24199800111819
1788393429.9694273,23.58161099255085
1788393429.999868,21.768452003016137
1788393430.1324627,36.06251798919402
1788393430.13685,35.528401989722624
1788393430.1454878,22.20775499881711
1788393430.2103224,27.044756992836483
1788393430.2153962,21.670675007044338
1788393430.264188,18.401448003714904
1788393430.298059,19.95680401159916
1788393430.3712332,25.86558199254796
1788393430.38977,21.76233200589195
1788393430.4284563,30.42193800501991
1788393430.457367,47.526505004498176
1788393430.457782,40.94690199417528
1788393430.468997,50.50033199950121
1788393430.4741452,37.85233400412835
1788393430.4807096,72.97502900473773
1788393430.4956298,35.55827999662142
1788393430.524727,65.91702401055954
1788393430.532794,65.69949400727637
1788393430.6506417,19.14734901220072
1788393430.7177832,26.881711994064972
1788393430.7453878,29.555218992754817
1788393430.7457376,27.941770997131243
1788393430.7562811,21.38191099220421
1788393430.8131404,20.96064799115993
1788393430.8167856,62.322344005224295
1788393430.8216298,20.47712099738419
1788393430.8726397,41.91776899097022
1788393430.880694,65.50449901260436
1788393430.8883898,46.065019007073715
1788393430.9022174,32.377437004470266
1788393430.908615,23.10291799949482
1788393430.940925,62.97189999895636
1788393430.9735754,62.37937200057786
1788393430.9888587,22.308743005851284
1788393430.9931643,20.491307994234376
1788393431.0143342,22.462654989794828
1788393431.0167427,68.2129979977617
1788393431.060195,31.103600005735643
1788393431.0607193,61.86630499723833
1788393431.0817924,24.84718500636518
1788393431.0866203,25.65148999565281
1788393431.0890946,70.13320199621376
1788393431.1071029,41.67987398977857
1788393431.1270595,33.66639299201779
1788393431.1358113,31.98765499109868
1788393431.1610317,69.13721600722056
1788393431.3546128,21.548655000515282
1788393431.4322832,22.962853996432386
1788393431.4613135,23.082187995896675
1788393431.4846878,18.358217988861725
1788393431.5111008,20.158918996457942
1788393431.53767,20.845671999268234
1788393431.5443099,21.400073994300328
1788393431.556885,62.72479899052996
1788393431.5736194,25.385276007000357
1788393431.5853176,22.070276012527756
1788393431.6282487,20.257058989955112
1788393431.637492,20.66620800178498
1788393431.645387,21.262370006297715
1788393431.6514845,21.82184500270523
1788393431.6630688,24.692952007171698
1788393431.684475,22.58076200087089
1788393431.7193503,22.154553997097537
1788393431.7328641,69.02102300955448
1788393431.8376486,21.457137991092168
1788393431.8380303,19.4208219909342
1788393431.8993416,19.114023001748137
1788393431.903611,19.100353005342185
1788393431.9163034,26.565241991193034
1788393431.9716117,22.113860002718866
1788393431.9831119,28.647287996136583
1788393431.9840727,31.171070993877947
1788393432.006389,25.473089001025073
1788393432.0849345,63.52447900280822
1788393432.178681,23.9539719914319
1788393432.1966925,20.694396996987052
1788393432.293232,52.597301997593604
1788393432.3543808,78.13810600782745
1788393432.3575065,69.34622400149237
1788393432.3821874,78.66291599930264
1788393432.383834,78.87910600402392
1788393432.4138622,91.68310400855262
1788393432.430166,52.86425400117878
1788393432.4547064,68.34837100177538
1788393432.5173306,105.81328900298104
1788393432.5326736,90.54942399961874
1788393432.5329108,123.58821000088938
1788393432.5486047,50.194579991512
1788393432.6017427,22.636595997028053
1788393432.6606185,23.379598002065904
1788393432.6945286,20.384663992444985
1788393432.7405808,20.79526099259965
1788393432.7927272,24.70694099611137
1788393432.8034897,19.251079997047782
1788393432.8260705,25.407078996067867
1788393432.8731964,19.50778100581374
1788393432.8852172,61.832959996536374
1788393432.9273534,23.641150997718796
1788393432.9475513,19.659369994769804
1788393432.9525366,19.23904700379353
1788393432.9659772,19.961318001151085
1788393432.9707959,21.71457100484986
1788393433.036905,60.825171996839345
1788393433.0787933,20.425527007319033
1788393433.1047938,62.60524899698794
1788393433.1162858,20.124725997447968
1788393433.1709802,18.57645800919272
1788393433.2029548,20.674525992944837
1788393433.204692,20.12333899619989
1788393433.2369657,64.0700670046499
1788393433.2478967,24.627638995298184
1788393433.2564943,31.573928994475864
1788393433.2767594,62.51870001142379
1788393433.2783916,45.6266230030451
1788393433.2963567,38.18706999300048
1788393433.2991467,33.9147119957488
1788393433.3010817,43.913358997087926
1788393433.3168123,67.08207298652269
1788393433.3426523,29.666055997950025
1788393433.4195287,20.522691993392073
1788393433.4328625,22.925438010133803
1788393433.4845228,20.03901700663846
1788393433.5002248,19.527516997186467
1788393433.5088124,63.51869899663143
1788393433.572882,21.022820990765467
1788393433.5862157,22.46088099491317
1788393433.6000512,20.10730300389696
1788393433.6088479,66.64487298985478
1788393433.6694899,25.342086009914055
1788393433.6740706,21.491807012353092
1788393433.6877637,25.06300799723249
1788393433.7043924,22.000502998707816
1788393433.7149985,21.1645219969796
1788393433.7948556,29.135678007151
1788393433.8053012,33.973847996094264
1788393433.811069,29.614954997668974
1788393433.812885,66.07224600156769
1788393433.82419,26.509603994782083
1788393433.8727336,66.9721480080625
1788393433.8928337,61.997120996238664
1788393433.8948188,22.067113997763954
1788393433.904831,63.24240499816369
1788393433.9688299,61.989081994397566
1788393433.9722254,23.0495439900551
1788393433.9768941,23.283864997210912
1788393433.9847748,64.53542500094045
1788393433.994495,23.88186100870371
1788393434.0442133,20.393180995597504
1788393434.056831,65.1039789954666
1788393434.117155,21.002572000725195
1788393434.142437,21.14907599752769
1788393434.2402525,21.24902998912148
1788393434.2780635,20.877054004813544
1788393434.3353856,33.443530002841726
1788393434.337116,66.76525599323213
1788393434.345048,63.524009005050175
1788393434.36003,34.29102699737996
1788393434.443012,20.575392001774162
1788393434.4875958,19.974073002231307
1788393434.507182,19.32209100050386
1788393434.5287292,18.9896950032562
1788393434.548999,19.79666599072516
1788393434.5635674,20.28552899719216
1788393434.567457,22.01206999598071
1788393434.6333876,63.832074010861106
1788393434.6464725,47.33215400483459
1788393434.6501281,46.33234199718572
1788393434.6690278,80.70741000119597
1788393434.6815984,48.80233999574557
1788393434.6924176,39.783907996024936
1788393434.736984,72.54429699969478
1788393434.8141577,38.167311999131925
1788393434.8267498,31.754308001836762
1788393434.847314,22.251684989896603
1788393434.8548176,22.275637005805038
1788393434.9186888,29.562864001491107
1788393434.926207,24.137846994563006
1788393435.0061283,31.908003002172336
1788393435.0437062,18.564999001682736
1788393435.0608358,20.260151010006666
1788393435.1063542,24.039109994191676
1788393435.1327946,62.179150991141796
1788393435.1451972,40.60794800170697
1788393435.1631422,43.32505399361253
1788393435.1882358,66.63816201034933
1788393435.1888316,24.16934398934245
1788393435.1975088,42.575438012136146
1788393435.249461,29.958925006212667
1788393435.2527328,62.566858003265224
1788393435.2647233,23.671521004871465
1788393435.2715368,29.37886500149034
1788393435.276927,67.38348699582275
1788393435.277182,72.01305599301122
1788393435.3328216,63.76205899869092
1788393435.418911,26.614189991960302
1788393435.4225688,24.50780700019095
1788393435.4814978,60.45555300079286
1788393435.5145247,36.44201799761504
1788393435.5720193,59.81138101196848
1788393435.581129,42.843716000788845
1788393435.5839307,41.371240993612446
1788393435.6234834,20.956886000931263
1788393435.6444397,27.934915997320786
1788393435.6610143,60.95185699814465
1788393435.7711792,35.92266399937216
1788393435.8455594,30.17511698999442
1788393435.861755,22.32099800312426
1788393435.8689818,20.61937199323438
1788393435.9079754,19.194602995412424
1788393435.9165614,20.621805000700988
1788393435.9240048,21.55961300013587
1788393435.9290226,62.96947300143074
1788393435.9850278,22.22684300795663
1788393435.999968,22.24076799757313
1788393436.0170765,66.19212000805419
1788393436.080697,21.96288399863988
1788393436.1224046,19.408881998970173
1788393436.1662729,23.741797005641274
1788393436.1739979,19.897788006346673
1788393436.184965,19.785628988756798
1788393436.1934156,21.35566899960395
1788393436.2428117,19.32393699826207
1788393436.264957,61.734418995911255
1788393436.2735622,23.12193099351134
1788393436.2769563,65.8347370044794
1788393436.2871232,20.495985008892603
1788393436.4209132,19.675624993396923
1788393436.4705482,21.521144997677766
1788393436.4852386,58.92580399813596
1788393436.5433614,25.236218003556132
1788393436.6001065,20.189139002468437
1788393436.6108923,19.29961900168564
1788393436.6378572,19.793715007836
1788393436.6539075,19.881729996996
1788393436.6930168,62.54775800334755
1788393436.7371433,69.12942699273117
1788393436.793368,23.933947988552973
1788393436.811455,25.550856997142546
1788393436.849883,48.421856001368724
1788393436.856497,53.81319699517917
1788393436.8928952,88.34718599973712
1788393436.9410388,86.97428899176884
1788393436.9468422,20.19110700348392
1788393436.9563766,21.419836004497483
1788393436.9612567,21.96964601171203
1788393436.9675567,21.896266989642754
1788393436.9894998,36.106510990066454
1788393437.0170188,65.76278300781269
1788393437.045048,77.47509400360286
1788393437.0531228,69.47565599693917
1788393437.0583115,89.56016600131989
1788393437.0782387,21.099613994010724
1788393437.0939696,21.663618012098595
1788393437.1087782,30.32299899496138
1788393437.153281,73.11430599656887
1788393437.184436,34.176310000475496
1788393437.1857345,34.401741009787656
1788393437.1928594,27.14082099555526
1788393437.2653847,24.021891003940254
1788393437.2690792,60.70088699925691
1788393437.2741902,20.148381998296827
1788393437.2796474,19.871694006724283
1788393437.3183854,26.357940994785167
1788393437.344958,65.08350100193638
1788393437.360923,69.77481200010516
1788393437.3852487,64.42135298857465
1788393437.404009,34.059418001561426
1788393437.411847,36.3834330055397
1788393437.417186,61.91804500122089
1788393437.4276545,31.226573992171325
1788393437.4361494,34.09652100526728
1788393437.4924965,20.091120997676626
1788393437.5035539,19.021070009330288
1788393437.56637,19.367140004760586
1788393437.6247654,26.12142100406345
1788393437.6341684,19.839364002109505
1788393437.6717322,19.51624799403362
1788393437.7111924,19.8044540011324
1788393437.7635853,19.794861000264063
1788393437.7746456,20.059713991940953
1788393437.8468344,20.45710099628195
1788393437.848385,19.891475996701047
1788393437.8676152,22.06007100176066
1788393437.8778749,23.19913700921461
1788393437.9132867,20.047294994583353
1788393437.9310338,23.124548999476247
1788393437.9345334,25.613048012019135
1788393437.9552338,27.66589699604083
1788393437.9933455,75.16227599990088
1788393438.0132751,63.44994700339157
1788393438.0150874,20.69733099779114
1788393438.0192404,21.676841002772562
1788393438.0737212,20.63614000508096
1788393438.085032,61.866656003985554
1788393438.0888476,22.908178012585267
1788393438.0925004,22.13548200961668
1788393438.10993,37.63093499583192
1788393438.1457026,27.039710999815725
1788393438.1530843,75.42325199756306
1788393438.1536045,31.45898799994029
1788393438.1685054,24.67161299136933
1788393438.1736653,66.76426000194624
1788393438.1890938,71.24384999042377
1788393438.194976,23.71379200485535
1788393438.222458,22.793342999648303
1788393438.2376227,64.73685400851537
1788393438.2613966,21.891872005653568
1788393438.3156884,21.949108006083407
1788393438.325311,62.61555298988242
1788393438.38911,29.405865992885083
1788393438.3932421,26.47739599342458
1788393438.39715,69.35269900714047
1788393438.4128456,25.723287006258033
1788393438.441765,22.533545998157933
1788393438.4770606,73.52952100336552
1788393438.4907908,36.985604994697496
1788393438.4957736,36.13636500085704
1788393438.5137959,24.838458994054236
1788393438.568989,67.51655900734477
1788393438.5729926,70.45992500206921
1788393438.622501,20.848704007221386
1788393438.6953108,19.50229800422676
1788393438.7442415,24.609532993054017
1788393438.7730248,63.82085400400683
1788393438.8096101,20.626705008908175
1788393438.8556666,30.51488599157892
1788393438.8604972,37.657092994777486
1788393438.87486,43.65807601425331
1788393438.9132404,72.85439899715129
1788393438.9896579,36.880714003928006
1788393438.991582,33.587567013455555
1788393439.0044494,21.100308003951795
1788393439.0262794,21.477325994055718
1788393439.0356967,26.864779007155448
1788393439.0569174,62.38180899526924
1788393439.0833483,22.105769996414892
1788393439.0930114,64.07018699974287
1788393439.0942285,20.41716499661561
1788393439.1201324,20.21477599919308
1788393439.1809895,21.590689008007757
1788393439.1850502,64.70633699791506
1788393439.1949146,20.964028997696005
1788393439.2216938,22.56008300173562
1788393439.3334222,38.24615200574044
1788393439.3375638,24.890108994441107
1788393439.3440125,42.61588100052904
1788393439.3578508,48.9738289907109
1788393439.3643615,50.56058199261315
1788393439.3910108,26.421243994263932
1788393439.4128745,26.605584993376397
1788393439.4147973,26.644705998478457
1788393439.4250777,64.4041310006287
1788393439.4336488,29.507584011298604
1788393439.4476476,22.167033006553538
1788393439.4744272,25.689279995276593
1788393439.4829593,23.912224991363473
1788393439.5010235,67.16047499503475
1788393439.6571214,25.14650099328719
1788393439.6754465,22.017691997461952
1788393439.6768234,21.332400996470824
1788393439.6949086,23.98903699941002
1788393439.7816179,59.471333006513305
1788393439.8153641,26.497156999539584
1788393439.8234544,24.071571009699255
1788393439.8400848,22.900173004018143
1788393439.8575447,70.80703499377705
1788393439.915326,26.743214009911753
1788393439.9242656,20.12748600100167
1788393440.000196,22.24407999892719
1788393440.0195835,22.84268700168468
1788393440.0262105,21.086668988573365
1788393440.0427554,20.900136994896457
1788393440.079086,19.615986006101593
1788393440.0917227,20.25639099883847
1788393440.1026738,20.654534993809648
1788393440.1122835,22.206629000720568
1788393440.1220665,22.158146006404422
1788393440.1734822,20.908885999233462
1788393440.1736958,68.55317699955776
1788393440.1890886,69.17611201060936
1788393440.222555,23.180064003099687
1788393440.2411497,61.518801987404004
1788393440.2425263,37.58926199225243
1788393440.2610831,63.18505801027641
1788393440.3227134,24.031776003539562
1788393440.3246148,23.63299299031496
1788393440.3336189,23.307971001486294
1788393440.3544579,23.84758800326381
1788393440.4067357,25.13935299066361
1788393440.4210274,60.49498300126288
1788393440.4305081,25.649511997471564
1788393440.4330518,63.395254997885786
1788393440.489283,67.18248399556614
1788393440.5091593,64.18515999394003
1788393440.5162177,23.13226398837287
1788393440.5633607,20.12764500977937
1788393440.5900137,21.07447500748094
1788393440.6125932,21.297789993695915
1788393440.6222064,21.333589989808388
1788393440.6495757,23.309633004828356
1788393440.7258236,24.810485003399663
1788393440.7280638,22.68876500602346
1788393440.7454684,38.20555999118369
1788393440.7609344,22.332224005367607
1788393440.7695112,22.584260994335636
1788393440.7932699,23.538781999377534
1788393440.8119652,22.304361991700716
1788393440.8200402,20.344063988886774
1788393440.8280115,20.624892000341788
1788393440.8291204,66.6429889970459
1788393440.8902035,22.366648001479916
1788393440.9045827,22.700778994476423
1788393440.9238465,25.78647200425621
1788393440.9650958,68.45081099891104
1788393440.9955087,22.669679994578473
1788393441.0038438,22.460603999206796
1788393441.0119882,23.691048991167918
1788393441.0599208,22.370010003214702
1788393441.061509,20.92879600240849
1788393441.0788715,24.346179998246953
1788393441.1149726,20.737347003887407
1788393441.1718378,21.053062999271788
1788393441.2048945,28.464827002608217
1788393441.2317512,22.220990009373054
1788393441.2469842,20.356210006866604
1788393441.2739234,24.6086719998857
1788393441.2876043,30.11540499574039
1788393441.2880063,29.47758699883707
1788393441.2969904,59.708738001063466
1788393441.3303053,21.351243995013647
1788393441.3530896,23.778613001923077
1788393441.363821,31.370192009489983
1788393441.3771381,59.71937399590388
1788393441.3792198,37.09629400691483
1788393441.3894744,44.33651998988353
1788393441.3940265,39.72312300174963
1788393441.4368334,27.946865011472255
1788393441.4410856,75.05084000877105
1788393441.4812977,74.6858729980886
1788393441.5035074,30.10135800286662
1788393441.5220592,66.72343399259262
1788393441.5416095,20.420700006070547
1788393441.594985,22.98993300064467
1788393441.5965571,21.456230999319814
1788393441.6256418,21.52115199714899
1788393441.6909494,26.224740999168716
1788393441.7810414,62.573365998105146
1788393441.7876089,25.149414999759756
1788393441.7937665,24.894732006941922
1788393441.7957947,23.74264199170284
1788393441.8529525,33.11842599941883
1788393441.8650205,63.033515005372465
1788393441.8723602,20.964183000614867
1788393441.8765993,20.829946995945647
1788393441.8770266,66.57728098798543
1788393441.877178,64.70834200445097
1788393442.0168893,25.343308006995358
1788393442.0498655,18.99692699953448
1788393442.071785,21.385707004810683
1788393442.075787,23.87376299884636
1788393442.1020205,25.934277000487782
1788393442.1376584,68.52770799014252
1788393442.1641786,28.085919009754434
1788393442.1978931,21.753858993179165
1788393442.2051003,72.80811999225989
1788393442.213108,28.3053960010875
1788393442.2219157,27.38490200135857
1788393442.294035,33.109319003415294
1788393442.3929276,56.14496899943333
1788393442.4015741,82.09822200296912
1788393442.4347222,57.36079100461211
1788393442.445479,55.53632800001651
1788393442.4980445,24.486235008225776
1788393442.5214176,24.70363899192307
1788393442.5290434,73.84822200401686
1788393442.540063,28.511095995781943
1788393442.541717,28.25959600158967
1788393442.620356,41.13526700530201
1788393442.624761,36.26658901339397
1788393442.6253707,31.02357500756625
1788393442.6506753,19.5853489858564
1788393442.7307062,22.936377994483337
1788393442.7317228,22.535644005984068
1788393442.7410522,71.77492899063509
1788393442.7743385,22.904188997927122
1788393442.8418934,23.5723639925709
1788393442.8450408,20.370763988466933
1788393442.890615,22.69750701088924
1788393442.8964295,22.951906998059712
1788393442.9130802,62.236479003331624
1788393442.9139364,24.73974900203757
1788393442.921708,24.734195991186425
1788393442.9251204,61.286548007046804
1788393442.9641986,19.986867002444342
1788393443.037229,63.0987449985696
1788393443.03988,27.56291399418842
1788393443.0572157,33.06990901182871
1788393443.0614038,32.538893006858416
1788393443.0803025,42.642012995202094
1788393443.1333477,62.672947999089956
1788393443.1507332,21.940947000985034
1788393443.154444,22.253634000662714
1788393443.1610105,64.77182300295681
1788393443.1729949,23.83132799877785
1788393443.2086825,22.708941003656946
1788393443.2250612,66.98081600188743
1788393443.2315426,21.37198598938994
1788393443.249356,23.318178005865775
1788393443.3008106,26.170156997977756
1788393443.3091457,69.39706399862189
1788393443.346694,20.668982004281133
1788393443.3474696,21.775062996312045
1788393443.36801,25.948665002943017
1788393443.423099,21.121935002156533
1788393443.4820852,20.10625699767843
1788393443.4930582,20.23650500632357
1788393443.4983087,22.092666011303663
1788393443.5491781,65.20116000319831
1788393443.5552273,19.599756997195072
1788393443.5689876,68.15642199944705
1788393443.6168437,20.61850299651269
1788393443.645488,63.333077006973326
1788393443.706005,19.23746900865808
1788393443.7234445,20.71724300913047
1788393443.7661695,20.664508003392257
1788393443.7768996,21.062967003672384
1788393443.7891047,60.973279003519565
1788393443.836872,21.947642002487555
1788393443.8560424,22.139392007375136
1788393443.9133122,19.768490004935302
1788393443.9147358,19.38626100309193
1788393443.915845,21.521737013245
1788393443.933229,62.83540799631737
1788393443.9348867,23.936177996802144
1788393443.9427516,22.940740003832616
1788393444.0183697,19.564002999686636
1788393444.0574207,20.02885000547394
1788393444.1067724,20.121759007452056
1788393444.1089246,20.77275399642531
1788393444.1907918,26.525376000790857
1788393444.1980946,21.643284999299794
1788393444.2656288,29.135894001228735
1788393444.2691119,63.436362994252704
1788393444.275519,32.75106300134212
1788393444.291651,31.086943999980576
1788393444.3491914,62.273400006233715
1788393444.3497198,20.41118699708022
1788393444.3695307,19.647376000648364
1788393444.3773856,21.320234998711385
1788393444.382731,21.140063006896526
1788393444.433141,64.97906599543057
1788393444.4777498,42.43466700427234
1788393444.497132,29.063106994726695
1788393444.518489,29.85642799467314
1788393444.5543814,44.80233399954159
1788393444.5707536,49.30358799174428
1788393444.5770686,35.991229000501335
1788393444.5811276,68.87305399868637
1788393444.5894532,43.810395000036806
1788393444.6003869,68.79532099992502
1788393444.6083987,47.584446001565084
1788393444.6092403,84.77513199613895
1788393444.6211126,57.56214899884071
1788393444.6278474,36.47519199876115
1788393444.646518,42.50266100279987
1788393444.6529381,36.0696830030065
1788393444.69126,23.026829003356397
1788393444.6921215,22.77803899778519
1788393444.727206,21.036965990788303
1788393444.7517579,24.339237992535345
1788393444.7599263,23.030750002362765
1788393444.8130815,24.244794010883197
1788393444.8240101,22.759978004614823
1788393444.8475688,20.938182991812937
1788393444.862712,25.498011003946885
1788393444.9610255,20.014113004435785
1788393445.0357122,19.96880599472206
1788393445.037405,62.400626004091464
1788393445.1012256,21.88717300305143
1788393445.1199112,31.699072002083994
1788393445.1210926,65.47935599519406
1788393445.1340582,32.81372399942484
1788393445.2182438,22.067356010666117
1788393445.2576785,19.491059996653348
1788393445.3480124,25.743853009771556
1788393445.3513913,20.507252993411385
1788393445.3845143,19.298361003166065
1788393445.4123745,20.24112400249578
1788393445.465142,66.50847199489363
1788393445.4951625,21.0068270098418
1788393445.4992132,20.049565006047487
1788393445.5449958,66.78031600313261
1788393445.5774798,64.15642300271429
1788393445.5997665,21.887687005801126
1788393445.634325,27.911281998967752
1788393445.6490057,29.028642005869187
1788393445.6690612,67.09079699066933
1788393445.677616,21.92805300001055
1788393445.6828432,22.697417996823788
1788393445.6854725,22.633029002463445
1788393445.708898,24.636667003505863
1788393445.7530463,64.13240400434006
1788393445.7626,21.083098006783985
1788393445.7690125,68.09689200599678
1788393445.7709172,22.257279997575097
1788393445.7729971,63.859877991490066
1788393445.8305852,20.877211005426943
1788393445.8902752,19.71767500799615
1788393445.9009576,66.71321998874191
1788393445.905389,20.532672002445906
1788393445.950455,22.732096011168323
1788393445.9541519,23.42751000833232
1788393445.9715421,37.97056899929885
1788393445.977041,60.97267899895087
1788393445.9812973,21.98148400930222
1788393446.0739858,31.31292799662333
1788393446.1530128,23.588170995935798
1788393446.1835997,19.93838399357628
1788393446.2128887,20.340877992566675
1788393446.2811224,22.8122069966048
1788393446.305888,20.26854500581976
1788393446.3517103,21.174285997403786
1788393446.352403,19.81056699878536
1788393446.372556,23.724102997221053
1788393446.4396918,19.886983995093033
1788393446.453137,59.29262499557808
1788393446.5190527,19.890708004822955
1788393446.5211096,67.10500399640296
1788393446.5482728,18.279955998877995
1788393446.575828,19.717361996299587
1788393446.6210513,66.08623400097713
1788393446.6247394,22.324282996123657
1788393446.6257625,21.89619500131812
1788393446.6410089,61.776551010552794
1788393446.6578605,20.364012991194613
1788393446.7010086,62.1863940032199
1788393446.7851443,61.32216101104859
1788393446.79635,26.903945006779395
1788393446.8077612,22.293258996796794
1788393446.8120255,21.594589998130687
1788393446.8279042,30.109282000921667
1788393446.8457956,20.185857996693812
1788393446.9368606,19.453425004030578
1788393446.9524808,19.54850299807731
1788393446.9783487,18.797265001921915
1788393447.0373251,18.739929990260862
1788393447.0542064,19.808306999038905
1788393447.072331,20.085709998966195
1788393447.0928345,30.474707004032098
1788393447.1210263,64.74465200153645
1788393447.123214,26.763941001263447
1788393447.1246781,33.31474399601575
1788393447.1392426,34.005713008809835
1788393447.141105,65.75579701166134
1788393447.1890984,72.05262201023288
1788393447.2118778,26.039573989692144
1788393447.2213564,73.55403499968816
1788393447.225099,71.62837400392164
1788393447.2531648,39.210845992784016
1788393447.2645297,36.24174300057348
1788393447.2924304,25.84548300364986
1788393447.2984576,25.52321999974083
1788393447.3011312,81.22275599453133
1788393447.3036757,29.69041100004688
1788393447.3211782,72.26215599803254
1788393447.340465,23.432526999386027
1788393447.363431,28.20680500008166
1788393447.3771272,66.43092799640726
1788393447.388413,23.459162999643013
1788393447.46915,29.522352007916197
1788393447.4703596,27.552607003599405
1788393447.50823,22.43736298987642
1788393447.569868,25.58714200858958
1788393447.5912614,19.18000599835068
1788393447.6424077,20.7956619997276
1788393447.656152,19.450282998150215
1788393447.7047076,22.86304500012193
1788393447.7064476,20.058751993929036
1788393447.7290602,30.963636003434658
1788393447.735519,26.11784599139355
1788393447.746719,27.41441599209793
1788393447.7716713,22.9672299901722
1788393447.813209,65.61542399867903
1788393447.8535688,19.55657498911023
1788393447.863258,21.112110000103712
1788393447.8743467,30.273222000687383
1788393447.8811252,66.85314999776892
1788393447.969894,35.62462600530125
1788393448.0053666,95.18919499532785
1788393448.0537896,31.340159999672323
1788393448.133149,41.085692995693535
1788393448.139602,38.36056700674817
1788393448.142121,35.48660999513231
1788393448.1667192,19.656046002637595
1788393448.2134209,62.13506098720245
1788393448.2470431,24.679529989953153
1788393448.2664826,23.97062499949243
1788393448.336557,26.96292899781838
1788393448.3427231,19.814521001535468
1788393448.3716528,21.351089992094785
1788393448.3720393,23.563602997455746
1788393448.4056897,68.45447399246041
1788393448.489726,51.2965900124982
1788393448.4936357,34.42359599284828
1788393448.5087323,20.955717001925223
1788393448.5888152,28.750075987773016
1788393448.6496885,60.35396999504883
1788393448.685023,20.786717999726534
1788393448.708198,19.139455995173194
1788393448.8012953,68.76621999253985
1788393448.8271818,22.68676398671232
1788393448.8292065,21.01099600258749
1788393448.9162712,18.87624200026039
1788393448.985822,28.385491008521058
1788393449.0213993,19.636958997580223
1788393449.0400536,22.598647003178485
1788393449.0473857,34.78935900784563
1788393449.0555272,35.77354199660476
1788393449.062459,62.62502400204539
1788393449.1331217,71.90508799976669
1788393449.1436327,19.70286399591714
1788393449.1452837,20.080996007891372
1788393449.211466,20.245663006789982
1788393449.226269,36.298378006904386
1788393449.2324557,34.948026994243264
1788393449.282599,25.71778900164645
1788393449.2970905,61.762222001561895
1788393449.305159,30.885150990798138
1788393449.3053687,64.11925501015503
1788393449.310879,35.41916700487491
1788393449.3733168,81.74450599472038
1788393449.3890736,81.9917539920425
1788393449.4294968,23.487687998567708
1788393449.4352272,26.457887011929415
1788393449.445049,34.2489629983902
1788393449.4584703,32.80360100325197
1788393449.4649603,65.90110000979621
1788393449.4734905,24.13187200727407
1788393449.5112789,27.45620500354562
1788393449.5330503,70.85040899983142
1788393449.5470035,21.591190990875475
1788393449.5894227,62.990856007672846
1788393449.618517,42.37992399430368
1788393449.6298356,26.143392999074422
1788393449.633805,25.20950901089236
1788393449.6653845,83.94669801054988
1788393449.7464688,51.00921299890615
1788393449.751464,25.569063000148162
1788393449.7894905,87.7565440023318
1788393449.842121,47.272849988075905
1788393449.885215,84.04159999918193
1788393449.9370923,76.09133199730422
1788393449.952891,20.14765900094062
1788393450.0048318,19.77153700136114
1788393450.0178492,19.807645003311336
1788393450.025034,61.809716004063375
1788393450.0718977,19.049006994464435
1788393450.0812583,59.786174999317154
1788393450.0970626,61.15903900354169
1788393450.0975935,19.707359999301843
1788393450.108168,21.41536900307983
1788393450.1182203,30.13689399813302
1788393450.146978,46.467672000289895
1788393450.1611824,65.95912300690543
1788393450.1671987,60.870401008287445
1788393450.1763022,34.8614909889875
1788393450.1771774,78.11116900120396
1788393450.178907,40.44473299290985
1788393450.186919,31.35265299351886
1788393450.2504685,32.383824000135064
1788393450.2528737,32.794751998153515
1788393450.2665613,21.47890199557878
1788393450.3087492,36.73118200094905
1788393450.3204358,38.64062900538556
1788393450.3473885,20.43372999469284
1788393450.3489459,66.10079000529367
1788393450.3945162,22.195405006641522
1788393450.4036994,27.79246200225316
1788393450.4055324,28.63885700935498
1788393450.4171386,60.79776999831665
1788393450.4205368,24.250699003459886
1788393450.4319787,30.89601300598588
1788393450.4329002,30.65198900003452
1788393450.4755154,24.77252400422003
1788393450.5020275,20.26200300315395
1788393450.55708,65.18784700892866
1788393450.5626593,26.460129010956734
1788393450.620754,24.23931700468529
1788393450.6291146,65.52983600704465
1788393450.696718,20.680001995060593
1788393450.7176592,20.592975997715257
1788393450.7419767,22.57490200281609
1788393450.7772264,65.35861700831447
1788393450.797075,66.72362401150167
1788393450.8024812,21.704125989344902
1788393450.8370302,59.78728900663555
1788393450.873076,62.54369500675239
1788393450.8795319,32.359894990804605
1788393450.8975847,25.97930199408438
1788393450.9292068,74.64459199400153
1788393450.950982,20.333260006736964
1788393450.9570026,60.794821998570114
1788393450.9679654,23.700290999840945
1788393451.0410736,23.59108299424406
1788393451.104456,19.672187001560815
1788393451.1709764,23.377411998808384
1788393451.1771944,62.67411800217815
1788393451.242365,20.54102699912619
1788393451.2445736,25.180043987347744
1788393451.2854786,70.88681599998381
1788393451.2891085,29.84884699981194
1788393451.309332,22.981139001785778
1788393451.3213315,65.5374139896594
1788393451.3291147,75.94017300289124
1788393451.3516104,18.321303999982774
1788393451.353075,61.941776002640836
1788393451.4362538,21.889398994971998
1788393451.4607952,29.417748999549076
1788393451.5534146,23.914584002341144
1788393451.5558739,20.26122600364033
1788393451.5629098,19.85779299866408
1788393451.5901062,23.672497001825832
1788393451.6357217,20.655811997130513
1788393451.6369915,61.25054300355259
1788393451.6475396,19.94130399543792
1788393451.6913393,23.064145992975682
1788393451.7253506,63.068668998312205
1788393451.7413597,20.80136699078139
1788393451.7704606,20.263717000489123
1788393451.846802,30.696107001858763
1788393451.8527253,26.08243899885565
1788393451.8570845,67.5321820017416
1788393451.8581755,30.31705600733403
1788393451.8867989,27.063507994171232
1788393451.8968053,29.263891992741264
1788393451.9020386,32.382849996793084
1788393451.9116187,40.2400890015997
1788393451.9170635,65.87698799557984
1788393451.9366446,27.770339002017863
1788393451.9489727,36.306216003140435
1788393451.9583635,44.3861499952618
1788393451.9670362,46.84522400202695
1788393451.9893236,81.54467899294104
1788393452.0303779,21.798911999212578
1788393452.0568955,19.363386993063614
1788393452.0667737,20.464098997763358
1788393452.0928345,23.405811996781267
1788393452.1434524,23.14608500455506
1788393452.151314,24.350923995370977
1788393452.2369843,64.92795101075899
1788393452.2465985,19.37038700270932
1788393452.2490456,65.69793200469576
1788393452.3091877,59.3838710046839
1788393452.3249595,35.99569300422445
1788393452.4153051,56.9662670022808
1788393452.4280298,57.3590310086729
1788393452.4923759,34.244256996316835
1788393452.5051181,82.67904000240378
1788393452.517512,24.753254998358898
1788393452.5331974,76.63083299121354
1788393452.539803,24.77685701160226
1788393452.599798,32.364126993343234
1788393452.6052985,30.611114998464473
1788393452.6132925,26.94341000460554
1788393452.625629,88.41948199551553
1788393452.6290329,87.02846699452493
1788393452.633083,70.25019399588928
1788393452.6490529,24.510859992005862
1788393452.6801534,23.20885799417738
1788393452.6890857,66.5368329937337
1788393452.7121036,22.625746991252527
1788393452.749799,20.893970999168232
1788393452.821179,65.07484900066629
1788393452.8337939,28.139550995547324
1788393452.8693206,22.073451007599942
1788393452.873023,23.947105000843294
1788393452.890938,27.00791400275193
1788393452.9130049,62.495411999407224
1788393452.9410622,66.52017500891816
1788393452.9478326,23.109440007829107
1788393453.009473,65.89099999109749
1788393453.0618227,29.638705993420444
1788393453.111895,25.081000989302993
1788393453.245175,25.71554599853698
1788393453.250334,20.762820000527427
1788393453.261617,19.00064000801649
1788393453.313136,62.786806010990404
1788393453.325468,19.698472999152727
1788393453.3290274,62.20676998782437
1788393453.3325841,18.92968500033021
1788393453.3630774,22.410710997064598
1788393453.3870564,24.56729499681387
1788393453.4031756,24.543777006329037
1788393453.4050741,66.15048999083228
1788393453.4411793,20.107260992517695
1788393453.4416397,19.69759700295981
1788393453.4647837,34.65408099873457
1788393453.563874,50.432263989932835
1788393453.5751858,51.226657000370324
1788393453.5859616,40.00036600336898
1788393453.6446323,32.79901600035373
1788393453.6569018,22.312215995043516
1788393453.676467,23.187098995549604
1788393453.7090673,21.682538994355127
1788393453.7335851,25.954777011065744
1788393453.7886736,21.1181460035732
1788393453.832217,20.86215499730315
1788393453.8621798,20.69644400035031
1788393453.893352,20.61273399158381
1788393453.9050784,62.75389100483153
1788393453.9160826,20.922523995977826
1788393453.9425132,25.366749992826954
1788393453.954651,36.387767002452165
1788393453.9853058,76.53507600480225
1788393454.0189013,20.247536012902856
1788393454.0369856,20.918283000355586
1788393454.0409987,77.08453499071766
1788393454.084501,24.31422700465191
1788393454.0973454,24.205529989558272
1788393454.1186063,22.605317004490644
1788393454.14496,69.00321900320705
1788393454.1890736,66.95919499907177
1788393454.2056012,22.582407007575966
1788393454.247755,21.588870004052296
1788393454.2692227,19.72931499767583
1788393454.297052,63.302738999482244
1788393454.2977593,22.967491997405887
1788393454.3003376,21.19115299137775
1788393454.3200283,29.99575600551907
1788393454.341707,20.872128996415995
1788393454.356598,20.91111800109502
1788393454.3741438,22.36834799987264
1788393454.4254472,29.035483006737195
1788393454.4378855,36.7185920040356
1788393454.4536617,41.23042100400198
1788393454.4703436,81.44013899436686
1788393454.477445,82.33543300593738
1788393454.532765,53.036070996313356
1788393454.569076,100.20380299829412
1788393454.58108,87.34408300369978
1788393454.6049929,65.47762799891643
1788393454.6435134,24.16907400765922
1788393454.6735811,64.909565000562
1788393454.6912456,25.99712400115095
1788393454.7332797,24.404976997175254
1788393454.745269,25.86980200430844
1788393454.796182,20.2402360009728
1788393454.8565068,20.192298994516023
1788393454.89381,22.161095999763347
1788393454.8950357,21.752426007878967
1788393454.9117265,26.046450991998427
1788393454.936062,23.212248997879215
1788393454.9564934,23.237408997374587
1788393454.9654691,22.97126299527008
1788393455.0019352,19.58797499537468
1788393455.0530283,63.941781991161406
1788393455.0662687,20.920940005453303
1788393455.066665,20.372047001728788
1788393455.1353004,26.98562099249102
1788393455.1410487,59.603802001220174
1788393455.2390976,29.402119005681016
1788393455.2512028,19.731590000446886
1788393455.2862465,19.129338004859164
1788393455.3490353,59.67216400313191
1788393455.354305,19.676438998430967
1788393455.366449,18.868914994527586
1788393455.3904152,19.38904100097716
1788393455.4445257,20.701276007457636
1788393455.4591794,23.50347700121347
1788393455.461017,62.69358099962119
1788393455.5212662,24.049491999903694
1788393455.5374851,22.844006001832895
1788393455.5473452,27.407699002651498
1788393455.5880632,50.55295801139437
1788393455.601292,48.13181998906657
1788393455.626836,71.50979699508753
1788393455.6331735,89.83835199614987
1788393455.639863,77.52643599815201
1788393455.642103,36.971877998439595
1788393455.6613345,42.988728993805125
1788393455.668822,104.14247099834029
1788393455.6714675,73.4126730094431
1788393455.70341,47.950865991879255
1788393455.708888,73.44123099755961
1788393455.7352648,97.93113100749906
1788393455.7372062,127.76391700026579
1788393455.739446,40.57769999781158
1788393455.7851093,133.6405320034828
1788393455.7852445,92.23778999876231
1788393455.8034499,21.430980996228755
1788393455.8251605,62.47722000989597
1788393455.8811069,32.1703920053551
1788393455.9005506,20.861797995166853
1788393455.921208,82.25211399258114
1788393455.9542396,37.348437996115535
1788393455.9844558,19.78498700191267
1788393455.997253,74.64714400703087
1788393456.107545,22.399955996661447
1788393456.112154,20.489145012106746
1788393456.1259415,29.352665005717427
1788393456.1653726,22.015253998688422
1788393456.233394,63.04033899505157
1788393456.2932875,20.47795499674976
1788393456.3519127,19.652824994409457
1788393456.388952,66.67186100094113
1788393456.4060538,19.44939899840392
1788393456.420826,19.17665099608712
1788393456.4627461,21.035024008597247
1788393456.482268,22.51134299149271
1788393456.4890304,59.56009900546633
1788393456.5293133,64.6479580027517
1788393456.547607,23.263295996002853
1788393456.5981476,21.349564995034598
1788393456.6070209,23.98200100287795
1788393456.6263075,20.68922799662687
1788393456.6678388,19.082261991570704
1788393456.6958084,26.378111986559816
1788393456.7482288,22.177195991389453
1788393456.7506218,21.615421006572433
1788393456.7574914,21.296603998052888
1788393456.7679908,23.63618199888151
1788393456.7768672,20.873156987363473
1788393456.832402,20.010309002827853
1788393456.8492732,61.05163999018259
1788393456.8651981,62.92585800110828
1788393456.9170065,61.641457010409795
1788393456.9646797,21.331216994440183
1788393456.9733045,23.945516004459932
1788393456.9769213,25.935971993021667
1788393456.981148,61.56086199916899
1788393456.993244,41.323263008962385
1788393457.000638,28.79318399936892
1788393457.0020523,37.350621991208754
1788393457.021358,37.19174099387601
1788393457.097076,60.14567200327292
1788393457.10396,22.76012500806246
1788393457.1156113,26.693562002037652
1788393457.1238656,26.141305002965964
1788393457.1931965,65.92817399359774
1788393457.2340195,19.237161992350593
1788393457.316204,33.40283699799329
1788393457.3353615,21.27357698918786
1788393457.3590937,19.930294991354458
1788393457.418034,24.915733010857366
1788393457.4254403,22.21325199934654
1788393457.4505384,19.62537199142389
1788393457.4809422,27.732399001251906
1788393457.4930618,63.01075199735351
1788393457.518535,24.07321699138265
1788393457.5293725,26.051414999528788
1788393457.5295925,75.33379399683326
1788393457.54529,63.39300700346939
1788393457.5582132,38.25767200032715
1788393457.5932608,80.07790900592227
1788393457.6132913,67.13283799763303
1788393457.6318672,27.459124001325108
1788393457.6588423,24.384470001677983
1788393457.6830258,28.771498007699847
1788393457.6840112,32.816885999636725
1788393457.709241,69.00843798939604
1788393457.7374916,27.559276000829414
1788393457.7576807,64.91489299514797
1788393457.7777195,20.891255990136415
1788393457.787185,22.709298005793244
1788393457.793595,65.10665400128346
1788393457.8140867,21.413264999864623
1788393457.8409882,66.33198200142942
1788393457.8848197,19.820998000795953
1788393458.0072725,25.954664990422316
1788393458.0132449,19.924042004277
1788393458.0248287,27.402444000472315
1788393458.0320127,27.144067993503995
1788393458.0919187,22.121806992799975
1788393458.1091762,59.97927600401454
1788393458.1163976,24.236545999883674
1788393458.1780188,19.157624992658384
1788393458.2191298,19.763028001761995
1788393458.273407,20.99681099934969
1788393458.2809644,67.11538200033829
1788393458.2995715,21.780123002827168
1788393458.3132281,61.68045400409028
1788393458.3321226,20.64224700734485
1788393458.3531098,63.45142099598888
1788393458.369041,60.31432299641892
1788393458.397097,74.93221800541505
1788393458.3979914,19.224588992074132
1788393458.4318073,18.401444991468452
1788393458.479597,35.720382002182305
1788393458.4865375,35.16351300640963
1788393458.5227952,19.59164500294719
1788393458.5251687,19.404133010539226
1788393458.605198,67.7322749979794
1788393458.6745749,21.57643300597556
1788393458.729885,21.81874700181652
1788393458.758768,21.58237699768506
1788393458.7822146,28.280655009439215
1788393458.8063607,21.194450004259124
1788393458.8407388,20.188144000712782
1788393458.8534436,64.91739599732682
1788393458.8770814,60.795644007157534
1788393458.8829463,23.3086810039822
1788393458.8927488,28.2295420038281
1788393458.8960948,27.247417005128227
1788393458.9476943,21.102848011651076
1788393458.958659,21.319024002877995
1788393458.9612765,64.13476300076582
1788393458.985025,61.03231699671596
1788393458.988889,24.94422299787402
1788393459.0251837,19.850768003379926
1788393459.0823185,27.609717988525517
1788393459.1239355,18.89467000728473
1788393459.144708,20.472085001529194
1788393459.1583478,23.807684003259055
1788393459.1780195,26.386149009340443
1788393459.2077236,23.68890499928966
1788393459.2130501,72.26434900076129
1788393459.236209,21.692962007364258
1788393459.257104,23.435171009623446
1788393459.2572582,63.12702198920306
1788393459.284951,66.07749398972373
1788393459.3187804,21.833909006090835
1788393459.3250916,61.748741994961165
1788393459.3324876,23.09190499363467
1788393459.3348794,21.997251998982392
1788393459.3930244,76.17451000260189
1788393459.4089377,30.825738998828456
1788393459.4204211,30.436640008701943
1788393459.42901,68.17027000943199
1788393459.4343712,28.490483993664384
1788393459.436459,27.253945008851588
1788393459.4684508,20.234235998941585
1788393459.5061848,20.24582799640484
1788393459.5866222,25.854148989310488
1788393459.6419897,19.8059490066953
1788393459.6549346,21.13898999232333
1788393459.6812575,62.004919003811665
1788393459.779478,22.35994600050617
1788393459.7853832,20.781758008524776
1788393459.8108552,27.596430998528376
1788393459.8514397,19.50570399640128
1788393459.8635778,21.84360999672208
1788393459.8819766,19.670392997795716
1788393459.889005,61.59004099026788
1788393459.9290628,61.93456699838862
1788393459.9349608,26.512509997701272
1788393459.9585767,44.98913200222887
1788393459.9626098,27.26138199795969
1788393459.965948,42.021443994599395
1788393459.9691653,68.66459599405061
1788393459.9960282,21.707335006794892
1788393460.0330672,62.09396100894082
1788393460.0433037,23.894883997854777
1788393460.0609825,66.25745899509639
1788393460.077913,19.133302004775032
1788393460.1294038,22.73319600499235
1788393460.1851122,21.10785699915141
1788393460.1913533,19.643409992568195
1788393460.2259612,22.14871099567972
1788393460.2939553,19.721266013220884
1788393460.3079603,20.648147008614615
1788393460.314712,21.90456399694085
1788393460.3280268,25.61811999476049
1788393460.342787,22.21593400463462
1788393460.362107,21.663396997610107
1788393460.450807,21.05422699241899
1788393460.4802644,22.767148999264464
1788393460.557076,51.89466699084733
1788393460.5682547,35.904861011658795
1788393460.572969,90.99350300675724
1788393460.5780194,23.00413799821399
1788393460.6145341,22.754272999009117
1788393460.6228833,21.318419007002376
1788393460.671582,32.413712004199624
1788393460.6848192,21.615488003590144
1788393460.6849606,77.12390700180549
1788393460.6981788,88.35194000857882
1788393460.7266996,29.930358999990858
1788393460.7450147,62.180000997614115
1788393460.7468672,22.372482999344356
1788393460.7489538,62.86030499904882
1788393460.7752323,19.69952399667818
1788393460.8125064,21.665622989530675
1788393460.8174176,22.782514002756216
1788393460.82236,21.546760995988734
1788393460.8227766,22.822193001047708
1788393460.832386,29.563611999037676
1788393460.8896325,32.03730100358371
1788393460.8967726,29.14843100006692
1788393460.9049704,61.84247700730339
1788393460.9250174,70.73729699186515
1788393460.9411025,23.68166600354016
1788393460.9650624,62.95904399303254
1788393460.9777076,19.62482299131807
1788393460.9811103,64.6903199958615
1788393461.0232522,22.144820002722554
1788393461.0900562,20.172231990727596
1788393461.1008034,20.95984799962025
1788393461.1010053,64.63909598824102
1788393461.1484501,22.924456003238447
1788393461.1771948,64.21875099476893
1788393461.1773462,61.922799999592826
1788393461.283074,29.410807008389384
1788393461.315141,20.660498004872352
1788393461.4264867,26.519915991229936
1788393461.4425895,19.38168400374707
1788393461.4872894,25.52112500416115
1788393461.531547,19.511459991917945
1788393461.5571005,61.23161800496746
1788393461.5795724,25.667144989711232
1788393461.5812714,25.610426993807778
1788393461.6000216,25.96452200668864
1788393461.6291497,69.29103800212033
1788393461.6366494,20.13166999677196
1788393461.6530516,67.39635899430141
1788393461.659957,19.480429007671773
1788393461.6894834,26.303901002393104
1788393461.702543,25.041486995178275
1788393461.709038,24.616780996439047
1788393461.7210197,63.11621799250133
1788393461.7890148,62.786326991044916
1788393461.803657,19.732288012164645
1788393461.8578613,21.8894720019307
1788393461.9009726,70.58887300081551
1788393461.9364052,20.156067999778315
1788393461.9410613,63.706751010613516
1788393461.9731073,21.528604993363842
1788393461.9786224,22.304147001705132
1788393462.019111,23.03025999572128
1788393462.0250812,66.61655299831182
1788393462.028478,23.159997988841496
1788393462.0421143,24.608635998447426
1788393462.0511284,27.178892996744253
1788393462.0530946,68.24145300197415
1788393462.0841022,22.490041999844834
1788393462.120103,50.791462999768555
1788393462.1228228,40.71844299323857
1788393462.1290622,63.378065009601414
1788393462.1344824,53.75572900811676
1788393462.1530588,85.93416299845558
1788393462.1666908,52.83633900398854
1788393462.197,97.19585700077005
1788393462.2417943,19.915780998417176
1788393462.2770917,21.351606003008783
1788393462.309151,41.02881699509453
1788393462.3292758,65.13060600263998
1788393462.3423593,32.54269200260751
1788393462.3809295,47.86449200764764
1788393462.4643843,110.2717309986474
1788393462.4747972,51.841726002749056
1788393462.5001001,34.84895499423146
1788393462.5052097,101.42389399698004
1788393462.5177526,26.586537991533987
1788393462.5564387,22.0750939915888
1788393462.563492,26.83157499996014
1788393462.5816228,29.399871011264622
1788393462.5862305,26.665204000892118
1788393462.6013732,63.50128499616403
1788393462.6150577,53.902662999462336
1788393462.619527,35.09528799622785
1788393462.637039,70.34699199721217
1788393462.6747823,25.101632010773756
1788393462.7805297,24.847512002452277
1788393462.8495054,22.053524997318164
1788393462.9011707,19.99230799265206
1788393462.9144182,29.004385010921396
1788393462.9409947,67.33271799748763
1788393462.9500911,20.36129699263256
1788393462.981066,20.843357997364365
1788393462.9963927,21.40383499499876
1788393463.021085,63.27615599730052
1788393463.0242777,21.383707993663847
1788393463.0530758,63.48803899891209
1788393463.089174,60.572024987777695
1788393463.1291318,62.83289099519607
1788393463.18598,24.992815000587143
1788393463.221576,19.996361996163614
1788393463.2413502,21.264458991936408
1788393463.249157,62.2843430028297
1788393463.2611148,23.187091006548144
1788393463.263264,23.664623993681744
1788393463.299967,22.792338000726886
1788393463.3292127,69.39035600225907
1788393463.3331301,63.41227800294291
1788393463.3369207,28.343874000711367
1788393463.3498924,33.4293659980176
1788393463.3627787,39.76438200334087
1788393463.3698199,45.7097890030127
1788393463.401061,79.28486900345888
1788393463.4364882,20.073189996764995
1788393463.4888382,25.738303011166863
1788393463.5277774,21.688282999093644
1788393463.545519,25.463584999670275
1788393463.5635154,42.135119991144165
1788393463.5811646,63.8664569996763
1788393463.669123,37.134250000235625
1788393463.6724846,38.74784598883707
1788393463.681258,90.47381400887389
1788393463.685126,87.84770900092553
1788393463.7270567,88.19699700688943
1788393463.7291176,91.75877399684396
1788393463.7355154,65.30584099527914
1788393463.7391956,69.21596899337601
1788393463.7681074,89.59671600314323
1788393463.7742834,79.17157300107647
1788393463.8253272,113.41034699580632
1788393463.8974657,35.25943499698769
1788393463.9135132,32.35161599877756
1788393463.9633758,27.9333780054003
1788393464.0029118,48.63364400807768
1788393464.0160012,60.15910199494101
1788393464.027476,53.56923199724406
1788393464.0461967,84.88383700023405
1788393464.0567038,40.398273995378986
1788393464.0858684,100.67367499868851
1788393464.0937889,47.11808799766004
1788393464.0970616,114.03572099516168
1788393464.1353936,27.349847005098127
1788393464.1532977,75.32840699423105
1788393464.23147,39.17515400098637
1788393464.2348764,31.621681002434343
1788393464.2420595,35.15754900581669
1788393464.3050494,65.84643200039864
1788393464.3270633,19.349587004398927
1788393464.3412037,64.3883519951487
1788393464.4131193,75.12467299238779
1788393464.419833,20.14298200083431
1788393464.4281898,20.937183988280594
1788393464.446181,20.520702004432678
1788393464.5076158,22.547176005900837
1788393464.533056,67.41579699155409
1788393464.540963,22.147950003272854
1788393464.5573816,23.28001100977417
1788393464.584135,21.43407800758723
1788393464.589084,64.01177099905908
1788393464.6285048,35.28768000251148
1788393464.653244,67.81125999987125
1788393464.6718037,38.77256500709336
1788393464.687527,37.5672520021908
1788393464.691722,34.89589999662712
1788393464.6931133,84.73327499814332
1788393464.707669,39.8215660097776
1788393464.7290149,83.50547000009101
1788393464.7531295,92.71078700840008
1788393464.772759,19.381557998713106
1788393464.825742,28.163923998363316
1788393464.832751,32.27273300581146
1788393464.8640985,45.353535999311134
1788393464.866312,52.293721004389226
1788393464.870041,47.96360099862795
1788393464.8921232,27.733595998142846
1788393464.9033732,24.892792993341573
1788393464.917565,87.21267200598959
1788393464.9625263,23.638225000468083
1788393464.96916,69.86837901058607
1788393465.0234585,35.41592799592763
1788393465.1189063,24.01662500051316
1788393465.1207907,29.194504997576587
1788393465.1287396,29.072514997096732
1788393465.180189,23.927681002533063
1788393465.185732,27.199641001061536
1788393465.194675,25.335627011372708
1788393465.1971684,61.625336995348334
1788393465.2010903,63.73390900262166
1788393465.2143137,22.786315996199846
1788393465.3096333,63.27173799218144
1788393465.398327,20.042363001266494
1788393465.4161787,19.394306000322104
1788393465.446709,20.52211100817658
1788393465.465427,62.64842000382487
1788393465.4865396,22.467542003141716
1788393465.5129075,65.26532699353993
1788393465.516874,65.75647099816706
1788393465.5403733,20.97440000216011
1788393465.6169262,70.41186701098923
1788393465.6209135,66.39120500767604
1788393465.6330407,72.59767199866474
1788393465.678302,33.25769299408421
1788393465.678727,29.08513900183607
1788393465.684986,61.1553519993322
1788393465.7029598,40.807077995850705
1788393465.7073064,35.19480999966618
1788393465.7130392,75.30185100040399
1788393465.723493,31.096653998247348
1788393465.7612076,73.32070800475776
1788393465.7729504,69.65736798883881
1788393465.797773,66.5179710049415
1788393465.8260584,24.246098997537047
1788393465.8651383,68.50875999953132
1788393466.0162642,24.956182998721488
1788393466.0213273,23.050535994116217
1788393466.0687377,27.08380100375507
1788393466.0977356,30.840071995044127
1788393466.116861,71.76280098792631
1788393466.127012,25.278717002947815
1788393466.127572,23.304139001993462
1788393466.1492057,31.427458990947343
1788393466.1497052,42.58394899079576
1788393466.2253342,42.305009003030136
1788393466.2257516,41.558468001312576
1788393466.2349355,20.081568000023253
1788393466.2740023,22.370405989931896
1788393466.3257453,19.366796987014823
1788393466.395209,18.461450992617756
1788393466.4016345,61.66466300783213
1788393466.4182785,18.692097000894137
1788393466.5060456,18.229565990623087
1788393466.515539,18.89006000419613
1788393466.5213966,19.02024299488403
1788393466.5314693,19.325198998558335
1788393466.5933695,28.09418601100333
1788393466.60291,27.10411600128282
1788393466.6033454,23.970968002686277
1788393466.6288815,66.24667000141926
1788393466.6451714,22.533673007274047
1788393466.6730313,69.17237601010129
1788393466.6927257,19.078454002738
1788393466.6969237,65.83766199764796
1788393466.704275,20.042728996486403
1788393466.7654579,61.75820100179408
1788393466.8268678,19.013042998267338
1788393466.8286114,19.50558999669738
1788393466.8894792,26.035878996481188
1788393466.914104,20.48387299873866
1788393466.9752614,18.906293000327423
1788393466.9768574,62.010975991142914
1788393467.0060785,21.186489990213886
1788393467.0222816,25.801790005061775
1788393467.0531645,69.579203001922
1788393467.0831912,20.975127001293004
1788393467.1326787,19.294124998850748
1788393467.1536477,25.423704006243497
1788393467.155688,25.364471002831124
1788393467.216914,78.20514099148568
1788393467.241299,18.827908992534503
1788393467.2530854,62.916199007304385
1788393467.2829087,22.63947599567473
1788393467.3189924,24.60937699652277
1788393467.3209755,24.717961001442745
1788393467.3409543,62.730068995733745
1788393467.354093,41.23761999653652
1788393467.3691022,69.36966801004019
1788393467.4026403,78.36275600129738
1788393467.421515,62.59281600068789
1788393467.4570012,114.49027599883266
1788393467.4690046,40.955085001769476
1788393467.4890954,114.18540299928281
1788393467.492977,82.59819301019888
1788393467.5414207,19.958025994128548
1788393467.656179,45.636081995326094
1788393467.7035985,21.25419299409259
1788393467.7225926,20.404227005201392
1788393467.7248535,61.2282200017944
1788393467.7412937,20.351721992483363
1788393467.7778184,18.91165399865713
1788393467.8077488,17.902110994327813
1788393467.8088496,59.61572799424175
1788393467.8731842,27.102261999971233
1788393467.8915267,20.329234001110308
1788393467.8969014,64.25198099168483
1788393467.9461513,26.146074989810586
1788393467.9570136,61.42581799940672
1788393467.962177,25.2232089987956
1788393468.0370293,59.984639010508545
1788393468.138653,25.42707599059213
1788393468.193863,25.310348006314598
1788393468.2134664,36.14829700381961
1788393468.2150085,36.582631000783294
1788393468.2357876,23.737483003060333
1788393468.3051138,59.67029900057241
1788393468.306151,18.849368003429845
1788393468.365853,21.74899300734978
1788393468.3683262,19.60356101335492
1788393468.3769426,61.44359600148164
1788393468.380773,63.972952993935905
1788393468.3844323,20.882010998320766
1788393468.3849669,20.57489100843668
1788393468.4205737,19.205221004085615
1788393468.4384875,20.40816200315021
1788393468.449443,25.928507995558903
1788393468.4496162,59.28815600054804
1788393468.4567678,25.27196001028642
1788393468.4854655,23.769715990056284
1788393468.5252223,64.90254600066692
1788393468.5806375,21.47567499196157
1788393468.5928726,21.548721997532994
1788393468.5974574,20.111750010983087
1788393468.7009256,22.794265998527408
1788393468.7232373,22.022855991963297
1788393468.7308803,21.290135002345778
1788393468.7448876,31.780264995177276
1788393468.752115,36.413976005860604
1788393468.7714708,29.24113199696876
1788393468.7864568,23.276150997844525
1788393468.8090544,67.85080400004517
1788393468.8808615,66.07465300476179
1788393468.9193254,19.96929699089378
1788393468.9223654,20.394253995618783
1788393468.938657,26.65266700205393
1788393468.9433315,30.183730996213853
1788393468.9580698,41.98791399539914
1788393468.9619062,25.140303012449294
1788393469.0281148,20.569629996316507
1788393469.0370998,21.108489992911927
1788393469.0560727,20.978033004212193
1788393469.0834525,21.54789298947435
1788393469.0933821,22.197836995474063
1788393469.096843,62.760289991274476
1788393469.14578,21.4379690005444
1788393469.1554844,23.820973990950733
1788393469.1645503,24.87368299625814
1788393469.2191677,22.447551993536763
1788393469.2318406,23.649663999094628
1788393469.2488697,66.71842999639921
1788393469.2622836,18.417469997075386
1788393469.32657,18.42754500103183
1788393469.337864,18.278467992786318
1788393469.3785641,19.815735999145545
1788393469.4171858,60.02422500750981
1788393469.4392645,20.846674000495113
1788393469.4423301,19.21338700049091
1788393469.5008566,63.1268720026128
1788393469.524976,20.688169010099955
1788393469.531606,21.731693006586283
1788393469.5409188,28.10301200952381
1788393469.5516844,29.68522100127302
1788393469.5531127,26.22579199669417
1788393469.588944,63.30065699876286
1788393469.6208873,60.100622999016196
1788393469.632813,62.9766269994434
1788393469.6506414,19.636942000943236
1788393469.6687863,61.90200900891796
1788393469.6868842,23.468884988687932
1788393469.7126527,31.94447301211767
1788393469.7220242,25.24637200986035
1788393469.730453,39.84503798710648
1788393469.7369325,67.59798299754038
1788393469.7401106,46.53817499638535
1788393469.8401413,33.584965000045486
1788393469.8437479,35.518680000677705
1788393469.8464673,29.686738998861983
1788393469.857468,29.371051001362503
1788393469.8635807,32.12185199663509
1788393469.9114912,24.93735699681565
1788393469.933771,26.51264901214745
1788393469.9414544,29.249451006762683
1788393469.9477742,26.114703010534868
1788393469.996991,61.8090349889826
1788393470.0106237,31.516627001110464
1788393470.0280156,18.844920996343717
1788393470.0853264,61.34062800265383
1788393470.1590817,18.378488995949738
1788393470.1740434,18.68079100677278
1788393470.1932886,19.230967009207234
1788393470.2076917,19.906045010429807
1788393470.26961,21.29955000418704
1788393470.2889073,61.21491998783313
1788393470.3045309,20.12715999444481
1788393470.3060603,21.45034600107465
1788393470.3688233,65.80418099474628
1788393470.3813725,19.273105994216166
1788393470.409703,19.741545998840593
1788393470.4246905,23.71464100724552
1788393470.4448485,60.96164698828943
1788393470.4648893,23.68034899700433
1788393470.479465,25.3641759918537
1788393470.488901,63.34236900147516
1788393470.4901872,21.52363699860871
1788393470.4949613,24.827483008266427
1788393470.5452642,18.69389700004831
1788393470.5529585,21.36710898776073
1788393470.582082,21.433686997625045
1788393470.5848036,20.80609400582034
1788393470.8745093,23.95142600289546
1788393470.889545,18.611824008985423
1788393470.9628358,24.010185996303335
1788393470.9991245,19.26724000077229
1788393471.0352883,19.406394989346154
1788393471.0369916,59.34741999953985
1788393471.0412517,22.097313005360775
1788393471.0655801,18.912530998932198
1788393471.0795248,20.115934996283613
1788393471.2520168,25.897160012391396
1788393471.398871,23.306948991375975
1788393471.4037206,20.00620799663011
1788393471.4239364,18.61371500126552
1788393471.460018,21.118557997397147
1788393471.468954,59.46261300414335
1788393471.4888966,58.65656299283728
1788393471.5354311,19.862272005411796
1788393471.5483823,20.124241011217237
1788393471.5530415,62.78021400794387
1788393471.5568924,62.32742901192978
1788393471.6097987,19.609499999205582
1788393471.6138883,18.961963010951877
1788393471.6275795,31.694781995611265
1788393471.6515179,19.86113098973874
1788393471.6849606,64.64881300053094
1788393471.7397857,41.98731799260713
1788393471.757011,22.44550500472542
1788393471.7786045,20.90643900737632
1788393471.7848833,82.46413699816912
1788393471.8320365,18.825834995368496
1788393471.8612406,61.87906900595408
1788393471.883567,28.529105009511113
1788393471.963228,18.677963002119213
1788393471.9721856,19.423394987825304
1788393471.9770713,65.98928799212445
1788393472.033215,64.31447199429385
1788393472.0596793,18.74001200485509
1788393472.0736356,29.870263999328017
1788393472.076929,62.36748700030148
1788393472.0968542,59.3505919969175
1788393472.1489456,66.45077498978935
1788393472.259586,22.146260991576128
1788393472.262418,20.64889199391473
1788393472.2902384,20.253424998372793
1788393472.348004,50.45516100653913
1788393472.4009202,101.61563698784448
1788393472.409011,113.59580200223718
1788393472.4092834,115.6043039954966
1788393472.4133222,67.34903100004885
1788393472.432723,111.24141300388146
1788393472.4479012,71.73644199792761
1788393472.462657,135.9290910040727
1788393472.5019336,64.2341509956168
1788393472.520989,90.78936198784504
1788393472.5292072,85.00056200136896
1788393472.5448885,53.940120997140184
1788393472.5469441,83.76799499092158
1788393472.5555804,90.88718799466733
1788393472.5792942,83.45444400038105
1788393472.592872,71.46654299867805
1788393472.6089265,115.7919589895755
1788393472.649017,71.4658619981492
1788393472.656998,73.5587060044054
1788393472.6606147,31.24615500564687
1788393472.6903715,43.72123700159136
1788393472.69194,36.28249499888625
1788393472.696116,37.35336399404332
1788393472.7170324,74.382881008205
1788393472.7774172,25.571420992491767
1788393472.788086,27.956222998909652
1788393472.8089519,66.94718799553812
1788393472.816294,24.76489299442619
1788393472.8704376,33.409427996957675
1788393472.8931973,70.36632100061979
1788393472.913356,78.49221600918099
1788393472.9902391,24.465930997394025
1788393472.9937198,80.3367030021036
1788393472.9971762,21.829793986398727
1788393473.0046594,20.404797993251123
1788393473.0115085,18.777841003611684
1788393473.0218103,21.310776006430387
1788393473.0789003,20.47533099539578
1788393473.0807893,62.400355003774166
1788393473.08223,21.60577599715907
1788393473.109453,59.45930699817836
1788393473.259829,24.524388994905166
1788393473.272847,19.847470000968315
1788393473.3208807,18.42949700949248
1788393473.325779,19.251022997195832
1788393473.3713937,20.269169996026903
1788393473.4230254,21.320478001143783
1788393473.428149,19.042556989006698
1788393473.4656699,26.340690994402394
1788393473.4699209,22.50122900295537
1788393473.5175455,20.019959003548138
1788393473.5408459,63.24180000228807
1788393473.558855,19.63061699643731
1788393473.5809388,57.814206011244096
1788393473.5894036,19.879922008840367
1788393473.6786299,42.20962199906353
1788393473.6953335,29.102981003234163
1788393473.7097468,100.34740999981295
1788393473.7452562,36.76279399951454
1788393473.746833,37.06950999912806
1788393473.7729924,71.79428399831522
1788393473.787202,50.335646999883465
1788393473.8249161,113.67783800233155
1788393473.832953,91.68894500180613
1788393473.8346496,22.69708999665454
1788393473.8409085,82.889317010995
1788393473.8533053,84.10413800447714
1788393473.942798,22.903823002707213
1788393473.968605,21.051750998594798
1788393473.988684,21.63683300022967
1788393474.0272803,26.908043000730686
1788393474.0359097,52.4025460035773
1788393474.0370016,29.368217001319863
1788393474.0410209,65.0538899935782
1788393474.041975,31.74418699927628
1788393474.0529726,75.29048700234853
1788393474.1282697,26.535740995313972
1788393474.1490192,62.401232004049234
1788393474.2094657,29.494158996385522
1788393474.2194393,24.396225999225862
1788393474.2475061,20.49913100199774
1788393474.2897108,18.979200001922436
1788393474.3157227,19.949517998611555
1788393474.3205729,20.8373310015304
1788393474.3251173,19.51347300200723
1788393474.3369253,22.590749998926185
1788393474.404258,27.579232002608478
1788393474.4366014,19.391419991734438
1788393474.5131085,18.646702999831177
1788393474.5315268,21.342997992178425
1788393474.545125,22.865713995997794
1788393474.5787609,20.159539999440312
1788393474.6168866,66.88642399967648
1788393474.6781237,31.84783400502056
1788393474.6784832,18.733523989794776
1788393474.6865888,28.249373004655354
1788393474.700898,36.49201699590776
1788393474.7103405,36.25474999716971
1788393474.7573056,20.37309699517209
1788393474.7770586,60.770198004320264
1788393474.8119247,26.085015997523442
1788393474.8914187,24.318915995536372
1788393474.9773052,24.23232200089842
1788393474.9816241,19.828065996989608
1788393475.0694065,66.21910100511741
1788393475.091715,19.874375997460447
1788393475.1657145,21.807794997585006
1788393475.1668077,19.315457000629976
1788393475.1909537,19.058603997109458
1788393475.2369864,59.83972200192511
1788393475.242126,29.971714000566863
1788393475.2529027,61.93340799654834
1788393475.2644079,20.22882401070092
1788393475.2787955,20.095904008485377
1788393475.3009188,63.36185800319072
1788393475.3213286,20.198580998112448
1788393475.3328185,60.435826002503745
1788393475.3614326,27.650017000269145
1788393475.3746078,31.030322003061883
1788393475.384941,67.26892900769599
1788393475.3970153,68.50865499291103
1788393475.409339,70.02366801316384
1788393475.5313075,23.805638003977947
1788393475.6482444,24.893788999179378
1788393475.6554842,19.366176988114603
1788393475.6920896,18.86072200431954
1788393475.7122242,18.560013006208465
1788393475.7258463,18.28550800564699
1788393475.7449574,60.9469039918622
1788393475.760775,28.74269799212925
1788393475.7816005,65.030088997446
1788393475.7835019,21.8891149997944
1788393475.8451283,64.69533700146712
1788393475.848922,66.7295989987906
1788393475.851991,23.372096999082714
1788393475.9057376,18.989659001817927
1788393475.9122806,19.76547300000675
1788393475.9128275,19.36741900863126
1788393476.0024385,18.409524011076428
1788393476.0386865,19.03394800319802
1788393476.1321201,24.77892200113274
1788393476.209762,67.51731999975163
1788393476.2892597,65.70177301182412
1788393476.3086212,20.89277800405398
1788393476.3518884,17.981254000915214
1788393476.380209,19.573926998418756
1788393476.384798,62.50783600262366
1788393476.4197247,19.742807999136858
1788393476.4279206,19.08138500584755
1788393476.4445333,18.688571988604963
1788393476.4529378,62.686539997230284
1788393476.455114,19.34513599553611
1788393476.5088456,64.10945799143519
1788393476.5126483,21.024646994192153
1788393476.5206642,22.605550999287516
1788393476.5393267,28.260407998459414
1788393476.5650198,23.990714995306917
1788393476.568581,45.13952898560092
1788393476.6168141,81.46491700608749
1788393476.6492138,70.57481100491714
1788393476.6572614,70.37955700070597
1788393476.6979337,37.097067994182
1788393476.7463057,19.947623994085006
1788393476.7945316,30.711252009496093
1788393476.8198595,20.767929003341123
1788393476.8580928,20.123370995861478
1788393476.874297,18.653377002920024
1788393476.8889399,62.57714700768702
1788393476.9010587,23.183065990451723
1788393476.9368513,65.80813800974283
1788393476.944818,68.03567199676763
1788393476.9849174,62.537445992347784
1788393477.041054,62.52508200122975
1788393477.0861695,25.04205699369777
1788393477.0867426,21.284741000272334
1788393477.1051102,30.279840997536667
1788393477.1213403,24.32679799676407
1788393477.125868,27.618316002190113
1788393477.1281106,24.455403996398672
1788393477.1387622,65.03585800237488
1788393477.1441958,28.88156400877051
1788393477.1592505,40.14329600613564
1788393477.1731427,36.05669799435418
1788393477.1972136,25.73890399071388
1788393477.2369957,69.55367598857265
1788393477.252051,21.571903009316884
1788393477.2525928,23.874873004388064
1788393477.3292027,36.80622800311539
1788393477.346322,20.010783002362587
1788393477.3815858,19.14264800143428
1788393477.3844376,17.993632005527616
1788393477.4170299,62.824888998875394
1788393477.4233963,23.750355991069227
1788393477.4530041,66.43180100945756
1788393477.4609685,65.09859500511084
1788393477.4809043,62.75470300170127
1788393477.5209246,62.632861008751206
1788393477.5854297,22.499824000988156
1788393477.6169872,61.96814299619291
1788393477.625695,34.539653002866544
1788393477.627876,29.775410002912395
1788393477.6320477,35.20294099871535
1788393477.6785252,30.681585005368106
1788393477.6923027,22.648891987046227
1788393477.74888,20.503968000411987
1788393477.7892458,76.69919299951289
1788393477.8324475,39.23717800353188
1788393477.8412695,51.36212801153306
1788393477.8437693,39.52089400263503
1788393477.8511071,20.068868005182594
1788393477.9340415,33.90512600890361
1788393477.9632015,18.578674003947526
1788393477.9665692,18.66639099898748
1788393477.9779043,19.673392991535366
1788393478.0277045,21.17752299818676
1788393478.0408175,65.15648400818463
1788393478.064903,60.677592002321035
1788393478.1075509,19.194318010704592
1788393478.1088336,61.12817401299253
1788393478.1273313,21.051035000709817
1788393478.1289787,21.106592001160607
1788393478.2050245,60.642545999144204
1788393478.211839,22.70150399999693
1788393478.2156212,25.311312987469137
1788393478.2169132,61.61332500050776
1788393478.233192,26.543693005805835
1788393478.2751775,19.943331004469655
1788393478.3020732,19.251498990342952
1788393478.3097904,18.358508008532226
1788393478.3802369,20.682389003923163
1788393478.3867395,20.827026994084008
1788393478.4000154,21.281805995386094
1788393478.4051993,68.09763099590782
1788393478.4660337,27.994304997264408
1788393478.55265,23.487704995204695
1788393478.5667293,19.317889993544668
1788393478.5688226,19.174824003130198
1788393478.591358,18.92135299567599
1788393478.653295,21.827216987730935
1788393478.6609447,60.12865201046225
1788393478.6963313,30.24942200863734
1788393478.7026746,33.26490300241858
1788393478.737924,20.15885199944023
1788393478.7682078,25.27513798850123
1788393478.775954,26.67821600334719
1788393478.789165,36.54209399246611
1788393478.790361,38.51204700185917
1788393478.8218787,21.896392994676717
1788393478.8488867,62.97954000183381
1788393478.8849943,61.94822800171096
1788393478.9225605,18.315266992431134
1788393478.9464126,19.490020000375807
1788393478.954165,20.13724300195463
1788393478.9649749,61.82271501165815
1788393478.9808168,24.678073008544743
1788393479.0461485,20.42021900706459
1788393479.0771515,63.60354500066023
1788393479.0998266,27.124097003252245
1788393479.1023927,22.61251899471972
1788393479.1132562,25.66168199700769
1788393479.135364,20.041363997734152
1788393479.1488254,71.43931000609882
1788393479.1595159,18.179134000092745
1788393479.200936,61.76733500615228
1788393479.2225153,23.901952008600347
1788393479.2370005,62.27878699428402
1788393479.2398205,23.59568800602574
1788393479.317612,30.04812600556761
1788393479.3220148,29.40012200269848
1788393479.3248491,63.726021006004885
1788393479.336992,63.67641099495813
1788393479.3824532,21.940152000752278
1788393479.3969567,62.90280299435835
1788393479.4044337,30.259253006079234
1788393479.4078789,27.106844005174935
1788393479.410739,31.009013997390866
1788393479.41698,62.22243400407024
1788393479.4172223,63.41033399803564
1788393479.4304786,39.063661999534816
1788393479.4769711,63.04901400289964
1788393479.4826765,20.28239499486517
1788393479.4888415,69.38990100752562
1788393479.5208359,61.71059999905992
1788393479.5448723,63.62928000453394
1788393479.568899,63.952554992283694
1788393479.6241636,19.159300994942896
1788393479.6522942,18.91047100070864
1788393479.6545358,19.886492998921312
1788393479.660029,21.51310299814213
1788393479.6784701,25.528789003146812
1788393479.7260418,36.51061101118103
1788393479.732983,64.82340300863143
1788393479.737897,31.64943799492903
1788393479.7568815,86.63694000279065
1788393479.765309,93.48793899698649
1788393479.7952466,40.93759399256669
1788393479.8331237,87.17024599900469
1788393479.8570971,91.48815399385057
1788393479.8892949,46.82107799453661
1788393479.9049644,132.526973990025
1788393479.9223456,34.823262991267256
1788393479.9273586,37.69158299837727
1788393479.9529066,74.31746899965219
1788393479.9541998,56.483198000933044
1788393479.9550521,29.69557400501799
1788393479.9602344,26.365925004938617
1788393480.0385656,37.570097993011586
1788393480.0616689,52.77955799829215
1788393480.0632322,31.191742993541993
1788393480.0769887,89.62725200399291
1788393480.1811264,77.7671929972712
1788393480.2149813,38.20599100436084
1788393480.216734,38.21498900651932
1788393480.2362278,25.311446996056475
1788393480.2458053,43.70110499439761
1788393480.2503445,31.518121002591215
1788393480.2668216,20.776645993464626
1788393480.3363538,28.59605099365581
1788393480.3510454,20.011176995467395
1788393480.3638585,20.566890001646243
1788393480.375246,20.2322400000412
1788393480.4329054,68.56155699642841
1788393480.4518366,25.998932993388735
1788393480.4972157,63.887412994517945
1788393480.5509284,29.40471700276248
1788393480.5516443,33.66623799956869
1788393480.575701,18.59723500092514
1788393480.581978,17.916570010129362
1788393480.6312022,19.633236996014602
1788393480.6451063,61.7209210031433
1788393480.6459322,22.805799002526328
1788393480.6668067,20.856082992395386
1788393480.728963,60.38492399966344
1788393480.731883,22.25010600523092
1788393480.7408772,22.0101359882392
1788393480.7627187,25.99289099453017
1788393480.7896483,30.738204004592262
1788393480.8171191,68.86644799669739
1788393480.8490272,69.40684599976521
1788393480.8653247,36.375629002577625
1788393480.86868,36.30060699651949
1788393480.8731368,34.071923000738025
1788393480.903815,28.83675399061758
1788393480.9169486,72.21552000555675
1788393480.9577343,25.609985998016782
1788393480.997005,67.50538900087122
1788393481.0022707,24.78473199880682
1788393481.043984,18.96532700629905
1788393481.0591521,22.55234400217887
1788393481.0736716,24.411632999544963
1788393481.0808978,61.098546007997356
1788393481.1730924,33.682531997328624
1788393481.2976382,24.20023900049273
1788393481.3032904,18.402556001092307
1788393481.3141088,27.9100009938702
1788393481.3465877,17.67750200815499
1788393481.3812857,21.145639999303967
1788393481.3992662,19.431837994488887
1788393481.4145727,19.97388098970987
1788393481.4250205,62.274150986922905
1788393481.4751365,22.333594999508932
1788393481.4928565,60.93887299357448
1788393481.5410266,59.36510200263001
1788393481.5452828,19.00433200353291
1788393481.6031878,24.073182008578442
1788393481.610559,19.973654998466372
1788393481.6497345,19.84468099544756
1788393481.6557724,18.836511997506022
1788393481.6666572,18.766980996588245
1788393481.7572284,61.69503500859719
1788393481.7853272,26.201065003988333
1788393481.7880907,22.364903998095542
1788393481.8020465,27.843624004162848
1788393481.8050346,21.335586003260687
1788393481.8350694,21.08664000115823
1788393481.8516479,20.2881609875476
1788393481.893953,22.077262998209335
1788393481.9009182,63.15256899688393
1788393481.9138246,21.514508000109345
1788393481.9288294,63.75719700008631
1788393481.9706624,19.977570002083667
1788393481.980966,59.485903999302536
1788393481.9835372,25.10409000387881
1788393481.9935906,31.978244995116256
1788393482.005871,42.0007880020421
1788393482.012945,64.87593799829483
1788393482.0330281,23.225500000989996
1788393482.0689027,66.27195001055952
1788393482.0906174,18.55805900413543
1788393482.108895,61.87688400677871
1788393482.1517367,23.055931000271812
1788393482.1910439,19.463140008156188
1788393482.262771,23.360032006166875
1788393482.2911122,24.28236299601849
1788393482.333127,37.08795701095369
1788393482.364927,37.21115901134908
1788393482.4007354,52.03388200607151
1788393482.4612503,91.94203998777084
1788393482.4870453,27.705925996997394
1788393482.4991958,41.3117050047731
1788393482.5035841,42.307558993343264
1788393482.5852454,62.979125999845564
1788393482.59784,31.376819999422878
1788393482.604206,20.631613995647058
1788393482.6183681,18.572387998574413
1788393482.6406689,20.46874699590262
1788393482.688438,18.713609999394976
1788393482.6955252,20.328280006651767
1788393482.700982,60.06808100210037
1788393482.7220292,19.449206010904163
1788393482.7320707,23.04983999056276
1788393482.740596,25.31071899284143
1788393482.7808075,62.335378999705426
1788393482.7851362,18.353666993789375
1788393482.8048322,63.48466099007055
1788393482.826584,24.45718199305702
1788393482.8429177,33.27789100876544
1788393482.84341,32.489053992321715
1788393482.9268873,19.698171003255993
1788393482.940898,73.3328869973775
1788393482.9448788,22.526972999912687
1788393482.9489677,73.86075699469075
1788393482.9556763,21.61758799047675
1788393482.9969137,25.093678996199742
1788393483.0196574,18.14804199966602
1788393483.1173735,63.030758989043534
1788393483.16395,25.52034700056538
1788393483.1731346,19.3311290058773
1788393483.1780033,18.680697001400404
1788393483.1967173,20.84301400464028
1788393483.2538815,23.640965009690262
1788393483.2648525,60.81835400254931
1788393483.266397,22.43292800267227
1788393483.3054273,18.606515994179063
1788393483.3386588,18.599487011670135
1788393483.3448212,59.13987099484075
1788393483.364322,28.24485801102128
1788393483.3767395,28.458790999138728
1788393483.4050348,72.36467300390359
1788393483.4280822,18.066103002638556
1788393483.4329739,61.97654700372368
1788393483.438581,19.909548995201476
1788393483.4523737,20.981298002880067
1788393483.5163164,23.01506299409084
1788393483.5249355,61.967618006747216
1788393483.5449755,63.05892400268931
1788393483.5464904,18.921464987215586
1788393483.5562441,19.722159006050788
1788393483.5787115,25.04181899712421
1788393483.5995376,40.734521986451
1788393483.6194053,24.610145002952777
1788393483.620862,23.302515008253977
1788393483.6210275,68.12934200570453
1788393483.640932,68.18825801019557
1788393483.6846497,22.412697988329455
1788393483.7182076,21.688833003281616
1788393483.76028,19.377944990992546
1788393483.8509624,22.99498999491334
1788393483.8816562,24.537314995541237
1788393483.9119244,31.412058990099467
1788393483.9426403,35.45829099311959
1788393483.9500773,29.082570006721653
1788393483.966668,28.515405996586196
1788393483.9907565,26.306252999347635
1788393483.9992595,29.158486999222077
1788393484.1006413,24.145322997355834
1788393484.1082358,26.835551994736306
1788393484.1174016,28.55698599887546
1788393484.1301134,24.148266995325685
1788393484.1596143,19.56648100167513
1788393484.2050428,61.219538998557255
1788393484.2112458,42.68646899436135
1788393484.2118065,46.184822989744134
1788393484.2368085,49.35647299862467
1788393484.2783887,20.796647993847728
1788393484.285322,71.57844299217686
1788393484.4037938,23.63157199579291
1788393484.4819806,18.461465995642357
1788393484.4901428,19.982761004939675
1788393484.4968927,61.98648001009133
1788393484.5192392,22.049949009669945
1788393484.5428565,20.794950003619306
1788393484.6699777,21.86541100672912
1788393484.6882648,19.70158399490174
1788393484.6922145,18.478913989383727
1788393484.6934245,18.894043008913286
1788393484.7260287,24.154986007488333
1788393484.756968,36.334249991341494
1788393484.7728841,68.20421399606857
1788393484.7940645,32.51500500482507
1788393484.7969224,78.7758020014735
1788393484.820857,63.87189100496471
1788393484.8288138,98.08088600402698
1788393484.8618484,21.884042987949215
1788393484.88495,62.592793998192064
1788393484.9051902,64.00275300256908
1788393484.9087455,21.9295879942365
1788393484.9300463,23.460166004952043
1788393484.990143,22.266814994509332
1788393484.9935422,26.565926003968343
1788393484.9985225,27.978108992101625
1788393485.0078256,22.472693992312998
1788393485.0601532,22.55804999731481
1788393485.0932066,65.89651199465152
1788393485.109645,66.53206500050146
1788393485.2173834,26.13038399431389
1788393485.238159,24.813973999698646
1788393485.240808,26.53869400091935
1788393485.2496102,34.51292200770695
1788393485.2596276,20.357175992103294
1788393485.2973034,73.346274002688
1788393485.3171394,69.12316600210033
1788393485.3250744,62.75719200493768
1788393485.3382735,23.254159998032264
1788393485.3849669,62.3757029970875
1788393485.3967812,19.43459598987829
1788393485.4408824,21.897648010053672
1788393485.4489863,62.085958008538
1788393485.482131,26.81718600797467
1788393485.4891143,30.032752998522483
1788393485.4929845,64.05911500041839
1788393485.493423,24.00294999824837
1788393485.5069585,24.810181988868862
1788393485.5123174,34.35137998894788
1788393485.528951,21.721761004300788
1788393485.5569534,76.7275010002777
1788393485.5624244,18.826028011972085
1788393485.6488311,29.34192499378696
1788393485.6530526,20.0602999975672
1788393485.6689193,18.2034890021896
1788393485.7086112,20.641380004235543
1788393485.736912,61.294390994589776
1788393485.793157,65.10915599938016
1788393485.7942097,19.967448999523185
1788393485.8001492,19.397757001570426
1788393485.8283072,18.09450300061144
1788393485.8388913,19.056122997426428
1788393485.873701,21.891070995479822
1788393485.9383323,28.685041004791856
1788393485.9560177,29.332179998164065
1788393485.980843,72.44073301262688
1788393486.0105014,18.15767100197263
1788393486.024817,60.02700900717173
1788393486.1020458,18.694694008445367
1788393486.2617388,22.440781991463155
1788393486.2688222,31.621262009139173
1788393486.273569,28.89962599147111
1788393486.2906005,19.076764001511037
1788393486.336346,20.755738005391322
1788393486.3561616,18.073836006806232
1788393486.393896,24.32212700659875
1788393486.412239,30.483151000225917
1788393486.449064,72.0689009904163
1788393486.4769642,67.71864999609534
1788393486.480638,23.608343995874748
1788393486.4930673,19.145608006510884
1788393486.5943282,58.432357996935025
1788393486.6067305,54.338096000719815
1788393486.638976,19.83155999914743
1788393486.661063,22.07012900908012
1788393486.6810207,60.08082799962722
1788393486.7263658,33.411229989724234
1788393486.8009083,60.00511300226208
1788393486.8046873,19.730058003915474
1788393486.868039,22.77941899956204
1788393486.8736508,17.738727998221293
1788393486.882544,18.806024992954917
1788393486.8851643,27.815898996777833
1788393486.9572694,17.774049993022345
1788393486.9776347,18.34267799858935
1788393487.0168185,21.031828990089707
1788393487.032963,21.441000993945636
1788393487.049347,33.97712900186889
1788393487.0889268,63.730558002134785
1788393487.1248286,58.5900179867167
1788393487.137235,21.456221991684288
1788393487.2423944,27.845693010021932
1788393487.2438648,23.68848900368903
1788393487.258124,34.028741996735334
1788393487.2801516,18.852907000109553
1788393487.2954261,30.101829004706815
1788393487.305836,31.87781901215203
1788393487.3249772,61.83275299554225
1788393487.4050276,61.13451199780684
1788393487.4283125,26.691816994571127
1788393487.467315,21.424923004815355
1788393487.4782677,18.197401004727
1788393487.526054,18.807251006364822
1788393487.545124,19.05235899903346
1788393487.560825,59.463883997523226
1788393487.5746512,19.654895004350692
1788393487.6265163,22.7489610115299
1788393487.6299393,18.950375000713393
1788393487.7295284,22.589289001189172
1788393487.7342582,18.43641600862611
1788393487.7852488,18.103078997228295
1788393487.8003225,20.114622995606624
1788393487.8177366,20.12000500690192
1788393487.8573923,21.11021798918955
1788393487.9432766,18.356107000727206
1788393488.0174344,23.79876900522504
1788393488.0296216,18.36896999157034
1788393488.0610232,22.89556700270623
1788393488.1181862,21.4067570050247
1788393488.1267567,17.820850989664905
1788393488.1521275,18.72362699941732
1788393488.2172768,69.80011699488387
1788393488.2285252,19.788915989920497
1788393488.237222,65.20020400057547
1788393488.2545354,19.502209004713222
1788393488.3052125,60.75778898957651
1788393488.3305922,18.763965999823995
1788393488.333097,62.24111400661059
1788393488.3362098,19.31185499415733
1788393488.3736055,21.056885991129093
1788393488.399392,20.200799001031555
1788393488.4102204,21.372153991251253
1788393488.421899,20.132263001869433
1788393488.4384234,33.07303100882564
1788393488.4629936,19.885404995875433
1788393488.4650471,64.11825800023507
1788393488.500841,60.28439100191463
1788393488.5089164,21.26187201065477
1788393488.543312,18.08190300653223
1788393488.560097,20.160205007414334
1788393488.5714881,21.56590200320352
1788393488.5848699,58.88077701092698
1788393488.6387002,17.721669995808043
1788393488.7372496,19.811414007563144
1788393488.7385278,18.232594011351466
1788393488.7777438,18.039429996861145
1788393488.8676033,27.579996996792033
1788393488.872578,24.558767006965354
1788393488.8804255,21.31747399107553
1788393488.8878727,25.026734001585282
1788393488.8988378,24.58281700091902
1788393488.9526405,29.88950800499879
1788393488.9569516,63.05188999976963
1788393488.9629445,27.61486500094179
1788393488.9666958,20.240203011780977
1788393488.9836934,20.298216011724435
1788393488.9855373,20.296276998124085
1788393489.0500946,18.4712529880926
1788393489.0690703,18.623166004545055
1788393489.092119,21.0451640014071
1788393489.118742,28.335263006738387
1788393489.13296,68.35987599333748
1788393489.1552672,18.26347000314854
1788393489.2192209,23.122274011257105
1788393489.2250633,61.20399599603843
1788393489.2423706,26.019604003522545
1788393489.249222,21.879745996557176
1788393489.3247242,27.584979994571768
1788393489.3270369,23.640952000278048
1788393489.3859904,30.451876009465195
1788393489.387812,26.532560004852712
1788393489.3922186,24.248562011052854
1788393489.4700823,68.41621999046765
1788393489.4888027,20.242912010871805
1788393489.4986453,18.364388000918552
1788393489.6018045,20.689793993369676
1788393489.60748,32.29166098753922
1788393489.61302,20.73870498861652
1788393489.619741,27.174572009244002
1788393489.6812947,18.819222997990437
1788393489.6970053,61.84921201202087
1788393489.7050982,19.21849300561007
1788393489.742395,19.887754999217577
1788393489.780971,63.54007600748446
1788393489.8600776,19.208049998269416
1788393489.8785636,17.649878005613573
1788393489.9157417,18.28763801313471
1788393489.9448297,58.57749799906742
1788393489.9850173,67.50103300146293
1788393490.0613556,21.24958399508614
1788393490.0770416,17.96326799376402
1788393490.1318996,19.126065002637915
1788393490.137772,18.444399000145495
1788393490.1505663,41.61208099685609
1788393490.151281,40.23336600221228
1788393490.158474,26.38005001062993
1788393490.20543,18.9295190066332
1788393490.216956,65.37256699812133
1788393490.2170887,63.654468991444446
1788393490.244804,62.0052209997084
1788393490.284948,60.2581220009597
1788393490.3131936,66.40764900657814
1788393490.3599591,28.834971992182545
1788393490.3755515,20.15149701037444
1788393490.4258325,19.911299998057075
1788393490.5136087,20.944351999787614
1788393490.526573,18.086780997691676
1788393490.5888083,20.059750007931143
1788393490.6320992,18.606914003612474
1788393490.6352782,17.983874000492506
1788393490.6494784,18.468094000127167
1788393490.6650193,20.34965700295288
1788393490.6932447,18.59989199147094
1788393490.9420455,27.109843998914585
1788393490.9426782,21.7790890019387
1788393490.9592855,19.0785550075816
1788393490.9893749,22.57516399549786
1788393491.02917,63.992773997597396
1788393491.0568104,63.8013569987379
1788393491.0647702,59.927790993242525
1788393491.0738294,19.094279006822035
1788393491.077225,19.43279900297057
1788393491.1088755,60.887594998348504
1788393491.133067,65.02818899753038
1788393491.1485136,18.35601800121367
1788393491.1650693,62.78702001145575
1788393491.1652632,62.02873299480416
1788393491.1673741,22.15903998876456
1788393491.1822157,20.489734000875615
1788393491.236227,33.222106998437084
1788393491.2438774,32.702294003684074
1788393491.2560632,23.74443699955009
1788393491.264902,74.81032500800211
1788393491.2650778,73.69839599414263
1788393491.2707644,21.69817700632848
1788393491.3488774,66.84759599738754
1788393491.3646836,17.7906669996446
1788393491.4202917,18.929269994259812
1788393491.4249952,59.90546400425956
1788393491.5222108,21.139101998414844
1788393491.5226705,27.771429013228044
1788393491.609196,28.390466992277652
1788393491.6266778,22.81683600449469
1788393491.6349838,18.979173997649923
1788393491.6786885,18.74255899747368
1788393491.7342522,18.80140400317032
1788393491.7350776,18.48069998959545
1788393491.7988293,18.696277009439655
1788393491.809016,62.464104004902765
1788393491.833646,20.42488601000514
1788393491.8729239,61.758897005347535
1788393491.8752391,18.7001050071558
1788393491.8997962,21.139306991244666
1788393491.9242182,20.3782600001432
1788393491.9248848,22.36651800922118
1788393491.9289222,61.54377899656538
1788393491.9389036,26.577188007649966
1788393492.012227,20.069351987331174
1788393492.0128436,62.75069300318137
1788393492.1182375,24.783594999462366
1788393492.1674483,21.632082003634423
1788393492.229013,20.412201003637165
1788393492.2420242,18.74551900255028
1788393492.2489483,58.24124200444203
1788393492.2551055,18.88596201024484
1788393492.3638508,76.45880999916699
1788393492.4258482,79.77874699281529
1788393492.445181,72.80290800554212
1788393492.4458883,93.5037119925255
1788393492.4823725,77.19838900084142
1788393492.5041096,83.04875399335288
1788393492.50529,117.77027699281462
1788393492.517683,122.24656400212552
1788393492.5393035,89.6417640033178
1788393492.5560594,119.85995100985747
1788393492.573286,72.1025759994518
1788393492.5853517,123.31348699808586
1788393492.5882587,119.45912500959821
1788393492.5892894,115.69306399906054
1788393492.6301274,133.4134930075379
1788393492.6543858,33.85427700413857
1788393492.6689298,139.8406030057231
1788393492.670555,30.956841990700923
1788393492.6809626,88.69392600900028
1788393492.7050955,105.19009100971743
1788393492.725112,23.407695000059903
1788393492.740853,69.77695699606556
1788393492.7528088,77.07560001290403
1788393492.758789,19.654895004350692
1788393492.833891,37.241457001073286
1788393492.8409028,30.448489007540047
1788393492.9172835,63.21644299896434
1788393492.992422,44.6859859948745
1788393492.9929914,47.114604007219896
1788393492.9989898,41.6675220039906
1788393493.0162687,45.057915995130315
1788393493.0316634,63.42774300719611
1788393493.0367215,48.99689600279089
1788393493.0535488,28.847107008914463
1788393493.076943,64.5624409953598
1788393493.0848386,64.28423999750521
1788393493.1338425,19.011918004252948
1788393493.1473453,18.45749698986765
1788393493.1870754,22.173247998580337
1788393493.190776,20.39109100587666
1788393493.2095659,21.69430498906877
1788393493.2280092,24.643954006023705
1788393493.2298903,23.445240993169136
1788393493.2756279,20.558921998599544
1788393493.319634,18.920161994174123
1788393493.4760952,22.96053498866968
1788393493.56506,23.76378899498377
1788393493.5765972,37.976325998897664
1788393493.5827966,38.450398002169095
1788393493.5981643,25.682681007310748
1788393493.6133463,29.853562999051064
1788393493.627249,18.684474998735823
1788393493.6891162,61.85211200499907
1788393493.7430475,18.70991601026617
1788393493.845526,71.49835099698976
1788393493.9036014,30.812533004791476
1788393493.9696252,19.37057400937192
1788393493.9969885,63.41977199190296
1788393494.0067878,32.86687900254037
1788393494.0149736,35.48547900572885
1788393494.0210745,37.42329598753713
1788393494.032941,34.12480499537196
1788393494.1041923,19.366098000318743
1788393494.1123354,20.012851993669756
1788393494.1867914,22.731849006959237
1788393494.2516127,19.697794996318407
1788393494.3117378,18.107673997292295
1788393494.3170605,61.08318599581253
1788393494.4412718,33.30824599834159
1788393494.44755,28.175243001896888
1788393494.4526846,20.96738100226503
1788393494.462969,27.31681099976413
1788393494.4842093,20.366564000141807
1788393494.517011,63.69318200449925
1788393494.5236647,22.38683300674893
1788393494.5555332,20.455817008041777
1788393494.588785,60.50261000928003
1788393494.6272135,60.83018600475043
1788393494.6523955,27.11173999705352
1788393494.65914,25.93771999818273
1788393494.6867328,46.90439600381069
1788393494.6939905,38.610795003478415
1788393494.6971774,69.20803998946212
1788393494.6984167,27.188282998395152
1788393494.7193727,23.15358199120965
1788393494.7368515,70.31701899541076
1788393494.7607863,21.29622000211384
1788393494.7768407,65.60617798822932
1788393494.7929115,64.2559620027896
1788393494.8436108,24.770346004515886
1788393494.86512,18.619030000991188
1788393494.8713555,20.633430001907982
1788393494.8869164,19.665072002680972
1788393494.919699,18.64449100685306
1788393494.9328258,61.45519600249827
1788393494.959405,20.372279002913274
1788393494.9609137,60.867706008139066
1788393495.0024314,23.5106690088287
1788393495.0230663,20.434584992472082
1788393495.0529761,19.11035399825778
1788393495.0847936,18.90329500020016
1788393495.1085234,18.864597004721873
1788393495.1691842,59.79078800010029
1788393495.1939707,20.355746004497632
1788393495.2732642,28.66273300605826
1788393495.2887096,18.16446900193114
1788393495.315938,18.391915000393055
1788393495.3262193,18.723317989497446
1788393495.346804,22.525970998685807
1788393495.3913321,30.407623999053612
1788393495.4151454,25.325505004730076
1788393495.422897,74.88221500534564
1788393495.4385362,19.121842007734813
1788393495.5017283,19.865918991854414
1788393495.7279265,25.579847002518363
1788393495.7595923,19.57873899664264
1788393495.7953432,21.294000995112583
1788393495.7987552,21.353828997234814
1788393495.8188424,64.74754399096128
1788393495.821272,17.25955499568954
1788393495.843099,63.87476599775255
1788393495.905886,33.63931599596981
1788393495.9146013,28.265692992135882
1788393495.9559531,19.220037997001782
1788393495.978822,62.17093700252008
1788393496.0042696,18.983308007591404
1788393496.017508,18.464330001734197
1788393496.0546515,19.14939100970514
1788393496.0628264,61.30828900495544
1788393496.066009,18.80173699464649
1788393496.1068535,62.689779995707795
1788393496.1354637,65.12544400175102
1788393496.153162,18.8722000020789
1788393496.1648018,19.0148770052474
1788393496.2066948,65.14769500063267
1788393496.22593,20.598490998963825
1788393496.2321682,19.65854299487546
1788393496.2585056,19.219203997636214
1788393496.2587616,62.294568997458555
1788393496.2753716,25.47979200608097
1788393496.2838936,24.829814996337518
1788393496.2908683,24.37049501168076
1788393496.3037255,30.629022992798127
1788393496.3148818,63.039595988811925
1788393496.3447025,24.936535002780147
1788393496.350848,65.68441000126768
1788393496.363596,22.418265987653285
1788393496.3789492,60.59325901151169
1788393496.3966968,20.266581006580964
1788393496.414845,62.25443599396385
1788393496.4239945,19.940408994443715
1788393496.446722,66.94950100791175
1788393496.4504786,18.167460002587177
1788393496.4622848,20.138956999289803
1788393496.4627786,19.24429500650149
1788393496.5211322,20.703187998151407
1788393496.5468605,62.29791100486182
1788393496.5760067,18.90442600415554
1788393496.610909,61.22914800653234
1788393496.62692,20.575754999299534
1788393496.6790893,66.97429199994076
1788393496.6829264,64.90131698956247
1788393496.6910107,60.651918000075966
1788393496.7413795,20.080842994502746
1788393496.7552016,23.401881000609137
1788393496.7569528,20.944085001247004
1788393496.7789166,61.51660600153264
1788393496.8432953,29.894052000599913
1788393496.8454432,26.668892998714
1788393496.8961215,23.17740699800197
1788393496.9008381,19.978342010290362
1788393496.9119043,23.447665007552132
1788393496.9189482,19.364249004865997
1788393496.9832387,19.28444100485649
1788393497.0030766,58.99114599742461
1788393497.00519,23.178453993750736
1788393497.033024,42.71189401333686
1788393497.0613315,29.844360004062764
1788393497.0708358,82.03067199792713
1788393497.0751734,24.65856399794575
1788393497.0949745,71.29560899920762
1788393497.1004677,19.986668005003594
1788393497.1068509,72.88761300151236
1788393497.136163,21.00508000876289
1788393497.1709983,62.41055199643597
1788393497.1890764,22.08401200186927
1788393497.2599907,22.034699009964243
1788393497.2622924,20.331378997070715
1788393497.2667148,21.57875600096304
1788393497.2708344,63.45289399905596
1788393497.2815223,33.00793201196939
1788393497.2854846,35.429102994385175
1788393497.3428652,80.24183601082768
1788393497.3482876,21.91226500144694
1788393497.350983,63.27973699080758
1788393497.3715382,21.842841000761837
1788393497.3747938,62.239450999186374
1788393497.41299,21.026378992246464
1788393497.4228516,61.91247300012037
1788393497.4428399,62.30961499386467
1788393497.580406,23.211599997011945
1788393497.658934,61.666526991757564
1788393497.666764,34.55970899085514
1788393497.6776521,41.015127004357055
1788393497.6916862,52.36981299822219
1788393497.7327952,18.14841500890907
1788393497.750779,62.242415006039664
1788393497.7989888,60.098957997979596
1788393497.8153937,18.52869600406848
1788393497.8187616,64.47204999858513
1788393497.8247218,18.715755999437533
1788393497.8712027,25.020453991601244
1788393497.8788857,24.262471997644752
1788393497.8948233,62.17966400436126
1788393497.9068253,66.59909299924038
1788393497.9917927,18.71652800764423
1788393498.0291843,22.303493999061175
1788393498.043713,21.866686991415918
1788393498.0667918,61.64740500389598
1788393498.1513388,60.555495001608506
1788393498.169823,25.22176899947226
1788393498.1723936,23.074366006767377
1788393498.1788375,22.670295991702005
1788393498.2591467,60.23412001377437
1788393498.2662003,22.62220399279613
1788393498.2980838,18.76670199271757
1788393498.3125541,29.419070997391827
1788393498.3388646,63.24142299126834
1788393498.3468153,20.076968998182565
1788393498.3612006,20.27457399526611
1788393498.379113,60.589347005588934
1788393498.4188683,68.80501699924935
1788393498.4554534,19.43837398721371
1788393498.463218,61.55471000238322
1788393498.5096622,18.53643500362523
1788393498.5152838,18.343328993069008
1788393498.5268593,19.58545998786576
1788393498.5484629,18.264785991050303
1788393498.5572538,19.874769990565255
1788393498.5768642,22.553485992830247
1788393498.5981114,20.728260002215393
1788393498.5987673,65.86086199968122
1788393498.6136014,22.682349997921847
1788393498.6269052,62.614979993668385
1788393498.6708467,67.44939301279373
1788393498.6765413,18.52081900869962
1788393498.6796672,18.182593004894443
1788393498.6992395,21.16890999604948
1788393498.7230022,21.19769700220786
1788393498.7621872,18.174903001636267
1788393498.778888,65.94290499924682
1788393498.7929747,20.136655002715997
1788393498.821625,24.82443899498321
1788393498.837019,24.88543000072241
1788393498.8391705,64.43511000543367
1788393498.8474913,65.32602799416054
1788393498.8593814,23.691589987720363
1788393498.8788872,41.85100499307737
1788393498.8801928,41.943882999476045
1788393498.88189,38.11198299808893
1788393498.903321,46.22738799662329
1788393498.9038503,63.68124400614761
1788393498.9053345,39.482428997871466
1788393498.9302568,28.57768199464772
1788393498.930774,84.24608700443059
1788393498.9910753,75.81555700744502
1788393498.9990606,82.38079398870468
1788393499.0430002,69.6900550101418
1788393499.0444348,67.19175798934884
1788393499.0702498,51.160340997739695
1788393499.0823927,49.05216800398193
1788393499.0979738,54.944269999396056
1788393499.118582,22.270943998591974
1788393499.1268654,114.15795399807394
1788393499.140989,24.970607992145233
1788393499.155615,24.571389993070625
1788393499.1628485,64.83188099809922
1788393499.181664,22.514191005029716
1788393499.218862,69.54616899020039
1788393499.2442067,24.331268010428175
1788393499.258986,64.14287400548346
1788393499.3269782,62.70884399418719
1788393499.3471663,23.045467998599634
1788393499.3477194,66.83683200390078
1788393499.3650877,19.13883100496605
1788393499.402384,19.816460000583902
1788393499.4147375,60.66377200477291
1788393499.4269547,19.1107889986597
1788393499.4771736,20.822244012379088
1788393499.50767,21.68427500873804
1788393499.5656493,34.75839999737218
1788393499.5711358,34.08260601281654
1788393499.5790105,71.05692799086682
1788393499.6067364,34.87878599844407
1788393499.6295066,24.543141000322066
1788393499.6324198,21.83856299961917
1788393499.6467814,80.87158999114763
1788393499.734934,62.28729500435293
1788393499.7478688,23.022274996037595
1788393499.7889352,19.17691799462773
1788393499.8189785,20.893305001663975
1788393499.8382201,21.915431003435515
1788393499.8393855,21.909595001488924
1788393499.8583844,25.21625900408253
1788393499.8588817,58.96395900344942
1788393499.8791733,23.263123002834618
1788393499.9389248,66.20579899754375
1788393499.9390774,65.14009299280588
1788393499.9708686,63.3346749964403
1788393499.9991992,18.012257001828402
1788393500.0183353,18.328029997064732
1788393500.036857,19.788343997788616
1788393500.0391865,62.22345399146434
1788393500.2224972,25.938318998669274
1788393500.2288356,18.1786489993101
1788393500.304005,21.345047003705986
1788393500.365892,27.093504002550617
1788393500.3678467,20.915882996632718
1788393500.4173787,18.635383996297605
1788393500.420692,19.22996599751059
1788393500.4387224,59.42432300071232
1788393500.454992,18.91958799387794
1788393500.480582,20.792704992345534
1788393500.5005267,21.175105997826904
1788393500.5035708,22.273381997365505
1788393500.517394,24.57557299931068
1788393500.5268037,63.911075005307794
1788393500.5446627,20.145857997704297
1788393500.5748625,67.68093600112479
1788393500.5911996,18.681864996324293
1788393500.6378329,19.400024000788108
1788393500.670905,64.9371780018555
1788393500.6903598,21.26657299231738
1788393500.7059023,22.447411000030115
1788393500.73068,20.216991993947886
1788393500.7722204,19.38201699522324
1788393500.775911,19.80104199901689
1788393500.7908893,61.48002600821201
1788393500.7931402,22.175143007189035
1788393500.796918,22.528540997882374
1788393500.891541,29.40425500855781
1788393500.8926632,27.602892005234025
1788393500.956391,19.08699500199873
1788393500.9756858,20.526989988866262
1788393500.981799,22.77848399535287
1788393501.0252998,19.010649004485458
1788393501.0389814,70.66142099210992
1788393501.054935,64.97294899600092
1788393501.069957,18.199690006440505
1788393501.0925574,20.27539600385353
1788393501.135573,19.326114997966215
1788393501.147023,59.91798201284837
1788393501.1815038,19.8047850135481
1788393501.1879463,19.26853699842468
1788393501.1948762,20.685851995949633
1788393501.2049649,20.0061840005219
1788393501.2754855,19.722026991075836
1788393501.28734,19.218789995647967
1788393501.3292584,19.006529008038342
1788393501.3593552,60.64103999233339
1788393501.3811789,20.756084995809942
1788393501.4041107,25.61026999319438
1788393501.4254544,19.31019499897957
1788393501.4885957,22.24994900461752
1788393501.5420609,19.674570998176932
1788393501.5667987,18.429485004162416
1788393501.5881596,23.04840600118041
1788393501.6461964,21.90576499560848
1788393501.7269673,21.286139002768323
1788393501.7322502,21.073536001495086
1788393501.7392664,21.461539989104494
1788393501.7428365,62.24497100629378
1788393501.7463112,22.21295800700318
1788393501.8291662,30.346678002388217
1788393501.8913653,19.90891400782857
1788393501.891745,18.05448200320825
1788393501.9004097,18.022470001596957
1788393501.960126,18.332834006287158
1788393501.9768178,19.858100000419654
1788393501.9822876,20.58054000372067
1788393502.0098345,19.54535699042026
1788393502.0228333,61.88151599781122
1788393502.0749857,63.44380299560726
1788393502.1255474,19.301918990095146
1788393502.1294847,19.46148299612105
1788393502.1354475,59.61982998996973
1788393502.1657817,29.389870003797114
1788393502.1738153,27.707756002200767
